time,2020-07-15 00:00:00,2020-07-15 00:00:00,2020-07-15 00:00:00,2020-07-15 00:00:00,2020-07-15 01:00:00,2020-07-15 01:00:00,2020-07-15 01:00:00,2020-07-15 01:00:00,2020-07-15 02:00:00,2020-07-15 02:00:00,2020-07-15 02:00:00,2020-07-15 02:00:00,2020-07-15 03:00:00,2020-07-15 03:00:00,2020-07-15 03:00:00,2020-07-15 03:00:00,2020-07-15 04:00:00,2020-07-15 04:00:00,2020-07-15 04:00:00,2020-07-15 04:00:00,2020-07-15 05:00:00,2020-07-15 05:00:00,2020-07-15 05:00:00,2020-07-15 05:00:00,2020-07-15 06:00:00,2020-07-15 06:00:00,2020-07-15 06:00:00,2020-07-15 06:00:00,2020-07-15 07:00:00,2020-07-15 07:00:00,2020-07-15 07:00:00,2020-07-15 07:00:00,2020-07-15 08:00:00,2020-07-15 08:00:00,2020-07-15 08:00:00,2020-07-15 08:00:00,2020-07-15 09:00:00,2020-07-15 09:00:00,2020-07-15 09:00:00,2020-07-15 09:00:00,2020-07-15 10:00:00,2020-07-15 10:00:00,2020-07-15 10:00:00,2020-07-15 10:00:00,2020-07-15 11:00:00,2020-07-15 11:00:00,2020-07-15 11:00:00,2020-07-15 11:00:00,2020-07-15 12:00:00,2020-07-15 12:00:00,2020-07-15 12:00:00,2020-07-15 12:00:00,2020-07-15 13:00:00,2020-07-15 13:00:00,2020-07-15 13:00:00,2020-07-15 13:00:00,2020-07-15 14:00:00,2020-07-15 14:00:00,2020-07-15 14:00:00,2020-07-15 14:00:00,2020-07-15 15:00:00,2020-07-15 15:00:00,2020-07-15 15:00:00,2020-07-15 15:00:00,2020-07-15 16:00:00,2020-07-15 16:00:00,2020-07-15 16:00:00,2020-07-15 16:00:00,2020-07-15 17:00:00,2020-07-15 17:00:00,2020-07-15 17:00:00,2020-07-15 17:00:00,2020-07-15 18:00:00,2020-07-15 18:00:00,2020-07-15 18:00:00,2020-07-15 18:00:00,2020-07-15 19:00:00,2020-07-15 19:00:00,2020-07-15 19:00:00,2020-07-15 19:00:00,2020-07-15 20:00:00,2020-07-15 20:00:00,2020-07-15 20:00:00,2020-07-15 20:00:00,2020-07-15 21:00:00,2020-07-15 21:00:00,2020-07-15 21:00:00,2020-07-15 21:00:00,2020-07-15 22:00:00,2020-07-15 22:00:00,2020-07-15 22:00:00,2020-07-15 22:00:00,2020-07-15 23:00:00,2020-07-15 23:00:00,2020-07-15 23:00:00,2020-07-15 23:00:00,2020-07-16 00:00:00,2020-07-16 00:00:00,2020-07-16 00:00:00,2020-07-16 00:00:00,2020-07-16 02:00:00,2020-07-16 02:00:00,2020-07-16 02:00:00,2020-07-16 02:00:00,2020-07-16 04:00:00,2020-07-16 04:00:00,2020-07-16 04:00:00,2020-07-16 04:00:00,2020-07-16 06:00:00,2020-07-16 06:00:00,2020-07-16 06:00:00,2020-07-16 06:00:00,2020-07-16 08:00:00,2020-07-16 08:00:00,2020-07-16 08:00:00,2020-07-16 08:00:00,2020-07-16 10:00:00,2020-07-16 10:00:00,2020-07-16 10:00:00,2020-07-16 10:00:00,2020-07-16 12:00:00,2020-07-16 12:00:00,2020-07-16 12:00:00,2020-07-16 12:00:00,2020-07-16 14:00:00,2020-07-16 14:00:00,2020-07-16 14:00:00,2020-07-16 14:00:00,2020-07-16 16:00:00,2020-07-16 16:00:00,2020-07-16 16:00:00,2020-07-16 16:00:00,2020-07-16 18:00:00,2020-07-16 18:00:00,2020-07-16 18:00:00,2020-07-16 18:00:00,2020-07-16 20:00:00,2020-07-16 20:00:00,2020-07-16 20:00:00,2020-07-16 20:00:00,2020-07-16 22:00:00,2020-07-16 22:00:00,2020-07-16 22:00:00,2020-07-16 22:00:00
k,0,1,2,3,0,1,2,3,0,1,2,3,0,1,2,3,0,1,2,3,0,1,2,3,0,1,2,3,0,1,2,3,0,1,2,3,0,1,2,3,0,1,2,3,0,1,2,3,0,1,2,3,0,1,2,3,0,1,2,3,0,1,2,3,0,1,2,3,0,1,2,3,0,1,2,3,0,1,2,3,0,1,2,3,0,1,2,3,0,1,2,3,0,1,2,3,0,1,2,3,0,1,2,3,0,1,2,3,0,1,2,3,0,1,2,3,0,1,2,3,0,1,2,3,0,1,2,3,0,1,2,3,0,1,2,3,0,1,2,3,0,1,2,3
101_CT_1,0.0,0.0,0.0,0.0,0.0,0.0,0.0,0.0,0.0,0.0,0.0,0.0,0.0,0.0,0.0,0.0,0.0,0.0,0.0,0.0,0.0,0.0,0.0,0.0,0.0,0.0,0.0,0.0,0.0,0.0,0.0,0.0,0.0,0.0,0.0,0.0,0.0,0.0,0.0,0.0,0.0,0.0,0.0,0.0,0.0,0.0,0.0,0.0,0.0,0.0,0.0,0.0,0.0,0.0,0.0,0.0,0.0,0.0,0.0,0.0,0.0,0.0,0.0,0.0,0.0,0.0,0.0,0.0,0.0,0.0,0.0,0.0,0.0,0.0,0.0,0.0,0.0,0.0,0.0,0.0,0.0,0.0,0.0,0.0,0.0,0.0,0.0,0.0,0.0,0.0,0.0,0.0,0.0,0.0,0.0,0.0,0.0,0.0,0.0,0.0,0.0,0.0,0.0,0.0,0.0,0.0,0.0,0.0,0.0,0.0,0.0,0.0,0.0,0.0,0.0,0.0,0.0,0.0,0.0,0.0,0.0,0.0,0.0,0.0,0.0,0.0,0.0,0.0,0.0,0.0,0.0,0.0,0.0,0.0,0.0,0.0,0.0,0.0,0.0,0.0,0.0,0.0,0.0,0.0
101_CT_2,0.0,0.0,0.0,0.0,0.0,0.0,0.0,0.0,0.0,0.0,0.0,0.0,0.0,0.0,0.0,0.0,0.0,0.0,0.0,0.0,0.0,0.0,0.0,0.0,0.0,0.0,0.0,0.0,0.0,0.0,0.0,0.0,0.0,0.0,0.0,0.0,0.0,0.0,0.0,0.0,0.0,0.0,0.0,0.0,0.0,0.0,0.0,0.0,0.0,0.0,0.0,0.0,0.0,0.0,0.0,0.0,0.0,0.0,0.0,0.0,0.0,0.0,0.0,0.0,0.0,0.0,0.0,0.0,0.0,0.0,0.0,0.0,0.0,0.0,0.0,0.0,0.0,0.0,0.0,0.0,0.0,0.0,0.0,0.0,0.0,0.0,0.0,0.0,0.0,0.0,0.0,0.0,0.0,0.0,0.0,0.0,0.0,0.0,0.0,0.0,0.0,0.0,0.0,0.0,0.0,0.0,0.0,0.0,0.0,0.0,0.0,0.0,0.0,0.0,0.0,0.0,0.0,0.0,0.0,0.0,0.0,0.0,0.0,0.0,0.0,0.0,0.0,0.0,0.0,0.0,0.0,0.0,0.0,0.0,0.0,0.0,0.0,0.0,0.0,0.0,0.0,0.0,0.0,0.0
101_STEAM_3,-0.01145705989934375,-0.011435926467385126,-0.011502028075482604,-0.011442929451337807,-0.0006152027180734975,-0.0006116747793520522,-0.0006295083125228075,-0.0006117367116656314,2.0401908643687224e-07,3.6718471952178627e-07,-7.705394047033347e-06,-8.5414863282536e-07,-2.548018303372792e-05,-2.3403728058226086e-05,-6.721323039858971e-05,-2.7084743053842787e-05,-0.0004230648005625207,-0.0004048661770649307,-0.0006515578178180564,-0.00042922369553787876,-0.001484525414250138,-0.0014017591558186538,-0.002617174275006611,-0.0014796338007360234,-0.018215396786208045,-0.018260193528444282,-0.01811693932499281,-0.018234523190196486,-0.0006320482278396496,-0.0004980092073072449,-0.0016465035115843124,-0.000640229513589727,-0.011683274603174712,-0.011672295839028776,-0.011639019156861719,-0.011689341054926517,-0.05208201525995441,-0.052032910292724374,-0.05201875401171428,-0.05210885910211556,-0.026117080675243133,-0.026110793977491942,-0.02616940061138015,-0.026164178410443596,-0.04700790929079671,-0.04860857076821751,-0.04204381193535042,-0.04539174002062815,-0.0397202432983019,-0.03964663994029219,-0.0395485821001251,-0.03976381279973371,-0.06011399321476097,-0.05819020232329014,-0.07461475690956205,-0.059969882955143196,-0.05356460455581787,-0.053557344163785006,-0.053537298146285606,-0.05358515973417274,-0.034790198262501626,-0.03480450899953137,-0.03471408025752698,-0.034787560589628806,-0.033884233760130944,-0.033906172339574464,-0.03394598890191436,-0.03392500380654107,-0.03096250341994458,-0.030947287348655178,-0.03119733123612721,-0.031012662250625676,-0.02648690412904614,-0.026493833867166784,-0.026829212796270152,-0.02656216239697398,-0.025549049899815574,-0.02557681427703625,-0.02545822206269016,-0.025559149825767763,-0.022242128539865624,-0.022268446059176526,-0.022089598799593477,-0.022254278651078273,-0.018974612044015335,-0.018873091832893703,-0.01883378801683073,-0.018876652066790667,-0.02247971924664857,-0.022094320126721714,-0.022153633812366055,-0.02209929857760084,-0.014531661759680969,-0.014502767613552828,-0.014488887083335346,-0.014514721402901758,0.0,0.0,0.0,0.0,0.0,0.0,0.0,0.0,0.0,0.0,0.0,0.0,0.0,0.0,0.0,0.0,0.0,0.0,0.0,0.0,0.0,0.0,0.0,0.0,0.0,0.0,0.0,0.0,0.0,0.0,0.0,0.0,0.0,0.0,0.0,0.0,0.0,0.0,0.0,0.0,0.0,0.0,0.0,0.0,0.0,0.0,0.0,0.0
101_STEAM_4,-0.0011856542958364185,-0.001173168553528978,-0.0012590919827433341,-0.0011643419209519915,-0.0005763181359390313,-0.0005845655493487517,-0.000746414430614246,-0.0005575535188939257,-1.2508952907248654e-07,6.37378236420255e-07,-8.458126528000716e-06,-1.1037660466950502e-07,-2.3457363857495558e-05,-2.1716919718741887e-05,-6.630500547905171e-05,-2.5538199748308394e-05,-0.00197356851628213,-0.0019800919985490774,-0.0018718147008151419,-0.0019690696812454706,-0.009999869835693901,-0.010004144180719569,-0.009938872159252671,-0.009998336872158127,-0.0004450514256421484,-0.0003800007468273345,-0.001080026285837865,-0.0004713872233585391,-0.03713044301017462,-0.0371495597110256,-0.036976770782845336,-0.037138818463302976,-0.05349914330925139,-0.05350228042600426,-0.05343853549204369,-0.053495076241768955,-0.007750308428747733,-0.007138583905754656,-0.012774810179905432,-0.007747942620113237,-0.0501189354108699,-0.04996082153909839,-0.050280684520987384,-0.05016141070277009,-0.038712349328405976,-0.040026611894577596,-0.034669789154089775,-0.03739906919570265,-0.05290443573146907,-0.052830231255797694,-0.05289785697914268,-0.052966464029328496,-0.055722281436379244,-0.04751504556485059,-0.05403835678147183,-0.05467340042697099,-0.05358125859194636,-0.05356812589703236,-0.05347617445824637,-0.053619471220999776,-0.03477440418327004,-0.03479529358389556,-0.034730328585331705,-0.03479248880074072,-0.03392524500225541,-0.03396332817781211,-0.03360456369451553,-0.03400712425258566,-0.030366116924517746,-0.030368619503152745,-0.030701082796018107,-0.030457752179141838,-0.025007457498425506,-0.025020796328513027,-0.025411098182033798,-0.025070052565099754,-0.018596561746057894,-0.01861430644456243,-0.018581300041986437,-0.01862012467768539,-0.01127647495809049,-0.011217281599439098,-0.011610985210176124,-0.011303972447608146,-0.019765323801333515,-0.01964152094990979,-0.01962421817166054,-0.019654127024590257,-5.3504073077363965e-05,-3.2162608408531564e-05,-0.0001575690950434014,-3.961589941667242e-05,-0.00010654077927353946,-3.8957243668353236e-05,-0.00014113478579208427,-3.950389626107508e-05,0.0,0.0,0.0,0.0,0.0,0.0,0.0,0.0,0.0,0.0,0.0,0.0,0.0,0.0,0.0,0.0,0.0,0.0,0.0,0.0,0.0,0.0,0.0,0.0,0.0,0.0,0.0,0.0,0.0,0.0,0.0,0.0,0.0,0.0,0.0,0.0,0.0,0.0,0.0,0.0,0.0,0.0,0.0,0.0,0.0,0.0,0.0,0.0
102_CT_1,0.0,0.0,0.0,0.0,0.0,0.0,0.0,0.0,0.0,0.0,0.0,0.0,0.0,0.0,0.0,0.0,0.0,0.0,0.0,0.0,0.0,0.0,0.0,0.0,0.0,0.0,0.0,0.0,0.0,0.0,0.0,0.0,0.0,0.0,0.0,0.0,0.0,0.0,0.0,0.0,0.0,0.0,0.0,0.0,0.0,0.0,0.0,0.0,0.0,0.0,0.0,0.0,0.0,0.0,0.0,0.0,0.0,0.0,0.0,0.0,0.0,0.0,0.0,0.0,0.0,0.0,0.0,0.0,0.0,0.0,0.0,0.0,0.0,0.0,0.0,0.0,0.0,0.0,0.0,0.0,0.0,0.0,0.0,0.0,0.0,0.0,0.0,0.0,0.0,0.0,0.0,0.0,0.0,0.0,0.0,0.0,0.0,0.0,0.0,0.0,0.0,0.0,0.0,0.0,0.0,0.0,0.0,0.0,0.0,0.0,0.0,0.0,0.0,0.0,0.0,0.0,0.0,0.0,0.0,0.0,0.0,0.0,0.0,0.0,0.0,0.0,0.0,0.0,0.0,0.0,0.0,0.0,0.0,0.0,0.0,0.0,0.0,0.0,0.0,0.0,0.0,0.0,0.0,0.0
102_CT_2,0.0,0.0,0.0,0.0,0.0,0.0,0.0,0.0,0.0,0.0,0.0,0.0,0.0,0.0,0.0,0.0,0.0,0.0,0.0,0.0,0.0,0.0,0.0,0.0,0.0,0.0,0.0,0.0,0.0,0.0,0.0,0.0,0.0,0.0,0.0,0.0,0.0,0.0,0.0,0.0,0.0,0.0,0.0,0.0,0.0,0.0,0.0,0.0,0.0,0.0,0.0,0.0,0.0,0.0,0.0,0.0,0.0,0.0,0.0,0.0,0.0,0.0,0.0,0.0,0.0,0.0,0.0,0.0,0.0,0.0,0.0,0.0,0.0,0.0,0.0,0.0,0.0,0.0,0.0,0.0,0.0,0.0,0.0,0.0,0.0,0.0,0.0,0.0,0.0,0.0,0.0,0.0,0.0,0.0,0.0,0.0,0.0,0.0,0.0,0.0,0.0,0.0,0.0,0.0,0.0,0.0,0.0,0.0,0.0,0.0,0.0,0.0,0.0,0.0,0.0,0.0,0.0,0.0,0.0,0.0,0.0,0.0,0.0,0.0,0.0,0.0,0.0,0.0,0.0,0.0,0.0,0.0,0.0,0.0,0.0,0.0,0.0,0.0,0.0,0.0,0.0,0.0,0.0,0.0
102_STEAM_3,-0.015872414574381405,-0.01593334674546057,-0.016354177080042387,-0.015978838363375433,1.1745156353500097e-05,9.577584025970143e-06,-0.00034413737770061514,-2.061659296860559e-05,-0.06286935599426502,-0.013287440192669447,0.051875500158749255,0.03919813077660259,0.05055125237335399,0.050593726818537646,0.051738846490988,0.05059585743049117,-0.015410202874905164,-0.015232780069031247,-0.020670774737126626,-0.015487718101966762,-0.039029838079895865,-0.038817949853608355,-0.03976654998001575,-0.03910955508140782,-0.035170742043367675,-0.031082738122068576,-0.07784599677603886,-0.034987059595304786,-0.0024618832024899742,-0.0024475065354021275,-0.0024951349946465418,-0.0024653125187923787,-0.0361111051295801,-0.0361067639130494,-0.036077896936159204,-0.03611102007494104,-2.0507731223758097e-05,-1.4221994002194815e-05,-6.00806340431137e-05,-2.649842071043133e-05,-0.00044575817478281765,-0.00040725225515000213,-0.000877772559162364,-0.0004466603312449241,-2.115151520797054e-05,-8.523351308839522e-06,-7.487430373273124e-05,-2.4205660036229403e-05,-4.1471498993556066e-05,-2.1057272629423918e-05,-0.00014960394761558588,-4.047261637768143e-05,-4.4450322090640315e-05,-1.545990297421862e-05,-0.00013704499097356765,-4.9881974945244686e-05,-2.6512179098013566e-05,-2.1279510477464902e-05,-5.211360451748415e-05,-2.6998831462171928e-05,-0.007645282351615268,-0.007645315274554802,-0.007647425012167919,-0.007653840011044462,-1.4597800798689387e-05,-1.5956052238950275e-05,-3.234450254518961e-05,-1.5322555075444213e-05,-1.3014589974248703e-05,-1.4649013402335057e-05,-5.683909544694673e-05,-2.1436823141047453e-05,-1.1528513575637112e-05,-7.78872372007508e-06,-4.3669526409884085e-05,-1.2938650800707943e-05,-1.2397082749596167e-05,-1.3174314350224148e-05,-1.1691513818440358e-05,-1.1622110605013124e-05,-0.0002665446781492456,-0.00026506107436778496,-0.00032964372523816424,-0.00027203818295306074,-0.0010697004947979524,-0.0010210930364992332,-0.0014966800612842474,-0.0010398568041501601,-0.016049258556057933,-0.015714999355293836,-0.01577844906399123,-0.015731500855578378,-0.00021867430629834983,-8.93719406002691e-05,-0.00024656365677122594,-6.496046694670538e-05,0.0,0.0,0.0,0.0,0.0,0.0,0.0,0.0,0.0,0.0,0.0,0.0,0.0,0.0,0.0,0.0,0.0,0.0,0.0,0.0,0.0,0.0,0.0,0.0,0.0,0.0,0.0,0.0,0.0,0.0,0.0,0.0,0.0,0.0,0.0,0.0,0.0,0.0,0.0,0.0,0.0,0.0,0.0,0.0,0.0,0.0,0.0,0.0
102_STEAM_4,-0.050115656657637,-0.05884235769854841,0.0016670070682054394,-0.07502747545434371,-5.708306463977214e-05,-0.00015304575528654607,0.0028834453093942725,-2.147738227443261e-05,-0.0652509650428527,-0.014563962583912737,0.050522148498660296,0.04449023942577175,0.03908428744907334,0.039514074650128045,0.054146601061335564,0.06909690215938954,-0.034240705519581076,-0.03423437931586243,-0.03323329271223443,-0.034245370568527986,-0.014685925662461767,-0.019364252691700033,-0.014857182621474285,-0.015393196640743966,-0.004360425870088537,-0.003823740343709754,-0.00982609172564825,-0.004383046978261264,-0.02682699962753965,-0.02683866781007735,-0.026642107064023646,-0.026847702761209284,-4.037121140564037e-05,-2.2873563195129065e-05,-0.00014594467334684086,-3.999118553411463e-05,-0.01308234748211072,-0.013089844592902633,-0.01296259196840198,-0.01309112763450704,-0.0005486754066147542,-0.000553742683671879,-0.00048556730599086384,-0.0005484834018558049,-1.568661305087482e-05,-1.3217890600172866e-05,-5.730555261579395e-05,-1.5063444286395674e-05,-3.363903514025379e-05,-1.0236299651869563e-05,-0.00013108362727926037,-4.5605707545287314e-05,-4.187953063568978e-05,-1.6763143184675422e-05,-0.00012881889118039158,-4.833040988853153e-05,-1.795524795610709e-05,-1.6267818610943285e-05,-2.8802166489094727e-05,-1.656536137785982e-05,-0.007706975895582134,-0.007710036241235462,-0.007720780573296324,-0.007716862741263942,-1.6259986020519812e-05,-1.4976181248221171e-05,-2.1131214510861085e-05,-1.8012512596510895e-05,-1.7324383214868677e-05,-1.5915992874496188e-05,-2.3929814124051818e-05,-2.1758241992751305e-05,-7.254611680926337e-06,-7.5130477761795045e-06,-3.778209532939725e-05,-1.2429169824193546e-05,-7.963568773888818e-06,-6.8092803546387914e-06,1.7244456428366917e-06,-7.312048383202196e-06,-0.00036067905259455635,-0.0003420999200304444,-0.0004051237342331853,-0.0003477011474593263,-0.011704026946396065,-0.011633764177357658,-0.011612674727271441,-0.011628611856053302,-7.547551900168037e-05,-6.252241472710224e-05,-0.00034823341878541746,-8.795019512448335e-05,-0.02191831307984468,-0.02194662556888087,-0.021864841380932587,-0.021879417889583606,0.0,0.0,0.0,0.0,0.0,0.0,0.0,0.0,0.0,0.0,0.0,0.0,0.0,0.0,0.0,0.0,0.0,0.0,0.0,0.0,0.0,0.0,0.0,0.0,0.0,0.0,0.0,0.0,0.0,0.0,0.0,0.0,0.0,0.0,0.0,0.0,0.0,0.0,0.0,0.0,0.0,0.0,0.0,0.0,0.0,0.0,0.0,0.0
107_CC_1,8.420240768525211e-08,-2.0448942564255113e-07,-2.1178940308175243e-06,-2.1838865582908641e-07,1.288782639219388e-07,6.07555171727725e-08,-3.948406177567421e-06,-2.9389172342444143e-07,9.425988617417502e-08,1.3019129940783358e-08,-2.3731568485896304e-06,-3.9000897833766024e-07,2.3680375089984995e-07,6.99188887481883e-07,-1.0555032004323879e-05,-4.343397194253408e-07,0.08193772244810099,0.08111348565882842,0.1060036226649682,0.08249782581073792,4.121889327302064e-06,1.2094305601451083e-06,-1.948053478917844e-05,-4.471871216340746e-07,0.1851078214022997,0.18524586103259177,0.18434686382902266,0.18517955445585496,-0.0005080579209611746,-0.0009766138711538308,0.0023384668309271994,-0.00044780690923371303,-0.2179003701769111,-0.2179152354318753,-0.21783734149444212,-0.21790350874622721,-0.0005334424103784485,-0.00043834902751842264,-0.0011043429867407268,-0.0005645899234040369,-0.0004645496306641683,-0.00037343767034289654,-0.001096956344678642,-0.0005076061531340605,-0.00046605941337188317,-0.0004202339146312517,-0.0011367673374509412,-0.0004841819320222581,-0.005303068825349477,-0.004458050824851512,-0.011131643087730403,-0.005261233305453523,-0.0008337872822711256,-0.0006462325512453237,-0.0015669641186236121,-0.0008636718689611037,-0.0005651100089915234,-0.0005711999364927112,-0.0006004861066640776,-0.0005791064306013445,-0.02645319187635156,-0.026457138811184486,-0.026509801327380567,-0.026476672982201972,-0.0032987529699271267,-0.003290802627651329,-0.003305634004988789,-0.0032993845410381442,-0.00043599475836147983,-0.00039254908187309756,-0.0007953979994506089,-0.00045285978138646823,-0.0005142693625143635,-0.0005296302943431919,-0.0004748346796146219,-0.0005254483026049026,-0.08579257363653814,-0.08579477884419784,-0.08586796205815528,-0.08579235076685236,-0.00028468313217175356,-0.00025941167796519893,-0.00044575418937005835,-0.0002998251385954152,-0.0003503913419250215,-0.00033391222467871184,-0.0005026947471947404,-0.00031717258674257787,-0.00025850776622943217,0.00012079898667596844,-0.002497849522752893,-0.0005397119227288037,0.11371831836247792,0.1139953575284518,0.11335460711324075,0.11393638307250432,0.0,0.0,0.0,0.0,0.0,0.0,0.0,0.0,0.0,0.0,0.0,0.0,0.0,0.0,0.0,0.0,0.0,0.0,0.0,0.0,0.0,0.0,0.0,0.0,0.0,0.0,0.0,0.0,0.0,0.0,0.0,0.0,0.0,0.0,0.0,0.0,0.0,0.0,0.0,0.0,0.0,0.0,0.0,0.0,0.0,0.0,0.0,0.0
113_CT_1,0.0,0.0,0.0,0.0,0.0,0.0,0.0,0.0,0.0,0.0,0.0,0.0,0.0,0.0,0.0,0.0,0.0,0.0,0.0,0.0,0.0,0.0,0.0,0.0,0.0,0.0,0.0,0.0,0.0,0.0,0.0,0.0,0.0,0.0,0.0,0.0,0.0,0.0,0.0,0.0,0.0,0.0,0.0,0.0,0.0,0.0,0.0,0.0,0.0,0.0,0.0,0.0,0.0,0.0,0.0,0.0,0.0,0.0,0.0,0.0,0.0,0.0,0.0,0.0,0.0,0.0,0.0,0.0,0.0,0.0,0.0,0.0,0.0,0.0,0.0,0.0,0.0,0.0,0.0,0.0,0.0,0.0,0.0,0.0,0.0,0.0,0.0,0.0,0.0,0.0,0.0,0.0,0.0,0.0,0.0,0.0,0.0,0.0,0.0,0.0,0.0,0.0,0.0,0.0,0.0,0.0,0.0,0.0,0.0,0.0,0.0,0.0,0.0,0.0,0.0,0.0,0.0,0.0,0.0,0.0,0.0,0.0,0.0,0.0,0.0,0.0,0.0,0.0,0.0,0.0,0.0,0.0,0.0,0.0,0.0,0.0,0.0,0.0,0.0,0.0,0.0,0.0,0.0,0.0
113_CT_2,0.0,0.0,0.0,0.0,0.0,0.0,0.0,0.0,0.0,0.0,0.0,0.0,0.0,0.0,0.0,0.0,0.0,0.0,0.0,0.0,0.0,0.0,0.0,0.0,0.0,0.0,0.0,0.0,0.0,0.0,0.0,0.0,0.0,0.0,0.0,0.0,0.0,0.0,0.0,0.0,0.0,0.0,0.0,0.0,0.0,0.0,0.0,0.0,0.0,0.0,0.0,0.0,0.0,0.0,0.0,0.0,0.014774906802779196,0.0381884630255917,-0.019543179670188413,0.01933935763234665,-0.0008106980218680781,0.00014845905859092842,-0.007881830639340812,-0.0036025227860729857,0.0,0.0,0.0,0.0,0.0,0.0,0.0,0.0,0.0,0.0,0.0,0.0,0.0,0.0,0.0,0.0,0.0,0.0,0.0,0.0,0.0,0.0,0.0,0.0,0.0,0.0,0.0,0.0,0.0,0.0,0.0,0.0,0.0,0.0,0.0,0.0,0.0,0.0,0.0,0.0,0.0,0.0,0.0,0.0,0.0,0.0,0.0,0.0,0.0,0.0,0.0,0.0,0.0,0.0,0.0,0.0,0.0,0.0,0.0,0.0,0.0,0.0,0.0,0.0,0.0,0.0,0.0,0.0,0.0,0.0,0.0,0.0,0.0,0.0,0.0,0.0,0.0,0.0,0.0,0.0
113_CT_3,0.0,0.0,0.0,0.0,0.0,0.0,0.0,0.0,0.0,0.0,0.0,0.0,0.0,0.0,0.0,0.0,0.0,0.0,0.0,0.0,0.0,0.0,0.0,0.0,0.0,0.0,0.0,0.0,0.0,0.0,0.0,0.0,0.0,0.0,0.0,0.0,0.0,0.0,0.0,0.0,0.0,0.0,0.0,0.0,0.0,0.0,0.0,0.0,0.0,0.0,0.0,0.0,0.01856099473571362,0.009060807114959612,0.0419704160820682,0.020253667228508007,-0.00020689324633397312,0.0006568923855964021,-0.003163174386880596,-0.0005772558249133841,-0.00047155816344341875,0.0005465019351067238,-0.009309136981171185,-0.003698899753436682,0.0,0.0,0.0,0.0,0.0,0.0,0.0,0.0,0.0,0.0,0.0,0.0,0.0,0.0,0.0,0.0,0.0,0.0,0.0,0.0,0.0,0.0,0.0,0.0,0.0,0.0,0.0,0.0,0.0,0.0,0.0,0.0,0.0,0.0,0.0,0.0,0.0,0.0,0.0,0.0,0.0,0.0,0.0,0.0,0.0,0.0,0.0,0.0,0.0,0.0,0.0,0.0,0.0,0.0,0.0,0.0,0.0,0.0,0.0,0.0,0.0,0.0,0.0,0.0,0.0,0.0,0.0,0.0,0.0,0.0,0.0,0.0,0.0,0.0,0.0,0.0,0.0,0.0,0.0,0.0
113_CT_4,0.0,0.0,0.0,0.0,0.0,0.0,0.0,0.0,0.0,0.0,0.0,0.0,0.0,0.0,0.0,0.0,0.0,0.0,0.0,0.0,0.0,0.0,0.0,0.0,0.0,0.0,0.0,0.0,0.0,0.0,0.0,0.0,0.0,0.0,0.0,0.0,0.0,0.0,0.0,0.0,0.0,0.0,0.0,0.0,0.0,0.0,0.0,0.0,0.0,0.0,0.0,0.0,0.0,0.0,0.0,0.0,0.0,0.0,0.0,0.0,0.0,0.0,0.0,0.0,0.0,0.0,0.0,0.0,0.0,0.0,0.0,0.0,0.0,0.0,0.0,0.0,0.0,0.0,0.0,0.0,0.0,0.0,0.0,0.0,0.0,0.0,0.0,0.0,0.0,0.0,0.0,0.0,0.0,0.0,0.0,0.0,0.0,0.0,0.0,0.0,0.0,0.0,0.0,0.0,0.0,0.0,0.0,0.0,0.0,0.0,0.0,0.0,0.0,0.0,0.0,0.0,0.0,0.0,0.0,0.0,0.0,0.0,0.0,0.0,0.0,0.0,0.0,0.0,0.0,0.0,0.0,0.0,0.0,0.0,0.0,0.0,0.0,0.0,0.0,0.0,0.0,0.0,0.0,0.0
115_STEAM_1,0.0,0.0,0.0,0.0,0.0,0.0,0.0,0.0,0.0,0.0,0.0,0.0,0.0,0.0,0.0,0.0,0.0,0.0,0.0,0.0,0.0,0.0,0.0,0.0,0.0,0.0,0.0,0.0,0.0,0.0,0.0,0.0,0.0,0.0,0.0,0.0,0.0,0.0,0.0,0.0,0.0,0.0,0.0,0.0,0.0,0.0,0.0,0.0,0.0,0.0,0.0,0.0,0.0,0.0,0.0,0.0,0.0,0.0,0.0,0.0,0.0,0.0,0.0,0.0,0.0,0.0,0.0,0.0,0.0,0.0,0.0,0.0,0.0,0.0,0.0,0.0,0.0,0.0,0.0,0.0,0.0,0.0,0.0,0.0,0.0,0.0,0.0,0.0,0.0,0.0,0.0,0.0,0.0,0.0,0.0,0.0,0.0,0.0,0.0,0.0,0.0,0.0,0.0,0.0,0.0,0.0,0.0,0.0,0.0,0.0,0.0,0.0,0.0,0.0,0.0,0.0,0.0,0.0,0.0,0.0,0.0,0.0,0.0,0.0,0.0,0.0,0.0,0.0,0.0,0.0,0.0,0.0,0.0,0.0,0.0,0.0,0.0,0.0,0.0,0.0,0.0,0.0,0.0,0.0
115_STEAM_2,0.0,0.0,0.0,0.0,0.0,0.0,0.0,0.0,0.0,0.0,0.0,0.0,0.0,0.0,0.0,0.0,0.0,0.0,0.0,0.0,0.0,0.0,0.0,0.0,0.0,0.0,0.0,0.0,0.0,0.0,0.0,0.0,0.0,0.0,0.0,0.0,0.0,0.0,0.0,0.0,0.0,0.0,0.0,0.0,0.0,0.0,0.0,0.0,0.0,0.0,0.0,0.0,0.0,0.0,0.0,0.0,0.0,0.0,0.0,0.0,0.0,0.0,0.0,0.0,0.0,0.0,0.0,0.0,0.0,0.0,0.0,0.0,0.0,0.0,0.0,0.0,0.0,0.0,0.0,0.0,0.0,0.0,0.0,0.0,0.0,0.0,0.0,0.0,0.0,0.0,0.0,0.0,0.0,0.0,0.0,0.0,0.0,0.0,0.0,0.0,0.0,0.0,0.0,0.0,0.0,0.0,0.0,0.0,0.0,0.0,0.0,0.0,0.0,0.0,0.0,0.0,0.0,0.0,0.0,0.0,0.0,0.0,0.0,0.0,0.0,0.0,0.0,0.0,0.0,0.0,0.0,0.0,0.0,0.0,0.0,0.0,0.0,0.0,0.0,0.0,0.0,0.0,0.0,0.0
115_STEAM_3,6.134347086406144e-07,-9.223419782239395e-07,-1.2186659682389411e-05,-9.978617024829932e-07,4.583134322333482e-07,1.9663383694912273e-07,-1.2539848701864642e-05,-9.093422949435948e-07,3.042198852484801e-07,7.009861378443061e-07,-2.0453119132346487e-05,-1.1260651816565466e-06,4.856027572830435e-07,1.626886708475106e-06,-2.6747935593455346e-05,-7.516242612147488e-07,6.207186279694188e-07,2.9242151464853317e-06,-4.9352575360348786e-05,-1.5604937571734286e-06,-2.275442691393459e-06,5.109611131343117e-06,-8.162070112323821e-05,-1.9700657932236335e-06,-0.09285852441673492,-0.09205311742135022,-0.09517605936018514,-0.09443879690469051,-0.10736309873520918,-0.10767382824224797,-0.10517654008158883,-0.10742807513257448,-0.14515557347344624,-0.14514585223443832,-0.14506102280716948,-0.1451541085276298,-0.02628558344852295,-0.02628664846273024,-0.02623195687491242,-0.02628665298323683,-0.02828893070062484,-0.02829384504281071,-0.02827572080309748,-0.028303034552196647,-0.0014522739464356699,-0.001305492599361649,-0.002977597336377228,-0.001409015065471498,-0.06723485380353211,-0.06727861684087899,-0.06727485718121456,-0.06732970828784016,-0.030014754539224135,-0.029069026059535596,-0.03745429377876861,-0.0299072291710376,-0.00034850384642493015,-0.0003918344659959855,0.00020773417669430938,-0.0003807274138125806,-0.014662878778129038,-0.014658480690084519,-0.014679826807234453,-0.01465740612040462,-0.03465690609970863,-0.0346412280597153,-0.03469680452826546,-0.03464760395370597,-0.016705272943913052,-0.016701483610276985,-0.01694651898163235,-0.0167773361847341,-0.05283582050047214,-0.06021882548465339,0.04800448256332733,-0.04698177296319965,-0.05732123879428072,-0.05734103188667905,-0.05726016870395567,-0.05733743288911848,-0.04977234390693129,-0.049753794559171484,-0.04970275877583063,-0.04968677114737543,-0.03155687152067086,-0.0568302721991002,-0.05679435053987514,-0.05682841285320165,-0.05945482192752449,-0.059670002958016985,-0.06026754513026744,-0.05998792858526555,-0.02773125408855104,-0.027384778803682,-0.02207128220341853,-0.028466464796920547,0.0,0.0,0.0,0.0,0.0,0.0,0.0,0.0,0.0,0.0,0.0,0.0,0.0,0.0,0.0,0.0,0.0,0.0,0.0,0.0,0.0,0.0,0.0,0.0,0.0,0.0,0.0,0.0,0.0,0.0,0.0,0.0,0.0,0.0,0.0,0.0,0.0,0.0,0.0,0.0,0.0,0.0,0.0,0.0,0.0,0.0,0.0,0.0
116_STEAM_1,-5.8717364240096215e-05,0.00013456096630799774,0.00016818847041610852,0.00010885150482957486,0.001742374686601128,0.0017497645321886274,0.0016800402465442232,0.001731430887546989,1.1024322178615487e-06,3.3557893276969786e-06,-6.546686325581419e-05,-3.186918594311346e-06,1.152149445397821e-06,3.896175420861625e-06,-6.516583626316649e-05,-2.0433649732914917e-06,-3.583781325521007e-05,2.0621569679857288e-05,-0.0004478811636181579,-9.220639069029117e-05,-0.00020224780366988326,0.0005572618553094516,-0.009110574136815493,-0.0001418867029514381,-0.09291409568741352,-0.09286353003105763,-0.09276278501044521,-0.09322070178157386,-0.10705355896913489,-0.10720446752013812,-0.10595153851672429,-0.10705861928621906,-0.0004887101500069962,-0.0003836642682467084,-0.0013125342958126755,-0.0004911047963302696,-0.010207273860608795,-0.010216504837804397,-0.010182706519055285,-0.0102091894782076,-0.0029537138213532044,-0.002954064923979177,-0.0029999946914590625,-0.0029601686076218383,-0.10661578901557277,0.019229867546597335,-0.48940134683017167,-0.23506761165104748,-0.00119495187383023,-0.0010009699402516725,-0.002573653336116655,-0.0011940046422515473,-0.0046192876469090954,-0.004647779773302385,-0.0045360042442026405,-0.004632590232794315,-0.0032768101885347137,-0.003263502052476955,-0.0033292980323455512,-0.0032832743226098066,-0.015405059227137877,-0.01540970045595555,-0.015411360618649617,-0.015407129065873259,-0.016932728993043496,-0.016939650355181027,-0.016934371989994534,-0.016947112398726864,-0.06623404802963379,-0.06624995849229341,-0.06636516765401108,-0.06625902366520897,-0.06200337349724544,-0.061942083430929384,-0.06344763232921924,-0.062130318582752475,-0.05715693875287908,-0.05711862290441966,-0.05722550695062378,-0.057137766718804245,-0.04959081411380675,-0.04961264261567391,-0.049575488097226575,-0.04960251700026323,-0.07334743579703668,-0.07297492313141338,-0.07291344778688323,-0.07296567443320921,-0.05947260504626792,-0.05961357180978316,-0.05981765194072308,-0.05970476565683168,-0.057229926285134014,-0.05733697941650254,-0.05647178430258337,-0.05698860332791259,0.0,0.0,0.0,0.0,0.0,0.0,0.0,0.0,0.0,0.0,0.0,0.0,0.0,0.0,0.0,0.0,0.0,0.0,0.0,0.0,0.0,0.0,0.0,0.0,0.0,0.0,0.0,0.0,0.0,0.0,0.0,0.0,0.0,0.0,0.0,0.0,0.0,0.0,0.0,0.0,0.0,0.0,0.0,0.0,0.0,0.0,0.0,0.0
118_CC_1,-4.5475698912111895e-07,2.716243178185751e-06,1.7675417860241183e-05,-3.666485139411288e-07,4.0211576338156085e-07,2.7622544083449885e-06,-4.466857574492167e-06,-3.98550201353535e-07,0.07063385354963547,0.06111462647082405,0.057726842912402265,0.058081590699291745,9.39771778174503e-08,3.2767922170107155e-07,-5.689084514690835e-06,-2.1141380953539977e-07,8.740013572039462e-06,-2.972696589970125e-06,-1.931466793669845e-05,7.3038618427390455e-06,6.8854025729592205e-06,-3.918907575284347e-06,9.623026633098775e-06,5.182689518878301e-06,-3.357020359473495e-07,-1.0262753994405571e-06,-8.235552579005656e-06,2.3617131884035046e-06,-0.21366850828482073,-0.1757581363109782,-0.5341789890362655,-0.2085054956813549,-0.13079053178626382,-0.13085901043633538,-0.13064823248910162,-0.13079166358454894,-0.051345502270145796,-0.05132654003843967,-0.05127285927317038,-0.0513593346717829,-0.211551997513013,-0.21154959376952642,-0.21166184748151018,-0.21158824084863487,-0.12043628934453077,-0.12463013056305283,-0.10763958517119043,-0.116218326776445,-0.21301646594321155,-0.21295661080779116,-0.2134025097604253,-0.21301503931364082,-0.13738588171761534,-0.1382344900612229,-0.1361870739026676,-0.13746998262907756,-0.21020624710363273,-0.2104632865599092,-0.2097199205553446,-0.2102740074444743,-0.03202923430443505,-0.032033764618853766,-0.031948996180218625,-0.03204787990029386,-0.13657782658140294,-0.13657129461610695,-0.1366826866961035,-0.13657221516674953,-0.13335985095226632,-0.13325463317869135,-0.1328905381841312,-0.13323395437535548,-0.12341307643393762,-0.12361451788541244,-0.12512524757828158,-0.123938606418284,-0.11421878686433651,-0.11432715487655004,-0.11345103370030118,-0.11423326825886711,-0.09876932251832146,-0.09873466450189583,-0.09810541351863922,-0.098582321867102,-0.15041739530531772,-0.1493639163856783,-0.14902938351655526,-0.1493136308707589,-0.05440590481227969,-0.05558354374542718,-0.05125336157594518,-0.05467135519055994,0.0007721020578732585,0.0007749325797338225,0.0006981398561141106,0.0007555501971817576,0.0,0.0,0.0,0.0,0.0,0.0,0.0,0.0,0.0,0.0,0.0,0.0,0.0,0.0,0.0,0.0,0.0,0.0,0.0,0.0,0.0,0.0,0.0,0.0,0.0,0.0,0.0,0.0,0.0,0.0,0.0,0.0,0.0,0.0,0.0,0.0,0.0,0.0,0.0,0.0,0.0,0.0,0.0,0.0,0.0,0.0,0.0,0.0
122_WIND_1,0.6998717688565605,-0.30006981008192124,-0.30049305980135443,-0.29995549926578596,0.6905470492405659,-0.3094545749508262,-0.30949217923426886,-0.30945876000505995,0.6378239531212331,-0.3625001855666934,-0.3620219594168006,-0.362404982999116,0.6067124972712037,-0.39324972437855976,-0.3932599007923976,-0.39311964571855235,0.500521559933228,-0.499593988970632,-0.4968003921129984,-0.49941577236909884,0.5477381921366398,-0.45219215657451794,-0.4519790074656136,-0.45222722237188323,0.45574854038288626,-0.5446195447439974,-0.5408021515605164,-0.5441811655269245,0.4397061825111168,-0.5603839349113455,-0.5596566428390162,-0.5602465665511641,0.4513713722444359,-0.5486563261798345,-0.5485490105925166,-0.5486071788018818,0.4993712104607272,-0.5008194260377592,-0.49927165762357006,-0.500595417329144,0.4989650893105889,-0.5011088165371835,-0.5008177490201415,-0.5009966423592352,0.4751043657298284,-0.5422022885239595,-0.4720922197623274,-0.5072409791231024,0.43766751443289276,-0.5624504493309814,-0.5618278491588278,-0.5622836395636928,0.31088398959008123,-0.6925563687710836,-0.6838305164293068,-0.6895407915581074,0.30372953525232194,-0.6962442603487347,-0.6963451590827141,-0.6962775086996263,0.9725900022568528,-0.027408566273256163,-0.02741279758583204,-0.027409122458508104,0.43889511860262376,-0.5610566470876457,-0.5613547670376473,-0.5610164987644514,0.438137101790284,-0.5618946672025986,-0.5615500413436116,-0.5618058888211938,0.4828668991943763,-0.5161778483845962,-0.5286994312633837,-0.5176553791138742,0.5425662578315151,-0.4574079373768505,-0.45788142882022775,-0.4574354972527018,0.5823953084575255,-0.4176036480610201,-0.41765042641963035,-0.41757808229785354,0.3428234541403401,-0.6537088225545256,-0.6536755662185687,-0.6536589543073023,0.49695574973051126,-0.5031534754200455,-0.5032261786485304,-0.5031414345099392,0.3855138686108237,-0.6145242169480469,-0.6146895278468243,-0.6145000555864586,0.0,0.0,0.0,0.0,0.0,0.0,0.0,0.0,0.0,0.0,0.0,0.0,0.0,0.0,0.0,0.0,0.0,0.0,0.0,0.0,0.0,0.0,0.0,0.0,0.0,0.0,0.0,0.0,0.0,0.0,0.0,0.0,0.0,0.0,0.0,0.0,0.0,0.0,0.0,0.0,0.0,0.0,0.0,0.0,0.0,0.0,0.0,0.0
123_CT_1,0.0,0.0,0.0,0.0,0.0,0.0,0.0,0.0,0.0,0.0,0.0,0.0,0.0,0.0,0.0,0.0,0.0,0.0,0.0,0.0,0.0,0.0,0.0,0.0,0.0,0.0,0.0,0.0,0.0,0.0,0.0,0.0,0.0,0.0,0.0,0.0,0.0,0.0,0.0,0.0,0.0,0.0,0.0,0.0,0.0,0.0,0.0,0.0,0.0,0.0,0.0,0.0,0.0,0.0,0.0,0.0,0.0,0.0,0.0,0.0,0.0,0.0,0.0,0.0,0.0,0.0,0.0,0.0,0.0,0.0,0.0,0.0,0.0,0.0,0.0,0.0,0.0,0.0,0.0,0.0,0.0,0.0,0.0,0.0,0.0,0.0,0.0,0.0,0.0,0.0,0.0,0.0,0.0,0.0,0.0,0.0,0.0,0.0,0.0,0.0,0.0,0.0,0.0,0.0,0.0,0.0,0.0,0.0,0.0,0.0,0.0,0.0,0.0,0.0,0.0,0.0,0.0,0.0,0.0,0.0,0.0,0.0,0.0,0.0,0.0,0.0,0.0,0.0,0.0,0.0,0.0,0.0,0.0,0.0,0.0,0.0,0.0,0.0,0.0,0.0,0.0,0.0,0.0,0.0
123_CT_4,0.0,0.0,0.0,0.0,0.0,0.0,0.0,0.0,0.0,0.0,0.0,0.0,0.0,0.0,0.0,0.0,0.0,0.0,0.0,0.0,0.0,0.0,0.0,0.0,0.0,0.0,0.0,0.0,0.0,0.0,0.0,0.0,0.0,0.0,0.0,0.0,0.0,0.0,0.0,0.0,0.0,0.0,0.0,0.0,0.0,0.0,0.0,0.0,0.0,0.0,0.0,0.0,0.0,0.0,0.0,0.0,0.0,0.0,0.0,0.0,0.0,0.0,0.0,0.0,0.0,0.0,0.0,0.0,0.0,0.0,0.0,0.0,0.0,0.0,0.0,0.0,0.0,0.0,0.0,0.0,0.0,0.0,0.0,0.0,0.0,0.0,0.0,0.0,0.0,0.0,0.0,0.0,0.0,0.0,0.0,0.0,0.0,0.0,0.0,0.0,0.0,0.0,0.0,0.0,0.0,0.0,0.0,0.0,0.0,0.0,0.0,0.0,0.0,0.0,0.0,0.0,0.0,0.0,0.0,0.0,0.0,0.0,0.0,0.0,0.0,0.0,0.0,0.0,0.0,0.0,0.0,0.0,0.0,0.0,0.0,0.0,0.0,0.0,0.0,0.0,0.0,0.0,0.0,0.0
123_CT_5,0.0,0.0,0.0,0.0,0.0,0.0,0.0,0.0,0.0,0.0,0.0,0.0,0.0,0.0,0.0,0.0,0.0,0.0,0.0,0.0,0.0,0.0,0.0,0.0,0.0,0.0,0.0,0.0,0.0,0.0,0.0,0.0,0.0,0.0,0.0,0.0,0.0,0.0,0.0,0.0,0.0,0.0,0.0,0.0,0.0,0.0,0.0,0.0,0.0,0.0,0.0,0.0,0.0,0.0,0.0,0.0,0.0,0.0,0.0,0.0,-0.020742187636677047,-0.02088587733778063,-0.019117036279060785,-0.021052220892021932,-0.0007098563445052784,-0.00023445963587435882,-0.0008104711289429632,-0.0005119611137881349,0.0,0.0,0.0,0.0,0.0,0.0,0.0,0.0,0.0,0.0,0.0,0.0,0.0,0.0,0.0,0.0,0.0,0.0,0.0,0.0,0.0,0.0,0.0,0.0,0.0,0.0,0.0,0.0,0.0,0.0,0.0,0.0,0.0,0.0,0.0,0.0,0.0,0.0,0.0,0.0,0.0,0.0,0.0,0.0,0.0,0.0,0.0,0.0,0.0,0.0,0.0,0.0,0.0,0.0,0.0,0.0,0.0,0.0,0.0,0.0,0.0,0.0,0.0,0.0,0.0,0.0,0.0,0.0,0.0,0.0,0.0,0.0,0.0,0.0,0.0,0.0
123_STEAM_2,0.0031079312050900088,0.003110320267456834,0.0031259663986400454,0.003108020324631964,0.0022507144869751694,0.0022501295215620054,0.0022981578145566672,0.002248375130066495,1.724731789903844e-05,1.642268059287577e-05,1.821829377490758e-05,1.4024023221405784e-05,0.0016427069882561374,0.0016453978940451641,0.0016512843343248207,0.0016429150485502673,0.002164657768452899,0.002189737542042769,0.0022317838723651118,0.002154729856806419,0.0059421219813841075,0.005966626290513366,0.005920097460652585,0.005937542000888866,0.012847146632262774,0.012601065290910207,0.013696975718020532,0.012945741519372196,-0.0016522500099967474,-0.0015972170340523562,-0.001703165086919256,-0.0016919154441864032,-0.0012726196050728,-0.0012656298335579352,-0.0013192572933160562,-0.0012786161943744696,-0.000894015934770509,-0.0008853175812197911,-0.0009022541347327717,-0.0008945084645368932,-0.0009249151476971029,-0.0009129312941752454,-0.0010351760376834385,-0.0009412794862211407,-0.0007628063398724683,-0.0008372148157924642,-0.0006324332282647838,-0.000712322506412948,-0.0009738566771941848,-0.000963163499156483,-0.0009439716628616424,-0.0009748493240275527,-0.0012675475407116221,-0.0012178908962996449,-0.001264569021013795,-0.0012859809220031285,-0.0010536751119478716,-0.001030117371570216,-0.0010022657833599347,-0.0010729453785014794,-0.02868440557863855,-0.028669447013531857,-0.028677271597772336,-0.028675509604895247,-0.0006220221007053328,-0.0006370340627529225,-0.0005949531403661723,-0.0006469413494076511,-0.0009461977241468356,-0.0009477736138928661,-0.0010032838172218117,-0.000958901684983665,-0.001436687521164881,-0.0014236764425829551,-0.0014193290734214603,-0.001452567252229712,-0.0006691431304396422,-0.0006539952362628609,-0.0006810720557590688,-0.0006489421904298638,-0.0005334100590237145,-0.0005264034595749145,-0.0005282949090169575,-0.0005451054037256173,-0.0011210712406138357,-0.001074299504458337,-0.001039827694366835,-0.001090260983507976,-0.0010710735126631121,-0.001030878267233415,-0.0010974712668254671,-0.0010459279700914031,0.006083815551567784,0.006194805892830946,0.005869201266220703,0.006160458097292503,0.0,0.0,0.0,0.0,0.0,0.0,0.0,0.0,0.0,0.0,0.0,0.0,0.0,0.0,0.0,0.0,0.0,0.0,0.0,0.0,0.0,0.0,0.0,0.0,0.0,0.0,0.0,0.0,0.0,0.0,0.0,0.0,0.0,0.0,0.0,0.0,0.0,0.0,0.0,0.0,0.0,0.0,0.0,0.0,0.0,0.0,0.0,0.0
123_STEAM_3,0.006580677309369731,0.006575953945419766,0.00661133399842484,0.00658044191347425,0.003633978080464617,0.0036343724101199903,0.0036597689312394266,0.003638799976027928,2.4526817051673255e-05,2.41181719022876e-05,-1.7301788322043876e-05,1.992691813962706e-05,0.0022678686945952764,0.0022647910045556774,0.002272236989609766,0.0022564929629721587,0.0024286799516012314,0.002407343339708934,0.002452030175403408,0.0024372916740842145,0.017149843495028905,0.017173835418414107,0.017173310620029802,0.01715754853306354,-0.03124492650016064,-0.03106697254120716,-0.031251205083441924,-0.03131638803298385,-0.0017425337458706336,-0.0017290203223014888,-0.001673859619643281,-0.0017522557215811625,-0.001007741023474229,-0.00101882387459451,-0.0009955433910144862,-0.0010052653891701833,-0.0009915442190325807,-0.0009756621348282479,-0.000977681548253173,-0.0009996425964463873,-0.000786746596505794,-0.0007785677328107088,-0.0008224081593093402,-0.0007917004129501792,-0.0008361056389378785,-0.0008914983232619633,-0.0006790183708602626,-0.000815979970589889,-0.0011692347926572921,-0.0011370546243778534,-0.0012509489548699904,-0.0011849409998578326,-0.0014312316926082813,-0.0014554421018107,-0.0013671560784205283,-0.0014649640456540806,-0.00110204263361513,-0.001100060462083663,-0.0010290330622102495,-0.0011250030266475267,-0.030207709814360384,-0.030210487995974145,-0.030220302264293952,-0.030219609854941137,-0.0007556739338551166,-0.0007603926804526928,-0.0006689160790824822,-0.0007471526043338246,-0.001453667552729021,-0.0014436622610199956,-0.0015439760130280256,-0.0014338405752894723,-0.0011991443393100099,-0.0011981509085121633,-0.001059993256220082,-0.0011823798857791398,-0.0007082185920878059,-0.0006962994618204821,-0.0006393227580536731,-0.0007001106975088137,-0.000554520904075928,-0.0005581545815696032,-0.0005778028504446198,-0.0005694787584023841,-0.000878765946153548,-0.0008835174420469549,-0.0008711296590240281,-0.0008773989499962138,-0.001156613896734715,-0.0011392415248694387,-0.0011854601346374949,-0.0011528294131290236,-0.12605455910581997,-0.1261096228069556,-0.12594868457314368,-0.12579684710871655,0.0,0.0,0.0,0.0,0.0,0.0,0.0,0.0,0.0,0.0,0.0,0.0,0.0,0.0,0.0,0.0,0.0,0.0,0.0,0.0,0.0,0.0,0.0,0.0,0.0,0.0,0.0,0.0,0.0,0.0,0.0,0.0,0.0,0.0,0.0,0.0,0.0,0.0,0.0,0.0,0.0,0.0,0.0,0.0,0.0,0.0,0.0,0.0
201_CT_1,0.0,0.0,0.0,0.0,0.0,0.0,0.0,0.0,0.0,0.0,0.0,0.0,0.0,0.0,0.0,0.0,0.0,0.0,0.0,0.0,0.0,0.0,0.0,0.0,0.0,0.0,0.0,0.0,0.0,0.0,0.0,0.0,0.0,0.0,0.0,0.0,0.0,0.0,0.0,0.0,0.0,0.0,0.0,0.0,0.0,0.0,0.0,0.0,0.0,0.0,0.0,0.0,0.0,0.0,0.0,0.0,0.0,0.0,0.0,0.0,0.0,0.0,0.0,0.0,0.0,0.0,0.0,0.0,0.0,0.0,0.0,0.0,0.0,0.0,0.0,0.0,0.0,0.0,0.0,0.0,0.0,0.0,0.0,0.0,0.0,0.0,0.0,0.0,0.0,0.0,0.0,0.0,0.0,0.0,0.0,0.0,0.0,0.0,0.0,0.0,0.0,0.0,0.0,0.0,0.0,0.0,0.0,0.0,0.0,0.0,0.0,0.0,0.0,0.0,0.0,0.0,0.0,0.0,0.0,0.0,0.0,0.0,0.0,0.0,0.0,0.0,0.0,0.0,0.0,0.0,0.0,0.0,0.0,0.0,0.0,0.0,0.0,0.0,0.0,0.0,0.0,0.0,0.0,0.0
201_CT_2,0.0,0.0,0.0,0.0,0.0,0.0,0.0,0.0,0.0,0.0,0.0,0.0,0.0,0.0,0.0,0.0,0.0,0.0,0.0,0.0,0.0,0.0,0.0,0.0,0.0,0.0,0.0,0.0,0.0,0.0,0.0,0.0,0.0,0.0,0.0,0.0,0.0,0.0,0.0,0.0,0.0,0.0,0.0,0.0,0.0,0.0,0.0,0.0,0.0,0.0,0.0,0.0,0.0,0.0,0.0,0.0,0.0,0.0,0.0,0.0,0.0,0.0,0.0,0.0,0.0,0.0,0.0,0.0,0.0,0.0,0.0,0.0,0.0,0.0,0.0,0.0,0.0,0.0,0.0,0.0,0.0,0.0,0.0,0.0,0.0,0.0,0.0,0.0,0.0,0.0,0.0,0.0,0.0,0.0,0.0,0.0,0.0,0.0,0.0,0.0,0.0,0.0,0.0,0.0,0.0,0.0,0.0,0.0,0.0,0.0,0.0,0.0,0.0,0.0,0.0,0.0,0.0,0.0,0.0,0.0,0.0,0.0,0.0,0.0,0.0,0.0,0.0,0.0,0.0,0.0,0.0,0.0,0.0,0.0,0.0,0.0,0.0,0.0,0.0,0.0,0.0,0.0,0.0,0.0
201_STEAM_3,0.05027597326934374,0.05026333730130628,0.05029989168781057,0.05025349167635774,0.01031220124253282,0.010310788199446919,0.010399016925757287,0.010315366245944336,1.7106582672399284e-05,1.7390966007169162e-05,2.9154237948247896e-06,1.5296394517214986e-05,0.005128937807703793,0.005131028238026136,0.005139687208530308,0.005126788364171704,0.02581085929234314,0.025805825463685206,0.0256270773916909,0.02580035789009446,0.04952246616235653,0.04953795894624208,0.049382711066325635,0.04950249976582102,0.04502029137538019,0.04485089357762312,0.04585333641967404,0.04564880940601821,-0.0007780417195788203,-0.0007238079940992681,-0.0010312811466164362,-0.0007993794089288036,-0.0008054681201012104,-0.0007972402615650798,-0.0008173032245686329,-0.0008050589586928794,-0.000730816735053208,-0.0007227334157505205,-0.0008170729568861557,-0.0007335721798114199,-0.0005435263843605043,-0.0005367885292768548,-0.0005793299898522175,-0.0005503671765099966,-0.0006208684900188555,-0.000638176626951481,-0.0005182638806020545,-0.0005925854876310047,-0.001699427310519308,-0.0016774122954553716,-0.0017124571748234896,-0.0017157531681417117,-0.0007838626035634733,-0.0007903315305805014,-0.0007351360435623455,-0.0007986815760651762,-0.000802140834317483,-0.0008042473959692931,-0.0008958717433659169,-0.0008084285609066642,-0.020753448502312158,-0.020763237576333596,-0.020710300269271564,-0.020757195138063646,-0.0010400379497835788,-0.0010441557060464346,-0.001022721536570681,-0.0010640136734772988,-0.0005981262096599882,-0.0005992744816808726,-0.0005640417222503302,-0.0005881878262974802,-0.0010162908481483046,-0.0010051916584847553,-0.0009392341456728737,-0.000993267581084321,-0.0004137154855228531,-0.00040501087344702036,-0.0004928661120027211,-0.00041777489070255874,-0.0004126188022088445,-0.0004065344235070073,-0.0004667232569402491,-0.0004202169558744558,-0.00046549755374225565,-0.000472791801286912,-0.0004927471236351177,-0.0004660645108765701,-0.0005994792758872713,-0.0005976281392252314,-0.0006178505731454509,-0.0006127452067084321,0.0277756025060385,0.027768321476205365,0.027091078204470875,0.027795303957432748,0.0,0.0,0.0,0.0,0.0,0.0,0.0,0.0,0.0,0.0,0.0,0.0,0.0,0.0,0.0,0.0,0.0,0.0,0.0,0.0,0.0,0.0,0.0,0.0,0.0,0.0,0.0,0.0,0.0,0.0,0.0,0.0,0.0,0.0,0.0,0.0,0.0,0.0,0.0,0.0,0.0,0.0,0.0,0.0,0.0,0.0,0.0,0.0
202_CT_1,0.0,0.0,0.0,0.0,0.0,0.0,0.0,0.0,0.0,0.0,0.0,0.0,0.0,0.0,0.0,0.0,0.0,0.0,0.0,0.0,0.0,0.0,0.0,0.0,0.0,0.0,0.0,0.0,0.0,0.0,0.0,0.0,0.0,0.0,0.0,0.0,0.0,0.0,0.0,0.0,0.0,0.0,0.0,0.0,0.0,0.0,0.0,0.0,0.0,0.0,0.0,0.0,0.0,0.0,0.0,0.0,0.0,0.0,0.0,0.0,0.008034809940978722,0.008034600076013122,0.008036270834704706,0.008034382999714979,0.0,0.0,0.0,0.0,0.0,0.0,0.0,0.0,0.0,0.0,0.0,0.0,0.0,0.0,0.0,0.0,0.0,0.0,0.0,0.0,0.0,0.0,0.0,0.0,0.0,0.0,0.0,0.0,0.0,0.0,0.0,0.0,0.0,0.0,0.0,0.0,0.0,0.0,0.0,0.0,0.0,0.0,0.0,0.0,0.0,0.0,0.0,0.0,0.0,0.0,0.0,0.0,0.0,0.0,0.0,0.0,0.0,0.0,0.0,0.0,0.0,0.0,0.0,0.0,0.0,0.0,0.0,0.0,0.0,0.0,0.0,0.0,0.0,0.0,0.0,0.0,0.0,0.0,0.0,0.0
202_CT_2,0.0,0.0,0.0,0.0,0.0,0.0,0.0,0.0,0.0,0.0,0.0,0.0,0.0,0.0,0.0,0.0,0.0,0.0,0.0,0.0,0.0,0.0,0.0,0.0,0.0,0.0,0.0,0.0,0.0,0.0,0.0,0.0,0.0,0.0,0.0,0.0,0.0,0.0,0.0,0.0,0.0,0.0,0.0,0.0,0.0,0.0,0.0,0.0,0.0,0.0,0.0,0.0,0.0,0.0,0.0,0.0,0.0,0.0,0.0,0.0,0.008388729922702239,0.008388564320781638,0.008388240844593164,0.008388686045400022,0.0,0.0,0.0,0.0,0.0,0.0,0.0,0.0,0.0,0.0,0.0,0.0,0.0,0.0,0.0,0.0,0.0,0.0,0.0,0.0,0.0,0.0,0.0,0.0,0.0,0.0,0.0,0.0,0.0,0.0,0.0,0.0,0.0,0.0,0.0,0.0,0.0,0.0,0.0,0.0,0.0,0.0,0.0,0.0,0.0,0.0,0.0,0.0,0.0,0.0,0.0,0.0,0.0,0.0,0.0,0.0,0.0,0.0,0.0,0.0,0.0,0.0,0.0,0.0,0.0,0.0,0.0,0.0,0.0,0.0,0.0,0.0,0.0,0.0,0.0,0.0,0.0,0.0,0.0,0.0
202_STEAM_3,0.057430890444608154,0.057422628628347384,0.05750984967250761,0.05740618129363368,0.015684971149971805,0.015684239219452285,0.01574541696509367,0.015683551459876745,2.4061364798751664e-05,2.3334305118890918e-05,2.462649046999999e-05,1.821717360759231e-05,0.00795778790156175,0.00795903973082557,0.007941941086218337,0.007955989208911359,0.03631352790363246,0.0363196192748065,0.03608696397747494,0.03631337756213469,0.049978994350215376,0.049962002731780676,0.050401537489164115,0.05002288265325713,0.031073500507000473,0.016389032370812018,0.16281038335258824,0.054292553800825885,-0.0009218443368820273,-0.0009217670320903482,-0.0008593187181749062,-0.0009364730560245357,-0.00081433348368537,-0.0008136768281917783,-0.0008410272005052732,-0.0008204905636094093,-0.0007213941950749425,-0.000715024291159605,-0.0007942663726563381,-0.0007237697612954579,-0.0005506815745284499,-0.0005436056506680775,-0.0005367404949536692,-0.0005640227939606911,-0.0007407159752528536,-0.0007363265126819063,-0.0007199304333325163,-0.0007381541673634985,-0.001831690064292013,-0.00183712749077114,-0.001848312961781895,-0.0018345829511853297,-0.0008240782902352306,-0.0008199900255076997,-0.000911509998823723,-0.0008363538499564429,-0.00070112408991585,-0.0007087228208015883,-0.0006448700174283006,-0.0007134804020437191,-0.021481935806350883,-0.021484806161515296,-0.02146934807402856,-0.021489590806728204,-0.0010247613145686896,-0.00103591591905694,-0.0010920412963024706,-0.001045822301544462,-0.0008393705943740559,-0.000827163557446664,-0.0008574106618274291,-0.0008415134917911149,-0.0008234585449138354,-0.0008240517442942852,-0.0007951341747638452,-0.0008307376831313413,-0.00039943220802834967,-0.0004019644173519632,-0.0004343039846109731,-0.00039439871223107063,-0.00036176144672397936,-0.00035858148021782055,-0.00038650129007772316,-0.00036487299545522023,-0.0005851534468433602,-0.000574699782434461,-0.0006016307259861719,-0.00058944943298812,-0.000586899532256947,-0.0005538939756606969,-0.0006751124196072182,-0.0005813837539094261,0.028865227496070563,0.02790995433926545,0.027450007735102887,0.02801789280848515,0.0,0.0,0.0,0.0,0.0,0.0,0.0,0.0,0.0,0.0,0.0,0.0,0.0,0.0,0.0,0.0,0.0,0.0,0.0,0.0,0.0,0.0,0.0,0.0,0.0,0.0,0.0,0.0,0.0,0.0,0.0,0.0,0.0,0.0,0.0,0.0,0.0,0.0,0.0,0.0,0.0,0.0,0.0,0.0,0.0,0.0,0.0,0.0
202_STEAM_4,0.05736984739035354,0.05734530470221363,0.05742653343409854,0.057323530119689214,0.015519601405519558,0.015515614370311343,0.015535462149556492,0.0155162317821097,2.4061364777964486e-05,2.333430510117771e-05,2.4626490032512155e-05,1.8217173607592734e-05,0.008334261825497416,0.008337870176263638,0.008340470304881423,0.00833120257021213,0.03639083362473511,0.03637892090853737,0.03605686113282166,0.036346142623551236,0.0500414744615628,0.05003528837356971,0.05003858501566381,0.050049450496450744,0.03955820896303375,0.050508316813274445,-0.05467167338278944,0.020579002903432102,-0.0010278883356594215,-0.0009984937076646938,-0.0010887267909160947,-0.0010582456129696596,-0.0011860063353911765,-0.0011959247457237199,-0.001169339200459918,-0.001195674705416783,-0.000727418439535471,-0.0007259920777767381,-0.0007541936525803372,-0.0007304438383314167,-0.0005392496949531422,-0.0005259549559619159,-0.0005658241918615747,-0.0005548211306445808,-0.0006270320234470494,-0.0006538340386090802,-0.0005940130700532453,-0.0006027692665066494,-0.0018377477805579245,-0.0018767891396972436,-0.0017385273690138092,-0.0018164648443337447,-0.0009152147468020899,-0.0009241373218071836,-0.000829270857534592,-0.0009078041394470482,-0.0007934744784989234,-0.0007929072788713798,-0.0007181422682016603,-0.0008253278698054498,-0.017278672054839683,-0.01727744090988137,-0.017262476704618335,-0.017287093585726356,-0.0011274247794042236,-0.0011417864831482355,-0.001211231085436082,-0.0011605419156713796,-0.0006511095010338641,-0.0006514364544394358,-0.0006635029709511908,-0.0006504668690380117,-0.0008671852673559077,-0.0008516725098127453,-0.0007828335161499389,-0.0008485550233190613,-0.0004083041862500969,-0.0004195709997804331,-0.0003876261730594299,-0.00041453123020165466,-0.0004091044068493255,-0.0004039777716980525,-0.00042803466603286155,-0.0004098174959500411,-0.0004815761994344928,-0.00046721484688874856,-0.00046811418641513284,-0.0004720172715047046,-0.000686832312505813,-0.0006850563923362857,-0.0007193040168677585,-0.0007023705271205377,0.027533649545852582,0.027949489785195583,0.02668105603728841,0.027852864197699775,0.0,0.0,0.0,0.0,0.0,0.0,0.0,0.0,0.0,0.0,0.0,0.0,0.0,0.0,0.0,0.0,0.0,0.0,0.0,0.0,0.0,0.0,0.0,0.0,0.0,0.0,0.0,0.0,0.0,0.0,0.0,0.0,0.0,0.0,0.0,0.0,0.0,0.0,0.0,0.0,0.0,0.0,0.0,0.0,0.0,0.0,0.0,0.0
207_CT_1,0.0,0.0,0.0,0.0,0.0,0.0,0.0,0.0,0.0,0.0,0.0,0.0,0.0,0.0,0.0,0.0,0.0,0.0,0.0,0.0,0.0,0.0,0.0,0.0,0.0,0.0,0.0,0.0,0.0,0.0,0.0,0.0,0.0,0.0,0.0,0.0,0.0,0.0,0.0,0.0,0.0,0.0,0.0,0.0,0.0,0.0,0.0,0.0,0.0,0.0,0.0,0.0,0.0,0.0,0.0,0.0,0.0,0.0,0.0,0.0,0.0,0.0,0.0,0.0,0.0,0.0,0.0,0.0,0.0,0.0,0.0,0.0,0.0,0.0,0.0,0.0,0.0,0.0,0.0,0.0,0.0,0.0,0.0,0.0,0.0,0.0,0.0,0.0,0.0,0.0,0.0,0.0,0.0,0.0,0.0,0.0,0.0,0.0,0.0,0.0,0.0,0.0,0.0,0.0,0.0,0.0,0.0,0.0,0.0,0.0,0.0,0.0,0.0,0.0,0.0,0.0,0.0,0.0,0.0,0.0,0.0,0.0,0.0,0.0,0.0,0.0,0.0,0.0,0.0,0.0,0.0,0.0,0.0,0.0,0.0,0.0,0.0,0.0,0.0,0.0,0.0,0.0,0.0,0.0
207_CT_2,0.0,0.0,0.0,0.0,0.0,0.0,0.0,0.0,0.0,0.0,0.0,0.0,0.0,0.0,0.0,0.0,0.0,0.0,0.0,0.0,0.0,0.0,0.0,0.0,0.0,0.0,0.0,0.0,0.0,0.0,0.0,0.0,0.0,0.0,0.0,0.0,0.0,0.0,0.0,0.0,0.0,0.0,0.0,0.0,0.0,0.0,0.0,0.0,0.0,0.0,0.0,0.0,0.0,0.0,0.0,0.0,0.0,0.0,0.0,0.0,0.0,0.0,0.0,0.0,0.0,0.0,0.0,0.0,0.0,0.0,0.0,0.0,0.0,0.0,0.0,0.0,0.0,0.0,0.0,0.0,0.0,0.0,0.0,0.0,0.0,0.0,0.0,0.0,0.0,0.0,0.0,0.0,0.0,0.0,0.0,0.0,0.0,0.0,0.0,0.0,0.0,0.0,0.0,0.0,0.0,0.0,0.0,0.0,0.0,0.0,0.0,0.0,0.0,0.0,0.0,0.0,0.0,0.0,0.0,0.0,0.0,0.0,0.0,0.0,0.0,0.0,0.0,0.0,0.0,0.0,0.0,0.0,0.0,0.0,0.0,0.0,0.0,0.0,0.0,0.0,0.0,0.0,0.0,0.0
212_CSP_1,-0.001523177107395579,-0.0015236863614794816,-0.001535072890513689,-0.0015224972175836029,-0.0022094459517827403,-0.0022122601464654723,-0.002163178116163067,-0.0022121798512621514,-0.0005891685857812856,-0.0005897138365857924,-0.000607403814993468,-0.0005905852316131616,-0.0017159019383483631,-0.0017162090971016841,-0.0016870285368595361,-0.0017117478316638689,-0.001055007722194412,-0.0010545006263866785,-0.0010754319684971314,-0.0010619221497239627,-0.0017437266777486915,-0.001745344534832327,-0.0017735164511103463,-0.0017417540998172886,-0.0009783084959261723,-0.0009794585435960457,-0.0009579452773804675,-0.0009634334147538985,-0.0006482846334803227,-0.00064789609440008,-0.0006556467274565492,-0.0006471367325285864,-0.0011614054668928064,-0.001157864590484392,-0.0011592706356706728,-0.0011614996587072546,-0.0009210463086253284,-0.000924723430494323,-0.000924221259579916,-0.0009252744418121274,-0.0007400163363966428,-0.0007319457985315303,-0.0007872037220302275,-0.0007447820197462321,-0.0007779310578460708,-0.0007938399252225281,-0.0007178016372764162,-0.0007496499821539608,-0.002272065003788515,-0.002273954340029638,-0.002232091315110374,-0.002279855133391819,-0.0012845417915163804,-0.0012900359503560388,-0.0012305787753215114,-0.0012808042869903052,-0.0011040780206860168,-0.001106209971125649,-0.001095679857816556,-0.0011005146471749707,-0.025697813755667986,-0.025695283345594233,-0.025698190390603948,-0.025695301773936193,-0.0009494307189247264,-0.000949979322304062,-0.0009251953247799705,-0.0009476338030816311,-0.0011167140488685945,-0.0011135260626329302,-0.0011118659157132171,-0.001124708306327153,-0.0011220725148477495,-0.0011209807341547862,-0.0011531470875558725,-0.0011185896770671022,-0.0006022411599643229,-0.00060092834284875,-0.0005991371021396574,-0.0006002243708133125,-0.0004093709207291796,-0.0004141229219183362,-0.00038874035815839036,-0.00040817681479142563,-0.000861727115082811,-0.0008486470547404701,-0.0008642391811777284,-0.0008544539667182651,-0.0011594384016937465,-0.001167876205193541,-0.0011312409658468248,-0.0011598640572622794,-0.0011043815316261751,-0.0010955596296343684,-0.0011283138900139988,-0.0011040359809690165,0.0,0.0,0.0,0.0,0.0,0.0,0.0,0.0,0.0,0.0,0.0,0.0,0.0,0.0,0.0,0.0,0.0,0.0,0.0,0.0,0.0,0.0,0.0,0.0,0.0,0.0,0.0,0.0,0.0,0.0,0.0,0.0,0.0,0.0,0.0,0.0,0.0,0.0,0.0,0.0,0.0,0.0,0.0,0.0,0.0,0.0,0.0,0.0
213_CC_3,0.0,0.0,0.0,0.0,0.0,0.0,0.0,0.0,0.0,0.0,0.0,0.0,0.0,0.0,0.0,0.0,0.0,0.0,0.0,0.0,0.0,0.0,0.0,0.0,0.0,0.0,0.0,0.0,0.0,0.0,0.0,0.0,0.0,0.0,0.0,0.0,-0.1783420505005779,-0.1784295022691138,-0.1771760339954227,-0.17835366078042544,-0.0008978314565863954,-0.0008134034374172039,-0.0013494360664889626,-0.0010149984938874724,-0.0011272362802549063,-0.0011460525647690734,-0.00105763826132943,-0.001155855847060986,-0.0015390080101495007,-0.001424550534919966,-0.0013430866159440669,-0.0017141833357906108,-0.0009822047647711774,-0.000916057532807546,-0.0010708648056514392,-0.0010749735926183933,-0.000802039257430831,-0.0007988975111183905,-0.0007166884024720765,-0.0008417261544476815,-0.031463150350770186,-0.0314693686311146,-0.03142977538847802,-0.03144758369865495,-0.0010188061239903012,-0.0010673752825119953,-0.0008486266824490052,-0.0011100824267685195,-0.0006078454166875691,-0.0006571801314412262,-0.0010484529863559189,-0.0007320521544018727,-0.0010171311499866942,-0.000981116802479698,-0.0014003341768424882,-0.0010765265992402594,-0.0009616663385396684,-0.00101973647396425,-0.0008761091355733441,-0.0010448163782086676,-0.08386058183552991,-0.08359990999761907,-0.08731493127433265,-0.08395012976847444,0.0,0.0,0.0,0.0,0.0,0.0,0.0,0.0,0.0,0.0,0.0,0.0,0.0,0.0,0.0,0.0,0.0,0.0,0.0,0.0,0.0,0.0,0.0,0.0,0.0,0.0,0.0,0.0,0.0,0.0,0.0,0.0,0.0,0.0,0.0,0.0,0.0,0.0,0.0,0.0,0.0,0.0,0.0,0.0,0.0,0.0,0.0,0.0,0.0,0.0,0.0,0.0,0.0,0.0,0.0,0.0,0.0,0.0,0.0,0.0
213_CT_1,0.0,0.0,0.0,0.0,0.0,0.0,0.0,0.0,0.0,0.0,0.0,0.0,0.0,0.0,0.0,0.0,0.0,0.0,0.0,0.0,0.0,0.0,0.0,0.0,0.0,0.0,0.0,0.0,0.0,0.0,0.0,0.0,0.0,0.0,0.0,0.0,0.0,0.0,0.0,0.0,0.0,0.0,0.0,0.0,0.0,0.0,0.0,0.0,0.0,0.0,0.0,0.0,0.0,0.0,0.0,0.0,0.036772997072399394,0.01435534814162892,0.06259846327461827,0.034154864935214274,0.006155258196326049,0.009435628851076225,-0.016115116975884747,0.015738339594834894,0.0,0.0,0.0,0.0,0.0,0.0,0.0,0.0,0.0,0.0,0.0,0.0,0.0,0.0,0.0,0.0,0.0,0.0,0.0,0.0,0.0,0.0,0.0,0.0,0.0,0.0,0.0,0.0,0.0,0.0,0.0,0.0,0.0,0.0,0.0,0.0,0.0,0.0,0.0,0.0,0.0,0.0,0.0,0.0,0.0,0.0,0.0,0.0,0.0,0.0,0.0,0.0,0.0,0.0,0.0,0.0,0.0,0.0,0.0,0.0,0.0,0.0,0.0,0.0,0.0,0.0,0.0,0.0,0.0,0.0,0.0,0.0,0.0,0.0,0.0,0.0,0.0,0.0,0.0,0.0
213_CT_2,0.0,0.0,0.0,0.0,0.0,0.0,0.0,0.0,0.0,0.0,0.0,0.0,0.0,0.0,0.0,0.0,0.0,0.0,0.0,0.0,0.0,0.0,0.0,0.0,0.0,0.0,0.0,0.0,0.0,0.0,0.0,0.0,0.0,0.0,0.0,0.0,0.0,0.0,0.0,0.0,0.0,0.0,0.0,0.0,0.0,0.0,0.0,0.0,0.0,0.0,0.0,0.0,0.0,0.0,0.0,0.0,0.0,0.0,0.0,0.0,0.0062402910728501515,0.0015371645782457644,0.040426010330952444,0.004286129934002186,0.01806701879918482,0.018921262723599383,0.013196144117839426,0.020966666291402303,0.0,0.0,0.0,0.0,0.0,0.0,0.0,0.0,0.0,0.0,0.0,0.0,0.0,0.0,0.0,0.0,0.0,0.0,0.0,0.0,0.0,0.0,0.0,0.0,0.0,0.0,0.0,0.0,0.0,0.0,0.0,0.0,0.0,0.0,0.0,0.0,0.0,0.0,0.0,0.0,0.0,0.0,0.0,0.0,0.0,0.0,0.0,0.0,0.0,0.0,0.0,0.0,0.0,0.0,0.0,0.0,0.0,0.0,0.0,0.0,0.0,0.0,0.0,0.0,0.0,0.0,0.0,0.0,0.0,0.0,0.0,0.0,0.0,0.0,0.0,0.0
215_CT_4,0.0,0.0,0.0,0.0,0.0,0.0,0.0,0.0,0.0,0.0,0.0,0.0,0.0,0.0,0.0,0.0,0.0,0.0,0.0,0.0,0.0,0.0,0.0,0.0,0.0,0.0,0.0,0.0,0.0,0.0,0.0,0.0,0.0,0.0,0.0,0.0,0.0,0.0,0.0,0.0,0.0,0.0,0.0,0.0,0.0,0.0,0.0,0.0,0.0,0.0,0.0,0.0,0.0,0.0,0.0,0.0,-0.0006365521498022109,-0.0006197119367026271,-0.0008431081401744089,-0.0006411296739442633,-0.01543209107498443,-0.015466275646590477,-0.015477117814748587,-0.015455447670226554,-0.0004947810563932786,-0.0005205231837822205,-0.0005800707116850323,-0.0005067561086790741,0.0,0.0,0.0,0.0,0.0,0.0,0.0,0.0,0.0,0.0,0.0,0.0,0.0,0.0,0.0,0.0,0.0,0.0,0.0,0.0,0.0,0.0,0.0,0.0,0.0,0.0,0.0,0.0,0.0,0.0,0.0,0.0,0.0,0.0,0.0,0.0,0.0,0.0,0.0,0.0,0.0,0.0,0.0,0.0,0.0,0.0,0.0,0.0,0.0,0.0,0.0,0.0,0.0,0.0,0.0,0.0,0.0,0.0,0.0,0.0,0.0,0.0,0.0,0.0,0.0,0.0,0.0,0.0,0.0,0.0,0.0,0.0,0.0,0.0,0.0,0.0
215_CT_5,0.0,0.0,0.0,0.0,0.0,0.0,0.0,0.0,0.0,0.0,0.0,0.0,0.0,0.0,0.0,0.0,0.0,0.0,0.0,0.0,0.0,0.0,0.0,0.0,0.0,0.0,0.0,0.0,0.0,0.0,0.0,0.0,0.0,0.0,0.0,0.0,0.0,0.0,0.0,0.0,0.0,0.0,0.0,0.0,0.0,0.0,0.0,0.0,0.0,0.0,0.0,0.0,0.0,0.0,0.0,0.0,0.0,0.0,0.0,0.0,-0.014003788465367081,-0.01397363517281884,-0.014047276606457493,-0.014006538004665418,-0.00046949790459926977,-0.00047479216825924153,-0.00044203492782385334,-0.00047389315926464544,0.0,0.0,0.0,0.0,0.0,0.0,0.0,0.0,0.0,0.0,0.0,0.0,0.0,0.0,0.0,0.0,0.0,0.0,0.0,0.0,0.0,0.0,0.0,0.0,0.0,0.0,0.0,0.0,0.0,0.0,0.0,0.0,0.0,0.0,0.0,0.0,0.0,0.0,0.0,0.0,0.0,0.0,0.0,0.0,0.0,0.0,0.0,0.0,0.0,0.0,0.0,0.0,0.0,0.0,0.0,0.0,0.0,0.0,0.0,0.0,0.0,0.0,0.0,0.0,0.0,0.0,0.0,0.0,0.0,0.0,0.0,0.0,0.0,0.0,0.0,0.0
216_STEAM_1,0.02911773083327307,0.03744054142451436,-0.020497950236271212,0.05310821939347236,0.10765693095973128,0.10765579455284646,0.10765547011595,0.10766058791013094,4.23390801211343e-05,4.5075913058800765e-05,-3.151503986087434e-05,7.9221195866375e-06,0.033782309359510154,0.03378047039684806,0.033734195631240915,0.03376644056326117,-0.009241092123199096,-0.009220739086066798,-0.009084534812127343,-0.009221880619345858,-0.009953791389427591,-0.009756701153854852,-0.011251654130841171,-0.00992146720257633,-0.004236764840839846,-0.004216747716639935,-0.004366345288994822,-0.0042846995224169356,-0.0013590373343285722,-0.0013705971199541311,-0.0012980573454193234,-0.0013497035433423406,-0.0009750777074490902,-0.0009810011442427102,-0.0009379624113527996,-0.0009771417429208307,-0.0008255619385176272,-0.0008312047579320803,-0.0007680159993963542,-0.0008347621425426629,-0.0006824969761335398,-0.0006598215994655376,-0.0007923060493832956,-0.0006803230863284379,-0.0007241608466720395,-0.0007496608845164454,-0.0006893288357248117,-0.0006956249279961605,-0.0014796018331050265,-0.0014693134675489716,-0.0015197993895554873,-0.0014731823903095026,-0.0010085908062044124,-0.0010073311384586336,-0.0009079688084590032,-0.00102274224287302,-0.0008374850145083101,-0.0008332734279313803,-0.0008248385504261435,-0.0008437372308682811,-0.025583514206426794,-0.025581089810953028,-0.02554359398131978,-0.025583237640169215,-0.0006595103632184296,-0.0006608604806921381,-0.0006467158809302376,-0.0006695567331967908,-0.0008078244008375979,-0.0008024658069171187,-0.0008315246321026759,-0.0007951603927790199,-0.0008336063584086784,-0.0008721169067283374,-0.0007789967156146549,-0.0008746915123372473,-0.0004078193020026766,-0.00039517774904079817,-0.00040591372207376963,-0.00039858430806746916,-0.0004480055078967815,-0.000437703102991821,-0.0004957261244948885,-0.0004471202812260712,-0.0006331533763782593,-0.000623059673877796,-0.0006154980090158357,-0.0006240935142594192,-0.0006945393311201808,-0.0006810169396744281,-0.0007049250995800893,-0.0006911096821107898,-0.0029081277347066115,-0.002885658641940736,-0.0030209870484445567,-0.0028375841288168537,0.0,0.0,0.0,0.0,0.0,0.0,0.0,0.0,0.0,0.0,0.0,0.0,0.0,0.0,0.0,0.0,0.0,0.0,0.0,0.0,0.0,0.0,0.0,0.0,0.0,0.0,0.0,0.0,0.0,0.0,0.0,0.0,0.0,0.0,0.0,0.0,0.0,0.0,0.0,0.0,0.0,0.0,0.0,0.0,0.0,0.0,0.0,0.0
218_CC_1,0.0,0.0,0.0,0.0,0.0,0.0,0.0,0.0,0.0,0.0,0.0,0.0,0.0,0.0,0.0,0.0,0.0,0.0,0.0,0.0,0.0,0.0,0.0,0.0,0.0,0.0,0.0,0.0,0.0,0.0,0.0,0.0,0.0,0.0,0.0,0.0,0.0,0.0,0.0,0.0,0.0,0.0,0.0,0.0,-0.18817041805531354,-0.19444274570199682,-0.1685169772818389,-0.18182727952383496,-0.0016404144139533505,-0.0016167279537611101,-0.0016243123156822747,-0.0016672484697992085,-0.0012546875123868872,-0.0012169382664342088,-0.0014650704300480655,-0.001251465307293545,-0.0007430939571455575,-0.0007259581293725947,-0.0006782796251956213,-0.0007695897827751344,-0.03840686232873314,-0.038413876578953676,-0.03845582841049566,-0.038425974298975936,-0.0007971753301295736,-0.0008058923976532739,-0.0008017299569971215,-0.0008232083826382729,-0.0008703598922541467,-0.0009035525290198576,-0.0011412283163489967,-0.000982757778679556,-0.0010521839627770646,-0.0010749429571064173,-0.0010411032538368836,-0.0010531580231443486,-0.09689424516689682,-0.09690102536365347,-0.0967268033984019,-0.09696052675610216,0.0,0.0,0.0,0.0,0.0,0.0,0.0,0.0,0.0,0.0,0.0,0.0,0.0,0.0,0.0,0.0,0.0,0.0,0.0,0.0,0.0,0.0,0.0,0.0,0.0,0.0,0.0,0.0,0.0,0.0,0.0,0.0,0.0,0.0,0.0,0.0,0.0,0.0,0.0,0.0,0.0,0.0,0.0,0.0,0.0,0.0,0.0,0.0,0.0,0.0,0.0,0.0,0.0,0.0,0.0,0.0,0.0,0.0,0.0,0.0,0.0,0.0,0.0,0.0
221_CC_1,0.0038905234235553365,0.0038870500101223504,0.003869489415953886,0.0038868816332627773,0.002785505588219217,0.0027858968371186066,0.0028008993539199167,0.0027840142067170333,1.6816831557742162e-05,1.6283069922629068e-05,1.804183644882329e-05,1.5039666427529007e-05,0.0019430473153435601,0.0019391297740904978,0.001939279525729809,0.0019410226193883806,0.0020712946979563607,0.0020750677750887014,0.00207530034232839,0.0020767170009472137,0.007776346890164487,0.007765559187135063,0.00780278883588803,0.007779871586913691,0.023693692336823946,0.023723560064247806,0.023544278790864404,0.023685625182901522,0.21391484802213978,0.21239057448675092,0.22946940005141858,0.21400082680743976,-0.0013853831155251628,-0.0013678981925815403,-0.0016150586787757604,-0.0013865341769640973,-0.0008780096682778904,-0.0008782896275043584,-0.0010202611882110801,-0.0008615874100694367,-0.0005896766356715544,-0.0005718155568945615,-0.0007487265064201054,-0.00061634601434055,-0.000816917875587797,-0.0008590693363987878,-0.0009594486352106912,-0.0008188759977185668,-0.0010077227479080575,-0.001040614530039452,-0.0007296854838729772,-0.001028777345504767,-0.001027311768098782,-0.0010682919104700872,-0.0008201550058695162,-0.0010409996809883355,-0.0007989448700552737,-0.0008435666470609782,-0.0007891870731886463,-0.0007573728062837591,-0.03790634751437105,-0.0379230056435782,-0.03787516533416513,-0.03789613318520448,-0.0009598347729938839,-0.0009577539251629519,-0.001071970532897204,-0.0009532376676314035,-0.0008340210616266663,-0.0008337974851969632,-0.0008074145647309905,-0.000823481556329311,-0.0010807971437276631,-0.001138794985928171,-0.0011688498042277118,-0.0011378447304535714,-0.0004947161541387635,-0.0004986159126726397,-0.0005222606427315313,-0.0004910162834777217,-0.0004675780043311706,-0.0004989068693950771,-0.0003159597196016328,-0.00048492651541418805,-0.0004460885101406076,-0.00044124447683907553,-0.0005228755729569379,-0.0004288261110331486,0.11849715195189092,0.11896306209340701,0.1182331010416302,0.11916838295647046,0.11150870486586517,0.1114780515459699,0.1111014151320755,0.1117318917014059,0.0,0.0,0.0,0.0,0.0,0.0,0.0,0.0,0.0,0.0,0.0,0.0,0.0,0.0,0.0,0.0,0.0,0.0,0.0,0.0,0.0,0.0,0.0,0.0,0.0,0.0,0.0,0.0,0.0,0.0,0.0,0.0,0.0,0.0,0.0,0.0,0.0,0.0,0.0,0.0,0.0,0.0,0.0,0.0,0.0,0.0,0.0,0.0
223_CT_4,0.0,0.0,0.0,0.0,0.0,0.0,0.0,0.0,0.0,0.0,0.0,0.0,0.0,0.0,0.0,0.0,0.0,0.0,0.0,0.0,0.0,0.0,0.0,0.0,0.0,0.0,0.0,0.0,0.0,0.0,0.0,0.0,0.0,0.0,0.0,0.0,0.0,0.0,0.0,0.0,0.0,0.0,0.0,0.0,0.0,0.0,0.0,0.0,0.0,0.0,0.0,0.0,0.0,0.0,0.0,0.0,0.0,0.0,0.0,0.0,0.0,0.0,0.0,0.0,0.0,0.0,0.0,0.0,0.0,0.0,0.0,0.0,0.0,0.0,0.0,0.0,0.0,0.0,0.0,0.0,0.0,0.0,0.0,0.0,0.0,0.0,0.0,0.0,0.0,0.0,0.0,0.0,0.0,0.0,0.0,0.0,0.0,0.0,0.0,0.0,0.0,0.0,0.0,0.0,0.0,0.0,0.0,0.0,0.0,0.0,0.0,0.0,0.0,0.0,0.0,0.0,0.0,0.0,0.0,0.0,0.0,0.0,0.0,0.0,0.0,0.0,0.0,0.0,0.0,0.0,0.0,0.0,0.0,0.0,0.0,0.0,0.0,0.0,0.0,0.0,0.0,0.0,0.0,0.0
223_CT_5,0.0,0.0,0.0,0.0,0.0,0.0,0.0,0.0,0.0,0.0,0.0,0.0,0.0,0.0,0.0,0.0,0.0,0.0,0.0,0.0,0.0,0.0,0.0,0.0,0.0,0.0,0.0,0.0,0.0,0.0,0.0,0.0,0.0,0.0,0.0,0.0,0.0,0.0,0.0,0.0,0.0,0.0,0.0,0.0,0.0,0.0,0.0,0.0,0.0,0.0,0.0,0.0,0.0,0.0,0.0,0.0,0.0,0.0,0.0,0.0,0.0,0.0,0.0,0.0,0.0,0.0,0.0,0.0,0.0,0.0,0.0,0.0,0.0,0.0,0.0,0.0,0.0,0.0,0.0,0.0,0.0,0.0,0.0,0.0,0.0,0.0,0.0,0.0,0.0,0.0,0.0,0.0,0.0,0.0,0.0,0.0,0.0,0.0,0.0,0.0,0.0,0.0,0.0,0.0,0.0,0.0,0.0,0.0,0.0,0.0,0.0,0.0,0.0,0.0,0.0,0.0,0.0,0.0,0.0,0.0,0.0,0.0,0.0,0.0,0.0,0.0,0.0,0.0,0.0,0.0,0.0,0.0,0.0,0.0,0.0,0.0,0.0,0.0,0.0,0.0,0.0,0.0,0.0,0.0
223_CT_6,0.0,0.0,0.0,0.0,0.0,0.0,0.0,0.0,0.0,0.0,0.0,0.0,0.0,0.0,0.0,0.0,0.0,0.0,0.0,0.0,0.0,0.0,0.0,0.0,0.0,0.0,0.0,0.0,0.0,0.0,0.0,0.0,0.0,0.0,0.0,0.0,0.0,0.0,0.0,0.0,0.0,0.0,0.0,0.0,0.0,0.0,0.0,0.0,0.0,0.0,0.0,0.0,0.0,0.0,0.0,0.0,0.0,0.0,0.0,0.0,0.0,0.0,0.0,0.0,0.0,0.0,0.0,0.0,0.0,0.0,0.0,0.0,0.0,0.0,0.0,0.0,0.0,0.0,0.0,0.0,0.0,0.0,0.0,0.0,0.0,0.0,0.0,0.0,0.0,0.0,0.0,0.0,0.0,0.0,0.0,0.0,0.0,0.0,0.0,0.0,0.0,0.0,0.0,0.0,0.0,0.0,0.0,0.0,0.0,0.0,0.0,0.0,0.0,0.0,0.0,0.0,0.0,0.0,0.0,0.0,0.0,0.0,0.0,0.0,0.0,0.0,0.0,0.0,0.0,0.0,0.0,0.0,0.0,0.0,0.0,0.0,0.0,0.0,0.0,0.0,0.0,0.0,0.0,0.0
223_STEAM_1,-0.08789887813356201,-0.08786323906262872,-0.08875976733190055,-0.08760602888787605,-0.06610675042547107,-0.07222201294548182,-0.03491157980814996,-0.13554860703891397,0.01982352799431946,-0.02622844594167164,-0.09199531458111265,-0.0828341284063763,-0.11105683927934268,-0.12291656878957122,-0.16829472293268616,-0.04602912518053168,-0.07539812632248118,-0.07533792703163895,-0.07449788576359657,-0.07540694005507037,-0.015105099128022284,-0.014986449869030414,-0.01549811882398417,-0.015231302159812181,-0.005018388226259551,-0.004967389208149098,-0.0049258860693344175,-0.00505526224004178,-0.0012845505155836823,-0.0012942671325349986,-0.0012843022769959411,-0.0012831646187787952,-0.0009185661945632084,-0.0009131844331952133,-0.0009113355670256063,-0.0009212366306668003,-0.0009750756471592625,-0.0009684321903263848,-0.0009369824627851742,-0.0009818711854445623,-0.0007030203581625538,-0.0007090844101941274,-0.0007538323882529951,-0.0007054743660700512,-0.0009069620248208787,-0.0009354566939300257,-0.0007971332645513307,-0.0008600053719103475,-0.001922349914441901,-0.0019046768089421295,-0.0020295178599334385,-0.0019324267302199024,-0.0009101408473617956,-0.0009531586011732873,-0.000888576432930499,-0.0009014949026553525,-0.0007227871846420264,-0.0007337876307650371,-0.0006980857114524675,-0.0007152944399031142,-0.02452866283553956,-0.024534887828157714,-0.024505585725995704,-0.024530416038732312,-0.001055848733027831,-0.0010594198452391068,-0.0009601241510979186,-0.0010649121333155755,-0.0008278801910207023,-0.0008130741645219208,-0.0007925813544418236,-0.0008098432843836436,-0.0011634177866298723,-0.0011506965067472619,-0.0011589923543280367,-0.0011702776413802895,-0.0005967988385758294,-0.0005937559846118101,-0.0006467046838352086,-0.0005970508065706211,-0.00047872289130354573,-0.0004791062005282398,-0.0004994286133365167,-0.0004831782729909553,-0.0007454016467194134,-0.0007401329308897248,-0.0007803456766201711,-0.000740600782245364,-0.0010784136315566707,-0.0010764625793172858,-0.001146122522887279,-0.0010858461417274758,-0.004497603023816803,-0.004486789255655124,-0.004490702147659502,-0.004440219960753762,0.0,0.0,0.0,0.0,0.0,0.0,0.0,0.0,0.0,0.0,0.0,0.0,0.0,0.0,0.0,0.0,0.0,0.0,0.0,0.0,0.0,0.0,0.0,0.0,0.0,0.0,0.0,0.0,0.0,0.0,0.0,0.0,0.0,0.0,0.0,0.0,0.0,0.0,0.0,0.0,0.0,0.0,0.0,0.0,0.0,0.0,0.0,0.0
223_STEAM_2,-0.09373682668053018,-0.09368505730462706,-0.09390508186378738,-0.09368300577691069,-0.11990628508033,-0.11368359712178476,-0.15390405010979002,-0.05045958954348804,0.01853697282392503,-0.024993383831488948,-0.08694837987892556,-0.07773313018968979,-0.05732218781573011,-0.0459546182785824,-0.01629908342629121,-0.15284270361190078,-0.07521876261703057,-0.07518961874104839,-0.07493400042265301,-0.07512590732355734,-0.015281626090159803,-0.015177008759210688,-0.015863659942076773,-0.015374709206176389,-0.005088926329776422,-0.005049198272523148,-0.005099726313186004,-0.005118537386050376,-0.0015243769796627338,-0.001504304875715734,-0.0016043600999693375,-0.0015195387456625206,-0.0009725181077745448,-0.000986413786980611,-0.0009301029383532722,-0.0009708844068684365,-0.0010299324639800322,-0.0010137820317953627,-0.0010432147697900795,-0.0010296457873242813,-0.000707176285029365,-0.0007169510683436853,-0.0006669375633512331,-0.0006912523199450299,-0.0008533361862550493,-0.0008882731070616323,-0.000763733772920272,-0.0008290153274414596,-0.0018237830449265302,-0.0018265335971716645,-0.001797057588339257,-0.0018213680119160622,-0.001048551637475692,-0.0010347931433067892,-0.0010368209078226442,-0.0010511979511827053,-0.0010338203277490132,-0.0010059892611126164,-0.0010709791556393622,-0.0010492397625184173,-0.027405142251949066,-0.027411910899415082,-0.027386662742288292,-0.027413931807497145,-0.0010949986030650005,-0.0010829362067562576,-0.0010573907306428154,-0.0010706858243020667,-0.0010435817398949943,-0.0010315585252154147,-0.0010294406254962585,-0.0010438691227457697,-0.0010092431315894546,-0.0010085152987907575,-0.0010343255371085824,-0.001012602579487685,-0.0005756440630614312,-0.0005808960176110767,-0.0005409422662574492,-0.0005708476246792157,-0.0004919433884982283,-0.0004901877829180112,-0.0004952513552218818,-0.0004894894645620779,-0.0007577231260892593,-0.0007469318923823747,-0.0007256992921094651,-0.0007477600394488904,-0.0008260569744906996,-0.0008311155223451359,-0.0009036498518657328,-0.0008466275395322035,-0.005429563668670807,-0.00543020433671085,-0.0056381606320325475,-0.005434361800838229,0.0,0.0,0.0,0.0,0.0,0.0,0.0,0.0,0.0,0.0,0.0,0.0,0.0,0.0,0.0,0.0,0.0,0.0,0.0,0.0,0.0,0.0,0.0,0.0,0.0,0.0,0.0,0.0,0.0,0.0,0.0,0.0,0.0,0.0,0.0,0.0,0.0,0.0,0.0,0.0,0.0,0.0,0.0,0.0,0.0,0.0,0.0,0.0
223_STEAM_3,0.007551200601695118,0.0075570129789241935,0.007582549540723349,0.007553128501385911,0.0051367629753880095,0.005137486855801843,0.005152718118212718,0.00514024967945576,2.233607343304911e-05,2.4040547042636362e-05,8.67148124683581e-06,1.632680486380256e-05,0.003388662935886688,0.003386892122669405,0.003383559846009021,0.0033822230407553585,-0.020918420144074856,-0.02025650088523845,-0.04571452905959372,-0.021487183179178554,-0.10933681361430236,-0.10634618326849243,-0.0967464970707752,-0.1085094652472139,-0.015365261344241765,-0.014989154233670199,-0.01629078848258203,-0.015515722437843764,-0.001807849396741723,-0.0017540605454064995,-0.0020151750857397843,-0.0018079115164417888,-0.0011114801754300574,-0.0011065065101318883,-0.0010865057240891929,-0.001108914427498468,-0.0008341968067968608,-0.0008259168331932187,-0.0008835592330598274,-0.0008343389290616612,-0.0007445043020204434,-0.000776860048593786,-0.0006561152454862551,-0.0007471660915427722,-0.0009181452679377644,-0.000920495909808583,-0.0008622492234362511,-0.0008968372687334823,-0.0016611198103226865,-0.0016968838455424518,-0.001645962139614987,-0.001639598343885439,-0.001245140109263576,-0.0012337274180151958,-0.0013643702358399068,-0.0012490984032573992,-0.0009874510029335148,-0.0009750725358423917,-0.000986322486665081,-0.0009935061339880044,-0.029158139567392105,-0.029152130049718394,-0.02915026094519968,-0.029159471441012778,-0.0009985570879130767,-0.0009935425671416809,-0.0009800572019704745,-0.0009947404225676987,-0.0011376467999062445,-0.00112111558578476,-0.001132204903624423,-0.0011078172942899109,-0.001041625847066241,-0.0010172301157798103,-0.0011447224667406886,-0.0010407800983439032,-0.0005149838857873013,-0.0005280187665862579,-0.0004953406626322376,-0.0005205946089424662,-0.0005557841753510151,-0.000552727775874895,-0.0005398360709878425,-0.0005638370788111496,-0.0007898524228856507,-0.0007673129393916955,-0.0007845612336230268,-0.0007681565455412934,-0.000956737918484496,-0.0009531860548928073,-0.0010352331766472211,-0.0009589505656408214,-0.009331860873562192,-0.009440578445487957,-0.009852935044250888,-0.009335384750522781,0.0,0.0,0.0,0.0,0.0,0.0,0.0,0.0,0.0,0.0,0.0,0.0,0.0,0.0,0.0,0.0,0.0,0.0,0.0,0.0,0.0,0.0,0.0,0.0,0.0,0.0,0.0,0.0,0.0,0.0,0.0,0.0,0.0,0.0,0.0,0.0,0.0,0.0,0.0,0.0,0.0,0.0,0.0,0.0,0.0,0.0,0.0,0.0
301_CT_1,0.0,0.0,0.0,0.0,0.0,0.0,0.0,0.0,0.0,0.0,0.0,0.0,0.0,0.0,0.0,0.0,0.0,0.0,0.0,0.0,0.0,0.0,0.0,0.0,0.0,0.0,0.0,0.0,0.0,0.0,0.0,0.0,0.0,0.0,0.0,0.0,0.0,0.0,0.0,0.0,0.0,0.0,0.0,0.0,0.0,0.0,0.0,0.0,0.0,0.0,0.0,0.0,0.0,0.0,0.0,0.0,0.0,0.0,0.0,0.0,0.0,0.0,0.0,0.0,0.0,0.0,0.0,0.0,0.0,0.0,0.0,0.0,0.0,0.0,0.0,0.0,0.0,0.0,0.0,0.0,0.0,0.0,0.0,0.0,0.0,0.0,0.0,0.0,0.0,0.0,0.0,0.0,0.0,0.0,0.0,0.0,0.0,0.0,0.0,0.0,0.0,0.0,0.0,0.0,0.0,0.0,0.0,0.0,0.0,0.0,0.0,0.0,0.0,0.0,0.0,0.0,0.0,0.0,0.0,0.0,0.0,0.0,0.0,0.0,0.0,0.0,0.0,0.0,0.0,0.0,0.0,0.0,0.0,0.0,0.0,0.0,0.0,0.0,0.0,0.0,0.0,0.0,0.0,0.0
301_CT_2,0.0,0.0,0.0,0.0,0.0,0.0,0.0,0.0,0.0,0.0,0.0,0.0,0.0,0.0,0.0,0.0,0.0,0.0,0.0,0.0,0.0,0.0,0.0,0.0,0.0,0.0,0.0,0.0,0.0,0.0,0.0,0.0,0.0,0.0,0.0,0.0,0.0,0.0,0.0,0.0,0.0,0.0,0.0,0.0,0.0,0.0,0.0,0.0,0.0,0.0,0.0,0.0,0.0,0.0,0.0,0.0,0.0,0.0,0.0,0.0,0.0,0.0,0.0,0.0,0.0,0.0,0.0,0.0,0.0,0.0,0.0,0.0,0.0,0.0,0.0,0.0,0.0,0.0,0.0,0.0,0.0,0.0,0.0,0.0,0.0,0.0,0.0,0.0,0.0,0.0,0.0,0.0,0.0,0.0,0.0,0.0,0.0,0.0,0.0,0.0,0.0,0.0,0.0,0.0,0.0,0.0,0.0,0.0,0.0,0.0,0.0,0.0,0.0,0.0,0.0,0.0,0.0,0.0,0.0,0.0,0.0,0.0,0.0,0.0,0.0,0.0,0.0,0.0,0.0,0.0,0.0,0.0,0.0,0.0,0.0,0.0,0.0,0.0,0.0,0.0,0.0,0.0,0.0,0.0
301_CT_3,0.0,0.0,0.0,0.0,0.0,0.0,0.0,0.0,0.0,0.0,0.0,0.0,0.0,0.0,0.0,0.0,0.0,0.0,0.0,0.0,0.0,0.0,0.0,0.0,0.0,0.0,0.0,0.0,0.0,0.0,0.0,0.0,0.0,0.0,0.0,0.0,0.0,0.0,0.0,0.0,0.0,0.0,0.0,0.0,0.0,0.0,0.0,0.0,0.0,0.0,0.0,0.0,0.0,0.0,0.0,0.0,0.0,0.0,0.0,0.0,0.0,0.0,0.0,0.0,0.0,0.0,0.0,0.0,0.0,0.0,0.0,0.0,0.0,0.0,0.0,0.0,0.0,0.0,0.0,0.0,0.0,0.0,0.0,0.0,0.0,0.0,0.0,0.0,0.0,0.0,0.0,0.0,0.0,0.0,0.0,0.0,0.0,0.0,0.0,0.0,0.0,0.0,0.0,0.0,0.0,0.0,0.0,0.0,0.0,0.0,0.0,0.0,0.0,0.0,0.0,0.0,0.0,0.0,0.0,0.0,0.0,0.0,0.0,0.0,0.0,0.0,0.0,0.0,0.0,0.0,0.0,0.0,0.0,0.0,0.0,0.0,0.0,0.0,0.0,0.0,0.0,0.0,0.0,0.0
301_CT_4,0.0,0.0,0.0,0.0,0.0,0.0,0.0,0.0,0.0,0.0,0.0,0.0,0.0,0.0,0.0,0.0,0.0,0.0,0.0,0.0,0.0,0.0,0.0,0.0,0.0,0.0,0.0,0.0,0.0,0.0,0.0,0.0,0.0,0.0,0.0,0.0,0.0,0.0,0.0,0.0,0.0,0.0,0.0,0.0,0.0,0.0,0.0,0.0,0.0,0.0,0.0,0.0,0.0,0.0,0.0,0.0,0.0,0.0,0.0,0.0,0.0,0.0,0.0,0.0,0.0,0.0,0.0,0.0,0.0,0.0,0.0,0.0,0.0,0.0,0.0,0.0,0.0,0.0,0.0,0.0,0.0,0.0,0.0,0.0,0.0,0.0,0.0,0.0,0.0,0.0,0.0,0.0,0.0,0.0,0.0,0.0,0.0,0.0,0.0,0.0,0.0,0.0,0.0,0.0,0.0,0.0,0.0,0.0,0.0,0.0,0.0,0.0,0.0,0.0,0.0,0.0,0.0,0.0,0.0,0.0,0.0,0.0,0.0,0.0,0.0,0.0,0.0,0.0,0.0,0.0,0.0,0.0,0.0,0.0,0.0,0.0,0.0,0.0,0.0,0.0,0.0,0.0,0.0,0.0
302_CT_1,0.0,0.0,0.0,0.0,0.0,0.0,0.0,0.0,0.0,0.0,0.0,0.0,0.0,0.0,0.0,0.0,0.0,0.0,0.0,0.0,0.0,0.0,0.0,0.0,0.0,0.0,0.0,0.0,0.0,0.0,0.0,0.0,0.0,0.0,0.0,0.0,0.0,0.0,0.0,0.0,0.0,0.0,0.0,0.0,0.0,0.0,0.0,0.0,0.0,0.0,0.0,0.0,0.0,0.0,0.0,0.0,0.0,0.0,0.0,0.0,0.0,0.0,0.0,0.0,0.0,0.0,0.0,0.0,0.0,0.0,0.0,0.0,0.0,0.0,0.0,0.0,0.0,0.0,0.0,0.0,0.0,0.0,0.0,0.0,0.0,0.0,0.0,0.0,0.0,0.0,0.0,0.0,0.0,0.0,0.0,0.0,0.0,0.0,0.0,0.0,0.0,0.0,0.0,0.0,0.0,0.0,0.0,0.0,0.0,0.0,0.0,0.0,0.0,0.0,0.0,0.0,0.0,0.0,0.0,0.0,0.0,0.0,0.0,0.0,0.0,0.0,0.0,0.0,0.0,0.0,0.0,0.0,0.0,0.0,0.0,0.0,0.0,0.0,0.0,0.0,0.0,0.0,0.0,0.0
302_CT_2,0.0,0.0,0.0,0.0,0.0,0.0,0.0,0.0,0.0,0.0,0.0,0.0,0.0,0.0,0.0,0.0,0.0,0.0,0.0,0.0,0.0,0.0,0.0,0.0,0.0,0.0,0.0,0.0,0.0,0.0,0.0,0.0,0.0,0.0,0.0,0.0,0.0,0.0,0.0,0.0,0.0,0.0,0.0,0.0,0.0,0.0,0.0,0.0,0.0,0.0,0.0,0.0,0.0,0.0,0.0,0.0,0.0,0.0,0.0,0.0,0.0,0.0,0.0,0.0,0.0,0.0,0.0,0.0,0.0,0.0,0.0,0.0,0.0,0.0,0.0,0.0,0.0,0.0,0.0,0.0,0.0,0.0,0.0,0.0,0.0,0.0,0.0,0.0,0.0,0.0,0.0,0.0,0.0,0.0,0.0,0.0,0.0,0.0,0.0,0.0,0.0,0.0,0.0,0.0,0.0,0.0,0.0,0.0,0.0,0.0,0.0,0.0,0.0,0.0,0.0,0.0,0.0,0.0,0.0,0.0,0.0,0.0,0.0,0.0,0.0,0.0,0.0,0.0,0.0,0.0,0.0,0.0,0.0,0.0,0.0,0.0,0.0,0.0,0.0,0.0,0.0,0.0,0.0,0.0
302_CT_3,0.0,0.0,0.0,0.0,0.0,0.0,0.0,0.0,0.0,0.0,0.0,0.0,0.0,0.0,0.0,0.0,0.0,0.0,0.0,0.0,0.0,0.0,0.0,0.0,0.0,0.0,0.0,0.0,0.0,0.0,0.0,0.0,0.0,0.0,0.0,0.0,0.0,0.0,0.0,0.0,0.0,0.0,0.0,0.0,0.0,0.0,0.0,0.0,0.0,0.0,0.0,0.0,0.0,0.0,0.0,0.0,0.0,0.0,0.0,0.0,0.0,0.0,0.0,0.0,0.0,0.0,0.0,0.0,0.0,0.0,0.0,0.0,0.0,0.0,0.0,0.0,0.0,0.0,0.0,0.0,0.0,0.0,0.0,0.0,0.0,0.0,0.0,0.0,0.0,0.0,0.0,0.0,0.0,0.0,0.0,0.0,0.0,0.0,0.0,0.0,0.0,0.0,0.0,0.0,0.0,0.0,0.0,0.0,0.0,0.0,0.0,0.0,0.0,0.0,0.0,0.0,0.0,0.0,0.0,0.0,0.0,0.0,0.0,0.0,0.0,0.0,0.0,0.0,0.0,0.0,0.0,0.0,0.0,0.0,0.0,0.0,0.0,0.0,0.0,0.0,0.0,0.0,0.0,0.0
302_CT_4,0.0,0.0,0.0,0.0,0.0,0.0,0.0,0.0,0.0,0.0,0.0,0.0,0.0,0.0,0.0,0.0,0.0,0.0,0.0,0.0,0.0,0.0,0.0,0.0,0.0,0.0,0.0,0.0,0.0,0.0,0.0,0.0,0.0,0.0,0.0,0.0,0.0,0.0,0.0,0.0,0.0,0.0,0.0,0.0,0.0,0.0,0.0,0.0,0.0,0.0,0.0,0.0,0.0,0.0,0.0,0.0,0.0,0.0,0.0,0.0,0.0,0.0,0.0,0.0,0.0,0.0,0.0,0.0,0.0,0.0,0.0,0.0,0.0,0.0,0.0,0.0,0.0,0.0,0.0,0.0,0.0,0.0,0.0,0.0,0.0,0.0,0.0,0.0,0.0,0.0,0.0,0.0,0.0,0.0,0.0,0.0,0.0,0.0,0.0,0.0,0.0,0.0,0.0,0.0,0.0,0.0,0.0,0.0,0.0,0.0,0.0,0.0,0.0,0.0,0.0,0.0,0.0,0.0,0.0,0.0,0.0,0.0,0.0,0.0,0.0,0.0,0.0,0.0,0.0,0.0,0.0,0.0,0.0,0.0,0.0,0.0,0.0,0.0,0.0,0.0,0.0,0.0,0.0,0.0
303_WIND_1,-0.6570634540353382,0.3430655348433236,-0.657792067347323,-0.6566833867592373,-0.6645114339598983,0.33548047147739446,-0.6644347763944864,-0.6645419733333887,-0.6161197236959826,0.383046238479146,-0.6163363552942656,-0.6161189463695431,-0.5876742619308963,0.41228907213569155,-0.5874720304888612,-0.5873687500440463,-0.4539855148805767,0.5459493692927309,-0.45169524619629087,-0.4539303473992659,-0.5139852643747354,0.48612493839908133,-0.5138878610125417,-0.5139769296246159,-0.3988859316310944,0.6009051278152437,-0.3965906014091942,-0.3988821583573199,-0.3705617595808617,0.6294155022234467,-0.37037757825937234,-0.3705790775807174,-0.27998082296932303,0.7200103583345934,-0.2799500623125226,-0.2799907597166955,-0.0023234114606816014,0.9976777319002412,-0.002320072021017694,-0.0023226689041689697,-0.0014006705044617984,0.9985934328268087,-0.0013728987003673865,-0.0014017659058525292,-0.001659909553308525,0.9982838056330321,-0.0015162534099992797,-0.001598293767946312,-0.004008942037444951,0.9959991382381705,-0.003997758304954857,-0.003996411799411611,-0.002547974688063448,0.9973918694764468,-0.0024844587058225898,-0.0025352646527568006,-0.0016060115237284123,0.9983961259064547,-0.0016154493447970708,-0.0016077501965273047,-0.033172736338088704,0.966823490106365,-0.03319577661051554,-0.033173270358055375,-0.0041341659175153644,0.9958615125013646,-0.0041569022864162974,-0.004137903208142463,-0.0061952178351387666,0.993798673809283,-0.0062222391015254175,-0.006199187657732966,-0.005713478132324035,0.9942986217421712,-0.005758496453314166,-0.00570806868887975,-0.045027465716033,0.954976085994562,-0.04498967174142621,-0.04502736766062991,-0.05271524157907259,0.94726990480349,-0.052599986604263904,-0.05271619176365407,-0.08058512500386072,0.9198442783480818,-0.08016019359724069,-0.08014709267347478,-0.22834084328169713,0.7716369869362381,-0.22827242339570475,-0.22834868298232336,-0.2999047289078707,0.7001305060564444,-0.2997741904075717,-0.29990338842887054,0.0,0.0,0.0,0.0,0.0,0.0,0.0,0.0,0.0,0.0,0.0,0.0,0.0,0.0,0.0,0.0,0.0,0.0,0.0,0.0,0.0,0.0,0.0,0.0,0.0,0.0,0.0,0.0,0.0,0.0,0.0,0.0,0.0,0.0,0.0,0.0,0.0,0.0,0.0,0.0,0.0,0.0,0.0,0.0,0.0,0.0,0.0,0.0
307_CT_1,0.0,0.0,0.0,0.0,0.0,0.0,0.0,0.0,0.0,0.0,0.0,0.0,0.0,0.0,0.0,0.0,0.0,0.0,0.0,0.0,0.0,0.0,0.0,0.0,0.0,0.0,0.0,0.0,0.0,0.0,0.0,0.0,0.0,0.0,0.0,0.0,0.0,0.0,0.0,0.0,0.0,0.0,0.0,0.0,0.0,0.0,0.0,0.0,0.0,0.0,0.0,0.0,0.0,0.0,0.0,0.0,0.0,0.0,0.0,0.0,0.0,0.0,0.0,0.0,0.0,0.0,0.0,0.0,0.0,0.0,0.0,0.0,0.0,0.0,0.0,0.0,0.0,0.0,0.0,0.0,0.0,0.0,0.0,0.0,0.0,0.0,0.0,0.0,0.0,0.0,0.0,0.0,0.0,0.0,0.0,0.0,0.0,0.0,0.0,0.0,0.0,0.0,0.0,0.0,0.0,0.0,0.0,0.0,0.0,0.0,0.0,0.0,0.0,0.0,0.0,0.0,0.0,0.0,0.0,0.0,0.0,0.0,0.0,0.0,0.0,0.0,0.0,0.0,0.0,0.0,0.0,0.0,0.0,0.0,0.0,0.0,0.0,0.0,0.0,0.0,0.0,0.0,0.0,0.0
307_CT_2,0.0,0.0,0.0,0.0,0.0,0.0,0.0,0.0,0.0,0.0,0.0,0.0,0.0,0.0,0.0,0.0,0.0,0.0,0.0,0.0,0.0,0.0,0.0,0.0,0.0,0.0,0.0,0.0,0.0,0.0,0.0,0.0,0.0,0.0,0.0,0.0,0.0,0.0,0.0,0.0,0.0,0.0,0.0,0.0,0.0,0.0,0.0,0.0,0.0,0.0,0.0,0.0,0.0,0.0,0.0,0.0,0.0,0.0,0.0,0.0,0.0,0.0,0.0,0.0,0.0,0.0,0.0,0.0,0.0,0.0,0.0,0.0,0.0,0.0,0.0,0.0,0.0,0.0,0.0,0.0,0.0,0.0,0.0,0.0,0.0,0.0,0.0,0.0,0.0,0.0,0.0,0.0,0.0,0.0,0.0,0.0,0.0,0.0,0.0,0.0,0.0,0.0,0.0,0.0,0.0,0.0,0.0,0.0,0.0,0.0,0.0,0.0,0.0,0.0,0.0,0.0,0.0,0.0,0.0,0.0,0.0,0.0,0.0,0.0,0.0,0.0,0.0,0.0,0.0,0.0,0.0,0.0,0.0,0.0,0.0,0.0,0.0,0.0,0.0,0.0,0.0,0.0,0.0,0.0
309_WIND_1,-0.0016844355345206896,-0.0016853270114722818,0.9983185541715329,-0.001684819142643419,-0.002670509833802237,-0.0026691829426470637,0.9973297474723068,-0.0026584067701408256,-0.0010179145745874418,-0.0010189631582160352,0.9989658321475492,-0.0010208076937059313,-0.0027379232421164135,-0.002745652935040477,0.997256635328533,-0.002736074870029445,-0.0013593906354762986,-0.001361133700738315,0.998640055262674,-0.0013605674944206748,-0.0017582381760214982,-0.0017523327145119172,0.9982813796278487,-0.00175552665885785,-0.0014483959526896406,-0.001461814472635714,0.9985502698222324,-0.0014466172128657366,-0.0011632142385888944,-0.0011694993329252057,0.998883267976356,-0.0011580384388391964,-0.00131538667857245,-0.0013157040243167994,0.9987229304163368,-0.0013116850772102115,-0.002525958424562047,-0.002521086159463226,0.9974489640716644,-0.002529832292635261,-0.001757482712425984,-0.0017586564111764513,0.9982476514964365,-0.0017603528398679644,-0.0014026726429055558,-0.001447822104603702,0.9987854991685232,-0.0013582816390671452,-0.0037093160709095185,-0.003713924725433193,0.99631125015026,-0.0037073506210507047,-0.002749324787670593,-0.0027786022497109375,0.9973188210704746,-0.0027508514631630634,-0.0016808708629131308,-0.0016807373516758428,0.9983257608497018,-0.0016823753743759795,-0.029181344799643405,-0.029178499603065455,0.9708189841908125,-0.0291846046215437,-0.005350818031391924,-0.005352199964363535,0.9946749672759874,-0.005353848252927759,-0.005742824172308092,-0.005737846650131884,0.9942572913387373,-0.005737649354907254,-0.008905243092100612,-0.008889925857718861,0.9908702161675884,-0.008920634817842134,-0.002544655822994124,-0.0025528480368575135,0.997447865230189,-0.0025522793382385116,-0.0016809811666239627,-0.001681416445923345,0.9983258564668992,-0.0016776322041316626,-0.004064621839440896,-0.0040382879822407625,0.9959508679663744,-0.0040450095346761025,-0.050466528355620266,-0.05048060635556084,0.9496322909188306,-0.05046738298986293,-0.01750413871004608,-0.0175168808954822,0.9825090673984107,-0.017517359081573078,0.0,0.0,0.0,0.0,0.0,0.0,0.0,0.0,0.0,0.0,0.0,0.0,0.0,0.0,0.0,0.0,0.0,0.0,0.0,0.0,0.0,0.0,0.0,0.0,0.0,0.0,0.0,0.0,0.0,0.0,0.0,0.0,0.0,0.0,0.0,0.0,0.0,0.0,0.0,0.0,0.0,0.0,0.0,0.0,0.0,0.0,0.0,0.0
313_CC_1,0.0,0.0,0.0,0.0,0.0,0.0,0.0,0.0,0.0,0.0,0.0,0.0,0.0,0.0,0.0,0.0,0.0,0.0,0.0,0.0,0.0,0.0,0.0,0.0,0.0,0.0,0.0,0.0,0.0,0.0,0.0,0.0,0.0,0.0,0.0,0.0,-0.1783343248070457,-0.1783489022614515,-0.17808798934214032,-0.17834263834278158,-0.0017844242788354059,-0.0017535310620637734,-0.0018220186560959917,-0.001801419876513175,-0.0018639721038773427,-0.0019216358026132863,-0.001665953248506824,-0.0017816953865647895,-0.0033716636587856064,-0.0034876243036348065,-0.0031340095626370967,-0.0033474887230613586,-0.0024259375465384148,-0.002403721136667425,-0.0024393443937347215,-0.002418275503533724,-0.0020658350704029216,-0.0020803384284542314,-0.0020767071756595534,-0.002070804169722143,-0.026130310427216585,-0.02612334562511387,-0.026140763873881756,-0.02612384660613819,-0.006679937294368332,-0.006674008241261908,-0.006679773090534358,-0.006672244192745324,-0.00879472226232103,-0.008787010962701958,-0.008811637376402448,-0.00879119839076832,-0.02538739993962036,-0.025366503255397244,-0.02600205297329161,-0.02545019673183846,-0.0029236947504999167,-0.002929998721575955,-0.002971192149430202,-0.0029384776702865187,-0.0026835615268137047,-0.002697722729622709,-0.002611884635491002,-0.002684872466863434,-0.004876160232985982,-0.004850916001676364,-0.00483640487069259,-0.004870574431395192,-0.11801464745836698,-0.118021921276935,-0.11796498725179294,-0.11803747515162726,-0.1138147567218778,-0.11393454030464695,-0.11527994384521056,-0.11391092790554337,0.0,0.0,0.0,0.0,0.0,0.0,0.0,0.0,0.0,0.0,0.0,0.0,0.0,0.0,0.0,0.0,0.0,0.0,0.0,0.0,0.0,0.0,0.0,0.0,0.0,0.0,0.0,0.0,0.0,0.0,0.0,0.0,0.0,0.0,0.0,0.0,0.0,0.0,0.0,0.0,0.0,0.0,0.0,0.0,0.0,0.0,0.0,0.0
315_CT_6,0.0011561836322900865,0.0011549536898669,0.0011549729650399687,0.001156347539430633,0.001115853657450816,0.0011158350785519244,0.0011376864635570527,0.0011137524122049474,1.7086319157366692e-05,1.6542985141893007e-05,2.0237125925470778e-05,1.5225083254984093e-05,0.001153912442903679,0.0011545566587865819,0.001147776788959387,0.0011544426145939403,0.0007017775932699061,0.0007017761053265126,0.0006845145851934742,0.0006998216621485314,0.0014863950212237742,0.0014869414480515042,0.0014871718775695264,0.0014880809825369651,0.0012793412045631336,0.0012836816756561786,0.00126768661132437,0.0012787958532400811,0.004309693796244213,0.0042943691405071815,0.004396832746117907,0.004309364430512039,-0.0015245425194901213,-0.0016382566720293257,-0.001275369899982337,-0.0014924110112574712,-0.0014752542581551314,-0.001472084177256916,-0.001448678782145163,-0.0014568114877680344,-0.0007987151592990793,-0.0008290226123556788,-0.0009592676494822872,-0.0007797862046456047,-0.0010557054232284285,-0.0012189841825955838,-0.0006461786102380795,-0.000983003998983427,-0.002126041410537752,-0.0012913503709748165,-0.0035740784721642145,-0.002532898222832313,-0.0014298884149566411,-0.0012266346198934013,-0.0009024702733617888,-0.001665476115704207,-0.001311533991785955,-0.001414364809453566,-0.0014896094887248733,-0.0013930097743947232,-0.01836525296812622,-0.018461514036689122,-0.01785528097892846,-0.01848888478051074,-0.0033999191468969364,-0.003441484599530821,-0.0029297188836725323,-0.0034296958825808027,-0.002486302676018135,-0.0024148019947451875,-0.0028888437613901414,-0.002501918626562095,0.0,0.0,0.0,0.0,0.0,0.0,0.0,0.0,0.0,0.0,0.0,0.0,0.0,0.0,0.0,0.0,0.0,0.0,0.0,0.0,0.0,0.0,0.0,0.0,0.0,0.0,0.0,0.0,0.0,0.0,0.0,0.0,0.0,0.0,0.0,0.0,0.0,0.0,0.0,0.0,0.0,0.0,0.0,0.0,0.0,0.0,0.0,0.0,0.0,0.0,0.0,0.0,0.0,0.0,0.0,0.0,0.0,0.0,0.0,0.0,0.0,0.0,0.0,0.0,0.0,0.0,0.0,0.0,0.0,0.0,0.0,0.0
315_CT_7,0.0,0.0,0.0,0.0,0.0,0.0,0.0,0.0,0.0,0.0,0.0,0.0,0.0,0.0,0.0,0.0,0.0,0.0,0.0,0.0,0.0,0.0,0.0,0.0,0.0,0.0,0.0,0.0,0.0,0.0,0.0,0.0,0.0,0.0,0.0,0.0,0.0,0.0,0.0,0.0,0.0,0.0,0.0,0.0,0.0,0.0,0.0,0.0,-0.0025341736087911757,-0.0018152803177093725,-0.005443023054724302,-0.0029658596455718273,-0.0013984292207958905,-0.0010771016967403768,-0.002047759820271013,-0.0016566482247559189,-0.0014746355702317463,-0.0016164158034093121,-0.0011190318453884749,-0.0014952275930930293,-0.01964355573845222,-0.019741758359947147,-0.01968770738826104,-0.01971808499519705,-0.0026003319773036508,-0.002749092646641629,-0.001989227607299542,-0.002819107491245219,-0.0029262932505198383,-0.002652372578658812,-0.0032449558625915935,-0.0028138515591355773,0.0,0.0,0.0,0.0,0.0,0.0,0.0,0.0,0.0,0.0,0.0,0.0,0.0,0.0,0.0,0.0,0.0,0.0,0.0,0.0,0.0,0.0,0.0,0.0,0.0,0.0,0.0,0.0,0.0,0.0,0.0,0.0,0.0,0.0,0.0,0.0,0.0,0.0,0.0,0.0,0.0,0.0,0.0,0.0,0.0,0.0,0.0,0.0,0.0,0.0,0.0,0.0,0.0,0.0,0.0,0.0,0.0,0.0,0.0,0.0,0.0,0.0,0.0,0.0,0.0,0.0,0.0,0.0,0.0,0.0,0.0,0.0
315_CT_8,0.0,0.0,0.0,0.0,0.0,0.0,0.0,0.0,0.0,0.0,0.0,0.0,0.0,0.0,0.0,0.0,0.0,0.0,0.0,0.0,0.0,0.0,0.0,0.0,0.0,0.0,0.0,0.0,0.0,0.0,0.0,0.0,0.0,0.0,0.0,0.0,0.0,0.0,0.0,0.0,0.0,0.0,0.0,0.0,0.0,0.0,0.0,0.0,-0.0024500507142559357,-0.0027401998387240087,0.0006465542885980679,-0.0021830017959546754,-0.0016646931079944965,-0.0013720097032164343,-0.0034034077968092746,-0.0017562980489435446,-0.0015472938627840852,-0.0014921885750441885,-0.0016316441243479864,-0.0015408525075869147,-0.01838077545729566,-0.018354552834913516,-0.018255838617973974,-0.01852576805758858,-0.0023243955816758173,-0.002370389332603247,-0.002871986824398433,-0.0025559820369570477,-0.002937599017974306,-0.00301312192246339,-0.004083961554512199,-0.003041479935523476,0.0,0.0,0.0,0.0,0.0,0.0,0.0,0.0,0.0,0.0,0.0,0.0,0.0,0.0,0.0,0.0,0.0,0.0,0.0,0.0,0.0,0.0,0.0,0.0,0.0,0.0,0.0,0.0,0.0,0.0,0.0,0.0,0.0,0.0,0.0,0.0,0.0,0.0,0.0,0.0,0.0,0.0,0.0,0.0,0.0,0.0,0.0,0.0,0.0,0.0,0.0,0.0,0.0,0.0,0.0,0.0,0.0,0.0,0.0,0.0,0.0,0.0,0.0,0.0,0.0,0.0,0.0,0.0,0.0,0.0,0.0,0.0
315_STEAM_1,0.0,0.0,0.0,0.0,0.0,0.0,0.0,0.0,0.0,0.0,0.0,0.0,0.0,0.0,0.0,0.0,0.0,0.0,0.0,0.0,0.0,0.0,0.0,0.0,0.0,0.0,0.0,0.0,0.0,0.0,0.0,0.0,0.0,0.0,0.0,0.0,0.0,0.0,0.0,0.0,0.0,0.0,0.0,0.0,0.0,0.0,0.0,0.0,0.0,0.0,0.0,0.0,0.0,0.0,0.0,0.0,0.0,0.0,0.0,0.0,0.0,0.0,0.0,0.0,0.0,0.0,0.0,0.0,0.0,0.0,0.0,0.0,0.0,0.0,0.0,0.0,0.0,0.0,0.0,0.0,0.0,0.0,0.0,0.0,0.0,0.0,0.0,0.0,0.0,0.0,0.0,0.0,0.0,0.0,0.0,0.0,0.0,0.0,0.0,0.0,0.0,0.0,0.0,0.0,0.0,0.0,0.0,0.0,0.0,0.0,0.0,0.0,0.0,0.0,0.0,0.0,0.0,0.0,0.0,0.0,0.0,0.0,0.0,0.0,0.0,0.0,0.0,0.0,0.0,0.0,0.0,0.0,0.0,0.0,0.0,0.0,0.0,0.0,0.0,0.0,0.0,0.0,0.0,0.0
315_STEAM_2,0.0,0.0,0.0,0.0,0.0,0.0,0.0,0.0,0.0,0.0,0.0,0.0,0.0,0.0,0.0,0.0,0.0,0.0,0.0,0.0,0.0,0.0,0.0,0.0,0.0,0.0,0.0,0.0,0.0,0.0,0.0,0.0,0.0,0.0,0.0,0.0,0.0,0.0,0.0,0.0,0.0,0.0,0.0,0.0,0.0,0.0,0.0,0.0,0.0,0.0,0.0,0.0,0.0,0.0,0.0,0.0,0.0,0.0,0.0,0.0,0.0,0.0,0.0,0.0,0.0,0.0,0.0,0.0,0.0,0.0,0.0,0.0,0.0,0.0,0.0,0.0,0.0,0.0,0.0,0.0,0.0,0.0,0.0,0.0,0.0,0.0,0.0,0.0,0.0,0.0,0.0,0.0,0.0,0.0,0.0,0.0,0.0,0.0,0.0,0.0,0.0,0.0,0.0,0.0,0.0,0.0,0.0,0.0,0.0,0.0,0.0,0.0,0.0,0.0,0.0,0.0,0.0,0.0,0.0,0.0,0.0,0.0,0.0,0.0,0.0,0.0,0.0,0.0,0.0,0.0,0.0,0.0,0.0,0.0,0.0,0.0,0.0,0.0,0.0,0.0,0.0,0.0,0.0,0.0
315_STEAM_3,0.0,0.0,0.0,0.0,0.0,0.0,0.0,0.0,0.0,0.0,0.0,0.0,0.0,0.0,0.0,0.0,0.0,0.0,0.0,0.0,0.0,0.0,0.0,0.0,0.0,0.0,0.0,0.0,0.0,0.0,0.0,0.0,0.0,0.0,0.0,0.0,0.0,0.0,0.0,0.0,0.0,0.0,0.0,0.0,0.0,0.0,0.0,0.0,0.0,0.0,0.0,0.0,0.0,0.0,0.0,0.0,0.0,0.0,0.0,0.0,0.0,0.0,0.0,0.0,0.0,0.0,0.0,0.0,0.0,0.0,0.0,0.0,0.0,0.0,0.0,0.0,0.0,0.0,0.0,0.0,0.0,0.0,0.0,0.0,0.0,0.0,0.0,0.0,0.0,0.0,0.0,0.0,0.0,0.0,0.0,0.0,0.0,0.0,0.0,0.0,0.0,0.0,0.0,0.0,0.0,0.0,0.0,0.0,0.0,0.0,0.0,0.0,0.0,0.0,0.0,0.0,0.0,0.0,0.0,0.0,0.0,0.0,0.0,0.0,0.0,0.0,0.0,0.0,0.0,0.0,0.0,0.0,0.0,0.0,0.0,0.0,0.0,0.0,0.0,0.0,0.0,0.0,0.0,0.0
315_STEAM_4,0.0,0.0,0.0,0.0,0.0,0.0,0.0,0.0,0.0,0.0,0.0,0.0,0.0,0.0,0.0,0.0,0.0,0.0,0.0,0.0,0.0,0.0,0.0,0.0,0.0,0.0,0.0,0.0,0.0,0.0,0.0,0.0,0.0,0.0,0.0,0.0,0.0,0.0,0.0,0.0,0.0,0.0,0.0,0.0,0.0,0.0,0.0,0.0,0.0,0.0,0.0,0.0,0.0,0.0,0.0,0.0,0.0,0.0,0.0,0.0,0.0,0.0,0.0,0.0,0.0,0.0,0.0,0.0,0.0,0.0,0.0,0.0,0.0,0.0,0.0,0.0,0.0,0.0,0.0,0.0,0.0,0.0,0.0,0.0,0.0,0.0,0.0,0.0,0.0,0.0,0.0,0.0,0.0,0.0,0.0,0.0,0.0,0.0,0.0,0.0,0.0,0.0,0.0,0.0,0.0,0.0,0.0,0.0,0.0,0.0,0.0,0.0,0.0,0.0,0.0,0.0,0.0,0.0,0.0,0.0,0.0,0.0,0.0,0.0,0.0,0.0,0.0,0.0,0.0,0.0,0.0,0.0,0.0,0.0,0.0,0.0,0.0,0.0,0.0,0.0,0.0,0.0,0.0,0.0
315_STEAM_5,0.0,0.0,0.0,0.0,0.0,0.0,0.0,0.0,0.0,0.0,0.0,0.0,0.0,0.0,0.0,0.0,0.0,0.0,0.0,0.0,0.0,0.0,0.0,0.0,0.0,0.0,0.0,0.0,0.0,0.0,0.0,0.0,0.0,0.0,0.0,0.0,0.0,0.0,0.0,0.0,0.0,0.0,0.0,0.0,0.0,0.0,0.0,0.0,0.0,0.0,0.0,0.0,0.0,0.0,0.0,0.0,0.0,0.0,0.0,0.0,0.0,0.0,0.0,0.0,0.0,0.0,0.0,0.0,0.0,0.0,0.0,0.0,0.0,0.0,0.0,0.0,0.0,0.0,0.0,0.0,0.0,0.0,0.0,0.0,0.0,0.0,0.0,0.0,0.0,0.0,0.0,0.0,0.0,0.0,0.0,0.0,0.0,0.0,0.0,0.0,0.0,0.0,0.0,0.0,0.0,0.0,0.0,0.0,0.0,0.0,0.0,0.0,0.0,0.0,0.0,0.0,0.0,0.0,0.0,0.0,0.0,0.0,0.0,0.0,0.0,0.0,0.0,0.0,0.0,0.0,0.0,0.0,0.0,0.0,0.0,0.0,0.0,0.0,0.0,0.0,0.0,0.0,0.0,0.0
316_STEAM_1,0.0017019966807599873,0.001702974648720823,0.0017432755208384165,0.0017040002924435887,0.0011196672764937077,0.0011190624833781193,0.0011795377638579296,0.0011179157252143711,1.8453405223328723e-05,1.8101747730092654e-05,8.688461598627129e-06,1.435559279304349e-05,0.0007871243114395687,0.0007893594868354503,0.0007773414511045296,0.0007883572474386626,0.0009796485825437906,0.0009876348468787488,0.0009251895996986725,0.0009708269542589341,0.0018303541526721867,0.0018291519829963798,0.001818300496720493,0.0018215513062459028,-0.09140117535637654,-0.09296163558782689,-0.08368512638905035,-0.09442728665943403,-0.009769540084639206,-0.009761676426842447,-0.009704892203051152,-0.009801474800441058,-0.0015544434300931997,-0.0015437088304449675,-0.0015360213628268227,-0.0015548660635618153,-0.0018314863649889768,-0.0018015415917981281,-0.0018945978398581254,-0.0018389067725470328,-0.0011828582457763526,-0.0011710278017312836,-0.0012557527032823756,-0.001186308445404266,-0.0012446839642406005,-0.0012661661747599418,-0.0010957190143177087,-0.001211890891390252,-0.0030307614706175934,-0.003022233316857692,-0.003020186067286712,-0.0030286614421533562,-0.001672982867692796,-0.0017069498796205007,-0.0016320827833191665,-0.001650516056129659,-0.0015492697530020694,-0.0015163232697720241,-0.00153238433273728,-0.001566017904562742,-0.023925171706448145,-0.02392117455403381,-0.023933775813482105,-0.023939196484641077,-0.002930066277401333,-0.0029282105390798507,-0.002982896572579996,-0.0029237756225824465,-0.0032649152333266707,-0.003274776616060182,-0.003141514336586493,-0.003265441085277117,-0.004328784469434188,-0.004366403396480312,-0.004303498740232614,-0.004356561896881912,-0.0016767226708310767,-0.0016805560650753892,-0.0016868057150878357,-0.0016856100087531223,-0.0017425021647897443,-0.0017416883044664155,-0.0017720548876121178,-0.0017450342582321864,-0.002795710147468655,-0.0027652270029134007,-0.002692779696926495,-0.0027535454635067113,-0.006169248631003432,-0.0061422944249691636,-0.006230667600761741,-0.006155529673091154,0.0020098990095195335,0.0019950735427616273,0.0018644079371177291,0.001960661900500401,0.0,0.0,0.0,0.0,0.0,0.0,0.0,0.0,0.0,0.0,0.0,0.0,0.0,0.0,0.0,0.0,0.0,0.0,0.0,0.0,0.0,0.0,0.0,0.0,0.0,0.0,0.0,0.0,0.0,0.0,0.0,0.0,0.0,0.0,0.0,0.0,0.0,0.0,0.0,0.0,0.0,0.0,0.0,0.0,0.0,0.0,0.0,0.0
317_WIND_1,-0.0025417405371666035,-0.002527863133353847,-0.002509152877294696,0.9974717469372187,-0.004000671698158875,-0.004001319069232956,-0.003950390421692873,0.9960036434247558,-0.0012406335187176154,-0.0012502485899013038,-0.0011871368780163039,0.9987493190716907,-0.004279297142812943,-0.004263486667948513,-0.00428032537052303,0.9957313879825839,-0.0024708026637347835,-0.0024801605938380433,-0.0024403495703033684,0.9975287421439738,-0.0031922367829144704,-0.0031839902596484393,-0.003178337267076614,0.9968126761964012,-0.001868077603269569,-0.0018765654100381113,-0.0018097371185348265,0.9981393729589769,-0.0018354922347607605,-0.0018294643429861424,-0.001872559501947535,0.9981621791996655,-0.0022911915346366385,-0.002289118508794985,-0.002271178378549621,0.9977070714354364,-0.0015558775354356236,-0.001557774613941021,-0.0015554773416184275,0.9984428740137603,-0.0015499847705193748,-0.0015490484059039744,-0.0015511042622868842,0.9984505694547491,-0.0016417942670134966,-0.0016918756932264856,-0.0014785749754722133,0.9984139089813984,-0.0027539363332731437,-0.0027584364890067548,-0.0028058354225102278,0.9972586188896436,-0.0020184636072304585,-0.0020162582152156716,-0.002031128864864229,0.9979784279140539,-0.0019223273363397908,-0.0019230674685601912,-0.0019328928991289018,0.9980844362913568,-0.03153941118251202,-0.03153575491350846,-0.031531490135431994,0.9684731717834114,-0.0023103898666869682,-0.0023142701541001287,-0.0022914136877165703,0.9976821151391008,-0.004031756330759251,-0.004036353422831596,-0.004098722258287779,0.9959567315758645,-0.003032857532957678,-0.0030251295907151032,-0.00309068616159891,0.9969655364054469,-0.002119832414020806,-0.0021292048375607386,-0.002101046758692604,0.997874979539979,-0.0017577695454229492,-0.0017672503706425147,-0.0017316140402474645,0.9982382741182606,-0.003114763851515434,-0.0030982110471349245,-0.00310686556639439,0.996893641171754,-0.004587413463536194,-0.004588809662223525,-0.0045352853859839115,0.99542156092124,-0.0033904125251318362,-0.0033793908829897745,-0.003398807057536146,0.9966138695023015,0.0,0.0,0.0,0.0,0.0,0.0,0.0,0.0,0.0,0.0,0.0,0.0,0.0,0.0,0.0,0.0,0.0,0.0,0.0,0.0,0.0,0.0,0.0,0.0,0.0,0.0,0.0,0.0,0.0,0.0,0.0,0.0,0.0,0.0,0.0,0.0,0.0,0.0,0.0,0.0,0.0,0.0,0.0,0.0,0.0,0.0,0.0,0.0
318_CC_1,0.0,0.0,0.0,0.0,0.0,0.0,0.0,0.0,0.0,0.0,0.0,0.0,0.0,0.0,0.0,0.0,0.0,0.0,0.0,0.0,0.0,0.0,0.0,0.0,0.0,0.0,0.0,0.0,0.0,0.0,0.0,0.0,0.0,0.0,0.0,0.0,0.0,0.0,0.0,0.0,-0.19218483785681983,-0.192204716753265,-0.19243771715172198,-0.192138260063469,-0.0021539602072770947,-0.0019024148684310127,-0.002697466829067352,-0.0022394631140015813,-0.0027688732915245318,-0.0020948755776153405,-0.0055458924712343816,-0.003227492950921986,-0.0019292768378423863,-0.0018752113669311399,-0.0001403880868755536,-0.001890839993290029,-0.0016105068462130001,-0.001694659866021242,-0.0017382672135481947,-0.0014195717897607532,-0.03953953882110445,-0.03970249696544714,-0.03895785831155063,-0.0396584551566584,-0.002338806157989648,-0.0021702891596240836,-0.002042558887696,-0.0021344980511823646,-0.0020939383987798044,-0.002358579594241572,-0.0040680130702202,-0.002684352432582852,-0.004131460296356471,-0.004276875261196134,-0.002974849314846928,-0.004145314408808468,-0.004117219351764234,-0.004351401592272541,-0.00321814075483573,-0.004230993568212312,-0.08389969290796467,-0.08386731445278967,-0.08619297848273355,-0.08363419744798414,0.0,0.0,0.0,0.0,0.0,0.0,0.0,0.0,0.0,0.0,0.0,0.0,0.0,0.0,0.0,0.0,0.0,0.0,0.0,0.0,0.0,0.0,0.0,0.0,0.0,0.0,0.0,0.0,0.0,0.0,0.0,0.0,0.0,0.0,0.0,0.0,0.0,0.0,0.0,0.0,0.0,0.0,0.0,0.0,0.0,0.0,0.0,0.0,0.0,0.0,0.0,0.0,0.0,0.0,0.0,0.0,0.0,0.0,0.0,0.0
321_CC_1,0.002077643628435988,0.0020661472322252017,0.0021063965824881237,0.0020785021915226054,0.001140367707121781,0.001143181881338995,0.0011519017214975946,0.0011434469101688708,1.486413904805417e-05,1.3800151271725625e-05,1.1931139646037536e-05,1.1756562722030137e-05,0.0007695461270604831,0.0007689666448986721,0.0007516811414847169,0.0007667540859807357,0.0009731619385919266,0.0009688512375742864,0.0009958225988295766,0.0009721838517433907,0.0013297960943265963,0.001329423539694119,0.0013016699914594199,0.0013318124755986426,0.0021797760119074416,0.002126603219434031,0.002251562958650588,0.0021833698944962094,0.2157281842090394,0.18026643663984654,0.5141948070213678,0.21049028789173596,-0.0019269040238426571,-0.0019005635075677318,-0.002000526474150277,-0.0019315477622959835,-0.002747096683137551,-0.0027091652975503866,-0.0025882959705780806,-0.002725152291475823,-0.001211187732878205,-0.0011650565651393219,-0.0012766513735504859,-0.001208991137502569,-0.0012782153188711787,-0.0013103585271254659,-0.0009812285682562205,-0.0012129467305603753,-0.0021898130284564443,-0.002151059357917262,-0.002319387321899846,-0.0022188257956229176,-0.0017261786923478128,-0.0017254962955401965,-0.0016799819696782237,-0.0017181842788115801,-0.0012916959231926706,-0.0012896055489959313,-0.001325468140064956,-0.0012935831041046744,-0.0335119913585209,-0.03353665325363442,-0.03347483317879396,-0.03352955807427365,-0.0023259926492350536,-0.0023308218985635953,-0.002176939275662537,-0.0023447576643023877,-0.002474555494533237,-0.0024405239166758186,-0.002385989415764289,-0.0024371206369801232,-0.0033119985159502097,-0.0034275982057401233,-0.003210859630791596,-0.0033724252619691543,-0.0015883944433523478,-0.0015760628218413064,-0.001672109701909008,-0.0015850621787578249,-0.08421101130187597,-0.08371498683450529,-0.08567383615262925,-0.08395605653159033,0.0,0.0,0.0,0.0,0.0,0.0,0.0,0.0,0.0,0.0,0.0,0.0,0.0,0.0,0.0,0.0,0.0,0.0,0.0,0.0,0.0,0.0,0.0,0.0,0.0,0.0,0.0,0.0,0.0,0.0,0.0,0.0,0.0,0.0,0.0,0.0,0.0,0.0,0.0,0.0,0.0,0.0,0.0,0.0,0.0,0.0,0.0,0.0,0.0,0.0,0.0,0.0,0.0,0.0,0.0,0.0,0.0,0.0,0.0,0.0
322_CT_5,0.0,0.0,0.0,0.0,0.0,0.0,0.0,0.0,0.0,0.0,0.0,0.0,0.0,0.0,0.0,0.0,0.0,0.0,0.0,0.0,0.0,0.0,0.0,0.0,0.0,0.0,0.0,0.0,0.0,0.0,0.0,0.0,0.0,0.0,0.0,0.0,0.0,0.0,0.0,0.0,0.0,0.0,0.0,0.0,0.0,0.0,0.0,0.0,0.0,0.0,0.0,0.0,-0.001537471338682525,-0.001498520367756273,-0.0015549927079667736,-0.001584182097222017,-0.0012113903605735776,-0.0011806925687896097,-0.001207581809827718,-0.0012461442154844888,-0.017371975469157655,-0.01737821447923993,-0.017328340123398622,-0.017387232546522823,-0.0021960912429371815,-0.0022044606143852424,-0.0021578401516912926,-0.0022209644325197207,-0.0020017689048988374,-0.0019716938602611506,-0.002107779851882763,-0.002020798647917206,0.0,0.0,0.0,0.0,0.0,0.0,0.0,0.0,0.0,0.0,0.0,0.0,0.0,0.0,0.0,0.0,0.0,0.0,0.0,0.0,0.0,0.0,0.0,0.0,0.0,0.0,0.0,0.0,0.0,0.0,0.0,0.0,0.0,0.0,0.0,0.0,0.0,0.0,0.0,0.0,0.0,0.0,0.0,0.0,0.0,0.0,0.0,0.0,0.0,0.0,0.0,0.0,0.0,0.0,0.0,0.0,0.0,0.0,0.0,0.0,0.0,0.0,0.0,0.0,0.0,0.0,0.0,0.0,0.0,0.0,0.0,0.0
322_CT_6,0.0,0.0,0.0,0.0,0.0,0.0,0.0,0.0,0.0,0.0,0.0,0.0,0.0,0.0,0.0,0.0,0.0,0.0,0.0,0.0,0.0,0.0,0.0,0.0,0.0,0.0,0.0,0.0,0.0,0.0,0.0,0.0,0.0,0.0,0.0,0.0,0.0,0.0,0.0,0.0,0.0,0.0,0.0,0.0,0.0,0.0,0.0,0.0,-0.0026457288451862404,-0.002605017584888236,-0.002655701744800787,-0.0026554346576525127,-0.0019069476174154304,-0.001821917061509415,-0.0019734778550388743,-0.0019416099799722199,-0.0009050145390479408,-0.0009085937440310166,-0.0008507148495781047,-0.0009192546152776814,-0.017128419444824322,-0.017128359247943092,-0.017079802270979605,-0.01713677312130147,-0.0020084201622137254,-0.001994963733905647,-0.002090141489243358,-0.002005869413764856,0.0,0.0,0.0,0.0,0.0,0.0,0.0,0.0,0.0,0.0,0.0,0.0,0.0,0.0,0.0,0.0,0.0,0.0,0.0,0.0,0.0,0.0,0.0,0.0,0.0,0.0,0.0,0.0,0.0,0.0,0.0,0.0,0.0,0.0,0.0,0.0,0.0,0.0,0.0,0.0,0.0,0.0,0.0,0.0,0.0,0.0,0.0,0.0,0.0,0.0,0.0,0.0,0.0,0.0,0.0,0.0,0.0,0.0,0.0,0.0,0.0,0.0,0.0,0.0,0.0,0.0,0.0,0.0,0.0,0.0,0.0,0.0,0.0,0.0,0.0,0.0
323_CC_1,0.001510425258332501,0.0015152555100486184,0.0015069769839883233,0.0015123599892936002,0.0010191578138678623,0.0010184188935712813,0.0010219452824930153,0.001018591557987869,1.4397976235943255e-05,1.3711705609095028e-05,9.901298563235484e-06,1.1603148474931e-05,0.0006121805445716979,0.0006128235956768266,0.0006090415129619141,0.0006108024425601971,0.0007191110462506255,0.0007213816974974965,0.0006971377971216343,0.0007198497089585516,0.0014774534231524296,0.0014762563966997575,0.0014666816234151518,0.001474793004027691,0.0013401503451079266,0.0013463607048327386,0.0013393062613564766,0.0013438997312345455,0.008664102527851436,0.008611911910453074,0.008773299990878058,0.008711072834096124,0.22240162811754638,0.23583483540217132,0.16308595832397899,0.21017686339597808,0.020138180533226913,0.011107466583400782,0.06400495891343816,0.026555356622406455,0.01226147124276089,0.014448422298768637,0.03353771930318761,0.018535251452300373,0.026290903467441895,-0.018628694117477362,0.2016285689909676,0.07448008084840813,-0.0031951925013263827,-0.0069757702945536515,0.0010413993621654072,-0.00018874063357865676,-0.0010784512413344327,-0.0006906158461763567,-0.006690385253121711,-0.0012646369431381491,-0.001935690578673821,-0.0014548154672451297,0.0023622875600901594,-0.0025887451214671123,-0.05976552285848297,-0.05871552963339843,-0.06016135605410611,-0.05885206266331223,-0.07703001175627244,-0.0785131246319703,-0.07253304622521561,-0.07918047315116694,-0.015088552431586577,-0.054722736143406725,-0.12437021490212974,-0.06435089813700319,-0.10019718973664382,-0.05841517930509421,-0.046518350234429295,-0.06015481035552959,-0.031925927469216187,0.0331804469132333,0.03311577099021079,-0.054861501409843506,0.010210609282071792,0.0042656239728131595,-0.09724307136757737,-0.045430023087799344,-0.07572397657497307,0.013563835576789127,-0.14671997302219048,0.0950739982835118,0.006690431055274665,0.00671459406162581,0.00702788719217835,0.006766106127135809,0.0010749463704360063,0.0010886026779495003,0.0010644219591191015,0.0010933897307294344,0.0,0.0,0.0,0.0,0.0,0.0,0.0,0.0,0.0,0.0,0.0,0.0,0.0,0.0,0.0,0.0,0.0,0.0,0.0,0.0,0.0,0.0,0.0,0.0,0.0,0.0,0.0,0.0,0.0,0.0,0.0,0.0,0.0,0.0,0.0,0.0,0.0,0.0,0.0,0.0,0.0,0.0,0.0,0.0,0.0,0.0,0.0,0.0
323_CC_2,0.0014949794082334575,0.0014966168622294498,0.0015130927342422214,0.001498701824278583,0.0009758301356277345,0.000978579722087437,0.0009659547197234763,0.0009765452190424899,1.4576811486958597e-05,1.4247843082296917e-05,1.1641644684729757e-05,1.1057682472492281e-05,0.0007169970176795624,0.0007176315370558397,0.0007041889946116787,0.0007165325691064785,0.0007083011225188896,0.0007071009670523718,0.0007099988998240645,0.0007104989267559931,0.0014770330134304852,0.001480628314566448,0.001486249462746418,0.001479511222562116,0.0016522590532558334,0.001672324636827316,0.0016066566667847226,0.0016476990540111303,0.009398250060057345,0.009254001683080437,0.00983707509587628,0.009489210866598517,0.22209996997193837,0.20871062430261578,0.2817165139182176,0.2343116446663178,0.020462062291580763,0.028884965447214972,-0.020681293981446913,0.014110469133656559,0.01954308379118619,0.016979302970509647,0.0008497694735822847,0.013570022328571471,0.023515788815300698,-0.026418007759135387,0.13726857379570312,0.07203673421776925,-0.0025758700417313207,-0.0019457013727195438,0.0038500386610271775,-0.0042232412848350175,-0.0025995445539788165,-0.001440144157046852,-0.005923481174113121,-0.004076989644724429,-0.001252759004190307,-0.003169403421016792,0.004814463469090757,-0.0018779513407535674,-0.05026973200861484,-0.05130098986558784,-0.04895900874632053,-0.051857332240686026,-0.06824802302780619,-0.06791258434281633,-0.06867612345017893,-0.0686302444623191,-0.0902701846423466,-0.05080351206364775,0.024220355759611234,-0.04017756245223109,-0.023915958510137836,-0.05885103184910245,-0.16307000119177228,-0.06817643779460258,0.01166009366640297,-0.05304083502643797,-0.05474067728355436,0.03490025569744773,-0.042368764302013806,-0.0372817831996467,0.07185199267102527,0.012669591326868582,0.14328867134983578,0.07336569694760249,0.2338148209430409,-0.008209242437542449,0.006501230191368506,0.006439143683004657,0.00682692673587575,0.006494237066854629,0.0008203687300046026,0.0008178273114045856,0.0008233432849019098,0.0008155713536656906,0.0,0.0,0.0,0.0,0.0,0.0,0.0,0.0,0.0,0.0,0.0,0.0,0.0,0.0,0.0,0.0,0.0,0.0,0.0,0.0,0.0,0.0,0.0,0.0,0.0,0.0,0.0,0.0,0.0,0.0,0.0,0.0,0.0,0.0,0.0,0.0,0.0,0.0,0.0,0.0,0.0,0.0,0.0,0.0,0.0,0.0,0.0,0.0
