alpha,rho_mean,rho_max,dam_obj,daruc_obj,aruc_obj,dam_cost_total,daruc_cost_total,aruc_cost_total,dam_no_load,daruc_no_load,aruc_no_load,dam_startup,daruc_startup,aruc_startup,dam_shutdown,daruc_shutdown,aruc_shutdown,dam_energy,daruc_energy,aruc_energy,dam_curtail_mwh,daruc_curtail_mwh,aruc_curtail_mwh,dam_curtail_pct,daruc_curtail_pct,aruc_curtail_pct,dam_unit_hours,daruc_unit_hours,aruc_unit_hours,elapsed_s
0.8,1.0022967531572948,42.05337171322362,519079.9631713543,41141.31388902297,520427.2191324062,519079.9631714047,519079.964967457,519079.963417568,99014.08171776,99014.08171776,99014.08171776,10000.0,10000.0,10000.0,0.0,0.0,0.0,410065.8814535947,410065.883249697,410065.881699808,2860.5277449291993,6813.979212301085,10386.529821049653,15.296469787236166,36.43727187634694,55.541233565572654,1169,1171,1157,8.322242736816406
0.9,1.2717568317449277,48.33086526776368,519079.9631713543,41209.33399083894,521107.42044424335,519079.9631714047,519079.96413683397,519079.9632160683,99014.08171776,99014.08171776,99014.08171776,10000.0,10000.0,10000.0,0.0,0.0,0.0,410065.8814535947,410065.88241907395,410065.88149830827,2860.5277449291993,6985.975588430405,10811.529773577282,15.296469787236166,37.35701033217561,57.81389075092591,1169,1172,1155,6.7709128856658936
0.95,1.5725989366261646,55.08426396894928,519079.9631713543,41282.88422165818,521842.91918223625,519079.9631714047,519079.96642071917,519079.9632106388,99014.08171776,99014.08171776,99014.08171776,10000.0,10000.0,10000.0,0.0,0.0,0.0,410065.8814535947,410065.88470295916,410065.8814928788,2860.5277449291993,7295.325637633977,9890.254481333453,15.296469787236166,39.01123783956851,52.887436288627484,1169,1173,1158,7.294757843017578
0.99,2.6161640383270965,78.05533038355696,519079.9631713543,41543.48441922367,524448.9255527152,519079.9631714047,519079.96355424647,519079.96325074974,99014.08171776,99014.08171776,99014.08171776,10000.0,10000.0,10000.0,0.0,0.0,0.0,410065.8814535947,410065.88183648646,410065.88153298973,2860.5277449291993,8143.047338700426,9168.126328803415,15.296469787236166,43.54436967558513,49.02590707001758,1169,1171,1164,8.654706001281738
