alpha,rho_mean,rho_max,dam_obj,daruc_obj,aruc_obj,dam_cost_total,daruc_cost_total,aruc_cost_total,dam_curtail_mwh,daruc_curtail_mwh,aruc_curtail_mwh,dam_curtail_pct,daruc_curtail_pct,aruc_curtail_pct,dam_unit_hours,daruc_unit_hours,aruc_unit_hours,elapsed_s
0.9,1.1131995304203568,3.681931777448476,71971.83831514922,245759.77241327544,235921.13486602984,71971.83831522652,245759.7722655083,235921.20250849763,915.8683170788861,5190.123596679605,5125.091686176638,15.021594118576989,85.12569835719601,84.0590789031604,270,324,317,93.77097702026367
0.99,2.298596643007968,5.9490998234156045,71971.83831514922,245759.7724114125,235921.13483656445,71971.83831522652,245759.77229664187,235921.15108490916,915.8683170788861,5124.632684762885,5016.814204461753,15.021594118576989,84.05155060153814,82.28316816122069,270,324,317,121.69468808174133
