,0,1,2,3,4,5,6,7,8,9,10,11,12,13,14,15,16,17,18,19,20,21,22,23,24,25,26,27,28,29,30,31,32,33,34,35,36,37,38,39,40,41,42,43,44,45,46,47,48,49,50,51,52,53,54,55,56,57,58,59,60,61,62,63,64,65,66,67,68,69,70,71,72
0,31.31390527991401,-0.9428846681415889,-0.3406496177504624,-0.6839889489131666,-0.20954313871277722,-0.5509900906671819,-0.4425303057609773,-0.44537863638050706,-0.4719798560017023,-0.4264819176154172,-0.4383850292231928,-0.4405827059437901,-0.4363395186954059,-0.42932899334964,-0.410123547290305,-0.41660741914631577,-0.41486227610338483,-0.4140494421706966,-0.42196423900712343,-0.42662234323391274,-0.4132946678046289,-0.4139108375405561,-0.4291843005586469,-0.3835599859956595,-0.4330173339719175,-0.4329536812845623,-0.43501258068320175,-0.43277066080608845,-0.43260002434472916,-0.4323574225205983,-0.4323943859555309,-0.4323943859555309,-0.4326207857685979,-0.4321679861424636,-0.43194007676610763,-0.43160737412077055,-0.43142461313878966,-0.4319367982505881,-0.4326817199173435,-0.43193219271688216,-0.4316375478809997,-0.4319017819915446,-0.43117697848176556,-0.43052027045122954,-0.43214714223705064,-0.4319468392531693,-0.4301590810344349,-0.4335729313866422,-0.42123932039680323,-0.42122448154999365,-0.42170445645824095,-0.4211818154355536,-0.42114203630892955,-0.42108548046732064,-0.4210940974601191,-0.4210940974601191,-0.4211468762552247,-0.42104131866501326,-0.42116966516208704,-0.4207291504202963,-0.42072246639649336,-0.42163653178394933,-0.4226414943141517,-0.4222923682289466,-0.42319939880373203,-0.42367857020657756,-0.42127331302655036,-0.42038717806794496,-0.42331345122716657,-0.4232686213728687,-0.4198998038407121,-0.42228321513395045,-0.4193389904036862
1,18.45008450409724,-0.022602344305717885,-0.4416779078667806,-0.1493956296893976,-0.08768796361390524,-0.14088986536268883,-0.2297845665817506,-0.22386055582129827,-0.25322635157839496,-0.17847079653183068,-0.23840598947645006,-0.23383522074210858,-0.2426602801455685,-0.25724090056230886,-0.2971847428728536,-0.2836994661353011,-0.28732904694799405,-0.2890195940111368,-0.2725582530051796,-0.2628702415876827,-0.2905893877126265,-0.28930786648722184,-0.2575418353080594,-0.35243212948817876,-0.24956982144502532,-0.24970220748274083,-0.24542007039212466,-0.250082856862567,-0.25043774973430233,-0.25094231749999774,-0.2508654402636326,-0.2508654402636326,-0.25039456974053487,-0.25133631078673024,-0.25181032092750677,-0.25250228204939823,-0.2528823917236133,-0.251817139644788,-0.25026783776975586,-0.251826718319064,-0.25243952610419684,-0.251889967108688,-0.2533974268683447,-0.2547632603894585,-0.2513796623271439,-0.2517962561817081,-0.25551446882607115,-0.24841427965477922,-0.2740659521530698,-0.2740968142614117,-0.27309855356031604,-0.274185552036204,-0.27426828540028253,-0.27438591128681394,-0.27436798950564556,-0.27436798950564556,-0.27425821919036464,-0.2744777598209263,-0.27421082239992695,-0.2751270131162059,-0.27514091467266844,-0.2732398245555596,-0.27114968487797103,-0.27187580377418646,-0.26998934479072245,-0.2689927552350383,-0.2739952536523351,-0.27583825354637753,-0.2697521364487382,-0.26984537440974943,-0.27685190348810096,-0.2718948405506324,-0.2780182936581079
2,22.236010215988212,-0.03451298755269272,-0.2176724743827529,-0.16661542139743352,-0.7027688976733155,-0.308120043970126,-0.32768512765726676,-0.3307608077981896,-0.27479379241989826,-0.39504728585274806,-0.3232089813003517,-0.32558207331409605,-0.32100020115902034,-0.3134301060880455,-0.29269170983683523,-0.29969311471837734,-0.29780867694861496,-0.2969309638181603,-0.30547750798769097,-0.3105074151783985,-0.2961159444827381,-0.2967812959722157,-0.31327386413328767,-0.26400788451615675,-0.31741284458304936,-0.3173441112326889,-0.3195673489246667,-0.317146482331337,-0.3169622259209605,-0.31670025997939644,-0.3167401737808291,-0.3167401737808291,-0.3169846444908599,-0.31649570307079805,-0.31624960230637766,-0.3158903438298232,-0.31569299513758914,-0.3162460621046166,-0.31705044231289475,-0.31624108896404757,-0.3159229260147973,-0.3162082508997615,-0.315425594649882,-0.31471646915930346,-0.3164731954357997,-0.31625690456511674,-0.31432645013948546,-0.3180127889585723,-0.30469472745011644,-0.3046787041885844,-0.30519698998143285,-0.3046326325282322,-0.30458967829077754,-0.3045286082458547,-0.30453791303422545,-0.30453791303422545,-0.3045949045544005,-0.3044809215140501,-0.30461951243797597,-0.30414383646348775,-0.30413661893082794,-0.3051236436604809,-0.30620882080786754,-0.30583182799685704,-0.30681125640553586,-0.30732867455837437,-0.30473143332110414,-0.303774568385667,-0.30693441232408564,-0.3068860042173726,-0.30324829267117664,-0.30582194431540705,-0.30264271593819597
3,16.948549179332332,0.02853968558423554,-0.21065656075556213,-0.6079074365931205,-0.08841501477797607,-0.1296821604794695,-0.24294887175286092,-0.24385168444469804,-0.3101948437304827,-0.17995055948929248,-0.24163497643332668,-0.24233155653617927,-0.24098662723779782,-0.23876455680285377,-0.23267715938631992,-0.23473230065528475,-0.23417915655135715,-0.2339215190475663,-0.2364302092214681,-0.23790665145293194,-0.23368228422261758,-0.23387758664085048,-0.238718694680237,-0.22425751873338323,-0.23993362078116381,-0.23991344529534775,-0.24056603825473336,-0.23985543475060997,-0.2398013494692353,-0.23972445389946317,-0.2397361699053097,-0.2397361699053097,-0.23980793005255696,-0.23966440975806216,-0.2395921711365511,-0.23948671702642824,-0.23942878873222892,-0.23959113197157458,-0.23982724386482188,-0.23958967219220284,-0.23949628096311062,-0.2395800331465758,-0.2393502979454617,-0.23914214642655646,-0.23965780303122206,-0.23959431458826494,-0.23902766309115864,-0.24010972407272926,-0.2362004375378511,-0.236195734186653,-0.23634786801408086,-0.2361822106478603,-0.2361696021746233,-0.2361516761195326,-0.23615440737917318,-0.23615440737917318,-0.2361711362538882,-0.236137678504458,-0.2361783594723613,-0.23603873301990413,-0.23603661443806517,-0.23632633847055845,-0.23664487344710453,-0.2365342137299308,-0.23682170799382904,-0.2369735871405434,-0.2362112119112171,-0.23593034076450953,-0.23685785828295122,-0.236843648920753,-0.23577586163382053,-0.2365313125462425,-0.23559810506117115
4,13.365356100581675,0.02857564627417552,-0.1299930569949003,-0.07608151232004608,-0.12112812393480119,-0.4213079301877124,-0.19958143400811643,-0.20152695193580908,-0.1617850122712196,-0.24653135812612478,-0.19675005278986613,-0.19825114940761088,-0.195352891457608,-0.1905644365467862,-0.17744638790398506,-0.18187511849103102,-0.18068311955202768,-0.1801279231231303,-0.18553402978565534,-0.18871569178098083,-0.17961238358201134,-0.18003325089970562,-0.1904656058784099,-0.1593024672622762,-0.19308371319075368,-0.1930402359892146,-0.19444654242846837,-0.19291522605547845,-0.19279867487549388,-0.19263296862113516,-0.19265821605022124,-0.19265821605022124,-0.192812855716041,-0.19250357638440146,-0.1923479056295566,-0.19212065709434237,-0.19199582440656063,-0.19234566627901353,-0.19285447605252162,-0.19234252052467934,-0.19214126691788905,-0.19232174884496883,-0.19182668053630383,-0.19137812402467305,-0.19248933920582859,-0.19235252466490438,-0.19113141794327626,-0.19346320731391306,-0.18503888285895218,-0.18502874736334063,-0.18535658844416006,-0.18499960478769337,-0.18497243413430628,-0.18493380434778803,-0.18493969008094593,-0.18493969008094593,-0.18497574000133646,-0.18490364016055524,-0.18499130568972572,-0.1846904174003922,-0.18468585195842815,-0.1853101933133909,-0.1859966208670472,-0.18575815449901584,-0.18637769080990296,-0.18670498306603428,-0.18506210111533325,-0.1844568373034354,-0.1864555929442153,-0.18642497245211573,-0.1841239422068916,-0.18575190258770796,-0.18374088534251504
5,2.9961487729415777,-0.015450616264851747,0.33414519644411234,-0.12168054851539728,-0.04080094145510374,-0.06674519956782062,-0.11623588325054775,-0.12882741796435637,-0.20867198909852105,-0.08304191613803467,-0.09791097635035464,-0.10762618375197948,-0.08886844573909262,-0.05787721436728578,0.02702375853670545,-0.0016393106291652717,0.006075393926183672,0.009668665932540316,-0.025320052875344223,-0.045912002654630246,0.013005275652728842,0.010281391505878706,-0.057237575033237585,0.14445254361894916,-0.07418215757273397,-0.07390076993572177,-0.08300248835016746,-0.07309169647625632,-0.07233736869144344,-0.07126490566020875,-0.07142830887292004,-0.07142830887292004,-0.07242914813149724,-0.07042746961434258,-0.06941995707197371,-0.06794918788548472,-0.06714126157483633,-0.0694054638310226,-0.07269851800166546,-0.06938510427825809,-0.06808257617501699,-0.06925066844376034,-0.0660465500413919,-0.0631434594006388,-0.07033532555045072,-0.06944985180750564,-0.06154675954822446,-0.07663827137021036,-0.02211542565126992,-0.022049827980326765,-0.02417163949950734,-0.021861215093398525,-0.021685364631961173,-0.02143534982047699,-0.021473442717138306,-0.021473442717138306,-0.021706760445835152,-0.02124012498844139,-0.0218075027226898,-0.019860131646744196,-0.019830583771520277,-0.023871366810514456,-0.028313976280902486,-0.026770604457696842,-0.030780288899027834,-0.032898548384575864,-0.022265695909412922,-0.01834838412829637,-0.03128447722570005,-0.031086299155100597,-0.016193862648682358,-0.026730141629192385,-0.013714690528751157
6,14.45393573115566,-0.007151728040866149,0.2241768956891073,-0.027715081174000282,-0.04688702215880151,-0.07414466579486817,-0.11354868333120291,-0.09503313785694197,-0.04455436247987385,-0.09542888039379599,-0.1404950131260955,-0.1262090369901291,-0.15379183440647604,-0.1993636861950232,-0.32420850140955915,-0.28206015550613583,-0.2934044408741778,-0.2986882599436771,-0.24723820012983538,-0.21695823893305224,-0.3035946633653552,-0.2995892579931005,-0.20030426027482173,-0.49688467310712797,-0.1753876638722912,-0.17580143754701905,-0.16241758204195708,-0.17699116038631066,-0.17810038104285875,-0.17967741183978875,-0.17943713139071255,-0.17943713139071255,-0.17796542160903772,-0.18090884117238756,-0.1823903638555332,-0.18455309416391352,-0.18574113014877688,-0.1824116758137653,-0.17756931976809037,-0.18244161404080597,-0.18435694992917986,-0.18263929866492756,-0.1873508768269528,-0.19161980098881978,-0.18104433677669332,-0.18234640437420244,-0.19396770927784668,-0.17177600828456885,-0.2519505265017999,-0.2520469862810849,-0.2489269140608088,-0.2523243369428055,-0.25258292076832134,-0.25295056146633704,-0.2528945467885071,-0.2528945467885071,-0.25255145874452944,-0.2532376348324849,-0.252403319677237,-0.2552668814694617,-0.2553103309011482,-0.24936845774504504,-0.24283570859706863,-0.2451051993164896,-0.23920905589169467,-0.2360942068504624,-0.2517295577429223,-0.2574898694180812,-0.238467659223038,-0.23875907525464876,-0.2606580408394187,-0.24516469892143988,-0.26430360312935663
7,15.948549179332334,0.02853968558423557,-0.2106565607555622,0.39209256340687954,-0.08841501477797606,-0.1296821604794694,-0.24294887175286092,-0.243851684444698,-0.3101948437304827,-0.17995055948929245,-0.24163497643332668,-0.24233155653617916,-0.24098662723779782,-0.23876455680285374,-0.23267715938631997,-0.2347323006552848,-0.2341791565513571,-0.23392151904756622,-0.2364302092214681,-0.23790665145293183,-0.23368228422261753,-0.23387758664085048,-0.23871869468023701,-0.22425751873338323,-0.23993362078116384,-0.23991344529534778,-0.24056603825473333,-0.2398554347506099,-0.2398013494692352,-0.23972445389946315,-0.23973616990530955,-0.23973616990530955,-0.23980793005255693,-0.23966440975806205,-0.23959217113655096,-0.23948671702642824,-0.2394287887322289,-0.23959113197157453,-0.23982724386482196,-0.23958967219220287,-0.2394962809631107,-0.2395800331465759,-0.23935029794546173,-0.23914214642655646,-0.239657803031222,-0.239594314588265,-0.2390276630911586,-0.2401097240727292,-0.23620043753785108,-0.236195734186653,-0.2363478680140809,-0.23618221064786019,-0.2361696021746232,-0.23615167611953247,-0.23615440737917318,-0.23615440737917318,-0.2361711362538883,-0.2361376785044579,-0.23617835947236118,-0.2360387330199042,-0.23603661443806515,-0.23632633847055845,-0.23664487344710464,-0.23653421372993078,-0.23682170799382898,-0.2369735871405433,-0.236211211911217,-0.2359303407645095,-0.23685785828295117,-0.2368436489207529,-0.2357758616338205,-0.2365313125462425,-0.23559810506117115
8,21.236010215988212,-0.03451298755269271,-0.21767247438275295,-0.1666154213974335,0.2972311023266844,-0.308120043970126,-0.3276851276572667,-0.3307608077981896,-0.27479379241989826,-0.3950472858527482,-0.3232089813003517,-0.3255820733140961,-0.3210002011590203,-0.31343010608804556,-0.29269170983683523,-0.29969311471837734,-0.297808676948615,-0.2969309638181603,-0.305477507987691,-0.31050741517839847,-0.29611594448273804,-0.2967812959722157,-0.31327386413328767,-0.26400788451615675,-0.31741284458304936,-0.31734411123268885,-0.3195673489246667,-0.31714648233133697,-0.3169622259209605,-0.31670025997939644,-0.316740173780829,-0.316740173780829,-0.31698464449085983,-0.3164957030707981,-0.31624960230637766,-0.31589034382982323,-0.315692995137589,-0.3162460621046166,-0.3170504423128947,-0.3162410889640475,-0.3159229260147974,-0.3162082508997615,-0.31542559464988207,-0.31471646915930346,-0.31647319543579966,-0.3162569045651167,-0.31432645013948546,-0.31801278895857227,-0.30469472745011644,-0.3046787041885844,-0.3051969899814328,-0.3046326325282323,-0.30458967829077754,-0.3045286082458547,-0.30453791303422545,-0.30453791303422545,-0.30459490455440047,-0.30448092151405015,-0.3046195124379759,-0.30414383646348775,-0.304136618930828,-0.3051236436604809,-0.3062088208078675,-0.3058318279968571,-0.30681125640553586,-0.30732867455837437,-0.30473143332110414,-0.30377456838566697,-0.30693441232408564,-0.3068860042173725,-0.30324829267117664,-0.30582194431540705,-0.3026427159381961
9,12.365356100581682,0.02857564627417551,-0.12999305699490038,-0.07608151232004617,-0.1211281239348013,0.5786920698122876,-0.1995814340081166,-0.20152695193580905,-0.1617850122712196,-0.24653135812612495,-0.19675005278986624,-0.1982511494076109,-0.19535289145760806,-0.1905644365467863,-0.17744638790398504,-0.18187511849103108,-0.18068311955202765,-0.18012792312313045,-0.18553402978565545,-0.18871569178098105,-0.17961238358201145,-0.1800332508997057,-0.19046560587840985,-0.15930246726227631,-0.19308371319075374,-0.19304023598921466,-0.19444654242846862,-0.19291522605547867,-0.19279867487549396,-0.19263296862113535,-0.19265821605022151,-0.19265821605022151,-0.1928128557160411,-0.19250357638440158,-0.19234790562955667,-0.1921206570943423,-0.19199582440656077,-0.19234566627901356,-0.19285447605252168,-0.19234252052467934,-0.1921412669178893,-0.19232174884496891,-0.19182668053630383,-0.1913781240246731,-0.19248933920582867,-0.19235252466490443,-0.19113141794327626,-0.19346320731391312,-0.18503888285895218,-0.18502874736334074,-0.18535658844416017,-0.18499960478769345,-0.18497243413430636,-0.18493380434778803,-0.18493969008094596,-0.18493969008094596,-0.18497574000133668,-0.18490364016055524,-0.18499130568972583,-0.18469041740039224,-0.18468585195842824,-0.18531019331339094,-0.18599662086704732,-0.18575815449901598,-0.18637769080990296,-0.18670498306603434,-0.18506210111533328,-0.1844568373034354,-0.18645559294421543,-0.18642497245211592,-0.18412394220689182,-0.18575190258770796,-0.18374088534251495
10,-8.76665939017561,-0.0006537152241543909,0.020491250335334835,-0.0025333416481432354,-0.004285783802925451,-0.006777312635908379,0.6711461083498654,-0.19178192037330896,-0.004072563286685065,-0.008722830563601144,0.03306640610565379,0.0357672145310714,0.06407843859798776,0.04539498070565818,0.06177181073696586,0.06271369264375963,0.06541998504461234,0.06668049277439406,0.06834533784672615,0.07324242063191476,0.06785096423776307,0.06689543484392346,0.07593581616376825,0.04598806705398933,0.23848834723380694,0.2362271971479915,0.30936598743889965,0.22972571562689034,0.2236641545950231,0.2150461502617174,0.2163592114621571,0.2163592114621571,0.22440166776709092,0.208316755157224,0.19315191629767595,0.1954707542399795,0.18757930098817793,0.17482065952900586,0.14654914975993732,0.14906960835396896,0.1347846958281876,0.13776176274101776,0.15507774858429518,0.16030221834979638,0.14052618201721712,0.13826941287933303,0.16317567672082203,0.20880264651954078,0.11275746135729746,0.11267358599285764,0.11538660479192797,0.11243241928066053,0.11220757103028942,0.11188789377457141,0.1119366006195569,0.1119366006195569,0.11223492842972722,0.1116382728093866,0.11236374085651267,0.10987376741162994,0.10983598651533916,0.11500266614199568,0.12068313441221452,0.11870972785255494,0.1238366437776186,0.12654512082831365,0.1129496019087074,0.10794079674014434,0.12448131574596685,0.12422791867170258,0.10518595389743475,0.11865799073386973,0.1020160019451984
11,7.766659390175606,0.0006537152241543918,-0.020491250335334905,0.002533341648143168,0.004285783802925441,0.006777312635908546,0.32885389165013446,0.19178192037330877,0.004072563286685173,0.008722830563601142,-0.0330664061056536,-0.035767214531071324,-0.06407843859798791,-0.04539498070565811,-0.06177181073696599,-0.06271369264375959,-0.0654199850446123,-0.06668049277439413,-0.06834533784672629,-0.07324242063191465,-0.06785096423776275,-0.06689543484392331,-0.07593581616376828,-0.04598806705398935,-0.23848834723380663,-0.23622719714799154,-0.3093659874388996,-0.22972571562689031,-0.22366415459502298,-0.21504615026171725,-0.21635921146215734,-0.21635921146215734,-0.22440166776709058,-0.20831675515722378,-0.19315191629767606,-0.19547075423997942,-0.1875793009881777,-0.17482065952900563,-0.14654914975993724,-0.14906960835396896,-0.1347846958281876,-0.13776176274101776,-0.15507774858429524,-0.16030221834979652,-0.1405261820172173,-0.13826941287933275,-0.16317567672082203,-0.20880264651954053,-0.11275746135729743,-0.11267358599285784,-0.11538660479192793,-0.11243241928066028,-0.1122075710302891,-0.1118878937745712,-0.11193660061955672,-0.11193660061955672,-0.11223492842972693,-0.11163827280938653,-0.1123637408565127,-0.10987376741163009,-0.10983598651533902,-0.11500266614199554,-0.12068313441221441,-0.11870972785255486,-0.12383664377761852,-0.12654512082831346,-0.11294960190870726,-0.1079407967401442,-0.12448131574596659,-0.1242279186717026,-0.10518595389743461,-0.11865799073386955,-0.10201600194519823
12,-3.396421310304156,-0.0022570731799801966,-0.037552623665135745,-0.05332120184237206,0.028831492770635014,0.0439880929751786,0.31852127668748625,0.38791685718617736,-0.09513749618007877,0.05868056763905708,-0.0017695733116043862,0.00024406556937865906,0.013119130350034949,0.0016617019433676165,0.004054124524447587,0.006481826706304278,0.007308307926244129,0.007693257448300696,0.010914278637338057,0.014768584664323764,0.00805071057592457,0.007758899129807468,0.016888452979165927,-0.011854338018628504,0.09932148584966645,0.09817170112565028,0.1353624494696291,0.09486572679721841,0.09178345007359219,0.08740123334410477,0.08806891910253167,0.08806891910253167,0.09215847222905363,0.08397936597600955,0.07632816600257909,0.07738717897381915,0.0733862970932252,0.06716154819831122,0.053250602481526625,0.054284632711363384,0.04705325587696467,0.048621532282381905,0.05706078747482408,0.059474835095224735,0.05007778894455525,0.048888955137641014,0.06080256128644521,0.08464630868285994,0.03290156792734974,0.03285515204433303,0.0343565125932967,0.03272169252405958,0.03259726349587663,0.03242035693691716,0.03244731087308245,0.03244731087308245,0.03261240283816642,0.032282218907998504,0.032683686493059944,0.031305757265516126,0.03128484965248563,0.03414404434853999,0.03728756512453697,0.036195499431238114,0.03903268924738799,0.04053153643306932,0.03300789680492394,0.030236068434216053,0.039389444998815915,0.039249217304613046,0.028711562830326616,0.0361668685684745,0.026957339525707606
13,-6.370238079871459,0.0016033579558258166,0.05804387400047081,0.05078786019422896,-0.03311727657356035,-0.05076540561108689,0.3526248316623796,0.420301222440514,0.09106493289339365,-0.06740339820265821,0.03483597941725816,0.035523148961692855,0.0509593082479529,0.043733278762290675,0.057717686212518396,0.056231865937455355,0.05811167711836833,0.0589872353260936,0.05743105920938847,0.058473835967591085,0.05980025366183836,0.059136535714116145,0.059047363184602505,0.0578424050726178,0.13916686138414008,0.13805549602234138,0.17400353796927084,0.13485998882967196,0.13188070452143089,0.12764491691761254,0.1282902923596258,0.1282902923596258,0.1322431955380371,0.12433738918121426,0.11682375029509708,0.11808357526616035,0.11419300389495261,0.10765911133069482,0.09329854727841079,0.09478497564260571,0.08773143995122296,0.08914023045863582,0.09801696110947122,0.10082738325457175,0.09044839307266223,0.08938045774169186,0.102373115434377,0.1241563378366808,0.07985589342994791,0.07981843394852485,0.08103009219863108,0.07971072675660072,0.07961030753441284,0.07946753683765441,0.07948928974647441,0.07948928974647441,0.07962252559156063,0.07935605390138821,0.07968005436345288,0.07856801014611388,0.07855113686285363,0.08085862179345575,0.0833955692876776,0.08251422842131689,0.0848039545302307,0.0860135843952441,0.0799417051037835,0.07770472830592838,0.08509187074715072,0.08497870136708967,0.0764743910671081,0.08249112216539514,0.07505866241949084
14,7.377586126951849,0.00559913779641825,0.037227338137028367,0.10925512763854713,-0.04899156017664943,-0.07432095481763112,-0.01623247006772327,0.010737495800522606,0.19413877286359735,-0.09971223424188645,-0.2797315858787834,-0.059302065480224965,-0.1511274476794134,-0.2192050619928711,-0.11810514386161601,-0.13417970701028012,-0.12824895947499704,-0.12548659975760149,-0.1280285985337711,-0.1226798085541978,-0.1229215514485915,-0.12501556153989535,-0.1197379740654326,-0.05871331250919312,-0.10073101402747761,-0.10115580790465284,-0.08741549473637285,-0.10237721711585807,-0.1035159800969685,-0.10513501259606041,-0.10488833266012744,-0.10488833266012744,-0.10337742623369545,-0.10639923908655965,-0.10937979904696829,-0.1086809716676158,-0.11018955820762305,-0.11316272616823653,-0.12072053247566446,-0.1184768380766846,-0.11935410333563343,-0.11969988657428726,-0.11673681213979463,-0.11522374610771652,-0.12002097101018014,-0.11975884961209232,-0.11439155979007395,-0.10798625334005306,-0.11890315961855044,-0.11891066508214343,-0.11866789458619686,-0.11893224553058925,-0.11895236574548562,-0.11898097159441651,-0.11897661313404896,-0.11897661313404896,-0.11894991770884404,-0.11900330855925349,-0.11893839111833704,-0.11916120272889982,-0.11916458349682253,-0.11870225077145029,-0.11819394242517527,-0.11837052980796678,-0.11791175527893288,-0.11766939119465808,-0.11888596620397748,-0.11933417176572605,-0.11785406775626164,-0.11787674262066425,-0.11958068482468753,-0.11837515942791858,-0.11986434331162285
15,7.170690515017915,0.005232858342985364,0.0487086738863861,0.10783568541056329,-0.051392903285795564,-0.07811831225448058,-0.02443100824819925,0.004500258976600072,0.19185689812731982,-0.10459967374638385,-0.061583940216502465,-0.29041160923855514,-0.16560849494744206,-0.07577500723390083,-0.08349413246355096,-0.0957100775678653,-0.09254649522393264,-0.09107299590912364,-0.12280738492570333,-0.14637026088904098,-0.08970474654537293,-0.09082173446526932,-0.15932984266887626,-0.0329460006238689,-0.11406327847675357,-0.11448670620076631,-0.10079058239889921,-0.11570418731378983,-0.11683928799011774,-0.11845311361950706,-0.1182072270155704,-0.1182072270155704,-0.11670117972130499,-0.11971327430983622,-0.12330416315897733,-0.12136775427047812,-0.1229941950062166,-0.1286723214360496,-0.13855462690929662,-0.13621330568241322,-0.14117149792552977,-0.14050928273366714,-0.13159924837223494,-0.12758702462425392,-0.13989436862693774,-0.14039636164603758,-0.1253803015628646,-0.12411543342002712,-0.10651113564322066,-0.10647974504050371,-0.10749510033409468,-0.10638948768661007,-0.10630533756522223,-0.1061856974086758,-0.10620392608918003,-0.10620392608918003,-0.10631557615271266,-0.10609227602564736,-0.10636378458365413,-0.10543190467223248,-0.10541776506027747,-0.10735141016108267,-0.10947734217829524,-0.1087387889484229,-0.11065755236653615,-0.11167120789739188,-0.10658304481172853,-0.10470848469286406,-0.11089882275357375,-0.11080398815057632,-0.10367747662748866,-0.10871942617904184,-0.10249111275259207
16,13.219011924316192,-0.0019838519346292768,-0.15055149656327024,-0.09524481564763347,0.07269352246373433,0.11180198883396175,-0.08322159591126382,-0.052874650234781356,-0.17161599853072343,0.1479526986614829,-0.35163535016762043,-0.12860026500084218,-0.22545636855032367,-0.30184565931575574,-0.22351571146318366,-0.23190299835718406,-0.22804129181666954,-0.2262426277318376,-0.21940084608601293,-0.20852940932847286,-0.22457243965306506,-0.2259359191162159,-0.20255011911182583,-0.19561762929556972,-0.17899871597019365,-0.17949897645172463,-0.1633176328606692,-0.18093737467960608,-0.1822784441909373,-0.18418510532973642,-0.18389460155799087,-0.18389460155799087,-0.1821152755906273,-0.18567392752535458,-0.18892469676441428,-0.18862032152757166,-0.19034558942530194,-0.19271151089256144,-0.1993861383266869,-0.19803108312019632,-0.1992576791957836,-0.19929018656335745,-0.19718643892213722,-0.19645196570643392,-0.1993203719761045,-0.19929572972719217,-0.19604800543779707,-0.18559523917791543,-0.2111348704272253,-0.2111599688225202,-0.2103481402395322,-0.2112321342016522,-0.21129941653546735,-0.21139507497086468,-0.21138050020678312,-0.21138050020678312,-0.2112912302601541,-0.2114697701534119,-0.21125268514946594,-0.2119977708872168,-0.21200907623147397,-0.21046302789539187,-0.20876323631705865,-0.20935374746705002,-0.2078195977988025,-0.20700912826321566,-0.2110773753624516,-0.21257618222801813,-0.20762668976191925,-0.20770251488624333,-0.21340052600407966,-0.2093692289932984,-0.21434908471012568
17,13.012116312382258,-0.002350131388062163,-0.1390701608139125,-0.0966642578756173,0.07029217935458819,0.10800463139711229,-0.0914201340917398,-0.05911188705870389,-0.17389787326700096,0.14306525915698548,-0.1334877045053395,-0.35970980875917236,-0.23993741581835232,-0.15841560455678547,-0.18890470006511859,-0.19343336891476923,-0.19233882756560514,-0.19182902388335976,-0.21417963247794514,-0.23221986166331604,-0.19135563474984646,-0.19174209204158987,-0.24214198771526949,-0.1698503174102455,-0.1923309804194696,-0.1928298747478381,-0.17669272052319557,-0.19426434487753783,-0.19560175208408653,-0.19750320635318308,-0.19721349591343384,-0.19721349591343384,-0.19543902907823682,-0.19898796274863115,-0.20284906087642332,-0.20130710413043398,-0.20315022622389547,-0.2082211061603745,-0.21722023276031907,-0.21576755072592493,-0.22107507378567995,-0.22009958272273733,-0.21204887515457752,-0.20881524422297132,-0.2191937695928621,-0.21993324176113743,-0.2070367472105877,-0.20172441925788948,-0.19874284645189555,-0.1987290487808805,-0.19917534598743,-0.19868937635767303,-0.19865238835520396,-0.198599800785124,-0.1986078131619142,-0.1986078131619142,-0.19865688870402273,-0.19855873761980575,-0.19867807861478304,-0.19826847283054946,-0.19826225779492893,-0.19911218728502428,-0.20004663607017864,-0.19972200660750614,-0.20056539488640576,-0.20101094496594946,-0.19877445397020266,-0.19795049515515614,-0.20067144475923135,-0.2006297604161554,-0.1974973178068808,-0.19971349574442165,-0.1969758541510949
18,9.844795838889471,0.0005966072372712395,-0.01870115273299993,0.0023120311504414405,0.003911381500274427,0.00618525256630378,-0.08687425572180606,-0.04746313109613115,0.003716787740754173,0.00796081175938204,0.22877402958965176,-0.17832618303839035,-0.38145668764684393,0.11066113701116943,-0.05637547969407821,-0.05525935494431769,-0.0602700122938526,-0.06260382231319313,-0.11399766897921447,-0.16507446379216878,-0.06477093161686737,-0.0630017841373012,-0.1931667009392928,-0.04197058997366554,-0.2041020475510095,-0.20452341982179983,-0.19089378137317664,-0.20573499089319125,-0.20686458142880138,-0.20847057303386393,-0.20822588004192732,-0.20822588004192732,-0.20672714358157462,-0.20972461650228041,-0.21483314279257582,-0.2098359963285817,-0.2117583932990325,-0.22413081135007376,-0.2521525508378109,-0.23719182194274963,-0.2333177726228254,-0.23808402827392702,-0.225469459820307,-0.21527610145296502,-0.24250983709280724,-0.23889677128957731,-0.2096697543509272,-0.2287300801601564,-0.13303128505761244,-0.1329037898756482,-0.13702772814727437,-0.13253720316618123,-0.13219542141909887,-0.13170949435148138,-0.13178353144337104,-0.13178353144337104,-0.13223700617575143,-0.1313300567109908,-0.13243280817198722,-0.1286479111457655,-0.12859048209875573,-0.13644412021468114,-0.14507874541828855,-0.14207905856036993,-0.14987225365582055,-0.15398928821931465,-0.13332334929755132,-0.12570968906901353,-0.15085219061896507,-0.1504670130843186,-0.12152217594331823,-0.14200041528525392,-0.11670367406654407
19,9.751802212378642,0.0030186786245176294,-0.09462300569324307,0.0116982808404714,0.019790580786810154,0.031295781450026,-0.012579810257182333,0.005325976661871662,0.018805986592118643,0.04027965266021365,0.13985903436394287,-0.009576147442678288,0.004872871417106218,-0.6317118583197974,-0.28524537563072344,-0.31082335042314685,-0.2960202389978149,-0.2891254051762466,-0.23343177564057008,-0.16613475409050296,-0.28272305948479065,-0.28794969651881147,-0.12912139223796615,-0.21236035183109891,-0.07562768244666268,-0.0761313645345789,-0.059839346223865636,-0.07757960090227416,-0.07892984285910565,-0.08084954489193308,-0.0805570541761916,-0.0805570541761916,-0.07876555824274922,-0.08234855010963432,-0.08347135301880863,-0.08746529686660652,-0.08877675433389391,-0.08174342571072546,-0.0679541199645412,-0.07931609925413219,-0.08529400990859304,-0.08090604486371862,-0.08845379124162678,-0.09639961036118694,-0.07683150589347794,-0.08015780804970828,-0.10076981087694444,-0.06485141235781258,-0.19700674498816523,-0.19716684402901657,-0.19198830667845584,-0.19762717656606119,-0.19805636086185496,-0.19866655221380114,-0.1985735818974616,-0.1985735818974616,-0.1980041417932475,-0.1991430220016762,-0.19775826809581695,-0.20251106247035203,-0.20258317762954214,-0.19272115845216267,-0.18187843332394596,-0.1856452187146483,-0.1758590994219161,-0.17068923123856014,-0.19663999226887885,-0.20620066492473133,-0.17462856689921719,-0.17511224442258996,-0.21145903488545081,-0.18574397313596452,-0.21750975395520605
20,10.206863159773855,0.001237596280778779,-0.03879349029437589,0.004796055049413173,0.008113731941280124,0.012830628080790298,-0.07252681390597314,-0.03654796665426657,0.0077100685292398816,0.01651383089225247,-0.15298435031933988,0.22611551853868747,-0.3561148549277937,-0.1403414588170284,-0.11694474964069204,-0.12258120646854367,-0.12274932473321516,-0.12282762904802931,-0.12313479279333316,-0.12361617220619318,-0.1229003401974999,-0.1228409815178966,-0.12388093088326649,-0.087063385772983,-0.1807705847647764,-0.18119434780360139,-0.1674873779637554,-0.18241279304681057,-0.18354879261579027,-0.18516389624283222,-0.1849178149199021,-0.1849178149199021,-0.18341057497825786,-0.1864250548615463,-0.19046550559655984,-0.18763412677357266,-0.18935027890149375,-0.19698901963140084,-0.22094288557895442,-0.20615300363272465,-0.19513733209050668,-0.2016675849950121,-0.19946019641353643,-0.1936403640490246,-0.20773139126348136,-0.20278112523017322,-0.19043945624854366,-0.200504015020202,-0.15471732701443966,-0.15465789994851772,-0.1565801180884533,-0.15448702939314474,-0.15432772073455978,-0.1541012241765276,-0.15413573377189158,-0.15413573377189158,-0.15434710389898146,-0.1539243636448014,-0.1544383696076823,-0.1526741827449334,-0.15264741436270962,-0.15630809128282433,-0.16033279585032853,-0.15893460506457166,-0.16256710875251487,-0.1644861089895305,-0.15485346173398687,-0.15130464144652206,-0.16302386937366878,-0.1628443334069724,-0.14935279028841617,-0.15889794847078825,-0.14710682754484786
21,8.975943667626343,0.0016451306741443901,-0.05156799663315056,0.006375372485532704,0.010785544127512547,0.01705569106184125,-0.043324328433966504,-0.018063661427837465,0.010248956331079072,0.021951754518349107,-0.04208729440250261,0.12376306346358447,-0.04943105583800105,-0.09384915297365826,-0.1554540828879774,-0.1665622400140913,-0.16213599805632287,-0.16007439074445468,-0.21385222461031603,-0.2549739503461634,-0.15816004109771983,-0.15972284498896253,-0.2775908995008798,-0.115732932261132,-0.12562367413144704,-0.1261222331450039,-0.10999592495833986,-0.12755573914451715,-0.12889224745841413,-0.13079242372985814,-0.13050290800910277,-0.13050290800910277,-0.12872963382128427,-0.13227618219692125,-0.13568771843884092,-0.13504073162733973,-0.13679414232861864,-0.1399044079650237,-0.13483197409066144,-0.14582785277561372,-0.16710923962070365,-0.15894128046139305,-0.1441879271132765,-0.14276190479820078,-0.15135674695631873,-0.15754847817700174,-0.14197759252490919,-0.12533583765771503,-0.15053665508067693,-0.1505508938728665,-0.1500903282330714,-0.15059183465113848,-0.1506300051858669,-0.15068427401727266,-0.15067600547920335,-0.15067600547920335,-0.15062536095775483,-0.15072665000065172,-0.1506034935907552,-0.1510261947578491,-0.15103260849249717,-0.15015550616328294,-0.14919118239814563,-0.14952619049135782,-0.1486558385004278,-0.14819604387381094,-0.150504037047945,-0.151354338401499,-0.14854639813913656,-0.14858941515975987,-0.15182200414595384,-0.14953497345267625,-0.15236013935883963
22,4.3762885527656366,0.001151414412811779,-0.03609204757799502,0.004462074583044157,0.007548720082612295,0.011937148104835302,-0.008289342420782107,2.4451044880078376e-05,0.007173166375990313,0.015363865579905014,0.037480244348109946,0.013235313403571102,0.1413643749453793,-0.02720664155433896,-0.10880112709632873,-0.11807631460777891,-0.1130485543019423,-0.11070677825180111,-0.17049650267954797,-0.21607927491586873,-0.1085322719195267,-0.11030745805827968,-0.2411497996458455,-0.08100059669226009,-0.04032768186254137,-0.040649746212557625,-0.03023230550228402,-0.04157577736518681,-0.04243914894147407,-0.04366664462230223,-0.04347962023824901,-0.04347962023824901,-0.04233410208859988,-0.04462513838789808,-0.04619959103370914,-0.04704037796230414,-0.04804848757016441,-0.04730177735977077,-0.02843037906901538,-0.04885008672257186,-0.07865522187199918,-0.06594551867809817,-0.05071424715101235,-0.05233525621922185,-0.05414365142661858,-0.06377825715081445,-0.05322681120673682,-0.029119350940559327,-0.08247843501301791,-0.08252709779470341,-0.08095305942945016,-0.08266701781941936,-0.08279747020425533,-0.08298294045059906,-0.08295468172910268,-0.08295468172910268,-0.08278159799713916,-0.08312776546106614,-0.08270686364522421,-0.0841514956293628,-0.08417341533749621,-0.08117581283060783,-0.07788012059545232,-0.07902505097198016,-0.07605051855656085,-0.07447911522140462,-0.08236695897033663,-0.08527296592542928,-0.07567649298344994,-0.07582350881565554,-0.08687126975073038,-0.079055067796687,-0.08871041144430743
23,14.675370445897665,0.0006827891052383037,-0.021402595449380255,0.0026460116168108066,0.00447639335894229,0.007078732542259411,-0.15111172720699656,-0.08403554879527768,0.004253689894003877,0.009110777071729586,0.038309434922202616,0.034554022096726825,0.12106408247998404,-0.0024736802515199566,-0.06451910223844112,-0.05976424680508264,-0.06997078272512504,-0.074724673109422,-0.06663595909299926,-0.0726113610824925,-0.07913899989484016,-0.0755353075969173,-0.07589783217671406,-0.0480333790543885,-0.34454495045324407,-0.3450680214128432,-0.328148853834648,-0.34657200657481424,-0.3479742251031179,-0.3499678246543937,-0.34966407472357974,-0.34966407472357974,-0.3478036164712319,-0.351524532975928,-0.35909905735542585,-0.35042974513985037,-0.3530601846303614,-0.3738180536217031,-0.44466505734774936,-0.39449473885290237,-0.34979988284133223,-0.3738060945908407,-0.37421540908283046,-0.356581209282768,-0.39609757692966957,-0.3778996393689361,-0.34688239939273363,-0.4001147442397989,-0.205270177059034,-0.20503459202946264,-0.21265478680627672,-0.2043572147399065,-0.20372567194940291,-0.20282777807740943,-0.20296458348615967,-0.20296458348615967,-0.2038025120775931,-0.2021266548947262,-0.20416431413444472,-0.1971705982613354,-0.1970644811239687,-0.211576398666897,-0.2275314206731643,-0.22198861265296072,-0.2363888438517739,-0.24399628198744067,-0.20580985206120092,-0.19174136459010555,-0.2381995670091836,-0.23748783767563572,-0.18400369648100326,-0.22184329595935434,-0.17510009016708342
24,8.751802212378632,0.00301867862451763,-0.09462300569324308,0.011698280840471465,0.019790580786810247,0.03129578145002617,-0.012579810257182243,0.005325976661871997,0.018805986592118705,0.040279652660213806,0.1398590343639433,-0.009576147442678262,0.004872871417105947,0.3682881416802028,-0.285245375630723,-0.31082335042314735,-0.296020238997815,-0.2891254051762461,-0.2334317756405699,-0.1661347540905031,-0.2827230594847903,-0.2879496965188115,-0.12912139223796598,-0.21236035183109825,-0.07562768244666274,-0.07613136453457858,-0.059839346223866,-0.07757960090227427,-0.07892984285910545,-0.0808495448919332,-0.08055705417619148,-0.08055705417619148,-0.07876555824274904,-0.0823485501096346,-0.08347135301880838,-0.0874652968666065,-0.08877675433389377,-0.08174342571072506,-0.06795411996454108,-0.07931609925413197,-0.0852940099085925,-0.08090604486371845,-0.08845379124162644,-0.09639961036118624,-0.0768315058934779,-0.08015780804970804,-0.10076981087694448,-0.06485141235781247,-0.1970067449881646,-0.1971668440290163,-0.1919883066784557,-0.19762717656606107,-0.19805636086185494,-0.1986665522138012,-0.19857358189746135,-0.19857358189746135,-0.1980041417932473,-0.19914302200167538,-0.19775826809581665,-0.20251106247035192,-0.2025831776295417,-0.1927211584521625,-0.18187843332394568,-0.1856452187146481,-0.1758590994219159,-0.17068923123855959,-0.19663999226887846,-0.2062006649247314,-0.17462856689921707,-0.1751122444225899,-0.21145903488545056,-0.18574397313596436,-0.21750975395520575
25,-0.6790763142896267,-0.005339659175538146,0.16737608186021194,-0.020692773361333548,-0.03500702440770992,-0.055358263452761985,-0.060208087966810736,-0.056828394065962844,-0.033265402300882374,-0.07124959085333862,-0.11269265550604507,-0.09362654281631909,-0.10954124444790016,-0.17588529911085735,0.5045628490875981,-0.2646559175080942,-0.002645935210296108,0.1193902526984092,-0.2188060406495714,-0.17893658251172434,0.2327095700422056,0.14019989167706082,-0.1570083805359089,0.37563849691242157,-0.0632209158791061,-0.0630324587023294,-0.06912826367232708,-0.06249058805870783,-0.06198538290400088,-0.061267109147523265,-0.06137654717568459,-0.06137654717568459,-0.06204685146865451,-0.060706242882715415,-0.06319971659160989,-0.05587818562867286,-0.05596420613738192,-0.07135395765498462,-0.08856394106543578,-0.08280872486305796,-0.09821888561292119,-0.095775642932532,-0.0658556083298286,-0.05111376786615102,-0.09350691758645541,-0.09535902062575995,-0.043005755611128536,-0.08113265265042442,0.10282289999886877,0.10306549945517336,0.09521841718023624,0.10376304531561441,0.10441339197765774,0.10533802019177312,0.10519714147022279,0.10519714147022279,0.1043342639729832,0.10606001896746296,0.10396168944037361,0.11116363971476892,0.11127291643696471,0.09632891378850905,0.07989883896121622,0.08560668132517495,0.07077769042601639,0.06294374461485387,0.10226715644273039,0.11675452611016972,0.06891305388987987,0.0696459746092868,0.12472257942726199,0.08575632475084287,0.13389128617758722
26,6.566506022722612,-0.0009060344326639642,0.028400406914447923,-0.0035111539063332575,-0.005939998875545691,-0.009393201171052586,-0.02667029768219591,-0.019102371895489686,-0.0056444800894956595,-0.012089644770228204,-0.013901178810024629,-0.016291247086904805,-0.022125294979287682,-0.011739193542081952,0.08561432475142178,-0.008702118999020158,-0.14537925283193964,-0.2090392563210421,-0.014216079740131744,-0.01901082821066328,-0.26815211670378,-0.21989457483508001,-0.02164793986945562,0.06373841499022617,-0.05608337399659257,-0.05638448942234442,-0.046644659184814544,-0.05725028616380115,-0.05805749906942885,-0.05920515134613225,-0.05903029210751351,-0.05903029210751351,-0.05795928507019101,-0.060101299144835856,-0.059595323631961176,-0.06433745426761968,-0.06488846200569698,-0.055528859079389835,-0.04450268935132734,-0.049816444588873326,-0.0430690321581286,-0.0434318278661977,-0.06074763424856107,-0.07025301656133387,-0.043768709595118416,-0.04349369187422087,-0.07548097683335875,-0.04532167781707236,-0.1773867132503336,-0.17755624286812877,-0.17207266562052265,-0.17804369112920923,-0.1784981563729892,-0.17914429082905464,-0.1790458441293645,-0.1790458441293645,-0.1784428613587556,-0.17964882689997325,-0.17818250455880522,-0.183215260592115,-0.18329162366905552,-0.17284868576677678,-0.16136727377914226,-0.16535594032083162,-0.15499337315885484,-0.14951897573265774,-0.176998357092826,-0.18712219776412492,-0.1536903565564587,-0.15420252493196712,-0.1926903101333398,-0.16546051183614055,-0.19909744465347148
27,6.566506022722612,-0.0009060344326639642,0.028400406914447923,-0.0035111539063332575,-0.005939998875545691,-0.009393201171052586,-0.02667029768219591,-0.019102371895489686,-0.0056444800894956595,-0.012089644770228204,-0.013901178810024629,-0.016291247086904805,-0.022125294979287682,-0.011739193542081952,0.08561432475142178,-0.008702118999020158,-0.14537925283193964,-0.2090392563210421,-0.014216079740131744,-0.01901082821066328,-0.26815211670378,-0.21989457483508001,-0.02164793986945562,0.06373841499022617,-0.05608337399659257,-0.05638448942234442,-0.046644659184814544,-0.05725028616380115,-0.05805749906942885,-0.05920515134613225,-0.05903029210751351,-0.05903029210751351,-0.05795928507019101,-0.060101299144835856,-0.059595323631961176,-0.06433745426761968,-0.06488846200569698,-0.055528859079389835,-0.04450268935132734,-0.049816444588873326,-0.0430690321581286,-0.0434318278661977,-0.06074763424856107,-0.07025301656133387,-0.043768709595118416,-0.04349369187422087,-0.07548097683335875,-0.04532167781707236,-0.1773867132503336,-0.17755624286812877,-0.17207266562052265,-0.17804369112920923,-0.1784981563729892,-0.17914429082905464,-0.1790458441293645,-0.1790458441293645,-0.1784428613587556,-0.17964882689997325,-0.17818250455880522,-0.183215260592115,-0.18329162366905552,-0.17284868576677678,-0.16136727377914226,-0.16535594032083162,-0.15499337315885484,-0.14951897573265774,-0.176998357092826,-0.18712219776412492,-0.1536903565564587,-0.15420252493196712,-0.1926903101333398,-0.16546051183614055,-0.19909744465347148
28,-13.453935731155639,0.00715172804086614,-0.22417689568910742,0.0277150811740001,0.04688702215880134,0.07414466579486814,0.11354868333120266,0.0950331378569416,0.04455436247987374,0.09542888039379589,0.1404950131260952,0.12620903699012856,0.15379183440647579,0.19936368619502304,0.32420850140955876,0.28206015550613556,0.29340444087417744,0.2986882599436764,0.247238200129835,0.216958238933052,0.30359466336535496,0.2995892579930998,0.2003042602748215,-0.5031153268928726,0.1753876638722908,0.17580143754701902,0.16241758204195672,0.1769911603863106,0.1781003810428583,0.17967741183978866,0.17943713139071216,0.17943713139071216,0.1779654216090375,0.18090884117238729,0.18239036385553278,0.18455309416391327,0.18574113014877677,0.18241167581376486,0.17756931976808976,0.18244161404080525,0.1843569499291796,0.18263929866492706,0.1873508768269528,0.19161980098881964,0.18104433677669354,0.18234640437420233,0.19396770927784646,0.17177600828456832,0.2519505265017997,0.25204698628108446,0.24892691406080802,0.2523243369428051,0.2525829207683212,0.25295056146633643,0.25289454678850676,0.25289454678850676,0.25255145874452883,0.2532376348324848,0.2524033196772371,0.25526688146946125,0.25531033090114785,0.24936845774504465,0.2428357085970684,0.24510519931648933,0.2392090558916947,0.23609420685046206,0.2517295577429217,0.2574898694180808,0.23846765922303767,0.23875907525464868,0.26065804083941835,0.24516469892143922,0.2643036031293565
29,7.640220696106442,0.0009396924077319539,-0.029455444287624033,0.0036415886076858438,0.006160661939607325,0.009742146111140814,-0.005740190274376231,0.0006091880507008706,0.005854165023395812,0.012538759006495263,0.025015041675849378,0.016074969519178774,0.015764597338246988,0.048927760132156176,-0.08879478313584317,0.08251943605887109,-0.6166265320674718,-0.47649798106785657,0.06125245231032814,0.04275942296376904,-0.34637861228249955,-0.45260322815173676,0.03258825682316098,-0.06610621239975842,-0.03390395615212783,-0.03426781853419718,-0.02249838552581078,-0.03531403150700522,-0.03628945284234677,-0.03767625489722677,-0.03746495818623319,-0.03746495818623319,-0.036170772839068735,-0.03875914353339728,-0.037397947034926,-0.04462782095888896,-0.045145236226191446,-0.030552057841260083,-0.013677333200337174,-0.02093521349777799,-0.008928406855002706,-0.010130151668334494,-0.037627165162038824,-0.052141905739658254,-0.011246057566428014,-0.010335073471763611,-0.060125013057348735,-0.017050088501253613,-0.2115274693394214,-0.2117793413286653,-0.2036323312221587,-0.21250354848944839,-0.2131787524242062,-0.2141387213835246,-0.21399245805557043,-0.21399245805557043,-0.21309660002268843,-0.21488831608845307,-0.21270978510521424,-0.2201870052510327,-0.22030045870149137,-0.20478527275811498,-0.1877272146189582,-0.19365321969909333,-0.1782574414350362,-0.17012406988861892,-0.21095048439013078,-0.22599158412146844,-0.17632153555656913,-0.17708246965908822,-0.23426418897370377,-0.19380858273194718,-0.2437833381225638
30,-0.5674947980173437,-0.003260672958752587,0.10220852045459203,-0.012636081128547735,-0.021377105560507356,-0.03380462811387755,-0.06704770794961724,-0.05211160545479218,-0.020313580732159987,-0.043508697199620604,0.002151337182047161,-0.11927765977817682,-0.12043297036904141,0.14347508243718834,0.3081122565927165,0.34200129600988555,0.3179603578593589,0.30676282859001613,-0.5134902686004701,-0.3878307595659973,0.2963651228399144,0.30485342330998505,-0.3187180295970379,0.22938435748108182,-0.10494464217364101,-0.10489600470271288,-0.10646922437038411,-0.1047561574539766,-0.1046257729207603,-0.10444039914223154,-0.104468643165645,-0.104468643165645,-0.10464163687233537,-0.10429564945895357,-0.10927312257549424,-0.09871566153639132,-0.09959572424508499,-0.12254532552445097,-0.14284072782964052,-0.14118961061941496,-0.17458448866651297,-0.16655153612791646,-0.11668223440941711,-0.09537147248768162,-0.15909236591350556,-0.16518175520370504,-0.08365055343072678,-0.12893397650698343,0.11734362435012344,0.11767799675482034,0.10686244172393863,0.11863941723899994,0.11953578354000673,0.12081018936149367,0.12061601762833081,0.12061601762833081,0.11942672220242188,0.12180531305423992,0.11891320644976992,0.12883958249544822,0.12899019750891255,0.10839302809445907,0.08574762025622824,0.09361468230961899,0.07317603243913494,0.06237858326491109,0.11657764856398162,0.13654544530690443,0.07060602254723128,0.07161619984578209,0.14752773351551265,0.09382093434682277,0.16016487034494375
31,5.468790902132028,0.000812833932688269,-0.025478959308794454,0.0031499741456486154,0.005328972577760561,0.008426956386137177,-0.00496526458733441,0.0005269476638567857,0.005063852745237432,0.010846026540618205,0.021638011049609853,0.013904848634090493,0.013636376697583982,0.042322512514314535,-0.07680748741250447,0.07137931219092437,0.3316180497616394,-0.47717075362369554,0.05298337124843324,0.03698690086366042,-0.29961749962436085,-0.051501792351251796,0.028188842152033742,-0.057181873725791685,-0.029326922071588612,-0.029641663032079817,-0.019461103479825145,-0.030546637253558766,-0.03139037670862976,-0.032589960486099495,-0.032407188831091116,-0.032407188831091116,-0.03128771850579447,-0.03352665915638699,-0.032349224185209816,-0.03860306512943798,-0.03905062933565518,-0.026427530032688572,-0.01183089321829276,-0.01810895967557693,-0.007723071929577263,-0.008762581193108866,-0.03254749786516384,-0.04510274846480355,-0.0097278397949611,-0.0089398385530759,-0.05200813629460519,-0.014748326553583569,-0.18297126097859848,-0.18318913024929578,-0.1761419665071665,-0.18381556944337205,-0.1843996208469375,-0.18522999399674836,-0.18510347621806703,-0.18510347621806703,-0.18432855901962408,-0.18587839341651155,-0.1839939641160098,-0.19046175954214334,-0.1905598967767909,-0.17713926093576776,-0.16238404064539874,-0.16751003503971393,-0.15419268684130516,-0.14715732045365454,-0.18247216899746177,-0.1954827202650686,-0.15251812825643166,-0.15317633625510962,-0.20263852346225264,-0.167644424063133,-0.21087258747601603
32,1.1714297939743583,0.00012685847504383861,-0.003976484978829025,0.000491614462037607,0.0008316893618470206,0.0013151897250041867,-0.0007749256870407287,8.22403868448318e-05,0.0007903122781584425,0.0016927324658768848,0.003377030626239783,0.0021701208850893727,0.0021282206406636377,0.006605247617841084,-0.01198729572333872,0.011140123867947776,0.05175541817089179,0.0006727725558395757,0.008269081061894435,0.005772522100108846,-0.04676111265813717,-0.40110143580048424,0.004399414671126739,-0.008924338673967424,-0.004577034080536979,-0.00462615550211646,-0.0030372820459843644,-0.004767394253445579,-0.004899076133716639,-0.005086294411125401,-0.005057769355141365,-0.005057769355141365,-0.004883054333274071,-0.0052324843770084365,-0.0050487228497148075,-0.006024755829449828,-0.0060946068905356615,-0.00412452780856996,-0.0018464399820455877,-0.0028262538221999712,-0.0012053349254253667,-0.0013675704752250065,-0.0050796672968751065,-0.0070391572748537065,-0.0015182177714677867,-0.0013952349186881444,-0.008116876762741799,-0.002301761947669003,-0.028556208360821757,-0.0285902110793698,-0.02749036471499123,-0.028687979046075434,-0.028779131577267674,-0.028908727386775683,-0.028888981837501878,-0.028888981837501878,-0.028768041003062586,-0.02900992267194086,-0.028715820989203694,-0.029725245708889285,-0.029740561924701363,-0.027646011822345357,-0.025343173973559115,-0.02614318465937737,-0.024064754593729542,-0.022966749434963366,-0.028478315392667396,-0.030508863856397863,-0.02380340730013645,-0.023906133403976754,-0.03162566551144972,-0.026164158668812696,-0.032910750646545715
33,2.2343954510659927,0.0004064169663441384,-0.012739479654396917,0.0015749870728243196,0.0026644862888803755,0.004213478193068968,-0.0024826322936673697,0.00026347383192903745,0.0025319263726191004,0.005423013270309318,0.010819005524805067,0.006952424317045492,0.006818188348792579,0.02116125625715786,-0.038403743706250715,0.03568965609546241,0.16580902488081958,0.26141462318815306,0.026491685624217883,0.018493450431830448,-0.14980874981217998,-0.025750896175625516,0.014094421076017313,-0.028590936862895256,-0.01466346103579453,-0.014820831516040016,-0.009730551739912337,-0.015273318626779183,-0.01569518835431429,-0.016294980243049574,-0.016203594415545523,-0.016203594415545523,-0.015643859252896877,-0.01676332957819426,-0.016174612092604703,-0.019301532564718636,-0.01952531466782761,-0.013213765016344432,-0.0059154466091450525,-0.009054479837788459,-0.0038615359647884645,-0.004381290596554161,-0.016273748932580826,-0.02255137423240154,-0.00486391989747992,-0.004469919276538082,-0.026004068147302245,-0.007374163276791169,-0.09148563048929913,-0.09159456512464713,-0.0880709832535831,-0.09190778472168563,-0.09219981042346809,-0.09261499699837329,-0.09255173810903389,-0.09255173810903389,-0.09216427950981215,-0.09293919670825491,-0.09199698205800394,-0.09523087977107095,-0.09527994838839511,-0.08856963046788387,-0.08119202032269872,-0.08375501751985774,-0.07709634342065226,-0.07357866022682678,-0.0912360844987315,-0.0977413601325339,-0.07625906412821523,-0.07658816812755496,-0.10131926173112593,-0.08382221203156642,-0.10543629373800784
34,2.2343954510659927,0.0004064169663441384,-0.012739479654396917,0.0015749870728243196,0.0026644862888803755,0.004213478193068968,-0.0024826322936673697,0.00026347383192903745,0.0025319263726191004,0.005423013270309318,0.010819005524805067,0.006952424317045492,0.006818188348792579,0.02116125625715786,-0.038403743706250715,0.03568965609546241,0.16580902488081958,0.26141462318815306,0.026491685624217883,0.018493450431830448,-0.14980874981217998,-0.025750896175625516,0.014094421076017313,-0.028590936862895256,-0.01466346103579453,-0.014820831516040016,-0.009730551739912337,-0.015273318626779183,-0.01569518835431429,-0.016294980243049574,-0.016203594415545523,-0.016203594415545523,-0.015643859252896877,-0.01676332957819426,-0.016174612092604703,-0.019301532564718636,-0.01952531466782761,-0.013213765016344432,-0.0059154466091450525,-0.009054479837788459,-0.0038615359647884645,-0.004381290596554161,-0.016273748932580826,-0.02255137423240154,-0.00486391989747992,-0.004469919276538082,-0.026004068147302245,-0.007374163276791169,-0.09148563048929913,-0.09159456512464713,-0.0880709832535831,-0.09190778472168563,-0.09219981042346809,-0.09261499699837329,-0.09255173810903389,-0.09255173810903389,-0.09216427950981215,-0.09293919670825491,-0.09199698205800394,-0.09523087977107095,-0.09527994838839511,-0.08856963046788387,-0.08119202032269872,-0.08375501751985774,-0.07709634342065226,-0.07357866022682678,-0.0912360844987315,-0.0977413601325339,-0.07625906412821523,-0.07658816812755496,-0.10131926173112593,-0.08382221203156642,-0.10543629373800784
35,-0.7837473990087017,-0.0016303364793762518,0.0511042602272963,-0.006318040564273965,-0.01068855278025349,-0.016902314056938657,-0.03352385397480814,-0.026055802727395924,-0.010156790366079867,-0.021754348599809924,0.0010756685910241481,-0.05963882988908803,-0.06021648518452033,0.07173754121859427,0.15405612829635842,0.17100064800494358,0.15898017892968,0.15338141429500907,0.24325486569976545,-0.19391537978299855,0.1481825614199575,0.1524267116549925,-0.1593590147985186,0.11469217874054072,-0.05247232108682044,-0.052448002351355535,-0.053234612185191335,-0.05237807872698781,-0.05231288646038,-0.05222019957111579,-0.05223432158282225,-0.05223432158282225,-0.052320818436167496,-0.052147824729476655,-0.0546365612877462,-0.04935783076819522,-0.04979786212254236,-0.06127266276222515,-0.07142036391481987,-0.07059480530970717,-0.08729224433325551,-0.08327576806395771,-0.058341117204707985,-0.04768573624384016,-0.07954618295675235,-0.08259087760185203,-0.041825276715362764,-0.06446698825349186,0.05867181217506216,0.05883899837741109,0.05343122086197004,0.05931970861950034,0.05976789177000416,0.06040509468074769,0.06030800881416562,0.06030800881416562,0.05971336110121153,0.06090265652712046,0.05945660322488569,0.0644197912477248,0.06449509875445697,0.054196514047230096,0.04287381012811391,0.046807341154810264,0.036588016219568364,0.031189291632456054,0.05828882428199088,0.06827272265345316,0.0353030112736155,0.03580809992289165,0.07376386675775701,0.046910467173412226,0.08008243517247213
36,-0.7837473990087017,-0.0016303364793762518,0.0511042602272963,-0.006318040564273965,-0.01068855278025349,-0.016902314056938657,-0.03352385397480814,-0.026055802727395924,-0.010156790366079867,-0.021754348599809924,0.0010756685910241481,-0.05963882988908803,-0.06021648518452033,0.07173754121859427,0.15405612829635842,0.17100064800494358,0.15898017892968,0.15338141429500907,0.24325486569976545,-0.19391537978299855,0.1481825614199575,0.1524267116549925,-0.1593590147985186,0.11469217874054072,-0.05247232108682044,-0.052448002351355535,-0.053234612185191335,-0.05237807872698781,-0.05231288646038,-0.05222019957111579,-0.05223432158282225,-0.05223432158282225,-0.052320818436167496,-0.052147824729476655,-0.0546365612877462,-0.04935783076819522,-0.04979786212254236,-0.06127266276222515,-0.07142036391481987,-0.07059480530970717,-0.08729224433325551,-0.08327576806395771,-0.058341117204707985,-0.04768573624384016,-0.07954618295675235,-0.08259087760185203,-0.041825276715362764,-0.06446698825349186,0.05867181217506216,0.05883899837741109,0.05343122086197004,0.05931970861950034,0.05976789177000416,0.06040509468074769,0.06030800881416562,0.06030800881416562,0.05971336110121153,0.06090265652712046,0.05945660322488569,0.0644197912477248,0.06449509875445697,0.054196514047230096,0.04287381012811391,0.046807341154810264,0.036588016219568364,0.031189291632456054,0.05828882428199088,0.06827272265345316,0.0353030112736155,0.03580809992289165,0.07376386675775701,0.046910467173412226,0.08008243517247213
37,-1.283747399008649,-0.0016303364793762616,0.051104260227296396,-0.006318040564273945,-0.010688552780253635,-0.016902314056939073,-0.03352385397480853,-0.0260558027273969,-0.01015679036608,-0.021754348599810614,0.0010756685910239966,-0.05963882988908888,-0.060216485184520774,0.07173754121859424,0.1540561282963582,0.17100064800494225,0.1589801789296795,0.15338141429500804,0.24325486569976373,0.3060846202170001,0.14818256141995642,0.15242671165499144,-0.15935901479851938,0.11469217874053982,-0.05247232108682096,-0.05244800235135624,-0.05323461218519272,-0.05237807872698913,-0.05231288646038044,-0.05222019957111654,-0.05223432158282313,-0.05223432158282313,-0.052320818436168315,-0.05214782472947776,-0.054636561287747916,-0.04935783076819603,-0.04979786212254286,-0.06127266276222621,-0.07142036391482114,-0.07059480530970785,-0.0872922443332571,-0.08327576806395838,-0.05834111720470965,-0.047685736243840496,-0.07954618295675325,-0.08259087760185256,-0.04182527671536311,-0.06446698825349222,0.05867181217506208,0.05883899837741079,0.053431220861968574,0.05931970861949901,0.05976789177000307,0.06040509468074691,0.060308008814165454,0.060308008814165454,0.05971336110121076,0.06090265652711912,0.05945660322488485,0.06441979124772439,0.0644950987544562,0.05419651404723045,0.042873810128113865,0.046807341154809126,0.036588016219568156,0.031189291632455877,0.0582888242819905,0.0682727226534522,0.03530301127361459,0.03580809992289064,0.07376386675775572,0.0469104671734114,0.08008243517247082
38,-1.283747399008649,-0.0016303364793762616,0.051104260227296396,-0.006318040564273945,-0.010688552780253635,-0.016902314056939073,-0.03352385397480853,-0.0260558027273969,-0.01015679036608,-0.021754348599810614,0.0010756685910239966,-0.05963882988908888,-0.060216485184520774,0.07173754121859424,0.1540561282963582,0.17100064800494225,0.1589801789296795,0.15338141429500804,0.24325486569976373,0.3060846202170001,0.14818256141995642,0.15242671165499144,-0.15935901479851938,0.11469217874053982,-0.05247232108682096,-0.05244800235135624,-0.05323461218519272,-0.05237807872698913,-0.05231288646038044,-0.05222019957111654,-0.05223432158282313,-0.05223432158282313,-0.052320818436168315,-0.05214782472947776,-0.054636561287747916,-0.04935783076819603,-0.04979786212254286,-0.06127266276222621,-0.07142036391482114,-0.07059480530970785,-0.0872922443332571,-0.08327576806395838,-0.05834111720470965,-0.047685736243840496,-0.07954618295675325,-0.08259087760185256,-0.04182527671536311,-0.06446698825349222,0.05867181217506208,0.05883899837741079,0.053431220861968574,0.05931970861949901,0.05976789177000307,0.06040509468074691,0.060308008814165454,0.060308008814165454,0.05971336110121076,0.06090265652711912,0.05945660322488485,0.06441979124772439,0.0644950987544562,0.05419651404723045,0.042873810128113865,0.046807341154809126,0.036588016219568156,0.031189291632455877,0.0582888242819905,0.0682727226534522,0.03530301127361459,0.03580809992289064,0.07376386675775572,0.0469104671734114,0.08008243517247082
39,-0.17142979397436015,-0.00012685847504382246,0.003976484978829203,-0.0004916144620376898,-0.0008316893618470705,-0.0013151897250041115,0.0007749256870406713,-8.224038684476942e-05,-0.0007903122781586244,-0.0016927324658768696,-0.003377030626239677,-0.002170120885089226,-0.002128220640663414,-0.0066052476178410455,0.01198729572333846,-0.011140123867947627,-0.05175541817089166,-0.0006727725558394294,-0.008269081061894315,-0.005772522100108843,0.04676111265813717,-0.5988985641995155,-0.00439941467112688,0.00892433867396739,0.004577034080537012,0.004626155502116615,0.003037282045984078,0.004767394253445546,0.004899076133716737,0.00508629441112537,0.005057769355141445,0.005057769355141445,0.004883054333274466,0.005232484377008424,0.005048722849714817,0.006024755829449685,0.006094606890535697,0.004124527808569942,0.001846439982045206,0.0028262538221997093,0.0012053349254253303,0.001367570475225115,0.005079667296875163,0.007039157274853549,0.0015182177714679363,0.001395234918688029,0.008116876762741644,0.0023017619476689956,0.028556208360821685,0.028590211079369834,0.027490364714991344,0.02868797904607537,0.028779131577267372,0.028908727386775513,0.028888981837501708,0.028888981837501708,0.028768041003062853,0.02900992267194116,0.0287158209892038,0.029725245708889285,0.029740561924701262,0.02764601182234525,0.025343173973559435,0.0261431846593775,0.02406475459372992,0.022966749434963418,0.028478315392667784,0.03050886385639792,0.02380340730013676,0.023906133403976553,0.03162566551144992,0.02616415866881261,0.03291075064654587
40,9.784737422374729,-0.00046412787179649724,0.014548476243445603,-0.001798634059971703,-0.003042841350382761,-0.004811788947202047,-0.1186613788043668,-0.07015081583775103,-0.0028914580250914835,-0.006193077101367446,-0.0024557128723467075,0.01772071708897746,-0.02849965126166496,0.02241928790918954,0.043857046608409125,0.057362741388014414,0.04277580550109202,0.035981659593760165,0.10216100410966415,0.14111601517196803,0.029672809822666055,0.03482312026274101,0.16254127125623558,0.032650828527687824,-0.27089599816763105,-0.27166798406027487,-0.2466974548310088,-0.27388767396368274,-0.27595716932064984,-0.27889946749439337,-0.2784511714129982,-0.2784511714129982,-0.27570537278222196,-0.2811969700437751,-0.2911604320480458,-0.28079677112603685,-0.28443835414386975,-0.309751510849247,-0.30610308098931893,-0.3358675501176017,-0.42034895015921653,-0.39143833526740884,-0.31158440867370785,-0.29046863350510493,-0.36459276429644466,-0.3865084905315225,-0.27885495716237324,-0.2833891651052593,-0.11567146574357198,-0.11539999491275,-0.12418094593858509,-0.11461943523155904,-0.1138916918501165,-0.11285702510637892,-0.1130146695799767,-0.1130146695799767,-0.11398023675247367,-0.11204910240747988,-0.11439715078621038,-0.10633810789176458,-0.10621582632108151,-0.12293829089943227,-0.14132368273737198,-0.13493655915371996,-0.15153032461785435,-0.1602965758303049,-0.11629334745430141,-0.10008185902002477,-0.1536168685753575,-0.15279672412963383,-0.09116554038117237,-0.1347691069025417,-0.0809056804582048
41,1.2662368495822596,6.36526873550602e-05,-0.0019952467112838274,0.00024667316582902514,0.00041730962718806476,0.0006599114513191178,0.023799736395992956,0.013947582450653648,0.00039654820331974856,0.0008493478294535732,-0.0021522150597321757,-0.0021440181407574328,-0.003596919988157028,-0.003663261323480991,-0.006014762408639118,-0.005785921551125251,-0.006461665974967732,-0.006776406935458321,-0.005706017134599375,-0.00563653503327297,-0.0070686663987705204,-0.006830076636813099,-0.005598319877542544,-0.004477888759650695,0.3947679831697907,-0.5479790142773744,0.04980296238286516,-0.28868745070345275,0.18612741917227196,-0.15479482341031164,-0.05311556561472218,-0.05311556561472218,-0.07635420179252465,-0.02987692943691991,-0.03994066407691601,-0.042150502001752896,-0.03773729973579097,-0.02869370633759729,-0.006399085843148491,-0.012894408560933743,-0.009678816738658974,-0.008848860806266502,-0.018367711831099143,-0.023127105979067936,-0.008078187440474891,-0.008707336528777879,-0.02574477276045124,0.01508993259620998,-0.01586678909632338,-0.015850356156882288,-0.016381893324244147,-0.01580310655024245,-0.015759054071827525,-0.01569642260645328,-0.01570596529684066,-0.01570596529684066,-0.01576441395897831,-0.015647516634701025,-0.01578965100948486,-0.015301813095443118,-0.01529441102708975,-0.016306671706723463,-0.017419594335445425,-0.017032962686180722,-0.01803743282440378,-0.0185680801681971,-0.015904433451927578,-0.014923103683010202,-0.018163737556257994,-0.018114091765701962,-0.014383372310105759,-0.01702282630175063,-0.013762312374237973
42,-3.0184305292987847,-0.00013238603771555148,0.004149751052900632,-0.0005130354175417899,-0.0008679282892771632,-0.0013724960549725766,-0.049499132417805895,-0.029008440225812202,-0.0008247482955097661,-0.001766489341705279,0.004476216730332951,0.004459168626479564,0.007480940789745076,0.00761891872728769,0.012509614223163438,0.012033666770629139,0.013439092535009372,0.014093696612187975,0.011867480085675933,0.011722969924847289,0.014701543255282529,0.014205319850782069,0.011643489336391628,0.009313195952180614,0.32912152944497636,0.3062328550799667,-0.10358112328519904,0.17861628529730042,0.23955637422674683,0.18526317221124997,0.11047073682095349,0.11047073682095349,0.07411137775873919,0.14683009588316823,0.083069332664177,0.08766539449626166,0.0784867347113531,0.059677701716120954,0.013308937218156121,0.02681802967004234,0.020130182260135927,0.018404024544988653,0.038201507151680095,0.04810018322266947,0.01680116380949467,0.018109679732289982,0.05354445506171357,-0.031384321209597436,0.03300004174233363,0.03296586421062323,0.0340713650529175,0.03286759360388854,0.032775972443630084,0.03264571036229844,0.03266555742645286,0.03266555742645286,0.03278712003616869,0.03254399481673704,0.03283960852108377,0.03182499419494952,0.03180959923613603,0.03391491774004427,0.03622959482945626,0.03542547116667879,0.037514586758311236,0.03861823692907438,0.033078335170117976,0.031037347347021484,0.03777727767820319,0.037674023443794856,0.02991480404431846,0.035404389326662074,0.02862311209053236
43,0.7521936797166051,6.873335036043238e-05,-0.002154504341616925,0.0002663622517125091,0.0004506186620887383,0.0007125846036530274,0.025699396021813897,0.015060857775157376,0.00042820009218977394,0.0009171415122512281,-0.0023240016706015183,-0.0023151504857231832,-0.003884020801590112,-0.003955657403808559,-0.006494851814525196,-0.006247745219503937,-0.006977426560041669,-0.007317289676730454,-0.006161462951077559,-0.006086434891576134,-0.007632876856512956,-0.0073752432139694,-0.006045169458850311,-0.004835307192530775,0.2761104873852322,0.24174615919740503,0.05377816090233307,0.1100711654061487,-0.4256837933990217,-0.03046834880094092,-0.05735517120623362,-0.05735517120623362,0.0022428240337818523,-0.11695316644624897,-0.04312866858726093,-0.045514892494510704,-0.0407494349755622,-0.030983995378524944,-0.006909851375007572,-0.01392362110911004,-0.010451365521478177,-0.009555163738722906,-0.019833795320583176,-0.024973077243603065,-0.008722976369021333,-0.009402343203513165,-0.027799682301264495,0.016294388613387476,-0.01713325264601115,-0.017115508053741228,-0.017689471728675073,-0.017064487053646334,-0.017016918371804208,-0.016949287755846944,-0.016959592129613874,-0.016959592129613874,-0.017022706077190603,-0.016896478182036326,-0.0170499575116006,-0.016523181099508323,-0.016515188209048116,-0.01760824603332047,-0.018810000494011415,-0.01839250848049896,-0.01947715393390901,-0.02005015676087957,-0.017173901718191772,-0.016114243664011825,-0.019613540121946795,-0.019559931678093688,-0.015531431734212807,-0.018381563024912347,-0.014860799716294996
44,-0.07132121641310854,2.0175485816021125e-05,-0.0006324174735694699,7.818603055386119e-05,0.0001322713119284218,0.00020916688170061836,0.007543613067019806,0.004420854226175773,0.0001256907286067454,0.0002692110231013412,-0.000682170481954158,-0.0006795723697708227,-0.001140087107361918,-0.001161114792530669,-0.001906451380212576,-0.0018339175145308255,-0.002048102847546823,-0.002147863785347518,-0.0018085908474371232,-0.001786567658659847,-0.0022404989418769025,-0.002164875043527522,-0.0017744549048325244,-0.0014193207688489925,0.2278100284137905,0.25639335038256894,0.015785648696132453,-0.3799283041623923,0.1396810955613751,0.09858026281426871,-0.01683561818360535,-0.01683561818360535,-0.08211296615196673,0.04844172978475647,-0.012659674478026161,-0.013360109221017203,-0.011961291615352265,-0.00909481577728679,-0.0020282673211244797,-0.004087038078629323,-0.003067817525715701,-0.0028047529979213894,-0.0058218674641988405,-0.007330414755998457,-0.002560478793540746,-0.002759895173817601,-0.008160115766488155,0.004782935861944102,-0.00502916988521068,-0.005023961267155986,-0.005192438373565323,-0.005008984935312244,-0.004995021971761604,-0.00497517017455067,-0.004978194845190146,-0.004978194845190146,-0.00499672085254242,-0.00495966883783744,-0.005004720039625725,-0.004850093937818465,-0.004847747763111975,-0.005168595976011142,-0.005521350205928526,-0.00539880264855271,-0.005717181555531067,-0.005885376621644848,-0.0050411017170640705,-0.004730057428813052,-0.005757215361359532,-0.0057414795301667515,-0.004558983070275217,-0.005395589799436874,-0.0043621306442790785
45,0.33755806599534516,4.3477201539059324e-05,-0.0013628292377145057,0.0001684871352752678,0.0002850383152597579,0.0004507445696186321,0.01625612332897188,0.009526728224478493,0.0002708574747127502,0.0005801368063521965,-0.0014700445777779802,-0.0014644457709862195,-0.0024568328807939802,-0.002502146530949264,-0.004108311028426523,-0.003952004036594761,-0.004413563127421583,-0.004628543150110545,-0.003897426287162184,-0.0038499673746120303,-0.004828167456893251,-0.0046652015932858535,-0.0038238649727094947,-0.0030585679908013046,0.16695795475600014,0.1956276353400565,0.03401731368673318,0.09124085345894105,0.04644632361089888,-0.25337508622457877,-0.03627994743111597,-0.03627994743111597,0.005758764359444792,-0.07831865922167666,-0.027280989598890734,-0.028790392780734527,-0.025776008120439613,-0.01959889056031019,-0.004370818522024757,-0.008807370482304275,-0.006610999212942674,-0.00604410780834519,-0.012545844366899112,-0.015796691223068766,-0.005517708646933098,-0.005947441354960053,-0.017584656993962194,0.010306996734265127,-0.010837619211112419,-0.010826394889726882,-0.011189454950677637,-0.010794121614930702,-0.010764032100065362,-0.010721252431901942,-0.010727770451650005,-0.010727770451650005,-0.010767693106435992,-0.010687847796863695,-0.01078493096985819,-0.010451719157623558,-0.010446663263976667,-0.011138075730712913,-0.011898244129516929,-0.011634160037627753,-0.01232025126887203,-0.012682703546550952,-0.01086333173486258,-0.010193046254197317,-0.012406522194898073,-0.012372612235535178,-0.009824389239831343,-0.011627236502313471,-0.009400181729959252
46,4.488579467098863,0.00028138763701223937,-0.008820330777433109,0.0010904610964779374,0.001844788881290684,0.0029172519125255014,0.1052108224217019,0.06165768376640469,0.0017530094412371994,0.0037546879583915957,-0.009514236321578794,-0.009478000433402078,-0.015900802590512363,-0.01619407585765523,-0.026589290282668217,-0.025577659967857876,-0.02856490425478827,-0.02995627072843146,-0.02522442877075603,-0.024917271208058762,-0.031248253882528974,-0.030193526861220406,-0.024748334548575536,-0.019795276354195954,-0.09490566710022892,-0.10974768641498031,0.22016254903650226,-0.2142277207486659,-0.13171662200633696,-0.15534131222035316,-0.2348064805734461,-0.2348064805734461,-0.29978617406129043,-0.16982678708560175,-0.1765645654927915,-0.18633353358647622,-0.166824214987756,-0.1268454571040428,-0.02828825803373735,-0.05700194770080083,-0.042786871761934575,-0.03911790901512738,-0.08119762486445192,-0.10223734413719156,-0.03571101503594876,-0.038492276639226344,-0.11380918973719839,0.06670763878723635,-0.07014186637365183,-0.07006922174244415,-0.07241897308402169,-0.06986034674101645,-0.06966560519402017,-0.06938873204417222,-0.06943091714601836,-0.06943091714601836,-0.06968929949575267,-0.06917253479628367,-0.06980086421205871,-0.06764429292526553,-0.0676115708107797,-0.07208644300421882,-0.07700630863261344,-0.07529713702177657,-0.07973756978884848,-0.08208338751251573,-0.0703082797131397,-0.06597014292302075,-0.08029592154926446,-0.08007645380528601,-0.06358416768845541,-0.07525232739344605,-0.06083866557285784
47,-0.7403506062220094,0.00023994154942658618,-0.007521168505001437,0.0009298451341232974,0.001573066632357431,0.0024875646684102202,0.1741439368106264,0.10111579638109154,0.0014948055499378714,0.0032016532635039713,-0.0190759530537422,-0.02183004547118972,-0.040696695217730665,-0.02158198612071556,-0.022672906231134687,-0.025102365905273444,-0.0234159882548153,-0.02263052543377468,-0.031253428990294395,-0.03660217949900878,-0.02190116709995184,-0.022496588131921104,-0.039543992278801815,-0.0168795947476133,0.18553884931139808,0.17975334434695506,0.36689034023939765,0.16311829041907608,0.14760884163805973,0.12555833416988516,0.12891800593224187,0.12891800593224187,0.14949588405293773,0.10834012781154519,0.0664819818592917,0.07852817384275823,0.05773164871093094,0.011702499291157447,-0.1049519545080442,-0.06524963098312586,-0.07186764180611738,-0.0802398291809027,-0.03567861656816379,-0.009964690989935703,-0.08801400317177385,-0.08166745650781636,0.0041779680780893134,-0.30689460651637535,-0.009615553241312334,-0.009638500039790417,-0.008896266654989268,-0.009704478935755914,-0.009765993392639194,-0.009853451368100632,-0.009840126047086164,-0.009840126047086164,-0.009758508897806209,-0.009921743196366012,-0.00972326812337064,-0.010404480291415065,-0.010414816468423786,-0.009001305397733333,-0.007447230950145127,-0.00798711966409987,-0.006584487230459533,-0.0058434963867238865,-0.009562987025450213,-0.010933306470102523,-0.006408116518499116,-0.006477441422622598,-0.011686982164661075,-0.008001274013762185,-0.012554224281808598
48,-1.0713212164131338,2.0175485816059018e-05,-0.0006324174735693943,7.818603055390064e-05,0.00013227131192854457,0.00020916688170063077,0.00754361306701988,0.004420854226176082,0.00012569072860705874,0.0002692110231015581,-0.0006821704819538637,-0.0006795723697707543,-0.001140087107361604,-0.0011611147925302478,-0.001906451380212406,-0.0018339175145304846,-0.002048102847546375,-0.0021478637853473525,-0.0018085908474368066,-0.0017865676586596715,-0.0022404989418767477,-0.0021648750435272496,-0.0017744549048320532,-0.0014193207688486841,0.2278100284137913,0.25639335038257016,0.01578564869613287,0.6200716958376088,0.13968109556137523,0.09858026281426881,-0.01683561818360481,-0.01683561818360481,-0.08211296615196612,0.04844172978475703,-0.01265967447802595,-0.013360109221016853,-0.011961291615351987,-0.009094815777286326,-0.0020282673211243596,-0.004087038078628676,-0.0030678175257153936,-0.00280475299792111,-0.0058218674641983634,-0.007330414755997972,-0.002560478793540504,-0.002759895173817637,-0.00816011576648761,0.004782935861944805,-0.005029169885210455,-0.005023961267155708,-0.0051924383735651135,-0.005008984935311701,-0.004995021971761071,-0.004975170174550302,-0.004978194845189563,-0.004978194845189563,-0.004996720852542044,-0.004959668837837326,-0.005004720039625463,-0.004850093937818164,-0.004847747763111593,-0.005168595976011047,-0.005521350205928364,-0.005398802648552582,-0.005717181555530706,-0.005885376621644382,-0.005041101717063557,-0.004730057428812827,-0.0057572153613590455,-0.005741479530166497,-0.004558983070274605,-0.005395589799436334,-0.004362130644278712
49,-0.2478063202833939,6.873335036041933e-05,-0.0021545043416170417,0.00026636225171240507,0.00045061866208876404,0.0007125846036531309,0.025699396021813696,0.015060857775157224,0.00042820009218960583,0.000917141512251162,-0.002324001670601507,-0.0023151504857231685,-0.0038840208015898845,-0.003955657403808614,-0.0064948518145250085,-0.006247745219504059,-0.006977426560041543,-0.007317289676730605,-0.006161462951077483,-0.006086434891575991,-0.007632876856513085,-0.007375243213969261,-0.006045169458850187,-0.00483530719253082,0.2761104873852317,0.24174615919740525,0.05377816090233304,0.11007116540614936,0.5743162066009783,-0.03046834880094119,-0.05735517120623366,-0.05735517120623366,0.0022428240337813415,-0.11695316644624874,-0.043128668587261276,-0.045514892494510344,-0.040749434975562084,-0.030983995378525055,-0.0069098513750077,-0.013923621109109796,-0.010451365521478217,-0.00955516373872266,-0.019833795320582888,-0.02497307724360324,-0.008722976369021371,-0.00940234320351292,-0.02779968230126424,0.01629438861338702,-0.0171332526460113,-0.01711550805374117,-0.017689471728675462,-0.017064487053646552,-0.017016918371804014,-0.016949287755846892,-0.016959592129613833,-0.016959592129613833,-0.017022706077190763,-0.016896478182036535,-0.017049957511600596,-0.016523181099508413,-0.016515188209048078,-0.017608246033320715,-0.018810000494011495,-0.018392508480499257,-0.019477153933908874,-0.02005015676087947,-0.017173901718191893,-0.016114243664011867,-0.019613540121946715,-0.019559931678093653,-0.015531431734212653,-0.01838156302491231,-0.014860799716294896
50,-0.6624419340046738,4.347720153906983e-05,-0.0013628292377143635,0.0001684871352753539,0.0002850383152597444,0.0004507445696185577,0.01625612332897207,0.009526728224478608,0.0002708574747128391,0.0005801368063522175,-0.001470044577777734,-0.0014644457709860744,-0.002456832880793838,-0.002502146530949012,-0.004108311028426259,-0.00395200403659426,-0.004413563127421496,-0.004628543150110517,-0.003897426287161923,-0.0038499673746119675,-0.004828167456892787,-0.004665201593285614,-0.003823864972709351,-0.0030585679908009494,0.1669579547560008,0.19562763534005706,0.03401731368673326,0.09124085345894176,0.04644632361089916,0.7466249137754215,-0.036279947431115685,-0.036279947431115685,0.005758764359444979,-0.07831865922167636,-0.027280989598890373,-0.028790392780733923,-0.025776008120438804,-0.019598890560310018,-0.004370818522024697,-0.008807370482303727,-0.00661099921294253,-0.006044107808344884,-0.012545844366899218,-0.0157966912230687,-0.00551770864693282,-0.005947441354959772,-0.017584656993961684,0.010306996734265063,-0.010837619211112069,-0.010826394889726655,-0.011189454950677205,-0.010794121614930359,-0.010764032100065117,-0.010721252431901444,-0.010727770451649795,-0.010727770451649795,-0.010767693106435886,-0.01068784779686344,-0.010784930969857859,-0.010451719157623334,-0.010446663263976296,-0.01113807573071238,-0.011898244129516497,-0.011634160037627298,-0.01232025126887177,-0.012682703546550768,-0.0108633317348621,-0.01019304625419691,-0.012406522194897577,-0.012372612235534727,-0.009824389239831253,-0.011627236502313502,-0.00940018172995921
51,-1.0000000000000013,4.468905669718893e-18,-3.647646954761948e-17,1.977291013303601e-17,8.020044605063684e-17,-5.336294324567196e-17,-5.164697611453544e-17,3.9876055010482866e-17,4.680113567274404e-17,-2.2150054382347983e-17,3.27058949492952e-16,6.647218298293263e-17,5.106151673434517e-17,-3.9696529574254795e-17,-8.386854323074359e-17,1.2171105422467562e-17,3.283424739983808e-16,-6.59979630387217e-17,-7.561214484287342e-17,-9.112008976070276e-18,6.924917282486208e-17,-9.137485717296648e-17,3.309543597773024e-16,-9.09073897720478e-17,1.4272097852519397e-16,5.999535397441755e-17,-1.8334909140930087e-16,2.2818642179509078e-17,1.019305464924891e-16,-1.7819882455727788e-16,0.9999999999999997,1.0281896831240845e-16,-6.583782512778906e-17,5.045037796493548e-17,1.7279804191848302e-16,1.7174737647854983e-16,-2.3527823535741244e-18,1.0568346525694989e-16,7.929273829061657e-18,2.6570445919331916e-17,-8.553295007246545e-17,7.343293697880266e-17,-9.065802911645112e-17,6.608692256302744e-17,9.403148373029899e-17,-7.934406718177413e-17,-3.27101908216973e-17,-6.317241187028543e-17,-2.249139248088683e-17,6.664084532961797e-17,-8.827766856641146e-17,5.375793263982854e-17,9.366576682273656e-17,8.983660440596507e-17,8.9865414174062e-17,8.9865414174062e-17,4.636096716128576e-17,-5.0453951087163223e-17,-3.910461519138297e-17,8.563601545262973e-18,-3.877972697583226e-17,1.8877461300980024e-17,-7.422458078692008e-17,1.925012538710321e-17,-1.3778293429342153e-18,7.484576399917715e-17,3.3070957993637243e-16,6.566147036684467e-17,2.2663980437851803e-17,1.7053984553090895e-17,-7.611090685676386e-17,-7.906251501281765e-17,-1.1074659132818829e-16
52,-1.4390223990553102,-1.9209681108722376e-05,0.0006021435174158465,-7.444324899002424e-05,-0.00012593945668254555,-0.00019915401951716943,-0.007182498738631209,-0.004209227013777003,-0.00011967388725496343,-0.0002563238353656552,0.0006495148389286215,0.0006470410989165014,0.0010855109001222218,0.0011055319856231086,0.0018151891556449184,0.0017461275012177866,0.0019500597377405705,0.0020450450986748887,0.0017220132269517466,0.0017010442928073553,0.0021332457909709504,0.002061242024383254,0.0016895113790279975,0.0013513775880867466,0.03146592124338686,0.02949415817375514,-0.01502998640586913,-0.020749618747347164,0.06216791879127342,0.07841193189368037,0.5160296936353318,0.5160296936353318,-0.06189412898195092,0.09395351625261508,0.012053653224531335,0.012720558010517878,0.011388702094923722,0.008659445052137166,0.0019311737420985985,0.0038913907147262333,0.002920960461921839,0.0026704888878530085,0.005543173456350274,0.006979506275153885,0.0024379081405035224,0.0026277784171303306,0.007769489325496014,-0.004553975726242143,0.004788422475538879,0.004783463195114847,0.0049438752673570795,0.004769203783395076,0.004755909229817099,0.004737007742272705,0.004739887621298718,0.004739887621298718,0.004757526784821302,0.0047222484577759145,0.0047651430491533016,0.004617918931038567,0.0046156850682038085,0.004921174210338686,0.0052570420218130244,0.00514036084152773,0.005443498883930199,0.005603642417204433,0.004799783128116523,0.004503628594715441,0.0054816162631368855,0.0054666337094603215,0.004340743601344855,0.005137301792168081,0.004153314541973583
53,-0.5609776009446927,1.9209681108720505e-05,-0.0006021435174158508,7.444324898999116e-05,0.00012593945668254003,0.00019915401951715894,0.007182498738631323,0.004209227013777122,0.00011967388725501042,0.00025632383536568806,-0.0006495148389285803,-0.000647041098916551,-0.001085510900122102,-0.0011055319856230637,-0.0018151891556448731,-0.001746127501217684,-0.0019500597377404845,-0.002045045098674813,-0.001722013226951721,-0.0017010442928074069,-0.002133245790970945,-0.002061242024383309,-0.0016895113790279515,-0.0013513775880867494,-0.03146592124338666,-0.02949415817375522,0.0150299864058694,0.02074961874734751,-0.0621679187912735,-0.07841193189368033,0.48397030636466803,0.48397030636466803,0.06189412898195093,-0.09395351625261486,-0.012053653224531233,-0.012720558010517614,-0.011388702094923613,-0.008659445052137133,-0.0019311737420984727,-0.0038913907147261743,-0.002920960461921774,-0.0026704888878529903,-0.005543173456350362,-0.006979506275153966,-0.0024379081405035514,-0.0026277784171303263,-0.007769489325496007,0.004553975726242114,-0.004788422475538521,-0.004783463195114742,-0.004943875267357018,-0.004769203783395018,-0.004755909229817152,-0.004737007742272732,-0.004739887621298704,-0.004739887621298704,-0.0047575267848212815,-0.004722248457776008,-0.004765143049153294,-0.004617918931038489,-0.004615685068203775,-0.004921174210338698,-0.005257042021812841,-0.005140360841527726,-0.005443498883930157,-0.005603642417204435,-0.004799783128116576,-0.004503628594715524,-0.005481616263136969,-0.00546663370946028,-0.0043407436013448986,-0.005137301792167982,-0.004153314541973485
54,-0.06475748103168671,0.00011345150041501479,-0.003556232148227398,0.0004396584329475063,0.00074379268667815,0.001176194555236276,0.05449530479327148,0.03180203289286332,0.0007067885194308326,0.0015138368799450896,-0.00529558429384221,-0.005896194918241361,-0.009927583842985583,-0.00764848168187173,-0.010720424356839007,-0.01095374229838967,-0.011333581930440319,-0.011510499543676394,-0.01222188719330205,-0.013324621884530248,-0.011674780184538398,-0.011540667575991044,-0.01393112596470573,-0.007981174394722911,0.0918891321924191,0.09795805514501975,0.11439066177631609,0.20296481755681045,0.04597750275445864,0.02243861752596746,0.1437000350570521,0.1437000350570521,0.2889546072483561,-0.0015545371342526072,-0.18757661164599929,0.032108508591633285,-0.06658529470522405,-0.12472066067222695,-0.02001279891815889,-0.0364230152566904,-0.027546297222693774,-0.025639899469733198,-0.03205643798419955,-0.028259414268990212,-0.02386967298484173,-0.025314820084112875,-0.026171051225625297,0.03137675958266982,-0.018503825211726208,-0.018491070072110195,-0.018903645728793907,-0.018454395237903622,-0.01842020199361664,-0.018371587861731906,-0.01837899483530744,-0.01837899483530744,-0.0184243623028051,-0.018333627367809458,-0.018443951135580193,-0.018065294552183274,-0.01805954911536504,-0.018845259203541475,-0.019709102435169705,-0.019409001489486884,-0.020188664610608854,-0.020600549592086518,-0.018533044513192484,-0.017771342794675342,-0.02028670151355174,-0.02024816677713502,-0.017352406849491086,-0.01940113369449647,-0.016870344208126983
55,1.0429933326621252,0.00016890194130453985,-0.0052943725853593655,0.0006545454450942266,0.0011073280498584007,0.0017510702194727128,0.05107663195681918,0.030067278085940573,0.0010522377631582607,0.0022537382661824146,-0.004251307670762134,-0.0036143367860148974,-0.0060277949547664494,-0.00860117698269063,-0.015960128150396307,-0.014711707682781044,-0.017329365434153823,-0.018548589871428007,-0.013089119197939243,-0.011678172689380928,-0.019680726848896657,-0.018756492304373422,-0.010902152109673904,-0.011882045140235279,0.07248115036452955,0.07818176699632425,0.10652754955044878,0.1821295387847837,0.024154889591852257,-0.000787735038371568,0.120687559821229,0.120687559821229,0.2672521235564355,-0.025877003913977827,0.010406024899712322,-0.21908159338860908,-0.10081150980295993,-0.002560167156965771,-0.008372552694604187,-0.02077457980801373,-0.015387431603035108,-0.01361227365546199,-0.0494198808881005,-0.0743288383490456,-0.01196391270414465,-0.013309573311801014,-0.08802876495256591,0.03555983934026902,-0.05187878857159761,-0.05181864974237551,-0.05376389046143627,-0.051645732655029974,-0.051484515942347216,-0.05125530661471818,-0.05129022953460204,-0.05129022953460204,-0.0515041312606681,-0.05107632780853566,-0.051596490066951196,-0.04981117337986191,-0.049784084390322836,-0.05348860556634982,-0.05756151438155965,-0.0561465773393145,-0.05982258784983984,-0.06176457212486964,-0.0520165537888946,-0.048425228962442675,-0.06028481913393483,-0.06010313284885702,-0.04645000030789429,-0.0561094817062183,-0.044177137467036026
56,-1.7894883344632557,3.7984896059328036e-05,-0.0011906683298079396,0.00014720281191536692,0.0002490305354253244,0.00039380376427606813,0.02627834546293429,0.01526578391016764,0.00023664110521480592,0.0005068503838656468,-0.002743918855194167,-0.0033542477439264767,-0.005663076735362755,-0.0033053203097810537,-0.0035893241025197176,-0.004093955686462793,-0.0036726329607453824,-0.003476393798882376,-0.0054568352302773685,-0.006641947877072658,-0.0032941717200096927,-0.003442931051628191,-0.007293759832810035,-0.002672191012953472,0.215505251362867,0.2138279622562008,0.05534428661040116,0.12144845819223175,0.2902086122916045,0.33048549282256895,0.20667383148157015,0.20667383148157015,0.04579910053354887,0.36754856242959183,-0.14022297397819763,0.08208212934723869,-0.021843965046595512,-0.09070141225311676,-0.01242604493134337,-0.02113540887740867,-0.016071095408000915,-0.015148693124596414,-0.010279685119966133,-0.0008399253308854587,-0.014292176718577921,-0.01499140487395809,0.004351942553109058,0.013486140658147114,0.0003078345136042925,0.0003011067658408949,0.0005187213929660245,0.0002817624825769172,0.00026372712352192403,0.00023808541148226164,0.00024199224836610493,0.00024199224836610493,0.0002659214947071525,0.0002180630020247164,0.000276253700379184,7.652981975362495e-05,7.349936686425432e-05,0.0004879251942176313,0.0009435626505240384,0.0007852732450862514,0.0011965095762596172,0.001413759904073717,0.0003232463472652182,-7.851617257875045e-05,0.0012482195202003557,0.0012278942243160323,-0.00029948555849330726,0.0007811233461635403,-0.000553751364659559
57,-0.681737520769444,9.343533694885311e-05,-0.0029288087669399067,0.0003620898240620873,0.0006125658986055753,0.000968679428512505,0.02285967262648199,0.013531029103244895,0.000582090348942234,0.0012467517701029718,-0.0016996422321140915,-0.0010723896117000127,-0.0017632878471436212,-0.004258015610599955,-0.008829027896077016,-0.007851921070854168,-0.009668416464458885,-0.010514484126633987,-0.006324067234914561,-0.004995498681923338,-0.011300118384367954,-0.010658755780010569,-0.004264785977778208,-0.0065730617584658394,0.19609726953497747,0.19405167410750532,0.04748117438453385,0.100613179420205,0.26838599912899813,0.30725914025822987,0.18366135624574706,0.18366135624574706,0.024096616841628265,0.3432260956498666,0.05775966256751398,-0.16910797263300367,-0.05607018014433139,0.031459081262144424,-0.0007857987077886675,-0.005486973428732003,-0.003912229788342249,-0.003121067310325207,-0.02764312802386709,-0.046909349410940854,-0.0023864164378808433,-0.002986158101646229,-0.057505771173831564,0.017669220415746312,-0.03306712884626711,-0.03302647290442442,-0.03434152333967634,-0.032909574934549435,-0.03280058682520865,-0.03264563334150401,-0.0326692424509285,-0.0326692424509285,-0.03281384746315585,-0.03252463743870149,-0.03287628523099182,-0.031669349007925014,-0.03165103590809354,-0.034155421168590716,-0.03690884929586591,-0.03595230260474137,-0.03843741366297137,-0.039750262628709405,-0.0331602629284369,-0.030732402340346084,-0.038749898100182735,-0.03862707184740597,-0.029397079016896508,-0.03592722466555829,-0.0278605446235686
58,1.4883656555274953,0.00015034355796780178,-0.0047126445412179994,0.0005826261694036065,0.0009856585280633573,0.0015586684499517612,0.01813116104382625,0.011049295754672167,0.0009366213787683507,0.0020061050041758435,-0.0004804571523774195,0.001479065646099418,0.0025942923411656294,-0.005122683303077018,-0.014206482372075587,-0.011643905752869589,-0.01584035406480612,-0.017794930567019033,-0.007006819052882393,-0.0029745697485449147,-0.019609894461931027,-0.018128225404101597,-0.0007568326311595923,-0.010576485554394709,0.056966978395388806,0.057609626328216666,0.03682264156110132,0.0594574309857088,0.0611802045827729,0.06362955224202159,0.0632563633628612,0.0632563633628612,0.06097059385483538,0.06554213287088656,0.27270539850119063,-0.1336600918748419,-0.36399174687952346,0.16426443584764458,0.012030030974078836,0.011930702596233774,0.009606370804445062,0.010219692811638969,-0.045531879885405635,-0.09549934291291896,0.010789206104033309,0.010324276622113927,-0.12298144757805124,0.02150955855146979,-0.06830717590482926,-0.068216220197076,-0.07115825862119281,-0.06795469538414531,-0.06771086655685767,-0.06736420372873306,-0.06741702216460842,-0.06741702216460842,-0.06774053333261218,-0.06709351099660468,-0.06788021946720037,-0.06518005478261045,-0.06513908460996583,-0.07074190976987231,-0.0769018950687917,-0.07476190329029234,-0.08032160809363753,-0.08325872137745126,-0.06851553601102242,-0.06308391228991832,-0.08102070008020303,-0.08074591247854758,-0.06009651924331099,-0.07470579878000459,-0.05665897562979801
59,-4.342611471022427,1.0928385064848502e-06,-3.425593681743653e-05,4.235075459277464e-06,7.164694040401179e-06,1.1329869560637543e-05,0.0626424892123796,0.03601852104835832,6.80824587725817e-06,1.4582259635047411e-05,-0.007559045996659022,-0.010729508308267873,-0.01818495291951402,-0.005831118688575993,-0.00010326608728390154,-0.0034037922319825023,0.0008341391736198681,0.002808037224460035,-0.01067190337069742,-0.01699200001305782,0.004640942557382507,0.003144626776481459,-0.020468053166355984,-7.687985328183077e-05,0.2504274051598965,0.254176391073003,0.13291230682561556,0.26495584476333467,0.27500591046329076,0.2892945581065142,0.287117503175761,0.287117503175761,0.2737831139270696,0.3004518924244524,0.3994950158746143,0.24785072981371328,0.27556248712770304,-0.37968650877298826,-0.04446887482358054,-0.06948912673033275,-0.05322376343513972,-0.05100828540596908,0.003195756781240555,0.06640000331304356,-0.048951055807452605,-0.05063050158018532,0.10116233890553501,0.02335334168934774,0.05011118520670698,0.050026256890805455,0.05277333428536488,0.049782062628818506,0.049554391686761914,0.04923070127848393,0.049280019577666354,0.049280019577666354,0.04958209252451321,0.048977946630818926,0.04971252203199919,0.04719129005018102,0.047153034861465326,0.05238457576054834,0.05813635528414555,0.05613817504589156,0.06132945305928869,0.06407193168943864,0.05030573784509514,0.04523405332266412,0.061982218086852205,0.06172563992572841,0.04244462683532651,0.05608578843167062,0.0392348800570103
60,-0.45019826843667815,5.3305286411142e-05,-0.0016708987762370478,0.00020657389814690715,0.00034947164249791995,0.000552636037538057,0.024113838507617915,0.014085116666787018,0.0003320852022455655,0.0007112775782603756,-0.0023079412427674385,-0.00251418608529689,-0.004230338213217908,-0.0034554665266439064,-0.005037000733350257,-0.005067466330184547,-0.005347732933307274,-0.005478272493453843,-0.005489163044767239,-0.005855855840056197,-0.005599487799304045,-0.0055005321294326484,-0.006057536877465169,-0.003749961749748164,0.09093094659419523,0.09221813058843377,0.05058308795636918,0.0959191688367558,0.09936977761733407,0.10427566922961472,0.10352819502555163,0.10352819502555163,0.0989499403156967,0.10810644973540612,-0.07376421545380454,0.3059225865905825,-0.30409587045848546,-0.049516427804062325,-0.008340399917141868,-0.015454059438950589,-0.011671644029957219,-0.010828652363335368,-0.015145854803579219,-0.014877850772822008,-0.01004587438718654,-0.010684905229431729,-0.01473044855590538,0.014189168975671069,-0.009900990025054405,-0.009892955774111464,-0.010152830339069066,-0.009869854904173888,-0.009848317146579426,-0.009817695911007085,-0.00982236144084257,-0.00982236144084257,-0.009850937656351567,-0.009793785225333614,-0.00986327633730101,-0.009624766834172889,-0.009621147878789605,-0.010116053634957869,-0.010660174162609188,-0.010471145553094278,-0.010962242424983566,-0.011221681945080643,-0.009919394778543283,-0.009439611496325368,-0.01102399424453294,-0.010999721853034121,-0.0091757306911056,-0.0104661897594913,-0.008872087426707056
61,-0.18854591967068968,0.000209031991842274,-0.00655228257606183,0.0008100613710097085,0.0013704223059661205,0.0021671136104475207,0.04982246607568328,0.029513190522398872,0.0013022429098554465,0.0027892124580252476,-0.0036430086601080955,-0.0021725403124172636,-0.0035607445886911573,-0.009403726066646308,-0.01975215531312261,-0.01749616242344989,-0.021650048965304987,-0.02358480150460727,-0.013924023388085757,-0.010817815531247771,-0.025381357433959896,-0.023914715954950812,-0.009109401209986606,-0.014705145148952247,0.17764747330531197,0.18001531051539635,0.10342563597861466,0.1868235493682337,0.19317111110351756,0.20219573599024546,0.20082072104142554,0.20082072104142554,0.1923988000823678,0.20924264200048345,0.1419299029210306,0.30588784738780755,0.14721418051119514,0.07841534190924201,-0.0008179514852507918,-0.010807493797794221,-0.007628017361418553,-0.0059046886024512095,-0.06191715410838746,-0.10636033698716438,-0.004304454754838341,-0.0056108261840143,-0.13080408757049156,0.03903989078034492,-0.0750449273928094,-0.0749521668726874,-0.07795258346204251,-0.07468545268540429,-0.07443678562097704,-0.07408324404521482,-0.07413711054468748,-0.07413711054468748,-0.07446704106747191,-0.0738071800219033,-0.07460949896064042,-0.07185575555361312,-0.07181397241962585,-0.07752797309998173,-0.08381018951481577,-0.08162773439096081,-0.08729775908782793,-0.09029315280849722,-0.07525742193878755,-0.06971801980646296,-0.08801072298958396,-0.08773048284322918,-0.06667134863368424,-0.08157051661228486,-0.06316559466389654
62,0.03816738709084794,0.00020364884437892365,-0.006383543317455312,0.000789200067550472,0.001335130170561078,0.002111304487489443,0.042244999551443896,0.02513441242145881,0.0012687065810138055,0.002717382582436177,-0.002788398395145328,-0.0010351204391979968,-0.0016360458720527317,-0.0085781498297216,-0.01924348310542626,-0.01671137208305482,-0.021188086998112896,-0.02327320306047276,-0.012495982097649305,-0.008830425588601623,-0.025209382261235775,-0.02362875753353419,-0.0068143695086249016,-0.014326447304143302,0.1478979249895848,0.14982775691665093,0.08740572951747003,0.15537659982246416,0.1605499822001054,0.16790522147163572,0.1667845583884116,0.1667845583884116,0.15992053417053154,0.17364858260629204,0.19894118304738612,0.1722624947157399,0.3319123826619912,0.11474800804358029,0.00368963105693665,-0.0035233568427175117,-0.002065273225513289,-0.000608959551697296,-0.06067773468898618,-0.11037719368574134,0.0007433317168465184,-0.0003606286073180613,-0.13771189613395685,0.03569872752714055,-0.07820816592988412,-0.07810917597118762,-0.08131108896026225,-0.07782455028832022,-0.07755918370343641,-0.07718189963974152,-0.07723938360545117,-0.07723938360545117,-0.07759147098896434,-0.07688729622193793,-0.0777434958045021,-0.07480482161678378,-0.0747602324887563,-0.08085796340483052,-0.08756206923140102,-0.08523304884338709,-0.09128385051862183,-0.09448040332253284,-0.07843493078956686,-0.07252352378624471,-0.09204469432473665,-0.09174563433158148,-0.06927224993441747,-0.085171988539495,-0.06553106305650593
63,-5.342611471022455,1.0928385065606925e-06,-3.425593681725258e-05,4.235075459357782e-06,7.164694040312459e-06,1.132986956050823e-05,0.06264248921237986,0.036018521048358815,6.808245877408413e-06,1.458225963518413e-05,-0.007559045996658754,-0.01072950830826707,-0.018184952919513647,-0.005831118688575369,-0.00010326608728323053,-0.003403792231982784,0.0008341391736198796,0.0028080372244600263,-0.010671903370696768,-0.016992000013057618,0.004640942557383112,0.00314462677648185,-0.020468053166355808,-7.687985328164217e-05,0.25042740515989714,0.25417639107300377,0.1329123068256156,0.26495584476333506,0.2750059104632913,0.2892945581065146,0.2871175031757614,0.2871175031757614,0.27378311392707,0.3004518924244528,0.39949501587461383,0.24785072981371387,0.2755624871277033,0.6203134912270127,-0.04446887482358037,-0.06948912673033257,-0.053223763435139286,-0.051008285405968065,0.0031957567812412753,0.066400003313044,-0.048951055807452196,-0.050630501580184756,0.10116233890553501,0.02335334168934752,0.05011118520670753,0.0500262568908066,0.05277333428536543,0.04978206262881858,0.0495543916867622,0.049230701278484265,0.04928001957766672,0.04928001957766672,0.04958209252451368,0.04897794663081938,0.049712522031999135,0.0471912900501813,0.047153034861466055,0.05238457576054876,0.058136355284146325,0.056138175045891435,0.06132945305928931,0.06407193168943952,0.05030573784509584,0.04523405332266418,0.06198221808685216,0.061725639925729325,0.042444626835327404,0.0560857884316711,0.03923488005701106
64,10.810897179472464,0.0006172576944975692,-0.019348458582589087,0.0023920578370045524,0.004046766744235935,0.006399343656011197,-0.015234736763383137,-0.00619073827891749,0.003845437481262106,0.008236360550033732,0.014931927452692255,0.01541431883762701,0.05717398550933552,-0.0131388449098266,-0.058326812764313576,-0.05257159656193632,-0.06367188407566773,-0.06884205645225686,-0.05033773210104239,-0.048395241265482614,-0.07364293080194594,-0.06972367544132836,-0.047326871305924285,-0.0434233244007122,-0.20677663917438988,-0.21212572847138836,-0.0391049622715662,-0.2275059570715705,-0.2418454878449015,-0.2622326682580733,-0.259126425263573,-0.259126425263573,-0.2401007899410101,-0.27815206058613584,-0.32118656479022467,-0.30138139450138607,-0.32146702138649336,-0.38300130479514083,0.278513625927779,-0.4698362967068099,-0.17688985457021458,-0.06164722268575561,-0.4223644036098211,-0.381084496568961,0.04536379263552482,-0.0419960224511236,-0.3583805476964882,0.15707122455744113,-0.2077799099737464,-0.20752937188383647,-0.2156332359009924,-0.20680900008184813,-0.2061373719876655,-0.20518248696784827,-0.205327975693765,-0.205327975693765,-0.20621908931486652,-0.20443686207266287,-0.20660385568314502,-0.1991662344581919,-0.1990533818505756,-0.21448640027602525,-0.23145411993628262,-0.22555949863268981,-0.24087374175490908,-0.24896403944099427,-0.20835383924446887,-0.1933923962981902,-0.2427993951889948,-0.2420424909490071,-0.18516360267773638,-0.22540495839337826,-0.17569486638639634
65,0.5620613301015078,0.00015273648008369678,-0.004787652685895652,0.0005918994569649739,0.0010013466235322397,0.0015834767773300431,0.019133473183508144,0.011635492932366666,0.0009515289813405114,0.002038034892600897,0.0021507772078854606,-0.0013451711060443602,0.011596700876460163,-0.005458410731203165,-0.014432597852630288,-0.016147508074208845,-0.014857443452134725,-0.01425657104546873,-0.023775827991124807,-0.030409149658008644,-0.013698618096421755,-0.014154110143753838,-0.03405747657479431,-0.010744824700643547,0.023885269016273115,0.023405525702751787,0.03892322433815964,0.022026120457917683,0.020740052189922413,0.01891158888678463,0.01919017823611886,0.01919017823611886,0.020896528761360167,0.01748382771087755,0.014284744647046755,0.014739911602148275,0.013069242733533017,0.010442875232299281,0.08593468110821477,0.005045963435392475,-0.12238883503861674,-0.19619935054299176,0.0062351889794148765,0.007269298148130186,-0.26473768636848305,-0.20878553671281275,0.007838058190923583,0.0679597123431936,-0.0035529101632986925,-0.0035718600927072738,-0.002958908780134971,-0.0036263467969057986,-0.0036771466771871684,-0.0037493712388303284,-0.0037383669197389997,-0.0037383669197389997,-0.003670965830265465,-0.0038057680092130172,-0.003641863287333763,-0.004204422047278033,-0.004212957870907432,-0.003045651894301509,-0.001762265843512281,-0.002208116842184623,-0.001049794663660605,-0.000437869466583621,-0.0035094999210898816,-0.004641137381007813,-0.0009041441693434354,-0.000961394074623788,-0.005263537983962584,-0.0022198057898681818,-0.005979724031246902
66,0.5620613301015078,0.00015273648008369678,-0.004787652685895652,0.0005918994569649739,0.0010013466235322397,0.0015834767773300431,0.019133473183508144,0.011635492932366666,0.0009515289813405114,0.002038034892600897,0.0021507772078854606,-0.0013451711060443602,0.011596700876460163,-0.005458410731203165,-0.014432597852630288,-0.016147508074208845,-0.014857443452134725,-0.01425657104546873,-0.023775827991124807,-0.030409149658008644,-0.013698618096421755,-0.014154110143753838,-0.03405747657479431,-0.010744824700643547,0.023885269016273115,0.023405525702751787,0.03892322433815964,0.022026120457917683,0.020740052189922413,0.01891158888678463,0.01919017823611886,0.01919017823611886,0.020896528761360167,0.01748382771087755,0.014284744647046755,0.014739911602148275,0.013069242733533017,0.010442875232299281,0.08593468110821477,0.005045963435392475,-0.12238883503861674,-0.19619935054299176,0.0062351889794148765,0.007269298148130186,-0.26473768636848305,-0.20878553671281275,0.007838058190923583,0.0679597123431936,-0.0035529101632986925,-0.0035718600927072738,-0.002958908780134971,-0.0036263467969057986,-0.0036771466771871684,-0.0037493712388303284,-0.0037383669197389997,-0.0037383669197389997,-0.003670965830265465,-0.0038057680092130172,-0.003641863287333763,-0.004204422047278033,-0.004212957870907432,-0.003045651894301509,-0.001762265843512281,-0.002208116842184623,-0.001049794663660605,-0.000437869466583621,-0.0035094999210898816,-0.004641137381007813,-0.0009041441693434354,-0.000961394074623788,-0.005263537983962584,-0.0022198057898681818,-0.005979724031246902
67,1.7403506062220575,-0.00023994154942663749,0.007521168505001038,-0.0009298451341235772,-0.0015730666323575497,-0.002487564668410618,-0.1741439368106267,-0.10111579638109235,-0.0014948055499382695,-0.003201653263504514,0.01907595305374201,0.021830045471189552,0.040696695217730165,0.021581986120714974,0.022672906231134247,0.025102365905272532,0.02341598825481455,0.02263052543377443,0.031253428990294,0.03660217949900814,0.0219011670999513,0.02249658813192058,0.0395439922788011,0.016879594747612553,-0.18553884931139875,-0.17975334434695614,-0.36689034023939837,-0.16311829041907672,-0.14760884163806093,-0.12555833416988602,-0.12891800593224267,-0.12891800593224267,-0.14949588405293862,-0.10834012781154653,-0.06648198185929241,-0.078528173842759,-0.0577316487109312,-0.011702499291158743,0.1049519545080435,0.0652496309831257,0.07186764180611689,0.0802398291809015,0.03567861656816315,0.009964690989934544,0.08801400317177355,0.08166745650781598,-0.004177968078090598,-0.6931053934836259,0.00961555324131173,0.00963850003978998,0.0088962666549886,0.009704478935755186,0.009765993392639014,0.009853451368100006,0.009840126047085639,0.009840126047085639,0.00975850889780518,0.009921743196365301,0.00972326812336955,0.010404480291414794,0.010414816468423344,0.009001305397732329,0.007447230950144319,0.007987119664099337,0.006584487230458815,0.005843496386722817,0.009562987025449275,0.01093330647010153,0.006408116518498314,0.006477441422621655,0.011686982164660556,0.008001274013761007,0.012554224281808064
68,-6.908860082577559,0.00015865491162894577,-0.004973170871656067,0.0006148351460404506,0.0010401481033178153,0.001644835392540855,0.08039443243734883,0.046879829973015895,0.0009884000624091234,0.00211700731616399,-0.001845841543424976,-0.015030374876890518,0.005306249508742024,-0.011502466446784893,-0.014991850903150236,-0.025067725239599006,-0.01306091859682494,-0.0074685175028247,-0.054609348127417,-0.08029771585595417,-0.0022755736298250696,-0.006514899975235416,-0.09442631810664905,-0.011161179126403381,0.2231254601350822,0.22485693265476883,0.16885100615468698,0.2298354330478449,0.23447706494080092,0.24107628972082215,0.24007081494075705,0.24007081494075705,0.23391231525949835,0.24622931462201558,0.2625909427539493,0.25131694792173637,0.2582998686768013,0.28886576038464495,0.1342337187728851,0.3257756232468149,-0.3348733797635525,-0.21616296364661147,0.29911403071487563,0.27593003720884157,-0.10593186296659339,-0.1959204360428549,0.26317884078052334,0.14746974041886846,0.12277728607016733,0.12254371509816198,0.13009876349885208,0.12187212882536802,0.12124598520448872,0.12035576758403735,0.12049140341945244,0.12049140341945244,0.12132216841300197,0.11966063842590283,0.12168087736087452,0.11474695198631835,0.11464174206289383,0.1290295946880327,0.1448482144243943,0.13935279283808602,0.15362991394517292,0.16117231476346874,0.12331234729647873,0.10936413378203728,0.15542515691404118,0.1547195122788795,0.10169261634909446,0.13920871848227478,0.09286512852069585
69,11.377145791027512,0.0004596956213752702,-0.014409543647749705,0.0017814577664240418,0.0030137833349593766,0.004765838133030865,-0.032986679988351884,-0.017052047203574165,0.0028638456647315565,0.006133935493504944,0.009218722999459673,0.019715185406251976,0.03368278308107915,-0.007467497151616103,-0.04343822794844479,-0.030907663554318565,-0.04977682630522372,-0.058565501724971124,-0.006400287344322404,0.014910474577414887,-0.06672641461473709,-0.06006414868961039,0.026631393634370275,-0.03233902512759123,-0.1794746941495738,-0.18280627005315267,-0.0750436616006363,-0.19238554535607985,-0.20131664232240815,-0.21401439987238163,-0.2120797370285673,-0.2120797370285673,-0.20022999127343746,-0.22392948278369806,-0.18428249166955873,-0.3048476126094074,-0.3042044029355896,-0.05155357395277409,0.09981103233131355,0.13489895331604612,0.10475976175820227,0.10350745555488718,-0.7182826775434545,-0.5906145304647575,0.10234459979466673,0.10329391201154774,-0.5203970495714744,0.03295482582792194,-0.28044601083720583,-0.28004683009119186,-0.2929586651144802,-0.2788990662783974,-0.27782896550538966,-0.2763075532733989,-0.2765393595355496,-0.2765393595355496,-0.2779591652033529,-0.2751195538677459,-0.2785722110120208,-0.26672189639432853,-0.2665420890520023,-0.2911314192035082,-0.3181659790765295,-0.3087741164248826,-0.3331742026407929,-0.34606442251502395,-0.2813604486958504,-0.2575224767575634,-0.33624233401618264,-0.33503636330215647,-0.2444115921915036,-0.308527888443981,-0.22932511485008006
70,1.3476338989243917,-0.00026423411054481735,0.008282639146599775,-0.0010239860605501673,-0.001732329658710657,-0.00273941482478068,-0.03310090860746833,-0.020129402772994052,-0.0016461451377195039,-0.0035258003641991786,-0.003720844569642035,0.0023271460134553362,-0.020062292516276094,0.009443050564981268,0.024968394285048975,0.027935188968380657,0.025703377172192284,0.024663867908660642,0.04113218242464643,0.05260782890835555,0.023698609306808793,0.02448661054869552,0.05891943447439433,0.018588546732112826,-0.041321515398152604,-0.04049155946576103,-0.06733717810501687,-0.03810518839219762,-0.035880290288567006,-0.03271704877413635,-0.03319900834848544,-0.03319900834848544,-0.03615099475715298,-0.03024702193981721,-0.02471260823939116,-0.025500047071716065,-0.02260978992901197,-0.018066174151878618,-0.14866699831721109,-0.008729516743228477,0.21173268461680853,-0.5905751235606257,-0.010786876934388338,-0.012575885796265488,-0.40700380258252367,-0.1638010214868337,-0.013559840670298182,-0.11757030235372452,0.006146534582507383,0.006179317960382619,0.005118912189633888,0.006273579958646678,0.00636146375153431,0.006486412243176011,0.006467374771149737,0.006467374771149737,0.006350770886358123,0.00658397865593978,0.006300423487087753,0.0072736501417920395,0.007288417116669812,0.005268977777140703,0.0030487199092767803,0.003820042136980037,0.0018161447681336045,0.0007575141771892014,0.006071434863485979,0.00802916766914344,0.0015641694129633144,0.0016632117490990544,0.00910592071225503,0.0038402640164716785,0.010344922574055932
71,0.5282434408726001,-4.1238849622618096e-05,0.001292666225191886,-0.00015981285338058525,-0.00027036358835372026,-0.0004275387298791665,-0.005166037759547301,-0.003141583091739164,-0.0002569128249619646,-0.0005502694210022444,-0.000580709846129287,0.00036319619863185736,-0.003131109236644279,0.001473770897424769,0.003896801420210048,0.004359827180036063,0.004011509732076023,0.0038492741822764892,0.006419473557603667,0.008210470407662183,0.0036986268860338045,0.0038216097388136636,0.009195518675194437,0.002901102669173555,-0.0064490226343940395,-0.006319491939743303,-0.010509270571303153,-0.005947052523637863,-0.005599814091279051,-0.005106128999431891,-0.005181348123752136,-0.005181348123752136,-0.005642062765567178,-0.0047206334819370034,-0.0038568810547027488,-0.003979776132579934,-0.0035286955380540446,-0.002819576312720939,-0.023202363899218217,-0.0013624101275561827,0.0330449854604265,-0.017026175353392337,-0.0016835010244422325,-0.0019627104999954724,-0.06352082468050954,-0.41862790508754066,-0.0021162757115495887,-0.01834912233266245,0.0009592857440907204,0.0009644022250309584,0.000798905370636292,0.0009791136351645871,0.000992829602840573,0.0010123302344838638,0.0010093590683295595,0.0010093590683295595,0.0009911607741714399,0.0010275573624875204,0.0009833030875800875,0.0011351939527650438,0.0011374986251448972,0.0008223260114611153,0.00047581177774809675,0.0005961915473898767,0.00028344455918822805,0.00011822475597749257,0.0009475649786942538,0.0012531070928719764,0.00024411892572247454,0.0002595764001482739,0.001421155255669815,0.00059934756326404,0.001614525488436639
72,0.17381694946219695,-0.00013211705527241185,0.0041413195732996145,-0.0005119930302747667,-0.0008661648293555182,-0.0013697074123903375,-0.016550454303734585,-0.010064701386497416,-0.0008230725688594587,-0.0017629001820999857,-0.0018604222848206593,0.0011635730067279893,-0.010031146258137823,0.0047215252824910296,0.012484197142524958,0.013967594484189876,0.012851688586096454,0.012331933954330066,0.020566091212323022,0.026303914454177006,0.011849304653405278,0.012243305274347423,0.029459717237197508,0.009294273366056885,-0.020660757699076177,-0.02024577973288058,-0.03366858905250716,-0.01905259419609857,-0.01794014514428235,-0.016358524387068713,-0.016599504174243745,-0.016599504174243745,-0.01807549737857623,-0.015123510969910374,-0.012356304119695882,-0.012750023535857845,-0.011304894964505976,-0.009033087075938768,-0.0743334991586065,-0.004364758371614661,0.10586634230840354,0.20471243821968793,-0.005393438467194037,-0.006287942898132229,-0.203501901291262,-0.08190051074341746,-0.006779920335148626,-0.05878515117686325,0.003073267291253702,0.00308965898019248,0.0025594560948167546,0.003136789979323819,0.003180731875767329,0.0032432061215881243,0.0032336873855742304,0.0032336873855742304,0.0031753854431797006,0.003291989327969473,0.003150211743543943,0.0036368250708955353,0.0036442085583350834,0.0026344888885704927,0.0015243599546375935,0.0019100210684894166,0.0009080723840658879,0.0003787570885951342,0.003035717431742616,0.004014583834571663,0.0007820847064816789,0.000831605874550004,0.004552960356127997,0.001920132008236055,0.005172461287029359
73,0.17381694946219695,-0.00013211705527241185,0.0041413195732996145,-0.0005119930302747667,-0.0008661648293555182,-0.0013697074123903375,-0.016550454303734585,-0.010064701386497416,-0.0008230725688594587,-0.0017629001820999857,-0.0018604222848206593,0.0011635730067279893,-0.010031146258137823,0.0047215252824910296,0.012484197142524958,0.013967594484189876,0.012851688586096454,0.012331933954330066,0.020566091212323022,0.026303914454177006,0.011849304653405278,0.012243305274347423,0.029459717237197508,0.009294273366056885,-0.020660757699076177,-0.02024577973288058,-0.03366858905250716,-0.01905259419609857,-0.01794014514428235,-0.016358524387068713,-0.016599504174243745,-0.016599504174243745,-0.01807549737857623,-0.015123510969910374,-0.012356304119695882,-0.012750023535857845,-0.011304894964505976,-0.009033087075938768,-0.0743334991586065,-0.004364758371614661,0.10586634230840354,0.20471243821968793,-0.005393438467194037,-0.006287942898132229,-0.203501901291262,-0.08190051074341746,-0.006779920335148626,-0.05878515117686325,0.003073267291253702,0.00308965898019248,0.0025594560948167546,0.003136789979323819,0.003180731875767329,0.0032432061215881243,0.0032336873855742304,0.0032336873855742304,0.0031753854431797006,0.003291989327969473,0.003150211743543943,0.0036368250708955353,0.0036442085583350834,0.0026344888885704927,0.0015243599546375935,0.0019100210684894166,0.0009080723840658879,0.0003787570885951342,0.003035717431742616,0.004014583834571663,0.0007820847064816789,0.000831605874550004,0.004552960356127997,0.001920132008236055,0.005172461287029359
74,5.188572895513805,0.00022984781068758568,-0.0072047718238753625,0.0008907288832118443,0.0015068916674793945,0.0023829190665154223,-0.016493339994177042,-0.008526023601787655,0.0014319228323654634,0.0030669677467519,0.004609361499729625,0.0098575927031255,0.01684139154053932,-0.003733748575808743,-0.02171911397422313,-0.015453831777160157,-0.02488841315261213,-0.029282750862485996,-0.003200143672161246,0.007455237288706604,-0.03336320730736923,-0.0300320743448058,0.013315696817184239,-0.016169512563795868,-0.08973734707478707,-0.09140313502657717,-0.03752183080031911,-0.09619277267804098,-0.1006583211612056,-0.10700719993619084,-0.10603986851428475,-0.10603986851428475,-0.10011499563671988,-0.11196474139184961,-0.09214124583477992,-0.1524238063047049,-0.15210220146779554,-0.025776786976387245,0.049905516165656305,0.06744947665802194,0.052379880879099686,0.05175372777744222,0.14085866122827212,-0.29530726523237993,0.05117229989733274,0.05164695600577325,-0.2601985247857381,0.016477412913959766,-0.1402230054186036,-0.14002341504559618,-0.14647933255724055,-0.13944953313919886,-0.13891448275269577,-0.13815377663670014,-0.1382696797677756,-0.1382696797677756,-0.1389795826016771,-0.13755977693387383,-0.13928610550601134,-0.13336094819716476,-0.13327104452600208,-0.145565709601755,-0.15908298953826555,-0.15438705821244192,-0.1665871013203976,-0.17303221125751256,-0.14068022434792643,-0.12876123837878184,-0.16812116700809218,-0.16751818165107898,-0.12220579609575286,-0.15426394422199075,-0.11466255742504078
75,5.188572895513805,0.00022984781068758568,-0.0072047718238753625,0.0008907288832118443,0.0015068916674793945,0.0023829190665154223,-0.016493339994177042,-0.008526023601787655,0.0014319228323654634,0.0030669677467519,0.004609361499729625,0.0098575927031255,0.01684139154053932,-0.003733748575808743,-0.02171911397422313,-0.015453831777160157,-0.02488841315261213,-0.029282750862485996,-0.003200143672161246,0.007455237288706604,-0.03336320730736923,-0.0300320743448058,0.013315696817184239,-0.016169512563795868,-0.08973734707478707,-0.09140313502657717,-0.03752183080031911,-0.09619277267804098,-0.1006583211612056,-0.10700719993619084,-0.10603986851428475,-0.10603986851428475,-0.10011499563671988,-0.11196474139184961,-0.09214124583477992,-0.1524238063047049,-0.15210220146779554,-0.025776786976387245,0.049905516165656305,0.06744947665802194,0.052379880879099686,0.05175372777744222,0.14085866122827212,-0.29530726523237993,0.05117229989733274,0.05164695600577325,-0.2601985247857381,0.016477412913959766,-0.1402230054186036,-0.14002341504559618,-0.14647933255724055,-0.13944953313919886,-0.13891448275269577,-0.13815377663670014,-0.1382696797677756,-0.1382696797677756,-0.1389795826016771,-0.13755977693387383,-0.13928610550601134,-0.13336094819716476,-0.13327104452600208,-0.145565709601755,-0.15908298953826555,-0.15438705821244192,-0.1665871013203976,-0.17303221125751256,-0.14068022434792643,-0.12876123837878184,-0.16812116700809218,-0.16751818165107898,-0.12220579609575286,-0.15426394422199075,-0.11466255742504078
76,4.688572895513884,0.00022984781068759207,-0.007204771823875926,0.0008907288832113527,0.001506891667479145,0.0023829190665148416,-0.016493339994177382,-0.008526023601787548,0.0014319228323643209,0.0030669677467518555,0.00460936149972884,0.009857592703124893,0.016841391540538955,-0.0037337485758101104,-0.02171911397422409,-0.015453831777160695,-0.024888413152613077,-0.029282750862487508,-0.0032001436721623626,0.007455237288705363,-0.033363207307370565,-0.030032074344806325,0.013315696817183397,-0.01616951256379736,-0.08973734707478963,-0.09140313502657799,-0.03752183080032011,-0.09619277267804185,-0.10065832116120574,-0.10700719993619144,-0.10603986851428636,-0.10603986851428636,-0.10011499563672147,-0.1119647413918515,-0.09214124583478224,-0.1524238063047062,-0.15210220146779682,-0.025776786976388084,0.049905516165655646,0.06744947665802037,0.05237988087909911,0.051753727777442006,0.1408586612282708,0.2046927347676177,0.05117229989733124,0.051646956005771474,-0.2601985247857407,0.01647741291395887,-0.14022300541860439,-0.14002341504559696,-0.14647933255724138,-0.13944953313920025,-0.1389144827526973,-0.13815377663670042,-0.1382696797677771,-0.1382696797677771,-0.13897958260167864,-0.1375597769338753,-0.13928610550601264,-0.1333609481971656,-0.1332710445260035,-0.14556570960175622,-0.15908298953826572,-0.15438705821244392,-0.16658710132039894,-0.1730322112575144,-0.14068022434792754,-0.12876123837878342,-0.1681211670080928,-0.16751818165107868,-0.12220579609575406,-0.15426394422199355,-0.11466255742504261
77,4.688572895513884,0.00022984781068759207,-0.007204771823875926,0.0008907288832113527,0.001506891667479145,0.0023829190665148416,-0.016493339994177382,-0.008526023601787548,0.0014319228323643209,0.0030669677467518555,0.00460936149972884,0.009857592703124893,0.016841391540538955,-0.0037337485758101104,-0.02171911397422409,-0.015453831777160695,-0.024888413152613077,-0.029282750862487508,-0.0032001436721623626,0.007455237288705363,-0.033363207307370565,-0.030032074344806325,0.013315696817183397,-0.01616951256379736,-0.08973734707478963,-0.09140313502657799,-0.03752183080032011,-0.09619277267804185,-0.10065832116120574,-0.10700719993619144,-0.10603986851428636,-0.10603986851428636,-0.10011499563672147,-0.1119647413918515,-0.09214124583478224,-0.1524238063047062,-0.15210220146779682,-0.025776786976388084,0.049905516165655646,0.06744947665802037,0.05237988087909911,0.051753727777442006,0.1408586612282708,0.2046927347676177,0.05117229989733124,0.051646956005771474,-0.2601985247857407,0.01647741291395887,-0.14022300541860439,-0.14002341504559696,-0.14647933255724138,-0.13944953313920025,-0.1389144827526973,-0.13815377663670042,-0.1382696797677771,-0.1382696797677771,-0.13897958260167864,-0.1375597769338753,-0.13928610550601264,-0.1333609481971656,-0.1332710445260035,-0.14556570960175622,-0.15908298953826572,-0.15438705821244392,-0.16658710132039894,-0.1730322112575144,-0.14068022434792754,-0.12876123837878342,-0.1681211670080928,-0.16751818165107868,-0.12220579609575406,-0.15426394422199355,-0.11466255742504261
78,0.47175655912741854,4.1238849622581796e-05,-0.0012926662251918461,0.00015981285338060631,0.0002703635883537051,0.0004275387298789863,0.00516603775954671,0.0031415830917387168,0.00025691282496184605,0.0005502694210021501,0.0005807098461287842,-0.00036319619863185997,0.0031311092366439345,-0.0014737708974251677,-0.003896801420210282,-0.004359827180036392,-0.004011509732076726,-0.00384927418227661,-0.006419473557603837,-0.008210470407662455,-0.003698626886033974,-0.00382160973881356,-0.009195518675194659,-0.002901102669174078,0.0064490226343933855,0.006319491939742498,0.010509270571302754,0.005947052523637349,0.005599814091279287,0.005106128999431397,0.005181348123752181,0.005181348123752181,0.005642062765567248,0.00472063348193691,0.0038568810547023715,0.003979776132579863,0.003528695538053593,0.0028195763127207675,0.023202363899217808,0.0013624101275556365,-0.03304498546042667,0.01702617535339218,0.0016835010244417418,0.001962710499994835,0.06352082468050944,-0.5813720949124596,0.0021162757115490293,0.018349122332662112,-0.0009592857440909965,-0.0009644022250309864,-0.0007989053706367539,-0.0009791136351644976,-0.0009928296028406827,-0.0010123302344845905,-0.0010093590683296948,-0.0010093590683296948,-0.0009911607741718493,-0.0010275573624878164,-0.000983303087580412,-0.0011351939527651086,-0.0011374986251451902,-0.000822326011461382,-0.00047581177774845405,-0.0005961915473897501,-0.0002834445591884332,-0.00011822475597756965,-0.0009475649786944405,-0.0012531070928721612,-0.00024411892572284567,-0.00025957640014874766,-0.0014211552556700226,-0.0005993475632648039,-0.0016145254884366723
79,0.273500680201758,1.4838846809665123e-05,-0.00046513606143819123,5.750496124917587e-05,9.728408787372221e-05,0.0001538399294818645,0.0010049454221913911,0.0006394884771334425,9.244414157852791e-05,0.00019800173178914445,4.741136002109717e-05,0.000280787757881058,0.00048453769818439306,-0.0004328857625333015,-0.0014021739173493346,-0.0011075888632651831,-0.0015753511290021334,-0.0017932203996997194,-0.0005582627698338191,-8.058790598068305e-05,-0.00199552757963156,-0.0018303715181125129,0.00018213326914018728,-0.001043894737147533,0.002484616341168826,0.002501049280609401,0.001969512113248431,0.002548298887249078,0.0025923513656657647,0.0026549828310381027,0.002645440140652238,0.002645440140652238,0.0025869914785137957,0.002703888802789586,0.002663522316211096,0.00294782445384761,0.002975370457079886,0.0024087373685066854,0.0017466003566047597,0.0020508251800673877,0.0016170505177716303,0.0016498338956482856,0.0027066221199481054,0.0032768803285406324,0.001680275603676089,0.0016554241248230123,0.003590522343266889,0.0018318313223803309,0.41954697837021904,-0.5233647882074408,0.07974678375811745,-0.26454698507247115,0.2098261811998777,-0.13172405201878273,-0.02994911196235888,-0.02994911196235888,-0.052601697465880004,-0.007296526458838706,-0.018461020400550816,-0.020510478761565785,-0.016671473161172255,-0.00853878267320394,0.01198405595540424,0.005399598896166686,0.007186448241060322,0.007980297156318159,0.0003441477700407095,-0.004051896687461241,0.009266164429257994,0.008448703731005824,-0.00646972113908802,0.03789333423291175,-0.0060898367802641375
80,-0.9537194633230142,-3.086210834183651e-05,0.0009673985927536831,-0.00011959988313415702,-0.000202333247212744,-0.00031995913374435384,-0.0020901040960329006,-0.0013300199751207164,-0.00019226703729491058,-0.00041180766785658696,-9.860702441473647e-05,-0.0005839875777376062,-0.0010077504760913464,0.0009003238239633229,0.002916267275098743,0.0023035838252564093,0.0032764444463409155,0.003729572989469173,0.0011610852451508832,0.0001676082189721252,0.004150335208088188,0.003806840573413107,-0.00037880414542607646,0.0021711116024374063,-0.005167551070007704,-0.005201728601718031,-0.004096227759423919,-0.005299999208452771,-0.005391620368711188,-0.005521882450042706,-0.005502035385888368,-0.005502035385888368,-0.005380472776172665,-0.005623597995604278,-0.005539643029412846,-0.006130939879236452,-0.006188230566784823,-0.005009736577736926,-0.0036326117606564306,-0.004265344181334809,-0.0033631716071840278,-0.0034313550834884814,-0.0056292827992369095,-0.006815316380021111,-0.003494668311485569,-0.003442981745632937,-0.00746763484945246,-0.0038098767013614804,0.27758571643434254,0.25503973195771024,-0.16585883740300986,0.1284084979078325,0.1902672501699041,0.13728015470679394,0.06228871757882729,0.06228871757882729,0.024710479473286685,0.09986695568436785,0.03839557204207599,0.042658073487828616,0.0346736385594459,0.017759118302625873,-0.024924661465533356,-0.011230185759934898,-0.014946508111656926,-0.01659756978403137,-0.0007157649041630283,0.008427209753029562,-0.019271940346629875,-0.017571770450802503,0.013455845814485619,-0.07881125814750965,0.012665755291300814
81,-0.3197812168786491,1.6023261532130563e-05,-0.0005022625313165001,6.209492188415782e-05,0.00010504915933884838,0.00016611920426163078,0.0010851586738402949,0.0006905314979874167,9.982289571583722e-05,0.0002138059360661548,5.1195664392026604e-05,0.00030319981985547993,0.0005232127779054577,-0.00046743806143163184,-0.0015140933577509291,-0.0011959949619932831,-0.0017010933173391104,-0.001936352589771179,-0.0006028224753186818,-8.702031299327297e-05,-0.0021548076284582988,-0.0019764690553013015,0.00019667087628580607,-0.001127216865290555,0.0026829347288374905,0.0027006793211075005,0.0021267156461734138,0.0027517003212023314,0.0027992690030448045,0.0028668996190018142,0.002856595245234859,0.002856595245234859,0.002793481297657697,0.002919709192812079,0.00287612071320148,0.0031831154253872747,0.003212860109702786,0.0026009992092283604,0.0018860114040505638,0.002214519001266691,0.0017461210894122957,0.0017815211878399986,0.002922660679287041,0.0035384360514788974,0.0018143927078089878,0.0017875576208089307,0.0038771125061845967,0.001978045378979865,0.30286730519543587,0.26832505624973213,0.08611205364488884,0.1361384871646379,-0.4000934313697779,-0.005556102688016772,-0.03233960561646912,-0.03233960561646912,0.027891217992591213,-0.09257042922552981,-0.01993455164152444,-0.02214759472626668,-0.018002165398274924,-0.009220335629424013,0.012940605510126876,0.00583058686376621,0.0077600598705952865,0.008617272627712478,0.00037161713412134806,-0.004375313065570732,0.010005775917370023,0.009123066719793425,-0.00698612467540103,0.04091792391459468,-0.006575918511037667
82,-0.38598090065664226,4.703351198100707e-06,-0.00014743047622992191,1.8226889990877434e-05,3.083536322775228e-05,4.8761418318349215e-05,0.0003185295539560223,0.000202693574081649,2.930128396274349e-05,6.275903339302736e-05,1.5027601526365787e-05,8.899906134124193e-05,0.00015358005864751109,-0.00013720835560675524,-0.0004444359092534655,-0.00035106362872196054,-0.0004993265120319749,-0.0005683828011429775,-0.00017694810796529725,-2.554330730727761e-05,-0.000632506498174448,-0.0005801582955288317,5.7729333054724454e-05,-0.0003308750083916331,0.0007875290711592677,0.0007927376892141796,0.0006242605828048377,0.0008077140210579138,0.0008216769846085911,0.0008415287818194791,0.000838504111180102,0.000838504111180102,0.0008199781038275209,0.0008570301185327976,0.0008442354744840479,0.0009343484608120674,0.0009430794982683414,0.0007634783169762411,0.0005536060170465981,0.0006500337385725574,0.0005125436354809766,0.0005229347219035931,0.0008578964763225243,0.0010386466830618268,0.0005325835878677403,0.0005247066123628947,0.0011380592967682244,0.0005806209980717729,0.23566402935192962,0.26419512576050913,0.025276703489534123,-0.3722766928609968,0.14719270358631525,0.10589282164431892,-0.009492731708698795,-0.009492731708698795,-0.07458432385813535,0.055598860440737745,-0.005851442738986954,-0.006501043247799189,-0.005284224190242658,-0.0027064699994271313,0.0037984908570797326,0.0017114678966214188,0.0022778313152177787,0.00252945128910034,0.00010908178022922618,-0.001284297451415942,0.0029370224067476716,0.002677918393891644,-0.0020506560288209743,0.012010748628312114,-0.0019302471064078497
83,-0.340518419141629,1.0135495611557792e-05,-0.0003177055852079136,3.927807125883811e-05,6.644872464585192e-05,0.0001050785111640557,0.0006864158682359386,0.00043679490305121714,6.31428576155805e-05,0.00013524269839690985,3.2383758496103184e-05,0.00019178869654024248,0.00033095763953781447,-0.0002956774069255879,-0.0009577380080948733,-0.0007565252345418809,-0.0010760246169707521,-0.0012248375985556151,-0.00038131466186740767,-5.5044598672401234e-05,-0.0013630210814562142,-0.0012502132225832216,0.0001244039360848593,-0.00071301972875574,0.0016970872700100073,0.0017083115913955505,0.0013452515304448929,0.0017405848661918198,0.0017706743810570668,0.0018134540492205232,0.001806936029472526,0.001806936029472526,0.0017670133746862373,0.0018468586842587088,0.0018192868417268116,0.0020134759930362654,0.002032290958812246,0.0016452590515314172,0.0011929943395584531,0.0014007914414948968,0.0011045068822906861,0.0011268991737441623,0.001848725643626222,0.0022382336454796338,0.0011476920158084009,0.0011307175124601952,0.0024524630464988787,0.0012512103243091156,0.18388294901829033,0.2124400860320468,0.0544700802685853,0.10772970778852524,0.06263347761355773,-0.23761687366309847,-0.02045638025366058,-0.02045638025366058,0.021982626392255483,-0.06289538689957673,-0.012609577661565213,-0.014009435513763616,-0.01138724897092957,-0.005832312673776419,0.008185565098325472,0.0036881309995462825,0.004908616925842485,0.0054508458672168055,0.0002350659898118659,-0.0027675992360443585,0.006329142022511581,0.005770785337115466,-0.004419065110265124,0.025882585604601206,-0.004159589673856923
84,0.10001872464112602,6.55976709430836e-05,-0.0020562138482373682,0.0002542105578713253,0.00043006101930878377,0.0006800758307929658,0.0044425338414914904,0.0028269686474220734,0.0004086652054346951,0.0008753006628285111,0.0002095900600368238,0.0012412705099394637,0.0021419821157770956,-0.0019136458628309485,-0.006198550629632596,-0.004896286802097402,-0.006964110237507074,-0.007927238768384614,-0.0024678964575166103,-0.00035625267962030387,-0.008821572404199323,-0.008091471668158521,0.0008051513982228471,-0.004614715977922532,0.010983673277191686,0.011056317908399537,0.008706566566822227,0.01126519290982735,0.011459934456823487,0.011736807606671206,0.011694622504825326,0.011694622504825326,0.011436240155091114,0.011953004854559865,0.011774557867553753,0.013031364296809811,0.013153136135216513,0.010648237246076647,0.0077211468607457584,0.009066024944478003,0.007148449547569355,0.007293374100125405,0.011965087952510967,0.014486012307322046,0.007427946898927557,0.007318086668335669,0.015872520702468102,0.00809792498365719,0.014634137057416704,-0.0009362724983477098,0.3525343543758916,-0.10751064622233132,-0.026952174122795856,-0.053353004803014886,-0.1323951932883607,-0.1323951932883607,-0.1947841491144122,-0.07000623746231009,-0.08161011142177897,-0.09067009410785991,-0.07369911048945804,-0.03774715537097946,0.05297757765200582,0.023869854319429947,0.03176892874579669,0.03527827422185992,0.001521364325983232,-0.017912105233535796,0.040962671353842114,0.037348945935650774,-0.028600513491271365,0.1675139922817271,-0.026921169436708598
85,-2.053738187964128,-9.645977928493847e-05,0.003023612440991148,-0.0003738104410055879,-0.0006323942665216041,-0.0010000349645373282,-0.006532637937524494,-0.004156988622542971,-0.0006009322427295871,-0.001287108330685123,-0.00030819708445139154,-0.0018252580876771953,-0.0031497325918683457,0.0028139696867942867,0.009114817904731167,0.007199870627353857,0.010240554683847975,0.011656811757853247,0.0036289817026674736,0.0005238608985922099,0.012971907612287458,0.011898312241571112,-0.0011839555436491379,0.006785827580360065,-0.016151224347199747,-0.01625804651011773,-0.012802794326246161,-0.016565192118280517,-0.016851554825534777,-0.017258690056714734,-0.01719665789071429,-0.01719665789071429,-0.01681671293126403,-0.017576602850164276,-0.01731420089696639,-0.01916230417604612,-0.01934136670200112,-0.015657973823813426,-0.011353758621401535,-0.013331369125813194,-0.01051162115475378,-0.010724729183614178,-0.01759437075174791,-0.021301328687343676,-0.010922615210412627,-0.010761068413968957,-0.023340155551921003,-0.011907801685018897,0.26295157937692576,0.2559760044560582,0.4816068082210989,0.23591914413016307,0.21721942429269972,0.19063315950980828,0.19468391086718778,0.19468391086718778,0.21949462858769825,0.16987319314667676,0.12000568346385562,0.13332816759568764,0.1083727490489036,0.05550627367360544,-0.07790223911753931,-0.03510004007936474,-0.04671543685745366,-0.05187584400589116,-0.0022371292301465603,0.02633931498656552,-0.060234611700472715,-0.05492071638645386,0.042056359305756505,-0.24632525042923692,0.039586924728008954
86,-1.3859809006566648,4.703351198125016e-06,-0.00014743047622962143,1.822688999090812e-05,3.0835363227878424e-05,4.876141831852314e-05,0.0003185295539561811,0.00020269357408182355,2.930128396298824e-05,6.275903339319908e-05,1.5027601526283687e-05,8.899906134127663e-05,0.00015358005864786204,-0.0001372083556067615,-0.0004444359092533714,-0.00035106362872205525,-0.000499326512031841,-0.0005683828011426126,-0.00017694810796512806,-2.5543307307215925e-05,-0.0006325064981741833,-0.0005801582955285743,5.772933305484888e-05,-0.000330875008391193,0.0007875290711595995,0.0007927376892144731,0.0006242605828048517,0.000807714021058502,0.0008216769846089626,0.0008415287818196965,0.0008385041111804003,0.0008385041111804003,0.0008199781038281139,0.0008570301185327751,0.000844235474484196,0.0009343484608122613,0.0009430794982688251,0.0007634783169765048,0.0005536060170467397,0.0006500337385728261,0.0005125436354810902,0.0005229347219038528,0.000857896476322882,0.0010386466830620195,0.0005325835878680409,0.0005247066123633494,0.0011380592967686048,0.0005806209980720661,0.23566402935192993,0.26419512576050996,0.025276703489534393,0.6277233071390038,0.14719270358631506,0.10589282164431933,-0.009492731708698042,-0.009492731708698042,-0.07458432385813468,0.055598860440738154,-0.005851442738986678,-0.006501043247798957,-0.005284224190242044,-0.0027064699994267115,0.0037984908570806047,0.0017114678966219108,0.0022778313152184136,0.0025294512891008486,0.0001090817802298451,-0.0012842974514157364,0.0029370224067478998,0.002677918393892203,-0.0020506560288207484,0.012010748628312876,-0.0019302471064070693
87,-1.3197812168786631,1.6023261532144014e-05,-0.0005022625313162414,6.209492188435621e-05,0.00010504915933894762,0.00016611920426157578,0.0010851586738402205,0.000690531497987498,9.982289571596403e-05,0.00021380593606643751,5.119566439197695e-05,0.0003031998198556976,0.0005232127779054733,-0.0004674380614314398,-0.0015140933577508816,-0.0011959949619928451,-0.0017010933173387062,-0.0019363525897708996,-0.0006028224753185791,-8.702031299313382e-05,-0.00215480762845804,-0.0019764690553013744,0.0001966708762858849,-0.001127216865290625,0.0026829347288377455,0.002700679321107611,0.002126715646173594,0.0027517003212025022,0.0027992690030448557,0.0028668996190020176,0.0028565952452353142,0.0028565952452353142,0.002793481297658136,0.0029197091928123992,0.0028761207132013415,0.0031831154253874807,0.0032128601097031547,0.0026009992092286822,0.0018860114040505941,0.0022145190012668246,0.0017461210894123087,0.001781521187840211,0.0029226606792873318,0.003538436051479475,0.0018143927078089874,0.001787557620809183,0.0038771125061845494,0.0019780453789800113,0.3028673051954364,0.2683250562497324,0.08611205364488876,0.13613848716463747,0.5999065686302216,-0.005556102688016113,-0.03233960561646894,-0.03233960561646894,0.027891217992591845,-0.09257042922552954,-0.019934551641524807,-0.022147594726266304,-0.018002165398274955,-0.0092203356294232,0.012940605510127297,0.005830586863765775,0.007760059870595509,0.008617272627713184,0.0003716171341212864,-0.004375313065569959,0.010005775917370301,0.009123066719793878,-0.006986124675400275,0.04091792391459484,-0.006575918511037633
88,-1.3405184191416277,1.013549561155756e-05,-0.0003177055852078124,3.92780712589035e-05,6.644872464587428e-05,0.00010507851116408347,0.0006864158682358058,0.00043679490305132383,6.314285761587228e-05,0.0001352426983969627,3.2383758496009014e-05,0.0001917886965401641,0.0003309576395377366,-0.00029567740692570954,-0.0009577380080950605,-0.0007565252345417679,-0.0010760246169707122,-0.0012248375985558927,-0.00038131466186738187,-5.504459867245306e-05,-0.0013630210814561167,-0.0012502132225834172,0.00012440393608497026,-0.0007130197287558199,0.0016970872700098642,0.0017083115913954711,0.001345251530444773,0.001740584866191715,0.00177067438105715,0.0018134540492203966,0.001806936029472511,0.001806936029472511,0.0017670133746863683,0.0018468586842586426,0.0018192868417269757,0.0020134759930362234,0.002032290958812362,0.0016452590515312361,0.0011929943395584627,0.0014007914414950664,0.0011045068822904715,0.0011268991737440124,0.001848725643626093,0.002238233645479305,0.0011476920158081465,0.0011307175124603249,0.0024524630464986827,0.0012512103243091737,0.18388294901828947,0.2124400860320473,0.054470080268585616,0.1077297077885253,0.06263347761355759,0.7623831263369019,-0.020456380253660464,-0.020456380253660464,0.02198262639225541,-0.0628953868995772,-0.012609577661565601,-0.014009435513763744,-0.011387248970929428,-0.005832312673776532,0.0081855650983252,0.00368813099954645,0.004908616925842724,0.0054508458672171455,0.00023506598981180726,-0.0027675992360440584,0.0063291420225116924,0.005770785337115435,-0.00441906511026515,0.025882585604601594,-0.004159589673857189
89,-1.000000000000002,5.03155950836665e-19,-2.8013563603125326e-17,-3.928955822474912e-17,1.1014671578141709e-17,1.6557456874591393e-16,6.288027219222917e-18,-1.066007341822733e-16,7.260096540720685e-18,-5.2278394016655054e-17,1.427745250915914e-17,-6.542137900310749e-17,9.737245624459832e-17,1.2709137930071061e-17,-5.110304919920957e-17,6.562614239896649e-18,-5.878591439338067e-17,2.658715345485235e-17,-3.537430954147621e-17,1.9635479933501082e-17,2.253041683327894e-17,-4.016230442334877e-17,8.337955865802204e-17,-8.327909626217588e-17,6.878242637050073e-17,-9.836650172255352e-17,4.8629457084238416e-17,6.446376089970477e-17,5.979324553843281e-17,8.457634439179653e-17,3.2829035880667753e-16,3.2829035880667753e-16,1.6016268881968337e-17,-3.648959251543002e-17,4.17448010768639e-17,-2.7353470337358986e-17,-6.13026264193671e-17,-8.297027137306634e-17,-2.783950657822157e-17,-5.774443095861048e-17,-8.742146318524499e-17,-1.6561278124334234e-17,-3.284402448923196e-17,6.192654099045893e-17,4.156730607708706e-17,3.292252115920378e-16,-4.502094693380723e-17,-6.310565232701646e-17,1.258474351868872e-16,1.591697703324687e-16,1.3008231960612719e-16,1.4622439626700048e-16,1.3047257477288089e-17,-1.631757824560497e-16,1.0000000000000002,1.9817596198658165e-16,-1.6185955979189071e-16,-8.506265692923346e-17,1.1631501069436799e-16,-1.4281961055617888e-16,-2.0522510300428829e-16,6.867693383339051e-17,6.588267981489481e-16,-1.6334664579379237e-16,1.0955575778312506e-16,-1.1644943646036174e-16,7.22968974942975e-17,1.5154258993976793e-16,-7.11315879836551e-18,-1.1624211681009273e-16,-5.2761420123332125e-17,1.2637647139958522e-16,1.405457254220011e-16
90,-1.1394255394207728,-4.478200796845684e-06,0.00014037294863189305,-1.735436497151545e-05,-2.9359267969022526e-05,-4.6427199069578856e-05,-0.00030328147787818296,-0.00019299059048196007,-2.7898625398013896e-05,-5.975474539579721e-05,-1.4308227111877611e-05,-8.473865774198512e-05,-0.0001462281492589419,0.00013064016305162196,0.0004231606697287201,0.0003342581397101504,0.0004754236479219267,0.0005411741980927608,0.00016847756518941872,2.4320543867094238e-05,0.0006022282803944666,0.0005523859971104857,-5.496581786006917e-05,0.000315035952838742,-0.0007498298905294024,-0.0007547891709532461,-0.0005943770987109768,-0.0007690485826730807,-0.0007823431362509363,-0.0008012446237952969,-0.0007983647447694117,-0.0007983647447694117,-0.0007807255812466723,-0.0008160039082921242,-0.0008038217465183964,-0.0008896210054259878,-0.000897934086301399,-0.0007269304509572134,-0.0005271047817286907,-0.0006189164881452023,-0.000488008064919226,-0.0004979017278712592,-0.0008168287933541042,-0.000988926450057653,-0.0005070887006121885,-0.0004995887975653794,-0.00108358016124452,-0.0005528265499866889,0.023987892965661728,0.022065855407787324,-0.024066702429908236,-0.028034945822384968,0.055015893006692865,0.07144942677758091,0.5090383126650508,0.5090383126650508,-0.06906237360142364,0.08713899893152541,0.005571332956576023,0.006189836953759452,0.005031267277876212,0.002576910716963084,-0.0036166563087601444,-0.0016295395720170491,-0.002168791055826742,-0.0024083659291624405,-0.00010386001269501412,0.0012228178649763474,-0.002796426532535425,-0.002549725882730891,0.0019524906976953248,-0.011435791590375425,0.0018378457754716915
91,-0.8605744605792303,4.478200796849893e-06,-0.00014037294863181952,1.7354364971502493e-05,2.9359267969010172e-05,4.642719906954967e-05,0.00030328147787828834,0.000192990590482095,2.7898625397990125e-05,5.975474539578606e-05,1.4308227111965938e-05,8.473865774198585e-05,0.0001462281492589367,-0.00013064016305158657,-0.0004231606697286496,-0.0003342581397099556,-0.0004754236479218121,-0.0005411741980927703,-0.0001684775651893487,-2.4320543867118697e-05,-0.0006022282803943076,-0.0005523859971103404,5.49658178600883e-05,-0.00031503595283874694,0.0007498298905294331,0.0007547891709532331,0.0005943770987109933,0.0007690485826729769,0.0007823431362510479,0.0008012446237954186,0.0007983647447694023,0.0007983647447694023,0.0007807255812467268,0.0008160039082920205,0.000803821746518424,0.0008896210054258442,0.0008979340863013227,0.0007269304509572712,0.0005271047817288856,0.0006189164881452428,0.00048800806491957574,0.0004979017278711817,0.0008168287933542566,0.0009889264500576715,0.0005070887006122691,0.0004995887975653221,0.0010835801612445756,0.0005528265499866381,-0.02398789296566176,-0.022065855407787206,0.024066702429908177,0.028034945822385176,-0.05501589300669316,-0.07144942677758037,0.49096168733494916,0.49096168733494916,0.069062373601424,-0.08713899893152531,-0.005571332956575882,-0.006189836953759466,-0.005031267277876219,-0.002576910716963011,0.003616656308760034,0.001629539572016939,0.0021687910558266313,0.002408365929162592,0.00010386001269518639,-0.001222817864976081,0.0027964265325355698,0.0025497258827308408,-0.001952490697695415,0.011435791590375638,-0.0018378457754717082
92,-1.364230117229949,-3.7981511437029525e-06,0.00011905622359951813,-1.4718969549313329e-05,-2.490083457031143e-05,-3.93768674619088e-05,-0.0002572258244606912,-0.00016368346691376386,-2.366200194457346e-05,-5.068052212541723e-05,-1.2135411437525153e-05,-7.187043288558156e-05,-0.0001240222664293779,0.00011080143727788708,0.00035890042778696427,0.000283498439044436,0.0004032268658815428,0.00045899268315097586,0.00014289293534246037,2.0627279949118446e-05,0.000510775227758114,0.00046850188320547736,-4.661883051710655e-05,0.00026719529089184817,-0.0006359623843366261,-0.0006401685594211163,-0.0005041163091332367,-0.0006522625684637322,-0.0006635382405845609,-0.0006795693901000996,-0.000677126843123598,-0.000677126843123598,-0.0006621663239001699,-0.0006920873623469691,-0.0006817551566750884,-0.0007545251301831287,-0.0007615758050112875,-0.0006165404029326143,-0.00044705981718977817,-0.000524929201246569,-0.0004139002411898941,-0.0004222914744020493,-0.000692786982191214,-0.0008387502699691269,-0.00043008333381304984,-0.0004237223494292845,-0.0009190300782470808,-0.00046887553469775433,0.13240879673418163,0.13809890957840282,0.16678444592483094,0.24201647984187655,0.08401367269965901,0.05903101459824111,0.18051240905998894,0.18051240905998894,0.3271143326560596,0.0339104854639189,-0.15463179797256474,0.06540108865446435,-0.03461073964403385,-0.09479443104258203,0.005707106200512946,-0.01073717749808268,-0.00481215946468961,-0.00204263681404442,-0.005458606247711506,-0.0008685442908667142,0.00038861194815179164,-0.001655621901982442,0.0016559897853973527,0.06729550080098742,0.0015587545871071176
93,-2.061157598206379,6.962097248806356e-05,-0.0021823275994344586,0.0002698020524402422,0.00045643794913796117,0.0007217869175037562,0.00471500774203027,0.003000355097936072,0.0004337298659443454,0.0009289854729513714,0.00022244484588854015,0.0013174013464247385,0.002273356291595048,-0.0020310154926636123,-0.006578726296943858,-0.00519659073015388,-0.007391239967498896,-0.008413440054585091,-0.002619259935634563,-0.0003781027230089299,-0.009362625849736869,-0.00858774584978193,0.0008545337439348849,-0.004897750324366663,0.01165733484215946,0.01173443498608166,0.009240566360049543,0.011956120916676666,0.012162806545766701,0.012456661154796302,0.012411888714360627,0.012411888714360627,0.012137659001572817,0.012686118427148329,0.012496726752194796,0.013830616882379123,0.013959857352195685,0.011301325515028575,0.008194707913253796,0.009622071396151916,0.007586885359321407,0.007740698568560129,0.012698942617670624,0.015374482810295822,0.007883525119995983,0.00776692683256345,0.016846029916239586,0.008594594966440256,0.14187726264082715,0.14722579909154668,0.18695990951068772,0.25016123525241124,0.0912427497705541,0.06495822902064535,0.18663797860800285,0.18663797860800285,0.3344548207699699,0.03882113644603615,0.07274157676837421,-0.15638238905636373,-0.039341327757788376,0.05691771638913882,0.04745230599981416,0.034688960142118,0.03669012846987792,0.03744199639584223,0.006985192341229709,-0.017105040529107846,0.04071465527990193,0.03913276034879448,-0.030354668607793445,0.10079344851867753,-0.028572325354751276
94,-1.9119733078115515,-2.139108284560985e-05,0.0006705213789389549,-8.289683193736579e-05,-0.00014024081587717262,-0.00022176943523515732,-0.0014486887732680336,-0.0009218607866645718,-0.00013326374457965274,-0.00028543130760882356,-6.83463036629308e-05,-0.0004047723025862785,-0.0006984899956610204,0.0006240306492663733,0.0020213173445783293,0.0015966554164767196,0.002270962625574555,0.002585034175658256,0.0008047690843007563,0.00011617227371274835,0.0028766720435932144,0.0026385897289963466,-0.00026255597211028754,0.0015048365341869105,-0.003581722668559513,-0.0036054117310229663,-0.0028391691969264685,-0.003673524857536356,-0.0037370291329993817,-0.003827316126439096,-0.0038135597690034375,-0.0038135597690034375,-0.0037293025359408584,-0.00389781700206596,-0.003839626303711672,-0.0042494647943561534,-0.004289174001195044,-0.0034723386031217224,-0.002517828602552942,-0.0029563868332456032,-0.002331074781944579,-0.002378333976753312,-0.003901757241796862,-0.004723818466624033,-0.0024222175147895954,-0.0023863926255789985,-0.005175952140279179,-0.0026406941239309643,0.22664694767070961,0.2247861986804242,0.07223668637876318,0.13187919268250656,0.300147538083096,0.3397251912244508,0.21602006595840323,0.21602006595840323,0.05579786493618069,0.3762422669806255,-0.1327444185003018,0.08971830525851941,-0.014845046766663225,-0.08467085322594162,-0.008501186441044483,-0.017138940102435336,-0.013332410041151717,-0.01150407439289707,-0.005866627726156715,0.0039353830358255,-0.010597349429666251,-0.011672402155567986,0.009326488954914917,0.022369176695940827,0.008778862990745854
95,-2.608900788787981,5.202804078615667e-05,-0.0016308624440950219,0.00020162419005218974,0.0003410979678311,0.0005393943497305077,0.0035235447932229274,0.002242177778185264,0.00032412812330926614,0.0006942346874679651,0.0001662339536631345,0.0009844994767240415,0.0016988885623634052,-0.001517786280675126,-0.0049163093801524935,-0.0038834337527215964,-0.005523504207805884,-0.006287398562077811,-0.001957383786676267,-0.0002825577292453,-0.006996729033901769,-0.0064176580039910615,0.0006385966023417039,-0.003660109081071601,0.008711574557936573,0.008769191814479809,0.00690551347225631,0.008934858627604042,0.00908931565335188,0.009308914418457305,0.009275455788480788,0.009275455788480788,0.009070522789532128,0.009480388787429338,0.009338855605158212,0.010335677218206099,0.010432259156011928,0.008445527314839467,0.006123939127890633,0.007190613764152882,0.005669710818566722,0.0057846560662088665,0.009489972358064976,0.011489414613640916,0.0058913909390194375,0.005804256556413736,0.01258910785420749,0.006422776377207046,0.23611541357735513,0.23391308819356807,0.09241214996461997,0.14002394809304122,0.3073766151539912,0.345652405646855,0.22214563550641714,0.22214563550641714,0.06313835305009095,0.38115291796274275,0.09462895624063715,-0.13206517245230867,-0.019575634880417758,0.06704129420577924,0.03324401335825673,0.02828719753776535,0.02816987789341581,0.02798055881698958,0.0065771708627845,-0.012301113202415634,0.029728693902083887,0.02911598009520894,-0.02268416943827588,0.05586712441363092,-0.02135221695111254
96,-2.338395676535701,0.00013043297329812015,-0.004088530615593017,0.0005054667098731965,0.000855123918907694,0.0013522478984883892,0.008833437065564142,0.005621082590322452,0.0008125809508480555,0.0017404286820122126,0.00041674428849853434,0.0024681151167569894,0.004259070361730201,-0.0038050515535110268,-0.012325062416673856,-0.009735669522048327,-0.013847284386699136,-0.015762348079426728,-0.004907111306209318,-0.0007083650315661233,-0.017540621508388227,-0.016088905183099723,0.0016009454194872083,-0.00917580025743742,0.021839695566667282,0.021984140561532202,0.017311946418250315,0.02239946304314158,0.022786682873270042,0.023337211385058315,0.02325333145176889,0.02325333145176889,0.02273956964225481,0.023767093261282384,0.02341227317763186,0.025911279576354345,0.02615340803486619,0.021172721903414942,0.015352559440599205,0.018026685589634474,0.014213820636560641,0.01450198544518904,0.02379111902880999,0.028803669845484187,0.014769567053200748,0.014551123374983975,0.03156057279465489,0.01610173681440714,0.1269889866810718,0.12751093795922433,0.11062798741367671,0.12901170370277795,0.1304109206534938,0.13240025272176711,0.13209715299558764,0.13209715299558764,0.13024067722505817,0.13395362876611666,0.34027752929998606,-0.06590440569572867,-0.2966632105018506,0.23078105293098977,0.07766800657131426,0.07696457422216346,0.07254341541904112,0.07014654839767645,0.019961540620375102,-0.029606314685527865,0.07274413311392935,0.07266523829744129,-0.05686863510377433,0.09027035218751167,-0.05352946413812842
97,-1.9378077485057463,-0.00015562220728748973,0.00487810821813101,-0.0006030825113600211,-0.0010202655693555308,-0.0016133942011855805,-0.010539351663293053,-0.006706626843900718,-0.0009695066973723213,-0.0020765405117471156,-0.0004972260035992105,-0.002944757852229792,-0.0050815826238205805,0.004539883640055384,0.01470528018903896,0.01161582337756954,0.01652147387815508,0.018806374938235185,0.005854773325851759,0.0008451645852278168,0.02092806877973839,0.019195996795300825,-0.0019101202221150466,0.01094783208251531,-0.026057380619562982,-0.02622972085197739,-0.020655231924310742,-0.026725250469142703,-0.027187250246854134,-0.027844096901598687,-0.027744018063897116,-0.027744018063897116,-0.027131038502097398,-0.02835699762569639,-0.027933654638019473,-0.03091526950089474,-0.031204157841073263,-0.025261600909470043,-0.018317447860342322,-0.02150800162412684,-0.016958795659696806,-0.01730261089634479,-0.028385663252798943,-0.03436623858207793,-0.01762186790180493,-0.01736123834999343,-0.03765555501318169,-0.019211306473035875,0.2320667577238186,0.23537417029960192,0.12839314488991432,0.24488396882160443,0.2537502901292618,0.2663559531009225,0.26443532202280423,0.26443532202280423,0.2526715203671827,0.27619912367842464,0.372346254227146,0.2210237996087102,0.24720742409115162,-0.4102463371995149,-0.08046208681184615,-0.1048406918226827,-0.0906879849248835,-0.08369325960461785,-0.031286774594243894,0.032673153430485456,-0.08295287059544411,-0.0859932623549925,0.0678511138440866,-0.0006056746905852764,0.0638670817159809
98,-1.1187725848269472,1.9495069425284335e-06,-6.11089252834542e-05,7.554921391510122e-06,1.2781047418261897e-05,2.0211274798419673e-05,0.0001320283242048683,8.401510183530519e-05,1.2145182042436967e-05,2.6013190627810347e-05,6.228838177864536e-06,3.688950296393606e-05,6.365788518733072e-05,-5.687192611354138e-05,-0.00018421564839498847,-0.00014551347595118453,-0.00020696742828352565,-0.00023559078838847607,-7.334378199948714e-05,-1.0587526389489979e-05,-0.00026216962277206247,-0.00024047165037169982,2.3928414196315506e-05,-0.00013714543073512243,0.00032642542029878127,0.0003285843569023145,0.0002587517471803979,0.00033479194414578545,0.00034057949715529716,0.000348807931489308,0.00034755422617149714,0.00034755422617149714,0.0003398753226769214,0.00035523312966549464,0.000349929837109709,0.0003872810543703964,0.00039090000975414743,0.00031645654698279424,0.00022946591232297177,0.00026943454418713067,0.00021244583566594708,0.0002167528700053807,0.0003555922290514131,0.00043051195502061355,0.00022075225903505009,0.00021748730649661033,0.0004717178043034835,0.000240663437415644,0.11041917134444197,0.11153888131122283,0.07532092613842697,0.11475838173434197,0.11776003577942705,0.12202762748255978,0.12137740628656332,0.12137740628656332,0.11739482302571491,0.1253599895474113,-0.05762587649665766,0.322216680298221,-0.28838468130278005,-0.034715205074521575,0.00461390692253707,-0.0025311666481879205,-8.558846645174646e-05,0.0010484402803747903,-0.001815106910272241,-0.001192446268605916,0.0021735572833665477,0.0012855693585820146,-0.000849982915690444,0.03164894368155414,-0.000800074239876262
99,-4.5512858021674285,0.00011969950633173203,-0.0037520811182460818,0.00046387132110106943,0.0007847548695508855,0.0012409699924357557,0.008106524211048238,0.0051585177742863005,0.0007457128072112002,0.001597206969791785,0.0003824499613741809,0.0022650113201851726,0.003908586968770926,-0.003491929847225066,-0.011310820028701209,-0.008934511006924158,-0.012707776747021383,-0.014465247828274309,-0.004503299940310896,-0.0006500729258649338,-0.016097185260866148,-0.0147649322034013,0.0014692019320807156,-0.008420713974703758,0.020042483979797163,0.020175042443660016,0.015887328085125017,0.02055618760013429,0.020911542701963104,0.021416767641763954,0.021339790276669823,0.021339790276669823,0.020868306468428525,0.02181127408491179,0.02148565252024445,0.023779013046214537,0.02400121649845437,0.01943039628288475,0.014089181128821595,0.01654325061611776,0.013044150342223015,0.013308601764764302,0.02183332274668444,0.026433385468916288,0.01355416379998096,0.013353696082480812,0.028963419966143766,0.014776707906231812,0.2675735048737405,0.26960000597389155,0.20405113333688135,0.27542680161111127,0.2808593291451182,0.2885830071849406,0.28740620782785664,0.28740620782785664,0.28019835079434563,0.2946140648613674,0.22499640950566926,0.38933575819310723,0.22946771866457386,0.15867421566944034,0.07608241243553406,0.06550732432807065,0.06494559482974732,0.06437411493245777,0.015377470114286886,-0.028213707462916435,0.06826979189862051,0.06696317108542171,-0.0521888551303782,0.12501162925075485,-0.04912446806598588
100,-4.45716826136261,0.00013238248024066173,-0.004149639540876576,0.0005130216312645107,0.0008679049663259412,0.001372459173286683,0.008965465389768378,0.00570509769215723,0.0008247261328902896,0.0017664418726397475,0.00042297312667541803,0.0025050046197206757,0.0043227282469169934,-0.003861923479625141,-0.012509278065069646,-0.009881182997999899,-0.014054251814982434,-0.015997938867815663,-0.004980455088209008,-0.0007189525579563294,-0.017802791131160553,-0.016329376833472038,0.0016248738336828688,-0.009312945688172265,0.022166120986965132,0.02231272491843342,0.017570698165430537,0.022734254987287424,0.023127262370425,0.023686019316547437,0.02360088567793966,0.02360088567793966,0.023079444964931656,0.02412232639094811,0.02376220301474078,0.026298560630724534,0.02654430804461927,0.02148917845039806,0.015582025352921913,0.0182961201338212,0.014426266472226208,0.014718738315193951,0.024146711257861077,0.029234181800504338,0.014990319312235266,0.014768610681480419,0.03203229059895843,0.016342400251822188,0.23740815802551302,0.23904981927044608,0.1859489135521034,0.24377008543711914,0.24817095643291906,0.25442788020432583,0.2534745592821499,0.2534745592821499,0.2476355002507723,0.2593136183135275,0.2826516528033274,0.25631227460249256,0.4149521081953692,0.19606584785646822,0.08228191349385099,0.07443340757397546,0.07245782695258841,0.07119498867805085,0.018146433710102085,-0.030798760954135713,0.07491769039729423,0.07395080765602259,-0.05771861801946609,0.12191929586906455,-0.05432953837800643
101,-2.937807748505748,-0.0001556222072874801,0.004878108218131061,-0.00060308251136021,-0.0010202655693554218,-0.0016133942011855595,-0.010539351663292817,-0.006706626843901173,-0.0009695066973723193,-0.0020765405117469907,-0.0004972260035993101,-0.002944757852229564,-0.0050815826238205224,0.004539883640054819,0.014705280189038565,0.011615823377569714,0.016521473878154967,0.018806374938235268,0.00585477332585203,0.0008451645852279069,0.0209280687797387,0.01919599679530134,-0.0019101202221151132,0.010947832082515013,-0.026057380619563624,-0.02622972085197692,-0.020655231924310628,-0.026725250469142658,-0.02718725024685452,-0.027844096901598066,-0.02774401806389665,-0.02774401806389665,-0.027131038502096902,-0.028356997625696868,-0.027933654638019476,-0.030915269500894595,-0.031204157841073162,-0.02526160090946995,-0.018317447860342357,-0.021508001624127086,-0.016958795659696706,-0.017302610896345074,-0.02838566325279837,-0.03436623858207828,-0.017621867901804547,-0.017361238349993428,-0.03765555501318218,-0.019211306473036094,0.2320667577238189,0.23537417029960114,0.12839314488991507,0.24488396882160487,0.2537502901292613,0.26635595310092286,0.2644353220228039,0.2644353220228039,0.2526715203671816,0.2761991236784258,0.3723462542271468,0.2210237996087107,0.247207424091152,0.5897536628004849,-0.08046208681184659,-0.10484069182268278,-0.09068798492488392,-0.08369325960461814,-0.031286774594244025,0.032673153430485206,-0.08295287059544433,-0.08599326235499259,0.06785111384408642,-0.0006056746905843363,0.06386708171598116
102,-1.535487685351841,0.0002875155995806949,-0.009012416888320246,0.0011142087808200456,0.0018849640550522256,0.0029807828149938337,0.01947169408197335,0.012390647014959693,0.001791185874118333,0.00383645625322318,0.0009186364532661201,0.005440507715840208,0.009388340522684634,-0.008387539217881195,-0.027168342643687997,-0.021460500279729972,-0.03052380216699573,-0.03474520931525719,-0.010816828089848322,-0.0015614609682099896,-0.03866508738149954,-0.03546504463822698,0.0035289909486905424,-0.020226371031341703,0.048141608726163895,0.04846001126085225,0.03816101502933717,0.04937551360124952,0.050229068793726316,0.05144260806336573,0.05125771011384571,0.05125771011384571,0.05012521630519556,0.052390203922496895,0.05160806803680368,0.057116669925700844,0.057650397764331264,0.04667138744817531,0.03384190531769831,0.039736526621291665,0.031331764195175166,0.03196697073563624,0.052443164326460255,0.0634924145048672,0.03255680538034995,0.03207528630178399,0.06956950210299027,0.035493329619208605,0.03183111590280003,0.02640862185401885,0.20180372613111314,0.010817332678825018,-0.0037189773290041937,-0.0243859279674879,-0.021237058465307938,-0.021237058465307938,-0.0019503371969189411,-0.040523779733693525,-0.08320444488409798,-0.06501628143494818,-0.08519060681111128,-0.1434339396167539,0.5442213184365107,-0.2280420393602448,0.03353494475978466,0.15462521792684625,-0.18430560169026408,-0.14627391675984772,0.27769815034567247,0.18172648572231628,-0.12535649004811975,0.4132969449079773,-0.11799589925567078
103,-1.259125251306167,-0.0001919876894328028,0.006018014664655788,-0.0007440096109128014,-0.0012586791607866782,-0.0019904088897651916,-0.013002166009748824,-0.00827381781875145,-0.0011960590584240917,-0.002561782291954365,-0.000613416768857981,-0.003632882901758716,-0.006269036557276044,0.005600754452338163,0.018141580274210138,0.01433018545354233,0.020382178425422316,0.023201010536555617,0.007222904896257356,0.0010426609334020416,0.02581849749689377,0.0236816784398991,-0.0023564732461691046,0.013506099305851213,-0.03214641653668125,-0.032359028885485065,-0.02548190467779162,-0.032970352859764546,-0.0335403118096304,-0.03435064906003934,-0.03422718400228009,-0.03422718400228009,-0.03347096461822962,-0.034983403386330394,-0.03446113446688501,-0.03813948705087345,-0.038495882233165454,-0.031164680635994115,-0.022597831969549995,-0.026533947873552257,-0.020921692674963938,-0.021345849959624505,-0.03501876753910362,-0.042396871596104876,-0.021739710295381198,-0.021418177357876305,-0.04645482882745576,-0.02370056565211299,0.11556023173706248,0.11478369130102124,0.1399015410449934,0.11255090572566889,0.11046920081085188,0.10750954373864866,0.10796048466624733,0.10796048466624733,0.11072248289230978,0.10519848644018634,0.10160506417397726,0.09917222451531861,0.09678167793000834,0.09947010664517836,0.18893822122297527,0.0964709996404389,-0.040125190808618434,-0.10325053096636867,0.09103423623005977,0.08630661587320762,-0.16896638102307152,-0.11832360105438473,0.08370642467693952,0.1701889023313942,0.07879141199184117
104,-1.259125251306167,-0.0001919876894328028,0.006018014664655788,-0.0007440096109128014,-0.0012586791607866782,-0.0019904088897651916,-0.013002166009748824,-0.00827381781875145,-0.0011960590584240917,-0.002561782291954365,-0.000613416768857981,-0.003632882901758716,-0.006269036557276044,0.005600754452338163,0.018141580274210138,0.01433018545354233,0.020382178425422316,0.023201010536555617,0.007222904896257356,0.0010426609334020416,0.02581849749689377,0.0236816784398991,-0.0023564732461691046,0.013506099305851213,-0.03214641653668125,-0.032359028885485065,-0.02548190467779162,-0.032970352859764546,-0.0335403118096304,-0.03435064906003934,-0.03422718400228009,-0.03422718400228009,-0.03347096461822962,-0.034983403386330394,-0.03446113446688501,-0.03813948705087345,-0.038495882233165454,-0.031164680635994115,-0.022597831969549995,-0.026533947873552257,-0.020921692674963938,-0.021345849959624505,-0.03501876753910362,-0.042396871596104876,-0.021739710295381198,-0.021418177357876305,-0.04645482882745576,-0.02370056565211299,0.11556023173706248,0.11478369130102124,0.1399015410449934,0.11255090572566889,0.11046920081085188,0.10750954373864866,0.10796048466624733,0.10796048466624733,0.11072248289230978,0.10519848644018634,0.10160506417397726,0.09917222451531861,0.09678167793000834,0.09947010664517836,0.18893822122297527,0.0964709996404389,-0.040125190808618434,-0.10325053096636867,0.09103423623005977,0.08630661587320762,-0.16896638102307152,-0.11832360105438473,0.08370642467693952,0.1701889023313942,0.07879141199184117
105,3.053738187964117,9.645977928495232e-05,-0.0030236124409911145,0.00037381044100564295,0.0006323942665217526,0.0010000349645373388,0.006532637937524818,0.00415698862254292,0.0006009322427298192,0.0012871083306852677,0.00030819708445178694,0.0018252580876769618,0.003149732591868416,-0.00281396968679401,-0.00911481790473072,-0.007199870627353279,-0.010240554683847509,-0.01165681175785328,-0.003628981702667352,-0.0005238608985918446,-0.01297190761228682,-0.011898312241571105,0.0011839555436492049,-0.0067858275803601605,0.01615122434719985,0.016258046510117703,0.012802794326245858,0.01656519211828068,0.016851554825535194,0.017258690056714425,0.01719665789071387,0.01719665789071387,0.016816712931264088,0.017576602850164054,0.017314200896966454,0.019162304176046172,0.019341366702001657,0.015657973823813887,0.01135375862140207,0.013331369125813518,0.010511621154753945,0.010724729183614378,0.01759437075174799,0.02130132868734348,0.010922615210412896,0.010761068413968827,0.023340155551921624,0.011907801685019039,-0.2629515793769259,-0.25597600445605734,-0.4816068082210978,-0.23591914413016402,-0.21721942429269975,-0.1906331595098085,-0.1946839108671883,-0.1946839108671883,-0.2194946285876986,-0.16987319314667704,-0.12000568346385496,-0.1333281675956881,-0.10837274904890262,-0.055506273673605604,0.07790223911753964,0.03510004007936454,0.046715436857454516,0.05187584400589134,0.0022371292301467493,-0.026339314986564676,0.06023461170047375,0.05492071638645393,-0.04205635930575567,-0.7536747495707627,-0.039586924728008475
106,-1.7085167558356766,-0.0004884010787305572,0.01530934021195767,-0.0018926999831564693,-0.0032019774899115076,-0.005063438451435433,-0.03307645361927285,-0.021047920102777836,-0.003042677038749908,-0.006516965950055642,-0.0015604824064861904,-0.009241758851115547,-0.015947919505779694,0.014247864143312498,0.04615070581857746,0.03645482715374333,0.051850605417800955,0.05902148521694449,0.018374483037546276,0.002652444675635206,0.06568015931614928,0.06024426529830145,-0.005994676423415598,0.03435841896898786,-0.08177787107195385,-0.0823187396079192,-0.06482389453985969,-0.08387389811508249,-0.08532382736194755,-0.08738525946941549,-0.08707117439670366,-0.08707117439670366,-0.08514741374299512,-0.08899493505041187,-0.08766632536508158,-0.09702375539238628,-0.09793039577125831,-0.07928041472805543,-0.05748704796389396,-0.06750020692842294,-0.05322308582133651,-0.0543021074814846,-0.08908489858095837,-0.10785419567012036,-0.055304056165907375,-0.05448610250445738,-0.11817730906915865,-0.06029231283117595,0.20257864068577783,0.2035407903330288,0.17241925544680325,0.2063072578007887,0.20888653320810624,0.2125536094810621,0.21199488435319638,0.21199488435319638,0.20857271147517453,0.21541705723121968,0.22771507742921474,0.21503802453409104,0.21955293810037319,0.2505771424179661,0.1116617953767995,0.28269290037835737,-0.40799380613551345,-0.26266095942120365,0.25298432896409107,0.22715078860385782,-0.1457694866233473,-0.24884031741425766,0.2129423414057317,0.13489258893297776,0.20043894858680533
107,-3.7647786780219445,0.0006202944710238486,-0.01944364888214712,0.00240382625261712,0.004066675975608344,0.006430827065243398,0.0420087960379547,0.026731940273836595,0.0038643562154963996,0.008276881691532042,0.001981892856152448,0.01173750871472754,0.02025467740464342,-0.018095519721137866,-0.05861376827322652,-0.04629950405590315,-0.06585293370664214,-0.07496031959396585,-0.02333653780154108,-0.00336874105861729,-0.08341717791790995,-0.07651331314122646,0.007613547149989951,-0.04363695791781409,0.10386209917855471,0.10454903001679618,0.08232967764488662,0.10652416124719018,0.10836564590882002,0.11098377063118374,0.11058486644665268,0.11058486644665268,0.10814159154609577,0.11302814134721256,0.1113407387638665,0.12322515581719383,0.12437663569451704,0.10069020126676081,0.07301150542125175,0.08572873192558855,0.06759605435681494,0.06896646732077487,0.11314239965462017,0.13698037159290868,0.07023899364445252,0.06920015045624799,0.1500912561589683,0.07657433597734824,0.0613192329408413,0.05824200182059222,0.1577776155742251,0.0493940436996436,0.04114477959215314,0.02941641565237321,0.031203379204299823,0.031203379204299823,0.042148471695088154,0.020258286713511806,0.06142673191383447,-0.05903050636033048,-0.0575361208203323,0.19574258076576476,0.3520974362478643,0.3844243684387184,0.3508407659704176,0.33359291774343286,-0.46857670524859973,-0.3407515519332226,0.340514766373578,0.3445735407815827,-0.27044771760976494,0.27779868128441343,-0.2545677661264944
108,-3.1526068655969075,-0.0004791714028457271,0.015020028303525279,-0.0018569322337543882,-0.0031414673565201613,-0.004967750915505051,-0.03245138344719237,-0.02065016201202108,-0.0029851773236321626,-0.006393810031505755,-0.001530992817984594,-0.009067110508767025,-0.015646539892822213,0.013978611732083337,0.045278561846922895,0.03576591336194036,0.05087074623385923,0.05790611262150854,0.018027246861431048,0.0026023194696833613,0.06443895283861478,0.05910578492460633,-0.005881390595778465,0.03370912255091796,-0.08023245424668529,-0.08076310159047903,-0.06359886953018284,-0.08228887111879712,-0.08371139998186339,-0.08573387568436244,-0.08542572610923117,-0.08542572610923117,-0.0835383201813553,-0.08731313203710614,-0.08600963007022105,-0.09519022583153368,-0.09607973275758254,-0.07778219417977214,-0.056400672762463945,-0.06622460566699612,-0.05221728986158923,-0.0532759204525319,-0.08740139546037642,-0.10581599528070562,-0.054258934572694636,-0.05345643838567002,-0.11594402518188768,-0.05915292446776861,0.2034209659635929,0.20421481487884754,0.17853710790137547,0.20649736749906872,0.20862547198894754,0.21165109750341277,0.21119010545508382,0.21119010545508382,0.208366544447908,0.21401366646225667,0.22498368035178246,0.21287775200369685,0.21676585056424538,0.24596785631257978,0.12840743845940825,0.2754456273051255,0.5453494854888475,-0.2576972612873475,0.2471098766465103,0.22247009346510502,-0.09253125209271461,0.15819643666766842,0.20891821271533204,0.14757466501074762,0.19665110574466657
109,0.4440901097613213,-9.229675884888378e-06,0.00028931190843159513,-3.5767749402369165e-05,-6.051013339158168e-05,-9.568753593107944e-05,-0.0006250701720818822,-0.00039775809075694326,-5.749971511734434e-05,-0.00012315591854984722,-2.9489588502467246e-05,-0.00017464834234966596,-0.00030137961295900344,0.00026925241122785227,0.0008721439716529136,0.0006889137918013674,0.0009798591839409374,0.0011153725954337244,0.0003472361761147116,5.012520595215811e-05,0.0012412064775341528,0.001138480373693888,-0.00011328582763724789,0.0006492964180682402,-0.0015454168252682107,-0.0015556380174415573,-0.0012250250096774637,-0.0015850269962865524,-0.0016124273800844243,-0.001651383785053998,-0.0016454482874731307,-0.0016454482874731307,-0.0016090935616400912,-0.001681803013306059,-0.0016566952948608269,-0.0018335295608534184,-0.001850663013676684,-0.0014982205482848056,-0.0010863752014313496,-0.001275601261427976,-0.0010057959597484603,-0.001026187028952923,-0.0016835031205839057,-0.0020382003894149937,-0.0010451215932142084,-0.0010296641187884355,-0.002233283887272149,-0.0011393883634077116,-0.0008423252778139709,-0.0006740245458212563,-0.006117852454573289,-0.00019010969828248372,0.00026106121915607863,0.0009025119776499823,0.0008047788981114247,0.0008047788981114247,0.00020616702726129705,0.001403390768960664,0.0027313970774273297,0.0021602725303947862,0.002787087536124838,0.004609286105383959,-0.016745643082611242,0.0072472730732274235,0.04665670837563408,-0.004963698133856666,0.005874452317578177,0.004680695138752876,-0.05323823453063547,-0.40703675408192835,0.0040241286903989065,-0.012682076077773503,0.003787842842136895
110,2.037080196425514,0.00019660252737524112,-0.006162670618871991,0.000761893485614019,0.0012889342274824776,0.0020382526577308667,0.013314701095790273,0.008472696864129914,0.0012248089159829128,0.0026233602512295857,0.0006281615631099426,0.0037202070729341037,0.006419726363754972,-0.005735380657951646,-0.01857765226003641,-0.0146746423494425,-0.020872108017393216,-0.02375869683427213,-0.007396522984315478,-0.00106772353637743,-0.026439100735661216,-0.02425091862674653,0.0024131161599878297,-0.0138307475148856,0.032919124949315634,0.03313684789420566,0.026094417182630253,0.033762866357908,0.034346525499672535,0.03517634095256671,0.03504990814601633,0.03504990814601633,0.034275511399048685,0.03582430489298344,0.035289482114314735,0.03905625183130057,0.03942121374000486,0.03191379091013645,0.023141019570266045,0.02717174850426642,0.021424590654838302,0.02185894347410099,0.03586051909939584,0.043415971790812836,0.02226227109198865,0.02193300941726993,0.04757147077109241,0.02427025983381711,-0.11513906909815674,-0.11444667902811032,-0.13684261481770693,-0.11245585087652768,-0.11059973142043154,-0.10796079972747316,-0.10836287411530325,-0.10836287411530325,-0.1108255664059406,-0.10590018182466839,-0.1029707627126915,-0.10025236078051593,-0.09817522169807104,-0.10177474969787194,-0.18056539968166946,-0.10009463617705369,0.01679683662080129,0.1057323800332966,-0.09397146238884994,-0.0886469634425845,-0.3044145017116117,-0.17815802190465024,-0.0857184890221389,-0.16384786429250844,-0.08068533341290964
111,2.037080196425514,0.00019660252737524112,-0.006162670618871991,0.000761893485614019,0.0012889342274824776,0.0020382526577308667,0.013314701095790273,0.008472696864129914,0.0012248089159829128,0.0026233602512295857,0.0006281615631099426,0.0037202070729341037,0.006419726363754972,-0.005735380657951646,-0.01857765226003641,-0.0146746423494425,-0.020872108017393216,-0.02375869683427213,-0.007396522984315478,-0.00106772353637743,-0.026439100735661216,-0.02425091862674653,0.0024131161599878297,-0.0138307475148856,0.032919124949315634,0.03313684789420566,0.026094417182630253,0.033762866357908,0.034346525499672535,0.03517634095256671,0.03504990814601633,0.03504990814601633,0.034275511399048685,0.03582430489298344,0.035289482114314735,0.03905625183130057,0.03942121374000486,0.03191379091013645,0.023141019570266045,0.02717174850426642,0.021424590654838302,0.02185894347410099,0.03586051909939584,0.043415971790812836,0.02226227109198865,0.02193300941726993,0.04757147077109241,0.02427025983381711,-0.11513906909815674,-0.11444667902811032,-0.13684261481770693,-0.11245585087652768,-0.11059973142043154,-0.10796079972747316,-0.10836287411530325,-0.10836287411530325,-0.1108255664059406,-0.10590018182466839,-0.1029707627126915,-0.10025236078051593,-0.09817522169807104,-0.10177474969787194,-0.18056539968166946,-0.10009463617705369,0.01679683662080129,0.1057323800332966,-0.09397146238884994,-0.0886469634425845,-0.3044145017116117,-0.17815802190465024,-0.0857184890221389,-0.16384786429250844,-0.08068533341290964
112,-2.3823893390109143,0.00031014723551188103,-0.009721824441073716,0.0012019131263082475,0.0020333379878039425,0.0032154135326214056,0.021004398018976578,0.013365970136917926,0.0019321781077477965,0.004138440845765694,0.0009909464280758729,0.005868754357363212,0.010127338702321034,-0.009047759860569562,-0.029306884136613892,-0.023149752027952566,-0.032926466853321595,-0.03748015979698323,-0.011668268900771384,-0.0016843705293091843,-0.04170858895895582,-0.0382566565706136,0.0038067735749943155,-0.021818478958907428,0.05193104958927648,0.05227451500839693,0.04116483882244337,0.05326208062359447,0.05418282295440906,0.05549188531559095,0.05529243322332636,0.05529243322332636,0.05407079577304712,0.05651407067360541,0.05567036938193248,0.0616125779085957,0.062188317847257646,0.05034510063337974,0.036505752710625144,0.04286436596279364,0.0337980271784067,0.03448323366038697,0.056571199827309335,0.06849018579645325,0.03511949682222537,0.034600075228123486,0.07504562807948299,0.03828716798867324,0.030659616470420203,0.02912100091029371,0.07888880778711102,0.024697021849820533,0.02057238979607559,0.014708207826185149,0.015601689602149221,0.015601689602149221,0.021074235847542505,0.01012914335675505,0.030713365956916622,-0.02951525318016604,-0.028768060410167107,0.09787129038288142,0.17604871812393155,0.1922121842193581,0.17542038298520737,0.16679645887171507,0.2657116473756992,-0.170375775966613,0.17025738318678701,0.17228677039079074,-0.1352238588048845,0.13889934064220585,-0.1272838830632483
113,-2.3823893390109143,0.00031014723551188103,-0.009721824441073716,0.0012019131263082475,0.0020333379878039425,0.0032154135326214056,0.021004398018976578,0.013365970136917926,0.0019321781077477965,0.004138440845765694,0.0009909464280758729,0.005868754357363212,0.010127338702321034,-0.009047759860569562,-0.029306884136613892,-0.023149752027952566,-0.032926466853321595,-0.03748015979698323,-0.011668268900771384,-0.0016843705293091843,-0.04170858895895582,-0.0382566565706136,0.0038067735749943155,-0.021818478958907428,0.05193104958927648,0.05227451500839693,0.04116483882244337,0.05326208062359447,0.05418282295440906,0.05549188531559095,0.05529243322332636,0.05529243322332636,0.05407079577304712,0.05651407067360541,0.05567036938193248,0.0616125779085957,0.062188317847257646,0.05034510063337974,0.036505752710625144,0.04286436596279364,0.0337980271784067,0.03448323366038697,0.056571199827309335,0.06849018579645325,0.03511949682222537,0.034600075228123486,0.07504562807948299,0.03828716798867324,0.030659616470420203,0.02912100091029371,0.07888880778711102,0.024697021849820533,0.02057238979607559,0.014708207826185149,0.015601689602149221,0.015601689602149221,0.021074235847542505,0.01012914335675505,0.030713365956916622,-0.02951525318016604,-0.028768060410167107,0.09787129038288142,0.17604871812393155,0.1922121842193581,0.17542038298520737,0.16679645887171507,0.2657116473756992,-0.170375775966613,0.17025738318678701,0.17228677039079074,-0.1352238588048845,0.13889934064220585,-0.1272838830632483
114,-2.8823893390108655,0.0003101472355117765,-0.009721824441074346,0.0012019131263078606,0.0020333379878036623,0.003215413532621177,0.021004398018976404,0.013365970136918008,0.0019321781077470577,0.0041384408457656174,0.0009909464280760214,0.005868754357362239,0.01012733870232042,-0.009047759860569762,-0.02930688413661549,-0.023149752027952965,-0.03292646685332076,-0.03748015979698483,-0.011668268900771332,-0.0016843705293105476,-0.041708588958956135,-0.03825665657061499,0.00380677357499454,-0.0218184789589083,0.05193104958927586,0.05227451500839741,0.041164838822442415,0.053262080623594325,0.05418282295440933,0.05549188531559005,0.05529243322332618,0.05529243322332618,0.054070795773046236,0.056514070673605234,0.05567036938193208,0.061612577908595687,0.062188317847256785,0.050345100633378916,0.03650575271062437,0.04286436596279254,0.033798027178405896,0.034483233660386095,0.05657119982730934,0.06849018579645338,0.03511949682222553,0.03460007522812336,0.07504562807948272,0.038287167988672266,0.03065961647041912,0.0291210009102924,0.07888880778711077,0.024697021849819138,0.020572389796076097,0.014708207826184304,0.01560168960214722,0.01560168960214722,0.02107423584754081,0.01012914335675363,0.0307133659569156,-0.029515253180166217,-0.028768060410168796,0.0978712903828828,0.17604871812392955,0.1922121842193558,0.17542038298520773,0.16679645887171546,0.26571164737569747,0.3296242240333844,0.17025738318678568,0.1722867703907901,-0.1352238588048856,0.13889934064220466,-0.12728388306325114
115,-2.8823893390108655,0.0003101472355117765,-0.009721824441074346,0.0012019131263078606,0.0020333379878036623,0.003215413532621177,0.021004398018976404,0.013365970136918008,0.0019321781077470577,0.0041384408457656174,0.0009909464280760214,0.005868754357362239,0.01012733870232042,-0.009047759860569762,-0.02930688413661549,-0.023149752027952965,-0.03292646685332076,-0.03748015979698483,-0.011668268900771332,-0.0016843705293105476,-0.041708588958956135,-0.03825665657061499,0.00380677357499454,-0.0218184789589083,0.05193104958927586,0.05227451500839741,0.041164838822442415,0.053262080623594325,0.05418282295440933,0.05549188531559005,0.05529243322332618,0.05529243322332618,0.054070795773046236,0.056514070673605234,0.05567036938193208,0.061612577908595687,0.062188317847256785,0.050345100633378916,0.03650575271062437,0.04286436596279254,0.033798027178405896,0.034483233660386095,0.05657119982730934,0.06849018579645338,0.03511949682222553,0.03460007522812336,0.07504562807948272,0.038287167988672266,0.03065961647041912,0.0291210009102924,0.07888880778711077,0.024697021849819138,0.020572389796076097,0.014708207826184304,0.01560168960214722,0.01560168960214722,0.02107423584754081,0.01012914335675363,0.0307133659569156,-0.029515253180166217,-0.028768060410168796,0.0978712903828828,0.17604871812392955,0.1922121842193558,0.17542038298520773,0.16679645887171546,0.26571164737569747,0.3296242240333844,0.17025738318678568,0.1722867703907901,-0.1352238588048856,0.13889934064220466,-0.12728388306325114
116,0.5559098902387085,9.22967588486834e-06,-0.0002893119084318383,3.576774940216336e-05,6.051013339149845e-05,9.568753593093753e-05,0.0006250701720815398,0.00039775809075646426,5.7499715117241905e-05,0.0001231559185497047,2.9489588502249738e-05,0.0001746483423491115,0.00030137961295870344,-0.00026925241122789916,-0.0008721439716532628,-0.0006889137918018031,-0.0009798591839411959,-0.001115372595434002,-0.00034723617611461747,-5.012520595243678e-05,-0.001241206477534292,-0.0011384803736944227,0.0001132858276368955,-0.0006492964180685415,0.0015454168252679017,0.0015556380174411302,0.001225025009677141,0.0015850269962861155,0.0016124273800842933,0.0016513837850539515,0.001645448287472592,0.001645448287472592,0.0016090935616396814,0.0016818030133057247,0.0016566952948605391,0.001833529560853653,0.0018506630136761576,0.0014982205482846611,0.001086375201430753,0.0012756012614277272,0.0010057959597481049,0.001026187028952618,0.001683503120583383,0.0020382003894143783,0.0010451215932135271,0.0010296641187878572,0.002233283887271807,0.0011393883634074336,0.0008423252778134212,0.0006740245458202326,0.006117852454572376,0.0001901096982810298,-0.00026106121915697906,-0.0009025119776507253,-0.0008047788981115671,-0.0008047788981115671,-0.0002061670272621247,-0.0014033907689610095,-0.002731397077428338,-0.0021602725303955838,-0.0027870875361250915,-0.004609286105384459,0.016745643082610454,-0.007247273073227807,-0.04665670837563422,0.0049636981338559635,-0.005874452317578492,-0.004680695138753207,0.05323823453063511,-0.5929632459180727,-0.004024128690399452,0.012682076077772284,-0.0037878428421368776
117,-16.773232741551585,0.0008723764575958768,-0.02734536954127251,0.003380719204980555,0.005719335811483774,0.009044256230963933,0.059080785638767445,0.037595555740277196,0.005434795155594682,0.011640530533961062,0.0027873159441992065,0.016507524654629926,0.028485992620327572,-0.02544937304799193,-0.08243386636700259,-0.06511519806083185,-0.09261496226864979,-0.10542350629006061,-0.03282029283006572,-0.004737766542442878,-0.1173171543099419,-0.10760762217810461,0.010707622915749499,-0.06137061758069381,0.14607070414531204,0.14703679737888475,0.11578770389543873,0.14981460383460704,0.1524044509812033,0.15608655758948975,0.1555255424012589,0.1555255424012589,0.1520893429794503,0.15896174182306744,0.15658859429884686,0.17330272949412778,0.17492216023758497,0.14160977600003888,0.10268271190299046,0.12056810267552298,0.09506647117125938,0.09699380740072898,0.1591224336591609,0.1926479388623245,0.09878347675666482,0.09732245722020502,0.2110869667240644,0.10769344413539719,0.5663008958400872,0.5668918270649211,0.5477776624632017,0.5685909307478657,0.5701750651701827,0.5724273030416317,0.5720841463142982,0.5720841463142982,0.5699823227401979,0.5741859698883992,0.569074794222823,0.5866175264352617,0.5868837060396022,0.5504826442916664,0.5104617621772414,0.5243651003407558,0.48824418775274486,0.46916202135393326,0.564947198575781,0.6002359796497168,0.4837022486694843,0.48548751952302044,0.6196448092403807,0.5247296064042263,0.6419782274295046
118,-8.226767258448053,-0.0008723764575961588,0.02734536954126979,-0.0033807192049821106,-0.005719335811484939,-0.00904425623096577,-0.05908078563877062,-0.03759555574028011,-0.005434795155597378,-0.01164053053396345,-0.0027873159442022245,-0.01650752465463306,-0.02848599262033125,0.02544937304798848,0.08243386636699812,0.06511519806082795,0.09261496226864559,0.10542350629005612,0.032820292830061965,0.004737766542439026,0.11731715430993707,0.10760762217810017,-0.010707622915753437,0.06137061758069034,-0.14607070414531628,-0.147036797378889,-0.11578770389544278,-0.14981460383461104,-0.1524044509812076,-0.15608655758949402,-0.15552554240126337,-0.15552554240126337,-0.1520893429794547,-0.15896174182307182,-0.1565885942988513,-0.1733027294941319,-0.17492216023758944,-0.14160977600004301,-0.10268271190299444,-0.12056810267552673,-0.09506647117126346,-0.0969938074007331,-0.15912243365916526,-0.1926479388623291,-0.09878347675666901,-0.09732245722020903,-0.21108696672406901,-0.10769344413540102,0.4336991041599047,0.4331081729350714,0.4522223375367907,0.431409069252127,0.4298249348298094,0.42757269695836064,0.4279158536856942,0.4279158536856942,0.4300176772597948,0.4258140301115934,0.43092520577716914,0.4133824735647311,0.41311629396039035,0.449517355708326,0.48953823782275224,0.475634899659237,0.5117558122472482,0.5308379786460603,0.43505280142421104,0.39976402035027575,0.516297751330509,0.5145124804769733,0.3803551907596113,0.4752703935957667,0.35802177257048795
119,-15.773232741551698,0.0008723764575959799,-0.027345369541272525,0.003380719204980834,0.005719335811483896,0.009044256230963233,0.05908078563876843,0.03759555574027775,0.005434795155595609,0.011640530533961507,0.0027873159441992802,0.01650752465463014,0.028485992620328342,-0.025449373047991112,-0.08243386636700098,-0.0651151980608303,-0.0926149622686484,-0.10542350629005864,-0.03282029283006407,-0.0047377665424423,-0.11731715430993879,-0.10760762217810192,0.010707622915750701,-0.061370617580694405,0.1460707041453132,0.14703679737888603,0.11578770389543955,0.14981460383460743,0.15240445098120575,0.15608655758949166,0.15552554240126018,0.15552554240126018,0.1520893429794526,0.15896174182306777,0.1565885942988466,0.17330272949412934,0.17492216023758528,0.14160977600004188,0.10268271190299202,0.12056810267552463,0.09506647117126177,0.09699380740073,0.15912243365916376,0.19264793886232465,0.09878347675666507,0.09732245722020567,0.2110869667240661,0.10769344413539722,0.5663008958400904,0.566891827064925,0.5477776624632059,0.568590930747867,0.5701750651701857,0.5724273030416344,0.5720841463143023,0.5720841463143023,0.5699823227402026,0.5741859698883984,0.5690747942228214,0.5866175264352606,0.5868837060396059,0.5504826442916698,0.5104617621772434,0.5243651003407607,0.4882441877527468,0.46916202135393276,0.5649471985757817,0.6002359796497204,0.4837022486694905,0.48548751952302266,0.6196448092403832,0.5247296064042268,-0.3580217725704941
