gen_id,gen_type,time,Z_row_sum,Z_row_abs_sum,Z_row_norm,Z_k0,Z_k1,Z_k2,Z_k3
101_CT_1,THERMAL,2020-07-15 00:00:00,0.0,0.0,0.0,0.0,0.0,0.0,0.0
101_CT_2,THERMAL,2020-07-15 00:00:00,0.0,0.0,0.0,0.0,0.0,0.0,0.0
101_STEAM_3,THERMAL,2020-07-15 00:00:00,0.048640914202455914,0.0556002152851875,0.05075989955647293,0.001451666844742433,-0.001008775305645444,0.050668897899079274,-0.002470875235720349
101_STEAM_4,THERMAL,2020-07-15 00:00:00,-0.05658031954056668,0.05783705534705093,0.05350146941539545,-0.003845995404107655,-3.337737050855853e-06,-0.05335935430265029,0.0006283679032421252
102_CT_1,THERMAL,2020-07-15 00:00:00,0.0,0.0,0.0,0.0,0.0,0.0,0.0
102_CT_2,THERMAL,2020-07-15 00:00:00,0.0,0.0,0.0,0.0,0.0,0.0,0.0
102_STEAM_3,THERMAL,2020-07-15 00:00:00,-0.43813528109020616,0.43813528109020616,0.2281103969331633,-0.08140689797775091,-0.08204978301845689,-0.11553406463815552,-0.15914453545584284
102_STEAM_4,THERMAL,2020-07-15 00:00:00,-0.4380924435995738,0.4380924435995738,0.22808322336955764,-0.08140522404657147,-0.08209002970371904,-0.11545179919556636,-0.15914539065371694
107_CC_1,THERMAL,2020-07-15 00:00:00,2.462841054812587e-07,2.462841054812587e-07,1.3726010523379264e-07,5.4819185635324175e-08,5.4654200498660543e-08,1.1017571566185325e-07,2.66350036854207e-08
113_CT_1,THERMAL,2020-07-15 00:00:00,0.0,0.0,0.0,0.0,0.0,0.0,0.0
113_CT_2,THERMAL,2020-07-15 00:00:00,0.0,0.0,0.0,0.0,0.0,0.0,0.0
113_CT_3,THERMAL,2020-07-15 00:00:00,0.0,0.0,0.0,0.0,0.0,0.0,0.0
113_CT_4,THERMAL,2020-07-15 00:00:00,0.0,0.0,0.0,0.0,0.0,0.0,0.0
115_STEAM_1,THERMAL,2020-07-15 00:00:00,0.0,0.0,0.0,0.0,0.0,0.0,0.0
115_STEAM_2,THERMAL,2020-07-15 00:00:00,0.0,0.0,0.0,0.0,0.0,0.0,0.0
115_STEAM_3,THERMAL,2020-07-15 00:00:00,8.371563953929925e-08,3.8529586387297626e-07,2.572085646257015e-07,-4.732387182126985e-08,-9.47724576594311e-09,2.3450575170613774e-07,-9.398899457962553e-08
116_STEAM_1,THERMAL,2020-07-15 00:00:00,-0.3282092712068291,0.3282092712068291,0.1850736286901637,-0.03768911370252426,-0.06431461839189756,-0.07366334991417567,-0.1525421891982316
118_CC_1,THERMAL,2020-07-15 00:00:00,0.0,0.0,0.0,0.0,0.0,0.0,0.0
122_WIND_1,WIND,2020-07-15 00:00:00,1.0,1.0,1.0,1.0,0.0,0.0,0.0
123_CT_1,THERMAL,2020-07-15 00:00:00,0.0,0.0,0.0,0.0,0.0,0.0,0.0
123_CT_4,THERMAL,2020-07-15 00:00:00,0.0,0.0,0.0,0.0,0.0,0.0,0.0
123_CT_5,THERMAL,2020-07-15 00:00:00,0.0,0.0,0.0,0.0,0.0,0.0,0.0
123_STEAM_2,THERMAL,2020-07-15 00:00:00,-6.182915252871814e-08,1.1151199015046322e-07,8.018448766162062e-08,1.6906655742054966e-08,-9.240838760860015e-09,7.934763068817574e-09,-7.742973257873066e-08
123_STEAM_3,THERMAL,2020-07-15 00:00:00,-6.57586119794964e-06,6.57586119794964e-06,3.930623550583474e-06,-5.198765209435408e-07,-1.1361319780522905e-06,-3.404981569588017e-06,-1.5148711293657915e-06
201_CT_1,THERMAL,2020-07-15 00:00:00,0.0,0.0,0.0,0.0,0.0,0.0,0.0
201_CT_2,THERMAL,2020-07-15 00:00:00,0.0,0.0,0.0,0.0,0.0,0.0,0.0
201_STEAM_3,THERMAL,2020-07-15 00:00:00,6.267907814205446e-07,6.267907814205446e-07,3.3601889991187373e-07,1.3594363429403344e-07,9.628288971663679e-08,2.5776831691359803e-07,1.3679594049627634e-07
202_CT_1,THERMAL,2020-07-15 00:00:00,0.0,0.0,0.0,0.0,0.0,0.0,0.0
202_CT_2,THERMAL,2020-07-15 00:00:00,0.0,0.0,0.0,0.0,0.0,0.0,0.0
202_STEAM_3,THERMAL,2020-07-15 00:00:00,6.926342244962284e-07,6.926342244962284e-07,4.178220967209274e-07,1.0889147205330448e-07,1.0504810705334482e-07,3.7556142854384984e-07,1.0313321684572926e-07
202_STEAM_4,THERMAL,2020-07-15 00:00:00,2.392665949927309e-07,3.2583076844196965e-07,1.6908382824091427e-07,8.727147250129644e-08,9.357057011851306e-08,-4.328208672461937e-08,1.0170663909754079e-07
207_CT_1,THERMAL,2020-07-15 00:00:00,2.929005345293852e-13,2.929005345293852e-13,2.379806625061287e-13,2.92719951618128e-14,2.9276611622069874e-14,2.3435192774550253e-13,0.0
207_CT_2,THERMAL,2020-07-15 00:00:00,-1.604100477190729e-08,2.056962905659768e-08,1.80947229329897e-08,1.3032797442699133e-09,9.610323980752807e-10,-1.8019861031616117e-08,-2.854558826363683e-10
212_CSP_1,THERMAL,2020-07-15 00:00:00,-1.7611262960402678,1.7611262960402678,0.8805675247908152,-0.44086028486425666,-0.4422816043718536,-0.4391472586573304,-0.43883714814682706
213_CC_3,THERMAL,2020-07-15 00:00:00,0.0,0.0,0.0,0.0,0.0,0.0,0.0
213_CT_1,THERMAL,2020-07-15 00:00:00,0.0,0.0,0.0,0.0,0.0,0.0,0.0
213_CT_2,THERMAL,2020-07-15 00:00:00,0.0,0.0,0.0,0.0,0.0,0.0,0.0
215_CT_4,THERMAL,2020-07-15 00:00:00,0.0,0.0,0.0,0.0,0.0,0.0,0.0
215_CT_5,THERMAL,2020-07-15 00:00:00,0.0,0.0,0.0,0.0,0.0,0.0,0.0
216_STEAM_1,THERMAL,2020-07-15 00:00:00,-0.8814161957546109,0.8814161957546109,0.46039704341263493,-0.15049133053225927,-0.19770584161654803,-0.2030920589223939,-0.33012696468340974
218_CC_1,THERMAL,2020-07-15 00:00:00,1.1126254120776189e-13,1.1126254120776189e-13,1.1126254120776189e-13,1.1126254120776189e-13,0.0,0.0,0.0
221_CC_1,THERMAL,2020-07-15 00:00:00,1.7345721987743626e-07,2.2406794970669533e-07,1.187796181818702e-07,7.374206045795972e-08,7.2885207202944e-08,-2.5305364914629536e-08,5.213531713116207e-08
223_CT_4,THERMAL,2020-07-15 00:00:00,0.0,0.0,0.0,0.0,0.0,0.0,0.0
223_CT_5,THERMAL,2020-07-15 00:00:00,0.0,0.0,0.0,0.0,0.0,0.0,0.0
223_CT_6,THERMAL,2020-07-15 00:00:00,0.0,0.0,0.0,0.0,0.0,0.0,0.0
223_STEAM_1,THERMAL,2020-07-15 00:00:00,-0.012267969476882277,0.012267969476882277,0.006164057158123374,-0.0033347606893732746,-0.003329822754844348,-0.003011793824294619,-0.002591592208370036
223_STEAM_2,THERMAL,2020-07-15 00:00:00,-0.011611127525004903,0.011611127525004903,0.005833935389122752,-0.0031539812299183328,-0.0031528842599564556,-0.0028507858695561144,-0.002453476165574001
223_STEAM_3,THERMAL,2020-07-15 00:00:00,1.4347315834254935,1.4610807495348035,1.0921541786901257,0.002151488281084024,-0.01317458305465502,0.4512901001480536,0.9944645780510109
301_CT_1,THERMAL,2020-07-15 00:00:00,0.0,0.0,0.0,0.0,0.0,0.0,0.0
301_CT_2,THERMAL,2020-07-15 00:00:00,0.0,0.0,0.0,0.0,0.0,0.0,0.0
301_CT_3,THERMAL,2020-07-15 00:00:00,0.0,0.0,0.0,0.0,0.0,0.0,0.0
301_CT_4,THERMAL,2020-07-15 00:00:00,0.0,0.0,0.0,0.0,0.0,0.0,0.0
302_CT_1,THERMAL,2020-07-15 00:00:00,0.0,0.0,0.0,0.0,0.0,0.0,0.0
302_CT_2,THERMAL,2020-07-15 00:00:00,0.0,0.0,0.0,0.0,0.0,0.0,0.0
302_CT_3,THERMAL,2020-07-15 00:00:00,0.0,0.0,0.0,0.0,0.0,0.0,0.0
302_CT_4,THERMAL,2020-07-15 00:00:00,0.0,0.0,0.0,0.0,0.0,0.0,0.0
303_WIND_1,WIND,2020-07-15 00:00:00,1.0,1.0,1.0,0.0,1.0,0.0,0.0
307_CT_1,THERMAL,2020-07-15 00:00:00,0.0,0.0,0.0,0.0,0.0,0.0,0.0
307_CT_2,THERMAL,2020-07-15 00:00:00,0.0,0.0,0.0,0.0,0.0,0.0,0.0
309_WIND_1,WIND,2020-07-15 00:00:00,1.0,1.0,1.0,0.0,0.0,1.0,0.0
313_CC_1,THERMAL,2020-07-15 00:00:00,-1.5559288383901269,1.5559288383901269,0.9262298178603009,-0.20141546103002717,-0.11088787773163822,-0.4958461382445556,-0.7477793613839059
315_CT_6,THERMAL,2020-07-15 00:00:00,2.92362435197569e-13,2.92362435197569e-13,2.3753342344150207e-13,2.915431956196057e-14,2.929839611109534e-14,2.339097195245131e-13,0.0
315_CT_7,THERMAL,2020-07-15 00:00:00,3.279579455507735e-08,6.691781969920777e-08,5.119187389713539e-08,-1.0196768265543511e-09,-6.4074770739960494e-09,4.9856807127142566e-08,-9.633858671514816e-09
315_CT_8,THERMAL,2020-07-15 00:00:00,4.223609213402811e-08,8.881368575824697e-08,6.736952206675659e-08,3.660789175631929e-10,-1.4935594002765607e-08,6.515881002857435e-08,-8.353202809343821e-09
315_STEAM_1,THERMAL,2020-07-15 00:00:00,0.0,0.0,0.0,0.0,0.0,0.0,0.0
315_STEAM_2,THERMAL,2020-07-15 00:00:00,0.0,0.0,0.0,0.0,0.0,0.0,0.0
315_STEAM_3,THERMAL,2020-07-15 00:00:00,0.0,0.0,0.0,0.0,0.0,0.0,0.0
315_STEAM_4,THERMAL,2020-07-15 00:00:00,0.0,0.0,0.0,0.0,0.0,0.0,0.0
315_STEAM_5,THERMAL,2020-07-15 00:00:00,0.0,0.0,0.0,0.0,0.0,0.0,0.0
316_STEAM_1,THERMAL,2020-07-15 00:00:00,-1.5923716385335797e-07,3.1900616366121017e-07,1.687015667606473e-07,-3.4844909513331856e-08,-1.0203488465254651e-07,7.98844999039261e-08,-1.022418695914057e-07
317_WIND_1,WIND,2020-07-15 00:00:00,1.0,1.0,1.0,0.0,0.0,0.0,1.0
318_CC_1,THERMAL,2020-07-15 00:00:00,0.0,0.0,0.0,0.0,0.0,0.0,0.0
321_CC_1,THERMAL,2020-07-15 00:00:00,0.0,0.0,0.0,0.0,0.0,0.0,0.0
322_CT_5,THERMAL,2020-07-15 00:00:00,0.0,0.0,0.0,0.0,0.0,0.0,0.0
322_CT_6,THERMAL,2020-07-15 00:00:00,0.0,0.0,0.0,0.0,0.0,0.0,0.0
323_CC_1,THERMAL,2020-07-15 00:00:00,2.2978415924157506e-08,4.79378799552968e-08,2.5180307720895954e-08,7.160016495656699e-09,1.0498981619746781e-08,1.7799149824323674e-08,-1.2479732015569646e-08
323_CC_2,THERMAL,2020-07-15 00:00:00,-1.0218531317726472e-07,1.2875945369546662e-07,1.0309553350902269e-07,1.101280364195076e-08,2.27426661715018e-09,-1.0152716812069323e-07,-1.3945215315672435e-08
101_CT_1,THERMAL,2020-07-15 01:00:00,0.0,0.0,0.0,0.0,0.0,0.0,0.0
101_CT_2,THERMAL,2020-07-15 01:00:00,0.0,0.0,0.0,0.0,0.0,0.0,0.0
101_STEAM_3,THERMAL,2020-07-15 01:00:00,-0.004086110378308111,0.004086110378308111,0.0025412834479142795,-6.216936771089466e-05,-0.0021432875341524877,-0.0007256801343868461,-0.001154973342057883
101_STEAM_4,THERMAL,2020-07-15 01:00:00,-0.0024315498680912316,0.00505487811856065,0.0027991852320770894,-0.0019616889689625617,0.0013116641252347093,-0.0014737873267843212,-0.00030773769757905765
102_CT_1,THERMAL,2020-07-15 01:00:00,0.0,0.0,0.0,0.0,0.0,0.0,0.0
102_CT_2,THERMAL,2020-07-15 01:00:00,0.0,0.0,0.0,0.0,0.0,0.0,0.0
102_STEAM_3,THERMAL,2020-07-15 01:00:00,-0.3807667719974213,0.3807667719974213,0.19887940715236702,-0.06987342848079509,-0.07010874008616341,-0.10081074763282594,-0.13997385579763688
102_STEAM_4,THERMAL,2020-07-15 01:00:00,-0.38057495695707066,0.38057495695707066,0.198784777383419,-0.06987401936975307,-0.07010408504116211,-0.10061335998573595,-0.13998349256041953
107_CC_1,THERMAL,2020-07-15 01:00:00,3.6139205357367225e-07,3.6139205357367225e-07,3.00700934260107e-07,2.1716224374301873e-08,1.6035809125014566e-08,2.984232292391198e-07,2.5216790835236034e-08
113_CT_1,THERMAL,2020-07-15 01:00:00,0.0,0.0,0.0,0.0,0.0,0.0,0.0
113_CT_2,THERMAL,2020-07-15 01:00:00,0.0,0.0,0.0,0.0,0.0,0.0,0.0
113_CT_3,THERMAL,2020-07-15 01:00:00,0.0,0.0,0.0,0.0,0.0,0.0,0.0
113_CT_4,THERMAL,2020-07-15 01:00:00,0.0,0.0,0.0,0.0,0.0,0.0,0.0
115_STEAM_1,THERMAL,2020-07-15 01:00:00,0.0,0.0,0.0,0.0,0.0,0.0,0.0
115_STEAM_2,THERMAL,2020-07-15 01:00:00,0.0,0.0,0.0,0.0,0.0,0.0,0.0
115_STEAM_3,THERMAL,2020-07-15 01:00:00,1.3275515465315433e-07,4.896301708462539e-07,3.3052286931761523e-07,-3.3546236233306104e-08,-9.22244566270436e-08,3.1119266274970414e-07,-5.2666815236200095e-08
116_STEAM_1,THERMAL,2020-07-15 01:00:00,-1.3993074826051956e-06,1.3993074826051956e-06,8.121418287592602e-07,-7.124716172590695e-08,-2.5868351938296286e-07,-6.235637544094175e-07,-4.458130470869084e-07
118_CC_1,THERMAL,2020-07-15 01:00:00,0.0,0.0,0.0,0.0,0.0,0.0,0.0
122_WIND_1,WIND,2020-07-15 01:00:00,1.0,1.0,1.0,1.0,0.0,0.0,0.0
123_CT_1,THERMAL,2020-07-15 01:00:00,0.0,0.0,0.0,0.0,0.0,0.0,0.0
123_CT_4,THERMAL,2020-07-15 01:00:00,0.0,0.0,0.0,0.0,0.0,0.0,0.0
123_CT_5,THERMAL,2020-07-15 01:00:00,0.0,0.0,0.0,0.0,0.0,0.0,0.0
123_STEAM_2,THERMAL,2020-07-15 01:00:00,-2.913567400334056e-07,3.603003357546992e-07,2.773200178437624e-07,3.44717978606468e-08,-1.0059214128332883e-08,-2.7137864133663925e-07,-4.4390682429080304e-08
123_STEAM_3,THERMAL,2020-07-15 01:00:00,-1.2724674186739442e-07,8.107717935375252e-07,4.5800037724688315e-07,-6.516036421544413e-08,-1.4205008325163249e-07,3.417625258350654e-07,-2.617988202353832e-07
201_CT_1,THERMAL,2020-07-15 01:00:00,0.0,0.0,0.0,0.0,0.0,0.0,0.0
201_CT_2,THERMAL,2020-07-15 01:00:00,0.0,0.0,0.0,0.0,0.0,0.0,0.0
201_STEAM_3,THERMAL,2020-07-15 01:00:00,2.3202943968407664e-07,3.317291255245253e-07,1.7057687082048425e-07,9.465172090550311e-08,1.0153318169559e-07,-4.984984292022432e-08,8.569438000320783e-08
202_CT_1,THERMAL,2020-07-15 01:00:00,0.0,0.0,0.0,0.0,0.0,0.0,0.0
202_CT_2,THERMAL,2020-07-15 01:00:00,0.0,0.0,0.0,0.0,0.0,0.0,0.0
202_STEAM_3,THERMAL,2020-07-15 01:00:00,3.040663584138542e-07,3.040663584138542e-07,1.6082262403702037e-07,7.671158141658372e-08,1.1847974997783906e-07,5.7168151683058424e-08,5.170687533637302e-08
202_STEAM_4,THERMAL,2020-07-15 01:00:00,3.345499479537827e-07,3.345499479537827e-07,1.8727564714300431e-07,1.193636810542014e-07,1.2644072692166264e-07,2.316738387413821e-08,6.557815610378047e-08
207_CT_1,THERMAL,2020-07-15 01:00:00,5.274502378516607e-13,5.274502378516607e-13,4.706907920440182e-13,2.935712351322216e-14,2.92288989404362e-14,4.688642153980023e-13,0.0
207_CT_2,THERMAL,2020-07-15 01:00:00,-2.046419213607234e-08,2.4523815047125392e-08,2.1674195162542524e-08,-3.9998525885443277e-10,2.0298114555265253e-09,-2.1568838621079e-08,-5.251797116654319e-10
212_CSP_1,THERMAL,2020-07-15 01:00:00,-1.4675535495247207,1.4675535495247207,0.7337845669171833,-0.3650479872282282,-0.36634058278106263,-0.36651779464165557,-0.3696471848737743
213_CC_3,THERMAL,2020-07-15 01:00:00,0.0,0.0,0.0,0.0,0.0,0.0,0.0
213_CT_1,THERMAL,2020-07-15 01:00:00,0.0,0.0,0.0,0.0,0.0,0.0,0.0
213_CT_2,THERMAL,2020-07-15 01:00:00,0.0,0.0,0.0,0.0,0.0,0.0,0.0
215_CT_4,THERMAL,2020-07-15 01:00:00,0.0,0.0,0.0,0.0,0.0,0.0,0.0
215_CT_5,THERMAL,2020-07-15 01:00:00,0.0,0.0,0.0,0.0,0.0,0.0,0.0
216_STEAM_1,THERMAL,2020-07-15 01:00:00,-0.36062207432831567,0.36062207432831567,0.18959953629925866,-0.05863596954554562,-0.08475935337302087,-0.07918610525620196,-0.13804064615354722
218_CC_1,THERMAL,2020-07-15 01:00:00,1.1191048088221578e-13,1.1191048088221578e-13,1.1191048088221578e-13,0.0,0.0,1.1191048088221578e-13,0.0
221_CC_1,THERMAL,2020-07-15 01:00:00,1.6057720801468097e-07,1.6057720801468097e-07,8.27355474208945e-08,4.742615478114942e-08,4.548081911082136e-08,4.473914039238025e-08,2.2931093730329934e-08
223_CT_4,THERMAL,2020-07-15 01:00:00,0.0,0.0,0.0,0.0,0.0,0.0,0.0
223_CT_5,THERMAL,2020-07-15 01:00:00,0.0,0.0,0.0,0.0,0.0,0.0,0.0
223_CT_6,THERMAL,2020-07-15 01:00:00,0.0,0.0,0.0,0.0,0.0,0.0,0.0
223_STEAM_1,THERMAL,2020-07-15 01:00:00,-0.8102389068454617,0.8102389068454617,0.42665824399833124,-0.2565955825533019,-0.27003707216399997,-0.18091636372011632,-0.1026898884080435
223_STEAM_2,THERMAL,2020-07-15 01:00:00,-0.8101318129620676,0.8101318129620676,0.4266108230703387,-0.2565939951451917,-0.2700368902408494,-0.18080175030330525,-0.10269917727272132
223_STEAM_3,THERMAL,2020-07-15 01:00:00,1.6424440748993039,1.6424440748993039,0.8988552845986181,0.2644642686106482,0.22354968370078065,0.4731224145141333,0.6813077080737419
301_CT_1,THERMAL,2020-07-15 01:00:00,0.0,0.0,0.0,0.0,0.0,0.0,0.0
301_CT_2,THERMAL,2020-07-15 01:00:00,0.0,0.0,0.0,0.0,0.0,0.0,0.0
301_CT_3,THERMAL,2020-07-15 01:00:00,0.0,0.0,0.0,0.0,0.0,0.0,0.0
301_CT_4,THERMAL,2020-07-15 01:00:00,0.0,0.0,0.0,0.0,0.0,0.0,0.0
302_CT_1,THERMAL,2020-07-15 01:00:00,0.0,0.0,0.0,0.0,0.0,0.0,0.0
302_CT_2,THERMAL,2020-07-15 01:00:00,0.0,0.0,0.0,0.0,0.0,0.0,0.0
302_CT_3,THERMAL,2020-07-15 01:00:00,0.0,0.0,0.0,0.0,0.0,0.0,0.0
302_CT_4,THERMAL,2020-07-15 01:00:00,0.0,0.0,0.0,0.0,0.0,0.0,0.0
303_WIND_1,WIND,2020-07-15 01:00:00,1.0,1.0,1.0,0.0,1.0,0.0,0.0
307_CT_1,THERMAL,2020-07-15 01:00:00,0.0,0.0,0.0,0.0,0.0,0.0,0.0
307_CT_2,THERMAL,2020-07-15 01:00:00,0.0,0.0,0.0,0.0,0.0,0.0,0.0
309_WIND_1,WIND,2020-07-15 01:00:00,1.0,1.0,1.0,0.0,0.0,1.0,0.0
313_CC_1,THERMAL,2020-07-15 01:00:00,-1.4260375311685776,1.4260375311685776,0.8532837449390738,-0.1858196749884038,-0.0913312649985305,-0.46207648977225624,-0.6868101014093869
315_CT_6,THERMAL,2020-07-15 01:00:00,5.269209316275997e-13,5.269209316275997e-13,4.703676214849306e-13,2.919562633483264e-14,2.917187566664925e-14,4.685534296261179e-13,0.0
315_CT_7,THERMAL,2020-07-15 01:00:00,-6.75971458026772e-08,1.0868952222492301e-07,8.474317913281418e-08,3.734737556336688e-09,1.6811450654786216e-08,-8.280285344799068e-08,-5.340480565809425e-09
315_CT_8,THERMAL,2020-07-15 01:00:00,-8.061449853870597e-08,1.1925790748465132e-07,9.713867415167307e-08,2.8595948603590524e-09,1.6462109612613615e-08,-9.559222530063725e-08,-4.343977711041386e-09
315_STEAM_1,THERMAL,2020-07-15 01:00:00,0.0,0.0,0.0,0.0,0.0,0.0,0.0
315_STEAM_2,THERMAL,2020-07-15 01:00:00,0.0,0.0,0.0,0.0,0.0,0.0,0.0
315_STEAM_3,THERMAL,2020-07-15 01:00:00,0.0,0.0,0.0,0.0,0.0,0.0,0.0
315_STEAM_4,THERMAL,2020-07-15 01:00:00,0.0,0.0,0.0,0.0,0.0,0.0,0.0
315_STEAM_5,THERMAL,2020-07-15 01:00:00,0.0,0.0,0.0,0.0,0.0,0.0,0.0
316_STEAM_1,THERMAL,2020-07-15 01:00:00,-2.4617300298601567e-07,2.4617300298601567e-07,1.7569147175933258e-07,-3.656404290452997e-09,-1.4120865254874104e-08,-1.6201219299460945e-07,-6.638354044607912e-08
317_WIND_1,WIND,2020-07-15 01:00:00,1.0,1.0,1.0,0.0,0.0,0.0,1.0
318_CC_1,THERMAL,2020-07-15 01:00:00,0.0,0.0,0.0,0.0,0.0,0.0,0.0
321_CC_1,THERMAL,2020-07-15 01:00:00,0.0,0.0,0.0,0.0,0.0,0.0,0.0
322_CT_5,THERMAL,2020-07-15 01:00:00,0.0,0.0,0.0,0.0,0.0,0.0,0.0
322_CT_6,THERMAL,2020-07-15 01:00:00,0.0,0.0,0.0,0.0,0.0,0.0,0.0
323_CC_1,THERMAL,2020-07-15 01:00:00,-6.792755794629801e-08,1.0452337747641308e-07,7.565543191738962e-08,1.2773182654298087e-08,5.5247271107594365e-09,-7.321798200959061e-08,-1.3007485701764935e-08
323_CC_2,THERMAL,2020-07-15 01:00:00,-3.553961700639672e-08,5.0218497054651336e-08,3.400206495409364e-08,7.3394400241273075e-09,-3.2663527343634588e-09,-3.219628375123751e-08,-7.416420544923058e-09
101_CT_1,THERMAL,2020-07-15 02:00:00,0.0,0.0,0.0,0.0,0.0,0.0,0.0
101_CT_2,THERMAL,2020-07-15 02:00:00,0.0,0.0,0.0,0.0,0.0,0.0,0.0
101_STEAM_3,THERMAL,2020-07-15 02:00:00,-5.007242650660042e-10,7.021482349697913e-08,3.843303007034219e-08,-2.6226114105454413e-08,-9.131659775568146e-09,2.4442602619570976e-08,1.0414446996385581e-08
101_STEAM_4,THERMAL,2020-07-15 02:00:00,-4.2216713517781306e-08,6.622900414887581e-08,3.5911289185748554e-08,-2.831084338623655e-08,-1.0924623941583256e-08,-1.4987391505508753e-08,1.200614531554725e-08
102_CT_1,THERMAL,2020-07-15 02:00:00,0.0,0.0,0.0,0.0,0.0,0.0,0.0
102_CT_2,THERMAL,2020-07-15 02:00:00,0.0,0.0,0.0,0.0,0.0,0.0,0.0
102_STEAM_3,THERMAL,2020-07-15 02:00:00,0.21212240537163127,0.3724791978170865,0.3017195757008348,-0.0028158238429850657,-0.002663713521333211,0.2923008015943589,-0.07469885885840935
102_STEAM_4,THERMAL,2020-07-15 02:00:00,-0.368687198044284,0.40851922456855777,0.33161510501834174,-0.02908383572274076,-0.031268997710473034,-0.3282503778732071,0.019916013262136868
107_CC_1,THERMAL,2020-07-15 02:00:00,3.126821903833424e-07,3.126821903833424e-07,2.1550271655931952e-07,6.477498470935927e-08,2.0860364546848587e-08,2.0306484493914922e-07,2.3981996187985342e-08
113_CT_1,THERMAL,2020-07-15 02:00:00,0.0,0.0,0.0,0.0,0.0,0.0,0.0
113_CT_2,THERMAL,2020-07-15 02:00:00,0.0,0.0,0.0,0.0,0.0,0.0,0.0
113_CT_3,THERMAL,2020-07-15 02:00:00,0.0,0.0,0.0,0.0,0.0,0.0,0.0
113_CT_4,THERMAL,2020-07-15 02:00:00,0.0,0.0,0.0,0.0,0.0,0.0,0.0
115_STEAM_1,THERMAL,2020-07-15 02:00:00,0.0,0.0,0.0,0.0,0.0,0.0,0.0
115_STEAM_2,THERMAL,2020-07-15 02:00:00,0.0,0.0,0.0,0.0,0.0,0.0,0.0
115_STEAM_3,THERMAL,2020-07-15 02:00:00,-1.9148923911748365e-07,2.288210552003809e-07,1.6590215978054022e-07,1.67199335487922e-08,1.9459744926564326e-09,-1.5585941426365935e-07,-5.429573289527292e-08
116_STEAM_1,THERMAL,2020-07-15 02:00:00,-9.25608942005638e-07,9.25608942005638e-07,4.96586442263205e-07,-9.36477559942972e-08,-2.1581494469291584e-07,-3.348500392519327e-07,-2.8129620206649224e-07
118_CC_1,THERMAL,2020-07-15 02:00:00,0.0,0.0,0.0,0.0,0.0,0.0,0.0
122_WIND_1,WIND,2020-07-15 02:00:00,1.0,1.0,1.0,1.0,0.0,0.0,0.0
123_CT_1,THERMAL,2020-07-15 02:00:00,0.0,0.0,0.0,0.0,0.0,0.0,0.0
123_CT_4,THERMAL,2020-07-15 02:00:00,0.0,0.0,0.0,0.0,0.0,0.0,0.0
123_CT_5,THERMAL,2020-07-15 02:00:00,0.0,0.0,0.0,0.0,0.0,0.0,0.0
123_STEAM_2,THERMAL,2020-07-15 02:00:00,2.864127829616286e-07,4.237199199019465e-07,3.517531538688053e-07,8.187352129596093e-09,-5.6480250476553806e-08,3.4687899930219146e-07,-1.217331799360515e-08
123_STEAM_3,THERMAL,2020-07-15 02:00:00,-3.616953079423519e-07,3.616953079423519e-07,2.1429567166604707e-07,-1.3244520591371156e-08,-6.960558796009764e-08,-1.0760313173818759e-07,-1.7124206765269553e-07
201_CT_1,THERMAL,2020-07-15 02:00:00,0.0,0.0,0.0,0.0,0.0,0.0,0.0
201_CT_2,THERMAL,2020-07-15 02:00:00,0.0,0.0,0.0,0.0,0.0,0.0,0.0
201_STEAM_3,THERMAL,2020-07-15 02:00:00,-2.715254473600567e-07,8.796842331121638e-07,6.022360828600031e-07,1.1366664942613625e-07,1.0783082754484141e-07,-5.756048402361102e-07,8.25819159050759e-08
202_CT_1,THERMAL,2020-07-15 02:00:00,0.0,0.0,0.0,0.0,0.0,0.0,0.0
202_CT_2,THERMAL,2020-07-15 02:00:00,0.0,0.0,0.0,0.0,0.0,0.0,0.0
202_STEAM_3,THERMAL,2020-07-15 02:00:00,4.753946318852224e-07,4.753946318852224e-07,2.5818707685484354e-07,1.0231634032576808e-07,7.399038741308437e-08,2.0427314229338689e-07,9.48147618529831e-08
202_STEAM_4,THERMAL,2020-07-15 02:00:00,5.612956775549881e-07,5.612956775549881e-07,3.0785162502494815e-07,1.1787000549711335e-07,8.567911698285849e-08,2.47964068941387e-07,1.0978248613362919e-07
207_CT_1,THERMAL,2020-07-15 02:00:00,5.271607153664336e-13,5.271607153664336e-13,4.703832411522343e-13,2.928942284340266e-14,2.9317100474616346e-14,4.685541920484146e-13,0.0
207_CT_2,THERMAL,2020-07-15 02:00:00,-1.3483594893211198e-08,1.673181250351153e-08,1.3382451379278019e-08,3.8935851035897174e-10,1.234750294791193e-09,-1.3179349207633686e-08,-1.9283544907276764e-09
212_CSP_1,THERMAL,2020-07-15 02:00:00,-1.259105198370356,1.259105198370356,0.6295635868087051,-0.3127949132830047,-0.31393374352203285,-0.31457402530791434,-0.31780251625740424
213_CC_3,THERMAL,2020-07-15 02:00:00,2.311946080149861e-13,2.311946080149861e-13,2.311946080149861e-13,2.311946080149861e-13,0.0,0.0,0.0
213_CT_1,THERMAL,2020-07-15 02:00:00,0.0,0.0,0.0,0.0,0.0,0.0,0.0
213_CT_2,THERMAL,2020-07-15 02:00:00,0.0,0.0,0.0,0.0,0.0,0.0,0.0
215_CT_4,THERMAL,2020-07-15 02:00:00,0.0,0.0,0.0,0.0,0.0,0.0,0.0
215_CT_5,THERMAL,2020-07-15 02:00:00,0.0,0.0,0.0,0.0,0.0,0.0,0.0
216_STEAM_1,THERMAL,2020-07-15 02:00:00,-0.44200689912049695,0.44200689912049695,0.22876405072554307,-0.07759845712784297,-0.10930440601172264,-0.09734454709929796,-0.1577594888816334
218_CC_1,THERMAL,2020-07-15 02:00:00,0.0,0.0,0.0,0.0,0.0,0.0,0.0
221_CC_1,THERMAL,2020-07-15 02:00:00,3.447578224894232e-07,3.447578224894232e-07,2.2739491420051195e-07,5.7707460809908184e-08,3.1220555474220646e-08,2.1358615853728224e-07,4.2243647668012164e-08
223_CT_4,THERMAL,2020-07-15 02:00:00,0.0,0.0,0.0,0.0,0.0,0.0,0.0
223_CT_5,THERMAL,2020-07-15 02:00:00,0.0,0.0,0.0,0.0,0.0,0.0,0.0
223_CT_6,THERMAL,2020-07-15 02:00:00,0.0,0.0,0.0,0.0,0.0,0.0,0.0
223_STEAM_1,THERMAL,2020-07-15 02:00:00,-0.668874191898239,0.668874191898239,0.37143239286823876,-0.2318540676654148,-0.24945190629649402,-0.14062715559179284,-0.04694106234453746
223_STEAM_2,THERMAL,2020-07-15 02:00:00,-0.6688757996975869,0.6688757996975869,0.3714149363969343,-0.23183443590286248,-0.2494407798077584,-0.1406199306140039,-0.046980653372962165
223_STEAM_3,THERMAL,2020-07-15 02:00:00,0.4903133327582936,0.4903133327582936,0.29083472794435294,0.06043030320403475,0.04223747669288436,0.14902056850991663,0.23862498435145788
301_CT_1,THERMAL,2020-07-15 02:00:00,0.0,0.0,0.0,0.0,0.0,0.0,0.0
301_CT_2,THERMAL,2020-07-15 02:00:00,0.0,0.0,0.0,0.0,0.0,0.0,0.0
301_CT_3,THERMAL,2020-07-15 02:00:00,0.0,0.0,0.0,0.0,0.0,0.0,0.0
301_CT_4,THERMAL,2020-07-15 02:00:00,0.0,0.0,0.0,0.0,0.0,0.0,0.0
302_CT_1,THERMAL,2020-07-15 02:00:00,0.0,0.0,0.0,0.0,0.0,0.0,0.0
302_CT_2,THERMAL,2020-07-15 02:00:00,0.0,0.0,0.0,0.0,0.0,0.0,0.0
302_CT_3,THERMAL,2020-07-15 02:00:00,0.0,0.0,0.0,0.0,0.0,0.0,0.0
302_CT_4,THERMAL,2020-07-15 02:00:00,0.0,0.0,0.0,0.0,0.0,0.0,0.0
303_WIND_1,WIND,2020-07-15 02:00:00,1.0,1.0,1.0,0.0,1.0,0.0,0.0
307_CT_1,THERMAL,2020-07-15 02:00:00,0.0,0.0,0.0,0.0,0.0,0.0,0.0
307_CT_2,THERMAL,2020-07-15 02:00:00,0.0,0.0,0.0,0.0,0.0,0.0,0.0
309_WIND_1,WIND,2020-07-15 02:00:00,1.0,1.0,1.0,0.0,0.0,1.0,0.0
313_CC_1,THERMAL,2020-07-15 02:00:00,-1.2948866140388895,1.2948866140388895,0.7691651601789949,-0.17444908162765072,-0.08617383489265595,-0.41990547957393076,-0.6143582179446522
315_CT_6,THERMAL,2020-07-15 02:00:00,5.276063813105374e-13,5.276063813105374e-13,4.706574957316865e-13,2.9351603841426145e-14,2.9436640175403006e-14,4.688181372937083e-13,0.0
315_CT_7,THERMAL,2020-07-15 02:00:00,1.5824717364184976e-08,1.687462445146014e-08,1.3384441453289003e-08,1.4185043065914255e-09,-5.249535436375821e-10,1.3183348348641977e-08,1.747818252589154e-09
315_CT_8,THERMAL,2020-07-15 02:00:00,1.681018652943786e-08,1.8343081890007055e-08,1.4647581763861881e-08,1.306559437428254e-09,-7.664476802845962e-10,1.4455616685975976e-08,1.8144580863182292e-09
315_STEAM_1,THERMAL,2020-07-15 02:00:00,0.0,0.0,0.0,0.0,0.0,0.0,0.0
315_STEAM_2,THERMAL,2020-07-15 02:00:00,0.0,0.0,0.0,0.0,0.0,0.0,0.0
315_STEAM_3,THERMAL,2020-07-15 02:00:00,0.0,0.0,0.0,0.0,0.0,0.0,0.0
315_STEAM_4,THERMAL,2020-07-15 02:00:00,0.0,0.0,0.0,0.0,0.0,0.0,0.0
315_STEAM_5,THERMAL,2020-07-15 02:00:00,0.0,0.0,0.0,0.0,0.0,0.0,0.0
316_STEAM_1,THERMAL,2020-07-15 02:00:00,-1.4372778930892128e-08,2.172948509654314e-07,1.2386297005696032e-07,-1.9840352027955532e-08,-5.28279575640056e-08,1.0146103601726963e-07,-4.316550535620063e-08
317_WIND_1,WIND,2020-07-15 02:00:00,1.0,1.0,1.0,0.0,0.0,0.0,1.0
318_CC_1,THERMAL,2020-07-15 02:00:00,0.0,0.0,0.0,0.0,0.0,0.0,0.0
321_CC_1,THERMAL,2020-07-15 02:00:00,0.0,0.0,0.0,0.0,0.0,0.0,0.0
322_CT_5,THERMAL,2020-07-15 02:00:00,0.0,0.0,0.0,0.0,0.0,0.0,0.0
322_CT_6,THERMAL,2020-07-15 02:00:00,0.0,0.0,0.0,0.0,0.0,0.0,0.0
323_CC_1,THERMAL,2020-07-15 02:00:00,2.255117838385765e-09,3.765624512545679e-08,2.112873534087419e-08,3.4990717728897917e-09,-7.019302020123705e-09,1.6456609709031485e-08,-1.0681261623411806e-08
323_CC_2,THERMAL,2020-07-15 02:00:00,-3.148773918696104e-08,5.30614533930194e-08,3.874769224318459e-08,5.382551663817495e-09,5.404305439211684e-09,-3.7714911494596466e-08,-4.559684795393755e-09
101_CT_1,THERMAL,2020-07-15 03:00:00,0.0,0.0,0.0,0.0,0.0,0.0,0.0
101_CT_2,THERMAL,2020-07-15 03:00:00,0.0,0.0,0.0,0.0,0.0,0.0,0.0
101_STEAM_3,THERMAL,2020-07-15 03:00:00,-5.498486540589863e-08,5.738964273255027e-08,4.1750393448175756e-08,-1.5639347343490303e-08,-1.902861134449796e-09,-3.864504559128435e-08,1.2023886633258158e-09
101_STEAM_4,THERMAL,2020-07-15 03:00:00,-3.445525673947907e-08,3.445525673947907e-08,2.356214906039836e-08,-1.244581304827615e-08,-1.9477252569575443e-09,-1.991131211584473e-08,-1.5040631840064489e-10
102_CT_1,THERMAL,2020-07-15 03:00:00,0.0,0.0,0.0,0.0,0.0,0.0,0.0
102_CT_2,THERMAL,2020-07-15 03:00:00,0.0,0.0,0.0,0.0,0.0,0.0,0.0
102_STEAM_3,THERMAL,2020-07-15 03:00:00,-0.22404729365825898,0.22404729365825898,0.1342058456984444,-0.04470434535692506,-0.02150299932911709,-0.11824952317357385,-0.03959042579864299
102_STEAM_4,THERMAL,2020-07-15 03:00:00,-0.021510677463371194,0.1565551493087803,0.08956398672150186,0.008073069608538258,-0.029368848695578043,0.0594491663141663,-0.05966406469049771
107_CC_1,THERMAL,2020-07-15 03:00:00,6.38650019710178e-08,1.1512198818201908e-07,5.81273602895412e-08,3.527270992054091e-08,2.9092754649795438e-08,-2.5628493105500638e-08,2.51280305061821e-08
113_CT_1,THERMAL,2020-07-15 03:00:00,0.0,0.0,0.0,0.0,0.0,0.0,0.0
113_CT_2,THERMAL,2020-07-15 03:00:00,0.0,0.0,0.0,0.0,0.0,0.0,0.0
113_CT_3,THERMAL,2020-07-15 03:00:00,0.0,0.0,0.0,0.0,0.0,0.0,0.0
113_CT_4,THERMAL,2020-07-15 03:00:00,0.0,0.0,0.0,0.0,0.0,0.0,0.0
115_STEAM_1,THERMAL,2020-07-15 03:00:00,0.0,0.0,0.0,0.0,0.0,0.0,0.0
115_STEAM_2,THERMAL,2020-07-15 03:00:00,0.0,0.0,0.0,0.0,0.0,0.0,0.0
115_STEAM_3,THERMAL,2020-07-15 03:00:00,-9.667904172646816e-08,1.5917183133625973e-07,8.755915474143639e-08,-2.2253530045572137e-08,-3.534634374080525e-08,3.124639480489577e-08,-7.032556274498655e-08
116_STEAM_1,THERMAL,2020-07-15 03:00:00,-9.56265059406802e-07,9.56265059406802e-07,5.527386930138503e-07,-5.934505153959435e-08,-1.5672193853788485e-07,-4.118714578282834e-07,-3.2832661150103943e-07
118_CC_1,THERMAL,2020-07-15 03:00:00,5.695358032368624e-13,5.695358032368624e-13,5.695358032368624e-13,5.695358032368624e-13,0.0,0.0,0.0
122_WIND_1,WIND,2020-07-15 03:00:00,1.0,1.0,1.0,1.0,0.0,0.0,0.0
123_CT_1,THERMAL,2020-07-15 03:00:00,0.0,0.0,0.0,0.0,0.0,0.0,0.0
123_CT_4,THERMAL,2020-07-15 03:00:00,0.0,0.0,0.0,0.0,0.0,0.0,0.0
123_CT_5,THERMAL,2020-07-15 03:00:00,0.0,0.0,0.0,0.0,0.0,0.0,0.0
123_STEAM_2,THERMAL,2020-07-15 03:00:00,1.639380227487599e-07,2.1577637517574223e-07,1.8420843176031226e-07,6.687075448930102e-09,-1.3605094828506026e-08,1.8317012351332096e-07,-1.2314081384985153e-08
123_STEAM_3,THERMAL,2020-07-15 03:00:00,-5.294601006928151e-07,5.294601006928151e-07,2.980296256528712e-07,-7.510585875447617e-08,-9.238750697804221e-08,-1.1339876238025681e-07,-2.485679725800399e-07
201_CT_1,THERMAL,2020-07-15 03:00:00,0.0,0.0,0.0,0.0,0.0,0.0,0.0
201_CT_2,THERMAL,2020-07-15 03:00:00,0.0,0.0,0.0,0.0,0.0,0.0,0.0
201_STEAM_3,THERMAL,2020-07-15 03:00:00,3.0009053753148255e-07,4.22939028022861e-07,2.1878041467598655e-07,1.1438211828442686e-07,1.3891862896249307e-07,-6.142424524568924e-08,1.0821403553025188e-07
202_CT_1,THERMAL,2020-07-15 03:00:00,0.0,0.0,0.0,0.0,0.0,0.0,0.0
202_CT_2,THERMAL,2020-07-15 03:00:00,0.0,0.0,0.0,0.0,0.0,0.0,0.0
202_STEAM_3,THERMAL,2020-07-15 03:00:00,4.835604711154193e-07,4.835604711154193e-07,2.631737185992061e-07,1.1156205750547895e-07,8.994530198493639e-08,2.0791144666478446e-07,7.414166496021949e-08
202_STEAM_4,THERMAL,2020-07-15 03:00:00,4.227522520663802e-07,4.227522520663802e-07,2.249116748718726e-07,8.275065841215382e-08,6.062284674188983e-08,1.6245138529367508e-07,1.1692736161866144e-07
207_CT_1,THERMAL,2020-07-15 03:00:00,2.9527047549196495e-13,2.9527047549196495e-13,2.3838368573560835e-13,3.1543799101570235e-14,2.9257562424115494e-14,2.344691139662792e-13,0.0
207_CT_2,THERMAL,2020-07-15 03:00:00,-1.7805442846813905e-08,2.15840618360851e-08,1.9090778291618585e-08,4.766817608138672e-10,1.4126277338217295e-09,-1.9020528253535904e-08,-6.742240879135974e-10
212_CSP_1,THERMAL,2020-07-15 03:00:00,-1.2247168268068744,1.2247168268068744,0.6123633382066871,-0.30491313551401017,-0.3057263818133951,-0.3058668558725053,-0.308210453606964
213_CC_3,THERMAL,2020-07-15 03:00:00,0.0,0.0,0.0,0.0,0.0,0.0,0.0
213_CT_1,THERMAL,2020-07-15 03:00:00,0.0,0.0,0.0,0.0,0.0,0.0,0.0
213_CT_2,THERMAL,2020-07-15 03:00:00,0.0,0.0,0.0,0.0,0.0,0.0,0.0
215_CT_4,THERMAL,2020-07-15 03:00:00,0.0,0.0,0.0,0.0,0.0,0.0,0.0
215_CT_5,THERMAL,2020-07-15 03:00:00,0.0,0.0,0.0,0.0,0.0,0.0,0.0
216_STEAM_1,THERMAL,2020-07-15 03:00:00,-0.5195331977999158,0.5195331977999158,0.26700208733411906,-0.09609564827517869,-0.12906455756641544,-0.11501234636889102,-0.17936064558943068
218_CC_1,THERMAL,2020-07-15 03:00:00,0.0,0.0,0.0,0.0,0.0,0.0,0.0
221_CC_1,THERMAL,2020-07-15 03:00:00,2.049610706998468e-07,2.049610706998468e-07,1.1355881157722439e-07,4.582157919763574e-08,3.654424385324262e-08,9.248822685492541e-08,3.010702079404302e-08
223_CT_4,THERMAL,2020-07-15 03:00:00,0.0,0.0,0.0,0.0,0.0,0.0,0.0
223_CT_5,THERMAL,2020-07-15 03:00:00,0.0,0.0,0.0,0.0,0.0,0.0,0.0
223_CT_6,THERMAL,2020-07-15 03:00:00,0.0,0.0,0.0,0.0,0.0,0.0,0.0
223_STEAM_1,THERMAL,2020-07-15 03:00:00,-0.6384522723381367,0.6384522723381367,0.3561094333023355,-0.22538604620546365,-0.23626715382666869,-0.13616947806887916,-0.040629594237125144
223_STEAM_2,THERMAL,2020-07-15 03:00:00,-0.63850100271674,0.63850100271674,0.35610291807502215,-0.22538430666456893,-0.23621598488780743,-0.13623257114996276,-0.04066814001440093
223_STEAM_3,THERMAL,2020-07-15 03:00:00,0.5359265021610109,0.5359265021610109,0.3234197021277245,0.05902037128701476,0.0452270748549215,0.16153479757637612,0.2701442584426985
301_CT_1,THERMAL,2020-07-15 03:00:00,0.0,0.0,0.0,0.0,0.0,0.0,0.0
301_CT_2,THERMAL,2020-07-15 03:00:00,0.0,0.0,0.0,0.0,0.0,0.0,0.0
301_CT_3,THERMAL,2020-07-15 03:00:00,0.0,0.0,0.0,0.0,0.0,0.0,0.0
301_CT_4,THERMAL,2020-07-15 03:00:00,0.0,0.0,0.0,0.0,0.0,0.0,0.0
302_CT_1,THERMAL,2020-07-15 03:00:00,0.0,0.0,0.0,0.0,0.0,0.0,0.0
302_CT_2,THERMAL,2020-07-15 03:00:00,0.0,0.0,0.0,0.0,0.0,0.0,0.0
302_CT_3,THERMAL,2020-07-15 03:00:00,0.0,0.0,0.0,0.0,0.0,0.0,0.0
302_CT_4,THERMAL,2020-07-15 03:00:00,0.0,0.0,0.0,0.0,0.0,0.0,0.0
303_WIND_1,WIND,2020-07-15 03:00:00,1.0,1.0,1.0,0.0,1.0,0.0,0.0
307_CT_1,THERMAL,2020-07-15 03:00:00,0.0,0.0,0.0,0.0,0.0,0.0,0.0
307_CT_2,THERMAL,2020-07-15 03:00:00,0.0,0.0,0.0,0.0,0.0,0.0,0.0
309_WIND_1,WIND,2020-07-15 03:00:00,1.0,1.0,1.0,0.0,0.0,1.0,0.0
313_CC_1,THERMAL,2020-07-15 03:00:00,-1.269165033497123,1.269165033497123,0.752842328785199,-0.1706101762506268,-0.08708116523089515,-0.4094531619989148,-0.6020205300166861
315_CT_6,THERMAL,2020-07-15 03:00:00,5.292247009596898e-13,5.292247009596898e-13,4.704691477182927e-13,3.146656541931274e-14,2.9254964508305406e-14,4.685031710320716e-13,0.0
315_CT_7,THERMAL,2020-07-15 03:00:00,-1.218627574439249e-07,1.5570348548028887e-07,1.255878975493645e-07,7.605340447286223e-09,9.315023570895765e-09,-1.2415163625164255e-07,-1.4631485210464347e-08
315_CT_8,THERMAL,2020-07-15 03:00:00,-1.3896103712721673e-09,2.85032854626373e-08,1.5805304420345224e-08,7.2159562124319e-09,-2.6861217551312346e-09,6.340881333250665e-09,-1.2260326161823499e-08
315_STEAM_1,THERMAL,2020-07-15 03:00:00,0.0,0.0,0.0,0.0,0.0,0.0,0.0
315_STEAM_2,THERMAL,2020-07-15 03:00:00,0.0,0.0,0.0,0.0,0.0,0.0,0.0
315_STEAM_3,THERMAL,2020-07-15 03:00:00,0.0,0.0,0.0,0.0,0.0,0.0,0.0
315_STEAM_4,THERMAL,2020-07-15 03:00:00,0.0,0.0,0.0,0.0,0.0,0.0,0.0
315_STEAM_5,THERMAL,2020-07-15 03:00:00,0.0,0.0,0.0,0.0,0.0,0.0,0.0
316_STEAM_1,THERMAL,2020-07-15 03:00:00,-7.328036435588158e-09,2.1375850026942804e-07,1.2560474934769912e-07,-1.1340872293592139e-08,-4.351860471984992e-08,1.0321523191691995e-07,-5.568379133906605e-08
317_WIND_1,WIND,2020-07-15 03:00:00,1.0,1.0,1.0,0.0,0.0,0.0,1.0
318_CC_1,THERMAL,2020-07-15 03:00:00,0.0,0.0,0.0,0.0,0.0,0.0,0.0
321_CC_1,THERMAL,2020-07-15 03:00:00,0.0,0.0,0.0,0.0,0.0,0.0,0.0
322_CT_5,THERMAL,2020-07-15 03:00:00,0.0,0.0,0.0,0.0,0.0,0.0,0.0
322_CT_6,THERMAL,2020-07-15 03:00:00,0.0,0.0,0.0,0.0,0.0,0.0,0.0
323_CC_1,THERMAL,2020-07-15 03:00:00,-7.135918704456464e-09,1.3140354905729638e-08,8.598209805234536e-09,7.927643325765623e-11,-2.42441056346127e-09,2.92294166737893e-09,-7.713726241631781e-09
323_CC_2,THERMAL,2020-07-15 03:00:00,-9.669394726495598e-09,1.5337428411084423e-08,1.0208021708190962e-08,1.648983768358993e-09,1.1850330739354201e-09,-2.9416751266072452e-09,-9.561736442182765e-09
101_CT_1,THERMAL,2020-07-15 04:00:00,0.0,0.0,0.0,0.0,0.0,0.0,0.0
101_CT_2,THERMAL,2020-07-15 04:00:00,0.0,0.0,0.0,0.0,0.0,0.0,0.0
101_STEAM_3,THERMAL,2020-07-15 04:00:00,-0.00672843395472131,0.006947895408834155,0.005776360667804033,-0.0005989746588393403,0.0001097307270564225,-0.005720727939540581,-0.0005184620833978116
101_STEAM_4,THERMAL,2020-07-15 04:00:00,0.0016750246289719349,0.006571904216367548,0.004361410992214541,-0.0009159339415681635,-0.0008197548852080428,0.0041234644226697415,-0.0007127509669216001
102_CT_1,THERMAL,2020-07-15 04:00:00,0.0,0.0,0.0,0.0,0.0,0.0,0.0
102_CT_2,THERMAL,2020-07-15 04:00:00,0.0,0.0,0.0,0.0,0.0,0.0,0.0
102_STEAM_3,THERMAL,2020-07-15 04:00:00,-0.24863764779737568,0.24863764779737568,0.13092212402608389,-0.04542079192257944,-0.04183859872985744,-0.06832759676245473,-0.09305066038248408
102_STEAM_4,THERMAL,2020-07-15 04:00:00,-0.24877210960764065,0.24877210960764065,0.13099527641606773,-0.04542825122973513,-0.04181918539849734,-0.0684724590374309,-0.09305221394197727
107_CC_1,THERMAL,2020-07-15 04:00:00,4.184607747237226e-08,4.7981498532466164e-08,3.196857774549133e-08,2.7214463603656866e-08,1.6443048922454295e-08,-3.067710530046952e-09,1.2562754763080467e-09
113_CT_1,THERMAL,2020-07-15 04:00:00,0.0,0.0,0.0,0.0,0.0,0.0,0.0
113_CT_2,THERMAL,2020-07-15 04:00:00,0.0,0.0,0.0,0.0,0.0,0.0,0.0
113_CT_3,THERMAL,2020-07-15 04:00:00,0.0,0.0,0.0,0.0,0.0,0.0,0.0
113_CT_4,THERMAL,2020-07-15 04:00:00,0.0,0.0,0.0,0.0,0.0,0.0,0.0
115_STEAM_1,THERMAL,2020-07-15 04:00:00,0.0,0.0,0.0,0.0,0.0,0.0,0.0
115_STEAM_2,THERMAL,2020-07-15 04:00:00,0.0,0.0,0.0,0.0,0.0,0.0,0.0
115_STEAM_3,THERMAL,2020-07-15 04:00:00,-1.3246182176198115e-07,1.5437321979129845e-07,1.0728711349794693e-07,-2.787348580772081e-08,-1.3396606712845482e-08,1.0955699014658649e-08,-1.021474282560735e-07
116_STEAM_1,THERMAL,2020-07-15 04:00:00,-0.4538022972973125,0.4538022972973125,0.25754680415398296,-0.05470027746482531,-0.0724431776675174,-0.11466104119187026,-0.21199780097309953
118_CC_1,THERMAL,2020-07-15 04:00:00,0.0,0.0,0.0,0.0,0.0,0.0,0.0
122_WIND_1,WIND,2020-07-15 04:00:00,1.0,1.0,1.0,1.0,0.0,0.0,0.0
123_CT_1,THERMAL,2020-07-15 04:00:00,0.0,0.0,0.0,0.0,0.0,0.0,0.0
123_CT_4,THERMAL,2020-07-15 04:00:00,0.0,0.0,0.0,0.0,0.0,0.0,0.0
123_CT_5,THERMAL,2020-07-15 04:00:00,0.0,0.0,0.0,0.0,0.0,0.0,0.0
123_STEAM_2,THERMAL,2020-07-15 04:00:00,-1.570591242477842e-09,7.26162557050657e-08,4.471303304969595e-08,-3.324374830970811e-09,-8.048294253271138e-09,3.552283223129393e-08,-2.5720754389529826e-08
123_STEAM_3,THERMAL,2020-07-15 04:00:00,-3.089384767943571e-06,3.089384767943571e-06,1.7437950712429728e-06,-4.601674836179903e-07,-6.397975478300566e-07,-5.252256878307549e-07,-1.464194048664769e-06
201_CT_1,THERMAL,2020-07-15 04:00:00,0.0,0.0,0.0,0.0,0.0,0.0,0.0
201_CT_2,THERMAL,2020-07-15 04:00:00,0.0,0.0,0.0,0.0,0.0,0.0,0.0
201_STEAM_3,THERMAL,2020-07-15 04:00:00,2.1626712031798226e-07,2.1626712031798226e-07,1.2508050032341043e-07,8.40493448173163e-08,8.159148445763265e-08,7.394465484367174e-09,4.323182555866615e-08
202_CT_1,THERMAL,2020-07-15 04:00:00,0.0,0.0,0.0,0.0,0.0,0.0,0.0
202_CT_2,THERMAL,2020-07-15 04:00:00,0.0,0.0,0.0,0.0,0.0,0.0,0.0
202_STEAM_3,THERMAL,2020-07-15 04:00:00,2.512150989911975e-07,2.512150989911975e-07,1.4907217744558468e-07,7.893097297863419e-08,6.067315816418522e-08,1.1095382659816213e-07,6.571412502159906e-10
202_STEAM_4,THERMAL,2020-07-15 04:00:00,2.602699629329796e-07,2.602699629329796e-07,1.5110675056905047e-07,7.811398816791212e-08,5.784360923586013e-08,1.1534823893315203e-07,8.96412659605529e-09
207_CT_1,THERMAL,2020-07-15 04:00:00,2.9310767110554767e-13,2.9310767110554767e-13,2.3805923417369604e-13,2.936480915309652e-14,2.932934609559226e-14,2.344135158568589e-13,0.0
207_CT_2,THERMAL,2020-07-15 04:00:00,-1.1430126850735271e-08,1.2560381203078887e-08,1.1183288442489918e-08,1.5971724533256972e-11,5.491554516385506e-10,-1.1136744349964958e-08,-8.585096769421209e-10
212_CSP_1,THERMAL,2020-07-15 04:00:00,-0.9620488326441102,0.9620488326441102,0.48103138285964064,-0.23917604839745166,-0.23989651643644072,-0.24034075939019584,-0.242635508420022
213_CC_3,THERMAL,2020-07-15 04:00:00,0.0,0.0,0.0,0.0,0.0,0.0,0.0
213_CT_1,THERMAL,2020-07-15 04:00:00,0.0,0.0,0.0,0.0,0.0,0.0,0.0
213_CT_2,THERMAL,2020-07-15 04:00:00,0.0,0.0,0.0,0.0,0.0,0.0,0.0
215_CT_4,THERMAL,2020-07-15 04:00:00,0.0,0.0,0.0,0.0,0.0,0.0,0.0
215_CT_5,THERMAL,2020-07-15 04:00:00,0.0,0.0,0.0,0.0,0.0,0.0,0.0
216_STEAM_1,THERMAL,2020-07-15 04:00:00,-0.4850739091510343,0.4850739091510343,0.256653853141146,-0.08088819932903535,-0.09282679205329847,-0.12221829944875484,-0.18914061831994566
218_CC_1,THERMAL,2020-07-15 04:00:00,0.0,0.0,0.0,0.0,0.0,0.0,0.0
221_CC_1,THERMAL,2020-07-15 04:00:00,5.395625876845913e-08,1.503013897527913e-07,7.906738425714534e-08,4.5870950038384706e-08,3.9184183009410845e-08,-4.8172565492166086e-08,1.7073691212829663e-08
223_CT_4,THERMAL,2020-07-15 04:00:00,0.0,0.0,0.0,0.0,0.0,0.0,0.0
223_CT_5,THERMAL,2020-07-15 04:00:00,0.0,0.0,0.0,0.0,0.0,0.0,0.0
223_CT_6,THERMAL,2020-07-15 04:00:00,0.0,0.0,0.0,0.0,0.0,0.0,0.0
223_STEAM_1,THERMAL,2020-07-15 04:00:00,-0.3848389507293005,0.3848389507293005,0.19242390031098106,-0.09679704316857686,-0.0967478658714001,-0.09611344400140051,-0.09518059768792307
223_STEAM_2,THERMAL,2020-07-15 04:00:00,-0.3903049342491308,0.3903049342491308,0.19515687423302733,-0.09812541537791451,-0.09806227533139218,-0.09762715250695866,-0.0964900910328654
223_STEAM_3,THERMAL,2020-07-15 04:00:00,0.13625250183870985,1.0712424913535883,0.596126589776596,-0.20868077445320943,-0.25881422030422985,0.12498547147123418,0.47876202512491495
301_CT_1,THERMAL,2020-07-15 04:00:00,0.0,0.0,0.0,0.0,0.0,0.0,0.0
301_CT_2,THERMAL,2020-07-15 04:00:00,0.0,0.0,0.0,0.0,0.0,0.0,0.0
301_CT_3,THERMAL,2020-07-15 04:00:00,0.0,0.0,0.0,0.0,0.0,0.0,0.0
301_CT_4,THERMAL,2020-07-15 04:00:00,0.0,0.0,0.0,0.0,0.0,0.0,0.0
302_CT_1,THERMAL,2020-07-15 04:00:00,0.0,0.0,0.0,0.0,0.0,0.0,0.0
302_CT_2,THERMAL,2020-07-15 04:00:00,0.0,0.0,0.0,0.0,0.0,0.0,0.0
302_CT_3,THERMAL,2020-07-15 04:00:00,0.0,0.0,0.0,0.0,0.0,0.0,0.0
302_CT_4,THERMAL,2020-07-15 04:00:00,0.0,0.0,0.0,0.0,0.0,0.0,0.0
303_WIND_1,WIND,2020-07-15 04:00:00,1.0,1.0,1.0,0.0,1.0,0.0,0.0
307_CT_1,THERMAL,2020-07-15 04:00:00,0.0,0.0,0.0,0.0,0.0,0.0,0.0
307_CT_2,THERMAL,2020-07-15 04:00:00,0.0,0.0,0.0,0.0,0.0,0.0,0.0
309_WIND_1,WIND,2020-07-15 04:00:00,1.0,1.0,1.0,0.0,0.0,1.0,0.0
313_CC_1,THERMAL,2020-07-15 04:00:00,-0.9577178089736844,0.9577178089736844,0.5722594800767233,-0.12926809406984607,-0.056840911652088044,-0.31562708859669364,-0.45598171465505666
315_CT_6,THERMAL,2020-07-15 04:00:00,2.934352212942903e-13,2.934352212942903e-13,2.385272157589926e-13,2.9274825535847736e-14,2.925058175634988e-14,2.349098140020927e-13,0.0
315_CT_7,THERMAL,2020-07-15 04:00:00,-1.3937234367832928e-08,2.842109153623269e-08,1.9932541688539722e-08,1.8756852088571227e-09,5.366243375342757e-09,-1.897745914336644e-08,-2.201703808666368e-09
315_CT_8,THERMAL,2020-07-15 04:00:00,-3.562575777463813e-08,5.2061359344025394e-08,3.8565518138384075e-08,7.435513205663239e-10,7.474249464127307e-09,-3.724746200656146e-08,-6.5960965527703025e-09
315_STEAM_1,THERMAL,2020-07-15 04:00:00,0.0,0.0,0.0,0.0,0.0,0.0,0.0
315_STEAM_2,THERMAL,2020-07-15 04:00:00,0.0,0.0,0.0,0.0,0.0,0.0,0.0
315_STEAM_3,THERMAL,2020-07-15 04:00:00,0.0,0.0,0.0,0.0,0.0,0.0,0.0
315_STEAM_4,THERMAL,2020-07-15 04:00:00,0.0,0.0,0.0,0.0,0.0,0.0,0.0
315_STEAM_5,THERMAL,2020-07-15 04:00:00,0.0,0.0,0.0,0.0,0.0,0.0,0.0
316_STEAM_1,THERMAL,2020-07-15 04:00:00,-1.5759001808631137e-07,1.5759001808631137e-07,8.218367542692956e-08,-2.638906165808308e-08,-4.232198402842613e-08,-3.185203745204035e-08,-5.70269349477618e-08
317_WIND_1,WIND,2020-07-15 04:00:00,1.0,1.0,1.0,0.0,0.0,0.0,1.0
318_CC_1,THERMAL,2020-07-15 04:00:00,0.0,0.0,0.0,0.0,0.0,0.0,0.0
321_CC_1,THERMAL,2020-07-15 04:00:00,0.0,0.0,0.0,0.0,0.0,0.0,0.0
322_CT_5,THERMAL,2020-07-15 04:00:00,0.0,0.0,0.0,0.0,0.0,0.0,0.0
322_CT_6,THERMAL,2020-07-15 04:00:00,0.0,0.0,0.0,0.0,0.0,0.0,0.0
323_CC_1,THERMAL,2020-07-15 04:00:00,9.624157542768501e-09,2.8078181743241583e-08,1.799616681949542e-08,2.5917403561937147e-09,-2.3544149453361777e-09,1.6259429286811326e-08,-6.872597154900363e-09
323_CC_2,THERMAL,2020-07-15 04:00:00,6.766936856004495e-09,3.1219849025486804e-08,1.8001989956699872e-08,2.3621533123502147e-09,4.397292368117153e-09,1.2233947260278284e-08,-1.2226456084741156e-08
101_CT_1,THERMAL,2020-07-15 05:00:00,0.0,0.0,0.0,0.0,0.0,0.0,0.0
101_CT_2,THERMAL,2020-07-15 05:00:00,0.0,0.0,0.0,0.0,0.0,0.0,0.0
101_STEAM_3,THERMAL,2020-07-15 05:00:00,-0.6812876799311375,0.6812876799311375,0.5640675389297762,-0.07625226514711995,-0.02466121919198877,-0.5578926275742068,-0.022481568017821935
101_STEAM_4,THERMAL,2020-07-15 05:00:00,0.583683909048273,0.7977548568796987,0.632215682448575,0.03439887330101636,-0.10703547391571283,0.6211436061255872,0.035176903537382294
102_CT_1,THERMAL,2020-07-15 05:00:00,0.0,0.0,0.0,0.0,0.0,0.0,0.0
102_CT_2,THERMAL,2020-07-15 05:00:00,0.0,0.0,0.0,0.0,0.0,0.0,0.0
102_STEAM_3,THERMAL,2020-07-15 05:00:00,-0.4854085659734222,0.4854085659734222,0.24444775677583774,-0.12131053974774139,-0.09848670365199014,-0.13846872595817272,-0.12714259661551797
102_STEAM_4,THERMAL,2020-07-15 05:00:00,-0.48559382277514823,0.48559382277514823,0.24455796468712968,-0.12129866268483544,-0.09844892277933731,-0.1386646855221283,-0.1271815517888472
107_CC_1,THERMAL,2020-07-15 05:00:00,2.8545583555662987e-07,2.8545583555662987e-07,1.5284848220729903e-07,8.225287367438563e-08,4.292237498759732e-08,4.9238353838632065e-08,1.1104223305601483e-07
113_CT_1,THERMAL,2020-07-15 05:00:00,0.0,0.0,0.0,0.0,0.0,0.0,0.0
113_CT_2,THERMAL,2020-07-15 05:00:00,0.0,0.0,0.0,0.0,0.0,0.0,0.0
113_CT_3,THERMAL,2020-07-15 05:00:00,0.0,0.0,0.0,0.0,0.0,0.0,0.0
113_CT_4,THERMAL,2020-07-15 05:00:00,0.0,0.0,0.0,0.0,0.0,0.0,0.0
115_STEAM_1,THERMAL,2020-07-15 05:00:00,0.0,0.0,0.0,0.0,0.0,0.0,0.0
115_STEAM_2,THERMAL,2020-07-15 05:00:00,0.0,0.0,0.0,0.0,0.0,0.0,0.0
115_STEAM_3,THERMAL,2020-07-15 05:00:00,5.065721693620946e-07,5.065721693620946e-07,3.0543603316287546e-07,1.7200961877072984e-08,1.9059959455169917e-07,2.2695788093329838e-07,7.181373200002404e-08
116_STEAM_1,THERMAL,2020-07-15 05:00:00,-0.00026014599599617,0.00026014599599617,0.00014310666494929457,-7.064824473612674e-05,-1.6144181846922123e-05,-9.672612416178339e-05,-7.662744525133778e-05
118_CC_1,THERMAL,2020-07-15 05:00:00,0.0,0.0,0.0,0.0,0.0,0.0,0.0
122_WIND_1,WIND,2020-07-15 05:00:00,1.0,1.0,1.0,1.0,0.0,0.0,0.0
123_CT_1,THERMAL,2020-07-15 05:00:00,0.0,0.0,0.0,0.0,0.0,0.0,0.0
123_CT_4,THERMAL,2020-07-15 05:00:00,0.0,0.0,0.0,0.0,0.0,0.0,0.0
123_CT_5,THERMAL,2020-07-15 05:00:00,0.0,0.0,0.0,0.0,0.0,0.0,0.0
123_STEAM_2,THERMAL,2020-07-15 05:00:00,4.414563309522186e-07,4.414563309522186e-07,2.561628346660104e-07,9.317018834220647e-08,3.9626706804796186e-08,2.16511364392602e-07,9.214807141261396e-08
123_STEAM_3,THERMAL,2020-07-15 05:00:00,-3.0365067390751933e-06,3.0365067390751933e-06,1.5828618676094618e-06,-4.725999914745316e-07,-6.192407480121176e-07,-9.099675004620167e-07,-1.0346984991265272e-06
201_CT_1,THERMAL,2020-07-15 05:00:00,-8.07328277851755e-22,8.07328277851755e-22,8.07328277851755e-22,-8.07328277851755e-22,0.0,0.0,0.0
201_CT_2,THERMAL,2020-07-15 05:00:00,0.0,0.0,0.0,0.0,0.0,0.0,0.0
201_STEAM_3,THERMAL,2020-07-15 05:00:00,8.104619997492587e-08,1.4718947660849377e-07,8.082375286033382e-08,6.400555571696985e-08,1.8482931629648647e-08,-3.307163831678395e-08,3.162935094509132e-08
202_CT_1,THERMAL,2020-07-15 05:00:00,0.0,0.0,0.0,0.0,0.0,0.0,0.0
202_CT_2,THERMAL,2020-07-15 05:00:00,0.0,0.0,0.0,0.0,0.0,0.0,0.0
202_STEAM_3,THERMAL,2020-07-15 05:00:00,-1.0922530851012277e-07,2.2933681938129298e-07,1.486215364488493e-07,2.3198834205544908e-08,-3.0493956642241034e-08,-1.3878710730346684e-07,3.6856921230040194e-08
202_STEAM_4,THERMAL,2020-07-15 05:00:00,1.5518587981861667e-07,3.577671792114739e-07,1.830571168931587e-07,6.746773970977627e-08,-1.0129064969642858e-07,1.1495011714395761e-07,7.405867266131138e-08
207_CT_1,THERMAL,2020-07-15 05:00:00,2.9264922297323294e-13,2.9264922297323294e-13,2.377139294052472e-13,2.9284167132384734e-14,2.928679199939354e-14,2.3407826384145467e-13,0.0
207_CT_2,THERMAL,2020-07-15 05:00:00,8.393646760131355e-10,7.61815929813827e-09,4.122841402774011e-09,-1.7325688404321993e-09,1.0397340997091364e-09,3.1890278873665663e-09,-1.6568284706303678e-09
212_CSP_1,THERMAL,2020-07-15 05:00:00,-1.7518806097788755,1.7518806097788755,0.8775814191854253,-0.4406117835445096,-0.39609300745970866,-0.47076636354216816,-0.4444094552324891
213_CC_3,THERMAL,2020-07-15 05:00:00,0.0,0.0,0.0,0.0,0.0,0.0,0.0
213_CT_1,THERMAL,2020-07-15 05:00:00,0.0,0.0,0.0,0.0,0.0,0.0,0.0
213_CT_2,THERMAL,2020-07-15 05:00:00,0.0,0.0,0.0,0.0,0.0,0.0,0.0
215_CT_4,THERMAL,2020-07-15 05:00:00,0.0,0.0,0.0,0.0,0.0,0.0,0.0
215_CT_5,THERMAL,2020-07-15 05:00:00,0.0,0.0,0.0,0.0,0.0,0.0,0.0
216_STEAM_1,THERMAL,2020-07-15 05:00:00,-0.8217536763709923,0.8217536763709923,0.4258893226125374,-0.18285654866904766,-0.29246756857757694,-0.13856510902277908,-0.20786445010158866
218_CC_1,THERMAL,2020-07-15 05:00:00,0.0,0.0,0.0,0.0,0.0,0.0,0.0
221_CC_1,THERMAL,2020-07-15 05:00:00,1.774547349494473e-07,3.3282428328750523e-07,1.668718217995355e-07,9.196155925650373e-08,7.707063831574601e-08,-7.768477416902897e-08,8.610731154622652e-08
223_CT_4,THERMAL,2020-07-15 05:00:00,0.0,0.0,0.0,0.0,0.0,0.0,0.0
223_CT_5,THERMAL,2020-07-15 05:00:00,0.0,0.0,0.0,0.0,0.0,0.0,0.0
223_CT_6,THERMAL,2020-07-15 05:00:00,0.0,0.0,0.0,0.0,0.0,0.0,0.0
223_STEAM_1,THERMAL,2020-07-15 05:00:00,-0.7955888949851269,0.7955888949851269,0.4212396630761782,-0.17493191005930084,-0.30749580768884777,-0.11625040524985725,-0.196910771987121
223_STEAM_2,THERMAL,2020-07-15 05:00:00,-0.7954181339438453,0.7954181339438453,0.421215520341015,-0.17485063329784747,-0.3075945171750246,-0.11611732389667612,-0.1968556595742972
223_STEAM_3,THERMAL,2020-07-15 05:00:00,-0.5858515792228866,0.6344986438233137,0.408901859032646,-0.10039161385303541,-0.3701978907278538,0.024323532300213557,-0.13958560694221092
301_CT_1,THERMAL,2020-07-15 05:00:00,0.0,0.0,0.0,0.0,0.0,0.0,0.0
301_CT_2,THERMAL,2020-07-15 05:00:00,0.0,0.0,0.0,0.0,0.0,0.0,0.0
301_CT_3,THERMAL,2020-07-15 05:00:00,0.0,0.0,0.0,0.0,0.0,0.0,0.0
301_CT_4,THERMAL,2020-07-15 05:00:00,0.0,0.0,0.0,0.0,0.0,0.0,0.0
302_CT_1,THERMAL,2020-07-15 05:00:00,0.0,0.0,0.0,0.0,0.0,0.0,0.0
302_CT_2,THERMAL,2020-07-15 05:00:00,0.0,0.0,0.0,0.0,0.0,0.0,0.0
302_CT_3,THERMAL,2020-07-15 05:00:00,0.0,0.0,0.0,0.0,0.0,0.0,0.0
302_CT_4,THERMAL,2020-07-15 05:00:00,0.0,0.0,0.0,0.0,0.0,0.0,0.0
303_WIND_1,WIND,2020-07-15 05:00:00,1.0,1.0,1.0,0.0,1.0,0.0,0.0
307_CT_1,THERMAL,2020-07-15 05:00:00,-5.839909791146682e-14,5.839909791146682e-14,5.839909791146682e-14,-5.839909791146682e-14,0.0,0.0,0.0
307_CT_2,THERMAL,2020-07-15 05:00:00,0.0,0.0,0.0,0.0,0.0,0.0,0.0
309_WIND_1,WIND,2020-07-15 05:00:00,1.0,1.0,1.0,0.0,0.0,1.0,0.0
313_CC_1,THERMAL,2020-07-15 05:00:00,-0.18477949278173317,0.8675877907447036,0.5044033478222303,-0.11404059538462907,0.3414041489814852,-0.3473686243940062,-0.06477442198458311
315_CT_6,THERMAL,2020-07-15 05:00:00,2.933526006724296e-13,2.933526006724296e-13,2.3840321235238296e-13,2.9394675156601296e-14,2.9180248001688984e-14,2.3477767751413934e-13,0.0
315_CT_7,THERMAL,2020-07-15 05:00:00,3.1487819102455837e-09,8.050245962288278e-08,4.06133355008409e-08,1.7280723228676405e-08,-1.888087265813475e-08,-1.979596619818385e-08,2.4544897537887778e-08
315_CT_8,THERMAL,2020-07-15 05:00:00,4.993228036622545e-09,1.2363039088566926e-07,6.347612376493801e-08,2.85482168848699e-08,-2.0282830936701707e-08,-3.903575048782165e-08,3.5763592576276004e-08
315_STEAM_1,THERMAL,2020-07-15 05:00:00,0.0,0.0,0.0,0.0,0.0,0.0,0.0
315_STEAM_2,THERMAL,2020-07-15 05:00:00,0.0,0.0,0.0,0.0,0.0,0.0,0.0
315_STEAM_3,THERMAL,2020-07-15 05:00:00,0.0,0.0,0.0,0.0,0.0,0.0,0.0
315_STEAM_4,THERMAL,2020-07-15 05:00:00,0.0,0.0,0.0,0.0,0.0,0.0,0.0
315_STEAM_5,THERMAL,2020-07-15 05:00:00,0.0,0.0,0.0,0.0,0.0,0.0,0.0
316_STEAM_1,THERMAL,2020-07-15 05:00:00,1.8590440118689866e-09,2.5662290957109555e-07,1.6168867387947433e-07,3.457479785806683e-08,-1.273819327796133e-07,9.338095097177757e-08,1.2852279616378847e-09
317_WIND_1,WIND,2020-07-15 05:00:00,1.0,1.0,1.0,0.0,0.0,0.0,1.0
318_CC_1,THERMAL,2020-07-15 05:00:00,0.0,0.0,0.0,0.0,0.0,0.0,0.0
321_CC_1,THERMAL,2020-07-15 05:00:00,0.0,0.0,0.0,0.0,0.0,0.0,0.0
322_CT_5,THERMAL,2020-07-15 05:00:00,0.0,0.0,0.0,0.0,0.0,0.0,0.0
322_CT_6,THERMAL,2020-07-15 05:00:00,0.0,0.0,0.0,0.0,0.0,0.0,0.0
323_CC_1,THERMAL,2020-07-15 05:00:00,0.9819033323815284,0.9819033323815284,0.5009927480480043,0.23135735506304878,0.3238976991960587,0.18554454494963613,0.24110373317278475
323_CC_2,THERMAL,2020-07-15 05:00:00,1.0222368480596244,1.0222368480596244,0.5215694594112724,0.24085892694096112,0.3371959550023169,0.1931794220314874,0.25100254408485906
101_CT_1,THERMAL,2020-07-15 06:00:00,0.0,0.0,0.0,0.0,0.0,0.0,0.0
101_CT_2,THERMAL,2020-07-15 06:00:00,0.0,0.0,0.0,0.0,0.0,0.0,0.0
101_STEAM_3,THERMAL,2020-07-15 06:00:00,0.04296418772301012,0.07086969476660412,0.046769252177266775,0.014187660626229621,-0.0013664682244536237,0.0427292806185775,-0.012586285297343382
101_STEAM_4,THERMAL,2020-07-15 06:00:00,-0.03981751523419589,0.06919743990193242,0.045272279173644354,-0.013680241646186399,0.0007241972113726709,-0.04082723592187776,0.013965765122495595
102_CT_1,THERMAL,2020-07-15 06:00:00,0.0,0.0,0.0,0.0,0.0,0.0,0.0
102_CT_2,THERMAL,2020-07-15 06:00:00,0.0,0.0,0.0,0.0,0.0,0.0,0.0
102_STEAM_3,THERMAL,2020-07-15 06:00:00,-0.1505870173506203,0.1505870173506203,0.07600489027495601,-0.03680487511729652,-0.029527657486206116,-0.042780257183676174,-0.04147422756344148
102_STEAM_4,THERMAL,2020-07-15 06:00:00,-0.10362409981367253,0.10362409981367253,0.05230024604876834,-0.025333391414072037,-0.020323769649683854,-0.029428671256931604,-0.028538267492985034
107_CC_1,THERMAL,2020-07-15 06:00:00,2.0094063992536855,2.0094063992536855,1.0136216039673793,0.5041321084951571,0.3955162607992184,0.5779551728861421,0.5318028570731678
113_CT_1,THERMAL,2020-07-15 06:00:00,0.0,0.0,0.0,0.0,0.0,0.0,0.0
113_CT_2,THERMAL,2020-07-15 06:00:00,0.0,0.0,0.0,0.0,0.0,0.0,0.0
113_CT_3,THERMAL,2020-07-15 06:00:00,0.0,0.0,0.0,0.0,0.0,0.0,0.0
113_CT_4,THERMAL,2020-07-15 06:00:00,0.0,0.0,0.0,0.0,0.0,0.0,0.0
115_STEAM_1,THERMAL,2020-07-15 06:00:00,0.0,0.0,0.0,0.0,0.0,0.0,0.0
115_STEAM_2,THERMAL,2020-07-15 06:00:00,0.0,0.0,0.0,0.0,0.0,0.0,0.0
115_STEAM_3,THERMAL,2020-07-15 06:00:00,-0.6871287498238356,2.338720770615089,1.2989731625517278,-0.19314881357377467,0.8257960103956266,-0.8803210554442513,-0.43945489120143627
116_STEAM_1,THERMAL,2020-07-15 06:00:00,-1.158861797444326,1.158861797444326,0.6274393474061065,-0.29435183030705336,-0.09801775305793603,-0.4261092475664672,-0.34038296651286937
118_CC_1,THERMAL,2020-07-15 06:00:00,0.0,0.0,0.0,0.0,0.0,0.0,0.0
122_WIND_1,WIND,2020-07-15 06:00:00,1.0,1.0,1.0,1.0,0.0,0.0,0.0
123_CT_1,THERMAL,2020-07-15 06:00:00,0.0,0.0,0.0,0.0,0.0,0.0,0.0
123_CT_4,THERMAL,2020-07-15 06:00:00,0.0,0.0,0.0,0.0,0.0,0.0,0.0
123_CT_5,THERMAL,2020-07-15 06:00:00,0.0,0.0,0.0,0.0,0.0,0.0,0.0
123_STEAM_2,THERMAL,2020-07-15 06:00:00,0.00018155954826375932,0.00018155954826375932,9.487475372151687e-05,5.417827232157002e-05,5.7844804115969595e-05,2.2474906792524507e-05,4.7061565033695195e-05
123_STEAM_3,THERMAL,2020-07-15 06:00:00,-2.330966187275687,2.330966187275687,1.1838214676651246,-0.5882563298163264,-0.41744914443239534,-0.7011400358300239,-0.6241206771969415
201_CT_1,THERMAL,2020-07-15 06:00:00,0.0,0.0,0.0,0.0,0.0,0.0,0.0
201_CT_2,THERMAL,2020-07-15 06:00:00,0.0,0.0,0.0,0.0,0.0,0.0,0.0
201_STEAM_3,THERMAL,2020-07-15 06:00:00,0.5867544177397702,0.5867544177397702,0.32335522890405133,0.1491863974115798,0.03838203607425594,0.2236150359757838,0.17557094827815065
202_CT_1,THERMAL,2020-07-15 06:00:00,0.0,0.0,0.0,0.0,0.0,0.0,0.0
202_CT_2,THERMAL,2020-07-15 06:00:00,0.0,0.0,0.0,0.0,0.0,0.0,0.0
202_STEAM_3,THERMAL,2020-07-15 06:00:00,0.713972137065724,0.8598735694552128,0.4765895028908343,0.1841488593597379,-0.07295071619474439,0.3572291898129085,0.245544804087822
202_STEAM_4,THERMAL,2020-07-15 06:00:00,0.7136570938903095,0.8592189971539526,0.4762350399856814,0.18414078192774197,-0.0727809516318215,0.3568887517922452,0.24540851180214385
207_CT_1,THERMAL,2020-07-15 06:00:00,1.757978436800385e-13,1.757978436800385e-13,1.2427027108322765e-13,2.937680107706771e-14,2.9275666259578266e-14,1.1714537634339253e-13,0.0
207_CT_2,THERMAL,2020-07-15 06:00:00,3.766693103891534e-09,1.0366003587655934e-08,6.872269839724856e-09,1.0245913448002888e-09,1.0204596148540686e-10,5.9397110394880385e-09,-3.2996552418822e-09
212_CSP_1,THERMAL,2020-07-15 06:00:00,-1.7830037451865492,1.7830037451865492,0.893123518855078,-0.4469379393862176,-0.4029071797770025,-0.47631050236721073,-0.4568481236561184
213_CC_3,THERMAL,2020-07-15 06:00:00,0.0,0.0,0.0,0.0,0.0,0.0,0.0
213_CT_1,THERMAL,2020-07-15 06:00:00,0.0,0.0,0.0,0.0,0.0,0.0,0.0
213_CT_2,THERMAL,2020-07-15 06:00:00,0.0,0.0,0.0,0.0,0.0,0.0,0.0
215_CT_4,THERMAL,2020-07-15 06:00:00,0.0,0.0,0.0,0.0,0.0,0.0,0.0
215_CT_5,THERMAL,2020-07-15 06:00:00,0.0,0.0,0.0,0.0,0.0,0.0,0.0
216_STEAM_1,THERMAL,2020-07-15 06:00:00,-0.8727261955935375,0.8727261955935375,0.4436982508520965,-0.2169378673373561,-0.2821559146973085,-0.1727885716483719,-0.20084384191050092
218_CC_1,THERMAL,2020-07-15 06:00:00,0.0,0.0,0.0,0.0,0.0,0.0,0.0
221_CC_1,THERMAL,2020-07-15 06:00:00,0.30522359350276906,0.30522359350276906,0.15476059630045821,0.07680592720274593,0.055821075732949144,0.09082088746762551,0.0817757030994485
223_CT_4,THERMAL,2020-07-15 06:00:00,0.0,0.0,0.0,0.0,0.0,0.0,0.0
223_CT_5,THERMAL,2020-07-15 06:00:00,0.0,0.0,0.0,0.0,0.0,0.0,0.0
223_CT_6,THERMAL,2020-07-15 06:00:00,0.0,0.0,0.0,0.0,0.0,0.0,0.0
223_STEAM_1,THERMAL,2020-07-15 06:00:00,-0.8264078416939562,0.8264078416939562,0.43251050312092026,-0.20425498286799013,-0.30833796633212224,-0.1341803431955173,-0.1796345492983265
223_STEAM_2,THERMAL,2020-07-15 06:00:00,-0.8268377492290055,0.8268377492290055,0.43262350839109354,-0.20425363770461105,-0.3082761957293804,-0.13463057362726416,-0.17967734216774983
223_STEAM_3,THERMAL,2020-07-15 06:00:00,-1.3693395702555333,1.5547762146633841,1.0290413291006617,-0.3275524324844503,-0.9542200763760027,0.0927183222039254,-0.18028538359900573
301_CT_1,THERMAL,2020-07-15 06:00:00,0.0,0.0,0.0,0.0,0.0,0.0,0.0
301_CT_2,THERMAL,2020-07-15 06:00:00,0.0,0.0,0.0,0.0,0.0,0.0,0.0
301_CT_3,THERMAL,2020-07-15 06:00:00,0.0,0.0,0.0,0.0,0.0,0.0,0.0
301_CT_4,THERMAL,2020-07-15 06:00:00,0.0,0.0,0.0,0.0,0.0,0.0,0.0
302_CT_1,THERMAL,2020-07-15 06:00:00,0.0,0.0,0.0,0.0,0.0,0.0,0.0
302_CT_2,THERMAL,2020-07-15 06:00:00,0.0,0.0,0.0,0.0,0.0,0.0,0.0
302_CT_3,THERMAL,2020-07-15 06:00:00,0.0,0.0,0.0,0.0,0.0,0.0,0.0
302_CT_4,THERMAL,2020-07-15 06:00:00,0.0,0.0,0.0,0.0,0.0,0.0,0.0
303_WIND_1,WIND,2020-07-15 06:00:00,1.0,1.0,1.0,0.0,1.0,0.0,0.0
307_CT_1,THERMAL,2020-07-15 06:00:00,0.0,0.0,0.0,0.0,0.0,0.0,0.0
307_CT_2,THERMAL,2020-07-15 06:00:00,0.0,0.0,0.0,0.0,0.0,0.0,0.0
309_WIND_1,WIND,2020-07-15 06:00:00,1.0,1.0,1.0,0.0,0.0,1.0,0.0
313_CC_1,THERMAL,2020-07-15 06:00:00,-6.642795127840927e-07,1.290919402095868e-06,6.830626927425853e-07,-2.531267744299015e-07,3.1331994465588764e-07,-5.069805233404168e-07,-2.1749215966966207e-07
315_CT_6,THERMAL,2020-07-15 06:00:00,2.928446481462806e-13,2.928446481462806e-13,2.378967694476318e-13,2.928245861378377e-14,2.929964118666208e-14,2.342625483458348e-13,0.0
315_CT_7,THERMAL,2020-07-15 06:00:00,1.3398383032168547e-07,1.7009086438831113e-07,1.0506937075062427e-07,3.146926979788287e-08,-1.8053517033312825e-08,9.531971765123534e-08,2.5248359905880072e-08
315_CT_8,THERMAL,2020-07-15 06:00:00,2.110531050296957e-07,3.313119547392153e-07,1.774399815387742e-07,7.550085898437051e-08,-6.012942485475982e-08,1.3672117395560295e-07,5.896049694448205e-08
315_STEAM_1,THERMAL,2020-07-15 06:00:00,0.0,0.0,0.0,0.0,0.0,0.0,0.0
315_STEAM_2,THERMAL,2020-07-15 06:00:00,0.0,0.0,0.0,0.0,0.0,0.0,0.0
315_STEAM_3,THERMAL,2020-07-15 06:00:00,0.0,0.0,0.0,0.0,0.0,0.0,0.0
315_STEAM_4,THERMAL,2020-07-15 06:00:00,0.0,0.0,0.0,0.0,0.0,0.0,0.0
315_STEAM_5,THERMAL,2020-07-15 06:00:00,0.0,0.0,0.0,0.0,0.0,0.0,0.0
316_STEAM_1,THERMAL,2020-07-15 06:00:00,-8.208264173092713e-07,8.208264173092713e-07,5.528225204718181e-07,-3.6847790374494593e-09,-4.523990120297583e-07,-5.119261103914141e-08,-3.135500152029221e-07
317_WIND_1,WIND,2020-07-15 06:00:00,1.0,1.0,1.0,0.0,0.0,0.0,1.0
318_CC_1,THERMAL,2020-07-15 06:00:00,0.0,0.0,0.0,0.0,0.0,0.0,0.0
321_CC_1,THERMAL,2020-07-15 06:00:00,0.0,0.0,0.0,0.0,0.0,0.0,0.0
322_CT_5,THERMAL,2020-07-15 06:00:00,0.0,0.0,0.0,0.0,0.0,0.0,0.0
322_CT_6,THERMAL,2020-07-15 06:00:00,0.0,0.0,0.0,0.0,0.0,0.0,0.0
323_CC_1,THERMAL,2020-07-15 06:00:00,0.8439222340799901,0.8439222340799901,0.43972596056439506,0.20838525038719224,0.3095632606481357,0.14089997158234113,0.18507375146232105
323_CC_2,THERMAL,2020-07-15 06:00:00,0.9332199824090106,0.9332199824090106,0.4863117817659781,0.230471326790182,0.34245332508430787,0.1556377269953566,0.20465760353916412
101_CT_1,THERMAL,2020-07-15 07:00:00,0.0,0.0,0.0,0.0,0.0,0.0,0.0
101_CT_2,THERMAL,2020-07-15 07:00:00,0.0,0.0,0.0,0.0,0.0,0.0,0.0
101_STEAM_3,THERMAL,2020-07-15 07:00:00,-0.12103982122226246,0.1597916405830676,0.08994514234252975,-0.02701480598926158,0.019375909680402578,-0.07335906574193682,-0.040041859171466646
101_STEAM_4,THERMAL,2020-07-15 07:00:00,0.08636924157827651,0.1848429651174734,0.10263574471167647,0.01917023273269587,-0.04923686176959845,0.08016871809111223,0.036267152524066856
102_CT_1,THERMAL,2020-07-15 07:00:00,0.0,0.0,0.0,0.0,0.0,0.0,0.0
102_CT_2,THERMAL,2020-07-15 07:00:00,0.0,0.0,0.0,0.0,0.0,0.0,0.0
102_STEAM_3,THERMAL,2020-07-15 07:00:00,-2.8846837272395143e-06,2.8846837272395143e-06,1.4703809441070203e-06,-9.5809894823048e-07,-6.28781772864013e-07,-5.916577832110193e-07,-7.061452229340021e-07
102_STEAM_4,THERMAL,2020-07-15 07:00:00,-2.5438099808546316e-06,2.5438099808546316e-06,1.3094485455965925e-06,-7.738296269910507e-07,-4.3766632496661715e-07,-5.305822119439085e-07,-8.017318169530553e-07
107_CC_1,THERMAL,2020-07-15 07:00:00,0.7884179161056154,1.0315341446762645,0.5647859081799359,0.2404206584722483,-0.12155811428532459,0.4402586223346283,0.2292967495840633
113_CT_1,THERMAL,2020-07-15 07:00:00,0.0,0.0,0.0,0.0,0.0,0.0,0.0
113_CT_2,THERMAL,2020-07-15 07:00:00,0.0,0.0,0.0,0.0,0.0,0.0,0.0
113_CT_3,THERMAL,2020-07-15 07:00:00,0.0,0.0,0.0,0.0,0.0,0.0,0.0
113_CT_4,THERMAL,2020-07-15 07:00:00,0.0,0.0,0.0,0.0,0.0,0.0,0.0
115_STEAM_1,THERMAL,2020-07-15 07:00:00,0.0,0.0,0.0,0.0,0.0,0.0,0.0
115_STEAM_2,THERMAL,2020-07-15 07:00:00,0.0,0.0,0.0,0.0,0.0,0.0,0.0
115_STEAM_3,THERMAL,2020-07-15 07:00:00,-1.664136480601971e-06,1.664136480601971e-06,9.710791415831895e-07,-3.823238167166565e-07,-1.4917372448408628e-07,-8.24326169990286e-07,-3.0831276941094224e-07
116_STEAM_1,THERMAL,2020-07-15 07:00:00,-1.5877993562320301e-06,1.5877993562320301e-06,9.132475587283997e-07,-4.4788391839745145e-07,-1.73189199870194e-07,-7.442719063277536e-07,-2.2245433163663105e-07
118_CC_1,THERMAL,2020-07-15 07:00:00,4.685141163918161e-13,4.685141163918161e-13,4.685141163918161e-13,4.685141163918161e-13,0.0,0.0,0.0
122_WIND_1,WIND,2020-07-15 07:00:00,1.0,1.0,1.0,1.0,0.0,0.0,0.0
123_CT_1,THERMAL,2020-07-15 07:00:00,0.0,0.0,0.0,0.0,0.0,0.0,0.0
123_CT_4,THERMAL,2020-07-15 07:00:00,0.0,0.0,0.0,0.0,0.0,0.0,0.0
123_CT_5,THERMAL,2020-07-15 07:00:00,0.0,0.0,0.0,0.0,0.0,0.0,0.0
123_STEAM_2,THERMAL,2020-07-15 07:00:00,-3.250754526599649e-06,3.250754526599649e-06,1.860399286833436e-06,-8.471726941072788e-07,-3.881061823030052e-07,-1.5376842732450768e-06,-4.77791376944288e-07
123_STEAM_3,THERMAL,2020-07-15 07:00:00,-5.508637198506689e-06,5.508637198506689e-06,3.217479386695101e-06,-1.1711584707585487e-06,-3.1294231472855927e-07,-2.638439859481423e-06,-1.3860965535381584e-06
201_CT_1,THERMAL,2020-07-15 07:00:00,0.0,0.0,0.0,0.0,0.0,0.0,0.0
201_CT_2,THERMAL,2020-07-15 07:00:00,0.0,0.0,0.0,0.0,0.0,0.0,0.0
201_STEAM_3,THERMAL,2020-07-15 07:00:00,-0.48727787186598487,0.48727787186598487,0.2507487816198131,-0.11497550020300551,-0.16838908815270193,-0.08598186113036022,-0.11793142237991723
202_CT_1,THERMAL,2020-07-15 07:00:00,0.0,0.0,0.0,0.0,0.0,0.0,0.0
202_CT_2,THERMAL,2020-07-15 07:00:00,0.0,0.0,0.0,0.0,0.0,0.0,0.0
202_STEAM_3,THERMAL,2020-07-15 07:00:00,-0.5179376489138833,0.5179376489138833,0.26023137019938447,-0.1266635654761884,-0.14963314000561537,-0.1140581549016779,-0.1275827885304016
202_STEAM_4,THERMAL,2020-07-15 07:00:00,-0.5179832543001924,0.5179832543001924,0.2602493836834211,-0.12667467927016884,-0.14960725553254392,-0.11409890042212315,-0.12760241907535655
207_CT_1,THERMAL,2020-07-15 07:00:00,2.781002506131201e-13,2.781002506131201e-13,2.3657669623420947e-13,1.468289190990921e-14,2.9096317880953913e-14,2.34321040822257e-13,0.0
207_CT_2,THERMAL,2020-07-15 07:00:00,6.062003910670229e-09,8.045210193495948e-09,5.51027904728108e-09,5.295903436083251e-10,-9.916031414128593e-10,5.239131953127056e-09,1.2848847553477083e-09
212_CSP_1,THERMAL,2020-07-15 07:00:00,-2.160444765859859,2.160444765859859,1.0990101530389245,-0.5652087748018361,-0.3816163980008529,-0.6629124872857002,-0.5507071057714698
213_CC_3,THERMAL,2020-07-15 07:00:00,-9.139911050226601e-14,9.139911050226601e-14,9.139911050226601e-14,-9.139911050226601e-14,0.0,0.0,0.0
213_CT_1,THERMAL,2020-07-15 07:00:00,0.0,0.0,0.0,0.0,0.0,0.0,0.0
213_CT_2,THERMAL,2020-07-15 07:00:00,0.0,0.0,0.0,0.0,0.0,0.0,0.0
215_CT_4,THERMAL,2020-07-15 07:00:00,0.0,0.0,0.0,0.0,0.0,0.0,0.0
215_CT_5,THERMAL,2020-07-15 07:00:00,0.0,0.0,0.0,0.0,0.0,0.0,0.0
216_STEAM_1,THERMAL,2020-07-15 07:00:00,-1.1388936992534537,1.1388936992534537,0.5722424940226799,-0.2920679335189218,-0.24054689693588305,-0.31907604592619077,-0.2872028228724581
218_CC_1,THERMAL,2020-07-15 07:00:00,0.0,0.0,0.0,0.0,0.0,0.0,0.0
221_CC_1,THERMAL,2020-07-15 07:00:00,2.580474785494139,2.580474785494139,1.529242740952249,0.742986012135399,0.0010555790866995096,1.1421703800544734,0.6942628142175669
223_CT_4,THERMAL,2020-07-15 07:00:00,0.0,0.0,0.0,0.0,0.0,0.0,0.0
223_CT_5,THERMAL,2020-07-15 07:00:00,0.0,0.0,0.0,0.0,0.0,0.0,0.0
223_CT_6,THERMAL,2020-07-15 07:00:00,0.0,0.0,0.0,0.0,0.0,0.0,0.0
223_STEAM_1,THERMAL,2020-07-15 07:00:00,-1.0852204275970743,1.0852204275970743,0.5426710922788315,-0.27068580247664886,-0.27775266718029085,-0.26650266995338046,-0.2702792879867541
223_STEAM_2,THERMAL,2020-07-15 07:00:00,-1.0852563612490478,1.0852563612490478,0.542688651402323,-0.27068537735925613,-0.2777466901770131,-0.26653947759144925,-0.2702848161213294
223_STEAM_3,THERMAL,2020-07-15 07:00:00,-2.3609501868695557,2.3609501868695557,1.186677423647492,-0.5763318913100284,-0.6855146135768808,-0.5171471997165824,-0.5819564822660642
301_CT_1,THERMAL,2020-07-15 07:00:00,0.0,0.0,0.0,0.0,0.0,0.0,0.0
301_CT_2,THERMAL,2020-07-15 07:00:00,0.0,0.0,0.0,0.0,0.0,0.0,0.0
301_CT_3,THERMAL,2020-07-15 07:00:00,0.0,0.0,0.0,0.0,0.0,0.0,0.0
301_CT_4,THERMAL,2020-07-15 07:00:00,0.0,0.0,0.0,0.0,0.0,0.0,0.0
302_CT_1,THERMAL,2020-07-15 07:00:00,0.0,0.0,0.0,0.0,0.0,0.0,0.0
302_CT_2,THERMAL,2020-07-15 07:00:00,0.0,0.0,0.0,0.0,0.0,0.0,0.0
302_CT_3,THERMAL,2020-07-15 07:00:00,0.0,0.0,0.0,0.0,0.0,0.0,0.0
302_CT_4,THERMAL,2020-07-15 07:00:00,0.0,0.0,0.0,0.0,0.0,0.0,0.0
303_WIND_1,WIND,2020-07-15 07:00:00,1.0,1.0,1.0,0.0,1.0,0.0,0.0
307_CT_1,THERMAL,2020-07-15 07:00:00,0.0,0.0,0.0,0.0,0.0,0.0,0.0
307_CT_2,THERMAL,2020-07-15 07:00:00,0.0,0.0,0.0,0.0,0.0,0.0,0.0
309_WIND_1,WIND,2020-07-15 07:00:00,1.0,1.0,1.0,0.0,0.0,1.0,0.0
313_CC_1,THERMAL,2020-07-15 07:00:00,-2.320294461081201e-07,3.8726445317916186e-07,2.1548085477408448e-07,-9.160081121395436e-08,7.761750353552088e-08,-1.7322880907499894e-07,-4.481732935468769e-08
315_CT_6,THERMAL,2020-07-15 07:00:00,2.7866457051218345e-13,2.7866457051218345e-13,2.3706989664958956e-13,1.4789635689722877e-14,2.9057897136482754e-14,2.348170376859778e-13,0.0
315_CT_7,THERMAL,2020-07-15 07:00:00,1.9537560779287514e-07,5.098273008185552e-07,2.5987953699227324e-07,1.194733705818851e-07,-1.5722584651284e-07,1.4272860708924306e-07,9.039947663458698e-08
315_CT_8,THERMAL,2020-07-15 07:00:00,1.7512303510013596e-07,6.519174706320369e-07,3.3752000289303655e-07,1.313941924508127e-07,-2.3839721776595051e-07,1.4456503833489878e-07,1.37561022080375e-07
315_STEAM_1,THERMAL,2020-07-15 07:00:00,0.0,0.0,0.0,0.0,0.0,0.0,0.0
315_STEAM_2,THERMAL,2020-07-15 07:00:00,0.0,0.0,0.0,0.0,0.0,0.0,0.0
315_STEAM_3,THERMAL,2020-07-15 07:00:00,0.0,0.0,0.0,0.0,0.0,0.0,0.0
315_STEAM_4,THERMAL,2020-07-15 07:00:00,0.0,0.0,0.0,0.0,0.0,0.0,0.0
315_STEAM_5,THERMAL,2020-07-15 07:00:00,0.0,0.0,0.0,0.0,0.0,0.0,0.0
316_STEAM_1,THERMAL,2020-07-15 07:00:00,-0.8452832717275204,0.8452832717275204,0.4980449670258967,-0.16425281006064252,-0.41268313437574955,-0.04827462367226154,-0.2200727036188668
317_WIND_1,WIND,2020-07-15 07:00:00,1.0,1.0,1.0,0.0,0.0,0.0,1.0
318_CC_1,THERMAL,2020-07-15 07:00:00,0.0,0.0,0.0,0.0,0.0,0.0,0.0
321_CC_1,THERMAL,2020-07-15 07:00:00,0.0,0.0,0.0,0.0,0.0,0.0,0.0
322_CT_5,THERMAL,2020-07-15 07:00:00,0.0,0.0,0.0,0.0,0.0,0.0,0.0
322_CT_6,THERMAL,2020-07-15 07:00:00,0.0,0.0,0.0,0.0,0.0,0.0,0.0
323_CC_1,THERMAL,2020-07-15 07:00:00,1.4322921398279154,1.62739271085228,1.0379984061961813,0.2659723857710473,0.9469743701912839,-0.09755028551218237,0.3168956693777666
323_CC_2,THERMAL,2020-07-15 07:00:00,1.4327505211526372,1.6269309230736584,1.037896169774164,0.2660162720268081,0.9468814098916781,-0.09709020096051058,0.3169430401946615
101_CT_1,THERMAL,2020-07-15 08:00:00,0.0,0.0,0.0,0.0,0.0,0.0,0.0
101_CT_2,THERMAL,2020-07-15 08:00:00,0.0,0.0,0.0,0.0,0.0,0.0,0.0
101_STEAM_3,THERMAL,2020-07-15 08:00:00,-0.3132872950488546,0.3132872950488546,0.2568033449767573,-0.024021336137725086,-0.006606898619636453,-0.2539776772889746,-0.028681383002518476
101_STEAM_4,THERMAL,2020-07-15 08:00:00,0.18191560708986088,0.2604434538718919,0.2229414338226807,-0.0091100581503209,-0.026142131606189972,0.22117953048087635,-0.004011733634504607
102_CT_1,THERMAL,2020-07-15 08:00:00,0.0,0.0,0.0,0.0,0.0,0.0,0.0
102_CT_2,THERMAL,2020-07-15 08:00:00,0.0,0.0,0.0,0.0,0.0,0.0,0.0
102_STEAM_3,THERMAL,2020-07-15 08:00:00,-0.05131014935731272,0.05131014935731272,0.02565511178308787,-0.012835832523440126,-0.01284768752773254,-0.012790682535202436,-0.012835946770937618
102_STEAM_4,THERMAL,2020-07-15 08:00:00,-0.03454363225199256,0.03454363225199256,0.01727181730611905,-0.00863308667138284,-0.008634763852205555,-0.00864132839660492,-0.00863445333179925
107_CC_1,THERMAL,2020-07-15 08:00:00,-0.10308895333844127,0.10308895333844127,0.05154448170996038,-0.025768017149758737,-0.02576292971839056,-0.025791724243628522,-0.02576628222666345
113_CT_1,THERMAL,2020-07-15 08:00:00,-1.3011813848606835e-13,1.3011813848606835e-13,1.3011813848606835e-13,0.0,0.0,-1.3011813848606835e-13,0.0
113_CT_2,THERMAL,2020-07-15 08:00:00,0.0,0.0,0.0,0.0,0.0,0.0,0.0
113_CT_3,THERMAL,2020-07-15 08:00:00,0.0,0.0,0.0,0.0,0.0,0.0,0.0
113_CT_4,THERMAL,2020-07-15 08:00:00,0.0,0.0,0.0,0.0,0.0,0.0,0.0
115_STEAM_1,THERMAL,2020-07-15 08:00:00,3.469446951953614e-18,3.469446951953614e-18,3.469446951953614e-18,3.469446951953614e-18,0.0,0.0,0.0
115_STEAM_2,THERMAL,2020-07-15 08:00:00,0.0,0.0,0.0,0.0,0.0,0.0,0.0
115_STEAM_3,THERMAL,2020-07-15 08:00:00,-0.04939492466158807,0.04939492466158807,0.024698028182971902,-0.012392614369578378,-0.012418385073582172,-0.012206149424308421,-0.012377775794119094
116_STEAM_1,THERMAL,2020-07-15 08:00:00,-0.034918196222720195,0.034918196222720195,0.017459101464817064,-0.008733234104380427,-0.008731357715087373,-0.008720277041378566,-0.008733327361873827
118_CC_1,THERMAL,2020-07-15 08:00:00,0.0,0.0,0.0,0.0,0.0,0.0,0.0
122_WIND_1,WIND,2020-07-15 08:00:00,1.0,1.0,1.0,1.0,0.0,0.0,0.0
123_CT_1,THERMAL,2020-07-15 08:00:00,0.0,0.0,0.0,0.0,0.0,0.0,0.0
123_CT_4,THERMAL,2020-07-15 08:00:00,0.0,0.0,0.0,0.0,0.0,0.0,0.0
123_CT_5,THERMAL,2020-07-15 08:00:00,0.0,0.0,0.0,0.0,0.0,0.0,0.0
123_STEAM_2,THERMAL,2020-07-15 08:00:00,-0.04717813246556247,0.04717813246556247,0.023589067553347016,-0.01178813465995332,-0.01179637862967553,-0.011798757794757364,-0.011794861381176256
123_STEAM_3,THERMAL,2020-07-15 08:00:00,-0.03876367705277771,0.03876367705277771,0.019381847878224077,-0.009677906595906505,-0.009704338077225927,-0.009688163245407111,-0.009693269134238165
201_CT_1,THERMAL,2020-07-15 08:00:00,0.0,0.0,0.0,0.0,0.0,0.0,0.0
201_CT_2,THERMAL,2020-07-15 08:00:00,0.0,0.0,0.0,0.0,0.0,0.0,0.0
201_STEAM_3,THERMAL,2020-07-15 08:00:00,-0.14470876583593076,0.14470876583593076,0.07235438329596938,-0.03617860501274861,-0.03617632772405477,-0.03617182709129363,-0.03618200600783375
202_CT_1,THERMAL,2020-07-15 08:00:00,0.0,0.0,0.0,0.0,0.0,0.0,0.0
202_CT_2,THERMAL,2020-07-15 08:00:00,0.0,0.0,0.0,0.0,0.0,0.0,0.0
202_STEAM_3,THERMAL,2020-07-15 08:00:00,-0.15126573570249774,0.15126573570249774,0.07563286842173078,-0.03781458108346512,-0.03781314141768675,-0.03782442801275936,-0.03781358518858653
202_STEAM_4,THERMAL,2020-07-15 08:00:00,-0.13009453434947824,0.13009453434947824,0.06504728408886065,-0.03248434854358192,-0.032531376750531325,-0.03254646564279779,-0.032532343412567194
207_CT_1,THERMAL,2020-07-15 08:00:00,2.9265248162426933e-13,2.9265248162426933e-13,2.3759998578177766e-13,2.921573856606346e-14,2.9491332378536757e-14,2.339454106796691e-13,0.0
207_CT_2,THERMAL,2020-07-15 08:00:00,-6.024564099824788e-10,3.6258843195858444e-09,2.1296718386523454e-09,-1.7017916542390476e-10,-1.379249340772384e-09,1.511713954801683e-09,-5.647418585878729e-10
212_CSP_1,THERMAL,2020-07-15 08:00:00,-0.2410591356008165,0.2410591356008165,0.12052958195743604,-0.0602786433773943,-0.060283097409458364,-0.0602142905702685,-0.06028310424369532
213_CC_3,THERMAL,2020-07-15 08:00:00,0.0,0.0,0.0,0.0,0.0,0.0,0.0
213_CT_1,THERMAL,2020-07-15 08:00:00,0.0,0.0,0.0,0.0,0.0,0.0,0.0
213_CT_2,THERMAL,2020-07-15 08:00:00,0.0,0.0,0.0,0.0,0.0,0.0,0.0
215_CT_4,THERMAL,2020-07-15 08:00:00,0.0,0.0,0.0,0.0,0.0,0.0,0.0
215_CT_5,THERMAL,2020-07-15 08:00:00,0.0,0.0,0.0,0.0,0.0,0.0,0.0
216_STEAM_1,THERMAL,2020-07-15 08:00:00,-0.10676094453107078,0.10676094453107078,0.05338047563457376,-0.02669012596324527,-0.026676907522749982,-0.0267037274258648,-0.026690183619210727
218_CC_1,THERMAL,2020-07-15 08:00:00,-1.2434497875801753e-13,1.2434497875801753e-13,1.2434497875801753e-13,0.0,0.0,-1.2434497875801753e-13,0.0
221_CC_1,THERMAL,2020-07-15 08:00:00,-0.07615110016853863,0.07615110016853863,0.038075551276817395,-0.019041535035008827,-0.019040833402810264,-0.01902967130676103,-0.019039060423958504
223_CT_4,THERMAL,2020-07-15 08:00:00,0.0,0.0,0.0,0.0,0.0,0.0,0.0
223_CT_5,THERMAL,2020-07-15 08:00:00,0.0,0.0,0.0,0.0,0.0,0.0,0.0
223_CT_6,THERMAL,2020-07-15 08:00:00,0.0,0.0,0.0,0.0,0.0,0.0,0.0
223_STEAM_1,THERMAL,2020-07-15 08:00:00,-1.2158104004974404,1.2158104004974404,0.6079052035073834,-0.30390154057673147,-0.30396738540336055,-0.3039552724035165,-0.30398620211383187
223_STEAM_2,THERMAL,2020-07-15 08:00:00,-0.6806782951991421,0.6806782951991421,0.34033915536989723,-0.1701424491824217,-0.17013858729490786,-0.17022948979530772,-0.17016776892650487
223_STEAM_3,THERMAL,2020-07-15 08:00:00,-1.525187395441484,1.525187395441484,0.7625937190499816,-0.3812740457526922,-0.38138231551641155,-0.38115887938944226,-0.381372154782938
301_CT_1,THERMAL,2020-07-15 08:00:00,0.0,0.0,0.0,0.0,0.0,0.0,0.0
301_CT_2,THERMAL,2020-07-15 08:00:00,0.0,0.0,0.0,0.0,0.0,0.0,0.0
301_CT_3,THERMAL,2020-07-15 08:00:00,0.0,0.0,0.0,0.0,0.0,0.0,0.0
301_CT_4,THERMAL,2020-07-15 08:00:00,0.0,0.0,0.0,0.0,0.0,0.0,0.0
302_CT_1,THERMAL,2020-07-15 08:00:00,0.0,0.0,0.0,0.0,0.0,0.0,0.0
302_CT_2,THERMAL,2020-07-15 08:00:00,0.0,0.0,0.0,0.0,0.0,0.0,0.0
302_CT_3,THERMAL,2020-07-15 08:00:00,0.0,0.0,0.0,0.0,0.0,0.0,0.0
302_CT_4,THERMAL,2020-07-15 08:00:00,0.0,0.0,0.0,0.0,0.0,0.0,0.0
303_WIND_1,WIND,2020-07-15 08:00:00,1.0,1.0,1.0,0.0,1.0,0.0,0.0
307_CT_1,THERMAL,2020-07-15 08:00:00,0.0,0.0,0.0,0.0,0.0,0.0,0.0
307_CT_2,THERMAL,2020-07-15 08:00:00,0.0,0.0,0.0,0.0,0.0,0.0,0.0
309_WIND_1,WIND,2020-07-15 08:00:00,1.0,1.0,1.0,0.0,0.0,1.0,0.0
313_CC_1,THERMAL,2020-07-15 08:00:00,-0.013043175488474877,0.013043175488474877,0.006521589135593317,-0.0032585106368965278,-0.003261280883898543,-0.003264046144831667,-0.0032593378228481396
315_CT_6,THERMAL,2020-07-15 08:00:00,5.561662241859722e-13,5.561662241859722e-13,4.808876516123355e-13,3.9718228705964975e-14,3.877453913503359e-14,4.776734563449736e-13,0.0
315_CT_7,THERMAL,2020-07-15 08:00:00,-0.7355771321578718,0.7355771321578718,0.3677890127600206,-0.1839264426715859,-0.18347167022495403,-0.18428017414494102,-0.1838988451163909
315_CT_8,THERMAL,2020-07-15 08:00:00,-0.7349479393960576,0.7349479393960576,0.367474145736026,-0.18373144032497407,-0.18349637381144904,-0.18400351663100006,-0.1837166086286344
315_STEAM_1,THERMAL,2020-07-15 08:00:00,0.0,0.0,0.0,0.0,0.0,0.0,0.0
315_STEAM_2,THERMAL,2020-07-15 08:00:00,0.0,0.0,0.0,0.0,0.0,0.0,0.0
315_STEAM_3,THERMAL,2020-07-15 08:00:00,0.0,0.0,0.0,0.0,0.0,0.0,0.0
315_STEAM_4,THERMAL,2020-07-15 08:00:00,0.0,0.0,0.0,0.0,0.0,0.0,0.0
315_STEAM_5,THERMAL,2020-07-15 08:00:00,0.0,0.0,0.0,0.0,0.0,0.0,0.0
316_STEAM_1,THERMAL,2020-07-15 08:00:00,-2.0592320761593053,2.0592320761593053,1.02961605854203,-0.5147216638984964,-0.514726573446949,-0.5149754886766722,-0.5148083501371878
317_WIND_1,WIND,2020-07-15 08:00:00,1.0,1.0,1.0,0.0,0.0,0.0,1.0
318_CC_1,THERMAL,2020-07-15 08:00:00,0.0,0.0,0.0,0.0,0.0,0.0,0.0
321_CC_1,THERMAL,2020-07-15 08:00:00,0.0,0.0,0.0,0.0,0.0,0.0,0.0
322_CT_5,THERMAL,2020-07-15 08:00:00,0.0,0.0,0.0,0.0,0.0,0.0,0.0
322_CT_6,THERMAL,2020-07-15 08:00:00,0.0,0.0,0.0,0.0,0.0,0.0,0.0
323_CC_1,THERMAL,2020-07-15 08:00:00,1.8501382467905874,1.8501382467905874,0.932603261600876,0.4838049966953385,0.48946926737506713,0.36209005360442215,0.5147739291157597
323_CC_2,THERMAL,2020-07-15 08:00:00,2.454947737662465,2.454947737662465,1.2332163883188088,0.592599155897552,0.5861414756338363,0.7147024516204649,0.5615046545106119
101_CT_1,THERMAL,2020-07-15 09:00:00,0.0,0.0,0.0,0.0,0.0,0.0,0.0
101_CT_2,THERMAL,2020-07-15 09:00:00,0.0,0.0,0.0,0.0,0.0,0.0,0.0
101_STEAM_3,THERMAL,2020-07-15 09:00:00,0.015183319022900162,0.14278072138944314,0.07659154216174607,0.028330319640503178,-0.04711324906065285,-0.01668545212261864,0.05065170056566847
101_STEAM_4,THERMAL,2020-07-15 09:00:00,-0.07991996759064494,0.14305565633181846,0.08611529732245411,-0.04480501612398038,0.031007182402625184,0.000560661967961576,-0.06668279583725133
102_CT_1,THERMAL,2020-07-15 09:00:00,0.0,0.0,0.0,0.0,0.0,0.0,0.0
102_CT_2,THERMAL,2020-07-15 09:00:00,0.0,0.0,0.0,0.0,0.0,0.0,0.0
102_STEAM_3,THERMAL,2020-07-15 09:00:00,-0.15303544981849931,0.15303544981849931,0.07651772516404501,-0.038255267264206194,-0.03826328824266978,-0.03825669575897406,-0.038260198552649276
102_STEAM_4,THERMAL,2020-07-15 09:00:00,-0.12615557557967236,0.12615557557967236,0.06307778796252761,-0.031535561953531355,-0.031541591231565635,-0.03153794487075645,-0.03154047752381892
107_CC_1,THERMAL,2020-07-15 09:00:00,-0.16229759064183483,0.16229759064183483,0.08114879561702529,-0.04056973910025041,-0.04057750636190072,-0.04057238957372533,-0.04057795560595836
113_CT_1,THERMAL,2020-07-15 09:00:00,0.0,0.0,0.0,0.0,0.0,0.0,0.0
113_CT_2,THERMAL,2020-07-15 09:00:00,0.0,0.0,0.0,0.0,0.0,0.0,0.0
113_CT_3,THERMAL,2020-07-15 09:00:00,0.0,0.0,0.0,0.0,0.0,0.0,0.0
113_CT_4,THERMAL,2020-07-15 09:00:00,0.0,0.0,0.0,0.0,0.0,0.0,0.0
115_STEAM_1,THERMAL,2020-07-15 09:00:00,0.0,0.0,0.0,0.0,0.0,0.0,0.0
115_STEAM_2,THERMAL,2020-07-15 09:00:00,0.0,0.0,0.0,0.0,0.0,0.0,0.0
115_STEAM_3,THERMAL,2020-07-15 09:00:00,-0.3109064024895076,0.3109064024895076,0.15545321253030062,-0.07773084534634178,-0.07776276450165542,-0.07768025748533347,-0.07773253515617692
116_STEAM_1,THERMAL,2020-07-15 09:00:00,-0.1491035561168694,0.1491035561168694,0.07455177869904074,-0.037273198423410814,-0.03728123625970792,-0.03726926186904134,-0.03727985956470933
118_CC_1,THERMAL,2020-07-15 09:00:00,-0.11260629636061421,0.11260629636061421,0.05630314845403596,-0.02814971161305746,-0.02815480029648576,-0.028148062341655233,-0.02815372210941576
122_WIND_1,WIND,2020-07-15 09:00:00,1.0,1.0,1.0,1.0,0.0,0.0,0.0
123_CT_1,THERMAL,2020-07-15 09:00:00,0.0,0.0,0.0,0.0,0.0,0.0,0.0
123_CT_4,THERMAL,2020-07-15 09:00:00,0.0,0.0,0.0,0.0,0.0,0.0,0.0
123_CT_5,THERMAL,2020-07-15 09:00:00,0.0,0.0,0.0,0.0,0.0,0.0,0.0
123_STEAM_2,THERMAL,2020-07-15 09:00:00,-0.14434041472708437,0.14434041472708437,0.07217020891161394,-0.036083732576923544,-0.03609346364849708,-0.03607363246402606,-0.036089586037637664
123_STEAM_3,THERMAL,2020-07-15 09:00:00,-0.1462047584042487,0.1462047584042487,0.0731023795764803,-0.036547200474654096,-0.03655542066433792,-0.03654783688941521,-0.036554300375841474
201_CT_1,THERMAL,2020-07-15 09:00:00,0.0,0.0,0.0,0.0,0.0,0.0,0.0
201_CT_2,THERMAL,2020-07-15 09:00:00,0.0,0.0,0.0,0.0,0.0,0.0,0.0
201_STEAM_3,THERMAL,2020-07-15 09:00:00,-0.13335388821544408,0.13335388821544408,0.06667694437896975,-0.03333458405438838,-0.033342309484372,-0.03333671854045317,-0.033340276136230536
202_CT_1,THERMAL,2020-07-15 09:00:00,0.0,0.0,0.0,0.0,0.0,0.0,0.0
202_CT_2,THERMAL,2020-07-15 09:00:00,0.0,0.0,0.0,0.0,0.0,0.0,0.0
202_STEAM_3,THERMAL,2020-07-15 09:00:00,-0.3227618980621656,0.3227618980621656,0.1613810004563648,-0.08064586819096034,-0.0806254145618954,-0.08079201020398208,-0.08069860510532777
202_STEAM_4,THERMAL,2020-07-15 09:00:00,-0.29262772060589304,0.29262772060589304,0.14631386079994854,-0.07315256966793346,-0.07316681014539952,-0.0731515650199468,-0.07315677577261324
207_CT_1,THERMAL,2020-07-15 09:00:00,2.928660910874681e-13,2.928660910874681e-13,2.379726292440249e-13,2.925447149935454e-14,2.9264098340440383e-14,2.3434752124767316e-13,0.0
207_CT_2,THERMAL,2020-07-15 09:00:00,2.0008764752815557e-10,7.474216077889092e-09,4.420102354234133e-09,-2.5356855513679464e-10,-3.383495660043674e-09,1.342773135479954e-09,2.49437872722867e-09
212_CSP_1,THERMAL,2020-07-15 09:00:00,-0.19995297618232605,0.19995297618232605,0.09997648881018097,-0.049983953559682215,-0.049996047391247966,-0.04998108857807004,-0.04999188665332581
213_CC_3,THERMAL,2020-07-15 09:00:00,0.0,0.0,0.0,0.0,0.0,0.0,0.0
213_CT_1,THERMAL,2020-07-15 09:00:00,0.0,0.0,0.0,0.0,0.0,0.0,0.0
213_CT_2,THERMAL,2020-07-15 09:00:00,0.0,0.0,0.0,0.0,0.0,0.0,0.0
215_CT_4,THERMAL,2020-07-15 09:00:00,0.0,0.0,0.0,0.0,0.0,0.0,0.0
215_CT_5,THERMAL,2020-07-15 09:00:00,0.0,0.0,0.0,0.0,0.0,0.0,0.0
216_STEAM_1,THERMAL,2020-07-15 09:00:00,-0.30681841497933304,0.30681841497933304,0.15340921548998632,-0.07670641769807807,-0.07673544837775959,-0.07666628954707644,-0.07671025935641895
218_CC_1,THERMAL,2020-07-15 09:00:00,0.0,0.0,0.0,0.0,0.0,0.0,0.0
221_CC_1,THERMAL,2020-07-15 09:00:00,-0.15222934056402215,0.15222934056402215,0.0761146721650503,-0.038048418976807996,-0.038052680251084325,-0.038070954447464445,-0.0380572868886654
223_CT_4,THERMAL,2020-07-15 09:00:00,0.0,0.0,0.0,0.0,0.0,0.0,0.0
223_CT_5,THERMAL,2020-07-15 09:00:00,0.0,0.0,0.0,0.0,0.0,0.0,0.0
223_CT_6,THERMAL,2020-07-15 09:00:00,0.0,0.0,0.0,0.0,0.0,0.0,0.0
223_STEAM_1,THERMAL,2020-07-15 09:00:00,-0.43088012623770255,0.43088012623770255,0.21544006536764995,-0.1077148815161399,-0.10773221101391464,-0.10769690315586658,-0.10773613055178145
223_STEAM_2,THERMAL,2020-07-15 09:00:00,-0.1458241486456018,0.1458241486456018,0.07291207468885141,-0.036452817233421364,-0.036460563971746664,-0.03645209243756106,-0.036458675002872726
223_STEAM_3,THERMAL,2020-07-15 09:00:00,-0.1433588659663148,0.1433588659663148,0.07167943322612218,-0.03583588829832851,-0.035842685783735284,-0.03583780174295015,-0.03584249014130088
301_CT_1,THERMAL,2020-07-15 09:00:00,0.0,0.0,0.0,0.0,0.0,0.0,0.0
301_CT_2,THERMAL,2020-07-15 09:00:00,0.0,0.0,0.0,0.0,0.0,0.0,0.0
301_CT_3,THERMAL,2020-07-15 09:00:00,0.0,0.0,0.0,0.0,0.0,0.0,0.0
301_CT_4,THERMAL,2020-07-15 09:00:00,0.0,0.0,0.0,0.0,0.0,0.0,0.0
302_CT_1,THERMAL,2020-07-15 09:00:00,0.0,0.0,0.0,0.0,0.0,0.0,0.0
302_CT_2,THERMAL,2020-07-15 09:00:00,0.0,0.0,0.0,0.0,0.0,0.0,0.0
302_CT_3,THERMAL,2020-07-15 09:00:00,0.0,0.0,0.0,0.0,0.0,0.0,0.0
302_CT_4,THERMAL,2020-07-15 09:00:00,0.0,0.0,0.0,0.0,0.0,0.0,0.0
303_WIND_1,WIND,2020-07-15 09:00:00,1.0,1.0,1.0,0.0,1.0,0.0,0.0
307_CT_1,THERMAL,2020-07-15 09:00:00,0.0,0.0,0.0,0.0,0.0,0.0,0.0
307_CT_2,THERMAL,2020-07-15 09:00:00,0.0,0.0,0.0,0.0,0.0,0.0,0.0
309_WIND_1,WIND,2020-07-15 09:00:00,1.0,1.0,1.0,0.0,0.0,1.0,0.0
313_CC_1,THERMAL,2020-07-15 09:00:00,-0.3714954850413655,0.3714954850413655,0.18574777238349963,-0.0928798861058473,-0.09292320901687079,-0.092786648529259,-0.09290574138938841
315_CT_6,THERMAL,2020-07-15 09:00:00,3.032643580702654e-13,3.032643580702654e-13,2.4202530477045025e-13,3.296668493746324e-14,3.277933480205775e-14,2.3751833833074443e-13,0.0
315_CT_7,THERMAL,2020-07-15 09:00:00,-0.12533954133256864,0.12533954133256864,0.06266978622211847,-0.0313234363148932,-0.03131902310592926,-0.03137297575712135,-0.031324106154624845
315_CT_8,THERMAL,2020-07-15 09:00:00,-0.3127415199581273,0.3127415199581273,0.15637079324054806,-0.07815330230113754,-0.07811896018653966,-0.07824207192234986,-0.07822718554810026
315_STEAM_1,THERMAL,2020-07-15 09:00:00,0.0,0.0,0.0,0.0,0.0,0.0,0.0
315_STEAM_2,THERMAL,2020-07-15 09:00:00,0.0,0.0,0.0,0.0,0.0,0.0,0.0
315_STEAM_3,THERMAL,2020-07-15 09:00:00,0.0,0.0,0.0,0.0,0.0,0.0,0.0
315_STEAM_4,THERMAL,2020-07-15 09:00:00,0.0,0.0,0.0,0.0,0.0,0.0,0.0
315_STEAM_5,THERMAL,2020-07-15 09:00:00,0.0,0.0,0.0,0.0,0.0,0.0,0.0
316_STEAM_1,THERMAL,2020-07-15 09:00:00,-0.13638402730377283,0.13638402730377283,0.06819201389033372,-0.03409204182103298,-0.03409942478290895,-0.03409470442492868,-0.03409785627490223
317_WIND_1,WIND,2020-07-15 09:00:00,1.0,1.0,1.0,0.0,0.0,0.0,1.0
318_CC_1,THERMAL,2020-07-15 09:00:00,-0.14212229280186187,0.14212229280186187,0.07106115526441203,-0.035538871262529304,-0.035550108713908735,-0.03550213315116224,-0.035531179674261594
321_CC_1,THERMAL,2020-07-15 09:00:00,-0.12607877272727944,0.12607877272727944,0.06303938684790103,-0.03151539573122564,-0.03151815901061639,-0.031526017027472264,-0.03151920095796515
322_CT_5,THERMAL,2020-07-15 09:00:00,0.0,0.0,0.0,0.0,0.0,0.0,0.0
322_CT_6,THERMAL,2020-07-15 09:00:00,0.0,0.0,0.0,0.0,0.0,0.0,0.0
323_CC_1,THERMAL,2020-07-15 09:00:00,0.3816897195098457,0.3816897195098457,0.19448302639482615,0.12124356912702008,0.09080368742218406,0.06918390063567027,0.10045856232497131
323_CC_2,THERMAL,2020-07-15 09:00:00,0.3296659916296206,0.3296659916296206,0.1689895032491858,0.056754717095491035,0.08701550962513524,0.10853694392312495,0.07735882098586938
101_CT_1,THERMAL,2020-07-15 10:00:00,0.0,0.0,0.0,0.0,0.0,0.0,0.0
101_CT_2,THERMAL,2020-07-15 10:00:00,0.0,0.0,0.0,0.0,0.0,0.0,0.0
101_STEAM_3,THERMAL,2020-07-15 10:00:00,-0.3481843973211323,0.3679447320619217,0.3115204951005598,-0.015886155900601846,0.00988016737039469,-0.3092050968368973,-0.03297331195402784
101_STEAM_4,THERMAL,2020-07-15 10:00:00,0.2532092000675071,0.33660626462677895,0.2877614641330583,-0.008150654043925381,-0.03354787823571057,0.2855289936322715,0.009378738714871517
102_CT_1,THERMAL,2020-07-15 10:00:00,0.0,0.0,0.0,0.0,0.0,0.0,0.0
102_CT_2,THERMAL,2020-07-15 10:00:00,0.0,0.0,0.0,0.0,0.0,0.0,0.0
102_STEAM_3,THERMAL,2020-07-15 10:00:00,-0.15352926910941236,0.15352926910941236,0.07676463780077637,-0.0383849141742193,-0.03839154404477485,-0.03836343258574004,-0.038389378304678166
102_STEAM_4,THERMAL,2020-07-15 10:00:00,-0.14401559816081677,0.14401559816081677,0.07200780261525766,-0.03600703992604437,-0.03601301080591046,-0.03598471337801179,-0.036010834050850156
107_CC_1,THERMAL,2020-07-15 10:00:00,-0.20770081786201755,0.20770081786201755,0.10385041412352057,-0.051929312854421816,-0.051938371035726405,-0.05189734409023927,-0.05193578988163004
113_CT_1,THERMAL,2020-07-15 10:00:00,-1.1945999744966684e-13,1.1945999744966684e-13,1.1945999744966684e-13,0.0,0.0,-1.1945999744966684e-13,0.0
113_CT_2,THERMAL,2020-07-15 10:00:00,0.0,0.0,0.0,0.0,0.0,0.0,0.0
113_CT_3,THERMAL,2020-07-15 10:00:00,0.0,0.0,0.0,0.0,0.0,0.0,0.0
113_CT_4,THERMAL,2020-07-15 10:00:00,0.0,0.0,0.0,0.0,0.0,0.0,0.0
115_STEAM_1,THERMAL,2020-07-15 10:00:00,0.0,0.0,0.0,0.0,0.0,0.0,0.0
115_STEAM_2,THERMAL,2020-07-15 10:00:00,0.0,0.0,0.0,0.0,0.0,0.0,0.0
115_STEAM_3,THERMAL,2020-07-15 10:00:00,-0.1508664336385402,0.1508664336385402,0.07543322017077064,-0.03771979057119834,-0.037725447345705376,-0.037697461601673865,-0.03772373411996262
116_STEAM_1,THERMAL,2020-07-15 10:00:00,-0.12744462757445707,0.12744462757445707,0.06372231592383223,-0.031863048291218554,-0.03186795147798627,-0.031847200584653734,-0.0318664272205985
118_CC_1,THERMAL,2020-07-15 10:00:00,-0.17412479097454645,0.17412479097454645,0.08706239564817289,-0.043526780126618814,-0.04353231746047914,-0.04353189552513115,-0.04353379786231734
122_WIND_1,WIND,2020-07-15 10:00:00,1.0,1.0,1.0,1.0,0.0,0.0,0.0
123_CT_1,THERMAL,2020-07-15 10:00:00,0.0,0.0,0.0,0.0,0.0,0.0,0.0
123_CT_4,THERMAL,2020-07-15 10:00:00,0.0,0.0,0.0,0.0,0.0,0.0,0.0
123_CT_5,THERMAL,2020-07-15 10:00:00,0.0,0.0,0.0,0.0,0.0,0.0,0.0
123_STEAM_2,THERMAL,2020-07-15 10:00:00,-0.23543923536403313,0.23543923536403313,0.11771962471883318,-0.05886517325510465,-0.05887328934683067,-0.05882520031055982,-0.05887557245153799
123_STEAM_3,THERMAL,2020-07-15 10:00:00,-0.5072933785820032,0.5072933785820032,0.25364671408439604,-0.12683550376110286,-0.12686353405812856,-0.12672845244974695,-0.12686588831302484
201_CT_1,THERMAL,2020-07-15 10:00:00,2.9317547378631115e-13,2.9317547378631115e-13,2.3819599799125933e-13,2.929776634609925e-14,2.9315142755654934e-14,2.3456256468455696e-13,0.0
201_CT_2,THERMAL,2020-07-15 10:00:00,4.117776059361254e-11,4.01604046777254e-10,2.4789483017135663e-10,-1.3907723952399715e-11,-1.6630541913942102e-10,1.781267631442355e-10,4.326414054119779e-11
201_STEAM_3,THERMAL,2020-07-15 10:00:00,-0.14057247467478706,0.14057247467478706,0.07028623964261979,-0.03514437059543307,-0.03515068373010788,-0.03512807099583526,-0.03514934935341084
202_CT_1,THERMAL,2020-07-15 10:00:00,0.0,0.0,0.0,0.0,0.0,0.0,0.0
202_CT_2,THERMAL,2020-07-15 10:00:00,0.0,0.0,0.0,0.0,0.0,0.0,0.0
202_STEAM_3,THERMAL,2020-07-15 10:00:00,-0.17414538406971417,0.17414538406971417,0.0870726968466944,-0.04354044830639545,-0.0435482461484989,-0.043511739406743404,-0.043544950208076416
202_STEAM_4,THERMAL,2020-07-15 10:00:00,-0.15270365739138309,0.15270365739138309,0.07635183280084151,-0.038179370303162895,-0.038186273104602035,-0.03815465079403874,-0.03818336318957939
207_CT_1,THERMAL,2020-07-15 10:00:00,2.9231376796046857e-13,2.9231376796046857e-13,2.3762808615589333e-13,2.9238941420341105e-14,2.904836640365113e-14,2.3402646013647634e-13,0.0
207_CT_2,THERMAL,2020-07-15 10:00:00,1.6884695020242712e-08,2.6040708524371933e-08,1.7293465036356088e-08,-6.236344064460132e-10,-3.954372345618598e-09,1.586526599839851e-08,5.597435773908811e-09
212_CSP_1,THERMAL,2020-07-15 10:00:00,-0.15483022489009549,0.15483022489009549,0.0774151156612929,-0.03871025234790282,-0.038716741625790974,-0.038688658879070914,-0.03871457203733077
213_CC_3,THERMAL,2020-07-15 10:00:00,0.0,0.0,0.0,0.0,0.0,0.0,0.0
213_CT_1,THERMAL,2020-07-15 10:00:00,0.0,0.0,0.0,0.0,0.0,0.0,0.0
213_CT_2,THERMAL,2020-07-15 10:00:00,0.0,0.0,0.0,0.0,0.0,0.0,0.0
215_CT_4,THERMAL,2020-07-15 10:00:00,0.0,0.0,0.0,0.0,0.0,0.0,0.0
215_CT_5,THERMAL,2020-07-15 10:00:00,0.0,0.0,0.0,0.0,0.0,0.0,0.0
216_STEAM_1,THERMAL,2020-07-15 10:00:00,-0.12470930644496522,0.12470930644496522,0.062354656289527306,-0.031179997656378022,-0.031185113427176336,-0.031160695123691795,-0.031183500237719066
218_CC_1,THERMAL,2020-07-15 10:00:00,-1.7763568394002505e-13,1.7763568394002505e-13,1.7763568394002505e-13,0.0,0.0,-1.7763568394002505e-13,0.0
221_CC_1,THERMAL,2020-07-15 10:00:00,-0.1801871530848322,0.1801871530848322,0.09009357858312084,-0.04504954070524647,-0.04505329684559278,-0.04503043411126839,-0.04505388142272456
223_CT_4,THERMAL,2020-07-15 10:00:00,0.0,0.0,0.0,0.0,0.0,0.0,0.0
223_CT_5,THERMAL,2020-07-15 10:00:00,0.0,0.0,0.0,0.0,0.0,0.0,0.0
223_CT_6,THERMAL,2020-07-15 10:00:00,0.0,0.0,0.0,0.0,0.0,0.0,0.0
223_STEAM_1,THERMAL,2020-07-15 10:00:00,-0.17998386760727142,0.17998386760727142,0.08999193812520613,-0.04499968218863427,-0.045007537306462224,-0.044972303613283526,-0.04500434449889141
223_STEAM_2,THERMAL,2020-07-15 10:00:00,-0.14921935932214886,0.14921935932214886,0.07460968315054689,-0.03730783961764183,-0.03731391050846367,-0.037285452203596026,-0.03731215699244734
223_STEAM_3,THERMAL,2020-07-15 10:00:00,-0.14936592585543862,0.14936592585543862,0.07468296661541135,-0.03734438559337283,-0.037351389727562356,-0.03732161924290622,-0.037348531291597216
301_CT_1,THERMAL,2020-07-15 10:00:00,2.9293083800295704e-13,2.9293083800295704e-13,2.380391872225284e-13,2.925759209099986e-14,2.9257732209088376e-14,2.344155137028688e-13,0.0
301_CT_2,THERMAL,2020-07-15 10:00:00,4.866786270584253e-10,1.4785418428819722e-09,9.734917150741098e-10,-1.7908888582792466e-10,-3.168427220838487e-10,8.990198111246879e-10,8.35904238455108e-11
301_CT_3,THERMAL,2020-07-15 10:00:00,0.0,0.0,0.0,0.0,0.0,0.0,0.0
301_CT_4,THERMAL,2020-07-15 10:00:00,0.0,0.0,0.0,0.0,0.0,0.0,0.0
302_CT_1,THERMAL,2020-07-15 10:00:00,0.0,0.0,0.0,0.0,0.0,0.0,0.0
302_CT_2,THERMAL,2020-07-15 10:00:00,0.0,0.0,0.0,0.0,0.0,0.0,0.0
302_CT_3,THERMAL,2020-07-15 10:00:00,0.0,0.0,0.0,0.0,0.0,0.0,0.0
302_CT_4,THERMAL,2020-07-15 10:00:00,0.0,0.0,0.0,0.0,0.0,0.0,0.0
303_WIND_1,WIND,2020-07-15 10:00:00,1.0,1.0,1.0,0.0,1.0,0.0,0.0
307_CT_1,THERMAL,2020-07-15 10:00:00,0.0,0.0,0.0,0.0,0.0,0.0,0.0
307_CT_2,THERMAL,2020-07-15 10:00:00,0.0,0.0,0.0,0.0,0.0,0.0,0.0
309_WIND_1,WIND,2020-07-15 10:00:00,1.0,1.0,1.0,0.0,0.0,1.0,0.0
313_CC_1,THERMAL,2020-07-15 10:00:00,-0.15222723953245954,0.15222723953245954,0.07611362406885243,-0.03806048000500306,-0.03806762157875365,-0.03803508187125715,-0.03806405607744568
315_CT_6,THERMAL,2020-07-15 10:00:00,3.2316510578667135e-13,3.2316510578667135e-13,2.507696792757534e-13,3.960026750959855e-14,3.903821710338207e-14,2.4452662117369073e-13,0.0
315_CT_7,THERMAL,2020-07-15 10:00:00,-0.15608271930674184,0.15608271930674184,0.07804136051885831,-0.03901704275265311,-0.03902642501189491,-0.03901304435414236,-0.03902620718805146
315_CT_8,THERMAL,2020-07-15 10:00:00,-0.16491098751725655,0.16491098751725655,0.0824554953223773,-0.041227004705316504,-0.04123324313745542,-0.04121498188590358,-0.04123575778858104
315_STEAM_1,THERMAL,2020-07-15 10:00:00,0.0,0.0,0.0,0.0,0.0,0.0,0.0
315_STEAM_2,THERMAL,2020-07-15 10:00:00,0.0,0.0,0.0,0.0,0.0,0.0,0.0
315_STEAM_3,THERMAL,2020-07-15 10:00:00,0.0,0.0,0.0,0.0,0.0,0.0,0.0
315_STEAM_4,THERMAL,2020-07-15 10:00:00,0.0,0.0,0.0,0.0,0.0,0.0,0.0
315_STEAM_5,THERMAL,2020-07-15 10:00:00,0.0,0.0,0.0,0.0,0.0,0.0,0.0
316_STEAM_1,THERMAL,2020-07-15 10:00:00,-0.15561300939616304,0.15561300939616304,0.07780650787804895,-0.03890573668947739,-0.038912488007782464,-0.03888445604816759,-0.03891032865073559
317_WIND_1,WIND,2020-07-15 10:00:00,1.0,1.0,1.0,0.0,0.0,0.0,1.0
318_CC_1,THERMAL,2020-07-15 10:00:00,-0.25069685772171213,0.25069685772171213,0.12534843790446723,-0.06267734038741901,-0.06269147525492524,-0.062634426387433,-0.06269361569193488
321_CC_1,THERMAL,2020-07-15 10:00:00,-0.18895193723775025,0.18895193723775025,0.09447597224884619,-0.047240558970214064,-0.047248576025186395,-0.04721590273381793,-0.047246899508531864
322_CT_5,THERMAL,2020-07-15 10:00:00,0.0,0.0,0.0,0.0,0.0,0.0,0.0
322_CT_6,THERMAL,2020-07-15 10:00:00,0.0,0.0,0.0,0.0,0.0,0.0,0.0
323_CC_1,THERMAL,2020-07-15 10:00:00,0.2078450342395941,0.2078450342395941,0.1443345384402238,0.031265069751307537,0.021293885451851485,0.13824271637918256,0.017043362657252533
323_CC_2,THERMAL,2020-07-15 10:00:00,0.06174440093033826,0.20462322479336892,0.10544495227857771,0.03648735479505545,0.04627231686780578,-0.07143941193151532,0.05042414119899235
101_CT_1,THERMAL,2020-07-15 11:00:00,0.0,0.0,0.0,0.0,0.0,0.0,0.0
101_CT_2,THERMAL,2020-07-15 11:00:00,0.0,0.0,0.0,0.0,0.0,0.0,0.0
101_STEAM_3,THERMAL,2020-07-15 11:00:00,0.28181088538003096,0.4664320924695996,0.30899230802554073,0.051444798172587625,-0.09231060354478432,0.2883192657061493,0.03435742504607836
101_STEAM_4,THERMAL,2020-07-15 11:00:00,-0.36914747803006603,0.5102057709310286,0.3311953103992502,-0.0734689917772463,0.0705291464504813,-0.31011614892919837,-0.05609148377410267
102_CT_1,THERMAL,2020-07-15 11:00:00,0.0,0.0,0.0,0.0,0.0,0.0,0.0
102_CT_2,THERMAL,2020-07-15 11:00:00,0.0,0.0,0.0,0.0,0.0,0.0,0.0
102_STEAM_3,THERMAL,2020-07-15 11:00:00,-0.20300898711969706,0.20300898711969706,0.10150449375717578,-0.050747209535714655,-0.05075227849086561,-0.050755787980534706,-0.05075371111258208
102_STEAM_4,THERMAL,2020-07-15 11:00:00,-0.2577273964341308,0.2577273964341308,0.12886369844207587,-0.06442567843216063,-0.06443302560941988,-0.06443608675363421,-0.06443260563891604
107_CC_1,THERMAL,2020-07-15 11:00:00,-0.3719953915929418,0.3719953915929418,0.18599769626580065,-0.09299358076292918,-0.09300938544337445,-0.09299290230628543,-0.09299952308035274
113_CT_1,THERMAL,2020-07-15 11:00:00,-1.1080025785759062e-13,1.1080025785759062e-13,1.1080025785759062e-13,0.0,0.0,-1.1080025785759062e-13,0.0
113_CT_2,THERMAL,2020-07-15 11:00:00,0.0,0.0,0.0,0.0,0.0,0.0,0.0
113_CT_3,THERMAL,2020-07-15 11:00:00,0.0,0.0,0.0,0.0,0.0,0.0,0.0
113_CT_4,THERMAL,2020-07-15 11:00:00,0.0,0.0,0.0,0.0,0.0,0.0,0.0
115_STEAM_1,THERMAL,2020-07-15 11:00:00,0.0,0.0,0.0,0.0,0.0,0.0,0.0
115_STEAM_2,THERMAL,2020-07-15 11:00:00,0.0,0.0,0.0,0.0,0.0,0.0,0.0
115_STEAM_3,THERMAL,2020-07-15 11:00:00,-0.21656323448421794,0.21656323448421794,0.10828161738234864,-0.05413609020912413,-0.05414300187136467,-0.054141837987909724,-0.054142304415819395
116_STEAM_1,THERMAL,2020-07-15 11:00:00,-0.24951679558048365,0.24951679558048365,0.12475839800092209,-0.06237307684361593,-0.06238041814392714,-0.062382540085371474,-0.0623807605075691
118_CC_1,THERMAL,2020-07-15 11:00:00,-0.24391478718611792,0.24391478718611792,0.12195739374373722,-0.060973650689661874,-0.06098002853850648,-0.06097940993546658,-0.06098169802248299
122_WIND_1,WIND,2020-07-15 11:00:00,1.0,1.0,1.0,1.0,0.0,0.0,0.0
123_CT_1,THERMAL,2020-07-15 11:00:00,0.0,0.0,0.0,0.0,0.0,0.0,0.0
123_CT_4,THERMAL,2020-07-15 11:00:00,0.0,0.0,0.0,0.0,0.0,0.0,0.0
123_CT_5,THERMAL,2020-07-15 11:00:00,0.0,0.0,0.0,0.0,0.0,0.0,0.0
123_STEAM_2,THERMAL,2020-07-15 11:00:00,-0.2731746999802439,0.2731746999802439,0.13658735022930632,-0.06828867866909194,-0.06829889749060891,-0.06829100497725804,-0.068296118843285
123_STEAM_3,THERMAL,2020-07-15 11:00:00,-0.2919361805181013,0.2919361805181013,0.14596809044721173,-0.07297769283737354,-0.07298670192875178,-0.07298648130626972,-0.07298530444570622
201_CT_1,THERMAL,2020-07-15 11:00:00,0.0,0.0,0.0,0.0,0.0,0.0,0.0
201_CT_2,THERMAL,2020-07-15 11:00:00,0.0,0.0,0.0,0.0,0.0,0.0,0.0
201_STEAM_3,THERMAL,2020-07-15 11:00:00,-0.25134413065434735,0.25134413065434735,0.1256720654803402,-0.06283184242910722,-0.06283932504999923,-0.06283427970591315,-0.06283868346932776
202_CT_1,THERMAL,2020-07-15 11:00:00,0.0,0.0,0.0,0.0,0.0,0.0,0.0
202_CT_2,THERMAL,2020-07-15 11:00:00,0.0,0.0,0.0,0.0,0.0,0.0,0.0
202_STEAM_3,THERMAL,2020-07-15 11:00:00,-0.23699234721743623,0.23699234721743623,0.1184961737529882,-0.059243121878036833,-0.05924966494653569,-0.0592489694172688,-0.05925059097559491
202_STEAM_4,THERMAL,2020-07-15 11:00:00,-0.2578161464054042,0.2578161464054042,0.12890807340592428,-0.0644491611489305,-0.06445846889316378,-0.06445215098955044,-0.0644563653737595
207_CT_1,THERMAL,2020-07-15 11:00:00,2.920787376516275e-13,2.920787376516275e-13,2.371637828203091e-13,2.932600502014374e-14,2.923150335499077e-14,2.3352122927649297e-13,0.0
207_CT_2,THERMAL,2020-07-15 11:00:00,5.7523598732166426e-09,9.059774025808049e-09,5.276886831086235e-09,-1.6537070762957031e-09,4.171646662112756e-09,2.730182372152356e-09,5.042379152472339e-10
212_CSP_1,THERMAL,2020-07-15 11:00:00,-0.3568872561054178,0.3568872561054178,0.17844362826355065,-0.08921446935115096,-0.08922409382220309,-0.08922306613388642,-0.08922562679817735
213_CC_3,THERMAL,2020-07-15 11:00:00,-0.21511307572322627,0.21511307572322627,0.10755653814617455,-0.05377449902645948,-0.053783772916732975,-0.053774644779020164,-0.05378015900101365
213_CT_1,THERMAL,2020-07-15 11:00:00,0.0,0.0,0.0,0.0,0.0,0.0,0.0
213_CT_2,THERMAL,2020-07-15 11:00:00,0.0,0.0,0.0,0.0,0.0,0.0,0.0
215_CT_4,THERMAL,2020-07-15 11:00:00,0.0,0.0,0.0,0.0,0.0,0.0,0.0
215_CT_5,THERMAL,2020-07-15 11:00:00,0.0,0.0,0.0,0.0,0.0,0.0,0.0
216_STEAM_1,THERMAL,2020-07-15 11:00:00,-0.2631658988210289,0.2631658988210289,0.1315829496723582,-0.06578499237520852,-0.06579273326250412,-0.06579650111706847,-0.06579167206624784
218_CC_1,THERMAL,2020-07-15 11:00:00,-0.25136489923848737,0.25136489923848737,0.1256824497861164,-0.06283566998566548,-0.06284356717393091,-0.06284236026582946,-0.06284330181306153
221_CC_1,THERMAL,2020-07-15 11:00:00,-0.23079647469727516,0.23079647469727516,0.11539823762792953,-0.057693316142918505,-0.05769756364056455,-0.057703605296772764,-0.05770198961701935
223_CT_4,THERMAL,2020-07-15 11:00:00,0.0,0.0,0.0,0.0,0.0,0.0,0.0
223_CT_5,THERMAL,2020-07-15 11:00:00,0.0,0.0,0.0,0.0,0.0,0.0,0.0
223_CT_6,THERMAL,2020-07-15 11:00:00,0.0,0.0,0.0,0.0,0.0,0.0,0.0
223_STEAM_1,THERMAL,2020-07-15 11:00:00,-0.7005632735253569,0.7005632735253569,0.35028163804417617,-0.17512168236539866,-0.1751413570794013,-0.17516350290673288,-0.17513673117382403
223_STEAM_2,THERMAL,2020-07-15 11:00:00,-0.7511651185636524,0.7511651185636524,0.3755825622903173,-0.18778035317784264,-0.1878008129083065,-0.18775997129953992,-0.1878239811779634
223_STEAM_3,THERMAL,2020-07-15 11:00:00,-0.3117668142263209,0.3117668142263209,0.1558834073083351,-0.07793503966659543,-0.0779433440889079,-0.07794496794313588,-0.07794346252768171
301_CT_1,THERMAL,2020-07-15 11:00:00,0.0,0.0,0.0,0.0,0.0,0.0,0.0
301_CT_2,THERMAL,2020-07-15 11:00:00,0.0,0.0,0.0,0.0,0.0,0.0,0.0
301_CT_3,THERMAL,2020-07-15 11:00:00,0.0,0.0,0.0,0.0,0.0,0.0,0.0
301_CT_4,THERMAL,2020-07-15 11:00:00,0.0,0.0,0.0,0.0,0.0,0.0,0.0
302_CT_1,THERMAL,2020-07-15 11:00:00,0.0,0.0,0.0,0.0,0.0,0.0,0.0
302_CT_2,THERMAL,2020-07-15 11:00:00,0.0,0.0,0.0,0.0,0.0,0.0,0.0
302_CT_3,THERMAL,2020-07-15 11:00:00,0.0,0.0,0.0,0.0,0.0,0.0,0.0
302_CT_4,THERMAL,2020-07-15 11:00:00,0.0,0.0,0.0,0.0,0.0,0.0,0.0
303_WIND_1,WIND,2020-07-15 11:00:00,1.0,1.0,1.0,0.0,1.0,0.0,0.0
307_CT_1,THERMAL,2020-07-15 11:00:00,0.0,0.0,0.0,0.0,0.0,0.0,0.0
307_CT_2,THERMAL,2020-07-15 11:00:00,0.0,0.0,0.0,0.0,0.0,0.0,0.0
309_WIND_1,WIND,2020-07-15 11:00:00,1.0,1.0,1.0,0.0,0.0,1.0,0.0
313_CC_1,THERMAL,2020-07-15 11:00:00,-0.29116686415119536,0.29116686415119536,0.14558343225037965,-0.07278573094809948,-0.07279477170366011,-0.07279233176164013,-0.07279402973779563
315_CT_6,THERMAL,2020-07-15 11:00:00,3.148661886775983e-13,3.148661886775983e-13,2.464071376281266e-13,3.723410468836619e-14,3.68594044175552e-14,2.407726795716769e-13,0.0
315_CT_7,THERMAL,2020-07-15 11:00:00,-0.16330990917579707,0.16330990917579707,0.08165495586848008,-0.04081929502305663,-0.04082432621155507,-0.04083897622286048,-0.040827311718324884
315_CT_8,THERMAL,2020-07-15 11:00:00,-0.17906716777951867,0.17906716777951867,0.0895335845330778,-0.044766041754508934,-0.04477376557536705,-0.04475885128579756,-0.04476850916384512
315_STEAM_1,THERMAL,2020-07-15 11:00:00,0.0,0.0,0.0,0.0,0.0,0.0,0.0
315_STEAM_2,THERMAL,2020-07-15 11:00:00,0.0,0.0,0.0,0.0,0.0,0.0,0.0
315_STEAM_3,THERMAL,2020-07-15 11:00:00,0.0,0.0,0.0,0.0,0.0,0.0,0.0
315_STEAM_4,THERMAL,2020-07-15 11:00:00,0.0,0.0,0.0,0.0,0.0,0.0,0.0
315_STEAM_5,THERMAL,2020-07-15 11:00:00,0.0,0.0,0.0,0.0,0.0,0.0,0.0
316_STEAM_1,THERMAL,2020-07-15 11:00:00,-0.2893882177479832,0.2893882177479832,0.14469410904752708,-0.07234126817634268,-0.07235063564040356,-0.07234729610535418,-0.07234901782588274
317_WIND_1,WIND,2020-07-15 11:00:00,1.0,1.0,1.0,0.0,0.0,0.0,1.0
318_CC_1,THERMAL,2020-07-15 11:00:00,-0.22847455402182032,0.22847455402182032,0.11423727952444818,-0.05712119475494948,-0.057124343260086086,-0.05709867956767667,-0.05713033643910807
321_CC_1,THERMAL,2020-07-15 11:00:00,-0.21515073135412544,0.21515073135412544,0.10757536631993843,-0.05377992721390701,-0.05378550433505502,-0.053796119494773365,-0.05378918031039003
322_CT_5,THERMAL,2020-07-15 11:00:00,0.0,0.0,0.0,0.0,0.0,0.0,0.0
322_CT_6,THERMAL,2020-07-15 11:00:00,0.0,0.0,0.0,0.0,0.0,0.0,0.0
323_CC_1,THERMAL,2020-07-15 11:00:00,3.5515567641161616,3.5515567641161616,2.4973603995499127,0.3760403915327506,0.08072129547544138,2.353625910973022,0.7411691661349478
323_CC_2,THERMAL,2020-07-15 11:00:00,-0.16284982490386243,2.8501235847878186,1.7579029244197197,0.47117706712455854,0.7664719454734842,-1.5064867048458406,0.10598786734393531
101_CT_1,THERMAL,2020-07-15 12:00:00,0.0,0.0,0.0,0.0,0.0,0.0,0.0
101_CT_2,THERMAL,2020-07-15 12:00:00,0.0,0.0,0.0,0.0,0.0,0.0,0.0
101_STEAM_3,THERMAL,2020-07-15 12:00:00,-0.02586523588408983,0.27586053424333,0.13945828895828397,0.05146775520683765,0.07352989397278245,-0.07285907196955616,-0.07800381309415377
101_STEAM_4,THERMAL,2020-07-15 12:00:00,-0.03191936531001925,0.2761440045029916,0.13989338316112715,-0.06610595000731055,-0.08792573489919489,0.0584563646412935,0.06365595495519268
102_CT_1,THERMAL,2020-07-15 12:00:00,0.0,0.0,0.0,0.0,0.0,0.0,0.0
102_CT_2,THERMAL,2020-07-15 12:00:00,0.0,0.0,0.0,0.0,0.0,0.0,0.0
102_STEAM_3,THERMAL,2020-07-15 12:00:00,-0.20437197146429859,0.20437197146429859,0.10218598811498049,-0.051093158385373205,-0.05110088308591765,-0.05107496047075788,-0.05110296952224985
102_STEAM_4,THERMAL,2020-07-15 12:00:00,-0.17839750587675907,0.17839750587675907,0.08919875561425605,-0.04460025775706167,-0.04460658602616352,-0.04458133311050805,-0.04460932898302583
107_CC_1,THERMAL,2020-07-15 12:00:00,-0.31567366499328914,0.31567366499328914,0.15783683907411197,-0.07892080207391183,-0.07893496564371816,-0.07888051021895848,-0.07893738705670066
113_CT_1,THERMAL,2020-07-15 12:00:00,-1.312283615106935e-13,1.312283615106935e-13,1.312283615106935e-13,0.0,0.0,-1.312283615106935e-13,0.0
113_CT_2,THERMAL,2020-07-15 12:00:00,0.0,0.0,0.0,0.0,0.0,0.0,0.0
113_CT_3,THERMAL,2020-07-15 12:00:00,0.0,0.0,0.0,0.0,0.0,0.0,0.0
113_CT_4,THERMAL,2020-07-15 12:00:00,0.0,0.0,0.0,0.0,0.0,0.0,0.0
115_STEAM_1,THERMAL,2020-07-15 12:00:00,0.0,0.0,0.0,0.0,0.0,0.0,0.0
115_STEAM_2,THERMAL,2020-07-15 12:00:00,0.0,0.0,0.0,0.0,0.0,0.0,0.0
115_STEAM_3,THERMAL,2020-07-15 12:00:00,-0.6185831657634733,0.6185831657634733,0.3092915849945559,-0.15463493176245913,-0.15467466581459366,-0.15464660824072674,-0.1546269599456937
116_STEAM_1,THERMAL,2020-07-15 12:00:00,-0.18749534038029805,0.18749534038029805,0.09374767448633553,-0.04687521836816688,-0.04688565082967955,-0.04685025202507376,-0.04688421915737787
118_CC_1,THERMAL,2020-07-15 12:00:00,-0.1683375260541185,0.1683375260541185,0.08416876421138512,-0.04208327879950513,-0.042088554159708025,-0.042073464988590104,-0.04209222810631524
122_WIND_1,WIND,2020-07-15 12:00:00,1.0,1.0,1.0,1.0,0.0,0.0,0.0
123_CT_1,THERMAL,2020-07-15 12:00:00,0.0,0.0,0.0,0.0,0.0,0.0,0.0
123_CT_4,THERMAL,2020-07-15 12:00:00,0.0,0.0,0.0,0.0,0.0,0.0,0.0
123_CT_5,THERMAL,2020-07-15 12:00:00,0.0,0.0,0.0,0.0,0.0,0.0,0.0
123_STEAM_2,THERMAL,2020-07-15 12:00:00,-0.6576678926584143,0.6576678926584143,0.32883426734684096,-0.16430321482401777,-0.16424008421928793,-0.164811951080857,-0.16431264253425157
123_STEAM_3,THERMAL,2020-07-15 12:00:00,-0.21399825511506548,0.21399825511506548,0.10699912970323444,-0.053498937686426995,-0.053506591581122365,-0.053482418328389514,-0.053510307519126624
201_CT_1,THERMAL,2020-07-15 12:00:00,0.0,0.0,0.0,0.0,0.0,0.0,0.0
201_CT_2,THERMAL,2020-07-15 12:00:00,0.0,0.0,0.0,0.0,0.0,0.0,0.0
201_STEAM_3,THERMAL,2020-07-15 12:00:00,-0.18082735347649062,0.18082735347649062,0.09041368053076508,-0.045208039771230335,-0.045218203512489286,-0.04518512424343868,-0.04521598594933232
202_CT_1,THERMAL,2020-07-15 12:00:00,0.0,0.0,0.0,0.0,0.0,0.0,0.0
202_CT_2,THERMAL,2020-07-15 12:00:00,0.0,0.0,0.0,0.0,0.0,0.0,0.0
202_STEAM_3,THERMAL,2020-07-15 12:00:00,-0.23568455893700896,0.23568455893700896,0.11784228152365239,-0.05892051602933867,-0.05892880922655382,-0.05890346878505844,-0.058931764896058045
202_STEAM_4,THERMAL,2020-07-15 12:00:00,-0.2248991655505981,0.2248991655505981,0.11244958738140588,-0.05622721787376329,-0.05623731547102943,-0.0561978044481635,-0.05623682775764189
207_CT_1,THERMAL,2020-07-15 12:00:00,3.2132183199365207e-13,3.2132183199365207e-13,2.42483549950682e-13,2.9383443043944186e-14,5.844527260119492e-14,2.3349311634851296e-13,0.0
207_CT_2,THERMAL,2020-07-15 12:00:00,2.3037311141552308e-08,4.1887760807369836e-08,2.927915042171958e-08,-6.455953174862347e-10,-8.779629515422529e-09,2.7475418482689355e-08,4.987117491771718e-09
212_CSP_1,THERMAL,2020-07-15 12:00:00,-0.28683974672071505,0.28683974672071505,0.14341988130497604,-0.07171356050237643,-0.071727847371168,-0.07166990306188481,-0.07172843578528583
213_CC_3,THERMAL,2020-07-15 12:00:00,-0.17594443060866197,0.17594443060866197,0.08797221775524117,-0.043985933648734044,-0.043993944085524817,-0.04396922983572793,-0.043995323038675184
213_CT_1,THERMAL,2020-07-15 12:00:00,0.0,0.0,0.0,0.0,0.0,0.0,0.0
213_CT_2,THERMAL,2020-07-15 12:00:00,0.0,0.0,0.0,0.0,0.0,0.0,0.0
215_CT_4,THERMAL,2020-07-15 12:00:00,0.0,0.0,0.0,0.0,0.0,0.0,0.0
215_CT_5,THERMAL,2020-07-15 12:00:00,0.0,0.0,0.0,0.0,0.0,0.0,0.0
216_STEAM_1,THERMAL,2020-07-15 12:00:00,-0.19300887842172745,0.19300887842172745,0.09650444065985625,-0.048251481145878294,-0.04825913489701783,-0.048238830091992924,-0.048259432286838405
218_CC_1,THERMAL,2020-07-15 12:00:00,-0.1994525315777805,0.1994525315777805,0.09972626841405499,-0.04986319669027495,-0.049871930414036925,-0.049844438052844,-0.04987296642062464
221_CC_1,THERMAL,2020-07-15 12:00:00,-0.19193983196017464,0.19193983196017464,0.09596991740659026,-0.047984151944434394,-0.047988792713924866,-0.04797217729672809,-0.04799471000508729
223_CT_4,THERMAL,2020-07-15 12:00:00,0.0,0.0,0.0,0.0,0.0,0.0,0.0
223_CT_5,THERMAL,2020-07-15 12:00:00,0.0,0.0,0.0,0.0,0.0,0.0,0.0
223_CT_6,THERMAL,2020-07-15 12:00:00,0.0,0.0,0.0,0.0,0.0,0.0,0.0
223_STEAM_1,THERMAL,2020-07-15 12:00:00,-0.2257780019715363,0.2257780019715363,0.11288900345230314,-0.05644460360091538,-0.056454163426276155,-0.056425198411033634,-0.05645403653331114
223_STEAM_2,THERMAL,2020-07-15 12:00:00,-0.6199255877556856,0.6199255877556856,0.30996279747156635,-0.1549760673538221,-0.1550207129054039,-0.15495823307352255,-0.15497057442293705
223_STEAM_3,THERMAL,2020-07-15 12:00:00,-0.20714291791615239,0.20714291791615239,0.10357146222571487,-0.051787144849847255,-0.051795110668155786,-0.051764074271599014,-0.05179658812655033
301_CT_1,THERMAL,2020-07-15 12:00:00,0.0,0.0,0.0,0.0,0.0,0.0,0.0
301_CT_2,THERMAL,2020-07-15 12:00:00,0.0,0.0,0.0,0.0,0.0,0.0,0.0
301_CT_3,THERMAL,2020-07-15 12:00:00,0.0,0.0,0.0,0.0,0.0,0.0,0.0
301_CT_4,THERMAL,2020-07-15 12:00:00,0.0,0.0,0.0,0.0,0.0,0.0,0.0
302_CT_1,THERMAL,2020-07-15 12:00:00,0.0,0.0,0.0,0.0,0.0,0.0,0.0
302_CT_2,THERMAL,2020-07-15 12:00:00,0.0,0.0,0.0,0.0,0.0,0.0,0.0
302_CT_3,THERMAL,2020-07-15 12:00:00,0.0,0.0,0.0,0.0,0.0,0.0,0.0
302_CT_4,THERMAL,2020-07-15 12:00:00,0.0,0.0,0.0,0.0,0.0,0.0,0.0
303_WIND_1,WIND,2020-07-15 12:00:00,1.0,1.0,1.0,0.0,1.0,0.0,0.0
307_CT_1,THERMAL,2020-07-15 12:00:00,0.0,0.0,0.0,0.0,0.0,0.0,0.0
307_CT_2,THERMAL,2020-07-15 12:00:00,0.0,0.0,0.0,0.0,0.0,0.0,0.0
309_WIND_1,WIND,2020-07-15 12:00:00,1.0,1.0,1.0,0.0,0.0,1.0,0.0
313_CC_1,THERMAL,2020-07-15 12:00:00,-0.22125108971762314,0.22125108971762314,0.11062554808139904,-0.055312385128011954,-0.055324034321529325,-0.05529110410779836,-0.055323566160283486
315_CT_6,THERMAL,2020-07-15 12:00:00,3.321440344983273e-13,3.321440344983273e-13,2.4847247649802325e-13,3.2182589926321725e-14,6.13398221105399e-14,2.386216224614657e-13,0.0
315_CT_7,THERMAL,2020-07-15 12:00:00,-0.11910921182091434,0.11910921182091434,0.05955461434228831,-0.02978162250386142,-0.0297905078460932,-0.029750406124933744,-0.02978667534602598
315_CT_8,THERMAL,2020-07-15 12:00:00,-0.5227988305129754,0.5227988305129754,0.2613998839046082,-0.1307882762265917,-0.13103123653872853,-0.13062932299843724,-0.1303499947492179
315_STEAM_1,THERMAL,2020-07-15 12:00:00,0.0,0.0,0.0,0.0,0.0,0.0,0.0
315_STEAM_2,THERMAL,2020-07-15 12:00:00,0.0,0.0,0.0,0.0,0.0,0.0,0.0
315_STEAM_3,THERMAL,2020-07-15 12:00:00,0.0,0.0,0.0,0.0,0.0,0.0,0.0
315_STEAM_4,THERMAL,2020-07-15 12:00:00,0.0,0.0,0.0,0.0,0.0,0.0,0.0
315_STEAM_5,THERMAL,2020-07-15 12:00:00,0.0,0.0,0.0,0.0,0.0,0.0,0.0
316_STEAM_1,THERMAL,2020-07-15 12:00:00,-0.673425140399702,0.673425140399702,0.3367125847792042,-0.16833640310480424,-0.16829432994990778,-0.1683637693362705,-0.16843063800871944
317_WIND_1,WIND,2020-07-15 12:00:00,1.0,1.0,1.0,0.0,0.0,0.0,1.0
318_CC_1,THERMAL,2020-07-15 12:00:00,-0.1378533716410253,0.1378533716410253,0.06892671317598072,-0.03447443137039086,-0.034489074806760556,-0.03441096149059675,-0.03447890397327714
321_CC_1,THERMAL,2020-07-15 12:00:00,-0.22220719474714443,0.22220719474714443,0.11110360261207304,-0.05555377499237357,-0.05556637555758748,-0.05552338956483638,-0.055563654632347
322_CT_5,THERMAL,2020-07-15 12:00:00,0.0,0.0,0.0,0.0,0.0,0.0,0.0
322_CT_6,THERMAL,2020-07-15 12:00:00,0.0,0.0,0.0,0.0,0.0,0.0,0.0
323_CC_1,THERMAL,2020-07-15 12:00:00,1.06406145576363,1.8773447564102068,1.020659112165442,0.5021932461988596,0.7628082108354585,-0.40664165032328836,0.20570164905260022
323_CC_2,THERMAL,2020-07-15 12:00:00,2.1763362884462287,2.1763362884462287,1.3935923940490025,0.30806355564186827,0.04761714394508998,1.216543263843563,0.6041123250157074
101_CT_1,THERMAL,2020-07-15 13:00:00,0.0,0.0,0.0,0.0,0.0,0.0,0.0
101_CT_2,THERMAL,2020-07-15 13:00:00,0.0,0.0,0.0,0.0,0.0,0.0,0.0
101_STEAM_3,THERMAL,2020-07-15 13:00:00,0.8366698780927144,1.0157480078229348,0.8064887087057112,0.045846592074426484,0.08466327947753213,0.795699071405866,-0.08953906486511022
101_STEAM_4,THERMAL,2020-07-15 13:00:00,-0.9277679084658195,1.0614976675839858,0.8310106574696738,-0.06881052848501984,-0.10738371609444572,-0.8184385434454371,0.06686487955908313
102_CT_1,THERMAL,2020-07-15 13:00:00,0.0,0.0,0.0,0.0,0.0,0.0,0.0
102_CT_2,THERMAL,2020-07-15 13:00:00,0.0,0.0,0.0,0.0,0.0,0.0,0.0
102_STEAM_3,THERMAL,2020-07-15 13:00:00,-0.25113157713566264,0.25113157713566264,0.1255657891012869,-0.06277603151557272,-0.06278014391273172,-0.06279176897269187,-0.06278363273466635
102_STEAM_4,THERMAL,2020-07-15 13:00:00,-0.27218797696129327,0.27218797696129327,0.13609398862710576,-0.06804159050767748,-0.0680495738944867,-0.06804830198156844,-0.06804851057756067
107_CC_1,THERMAL,2020-07-15 13:00:00,-0.3321262969535503,0.3321262969535503,0.16606314870649175,-0.08302559861974679,-0.08303590952188955,-0.0830291969945165,-0.08303559181739743
113_CT_1,THERMAL,2020-07-15 13:00:00,-7.416289804496046e-14,4.2721381987576024e-13,3.066038024383143e-13,0.0,1.765254609153999e-13,-2.5068835896036035e-13,0.0
113_CT_2,THERMAL,2020-07-15 13:00:00,0.0,0.0,0.0,0.0,0.0,0.0,0.0
113_CT_3,THERMAL,2020-07-15 13:00:00,0.0,0.0,0.0,0.0,0.0,0.0,0.0
113_CT_4,THERMAL,2020-07-15 13:00:00,0.0,0.0,0.0,0.0,0.0,0.0,0.0
115_STEAM_1,THERMAL,2020-07-15 13:00:00,0.0,0.0,0.0,0.0,0.0,0.0,0.0
115_STEAM_2,THERMAL,2020-07-15 13:00:00,0.0,0.0,0.0,0.0,0.0,0.0,0.0
115_STEAM_3,THERMAL,2020-07-15 13:00:00,-0.3088961160820727,0.3088961160820727,0.15444805827597513,-0.07721865643829373,-0.07722706911250476,-0.0772212112589159,-0.0772291792723583
116_STEAM_1,THERMAL,2020-07-15 13:00:00,-0.3364909260406237,0.3364909260406237,0.1682454633388605,-0.08411425803845463,-0.08412290129441935,-0.08412754840191994,-0.08412621830582975
118_CC_1,THERMAL,2020-07-15 13:00:00,-0.22625863736689455,0.22625863736689455,0.11312931897728047,-0.05656170637613833,-0.05656959232169356,-0.056559702738447015,-0.05656763593061566
122_WIND_1,WIND,2020-07-15 13:00:00,1.0,1.0,1.0,1.0,0.0,0.0,0.0
123_CT_1,THERMAL,2020-07-15 13:00:00,1.6697754290362354e-13,1.6697754290362354e-13,1.6697754290362354e-13,0.0,0.0,1.6697754290362354e-13,0.0
123_CT_4,THERMAL,2020-07-15 13:00:00,0.0,0.0,0.0,0.0,0.0,0.0,0.0
123_CT_5,THERMAL,2020-07-15 13:00:00,0.0,0.0,0.0,0.0,0.0,0.0,0.0
123_STEAM_2,THERMAL,2020-07-15 13:00:00,-0.2996284385046376,0.2996284385046376,0.14981421958161364,-0.07490286937346635,-0.0749118305568981,-0.07490147097062305,-0.0749122676036501
123_STEAM_3,THERMAL,2020-07-15 13:00:00,-0.33494668285516566,0.33494668285516566,0.16747334170396216,-0.08372895682012693,-0.08373636304212084,-0.08374004873707008,-0.0837413142558478
201_CT_1,THERMAL,2020-07-15 13:00:00,0.0,0.0,0.0,0.0,0.0,0.0,0.0
201_CT_2,THERMAL,2020-07-15 13:00:00,0.0,0.0,0.0,0.0,0.0,0.0,0.0
201_STEAM_3,THERMAL,2020-07-15 13:00:00,-0.22495683521305312,0.22495683521305312,0.11247841779404867,-0.05623384447108637,-0.05624213636620734,-0.056241393824286945,-0.05623946055147246
202_CT_1,THERMAL,2020-07-15 13:00:00,0.0,0.0,0.0,0.0,0.0,0.0,0.0
202_CT_2,THERMAL,2020-07-15 13:00:00,0.0,0.0,0.0,0.0,0.0,0.0,0.0
202_STEAM_3,THERMAL,2020-07-15 13:00:00,-0.3119036300159433,0.3119036300159433,0.15595181522005716,-0.07797042610414522,-0.07797728409661958,-0.07797436931073548,-0.07798155050444298
202_STEAM_4,THERMAL,2020-07-15 13:00:00,-0.25272508176021063,0.25272508176021063,0.12636254104509653,-0.06317584707929332,-0.06318368441978456,-0.06318179301779253,-0.06318375724334023
207_CT_1,THERMAL,2020-07-15 13:00:00,3.197281390682961e-13,3.197281390682961e-13,2.412953757400769e-13,2.949768832331462e-14,5.783267423164725e-14,2.3239777651333423e-13,0.0
207_CT_2,THERMAL,2020-07-15 13:00:00,4.505309378278269e-08,9.350025671094296e-08,6.679398199523537e-08,2.6261935191444727e-09,-2.4223581464080128e-08,6.201856658748734e-08,4.631915140231004e-09
212_CSP_1,THERMAL,2020-07-15 13:00:00,-0.33443499239097346,0.33443499239097346,0.16721749641393208,-0.08360196765186867,-0.0836125442848008,-0.08360821323564949,-0.08361226721865449
213_CC_3,THERMAL,2020-07-15 13:00:00,-0.26499267440935415,0.26499267440935415,0.13249633744799064,-0.0662473469106164,-0.06625158507574724,-0.06624193347942509,-0.06625180894356543
213_CT_1,THERMAL,2020-07-15 13:00:00,0.0,0.0,0.0,0.0,0.0,0.0,0.0
213_CT_2,THERMAL,2020-07-15 13:00:00,0.0,0.0,0.0,0.0,0.0,0.0,0.0
215_CT_4,THERMAL,2020-07-15 13:00:00,0.0,0.0,0.0,0.0,0.0,0.0,0.0
215_CT_5,THERMAL,2020-07-15 13:00:00,0.0,0.0,0.0,0.0,0.0,0.0,0.0
216_STEAM_1,THERMAL,2020-07-15 13:00:00,-0.27837097553705326,0.27837097553705326,0.13918548795999416,-0.0695880390737802,-0.06959425221476323,-0.06959089393900442,-0.06959779030950543
218_CC_1,THERMAL,2020-07-15 13:00:00,-0.32534689855664456,0.32534689855664456,0.16267344952259047,-0.08132994908192437,-0.0813357891825035,-0.08133936384620455,-0.08134179644601217
221_CC_1,THERMAL,2020-07-15 13:00:00,-0.26378685828530624,0.26378685828530624,0.13189342932572834,-0.06594087719148423,-0.06594887523101178,-0.06594973408461868,-0.06594737177819156
223_CT_4,THERMAL,2020-07-15 13:00:00,-1.687538997430238e-13,1.687538997430238e-13,1.687538997430238e-13,0.0,0.0,-1.687538997430238e-13,0.0
223_CT_5,THERMAL,2020-07-15 13:00:00,0.0,0.0,0.0,0.0,0.0,0.0,0.0
223_CT_6,THERMAL,2020-07-15 13:00:00,0.0,0.0,0.0,0.0,0.0,0.0,0.0
223_STEAM_1,THERMAL,2020-07-15 13:00:00,-0.35134695061443877,0.35134695061443877,0.17567347560068783,-0.08782977659498782,-0.0878407960650737,-0.08783406771945522,-0.08784231023492199
223_STEAM_2,THERMAL,2020-07-15 13:00:00,-0.3348147858589813,0.3348147858589813,0.16740739337988356,-0.08369406749044005,-0.08370458650999488,-0.08371115659520058,-0.08370497526334583
223_STEAM_3,THERMAL,2020-07-15 13:00:00,-0.29568432992091875,0.29568432992091875,0.14784216538295655,-0.07391739090957294,-0.07392515012212542,-0.07391401397676134,-0.07392777491245903
301_CT_1,THERMAL,2020-07-15 13:00:00,0.0,0.0,0.0,0.0,0.0,0.0,0.0
301_CT_2,THERMAL,2020-07-15 13:00:00,0.0,0.0,0.0,0.0,0.0,0.0,0.0
301_CT_3,THERMAL,2020-07-15 13:00:00,0.0,0.0,0.0,0.0,0.0,0.0,0.0
301_CT_4,THERMAL,2020-07-15 13:00:00,0.0,0.0,0.0,0.0,0.0,0.0,0.0
302_CT_1,THERMAL,2020-07-15 13:00:00,0.0,0.0,0.0,0.0,0.0,0.0,0.0
302_CT_2,THERMAL,2020-07-15 13:00:00,0.0,0.0,0.0,0.0,0.0,0.0,0.0
302_CT_3,THERMAL,2020-07-15 13:00:00,0.0,0.0,0.0,0.0,0.0,0.0,0.0
302_CT_4,THERMAL,2020-07-15 13:00:00,0.0,0.0,0.0,0.0,0.0,0.0,0.0
303_WIND_1,WIND,2020-07-15 13:00:00,1.0,1.0,1.0,0.0,1.0,0.0,0.0
307_CT_1,THERMAL,2020-07-15 13:00:00,0.0,0.0,0.0,0.0,0.0,0.0,0.0
307_CT_2,THERMAL,2020-07-15 13:00:00,0.0,0.0,0.0,0.0,0.0,0.0,0.0
309_WIND_1,WIND,2020-07-15 13:00:00,1.0,1.0,1.0,0.0,0.0,1.0,0.0
313_CC_1,THERMAL,2020-07-15 13:00:00,-0.3406462736549775,0.3406462736549775,0.17032313707408686,-0.08515367815862529,-0.08516487557709951,-0.08516346823003573,-0.085164251689217
315_CT_6,THERMAL,2020-07-15 13:00:00,3.4294789230671086e-13,3.4294789230671086e-13,2.531965310006851e-13,3.545080895506203e-14,6.550315845288424e-14,2.419939248987646e-13,0.0
315_CT_7,THERMAL,2020-07-15 13:00:00,-0.16763677786403422,0.16763677786403422,0.0838183895665709,-0.041909956998145016,-0.041906043990248325,-0.04190356874341862,-0.04191720813222225
315_CT_8,THERMAL,2020-07-15 13:00:00,-0.16163468202373324,0.16163468202373324,0.08081734168172383,-0.04040599316927179,-0.04040145063144008,-0.04041362379769348,-0.0404136144253279
315_STEAM_1,THERMAL,2020-07-15 13:00:00,0.0,0.0,0.0,0.0,0.0,0.0,0.0
315_STEAM_2,THERMAL,2020-07-15 13:00:00,0.0,0.0,0.0,0.0,0.0,0.0,0.0
315_STEAM_3,THERMAL,2020-07-15 13:00:00,0.0,0.0,0.0,0.0,0.0,0.0,0.0
315_STEAM_4,THERMAL,2020-07-15 13:00:00,0.0,0.0,0.0,0.0,0.0,0.0,0.0
315_STEAM_5,THERMAL,2020-07-15 13:00:00,0.0,0.0,0.0,0.0,0.0,0.0,0.0
316_STEAM_1,THERMAL,2020-07-15 13:00:00,-0.3008268772128262,0.3008268772128262,0.15041343880837174,-0.07520140458680658,-0.07520760413677507,-0.07520562414509513,-0.07521224434414943
317_WIND_1,WIND,2020-07-15 13:00:00,1.0,1.0,1.0,0.0,0.0,0.0,1.0
318_CC_1,THERMAL,2020-07-15 13:00:00,-0.44300877735681876,0.44300877735681876,0.22150439962483656,-0.11072719841526713,-0.11074592535980798,-0.11081081818557692,-0.1107248353961667
321_CC_1,THERMAL,2020-07-15 13:00:00,-0.2575196549266261,0.2575196549266261,0.12875982765528635,-0.0643738883730709,-0.0643811321740877,-0.06438253413298156,-0.06438210024648593
322_CT_5,THERMAL,2020-07-15 13:00:00,0.0,0.0,0.0,0.0,0.0,0.0,0.0
322_CT_6,THERMAL,2020-07-15 13:00:00,0.0,0.0,0.0,0.0,0.0,0.0,0.0
323_CC_1,THERMAL,2020-07-15 13:00:00,1.8575111675240086,1.8575111675240086,0.9770682883449712,0.45209821876455286,0.4652329057419775,0.6844013924739691,0.255778650543509
323_CC_2,THERMAL,2020-07-15 13:00:00,1.5048905253088096,1.5048905253088096,0.8113100632285808,0.3885370349705039,0.3753446541951393,0.1562238378755474,0.584784998267619
101_CT_1,THERMAL,2020-07-15 14:00:00,0.0,0.0,0.0,0.0,0.0,0.0,0.0
101_CT_2,THERMAL,2020-07-15 14:00:00,0.0,0.0,0.0,0.0,0.0,0.0,0.0
101_STEAM_3,THERMAL,2020-07-15 14:00:00,-0.5286311401148223,0.9397022483575077,0.6444255373749972,-0.12902193679677096,0.1779841435838465,-0.605144757439394,0.027551410537496195
101_STEAM_4,THERMAL,2020-07-15 14:00:00,0.46921724027035594,0.9393941433852119,0.632797800464622,0.11397814927732244,-0.19278430897470222,0.5903275425504615,-0.04230414258272577
102_CT_1,THERMAL,2020-07-15 14:00:00,0.0,0.0,0.0,0.0,0.0,0.0,0.0
102_CT_2,THERMAL,2020-07-15 14:00:00,0.0,0.0,0.0,0.0,0.0,0.0,0.0
102_STEAM_3,THERMAL,2020-07-15 14:00:00,-0.13865480897579546,0.13865480897579546,0.0693274046242599,-0.03466016142516362,-0.03466540183711095,-0.03466556789647218,-0.03466367781704871
102_STEAM_4,THERMAL,2020-07-15 14:00:00,-0.1622652228372321,0.1622652228372321,0.08113261154851352,-0.040562374118893824,-0.040568015705568033,-0.04056775459649603,-0.04056707841627423
107_CC_1,THERMAL,2020-07-15 14:00:00,-0.19957738627805102,0.19957738627805102,0.0997886932180349,-0.049891201748919034,-0.049896312678422206,-0.049894124036608645,-0.04989574781410113
113_CT_1,THERMAL,2020-07-15 14:00:00,0.0,0.0,0.0,0.0,0.0,0.0,0.0
113_CT_2,THERMAL,2020-07-15 14:00:00,0.0,0.0,0.0,0.0,0.0,0.0,0.0
113_CT_3,THERMAL,2020-07-15 14:00:00,0.0,0.0,0.0,0.0,0.0,0.0,0.0
113_CT_4,THERMAL,2020-07-15 14:00:00,0.0,0.0,0.0,0.0,0.0,0.0,0.0
115_STEAM_1,THERMAL,2020-07-15 14:00:00,0.0,0.0,0.0,0.0,0.0,0.0,0.0
115_STEAM_2,THERMAL,2020-07-15 14:00:00,0.0,0.0,0.0,0.0,0.0,0.0,0.0
115_STEAM_3,THERMAL,2020-07-15 14:00:00,-0.14785823603413603,0.14785823603413603,0.07392911813662323,-0.036961007496694176,-0.03696498702376516,-0.036966084198768456,-0.03696615731490824
116_STEAM_1,THERMAL,2020-07-15 14:00:00,-0.14527709592435228,0.14527709592435228,0.07263854807827334,-0.03631574174262697,-0.03632011524816958,-0.03632079434368407,-0.036320444589871645
118_CC_1,THERMAL,2020-07-15 14:00:00,-0.17014263512669758,0.17014263512669758,0.08507131772257884,-0.04253193734228411,-0.04253464363213144,-0.04253873225085769,-0.04253732190142435
122_WIND_1,WIND,2020-07-15 14:00:00,1.0,1.0,1.0,1.0,0.0,0.0,0.0
123_CT_1,THERMAL,2020-07-15 14:00:00,0.0,0.0,0.0,0.0,0.0,0.0,0.0
123_CT_4,THERMAL,2020-07-15 14:00:00,0.0,0.0,0.0,0.0,0.0,0.0,0.0
123_CT_5,THERMAL,2020-07-15 14:00:00,0.0,0.0,0.0,0.0,0.0,0.0,0.0
123_STEAM_2,THERMAL,2020-07-15 14:00:00,-0.15575043231169064,0.15575043231169064,0.07787521628038717,-0.03893406030914859,-0.038937740027490175,-0.03893862336096099,-0.03894000861409088
123_STEAM_3,THERMAL,2020-07-15 14:00:00,-0.1810002797968156,0.1810002797968156,0.09050014008886982,-0.04524525159735271,-0.0452507964309925,-0.045253201629964934,-0.04525103013850546
201_CT_1,THERMAL,2020-07-15 14:00:00,0.0,0.0,0.0,0.0,0.0,0.0,0.0
201_CT_2,THERMAL,2020-07-15 14:00:00,0.0,0.0,0.0,0.0,0.0,0.0,0.0
201_STEAM_3,THERMAL,2020-07-15 14:00:00,-0.10326188536631747,0.10326188536631747,0.05163094304441362,-0.02581251412154595,-0.02581953835938311,-0.025817304145650866,-0.025812528739737543
202_CT_1,THERMAL,2020-07-15 14:00:00,0.25696918711407835,0.25696918711407835,0.12848459383178684,0.06423583386814044,0.06424584132570399,0.06424620649416002,0.06424130542607391
202_CT_2,THERMAL,2020-07-15 14:00:00,0.0,0.0,0.0,0.0,0.0,0.0,0.0
202_STEAM_3,THERMAL,2020-07-15 14:00:00,-0.15569024068209833,0.15569024068209833,0.07784512070000423,-0.03891774933853705,-0.03892040621903585,-0.038927429660510826,-0.038924655464014614
202_STEAM_4,THERMAL,2020-07-15 14:00:00,-0.4669392379248998,0.4669392379248998,0.23346962089095927,-0.11671692910555014,-0.11674024053096717,-0.11675642569563222,-0.11672564259275023
207_CT_1,THERMAL,2020-07-15 14:00:00,2.9304392815407035e-13,2.9304392815407035e-13,2.3805311559990025e-13,2.9336591288169746e-14,2.9291807831756136e-14,2.3441552903414447e-13,0.0
207_CT_2,THERMAL,2020-07-15 14:00:00,-1.1544405514290683e-08,3.490044676701776e-08,2.4461357654110534e-08,1.2339290988402155e-09,6.449815588599509e-09,-2.322242614065422e-08,3.994275938923811e-09
212_CSP_1,THERMAL,2020-07-15 14:00:00,-0.15706688477499492,0.15706688477499492,0.0785334425303222,-0.03926287339772694,-0.03926901470065847,-0.03926825972558312,-0.03926673695102638
213_CC_3,THERMAL,2020-07-15 14:00:00,-0.1646787229555892,0.1646787229555892,0.08233936218247451,-0.04116868552763586,-0.04117604351274551,-0.04116151220198461,-0.04117248171322321
213_CT_1,THERMAL,2020-07-15 14:00:00,0.0,0.0,0.0,0.0,0.0,0.0,0.0
213_CT_2,THERMAL,2020-07-15 14:00:00,0.0,0.0,0.0,0.0,0.0,0.0,0.0
215_CT_4,THERMAL,2020-07-15 14:00:00,0.0,0.0,0.0,0.0,0.0,0.0,0.0
215_CT_5,THERMAL,2020-07-15 14:00:00,0.0,0.0,0.0,0.0,0.0,0.0,0.0
216_STEAM_1,THERMAL,2020-07-15 14:00:00,-0.1504166570540851,0.1504166570540851,0.07520832865273185,-0.03760047997294769,-0.03760589810659942,-0.03760559961378718,-0.03760467936075081
218_CC_1,THERMAL,2020-07-15 14:00:00,-0.19417862011528422,0.19417862011528422,0.09708931030132008,-0.0485393461385315,-0.04854691314338844,-0.04854834606188163,-0.04854401477148265
221_CC_1,THERMAL,2020-07-15 14:00:00,-0.1511987831737309,0.1511987831737309,0.07559939189445368,-0.03779635989259589,-0.037796697960251535,-0.03780464221582491,-0.037801083105058565
223_CT_4,THERMAL,2020-07-15 14:00:00,0.0,0.0,0.0,0.0,0.0,0.0,0.0
223_CT_5,THERMAL,2020-07-15 14:00:00,0.0,0.0,0.0,0.0,0.0,0.0,0.0
223_CT_6,THERMAL,2020-07-15 14:00:00,0.0,0.0,0.0,0.0,0.0,0.0,0.0
223_STEAM_1,THERMAL,2020-07-15 14:00:00,-0.14747701612897257,0.14747701612897257,0.07373850825582597,-0.03686518546450144,-0.0368699659452437,-0.03687259437288927,-0.036869270346338155
223_STEAM_2,THERMAL,2020-07-15 14:00:00,-0.15858338452719928,0.15858338452719928,0.07929169241373674,-0.03964177537374105,-0.03964676061621244,-0.039648267139893986,-0.039646581397351804
223_STEAM_3,THERMAL,2020-07-15 14:00:00,-0.16615013647696417,0.16615013647696417,0.08307506838542159,-0.04153337489168685,-0.041539467052946755,-0.041539318242801215,-0.04153797628952935
301_CT_1,THERMAL,2020-07-15 14:00:00,0.0,0.0,0.0,0.0,0.0,0.0,0.0
301_CT_2,THERMAL,2020-07-15 14:00:00,0.0,0.0,0.0,0.0,0.0,0.0,0.0
301_CT_3,THERMAL,2020-07-15 14:00:00,0.0,0.0,0.0,0.0,0.0,0.0,0.0
301_CT_4,THERMAL,2020-07-15 14:00:00,0.0,0.0,0.0,0.0,0.0,0.0,0.0
302_CT_1,THERMAL,2020-07-15 14:00:00,0.0,0.0,0.0,0.0,0.0,0.0,0.0
302_CT_2,THERMAL,2020-07-15 14:00:00,0.0,0.0,0.0,0.0,0.0,0.0,0.0
302_CT_3,THERMAL,2020-07-15 14:00:00,0.0,0.0,0.0,0.0,0.0,0.0,0.0
302_CT_4,THERMAL,2020-07-15 14:00:00,0.0,0.0,0.0,0.0,0.0,0.0,0.0
303_WIND_1,WIND,2020-07-15 14:00:00,1.0,1.0,1.0,0.0,1.0,0.0,0.0
307_CT_1,THERMAL,2020-07-15 14:00:00,8.334426271896851e-11,2.9784003728828578e-09,1.925799166791385e-09,-2.332104509505939e-10,-1.1426313228923846e-09,1.5308723178009132e-09,-7.168628123896619e-11
307_CT_2,THERMAL,2020-07-15 14:00:00,0.0,0.0,0.0,0.0,0.0,0.0,0.0
309_WIND_1,WIND,2020-07-15 14:00:00,1.0,1.0,1.0,0.0,0.0,1.0,0.0
313_CC_1,THERMAL,2020-07-15 14:00:00,-0.13116016959099758,0.13116016959099758,0.06558008490159889,-0.032787292572060256,-0.03279242977056995,-0.032789680793271714,-0.03279076645509567
315_CT_6,THERMAL,2020-07-15 14:00:00,-0.16333822550603702,0.16333822550603702,0.08166911669676613,-0.04083895899725982,-0.04084614808373898,-0.040813096212399244,-0.04084002221263897
315_CT_7,THERMAL,2020-07-15 14:00:00,-0.1654437090242138,0.1654437090242138,0.08272185550630778,-0.04136214864357359,-0.04137084677503644,-0.04135423080549229,-0.04135648280011148
315_CT_8,THERMAL,2020-07-15 14:00:00,-0.12644719330545914,0.12644719330545914,0.06322359690947134,-0.03160738288511792,-0.03161155282283735,-0.03161514015406697,-0.03161311744343691
315_STEAM_1,THERMAL,2020-07-15 14:00:00,0.0,0.0,0.0,0.0,0.0,0.0,0.0
315_STEAM_2,THERMAL,2020-07-15 14:00:00,0.0,0.0,0.0,0.0,0.0,0.0,0.0
315_STEAM_3,THERMAL,2020-07-15 14:00:00,0.0,0.0,0.0,0.0,0.0,0.0,0.0
315_STEAM_4,THERMAL,2020-07-15 14:00:00,0.0,0.0,0.0,0.0,0.0,0.0,0.0
315_STEAM_5,THERMAL,2020-07-15 14:00:00,0.0,0.0,0.0,0.0,0.0,0.0,0.0
316_STEAM_1,THERMAL,2020-07-15 14:00:00,-0.1673791407061881,0.1673791407061881,0.08368957059775106,-0.04183999000445482,-0.041844202204836645,-0.041848730181042626,-0.041846218315854014
317_WIND_1,WIND,2020-07-15 14:00:00,1.0,1.0,1.0,0.0,0.0,0.0,1.0
318_CC_1,THERMAL,2020-07-15 14:00:00,-0.20393267412666316,0.20393267412666316,0.10196634070552547,-0.0509716856578204,-0.050976131745276376,-0.05100639082385072,-0.05097846589971566
321_CC_1,THERMAL,2020-07-15 14:00:00,-0.14628553128979607,0.14628553128979607,0.07314276586173092,-0.036567298062767595,-0.03657087012692983,-0.03657513122230327,-0.03657223187779537
322_CT_5,THERMAL,2020-07-15 14:00:00,0.0,0.0,0.0,0.0,0.0,0.0,0.0
322_CT_6,THERMAL,2020-07-15 14:00:00,0.0,0.0,0.0,0.0,0.0,0.0,0.0
323_CC_1,THERMAL,2020-07-15 14:00:00,0.05205314433048623,0.11521655045451278,0.059017089658583925,0.03462080920524442,0.01795627471854433,-0.03158170306201327,0.031057763468710753
323_CC_2,THERMAL,2020-07-15 14:00:00,0.17054588988623462,0.17054588988623462,0.10039122462338204,0.021118909275400315,0.03767918430096662,0.08724971473998636,0.02449808156988134
101_CT_1,THERMAL,2020-07-15 15:00:00,0.0,0.0,0.0,0.0,0.0,0.0,0.0
101_CT_2,THERMAL,2020-07-15 15:00:00,0.0,0.0,0.0,0.0,0.0,0.0,0.0
101_STEAM_3,THERMAL,2020-07-15 15:00:00,-0.18513776416871436,0.28111573675731044,0.16635839490021553,0.04798898629429803,-0.09905209479923845,-0.12436467130088369,-0.009709984362890254
101_STEAM_4,THERMAL,2020-07-15 15:00:00,0.16740521670501854,0.27427879707126335,0.16237838869783042,-0.05343679018312242,0.09315797411985924,0.12164009730784658,0.0060439354604351235
102_CT_1,THERMAL,2020-07-15 15:00:00,-1.7132457609620595e-06,7.255594767363465e-06,4.35294115961881e-06,-8.525859618256702e-07,2.771174503200703e-06,-3.2206725729049263e-06,-4.1116172943216585e-07
102_CT_2,THERMAL,2020-07-15 15:00:00,-1.9702335932609403e-06,8.383664759072083e-06,4.751442086433565e-06,-1.2197368941303734e-06,3.2067155829055715e-06,-3.1983713761414283e-06,-7.588409058947101e-07
102_STEAM_3,THERMAL,2020-07-15 15:00:00,-2.742507206783796e-07,2.742507206783796e-07,1.399671246416109e-07,-8.168034651512786e-08,-4.501736979151073e-08,-7.559430870744437e-08,-7.195869566429666e-08
102_STEAM_4,THERMAL,2020-07-15 15:00:00,-3.0586536310771235e-07,3.0586536310771235e-07,1.6729133156960702e-07,-9.702074341055348e-08,-3.989271117482761e-08,-1.212833099448359e-07,-4.766859857749536e-08
107_CC_1,THERMAL,2020-07-15 15:00:00,-8.309595262762247e-07,8.309595262762247e-07,4.1967772321519625e-07,-2.2625958151500924e-07,-1.586321707325311e-07,-2.1112594783545546e-07,-2.3494182619322899e-07
113_CT_1,THERMAL,2020-07-15 15:00:00,0.0,0.0,0.0,0.0,0.0,0.0,0.0
113_CT_2,THERMAL,2020-07-15 15:00:00,0.0,0.0,0.0,0.0,0.0,0.0,0.0
113_CT_3,THERMAL,2020-07-15 15:00:00,0.0,0.0,0.0,0.0,0.0,0.0,0.0
113_CT_4,THERMAL,2020-07-15 15:00:00,0.0,0.0,0.0,0.0,0.0,0.0,0.0
115_STEAM_1,THERMAL,2020-07-15 15:00:00,0.0,0.0,0.0,0.0,0.0,0.0,0.0
115_STEAM_2,THERMAL,2020-07-15 15:00:00,0.0,0.0,0.0,0.0,0.0,0.0,0.0
115_STEAM_3,THERMAL,2020-07-15 15:00:00,-1.5271844262492984e-07,1.5271844262492984e-07,7.793969137610236e-08,-4.471948256146163e-08,-3.500370726605695e-08,-2.687083089369935e-08,-4.6124421903711914e-08
116_STEAM_1,THERMAL,2020-07-15 15:00:00,-2.422868618158231e-07,2.422868618158231e-07,1.2863770438342185e-07,-5.7866394564953794e-08,-2.8660800954760646e-08,-8.899651060545466e-08,-6.676315569065398e-08
118_CC_1,THERMAL,2020-07-15 15:00:00,-1.9163299961871678e-07,1.9163299961871678e-07,9.770010022433445e-08,-6.250011685970946e-08,-3.777410562122441e-08,-4.1266405403916906e-08,-5.0092371733866e-08
122_WIND_1,WIND,2020-07-15 15:00:00,1.0,1.0,1.0,1.0,0.0,0.0,0.0
123_CT_1,THERMAL,2020-07-15 15:00:00,0.0,0.0,0.0,0.0,0.0,0.0,0.0
123_CT_4,THERMAL,2020-07-15 15:00:00,0.0,0.0,0.0,0.0,0.0,0.0,0.0
123_CT_5,THERMAL,2020-07-15 15:00:00,0.0,0.0,0.0,0.0,0.0,0.0,0.0
123_STEAM_2,THERMAL,2020-07-15 15:00:00,-2.680433983045762e-07,2.680433983045762e-07,1.3632385330732025e-07,-8.656500716242022e-08,-5.343836029236826e-08,-5.966631499987329e-08,-6.837371584991445e-08
123_STEAM_3,THERMAL,2020-07-15 15:00:00,-3.345745284711577e-07,3.345745284711577e-07,1.728120197962492e-07,-1.0150649720763738e-07,-7.38930396870785e-08,-5.283020776403191e-08,-1.063447838124099e-07
201_CT_1,THERMAL,2020-07-15 15:00:00,-1.5106004012655352e-06,1.5900539061840303e-06,9.085067162899757e-07,-4.192430924381738e-07,3.972675245924755e-08,-6.302177265329044e-07,-5.008663347537046e-07
201_CT_2,THERMAL,2020-07-15 15:00:00,-1.157868690317814e-06,1.3317460521833484e-06,7.310590010953765e-07,-3.5871752362810176e-07,8.69386809327672e-08,-4.961159048298149e-07,-3.899739427926646e-07
201_STEAM_3,THERMAL,2020-07-15 15:00:00,-1.287836035105748e-06,1.287836035105748e-06,6.50878561081812e-07,-3.564960877056045e-07,-2.430082475801676e-07,-3.614887804648248e-07,-3.26842919355151e-07
202_CT_1,THERMAL,2020-07-15 15:00:00,-1.3041413552652968e-06,1.3731940750738888e-06,8.587763051421029e-07,-2.7470483290483304e-07,3.4526359904296033e-08,-7.497352242286113e-07,-3.1422765803614856e-07
202_CT_2,THERMAL,2020-07-15 15:00:00,-1.1218963541260539e-06,1.1218963541260539e-06,6.473110451820859e-07,-2.965377430870041e-07,-3.590384985973022e-08,-4.900386069234243e-07,-2.994161542558952e-07
202_STEAM_3,THERMAL,2020-07-15 15:00:00,-1.7719545965740416e-06,1.7719545965740416e-06,9.125755403281981e-07,-4.5065263693966273e-07,-3.3003176854548224e-07,-6.170374297573115e-07,-3.742327613315852e-07
202_STEAM_4,THERMAL,2020-07-15 15:00:00,-1.4340458275126996e-06,1.4340458275126996e-06,7.274017538856144e-07,-3.859602887745791e-07,-2.758324596859075e-07,-4.4033452867771565e-07,-3.319185503744973e-07
207_CT_1,THERMAL,2020-07-15 15:00:00,1.7564909882684327e-13,1.7564909882684327e-13,1.2418828357017582e-13,2.9239808372883184e-14,2.9330260805045116e-14,1.1707902964891497e-13,0.0
207_CT_2,THERMAL,2020-07-15 15:00:00,5.427566821214152e-09,8.797599433907983e-09,7.196796624453612e-09,-4.1312943275031266e-10,-9.717401531776098e-10,7.1125831275610674e-09,-3.0014672041899274e-10
212_CSP_1,THERMAL,2020-07-15 15:00:00,-2.6025341268253442e-06,2.6025341268253442e-06,1.3171589220423135e-06,-6.550587783316075e-07,-5.157574514136343e-07,-8.021485937703687e-07,-6.295693033097338e-07
213_CC_3,THERMAL,2020-07-15 15:00:00,-2.409232160052314e-06,2.409232160052314e-06,1.2206718287041877e-06,-6.314035017052078e-07,-4.849312913446369e-07,-7.474911827287656e-07,-5.45406184273704e-07
213_CT_1,THERMAL,2020-07-15 15:00:00,0.0,0.0,0.0,0.0,0.0,0.0,0.0
213_CT_2,THERMAL,2020-07-15 15:00:00,0.0,0.0,0.0,0.0,0.0,0.0,0.0
215_CT_4,THERMAL,2020-07-15 15:00:00,0.0,0.0,0.0,0.0,0.0,0.0,0.0
215_CT_5,THERMAL,2020-07-15 15:00:00,0.0,0.0,0.0,0.0,0.0,0.0,0.0
216_STEAM_1,THERMAL,2020-07-15 15:00:00,-6.787399130893048e-07,6.787399130893048e-07,3.4530568183906937e-07,-1.722112541457932e-07,-1.2213203026689712e-07,-2.119806419287329e-07,-1.7241598674788163e-07
218_CC_1,THERMAL,2020-07-15 15:00:00,-5.950034275011651e-07,5.950034275011651e-07,3.004615611911241e-07,-1.581790847193787e-07,-1.1937741994927364e-07,-1.411268124584808e-07,-1.7632011037403194e-07
221_CC_1,THERMAL,2020-07-15 15:00:00,-7.653461194780153e-07,7.653461194780153e-07,3.8815350795539494e-07,-2.2640278785068801e-07,-1.7641713379035195e-07,-1.4542111070880992e-07,-2.1710508712816544e-07
223_CT_4,THERMAL,2020-07-15 15:00:00,0.0,0.0,0.0,0.0,0.0,0.0,0.0
223_CT_5,THERMAL,2020-07-15 15:00:00,0.0,0.0,0.0,0.0,0.0,0.0,0.0
223_CT_6,THERMAL,2020-07-15 15:00:00,0.0,0.0,0.0,0.0,0.0,0.0,0.0
223_STEAM_1,THERMAL,2020-07-15 15:00:00,-0.006614672979914754,0.006614672979914754,0.003320382713409146,-0.001690110952090398,-0.0014248176489212057,-0.001834298611917899,-0.0016654457669852513
223_STEAM_2,THERMAL,2020-07-15 15:00:00,-0.00744171673544043,0.00744171673544043,0.0037355293584793794,-0.0019014579546763088,-0.0016029804555229958,-0.0020635353919030335,-0.0018737429333380918
223_STEAM_3,THERMAL,2020-07-15 15:00:00,-0.14692992629545032,0.14692992629545032,0.07375554742622996,-0.037547406965932284,-0.03163918357252271,-0.04074542637804779,-0.03699790937894753
301_CT_1,THERMAL,2020-07-15 15:00:00,-0.028847637927435443,0.06261952714348784,0.03410089336862973,-0.011353576616046197,0.0168859446080262,-0.026073687379681635,-0.008306318539733808
301_CT_2,THERMAL,2020-07-15 15:00:00,-0.029592584753596773,0.06421145629048985,0.03496630455765084,-0.011645091408596313,0.01730943576844654,-0.026735939745450073,-0.008520989367996926
301_CT_3,THERMAL,2020-07-15 15:00:00,0.0,0.0,0.0,0.0,0.0,0.0,0.0
301_CT_4,THERMAL,2020-07-15 15:00:00,0.0,0.0,0.0,0.0,0.0,0.0,0.0
302_CT_1,THERMAL,2020-07-15 15:00:00,-2.6744578555434835e-06,1.5792163755089408e-05,9.538441733240031e-06,-1.6759084240790413e-06,6.558852949772962e-06,-6.659454933982069e-06,-8.979474472553353e-07
302_CT_2,THERMAL,2020-07-15 15:00:00,-1.9264643686284997e-06,1.2810841087573149e-05,7.61833974999569e-06,-1.3169967053717878e-06,5.442188359472324e-06,-5.072280524338112e-06,-9.793754983909247e-07
302_CT_3,THERMAL,2020-07-15 15:00:00,0.0,0.0,0.0,0.0,0.0,0.0,0.0
302_CT_4,THERMAL,2020-07-15 15:00:00,0.0,0.0,0.0,0.0,0.0,0.0,0.0
303_WIND_1,WIND,2020-07-15 15:00:00,1.0,1.0,1.0,0.0,1.0,0.0,0.0
307_CT_1,THERMAL,2020-07-15 15:00:00,1.9591351839216144e-09,2.6915191152005604e-09,2.154895307234047e-09,-8.12877543054924e-12,-3.5806319020892374e-10,2.1144317408072766e-09,2.1089540875381075e-10
307_CT_2,THERMAL,2020-07-15 15:00:00,0.0,0.0,0.0,0.0,0.0,0.0,0.0
309_WIND_1,WIND,2020-07-15 15:00:00,1.0,1.0,1.0,0.0,0.0,1.0,0.0
313_CC_1,THERMAL,2020-07-15 15:00:00,-7.634687844669305e-08,8.023425109269841e-08,5.0600912989426607e-08,-2.265932930178849e-08,1.94368632300268e-09,-4.35606501980601e-08,-1.2070585269847144e-08
315_CT_6,THERMAL,2020-07-15 15:00:00,-0.21503885003347684,0.21503885003347684,0.10831558494722363,-0.05190932385702274,-0.06399551217374284,-0.045793010800946415,-0.053341003201764825
315_CT_7,THERMAL,2020-07-15 15:00:00,-0.2150307428518425,0.2150307428518425,0.10831281027590649,-0.05191541583775941,-0.0639987867465632,-0.045779018493321735,-0.05333752177419818
315_CT_8,THERMAL,2020-07-15 15:00:00,-0.21502811674002845,0.21502811674002845,0.10831172260997857,-0.051911043214994936,-0.06399952636176999,-0.04577794068992032,-0.0533396064733432
315_STEAM_1,THERMAL,2020-07-15 15:00:00,0.0,0.0,0.0,0.0,0.0,0.0,0.0
315_STEAM_2,THERMAL,2020-07-15 15:00:00,0.0,0.0,0.0,0.0,0.0,0.0,0.0
315_STEAM_3,THERMAL,2020-07-15 15:00:00,0.0,0.0,0.0,0.0,0.0,0.0,0.0
315_STEAM_4,THERMAL,2020-07-15 15:00:00,0.0,0.0,0.0,0.0,0.0,0.0,0.0
315_STEAM_5,THERMAL,2020-07-15 15:00:00,0.0,0.0,0.0,0.0,0.0,0.0,0.0
316_STEAM_1,THERMAL,2020-07-15 15:00:00,-0.6385882795055942,0.6385882795055942,0.319649297389365,-0.16153374863139258,-0.1479147656661695,-0.16888560687276089,-0.16025415833527124
317_WIND_1,WIND,2020-07-15 15:00:00,1.0,1.0,1.0,0.0,0.0,0.0,1.0
318_CC_1,THERMAL,2020-07-15 15:00:00,-1.2449229847568728,1.2449229847568728,0.6226005526087899,-0.3090596447137226,-0.3215340923557434,-0.3033436757232195,-0.3109855719641872
321_CC_1,THERMAL,2020-07-15 15:00:00,-1.234204148120875,1.234204148120875,0.6178441577353763,-0.30407507861790495,-0.3322069208689459,-0.2902185453790729,-0.3077036032549512
322_CT_5,THERMAL,2020-07-15 15:00:00,0.0,0.0,0.0,0.0,0.0,0.0,0.0
322_CT_6,THERMAL,2020-07-15 15:00:00,0.0,0.0,0.0,0.0,0.0,0.0,0.0
323_CC_1,THERMAL,2020-07-15 15:00:00,-9.028356779659525e-08,9.028356779659525e-08,4.553859111767095e-08,-2.6963361212677764e-08,-1.9917059999043132e-08,-1.968482004060465e-08,-2.3718326544269708e-08
323_CC_2,THERMAL,2020-07-15 15:00:00,-1.0864825475728763e-07,1.0864825475728763e-07,5.612282216265097e-08,-3.8382397369291684e-08,-1.8961039851549075e-08,-2.4963367328884627e-08,-2.634145020756224e-08
101_CT_1,THERMAL,2020-07-15 16:00:00,0.0,0.0,0.0,0.0,0.0,0.0,0.0
101_CT_2,THERMAL,2020-07-15 16:00:00,0.0,0.0,0.0,0.0,0.0,0.0,0.0
101_STEAM_3,THERMAL,2020-07-15 16:00:00,-0.14511217359933049,0.1875682751822937,0.1455501535968595,-0.016416436754921722,0.0212280507914816,-0.14288150301289546,-0.007042284622994924
101_STEAM_4,THERMAL,2020-07-15 16:00:00,0.1195627283257514,0.17884668176718843,0.14198214805648512,0.00936884776380686,-0.029641976720718513,0.1385308821683879,0.0013049751142751556
102_CT_1,THERMAL,2020-07-15 16:00:00,0.0,0.0,0.0,0.0,0.0,0.0,0.0
102_CT_2,THERMAL,2020-07-15 16:00:00,0.0,0.0,0.0,0.0,0.0,0.0,0.0
102_STEAM_3,THERMAL,2020-07-15 16:00:00,-1.8965544008970282e-07,1.8965544008970282e-07,9.799757279999944e-08,-4.385566430440927e-08,-3.103065371686963e-08,-6.548788821616277e-08,-4.928123385226112e-08
102_STEAM_4,THERMAL,2020-07-15 16:00:00,-2.1566973482403025e-07,2.1566973482403025e-07,1.1116413277038593e-07,-4.961602619437163e-08,-3.499759670591974e-08,-7.197128294054359e-08,-5.908482898319531e-08
107_CC_1,THERMAL,2020-07-15 16:00:00,-3.9648652234603346e-07,3.9648652234603346e-07,2.0230681256168435e-07,-1.0167224218093907e-07,-6.646853378811102e-08,-1.213088962614961e-07,-1.0703685011548724e-07
113_CT_1,THERMAL,2020-07-15 16:00:00,0.0,0.0,0.0,0.0,0.0,0.0,0.0
113_CT_2,THERMAL,2020-07-15 16:00:00,0.0,0.0,0.0,0.0,0.0,0.0,0.0
113_CT_3,THERMAL,2020-07-15 16:00:00,0.0,0.0,0.0,0.0,0.0,0.0,0.0
113_CT_4,THERMAL,2020-07-15 16:00:00,0.0,0.0,0.0,0.0,0.0,0.0,0.0
115_STEAM_1,THERMAL,2020-07-15 16:00:00,0.0,0.0,0.0,0.0,0.0,0.0,0.0
115_STEAM_2,THERMAL,2020-07-15 16:00:00,0.0,0.0,0.0,0.0,0.0,0.0,0.0
115_STEAM_3,THERMAL,2020-07-15 16:00:00,-1.800630465177272e-07,1.800630465177272e-07,9.373256028860557e-08,-4.05829898575405e-08,-2.6424628596366517e-08,-6.151709719404153e-08,-5.153833086977866e-08
116_STEAM_1,THERMAL,2020-07-15 16:00:00,-1.4201983656019168e-07,1.4201983656019168e-07,7.414039690255325e-08,-4.3185358067354684e-08,-3.182696117765005e-08,-1.983144803929804e-08,-4.717606927588892e-08
118_CC_1,THERMAL,2020-07-15 16:00:00,-1.4314031335911107e-07,1.4314031335911107e-07,7.312095604396548e-08,-3.750485877418441e-08,-2.3096063950234225e-08,-4.0911849019664714e-08,-4.162754161502773e-08
122_WIND_1,WIND,2020-07-15 16:00:00,1.0,1.0,1.0,1.0,0.0,0.0,0.0
123_CT_1,THERMAL,2020-07-15 16:00:00,0.0,0.0,0.0,0.0,0.0,0.0,0.0
123_CT_4,THERMAL,2020-07-15 16:00:00,0.0,0.0,0.0,0.0,0.0,0.0,0.0
123_CT_5,THERMAL,2020-07-15 16:00:00,0.0,0.0,0.0,0.0,0.0,0.0,0.0
123_STEAM_2,THERMAL,2020-07-15 16:00:00,-2.1587457465506678e-07,2.1587457465506678e-07,1.1215923263188893e-07,-5.11774077560645e-08,-3.460991326864615e-08,-7.731908047148295e-08,-5.276817315887319e-08
123_STEAM_3,THERMAL,2020-07-15 16:00:00,-2.418992005778626e-07,2.418992005778626e-07,1.2257862172020967e-07,-6.658637374812315e-08,-5.088120769158877e-08,-5.0786415073389435e-08,-7.364520406476123e-08
201_CT_1,THERMAL,2020-07-15 16:00:00,0.0,0.0,0.0,0.0,0.0,0.0,0.0
201_CT_2,THERMAL,2020-07-15 16:00:00,0.0,0.0,0.0,0.0,0.0,0.0,0.0
201_STEAM_3,THERMAL,2020-07-15 16:00:00,-5.379461812200128e-07,5.379461812200128e-07,2.815443680799601e-07,-1.1997142396191762e-07,-9.162235153903353e-08,-2.0334140526934164e-07,-1.2301100044971998e-07
202_CT_1,THERMAL,2020-07-15 16:00:00,0.0,0.0,0.0,0.0,0.0,0.0,0.0
202_CT_2,THERMAL,2020-07-15 16:00:00,0.0,0.0,0.0,0.0,0.0,0.0,0.0
202_STEAM_3,THERMAL,2020-07-15 16:00:00,-5.020769714980035e-07,5.020769714980035e-07,2.531829210202601e-07,-1.2683732063990256e-07,-9.826213838459098e-08,-1.3877732279980237e-07,-1.382001896737076e-07
202_STEAM_4,THERMAL,2020-07-15 16:00:00,-6.05171352190149e-07,6.05171352190149e-07,3.0816257761702984e-07,-1.456651396235437e-07,-1.1554424032811993e-07,-1.9688531000013554e-07,-1.4707666223834984e-07
207_CT_1,THERMAL,2020-07-15 16:00:00,2.9295227142900836e-13,2.9295227142900836e-13,2.379506990242316e-13,2.9302004282853465e-14,2.934051026789901e-14,2.343097568782559e-13,0.0
207_CT_2,THERMAL,2020-07-15 16:00:00,1.0414164421448506e-09,5.579074845565362e-09,3.116574729306146e-09,1.5646580221472096e-09,-2.2776852912878218e-10,1.7455876217078967e-09,-2.041060672581474e-09
212_CSP_1,THERMAL,2020-07-15 16:00:00,-6.721672277662149e-07,6.721672277662149e-07,3.3738731541810714e-07,-1.7479987501900496e-07,-1.4479597365557595e-07,-1.8511862887038433e-07,-1.6745275022124967e-07
213_CC_3,THERMAL,2020-07-15 16:00:00,-7.020167697456146e-07,7.020167697456146e-07,3.5779240830735933e-07,-1.719902298358278e-07,-1.2213182065679007e-07,-2.167835519983896e-07,-1.9111116725460709e-07
213_CT_1,THERMAL,2020-07-15 16:00:00,0.0,0.0,0.0,0.0,0.0,0.0,0.0
213_CT_2,THERMAL,2020-07-15 16:00:00,0.0,0.0,0.0,0.0,0.0,0.0,0.0
215_CT_4,THERMAL,2020-07-15 16:00:00,0.0,0.0,0.0,0.0,0.0,0.0,0.0
215_CT_5,THERMAL,2020-07-15 16:00:00,0.0,0.0,0.0,0.0,0.0,0.0,0.0
216_STEAM_1,THERMAL,2020-07-15 16:00:00,-3.7686539007787517e-07,3.7686539007787517e-07,1.9345048460972355e-07,-9.196066341754516e-08,-6.415553355232362e-08,-1.2595167531159746e-07,-9.479751779640893e-08
218_CC_1,THERMAL,2020-07-15 16:00:00,-3.0462164873651625e-07,3.0462164873651625e-07,1.5369702109804004e-07,-8.418019414868638e-08,-5.880340148145535e-08,-7.806230062357145e-08,-8.357575248280308e-08
221_CC_1,THERMAL,2020-07-15 16:00:00,-3.3942160370610217e-07,3.3942160370610217e-07,1.712294698494822e-07,-9.287059632434591e-08,-6.537589780641895e-08,-8.854237698585621e-08,-9.263273258948109e-08
223_CT_4,THERMAL,2020-07-15 16:00:00,0.0,0.0,0.0,0.0,0.0,0.0,0.0
223_CT_5,THERMAL,2020-07-15 16:00:00,0.0,0.0,0.0,0.0,0.0,0.0,0.0
223_CT_6,THERMAL,2020-07-15 16:00:00,0.0,0.0,0.0,0.0,0.0,0.0,0.0
223_STEAM_1,THERMAL,2020-07-15 16:00:00,-8.155988430891311e-07,8.155988430891311e-07,4.1016616751434275e-07,-1.9433259560448073e-07,-1.7280436371367448e-07,-2.191936537839801e-07,-2.2926822998699585e-07
223_STEAM_2,THERMAL,2020-07-15 16:00:00,-8.8250093760164e-07,8.8250093760164e-07,4.43921737993075e-07,-2.2094506954000599e-07,-1.8319476468489081e-07,-2.5090214050760057e-07,-2.274589628691426e-07
223_STEAM_3,THERMAL,2020-07-15 16:00:00,-5.444162974050174e-07,5.444162974050174e-07,2.727934618273185e-07,-1.3646220198282322e-07,-1.2212534494793204e-07,-1.4683247862024018e-07,-1.38996271854022e-07
301_CT_1,THERMAL,2020-07-15 16:00:00,0.0,0.0,0.0,0.0,0.0,0.0,0.0
301_CT_2,THERMAL,2020-07-15 16:00:00,0.0,0.0,0.0,0.0,0.0,0.0,0.0
301_CT_3,THERMAL,2020-07-15 16:00:00,0.0,0.0,0.0,0.0,0.0,0.0,0.0
301_CT_4,THERMAL,2020-07-15 16:00:00,0.0,0.0,0.0,0.0,0.0,0.0,0.0
302_CT_1,THERMAL,2020-07-15 16:00:00,1.1598708105076128e-13,1.1598708105076128e-13,8.834839220679712e-14,3.437528039995641e-14,2.255140518769849e-16,8.138628659892788e-14,0.0
302_CT_2,THERMAL,2020-07-15 16:00:00,-0.0002117562720404119,0.060122952167208435,0.03847533911027442,-0.005234994733360934,0.029955597947584008,-0.023529574941235705,-0.001402784545027781
302_CT_3,THERMAL,2020-07-15 16:00:00,0.0,0.0,0.0,0.0,0.0,0.0,0.0
302_CT_4,THERMAL,2020-07-15 16:00:00,0.0,0.0,0.0,0.0,0.0,0.0,0.0
303_WIND_1,WIND,2020-07-15 16:00:00,1.0,1.0,1.0,0.0,1.0,0.0,0.0
307_CT_1,THERMAL,2020-07-15 16:00:00,4.561338440975139e-10,1.2128990677798522e-09,6.805744279881764e-10,3.104583257140803e-10,-2.906150597947743e-10,5.240581302246028e-10,-8.776755204639481e-11
307_CT_2,THERMAL,2020-07-15 16:00:00,0.0,0.0,0.0,0.0,0.0,0.0,0.0
309_WIND_1,WIND,2020-07-15 16:00:00,1.0,1.0,1.0,0.0,0.0,1.0,0.0
313_CC_1,THERMAL,2020-07-15 16:00:00,-4.991484344252253e-08,4.991484344252253e-08,3.59050235175506e-08,-4.995566849075317e-09,-1.4843295481625773e-09,-3.434115125600101e-08,-9.093795789283623e-09
315_CT_6,THERMAL,2020-07-15 16:00:00,-0.23756486085925904,0.23756486085925904,0.11922423659504999,-0.057940782435987284,-0.06739703941930295,-0.053158078917925566,-0.05906896008604323
315_CT_7,THERMAL,2020-07-15 16:00:00,-0.23756514397805956,0.23756514397805956,0.1192243579405851,-0.05794106178672144,-0.0673969275561045,-0.05315824970388548,-0.059068904931348136
315_CT_8,THERMAL,2020-07-15 16:00:00,-0.237565367170964,0.237565367170964,0.119224453233447,-0.0579410986577266,-0.06739688620772091,-0.05315849276016062,-0.0590688895453559
315_STEAM_1,THERMAL,2020-07-15 16:00:00,0.0,0.0,0.0,0.0,0.0,0.0,0.0
315_STEAM_2,THERMAL,2020-07-15 16:00:00,0.0,0.0,0.0,0.0,0.0,0.0,0.0
315_STEAM_3,THERMAL,2020-07-15 16:00:00,0.0,0.0,0.0,0.0,0.0,0.0,0.0
315_STEAM_4,THERMAL,2020-07-15 16:00:00,0.0,0.0,0.0,0.0,0.0,0.0,0.0
315_STEAM_5,THERMAL,2020-07-15 16:00:00,0.0,0.0,0.0,0.0,0.0,0.0,0.0
316_STEAM_1,THERMAL,2020-07-15 16:00:00,-0.5257305279547879,0.5257305279547879,0.26323607911635816,-0.13321190536750327,-0.12055163137417912,-0.13998996756965543,-0.1319770236434501
317_WIND_1,WIND,2020-07-15 16:00:00,1.0,1.0,1.0,0.0,0.0,0.0,1.0
318_CC_1,THERMAL,2020-07-15 16:00:00,-1.3738126658336174,1.3738126658336174,0.6869073823195952,-0.3429415513206566,-0.3443711802166849,-0.34289317259098606,-0.3436067617052898
321_CC_1,THERMAL,2020-07-15 16:00:00,-1.3619920138338635,1.3619920138338635,0.6812287996324391,-0.33773896539324566,-0.3544264337883163,-0.32975943074785175,-0.34006718390444984
322_CT_5,THERMAL,2020-07-15 16:00:00,0.0,0.0,0.0,0.0,0.0,0.0,0.0
322_CT_6,THERMAL,2020-07-15 16:00:00,0.0,0.0,0.0,0.0,0.0,0.0,0.0
323_CC_1,THERMAL,2020-07-15 16:00:00,-7.047455299393859e-08,7.047455299393859e-08,3.756332037527185e-08,-1.9828149579140714e-08,-1.218984569739587e-08,-1.1172170368236156e-08,-2.728438734916584e-08
323_CC_2,THERMAL,2020-07-15 16:00:00,-9.231109938290315e-08,9.231109938290315e-08,4.974325838904486e-08,-3.4167960670558145e-08,-2.1111401395824483e-08,-9.146339173303087e-09,-2.7885398143217448e-08
101_CT_1,THERMAL,2020-07-15 17:00:00,0.0,0.0,0.0,0.0,0.0,0.0,0.0
101_CT_2,THERMAL,2020-07-15 17:00:00,0.0,0.0,0.0,0.0,0.0,0.0,0.0
101_STEAM_3,THERMAL,2020-07-15 17:00:00,-0.09878281177431765,0.22564941978939076,0.16082920068085793,0.025643992823709008,0.03778931118382754,-0.15398930127452037,-0.00822681450733383
101_STEAM_4,THERMAL,2020-07-15 17:00:00,0.06876276255928039,0.2371326260628032,0.16269538807491143,-0.03419652962416571,-0.0499884021275957,0.15098910639048374,0.0019585879205580537
102_CT_1,THERMAL,2020-07-15 17:00:00,0.0,0.0,0.0,0.0,0.0,0.0,0.0
102_CT_2,THERMAL,2020-07-15 17:00:00,0.0,0.0,0.0,0.0,0.0,0.0,0.0
102_STEAM_3,THERMAL,2020-07-15 17:00:00,-4.213194077722918e-07,4.213194077722918e-07,2.348591659961497e-07,-1.607667765415446e-07,-9.51005492360874e-08,-2.536071510416177e-08,-1.4009136689049806e-07
102_STEAM_4,THERMAL,2020-07-15 17:00:00,-4.4775209722592926e-07,4.4775209722592926e-07,2.2602263441050857e-07,-1.3298387458918464e-07,-9.855357871960175e-08,-9.557084788159814e-08,-1.206437960355447e-07
107_CC_1,THERMAL,2020-07-15 17:00:00,-1.3525906183912668e-06,1.3525906183912668e-06,7.478918795012145e-07,-5.094155383671721e-07,-1.0524636873121551e-07,-2.7815718883772433e-07,-4.5977152245515475e-07
113_CT_1,THERMAL,2020-07-15 17:00:00,0.0,0.0,0.0,0.0,0.0,0.0,0.0
113_CT_2,THERMAL,2020-07-15 17:00:00,0.0,0.0,0.0,0.0,0.0,0.0,0.0
113_CT_3,THERMAL,2020-07-15 17:00:00,0.0,0.0,0.0,0.0,0.0,0.0,0.0
113_CT_4,THERMAL,2020-07-15 17:00:00,0.0,0.0,0.0,0.0,0.0,0.0,0.0
115_STEAM_1,THERMAL,2020-07-15 17:00:00,0.0,0.0,0.0,0.0,0.0,0.0,0.0
115_STEAM_2,THERMAL,2020-07-15 17:00:00,0.0,0.0,0.0,0.0,0.0,0.0,0.0
115_STEAM_3,THERMAL,2020-07-15 17:00:00,-2.6269039482788024e-07,2.6269039482788024e-07,1.537133303379903e-07,-1.240246939154116e-07,-3.151430993941773e-08,-2.6082048965037075e-08,-8.106934200801381e-08
116_STEAM_1,THERMAL,2020-07-15 17:00:00,-3.698128262333319e-07,3.698128262333319e-07,2.1207395070839414e-07,-9.633258124530641e-08,-3.0469308631708714e-08,-1.726907101762265e-07,-7.032022618009024e-08
118_CC_1,THERMAL,2020-07-15 17:00:00,-4.544501740979488e-07,5.730025557872896e-07,3.454520212090466e-07,-9.914555976209272e-08,5.9276190844670396e-08,-3.074277286074789e-07,-1.071530765730476e-07
122_WIND_1,WIND,2020-07-15 17:00:00,1.0,1.0,1.0,1.0,0.0,0.0,0.0
123_CT_1,THERMAL,2020-07-15 17:00:00,0.0,0.0,0.0,0.0,0.0,0.0,0.0
123_CT_4,THERMAL,2020-07-15 17:00:00,0.0,0.0,0.0,0.0,0.0,0.0,0.0
123_CT_5,THERMAL,2020-07-15 17:00:00,0.0,0.0,0.0,0.0,0.0,0.0,0.0
123_STEAM_2,THERMAL,2020-07-15 17:00:00,-6.07832904801401e-07,6.07832904801401e-07,3.815614479543369e-07,-1.7227533222197167e-07,-1.5411256715225363e-08,-3.2714445730164243e-07,-9.30018585625616e-08
123_STEAM_3,THERMAL,2020-07-15 17:00:00,-5.513140388020338e-07,5.513140388020338e-07,3.258381320191898e-07,-1.3667569076503128e-07,-4.115497054257844e-08,-2.7632850585490587e-07,-9.715487163951823e-08
201_CT_1,THERMAL,2020-07-15 17:00:00,0.0,0.0,0.0,0.0,0.0,0.0,0.0
201_CT_2,THERMAL,2020-07-15 17:00:00,0.0,0.0,0.0,0.0,0.0,0.0,0.0
201_STEAM_3,THERMAL,2020-07-15 17:00:00,-2.4562554355007687e-06,2.4562554355007687e-06,1.2473660876073902e-06,-7.408152388199696e-07,-4.4781953734140956e-07,-5.941774365858521e-07,-6.734432227535374e-07
202_CT_1,THERMAL,2020-07-15 17:00:00,0.0,0.0,0.0,0.0,0.0,0.0,0.0
202_CT_2,THERMAL,2020-07-15 17:00:00,0.0,0.0,0.0,0.0,0.0,0.0,0.0
202_STEAM_3,THERMAL,2020-07-15 17:00:00,-3.2360716814863484e-06,3.2360716814863484e-06,1.7890838395233273e-06,-6.891972968190138e-07,-3.948601915593467e-07,-1.4326097860793951e-06,-7.194044070285926e-07
202_STEAM_4,THERMAL,2020-07-15 17:00:00,-3.3881293916503576e-06,3.3881293916503576e-06,1.8710193757334186e-06,-7.664326475389808e-07,-4.3012110815918347e-07,-1.5000083329320702e-06,-6.915673030201234e-07
207_CT_1,THERMAL,2020-07-15 17:00:00,0.0,0.0,0.0,0.0,0.0,0.0,0.0
207_CT_2,THERMAL,2020-07-15 17:00:00,0.0,0.0,0.0,0.0,0.0,0.0,0.0
212_CSP_1,THERMAL,2020-07-15 17:00:00,-5.633311109798335e-06,5.633311109798335e-06,2.8380193521769995e-06,-1.492718831208606e-06,-1.4705847046769804e-06,-1.112456333274281e-06,-1.5575512406384677e-06
213_CC_3,THERMAL,2020-07-15 17:00:00,-6.5651285093719966e-06,6.5651285093719966e-06,3.587912357813549e-06,-1.4891962067148188e-06,-5.180833775320082e-07,-2.2806488537696623e-06,-2.2772000713555073e-06
213_CT_1,THERMAL,2020-07-15 17:00:00,0.0,0.0,0.0,0.0,0.0,0.0,0.0
213_CT_2,THERMAL,2020-07-15 17:00:00,0.0,0.0,0.0,0.0,0.0,0.0,0.0
215_CT_4,THERMAL,2020-07-15 17:00:00,0.0,0.0,0.0,0.0,0.0,0.0,0.0
215_CT_5,THERMAL,2020-07-15 17:00:00,0.0,0.0,0.0,0.0,0.0,0.0,0.0
216_STEAM_1,THERMAL,2020-07-15 17:00:00,-1.1862084546408327e-06,1.1862084546408327e-06,6.212446225585218e-07,-2.8769648485749144e-07,-3.2528995808078776e-07,-1.5802189379243714e-07,-4.1520011791011643e-07
218_CC_1,THERMAL,2020-07-15 17:00:00,-6.588395104727959e-07,6.588395104727959e-07,3.696673626265362e-07,-2.0810238754442878e-07,-1.0982434073270042e-07,-6.281065978441802e-08,-2.7810212241124874e-07
221_CC_1,THERMAL,2020-07-15 17:00:00,-1.8786188609026376e-06,2.2427496393212075e-06,1.496558930895812e-06,-2.1968249264148199e-07,1.8206538920928494e-07,-1.4019760570249673e-06,-4.3902570044547316e-07
223_CT_4,THERMAL,2020-07-15 17:00:00,0.0,0.0,0.0,0.0,0.0,0.0,0.0
223_CT_5,THERMAL,2020-07-15 17:00:00,0.0,0.0,0.0,0.0,0.0,0.0,0.0
223_CT_6,THERMAL,2020-07-15 17:00:00,0.0,0.0,0.0,0.0,0.0,0.0,0.0
223_STEAM_1,THERMAL,2020-07-15 17:00:00,-0.0015164324900802482,0.0015164324900802482,0.0007606283566313514,-0.00038619608933398,-0.0003313954045231299,-0.0004154157275943521,-0.00038342526862878627
223_STEAM_2,THERMAL,2020-07-15 17:00:00,-0.0014123638800513265,0.0014123638800513265,0.0007087178474493381,-0.0003580269792785684,-0.0003070670620789112,-0.0003909753760500917,-0.0003562944626437552
223_STEAM_3,THERMAL,2020-07-15 17:00:00,-1.4821341132749697,1.4821341132749697,0.7443946055638367,-0.37927433881381045,-0.3157714156893152,-0.41365233054875983,-0.3734360282230842
301_CT_1,THERMAL,2020-07-15 17:00:00,0.0,0.0,0.0,0.0,0.0,0.0,0.0
301_CT_2,THERMAL,2020-07-15 17:00:00,0.0,0.0,0.0,0.0,0.0,0.0,0.0
301_CT_3,THERMAL,2020-07-15 17:00:00,0.0,0.0,0.0,0.0,0.0,0.0,0.0
301_CT_4,THERMAL,2020-07-15 17:00:00,0.0,0.0,0.0,0.0,0.0,0.0,0.0
302_CT_1,THERMAL,2020-07-15 17:00:00,0.0,0.0,0.0,0.0,0.0,0.0,0.0
302_CT_2,THERMAL,2020-07-15 17:00:00,0.0,0.0,0.0,0.0,0.0,0.0,0.0
302_CT_3,THERMAL,2020-07-15 17:00:00,0.0,0.0,0.0,0.0,0.0,0.0,0.0
302_CT_4,THERMAL,2020-07-15 17:00:00,0.0,0.0,0.0,0.0,0.0,0.0,0.0
303_WIND_1,WIND,2020-07-15 17:00:00,1.0,1.0,1.0,0.0,1.0,0.0,0.0
307_CT_1,THERMAL,2020-07-15 17:00:00,0.0,0.0,0.0,0.0,0.0,0.0,0.0
307_CT_2,THERMAL,2020-07-15 17:00:00,0.0,0.0,0.0,0.0,0.0,0.0,0.0
309_WIND_1,WIND,2020-07-15 17:00:00,1.0,1.0,1.0,0.0,0.0,1.0,0.0
313_CC_1,THERMAL,2020-07-15 17:00:00,8.32220195986641e-09,1.117116031578477e-07,7.027639026785115e-08,-2.984701641395304e-08,-7.445151162244201e-10,6.001690255885705e-08,-2.1103169068813183e-08
315_CT_6,THERMAL,2020-07-15 17:00:00,0.0,0.0,0.0,0.0,0.0,0.0,0.0
315_CT_7,THERMAL,2020-07-15 17:00:00,0.0,0.0,0.0,0.0,0.0,0.0,0.0
315_CT_8,THERMAL,2020-07-15 17:00:00,0.0,0.0,0.0,0.0,0.0,0.0,0.0
315_STEAM_1,THERMAL,2020-07-15 17:00:00,0.0,0.0,0.0,0.0,0.0,0.0,0.0
315_STEAM_2,THERMAL,2020-07-15 17:00:00,0.0,0.0,0.0,0.0,0.0,0.0,0.0
315_STEAM_3,THERMAL,2020-07-15 17:00:00,0.0,0.0,0.0,0.0,0.0,0.0,0.0
315_STEAM_4,THERMAL,2020-07-15 17:00:00,0.0,0.0,0.0,0.0,0.0,0.0,0.0
315_STEAM_5,THERMAL,2020-07-15 17:00:00,0.0,0.0,0.0,0.0,0.0,0.0,0.0
316_STEAM_1,THERMAL,2020-07-15 17:00:00,-0.6720156683952025,0.6720156683952025,0.3360176027851443,-0.1674834876750384,-0.17001516464898492,-0.16650435073236913,-0.16801266533881012
317_WIND_1,WIND,2020-07-15 17:00:00,1.0,1.0,1.0,0.0,0.0,0.0,1.0
318_CC_1,THERMAL,2020-07-15 17:00:00,-0.7492340717154344,0.9495555677840026,0.6026780732976331,-0.12227485961389806,-0.5557653716148214,0.1001607480342841,-0.17135458852099905
321_CC_1,THERMAL,2020-07-15 17:00:00,-1.0523817373363513,1.0523817373363513,0.5870255479960641,-0.22739382100352556,-0.46614290798471125,-0.10453270681529236,-0.2543123015328221
322_CT_5,THERMAL,2020-07-15 17:00:00,0.0,0.0,0.0,0.0,0.0,0.0,0.0
322_CT_6,THERMAL,2020-07-15 17:00:00,0.0,0.0,0.0,0.0,0.0,0.0,0.0
323_CC_1,THERMAL,2020-07-15 17:00:00,-0.0051070512478555465,0.4656529118336143,0.29684263082456286,-0.041670548558848414,0.23027293029287937,-0.1822708104630428,-0.011438622518843703
323_CC_2,THERMAL,2020-07-15 17:00:00,-0.006149050431202145,0.5866757634169828,0.3739581167651082,-0.05259882915586592,0.2902633564928903,-0.22938397202395014,-0.0144296057442764
101_CT_1,THERMAL,2020-07-15 18:00:00,0.0,0.0,0.0,0.0,0.0,0.0,0.0
101_CT_2,THERMAL,2020-07-15 18:00:00,0.0,0.0,0.0,0.0,0.0,0.0,0.0
101_STEAM_3,THERMAL,2020-07-15 18:00:00,0.2062772815157883,0.5065515488303263,0.36539852258030747,-0.07705501790560221,-0.07308211575166682,0.3495577126997651,0.006856702473292218
101_STEAM_4,THERMAL,2020-07-15 18:00:00,-0.2426440642999176,0.49059988135472,0.36335831295077003,0.06681032915004567,0.0571675793773555,-0.3522661223189174,-0.01435585050840137
102_CT_1,THERMAL,2020-07-15 18:00:00,0.0,0.0,0.0,0.0,0.0,0.0,0.0
102_CT_2,THERMAL,2020-07-15 18:00:00,0.0,0.0,0.0,0.0,0.0,0.0,0.0
102_STEAM_3,THERMAL,2020-07-15 18:00:00,-2.7077280941966105e-07,3.645103729087324e-07,1.8974806151023417e-07,-1.1436462654668134e-07,-9.582409637998168e-08,4.686878174453568e-08,-1.0745286823753373e-07
102_STEAM_4,THERMAL,2020-07-15 18:00:00,-2.8799920637631865e-07,2.8799920637631865e-07,1.575208377323956e-07,-1.2626972645257695e-07,-4.990233909429875e-08,-4.798033836905802e-08,-6.384680246038493e-08
107_CC_1,THERMAL,2020-07-15 18:00:00,-2.1904688774012976e-06,2.1904688774012976e-06,1.718441186155039e-06,-1.1553611267700603e-07,-1.3422675371188575e-07,-1.6909447015933665e-06,-2.4976130941903945e-07
113_CT_1,THERMAL,2020-07-15 18:00:00,0.0,0.0,0.0,0.0,0.0,0.0,0.0
113_CT_2,THERMAL,2020-07-15 18:00:00,0.0,0.0,0.0,0.0,0.0,0.0,0.0
113_CT_3,THERMAL,2020-07-15 18:00:00,0.0,0.0,0.0,0.0,0.0,0.0,0.0
113_CT_4,THERMAL,2020-07-15 18:00:00,0.0,0.0,0.0,0.0,0.0,0.0,0.0
115_STEAM_1,THERMAL,2020-07-15 18:00:00,0.0,0.0,0.0,0.0,0.0,0.0,0.0
115_STEAM_2,THERMAL,2020-07-15 18:00:00,0.0,0.0,0.0,0.0,0.0,0.0,0.0
115_STEAM_3,THERMAL,2020-07-15 18:00:00,-1.0836860438777751e-07,1.0836860438777751e-07,6.157819667993253e-08,-2.2322391490803284e-08,-5.007812453605709e-08,-9.649930632349424e-09,-2.6318157728567718e-08
116_STEAM_1,THERMAL,2020-07-15 18:00:00,-8.045099448727165e-08,2.195150702975962e-07,1.113487639715458e-07,-4.899519123746643e-08,-5.615263720670782e-08,6.953203790516227e-08,-4.483520394825968e-08
118_CC_1,THERMAL,2020-07-15 18:00:00,-2.1434412961120984e-07,2.3939386967122235e-07,1.476275129747709e-07,-5.9553823650304594e-08,1.2524870030006241e-08,-1.2889677591942927e-07,-3.841840007148221e-08
122_WIND_1,WIND,2020-07-15 18:00:00,1.0,1.0,1.0,1.0,0.0,0.0,0.0
123_CT_1,THERMAL,2020-07-15 18:00:00,0.0,0.0,0.0,0.0,0.0,0.0,0.0
123_CT_4,THERMAL,2020-07-15 18:00:00,0.0,0.0,0.0,0.0,0.0,0.0,0.0
123_CT_5,THERMAL,2020-07-15 18:00:00,0.0,0.0,0.0,0.0,0.0,0.0,0.0
123_STEAM_2,THERMAL,2020-07-15 18:00:00,-7.44802777090261e-07,7.777301334872999e-07,6.197322367087205e-07,-8.968952980303868e-08,1.646367819851946e-08,-6.098733011938862e-07,-6.170362429185557e-08
123_STEAM_3,THERMAL,2020-07-15 18:00:00,-3.140510426057381e-07,3.2945023030850736e-07,2.067042813785387e-07,-1.7769246873911015e-07,-9.095505681955274e-08,7.699593851384634e-09,-5.310311089845983e-08
201_CT_1,THERMAL,2020-07-15 18:00:00,0.0,0.0,0.0,0.0,0.0,0.0,0.0
201_CT_2,THERMAL,2020-07-15 18:00:00,0.0,0.0,0.0,0.0,0.0,0.0,0.0
201_STEAM_3,THERMAL,2020-07-15 18:00:00,-4.985359663834924e-06,4.985359663834924e-06,2.530011134049607e-06,-1.5267729235324268e-06,-1.230332222101893e-06,-9.222362709060405e-07,-1.3060182472945638e-06
202_CT_1,THERMAL,2020-07-15 18:00:00,0.0,0.0,0.0,0.0,0.0,0.0,0.0
202_CT_2,THERMAL,2020-07-15 18:00:00,0.0,0.0,0.0,0.0,0.0,0.0,0.0
202_STEAM_3,THERMAL,2020-07-15 18:00:00,-4.427028230638557e-06,4.427028230638557e-06,2.4846563695101236e-06,-1.5681155448518984e-06,-1.4653087399668928e-06,-1.5075470837342964e-07,-1.2428492374463364e-06
202_STEAM_4,THERMAL,2020-07-15 18:00:00,-4.756340621514715e-06,4.756340621514715e-06,2.664578041654806e-06,-1.6760197924028626e-06,-1.560490838037858e-06,-1.6794348479566833e-07,-1.351886506278326e-06
207_CT_1,THERMAL,2020-07-15 18:00:00,0.0,0.0,0.0,0.0,0.0,0.0,0.0
207_CT_2,THERMAL,2020-07-15 18:00:00,0.0,0.0,0.0,0.0,0.0,0.0,0.0
212_CSP_1,THERMAL,2020-07-15 18:00:00,-0.00017840435281921005,0.00017840435281921005,8.932334645271374e-05,-4.7043139942193335e-05,-4.472956563117414e-05,-4.083106889929411e-05,-4.580057834654847e-05
213_CC_3,THERMAL,2020-07-15 18:00:00,-0.7230998210565032,0.7230998210565032,0.3773727950491669,-0.16352218016970976,-0.26538681582211177,-0.11573907148745022,-0.1784517535772314
213_CT_1,THERMAL,2020-07-15 18:00:00,0.0,0.0,0.0,0.0,0.0,0.0,0.0
213_CT_2,THERMAL,2020-07-15 18:00:00,0.0,0.0,0.0,0.0,0.0,0.0,0.0
215_CT_4,THERMAL,2020-07-15 18:00:00,0.0,0.0,0.0,0.0,0.0,0.0,0.0
215_CT_5,THERMAL,2020-07-15 18:00:00,0.0,0.0,0.0,0.0,0.0,0.0,0.0
216_STEAM_1,THERMAL,2020-07-15 18:00:00,-1.8382295323557945e-06,1.8382295323557945e-06,1.1846136930775186e-06,-3.290682617507201e-07,-1.5820372767372248e-07,-1.0982388216618233e-06,-2.527187212695287e-07
218_CC_1,THERMAL,2020-07-15 18:00:00,-2.904629046224623e-07,1.0760150897010487e-06,5.591309389427751e-07,-2.701297638907363e-07,-2.1178144005151722e-07,3.9277609253929313e-07,-2.0132779321950195e-07
221_CC_1,THERMAL,2020-07-15 18:00:00,-7.378098198656139e-07,7.378098198656139e-07,3.822735682676445e-07,-2.491502395507439e-07,-2.1670222416503293e-07,-1.4362666433953564e-07,-1.2833069181030142e-07
223_CT_4,THERMAL,2020-07-15 18:00:00,0.0,0.0,0.0,0.0,0.0,0.0,0.0
223_CT_5,THERMAL,2020-07-15 18:00:00,0.0,0.0,0.0,0.0,0.0,0.0,0.0
223_CT_6,THERMAL,2020-07-15 18:00:00,0.0,0.0,0.0,0.0,0.0,0.0,0.0
223_STEAM_1,THERMAL,2020-07-15 18:00:00,-0.5680967711923625,0.5680967711923625,0.2841599056953925,-0.14069837548444702,-0.148238031439679,-0.13722957725946835,-0.14193078700876802
223_STEAM_2,THERMAL,2020-07-15 18:00:00,-0.5682841482291232,0.5682841482291232,0.2842492467251171,-0.14074691199465544,-0.14819063160561158,-0.13741332739643922,-0.14193327723241697
223_STEAM_3,THERMAL,2020-07-15 18:00:00,-1.2724398666242922,1.2724398666242922,0.6368221534774784,-0.3136812339551689,-0.3398087945630863,-0.3015040120816259,-0.317445826024411
301_CT_1,THERMAL,2020-07-15 18:00:00,0.0,0.0,0.0,0.0,0.0,0.0,0.0
301_CT_2,THERMAL,2020-07-15 18:00:00,0.0,0.0,0.0,0.0,0.0,0.0,0.0
301_CT_3,THERMAL,2020-07-15 18:00:00,0.0,0.0,0.0,0.0,0.0,0.0,0.0
301_CT_4,THERMAL,2020-07-15 18:00:00,0.0,0.0,0.0,0.0,0.0,0.0,0.0
302_CT_1,THERMAL,2020-07-15 18:00:00,0.0,0.0,0.0,0.0,0.0,0.0,0.0
302_CT_2,THERMAL,2020-07-15 18:00:00,0.0,0.0,0.0,0.0,0.0,0.0,0.0
302_CT_3,THERMAL,2020-07-15 18:00:00,0.0,0.0,0.0,0.0,0.0,0.0,0.0
302_CT_4,THERMAL,2020-07-15 18:00:00,0.0,0.0,0.0,0.0,0.0,0.0,0.0
303_WIND_1,WIND,2020-07-15 18:00:00,1.0,1.0,1.0,0.0,1.0,0.0,0.0
307_CT_1,THERMAL,2020-07-15 18:00:00,0.0,0.0,0.0,0.0,0.0,0.0,0.0
307_CT_2,THERMAL,2020-07-15 18:00:00,0.0,0.0,0.0,0.0,0.0,0.0,0.0
309_WIND_1,WIND,2020-07-15 18:00:00,1.0,1.0,1.0,0.0,0.0,1.0,0.0
313_CC_1,THERMAL,2020-07-15 18:00:00,-7.43341894624232e-08,8.630743363632498e-08,7.80654650346657e-08,-6.675913155618218e-10,5.986622086950888e-09,-7.781090793912426e-08,-1.842312294688004e-09
315_CT_6,THERMAL,2020-07-15 18:00:00,0.0,0.0,0.0,0.0,0.0,0.0,0.0
315_CT_7,THERMAL,2020-07-15 18:00:00,0.0,0.0,0.0,0.0,0.0,0.0,0.0
315_CT_8,THERMAL,2020-07-15 18:00:00,0.0,0.0,0.0,0.0,0.0,0.0,0.0
315_STEAM_1,THERMAL,2020-07-15 18:00:00,0.0,0.0,0.0,0.0,0.0,0.0,0.0
315_STEAM_2,THERMAL,2020-07-15 18:00:00,0.0,0.0,0.0,0.0,0.0,0.0,0.0
315_STEAM_3,THERMAL,2020-07-15 18:00:00,0.0,0.0,0.0,0.0,0.0,0.0,0.0
315_STEAM_4,THERMAL,2020-07-15 18:00:00,0.0,0.0,0.0,0.0,0.0,0.0,0.0
315_STEAM_5,THERMAL,2020-07-15 18:00:00,0.0,0.0,0.0,0.0,0.0,0.0,0.0
316_STEAM_1,THERMAL,2020-07-15 18:00:00,-0.5147565468632413,0.5147565468632413,0.26357331379702653,-0.12090597078886778,-0.17302715586342488,-0.09409071365104893,-0.12673270655989974
317_WIND_1,WIND,2020-07-15 18:00:00,1.0,1.0,1.0,0.0,0.0,0.0,1.0
318_CC_1,THERMAL,2020-07-15 18:00:00,-0.1527143044284061,1.1479937872220396,0.7735936016227201,0.0663384972419272,-0.638661718380445,0.4313012441548896,-0.011692327444777821
321_CC_1,THERMAL,2020-07-15 18:00:00,-0.6936690480927474,0.8196483505890839,0.5203468421816905,-0.1205088671800687,-0.47607404338170145,0.06298965124816824,-0.1600757887791455
322_CT_5,THERMAL,2020-07-15 18:00:00,0.0,0.0,0.0,0.0,0.0,0.0,0.0
322_CT_6,THERMAL,2020-07-15 18:00:00,0.0,0.0,0.0,0.0,0.0,0.0,0.0
323_CC_1,THERMAL,2020-07-15 18:00:00,0.2650384163501299,1.0265203434278907,0.7003790581531602,-0.027970442984994903,0.6028771320753569,-0.35277052055388547,0.04290224781365339
323_CC_2,THERMAL,2020-07-15 18:00:00,0.2645885981056947,1.0261812173826441,0.7000443004142949,-0.028006408439041508,0.6024746099047776,-0.3527899011994332,0.04291029783939179
101_CT_1,THERMAL,2020-07-15 19:00:00,0.0,0.0,0.0,0.0,0.0,0.0,0.0
101_CT_2,THERMAL,2020-07-15 19:00:00,0.0,0.0,0.0,0.0,0.0,0.0,0.0
101_STEAM_3,THERMAL,2020-07-15 19:00:00,-0.2108359706630007,0.3753771432249707,0.2988788398507147,0.03706163363445855,3.3944951905590104e-06,-0.2931065569439857,0.04520555815133586
101_STEAM_4,THERMAL,2020-07-15 19:00:00,0.20965371158730325,0.37647054743739855,0.29892639326038456,-0.03766086609433379,-0.0004370120096495317,0.2930621295123509,-0.04531053982106429
102_CT_1,THERMAL,2020-07-15 19:00:00,0.0,0.0,0.0,0.0,0.0,0.0,0.0
102_CT_2,THERMAL,2020-07-15 19:00:00,0.0,0.0,0.0,0.0,0.0,0.0,0.0
102_STEAM_3,THERMAL,2020-07-15 19:00:00,-4.5149677989101e-06,4.797455868734993e-06,2.696796670555142e-06,-1.682625972165841e-06,-1.5013840992117444e-06,1.4124403491244664e-07,-1.4722017624449607e-06
102_STEAM_4,THERMAL,2020-07-15 19:00:00,-8.122596640333122e-06,8.122596640333122e-06,4.167152381953969e-06,-2.3650419099796594e-06,-1.425102992447247e-06,-2.587977080414916e-06,-1.744474657491299e-06
107_CC_1,THERMAL,2020-07-15 19:00:00,-1.798764721504346e-06,1.798764721504346e-06,1.0980527284017773e-06,-4.0608155238430754e-07,-2.9017374258977213e-07,-9.688988491518558e-07,-1.3361057737841053e-07
113_CT_1,THERMAL,2020-07-15 19:00:00,0.0,0.0,0.0,0.0,0.0,0.0,0.0
113_CT_2,THERMAL,2020-07-15 19:00:00,0.0,0.0,0.0,0.0,0.0,0.0,0.0
113_CT_3,THERMAL,2020-07-15 19:00:00,0.0,0.0,0.0,0.0,0.0,0.0,0.0
113_CT_4,THERMAL,2020-07-15 19:00:00,0.0,0.0,0.0,0.0,0.0,0.0,0.0
115_STEAM_1,THERMAL,2020-07-15 19:00:00,0.0,0.0,0.0,0.0,0.0,0.0,0.0
115_STEAM_2,THERMAL,2020-07-15 19:00:00,0.0,0.0,0.0,0.0,0.0,0.0,0.0
115_STEAM_3,THERMAL,2020-07-15 19:00:00,-1.072250350748806e-06,1.072250350748806e-06,6.605637953447351e-07,-1.6188357010449295e-07,-1.2589028142162562e-07,-6.003105754714966e-07,-1.8416592375119082e-07
116_STEAM_1,THERMAL,2020-07-15 19:00:00,-1.0614221805836486e-06,1.0614221805836486e-06,5.667306927190621e-07,-2.9672940060621045e-07,-1.247357006572969e-07,-3.999904580886948e-07,-2.399666212314463e-07
118_CC_1,THERMAL,2020-07-15 19:00:00,-1.036088436179211e-06,1.0586788133036984e-06,8.497485742824678e-07,-3.098286316394194e-08,1.1295188562243652e-08,-8.279267218469499e-07,-1.8847403973056296e-07
122_WIND_1,WIND,2020-07-15 19:00:00,1.0,1.0,1.0,1.0,0.0,0.0,0.0
123_CT_1,THERMAL,2020-07-15 19:00:00,0.0,0.0,0.0,0.0,0.0,0.0,0.0
123_CT_4,THERMAL,2020-07-15 19:00:00,0.0,0.0,0.0,0.0,0.0,0.0,0.0
123_CT_5,THERMAL,2020-07-15 19:00:00,0.0,0.0,0.0,0.0,0.0,0.0,0.0
123_STEAM_2,THERMAL,2020-07-15 19:00:00,-1.5271811646487695e-06,1.5271811646487695e-06,8.462615394875745e-07,-2.7827601511987154e-07,-3.186668565691164e-07,-6.937026610920327e-07,-2.365356318677488e-07
123_STEAM_3,THERMAL,2020-07-15 19:00:00,-1.4898804767238257e-06,1.4898804767238257e-06,7.521799186213106e-07,-4.6188268809643773e-07,-3.409070756799082e-07,-3.342031336117657e-07,-3.528875793357141e-07
201_CT_1,THERMAL,2020-07-15 19:00:00,0.0,0.0,0.0,0.0,0.0,0.0,0.0
201_CT_2,THERMAL,2020-07-15 19:00:00,0.0,0.0,0.0,0.0,0.0,0.0,0.0
201_STEAM_3,THERMAL,2020-07-15 19:00:00,-5.482690798244873e-06,5.482690798244873e-06,2.7720046496015142e-06,-1.646187160309065e-06,-1.4912176015680068e-06,-1.1817088669818787e-06,-1.1635771693859229e-06
202_CT_1,THERMAL,2020-07-15 19:00:00,0.0,0.0,0.0,0.0,0.0,0.0,0.0
202_CT_2,THERMAL,2020-07-15 19:00:00,0.0,0.0,0.0,0.0,0.0,0.0,0.0
202_STEAM_3,THERMAL,2020-07-15 19:00:00,-5.058975911008621e-06,5.058975911008621e-06,2.887772006103691e-06,-1.91177075852018e-06,-1.6307652880125795e-06,-9.671809163929128e-08,-1.4197217728365707e-06
202_STEAM_4,THERMAL,2020-07-15 19:00:00,-5.128968618815308e-06,5.128968618815308e-06,2.8975030497562053e-06,-1.925824841222547e-06,-1.6258762731875115e-06,-1.56430241323347e-07,-1.4208372630819023e-06
207_CT_1,THERMAL,2020-07-15 19:00:00,0.0,0.0,0.0,0.0,0.0,0.0,0.0
207_CT_2,THERMAL,2020-07-15 19:00:00,0.0,0.0,0.0,0.0,0.0,0.0,0.0
212_CSP_1,THERMAL,2020-07-15 19:00:00,-2.2533935282849777e-05,2.2533935282849777e-05,1.1427885235518287e-05,-5.34046622324702e-06,-4.851533481176062e-06,-7.261132328295616e-06,-5.080803250131078e-06
213_CC_3,THERMAL,2020-07-15 19:00:00,-0.28505864567829636,0.4341035822530092,0.2588564172071853,-0.11313883927273327,-0.21883952501276782,0.07452246828735642,-0.027602749680151688
213_CT_1,THERMAL,2020-07-15 19:00:00,0.0,0.0,0.0,0.0,0.0,0.0,0.0
213_CT_2,THERMAL,2020-07-15 19:00:00,0.0,0.0,0.0,0.0,0.0,0.0,0.0
215_CT_4,THERMAL,2020-07-15 19:00:00,0.0,0.0,0.0,0.0,0.0,0.0,0.0
215_CT_5,THERMAL,2020-07-15 19:00:00,0.0,0.0,0.0,0.0,0.0,0.0,0.0
216_STEAM_1,THERMAL,2020-07-15 19:00:00,-4.22659170618763e-06,4.22659170618763e-06,2.17433281624077e-06,-1.0573019079140877e-06,-8.078166322533775e-07,-1.4714171663321451e-06,-8.900559996880197e-07
218_CC_1,THERMAL,2020-07-15 19:00:00,0.0,0.0,0.0,0.0,0.0,0.0,0.0
221_CC_1,THERMAL,2020-07-15 19:00:00,-2.251614300427845e-06,2.251614300427845e-06,1.3108296029274236e-06,-3.3711720903717435e-07,-5.139376908491755e-07,-1.1243734210353296e-06,-2.761859795061656e-07
223_CT_4,THERMAL,2020-07-15 19:00:00,0.0,0.0,0.0,0.0,0.0,0.0,0.0
223_CT_5,THERMAL,2020-07-15 19:00:00,0.0,0.0,0.0,0.0,0.0,0.0,0.0
223_CT_6,THERMAL,2020-07-15 19:00:00,0.0,0.0,0.0,0.0,0.0,0.0,0.0
223_STEAM_1,THERMAL,2020-07-15 19:00:00,-0.4522585957115858,0.4522585957115858,0.22790638092553772,-0.1194605910450968,-0.13203458113474292,-0.09388637019626289,-0.10687705333548315
223_STEAM_2,THERMAL,2020-07-15 19:00:00,-0.45231829187455036,0.45231829187455036,0.22792355936357497,-0.11941134054684906,-0.13201364797758502,-0.0939884110495135,-0.10690489230060278
223_STEAM_3,THERMAL,2020-07-15 19:00:00,-1.0039946486072047,1.0039946486072047,0.5087349597278801,-0.26840409408246435,-0.3066782525195655,-0.19527191848007242,-0.23364038352510247
301_CT_1,THERMAL,2020-07-15 19:00:00,0.0,0.0,0.0,0.0,0.0,0.0,0.0
301_CT_2,THERMAL,2020-07-15 19:00:00,0.0,0.0,0.0,0.0,0.0,0.0,0.0
301_CT_3,THERMAL,2020-07-15 19:00:00,0.0,0.0,0.0,0.0,0.0,0.0,0.0
301_CT_4,THERMAL,2020-07-15 19:00:00,0.0,0.0,0.0,0.0,0.0,0.0,0.0
302_CT_1,THERMAL,2020-07-15 19:00:00,0.0,0.0,0.0,0.0,0.0,0.0,0.0
302_CT_2,THERMAL,2020-07-15 19:00:00,0.0,0.0,0.0,0.0,0.0,0.0,0.0
302_CT_3,THERMAL,2020-07-15 19:00:00,0.0,0.0,0.0,0.0,0.0,0.0,0.0
302_CT_4,THERMAL,2020-07-15 19:00:00,0.0,0.0,0.0,0.0,0.0,0.0,0.0
303_WIND_1,WIND,2020-07-15 19:00:00,1.0,1.0,1.0,0.0,1.0,0.0,0.0
307_CT_1,THERMAL,2020-07-15 19:00:00,0.0,0.0,0.0,0.0,0.0,0.0,0.0
307_CT_2,THERMAL,2020-07-15 19:00:00,0.0,0.0,0.0,0.0,0.0,0.0,0.0
309_WIND_1,WIND,2020-07-15 19:00:00,1.0,1.0,1.0,0.0,0.0,1.0,0.0
313_CC_1,THERMAL,2020-07-15 19:00:00,-1.0023488835906644e-07,1.352403322359785e-07,7.308472844219665e-08,-3.864626751948208e-08,1.7502721938456034e-08,-5.392930813030716e-08,-2.5162034647733223e-08
315_CT_6,THERMAL,2020-07-15 19:00:00,0.0,0.0,0.0,0.0,0.0,0.0,0.0
315_CT_7,THERMAL,2020-07-15 19:00:00,0.0,0.0,0.0,0.0,0.0,0.0,0.0
315_CT_8,THERMAL,2020-07-15 19:00:00,0.0,0.0,0.0,0.0,0.0,0.0,0.0
315_STEAM_1,THERMAL,2020-07-15 19:00:00,0.0,0.0,0.0,0.0,0.0,0.0,0.0
315_STEAM_2,THERMAL,2020-07-15 19:00:00,0.0,0.0,0.0,0.0,0.0,0.0,0.0
315_STEAM_3,THERMAL,2020-07-15 19:00:00,0.0,0.0,0.0,0.0,0.0,0.0,0.0
315_STEAM_4,THERMAL,2020-07-15 19:00:00,0.0,0.0,0.0,0.0,0.0,0.0,0.0
315_STEAM_5,THERMAL,2020-07-15 19:00:00,0.0,0.0,0.0,0.0,0.0,0.0,0.0
316_STEAM_1,THERMAL,2020-07-15 19:00:00,-0.39820623087492524,0.39820623087492524,0.20962987484547785,-0.08305501946828264,-0.15114304482871604,-0.062600619466334,-0.10140754711159258
317_WIND_1,WIND,2020-07-15 19:00:00,1.0,1.0,1.0,0.0,0.0,0.0,1.0
318_CC_1,THERMAL,2020-07-15 19:00:00,-0.4383602075930746,0.6845481172857166,0.45680020795746956,-0.024396904373875872,-0.4245796625231283,0.12309395484632102,-0.11247759554239144
321_CC_1,THERMAL,2020-07-15 19:00:00,-0.6139937247465874,0.6242040121764725,0.4105572021709707,-0.09667885722958913,-0.36780038571449347,0.005105143714942528,-0.1546196255174473
322_CT_5,THERMAL,2020-07-15 19:00:00,0.0,0.0,0.0,0.0,0.0,0.0,0.0
322_CT_6,THERMAL,2020-07-15 19:00:00,0.0,0.0,0.0,0.0,0.0,0.0,0.0
323_CC_1,THERMAL,2020-07-15 19:00:00,-0.17740383007067018,0.9114603768691643,0.5402886438191056,-0.08748041555935174,0.36702827339924704,-0.37872034388267045,-0.07823134402789506
323_CC_2,THERMAL,2020-07-15 19:00:00,-0.17715815959714432,0.91017708567022,0.5395294718245617,-0.08735676514270438,0.36650946303653786,-0.3781918588611209,-0.07811899862985688
101_CT_1,THERMAL,2020-07-15 20:00:00,0.0,0.0,0.0,0.0,0.0,0.0,0.0
101_CT_2,THERMAL,2020-07-15 20:00:00,0.0,0.0,0.0,0.0,0.0,0.0,0.0
101_STEAM_3,THERMAL,2020-07-15 20:00:00,-0.07011320468986011,0.09440168227379091,0.06309721142940455,-0.025821898803416073,0.011353012373795941,-0.05643554467840944,0.000791226418169466
101_STEAM_4,THERMAL,2020-07-15 20:00:00,0.06976085560556106,0.09423211329885517,0.06310846233798523,0.02539696681275464,-0.011563518772693022,0.05659951763945347,-0.000672110073954044
102_CT_1,THERMAL,2020-07-15 20:00:00,0.0,0.0,0.0,0.0,0.0,0.0,0.0
102_CT_2,THERMAL,2020-07-15 20:00:00,0.0,0.0,0.0,0.0,0.0,0.0,0.0
102_STEAM_3,THERMAL,2020-07-15 20:00:00,-0.009494483725192494,0.009494483725192494,0.0047930478663749275,-0.0026085561542846525,-0.002765675193521666,-0.0019345404877443295,-0.002185711889641847
102_STEAM_4,THERMAL,2020-07-15 20:00:00,-0.00855933734538555,0.00855933734538555,0.004321569387613001,-0.0023530415114344228,-0.0024955172970083928,-0.0017400368462282545,-0.001970741690714481
107_CC_1,THERMAL,2020-07-15 20:00:00,-4.2296537608604664e-05,4.2296537608604664e-05,2.5727954670886936e-05,-1.4335398695775048e-05,-1.9796697321661227e-05,-1.3344138372062275e-07,-8.031000207447764e-06
113_CT_1,THERMAL,2020-07-15 20:00:00,0.0,0.0,0.0,0.0,0.0,0.0,0.0
113_CT_2,THERMAL,2020-07-15 20:00:00,0.0,0.0,0.0,0.0,0.0,0.0,0.0
113_CT_3,THERMAL,2020-07-15 20:00:00,0.0,0.0,0.0,0.0,0.0,0.0,0.0
113_CT_4,THERMAL,2020-07-15 20:00:00,0.0,0.0,0.0,0.0,0.0,0.0,0.0
115_STEAM_1,THERMAL,2020-07-15 20:00:00,0.0,0.0,0.0,0.0,0.0,0.0,0.0
115_STEAM_2,THERMAL,2020-07-15 20:00:00,0.0,0.0,0.0,0.0,0.0,0.0,0.0
115_STEAM_3,THERMAL,2020-07-15 20:00:00,-0.323924009739297,0.323924009739297,0.16280442662841774,-0.08630309123415136,-0.09113137954660588,-0.06988791656118676,-0.07660162239735305
116_STEAM_1,THERMAL,2020-07-15 20:00:00,-0.00014524029472984208,0.00014524029472984208,7.28158457108592e-05,-3.7902704689452005e-05,-3.963682830354642e-05,-3.2676150062194154e-05,-3.502461167464951e-05
118_CC_1,THERMAL,2020-07-15 20:00:00,-0.21608088845643275,0.21608088845643275,0.11131602301583404,-0.06204818308733806,-0.07082486584877645,-0.03597604030581891,-0.047231799214499326
122_WIND_1,WIND,2020-07-15 20:00:00,1.0,1.0,1.0,1.0,0.0,0.0,0.0
123_CT_1,THERMAL,2020-07-15 20:00:00,0.0,0.0,0.0,0.0,0.0,0.0,0.0
123_CT_4,THERMAL,2020-07-15 20:00:00,0.0,0.0,0.0,0.0,0.0,0.0,0.0
123_CT_5,THERMAL,2020-07-15 20:00:00,0.0,0.0,0.0,0.0,0.0,0.0,0.0
123_STEAM_2,THERMAL,2020-07-15 20:00:00,-5.6479378924069245e-05,5.6479378924069245e-05,2.870037302711764e-05,-1.5017826299701387e-05,-1.7517074670625465e-05,-1.0445905482381335e-05,-1.3498572471361055e-05
123_STEAM_3,THERMAL,2020-07-15 20:00:00,-4.292319016601502e-05,4.292319016601502e-05,2.1552746753427875e-05,-1.1247551080062479e-05,-1.2098780319158564e-05,-9.844565468153377e-06,-9.732293298640597e-06
201_CT_1,THERMAL,2020-07-15 20:00:00,0.0,0.0,0.0,0.0,0.0,0.0,0.0
201_CT_2,THERMAL,2020-07-15 20:00:00,0.0,0.0,0.0,0.0,0.0,0.0,0.0
201_STEAM_3,THERMAL,2020-07-15 20:00:00,-0.0011552492933043943,0.0011552492933043943,0.0006109004450836864,-0.00034383715935162873,-0.0004155322034617992,-0.00015351086523285318,-0.00024236906525811332
202_CT_1,THERMAL,2020-07-15 20:00:00,0.0,0.0,0.0,0.0,0.0,0.0,0.0
202_CT_2,THERMAL,2020-07-15 20:00:00,0.0,0.0,0.0,0.0,0.0,0.0,0.0
202_STEAM_3,THERMAL,2020-07-15 20:00:00,-0.00026554309919146833,0.00026554309919146833,0.00013779296538371332,-7.652376936515154e-05,-8.980814572162568e-05,-4.111791075230557e-05,-5.809327335238557e-05
202_STEAM_4,THERMAL,2020-07-15 20:00:00,-0.00033636534145646156,0.00033636534145646156,0.00017450468804330023,-9.73190872461655e-05,-0.00011345433135739911,-5.225246675048275e-05,-7.333945610241419e-05
207_CT_1,THERMAL,2020-07-15 20:00:00,0.0,0.0,0.0,0.0,0.0,0.0,0.0
207_CT_2,THERMAL,2020-07-15 20:00:00,0.0,0.0,0.0,0.0,0.0,0.0,0.0
212_CSP_1,THERMAL,2020-07-15 20:00:00,-5.759734826513896e-05,5.759734826513896e-05,2.880844379043893e-05,-1.4558372917750084e-05,-1.4011075552655683e-05,-1.4938502736150383e-05,-1.4089397058582814e-05
213_CC_3,THERMAL,2020-07-15 20:00:00,-0.07821596302772374,0.2934981995326106,0.1661490101798844,-0.06141427762805591,-0.12444280365211124,0.08955893861566722,0.01808217963677619
213_CT_1,THERMAL,2020-07-15 20:00:00,0.0,0.0,0.0,0.0,0.0,0.0,0.0
213_CT_2,THERMAL,2020-07-15 20:00:00,0.0,0.0,0.0,0.0,0.0,0.0,0.0
215_CT_4,THERMAL,2020-07-15 20:00:00,0.0,0.0,0.0,0.0,0.0,0.0,0.0
215_CT_5,THERMAL,2020-07-15 20:00:00,0.0,0.0,0.0,0.0,0.0,0.0,0.0
216_STEAM_1,THERMAL,2020-07-15 20:00:00,-8.143872382430028e-05,8.143872382430028e-05,4.084370524480375e-05,-2.081510246260132e-05,-2.219857737434383e-05,-2.0612687597454382e-05,-1.7812356389900743e-05
218_CC_1,THERMAL,2020-07-15 20:00:00,0.0,0.0,0.0,0.0,0.0,0.0,0.0
221_CC_1,THERMAL,2020-07-15 20:00:00,-0.42171741800427875,0.5015936848451673,0.3012521264249681,-0.16299317380408535,-0.2441768702215481,0.03993813342044428,-0.05448550739908961
223_CT_4,THERMAL,2020-07-15 20:00:00,0.0,0.0,0.0,0.0,0.0,0.0,0.0
223_CT_5,THERMAL,2020-07-15 20:00:00,0.0,0.0,0.0,0.0,0.0,0.0,0.0
223_CT_6,THERMAL,2020-07-15 20:00:00,0.0,0.0,0.0,0.0,0.0,0.0,0.0
223_STEAM_1,THERMAL,2020-07-15 20:00:00,-0.06342119296778417,0.06342119296778417,0.032255466825340015,-0.017517227148940346,-0.019620487206349138,-0.011879251498030097,-0.0144042271144646
223_STEAM_2,THERMAL,2020-07-15 20:00:00,-0.0772113830399778,0.0772113830399778,0.039270960594831886,-0.021330843016522754,-0.023890135993038783,-0.01445054841896437,-0.017539855611451886
223_STEAM_3,THERMAL,2020-07-15 20:00:00,-0.6790608198553331,0.6790608198553331,0.3491306829277785,-0.1922055683316355,-0.2218145282433892,-0.11485293645114858,-0.15018778682915976
301_CT_1,THERMAL,2020-07-15 20:00:00,0.0,0.0,0.0,0.0,0.0,0.0,0.0
301_CT_2,THERMAL,2020-07-15 20:00:00,0.0,0.0,0.0,0.0,0.0,0.0,0.0
301_CT_3,THERMAL,2020-07-15 20:00:00,0.0,0.0,0.0,0.0,0.0,0.0,0.0
301_CT_4,THERMAL,2020-07-15 20:00:00,0.0,0.0,0.0,0.0,0.0,0.0,0.0
302_CT_1,THERMAL,2020-07-15 20:00:00,0.0,0.0,0.0,0.0,0.0,0.0,0.0
302_CT_2,THERMAL,2020-07-15 20:00:00,0.0,0.0,0.0,0.0,0.0,0.0,0.0
302_CT_3,THERMAL,2020-07-15 20:00:00,0.0,0.0,0.0,0.0,0.0,0.0,0.0
302_CT_4,THERMAL,2020-07-15 20:00:00,0.0,0.0,0.0,0.0,0.0,0.0,0.0
303_WIND_1,WIND,2020-07-15 20:00:00,1.0,1.0,1.0,0.0,1.0,0.0,0.0
307_CT_1,THERMAL,2020-07-15 20:00:00,0.0,0.0,0.0,0.0,0.0,0.0,0.0
307_CT_2,THERMAL,2020-07-15 20:00:00,0.0,0.0,0.0,0.0,0.0,0.0,0.0
309_WIND_1,WIND,2020-07-15 20:00:00,1.0,1.0,1.0,0.0,0.0,1.0,0.0
313_CC_1,THERMAL,2020-07-15 20:00:00,-3.3158683334112915e-08,1.0697312233967242e-07,5.99354129401589e-08,-3.8727240747604696e-08,-4.7318764462289664e-09,3.6907219502779753e-08,-2.6606785643059002e-08
315_CT_6,THERMAL,2020-07-15 20:00:00,0.0,0.0,0.0,0.0,0.0,0.0,0.0
315_CT_7,THERMAL,2020-07-15 20:00:00,0.0,0.0,0.0,0.0,0.0,0.0,0.0
315_CT_8,THERMAL,2020-07-15 20:00:00,0.0,0.0,0.0,0.0,0.0,0.0,0.0
315_STEAM_1,THERMAL,2020-07-15 20:00:00,0.0,0.0,0.0,0.0,0.0,0.0,0.0
315_STEAM_2,THERMAL,2020-07-15 20:00:00,0.0,0.0,0.0,0.0,0.0,0.0,0.0
315_STEAM_3,THERMAL,2020-07-15 20:00:00,0.0,0.0,0.0,0.0,0.0,0.0,0.0
315_STEAM_4,THERMAL,2020-07-15 20:00:00,0.0,0.0,0.0,0.0,0.0,0.0,0.0
315_STEAM_5,THERMAL,2020-07-15 20:00:00,0.0,0.0,0.0,0.0,0.0,0.0,0.0
316_STEAM_1,THERMAL,2020-07-15 20:00:00,-0.2556816678491375,0.2556816678491375,0.14091697798855043,-0.05085375792032151,-0.11051778272667134,-0.029689244903615464,-0.06462088229852915
317_WIND_1,WIND,2020-07-15 20:00:00,1.0,1.0,1.0,0.0,0.0,0.0,1.0
318_CC_1,THERMAL,2020-07-15 20:00:00,-0.25560454096172136,0.43917222636972997,0.29586019650436146,-0.009208227034433691,-0.27359194786683083,0.0917838427040043,-0.06458820876446111
321_CC_1,THERMAL,2020-07-15 20:00:00,-0.1645074276486391,0.17746521329510087,0.11581120534789745,-0.024464474977326178,-0.10517818369208243,0.006478892823230886,-0.04134366180246138
322_CT_5,THERMAL,2020-07-15 20:00:00,0.0,0.0,0.0,0.0,0.0,0.0,0.0
322_CT_6,THERMAL,2020-07-15 20:00:00,0.0,0.0,0.0,0.0,0.0,0.0,0.0
323_CC_1,THERMAL,2020-07-15 20:00:00,-0.614281620852887,0.8622323253702973,0.48666959379313873,-0.1299929284519687,0.1239753522587051,-0.4030933028761643,-0.20517074178345912
323_CC_2,THERMAL,2020-07-15 20:00:00,-0.8297037310677482,1.1645625112186653,0.657163159847181,-0.17565012200877866,0.1674293900754586,-0.5440844665811237,-0.2773985325533044
101_CT_1,THERMAL,2020-07-15 21:00:00,0.0,0.0,0.0,0.0,0.0,0.0,0.0
101_CT_2,THERMAL,2020-07-15 21:00:00,0.0,0.0,0.0,0.0,0.0,0.0,0.0
101_STEAM_3,THERMAL,2020-07-15 21:00:00,-0.16060944675389766,0.3040557012446905,0.19899624880900413,0.04709244480953204,0.024630682435864373,-0.18611600356122837,-0.04621657043806569
101_STEAM_4,THERMAL,2020-07-15 21:00:00,0.16074295148203857,0.304884886171315,0.19936215560786813,-0.04737896414635711,-0.02469200319828109,0.18636997615566053,0.04644394267101624
102_CT_1,THERMAL,2020-07-15 21:00:00,0.0,0.0,0.0,0.0,0.0,0.0,0.0
102_CT_2,THERMAL,2020-07-15 21:00:00,0.0,0.0,0.0,0.0,0.0,0.0,0.0
102_STEAM_3,THERMAL,2020-07-15 21:00:00,-0.03165171136653339,0.03165171136653339,0.01590650965029229,-0.008091309629802756,-0.009065861043768969,-0.00685226002091055,-0.007642280672051119
102_STEAM_4,THERMAL,2020-07-15 21:00:00,-0.024340442305337648,0.024340442305337648,0.012233376006920203,-0.006225965276748624,-0.006975812360100225,-0.005256313550811242,-0.005882351117677554
107_CC_1,THERMAL,2020-07-15 21:00:00,-0.006283219290389464,0.006283219290389464,0.003650655070951008,-0.001879120739785689,-0.0028643393034724074,-0.00031914756491691065,-0.0012206116822144565
113_CT_1,THERMAL,2020-07-15 21:00:00,0.0,0.0,0.0,0.0,0.0,0.0,0.0
113_CT_2,THERMAL,2020-07-15 21:00:00,0.0,0.0,0.0,0.0,0.0,0.0,0.0
113_CT_3,THERMAL,2020-07-15 21:00:00,0.0,0.0,0.0,0.0,0.0,0.0,0.0
113_CT_4,THERMAL,2020-07-15 21:00:00,0.0,0.0,0.0,0.0,0.0,0.0,0.0
115_STEAM_1,THERMAL,2020-07-15 21:00:00,0.0,0.0,0.0,0.0,0.0,0.0,0.0
115_STEAM_2,THERMAL,2020-07-15 21:00:00,0.0,0.0,0.0,0.0,0.0,0.0,0.0
115_STEAM_3,THERMAL,2020-07-15 21:00:00,-0.48655375195680833,0.48655375195680833,0.24470690793874245,-0.12622653068033984,-0.13992815793616592,-0.10385245355122708,-0.11654660978907548
116_STEAM_1,THERMAL,2020-07-15 21:00:00,-0.4939858294974049,0.4939858294974049,0.2478835346229509,-0.12739606146248916,-0.13791407901902109,-0.10934226166399874,-0.1193334273518959
118_CC_1,THERMAL,2020-07-15 21:00:00,-0.3650059752699395,0.3650059752699395,0.19050141132341947,-0.09997028379477835,-0.12939913203714484,-0.054514961070107004,-0.08112159836790936
122_WIND_1,WIND,2020-07-15 21:00:00,1.0,1.0,1.0,1.0,0.0,0.0,0.0
123_CT_1,THERMAL,2020-07-15 21:00:00,0.0,0.0,0.0,0.0,0.0,0.0,0.0
123_CT_4,THERMAL,2020-07-15 21:00:00,0.0,0.0,0.0,0.0,0.0,0.0,0.0
123_CT_5,THERMAL,2020-07-15 21:00:00,0.0,0.0,0.0,0.0,0.0,0.0,0.0
123_STEAM_2,THERMAL,2020-07-15 21:00:00,-0.00014244812525817974,0.00014244812525817974,7.251418726174378e-05,-3.781495947619007e-05,-4.543690841574133e-05,-2.7176857882560412e-05,-3.201939948368792e-05
123_STEAM_3,THERMAL,2020-07-15 21:00:00,-7.411494834180865e-05,7.411494834180865e-05,3.735213236672327e-05,-1.8841289739279787e-05,-2.2114807775919232e-05,-1.5752329208140736e-05,-1.7406521618468893e-05
201_CT_1,THERMAL,2020-07-15 21:00:00,0.0,0.0,0.0,0.0,0.0,0.0,0.0
201_CT_2,THERMAL,2020-07-15 21:00:00,0.0,0.0,0.0,0.0,0.0,0.0,0.0
201_STEAM_3,THERMAL,2020-07-15 21:00:00,-0.20795604867548484,0.20795604867548484,0.11023181024573246,-0.05804132596676598,-0.07746209313535789,-0.027360965636404555,-0.045091663936956405
202_CT_1,THERMAL,2020-07-15 21:00:00,0.0,0.0,0.0,0.0,0.0,0.0,0.0
202_CT_2,THERMAL,2020-07-15 21:00:00,0.0,0.0,0.0,0.0,0.0,0.0,0.0
202_STEAM_3,THERMAL,2020-07-15 21:00:00,-0.0004052128725089971,0.0004052128725089971,0.00021206839744696945,-0.00011172425411843531,-0.00014445597300204757,-5.842589998869275e-05,-9.060674539982148e-05
202_STEAM_4,THERMAL,2020-07-15 21:00:00,-0.000378771413057366,0.000378771413057366,0.0001980719801962358,-0.00010415859827538746,-0.00013482062729076286,-5.5131840305286384e-05,-8.466034718592932e-05
207_CT_1,THERMAL,2020-07-15 21:00:00,0.0,0.0,0.0,0.0,0.0,0.0,0.0
207_CT_2,THERMAL,2020-07-15 21:00:00,0.0,0.0,0.0,0.0,0.0,0.0,0.0
212_CSP_1,THERMAL,2020-07-15 21:00:00,-2.675232139617417e-05,2.675232139617417e-05,1.3377604384706569e-05,-6.720340635535393e-06,-6.819004116920269e-06,-6.546790014549941e-06,-6.666186629168567e-06
213_CC_3,THERMAL,2020-07-15 21:00:00,0.0,0.0,0.0,0.0,0.0,0.0,0.0
213_CT_1,THERMAL,2020-07-15 21:00:00,0.0,0.0,0.0,0.0,0.0,0.0,0.0
213_CT_2,THERMAL,2020-07-15 21:00:00,0.0,0.0,0.0,0.0,0.0,0.0,0.0
215_CT_4,THERMAL,2020-07-15 21:00:00,0.0,0.0,0.0,0.0,0.0,0.0,0.0
215_CT_5,THERMAL,2020-07-15 21:00:00,0.0,0.0,0.0,0.0,0.0,0.0,0.0
216_STEAM_1,THERMAL,2020-07-15 21:00:00,-4.934617751455538e-05,4.934617751455538e-05,2.5239172041620384e-05,-1.3051249068252169e-05,-1.5805116457046076e-05,-8.37905508865866e-06,-1.2110756900598478e-05
218_CC_1,THERMAL,2020-07-15 21:00:00,0.0,0.0,0.0,0.0,0.0,0.0,0.0
221_CC_1,THERMAL,2020-07-15 21:00:00,-0.5312946466380708,0.7248528132702121,0.43252427363157403,-0.18709889187252093,-0.3712780969067526,0.09677908331607066,-0.06969674117486795
223_CT_4,THERMAL,2020-07-15 21:00:00,0.0,0.0,0.0,0.0,0.0,0.0,0.0
223_CT_5,THERMAL,2020-07-15 21:00:00,0.0,0.0,0.0,0.0,0.0,0.0,0.0
223_CT_6,THERMAL,2020-07-15 21:00:00,0.0,0.0,0.0,0.0,0.0,0.0,0.0
223_STEAM_1,THERMAL,2020-07-15 21:00:00,-0.00010966381272038144,0.00010966381272038144,5.583342194238391e-05,-2.923149112808699e-05,-3.447439284030969e-05,-1.995063456150724e-05,-2.6007294190477518e-05
223_STEAM_2,THERMAL,2020-07-15 21:00:00,-0.0001254212500681519,0.0001254212500681519,6.398058471794817e-05,-3.358309558178251e-05,-4.015074593212313e-05,-2.285921005173798e-05,-2.8828198502508307e-05
223_STEAM_3,THERMAL,2020-07-15 21:00:00,-0.901597709495184,0.901597709495184,0.46295201314315076,-0.2431896732795209,-0.2985483887553497,-0.15440801031545215,-0.20545163714486128
301_CT_1,THERMAL,2020-07-15 21:00:00,0.0,0.0,0.0,0.0,0.0,0.0,0.0
301_CT_2,THERMAL,2020-07-15 21:00:00,0.0,0.0,0.0,0.0,0.0,0.0,0.0
301_CT_3,THERMAL,2020-07-15 21:00:00,0.0,0.0,0.0,0.0,0.0,0.0,0.0
301_CT_4,THERMAL,2020-07-15 21:00:00,0.0,0.0,0.0,0.0,0.0,0.0,0.0
302_CT_1,THERMAL,2020-07-15 21:00:00,0.0,0.0,0.0,0.0,0.0,0.0,0.0
302_CT_2,THERMAL,2020-07-15 21:00:00,0.0,0.0,0.0,0.0,0.0,0.0,0.0
302_CT_3,THERMAL,2020-07-15 21:00:00,0.0,0.0,0.0,0.0,0.0,0.0,0.0
302_CT_4,THERMAL,2020-07-15 21:00:00,0.0,0.0,0.0,0.0,0.0,0.0,0.0
303_WIND_1,WIND,2020-07-15 21:00:00,1.0,1.0,1.0,0.0,1.0,0.0,0.0
307_CT_1,THERMAL,2020-07-15 21:00:00,0.0,0.0,0.0,0.0,0.0,0.0,0.0
307_CT_2,THERMAL,2020-07-15 21:00:00,0.0,0.0,0.0,0.0,0.0,0.0,0.0
309_WIND_1,WIND,2020-07-15 21:00:00,1.0,1.0,1.0,0.0,0.0,1.0,0.0
313_CC_1,THERMAL,2020-07-15 21:00:00,-1.0143979557258966e-07,1.0143979557258966e-07,5.843553767147938e-08,-3.781980906225613e-08,-1.0550009643672809e-08,-4.178064649806856e-08,-1.1289330368592168e-08
315_CT_6,THERMAL,2020-07-15 21:00:00,0.0,0.0,0.0,0.0,0.0,0.0,0.0
315_CT_7,THERMAL,2020-07-15 21:00:00,0.0,0.0,0.0,0.0,0.0,0.0,0.0
315_CT_8,THERMAL,2020-07-15 21:00:00,0.0,0.0,0.0,0.0,0.0,0.0,0.0
315_STEAM_1,THERMAL,2020-07-15 21:00:00,0.0,0.0,0.0,0.0,0.0,0.0,0.0
315_STEAM_2,THERMAL,2020-07-15 21:00:00,0.0,0.0,0.0,0.0,0.0,0.0,0.0
315_STEAM_3,THERMAL,2020-07-15 21:00:00,0.0,0.0,0.0,0.0,0.0,0.0,0.0
315_STEAM_4,THERMAL,2020-07-15 21:00:00,0.0,0.0,0.0,0.0,0.0,0.0,0.0
315_STEAM_5,THERMAL,2020-07-15 21:00:00,0.0,0.0,0.0,0.0,0.0,0.0,0.0
316_STEAM_1,THERMAL,2020-07-15 21:00:00,-0.3728653870542388,0.3728653870542388,0.20282436085253255,-0.07675160060621544,-0.15600009199781634,-0.04665854846160156,-0.09345514598860542
317_WIND_1,WIND,2020-07-15 21:00:00,1.0,1.0,1.0,0.0,0.0,0.0,1.0
318_CC_1,THERMAL,2020-07-15 21:00:00,-0.13072291090182037,0.25018129855037213,0.16928104517717335,-0.003861477385734946,-0.1552047376222049,0.059729193824275884,-0.03138588971815641
321_CC_1,THERMAL,2020-07-15 21:00:00,-8.024162195545015e-10,3.1879481026967794e-09,1.9598492862243266e-09,-8.936840156792414e-11,1.192765941571139e-09,-1.4980072737813543e-09,-4.07806485776362e-10
322_CT_5,THERMAL,2020-07-15 21:00:00,0.0,0.0,0.0,0.0,0.0,0.0,0.0
322_CT_6,THERMAL,2020-07-15 21:00:00,0.0,0.0,0.0,0.0,0.0,0.0,0.0
323_CC_1,THERMAL,2020-07-15 21:00:00,-0.786051798450716,1.3028754255722768,0.7821839958448277,-0.13191503695246534,0.2584118135607803,-0.6921355921904387,-0.22041298286859226
323_CC_2,THERMAL,2020-07-15 21:00:00,0.3394877593452021,0.34486398989157824,0.24175869939095584,0.07128896017255351,0.22673438425295694,0.04415253019287971,-0.002688115273188053
101_CT_1,THERMAL,2020-07-15 22:00:00,0.0,0.0,0.0,0.0,0.0,0.0,0.0
101_CT_2,THERMAL,2020-07-15 22:00:00,0.0,0.0,0.0,0.0,0.0,0.0,0.0
101_STEAM_3,THERMAL,2020-07-15 22:00:00,-0.12606651392319293,0.22932527116349408,0.17278986008318778,0.03354145400306208,0.018087924617088497,-0.1682715525880147,-0.009424339955328799
101_STEAM_4,THERMAL,2020-07-15 22:00:00,0.126381355250895,0.22972233582807516,0.17294972656404234,-0.033750888299964185,-0.017919601988625883,0.16839891399503673,0.009652931544448348
102_CT_1,THERMAL,2020-07-15 22:00:00,0.0,0.0,0.0,0.0,0.0,0.0,0.0
102_CT_2,THERMAL,2020-07-15 22:00:00,0.0,0.0,0.0,0.0,0.0,0.0,0.0
102_STEAM_3,THERMAL,2020-07-15 22:00:00,-0.027415159859978794,0.027415159859978794,0.014045044445328083,-0.008025334723806876,-0.008571216600589307,-0.006068992339834723,-0.004749616195747884
102_STEAM_4,THERMAL,2020-07-15 22:00:00,-0.021964491583681505,0.021964491583681505,0.011253856358659914,-0.006434307630642533,-0.006868324656210387,-0.00486063779139022,-0.0038012215054383665
107_CC_1,THERMAL,2020-07-15 22:00:00,-2.800738028125726e-06,3.6986596747935702e-06,2.068866117452e-06,-1.4926894098543642e-06,-1.270281715926025e-06,-4.86727725679259e-07,4.489608233339221e-07
113_CT_1,THERMAL,2020-07-15 22:00:00,0.0,0.0,0.0,0.0,0.0,0.0,0.0
113_CT_2,THERMAL,2020-07-15 22:00:00,0.0,0.0,0.0,0.0,0.0,0.0,0.0
113_CT_3,THERMAL,2020-07-15 22:00:00,0.0,0.0,0.0,0.0,0.0,0.0,0.0
113_CT_4,THERMAL,2020-07-15 22:00:00,0.0,0.0,0.0,0.0,0.0,0.0,0.0
115_STEAM_1,THERMAL,2020-07-15 22:00:00,0.0,0.0,0.0,0.0,0.0,0.0,0.0
115_STEAM_2,THERMAL,2020-07-15 22:00:00,0.0,0.0,0.0,0.0,0.0,0.0,0.0
115_STEAM_3,THERMAL,2020-07-15 22:00:00,-0.36006392914288393,0.36006392914288393,0.18590014729397294,-0.10766969416928363,-0.11508124912402995,-0.08080103449712484,-0.05651195135244551
116_STEAM_1,THERMAL,2020-07-15 22:00:00,-0.3607101432099977,0.3607101432099977,0.1853465351465428,-0.10655006854152504,-0.11308878059099225,-0.08195479067387934,-0.059116503403601084
118_CC_1,THERMAL,2020-07-15 22:00:00,0.0,0.0,0.0,0.0,0.0,0.0,0.0
122_WIND_1,WIND,2020-07-15 22:00:00,1.0,1.0,1.0,1.0,0.0,0.0,0.0
123_CT_1,THERMAL,2020-07-15 22:00:00,0.0,0.0,0.0,0.0,0.0,0.0,0.0
123_CT_4,THERMAL,2020-07-15 22:00:00,0.0,0.0,0.0,0.0,0.0,0.0,0.0
123_CT_5,THERMAL,2020-07-15 22:00:00,0.0,0.0,0.0,0.0,0.0,0.0,0.0
123_STEAM_2,THERMAL,2020-07-15 22:00:00,-0.3642499846507968,0.3642499846507968,0.20150435612706144,-0.1252936183911697,-0.13547103634388746,-0.07622231249064626,-0.02726301742509335
123_STEAM_3,THERMAL,2020-07-15 22:00:00,-0.6559191133879438,0.6559191133879438,0.34751681853156646,-0.20938133014364468,-0.22361054924077395,-0.14369282881021306,-0.07923440519331214
201_CT_1,THERMAL,2020-07-15 22:00:00,0.0,0.0,0.0,0.0,0.0,0.0,0.0
201_CT_2,THERMAL,2020-07-15 22:00:00,0.0,0.0,0.0,0.0,0.0,0.0,0.0
201_STEAM_3,THERMAL,2020-07-15 22:00:00,-3.4560418237209766e-07,4.4748046713645985e-07,2.4752765589455304e-07,-1.8231354548259304e-07,-1.423991758953136e-07,-7.182960337637212e-08,5.09381423821811e-08
202_CT_1,THERMAL,2020-07-15 22:00:00,0.0,0.0,0.0,0.0,0.0,0.0,0.0
202_CT_2,THERMAL,2020-07-15 22:00:00,0.0,0.0,0.0,0.0,0.0,0.0,0.0
202_STEAM_3,THERMAL,2020-07-15 22:00:00,-3.516876061366525e-07,4.2686556226705885e-07,2.4416841845213224e-07,-1.8738876053017263e-07,-1.3776368268623208e-07,-6.412414098545097e-08,3.758897806520318e-08
202_STEAM_4,THERMAL,2020-07-15 22:00:00,-3.507392265401262e-07,4.2648368957256503e-07,2.434927789732722e-07,-1.8655683129484745e-07,-1.373449405848377e-07,-6.470968617666047e-08,3.7872231516219406e-08
207_CT_1,THERMAL,2020-07-15 22:00:00,0.0,0.0,0.0,0.0,0.0,0.0,0.0
207_CT_2,THERMAL,2020-07-15 22:00:00,0.0,0.0,0.0,0.0,0.0,0.0,0.0
212_CSP_1,THERMAL,2020-07-15 22:00:00,-1.5444092393834854e-07,1.5444092393834854e-07,8.915416209735685e-08,-6.579464484346431e-08,-5.5247615926568017e-08,-1.452046571870369e-08,-1.8878197449612515e-08
213_CC_3,THERMAL,2020-07-15 22:00:00,0.0,0.0,0.0,0.0,0.0,0.0,0.0
213_CT_1,THERMAL,2020-07-15 22:00:00,0.0,0.0,0.0,0.0,0.0,0.0,0.0
213_CT_2,THERMAL,2020-07-15 22:00:00,0.0,0.0,0.0,0.0,0.0,0.0,0.0
215_CT_4,THERMAL,2020-07-15 22:00:00,0.0,0.0,0.0,0.0,0.0,0.0,0.0
215_CT_5,THERMAL,2020-07-15 22:00:00,0.0,0.0,0.0,0.0,0.0,0.0,0.0
216_STEAM_1,THERMAL,2020-07-15 22:00:00,-3.2811239421395046e-07,3.2811239421395046e-07,1.8162219125675637e-07,-9.783242893579569e-08,-8.465488438025304e-08,-1.259428268340912e-07,-1.9682254063810514e-08
218_CC_1,THERMAL,2020-07-15 22:00:00,0.0,0.0,0.0,0.0,0.0,0.0,0.0
221_CC_1,THERMAL,2020-07-15 22:00:00,-2.583270044192021e-06,5.480308139866763e-06,3.0914410027004328e-06,-1.907539682433068e-06,-1.946396898211411e-06,-1.7785251138491276e-07,1.448519047837371e-06
223_CT_4,THERMAL,2020-07-15 22:00:00,0.0,0.0,0.0,0.0,0.0,0.0,0.0
223_CT_5,THERMAL,2020-07-15 22:00:00,0.0,0.0,0.0,0.0,0.0,0.0,0.0
223_CT_6,THERMAL,2020-07-15 22:00:00,0.0,0.0,0.0,0.0,0.0,0.0,0.0
223_STEAM_1,THERMAL,2020-07-15 22:00:00,-9.734146748273003e-08,9.734146748273003e-08,5.4522910615640926e-08,-2.7472613343541995e-08,-2.961622896656866e-08,-3.641657598555361e-08,-3.83604918706576e-09
223_STEAM_2,THERMAL,2020-07-15 22:00:00,-9.802397104678752e-08,9.802397104678752e-08,5.482647804796231e-08,-2.7457362335587944e-08,-2.9674333715155508e-08,-3.6807384243020856e-08,-4.084890753023215e-09
223_STEAM_3,THERMAL,2020-07-15 22:00:00,-9.828486548182084e-08,1.254781250992015e-07,7.620000096347209e-08,-4.092881744632848e-08,-6.220892634356545e-08,-8.743751500617236e-09,1.3596629808690322e-08
301_CT_1,THERMAL,2020-07-15 22:00:00,0.0,0.0,0.0,0.0,0.0,0.0,0.0
301_CT_2,THERMAL,2020-07-15 22:00:00,0.0,0.0,0.0,0.0,0.0,0.0,0.0
301_CT_3,THERMAL,2020-07-15 22:00:00,0.0,0.0,0.0,0.0,0.0,0.0,0.0
301_CT_4,THERMAL,2020-07-15 22:00:00,0.0,0.0,0.0,0.0,0.0,0.0,0.0
302_CT_1,THERMAL,2020-07-15 22:00:00,0.0,0.0,0.0,0.0,0.0,0.0,0.0
302_CT_2,THERMAL,2020-07-15 22:00:00,0.0,0.0,0.0,0.0,0.0,0.0,0.0
302_CT_3,THERMAL,2020-07-15 22:00:00,0.0,0.0,0.0,0.0,0.0,0.0,0.0
302_CT_4,THERMAL,2020-07-15 22:00:00,0.0,0.0,0.0,0.0,0.0,0.0,0.0
303_WIND_1,WIND,2020-07-15 22:00:00,1.0,1.0,1.0,0.0,1.0,0.0,0.0
307_CT_1,THERMAL,2020-07-15 22:00:00,0.0,0.0,0.0,0.0,0.0,0.0,0.0
307_CT_2,THERMAL,2020-07-15 22:00:00,0.0,0.0,0.0,0.0,0.0,0.0,0.0
309_WIND_1,WIND,2020-07-15 22:00:00,1.0,1.0,1.0,0.0,0.0,1.0,0.0
313_CC_1,THERMAL,2020-07-15 22:00:00,-0.8307179746366554,0.8307179746366554,0.4381439687519482,-0.19975160233315847,-0.09792623853764593,-0.2809074645342342,-0.2521326692316168
315_CT_6,THERMAL,2020-07-15 22:00:00,0.0,0.0,0.0,0.0,0.0,0.0,0.0
315_CT_7,THERMAL,2020-07-15 22:00:00,0.0,0.0,0.0,0.0,0.0,0.0,0.0
315_CT_8,THERMAL,2020-07-15 22:00:00,0.0,0.0,0.0,0.0,0.0,0.0,0.0
315_STEAM_1,THERMAL,2020-07-15 22:00:00,0.0,0.0,0.0,0.0,0.0,0.0,0.0
315_STEAM_2,THERMAL,2020-07-15 22:00:00,0.0,0.0,0.0,0.0,0.0,0.0,0.0
315_STEAM_3,THERMAL,2020-07-15 22:00:00,0.0,0.0,0.0,0.0,0.0,0.0,0.0
315_STEAM_4,THERMAL,2020-07-15 22:00:00,0.0,0.0,0.0,0.0,0.0,0.0,0.0
315_STEAM_5,THERMAL,2020-07-15 22:00:00,0.0,0.0,0.0,0.0,0.0,0.0,0.0
316_STEAM_1,THERMAL,2020-07-15 22:00:00,-0.26454953162520223,0.26454953162520223,0.1398100387858972,-0.04705479684039515,-0.09040587189032395,-0.04026695487151288,-0.08682190802297023
317_WIND_1,WIND,2020-07-15 22:00:00,1.0,1.0,1.0,0.0,0.0,0.0,1.0
318_CC_1,THERMAL,2020-07-15 22:00:00,0.0,0.0,0.0,0.0,0.0,0.0,0.0
321_CC_1,THERMAL,2020-07-15 22:00:00,0.0,0.0,0.0,0.0,0.0,0.0,0.0
322_CT_5,THERMAL,2020-07-15 22:00:00,0.0,0.0,0.0,0.0,0.0,0.0,0.0
322_CT_6,THERMAL,2020-07-15 22:00:00,0.0,0.0,0.0,0.0,0.0,0.0,0.0
323_CC_1,THERMAL,2020-07-15 22:00:00,-0.5590018528698468,0.5590018528698468,0.2952085968100557,-0.09507737634758205,-0.10486518788585594,-0.14312968464072395,-0.21592960399568492
323_CC_2,THERMAL,2020-07-15 22:00:00,-0.5557154521104155,0.5557154521104155,0.2934670244477732,-0.09454822060642766,-0.1042759721688549,-0.14222157307723005,-0.21466968625790295
101_CT_1,THERMAL,2020-07-15 23:00:00,0.0,0.0,0.0,0.0,0.0,0.0,0.0
101_CT_2,THERMAL,2020-07-15 23:00:00,0.0,0.0,0.0,0.0,0.0,0.0,0.0
101_STEAM_3,THERMAL,2020-07-15 23:00:00,0.051919900632622584,0.07056655060923614,0.04579314156770456,-0.0022471340047914654,-0.0070761909835153096,0.03974639725562086,0.0214968283653085
101_STEAM_4,THERMAL,2020-07-15 23:00:00,-0.056966048471522805,0.069092588025267,0.046912416628068845,0.0003650127891107191,0.005698256987761374,-0.04104943723965461,-0.021979881008740286
102_CT_1,THERMAL,2020-07-15 23:00:00,0.0,0.0,0.0,0.0,0.0,0.0,0.0
102_CT_2,THERMAL,2020-07-15 23:00:00,0.0,0.0,0.0,0.0,0.0,0.0,0.0
102_STEAM_3,THERMAL,2020-07-15 23:00:00,-0.16881855797497933,0.16881855797497933,0.08470863193898437,-0.04602616437445756,-0.04320474913524494,-0.043214172678472496,-0.03637347178680433
102_STEAM_4,THERMAL,2020-07-15 23:00:00,-0.16901173591633978,0.16901173591633978,0.08481021097724709,-0.0460734301623405,-0.0432085654948241,-0.04337307808115076,-0.03635666217802441
107_CC_1,THERMAL,2020-07-15 23:00:00,-0.652162685118783,0.652162685118783,0.32677082853746986,-0.17204937872042872,-0.1732770016413489,-0.15970334961868815,-0.14713295513831715
113_CT_1,THERMAL,2020-07-15 23:00:00,0.0,0.0,0.0,0.0,0.0,0.0,0.0
113_CT_2,THERMAL,2020-07-15 23:00:00,0.0,0.0,0.0,0.0,0.0,0.0,0.0
113_CT_3,THERMAL,2020-07-15 23:00:00,0.0,0.0,0.0,0.0,0.0,0.0,0.0
113_CT_4,THERMAL,2020-07-15 23:00:00,0.0,0.0,0.0,0.0,0.0,0.0,0.0
115_STEAM_1,THERMAL,2020-07-15 23:00:00,2.6420591288089922e-17,2.6420591288089922e-17,1.9097793675610865e-17,1.601225043222908e-17,1.0408340855860843e-17,0.0,0.0
115_STEAM_2,THERMAL,2020-07-15 23:00:00,-3.469446951953614e-18,3.469446951953614e-18,3.469446951953614e-18,-3.469446951953614e-18,0.0,0.0,0.0
115_STEAM_3,THERMAL,2020-07-15 23:00:00,-0.3073248696481784,0.3073248696481784,0.1573232111676305,-0.060284314023809404,-0.06642345887926851,-0.07628980115724548,-0.104327295587855
116_STEAM_1,THERMAL,2020-07-15 23:00:00,-0.3125917969266447,0.3125917969266447,0.158309227690065,-0.06577563621326137,-0.07048998298948111,-0.07764931039396838,-0.0986768673299338
118_CC_1,THERMAL,2020-07-15 23:00:00,0.0,0.0,0.0,0.0,0.0,0.0,0.0
122_WIND_1,WIND,2020-07-15 23:00:00,1.0,1.0,1.0,1.0,0.0,0.0,0.0
123_CT_1,THERMAL,2020-07-15 23:00:00,0.0,0.0,0.0,0.0,0.0,0.0,0.0
123_CT_4,THERMAL,2020-07-15 23:00:00,0.0,0.0,0.0,0.0,0.0,0.0,0.0
123_CT_5,THERMAL,2020-07-15 23:00:00,0.0,0.0,0.0,0.0,0.0,0.0,0.0
123_STEAM_2,THERMAL,2020-07-15 23:00:00,-0.3183930761799976,0.3183930761799976,0.15980095701162217,-0.07260537288351278,-0.0758547741737732,-0.07895569401133518,-0.09097723511137644
123_STEAM_3,THERMAL,2020-07-15 23:00:00,-0.7255466948971658,0.7255466948971658,0.36334288231164863,-0.17100851921816657,-0.17629293594354764,-0.18017257722855184,-0.1980726625068998
201_CT_1,THERMAL,2020-07-15 23:00:00,0.0,0.0,0.0,0.0,0.0,0.0,0.0
201_CT_2,THERMAL,2020-07-15 23:00:00,0.0,0.0,0.0,0.0,0.0,0.0,0.0
201_STEAM_3,THERMAL,2020-07-15 23:00:00,-2.4275503112553495e-07,3.173502069396311e-07,1.7036854267217463e-07,-1.1868566336724871e-07,-9.693765251617137e-08,3.729758790704807e-08,-6.442930314916295e-08
202_CT_1,THERMAL,2020-07-15 23:00:00,0.0,0.0,0.0,0.0,0.0,0.0,0.0
202_CT_2,THERMAL,2020-07-15 23:00:00,0.0,0.0,0.0,0.0,0.0,0.0,0.0
202_STEAM_3,THERMAL,2020-07-15 23:00:00,-4.551281284328016e-07,4.551281284328016e-07,2.7187443421279315e-07,-1.1494791293758803e-07,-1.0134388105914466e-07,-2.2408598877332464e-07,-1.4750345662744272e-08
202_STEAM_4,THERMAL,2020-07-15 23:00:00,-5.276930047817061e-07,5.276930047817061e-07,2.908360099363888e-07,-9.620509114662333e-08,-1.3364357288064982e-07,-2.2989727420908013e-07,-6.794706654535284e-08
207_CT_1,THERMAL,2020-07-15 23:00:00,0.0,0.0,0.0,0.0,0.0,0.0,0.0
207_CT_2,THERMAL,2020-07-15 23:00:00,0.0,0.0,0.0,0.0,0.0,0.0,0.0
212_CSP_1,THERMAL,2020-07-15 23:00:00,-4.1543170077981006e-07,4.1543170077981006e-07,2.2379212658951646e-07,-9.334601057594216e-08,-7.089202613830281e-08,-1.745592177471167e-07,-7.663444631844842e-08
213_CC_3,THERMAL,2020-07-15 23:00:00,0.0,0.0,0.0,0.0,0.0,0.0,0.0
213_CT_1,THERMAL,2020-07-15 23:00:00,0.0,0.0,0.0,0.0,0.0,0.0,0.0
213_CT_2,THERMAL,2020-07-15 23:00:00,0.0,0.0,0.0,0.0,0.0,0.0,0.0
215_CT_4,THERMAL,2020-07-15 23:00:00,0.0,0.0,0.0,0.0,0.0,0.0,0.0
215_CT_5,THERMAL,2020-07-15 23:00:00,0.0,0.0,0.0,0.0,0.0,0.0,0.0
216_STEAM_1,THERMAL,2020-07-15 23:00:00,-0.03681389100744014,0.03681389100744014,0.018653569432556857,-0.010631482040386518,-0.01030949157011457,-0.009091203783081259,-0.006781713613857791
218_CC_1,THERMAL,2020-07-15 23:00:00,0.0,0.0,0.0,0.0,0.0,0.0,0.0
221_CC_1,THERMAL,2020-07-15 23:00:00,-0.40674867667843395,0.6037330898434218,0.3217993175578971,-0.21892241753819236,-0.19284790971818477,-0.09347055600455079,0.09849220658249394
223_CT_4,THERMAL,2020-07-15 23:00:00,0.0,0.0,0.0,0.0,0.0,0.0,0.0
223_CT_5,THERMAL,2020-07-15 23:00:00,0.0,0.0,0.0,0.0,0.0,0.0,0.0
223_CT_6,THERMAL,2020-07-15 23:00:00,0.0,0.0,0.0,0.0,0.0,0.0,0.0
223_STEAM_1,THERMAL,2020-07-15 23:00:00,-1.4872920754130815e-07,1.4872920754130815e-07,1.1502727843335461e-07,-1.4095076737395114e-08,-4.771885924650655e-09,-1.1277321362371716e-07,-1.7089031255545206e-08
223_STEAM_2,THERMAL,2020-07-15 23:00:00,-7.766182296739907e-08,7.766182296739907e-08,4.7003354413566e-08,-7.115515946651056e-09,-1.0157501177250765e-08,-4.09671925598274e-08,-1.942161328366984e-08
223_STEAM_3,THERMAL,2020-07-15 23:00:00,-4.738518458783239e-08,4.738518458783239e-08,3.120852180725454e-08,-1.3511221062440316e-09,-6.53827898733514e-09,-2.8391928807991462e-08,-1.1103854686261759e-08
301_CT_1,THERMAL,2020-07-15 23:00:00,0.0,0.0,0.0,0.0,0.0,0.0,0.0
301_CT_2,THERMAL,2020-07-15 23:00:00,0.0,0.0,0.0,0.0,0.0,0.0,0.0
301_CT_3,THERMAL,2020-07-15 23:00:00,0.0,0.0,0.0,0.0,0.0,0.0,0.0
301_CT_4,THERMAL,2020-07-15 23:00:00,0.0,0.0,0.0,0.0,0.0,0.0,0.0
302_CT_1,THERMAL,2020-07-15 23:00:00,0.0,0.0,0.0,0.0,0.0,0.0,0.0
302_CT_2,THERMAL,2020-07-15 23:00:00,0.0,0.0,0.0,0.0,0.0,0.0,0.0
302_CT_3,THERMAL,2020-07-15 23:00:00,0.0,0.0,0.0,0.0,0.0,0.0,0.0
302_CT_4,THERMAL,2020-07-15 23:00:00,0.0,0.0,0.0,0.0,0.0,0.0,0.0
303_WIND_1,WIND,2020-07-15 23:00:00,1.0,1.0,1.0,0.0,1.0,0.0,0.0
307_CT_1,THERMAL,2020-07-15 23:00:00,0.0,0.0,0.0,0.0,0.0,0.0,0.0
307_CT_2,THERMAL,2020-07-15 23:00:00,0.0,0.0,0.0,0.0,0.0,0.0,0.0
309_WIND_1,WIND,2020-07-15 23:00:00,1.0,1.0,1.0,0.0,0.0,1.0,0.0
313_CC_1,THERMAL,2020-07-15 23:00:00,-0.6427591384295512,0.6427591384295512,0.35232430647632945,-0.10315088945623417,-0.08643571742740734,-0.1857297729146623,-0.2674427586312474
315_CT_6,THERMAL,2020-07-15 23:00:00,0.0,0.0,0.0,0.0,0.0,0.0,0.0
315_CT_7,THERMAL,2020-07-15 23:00:00,0.0,0.0,0.0,0.0,0.0,0.0,0.0
315_CT_8,THERMAL,2020-07-15 23:00:00,0.0,0.0,0.0,0.0,0.0,0.0,0.0
315_STEAM_1,THERMAL,2020-07-15 23:00:00,0.0,0.0,0.0,0.0,0.0,0.0,0.0
315_STEAM_2,THERMAL,2020-07-15 23:00:00,0.0,0.0,0.0,0.0,0.0,0.0,0.0
315_STEAM_3,THERMAL,2020-07-15 23:00:00,0.0,0.0,0.0,0.0,0.0,0.0,0.0
315_STEAM_4,THERMAL,2020-07-15 23:00:00,0.0,0.0,0.0,0.0,0.0,0.0,0.0
315_STEAM_5,THERMAL,2020-07-15 23:00:00,0.0,0.0,0.0,0.0,0.0,0.0,0.0
316_STEAM_1,THERMAL,2020-07-15 23:00:00,-0.254780666712546,0.254780666712546,0.1405391780269231,-0.03158981441491482,-0.06027702884222913,-0.051046658167112735,-0.11186716528828933
317_WIND_1,WIND,2020-07-15 23:00:00,1.0,1.0,1.0,0.0,0.0,0.0,1.0
318_CC_1,THERMAL,2020-07-15 23:00:00,0.0,0.0,0.0,0.0,0.0,0.0,0.0
321_CC_1,THERMAL,2020-07-15 23:00:00,0.0,0.0,0.0,0.0,0.0,0.0,0.0
322_CT_5,THERMAL,2020-07-15 23:00:00,0.0,0.0,0.0,0.0,0.0,0.0,0.0
322_CT_6,THERMAL,2020-07-15 23:00:00,0.0,0.0,0.0,0.0,0.0,0.0,0.0
323_CC_1,THERMAL,2020-07-15 23:00:00,-8.343264483021577e-08,8.343264483021577e-08,5.3046019928855966e-08,-7.59819873771987e-09,-1.094341882763827e-08,-1.615185718500516e-08,-4.873917007985247e-08
323_CC_2,THERMAL,2020-07-15 23:00:00,-6.444649470229123e-08,7.15617533067003e-08,4.9535224515564303e-08,-6.391979941505037e-09,-1.4959997029093456e-08,3.557629302204536e-09,-4.6652147033897276e-08
101_CT_1,THERMAL,2020-07-16 00:00:00,0.0,0.0,0.0,0.0,0.0,0.0,0.0
101_CT_2,THERMAL,2020-07-16 00:00:00,0.0,0.0,0.0,0.0,0.0,0.0,0.0
101_STEAM_3,THERMAL,2020-07-16 00:00:00,0.0,0.0,0.0,0.0,0.0,0.0,0.0
101_STEAM_4,THERMAL,2020-07-16 00:00:00,0.0,0.0,0.0,0.0,0.0,0.0,0.0
102_CT_1,THERMAL,2020-07-16 00:00:00,0.0,0.0,0.0,0.0,0.0,0.0,0.0
102_CT_2,THERMAL,2020-07-16 00:00:00,0.0,0.0,0.0,0.0,0.0,0.0,0.0
102_STEAM_3,THERMAL,2020-07-16 00:00:00,0.0,0.0,0.0,0.0,0.0,0.0,0.0
102_STEAM_4,THERMAL,2020-07-16 00:00:00,0.0,0.0,0.0,0.0,0.0,0.0,0.0
107_CC_1,THERMAL,2020-07-16 00:00:00,0.0,0.0,0.0,0.0,0.0,0.0,0.0
113_CT_1,THERMAL,2020-07-16 00:00:00,0.0,0.0,0.0,0.0,0.0,0.0,0.0
113_CT_2,THERMAL,2020-07-16 00:00:00,0.0,0.0,0.0,0.0,0.0,0.0,0.0
113_CT_3,THERMAL,2020-07-16 00:00:00,0.0,0.0,0.0,0.0,0.0,0.0,0.0
113_CT_4,THERMAL,2020-07-16 00:00:00,0.0,0.0,0.0,0.0,0.0,0.0,0.0
115_STEAM_1,THERMAL,2020-07-16 00:00:00,0.0,0.0,0.0,0.0,0.0,0.0,0.0
115_STEAM_2,THERMAL,2020-07-16 00:00:00,0.0,0.0,0.0,0.0,0.0,0.0,0.0
115_STEAM_3,THERMAL,2020-07-16 00:00:00,0.0,0.0,0.0,0.0,0.0,0.0,0.0
116_STEAM_1,THERMAL,2020-07-16 00:00:00,0.0,0.0,0.0,0.0,0.0,0.0,0.0
118_CC_1,THERMAL,2020-07-16 00:00:00,0.0,0.0,0.0,0.0,0.0,0.0,0.0
122_WIND_1,WIND,2020-07-16 00:00:00,0.0,0.0,0.0,0.0,0.0,0.0,0.0
123_CT_1,THERMAL,2020-07-16 00:00:00,0.0,0.0,0.0,0.0,0.0,0.0,0.0
123_CT_4,THERMAL,2020-07-16 00:00:00,0.0,0.0,0.0,0.0,0.0,0.0,0.0
123_CT_5,THERMAL,2020-07-16 00:00:00,0.0,0.0,0.0,0.0,0.0,0.0,0.0
123_STEAM_2,THERMAL,2020-07-16 00:00:00,0.0,0.0,0.0,0.0,0.0,0.0,0.0
123_STEAM_3,THERMAL,2020-07-16 00:00:00,0.0,0.0,0.0,0.0,0.0,0.0,0.0
201_CT_1,THERMAL,2020-07-16 00:00:00,0.0,0.0,0.0,0.0,0.0,0.0,0.0
201_CT_2,THERMAL,2020-07-16 00:00:00,0.0,0.0,0.0,0.0,0.0,0.0,0.0
201_STEAM_3,THERMAL,2020-07-16 00:00:00,0.0,0.0,0.0,0.0,0.0,0.0,0.0
202_CT_1,THERMAL,2020-07-16 00:00:00,0.0,0.0,0.0,0.0,0.0,0.0,0.0
202_CT_2,THERMAL,2020-07-16 00:00:00,0.0,0.0,0.0,0.0,0.0,0.0,0.0
202_STEAM_3,THERMAL,2020-07-16 00:00:00,0.0,0.0,0.0,0.0,0.0,0.0,0.0
202_STEAM_4,THERMAL,2020-07-16 00:00:00,0.0,0.0,0.0,0.0,0.0,0.0,0.0
207_CT_1,THERMAL,2020-07-16 00:00:00,0.0,0.0,0.0,0.0,0.0,0.0,0.0
207_CT_2,THERMAL,2020-07-16 00:00:00,0.0,0.0,0.0,0.0,0.0,0.0,0.0
212_CSP_1,THERMAL,2020-07-16 00:00:00,0.0,0.0,0.0,0.0,0.0,0.0,0.0
213_CC_3,THERMAL,2020-07-16 00:00:00,0.0,0.0,0.0,0.0,0.0,0.0,0.0
213_CT_1,THERMAL,2020-07-16 00:00:00,0.0,0.0,0.0,0.0,0.0,0.0,0.0
213_CT_2,THERMAL,2020-07-16 00:00:00,0.0,0.0,0.0,0.0,0.0,0.0,0.0
215_CT_4,THERMAL,2020-07-16 00:00:00,0.0,0.0,0.0,0.0,0.0,0.0,0.0
215_CT_5,THERMAL,2020-07-16 00:00:00,0.0,0.0,0.0,0.0,0.0,0.0,0.0
216_STEAM_1,THERMAL,2020-07-16 00:00:00,0.0,0.0,0.0,0.0,0.0,0.0,0.0
218_CC_1,THERMAL,2020-07-16 00:00:00,0.0,0.0,0.0,0.0,0.0,0.0,0.0
221_CC_1,THERMAL,2020-07-16 00:00:00,0.0,0.0,0.0,0.0,0.0,0.0,0.0
223_CT_4,THERMAL,2020-07-16 00:00:00,0.0,0.0,0.0,0.0,0.0,0.0,0.0
223_CT_5,THERMAL,2020-07-16 00:00:00,0.0,0.0,0.0,0.0,0.0,0.0,0.0
223_CT_6,THERMAL,2020-07-16 00:00:00,0.0,0.0,0.0,0.0,0.0,0.0,0.0
223_STEAM_1,THERMAL,2020-07-16 00:00:00,0.0,0.0,0.0,0.0,0.0,0.0,0.0
223_STEAM_2,THERMAL,2020-07-16 00:00:00,0.0,0.0,0.0,0.0,0.0,0.0,0.0
223_STEAM_3,THERMAL,2020-07-16 00:00:00,0.0,0.0,0.0,0.0,0.0,0.0,0.0
301_CT_1,THERMAL,2020-07-16 00:00:00,0.0,0.0,0.0,0.0,0.0,0.0,0.0
301_CT_2,THERMAL,2020-07-16 00:00:00,0.0,0.0,0.0,0.0,0.0,0.0,0.0
301_CT_3,THERMAL,2020-07-16 00:00:00,0.0,0.0,0.0,0.0,0.0,0.0,0.0
301_CT_4,THERMAL,2020-07-16 00:00:00,0.0,0.0,0.0,0.0,0.0,0.0,0.0
302_CT_1,THERMAL,2020-07-16 00:00:00,0.0,0.0,0.0,0.0,0.0,0.0,0.0
302_CT_2,THERMAL,2020-07-16 00:00:00,0.0,0.0,0.0,0.0,0.0,0.0,0.0
302_CT_3,THERMAL,2020-07-16 00:00:00,0.0,0.0,0.0,0.0,0.0,0.0,0.0
302_CT_4,THERMAL,2020-07-16 00:00:00,0.0,0.0,0.0,0.0,0.0,0.0,0.0
303_WIND_1,WIND,2020-07-16 00:00:00,0.0,0.0,0.0,0.0,0.0,0.0,0.0
307_CT_1,THERMAL,2020-07-16 00:00:00,0.0,0.0,0.0,0.0,0.0,0.0,0.0
307_CT_2,THERMAL,2020-07-16 00:00:00,0.0,0.0,0.0,0.0,0.0,0.0,0.0
309_WIND_1,WIND,2020-07-16 00:00:00,0.0,0.0,0.0,0.0,0.0,0.0,0.0
313_CC_1,THERMAL,2020-07-16 00:00:00,0.0,0.0,0.0,0.0,0.0,0.0,0.0
315_CT_6,THERMAL,2020-07-16 00:00:00,0.0,0.0,0.0,0.0,0.0,0.0,0.0
315_CT_7,THERMAL,2020-07-16 00:00:00,0.0,0.0,0.0,0.0,0.0,0.0,0.0
315_CT_8,THERMAL,2020-07-16 00:00:00,0.0,0.0,0.0,0.0,0.0,0.0,0.0
315_STEAM_1,THERMAL,2020-07-16 00:00:00,0.0,0.0,0.0,0.0,0.0,0.0,0.0
315_STEAM_2,THERMAL,2020-07-16 00:00:00,0.0,0.0,0.0,0.0,0.0,0.0,0.0
315_STEAM_3,THERMAL,2020-07-16 00:00:00,0.0,0.0,0.0,0.0,0.0,0.0,0.0
315_STEAM_4,THERMAL,2020-07-16 00:00:00,0.0,0.0,0.0,0.0,0.0,0.0,0.0
315_STEAM_5,THERMAL,2020-07-16 00:00:00,0.0,0.0,0.0,0.0,0.0,0.0,0.0
316_STEAM_1,THERMAL,2020-07-16 00:00:00,0.0,0.0,0.0,0.0,0.0,0.0,0.0
317_WIND_1,WIND,2020-07-16 00:00:00,0.0,0.0,0.0,0.0,0.0,0.0,0.0
318_CC_1,THERMAL,2020-07-16 00:00:00,0.0,0.0,0.0,0.0,0.0,0.0,0.0
321_CC_1,THERMAL,2020-07-16 00:00:00,0.0,0.0,0.0,0.0,0.0,0.0,0.0
322_CT_5,THERMAL,2020-07-16 00:00:00,0.0,0.0,0.0,0.0,0.0,0.0,0.0
322_CT_6,THERMAL,2020-07-16 00:00:00,0.0,0.0,0.0,0.0,0.0,0.0,0.0
323_CC_1,THERMAL,2020-07-16 00:00:00,0.0,0.0,0.0,0.0,0.0,0.0,0.0
323_CC_2,THERMAL,2020-07-16 00:00:00,0.0,0.0,0.0,0.0,0.0,0.0,0.0
101_CT_1,THERMAL,2020-07-16 02:00:00,0.0,0.0,0.0,0.0,0.0,0.0,0.0
101_CT_2,THERMAL,2020-07-16 02:00:00,0.0,0.0,0.0,0.0,0.0,0.0,0.0
101_STEAM_3,THERMAL,2020-07-16 02:00:00,0.0,0.0,0.0,0.0,0.0,0.0,0.0
101_STEAM_4,THERMAL,2020-07-16 02:00:00,0.0,0.0,0.0,0.0,0.0,0.0,0.0
102_CT_1,THERMAL,2020-07-16 02:00:00,0.0,0.0,0.0,0.0,0.0,0.0,0.0
102_CT_2,THERMAL,2020-07-16 02:00:00,0.0,0.0,0.0,0.0,0.0,0.0,0.0
102_STEAM_3,THERMAL,2020-07-16 02:00:00,0.0,0.0,0.0,0.0,0.0,0.0,0.0
102_STEAM_4,THERMAL,2020-07-16 02:00:00,0.0,0.0,0.0,0.0,0.0,0.0,0.0
107_CC_1,THERMAL,2020-07-16 02:00:00,0.0,0.0,0.0,0.0,0.0,0.0,0.0
113_CT_1,THERMAL,2020-07-16 02:00:00,0.0,0.0,0.0,0.0,0.0,0.0,0.0
113_CT_2,THERMAL,2020-07-16 02:00:00,0.0,0.0,0.0,0.0,0.0,0.0,0.0
113_CT_3,THERMAL,2020-07-16 02:00:00,0.0,0.0,0.0,0.0,0.0,0.0,0.0
113_CT_4,THERMAL,2020-07-16 02:00:00,0.0,0.0,0.0,0.0,0.0,0.0,0.0
115_STEAM_1,THERMAL,2020-07-16 02:00:00,0.0,0.0,0.0,0.0,0.0,0.0,0.0
115_STEAM_2,THERMAL,2020-07-16 02:00:00,0.0,0.0,0.0,0.0,0.0,0.0,0.0
115_STEAM_3,THERMAL,2020-07-16 02:00:00,0.0,0.0,0.0,0.0,0.0,0.0,0.0
116_STEAM_1,THERMAL,2020-07-16 02:00:00,0.0,0.0,0.0,0.0,0.0,0.0,0.0
118_CC_1,THERMAL,2020-07-16 02:00:00,0.0,0.0,0.0,0.0,0.0,0.0,0.0
122_WIND_1,WIND,2020-07-16 02:00:00,0.0,0.0,0.0,0.0,0.0,0.0,0.0
123_CT_1,THERMAL,2020-07-16 02:00:00,0.0,0.0,0.0,0.0,0.0,0.0,0.0
123_CT_4,THERMAL,2020-07-16 02:00:00,0.0,0.0,0.0,0.0,0.0,0.0,0.0
123_CT_5,THERMAL,2020-07-16 02:00:00,0.0,0.0,0.0,0.0,0.0,0.0,0.0
123_STEAM_2,THERMAL,2020-07-16 02:00:00,0.0,0.0,0.0,0.0,0.0,0.0,0.0
123_STEAM_3,THERMAL,2020-07-16 02:00:00,0.0,0.0,0.0,0.0,0.0,0.0,0.0
201_CT_1,THERMAL,2020-07-16 02:00:00,0.0,0.0,0.0,0.0,0.0,0.0,0.0
201_CT_2,THERMAL,2020-07-16 02:00:00,0.0,0.0,0.0,0.0,0.0,0.0,0.0
201_STEAM_3,THERMAL,2020-07-16 02:00:00,0.0,0.0,0.0,0.0,0.0,0.0,0.0
202_CT_1,THERMAL,2020-07-16 02:00:00,0.0,0.0,0.0,0.0,0.0,0.0,0.0
202_CT_2,THERMAL,2020-07-16 02:00:00,0.0,0.0,0.0,0.0,0.0,0.0,0.0
202_STEAM_3,THERMAL,2020-07-16 02:00:00,0.0,0.0,0.0,0.0,0.0,0.0,0.0
202_STEAM_4,THERMAL,2020-07-16 02:00:00,0.0,0.0,0.0,0.0,0.0,0.0,0.0
207_CT_1,THERMAL,2020-07-16 02:00:00,0.0,0.0,0.0,0.0,0.0,0.0,0.0
207_CT_2,THERMAL,2020-07-16 02:00:00,0.0,0.0,0.0,0.0,0.0,0.0,0.0
212_CSP_1,THERMAL,2020-07-16 02:00:00,0.0,0.0,0.0,0.0,0.0,0.0,0.0
213_CC_3,THERMAL,2020-07-16 02:00:00,0.0,0.0,0.0,0.0,0.0,0.0,0.0
213_CT_1,THERMAL,2020-07-16 02:00:00,0.0,0.0,0.0,0.0,0.0,0.0,0.0
213_CT_2,THERMAL,2020-07-16 02:00:00,0.0,0.0,0.0,0.0,0.0,0.0,0.0
215_CT_4,THERMAL,2020-07-16 02:00:00,0.0,0.0,0.0,0.0,0.0,0.0,0.0
215_CT_5,THERMAL,2020-07-16 02:00:00,0.0,0.0,0.0,0.0,0.0,0.0,0.0
216_STEAM_1,THERMAL,2020-07-16 02:00:00,0.0,0.0,0.0,0.0,0.0,0.0,0.0
218_CC_1,THERMAL,2020-07-16 02:00:00,0.0,0.0,0.0,0.0,0.0,0.0,0.0
221_CC_1,THERMAL,2020-07-16 02:00:00,0.0,0.0,0.0,0.0,0.0,0.0,0.0
223_CT_4,THERMAL,2020-07-16 02:00:00,0.0,0.0,0.0,0.0,0.0,0.0,0.0
223_CT_5,THERMAL,2020-07-16 02:00:00,0.0,0.0,0.0,0.0,0.0,0.0,0.0
223_CT_6,THERMAL,2020-07-16 02:00:00,0.0,0.0,0.0,0.0,0.0,0.0,0.0
223_STEAM_1,THERMAL,2020-07-16 02:00:00,0.0,0.0,0.0,0.0,0.0,0.0,0.0
223_STEAM_2,THERMAL,2020-07-16 02:00:00,0.0,0.0,0.0,0.0,0.0,0.0,0.0
223_STEAM_3,THERMAL,2020-07-16 02:00:00,0.0,0.0,0.0,0.0,0.0,0.0,0.0
301_CT_1,THERMAL,2020-07-16 02:00:00,0.0,0.0,0.0,0.0,0.0,0.0,0.0
301_CT_2,THERMAL,2020-07-16 02:00:00,0.0,0.0,0.0,0.0,0.0,0.0,0.0
301_CT_3,THERMAL,2020-07-16 02:00:00,0.0,0.0,0.0,0.0,0.0,0.0,0.0
301_CT_4,THERMAL,2020-07-16 02:00:00,0.0,0.0,0.0,0.0,0.0,0.0,0.0
302_CT_1,THERMAL,2020-07-16 02:00:00,0.0,0.0,0.0,0.0,0.0,0.0,0.0
302_CT_2,THERMAL,2020-07-16 02:00:00,0.0,0.0,0.0,0.0,0.0,0.0,0.0
302_CT_3,THERMAL,2020-07-16 02:00:00,0.0,0.0,0.0,0.0,0.0,0.0,0.0
302_CT_4,THERMAL,2020-07-16 02:00:00,0.0,0.0,0.0,0.0,0.0,0.0,0.0
303_WIND_1,WIND,2020-07-16 02:00:00,0.0,0.0,0.0,0.0,0.0,0.0,0.0
307_CT_1,THERMAL,2020-07-16 02:00:00,0.0,0.0,0.0,0.0,0.0,0.0,0.0
307_CT_2,THERMAL,2020-07-16 02:00:00,0.0,0.0,0.0,0.0,0.0,0.0,0.0
309_WIND_1,WIND,2020-07-16 02:00:00,0.0,0.0,0.0,0.0,0.0,0.0,0.0
313_CC_1,THERMAL,2020-07-16 02:00:00,0.0,0.0,0.0,0.0,0.0,0.0,0.0
315_CT_6,THERMAL,2020-07-16 02:00:00,0.0,0.0,0.0,0.0,0.0,0.0,0.0
315_CT_7,THERMAL,2020-07-16 02:00:00,0.0,0.0,0.0,0.0,0.0,0.0,0.0
315_CT_8,THERMAL,2020-07-16 02:00:00,0.0,0.0,0.0,0.0,0.0,0.0,0.0
315_STEAM_1,THERMAL,2020-07-16 02:00:00,0.0,0.0,0.0,0.0,0.0,0.0,0.0
315_STEAM_2,THERMAL,2020-07-16 02:00:00,0.0,0.0,0.0,0.0,0.0,0.0,0.0
315_STEAM_3,THERMAL,2020-07-16 02:00:00,0.0,0.0,0.0,0.0,0.0,0.0,0.0
315_STEAM_4,THERMAL,2020-07-16 02:00:00,0.0,0.0,0.0,0.0,0.0,0.0,0.0
315_STEAM_5,THERMAL,2020-07-16 02:00:00,0.0,0.0,0.0,0.0,0.0,0.0,0.0
316_STEAM_1,THERMAL,2020-07-16 02:00:00,0.0,0.0,0.0,0.0,0.0,0.0,0.0
317_WIND_1,WIND,2020-07-16 02:00:00,0.0,0.0,0.0,0.0,0.0,0.0,0.0
318_CC_1,THERMAL,2020-07-16 02:00:00,0.0,0.0,0.0,0.0,0.0,0.0,0.0
321_CC_1,THERMAL,2020-07-16 02:00:00,0.0,0.0,0.0,0.0,0.0,0.0,0.0
322_CT_5,THERMAL,2020-07-16 02:00:00,0.0,0.0,0.0,0.0,0.0,0.0,0.0
322_CT_6,THERMAL,2020-07-16 02:00:00,0.0,0.0,0.0,0.0,0.0,0.0,0.0
323_CC_1,THERMAL,2020-07-16 02:00:00,0.0,0.0,0.0,0.0,0.0,0.0,0.0
323_CC_2,THERMAL,2020-07-16 02:00:00,0.0,0.0,0.0,0.0,0.0,0.0,0.0
101_CT_1,THERMAL,2020-07-16 04:00:00,0.0,0.0,0.0,0.0,0.0,0.0,0.0
101_CT_2,THERMAL,2020-07-16 04:00:00,0.0,0.0,0.0,0.0,0.0,0.0,0.0
101_STEAM_3,THERMAL,2020-07-16 04:00:00,0.0,0.0,0.0,0.0,0.0,0.0,0.0
101_STEAM_4,THERMAL,2020-07-16 04:00:00,0.0,0.0,0.0,0.0,0.0,0.0,0.0
102_CT_1,THERMAL,2020-07-16 04:00:00,0.0,0.0,0.0,0.0,0.0,0.0,0.0
102_CT_2,THERMAL,2020-07-16 04:00:00,0.0,0.0,0.0,0.0,0.0,0.0,0.0
102_STEAM_3,THERMAL,2020-07-16 04:00:00,0.0,0.0,0.0,0.0,0.0,0.0,0.0
102_STEAM_4,THERMAL,2020-07-16 04:00:00,0.0,0.0,0.0,0.0,0.0,0.0,0.0
107_CC_1,THERMAL,2020-07-16 04:00:00,0.0,0.0,0.0,0.0,0.0,0.0,0.0
113_CT_1,THERMAL,2020-07-16 04:00:00,0.0,0.0,0.0,0.0,0.0,0.0,0.0
113_CT_2,THERMAL,2020-07-16 04:00:00,0.0,0.0,0.0,0.0,0.0,0.0,0.0
113_CT_3,THERMAL,2020-07-16 04:00:00,0.0,0.0,0.0,0.0,0.0,0.0,0.0
113_CT_4,THERMAL,2020-07-16 04:00:00,0.0,0.0,0.0,0.0,0.0,0.0,0.0
115_STEAM_1,THERMAL,2020-07-16 04:00:00,0.0,0.0,0.0,0.0,0.0,0.0,0.0
115_STEAM_2,THERMAL,2020-07-16 04:00:00,0.0,0.0,0.0,0.0,0.0,0.0,0.0
115_STEAM_3,THERMAL,2020-07-16 04:00:00,0.0,0.0,0.0,0.0,0.0,0.0,0.0
116_STEAM_1,THERMAL,2020-07-16 04:00:00,0.0,0.0,0.0,0.0,0.0,0.0,0.0
118_CC_1,THERMAL,2020-07-16 04:00:00,0.0,0.0,0.0,0.0,0.0,0.0,0.0
122_WIND_1,WIND,2020-07-16 04:00:00,0.0,0.0,0.0,0.0,0.0,0.0,0.0
123_CT_1,THERMAL,2020-07-16 04:00:00,0.0,0.0,0.0,0.0,0.0,0.0,0.0
123_CT_4,THERMAL,2020-07-16 04:00:00,0.0,0.0,0.0,0.0,0.0,0.0,0.0
123_CT_5,THERMAL,2020-07-16 04:00:00,0.0,0.0,0.0,0.0,0.0,0.0,0.0
123_STEAM_2,THERMAL,2020-07-16 04:00:00,0.0,0.0,0.0,0.0,0.0,0.0,0.0
123_STEAM_3,THERMAL,2020-07-16 04:00:00,0.0,0.0,0.0,0.0,0.0,0.0,0.0
201_CT_1,THERMAL,2020-07-16 04:00:00,0.0,0.0,0.0,0.0,0.0,0.0,0.0
201_CT_2,THERMAL,2020-07-16 04:00:00,0.0,0.0,0.0,0.0,0.0,0.0,0.0
201_STEAM_3,THERMAL,2020-07-16 04:00:00,0.0,0.0,0.0,0.0,0.0,0.0,0.0
202_CT_1,THERMAL,2020-07-16 04:00:00,0.0,0.0,0.0,0.0,0.0,0.0,0.0
202_CT_2,THERMAL,2020-07-16 04:00:00,0.0,0.0,0.0,0.0,0.0,0.0,0.0
202_STEAM_3,THERMAL,2020-07-16 04:00:00,0.0,0.0,0.0,0.0,0.0,0.0,0.0
202_STEAM_4,THERMAL,2020-07-16 04:00:00,0.0,0.0,0.0,0.0,0.0,0.0,0.0
207_CT_1,THERMAL,2020-07-16 04:00:00,0.0,0.0,0.0,0.0,0.0,0.0,0.0
207_CT_2,THERMAL,2020-07-16 04:00:00,0.0,0.0,0.0,0.0,0.0,0.0,0.0
212_CSP_1,THERMAL,2020-07-16 04:00:00,0.0,0.0,0.0,0.0,0.0,0.0,0.0
213_CC_3,THERMAL,2020-07-16 04:00:00,0.0,0.0,0.0,0.0,0.0,0.0,0.0
213_CT_1,THERMAL,2020-07-16 04:00:00,0.0,0.0,0.0,0.0,0.0,0.0,0.0
213_CT_2,THERMAL,2020-07-16 04:00:00,0.0,0.0,0.0,0.0,0.0,0.0,0.0
215_CT_4,THERMAL,2020-07-16 04:00:00,0.0,0.0,0.0,0.0,0.0,0.0,0.0
215_CT_5,THERMAL,2020-07-16 04:00:00,0.0,0.0,0.0,0.0,0.0,0.0,0.0
216_STEAM_1,THERMAL,2020-07-16 04:00:00,0.0,0.0,0.0,0.0,0.0,0.0,0.0
218_CC_1,THERMAL,2020-07-16 04:00:00,0.0,0.0,0.0,0.0,0.0,0.0,0.0
221_CC_1,THERMAL,2020-07-16 04:00:00,0.0,0.0,0.0,0.0,0.0,0.0,0.0
223_CT_4,THERMAL,2020-07-16 04:00:00,0.0,0.0,0.0,0.0,0.0,0.0,0.0
223_CT_5,THERMAL,2020-07-16 04:00:00,0.0,0.0,0.0,0.0,0.0,0.0,0.0
223_CT_6,THERMAL,2020-07-16 04:00:00,0.0,0.0,0.0,0.0,0.0,0.0,0.0
223_STEAM_1,THERMAL,2020-07-16 04:00:00,0.0,0.0,0.0,0.0,0.0,0.0,0.0
223_STEAM_2,THERMAL,2020-07-16 04:00:00,0.0,0.0,0.0,0.0,0.0,0.0,0.0
223_STEAM_3,THERMAL,2020-07-16 04:00:00,0.0,0.0,0.0,0.0,0.0,0.0,0.0
301_CT_1,THERMAL,2020-07-16 04:00:00,0.0,0.0,0.0,0.0,0.0,0.0,0.0
301_CT_2,THERMAL,2020-07-16 04:00:00,0.0,0.0,0.0,0.0,0.0,0.0,0.0
301_CT_3,THERMAL,2020-07-16 04:00:00,0.0,0.0,0.0,0.0,0.0,0.0,0.0
301_CT_4,THERMAL,2020-07-16 04:00:00,0.0,0.0,0.0,0.0,0.0,0.0,0.0
302_CT_1,THERMAL,2020-07-16 04:00:00,0.0,0.0,0.0,0.0,0.0,0.0,0.0
302_CT_2,THERMAL,2020-07-16 04:00:00,0.0,0.0,0.0,0.0,0.0,0.0,0.0
302_CT_3,THERMAL,2020-07-16 04:00:00,0.0,0.0,0.0,0.0,0.0,0.0,0.0
302_CT_4,THERMAL,2020-07-16 04:00:00,0.0,0.0,0.0,0.0,0.0,0.0,0.0
303_WIND_1,WIND,2020-07-16 04:00:00,0.0,0.0,0.0,0.0,0.0,0.0,0.0
307_CT_1,THERMAL,2020-07-16 04:00:00,0.0,0.0,0.0,0.0,0.0,0.0,0.0
307_CT_2,THERMAL,2020-07-16 04:00:00,0.0,0.0,0.0,0.0,0.0,0.0,0.0
309_WIND_1,WIND,2020-07-16 04:00:00,0.0,0.0,0.0,0.0,0.0,0.0,0.0
313_CC_1,THERMAL,2020-07-16 04:00:00,0.0,0.0,0.0,0.0,0.0,0.0,0.0
315_CT_6,THERMAL,2020-07-16 04:00:00,0.0,0.0,0.0,0.0,0.0,0.0,0.0
315_CT_7,THERMAL,2020-07-16 04:00:00,0.0,0.0,0.0,0.0,0.0,0.0,0.0
315_CT_8,THERMAL,2020-07-16 04:00:00,0.0,0.0,0.0,0.0,0.0,0.0,0.0
315_STEAM_1,THERMAL,2020-07-16 04:00:00,0.0,0.0,0.0,0.0,0.0,0.0,0.0
315_STEAM_2,THERMAL,2020-07-16 04:00:00,0.0,0.0,0.0,0.0,0.0,0.0,0.0
315_STEAM_3,THERMAL,2020-07-16 04:00:00,0.0,0.0,0.0,0.0,0.0,0.0,0.0
315_STEAM_4,THERMAL,2020-07-16 04:00:00,0.0,0.0,0.0,0.0,0.0,0.0,0.0
315_STEAM_5,THERMAL,2020-07-16 04:00:00,0.0,0.0,0.0,0.0,0.0,0.0,0.0
316_STEAM_1,THERMAL,2020-07-16 04:00:00,0.0,0.0,0.0,0.0,0.0,0.0,0.0
317_WIND_1,WIND,2020-07-16 04:00:00,0.0,0.0,0.0,0.0,0.0,0.0,0.0
318_CC_1,THERMAL,2020-07-16 04:00:00,0.0,0.0,0.0,0.0,0.0,0.0,0.0
321_CC_1,THERMAL,2020-07-16 04:00:00,0.0,0.0,0.0,0.0,0.0,0.0,0.0
322_CT_5,THERMAL,2020-07-16 04:00:00,0.0,0.0,0.0,0.0,0.0,0.0,0.0
322_CT_6,THERMAL,2020-07-16 04:00:00,0.0,0.0,0.0,0.0,0.0,0.0,0.0
323_CC_1,THERMAL,2020-07-16 04:00:00,0.0,0.0,0.0,0.0,0.0,0.0,0.0
323_CC_2,THERMAL,2020-07-16 04:00:00,0.0,0.0,0.0,0.0,0.0,0.0,0.0
101_CT_1,THERMAL,2020-07-16 06:00:00,0.0,0.0,0.0,0.0,0.0,0.0,0.0
101_CT_2,THERMAL,2020-07-16 06:00:00,0.0,0.0,0.0,0.0,0.0,0.0,0.0
101_STEAM_3,THERMAL,2020-07-16 06:00:00,0.0,0.0,0.0,0.0,0.0,0.0,0.0
101_STEAM_4,THERMAL,2020-07-16 06:00:00,0.0,0.0,0.0,0.0,0.0,0.0,0.0
102_CT_1,THERMAL,2020-07-16 06:00:00,0.0,0.0,0.0,0.0,0.0,0.0,0.0
102_CT_2,THERMAL,2020-07-16 06:00:00,0.0,0.0,0.0,0.0,0.0,0.0,0.0
102_STEAM_3,THERMAL,2020-07-16 06:00:00,0.0,0.0,0.0,0.0,0.0,0.0,0.0
102_STEAM_4,THERMAL,2020-07-16 06:00:00,0.0,0.0,0.0,0.0,0.0,0.0,0.0
107_CC_1,THERMAL,2020-07-16 06:00:00,0.0,0.0,0.0,0.0,0.0,0.0,0.0
113_CT_1,THERMAL,2020-07-16 06:00:00,0.0,0.0,0.0,0.0,0.0,0.0,0.0
113_CT_2,THERMAL,2020-07-16 06:00:00,0.0,0.0,0.0,0.0,0.0,0.0,0.0
113_CT_3,THERMAL,2020-07-16 06:00:00,0.0,0.0,0.0,0.0,0.0,0.0,0.0
113_CT_4,THERMAL,2020-07-16 06:00:00,0.0,0.0,0.0,0.0,0.0,0.0,0.0
115_STEAM_1,THERMAL,2020-07-16 06:00:00,0.0,0.0,0.0,0.0,0.0,0.0,0.0
115_STEAM_2,THERMAL,2020-07-16 06:00:00,0.0,0.0,0.0,0.0,0.0,0.0,0.0
115_STEAM_3,THERMAL,2020-07-16 06:00:00,0.0,0.0,0.0,0.0,0.0,0.0,0.0
116_STEAM_1,THERMAL,2020-07-16 06:00:00,0.0,0.0,0.0,0.0,0.0,0.0,0.0
118_CC_1,THERMAL,2020-07-16 06:00:00,0.0,0.0,0.0,0.0,0.0,0.0,0.0
122_WIND_1,WIND,2020-07-16 06:00:00,0.0,0.0,0.0,0.0,0.0,0.0,0.0
123_CT_1,THERMAL,2020-07-16 06:00:00,0.0,0.0,0.0,0.0,0.0,0.0,0.0
123_CT_4,THERMAL,2020-07-16 06:00:00,0.0,0.0,0.0,0.0,0.0,0.0,0.0
123_CT_5,THERMAL,2020-07-16 06:00:00,0.0,0.0,0.0,0.0,0.0,0.0,0.0
123_STEAM_2,THERMAL,2020-07-16 06:00:00,0.0,0.0,0.0,0.0,0.0,0.0,0.0
123_STEAM_3,THERMAL,2020-07-16 06:00:00,0.0,0.0,0.0,0.0,0.0,0.0,0.0
201_CT_1,THERMAL,2020-07-16 06:00:00,0.0,0.0,0.0,0.0,0.0,0.0,0.0
201_CT_2,THERMAL,2020-07-16 06:00:00,0.0,0.0,0.0,0.0,0.0,0.0,0.0
201_STEAM_3,THERMAL,2020-07-16 06:00:00,0.0,0.0,0.0,0.0,0.0,0.0,0.0
202_CT_1,THERMAL,2020-07-16 06:00:00,0.0,0.0,0.0,0.0,0.0,0.0,0.0
202_CT_2,THERMAL,2020-07-16 06:00:00,0.0,0.0,0.0,0.0,0.0,0.0,0.0
202_STEAM_3,THERMAL,2020-07-16 06:00:00,0.0,0.0,0.0,0.0,0.0,0.0,0.0
202_STEAM_4,THERMAL,2020-07-16 06:00:00,0.0,0.0,0.0,0.0,0.0,0.0,0.0
207_CT_1,THERMAL,2020-07-16 06:00:00,0.0,0.0,0.0,0.0,0.0,0.0,0.0
207_CT_2,THERMAL,2020-07-16 06:00:00,0.0,0.0,0.0,0.0,0.0,0.0,0.0
212_CSP_1,THERMAL,2020-07-16 06:00:00,0.0,0.0,0.0,0.0,0.0,0.0,0.0
213_CC_3,THERMAL,2020-07-16 06:00:00,0.0,0.0,0.0,0.0,0.0,0.0,0.0
213_CT_1,THERMAL,2020-07-16 06:00:00,0.0,0.0,0.0,0.0,0.0,0.0,0.0
213_CT_2,THERMAL,2020-07-16 06:00:00,0.0,0.0,0.0,0.0,0.0,0.0,0.0
215_CT_4,THERMAL,2020-07-16 06:00:00,0.0,0.0,0.0,0.0,0.0,0.0,0.0
215_CT_5,THERMAL,2020-07-16 06:00:00,0.0,0.0,0.0,0.0,0.0,0.0,0.0
216_STEAM_1,THERMAL,2020-07-16 06:00:00,0.0,0.0,0.0,0.0,0.0,0.0,0.0
218_CC_1,THERMAL,2020-07-16 06:00:00,0.0,0.0,0.0,0.0,0.0,0.0,0.0
221_CC_1,THERMAL,2020-07-16 06:00:00,0.0,0.0,0.0,0.0,0.0,0.0,0.0
223_CT_4,THERMAL,2020-07-16 06:00:00,0.0,0.0,0.0,0.0,0.0,0.0,0.0
223_CT_5,THERMAL,2020-07-16 06:00:00,0.0,0.0,0.0,0.0,0.0,0.0,0.0
223_CT_6,THERMAL,2020-07-16 06:00:00,0.0,0.0,0.0,0.0,0.0,0.0,0.0
223_STEAM_1,THERMAL,2020-07-16 06:00:00,0.0,0.0,0.0,0.0,0.0,0.0,0.0
223_STEAM_2,THERMAL,2020-07-16 06:00:00,0.0,0.0,0.0,0.0,0.0,0.0,0.0
223_STEAM_3,THERMAL,2020-07-16 06:00:00,0.0,0.0,0.0,0.0,0.0,0.0,0.0
301_CT_1,THERMAL,2020-07-16 06:00:00,0.0,0.0,0.0,0.0,0.0,0.0,0.0
301_CT_2,THERMAL,2020-07-16 06:00:00,0.0,0.0,0.0,0.0,0.0,0.0,0.0
301_CT_3,THERMAL,2020-07-16 06:00:00,0.0,0.0,0.0,0.0,0.0,0.0,0.0
301_CT_4,THERMAL,2020-07-16 06:00:00,0.0,0.0,0.0,0.0,0.0,0.0,0.0
302_CT_1,THERMAL,2020-07-16 06:00:00,0.0,0.0,0.0,0.0,0.0,0.0,0.0
302_CT_2,THERMAL,2020-07-16 06:00:00,0.0,0.0,0.0,0.0,0.0,0.0,0.0
302_CT_3,THERMAL,2020-07-16 06:00:00,0.0,0.0,0.0,0.0,0.0,0.0,0.0
302_CT_4,THERMAL,2020-07-16 06:00:00,0.0,0.0,0.0,0.0,0.0,0.0,0.0
303_WIND_1,WIND,2020-07-16 06:00:00,0.0,0.0,0.0,0.0,0.0,0.0,0.0
307_CT_1,THERMAL,2020-07-16 06:00:00,0.0,0.0,0.0,0.0,0.0,0.0,0.0
307_CT_2,THERMAL,2020-07-16 06:00:00,0.0,0.0,0.0,0.0,0.0,0.0,0.0
309_WIND_1,WIND,2020-07-16 06:00:00,0.0,0.0,0.0,0.0,0.0,0.0,0.0
313_CC_1,THERMAL,2020-07-16 06:00:00,0.0,0.0,0.0,0.0,0.0,0.0,0.0
315_CT_6,THERMAL,2020-07-16 06:00:00,0.0,0.0,0.0,0.0,0.0,0.0,0.0
315_CT_7,THERMAL,2020-07-16 06:00:00,0.0,0.0,0.0,0.0,0.0,0.0,0.0
315_CT_8,THERMAL,2020-07-16 06:00:00,0.0,0.0,0.0,0.0,0.0,0.0,0.0
315_STEAM_1,THERMAL,2020-07-16 06:00:00,0.0,0.0,0.0,0.0,0.0,0.0,0.0
315_STEAM_2,THERMAL,2020-07-16 06:00:00,0.0,0.0,0.0,0.0,0.0,0.0,0.0
315_STEAM_3,THERMAL,2020-07-16 06:00:00,0.0,0.0,0.0,0.0,0.0,0.0,0.0
315_STEAM_4,THERMAL,2020-07-16 06:00:00,0.0,0.0,0.0,0.0,0.0,0.0,0.0
315_STEAM_5,THERMAL,2020-07-16 06:00:00,0.0,0.0,0.0,0.0,0.0,0.0,0.0
316_STEAM_1,THERMAL,2020-07-16 06:00:00,0.0,0.0,0.0,0.0,0.0,0.0,0.0
317_WIND_1,WIND,2020-07-16 06:00:00,0.0,0.0,0.0,0.0,0.0,0.0,0.0
318_CC_1,THERMAL,2020-07-16 06:00:00,0.0,0.0,0.0,0.0,0.0,0.0,0.0
321_CC_1,THERMAL,2020-07-16 06:00:00,0.0,0.0,0.0,0.0,0.0,0.0,0.0
322_CT_5,THERMAL,2020-07-16 06:00:00,0.0,0.0,0.0,0.0,0.0,0.0,0.0
322_CT_6,THERMAL,2020-07-16 06:00:00,0.0,0.0,0.0,0.0,0.0,0.0,0.0
323_CC_1,THERMAL,2020-07-16 06:00:00,0.0,0.0,0.0,0.0,0.0,0.0,0.0
323_CC_2,THERMAL,2020-07-16 06:00:00,0.0,0.0,0.0,0.0,0.0,0.0,0.0
101_CT_1,THERMAL,2020-07-16 08:00:00,0.0,0.0,0.0,0.0,0.0,0.0,0.0
101_CT_2,THERMAL,2020-07-16 08:00:00,0.0,0.0,0.0,0.0,0.0,0.0,0.0
101_STEAM_3,THERMAL,2020-07-16 08:00:00,0.0,0.0,0.0,0.0,0.0,0.0,0.0
101_STEAM_4,THERMAL,2020-07-16 08:00:00,0.0,0.0,0.0,0.0,0.0,0.0,0.0
102_CT_1,THERMAL,2020-07-16 08:00:00,0.0,0.0,0.0,0.0,0.0,0.0,0.0
102_CT_2,THERMAL,2020-07-16 08:00:00,0.0,0.0,0.0,0.0,0.0,0.0,0.0
102_STEAM_3,THERMAL,2020-07-16 08:00:00,0.0,0.0,0.0,0.0,0.0,0.0,0.0
102_STEAM_4,THERMAL,2020-07-16 08:00:00,0.0,0.0,0.0,0.0,0.0,0.0,0.0
107_CC_1,THERMAL,2020-07-16 08:00:00,0.0,0.0,0.0,0.0,0.0,0.0,0.0
113_CT_1,THERMAL,2020-07-16 08:00:00,0.0,0.0,0.0,0.0,0.0,0.0,0.0
113_CT_2,THERMAL,2020-07-16 08:00:00,0.0,0.0,0.0,0.0,0.0,0.0,0.0
113_CT_3,THERMAL,2020-07-16 08:00:00,0.0,0.0,0.0,0.0,0.0,0.0,0.0
113_CT_4,THERMAL,2020-07-16 08:00:00,0.0,0.0,0.0,0.0,0.0,0.0,0.0
115_STEAM_1,THERMAL,2020-07-16 08:00:00,0.0,0.0,0.0,0.0,0.0,0.0,0.0
115_STEAM_2,THERMAL,2020-07-16 08:00:00,0.0,0.0,0.0,0.0,0.0,0.0,0.0
115_STEAM_3,THERMAL,2020-07-16 08:00:00,0.0,0.0,0.0,0.0,0.0,0.0,0.0
116_STEAM_1,THERMAL,2020-07-16 08:00:00,0.0,0.0,0.0,0.0,0.0,0.0,0.0
118_CC_1,THERMAL,2020-07-16 08:00:00,0.0,0.0,0.0,0.0,0.0,0.0,0.0
122_WIND_1,WIND,2020-07-16 08:00:00,0.0,0.0,0.0,0.0,0.0,0.0,0.0
123_CT_1,THERMAL,2020-07-16 08:00:00,0.0,0.0,0.0,0.0,0.0,0.0,0.0
123_CT_4,THERMAL,2020-07-16 08:00:00,0.0,0.0,0.0,0.0,0.0,0.0,0.0
123_CT_5,THERMAL,2020-07-16 08:00:00,0.0,0.0,0.0,0.0,0.0,0.0,0.0
123_STEAM_2,THERMAL,2020-07-16 08:00:00,0.0,0.0,0.0,0.0,0.0,0.0,0.0
123_STEAM_3,THERMAL,2020-07-16 08:00:00,0.0,0.0,0.0,0.0,0.0,0.0,0.0
201_CT_1,THERMAL,2020-07-16 08:00:00,0.0,0.0,0.0,0.0,0.0,0.0,0.0
201_CT_2,THERMAL,2020-07-16 08:00:00,0.0,0.0,0.0,0.0,0.0,0.0,0.0
201_STEAM_3,THERMAL,2020-07-16 08:00:00,0.0,0.0,0.0,0.0,0.0,0.0,0.0
202_CT_1,THERMAL,2020-07-16 08:00:00,0.0,0.0,0.0,0.0,0.0,0.0,0.0
202_CT_2,THERMAL,2020-07-16 08:00:00,0.0,0.0,0.0,0.0,0.0,0.0,0.0
202_STEAM_3,THERMAL,2020-07-16 08:00:00,0.0,0.0,0.0,0.0,0.0,0.0,0.0
202_STEAM_4,THERMAL,2020-07-16 08:00:00,0.0,0.0,0.0,0.0,0.0,0.0,0.0
207_CT_1,THERMAL,2020-07-16 08:00:00,0.0,0.0,0.0,0.0,0.0,0.0,0.0
207_CT_2,THERMAL,2020-07-16 08:00:00,0.0,0.0,0.0,0.0,0.0,0.0,0.0
212_CSP_1,THERMAL,2020-07-16 08:00:00,0.0,0.0,0.0,0.0,0.0,0.0,0.0
213_CC_3,THERMAL,2020-07-16 08:00:00,0.0,0.0,0.0,0.0,0.0,0.0,0.0
213_CT_1,THERMAL,2020-07-16 08:00:00,0.0,0.0,0.0,0.0,0.0,0.0,0.0
213_CT_2,THERMAL,2020-07-16 08:00:00,0.0,0.0,0.0,0.0,0.0,0.0,0.0
215_CT_4,THERMAL,2020-07-16 08:00:00,0.0,0.0,0.0,0.0,0.0,0.0,0.0
215_CT_5,THERMAL,2020-07-16 08:00:00,0.0,0.0,0.0,0.0,0.0,0.0,0.0
216_STEAM_1,THERMAL,2020-07-16 08:00:00,0.0,0.0,0.0,0.0,0.0,0.0,0.0
218_CC_1,THERMAL,2020-07-16 08:00:00,0.0,0.0,0.0,0.0,0.0,0.0,0.0
221_CC_1,THERMAL,2020-07-16 08:00:00,0.0,0.0,0.0,0.0,0.0,0.0,0.0
223_CT_4,THERMAL,2020-07-16 08:00:00,0.0,0.0,0.0,0.0,0.0,0.0,0.0
223_CT_5,THERMAL,2020-07-16 08:00:00,0.0,0.0,0.0,0.0,0.0,0.0,0.0
223_CT_6,THERMAL,2020-07-16 08:00:00,0.0,0.0,0.0,0.0,0.0,0.0,0.0
223_STEAM_1,THERMAL,2020-07-16 08:00:00,0.0,0.0,0.0,0.0,0.0,0.0,0.0
223_STEAM_2,THERMAL,2020-07-16 08:00:00,0.0,0.0,0.0,0.0,0.0,0.0,0.0
223_STEAM_3,THERMAL,2020-07-16 08:00:00,0.0,0.0,0.0,0.0,0.0,0.0,0.0
301_CT_1,THERMAL,2020-07-16 08:00:00,0.0,0.0,0.0,0.0,0.0,0.0,0.0
301_CT_2,THERMAL,2020-07-16 08:00:00,0.0,0.0,0.0,0.0,0.0,0.0,0.0
301_CT_3,THERMAL,2020-07-16 08:00:00,0.0,0.0,0.0,0.0,0.0,0.0,0.0
301_CT_4,THERMAL,2020-07-16 08:00:00,0.0,0.0,0.0,0.0,0.0,0.0,0.0
302_CT_1,THERMAL,2020-07-16 08:00:00,0.0,0.0,0.0,0.0,0.0,0.0,0.0
302_CT_2,THERMAL,2020-07-16 08:00:00,0.0,0.0,0.0,0.0,0.0,0.0,0.0
302_CT_3,THERMAL,2020-07-16 08:00:00,0.0,0.0,0.0,0.0,0.0,0.0,0.0
302_CT_4,THERMAL,2020-07-16 08:00:00,0.0,0.0,0.0,0.0,0.0,0.0,0.0
303_WIND_1,WIND,2020-07-16 08:00:00,0.0,0.0,0.0,0.0,0.0,0.0,0.0
307_CT_1,THERMAL,2020-07-16 08:00:00,0.0,0.0,0.0,0.0,0.0,0.0,0.0
307_CT_2,THERMAL,2020-07-16 08:00:00,0.0,0.0,0.0,0.0,0.0,0.0,0.0
309_WIND_1,WIND,2020-07-16 08:00:00,0.0,0.0,0.0,0.0,0.0,0.0,0.0
313_CC_1,THERMAL,2020-07-16 08:00:00,0.0,0.0,0.0,0.0,0.0,0.0,0.0
315_CT_6,THERMAL,2020-07-16 08:00:00,0.0,0.0,0.0,0.0,0.0,0.0,0.0
315_CT_7,THERMAL,2020-07-16 08:00:00,0.0,0.0,0.0,0.0,0.0,0.0,0.0
315_CT_8,THERMAL,2020-07-16 08:00:00,0.0,0.0,0.0,0.0,0.0,0.0,0.0
315_STEAM_1,THERMAL,2020-07-16 08:00:00,0.0,0.0,0.0,0.0,0.0,0.0,0.0
315_STEAM_2,THERMAL,2020-07-16 08:00:00,0.0,0.0,0.0,0.0,0.0,0.0,0.0
315_STEAM_3,THERMAL,2020-07-16 08:00:00,0.0,0.0,0.0,0.0,0.0,0.0,0.0
315_STEAM_4,THERMAL,2020-07-16 08:00:00,0.0,0.0,0.0,0.0,0.0,0.0,0.0
315_STEAM_5,THERMAL,2020-07-16 08:00:00,0.0,0.0,0.0,0.0,0.0,0.0,0.0
316_STEAM_1,THERMAL,2020-07-16 08:00:00,0.0,0.0,0.0,0.0,0.0,0.0,0.0
317_WIND_1,WIND,2020-07-16 08:00:00,0.0,0.0,0.0,0.0,0.0,0.0,0.0
318_CC_1,THERMAL,2020-07-16 08:00:00,0.0,0.0,0.0,0.0,0.0,0.0,0.0
321_CC_1,THERMAL,2020-07-16 08:00:00,0.0,0.0,0.0,0.0,0.0,0.0,0.0
322_CT_5,THERMAL,2020-07-16 08:00:00,0.0,0.0,0.0,0.0,0.0,0.0,0.0
322_CT_6,THERMAL,2020-07-16 08:00:00,0.0,0.0,0.0,0.0,0.0,0.0,0.0
323_CC_1,THERMAL,2020-07-16 08:00:00,0.0,0.0,0.0,0.0,0.0,0.0,0.0
323_CC_2,THERMAL,2020-07-16 08:00:00,0.0,0.0,0.0,0.0,0.0,0.0,0.0
101_CT_1,THERMAL,2020-07-16 10:00:00,0.0,0.0,0.0,0.0,0.0,0.0,0.0
101_CT_2,THERMAL,2020-07-16 10:00:00,0.0,0.0,0.0,0.0,0.0,0.0,0.0
101_STEAM_3,THERMAL,2020-07-16 10:00:00,0.0,0.0,0.0,0.0,0.0,0.0,0.0
101_STEAM_4,THERMAL,2020-07-16 10:00:00,0.0,0.0,0.0,0.0,0.0,0.0,0.0
102_CT_1,THERMAL,2020-07-16 10:00:00,0.0,0.0,0.0,0.0,0.0,0.0,0.0
102_CT_2,THERMAL,2020-07-16 10:00:00,0.0,0.0,0.0,0.0,0.0,0.0,0.0
102_STEAM_3,THERMAL,2020-07-16 10:00:00,0.0,0.0,0.0,0.0,0.0,0.0,0.0
102_STEAM_4,THERMAL,2020-07-16 10:00:00,0.0,0.0,0.0,0.0,0.0,0.0,0.0
107_CC_1,THERMAL,2020-07-16 10:00:00,0.0,0.0,0.0,0.0,0.0,0.0,0.0
113_CT_1,THERMAL,2020-07-16 10:00:00,0.0,0.0,0.0,0.0,0.0,0.0,0.0
113_CT_2,THERMAL,2020-07-16 10:00:00,0.0,0.0,0.0,0.0,0.0,0.0,0.0
113_CT_3,THERMAL,2020-07-16 10:00:00,0.0,0.0,0.0,0.0,0.0,0.0,0.0
113_CT_4,THERMAL,2020-07-16 10:00:00,0.0,0.0,0.0,0.0,0.0,0.0,0.0
115_STEAM_1,THERMAL,2020-07-16 10:00:00,0.0,0.0,0.0,0.0,0.0,0.0,0.0
115_STEAM_2,THERMAL,2020-07-16 10:00:00,0.0,0.0,0.0,0.0,0.0,0.0,0.0
115_STEAM_3,THERMAL,2020-07-16 10:00:00,0.0,0.0,0.0,0.0,0.0,0.0,0.0
116_STEAM_1,THERMAL,2020-07-16 10:00:00,0.0,0.0,0.0,0.0,0.0,0.0,0.0
118_CC_1,THERMAL,2020-07-16 10:00:00,0.0,0.0,0.0,0.0,0.0,0.0,0.0
122_WIND_1,WIND,2020-07-16 10:00:00,0.0,0.0,0.0,0.0,0.0,0.0,0.0
123_CT_1,THERMAL,2020-07-16 10:00:00,0.0,0.0,0.0,0.0,0.0,0.0,0.0
123_CT_4,THERMAL,2020-07-16 10:00:00,0.0,0.0,0.0,0.0,0.0,0.0,0.0
123_CT_5,THERMAL,2020-07-16 10:00:00,0.0,0.0,0.0,0.0,0.0,0.0,0.0
123_STEAM_2,THERMAL,2020-07-16 10:00:00,0.0,0.0,0.0,0.0,0.0,0.0,0.0
123_STEAM_3,THERMAL,2020-07-16 10:00:00,0.0,0.0,0.0,0.0,0.0,0.0,0.0
201_CT_1,THERMAL,2020-07-16 10:00:00,0.0,0.0,0.0,0.0,0.0,0.0,0.0
201_CT_2,THERMAL,2020-07-16 10:00:00,0.0,0.0,0.0,0.0,0.0,0.0,0.0
201_STEAM_3,THERMAL,2020-07-16 10:00:00,0.0,0.0,0.0,0.0,0.0,0.0,0.0
202_CT_1,THERMAL,2020-07-16 10:00:00,0.0,0.0,0.0,0.0,0.0,0.0,0.0
202_CT_2,THERMAL,2020-07-16 10:00:00,0.0,0.0,0.0,0.0,0.0,0.0,0.0
202_STEAM_3,THERMAL,2020-07-16 10:00:00,0.0,0.0,0.0,0.0,0.0,0.0,0.0
202_STEAM_4,THERMAL,2020-07-16 10:00:00,0.0,0.0,0.0,0.0,0.0,0.0,0.0
207_CT_1,THERMAL,2020-07-16 10:00:00,0.0,0.0,0.0,0.0,0.0,0.0,0.0
207_CT_2,THERMAL,2020-07-16 10:00:00,0.0,0.0,0.0,0.0,0.0,0.0,0.0
212_CSP_1,THERMAL,2020-07-16 10:00:00,0.0,0.0,0.0,0.0,0.0,0.0,0.0
213_CC_3,THERMAL,2020-07-16 10:00:00,0.0,0.0,0.0,0.0,0.0,0.0,0.0
213_CT_1,THERMAL,2020-07-16 10:00:00,0.0,0.0,0.0,0.0,0.0,0.0,0.0
213_CT_2,THERMAL,2020-07-16 10:00:00,0.0,0.0,0.0,0.0,0.0,0.0,0.0
215_CT_4,THERMAL,2020-07-16 10:00:00,0.0,0.0,0.0,0.0,0.0,0.0,0.0
215_CT_5,THERMAL,2020-07-16 10:00:00,0.0,0.0,0.0,0.0,0.0,0.0,0.0
216_STEAM_1,THERMAL,2020-07-16 10:00:00,0.0,0.0,0.0,0.0,0.0,0.0,0.0
218_CC_1,THERMAL,2020-07-16 10:00:00,0.0,0.0,0.0,0.0,0.0,0.0,0.0
221_CC_1,THERMAL,2020-07-16 10:00:00,0.0,0.0,0.0,0.0,0.0,0.0,0.0
223_CT_4,THERMAL,2020-07-16 10:00:00,0.0,0.0,0.0,0.0,0.0,0.0,0.0
223_CT_5,THERMAL,2020-07-16 10:00:00,0.0,0.0,0.0,0.0,0.0,0.0,0.0
223_CT_6,THERMAL,2020-07-16 10:00:00,0.0,0.0,0.0,0.0,0.0,0.0,0.0
223_STEAM_1,THERMAL,2020-07-16 10:00:00,0.0,0.0,0.0,0.0,0.0,0.0,0.0
223_STEAM_2,THERMAL,2020-07-16 10:00:00,0.0,0.0,0.0,0.0,0.0,0.0,0.0
223_STEAM_3,THERMAL,2020-07-16 10:00:00,0.0,0.0,0.0,0.0,0.0,0.0,0.0
301_CT_1,THERMAL,2020-07-16 10:00:00,0.0,0.0,0.0,0.0,0.0,0.0,0.0
301_CT_2,THERMAL,2020-07-16 10:00:00,0.0,0.0,0.0,0.0,0.0,0.0,0.0
301_CT_3,THERMAL,2020-07-16 10:00:00,0.0,0.0,0.0,0.0,0.0,0.0,0.0
301_CT_4,THERMAL,2020-07-16 10:00:00,0.0,0.0,0.0,0.0,0.0,0.0,0.0
302_CT_1,THERMAL,2020-07-16 10:00:00,0.0,0.0,0.0,0.0,0.0,0.0,0.0
302_CT_2,THERMAL,2020-07-16 10:00:00,0.0,0.0,0.0,0.0,0.0,0.0,0.0
302_CT_3,THERMAL,2020-07-16 10:00:00,0.0,0.0,0.0,0.0,0.0,0.0,0.0
302_CT_4,THERMAL,2020-07-16 10:00:00,0.0,0.0,0.0,0.0,0.0,0.0,0.0
303_WIND_1,WIND,2020-07-16 10:00:00,0.0,0.0,0.0,0.0,0.0,0.0,0.0
307_CT_1,THERMAL,2020-07-16 10:00:00,0.0,0.0,0.0,0.0,0.0,0.0,0.0
307_CT_2,THERMAL,2020-07-16 10:00:00,0.0,0.0,0.0,0.0,0.0,0.0,0.0
309_WIND_1,WIND,2020-07-16 10:00:00,0.0,0.0,0.0,0.0,0.0,0.0,0.0
313_CC_1,THERMAL,2020-07-16 10:00:00,0.0,0.0,0.0,0.0,0.0,0.0,0.0
315_CT_6,THERMAL,2020-07-16 10:00:00,0.0,0.0,0.0,0.0,0.0,0.0,0.0
315_CT_7,THERMAL,2020-07-16 10:00:00,0.0,0.0,0.0,0.0,0.0,0.0,0.0
315_CT_8,THERMAL,2020-07-16 10:00:00,0.0,0.0,0.0,0.0,0.0,0.0,0.0
315_STEAM_1,THERMAL,2020-07-16 10:00:00,0.0,0.0,0.0,0.0,0.0,0.0,0.0
315_STEAM_2,THERMAL,2020-07-16 10:00:00,0.0,0.0,0.0,0.0,0.0,0.0,0.0
315_STEAM_3,THERMAL,2020-07-16 10:00:00,0.0,0.0,0.0,0.0,0.0,0.0,0.0
315_STEAM_4,THERMAL,2020-07-16 10:00:00,0.0,0.0,0.0,0.0,0.0,0.0,0.0
315_STEAM_5,THERMAL,2020-07-16 10:00:00,0.0,0.0,0.0,0.0,0.0,0.0,0.0
316_STEAM_1,THERMAL,2020-07-16 10:00:00,0.0,0.0,0.0,0.0,0.0,0.0,0.0
317_WIND_1,WIND,2020-07-16 10:00:00,0.0,0.0,0.0,0.0,0.0,0.0,0.0
318_CC_1,THERMAL,2020-07-16 10:00:00,0.0,0.0,0.0,0.0,0.0,0.0,0.0
321_CC_1,THERMAL,2020-07-16 10:00:00,0.0,0.0,0.0,0.0,0.0,0.0,0.0
322_CT_5,THERMAL,2020-07-16 10:00:00,0.0,0.0,0.0,0.0,0.0,0.0,0.0
322_CT_6,THERMAL,2020-07-16 10:00:00,0.0,0.0,0.0,0.0,0.0,0.0,0.0
323_CC_1,THERMAL,2020-07-16 10:00:00,0.0,0.0,0.0,0.0,0.0,0.0,0.0
323_CC_2,THERMAL,2020-07-16 10:00:00,0.0,0.0,0.0,0.0,0.0,0.0,0.0
101_CT_1,THERMAL,2020-07-16 12:00:00,0.0,0.0,0.0,0.0,0.0,0.0,0.0
101_CT_2,THERMAL,2020-07-16 12:00:00,0.0,0.0,0.0,0.0,0.0,0.0,0.0
101_STEAM_3,THERMAL,2020-07-16 12:00:00,0.0,0.0,0.0,0.0,0.0,0.0,0.0
101_STEAM_4,THERMAL,2020-07-16 12:00:00,0.0,0.0,0.0,0.0,0.0,0.0,0.0
102_CT_1,THERMAL,2020-07-16 12:00:00,0.0,0.0,0.0,0.0,0.0,0.0,0.0
102_CT_2,THERMAL,2020-07-16 12:00:00,0.0,0.0,0.0,0.0,0.0,0.0,0.0
102_STEAM_3,THERMAL,2020-07-16 12:00:00,0.0,0.0,0.0,0.0,0.0,0.0,0.0
102_STEAM_4,THERMAL,2020-07-16 12:00:00,0.0,0.0,0.0,0.0,0.0,0.0,0.0
107_CC_1,THERMAL,2020-07-16 12:00:00,0.0,0.0,0.0,0.0,0.0,0.0,0.0
113_CT_1,THERMAL,2020-07-16 12:00:00,0.0,0.0,0.0,0.0,0.0,0.0,0.0
113_CT_2,THERMAL,2020-07-16 12:00:00,0.0,0.0,0.0,0.0,0.0,0.0,0.0
113_CT_3,THERMAL,2020-07-16 12:00:00,0.0,0.0,0.0,0.0,0.0,0.0,0.0
113_CT_4,THERMAL,2020-07-16 12:00:00,0.0,0.0,0.0,0.0,0.0,0.0,0.0
115_STEAM_1,THERMAL,2020-07-16 12:00:00,0.0,0.0,0.0,0.0,0.0,0.0,0.0
115_STEAM_2,THERMAL,2020-07-16 12:00:00,0.0,0.0,0.0,0.0,0.0,0.0,0.0
115_STEAM_3,THERMAL,2020-07-16 12:00:00,0.0,0.0,0.0,0.0,0.0,0.0,0.0
116_STEAM_1,THERMAL,2020-07-16 12:00:00,0.0,0.0,0.0,0.0,0.0,0.0,0.0
118_CC_1,THERMAL,2020-07-16 12:00:00,0.0,0.0,0.0,0.0,0.0,0.0,0.0
122_WIND_1,WIND,2020-07-16 12:00:00,0.0,0.0,0.0,0.0,0.0,0.0,0.0
123_CT_1,THERMAL,2020-07-16 12:00:00,0.0,0.0,0.0,0.0,0.0,0.0,0.0
123_CT_4,THERMAL,2020-07-16 12:00:00,0.0,0.0,0.0,0.0,0.0,0.0,0.0
123_CT_5,THERMAL,2020-07-16 12:00:00,0.0,0.0,0.0,0.0,0.0,0.0,0.0
123_STEAM_2,THERMAL,2020-07-16 12:00:00,0.0,0.0,0.0,0.0,0.0,0.0,0.0
123_STEAM_3,THERMAL,2020-07-16 12:00:00,0.0,0.0,0.0,0.0,0.0,0.0,0.0
201_CT_1,THERMAL,2020-07-16 12:00:00,0.0,0.0,0.0,0.0,0.0,0.0,0.0
201_CT_2,THERMAL,2020-07-16 12:00:00,0.0,0.0,0.0,0.0,0.0,0.0,0.0
201_STEAM_3,THERMAL,2020-07-16 12:00:00,0.0,0.0,0.0,0.0,0.0,0.0,0.0
202_CT_1,THERMAL,2020-07-16 12:00:00,0.0,0.0,0.0,0.0,0.0,0.0,0.0
202_CT_2,THERMAL,2020-07-16 12:00:00,0.0,0.0,0.0,0.0,0.0,0.0,0.0
202_STEAM_3,THERMAL,2020-07-16 12:00:00,0.0,0.0,0.0,0.0,0.0,0.0,0.0
202_STEAM_4,THERMAL,2020-07-16 12:00:00,0.0,0.0,0.0,0.0,0.0,0.0,0.0
207_CT_1,THERMAL,2020-07-16 12:00:00,0.0,0.0,0.0,0.0,0.0,0.0,0.0
207_CT_2,THERMAL,2020-07-16 12:00:00,0.0,0.0,0.0,0.0,0.0,0.0,0.0
212_CSP_1,THERMAL,2020-07-16 12:00:00,0.0,0.0,0.0,0.0,0.0,0.0,0.0
213_CC_3,THERMAL,2020-07-16 12:00:00,0.0,0.0,0.0,0.0,0.0,0.0,0.0
213_CT_1,THERMAL,2020-07-16 12:00:00,0.0,0.0,0.0,0.0,0.0,0.0,0.0
213_CT_2,THERMAL,2020-07-16 12:00:00,0.0,0.0,0.0,0.0,0.0,0.0,0.0
215_CT_4,THERMAL,2020-07-16 12:00:00,0.0,0.0,0.0,0.0,0.0,0.0,0.0
215_CT_5,THERMAL,2020-07-16 12:00:00,0.0,0.0,0.0,0.0,0.0,0.0,0.0
216_STEAM_1,THERMAL,2020-07-16 12:00:00,0.0,0.0,0.0,0.0,0.0,0.0,0.0
218_CC_1,THERMAL,2020-07-16 12:00:00,0.0,0.0,0.0,0.0,0.0,0.0,0.0
221_CC_1,THERMAL,2020-07-16 12:00:00,0.0,0.0,0.0,0.0,0.0,0.0,0.0
223_CT_4,THERMAL,2020-07-16 12:00:00,0.0,0.0,0.0,0.0,0.0,0.0,0.0
223_CT_5,THERMAL,2020-07-16 12:00:00,0.0,0.0,0.0,0.0,0.0,0.0,0.0
223_CT_6,THERMAL,2020-07-16 12:00:00,0.0,0.0,0.0,0.0,0.0,0.0,0.0
223_STEAM_1,THERMAL,2020-07-16 12:00:00,0.0,0.0,0.0,0.0,0.0,0.0,0.0
223_STEAM_2,THERMAL,2020-07-16 12:00:00,0.0,0.0,0.0,0.0,0.0,0.0,0.0
223_STEAM_3,THERMAL,2020-07-16 12:00:00,0.0,0.0,0.0,0.0,0.0,0.0,0.0
301_CT_1,THERMAL,2020-07-16 12:00:00,0.0,0.0,0.0,0.0,0.0,0.0,0.0
301_CT_2,THERMAL,2020-07-16 12:00:00,0.0,0.0,0.0,0.0,0.0,0.0,0.0
301_CT_3,THERMAL,2020-07-16 12:00:00,0.0,0.0,0.0,0.0,0.0,0.0,0.0
301_CT_4,THERMAL,2020-07-16 12:00:00,0.0,0.0,0.0,0.0,0.0,0.0,0.0
302_CT_1,THERMAL,2020-07-16 12:00:00,0.0,0.0,0.0,0.0,0.0,0.0,0.0
302_CT_2,THERMAL,2020-07-16 12:00:00,0.0,0.0,0.0,0.0,0.0,0.0,0.0
302_CT_3,THERMAL,2020-07-16 12:00:00,0.0,0.0,0.0,0.0,0.0,0.0,0.0
302_CT_4,THERMAL,2020-07-16 12:00:00,0.0,0.0,0.0,0.0,0.0,0.0,0.0
303_WIND_1,WIND,2020-07-16 12:00:00,0.0,0.0,0.0,0.0,0.0,0.0,0.0
307_CT_1,THERMAL,2020-07-16 12:00:00,0.0,0.0,0.0,0.0,0.0,0.0,0.0
307_CT_2,THERMAL,2020-07-16 12:00:00,0.0,0.0,0.0,0.0,0.0,0.0,0.0
309_WIND_1,WIND,2020-07-16 12:00:00,0.0,0.0,0.0,0.0,0.0,0.0,0.0
313_CC_1,THERMAL,2020-07-16 12:00:00,0.0,0.0,0.0,0.0,0.0,0.0,0.0
315_CT_6,THERMAL,2020-07-16 12:00:00,0.0,0.0,0.0,0.0,0.0,0.0,0.0
315_CT_7,THERMAL,2020-07-16 12:00:00,0.0,0.0,0.0,0.0,0.0,0.0,0.0
315_CT_8,THERMAL,2020-07-16 12:00:00,0.0,0.0,0.0,0.0,0.0,0.0,0.0
315_STEAM_1,THERMAL,2020-07-16 12:00:00,0.0,0.0,0.0,0.0,0.0,0.0,0.0
315_STEAM_2,THERMAL,2020-07-16 12:00:00,0.0,0.0,0.0,0.0,0.0,0.0,0.0
315_STEAM_3,THERMAL,2020-07-16 12:00:00,0.0,0.0,0.0,0.0,0.0,0.0,0.0
315_STEAM_4,THERMAL,2020-07-16 12:00:00,0.0,0.0,0.0,0.0,0.0,0.0,0.0
315_STEAM_5,THERMAL,2020-07-16 12:00:00,0.0,0.0,0.0,0.0,0.0,0.0,0.0
316_STEAM_1,THERMAL,2020-07-16 12:00:00,0.0,0.0,0.0,0.0,0.0,0.0,0.0
317_WIND_1,WIND,2020-07-16 12:00:00,0.0,0.0,0.0,0.0,0.0,0.0,0.0
318_CC_1,THERMAL,2020-07-16 12:00:00,0.0,0.0,0.0,0.0,0.0,0.0,0.0
321_CC_1,THERMAL,2020-07-16 12:00:00,0.0,0.0,0.0,0.0,0.0,0.0,0.0
322_CT_5,THERMAL,2020-07-16 12:00:00,0.0,0.0,0.0,0.0,0.0,0.0,0.0
322_CT_6,THERMAL,2020-07-16 12:00:00,0.0,0.0,0.0,0.0,0.0,0.0,0.0
323_CC_1,THERMAL,2020-07-16 12:00:00,0.0,0.0,0.0,0.0,0.0,0.0,0.0
323_CC_2,THERMAL,2020-07-16 12:00:00,0.0,0.0,0.0,0.0,0.0,0.0,0.0
101_CT_1,THERMAL,2020-07-16 14:00:00,0.0,0.0,0.0,0.0,0.0,0.0,0.0
101_CT_2,THERMAL,2020-07-16 14:00:00,0.0,0.0,0.0,0.0,0.0,0.0,0.0
101_STEAM_3,THERMAL,2020-07-16 14:00:00,0.0,0.0,0.0,0.0,0.0,0.0,0.0
101_STEAM_4,THERMAL,2020-07-16 14:00:00,0.0,0.0,0.0,0.0,0.0,0.0,0.0
102_CT_1,THERMAL,2020-07-16 14:00:00,0.0,0.0,0.0,0.0,0.0,0.0,0.0
102_CT_2,THERMAL,2020-07-16 14:00:00,0.0,0.0,0.0,0.0,0.0,0.0,0.0
102_STEAM_3,THERMAL,2020-07-16 14:00:00,0.0,0.0,0.0,0.0,0.0,0.0,0.0
102_STEAM_4,THERMAL,2020-07-16 14:00:00,0.0,0.0,0.0,0.0,0.0,0.0,0.0
107_CC_1,THERMAL,2020-07-16 14:00:00,0.0,0.0,0.0,0.0,0.0,0.0,0.0
113_CT_1,THERMAL,2020-07-16 14:00:00,0.0,0.0,0.0,0.0,0.0,0.0,0.0
113_CT_2,THERMAL,2020-07-16 14:00:00,0.0,0.0,0.0,0.0,0.0,0.0,0.0
113_CT_3,THERMAL,2020-07-16 14:00:00,0.0,0.0,0.0,0.0,0.0,0.0,0.0
113_CT_4,THERMAL,2020-07-16 14:00:00,0.0,0.0,0.0,0.0,0.0,0.0,0.0
115_STEAM_1,THERMAL,2020-07-16 14:00:00,0.0,0.0,0.0,0.0,0.0,0.0,0.0
115_STEAM_2,THERMAL,2020-07-16 14:00:00,0.0,0.0,0.0,0.0,0.0,0.0,0.0
115_STEAM_3,THERMAL,2020-07-16 14:00:00,0.0,0.0,0.0,0.0,0.0,0.0,0.0
116_STEAM_1,THERMAL,2020-07-16 14:00:00,0.0,0.0,0.0,0.0,0.0,0.0,0.0
118_CC_1,THERMAL,2020-07-16 14:00:00,0.0,0.0,0.0,0.0,0.0,0.0,0.0
122_WIND_1,WIND,2020-07-16 14:00:00,0.0,0.0,0.0,0.0,0.0,0.0,0.0
123_CT_1,THERMAL,2020-07-16 14:00:00,0.0,0.0,0.0,0.0,0.0,0.0,0.0
123_CT_4,THERMAL,2020-07-16 14:00:00,0.0,0.0,0.0,0.0,0.0,0.0,0.0
123_CT_5,THERMAL,2020-07-16 14:00:00,0.0,0.0,0.0,0.0,0.0,0.0,0.0
123_STEAM_2,THERMAL,2020-07-16 14:00:00,0.0,0.0,0.0,0.0,0.0,0.0,0.0
123_STEAM_3,THERMAL,2020-07-16 14:00:00,0.0,0.0,0.0,0.0,0.0,0.0,0.0
201_CT_1,THERMAL,2020-07-16 14:00:00,0.0,0.0,0.0,0.0,0.0,0.0,0.0
201_CT_2,THERMAL,2020-07-16 14:00:00,0.0,0.0,0.0,0.0,0.0,0.0,0.0
201_STEAM_3,THERMAL,2020-07-16 14:00:00,0.0,0.0,0.0,0.0,0.0,0.0,0.0
202_CT_1,THERMAL,2020-07-16 14:00:00,0.0,0.0,0.0,0.0,0.0,0.0,0.0
202_CT_2,THERMAL,2020-07-16 14:00:00,0.0,0.0,0.0,0.0,0.0,0.0,0.0
202_STEAM_3,THERMAL,2020-07-16 14:00:00,0.0,0.0,0.0,0.0,0.0,0.0,0.0
202_STEAM_4,THERMAL,2020-07-16 14:00:00,0.0,0.0,0.0,0.0,0.0,0.0,0.0
207_CT_1,THERMAL,2020-07-16 14:00:00,0.0,0.0,0.0,0.0,0.0,0.0,0.0
207_CT_2,THERMAL,2020-07-16 14:00:00,0.0,0.0,0.0,0.0,0.0,0.0,0.0
212_CSP_1,THERMAL,2020-07-16 14:00:00,0.0,0.0,0.0,0.0,0.0,0.0,0.0
213_CC_3,THERMAL,2020-07-16 14:00:00,0.0,0.0,0.0,0.0,0.0,0.0,0.0
213_CT_1,THERMAL,2020-07-16 14:00:00,0.0,0.0,0.0,0.0,0.0,0.0,0.0
213_CT_2,THERMAL,2020-07-16 14:00:00,0.0,0.0,0.0,0.0,0.0,0.0,0.0
215_CT_4,THERMAL,2020-07-16 14:00:00,0.0,0.0,0.0,0.0,0.0,0.0,0.0
215_CT_5,THERMAL,2020-07-16 14:00:00,0.0,0.0,0.0,0.0,0.0,0.0,0.0
216_STEAM_1,THERMAL,2020-07-16 14:00:00,0.0,0.0,0.0,0.0,0.0,0.0,0.0
218_CC_1,THERMAL,2020-07-16 14:00:00,0.0,0.0,0.0,0.0,0.0,0.0,0.0
221_CC_1,THERMAL,2020-07-16 14:00:00,0.0,0.0,0.0,0.0,0.0,0.0,0.0
223_CT_4,THERMAL,2020-07-16 14:00:00,0.0,0.0,0.0,0.0,0.0,0.0,0.0
223_CT_5,THERMAL,2020-07-16 14:00:00,0.0,0.0,0.0,0.0,0.0,0.0,0.0
223_CT_6,THERMAL,2020-07-16 14:00:00,0.0,0.0,0.0,0.0,0.0,0.0,0.0
223_STEAM_1,THERMAL,2020-07-16 14:00:00,0.0,0.0,0.0,0.0,0.0,0.0,0.0
223_STEAM_2,THERMAL,2020-07-16 14:00:00,0.0,0.0,0.0,0.0,0.0,0.0,0.0
223_STEAM_3,THERMAL,2020-07-16 14:00:00,0.0,0.0,0.0,0.0,0.0,0.0,0.0
301_CT_1,THERMAL,2020-07-16 14:00:00,0.0,0.0,0.0,0.0,0.0,0.0,0.0
301_CT_2,THERMAL,2020-07-16 14:00:00,0.0,0.0,0.0,0.0,0.0,0.0,0.0
301_CT_3,THERMAL,2020-07-16 14:00:00,0.0,0.0,0.0,0.0,0.0,0.0,0.0
301_CT_4,THERMAL,2020-07-16 14:00:00,0.0,0.0,0.0,0.0,0.0,0.0,0.0
302_CT_1,THERMAL,2020-07-16 14:00:00,0.0,0.0,0.0,0.0,0.0,0.0,0.0
302_CT_2,THERMAL,2020-07-16 14:00:00,0.0,0.0,0.0,0.0,0.0,0.0,0.0
302_CT_3,THERMAL,2020-07-16 14:00:00,0.0,0.0,0.0,0.0,0.0,0.0,0.0
302_CT_4,THERMAL,2020-07-16 14:00:00,0.0,0.0,0.0,0.0,0.0,0.0,0.0
303_WIND_1,WIND,2020-07-16 14:00:00,0.0,0.0,0.0,0.0,0.0,0.0,0.0
307_CT_1,THERMAL,2020-07-16 14:00:00,0.0,0.0,0.0,0.0,0.0,0.0,0.0
307_CT_2,THERMAL,2020-07-16 14:00:00,0.0,0.0,0.0,0.0,0.0,0.0,0.0
309_WIND_1,WIND,2020-07-16 14:00:00,0.0,0.0,0.0,0.0,0.0,0.0,0.0
313_CC_1,THERMAL,2020-07-16 14:00:00,0.0,0.0,0.0,0.0,0.0,0.0,0.0
315_CT_6,THERMAL,2020-07-16 14:00:00,0.0,0.0,0.0,0.0,0.0,0.0,0.0
315_CT_7,THERMAL,2020-07-16 14:00:00,0.0,0.0,0.0,0.0,0.0,0.0,0.0
315_CT_8,THERMAL,2020-07-16 14:00:00,0.0,0.0,0.0,0.0,0.0,0.0,0.0
315_STEAM_1,THERMAL,2020-07-16 14:00:00,0.0,0.0,0.0,0.0,0.0,0.0,0.0
315_STEAM_2,THERMAL,2020-07-16 14:00:00,0.0,0.0,0.0,0.0,0.0,0.0,0.0
315_STEAM_3,THERMAL,2020-07-16 14:00:00,0.0,0.0,0.0,0.0,0.0,0.0,0.0
315_STEAM_4,THERMAL,2020-07-16 14:00:00,0.0,0.0,0.0,0.0,0.0,0.0,0.0
315_STEAM_5,THERMAL,2020-07-16 14:00:00,0.0,0.0,0.0,0.0,0.0,0.0,0.0
316_STEAM_1,THERMAL,2020-07-16 14:00:00,0.0,0.0,0.0,0.0,0.0,0.0,0.0
317_WIND_1,WIND,2020-07-16 14:00:00,0.0,0.0,0.0,0.0,0.0,0.0,0.0
318_CC_1,THERMAL,2020-07-16 14:00:00,0.0,0.0,0.0,0.0,0.0,0.0,0.0
321_CC_1,THERMAL,2020-07-16 14:00:00,0.0,0.0,0.0,0.0,0.0,0.0,0.0
322_CT_5,THERMAL,2020-07-16 14:00:00,0.0,0.0,0.0,0.0,0.0,0.0,0.0
322_CT_6,THERMAL,2020-07-16 14:00:00,0.0,0.0,0.0,0.0,0.0,0.0,0.0
323_CC_1,THERMAL,2020-07-16 14:00:00,0.0,0.0,0.0,0.0,0.0,0.0,0.0
323_CC_2,THERMAL,2020-07-16 14:00:00,0.0,0.0,0.0,0.0,0.0,0.0,0.0
101_CT_1,THERMAL,2020-07-16 16:00:00,0.0,0.0,0.0,0.0,0.0,0.0,0.0
101_CT_2,THERMAL,2020-07-16 16:00:00,0.0,0.0,0.0,0.0,0.0,0.0,0.0
101_STEAM_3,THERMAL,2020-07-16 16:00:00,0.0,0.0,0.0,0.0,0.0,0.0,0.0
101_STEAM_4,THERMAL,2020-07-16 16:00:00,0.0,0.0,0.0,0.0,0.0,0.0,0.0
102_CT_1,THERMAL,2020-07-16 16:00:00,0.0,0.0,0.0,0.0,0.0,0.0,0.0
102_CT_2,THERMAL,2020-07-16 16:00:00,0.0,0.0,0.0,0.0,0.0,0.0,0.0
102_STEAM_3,THERMAL,2020-07-16 16:00:00,0.0,0.0,0.0,0.0,0.0,0.0,0.0
102_STEAM_4,THERMAL,2020-07-16 16:00:00,0.0,0.0,0.0,0.0,0.0,0.0,0.0
107_CC_1,THERMAL,2020-07-16 16:00:00,0.0,0.0,0.0,0.0,0.0,0.0,0.0
113_CT_1,THERMAL,2020-07-16 16:00:00,0.0,0.0,0.0,0.0,0.0,0.0,0.0
113_CT_2,THERMAL,2020-07-16 16:00:00,0.0,0.0,0.0,0.0,0.0,0.0,0.0
113_CT_3,THERMAL,2020-07-16 16:00:00,0.0,0.0,0.0,0.0,0.0,0.0,0.0
113_CT_4,THERMAL,2020-07-16 16:00:00,0.0,0.0,0.0,0.0,0.0,0.0,0.0
115_STEAM_1,THERMAL,2020-07-16 16:00:00,0.0,0.0,0.0,0.0,0.0,0.0,0.0
115_STEAM_2,THERMAL,2020-07-16 16:00:00,0.0,0.0,0.0,0.0,0.0,0.0,0.0
115_STEAM_3,THERMAL,2020-07-16 16:00:00,0.0,0.0,0.0,0.0,0.0,0.0,0.0
116_STEAM_1,THERMAL,2020-07-16 16:00:00,0.0,0.0,0.0,0.0,0.0,0.0,0.0
118_CC_1,THERMAL,2020-07-16 16:00:00,0.0,0.0,0.0,0.0,0.0,0.0,0.0
122_WIND_1,WIND,2020-07-16 16:00:00,0.0,0.0,0.0,0.0,0.0,0.0,0.0
123_CT_1,THERMAL,2020-07-16 16:00:00,0.0,0.0,0.0,0.0,0.0,0.0,0.0
123_CT_4,THERMAL,2020-07-16 16:00:00,0.0,0.0,0.0,0.0,0.0,0.0,0.0
123_CT_5,THERMAL,2020-07-16 16:00:00,0.0,0.0,0.0,0.0,0.0,0.0,0.0
123_STEAM_2,THERMAL,2020-07-16 16:00:00,0.0,0.0,0.0,0.0,0.0,0.0,0.0
123_STEAM_3,THERMAL,2020-07-16 16:00:00,0.0,0.0,0.0,0.0,0.0,0.0,0.0
201_CT_1,THERMAL,2020-07-16 16:00:00,0.0,0.0,0.0,0.0,0.0,0.0,0.0
201_CT_2,THERMAL,2020-07-16 16:00:00,0.0,0.0,0.0,0.0,0.0,0.0,0.0
201_STEAM_3,THERMAL,2020-07-16 16:00:00,0.0,0.0,0.0,0.0,0.0,0.0,0.0
202_CT_1,THERMAL,2020-07-16 16:00:00,0.0,0.0,0.0,0.0,0.0,0.0,0.0
202_CT_2,THERMAL,2020-07-16 16:00:00,0.0,0.0,0.0,0.0,0.0,0.0,0.0
202_STEAM_3,THERMAL,2020-07-16 16:00:00,0.0,0.0,0.0,0.0,0.0,0.0,0.0
202_STEAM_4,THERMAL,2020-07-16 16:00:00,0.0,0.0,0.0,0.0,0.0,0.0,0.0
207_CT_1,THERMAL,2020-07-16 16:00:00,0.0,0.0,0.0,0.0,0.0,0.0,0.0
207_CT_2,THERMAL,2020-07-16 16:00:00,0.0,0.0,0.0,0.0,0.0,0.0,0.0
212_CSP_1,THERMAL,2020-07-16 16:00:00,0.0,0.0,0.0,0.0,0.0,0.0,0.0
213_CC_3,THERMAL,2020-07-16 16:00:00,0.0,0.0,0.0,0.0,0.0,0.0,0.0
213_CT_1,THERMAL,2020-07-16 16:00:00,0.0,0.0,0.0,0.0,0.0,0.0,0.0
213_CT_2,THERMAL,2020-07-16 16:00:00,0.0,0.0,0.0,0.0,0.0,0.0,0.0
215_CT_4,THERMAL,2020-07-16 16:00:00,0.0,0.0,0.0,0.0,0.0,0.0,0.0
215_CT_5,THERMAL,2020-07-16 16:00:00,0.0,0.0,0.0,0.0,0.0,0.0,0.0
216_STEAM_1,THERMAL,2020-07-16 16:00:00,0.0,0.0,0.0,0.0,0.0,0.0,0.0
218_CC_1,THERMAL,2020-07-16 16:00:00,0.0,0.0,0.0,0.0,0.0,0.0,0.0
221_CC_1,THERMAL,2020-07-16 16:00:00,0.0,0.0,0.0,0.0,0.0,0.0,0.0
223_CT_4,THERMAL,2020-07-16 16:00:00,0.0,0.0,0.0,0.0,0.0,0.0,0.0
223_CT_5,THERMAL,2020-07-16 16:00:00,0.0,0.0,0.0,0.0,0.0,0.0,0.0
223_CT_6,THERMAL,2020-07-16 16:00:00,0.0,0.0,0.0,0.0,0.0,0.0,0.0
223_STEAM_1,THERMAL,2020-07-16 16:00:00,0.0,0.0,0.0,0.0,0.0,0.0,0.0
223_STEAM_2,THERMAL,2020-07-16 16:00:00,0.0,0.0,0.0,0.0,0.0,0.0,0.0
223_STEAM_3,THERMAL,2020-07-16 16:00:00,0.0,0.0,0.0,0.0,0.0,0.0,0.0
301_CT_1,THERMAL,2020-07-16 16:00:00,0.0,0.0,0.0,0.0,0.0,0.0,0.0
301_CT_2,THERMAL,2020-07-16 16:00:00,0.0,0.0,0.0,0.0,0.0,0.0,0.0
301_CT_3,THERMAL,2020-07-16 16:00:00,0.0,0.0,0.0,0.0,0.0,0.0,0.0
301_CT_4,THERMAL,2020-07-16 16:00:00,0.0,0.0,0.0,0.0,0.0,0.0,0.0
302_CT_1,THERMAL,2020-07-16 16:00:00,0.0,0.0,0.0,0.0,0.0,0.0,0.0
302_CT_2,THERMAL,2020-07-16 16:00:00,0.0,0.0,0.0,0.0,0.0,0.0,0.0
302_CT_3,THERMAL,2020-07-16 16:00:00,0.0,0.0,0.0,0.0,0.0,0.0,0.0
302_CT_4,THERMAL,2020-07-16 16:00:00,0.0,0.0,0.0,0.0,0.0,0.0,0.0
303_WIND_1,WIND,2020-07-16 16:00:00,0.0,0.0,0.0,0.0,0.0,0.0,0.0
307_CT_1,THERMAL,2020-07-16 16:00:00,0.0,0.0,0.0,0.0,0.0,0.0,0.0
307_CT_2,THERMAL,2020-07-16 16:00:00,0.0,0.0,0.0,0.0,0.0,0.0,0.0
309_WIND_1,WIND,2020-07-16 16:00:00,0.0,0.0,0.0,0.0,0.0,0.0,0.0
313_CC_1,THERMAL,2020-07-16 16:00:00,0.0,0.0,0.0,0.0,0.0,0.0,0.0
315_CT_6,THERMAL,2020-07-16 16:00:00,0.0,0.0,0.0,0.0,0.0,0.0,0.0
315_CT_7,THERMAL,2020-07-16 16:00:00,0.0,0.0,0.0,0.0,0.0,0.0,0.0
315_CT_8,THERMAL,2020-07-16 16:00:00,0.0,0.0,0.0,0.0,0.0,0.0,0.0
315_STEAM_1,THERMAL,2020-07-16 16:00:00,0.0,0.0,0.0,0.0,0.0,0.0,0.0
315_STEAM_2,THERMAL,2020-07-16 16:00:00,0.0,0.0,0.0,0.0,0.0,0.0,0.0
315_STEAM_3,THERMAL,2020-07-16 16:00:00,0.0,0.0,0.0,0.0,0.0,0.0,0.0
315_STEAM_4,THERMAL,2020-07-16 16:00:00,0.0,0.0,0.0,0.0,0.0,0.0,0.0
315_STEAM_5,THERMAL,2020-07-16 16:00:00,0.0,0.0,0.0,0.0,0.0,0.0,0.0
316_STEAM_1,THERMAL,2020-07-16 16:00:00,0.0,0.0,0.0,0.0,0.0,0.0,0.0
317_WIND_1,WIND,2020-07-16 16:00:00,0.0,0.0,0.0,0.0,0.0,0.0,0.0
318_CC_1,THERMAL,2020-07-16 16:00:00,0.0,0.0,0.0,0.0,0.0,0.0,0.0
321_CC_1,THERMAL,2020-07-16 16:00:00,0.0,0.0,0.0,0.0,0.0,0.0,0.0
322_CT_5,THERMAL,2020-07-16 16:00:00,0.0,0.0,0.0,0.0,0.0,0.0,0.0
322_CT_6,THERMAL,2020-07-16 16:00:00,0.0,0.0,0.0,0.0,0.0,0.0,0.0
323_CC_1,THERMAL,2020-07-16 16:00:00,0.0,0.0,0.0,0.0,0.0,0.0,0.0
323_CC_2,THERMAL,2020-07-16 16:00:00,0.0,0.0,0.0,0.0,0.0,0.0,0.0
101_CT_1,THERMAL,2020-07-16 18:00:00,0.0,0.0,0.0,0.0,0.0,0.0,0.0
101_CT_2,THERMAL,2020-07-16 18:00:00,0.0,0.0,0.0,0.0,0.0,0.0,0.0
101_STEAM_3,THERMAL,2020-07-16 18:00:00,0.0,0.0,0.0,0.0,0.0,0.0,0.0
101_STEAM_4,THERMAL,2020-07-16 18:00:00,0.0,0.0,0.0,0.0,0.0,0.0,0.0
102_CT_1,THERMAL,2020-07-16 18:00:00,0.0,0.0,0.0,0.0,0.0,0.0,0.0
102_CT_2,THERMAL,2020-07-16 18:00:00,0.0,0.0,0.0,0.0,0.0,0.0,0.0
102_STEAM_3,THERMAL,2020-07-16 18:00:00,0.0,0.0,0.0,0.0,0.0,0.0,0.0
102_STEAM_4,THERMAL,2020-07-16 18:00:00,0.0,0.0,0.0,0.0,0.0,0.0,0.0
107_CC_1,THERMAL,2020-07-16 18:00:00,0.0,0.0,0.0,0.0,0.0,0.0,0.0
113_CT_1,THERMAL,2020-07-16 18:00:00,0.0,0.0,0.0,0.0,0.0,0.0,0.0
113_CT_2,THERMAL,2020-07-16 18:00:00,0.0,0.0,0.0,0.0,0.0,0.0,0.0
113_CT_3,THERMAL,2020-07-16 18:00:00,0.0,0.0,0.0,0.0,0.0,0.0,0.0
113_CT_4,THERMAL,2020-07-16 18:00:00,0.0,0.0,0.0,0.0,0.0,0.0,0.0
115_STEAM_1,THERMAL,2020-07-16 18:00:00,0.0,0.0,0.0,0.0,0.0,0.0,0.0
115_STEAM_2,THERMAL,2020-07-16 18:00:00,0.0,0.0,0.0,0.0,0.0,0.0,0.0
115_STEAM_3,THERMAL,2020-07-16 18:00:00,0.0,0.0,0.0,0.0,0.0,0.0,0.0
116_STEAM_1,THERMAL,2020-07-16 18:00:00,0.0,0.0,0.0,0.0,0.0,0.0,0.0
118_CC_1,THERMAL,2020-07-16 18:00:00,0.0,0.0,0.0,0.0,0.0,0.0,0.0
122_WIND_1,WIND,2020-07-16 18:00:00,0.0,0.0,0.0,0.0,0.0,0.0,0.0
123_CT_1,THERMAL,2020-07-16 18:00:00,0.0,0.0,0.0,0.0,0.0,0.0,0.0
123_CT_4,THERMAL,2020-07-16 18:00:00,0.0,0.0,0.0,0.0,0.0,0.0,0.0
123_CT_5,THERMAL,2020-07-16 18:00:00,0.0,0.0,0.0,0.0,0.0,0.0,0.0
123_STEAM_2,THERMAL,2020-07-16 18:00:00,0.0,0.0,0.0,0.0,0.0,0.0,0.0
123_STEAM_3,THERMAL,2020-07-16 18:00:00,0.0,0.0,0.0,0.0,0.0,0.0,0.0
201_CT_1,THERMAL,2020-07-16 18:00:00,0.0,0.0,0.0,0.0,0.0,0.0,0.0
201_CT_2,THERMAL,2020-07-16 18:00:00,0.0,0.0,0.0,0.0,0.0,0.0,0.0
201_STEAM_3,THERMAL,2020-07-16 18:00:00,0.0,0.0,0.0,0.0,0.0,0.0,0.0
202_CT_1,THERMAL,2020-07-16 18:00:00,0.0,0.0,0.0,0.0,0.0,0.0,0.0
202_CT_2,THERMAL,2020-07-16 18:00:00,0.0,0.0,0.0,0.0,0.0,0.0,0.0
202_STEAM_3,THERMAL,2020-07-16 18:00:00,0.0,0.0,0.0,0.0,0.0,0.0,0.0
202_STEAM_4,THERMAL,2020-07-16 18:00:00,0.0,0.0,0.0,0.0,0.0,0.0,0.0
207_CT_1,THERMAL,2020-07-16 18:00:00,0.0,0.0,0.0,0.0,0.0,0.0,0.0
207_CT_2,THERMAL,2020-07-16 18:00:00,0.0,0.0,0.0,0.0,0.0,0.0,0.0
212_CSP_1,THERMAL,2020-07-16 18:00:00,0.0,0.0,0.0,0.0,0.0,0.0,0.0
213_CC_3,THERMAL,2020-07-16 18:00:00,0.0,0.0,0.0,0.0,0.0,0.0,0.0
213_CT_1,THERMAL,2020-07-16 18:00:00,0.0,0.0,0.0,0.0,0.0,0.0,0.0
213_CT_2,THERMAL,2020-07-16 18:00:00,0.0,0.0,0.0,0.0,0.0,0.0,0.0
215_CT_4,THERMAL,2020-07-16 18:00:00,0.0,0.0,0.0,0.0,0.0,0.0,0.0
215_CT_5,THERMAL,2020-07-16 18:00:00,0.0,0.0,0.0,0.0,0.0,0.0,0.0
216_STEAM_1,THERMAL,2020-07-16 18:00:00,0.0,0.0,0.0,0.0,0.0,0.0,0.0
218_CC_1,THERMAL,2020-07-16 18:00:00,0.0,0.0,0.0,0.0,0.0,0.0,0.0
221_CC_1,THERMAL,2020-07-16 18:00:00,0.0,0.0,0.0,0.0,0.0,0.0,0.0
223_CT_4,THERMAL,2020-07-16 18:00:00,0.0,0.0,0.0,0.0,0.0,0.0,0.0
223_CT_5,THERMAL,2020-07-16 18:00:00,0.0,0.0,0.0,0.0,0.0,0.0,0.0
223_CT_6,THERMAL,2020-07-16 18:00:00,0.0,0.0,0.0,0.0,0.0,0.0,0.0
223_STEAM_1,THERMAL,2020-07-16 18:00:00,0.0,0.0,0.0,0.0,0.0,0.0,0.0
223_STEAM_2,THERMAL,2020-07-16 18:00:00,0.0,0.0,0.0,0.0,0.0,0.0,0.0
223_STEAM_3,THERMAL,2020-07-16 18:00:00,0.0,0.0,0.0,0.0,0.0,0.0,0.0
301_CT_1,THERMAL,2020-07-16 18:00:00,0.0,0.0,0.0,0.0,0.0,0.0,0.0
301_CT_2,THERMAL,2020-07-16 18:00:00,0.0,0.0,0.0,0.0,0.0,0.0,0.0
301_CT_3,THERMAL,2020-07-16 18:00:00,0.0,0.0,0.0,0.0,0.0,0.0,0.0
301_CT_4,THERMAL,2020-07-16 18:00:00,0.0,0.0,0.0,0.0,0.0,0.0,0.0
302_CT_1,THERMAL,2020-07-16 18:00:00,0.0,0.0,0.0,0.0,0.0,0.0,0.0
302_CT_2,THERMAL,2020-07-16 18:00:00,0.0,0.0,0.0,0.0,0.0,0.0,0.0
302_CT_3,THERMAL,2020-07-16 18:00:00,0.0,0.0,0.0,0.0,0.0,0.0,0.0
302_CT_4,THERMAL,2020-07-16 18:00:00,0.0,0.0,0.0,0.0,0.0,0.0,0.0
303_WIND_1,WIND,2020-07-16 18:00:00,0.0,0.0,0.0,0.0,0.0,0.0,0.0
307_CT_1,THERMAL,2020-07-16 18:00:00,0.0,0.0,0.0,0.0,0.0,0.0,0.0
307_CT_2,THERMAL,2020-07-16 18:00:00,0.0,0.0,0.0,0.0,0.0,0.0,0.0
309_WIND_1,WIND,2020-07-16 18:00:00,0.0,0.0,0.0,0.0,0.0,0.0,0.0
313_CC_1,THERMAL,2020-07-16 18:00:00,0.0,0.0,0.0,0.0,0.0,0.0,0.0
315_CT_6,THERMAL,2020-07-16 18:00:00,0.0,0.0,0.0,0.0,0.0,0.0,0.0
315_CT_7,THERMAL,2020-07-16 18:00:00,0.0,0.0,0.0,0.0,0.0,0.0,0.0
315_CT_8,THERMAL,2020-07-16 18:00:00,0.0,0.0,0.0,0.0,0.0,0.0,0.0
315_STEAM_1,THERMAL,2020-07-16 18:00:00,0.0,0.0,0.0,0.0,0.0,0.0,0.0
315_STEAM_2,THERMAL,2020-07-16 18:00:00,0.0,0.0,0.0,0.0,0.0,0.0,0.0
315_STEAM_3,THERMAL,2020-07-16 18:00:00,0.0,0.0,0.0,0.0,0.0,0.0,0.0
315_STEAM_4,THERMAL,2020-07-16 18:00:00,0.0,0.0,0.0,0.0,0.0,0.0,0.0
315_STEAM_5,THERMAL,2020-07-16 18:00:00,0.0,0.0,0.0,0.0,0.0,0.0,0.0
316_STEAM_1,THERMAL,2020-07-16 18:00:00,0.0,0.0,0.0,0.0,0.0,0.0,0.0
317_WIND_1,WIND,2020-07-16 18:00:00,0.0,0.0,0.0,0.0,0.0,0.0,0.0
318_CC_1,THERMAL,2020-07-16 18:00:00,0.0,0.0,0.0,0.0,0.0,0.0,0.0
321_CC_1,THERMAL,2020-07-16 18:00:00,0.0,0.0,0.0,0.0,0.0,0.0,0.0
322_CT_5,THERMAL,2020-07-16 18:00:00,0.0,0.0,0.0,0.0,0.0,0.0,0.0
322_CT_6,THERMAL,2020-07-16 18:00:00,0.0,0.0,0.0,0.0,0.0,0.0,0.0
323_CC_1,THERMAL,2020-07-16 18:00:00,0.0,0.0,0.0,0.0,0.0,0.0,0.0
323_CC_2,THERMAL,2020-07-16 18:00:00,0.0,0.0,0.0,0.0,0.0,0.0,0.0
101_CT_1,THERMAL,2020-07-16 20:00:00,0.0,0.0,0.0,0.0,0.0,0.0,0.0
101_CT_2,THERMAL,2020-07-16 20:00:00,0.0,0.0,0.0,0.0,0.0,0.0,0.0
101_STEAM_3,THERMAL,2020-07-16 20:00:00,0.0,0.0,0.0,0.0,0.0,0.0,0.0
101_STEAM_4,THERMAL,2020-07-16 20:00:00,0.0,0.0,0.0,0.0,0.0,0.0,0.0
102_CT_1,THERMAL,2020-07-16 20:00:00,0.0,0.0,0.0,0.0,0.0,0.0,0.0
102_CT_2,THERMAL,2020-07-16 20:00:00,0.0,0.0,0.0,0.0,0.0,0.0,0.0
102_STEAM_3,THERMAL,2020-07-16 20:00:00,0.0,0.0,0.0,0.0,0.0,0.0,0.0
102_STEAM_4,THERMAL,2020-07-16 20:00:00,0.0,0.0,0.0,0.0,0.0,0.0,0.0
107_CC_1,THERMAL,2020-07-16 20:00:00,0.0,0.0,0.0,0.0,0.0,0.0,0.0
113_CT_1,THERMAL,2020-07-16 20:00:00,0.0,0.0,0.0,0.0,0.0,0.0,0.0
113_CT_2,THERMAL,2020-07-16 20:00:00,0.0,0.0,0.0,0.0,0.0,0.0,0.0
113_CT_3,THERMAL,2020-07-16 20:00:00,0.0,0.0,0.0,0.0,0.0,0.0,0.0
113_CT_4,THERMAL,2020-07-16 20:00:00,0.0,0.0,0.0,0.0,0.0,0.0,0.0
115_STEAM_1,THERMAL,2020-07-16 20:00:00,0.0,0.0,0.0,0.0,0.0,0.0,0.0
115_STEAM_2,THERMAL,2020-07-16 20:00:00,0.0,0.0,0.0,0.0,0.0,0.0,0.0
115_STEAM_3,THERMAL,2020-07-16 20:00:00,0.0,0.0,0.0,0.0,0.0,0.0,0.0
116_STEAM_1,THERMAL,2020-07-16 20:00:00,0.0,0.0,0.0,0.0,0.0,0.0,0.0
118_CC_1,THERMAL,2020-07-16 20:00:00,0.0,0.0,0.0,0.0,0.0,0.0,0.0
122_WIND_1,WIND,2020-07-16 20:00:00,0.0,0.0,0.0,0.0,0.0,0.0,0.0
123_CT_1,THERMAL,2020-07-16 20:00:00,0.0,0.0,0.0,0.0,0.0,0.0,0.0
123_CT_4,THERMAL,2020-07-16 20:00:00,0.0,0.0,0.0,0.0,0.0,0.0,0.0
123_CT_5,THERMAL,2020-07-16 20:00:00,0.0,0.0,0.0,0.0,0.0,0.0,0.0
123_STEAM_2,THERMAL,2020-07-16 20:00:00,0.0,0.0,0.0,0.0,0.0,0.0,0.0
123_STEAM_3,THERMAL,2020-07-16 20:00:00,0.0,0.0,0.0,0.0,0.0,0.0,0.0
201_CT_1,THERMAL,2020-07-16 20:00:00,0.0,0.0,0.0,0.0,0.0,0.0,0.0
201_CT_2,THERMAL,2020-07-16 20:00:00,0.0,0.0,0.0,0.0,0.0,0.0,0.0
201_STEAM_3,THERMAL,2020-07-16 20:00:00,0.0,0.0,0.0,0.0,0.0,0.0,0.0
202_CT_1,THERMAL,2020-07-16 20:00:00,0.0,0.0,0.0,0.0,0.0,0.0,0.0
202_CT_2,THERMAL,2020-07-16 20:00:00,0.0,0.0,0.0,0.0,0.0,0.0,0.0
202_STEAM_3,THERMAL,2020-07-16 20:00:00,0.0,0.0,0.0,0.0,0.0,0.0,0.0
202_STEAM_4,THERMAL,2020-07-16 20:00:00,0.0,0.0,0.0,0.0,0.0,0.0,0.0
207_CT_1,THERMAL,2020-07-16 20:00:00,0.0,0.0,0.0,0.0,0.0,0.0,0.0
207_CT_2,THERMAL,2020-07-16 20:00:00,0.0,0.0,0.0,0.0,0.0,0.0,0.0
212_CSP_1,THERMAL,2020-07-16 20:00:00,0.0,0.0,0.0,0.0,0.0,0.0,0.0
213_CC_3,THERMAL,2020-07-16 20:00:00,0.0,0.0,0.0,0.0,0.0,0.0,0.0
213_CT_1,THERMAL,2020-07-16 20:00:00,0.0,0.0,0.0,0.0,0.0,0.0,0.0
213_CT_2,THERMAL,2020-07-16 20:00:00,0.0,0.0,0.0,0.0,0.0,0.0,0.0
215_CT_4,THERMAL,2020-07-16 20:00:00,0.0,0.0,0.0,0.0,0.0,0.0,0.0
215_CT_5,THERMAL,2020-07-16 20:00:00,0.0,0.0,0.0,0.0,0.0,0.0,0.0
216_STEAM_1,THERMAL,2020-07-16 20:00:00,0.0,0.0,0.0,0.0,0.0,0.0,0.0
218_CC_1,THERMAL,2020-07-16 20:00:00,0.0,0.0,0.0,0.0,0.0,0.0,0.0
221_CC_1,THERMAL,2020-07-16 20:00:00,0.0,0.0,0.0,0.0,0.0,0.0,0.0
223_CT_4,THERMAL,2020-07-16 20:00:00,0.0,0.0,0.0,0.0,0.0,0.0,0.0
223_CT_5,THERMAL,2020-07-16 20:00:00,0.0,0.0,0.0,0.0,0.0,0.0,0.0
223_CT_6,THERMAL,2020-07-16 20:00:00,0.0,0.0,0.0,0.0,0.0,0.0,0.0
223_STEAM_1,THERMAL,2020-07-16 20:00:00,0.0,0.0,0.0,0.0,0.0,0.0,0.0
223_STEAM_2,THERMAL,2020-07-16 20:00:00,0.0,0.0,0.0,0.0,0.0,0.0,0.0
223_STEAM_3,THERMAL,2020-07-16 20:00:00,0.0,0.0,0.0,0.0,0.0,0.0,0.0
301_CT_1,THERMAL,2020-07-16 20:00:00,0.0,0.0,0.0,0.0,0.0,0.0,0.0
301_CT_2,THERMAL,2020-07-16 20:00:00,0.0,0.0,0.0,0.0,0.0,0.0,0.0
301_CT_3,THERMAL,2020-07-16 20:00:00,0.0,0.0,0.0,0.0,0.0,0.0,0.0
301_CT_4,THERMAL,2020-07-16 20:00:00,0.0,0.0,0.0,0.0,0.0,0.0,0.0
302_CT_1,THERMAL,2020-07-16 20:00:00,0.0,0.0,0.0,0.0,0.0,0.0,0.0
302_CT_2,THERMAL,2020-07-16 20:00:00,0.0,0.0,0.0,0.0,0.0,0.0,0.0
302_CT_3,THERMAL,2020-07-16 20:00:00,0.0,0.0,0.0,0.0,0.0,0.0,0.0
302_CT_4,THERMAL,2020-07-16 20:00:00,0.0,0.0,0.0,0.0,0.0,0.0,0.0
303_WIND_1,WIND,2020-07-16 20:00:00,0.0,0.0,0.0,0.0,0.0,0.0,0.0
307_CT_1,THERMAL,2020-07-16 20:00:00,0.0,0.0,0.0,0.0,0.0,0.0,0.0
307_CT_2,THERMAL,2020-07-16 20:00:00,0.0,0.0,0.0,0.0,0.0,0.0,0.0
309_WIND_1,WIND,2020-07-16 20:00:00,0.0,0.0,0.0,0.0,0.0,0.0,0.0
313_CC_1,THERMAL,2020-07-16 20:00:00,0.0,0.0,0.0,0.0,0.0,0.0,0.0
315_CT_6,THERMAL,2020-07-16 20:00:00,0.0,0.0,0.0,0.0,0.0,0.0,0.0
315_CT_7,THERMAL,2020-07-16 20:00:00,0.0,0.0,0.0,0.0,0.0,0.0,0.0
315_CT_8,THERMAL,2020-07-16 20:00:00,0.0,0.0,0.0,0.0,0.0,0.0,0.0
315_STEAM_1,THERMAL,2020-07-16 20:00:00,0.0,0.0,0.0,0.0,0.0,0.0,0.0
315_STEAM_2,THERMAL,2020-07-16 20:00:00,0.0,0.0,0.0,0.0,0.0,0.0,0.0
315_STEAM_3,THERMAL,2020-07-16 20:00:00,0.0,0.0,0.0,0.0,0.0,0.0,0.0
315_STEAM_4,THERMAL,2020-07-16 20:00:00,0.0,0.0,0.0,0.0,0.0,0.0,0.0
315_STEAM_5,THERMAL,2020-07-16 20:00:00,0.0,0.0,0.0,0.0,0.0,0.0,0.0
316_STEAM_1,THERMAL,2020-07-16 20:00:00,0.0,0.0,0.0,0.0,0.0,0.0,0.0
317_WIND_1,WIND,2020-07-16 20:00:00,0.0,0.0,0.0,0.0,0.0,0.0,0.0
318_CC_1,THERMAL,2020-07-16 20:00:00,0.0,0.0,0.0,0.0,0.0,0.0,0.0
321_CC_1,THERMAL,2020-07-16 20:00:00,0.0,0.0,0.0,0.0,0.0,0.0,0.0
322_CT_5,THERMAL,2020-07-16 20:00:00,0.0,0.0,0.0,0.0,0.0,0.0,0.0
322_CT_6,THERMAL,2020-07-16 20:00:00,0.0,0.0,0.0,0.0,0.0,0.0,0.0
323_CC_1,THERMAL,2020-07-16 20:00:00,0.0,0.0,0.0,0.0,0.0,0.0,0.0
323_CC_2,THERMAL,2020-07-16 20:00:00,0.0,0.0,0.0,0.0,0.0,0.0,0.0
101_CT_1,THERMAL,2020-07-16 22:00:00,0.0,0.0,0.0,0.0,0.0,0.0,0.0
101_CT_2,THERMAL,2020-07-16 22:00:00,0.0,0.0,0.0,0.0,0.0,0.0,0.0
101_STEAM_3,THERMAL,2020-07-16 22:00:00,0.0,0.0,0.0,0.0,0.0,0.0,0.0
101_STEAM_4,THERMAL,2020-07-16 22:00:00,0.0,0.0,0.0,0.0,0.0,0.0,0.0
102_CT_1,THERMAL,2020-07-16 22:00:00,0.0,0.0,0.0,0.0,0.0,0.0,0.0
102_CT_2,THERMAL,2020-07-16 22:00:00,0.0,0.0,0.0,0.0,0.0,0.0,0.0
102_STEAM_3,THERMAL,2020-07-16 22:00:00,0.0,0.0,0.0,0.0,0.0,0.0,0.0
102_STEAM_4,THERMAL,2020-07-16 22:00:00,0.0,0.0,0.0,0.0,0.0,0.0,0.0
107_CC_1,THERMAL,2020-07-16 22:00:00,0.0,0.0,0.0,0.0,0.0,0.0,0.0
113_CT_1,THERMAL,2020-07-16 22:00:00,0.0,0.0,0.0,0.0,0.0,0.0,0.0
113_CT_2,THERMAL,2020-07-16 22:00:00,0.0,0.0,0.0,0.0,0.0,0.0,0.0
113_CT_3,THERMAL,2020-07-16 22:00:00,0.0,0.0,0.0,0.0,0.0,0.0,0.0
113_CT_4,THERMAL,2020-07-16 22:00:00,0.0,0.0,0.0,0.0,0.0,0.0,0.0
115_STEAM_1,THERMAL,2020-07-16 22:00:00,0.0,0.0,0.0,0.0,0.0,0.0,0.0
115_STEAM_2,THERMAL,2020-07-16 22:00:00,0.0,0.0,0.0,0.0,0.0,0.0,0.0
115_STEAM_3,THERMAL,2020-07-16 22:00:00,0.0,0.0,0.0,0.0,0.0,0.0,0.0
116_STEAM_1,THERMAL,2020-07-16 22:00:00,0.0,0.0,0.0,0.0,0.0,0.0,0.0
118_CC_1,THERMAL,2020-07-16 22:00:00,0.0,0.0,0.0,0.0,0.0,0.0,0.0
122_WIND_1,WIND,2020-07-16 22:00:00,0.0,0.0,0.0,0.0,0.0,0.0,0.0
123_CT_1,THERMAL,2020-07-16 22:00:00,0.0,0.0,0.0,0.0,0.0,0.0,0.0
123_CT_4,THERMAL,2020-07-16 22:00:00,0.0,0.0,0.0,0.0,0.0,0.0,0.0
123_CT_5,THERMAL,2020-07-16 22:00:00,0.0,0.0,0.0,0.0,0.0,0.0,0.0
123_STEAM_2,THERMAL,2020-07-16 22:00:00,0.0,0.0,0.0,0.0,0.0,0.0,0.0
123_STEAM_3,THERMAL,2020-07-16 22:00:00,0.0,0.0,0.0,0.0,0.0,0.0,0.0
201_CT_1,THERMAL,2020-07-16 22:00:00,0.0,0.0,0.0,0.0,0.0,0.0,0.0
201_CT_2,THERMAL,2020-07-16 22:00:00,0.0,0.0,0.0,0.0,0.0,0.0,0.0
201_STEAM_3,THERMAL,2020-07-16 22:00:00,0.0,0.0,0.0,0.0,0.0,0.0,0.0
202_CT_1,THERMAL,2020-07-16 22:00:00,0.0,0.0,0.0,0.0,0.0,0.0,0.0
202_CT_2,THERMAL,2020-07-16 22:00:00,0.0,0.0,0.0,0.0,0.0,0.0,0.0
202_STEAM_3,THERMAL,2020-07-16 22:00:00,0.0,0.0,0.0,0.0,0.0,0.0,0.0
202_STEAM_4,THERMAL,2020-07-16 22:00:00,0.0,0.0,0.0,0.0,0.0,0.0,0.0
207_CT_1,THERMAL,2020-07-16 22:00:00,0.0,0.0,0.0,0.0,0.0,0.0,0.0
207_CT_2,THERMAL,2020-07-16 22:00:00,0.0,0.0,0.0,0.0,0.0,0.0,0.0
212_CSP_1,THERMAL,2020-07-16 22:00:00,0.0,0.0,0.0,0.0,0.0,0.0,0.0
213_CC_3,THERMAL,2020-07-16 22:00:00,0.0,0.0,0.0,0.0,0.0,0.0,0.0
213_CT_1,THERMAL,2020-07-16 22:00:00,0.0,0.0,0.0,0.0,0.0,0.0,0.0
213_CT_2,THERMAL,2020-07-16 22:00:00,0.0,0.0,0.0,0.0,0.0,0.0,0.0
215_CT_4,THERMAL,2020-07-16 22:00:00,0.0,0.0,0.0,0.0,0.0,0.0,0.0
215_CT_5,THERMAL,2020-07-16 22:00:00,0.0,0.0,0.0,0.0,0.0,0.0,0.0
216_STEAM_1,THERMAL,2020-07-16 22:00:00,0.0,0.0,0.0,0.0,0.0,0.0,0.0
218_CC_1,THERMAL,2020-07-16 22:00:00,0.0,0.0,0.0,0.0,0.0,0.0,0.0
221_CC_1,THERMAL,2020-07-16 22:00:00,0.0,0.0,0.0,0.0,0.0,0.0,0.0
223_CT_4,THERMAL,2020-07-16 22:00:00,0.0,0.0,0.0,0.0,0.0,0.0,0.0
223_CT_5,THERMAL,2020-07-16 22:00:00,0.0,0.0,0.0,0.0,0.0,0.0,0.0
223_CT_6,THERMAL,2020-07-16 22:00:00,0.0,0.0,0.0,0.0,0.0,0.0,0.0
223_STEAM_1,THERMAL,2020-07-16 22:00:00,0.0,0.0,0.0,0.0,0.0,0.0,0.0
223_STEAM_2,THERMAL,2020-07-16 22:00:00,0.0,0.0,0.0,0.0,0.0,0.0,0.0
223_STEAM_3,THERMAL,2020-07-16 22:00:00,0.0,0.0,0.0,0.0,0.0,0.0,0.0
301_CT_1,THERMAL,2020-07-16 22:00:00,0.0,0.0,0.0,0.0,0.0,0.0,0.0
301_CT_2,THERMAL,2020-07-16 22:00:00,0.0,0.0,0.0,0.0,0.0,0.0,0.0
301_CT_3,THERMAL,2020-07-16 22:00:00,0.0,0.0,0.0,0.0,0.0,0.0,0.0
301_CT_4,THERMAL,2020-07-16 22:00:00,0.0,0.0,0.0,0.0,0.0,0.0,0.0
302_CT_1,THERMAL,2020-07-16 22:00:00,0.0,0.0,0.0,0.0,0.0,0.0,0.0
302_CT_2,THERMAL,2020-07-16 22:00:00,0.0,0.0,0.0,0.0,0.0,0.0,0.0
302_CT_3,THERMAL,2020-07-16 22:00:00,0.0,0.0,0.0,0.0,0.0,0.0,0.0
302_CT_4,THERMAL,2020-07-16 22:00:00,0.0,0.0,0.0,0.0,0.0,0.0,0.0
303_WIND_1,WIND,2020-07-16 22:00:00,0.0,0.0,0.0,0.0,0.0,0.0,0.0
307_CT_1,THERMAL,2020-07-16 22:00:00,0.0,0.0,0.0,0.0,0.0,0.0,0.0
307_CT_2,THERMAL,2020-07-16 22:00:00,0.0,0.0,0.0,0.0,0.0,0.0,0.0
309_WIND_1,WIND,2020-07-16 22:00:00,0.0,0.0,0.0,0.0,0.0,0.0,0.0
313_CC_1,THERMAL,2020-07-16 22:00:00,0.0,0.0,0.0,0.0,0.0,0.0,0.0
315_CT_6,THERMAL,2020-07-16 22:00:00,0.0,0.0,0.0,0.0,0.0,0.0,0.0
315_CT_7,THERMAL,2020-07-16 22:00:00,0.0,0.0,0.0,0.0,0.0,0.0,0.0
315_CT_8,THERMAL,2020-07-16 22:00:00,0.0,0.0,0.0,0.0,0.0,0.0,0.0
315_STEAM_1,THERMAL,2020-07-16 22:00:00,0.0,0.0,0.0,0.0,0.0,0.0,0.0
315_STEAM_2,THERMAL,2020-07-16 22:00:00,0.0,0.0,0.0,0.0,0.0,0.0,0.0
315_STEAM_3,THERMAL,2020-07-16 22:00:00,0.0,0.0,0.0,0.0,0.0,0.0,0.0
315_STEAM_4,THERMAL,2020-07-16 22:00:00,0.0,0.0,0.0,0.0,0.0,0.0,0.0
315_STEAM_5,THERMAL,2020-07-16 22:00:00,0.0,0.0,0.0,0.0,0.0,0.0,0.0
316_STEAM_1,THERMAL,2020-07-16 22:00:00,0.0,0.0,0.0,0.0,0.0,0.0,0.0
317_WIND_1,WIND,2020-07-16 22:00:00,0.0,0.0,0.0,0.0,0.0,0.0,0.0
318_CC_1,THERMAL,2020-07-16 22:00:00,0.0,0.0,0.0,0.0,0.0,0.0,0.0
321_CC_1,THERMAL,2020-07-16 22:00:00,0.0,0.0,0.0,0.0,0.0,0.0,0.0
322_CT_5,THERMAL,2020-07-16 22:00:00,0.0,0.0,0.0,0.0,0.0,0.0,0.0
322_CT_6,THERMAL,2020-07-16 22:00:00,0.0,0.0,0.0,0.0,0.0,0.0,0.0
323_CC_1,THERMAL,2020-07-16 22:00:00,0.0,0.0,0.0,0.0,0.0,0.0,0.0
323_CC_2,THERMAL,2020-07-16 22:00:00,0.0,0.0,0.0,0.0,0.0,0.0,0.0
