line,period,flow_nominal,margin_rho_norm,worst_case_abs_flow,Fmax,loading_nominal_pct,loading_worst_case_pct,binding
A1,2020-07-15 00:00:00,175.0,0.0,175.0,175.0,100.0,100.0,True
A1,2020-07-15 01:00:00,175.0,0.0,175.0,175.0,100.0,100.0,True
A1,2020-07-15 02:00:00,162.68,12.32,175.0,175.0,93.0,100.0,True
A1,2020-07-15 03:00:00,161.34,13.66,175.0,175.0,92.2,100.0,True
A1,2020-07-15 04:00:00,175.0,0.0,175.0,175.0,100.0,100.0,True
A1,2020-07-15 05:00:00,163.64,0.0,163.64,175.0,93.5,93.5,False
A1,2020-07-15 06:00:00,43.33,0.0,43.33,175.0,24.8,24.8,False
A1,2020-07-15 07:00:00,-86.72,254.71,341.42,175.0,49.6,195.1,True
A1,2020-07-15 08:00:00,71.56,97.24,168.8,175.0,40.9,96.5,False
A1,2020-07-15 09:00:00,121.8,49.4,171.19,175.0,69.6,97.8,False
A1,2020-07-15 10:00:00,131.15,42.44,173.59,175.0,74.9,99.2,False
A1,2020-07-15 11:00:00,128.45,46.55,175.0,175.0,73.4,100.0,True
A1,2020-07-15 12:00:00,145.44,29.56,175.0,175.0,83.1,100.0,True
A1,2020-07-15 13:00:00,137.31,37.69,175.0,175.0,78.5,100.0,True
A1,2020-07-15 14:00:00,143.61,31.39,175.0,175.0,82.1,100.0,True
A1,2020-07-15 15:00:00,119.81,36.31,156.12,175.0,68.5,89.2,False
A1,2020-07-15 16:00:00,119.6,55.4,175.0,175.0,68.3,100.0,True
A1,2020-07-15 17:00:00,96.02,78.98,175.0,175.0,54.9,100.0,True
A1,2020-07-15 18:00:00,90.12,84.88,175.0,175.0,51.5,100.0,True
A1,2020-07-15 19:00:00,175.0,0.0,175.0,175.0,100.0,100.0,True
A1,2020-07-15 20:00:00,173.7,1.3,175.0,175.0,99.3,100.0,True
A1,2020-07-15 21:00:00,171.31,3.69,175.0,175.0,97.9,100.0,True
A1,2020-07-15 22:00:00,169.01,5.99,175.0,175.0,96.6,100.0,True
A1,2020-07-15 23:00:00,167.04,0.0,167.04,175.0,95.5,95.5,False
A1,2020-07-16 00:00:00,175.0,0.0,175.0,175.0,100.0,100.0,True
A1,2020-07-16 02:00:00,175.0,0.0,175.0,175.0,100.0,100.0,True
A1,2020-07-16 04:00:00,168.26,0.0,168.26,175.0,96.1,96.1,False
A1,2020-07-16 06:00:00,159.79,0.0,159.79,175.0,91.3,91.3,False
A1,2020-07-16 08:00:00,167.87,0.0,167.87,175.0,95.9,95.9,False
A1,2020-07-16 10:00:00,175.0,0.0,175.0,175.0,100.0,100.0,True
A1,2020-07-16 12:00:00,175.0,0.0,175.0,175.0,100.0,100.0,True
A1,2020-07-16 14:00:00,175.0,0.0,175.0,175.0,100.0,100.0,True
A1,2020-07-16 16:00:00,175.0,0.0,175.0,175.0,100.0,100.0,True
A1,2020-07-16 18:00:00,175.0,0.0,175.0,175.0,100.0,100.0,True
A1,2020-07-16 20:00:00,170.31,0.0,170.31,175.0,97.3,97.3,False
A1,2020-07-16 22:00:00,139.64,0.0,139.64,175.0,79.8,79.8,False
A2,2020-07-15 00:00:00,85.8,0.0,85.8,175.0,49.0,49.0,False
A2,2020-07-15 01:00:00,88.91,0.0,88.91,175.0,50.8,50.8,False
A2,2020-07-15 02:00:00,101.29,0.0,101.29,175.0,57.9,57.9,False
A2,2020-07-15 03:00:00,100.81,0.0,100.81,175.0,57.6,57.6,False
A2,2020-07-15 04:00:00,96.81,0.0,96.81,175.0,55.3,55.3,False
A2,2020-07-15 05:00:00,88.21,0.0,88.21,175.0,50.4,50.4,False
A2,2020-07-15 06:00:00,6.0,0.0,6.0,175.0,3.4,3.4,False
A2,2020-07-15 07:00:00,-42.17,0.0,42.17,175.0,24.1,24.1,False
A2,2020-07-15 08:00:00,51.9,0.0,51.9,175.0,29.7,29.7,False
A2,2020-07-15 09:00:00,68.56,0.0,68.56,175.0,39.2,39.2,False
A2,2020-07-15 10:00:00,68.79,0.0,68.79,175.0,39.3,39.3,False
A2,2020-07-15 11:00:00,67.96,0.0,67.96,175.0,38.8,38.8,False
A2,2020-07-15 12:00:00,73.62,0.0,73.62,175.0,42.1,42.1,False
A2,2020-07-15 13:00:00,62.53,0.0,62.53,175.0,35.7,35.7,False
A2,2020-07-15 14:00:00,63.98,0.0,63.98,175.0,36.6,36.6,False
A2,2020-07-15 15:00:00,63.85,0.0,63.85,175.0,36.5,36.5,False
A2,2020-07-15 16:00:00,41.83,0.0,41.83,175.0,23.9,23.9,False
A2,2020-07-15 17:00:00,29.38,0.0,29.38,175.0,16.8,16.8,False
A2,2020-07-15 18:00:00,29.8,0.0,29.8,175.0,17.0,17.0,False
A2,2020-07-15 19:00:00,95.68,0.0,95.68,175.0,54.7,54.7,False
A2,2020-07-15 20:00:00,97.8,0.0,97.8,175.0,55.9,55.9,False
A2,2020-07-15 21:00:00,93.06,0.0,93.06,175.0,53.2,53.2,False
A2,2020-07-15 22:00:00,105.13,0.0,105.13,175.0,60.1,60.1,False
A2,2020-07-15 23:00:00,83.56,0.0,83.56,175.0,47.8,47.8,False
A2,2020-07-16 00:00:00,88.88,0.0,88.88,175.0,50.8,50.8,False
A2,2020-07-16 02:00:00,63.32,0.0,63.32,175.0,36.2,36.2,False
A2,2020-07-16 04:00:00,97.4,0.0,97.4,175.0,55.7,55.7,False
A2,2020-07-16 06:00:00,99.02,0.0,99.02,175.0,56.6,56.6,False
A2,2020-07-16 08:00:00,92.95,0.0,92.95,175.0,53.1,53.1,False
A2,2020-07-16 10:00:00,101.23,0.0,101.23,175.0,57.8,57.8,False
A2,2020-07-16 12:00:00,88.1,0.0,88.1,175.0,50.3,50.3,False
A2,2020-07-16 14:00:00,79.01,0.0,79.01,175.0,45.2,45.2,False
A2,2020-07-16 16:00:00,81.6,0.0,81.6,175.0,46.6,46.6,False
A2,2020-07-16 18:00:00,85.56,0.0,85.56,175.0,48.9,48.9,False
A2,2020-07-16 20:00:00,87.37,0.0,87.37,175.0,49.9,49.9,False
A2,2020-07-16 22:00:00,66.51,0.0,66.51,175.0,38.0,38.0,False
A3,2020-07-15 00:00:00,163.43,0.0,163.43,175.0,93.4,93.4,False
A3,2020-07-15 01:00:00,165.12,0.0,165.12,175.0,94.4,94.4,False
A3,2020-07-15 02:00:00,174.02,0.98,175.0,175.0,99.4,100.0,True
A3,2020-07-15 03:00:00,172.45,2.55,175.0,175.0,98.5,100.0,True
A3,2020-07-15 04:00:00,164.26,0.0,164.26,175.0,93.9,93.9,False
A3,2020-07-15 05:00:00,153.91,0.0,153.91,175.0,88.0,88.0,False
A3,2020-07-15 06:00:00,67.21,107.79,175.0,175.0,38.4,100.0,True
A3,2020-07-15 07:00:00,-0.77,175.77,176.53,175.0,0.4,100.9,True
A3,2020-07-15 08:00:00,108.43,66.57,175.0,175.0,62.0,100.0,True
A3,2020-07-15 09:00:00,138.99,36.01,175.0,175.0,79.4,100.0,True
A3,2020-07-15 10:00:00,143.32,31.68,175.0,175.0,81.9,100.0,True
A3,2020-07-15 11:00:00,137.79,35.47,173.26,175.0,78.7,99.0,False
A3,2020-07-15 12:00:00,147.03,24.06,171.08,175.0,84.0,97.8,False
A3,2020-07-15 13:00:00,142.43,27.7,170.13,175.0,81.4,97.2,False
A3,2020-07-15 14:00:00,143.79,25.66,169.45,175.0,82.2,96.8,False
A3,2020-07-15 15:00:00,148.88,26.12,175.0,175.0,85.1,100.0,True
A3,2020-07-15 16:00:00,125.04,44.72,169.76,175.0,71.5,97.0,False
A3,2020-07-15 17:00:00,109.86,61.47,171.33,175.0,62.8,97.9,False
A3,2020-07-15 18:00:00,106.59,66.23,172.82,175.0,60.9,98.8,False
A3,2020-07-15 19:00:00,174.19,0.69,174.88,175.0,99.5,99.9,True
A3,2020-07-15 20:00:00,174.78,0.22,175.0,175.0,99.9,100.0,True
A3,2020-07-15 21:00:00,175.0,0.0,175.0,175.0,100.0,100.0,True
A3,2020-07-15 22:00:00,175.0,0.0,175.0,175.0,100.0,100.0,True
A3,2020-07-15 23:00:00,152.76,22.24,175.0,175.0,87.3,100.0,True
A3,2020-07-16 00:00:00,167.54,0.0,167.54,175.0,95.7,95.7,False
A3,2020-07-16 02:00:00,134.15,0.0,134.15,175.0,76.7,76.7,False
A3,2020-07-16 04:00:00,175.0,0.0,175.0,175.0,100.0,100.0,True
A3,2020-07-16 06:00:00,175.0,0.0,175.0,175.0,100.0,100.0,True
A3,2020-07-16 08:00:00,175.0,0.0,175.0,175.0,100.0,100.0,True
A3,2020-07-16 10:00:00,172.1,0.0,172.1,175.0,98.3,98.3,False
A3,2020-07-16 12:00:00,168.34,0.0,168.34,175.0,96.2,96.2,False
A3,2020-07-16 14:00:00,166.85,0.0,166.85,175.0,95.3,95.3,False
A3,2020-07-16 16:00:00,168.38,0.0,168.38,175.0,96.2,96.2,False
A3,2020-07-16 18:00:00,172.63,0.0,172.63,175.0,98.6,98.6,False
A3,2020-07-16 20:00:00,175.0,0.0,175.0,175.0,100.0,100.0,True
A3,2020-07-16 22:00:00,162.73,0.0,162.73,175.0,93.0,93.0,False
A4,2020-07-15 00:00:00,116.84,0.0,116.84,175.0,66.8,66.8,False
A4,2020-07-15 01:00:00,118.68,0.0,118.68,175.0,67.8,67.8,False
A4,2020-07-15 02:00:00,127.9,0.0,127.9,175.0,73.1,73.1,False
A4,2020-07-15 03:00:00,126.8,0.0,126.8,175.0,72.5,72.5,False
A4,2020-07-15 04:00:00,119.52,0.0,119.52,175.0,68.3,68.3,False
A4,2020-07-15 05:00:00,111.31,0.0,111.31,175.0,63.6,63.6,False
A4,2020-07-15 06:00:00,43.12,0.0,43.12,175.0,24.6,24.6,False
A4,2020-07-15 07:00:00,-5.4,0.0,5.4,175.0,3.1,3.1,False
A4,2020-07-15 08:00:00,78.03,0.0,78.03,175.0,44.6,44.6,False
A4,2020-07-15 09:00:00,99.13,0.0,99.13,175.0,56.6,56.6,False
A4,2020-07-15 10:00:00,101.46,0.0,101.46,175.0,58.0,58.0,False
A4,2020-07-15 11:00:00,97.46,0.0,97.46,175.0,55.7,55.7,False
A4,2020-07-15 12:00:00,103.74,0.0,103.74,175.0,59.3,59.3,False
A4,2020-07-15 13:00:00,98.9,0.0,98.9,175.0,56.5,56.5,False
A4,2020-07-15 14:00:00,99.67,0.0,99.67,175.0,57.0,57.0,False
A4,2020-07-15 15:00:00,104.57,0.0,104.57,175.0,59.8,59.8,False
A4,2020-07-15 16:00:00,84.04,0.0,84.04,175.0,48.0,48.0,False
A4,2020-07-15 17:00:00,72.74,0.0,72.74,175.0,41.6,41.6,False
A4,2020-07-15 18:00:00,71.03,0.0,71.03,175.0,40.6,40.6,False
A4,2020-07-15 19:00:00,125.04,0.0,125.04,175.0,71.4,71.4,False
A4,2020-07-15 20:00:00,126.06,0.0,126.06,175.0,72.0,72.0,False
A4,2020-07-15 21:00:00,125.76,0.0,125.76,175.0,71.9,71.9,False
A4,2020-07-15 22:00:00,128.31,0.0,128.31,175.0,73.3,73.3,False
A4,2020-07-15 23:00:00,109.23,0.0,109.23,175.0,62.4,62.4,False
A4,2020-07-16 00:00:00,120.18,0.0,120.18,175.0,68.7,68.7,False
A4,2020-07-16 02:00:00,92.42,0.0,92.42,175.0,52.8,52.8,False
A4,2020-07-16 04:00:00,127.35,0.0,127.35,175.0,72.8,72.8,False
A4,2020-07-16 06:00:00,127.8,0.0,127.8,175.0,73.0,73.0,False
A4,2020-07-16 08:00:00,125.85,0.0,125.85,175.0,71.9,71.9,False
A4,2020-07-16 10:00:00,124.51,0.0,124.51,175.0,71.2,71.2,False
A4,2020-07-16 12:00:00,119.23,0.0,119.23,175.0,68.1,68.1,False
A4,2020-07-16 14:00:00,116.42,0.0,116.42,175.0,66.5,66.5,False
A4,2020-07-16 16:00:00,118.05,0.0,118.05,175.0,67.5,67.5,False
A4,2020-07-16 18:00:00,121.97,0.0,121.97,175.0,69.7,69.7,False
A4,2020-07-16 20:00:00,124.55,0.0,124.55,175.0,71.2,71.2,False
A4,2020-07-16 22:00:00,114.54,0.0,114.54,175.0,65.5,65.5,False
A5,2020-07-15 00:00:00,105.83,0.0,105.83,175.0,60.5,60.5,False
A5,2020-07-15 01:00:00,106.74,0.0,106.74,175.0,61.0,61.0,False
A5,2020-07-15 02:00:00,113.4,0.0,113.4,175.0,64.8,64.8,False
A5,2020-07-15 03:00:00,112.41,0.0,112.41,175.0,64.2,64.2,False
A5,2020-07-15 04:00:00,106.12,0.0,106.12,175.0,60.6,60.6,False
A5,2020-07-15 05:00:00,100.0,0.0,100.0,175.0,57.1,57.1,False
A5,2020-07-15 06:00:00,48.11,0.0,48.11,175.0,27.5,27.5,False
A5,2020-07-15 07:00:00,9.7,0.0,9.7,175.0,5.5,5.5,False
A5,2020-07-15 08:00:00,75.43,0.0,75.43,175.0,43.1,43.1,False
A5,2020-07-15 09:00:00,93.82,0.0,93.82,175.0,53.6,53.6,False
A5,2020-07-15 10:00:00,96.6,0.0,96.6,175.0,55.2,55.2,False
A5,2020-07-15 11:00:00,93.33,0.0,93.33,175.0,53.3,53.3,False
A5,2020-07-15 12:00:00,98.99,0.0,98.99,175.0,56.6,56.6,False
A5,2020-07-15 13:00:00,96.59,0.0,96.59,175.0,55.2,55.2,False
A5,2020-07-15 14:00:00,97.31,0.0,97.31,175.0,55.6,55.6,False
A5,2020-07-15 15:00:00,102.22,0.0,102.22,175.0,58.4,58.4,False
A5,2020-07-15 16:00:00,85.91,0.0,85.91,175.0,49.1,49.1,False
A5,2020-07-15 17:00:00,76.68,0.0,76.68,175.0,43.8,43.8,False
A5,2020-07-15 18:00:00,74.49,0.0,74.49,175.0,42.6,42.6,False
A5,2020-07-15 19:00:00,115.49,0.0,115.49,175.0,66.0,66.0,False
A5,2020-07-15 20:00:00,115.62,0.0,115.62,175.0,66.1,66.1,False
A5,2020-07-15 21:00:00,115.35,0.0,115.35,175.0,65.9,65.9,False
A5,2020-07-15 22:00:00,114.96,0.0,114.96,175.0,65.7,65.7,False
A5,2020-07-15 23:00:00,99.53,0.0,99.53,175.0,56.9,56.9,False
A5,2020-07-16 00:00:00,108.8,0.0,108.8,175.0,62.2,62.2,False
A5,2020-07-16 02:00:00,85.82,0.0,85.82,175.0,49.0,49.0,False
A5,2020-07-16 04:00:00,114.17,0.0,114.17,175.0,65.2,65.2,False
A5,2020-07-16 06:00:00,115.41,0.0,115.41,175.0,66.0,66.0,False
A5,2020-07-16 08:00:00,115.77,0.0,115.77,175.0,66.2,66.2,False
A5,2020-07-16 10:00:00,114.2,0.0,114.2,175.0,65.3,65.3,False
A5,2020-07-16 12:00:00,112.27,0.0,112.27,175.0,64.2,64.2,False
A5,2020-07-16 14:00:00,111.57,0.0,111.57,175.0,63.8,63.8,False
A5,2020-07-16 16:00:00,112.41,0.0,112.41,175.0,64.2,64.2,False
A5,2020-07-16 18:00:00,114.76,0.0,114.76,175.0,65.6,65.6,False
A5,2020-07-16 20:00:00,115.94,0.0,115.94,175.0,66.3,66.3,False
A5,2020-07-16 22:00:00,108.32,0.0,108.32,175.0,61.9,61.9,False
A6,2020-07-15 00:00:00,55.15,0.0,55.15,175.0,31.5,31.5,False
A6,2020-07-15 01:00:00,55.05,0.0,55.05,175.0,31.5,31.5,False
A6,2020-07-15 02:00:00,50.23,0.0,50.23,175.0,28.7,28.7,False
A6,2020-07-15 03:00:00,48.79,0.0,48.79,175.0,27.9,27.9,False
A6,2020-07-15 04:00:00,42.79,0.0,42.79,175.0,24.5,24.5,False
A6,2020-07-15 05:00:00,38.89,0.0,38.89,175.0,22.2,22.2,False
A6,2020-07-15 06:00:00,39.09,0.0,39.09,175.0,22.3,22.3,False
A6,2020-07-15 07:00:00,13.8,0.0,13.8,175.0,7.9,7.9,False
A6,2020-07-15 08:00:00,20.47,0.0,20.47,175.0,11.7,11.7,False
A6,2020-07-15 09:00:00,33.36,0.0,33.36,175.0,19.1,19.1,False
A6,2020-07-15 10:00:00,35.54,0.0,35.54,175.0,20.3,20.3,False
A6,2020-07-15 11:00:00,26.22,0.0,26.22,175.0,15.0,15.0,False
A6,2020-07-15 12:00:00,27.35,0.0,27.35,175.0,15.6,15.6,False
A6,2020-07-15 13:00:00,34.85,0.0,34.85,175.0,19.9,19.9,False
A6,2020-07-15 14:00:00,33.18,0.0,33.18,175.0,19.0,19.0,False
A6,2020-07-15 15:00:00,39.7,0.0,39.7,175.0,22.7,22.7,False
A6,2020-07-15 16:00:00,40.14,0.0,40.14,175.0,22.9,22.9,False
A6,2020-07-15 17:00:00,39.9,0.0,39.9,175.0,22.8,22.8,False
A6,2020-07-15 18:00:00,37.67,0.0,37.67,175.0,21.5,21.5,False
A6,2020-07-15 19:00:00,34.74,0.0,34.74,175.0,19.8,19.8,False
A6,2020-07-15 20:00:00,35.47,0.0,35.47,175.0,20.3,20.3,False
A6,2020-07-15 21:00:00,47.59,0.0,47.59,175.0,27.2,27.2,False
A6,2020-07-15 22:00:00,34.81,0.0,34.81,175.0,19.9,19.9,False
A6,2020-07-15 23:00:00,39.52,0.0,39.52,175.0,22.6,22.6,False
A6,2020-07-16 00:00:00,54.79,0.0,54.79,175.0,31.3,31.3,False
A6,2020-07-16 02:00:00,48.81,0.0,48.81,175.0,27.9,27.9,False
A6,2020-07-16 04:00:00,53.39,0.0,53.39,175.0,30.5,30.5,False
A6,2020-07-16 06:00:00,44.35,0.0,44.35,175.0,25.3,25.3,False
A6,2020-07-16 08:00:00,45.81,0.0,45.81,175.0,26.2,26.2,False
A6,2020-07-16 10:00:00,22.67,0.0,22.67,175.0,13.0,13.0,False
A6,2020-07-16 12:00:00,30.94,0.0,30.94,175.0,17.7,17.7,False
A6,2020-07-16 14:00:00,39.26,0.0,39.26,175.0,22.4,22.4,False
A6,2020-07-16 16:00:00,39.48,0.0,39.48,175.0,22.6,22.6,False
A6,2020-07-16 18:00:00,44.23,0.0,44.23,175.0,25.3,25.3,False
A6,2020-07-16 20:00:00,51.12,0.0,51.12,175.0,29.2,29.2,False
A6,2020-07-16 22:00:00,73.94,0.0,73.94,175.0,42.3,42.3,False
A7,2020-07-15 00:00:00,-72.62,0.0,72.62,400.0,18.2,18.2,False
A7,2020-07-15 01:00:00,-64.24,0.0,64.24,400.0,16.1,16.1,False
A7,2020-07-15 02:00:00,-44.94,0.0,44.94,400.0,11.2,11.2,False
A7,2020-07-15 03:00:00,-44.04,0.0,44.04,400.0,11.0,11.0,False
A7,2020-07-15 04:00:00,-43.6,0.0,43.6,400.0,10.9,10.9,False
A7,2020-07-15 05:00:00,-54.17,0.0,54.17,400.0,13.5,13.5,False
A7,2020-07-15 06:00:00,-139.54,0.0,139.54,400.0,34.9,34.9,False
A7,2020-07-15 07:00:00,-170.64,0.0,170.64,400.0,42.7,42.7,False
A7,2020-07-15 08:00:00,-95.92,0.0,95.92,400.0,24.0,24.0,False
A7,2020-07-15 09:00:00,-102.61,0.0,102.61,400.0,25.7,25.7,False
A7,2020-07-15 10:00:00,-112.74,0.0,112.74,400.0,28.2,28.2,False
A7,2020-07-15 11:00:00,-111.92,0.0,111.92,400.0,28.0,28.0,False
A7,2020-07-15 12:00:00,-115.25,0.0,115.25,400.0,28.8,28.8,False
A7,2020-07-15 13:00:00,-139.33,0.0,139.33,400.0,34.8,34.8,False
A7,2020-07-15 14:00:00,-139.7,0.0,139.7,400.0,34.9,34.9,False
A7,2020-07-15 15:00:00,-147.96,0.0,147.96,400.0,37.0,37.0,False
A7,2020-07-15 16:00:00,-167.79,0.0,167.79,400.0,41.9,41.9,False
A7,2020-07-15 17:00:00,-174.3,0.0,174.3,400.0,43.6,43.6,False
A7,2020-07-15 18:00:00,-164.78,0.0,164.78,400.0,41.2,41.2,False
A7,2020-07-15 19:00:00,-94.31,0.0,94.31,400.0,23.6,23.6,False
A7,2020-07-15 20:00:00,-85.46,0.0,85.46,400.0,21.4,21.4,False
A7,2020-07-15 21:00:00,-89.73,0.0,89.73,400.0,22.4,22.4,False
A7,2020-07-15 22:00:00,-53.75,0.0,53.75,400.0,13.4,13.4,False
A7,2020-07-15 23:00:00,-70.52,0.0,70.52,400.0,17.6,17.6,False
A7,2020-07-16 00:00:00,-72.94,0.0,72.94,400.0,18.2,18.2,False
A7,2020-07-16 02:00:00,-86.45,0.0,86.45,400.0,21.6,21.6,False
A7,2020-07-16 04:00:00,-61.25,0.0,61.25,400.0,15.3,15.3,False
A7,2020-07-16 06:00:00,-67.5,0.0,67.5,400.0,16.9,16.9,False
A7,2020-07-16 08:00:00,-92.96,0.0,92.96,400.0,23.2,23.2,False
A7,2020-07-16 10:00:00,-80.01,0.0,80.01,400.0,20.0,20.0,False
A7,2020-07-16 12:00:00,-114.99,0.0,114.99,400.0,28.7,28.7,False
A7,2020-07-16 14:00:00,-139.05,0.0,139.05,400.0,34.8,34.8,False
A7,2020-07-16 16:00:00,-132.06,0.0,132.06,400.0,33.0,33.0,False
A7,2020-07-16 18:00:00,-121.11,0.0,121.11,400.0,30.3,30.3,False
A7,2020-07-16 20:00:00,-110.52,0.0,110.52,400.0,27.6,27.6,False
A7,2020-07-16 22:00:00,-130.73,0.0,130.73,400.0,32.7,32.7,False
A8,2020-07-15 00:00:00,70.96,0.0,70.96,175.0,40.5,40.5,False
A8,2020-07-15 01:00:00,74.89,0.0,74.89,175.0,42.8,42.8,False
A8,2020-07-15 02:00:00,84.9,0.0,84.9,175.0,48.5,48.5,False
A8,2020-07-15 03:00:00,83.8,0.0,83.8,175.0,47.9,47.9,False
A8,2020-07-15 04:00:00,75.87,0.0,75.87,175.0,43.4,43.4,False
A8,2020-07-15 05:00:00,65.49,0.0,65.49,175.0,37.4,37.4,False
A8,2020-07-15 06:00:00,-1.58,0.0,1.58,175.0,0.9,0.9,False
A8,2020-07-15 07:00:00,-51.5,0.0,51.5,175.0,29.4,29.4,False
A8,2020-07-15 08:00:00,23.8,0.0,23.8,175.0,13.6,13.6,False
A8,2020-07-15 09:00:00,39.81,0.0,39.81,175.0,22.8,22.8,False
A8,2020-07-15 10:00:00,38.68,0.0,38.68,175.0,22.1,22.1,False
A8,2020-07-15 11:00:00,31.58,0.0,31.58,175.0,18.0,18.0,False
A8,2020-07-15 12:00:00,34.39,0.0,34.39,175.0,19.6,19.6,False
A8,2020-07-15 13:00:00,27.48,0.0,27.48,175.0,15.7,15.7,False
A8,2020-07-15 14:00:00,26.74,0.0,26.74,175.0,15.3,15.3,False
A8,2020-07-15 15:00:00,31.13,0.0,31.13,175.0,17.8,17.8,False
A8,2020-07-15 16:00:00,12.06,0.0,12.06,175.0,6.9,6.9,False
A8,2020-07-15 17:00:00,3.5,0.0,3.5,175.0,2.0,2.0,False
A8,2020-07-15 18:00:00,4.69,0.0,4.69,175.0,2.7,2.7,False
A8,2020-07-15 19:00:00,57.62,0.0,57.62,175.0,32.9,32.9,False
A8,2020-07-15 20:00:00,61.7,0.0,61.7,175.0,35.3,35.3,False
A8,2020-07-15 21:00:00,66.63,0.0,66.63,175.0,38.1,38.1,False
A8,2020-07-15 22:00:00,73.68,0.0,73.68,175.0,42.1,42.1,False
A8,2020-07-15 23:00:00,58.88,0.0,58.88,175.0,33.6,33.6,False
A8,2020-07-16 00:00:00,72.7,0.0,72.7,175.0,41.5,41.5,False
A8,2020-07-16 02:00:00,47.9,0.0,47.9,175.0,27.4,27.4,False
A8,2020-07-16 04:00:00,80.53,0.0,80.53,175.0,46.0,46.0,False
A8,2020-07-16 06:00:00,74.07,0.0,74.07,175.0,42.3,42.3,False
A8,2020-07-16 08:00:00,64.73,0.0,64.73,175.0,37.0,37.0,False
A8,2020-07-16 10:00:00,55.7,0.0,55.7,175.0,31.8,31.8,False
A8,2020-07-16 12:00:00,44.98,0.0,44.98,175.0,25.7,25.7,False
A8,2020-07-16 14:00:00,39.52,0.0,39.52,175.0,22.6,22.6,False
A8,2020-07-16 16:00:00,43.01,0.0,43.01,175.0,24.6,24.6,False
A8,2020-07-16 18:00:00,51.69,0.0,51.69,175.0,29.5,29.5,False
A8,2020-07-16 20:00:00,60.73,0.0,60.73,175.0,34.7,34.7,False
A8,2020-07-16 22:00:00,60.88,0.0,60.88,175.0,34.8,34.8,False
A9,2020-07-15 00:00:00,119.18,0.0,119.18,175.0,68.1,68.1,False
A9,2020-07-15 01:00:00,122.86,0.0,122.86,175.0,70.2,70.2,False
A9,2020-07-15 02:00:00,132.52,0.0,132.52,175.0,75.7,75.7,False
A9,2020-07-15 03:00:00,130.95,0.0,130.95,175.0,74.8,74.8,False
A9,2020-07-15 04:00:00,122.13,0.0,122.13,175.0,69.8,69.8,False
A9,2020-07-15 05:00:00,109.73,0.0,109.73,175.0,62.7,62.7,False
A9,2020-07-15 06:00:00,24.26,0.0,24.26,175.0,13.9,13.9,False
A9,2020-07-15 07:00:00,-44.92,0.0,44.92,175.0,25.7,25.7,False
A9,2020-07-15 08:00:00,56.28,0.0,56.28,175.0,32.2,32.2,False
A9,2020-07-15 09:00:00,81.9,0.0,81.9,175.0,46.8,46.8,False
A9,2020-07-15 10:00:00,82.89,0.0,82.89,175.0,47.4,47.4,False
A9,2020-07-15 11:00:00,74.4,0.0,74.4,175.0,42.5,42.5,False
A9,2020-07-15 12:00:00,80.28,0.0,80.28,175.0,45.9,45.9,False
A9,2020-07-15 13:00:00,73.71,0.0,73.71,175.0,42.1,42.1,False
A9,2020-07-15 14:00:00,73.62,0.0,73.62,175.0,42.1,42.1,False
A9,2020-07-15 15:00:00,78.24,0.0,78.24,175.0,44.7,44.7,False
A9,2020-07-15 16:00:00,55.82,0.0,55.82,175.0,31.9,31.9,False
A9,2020-07-15 17:00:00,43.3,0.0,43.3,175.0,24.7,24.7,False
A9,2020-07-15 18:00:00,42.82,0.0,42.82,175.0,24.5,24.5,False
A9,2020-07-15 19:00:00,109.26,0.0,109.26,175.0,62.4,62.4,False
A9,2020-07-15 20:00:00,112.78,0.0,112.78,175.0,64.4,64.4,False
A9,2020-07-15 21:00:00,118.02,0.0,118.02,175.0,67.4,67.4,False
A9,2020-07-15 22:00:00,122.33,0.0,122.33,175.0,69.9,69.9,False
A9,2020-07-15 23:00:00,104.22,0.0,104.22,175.0,59.6,59.6,False
A9,2020-07-16 00:00:00,121.75,0.0,121.75,175.0,69.6,69.6,False
A9,2020-07-16 02:00:00,91.24,0.0,91.24,175.0,52.1,52.1,False
A9,2020-07-16 04:00:00,129.83,0.0,129.83,175.0,74.2,74.2,False
A9,2020-07-16 06:00:00,123.21,0.0,123.21,175.0,70.4,70.4,False
A9,2020-07-16 08:00:00,116.12,0.0,116.12,175.0,66.4,66.4,False
A9,2020-07-16 10:00:00,105.84,0.0,105.84,175.0,60.5,60.5,False
A9,2020-07-16 12:00:00,96.86,0.0,96.86,175.0,55.3,55.3,False
A9,2020-07-16 14:00:00,92.84,0.0,92.84,175.0,53.0,53.0,False
A9,2020-07-16 16:00:00,96.16,0.0,96.16,175.0,54.9,54.9,False
A9,2020-07-16 18:00:00,104.97,0.0,104.97,175.0,60.0,60.0,False
A9,2020-07-16 20:00:00,113.52,0.0,113.52,175.0,64.9,64.9,False
A9,2020-07-16 22:00:00,111.04,0.0,111.04,175.0,63.4,63.4,False
A10,2020-07-15 00:00:00,26.39,0.0,26.39,175.0,15.1,15.1,False
A10,2020-07-15 01:00:00,31.18,0.0,31.18,175.0,17.8,17.8,False
A10,2020-07-15 02:00:00,39.4,0.0,39.4,175.0,22.5,22.5,False
A10,2020-07-15 03:00:00,38.37,0.0,38.37,175.0,21.9,21.9,False
A10,2020-07-15 04:00:00,30.9,0.0,30.9,175.0,17.7,17.7,False
A10,2020-07-15 05:00:00,20.45,0.0,20.45,175.0,11.7,11.7,False
A10,2020-07-15 06:00:00,-32.71,0.0,32.71,175.0,18.7,18.7,False
A10,2020-07-15 07:00:00,-76.51,0.0,76.51,175.0,43.7,43.7,False
A10,2020-07-15 08:00:00,-21.57,0.0,21.57,175.0,12.3,12.3,False
A10,2020-07-15 09:00:00,-11.42,0.0,11.42,175.0,6.5,6.5,False
A10,2020-07-15 10:00:00,-14.85,0.0,14.85,175.0,8.5,8.5,False
A10,2020-07-15 11:00:00,-23.9,0.0,23.9,175.0,13.7,13.7,False
A10,2020-07-15 12:00:00,-24.28,0.0,24.28,175.0,13.9,13.9,False
A10,2020-07-15 13:00:00,-30.74,0.0,30.74,175.0,17.6,17.6,False
A10,2020-07-15 14:00:00,-32.68,0.0,32.68,175.0,18.7,18.7,False
A10,2020-07-15 15:00:00,-28.93,0.0,28.93,175.0,16.5,16.5,False
A10,2020-07-15 16:00:00,-43.1,0.0,43.1,175.0,24.6,24.6,False
A10,2020-07-15 17:00:00,-47.85,0.0,47.85,175.0,27.3,27.3,False
A10,2020-07-15 18:00:00,-44.83,0.0,44.83,175.0,25.6,25.6,False
A10,2020-07-15 19:00:00,-3.31,0.0,3.31,175.0,1.9,1.9,False
A10,2020-07-15 20:00:00,2.46,0.0,2.46,175.0,1.4,1.4,False
A10,2020-07-15 21:00:00,11.72,0.0,11.72,175.0,6.7,6.7,False
A10,2020-07-15 22:00:00,19.71,0.0,19.71,175.0,11.3,11.3,False
A10,2020-07-15 23:00:00,11.62,0.0,11.62,175.0,6.6,6.6,False
A10,2020-07-16 00:00:00,26.49,0.0,26.49,175.0,15.1,15.1,False
A10,2020-07-16 02:00:00,8.28,0.0,8.28,175.0,4.7,4.7,False
A10,2020-07-16 04:00:00,33.17,0.0,33.17,175.0,19.0,19.0,False
A10,2020-07-16 06:00:00,21.65,0.0,21.65,175.0,12.4,12.4,False
A10,2020-07-16 08:00:00,8.46,0.0,8.46,175.0,4.8,4.8,False
A10,2020-07-16 10:00:00,-7.11,0.0,7.11,175.0,4.1,4.1,False
A10,2020-07-16 12:00:00,-19.24,0.0,19.24,175.0,11.0,11.0,False
A10,2020-07-16 14:00:00,-24.92,0.0,24.92,175.0,14.2,14.2,False
A10,2020-07-16 16:00:00,-20.62,0.0,20.62,175.0,11.8,11.8,False
A10,2020-07-16 18:00:00,-9.41,0.0,9.41,175.0,5.4,5.4,False
A10,2020-07-16 20:00:00,3.61,0.0,3.61,175.0,2.1,2.1,False
A10,2020-07-16 22:00:00,13.93,0.0,13.93,175.0,8.0,8.0,False
A11,2020-07-15 00:00:00,15.91,0.0,15.91,175.0,9.1,9.1,False
A11,2020-07-15 01:00:00,18.09,0.0,18.09,175.0,10.3,10.3,False
A11,2020-07-15 02:00:00,20.72,0.0,20.72,175.0,11.8,11.8,False
A11,2020-07-15 03:00:00,23.15,0.0,23.15,175.0,13.2,13.2,False
A11,2020-07-15 04:00:00,26.43,0.0,26.43,175.0,15.1,15.1,False
A11,2020-07-15 05:00:00,39.93,0.0,39.93,175.0,22.8,22.8,False
A11,2020-07-15 06:00:00,64.91,0.0,64.91,175.0,37.1,37.1,False
A11,2020-07-15 07:00:00,175.02,0.0,175.02,175.0,100.0,100.0,True
A11,2020-07-15 08:00:00,160.34,0.0,160.34,175.0,91.6,91.6,False
A11,2020-07-15 09:00:00,124.91,0.0,124.91,175.0,71.4,71.4,False
A11,2020-07-15 10:00:00,137.86,0.0,137.86,175.0,78.8,78.8,False
A11,2020-07-15 11:00:00,144.68,0.0,144.68,175.0,82.7,82.7,False
A11,2020-07-15 12:00:00,141.76,32.51,174.26,175.0,81.0,99.6,True
A11,2020-07-15 13:00:00,116.74,58.26,175.0,175.0,66.7,100.0,True
A11,2020-07-15 14:00:00,147.64,0.0,147.64,175.0,84.4,84.4,False
A11,2020-07-15 15:00:00,137.63,0.0,137.63,175.0,78.6,78.6,False
A11,2020-07-15 16:00:00,143.49,0.0,143.49,175.0,82.0,82.0,False
A11,2020-07-15 17:00:00,138.14,0.0,138.14,175.0,78.9,78.9,False
A11,2020-07-15 18:00:00,136.29,0.0,136.29,175.0,77.9,77.9,False
A11,2020-07-15 19:00:00,155.66,0.0,155.66,175.0,88.9,88.9,False
A11,2020-07-15 20:00:00,151.7,0.0,151.7,175.0,86.7,86.7,False
A11,2020-07-15 21:00:00,97.15,0.0,97.15,175.0,55.5,55.5,False
A11,2020-07-15 22:00:00,93.55,0.0,93.55,175.0,53.5,53.5,False
A11,2020-07-15 23:00:00,82.66,0.0,82.66,175.0,47.2,47.2,False
A11,2020-07-16 00:00:00,29.33,0.0,29.33,175.0,16.8,16.8,False
A11,2020-07-16 02:00:00,43.12,0.0,43.12,175.0,24.6,24.6,False
A11,2020-07-16 04:00:00,28.99,0.0,28.99,175.0,16.6,16.6,False
A11,2020-07-16 06:00:00,29.53,0.0,29.53,175.0,16.9,16.9,False
A11,2020-07-16 08:00:00,124.02,0.0,124.02,175.0,70.9,70.9,False
A11,2020-07-16 10:00:00,155.12,0.0,155.12,175.0,88.6,88.6,False
A11,2020-07-16 12:00:00,156.53,0.0,156.53,175.0,89.4,89.4,False
A11,2020-07-16 14:00:00,150.89,0.0,150.89,175.0,86.2,86.2,False
A11,2020-07-16 16:00:00,145.63,0.0,145.63,175.0,83.2,83.2,False
A11,2020-07-16 18:00:00,141.86,0.0,141.86,175.0,81.1,81.1,False
A11,2020-07-16 20:00:00,116.33,0.0,116.33,175.0,66.5,66.5,False
A11,2020-07-16 22:00:00,-71.53,0.0,71.53,175.0,40.9,40.9,False
AB1,2020-07-15 00:00:00,80.6,0.0,80.6,175.0,46.1,46.1,False
AB1,2020-07-15 01:00:00,81.99,0.0,81.99,175.0,46.8,46.8,False
AB1,2020-07-15 02:00:00,80.78,0.0,80.78,175.0,46.2,46.2,False
AB1,2020-07-15 03:00:00,78.32,0.0,78.32,175.0,44.8,44.8,False
AB1,2020-07-15 04:00:00,73.95,0.0,73.95,175.0,42.3,42.3,False
AB1,2020-07-15 05:00:00,56.5,0.0,56.5,175.0,32.3,32.3,False
AB1,2020-07-15 06:00:00,30.68,0.0,30.68,175.0,17.5,17.5,False
AB1,2020-07-15 07:00:00,78.32,0.0,78.32,175.0,44.8,44.8,False
AB1,2020-07-15 08:00:00,105.25,0.0,105.25,175.0,60.1,60.1,False
AB1,2020-07-15 09:00:00,80.6,0.0,80.6,175.0,46.1,46.1,False
AB1,2020-07-15 10:00:00,81.89,0.0,81.89,175.0,46.8,46.8,False
AB1,2020-07-15 11:00:00,61.05,0.0,61.05,175.0,34.9,34.9,False
AB1,2020-07-15 12:00:00,50.43,0.0,50.43,175.0,28.8,28.8,False
AB1,2020-07-15 13:00:00,28.36,0.0,28.36,175.0,16.2,16.2,False
AB1,2020-07-15 14:00:00,47.69,0.0,47.69,175.0,27.3,27.3,False
AB1,2020-07-15 15:00:00,39.36,0.0,39.36,175.0,22.5,22.5,False
AB1,2020-07-15 16:00:00,45.85,0.0,45.85,175.0,26.2,26.2,False
AB1,2020-07-15 17:00:00,49.95,0.0,49.95,175.0,28.5,28.5,False
AB1,2020-07-15 18:00:00,43.85,0.0,43.85,175.0,25.1,25.1,False
AB1,2020-07-15 19:00:00,89.66,0.0,89.66,175.0,51.2,51.2,False
AB1,2020-07-15 20:00:00,98.8,0.0,98.8,175.0,56.5,56.5,False
AB1,2020-07-15 21:00:00,94.0,0.0,94.0,175.0,53.7,53.7,False
AB1,2020-07-15 22:00:00,80.91,0.0,80.91,175.0,46.2,46.2,False
AB1,2020-07-15 23:00:00,98.6,0.0,98.6,175.0,56.3,56.3,False
AB1,2020-07-16 00:00:00,64.54,0.0,64.54,175.0,36.9,36.9,False
AB1,2020-07-16 02:00:00,55.2,0.0,55.2,175.0,31.5,31.5,False
AB1,2020-07-16 04:00:00,66.07,0.0,66.07,175.0,37.8,37.8,False
AB1,2020-07-16 06:00:00,53.81,0.0,53.81,175.0,30.7,30.7,False
AB1,2020-07-16 08:00:00,131.86,0.0,131.86,175.0,75.4,75.4,False
AB1,2020-07-16 10:00:00,87.88,0.0,87.88,175.0,50.2,50.2,False
AB1,2020-07-16 12:00:00,77.11,0.0,77.11,175.0,44.1,44.1,False
AB1,2020-07-16 14:00:00,78.19,0.0,78.19,175.0,44.7,44.7,False
AB1,2020-07-16 16:00:00,86.64,0.0,86.64,175.0,49.5,49.5,False
AB1,2020-07-16 18:00:00,98.53,0.0,98.53,175.0,56.3,56.3,False
AB1,2020-07-16 20:00:00,134.95,0.0,134.95,175.0,77.1,77.1,False
AB1,2020-07-16 22:00:00,-15.64,0.0,15.64,175.0,8.9,8.9,False
A12-1,2020-07-15 00:00:00,-40.37,0.0,40.37,175.0,23.1,23.1,False
A12-1,2020-07-15 01:00:00,-36.3,0.0,36.3,175.0,20.7,20.7,False
A12-1,2020-07-15 02:00:00,-32.67,0.0,32.67,175.0,18.7,18.7,False
A12-1,2020-07-15 03:00:00,-31.49,0.0,31.49,175.0,18.0,18.0,False
A12-1,2020-07-15 04:00:00,-30.85,0.0,30.85,175.0,17.6,17.6,False
A12-1,2020-07-15 05:00:00,-27.81,0.0,27.81,175.0,15.9,15.9,False
A12-1,2020-07-15 06:00:00,-23.99,0.0,23.99,175.0,13.7,13.7,False
A12-1,2020-07-15 07:00:00,23.27,0.0,23.27,175.0,13.3,13.3,False
A12-1,2020-07-15 08:00:00,17.23,0.0,17.23,175.0,9.8,9.8,False
A12-1,2020-07-15 09:00:00,-4.9,0.0,4.9,175.0,2.8,2.8,False
A12-1,2020-07-15 10:00:00,-2.75,0.0,2.75,175.0,1.6,1.6,False
A12-1,2020-07-15 11:00:00,-3.19,0.0,3.19,175.0,1.8,1.8,False
A12-1,2020-07-15 12:00:00,-8.32,0.0,8.32,175.0,4.8,4.8,False
A12-1,2020-07-15 13:00:00,-24.87,0.0,24.87,175.0,14.2,14.2,False
A12-1,2020-07-15 14:00:00,-11.08,0.0,11.08,175.0,6.3,6.3,False
A12-1,2020-07-15 15:00:00,-17.12,0.0,17.12,175.0,9.8,9.8,False
A12-1,2020-07-15 16:00:00,-14.73,0.0,14.73,175.0,8.4,8.4,False
A12-1,2020-07-15 17:00:00,-15.48,0.0,15.48,175.0,8.8,8.8,False
A12-1,2020-07-15 18:00:00,-12.71,0.0,12.71,175.0,7.3,7.3,False
A12-1,2020-07-15 19:00:00,3.63,0.0,3.63,175.0,2.1,2.1,False
A12-1,2020-07-15 20:00:00,5.73,0.0,5.73,175.0,3.3,3.3,False
A12-1,2020-07-15 21:00:00,-15.68,0.0,15.68,175.0,9.0,9.0,False
A12-1,2020-07-15 22:00:00,-10.24,0.0,10.24,175.0,5.9,5.9,False
A12-1,2020-07-15 23:00:00,-12.69,0.0,12.69,175.0,7.2,7.2,False
A12-1,2020-07-16 00:00:00,-35.36,0.0,35.36,175.0,20.2,20.2,False
A12-1,2020-07-16 02:00:00,-27.32,0.0,27.32,175.0,15.6,15.6,False
A12-1,2020-07-16 04:00:00,-33.82,0.0,33.82,175.0,19.3,19.3,False
A12-1,2020-07-16 06:00:00,-42.04,0.0,42.04,175.0,24.0,24.0,False
A12-1,2020-07-16 08:00:00,-4.78,0.0,4.78,175.0,2.7,2.7,False
A12-1,2020-07-16 10:00:00,2.43,0.0,2.43,175.0,1.4,1.4,False
A12-1,2020-07-16 12:00:00,-5.36,0.0,5.36,175.0,3.1,3.1,False
A12-1,2020-07-16 14:00:00,-12.68,0.0,12.68,175.0,7.2,7.2,False
A12-1,2020-07-16 16:00:00,-12.67,0.0,12.67,175.0,7.2,7.2,False
A12-1,2020-07-16 18:00:00,-8.18,0.0,8.18,175.0,4.7,4.7,False
A12-1,2020-07-16 20:00:00,-12.75,0.0,12.75,175.0,7.3,7.3,False
A12-1,2020-07-16 22:00:00,-96.79,0.0,96.79,175.0,55.3,55.3,False
A13-2,2020-07-15 00:00:00,-42.12,0.0,42.12,175.0,24.1,24.1,False
A13-2,2020-07-15 01:00:00,-39.11,0.0,39.11,175.0,22.3,22.3,False
A13-2,2020-07-15 02:00:00,-38.11,0.0,38.11,175.0,21.8,21.8,False
A13-2,2020-07-15 03:00:00,-36.92,0.0,36.92,175.0,21.1,21.1,False
A13-2,2020-07-15 04:00:00,-35.76,0.0,35.76,175.0,20.4,20.4,False
A13-2,2020-07-15 05:00:00,-30.84,0.0,30.84,175.0,17.6,17.6,False
A13-2,2020-07-15 06:00:00,-12.3,0.0,12.3,175.0,7.0,7.0,False
A13-2,2020-07-15 07:00:00,42.89,0.0,42.89,175.0,24.5,24.5,False
A13-2,2020-07-15 08:00:00,21.97,0.0,21.97,175.0,12.6,12.6,False
A13-2,2020-07-15 09:00:00,-1.35,0.0,1.35,175.0,0.8,0.8,False
A13-2,2020-07-15 10:00:00,1.69,0.0,1.69,175.0,1.0,1.0,False
A13-2,2020-07-15 11:00:00,1.65,0.0,1.65,175.0,0.9,0.9,False
A13-2,2020-07-15 12:00:00,-3.62,0.0,3.62,175.0,2.1,2.1,False
A13-2,2020-07-15 13:00:00,-17.28,0.0,17.28,175.0,9.9,9.9,False
A13-2,2020-07-15 14:00:00,-3.49,0.0,3.49,175.0,2.0,2.0,False
A13-2,2020-07-15 15:00:00,-8.98,0.0,8.98,175.0,5.1,5.1,False
A13-2,2020-07-15 16:00:00,-2.98,0.0,2.98,175.0,1.7,1.7,False
A13-2,2020-07-15 17:00:00,-2.13,0.0,2.13,175.0,1.2,1.2,False
A13-2,2020-07-15 18:00:00,-0.24,0.0,0.24,175.0,0.1,0.1,False
A13-2,2020-07-15 19:00:00,4.23,0.0,4.23,175.0,2.4,2.4,False
A13-2,2020-07-15 20:00:00,5.26,0.0,5.26,175.0,3.0,3.0,False
A13-2,2020-07-15 21:00:00,-15.92,0.0,15.92,175.0,9.1,9.1,False
A13-2,2020-07-15 22:00:00,-14.39,0.0,14.39,175.0,8.2,8.2,False
A13-2,2020-07-15 23:00:00,-13.77,0.0,13.77,175.0,7.9,7.9,False
A13-2,2020-07-16 00:00:00,-37.29,0.0,37.29,175.0,21.3,21.3,False
A13-2,2020-07-16 02:00:00,-25.73,0.0,25.73,175.0,14.7,14.7,False
A13-2,2020-07-16 04:00:00,-37.48,0.0,37.48,175.0,21.4,21.4,False
A13-2,2020-07-16 06:00:00,-44.79,0.0,44.79,175.0,25.6,25.6,False
A13-2,2020-07-16 08:00:00,-4.6,0.0,4.6,175.0,2.6,2.6,False
A13-2,2020-07-16 10:00:00,1.74,0.0,1.74,175.0,1.0,1.0,False
A13-2,2020-07-16 12:00:00,-1.95,0.0,1.95,175.0,1.1,1.1,False
A13-2,2020-07-16 14:00:00,-6.58,0.0,6.58,175.0,3.8,3.8,False
A13-2,2020-07-16 16:00:00,-7.46,0.0,7.46,175.0,4.3,4.3,False
A13-2,2020-07-16 18:00:00,-4.57,0.0,4.57,175.0,2.6,2.6,False
A13-2,2020-07-16 20:00:00,-10.64,0.0,10.64,175.0,6.1,6.1,False
A13-2,2020-07-16 22:00:00,-92.12,0.0,92.12,175.0,52.6,52.6,False
A14,2020-07-15 00:00:00,-8.51,0.0,8.51,400.0,2.1,2.1,False
A14,2020-07-15 01:00:00,-3.57,0.0,3.57,400.0,0.9,0.9,False
A14,2020-07-15 02:00:00,3.82,0.0,3.82,400.0,1.0,1.0,False
A14,2020-07-15 03:00:00,3.39,0.0,3.39,400.0,0.8,0.8,False
A14,2020-07-15 04:00:00,-0.87,0.0,0.87,400.0,0.2,0.2,False
A14,2020-07-15 05:00:00,-8.13,0.0,8.13,400.0,2.0,2.0,False
A14,2020-07-15 06:00:00,-43.58,0.0,43.58,400.0,10.9,10.9,False
A14,2020-07-15 07:00:00,-56.66,0.0,56.66,400.0,14.2,14.2,False
A14,2020-07-15 08:00:00,-21.67,0.0,21.67,400.0,5.4,5.4,False
A14,2020-07-15 09:00:00,-24.92,0.0,24.92,400.0,6.2,6.2,False
A14,2020-07-15 10:00:00,-27.54,0.0,27.54,400.0,6.9,6.9,False
A14,2020-07-15 11:00:00,-35.68,0.0,35.68,400.0,8.9,8.9,False
A14,2020-07-15 12:00:00,-39.12,0.0,39.12,400.0,9.8,9.8,False
A14,2020-07-15 13:00:00,-50.79,0.0,50.79,400.0,12.7,12.7,False
A14,2020-07-15 14:00:00,-47.14,0.0,47.14,400.0,11.8,11.8,False
A14,2020-07-15 15:00:00,-47.59,0.0,47.59,400.0,11.9,11.9,False
A14,2020-07-15 16:00:00,-55.8,0.0,55.8,400.0,14.0,14.0,False
A14,2020-07-15 17:00:00,-58.81,0.0,58.81,400.0,14.7,14.7,False
A14,2020-07-15 18:00:00,-54.87,0.0,54.87,400.0,13.7,13.7,False
A14,2020-07-15 19:00:00,-17.93,0.0,17.93,400.0,4.5,4.5,False
A14,2020-07-15 20:00:00,-13.09,0.0,13.09,400.0,3.3,3.3,False
A14,2020-07-15 21:00:00,-13.28,0.0,13.28,400.0,3.3,3.3,False
A14,2020-07-15 22:00:00,-4.26,0.0,4.26,400.0,1.1,1.1,False
A14,2020-07-15 23:00:00,-8.95,0.0,8.95,400.0,2.2,2.2,False
A14,2020-07-16 00:00:00,-7.54,0.0,7.54,400.0,1.9,1.9,False
A14,2020-07-16 02:00:00,-15.88,0.0,15.88,400.0,4.0,4.0,False
A14,2020-07-16 04:00:00,-2.15,0.0,2.15,400.0,0.5,0.5,False
A14,2020-07-16 06:00:00,-14.24,0.0,14.24,400.0,3.6,3.6,False
A14,2020-07-16 08:00:00,-10.29,0.0,10.29,400.0,2.6,2.6,False
A14,2020-07-16 10:00:00,-22.09,0.0,22.09,400.0,5.5,5.5,False
A14,2020-07-16 12:00:00,-35.35,0.0,35.35,400.0,8.8,8.8,False
A14,2020-07-16 14:00:00,-42.89,0.0,42.89,400.0,10.7,10.7,False
A14,2020-07-16 16:00:00,-39.13,0.0,39.13,400.0,9.8,9.8,False
A14,2020-07-16 18:00:00,-27.63,0.0,27.63,400.0,6.9,6.9,False
A14,2020-07-16 20:00:00,-17.53,0.0,17.53,400.0,4.4,4.4,False
A14,2020-07-16 22:00:00,-40.59,0.0,40.59,400.0,10.1,10.1,False
A15,2020-07-15 00:00:00,-6.31,0.0,6.31,400.0,1.6,1.6,False
A15,2020-07-15 01:00:00,1.67,0.0,1.67,400.0,0.4,0.4,False
A15,2020-07-15 02:00:00,5.15,0.0,5.15,400.0,1.3,1.3,False
A15,2020-07-15 03:00:00,4.14,0.0,4.14,400.0,1.0,1.0,False
A15,2020-07-15 04:00:00,-6.39,0.0,6.39,400.0,1.6,1.6,False
A15,2020-07-15 05:00:00,-16.07,0.0,16.07,400.0,4.0,4.0,False
A15,2020-07-15 06:00:00,-46.44,0.0,46.44,400.0,11.6,11.6,False
A15,2020-07-15 07:00:00,-69.21,0.0,69.21,400.0,17.3,17.3,False
A15,2020-07-15 08:00:00,-40.74,0.0,40.74,400.0,10.2,10.2,False
A15,2020-07-15 09:00:00,-40.93,0.0,40.93,400.0,10.2,10.2,False
A15,2020-07-15 10:00:00,-43.04,0.0,43.04,400.0,10.8,10.8,False
A15,2020-07-15 11:00:00,-59.24,0.0,59.24,400.0,14.8,14.8,False
A15,2020-07-15 12:00:00,-64.64,0.0,64.64,400.0,16.2,16.2,False
A15,2020-07-15 13:00:00,-74.25,0.0,74.25,400.0,18.6,18.6,False
A15,2020-07-15 14:00:00,-69.91,0.0,69.91,400.0,17.5,17.5,False
A15,2020-07-15 15:00:00,-66.15,0.0,66.15,400.0,16.5,16.5,False
A15,2020-07-15 16:00:00,-71.6,0.0,71.6,400.0,17.9,17.9,False
A15,2020-07-15 17:00:00,-72.59,0.0,72.59,400.0,18.1,18.1,False
A15,2020-07-15 18:00:00,-68.12,0.0,68.12,400.0,17.0,17.0,False
A15,2020-07-15 19:00:00,-37.2,0.0,37.2,400.0,9.3,9.3,False
A15,2020-07-15 20:00:00,-27.87,0.0,27.87,400.0,7.0,7.0,False
A15,2020-07-15 21:00:00,-19.79,0.0,19.79,400.0,4.9,4.9,False
A15,2020-07-15 22:00:00,-18.29,0.0,18.29,400.0,4.6,4.6,False
A15,2020-07-15 23:00:00,-16.87,0.0,16.87,400.0,4.2,4.2,False
A15,2020-07-16 00:00:00,-4.56,0.0,4.56,400.0,1.1,1.1,False
A15,2020-07-16 02:00:00,-13.04,0.0,13.04,400.0,3.3,3.3,False
A15,2020-07-16 04:00:00,-0.25,0.0,0.25,400.0,0.1,0.1,False
A15,2020-07-16 06:00:00,-28.33,0.0,28.33,400.0,7.1,7.1,False
A15,2020-07-16 08:00:00,-20.32,0.0,20.32,400.0,5.1,5.1,False
A15,2020-07-16 10:00:00,-51.45,0.0,51.45,400.0,12.9,12.9,False
A15,2020-07-16 12:00:00,-61.62,0.0,61.62,400.0,15.4,15.4,False
A15,2020-07-16 14:00:00,-65.0,0.0,65.0,400.0,16.3,16.3,False
A15,2020-07-16 16:00:00,-60.55,0.0,60.55,400.0,15.1,15.1,False
A15,2020-07-16 18:00:00,-42.71,0.0,42.71,400.0,10.7,10.7,False
A15,2020-07-16 20:00:00,-26.22,0.0,26.22,400.0,6.6,6.6,False
A15,2020-07-16 22:00:00,-41.4,0.0,41.4,400.0,10.3,10.3,False
A16,2020-07-15 00:00:00,-5.08,0.0,5.08,400.0,1.3,1.3,False
A16,2020-07-15 01:00:00,1.96,0.0,1.96,400.0,0.5,0.5,False
A16,2020-07-15 02:00:00,14.49,0.0,14.49,400.0,3.6,3.6,False
A16,2020-07-15 03:00:00,14.05,0.0,14.05,400.0,3.5,3.5,False
A16,2020-07-15 04:00:00,8.77,0.0,8.77,400.0,2.2,2.2,False
A16,2020-07-15 05:00:00,-2.19,0.0,2.19,400.0,0.5,0.5,False
A16,2020-07-15 06:00:00,-66.54,0.0,66.54,400.0,16.6,16.6,False
A16,2020-07-15 07:00:00,-95.19,0.0,95.19,400.0,23.8,23.8,False
A16,2020-07-15 08:00:00,-30.98,0.0,30.98,400.0,7.7,7.7,False
A16,2020-07-15 09:00:00,-31.89,0.0,31.89,400.0,8.0,8.0,False
A16,2020-07-15 10:00:00,-36.26,0.0,36.26,400.0,9.1,9.1,False
A16,2020-07-15 11:00:00,-45.19,0.0,45.19,400.0,11.3,11.3,False
A16,2020-07-15 12:00:00,-48.33,0.0,48.33,400.0,12.1,12.1,False
A16,2020-07-15 13:00:00,-65.69,0.0,65.69,400.0,16.4,16.4,False
A16,2020-07-15 14:00:00,-62.04,0.0,62.04,400.0,15.5,15.5,False
A16,2020-07-15 15:00:00,-63.59,0.0,63.59,400.0,15.9,15.9,False
A16,2020-07-15 16:00:00,-78.87,0.0,78.87,400.0,19.7,19.7,False
A16,2020-07-15 17:00:00,-85.03,0.0,85.03,400.0,21.3,21.3,False
A16,2020-07-15 18:00:00,-79.37,0.0,79.37,400.0,19.8,19.8,False
A16,2020-07-15 19:00:00,-19.11,0.0,19.11,400.0,4.8,4.8,False
A16,2020-07-15 20:00:00,-12.16,0.0,12.16,400.0,3.0,3.0,False
A16,2020-07-15 21:00:00,-12.82,0.0,12.82,400.0,3.2,3.2,False
A16,2020-07-15 22:00:00,3.89,0.0,3.89,400.0,1.0,1.0,False
A16,2020-07-15 23:00:00,-6.83,0.0,6.83,400.0,1.7,1.7,False
A16,2020-07-16 00:00:00,-3.75,0.0,3.75,400.0,0.9,0.9,False
A16,2020-07-16 02:00:00,-19.0,0.0,19.0,400.0,4.8,4.8,False
A16,2020-07-16 04:00:00,5.05,0.0,5.05,400.0,1.3,1.3,False
A16,2020-07-16 06:00:00,-8.85,0.0,8.85,400.0,2.2,2.2,False
A16,2020-07-16 08:00:00,-10.64,0.0,10.64,400.0,2.7,2.7,False
A16,2020-07-16 10:00:00,-20.73,0.0,20.73,400.0,5.2,5.2,False
A16,2020-07-16 12:00:00,-42.03,0.0,42.03,400.0,10.5,10.5,False
A16,2020-07-16 14:00:00,-54.88,0.0,54.88,400.0,13.7,13.7,False
A16,2020-07-16 16:00:00,-49.35,0.0,49.35,400.0,12.3,12.3,False
A16,2020-07-16 18:00:00,-34.71,0.0,34.71,400.0,8.7,8.7,False
A16,2020-07-16 20:00:00,-21.66,0.0,21.66,400.0,5.4,5.4,False
A16,2020-07-16 22:00:00,-49.75,0.0,49.75,400.0,12.4,12.4,False
A17,2020-07-15 00:00:00,-2.87,0.0,2.87,400.0,0.7,0.7,False
A17,2020-07-15 01:00:00,7.19,0.0,7.19,400.0,1.8,1.8,False
A17,2020-07-15 02:00:00,15.82,0.0,15.82,400.0,4.0,4.0,False
A17,2020-07-15 03:00:00,14.79,0.0,14.79,400.0,3.7,3.7,False
A17,2020-07-15 04:00:00,3.25,0.0,3.25,400.0,0.8,0.8,False
A17,2020-07-15 05:00:00,-10.12,0.0,10.12,400.0,2.5,2.5,False
A17,2020-07-15 06:00:00,-69.4,0.0,69.4,400.0,17.4,17.4,False
A17,2020-07-15 07:00:00,-107.74,0.0,107.74,400.0,26.9,26.9,False
A17,2020-07-15 08:00:00,-50.05,0.0,50.05,400.0,12.5,12.5,False
A17,2020-07-15 09:00:00,-47.9,0.0,47.9,400.0,12.0,12.0,False
A17,2020-07-15 10:00:00,-51.76,0.0,51.76,400.0,12.9,12.9,False
A17,2020-07-15 11:00:00,-68.75,0.0,68.75,400.0,17.2,17.2,False
A17,2020-07-15 12:00:00,-73.86,0.0,73.86,400.0,18.5,18.5,False
A17,2020-07-15 13:00:00,-89.15,0.0,89.15,400.0,22.3,22.3,False
A17,2020-07-15 14:00:00,-84.82,0.0,84.82,400.0,21.2,21.2,False
A17,2020-07-15 15:00:00,-82.15,0.0,82.15,400.0,20.5,20.5,False
A17,2020-07-15 16:00:00,-94.66,0.0,94.66,400.0,23.7,23.7,False
A17,2020-07-15 17:00:00,-98.81,0.0,98.81,400.0,24.7,24.7,False
A17,2020-07-15 18:00:00,-92.62,0.0,92.62,400.0,23.2,23.2,False
A17,2020-07-15 19:00:00,-38.38,0.0,38.38,400.0,9.6,9.6,False
A17,2020-07-15 20:00:00,-26.94,0.0,26.94,400.0,6.7,6.7,False
A17,2020-07-15 21:00:00,-19.32,0.0,19.32,400.0,4.8,4.8,False
A17,2020-07-15 22:00:00,-10.14,0.0,10.14,400.0,2.5,2.5,False
A17,2020-07-15 23:00:00,-14.75,0.0,14.75,400.0,3.7,3.7,False
A17,2020-07-16 00:00:00,-0.76,0.0,0.76,400.0,0.2,0.2,False
A17,2020-07-16 02:00:00,-16.17,0.0,16.17,400.0,4.0,4.0,False
A17,2020-07-16 04:00:00,6.94,0.0,6.94,400.0,1.7,1.7,False
A17,2020-07-16 06:00:00,-22.93,0.0,22.93,400.0,5.7,5.7,False
A17,2020-07-16 08:00:00,-20.67,0.0,20.67,400.0,5.2,5.2,False
A17,2020-07-16 10:00:00,-50.09,0.0,50.09,400.0,12.5,12.5,False
A17,2020-07-16 12:00:00,-68.3,0.0,68.3,400.0,17.1,17.1,False
A17,2020-07-16 14:00:00,-77.0,0.0,77.0,400.0,19.2,19.2,False
A17,2020-07-16 16:00:00,-70.77,0.0,70.77,400.0,17.7,17.7,False
A17,2020-07-16 18:00:00,-49.79,0.0,49.79,400.0,12.4,12.4,False
A17,2020-07-16 20:00:00,-30.35,0.0,30.35,400.0,7.6,7.6,False
A17,2020-07-16 22:00:00,-50.56,0.0,50.56,400.0,12.6,12.6,False
A18,2020-07-15 00:00:00,55.37,0.0,55.37,500.0,11.1,11.1,False
A18,2020-07-15 01:00:00,62.01,0.0,62.01,500.0,12.4,12.4,False
A18,2020-07-15 02:00:00,57.67,0.0,57.67,500.0,11.5,11.5,False
A18,2020-07-15 03:00:00,55.05,0.0,55.05,500.0,11.0,11.0,False
A18,2020-07-15 04:00:00,40.4,0.0,40.4,500.0,8.1,8.1,False
A18,2020-07-15 05:00:00,23.03,0.0,23.03,500.0,4.6,4.6,False
A18,2020-07-15 06:00:00,-2.54,0.0,2.54,500.0,0.5,0.5,False
A18,2020-07-15 07:00:00,-37.19,0.0,37.19,500.0,7.4,7.4,False
A18,2020-07-15 08:00:00,-8.57,0.0,8.57,500.0,1.7,1.7,False
A18,2020-07-15 09:00:00,-1.36,0.0,1.36,500.0,0.3,0.3,False
A18,2020-07-15 10:00:00,-0.82,0.0,0.82,500.0,0.2,0.2,False
A18,2020-07-15 11:00:00,-35.79,0.0,35.79,500.0,7.2,7.2,False
A18,2020-07-15 12:00:00,-44.41,0.0,44.41,500.0,8.9,8.9,False
A18,2020-07-15 13:00:00,-48.75,0.0,48.75,500.0,9.7,9.7,False
A18,2020-07-15 14:00:00,-43.41,0.0,43.41,500.0,8.7,8.7,False
A18,2020-07-15 15:00:00,-32.46,0.0,32.46,500.0,6.5,6.5,False
A18,2020-07-15 16:00:00,-35.5,0.0,35.5,500.0,7.1,7.1,False
A18,2020-07-15 17:00:00,-34.45,0.0,34.45,500.0,6.9,6.9,False
A18,2020-07-15 18:00:00,-32.0,0.0,32.0,500.0,6.4,6.4,False
A18,2020-07-15 19:00:00,2.61,0.0,2.61,500.0,0.5,0.5,False
A18,2020-07-15 20:00:00,11.02,0.0,11.02,500.0,2.2,2.2,False
A18,2020-07-15 21:00:00,32.42,0.0,32.42,500.0,6.5,6.5,False
A18,2020-07-15 22:00:00,15.85,0.0,15.85,500.0,3.2,3.2,False
A18,2020-07-15 23:00:00,28.86,0.0,28.86,500.0,5.8,5.8,False
A18,2020-07-16 00:00:00,50.13,0.0,50.13,500.0,10.0,10.0,False
A18,2020-07-16 02:00:00,36.03,0.0,36.03,500.0,7.2,7.2,False
A18,2020-07-16 04:00:00,53.2,0.0,53.2,500.0,10.6,10.6,False
A18,2020-07-16 06:00:00,16.13,0.0,16.13,500.0,3.2,3.2,False
A18,2020-07-16 08:00:00,42.22,0.0,42.22,500.0,8.4,8.4,False
A18,2020-07-16 10:00:00,-32.68,0.0,32.68,500.0,6.5,6.5,False
A18,2020-07-16 12:00:00,-36.77,0.0,36.77,500.0,7.4,7.4,False
A18,2020-07-16 14:00:00,-30.72,0.0,30.72,500.0,6.1,6.1,False
A18,2020-07-16 16:00:00,-24.08,0.0,24.08,500.0,4.8,4.8,False
A18,2020-07-16 18:00:00,6.55,0.0,6.55,500.0,1.3,1.3,False
A18,2020-07-16 20:00:00,39.56,0.0,39.56,500.0,7.9,7.9,False
A18,2020-07-16 22:00:00,35.89,0.0,35.89,500.0,7.2,7.2,False
A19,2020-07-15 00:00:00,-74.77,0.0,74.77,500.0,15.0,15.0,False
A19,2020-07-15 01:00:00,-69.5,0.0,69.5,500.0,13.9,13.9,False
A19,2020-07-15 02:00:00,-45.36,0.0,45.36,500.0,9.1,9.1,False
A19,2020-07-15 03:00:00,-43.56,0.0,43.56,500.0,8.7,8.7,False
A19,2020-07-15 04:00:00,-38.48,0.0,38.48,500.0,7.7,7.7,False
A19,2020-07-15 05:00:00,-38.91,0.0,38.91,500.0,7.8,7.8,False
A19,2020-07-15 06:00:00,-109.18,0.0,109.18,500.0,21.8,21.8,False
A19,2020-07-15 07:00:00,-112.88,0.0,112.88,500.0,22.6,22.6,False
A19,2020-07-15 08:00:00,-47.25,0.0,47.25,500.0,9.5,9.5,False
A19,2020-07-15 09:00:00,-59.96,0.0,59.96,500.0,12.0,12.0,False
A19,2020-07-15 10:00:00,-67.68,0.0,67.68,500.0,13.5,13.5,False
A19,2020-07-15 11:00:00,-49.66,0.0,49.66,500.0,9.9,9.9,False
A19,2020-07-15 12:00:00,-48.05,0.0,48.05,500.0,9.6,9.6,False
A19,2020-07-15 13:00:00,-72.42,0.0,72.42,500.0,14.5,14.5,False
A19,2020-07-15 14:00:00,-70.58,0.0,70.58,500.0,14.1,14.1,False
A19,2020-07-15 15:00:00,-83.29,0.0,83.29,500.0,16.7,16.7,False
A19,2020-07-15 16:00:00,-103.1,0.0,103.1,500.0,20.6,20.6,False
A19,2020-07-15 17:00:00,-112.62,0.0,112.62,500.0,22.5,22.5,False
A19,2020-07-15 18:00:00,-105.35,0.0,105.35,500.0,21.1,21.1,False
A19,2020-07-15 19:00:00,-45.74,0.0,45.74,500.0,9.1,9.1,False
A19,2020-07-15 20:00:00,-42.38,0.0,42.38,500.0,8.5,8.5,False
A19,2020-07-15 21:00:00,-64.55,0.0,64.55,500.0,12.9,12.9,False
A19,2020-07-15 22:00:00,-22.37,0.0,22.37,500.0,4.5,4.5,False
A19,2020-07-15 23:00:00,-50.17,0.0,50.17,500.0,10.0,10.0,False
A19,2020-07-16 00:00:00,-67.33,0.0,67.33,500.0,13.5,13.5,False
A19,2020-07-16 02:00:00,-76.01,0.0,76.01,500.0,15.2,15.2,False
A19,2020-07-16 04:00:00,-56.33,0.0,56.33,500.0,11.3,11.3,False
A19,2020-07-16 06:00:00,-45.16,0.0,45.16,500.0,9.0,9.0,False
A19,2020-07-16 08:00:00,-69.11,0.0,69.11,500.0,13.8,13.8,False
A19,2020-07-16 10:00:00,-16.29,0.0,16.29,500.0,3.3,3.3,False
A19,2020-07-16 12:00:00,-46.53,0.0,46.53,500.0,9.3,9.3,False
A19,2020-07-16 14:00:00,-72.82,0.0,72.82,500.0,14.6,14.6,False
A19,2020-07-16 16:00:00,-70.22,0.0,70.22,500.0,14.0,14.0,False
A19,2020-07-16 18:00:00,-74.81,0.0,74.81,500.0,15.0,15.0,False
A19,2020-07-16 20:00:00,-84.69,0.0,84.69,500.0,16.9,16.9,False
A19,2020-07-16 22:00:00,-131.28,0.0,131.28,500.0,26.3,26.3,False
A20,2020-07-15 00:00:00,51.52,0.0,51.52,500.0,10.3,10.3,False
A20,2020-07-15 01:00:00,52.85,0.0,52.85,500.0,10.6,10.6,False
A20,2020-07-15 02:00:00,55.34,0.0,55.34,500.0,11.1,11.1,False
A20,2020-07-15 03:00:00,53.74,0.0,53.74,500.0,10.7,10.7,False
A20,2020-07-15 04:00:00,50.05,0.0,50.05,500.0,10.0,10.0,False
A20,2020-07-15 05:00:00,36.91,0.0,36.91,500.0,7.4,7.4,False
A20,2020-07-15 06:00:00,2.47,0.0,2.47,500.0,0.5,0.5,False
A20,2020-07-15 07:00:00,-15.23,0.0,15.23,500.0,3.0,3.0,False
A20,2020-07-15 08:00:00,24.8,0.0,24.8,500.0,5.0,5.0,False
A20,2020-07-15 09:00:00,26.66,0.0,26.66,500.0,5.3,5.3,False
A20,2020-07-15 10:00:00,26.31,0.0,26.31,500.0,5.3,5.3,False
A20,2020-07-15 11:00:00,5.44,0.0,5.44,500.0,1.1,1.1,False
A20,2020-07-15 12:00:00,0.26,0.0,0.26,500.0,0.1,0.1,False
A20,2020-07-15 13:00:00,-7.69,0.0,7.69,500.0,1.5,1.5,False
A20,2020-07-15 14:00:00,-3.56,0.0,3.56,500.0,0.7,0.7,False
A20,2020-07-15 15:00:00,0.02,0.0,0.02,500.0,0.0,0.0,False
A20,2020-07-15 16:00:00,-7.86,0.0,7.86,500.0,1.6,1.6,False
A20,2020-07-15 17:00:00,-10.34,0.0,10.34,500.0,2.1,2.1,False
A20,2020-07-15 18:00:00,-8.81,0.0,8.81,500.0,1.8,1.8,False
A20,2020-07-15 19:00:00,36.34,0.0,36.34,500.0,7.3,7.3,False
A20,2020-07-15 20:00:00,36.88,0.0,36.88,500.0,7.4,7.4,False
A20,2020-07-15 21:00:00,43.8,0.0,43.8,500.0,8.8,8.8,False
A20,2020-07-15 22:00:00,40.41,0.0,40.41,500.0,8.1,8.1,False
A20,2020-07-15 23:00:00,42.72,0.0,42.72,500.0,8.5,8.5,False
A20,2020-07-16 00:00:00,44.91,0.0,44.91,500.0,9.0,9.0,False
A20,2020-07-16 02:00:00,31.07,0.0,31.07,500.0,6.2,6.2,False
A20,2020-07-16 04:00:00,49.88,0.0,49.88,500.0,10.0,10.0,False
A20,2020-07-16 06:00:00,40.78,0.0,40.78,500.0,8.2,8.2,False
A20,2020-07-16 08:00:00,59.77,0.0,59.77,500.0,12.0,12.0,False
A20,2020-07-16 10:00:00,18.69,0.0,18.69,500.0,3.7,3.7,False
A20,2020-07-16 12:00:00,9.21,0.0,9.21,500.0,1.8,1.8,False
A20,2020-07-16 14:00:00,7.99,0.0,7.99,500.0,1.6,1.6,False
A20,2020-07-16 16:00:00,13.4,0.0,13.4,500.0,2.7,2.7,False
A20,2020-07-16 18:00:00,32.94,0.0,32.94,500.0,6.6,6.6,False
A20,2020-07-16 20:00:00,54.76,0.0,54.76,500.0,11.0,11.0,False
A20,2020-07-16 22:00:00,37.31,0.0,37.31,500.0,7.5,7.5,False
A21,2020-07-15 00:00:00,-66.51,0.0,66.51,500.0,13.3,13.3,False
A21,2020-07-15 01:00:00,-49.86,0.0,49.86,500.0,10.0,10.0,False
A21,2020-07-15 02:00:00,-40.38,0.0,40.38,500.0,8.1,8.1,False
A21,2020-07-15 03:00:00,-40.77,0.0,40.77,500.0,8.2,8.2,False
A21,2020-07-15 04:00:00,-59.16,0.0,59.16,500.0,11.8,11.8,False
A21,2020-07-15 05:00:00,-68.66,0.0,68.66,500.0,13.7,13.7,False
A21,2020-07-15 06:00:00,-119.91,0.0,119.91,500.0,24.0,24.0,False
A21,2020-07-15 07:00:00,-159.94,0.0,159.94,500.0,32.0,32.0,False
A21,2020-07-15 08:00:00,-118.77,0.0,118.77,500.0,23.8,23.8,False
A21,2020-07-15 09:00:00,-120.0,0.0,120.0,500.0,24.0,24.0,False
A21,2020-07-15 10:00:00,-125.82,0.0,125.82,500.0,25.2,25.2,False
A21,2020-07-15 11:00:00,-138.01,0.0,138.01,500.0,27.6,27.6,False
A21,2020-07-15 12:00:00,-143.78,0.0,143.78,500.0,28.8,28.8,False
A21,2020-07-15 13:00:00,-160.39,0.0,160.39,500.0,32.1,32.1,False
A21,2020-07-15 14:00:00,-155.98,0.0,155.98,500.0,31.2,31.2,False
A21,2020-07-15 15:00:00,-152.88,0.0,152.88,500.0,30.6,30.6,False
A21,2020-07-15 16:00:00,-162.32,0.0,162.32,500.0,32.5,32.5,False
A21,2020-07-15 17:00:00,-164.28,0.0,164.28,500.0,32.9,32.9,False
A21,2020-07-15 18:00:00,-155.02,0.0,155.02,500.0,31.0,31.0,False
A21,2020-07-15 19:00:00,-118.02,0.0,118.02,500.0,23.6,23.6,False
A21,2020-07-15 20:00:00,-97.81,0.0,97.81,500.0,19.6,19.6,False
A21,2020-07-15 21:00:00,-88.93,0.0,88.93,500.0,17.8,17.8,False
A21,2020-07-15 22:00:00,-74.99,0.0,74.99,500.0,15.0,15.0,False
A21,2020-07-15 23:00:00,-79.86,0.0,79.86,500.0,16.0,16.0,False
A21,2020-07-16 00:00:00,-56.14,0.0,56.14,500.0,11.2,11.2,False
A21,2020-07-16 02:00:00,-65.39,0.0,65.39,500.0,13.1,13.1,False
A21,2020-07-16 04:00:00,-49.23,0.0,49.23,500.0,9.8,9.8,False
A21,2020-07-16 06:00:00,-97.99,0.0,97.99,500.0,19.6,19.6,False
A21,2020-07-16 08:00:00,-106.73,0.0,106.73,500.0,21.3,21.3,False
A21,2020-07-16 10:00:00,-126.37,0.0,126.37,500.0,25.3,25.3,False
A21,2020-07-16 12:00:00,-145.04,0.0,145.04,500.0,29.0,29.0,False
A21,2020-07-16 14:00:00,-155.75,0.0,155.75,500.0,31.2,31.2,False
A21,2020-07-16 16:00:00,-150.54,0.0,150.54,500.0,30.1,30.1,False
A21,2020-07-16 18:00:00,-131.37,0.0,131.37,500.0,26.3,26.3,False
A21,2020-07-16 20:00:00,-117.26,0.0,117.26,500.0,23.5,23.5,False
A21,2020-07-16 22:00:00,-134.32,0.0,134.32,500.0,26.9,26.9,False
A22,2020-07-15 00:00:00,-102.57,0.0,102.57,500.0,20.5,20.5,False
A22,2020-07-15 01:00:00,-84.75,0.0,84.75,500.0,17.0,17.0,False
A22,2020-07-15 02:00:00,-75.55,0.0,75.55,500.0,15.1,15.1,False
A22,2020-07-15 03:00:00,-75.11,0.0,75.11,500.0,15.0,15.0,False
A22,2020-07-15 04:00:00,-93.57,0.0,93.57,500.0,18.7,18.7,False
A22,2020-07-15 05:00:00,-96.92,0.0,96.92,500.0,19.4,19.4,False
A22,2020-07-15 06:00:00,-135.06,0.0,135.06,500.0,27.0,27.0,False
A22,2020-07-15 07:00:00,-169.92,0.0,169.92,500.0,34.0,34.0,False
A22,2020-07-15 08:00:00,-146.11,0.0,146.11,500.0,29.2,29.2,False
A22,2020-07-15 09:00:00,-148.5,0.0,148.5,500.0,29.7,29.7,False
A22,2020-07-15 10:00:00,-154.8,0.0,154.8,500.0,31.0,31.0,False
A22,2020-07-15 11:00:00,-156.87,0.0,156.87,500.0,31.4,31.4,False
A22,2020-07-15 12:00:00,-160.44,0.0,160.44,500.0,32.1,32.1,False
A22,2020-07-15 13:00:00,-174.58,0.0,174.58,500.0,34.9,34.9,False
A22,2020-07-15 14:00:00,-171.94,0.0,171.94,500.0,34.4,34.4,False
A22,2020-07-15 15:00:00,-170.47,0.0,170.47,500.0,34.1,34.1,False
A22,2020-07-15 16:00:00,-176.65,0.0,176.65,500.0,35.3,35.3,False
A22,2020-07-15 17:00:00,-177.46,0.0,177.46,500.0,35.5,35.5,False
A22,2020-07-15 18:00:00,-167.98,0.0,167.98,500.0,33.6,33.6,False
A22,2020-07-15 19:00:00,-151.63,0.0,151.63,500.0,30.3,30.3,False
A22,2020-07-15 20:00:00,-129.4,0.0,129.4,500.0,25.9,25.9,False
A22,2020-07-15 21:00:00,-123.31,0.0,123.31,500.0,24.7,24.7,False
A22,2020-07-15 22:00:00,-105.91,0.0,105.91,500.0,21.2,21.2,False
A22,2020-07-15 23:00:00,-112.61,0.0,112.61,500.0,22.5,22.5,False
A22,2020-07-16 00:00:00,-87.36,0.0,87.36,500.0,17.5,17.5,False
A22,2020-07-16 02:00:00,-90.05,0.0,90.05,500.0,18.0,18.0,False
A22,2020-07-16 04:00:00,-82.41,0.0,82.41,500.0,16.5,16.5,False
A22,2020-07-16 06:00:00,-131.75,0.0,131.75,500.0,26.4,26.4,False
A22,2020-07-16 08:00:00,-151.97,0.0,151.97,500.0,30.4,30.4,False
A22,2020-07-16 10:00:00,-151.2,0.0,151.2,500.0,30.2,30.2,False
A22,2020-07-16 12:00:00,-166.79,0.0,166.79,500.0,33.4,33.4,False
A22,2020-07-16 14:00:00,-178.06,0.0,178.06,500.0,35.6,35.6,False
A22,2020-07-16 16:00:00,-175.24,0.0,175.24,500.0,35.0,35.0,False
A22,2020-07-16 18:00:00,-164.64,0.0,164.64,500.0,32.9,32.9,False
A22,2020-07-16 20:00:00,-160.95,0.0,160.95,500.0,32.2,32.2,False
A22,2020-07-16 22:00:00,-170.34,0.0,170.34,500.0,34.1,34.1,False
AB2,2020-07-15 00:00:00,60.17,0.0,60.17,500.0,12.0,12.0,False
AB2,2020-07-15 01:00:00,57.95,0.0,57.95,500.0,11.6,11.6,False
AB2,2020-07-15 02:00:00,50.07,0.0,50.07,500.0,10.0,10.0,False
AB2,2020-07-15 03:00:00,45.28,0.0,45.28,500.0,9.1,9.1,False
AB2,2020-07-15 04:00:00,43.13,0.0,43.13,500.0,8.6,8.6,False
AB2,2020-07-15 05:00:00,7.13,0.0,7.13,500.0,1.4,1.4,False
AB2,2020-07-15 06:00:00,-20.97,0.0,20.97,500.0,4.2,4.2,False
AB2,2020-07-15 07:00:00,-52.16,0.0,52.16,500.0,10.4,10.4,False
AB2,2020-07-15 08:00:00,-23.65,0.0,23.65,500.0,4.7,4.7,False
AB2,2020-07-15 09:00:00,-26.97,0.0,26.97,500.0,5.4,5.4,False
AB2,2020-07-15 10:00:00,-32.4,0.0,32.4,500.0,6.5,6.5,False
AB2,2020-07-15 11:00:00,-97.57,0.0,97.57,500.0,19.5,19.5,False
AB2,2020-07-15 12:00:00,-119.14,0.0,119.14,500.0,23.8,23.8,False
AB2,2020-07-15 13:00:00,-125.52,0.0,125.52,500.0,25.1,25.1,False
AB2,2020-07-15 14:00:00,-123.77,0.0,123.77,500.0,24.8,24.8,False
AB2,2020-07-15 15:00:00,-113.19,0.0,113.19,500.0,22.6,22.6,False
AB2,2020-07-15 16:00:00,-114.36,0.0,114.36,500.0,22.9,22.9,False
AB2,2020-07-15 17:00:00,-106.94,0.0,106.94,500.0,21.4,21.4,False
AB2,2020-07-15 18:00:00,-102.38,0.0,102.38,500.0,20.5,20.5,False
AB2,2020-07-15 19:00:00,-35.12,0.0,35.12,500.0,7.0,7.0,False
AB2,2020-07-15 20:00:00,-37.4,0.0,37.4,500.0,7.5,7.5,False
AB2,2020-07-15 21:00:00,3.33,0.0,3.33,500.0,0.7,0.7,False
AB2,2020-07-15 22:00:00,-17.59,0.0,17.59,500.0,3.5,3.5,False
AB2,2020-07-15 23:00:00,18.13,0.0,18.13,500.0,3.6,3.6,False
AB2,2020-07-16 00:00:00,27.61,0.0,27.61,500.0,5.5,5.5,False
AB2,2020-07-16 02:00:00,10.91,0.0,10.91,500.0,2.2,2.2,False
AB2,2020-07-16 04:00:00,33.39,0.0,33.39,500.0,6.7,6.7,False
AB2,2020-07-16 06:00:00,11.61,0.0,11.61,500.0,2.3,2.3,False
AB2,2020-07-16 08:00:00,50.51,0.0,50.51,500.0,10.1,10.1,False
AB2,2020-07-16 10:00:00,-93.34,0.0,93.34,500.0,18.7,18.7,False
AB2,2020-07-16 12:00:00,-111.42,0.0,111.42,500.0,22.3,22.3,False
AB2,2020-07-16 14:00:00,-105.18,0.0,105.18,500.0,21.0,21.0,False
AB2,2020-07-16 16:00:00,-89.12,0.0,89.12,500.0,17.8,17.8,False
AB2,2020-07-16 18:00:00,-32.21,0.0,32.21,500.0,6.4,6.4,False
AB2,2020-07-16 20:00:00,42.01,0.0,42.01,500.0,8.4,8.4,False
AB2,2020-07-16 22:00:00,64.41,0.0,64.41,500.0,12.9,12.9,False
A23,2020-07-15 00:00:00,-185.62,0.0,185.62,500.0,37.1,37.1,False
A23,2020-07-15 01:00:00,-174.77,0.0,174.77,500.0,35.0,35.0,False
A23,2020-07-15 02:00:00,-148.36,0.0,148.36,500.0,29.7,29.7,False
A23,2020-07-15 03:00:00,-146.63,0.0,146.63,500.0,29.3,29.3,False
A23,2020-07-15 04:00:00,-143.23,0.0,143.23,500.0,28.6,28.6,False
A23,2020-07-15 05:00:00,-150.01,0.0,150.01,500.0,30.0,30.0,False
A23,2020-07-15 06:00:00,-223.78,0.0,223.78,500.0,44.8,44.8,False
A23,2020-07-15 07:00:00,-236.61,0.0,236.61,500.0,47.3,47.3,False
A23,2020-07-15 08:00:00,-184.27,0.0,184.27,500.0,36.9,36.9,False
A23,2020-07-15 09:00:00,-208.15,0.0,208.15,500.0,41.6,41.6,False
A23,2020-07-15 10:00:00,-224.65,0.0,224.65,500.0,44.9,44.9,False
A23,2020-07-15 11:00:00,-214.93,0.0,214.93,500.0,43.0,43.0,False
A23,2020-07-15 12:00:00,-221.74,0.0,221.74,500.0,44.3,44.3,False
A23,2020-07-15 13:00:00,-252.06,0.0,252.06,500.0,50.4,50.4,False
A23,2020-07-15 14:00:00,-253.97,0.0,253.97,500.0,50.8,50.8,False
A23,2020-07-15 15:00:00,-268.43,0.0,268.43,500.0,53.7,53.7,False
A23,2020-07-15 16:00:00,-285.45,0.0,285.45,500.0,57.1,57.1,False
A23,2020-07-15 17:00:00,-288.89,0.0,288.89,500.0,57.8,57.8,False
A23,2020-07-15 18:00:00,-274.23,0.0,274.23,500.0,54.8,54.8,False
A23,2020-07-15 19:00:00,-212.59,0.0,212.59,500.0,42.5,42.5,False
A23,2020-07-15 20:00:00,-201.2,0.0,201.2,500.0,40.2,40.2,False
A23,2020-07-15 21:00:00,-209.8,0.0,209.8,500.0,42.0,42.0,False
A23,2020-07-15 22:00:00,-155.61,0.0,155.61,500.0,31.1,31.1,False
A23,2020-07-15 23:00:00,-173.21,0.0,173.21,500.0,34.6,34.6,False
A23,2020-07-16 00:00:00,-182.23,0.0,182.23,500.0,36.4,36.4,False
A23,2020-07-16 02:00:00,-184.44,0.0,184.44,500.0,36.9,36.9,False
A23,2020-07-16 04:00:00,-169.31,0.0,169.31,500.0,33.9,33.9,False
A23,2020-07-16 06:00:00,-176.37,0.0,176.37,500.0,35.3,35.3,False
A23,2020-07-16 08:00:00,-219.64,0.0,219.64,500.0,43.9,43.9,False
A23,2020-07-16 10:00:00,-186.72,0.0,186.72,500.0,37.3,37.3,False
A23,2020-07-16 12:00:00,-231.61,0.0,231.61,500.0,46.3,46.3,False
A23,2020-07-16 14:00:00,-265.07,0.0,265.07,500.0,53.0,53.0,False
A23,2020-07-16 16:00:00,-257.49,0.0,257.49,500.0,51.5,51.5,False
A23,2020-07-16 18:00:00,-249.42,0.0,249.42,500.0,49.9,49.9,False
A23,2020-07-16 20:00:00,-242.4,0.0,242.4,500.0,48.5,48.5,False
A23,2020-07-16 22:00:00,-263.78,0.0,263.78,500.0,52.8,52.8,False
A24,2020-07-15 00:00:00,113.83,0.0,113.83,500.0,22.8,22.8,False
A24,2020-07-15 01:00:00,121.4,0.0,121.4,500.0,24.3,24.3,False
A24,2020-07-15 02:00:00,121.4,0.0,121.4,500.0,24.3,24.3,False
A24,2020-07-15 03:00:00,112.24,0.0,112.24,500.0,22.4,22.4,False
A24,2020-07-15 04:00:00,70.13,0.0,70.13,500.0,14.0,14.0,False
A24,2020-07-15 05:00:00,65.58,0.0,65.58,500.0,13.1,13.1,False
A24,2020-07-15 06:00:00,133.12,0.0,133.12,500.0,26.6,26.6,False
A24,2020-07-15 07:00:00,76.29,0.0,76.29,500.0,15.3,15.3,False
A24,2020-07-15 08:00:00,57.07,0.0,57.07,500.0,11.4,11.4,False
A24,2020-07-15 09:00:00,74.57,0.0,74.57,500.0,14.9,14.9,False
A24,2020-07-15 10:00:00,82.14,0.0,82.14,500.0,16.4,16.4,False
A24,2020-07-15 11:00:00,47.97,0.0,47.97,500.0,9.6,9.6,False
A24,2020-07-15 12:00:00,47.23,0.0,47.23,500.0,9.4,9.4,False
A24,2020-07-15 13:00:00,68.25,0.0,68.25,500.0,13.7,13.7,False
A24,2020-07-15 14:00:00,75.9,0.0,75.9,500.0,15.2,15.2,False
A24,2020-07-15 15:00:00,102.96,0.0,102.96,500.0,20.6,20.6,False
A24,2020-07-15 16:00:00,114.15,0.0,114.15,500.0,22.8,22.8,False
A24,2020-07-15 17:00:00,112.1,0.0,112.1,500.0,22.4,22.4,False
A24,2020-07-15 18:00:00,108.3,0.0,108.3,500.0,21.7,21.7,False
A24,2020-07-15 19:00:00,76.88,0.0,76.88,500.0,15.4,15.4,False
A24,2020-07-15 20:00:00,83.03,0.0,83.03,500.0,16.6,16.6,False
A24,2020-07-15 21:00:00,116.19,0.0,116.19,500.0,23.2,23.2,False
A24,2020-07-15 22:00:00,76.15,0.0,76.15,500.0,15.2,15.2,False
A24,2020-07-15 23:00:00,88.29,0.0,88.29,500.0,17.7,17.7,False
A24,2020-07-16 00:00:00,149.02,0.0,149.02,500.0,29.8,29.8,False
A24,2020-07-16 02:00:00,142.51,0.0,142.51,500.0,28.5,28.5,False
A24,2020-07-16 04:00:00,144.82,0.0,144.82,500.0,29.0,29.0,False
A24,2020-07-16 06:00:00,74.63,0.0,74.63,500.0,14.9,14.9,False
A24,2020-07-16 08:00:00,98.75,0.0,98.75,500.0,19.8,19.8,False
A24,2020-07-16 10:00:00,20.12,0.0,20.12,500.0,4.0,4.0,False
A24,2020-07-16 12:00:00,61.21,0.0,61.21,500.0,12.2,12.2,False
A24,2020-07-16 14:00:00,93.05,0.0,93.05,500.0,18.6,18.6,False
A24,2020-07-16 16:00:00,90.17,0.0,90.17,500.0,18.0,18.0,False
A24,2020-07-16 18:00:00,109.66,0.0,109.66,500.0,21.9,21.9,False
A24,2020-07-16 20:00:00,122.99,0.0,122.99,500.0,24.6,24.6,False
A24,2020-07-16 22:00:00,138.55,0.0,138.55,500.0,27.7,27.7,False
A25-1,2020-07-15 00:00:00,-153.85,0.0,153.85,500.0,30.8,30.8,False
A25-1,2020-07-15 01:00:00,-148.91,0.0,148.91,500.0,29.8,29.8,False
A25-1,2020-07-15 02:00:00,-137.42,0.0,137.42,500.0,27.5,27.5,False
A25-1,2020-07-15 03:00:00,-132.44,0.0,132.44,500.0,26.5,26.5,False
A25-1,2020-07-15 04:00:00,-108.35,0.0,108.35,500.0,21.7,21.7,False
A25-1,2020-07-15 05:00:00,-120.66,0.0,120.66,500.0,24.1,24.1,False
A25-1,2020-07-15 06:00:00,-158.95,0.0,158.95,500.0,31.8,31.8,False
A25-1,2020-07-15 07:00:00,-146.73,0.0,146.73,500.0,29.3,29.3,False
A25-1,2020-07-15 08:00:00,-111.52,0.0,111.52,500.0,22.3,22.3,False
A25-1,2020-07-15 09:00:00,-136.65,0.0,136.65,500.0,27.3,27.3,False
A25-1,2020-07-15 10:00:00,-151.85,0.0,151.85,500.0,30.4,30.4,False
A25-1,2020-07-15 11:00:00,-141.58,0.0,141.58,500.0,28.3,28.3,False
A25-1,2020-07-15 12:00:00,-150.23,0.0,150.23,500.0,30.0,30.0,False
A25-1,2020-07-15 13:00:00,-175.11,0.0,175.11,500.0,35.0,35.0,False
A25-1,2020-07-15 14:00:00,-183.51,0.0,183.51,500.0,36.7,36.7,False
A25-1,2020-07-15 15:00:00,-205.36,0.0,205.36,500.0,41.1,41.1,False
A25-1,2020-07-15 16:00:00,-219.04,0.0,219.04,500.0,43.8,43.8,False
A25-1,2020-07-15 17:00:00,-218.35,0.0,218.35,500.0,43.7,43.7,False
A25-1,2020-07-15 18:00:00,-207.64,0.0,207.64,500.0,41.5,41.5,False
A25-1,2020-07-15 19:00:00,-168.78,0.0,168.78,500.0,33.8,33.8,False
A25-1,2020-07-15 20:00:00,-160.87,0.0,160.87,500.0,32.2,32.2,False
A25-1,2020-07-15 21:00:00,-168.49,0.0,168.49,500.0,33.7,33.7,False
A25-1,2020-07-15 22:00:00,-120.69,0.0,120.69,500.0,24.1,24.1,False
A25-1,2020-07-15 23:00:00,-126.69,0.0,126.69,500.0,25.3,25.3,False
A25-1,2020-07-16 00:00:00,-174.93,0.0,174.93,500.0,35.0,35.0,False
A25-1,2020-07-16 02:00:00,-173.0,0.0,173.0,500.0,34.6,34.6,False
A25-1,2020-07-16 04:00:00,-165.44,0.0,165.44,500.0,33.1,33.1,False
A25-1,2020-07-16 06:00:00,-101.85,0.0,101.85,500.0,20.4,20.4,False
A25-1,2020-07-16 08:00:00,-142.44,0.0,142.44,500.0,28.5,28.5,False
A25-1,2020-07-16 10:00:00,-112.93,0.0,112.93,500.0,22.6,22.6,False
A25-1,2020-07-16 12:00:00,-162.9,0.0,162.9,500.0,32.6,32.6,False
A25-1,2020-07-16 14:00:00,-196.68,0.0,196.68,500.0,39.3,39.3,False
A25-1,2020-07-16 16:00:00,-187.68,0.0,187.68,500.0,37.5,37.5,False
A25-1,2020-07-16 18:00:00,-181.62,0.0,181.62,500.0,36.3,36.3,False
A25-1,2020-07-16 20:00:00,-169.19,0.0,169.19,500.0,33.8,33.8,False
A25-1,2020-07-16 22:00:00,-166.31,0.0,166.31,500.0,33.3,33.3,False
A25-2,2020-07-15 00:00:00,-153.85,0.0,153.85,500.0,30.8,30.8,False
A25-2,2020-07-15 01:00:00,-148.91,0.0,148.91,500.0,29.8,29.8,False
A25-2,2020-07-15 02:00:00,-137.42,0.0,137.42,500.0,27.5,27.5,False
A25-2,2020-07-15 03:00:00,-132.44,0.0,132.44,500.0,26.5,26.5,False
A25-2,2020-07-15 04:00:00,-108.35,0.0,108.35,500.0,21.7,21.7,False
A25-2,2020-07-15 05:00:00,-120.66,0.0,120.66,500.0,24.1,24.1,False
A25-2,2020-07-15 06:00:00,-158.95,0.0,158.95,500.0,31.8,31.8,False
A25-2,2020-07-15 07:00:00,-146.73,0.0,146.73,500.0,29.3,29.3,False
A25-2,2020-07-15 08:00:00,-111.52,0.0,111.52,500.0,22.3,22.3,False
A25-2,2020-07-15 09:00:00,-136.65,0.0,136.65,500.0,27.3,27.3,False
A25-2,2020-07-15 10:00:00,-151.85,0.0,151.85,500.0,30.4,30.4,False
A25-2,2020-07-15 11:00:00,-141.58,0.0,141.58,500.0,28.3,28.3,False
A25-2,2020-07-15 12:00:00,-150.23,0.0,150.23,500.0,30.0,30.0,False
A25-2,2020-07-15 13:00:00,-175.11,0.0,175.11,500.0,35.0,35.0,False
A25-2,2020-07-15 14:00:00,-183.51,0.0,183.51,500.0,36.7,36.7,False
A25-2,2020-07-15 15:00:00,-205.36,0.0,205.36,500.0,41.1,41.1,False
A25-2,2020-07-15 16:00:00,-219.04,0.0,219.04,500.0,43.8,43.8,False
A25-2,2020-07-15 17:00:00,-218.35,0.0,218.35,500.0,43.7,43.7,False
A25-2,2020-07-15 18:00:00,-207.64,0.0,207.64,500.0,41.5,41.5,False
A25-2,2020-07-15 19:00:00,-168.78,0.0,168.78,500.0,33.8,33.8,False
A25-2,2020-07-15 20:00:00,-160.87,0.0,160.87,500.0,32.2,32.2,False
A25-2,2020-07-15 21:00:00,-168.49,0.0,168.49,500.0,33.7,33.7,False
A25-2,2020-07-15 22:00:00,-120.69,0.0,120.69,500.0,24.1,24.1,False
A25-2,2020-07-15 23:00:00,-126.69,0.0,126.69,500.0,25.3,25.3,False
A25-2,2020-07-16 00:00:00,-174.93,0.0,174.93,500.0,35.0,35.0,False
A25-2,2020-07-16 02:00:00,-173.0,0.0,173.0,500.0,34.6,34.6,False
A25-2,2020-07-16 04:00:00,-165.44,0.0,165.44,500.0,33.1,33.1,False
A25-2,2020-07-16 06:00:00,-101.85,0.0,101.85,500.0,20.4,20.4,False
A25-2,2020-07-16 08:00:00,-142.44,0.0,142.44,500.0,28.5,28.5,False
A25-2,2020-07-16 10:00:00,-112.93,0.0,112.93,500.0,22.6,22.6,False
A25-2,2020-07-16 12:00:00,-162.9,0.0,162.9,500.0,32.6,32.6,False
A25-2,2020-07-16 14:00:00,-196.68,0.0,196.68,500.0,39.3,39.3,False
A25-2,2020-07-16 16:00:00,-187.68,0.0,187.68,500.0,37.5,37.5,False
A25-2,2020-07-16 18:00:00,-181.62,0.0,181.62,500.0,36.3,36.3,False
A25-2,2020-07-16 20:00:00,-169.19,0.0,169.19,500.0,33.8,33.8,False
A25-2,2020-07-16 22:00:00,-166.31,0.0,166.31,500.0,33.3,33.3,False
A26,2020-07-15 00:00:00,78.43,0.0,78.43,500.0,15.7,15.7,False
A26,2020-07-15 01:00:00,70.12,0.0,70.12,500.0,14.0,14.0,False
A26,2020-07-15 02:00:00,50.94,0.0,50.94,500.0,10.2,10.2,False
A26,2020-07-15 03:00:00,49.99,0.0,49.99,500.0,10.0,10.0,False
A26,2020-07-15 04:00:00,49.58,0.0,49.58,500.0,9.9,9.9,False
A26,2020-07-15 05:00:00,59.72,0.0,59.72,500.0,11.9,11.9,False
A26,2020-07-15 06:00:00,141.13,0.0,141.13,500.0,28.2,28.2,False
A26,2020-07-15 07:00:00,168.87,0.0,168.87,500.0,33.8,33.8,False
A26,2020-07-15 08:00:00,99.1,0.0,99.1,500.0,19.8,19.8,False
A26,2020-07-15 09:00:00,107.13,0.0,107.13,500.0,21.4,21.4,False
A26,2020-07-15 10:00:00,117.44,0.0,117.44,500.0,23.5,23.5,False
A26,2020-07-15 11:00:00,116.5,0.0,116.5,500.0,23.3,23.3,False
A26,2020-07-15 12:00:00,120.27,0.0,120.27,500.0,24.1,24.1,False
A26,2020-07-15 13:00:00,144.02,0.0,144.02,500.0,28.8,28.8,False
A26,2020-07-15 14:00:00,144.51,0.0,144.51,500.0,28.9,28.9,False
A26,2020-07-15 15:00:00,152.51,0.0,152.51,500.0,30.5,30.5,False
A26,2020-07-15 16:00:00,171.71,0.0,171.71,500.0,34.3,34.3,False
A26,2020-07-15 17:00:00,177.53,0.0,177.53,500.0,35.5,35.5,False
A26,2020-07-15 18:00:00,167.89,0.0,167.89,500.0,33.6,33.6,False
A26,2020-07-15 19:00:00,100.4,0.0,100.4,500.0,20.1,20.1,False
A26,2020-07-15 20:00:00,91.57,0.0,91.57,500.0,18.3,18.3,False
A26,2020-07-15 21:00:00,95.75,0.0,95.75,500.0,19.2,19.2,False
A26,2020-07-15 22:00:00,59.9,0.0,59.9,500.0,12.0,12.0,False
A26,2020-07-15 23:00:00,76.04,0.0,76.04,500.0,15.2,15.2,False
A26,2020-07-16 00:00:00,78.85,0.0,78.85,500.0,15.8,15.8,False
A26,2020-07-16 02:00:00,91.55,0.0,91.55,500.0,18.3,18.3,False
A26,2020-07-16 04:00:00,67.29,0.0,67.29,500.0,13.5,13.5,False
A26,2020-07-16 06:00:00,73.45,0.0,73.45,500.0,14.7,14.7,False
A26,2020-07-16 08:00:00,98.93,0.0,98.93,500.0,19.8,19.8,False
A26,2020-07-16 10:00:00,86.16,0.0,86.16,500.0,17.2,17.2,False
A26,2020-07-16 12:00:00,120.9,0.0,120.9,500.0,24.2,24.2,False
A26,2020-07-16 14:00:00,144.81,0.0,144.81,500.0,29.0,29.0,False
A26,2020-07-16 16:00:00,137.88,0.0,137.88,500.0,27.6,27.6,False
A26,2020-07-16 18:00:00,127.04,0.0,127.04,500.0,25.4,25.4,False
A26,2020-07-16 20:00:00,116.44,0.0,116.44,500.0,23.3,23.3,False
A26,2020-07-16 22:00:00,135.78,0.0,135.78,500.0,27.2,27.2,False
A27,2020-07-15 00:00:00,-243.07,0.0,243.07,500.0,48.6,48.6,False
A27,2020-07-15 01:00:00,-236.73,0.0,236.73,500.0,47.3,47.3,False
A27,2020-07-15 02:00:00,-217.55,0.0,217.55,500.0,43.5,43.5,False
A27,2020-07-15 03:00:00,-207.33,0.0,207.33,500.0,41.5,41.5,False
A27,2020-07-15 04:00:00,-163.9,0.0,163.9,500.0,32.8,32.8,False
A27,2020-07-15 05:00:00,-169.43,0.0,169.43,500.0,33.9,33.9,False
A27,2020-07-15 06:00:00,-228.53,0.0,228.53,500.0,45.7,45.7,False
A27,2020-07-15 07:00:00,-190.44,0.0,190.44,500.0,38.1,38.1,False
A27,2020-07-15 08:00:00,-131.57,0.0,131.57,500.0,26.3,26.3,False
A27,2020-07-15 09:00:00,-196.32,0.0,196.32,500.0,39.3,39.3,False
A27,2020-07-15 10:00:00,-228.84,0.0,228.84,500.0,45.8,45.8,False
A27,2020-07-15 11:00:00,-205.63,0.0,205.63,500.0,41.1,41.1,False
A27,2020-07-15 12:00:00,-216.09,0.0,216.09,500.0,43.2,43.2,False
A27,2020-07-15 13:00:00,-253.93,0.0,253.93,500.0,50.8,50.8,False
A27,2020-07-15 14:00:00,-265.56,0.0,265.56,500.0,53.1,53.1,False
A27,2020-07-15 15:00:00,-301.08,0.0,301.08,500.0,60.2,60.2,False
A27,2020-07-15 16:00:00,-326.27,0.0,326.27,500.0,65.3,65.3,False
A27,2020-07-15 17:00:00,-330.16,0.0,330.16,500.0,66.0,66.0,False
A27,2020-07-15 18:00:00,-315.66,0.0,315.66,500.0,63.1,63.1,False
A27,2020-07-15 19:00:00,-254.51,0.0,254.51,500.0,50.9,50.9,False
A27,2020-07-15 20:00:00,-255.66,0.0,255.66,500.0,51.1,51.1,False
A27,2020-07-15 21:00:00,-270.45,0.0,270.45,500.0,54.1,54.1,False
A27,2020-07-15 22:00:00,-163.44,0.0,163.44,500.0,32.7,32.7,False
A27,2020-07-15 23:00:00,-198.06,0.0,198.06,500.0,39.6,39.6,False
A27,2020-07-16 00:00:00,-266.2,0.0,266.2,500.0,53.2,53.2,False
A27,2020-07-16 02:00:00,-259.07,0.0,259.07,500.0,51.8,51.8,False
A27,2020-07-16 04:00:00,-243.29,0.0,243.29,500.0,48.7,48.7,False
A27,2020-07-16 06:00:00,-135.7,0.0,135.7,500.0,27.1,27.1,False
A27,2020-07-16 08:00:00,-234.3,0.0,234.3,500.0,46.9,46.9,False
A27,2020-07-16 10:00:00,-161.32,0.0,161.32,500.0,32.3,32.3,False
A27,2020-07-16 12:00:00,-226.14,0.0,226.14,500.0,45.2,45.2,False
A27,2020-07-16 14:00:00,-280.42,0.0,280.42,500.0,56.1,56.1,False
A27,2020-07-16 16:00:00,-269.99,0.0,269.99,500.0,54.0,54.0,False
A27,2020-07-16 18:00:00,-266.51,0.0,266.51,500.0,53.3,53.3,False
A27,2020-07-16 20:00:00,-261.48,0.0,261.48,500.0,52.3,52.3,False
A27,2020-07-16 22:00:00,-278.07,0.0,278.07,500.0,55.6,55.6,False
A28,2020-07-15 00:00:00,219.82,0.0,219.82,500.0,44.0,44.0,False
A28,2020-07-15 01:00:00,234.75,0.0,234.75,500.0,46.9,46.9,False
A28,2020-07-15 02:00:00,196.58,0.0,196.58,500.0,39.3,39.3,False
A28,2020-07-15 03:00:00,191.72,0.0,191.72,500.0,38.3,38.3,False
A28,2020-07-15 04:00:00,142.41,0.0,142.41,500.0,28.5,28.5,False
A28,2020-07-15 05:00:00,133.53,0.0,133.53,500.0,26.7,26.7,False
A28,2020-07-15 06:00:00,186.52,0.0,186.52,500.0,37.3,37.3,False
A28,2020-07-15 07:00:00,122.2,0.0,122.2,500.0,24.4,24.4,False
A28,2020-07-15 08:00:00,87.21,0.0,87.21,500.0,17.4,17.4,False
A28,2020-07-15 09:00:00,133.37,0.0,133.37,500.0,26.7,26.7,False
A28,2020-07-15 10:00:00,153.63,0.0,153.63,500.0,30.7,30.7,False
A28,2020-07-15 11:00:00,100.13,0.0,100.13,500.0,20.0,20.0,False
A28,2020-07-15 12:00:00,98.59,0.0,98.59,500.0,19.7,19.7,False
A28,2020-07-15 13:00:00,127.98,0.0,127.98,500.0,25.6,25.6,False
A28,2020-07-15 14:00:00,140.16,0.0,140.16,500.0,28.0,28.0,False
A28,2020-07-15 15:00:00,179.1,0.0,179.1,500.0,35.8,35.8,False
A28,2020-07-15 16:00:00,198.52,0.0,198.52,500.0,39.7,39.7,False
A28,2020-07-15 17:00:00,205.15,0.0,205.15,500.0,41.0,41.0,False
A28,2020-07-15 18:00:00,195.96,0.0,195.96,500.0,39.2,39.2,False
A28,2020-07-15 19:00:00,138.33,0.0,138.33,500.0,27.7,27.7,False
A28,2020-07-15 20:00:00,161.17,0.0,161.17,500.0,32.2,32.2,False
A28,2020-07-15 21:00:00,207.55,0.0,207.55,500.0,41.5,41.5,False
A28,2020-07-15 22:00:00,120.81,0.0,120.81,500.0,24.2,24.2,False
A28,2020-07-15 23:00:00,155.54,0.0,155.54,500.0,31.1,31.1,False
A28,2020-07-16 00:00:00,232.9,0.0,232.9,500.0,46.6,46.6,False
A28,2020-07-16 02:00:00,220.78,0.0,220.78,500.0,44.2,44.2,False
A28,2020-07-16 04:00:00,219.65,0.0,219.65,500.0,43.9,43.9,False
A28,2020-07-16 06:00:00,118.45,0.0,118.45,500.0,23.7,23.7,False
A28,2020-07-16 08:00:00,187.92,0.0,187.92,500.0,37.6,37.6,False
A28,2020-07-16 10:00:00,58.88,0.0,58.88,500.0,11.8,11.8,False
A28,2020-07-16 12:00:00,112.48,0.0,112.48,500.0,22.5,22.5,False
A28,2020-07-16 14:00:00,161.51,0.0,161.51,500.0,32.3,32.3,False
A28,2020-07-16 16:00:00,158.32,0.0,158.32,500.0,31.7,31.7,False
A28,2020-07-16 18:00:00,188.88,0.0,188.88,500.0,37.8,37.8,False
A28,2020-07-16 20:00:00,212.89,0.0,212.89,500.0,42.6,42.6,False
A28,2020-07-16 22:00:00,237.09,0.0,237.09,500.0,47.4,47.4,False
A29,2020-07-15 00:00:00,-27.21,0.0,27.21,500.0,5.4,5.4,False
A29,2020-07-15 01:00:00,-33.74,0.0,33.74,500.0,6.7,6.7,False
A29,2020-07-15 02:00:00,-33.28,0.0,33.28,500.0,6.7,6.7,False
A29,2020-07-15 03:00:00,-28.24,0.0,28.24,500.0,5.6,5.6,False
A29,2020-07-15 04:00:00,1.56,0.0,1.56,500.0,0.3,0.3,False
A29,2020-07-15 05:00:00,-7.2,0.0,7.2,500.0,1.4,1.4,False
A29,2020-07-15 06:00:00,-58.06,0.0,58.06,500.0,11.6,11.6,False
A29,2020-07-15 07:00:00,-28.07,0.0,28.07,500.0,5.6,5.6,False
A29,2020-07-15 08:00:00,0.51,0.0,0.51,500.0,0.1,0.1,False
A29,2020-07-15 09:00:00,-98.76,0.0,98.76,500.0,19.8,19.8,False
A29,2020-07-15 10:00:00,-136.92,0.0,136.92,500.0,27.4,27.4,False
A29,2020-07-15 11:00:00,-110.94,0.0,110.94,500.0,22.2,22.2,False
A29,2020-07-15 12:00:00,-111.99,0.0,111.99,500.0,22.4,22.4,False
A29,2020-07-15 13:00:00,-137.17,0.0,137.17,500.0,27.4,27.4,False
A29,2020-07-15 14:00:00,-135.35,0.0,135.35,500.0,27.1,27.1,False
A29,2020-07-15 15:00:00,-150.62,0.0,150.62,500.0,30.1,30.1,False
A29,2020-07-15 16:00:00,-159.56,0.0,159.56,500.0,31.9,31.9,False
A29,2020-07-15 17:00:00,-157.46,0.0,157.46,500.0,31.5,31.5,False
A29,2020-07-15 18:00:00,-144.62,0.0,144.62,500.0,28.9,28.9,False
A29,2020-07-15 19:00:00,-100.22,0.0,100.22,500.0,20.0,20.0,False
A29,2020-07-15 20:00:00,-95.28,0.0,95.28,500.0,19.1,19.1,False
A29,2020-07-15 21:00:00,-101.24,0.0,101.24,500.0,20.2,20.2,False
A29,2020-07-15 22:00:00,-1.58,0.0,1.58,500.0,0.3,0.3,False
A29,2020-07-15 23:00:00,5.0,0.0,5.0,500.0,1.0,1.0,False
A29,2020-07-16 00:00:00,-62.03,0.0,62.03,500.0,12.4,12.4,False
A29,2020-07-16 02:00:00,-66.37,0.0,66.37,500.0,13.3,13.3,False
A29,2020-07-16 04:00:00,-65.85,0.0,65.85,500.0,13.2,13.2,False
A29,2020-07-16 06:00:00,5.24,0.0,5.24,500.0,1.0,1.0,False
A29,2020-07-16 08:00:00,-143.63,0.0,143.63,500.0,28.7,28.7,False
A29,2020-07-16 10:00:00,-94.46,0.0,94.46,500.0,18.9,18.9,False
A29,2020-07-16 12:00:00,-136.4,0.0,136.4,500.0,27.3,27.3,False
A29,2020-07-16 14:00:00,-159.5,0.0,159.5,500.0,31.9,31.9,False
A29,2020-07-16 16:00:00,-155.56,0.0,155.56,500.0,31.1,31.1,False
A29,2020-07-16 18:00:00,-170.69,0.0,170.69,500.0,34.1,34.1,False
A29,2020-07-16 20:00:00,-175.32,0.0,175.32,500.0,35.1,35.1,False
A29,2020-07-16 22:00:00,-184.46,0.0,184.46,500.0,36.9,36.9,False
A30,2020-07-15 00:00:00,-221.66,0.0,221.66,500.0,44.3,44.3,False
A30,2020-07-15 01:00:00,-208.87,0.0,208.87,500.0,41.8,41.8,False
A30,2020-07-15 02:00:00,-190.26,0.0,190.26,500.0,38.1,38.1,False
A30,2020-07-15 03:00:00,-185.04,0.0,185.04,500.0,37.0,37.0,False
A30,2020-07-15 04:00:00,-171.43,0.0,171.43,500.0,34.3,34.3,False
A30,2020-07-15 05:00:00,-167.79,0.0,167.79,500.0,33.6,33.6,False
A30,2020-07-15 06:00:00,-172.07,0.0,172.07,500.0,34.4,34.4,False
A30,2020-07-15 07:00:00,-160.6,0.0,160.6,500.0,32.1,32.1,False
A30,2020-07-15 08:00:00,-135.26,0.0,135.26,500.0,27.1,27.1,False
A30,2020-07-15 09:00:00,-102.07,0.0,102.07,500.0,20.4,20.4,False
A30,2020-07-15 10:00:00,-96.62,0.0,96.62,500.0,19.3,19.3,False
A30,2020-07-15 11:00:00,-99.27,0.0,99.27,500.0,19.9,19.9,False
A30,2020-07-15 12:00:00,-109.11,0.0,109.11,500.0,21.8,21.8,False
A30,2020-07-15 13:00:00,-121.45,0.0,121.45,500.0,24.3,24.3,False
A30,2020-07-15 14:00:00,-135.02,0.0,135.02,500.0,27.0,27.0,False
A30,2020-07-15 15:00:00,-155.02,0.0,155.02,500.0,31.0,31.0,False
A30,2020-07-15 16:00:00,-170.63,0.0,170.63,500.0,34.1,34.1,False
A30,2020-07-15 17:00:00,-175.92,0.0,175.92,500.0,35.2,35.2,False
A30,2020-07-15 18:00:00,-174.14,0.0,174.14,500.0,34.8,34.8,False
A30,2020-07-15 19:00:00,-160.38,0.0,160.38,500.0,32.1,32.1,False
A30,2020-07-15 20:00:00,-166.49,0.0,166.49,500.0,33.3,33.3,False
A30,2020-07-15 21:00:00,-175.23,0.0,175.23,500.0,35.0,35.0,False
A30,2020-07-15 22:00:00,-168.02,0.0,168.02,500.0,33.6,33.6,False
A30,2020-07-15 23:00:00,-208.59,0.0,208.59,500.0,41.7,41.7,False
A30,2020-07-16 00:00:00,-210.08,0.0,210.08,500.0,42.0,42.0,False
A30,2020-07-16 02:00:00,-197.8,0.0,197.8,500.0,39.6,39.6,False
A30,2020-07-16 04:00:00,-183.48,0.0,183.48,500.0,36.7,36.7,False
A30,2020-07-16 06:00:00,-146.88,0.0,146.88,500.0,29.4,29.4,False
A30,2020-07-16 08:00:00,-96.65,0.0,96.65,500.0,19.3,19.3,False
A30,2020-07-16 10:00:00,-73.0,0.0,73.0,500.0,14.6,14.6,False
A30,2020-07-16 12:00:00,-95.65,0.0,95.65,500.0,19.1,19.1,False
A30,2020-07-16 14:00:00,-126.69,0.0,126.69,500.0,25.3,25.3,False
A30,2020-07-16 16:00:00,-120.26,0.0,120.26,500.0,24.1,24.1,False
A30,2020-07-16 18:00:00,-101.76,0.0,101.76,500.0,20.4,20.4,False
A30,2020-07-16 20:00:00,-92.09,0.0,92.09,500.0,18.4,18.4,False
A30,2020-07-16 22:00:00,-98.66,0.0,98.66,500.0,19.7,19.7,False
A31-1,2020-07-15 00:00:00,-106.66,0.0,106.66,500.0,21.3,21.3,False
A31-1,2020-07-15 01:00:00,-105.12,0.0,105.12,500.0,21.0,21.0,False
A31-1,2020-07-15 02:00:00,-102.89,0.0,102.89,500.0,20.6,20.6,False
A31-1,2020-07-15 03:00:00,-100.45,0.0,100.45,500.0,20.1,20.1,False
A31-1,2020-07-15 04:00:00,-86.98,0.0,86.98,500.0,17.4,17.4,False
A31-1,2020-07-15 05:00:00,-96.96,0.0,96.96,500.0,19.4,19.4,False
A31-1,2020-07-15 06:00:00,-126.81,0.0,126.81,500.0,25.4,25.4,False
A31-1,2020-07-15 07:00:00,-120.86,0.0,120.86,500.0,24.2,24.2,False
A31-1,2020-07-15 08:00:00,-116.2,0.0,116.2,500.0,23.2,23.2,False
A31-1,2020-07-15 09:00:00,-56.8,0.0,56.8,500.0,11.4,11.4,False
A31-1,2020-07-15 10:00:00,-37.32,0.0,37.32,500.0,7.5,7.5,False
A31-1,2020-07-15 11:00:00,-32.82,0.0,32.82,500.0,6.6,6.6,False
A31-1,2020-07-15 12:00:00,-37.62,0.0,37.62,500.0,7.5,7.5,False
A31-1,2020-07-15 13:00:00,-46.85,0.0,46.85,500.0,9.4,9.4,False
A31-1,2020-07-15 14:00:00,-57.04,0.0,57.04,500.0,11.4,11.4,False
A31-1,2020-07-15 15:00:00,-72.16,0.0,72.16,500.0,14.4,14.4,False
A31-1,2020-07-15 16:00:00,-75.26,0.0,75.26,500.0,15.1,15.1,False
A31-1,2020-07-15 17:00:00,-69.87,0.0,69.87,500.0,14.0,14.0,False
A31-1,2020-07-15 18:00:00,-68.6,0.0,68.6,500.0,13.7,13.7,False
A31-1,2020-07-15 19:00:00,-59.88,0.0,59.88,500.0,12.0,12.0,False
A31-1,2020-07-15 20:00:00,-50.5,0.0,50.5,500.0,10.1,10.1,False
A31-1,2020-07-15 21:00:00,-68.53,0.0,68.53,500.0,13.7,13.7,False
A31-1,2020-07-15 22:00:00,-112.94,0.0,112.94,500.0,22.6,22.6,False
A31-1,2020-07-15 23:00:00,-101.12,0.0,101.12,500.0,20.2,20.2,False
A31-1,2020-07-16 00:00:00,-127.51,0.0,127.51,500.0,25.5,25.5,False
A31-1,2020-07-16 02:00:00,-124.41,0.0,124.41,500.0,24.9,24.9,False
A31-1,2020-07-16 04:00:00,-127.72,0.0,127.72,500.0,25.5,25.5,False
A31-1,2020-07-16 06:00:00,-107.86,0.0,107.86,500.0,21.6,21.6,False
A31-1,2020-07-16 08:00:00,-21.37,0.0,21.37,500.0,4.3,4.3,False
A31-1,2020-07-16 10:00:00,-13.8,0.0,13.8,500.0,2.8,2.8,False
A31-1,2020-07-16 12:00:00,-47.43,0.0,47.43,500.0,9.5,9.5,False
A31-1,2020-07-16 14:00:00,-65.19,0.0,65.19,500.0,13.0,13.0,False
A31-1,2020-07-16 16:00:00,-58.92,0.0,58.92,500.0,11.8,11.8,False
A31-1,2020-07-16 18:00:00,-55.57,0.0,55.57,500.0,11.1,11.1,False
A31-1,2020-07-16 20:00:00,-43.39,0.0,43.39,500.0,8.7,8.7,False
A31-1,2020-07-16 22:00:00,-26.63,0.0,26.63,500.0,5.3,5.3,False
A31-2,2020-07-15 00:00:00,-106.66,0.0,106.66,500.0,21.3,21.3,False
A31-2,2020-07-15 01:00:00,-105.12,0.0,105.12,500.0,21.0,21.0,False
A31-2,2020-07-15 02:00:00,-102.89,0.0,102.89,500.0,20.6,20.6,False
A31-2,2020-07-15 03:00:00,-100.45,0.0,100.45,500.0,20.1,20.1,False
A31-2,2020-07-15 04:00:00,-86.98,0.0,86.98,500.0,17.4,17.4,False
A31-2,2020-07-15 05:00:00,-96.96,0.0,96.96,500.0,19.4,19.4,False
A31-2,2020-07-15 06:00:00,-126.81,0.0,126.81,500.0,25.4,25.4,False
A31-2,2020-07-15 07:00:00,-120.86,0.0,120.86,500.0,24.2,24.2,False
A31-2,2020-07-15 08:00:00,-116.2,0.0,116.2,500.0,23.2,23.2,False
A31-2,2020-07-15 09:00:00,-56.8,0.0,56.8,500.0,11.4,11.4,False
A31-2,2020-07-15 10:00:00,-37.32,0.0,37.32,500.0,7.5,7.5,False
A31-2,2020-07-15 11:00:00,-32.82,0.0,32.82,500.0,6.6,6.6,False
A31-2,2020-07-15 12:00:00,-37.62,0.0,37.62,500.0,7.5,7.5,False
A31-2,2020-07-15 13:00:00,-46.85,0.0,46.85,500.0,9.4,9.4,False
A31-2,2020-07-15 14:00:00,-57.04,0.0,57.04,500.0,11.4,11.4,False
A31-2,2020-07-15 15:00:00,-72.16,0.0,72.16,500.0,14.4,14.4,False
A31-2,2020-07-15 16:00:00,-75.26,0.0,75.26,500.0,15.1,15.1,False
A31-2,2020-07-15 17:00:00,-69.87,0.0,69.87,500.0,14.0,14.0,False
A31-2,2020-07-15 18:00:00,-68.6,0.0,68.6,500.0,13.7,13.7,False
A31-2,2020-07-15 19:00:00,-59.88,0.0,59.88,500.0,12.0,12.0,False
A31-2,2020-07-15 20:00:00,-50.5,0.0,50.5,500.0,10.1,10.1,False
A31-2,2020-07-15 21:00:00,-68.53,0.0,68.53,500.0,13.7,13.7,False
A31-2,2020-07-15 22:00:00,-112.94,0.0,112.94,500.0,22.6,22.6,False
A31-2,2020-07-15 23:00:00,-101.12,0.0,101.12,500.0,20.2,20.2,False
A31-2,2020-07-16 00:00:00,-127.51,0.0,127.51,500.0,25.5,25.5,False
A31-2,2020-07-16 02:00:00,-124.41,0.0,124.41,500.0,24.9,24.9,False
A31-2,2020-07-16 04:00:00,-127.72,0.0,127.72,500.0,25.5,25.5,False
A31-2,2020-07-16 06:00:00,-107.86,0.0,107.86,500.0,21.6,21.6,False
A31-2,2020-07-16 08:00:00,-21.37,0.0,21.37,500.0,4.3,4.3,False
A31-2,2020-07-16 10:00:00,-13.8,0.0,13.8,500.0,2.8,2.8,False
A31-2,2020-07-16 12:00:00,-47.43,0.0,47.43,500.0,9.5,9.5,False
A31-2,2020-07-16 14:00:00,-65.19,0.0,65.19,500.0,13.0,13.0,False
A31-2,2020-07-16 16:00:00,-58.92,0.0,58.92,500.0,11.8,11.8,False
A31-2,2020-07-16 18:00:00,-55.57,0.0,55.57,500.0,11.1,11.1,False
A31-2,2020-07-16 20:00:00,-43.39,0.0,43.39,500.0,8.7,8.7,False
A31-2,2020-07-16 22:00:00,-26.63,0.0,26.63,500.0,5.3,5.3,False
A32-1,2020-07-15 00:00:00,58.0,0.0,58.0,500.0,11.6,11.6,False
A32-1,2020-07-15 01:00:00,68.07,0.0,68.07,500.0,13.6,13.6,False
A32-1,2020-07-15 02:00:00,50.04,0.0,50.04,500.0,10.0,10.0,False
A32-1,2020-07-15 03:00:00,47.58,0.0,47.58,500.0,9.5,9.5,False
A32-1,2020-07-15 04:00:00,22.14,0.0,22.14,500.0,4.4,4.4,False
A32-1,2020-07-15 05:00:00,14.75,0.0,14.75,500.0,3.0,3.0,False
A32-1,2020-07-15 06:00:00,39.75,0.0,39.75,500.0,7.9,7.9,False
A32-1,2020-07-15 07:00:00,3.44,0.0,3.44,500.0,0.7,0.7,False
A32-1,2020-07-15 08:00:00,-20.42,0.0,20.42,500.0,4.1,4.1,False
A32-1,2020-07-15 09:00:00,-2.59,0.0,2.59,500.0,0.5,0.5,False
A32-1,2020-07-15 10:00:00,3.43,0.0,3.43,500.0,0.7,0.7,False
A32-1,2020-07-15 11:00:00,-27.19,0.0,27.19,500.0,5.4,5.4,False
A32-1,2020-07-15 12:00:00,-31.9,0.0,31.9,500.0,6.4,6.4,False
A32-1,2020-07-15 13:00:00,-19.96,0.0,19.96,500.0,4.0,4.0,False
A32-1,2020-07-15 14:00:00,-15.63,0.0,15.63,500.0,3.1,3.1,False
A32-1,2020-07-15 15:00:00,3.03,0.0,3.03,500.0,0.6,0.6,False
A32-1,2020-07-15 16:00:00,14.07,0.0,14.07,500.0,2.8,2.8,False
A32-1,2020-07-15 17:00:00,20.23,0.0,20.23,500.0,4.0,4.0,False
A32-1,2020-07-15 18:00:00,19.1,0.0,19.1,500.0,3.8,3.8,False
A32-1,2020-07-15 19:00:00,-8.88,0.0,8.88,500.0,1.8,1.8,False
A32-1,2020-07-15 20:00:00,6.3,0.0,6.3,500.0,1.3,1.3,False
A32-1,2020-07-15 21:00:00,35.81,0.0,35.81,500.0,7.2,7.2,False
A32-1,2020-07-15 22:00:00,-1.96,0.0,1.96,500.0,0.4,0.4,False
A32-1,2020-07-15 23:00:00,20.18,0.0,20.18,500.0,4.0,4.0,False
A32-1,2020-07-16 00:00:00,62.65,0.0,62.65,500.0,12.5,12.5,False
A32-1,2020-07-16 02:00:00,59.64,0.0,59.64,500.0,11.9,11.9,False
A32-1,2020-07-16 04:00:00,56.92,0.0,56.92,500.0,11.4,11.4,False
A32-1,2020-07-16 06:00:00,-2.19,0.0,2.19,500.0,0.4,0.4,False
A32-1,2020-07-16 08:00:00,23.54,0.0,23.54,500.0,4.7,4.7,False
A32-1,2020-07-16 10:00:00,-50.27,0.0,50.27,500.0,10.1,10.1,False
A32-1,2020-07-16 12:00:00,-30.29,0.0,30.29,500.0,6.1,6.1,False
A32-1,2020-07-16 14:00:00,-9.12,0.0,9.12,500.0,1.8,1.8,False
A32-1,2020-07-16 16:00:00,-8.39,0.0,8.39,500.0,1.7,1.7,False
A32-1,2020-07-16 18:00:00,12.79,0.0,12.79,500.0,2.6,2.6,False
A32-1,2020-07-16 20:00:00,32.67,0.0,32.67,500.0,6.5,6.5,False
A32-1,2020-07-16 22:00:00,56.57,0.0,56.57,500.0,11.3,11.3,False
A32-2,2020-07-15 00:00:00,58.0,0.0,58.0,500.0,11.6,11.6,False
A32-2,2020-07-15 01:00:00,68.07,0.0,68.07,500.0,13.6,13.6,False
A32-2,2020-07-15 02:00:00,50.04,0.0,50.04,500.0,10.0,10.0,False
A32-2,2020-07-15 03:00:00,47.58,0.0,47.58,500.0,9.5,9.5,False
A32-2,2020-07-15 04:00:00,22.14,0.0,22.14,500.0,4.4,4.4,False
A32-2,2020-07-15 05:00:00,14.75,0.0,14.75,500.0,3.0,3.0,False
A32-2,2020-07-15 06:00:00,39.75,0.0,39.75,500.0,7.9,7.9,False
A32-2,2020-07-15 07:00:00,3.44,0.0,3.44,500.0,0.7,0.7,False
A32-2,2020-07-15 08:00:00,-20.42,0.0,20.42,500.0,4.1,4.1,False
A32-2,2020-07-15 09:00:00,-2.59,0.0,2.59,500.0,0.5,0.5,False
A32-2,2020-07-15 10:00:00,3.43,0.0,3.43,500.0,0.7,0.7,False
A32-2,2020-07-15 11:00:00,-27.19,0.0,27.19,500.0,5.4,5.4,False
A32-2,2020-07-15 12:00:00,-31.9,0.0,31.9,500.0,6.4,6.4,False
A32-2,2020-07-15 13:00:00,-19.96,0.0,19.96,500.0,4.0,4.0,False
A32-2,2020-07-15 14:00:00,-15.63,0.0,15.63,500.0,3.1,3.1,False
A32-2,2020-07-15 15:00:00,3.03,0.0,3.03,500.0,0.6,0.6,False
A32-2,2020-07-15 16:00:00,14.07,0.0,14.07,500.0,2.8,2.8,False
A32-2,2020-07-15 17:00:00,20.23,0.0,20.23,500.0,4.0,4.0,False
A32-2,2020-07-15 18:00:00,19.1,0.0,19.1,500.0,3.8,3.8,False
A32-2,2020-07-15 19:00:00,-8.88,0.0,8.88,500.0,1.8,1.8,False
A32-2,2020-07-15 20:00:00,6.3,0.0,6.3,500.0,1.3,1.3,False
A32-2,2020-07-15 21:00:00,35.81,0.0,35.81,500.0,7.2,7.2,False
A32-2,2020-07-15 22:00:00,-1.96,0.0,1.96,500.0,0.4,0.4,False
A32-2,2020-07-15 23:00:00,20.18,0.0,20.18,500.0,4.0,4.0,False
A32-2,2020-07-16 00:00:00,62.65,0.0,62.65,500.0,12.5,12.5,False
A32-2,2020-07-16 02:00:00,59.64,0.0,59.64,500.0,11.9,11.9,False
A32-2,2020-07-16 04:00:00,56.92,0.0,56.92,500.0,11.4,11.4,False
A32-2,2020-07-16 06:00:00,-2.19,0.0,2.19,500.0,0.4,0.4,False
A32-2,2020-07-16 08:00:00,23.54,0.0,23.54,500.0,4.7,4.7,False
A32-2,2020-07-16 10:00:00,-50.27,0.0,50.27,500.0,10.1,10.1,False
A32-2,2020-07-16 12:00:00,-30.29,0.0,30.29,500.0,6.1,6.1,False
A32-2,2020-07-16 14:00:00,-9.12,0.0,9.12,500.0,1.8,1.8,False
A32-2,2020-07-16 16:00:00,-8.39,0.0,8.39,500.0,1.7,1.7,False
A32-2,2020-07-16 18:00:00,12.79,0.0,12.79,500.0,2.6,2.6,False
A32-2,2020-07-16 20:00:00,32.67,0.0,32.67,500.0,6.5,6.5,False
A32-2,2020-07-16 22:00:00,56.57,0.0,56.57,500.0,11.3,11.3,False
A33-1,2020-07-15 00:00:00,20.45,0.0,20.45,500.0,4.1,4.1,False
A33-1,2020-07-15 01:00:00,32.34,0.0,32.34,500.0,6.5,6.5,False
A33-1,2020-07-15 02:00:00,15.04,0.0,15.04,500.0,3.0,3.0,False
A33-1,2020-07-15 03:00:00,12.56,0.0,12.56,500.0,2.5,2.5,False
A33-1,2020-07-15 04:00:00,-13.43,0.0,13.43,500.0,2.7,2.7,False
A33-1,2020-07-15 05:00:00,-22.85,0.0,22.85,500.0,4.6,4.6,False
A33-1,2020-07-15 06:00:00,1.67,0.0,1.67,500.0,0.3,0.3,False
A33-1,2020-07-15 07:00:00,-37.08,0.0,37.08,500.0,7.4,7.4,False
A33-1,2020-07-15 08:00:00,-66.16,0.0,66.16,500.0,13.2,13.2,False
A33-1,2020-07-15 09:00:00,-52.25,0.0,52.25,500.0,10.4,10.4,False
A33-1,2020-07-15 10:00:00,-49.15,0.0,49.15,500.0,9.8,9.8,False
A33-1,2020-07-15 11:00:00,-82.49,0.0,82.49,500.0,16.5,16.5,False
A33-1,2020-07-15 12:00:00,-90.06,0.0,90.06,500.0,18.0,18.0,False
A33-1,2020-07-15 13:00:00,-80.02,0.0,80.02,500.0,16.0,16.0,False
A33-1,2020-07-15 14:00:00,-76.95,0.0,76.95,500.0,15.4,15.4,False
A33-1,2020-07-15 15:00:00,-58.82,0.0,58.82,500.0,11.8,11.8,False
A33-1,2020-07-15 16:00:00,-46.76,0.0,46.76,500.0,9.4,9.4,False
A33-1,2020-07-15 17:00:00,-38.47,0.0,38.47,500.0,7.7,7.7,False
A33-1,2020-07-15 18:00:00,-37.15,0.0,37.15,500.0,7.4,7.4,False
A33-1,2020-07-15 19:00:00,-64.96,0.0,64.96,500.0,13.0,13.0,False
A33-1,2020-07-15 20:00:00,-47.14,0.0,47.14,500.0,9.4,9.4,False
A33-1,2020-07-15 21:00:00,-13.13,0.0,13.13,500.0,2.6,2.6,False
A33-1,2020-07-15 22:00:00,-46.96,0.0,46.96,500.0,9.4,9.4,False
A33-1,2020-07-15 23:00:00,-21.35,0.0,21.35,500.0,4.3,4.3,False
A33-1,2020-07-16 00:00:00,23.74,0.0,23.74,500.0,4.7,4.7,False
A33-1,2020-07-16 02:00:00,23.0,0.0,23.0,500.0,4.6,4.6,False
A33-1,2020-07-16 04:00:00,18.63,0.0,18.63,500.0,3.7,3.7,False
A33-1,2020-07-16 06:00:00,-46.48,0.0,46.48,500.0,9.3,9.3,False
A33-1,2020-07-16 08:00:00,-27.14,0.0,27.14,500.0,5.4,5.4,False
A33-1,2020-07-16 10:00:00,-107.54,0.0,107.54,500.0,21.5,21.5,False
A33-1,2020-07-16 12:00:00,-92.36,0.0,92.36,500.0,18.5,18.5,False
A33-1,2020-07-16 14:00:00,-73.53,0.0,73.53,500.0,14.7,14.7,False
A33-1,2020-07-16 16:00:00,-71.17,0.0,71.17,500.0,14.2,14.2,False
A33-1,2020-07-16 18:00:00,-45.82,0.0,45.82,500.0,9.2,9.2,False
A33-1,2020-07-16 20:00:00,-20.36,0.0,20.36,500.0,4.1,4.1,False
A33-1,2020-07-16 22:00:00,12.0,0.0,12.0,500.0,2.4,2.4,False
A33-2,2020-07-15 00:00:00,20.45,0.0,20.45,500.0,4.1,4.1,False
A33-2,2020-07-15 01:00:00,32.34,0.0,32.34,500.0,6.5,6.5,False
A33-2,2020-07-15 02:00:00,15.04,0.0,15.04,500.0,3.0,3.0,False
A33-2,2020-07-15 03:00:00,12.56,0.0,12.56,500.0,2.5,2.5,False
A33-2,2020-07-15 04:00:00,-13.43,0.0,13.43,500.0,2.7,2.7,False
A33-2,2020-07-15 05:00:00,-22.85,0.0,22.85,500.0,4.6,4.6,False
A33-2,2020-07-15 06:00:00,1.67,0.0,1.67,500.0,0.3,0.3,False
A33-2,2020-07-15 07:00:00,-37.08,0.0,37.08,500.0,7.4,7.4,False
A33-2,2020-07-15 08:00:00,-66.16,0.0,66.16,500.0,13.2,13.2,False
A33-2,2020-07-15 09:00:00,-52.25,0.0,52.25,500.0,10.4,10.4,False
A33-2,2020-07-15 10:00:00,-49.15,0.0,49.15,500.0,9.8,9.8,False
A33-2,2020-07-15 11:00:00,-82.49,0.0,82.49,500.0,16.5,16.5,False
A33-2,2020-07-15 12:00:00,-90.06,0.0,90.06,500.0,18.0,18.0,False
A33-2,2020-07-15 13:00:00,-80.02,0.0,80.02,500.0,16.0,16.0,False
A33-2,2020-07-15 14:00:00,-76.95,0.0,76.95,500.0,15.4,15.4,False
A33-2,2020-07-15 15:00:00,-58.82,0.0,58.82,500.0,11.8,11.8,False
A33-2,2020-07-15 16:00:00,-46.76,0.0,46.76,500.0,9.4,9.4,False
A33-2,2020-07-15 17:00:00,-38.47,0.0,38.47,500.0,7.7,7.7,False
A33-2,2020-07-15 18:00:00,-37.15,0.0,37.15,500.0,7.4,7.4,False
A33-2,2020-07-15 19:00:00,-64.96,0.0,64.96,500.0,13.0,13.0,False
A33-2,2020-07-15 20:00:00,-47.14,0.0,47.14,500.0,9.4,9.4,False
A33-2,2020-07-15 21:00:00,-13.13,0.0,13.13,500.0,2.6,2.6,False
A33-2,2020-07-15 22:00:00,-46.96,0.0,46.96,500.0,9.4,9.4,False
A33-2,2020-07-15 23:00:00,-21.35,0.0,21.35,500.0,4.3,4.3,False
A33-2,2020-07-16 00:00:00,23.74,0.0,23.74,500.0,4.7,4.7,False
A33-2,2020-07-16 02:00:00,23.0,0.0,23.0,500.0,4.6,4.6,False
A33-2,2020-07-16 04:00:00,18.63,0.0,18.63,500.0,3.7,3.7,False
A33-2,2020-07-16 06:00:00,-46.48,0.0,46.48,500.0,9.3,9.3,False
A33-2,2020-07-16 08:00:00,-27.14,0.0,27.14,500.0,5.4,5.4,False
A33-2,2020-07-16 10:00:00,-107.54,0.0,107.54,500.0,21.5,21.5,False
A33-2,2020-07-16 12:00:00,-92.36,0.0,92.36,500.0,18.5,18.5,False
A33-2,2020-07-16 14:00:00,-73.53,0.0,73.53,500.0,14.7,14.7,False
A33-2,2020-07-16 16:00:00,-71.17,0.0,71.17,500.0,14.2,14.2,False
A33-2,2020-07-16 18:00:00,-45.82,0.0,45.82,500.0,9.2,9.2,False
A33-2,2020-07-16 20:00:00,-20.36,0.0,20.36,500.0,4.1,4.1,False
A33-2,2020-07-16 22:00:00,12.0,0.0,12.0,500.0,2.4,2.4,False
A34,2020-07-15 00:00:00,-295.89,0.0,295.89,500.0,59.2,59.2,False
A34,2020-07-15 01:00:00,-275.38,0.0,275.38,500.0,55.1,55.1,False
A34,2020-07-15 02:00:00,-247.6,0.0,247.6,500.0,49.5,49.5,False
A34,2020-07-15 03:00:00,-241.49,0.0,241.49,500.0,48.3,48.3,False
A34,2020-07-15 04:00:00,-231.77,0.0,231.77,500.0,46.4,46.4,False
A34,2020-07-15 05:00:00,-220.53,0.0,220.53,500.0,44.1,44.1,False
A34,2020-07-15 06:00:00,-205.26,0.0,205.26,500.0,41.1,41.1,False
A34,2020-07-15 07:00:00,-195.99,0.0,195.99,500.0,39.2,39.2,False
A34,2020-07-15 08:00:00,-164.53,0.0,164.53,500.0,32.9,32.9,False
A34,2020-07-15 09:00:00,-115.55,0.0,115.55,500.0,23.1,23.1,False
A34,2020-07-15 10:00:00,-106.73,0.0,106.73,500.0,21.3,21.3,False
A34,2020-07-15 11:00:00,-117.89,0.0,117.89,500.0,23.6,23.6,False
A34,2020-07-15 12:00:00,-131.04,0.0,131.04,500.0,26.2,26.2,False
A34,2020-07-15 13:00:00,-141.37,0.0,141.37,500.0,28.3,28.3,False
A34,2020-07-15 14:00:00,-158.82,0.0,158.82,500.0,31.8,31.8,False
A34,2020-07-15 15:00:00,-180.76,0.0,180.76,500.0,36.2,36.2,False
A34,2020-07-15 16:00:00,-201.85,0.0,201.85,500.0,40.4,40.4,False
A34,2020-07-15 17:00:00,-212.51,0.0,212.51,500.0,42.5,42.5,False
A34,2020-07-15 18:00:00,-212.88,0.0,212.88,500.0,42.6,42.6,False
A34,2020-07-15 19:00:00,-204.12,0.0,204.12,500.0,40.8,40.8,False
A34,2020-07-15 20:00:00,-218.15,0.0,218.15,500.0,43.6,43.6,False
A34,2020-07-15 21:00:00,-223.53,0.0,223.53,500.0,44.7,44.7,False
A34,2020-07-15 22:00:00,-215.93,0.0,215.93,500.0,43.2,43.2,False
A34,2020-07-15 23:00:00,-284.46,0.0,284.46,500.0,56.9,56.9,False
A34,2020-07-16 00:00:00,-262.86,0.0,262.86,500.0,52.6,52.6,False
A34,2020-07-16 02:00:00,-244.19,0.0,244.19,500.0,48.8,48.8,False
A34,2020-07-16 04:00:00,-220.92,0.0,220.92,500.0,44.2,44.2,False
A34,2020-07-16 06:00:00,-186.64,0.0,186.64,500.0,37.3,37.3,False
A34,2020-07-16 08:00:00,-111.49,0.0,111.49,500.0,22.3,22.3,False
A34,2020-07-16 10:00:00,-87.99,0.0,87.99,500.0,17.6,17.6,False
A34,2020-07-16 12:00:00,-101.48,0.0,101.48,500.0,20.3,20.3,False
A34,2020-07-16 14:00:00,-137.85,0.0,137.85,500.0,27.6,27.6,False
A34,2020-07-16 16:00:00,-131.14,0.0,131.14,500.0,26.2,26.2,False
A34,2020-07-16 18:00:00,-100.74,0.0,100.74,500.0,20.1,20.1,False
A34,2020-07-16 20:00:00,-89.51,0.0,89.51,500.0,17.9,17.9,False
A34,2020-07-16 22:00:00,-104.18,0.0,104.18,500.0,20.8,20.8,False
AB3,2020-07-15 00:00:00,145.04,0.0,145.04,500.0,29.0,29.0,False
AB3,2020-07-15 01:00:00,126.18,0.0,126.18,500.0,25.2,25.2,False
AB3,2020-07-15 02:00:00,110.15,0.0,110.15,500.0,22.0,22.0,False
AB3,2020-07-15 03:00:00,105.29,0.0,105.29,500.0,21.1,21.1,False
AB3,2020-07-15 04:00:00,121.42,0.0,121.42,500.0,24.3,24.3,False
AB3,2020-07-15 05:00:00,90.18,0.0,90.18,500.0,18.0,18.0,False
AB3,2020-07-15 06:00:00,100.27,0.0,100.27,500.0,20.1,20.1,False
AB3,2020-07-15 07:00:00,102.75,0.0,102.75,500.0,20.6,20.6,False
AB3,2020-07-15 08:00:00,104.63,0.0,104.63,500.0,20.9,20.9,False
AB3,2020-07-15 09:00:00,104.15,0.0,104.15,500.0,20.8,20.8,False
AB3,2020-07-15 10:00:00,104.66,0.0,104.66,500.0,20.9,20.9,False
AB3,2020-07-15 11:00:00,19.54,0.0,19.54,500.0,3.9,3.9,False
AB3,2020-07-15 12:00:00,-7.05,0.0,7.05,500.0,1.4,1.4,False
AB3,2020-07-15 13:00:00,-2.41,0.0,2.41,500.0,0.5,0.5,False
AB3,2020-07-15 14:00:00,-1.3,0.0,1.3,500.0,0.3,0.3,False
AB3,2020-07-15 15:00:00,10.28,0.0,10.28,500.0,2.1,2.1,False
AB3,2020-07-15 16:00:00,14.27,0.0,14.27,500.0,2.9,2.9,False
AB3,2020-07-15 17:00:00,22.45,0.0,22.45,500.0,4.5,4.5,False
AB3,2020-07-15 18:00:00,26.3,0.0,26.3,500.0,5.3,5.3,False
AB3,2020-07-15 19:00:00,99.34,0.0,99.34,500.0,19.9,19.9,False
AB3,2020-07-15 20:00:00,74.65,0.0,74.65,500.0,14.9,14.9,False
AB3,2020-07-15 21:00:00,108.98,0.0,108.98,500.0,21.8,21.8,False
AB3,2020-07-15 22:00:00,72.52,0.0,72.52,500.0,14.5,14.5,False
AB3,2020-07-15 23:00:00,112.81,0.0,112.81,500.0,22.6,22.6,False
AB3,2020-07-16 00:00:00,100.08,0.0,100.08,500.0,20.0,20.0,False
AB3,2020-07-16 02:00:00,87.46,0.0,87.46,500.0,17.5,17.5,False
AB3,2020-07-16 04:00:00,101.57,0.0,101.57,500.0,20.3,20.3,False
AB3,2020-07-16 06:00:00,126.64,0.0,126.64,500.0,25.3,25.3,False
AB3,2020-07-16 08:00:00,186.06,0.0,186.06,500.0,37.2,37.2,False
AB3,2020-07-16 10:00:00,6.21,0.0,6.21,500.0,1.2,1.2,False
AB3,2020-07-16 12:00:00,2.55,0.0,2.55,500.0,0.5,0.5,False
AB3,2020-07-16 14:00:00,18.36,0.0,18.36,500.0,3.7,3.7,False
AB3,2020-07-16 16:00:00,31.07,0.0,31.07,500.0,6.2,6.2,False
AB3,2020-07-16 18:00:00,111.41,0.0,111.41,500.0,22.3,22.3,False
AB3,2020-07-16 20:00:00,180.14,0.0,180.14,500.0,36.0,36.0,False
AB3,2020-07-16 22:00:00,219.28,0.0,219.28,500.0,43.9,43.9,False
B1,2020-07-15 00:00:00,1.07,0.0,1.07,175.0,0.6,0.6,False
B1,2020-07-15 01:00:00,0.52,0.0,0.52,175.0,0.3,0.3,False
B1,2020-07-15 02:00:00,-0.21,0.0,0.21,175.0,0.1,0.1,False
B1,2020-07-15 03:00:00,-0.69,0.0,0.69,175.0,0.4,0.4,False
B1,2020-07-15 04:00:00,-0.96,0.0,0.96,175.0,0.5,0.5,False
B1,2020-07-15 05:00:00,-3.7,0.0,3.7,175.0,2.1,2.1,False
B1,2020-07-15 06:00:00,-28.6,0.0,28.6,175.0,16.3,16.3,False
B1,2020-07-15 07:00:00,-14.95,0.0,14.95,175.0,8.5,8.5,False
B1,2020-07-15 08:00:00,-24.2,0.0,24.2,175.0,13.8,13.8,False
B1,2020-07-15 09:00:00,-25.26,0.0,25.26,175.0,14.4,14.4,False
B1,2020-07-15 10:00:00,-35.49,0.0,35.49,175.0,20.3,20.3,False
B1,2020-07-15 11:00:00,-25.64,0.0,25.64,175.0,14.7,14.7,False
B1,2020-07-15 12:00:00,-26.33,0.0,26.33,175.0,15.0,15.0,False
B1,2020-07-15 13:00:00,-25.29,0.0,25.29,175.0,14.4,14.4,False
B1,2020-07-15 14:00:00,-31.1,0.0,31.1,175.0,17.8,17.8,False
B1,2020-07-15 15:00:00,-29.53,0.0,29.53,175.0,16.9,16.9,False
B1,2020-07-15 16:00:00,-34.95,0.0,34.95,175.0,20.0,20.0,False
B1,2020-07-15 17:00:00,-24.22,0.0,24.22,175.0,13.8,13.8,False
B1,2020-07-15 18:00:00,-26.69,0.0,26.69,175.0,15.3,15.3,False
B1,2020-07-15 19:00:00,-38.8,0.0,38.8,175.0,22.2,22.2,False
B1,2020-07-15 20:00:00,-26.51,0.0,26.51,175.0,15.1,15.1,False
B1,2020-07-15 21:00:00,-12.3,0.0,12.3,175.0,7.0,7.0,False
B1,2020-07-15 22:00:00,-26.26,0.0,26.26,175.0,15.0,15.0,False
B1,2020-07-15 23:00:00,-9.72,0.0,9.72,175.0,5.6,5.6,False
B1,2020-07-16 00:00:00,-2.77,0.0,2.77,175.0,1.6,1.6,False
B1,2020-07-16 02:00:00,-4.64,0.0,4.64,175.0,2.7,2.7,False
B1,2020-07-16 04:00:00,-2.95,0.0,2.95,175.0,1.7,1.7,False
B1,2020-07-16 06:00:00,-1.94,0.0,1.94,175.0,1.1,1.1,False
B1,2020-07-16 08:00:00,-19.64,0.0,19.64,175.0,11.2,11.2,False
B1,2020-07-16 10:00:00,-22.35,0.0,22.35,175.0,12.8,12.8,False
B1,2020-07-16 12:00:00,-22.97,0.0,22.97,175.0,13.1,13.1,False
B1,2020-07-16 14:00:00,-21.92,0.0,21.92,175.0,12.5,12.5,False
B1,2020-07-16 16:00:00,-20.71,0.0,20.71,175.0,11.8,11.8,False
B1,2020-07-16 18:00:00,-23.89,0.0,23.89,175.0,13.7,13.7,False
B1,2020-07-16 20:00:00,-16.48,0.0,16.48,175.0,9.4,9.4,False
B1,2020-07-16 22:00:00,-35.68,0.0,35.68,175.0,20.4,20.4,False
B2,2020-07-15 00:00:00,-41.42,0.0,41.42,175.0,23.7,23.7,False
B2,2020-07-15 01:00:00,-39.06,0.0,39.06,175.0,22.3,22.3,False
B2,2020-07-15 02:00:00,-36.8,0.0,36.8,175.0,21.0,21.0,False
B2,2020-07-15 03:00:00,-35.45,0.0,35.45,175.0,20.3,20.3,False
B2,2020-07-15 04:00:00,-34.53,0.0,34.53,175.0,19.7,19.7,False
B2,2020-07-15 05:00:00,-28.92,0.0,28.92,175.0,16.5,16.5,False
B2,2020-07-15 06:00:00,-11.46,0.0,11.46,175.0,6.6,6.6,False
B2,2020-07-15 07:00:00,-18.48,0.0,18.48,175.0,10.6,10.6,False
B2,2020-07-15 08:00:00,-15.24,0.0,15.24,175.0,8.7,8.7,False
B2,2020-07-15 09:00:00,-14.15,0.0,14.15,175.0,8.1,8.1,False
B2,2020-07-15 10:00:00,-6.1,0.0,6.1,175.0,3.5,3.5,False
B2,2020-07-15 11:00:00,-15.88,0.0,15.88,175.0,9.1,9.1,False
B2,2020-07-15 12:00:00,-16.65,0.0,16.65,175.0,9.5,9.5,False
B2,2020-07-15 13:00:00,-18.54,0.0,18.54,175.0,10.6,10.6,False
B2,2020-07-15 14:00:00,-15.91,0.0,15.91,175.0,9.1,9.1,False
B2,2020-07-15 15:00:00,0.7,0.0,0.7,175.0,0.4,0.4,False
B2,2020-07-15 16:00:00,-14.94,0.0,14.94,175.0,8.5,8.5,False
B2,2020-07-15 17:00:00,-21.12,0.0,21.12,175.0,12.1,12.1,False
B2,2020-07-15 18:00:00,-14.3,0.0,14.3,175.0,8.2,8.2,False
B2,2020-07-15 19:00:00,-3.06,0.0,3.06,175.0,1.7,1.7,False
B2,2020-07-15 20:00:00,-15.89,0.0,15.89,175.0,9.1,9.1,False
B2,2020-07-15 21:00:00,-31.29,0.0,31.29,175.0,17.9,17.9,False
B2,2020-07-15 22:00:00,-11.69,0.0,11.69,175.0,6.7,6.7,False
B2,2020-07-15 23:00:00,-31.82,0.0,31.82,175.0,18.2,18.2,False
B2,2020-07-16 00:00:00,-32.39,0.0,32.39,175.0,18.5,18.5,False
B2,2020-07-16 02:00:00,-26.67,0.0,26.67,175.0,15.2,15.2,False
B2,2020-07-16 04:00:00,-30.34,0.0,30.34,175.0,17.3,17.3,False
B2,2020-07-16 06:00:00,-35.6,0.0,35.6,175.0,20.3,20.3,False
B2,2020-07-16 08:00:00,-27.14,0.0,27.14,175.0,15.5,15.5,False
B2,2020-07-16 10:00:00,-25.76,0.0,25.76,175.0,14.7,14.7,False
B2,2020-07-16 12:00:00,-27.6,0.0,27.6,175.0,15.8,15.8,False
B2,2020-07-16 14:00:00,-31.9,0.0,31.9,175.0,18.2,18.2,False
B2,2020-07-16 16:00:00,-34.21,0.0,34.21,175.0,19.5,19.5,False
B2,2020-07-16 18:00:00,-25.34,0.0,25.34,175.0,14.5,14.5,False
B2,2020-07-16 20:00:00,-37.04,0.0,37.04,175.0,21.2,21.2,False
B2,2020-07-16 22:00:00,8.21,0.0,8.21,175.0,4.7,4.7,False
B3,2020-07-15 00:00:00,6.26,0.0,6.26,175.0,3.6,3.6,False
B3,2020-07-15 01:00:00,7.75,0.0,7.75,175.0,4.4,4.4,False
B3,2020-07-15 02:00:00,8.27,0.0,8.27,175.0,4.7,4.7,False
B3,2020-07-15 03:00:00,8.32,0.0,8.32,175.0,4.8,4.8,False
B3,2020-07-15 04:00:00,8.66,0.0,8.66,175.0,5.0,5.0,False
B3,2020-07-15 05:00:00,5.53,0.0,5.53,175.0,3.2,3.2,False
B3,2020-07-15 06:00:00,15.91,0.0,15.91,175.0,9.1,9.1,False
B3,2020-07-15 07:00:00,26.08,0.0,26.08,175.0,14.9,14.9,False
B3,2020-07-15 08:00:00,44.17,0.0,44.17,175.0,25.2,25.2,False
B3,2020-07-15 09:00:00,35.1,0.0,35.1,175.0,20.1,20.1,False
B3,2020-07-15 10:00:00,45.26,0.0,45.26,175.0,25.9,25.9,False
B3,2020-07-15 11:00:00,28.39,0.0,28.39,175.0,16.2,16.2,False
B3,2020-07-15 12:00:00,25.06,0.0,25.06,175.0,14.3,14.3,False
B3,2020-07-15 13:00:00,16.45,0.0,16.45,175.0,9.4,9.4,False
B3,2020-07-15 14:00:00,22.89,0.0,22.89,175.0,13.1,13.1,False
B3,2020-07-15 15:00:00,39.91,0.0,39.91,175.0,22.8,22.8,False
B3,2020-07-15 16:00:00,23.73,0.0,23.73,175.0,13.6,13.6,False
B3,2020-07-15 17:00:00,21.52,0.0,21.52,175.0,12.3,12.3,False
B3,2020-07-15 18:00:00,20.83,0.0,20.83,175.0,11.9,11.9,False
B3,2020-07-15 19:00:00,41.38,0.0,41.38,175.0,23.6,23.6,False
B3,2020-07-15 20:00:00,32.44,0.0,32.44,175.0,18.5,18.5,False
B3,2020-07-15 21:00:00,16.78,0.0,16.78,175.0,9.6,9.6,False
B3,2020-07-15 22:00:00,40.8,0.0,40.8,175.0,23.3,23.3,False
B3,2020-07-15 23:00:00,27.86,0.0,27.86,175.0,15.9,15.9,False
B3,2020-07-16 00:00:00,3.92,0.0,3.92,175.0,2.2,2.2,False
B3,2020-07-16 02:00:00,4.97,0.0,4.97,175.0,2.8,2.8,False
B3,2020-07-16 04:00:00,6.61,0.0,6.61,175.0,3.8,3.8,False
B3,2020-07-16 06:00:00,2.25,0.0,2.25,175.0,1.3,1.3,False
B3,2020-07-16 08:00:00,45.07,0.0,45.07,175.0,25.8,25.8,False
B3,2020-07-16 10:00:00,34.82,0.0,34.82,175.0,19.9,19.9,False
B3,2020-07-16 12:00:00,28.77,0.0,28.77,175.0,16.4,16.4,False
B3,2020-07-16 14:00:00,26.27,0.0,26.27,175.0,15.0,15.0,False
B3,2020-07-16 16:00:00,27.93,0.0,27.93,175.0,16.0,16.0,False
B3,2020-07-16 18:00:00,28.37,0.0,28.37,175.0,16.2,16.2,False
B3,2020-07-16 20:00:00,42.77,0.0,42.77,175.0,24.4,24.4,False
B3,2020-07-16 22:00:00,31.09,0.0,31.09,175.0,17.8,17.8,False
B4,2020-07-15 00:00:00,-5.05,0.0,5.05,175.0,2.9,2.9,False
B4,2020-07-15 01:00:00,-3.44,0.0,3.44,175.0,2.0,2.0,False
B4,2020-07-15 02:00:00,-2.55,0.0,2.55,175.0,1.5,1.5,False
B4,2020-07-15 03:00:00,-2.21,0.0,2.21,175.0,1.3,1.3,False
B4,2020-07-15 04:00:00,-1.75,0.0,1.75,175.0,1.0,1.0,False
B4,2020-07-15 05:00:00,-2.79,0.0,2.79,175.0,1.6,1.6,False
B4,2020-07-15 06:00:00,8.82,0.0,8.82,175.0,5.0,5.0,False
B4,2020-07-15 07:00:00,13.52,0.0,13.52,175.0,7.7,7.7,False
B4,2020-07-15 08:00:00,27.17,0.0,27.17,175.0,15.5,15.5,False
B4,2020-07-15 09:00:00,21.0,0.0,21.0,175.0,12.0,12.0,False
B4,2020-07-15 10:00:00,29.98,0.0,29.98,175.0,17.1,17.1,False
B4,2020-07-15 11:00:00,15.73,0.0,15.73,175.0,9.0,9.0,False
B4,2020-07-15 12:00:00,13.19,0.0,13.19,175.0,7.5,7.5,False
B4,2020-07-15 13:00:00,6.69,0.0,6.69,175.0,3.8,3.8,False
B4,2020-07-15 14:00:00,11.86,0.0,11.86,175.0,6.8,6.8,False
B4,2020-07-15 15:00:00,26.54,0.0,26.54,175.0,15.2,15.2,False
B4,2020-07-15 16:00:00,12.78,0.0,12.78,175.0,7.3,7.3,False
B4,2020-07-15 17:00:00,9.53,0.0,9.53,175.0,5.4,5.4,False
B4,2020-07-15 18:00:00,10.58,0.0,10.58,175.0,6.0,6.0,False
B4,2020-07-15 19:00:00,27.8,0.0,27.8,175.0,15.9,15.9,False
B4,2020-07-15 20:00:00,18.68,0.0,18.68,175.0,10.7,10.7,False
B4,2020-07-15 21:00:00,4.37,0.0,4.37,175.0,2.5,2.5,False
B4,2020-07-15 22:00:00,25.7,0.0,25.7,175.0,14.7,14.7,False
B4,2020-07-15 23:00:00,12.26,0.0,12.26,175.0,7.0,7.0,False
B4,2020-07-16 00:00:00,-4.72,0.0,4.72,175.0,2.7,2.7,False
B4,2020-07-16 02:00:00,-2.72,0.0,2.72,175.0,1.6,1.6,False
B4,2020-07-16 04:00:00,-2.3,0.0,2.3,175.0,1.3,1.3,False
B4,2020-07-16 06:00:00,-6.65,0.0,6.65,175.0,3.8,3.8,False
B4,2020-07-16 08:00:00,25.32,0.0,25.32,175.0,14.5,14.5,False
B4,2020-07-16 10:00:00,18.2,0.0,18.2,175.0,10.4,10.4,False
B4,2020-07-16 12:00:00,13.39,0.0,13.39,175.0,7.7,7.7,False
B4,2020-07-16 14:00:00,10.6,0.0,10.6,175.0,6.1,6.1,False
B4,2020-07-16 16:00:00,11.29,0.0,11.29,175.0,6.5,6.5,False
B4,2020-07-16 18:00:00,13.61,0.0,13.61,175.0,7.8,7.8,False
B4,2020-07-16 20:00:00,21.43,0.0,21.43,175.0,12.2,12.2,False
B4,2020-07-16 22:00:00,23.05,0.0,23.05,175.0,13.2,13.2,False
B5,2020-07-15 00:00:00,7.97,0.0,7.97,175.0,4.6,4.6,False
B5,2020-07-15 01:00:00,8.76,0.0,8.76,175.0,5.0,5.0,False
B5,2020-07-15 02:00:00,8.98,0.0,8.98,175.0,5.1,5.1,False
B5,2020-07-15 03:00:00,8.98,0.0,8.98,175.0,5.1,5.1,False
B5,2020-07-15 04:00:00,9.15,0.0,9.15,175.0,5.2,5.2,False
B5,2020-07-15 05:00:00,7.26,0.0,7.26,175.0,4.1,4.1,False
B5,2020-07-15 06:00:00,16.51,0.0,16.51,175.0,9.4,9.4,False
B5,2020-07-15 07:00:00,23.5,0.0,23.5,175.0,13.4,13.4,False
B5,2020-07-15 08:00:00,36.31,0.0,36.31,175.0,20.7,20.7,False
B5,2020-07-15 09:00:00,30.35,0.0,30.35,175.0,17.3,17.3,False
B5,2020-07-15 10:00:00,38.18,0.0,38.18,175.0,21.8,21.8,False
B5,2020-07-15 11:00:00,26.45,0.0,26.45,175.0,15.1,15.1,False
B5,2020-07-15 12:00:00,24.44,0.0,24.44,175.0,14.0,14.0,False
B5,2020-07-15 13:00:00,18.73,0.0,18.73,175.0,10.7,10.7,False
B5,2020-07-15 14:00:00,23.75,0.0,23.75,175.0,13.6,13.6,False
B5,2020-07-15 15:00:00,35.44,0.0,35.44,175.0,20.3,20.3,False
B5,2020-07-15 16:00:00,24.73,0.0,24.73,175.0,14.1,14.1,False
B5,2020-07-15 17:00:00,22.55,0.0,22.55,175.0,12.9,12.9,False
B5,2020-07-15 18:00:00,21.93,0.0,21.93,175.0,12.5,12.5,False
B5,2020-07-15 19:00:00,36.12,0.0,36.12,175.0,20.6,20.6,False
B5,2020-07-15 20:00:00,28.98,0.0,28.98,175.0,16.6,16.6,False
B5,2020-07-15 21:00:00,17.04,0.0,17.04,175.0,9.7,9.7,False
B5,2020-07-15 22:00:00,33.72,0.0,33.72,175.0,19.3,19.3,False
B5,2020-07-15 23:00:00,23.58,0.0,23.58,175.0,13.5,13.5,False
B5,2020-07-16 00:00:00,6.35,0.0,6.35,175.0,3.6,3.6,False
B5,2020-07-16 02:00:00,6.95,0.0,6.95,175.0,4.0,4.0,False
B5,2020-07-16 04:00:00,7.83,0.0,7.83,175.0,4.5,4.5,False
B5,2020-07-16 06:00:00,5.46,0.0,5.46,175.0,3.1,3.1,False
B5,2020-07-16 08:00:00,36.65,0.0,36.65,175.0,20.9,20.9,False
B5,2020-07-16 10:00:00,30.62,0.0,30.62,175.0,17.5,17.5,False
B5,2020-07-16 12:00:00,27.2,0.0,27.2,175.0,15.5,15.5,False
B5,2020-07-16 14:00:00,25.89,0.0,25.89,175.0,14.8,14.8,False
B5,2020-07-16 16:00:00,26.91,0.0,26.91,175.0,15.4,15.4,False
B5,2020-07-16 18:00:00,26.9,0.0,26.9,175.0,15.4,15.4,False
B5,2020-07-16 20:00:00,35.58,0.0,35.58,175.0,20.3,20.3,False
B5,2020-07-16 22:00:00,27.74,0.0,27.74,175.0,15.9,15.9,False
B6,2020-07-15 00:00:00,23.8,0.0,23.8,175.0,13.6,13.6,False
B6,2020-07-15 01:00:00,24.63,0.0,24.63,175.0,14.1,14.1,False
B6,2020-07-15 02:00:00,23.46,0.0,23.46,175.0,13.4,13.4,False
B6,2020-07-15 03:00:00,22.24,0.0,22.24,175.0,12.7,12.7,False
B6,2020-07-15 04:00:00,22.04,0.0,22.04,175.0,12.6,12.6,False
B6,2020-07-15 05:00:00,9.71,0.0,9.71,175.0,5.5,5.5,False
B6,2020-07-15 06:00:00,-0.98,0.0,0.98,175.0,0.6,0.6,False
B6,2020-07-15 07:00:00,21.6,0.0,21.6,175.0,12.3,12.3,False
B6,2020-07-15 08:00:00,33.37,0.0,33.37,175.0,19.1,19.1,False
B6,2020-07-15 09:00:00,15.56,0.0,15.56,175.0,8.9,8.9,False
B6,2020-07-15 10:00:00,14.67,0.0,14.67,175.0,8.4,8.4,False
B6,2020-07-15 11:00:00,2.94,0.0,2.94,175.0,1.7,1.7,False
B6,2020-07-15 12:00:00,-3.35,0.0,3.35,175.0,1.9,1.9,False
B6,2020-07-15 13:00:00,-13.77,0.0,13.77,175.0,7.9,7.9,False
B6,2020-07-15 14:00:00,-11.66,0.0,11.66,175.0,6.7,6.7,False
B6,2020-07-15 15:00:00,-13.16,0.0,13.16,175.0,7.5,7.5,False
B6,2020-07-15 16:00:00,-12.05,0.0,12.05,175.0,6.9,6.9,False
B6,2020-07-15 17:00:00,-4.39,0.0,4.39,175.0,2.5,2.5,False
B6,2020-07-15 18:00:00,-12.16,0.0,12.16,175.0,7.0,7.0,False
B6,2020-07-15 19:00:00,-1.03,0.0,1.03,175.0,0.6,0.6,False
B6,2020-07-15 20:00:00,8.17,0.0,8.17,175.0,4.7,4.7,False
B6,2020-07-15 21:00:00,13.06,0.0,13.06,175.0,7.5,7.5,False
B6,2020-07-15 22:00:00,22.03,0.0,22.03,175.0,12.6,12.6,False
B6,2020-07-15 23:00:00,37.62,0.0,37.62,175.0,21.5,21.5,False
B6,2020-07-16 00:00:00,9.65,0.0,9.65,175.0,5.5,5.5,False
B6,2020-07-16 02:00:00,6.32,0.0,6.32,175.0,3.6,3.6,False
B6,2020-07-16 04:00:00,13.37,0.0,13.37,175.0,7.6,7.6,False
B6,2020-07-16 06:00:00,9.25,0.0,9.25,175.0,5.3,5.3,False
B6,2020-07-16 08:00:00,46.79,0.0,46.79,175.0,26.7,26.7,False
B6,2020-07-16 10:00:00,23.22,0.0,23.22,175.0,13.3,13.3,False
B6,2020-07-16 12:00:00,12.04,0.0,12.04,175.0,6.9,6.9,False
B6,2020-07-16 14:00:00,10.96,0.0,10.96,175.0,6.3,6.3,False
B6,2020-07-16 16:00:00,16.87,0.0,16.87,175.0,9.6,9.6,False
B6,2020-07-16 18:00:00,8.9,0.0,8.9,175.0,5.1,5.1,False
B6,2020-07-16 20:00:00,51.76,0.0,51.76,175.0,29.6,29.6,False
B6,2020-07-16 22:00:00,-18.75,0.0,18.75,175.0,10.7,10.7,False
B7,2020-07-15 00:00:00,-87.56,0.0,87.56,400.0,21.9,21.9,False
B7,2020-07-15 01:00:00,-79.09,0.0,79.09,400.0,19.8,19.8,False
B7,2020-07-15 02:00:00,-73.36,0.0,73.36,400.0,18.3,18.3,False
B7,2020-07-15 03:00:00,-71.77,0.0,71.77,400.0,17.9,17.9,False
B7,2020-07-15 04:00:00,-73.33,0.0,73.33,400.0,18.3,18.3,False
B7,2020-07-15 05:00:00,-73.56,0.0,73.56,400.0,18.4,18.4,False
B7,2020-07-15 06:00:00,-75.08,0.0,75.08,400.0,18.8,18.8,False
B7,2020-07-15 07:00:00,-63.54,0.0,63.54,400.0,15.9,15.9,False
B7,2020-07-15 08:00:00,-60.01,0.0,60.01,400.0,15.0,15.0,False
B7,2020-07-15 09:00:00,-74.35,0.0,74.35,400.0,18.6,18.6,False
B7,2020-07-15 10:00:00,-71.82,0.0,71.82,400.0,18.0,18.0,False
B7,2020-07-15 11:00:00,-97.98,0.0,97.98,400.0,24.5,24.5,False
B7,2020-07-15 12:00:00,-109.83,0.0,109.83,400.0,27.5,27.5,False
B7,2020-07-15 13:00:00,-127.38,0.0,127.38,400.0,31.8,31.8,False
B7,2020-07-15 14:00:00,-114.54,0.0,114.54,400.0,28.6,28.6,False
B7,2020-07-15 15:00:00,-107.17,0.0,107.17,400.0,26.8,26.8,False
B7,2020-07-15 16:00:00,-116.34,0.0,116.34,400.0,29.1,29.1,False
B7,2020-07-15 17:00:00,-122.18,0.0,122.18,400.0,30.5,30.5,False
B7,2020-07-15 18:00:00,-106.65,0.0,106.65,400.0,26.7,26.7,False
B7,2020-07-15 19:00:00,-59.11,0.0,59.11,400.0,14.8,14.8,False
B7,2020-07-15 20:00:00,-64.46,0.0,64.46,400.0,16.1,16.1,False
B7,2020-07-15 21:00:00,-79.35,0.0,79.35,400.0,19.8,19.8,False
B7,2020-07-15 22:00:00,-70.62,0.0,70.62,400.0,17.7,17.7,False
B7,2020-07-15 23:00:00,-78.28,0.0,78.28,400.0,19.6,19.6,False
B7,2020-07-16 00:00:00,-75.62,0.0,75.62,400.0,18.9,18.9,False
B7,2020-07-16 02:00:00,-68.28,0.0,68.28,400.0,17.1,17.1,False
B7,2020-07-16 04:00:00,-68.08,0.0,68.08,400.0,17.0,17.0,False
B7,2020-07-16 06:00:00,-95.89,0.0,95.89,400.0,24.0,24.0,False
B7,2020-07-16 08:00:00,-67.59,0.0,67.59,400.0,16.9,16.9,False
B7,2020-07-16 10:00:00,-105.81,0.0,105.81,400.0,26.5,26.5,False
B7,2020-07-16 12:00:00,-121.57,0.0,121.57,400.0,30.4,30.4,False
B7,2020-07-16 14:00:00,-133.4,0.0,133.4,400.0,33.4,33.4,False
B7,2020-07-16 16:00:00,-132.2,0.0,132.2,400.0,33.1,33.1,False
B7,2020-07-16 18:00:00,-93.18,0.0,93.18,400.0,23.3,23.3,False
B7,2020-07-16 20:00:00,-94.48,0.0,94.48,400.0,23.6,23.6,False
B7,2020-07-16 22:00:00,-105.94,0.0,105.94,400.0,26.5,26.5,False
B8,2020-07-15 00:00:00,-50.79,0.0,50.79,175.0,29.0,29.0,False
B8,2020-07-15 01:00:00,-46.94,0.0,46.94,175.0,26.8,26.8,False
B8,2020-07-15 02:00:00,-44.68,0.0,44.68,175.0,25.5,25.5,False
B8,2020-07-15 03:00:00,-43.7,0.0,43.7,175.0,25.0,25.0,False
B8,2020-07-15 04:00:00,-42.56,0.0,42.56,175.0,24.3,24.3,False
B8,2020-07-15 05:00:00,-43.65,0.0,43.65,175.0,24.9,24.9,False
B8,2020-07-15 06:00:00,-31.29,0.0,31.29,175.0,17.9,17.9,False
B8,2020-07-15 07:00:00,-27.28,0.0,27.28,175.0,15.6,15.6,False
B8,2020-07-15 08:00:00,-22.66,0.0,22.66,175.0,12.9,12.9,False
B8,2020-07-15 09:00:00,-33.14,0.0,33.14,175.0,18.9,18.9,False
B8,2020-07-15 10:00:00,-27.44,0.0,27.44,175.0,15.7,15.7,False
B8,2020-07-15 11:00:00,-44.61,0.0,44.61,175.0,25.5,25.5,False
B8,2020-07-15 12:00:00,-50.18,0.0,50.18,175.0,28.7,28.7,False
B8,2020-07-15 13:00:00,-58.13,0.0,58.13,175.0,33.2,33.2,False
B8,2020-07-15 14:00:00,-55.92,0.0,55.92,175.0,32.0,32.0,False
B8,2020-07-15 15:00:00,-42.08,0.0,42.08,175.0,24.0,24.0,False
B8,2020-07-15 16:00:00,-55.02,0.0,55.02,175.0,31.4,31.4,False
B8,2020-07-15 17:00:00,-56.25,0.0,56.25,175.0,32.1,32.1,False
B8,2020-07-15 18:00:00,-52.25,0.0,52.25,175.0,29.9,29.9,False
B8,2020-07-15 19:00:00,-36.11,0.0,36.11,175.0,20.6,20.6,False
B8,2020-07-15 20:00:00,-42.14,0.0,42.14,175.0,24.1,24.1,False
B8,2020-07-15 21:00:00,-52.22,0.0,52.22,175.0,29.8,29.8,False
B8,2020-07-15 22:00:00,-26.36,0.0,26.36,175.0,15.1,15.1,False
B8,2020-07-15 23:00:00,-35.17,0.0,35.17,175.0,20.1,20.1,False
B8,2020-07-16 00:00:00,-48.54,0.0,48.54,175.0,27.7,27.7,False
B8,2020-07-16 02:00:00,-42.93,0.0,42.93,175.0,24.5,24.5,False
B8,2020-07-16 04:00:00,-43.04,0.0,43.04,175.0,24.6,24.6,False
B8,2020-07-16 06:00:00,-53.25,0.0,53.25,175.0,30.4,30.4,False
B8,2020-07-16 08:00:00,-29.8,0.0,29.8,175.0,17.0,17.0,False
B8,2020-07-16 10:00:00,-44.91,0.0,44.91,175.0,25.7,25.7,False
B8,2020-07-16 12:00:00,-55.48,0.0,55.48,175.0,31.7,31.7,False
B8,2020-07-16 14:00:00,-62.17,0.0,62.17,175.0,35.5,35.5,False
B8,2020-07-16 16:00:00,-61.1,0.0,61.1,175.0,34.9,34.9,False
B8,2020-07-16 18:00:00,-54.63,0.0,54.63,175.0,31.2,31.2,False
B8,2020-07-16 20:00:00,-39.87,0.0,39.87,175.0,22.8,22.8,False
B8,2020-07-16 22:00:00,-28.13,0.0,28.13,175.0,16.1,16.1,False
B9,2020-07-15 00:00:00,-37.86,0.0,37.86,175.0,21.6,21.6,False
B9,2020-07-15 01:00:00,-34.22,0.0,34.22,175.0,19.6,19.6,False
B9,2020-07-15 02:00:00,-32.4,0.0,32.4,175.0,18.5,18.5,False
B9,2020-07-15 03:00:00,-31.73,0.0,31.73,175.0,18.1,18.1,False
B9,2020-07-15 04:00:00,-30.74,0.0,30.74,175.0,17.6,17.6,False
B9,2020-07-15 05:00:00,-33.9,0.0,33.9,175.0,19.4,19.4,False
B9,2020-07-15 06:00:00,-22.63,0.0,22.63,175.0,12.9,12.9,False
B9,2020-07-15 07:00:00,-13.0,0.0,13.0,175.0,7.4,7.4,False
B9,2020-07-15 08:00:00,-3.76,0.0,3.76,175.0,2.2,2.2,False
B9,2020-07-15 09:00:00,-17.03,0.0,17.03,175.0,9.7,9.7,False
B9,2020-07-15 10:00:00,-10.02,0.0,10.02,175.0,5.7,5.7,False
B9,2020-07-15 11:00:00,-29.68,0.0,29.68,175.0,17.0,17.0,False
B9,2020-07-15 12:00:00,-35.94,0.0,35.94,175.0,20.5,20.5,False
B9,2020-07-15 13:00:00,-45.94,0.0,45.94,175.0,26.3,26.3,False
B9,2020-07-15 14:00:00,-42.34,0.0,42.34,175.0,24.2,24.2,False
B9,2020-07-15 15:00:00,-26.11,0.0,26.11,175.0,14.9,14.9,False
B9,2020-07-15 16:00:00,-41.48,0.0,41.48,175.0,23.7,23.7,False
B9,2020-07-15 17:00:00,-41.73,0.0,41.73,175.0,23.8,23.8,False
B9,2020-07-15 18:00:00,-39.57,0.0,39.57,175.0,22.6,22.6,False
B9,2020-07-15 19:00:00,-20.19,0.0,20.19,175.0,11.5,11.5,False
B9,2020-07-15 20:00:00,-26.17,0.0,26.17,175.0,15.0,15.0,False
B9,2020-07-15 21:00:00,-37.75,0.0,37.75,175.0,21.6,21.6,False
B9,2020-07-15 22:00:00,-9.4,0.0,9.4,175.0,5.4,5.4,False
B9,2020-07-15 23:00:00,-17.87,0.0,17.87,175.0,10.2,10.2,False
B9,2020-07-16 00:00:00,-38.36,0.0,38.36,175.0,21.9,21.9,False
B9,2020-07-16 02:00:00,-33.81,0.0,33.81,175.0,19.3,19.3,False
B9,2020-07-16 04:00:00,-32.72,0.0,32.72,175.0,18.7,18.7,False
B9,2020-07-16 06:00:00,-42.71,0.0,42.71,175.0,24.4,24.4,False
B9,2020-07-16 08:00:00,-8.05,0.0,8.05,175.0,4.6,4.6,False
B9,2020-07-16 10:00:00,-25.98,0.0,25.98,175.0,14.8,14.8,False
B9,2020-07-16 12:00:00,-37.54,0.0,37.54,175.0,21.5,21.5,False
B9,2020-07-16 14:00:00,-43.78,0.0,43.78,175.0,25.0,25.0,False
B9,2020-07-16 16:00:00,-41.76,0.0,41.76,175.0,23.9,23.9,False
B9,2020-07-16 18:00:00,-37.34,0.0,37.34,175.0,21.3,21.3,False
B9,2020-07-16 20:00:00,-16.29,0.0,16.29,175.0,9.3,9.3,False
B9,2020-07-16 22:00:00,-18.22,0.0,18.22,175.0,10.4,10.4,False
B10,2020-07-15 00:00:00,-71.22,0.0,71.22,175.0,40.7,40.7,False
B10,2020-07-15 01:00:00,-66.26,0.0,66.26,175.0,37.9,37.9,False
B10,2020-07-15 02:00:00,-63.43,0.0,63.43,175.0,36.2,36.2,False
B10,2020-07-15 03:00:00,-62.29,0.0,62.29,175.0,35.6,35.6,False
B10,2020-07-15 04:00:00,-60.85,0.0,60.85,175.0,34.8,34.8,False
B10,2020-07-15 05:00:00,-63.19,0.0,63.19,175.0,36.1,36.1,False
B10,2020-07-15 06:00:00,-55.86,0.0,55.86,175.0,31.9,31.9,False
B10,2020-07-15 07:00:00,-52.96,0.0,52.96,175.0,30.3,30.3,False
B10,2020-07-15 08:00:00,-52.6,0.0,52.6,175.0,30.1,30.1,False
B10,2020-07-15 09:00:00,-65.38,0.0,65.38,175.0,37.4,37.4,False
B10,2020-07-15 10:00:00,-63.41,0.0,63.41,175.0,36.2,36.2,False
B10,2020-07-15 11:00:00,-80.61,0.0,80.61,175.0,46.1,46.1,False
B10,2020-07-15 12:00:00,-87.82,0.0,87.82,175.0,50.2,50.2,False
B10,2020-07-15 13:00:00,-96.49,0.0,96.49,175.0,55.1,55.1,False
B10,2020-07-15 14:00:00,-96.79,0.0,96.79,175.0,55.3,55.3,False
B10,2020-07-15 15:00:00,-86.85,0.0,86.85,175.0,49.6,49.6,False
B10,2020-07-15 16:00:00,-96.59,0.0,96.59,175.0,55.2,55.2,False
B10,2020-07-15 17:00:00,-95.65,0.0,95.65,175.0,54.7,54.7,False
B10,2020-07-15 18:00:00,-90.93,0.0,90.93,175.0,52.0,52.0,False
B10,2020-07-15 19:00:00,-76.24,0.0,76.24,175.0,43.6,43.6,False
B10,2020-07-15 20:00:00,-77.68,0.0,77.68,175.0,44.4,44.4,False
B10,2020-07-15 21:00:00,-81.9,0.0,81.9,175.0,46.8,46.8,False
B10,2020-07-15 22:00:00,-56.8,0.0,56.8,175.0,32.5,32.5,False
B10,2020-07-15 23:00:00,-58.95,0.0,58.95,175.0,33.7,33.7,False
B10,2020-07-16 00:00:00,-69.23,0.0,69.23,175.0,39.6,39.6,False
B10,2020-07-16 02:00:00,-62.67,0.0,62.67,175.0,35.8,35.8,False
B10,2020-07-16 04:00:00,-61.98,0.0,61.98,175.0,35.4,35.4,False
B10,2020-07-16 06:00:00,-75.22,0.0,75.22,175.0,43.0,43.0,False
B10,2020-07-16 08:00:00,-59.65,0.0,59.65,175.0,34.1,34.1,False
B10,2020-07-16 10:00:00,-80.22,0.0,80.22,175.0,45.8,45.8,False
B10,2020-07-16 12:00:00,-94.41,0.0,94.41,175.0,54.0,54.0,False
B10,2020-07-16 14:00:00,-103.01,0.0,103.01,175.0,58.9,58.9,False
B10,2020-07-16 16:00:00,-101.27,0.0,101.27,175.0,57.9,57.9,False
B10,2020-07-16 18:00:00,-93.53,0.0,93.53,175.0,53.4,53.4,False
B10,2020-07-16 20:00:00,-72.11,0.0,72.11,175.0,41.2,41.2,False
B10,2020-07-16 22:00:00,-62.1,0.0,62.1,175.0,35.5,35.5,False
B11,2020-07-15 00:00:00,-29.26,0.0,29.26,175.0,16.7,16.7,False
B11,2020-07-15 01:00:00,-25.43,0.0,25.43,175.0,14.5,14.5,False
B11,2020-07-15 02:00:00,-23.03,0.0,23.03,175.0,13.2,13.2,False
B11,2020-07-15 03:00:00,-21.98,0.0,21.98,175.0,12.6,12.6,False
B11,2020-07-15 04:00:00,-20.82,0.0,20.82,175.0,11.9,11.9,False
B11,2020-07-15 05:00:00,-21.2,0.0,21.2,175.0,12.1,12.1,False
B11,2020-07-15 06:00:00,-22.64,0.0,22.64,175.0,12.9,12.9,False
B11,2020-07-15 07:00:00,-26.14,0.0,26.14,175.0,14.9,14.9,False
B11,2020-07-15 08:00:00,13.28,0.0,13.28,175.0,7.6,7.6,False
B11,2020-07-15 09:00:00,-13.99,0.0,13.99,175.0,8.0,8.0,False
B11,2020-07-15 10:00:00,0.39,0.0,0.39,175.0,0.2,0.2,False
B11,2020-07-15 11:00:00,-48.61,0.0,48.61,175.0,27.8,27.8,False
B11,2020-07-15 12:00:00,-53.27,0.0,53.27,175.0,30.4,30.4,False
B11,2020-07-15 13:00:00,-29.37,0.0,29.37,175.0,16.8,16.8,False
B11,2020-07-15 14:00:00,-17.78,0.0,17.78,175.0,10.2,10.2,False
B11,2020-07-15 15:00:00,-9.19,0.0,9.19,175.0,5.3,5.3,False
B11,2020-07-15 16:00:00,-7.65,0.0,7.65,175.0,4.4,4.4,False
B11,2020-07-15 17:00:00,-59.04,0.0,59.04,175.0,33.7,33.7,False
B11,2020-07-15 18:00:00,-48.37,0.0,48.37,175.0,27.6,27.6,False
B11,2020-07-15 19:00:00,6.23,0.0,6.23,175.0,3.6,3.6,False
B11,2020-07-15 20:00:00,-21.53,0.0,21.53,175.0,12.3,12.3,False
B11,2020-07-15 21:00:00,-91.43,0.0,91.43,175.0,52.2,52.2,False
B11,2020-07-15 22:00:00,-83.69,0.0,83.69,175.0,47.8,47.8,False
B11,2020-07-15 23:00:00,-76.3,0.0,76.3,175.0,43.6,43.6,False
B11,2020-07-16 00:00:00,-69.94,0.0,69.94,175.0,40.0,40.0,False
B11,2020-07-16 02:00:00,-64.41,0.0,64.41,175.0,36.8,36.8,False
B11,2020-07-16 04:00:00,-64.65,0.0,64.65,175.0,36.9,36.9,False
B11,2020-07-16 06:00:00,-74.63,0.0,74.63,175.0,42.6,42.6,False
B11,2020-07-16 08:00:00,-88.99,0.0,88.99,175.0,50.9,50.9,False
B11,2020-07-16 10:00:00,-102.38,0.0,102.38,175.0,58.5,58.5,False
B11,2020-07-16 12:00:00,-112.26,0.0,112.26,175.0,64.1,64.1,False
B11,2020-07-16 14:00:00,-118.94,0.0,118.94,175.0,68.0,68.0,False
B11,2020-07-16 16:00:00,-118.28,0.0,118.28,175.0,67.6,67.6,False
B11,2020-07-16 18:00:00,-111.17,0.0,111.17,175.0,63.5,63.5,False
B11,2020-07-16 20:00:00,-99.47,0.0,99.47,175.0,56.8,56.8,False
B11,2020-07-16 22:00:00,-82.98,0.0,82.98,175.0,47.4,47.4,False
B12-1,2020-07-15 00:00:00,-73.09,0.0,73.09,175.0,41.8,41.8,False
B12-1,2020-07-15 01:00:00,-68.09,0.0,68.09,175.0,38.9,38.9,False
B12-1,2020-07-15 02:00:00,-64.82,0.0,64.82,175.0,37.0,37.0,False
B12-1,2020-07-15 03:00:00,-63.36,0.0,63.36,175.0,36.2,36.2,False
B12-1,2020-07-15 04:00:00,-61.82,0.0,61.82,175.0,35.3,35.3,False
B12-1,2020-07-15 05:00:00,-61.54,0.0,61.54,175.0,35.2,35.2,False
B12-1,2020-07-15 06:00:00,-62.36,0.0,62.36,175.0,35.6,35.6,False
B12-1,2020-07-15 07:00:00,-68.65,0.0,68.65,175.0,39.2,39.2,False
B12-1,2020-07-15 08:00:00,-56.93,0.0,56.93,175.0,32.5,32.5,False
B12-1,2020-07-15 09:00:00,-74.53,0.0,74.53,175.0,42.6,42.6,False
B12-1,2020-07-15 10:00:00,-70.67,0.0,70.67,175.0,40.4,40.4,False
B12-1,2020-07-15 11:00:00,-99.51,0.0,99.51,175.0,56.9,56.9,False
B12-1,2020-07-15 12:00:00,-105.29,0.0,105.29,175.0,60.2,60.2,False
B12-1,2020-07-15 13:00:00,-95.32,0.0,95.32,175.0,54.5,54.5,False
B12-1,2020-07-15 14:00:00,-93.04,0.0,93.04,175.0,53.2,53.2,False
B12-1,2020-07-15 15:00:00,-88.51,0.0,88.51,175.0,50.6,50.6,False
B12-1,2020-07-15 16:00:00,-88.54,0.0,88.54,175.0,50.6,50.6,False
B12-1,2020-07-15 17:00:00,-112.92,0.0,112.92,175.0,64.5,64.5,False
B12-1,2020-07-15 18:00:00,-103.08,0.0,103.08,175.0,58.9,58.9,False
B12-1,2020-07-15 19:00:00,-74.34,0.0,74.34,175.0,42.5,42.5,False
B12-1,2020-07-15 20:00:00,-85.63,0.0,85.63,175.0,48.9,48.9,False
B12-1,2020-07-15 21:00:00,-116.7,0.0,116.7,175.0,66.7,66.7,False
B12-1,2020-07-15 22:00:00,-105.5,0.0,105.5,175.0,60.3,60.3,False
B12-1,2020-07-15 23:00:00,-98.51,0.0,98.51,175.0,56.3,56.3,False
B12-1,2020-07-16 00:00:00,-89.74,0.0,89.74,175.0,51.3,51.3,False
B12-1,2020-07-16 02:00:00,-82.35,0.0,82.35,175.0,47.1,47.1,False
B12-1,2020-07-16 04:00:00,-82.98,0.0,82.98,175.0,47.4,47.4,False
B12-1,2020-07-16 06:00:00,-95.88,0.0,95.88,175.0,54.8,54.8,False
B12-1,2020-07-16 08:00:00,-114.21,0.0,114.21,175.0,65.3,65.3,False
B12-1,2020-07-16 10:00:00,-130.22,0.0,130.22,175.0,74.4,74.4,False
B12-1,2020-07-16 12:00:00,-142.53,0.0,142.53,175.0,81.4,81.4,False
B12-1,2020-07-16 14:00:00,-151.3,0.0,151.3,175.0,86.5,86.5,False
B12-1,2020-07-16 16:00:00,-150.82,0.0,150.82,175.0,86.2,86.2,False
B12-1,2020-07-16 18:00:00,-140.88,0.0,140.88,175.0,80.5,80.5,False
B12-1,2020-07-16 20:00:00,-128.37,0.0,128.37,175.0,73.4,73.4,False
B12-1,2020-07-16 22:00:00,-101.97,0.0,101.97,175.0,58.3,58.3,False
B13-2,2020-07-15 00:00:00,-54.25,0.0,54.25,175.0,31.0,31.0,False
B13-2,2020-07-15 01:00:00,-50.16,0.0,50.16,175.0,28.7,28.7,False
B13-2,2020-07-15 02:00:00,-47.7,0.0,47.7,175.0,27.3,27.3,False
B13-2,2020-07-15 03:00:00,-46.7,0.0,46.7,175.0,26.7,26.7,False
B13-2,2020-07-15 04:00:00,-45.49,0.0,45.49,175.0,26.0,26.0,False
B13-2,2020-07-15 05:00:00,-46.8,0.0,46.8,175.0,26.7,26.7,False
B13-2,2020-07-15 06:00:00,-50.87,0.0,50.87,175.0,29.1,29.1,False
B13-2,2020-07-15 07:00:00,-54.09,0.0,54.09,175.0,30.9,30.9,False
B13-2,2020-07-15 08:00:00,-40.76,0.0,40.76,175.0,23.3,23.3,False
B13-2,2020-07-15 09:00:00,-58.66,0.0,58.66,175.0,33.5,33.5,False
B13-2,2020-07-15 10:00:00,-55.47,0.0,55.47,175.0,31.7,31.7,False
B13-2,2020-07-15 11:00:00,-82.53,0.0,82.53,175.0,47.2,47.2,False
B13-2,2020-07-15 12:00:00,-87.84,0.0,87.84,175.0,50.2,50.2,False
B13-2,2020-07-15 13:00:00,-77.71,0.0,77.71,175.0,44.4,44.4,False
B13-2,2020-07-15 14:00:00,-75.07,0.0,75.07,175.0,42.9,42.9,False
B13-2,2020-07-15 15:00:00,-73.28,0.0,73.28,175.0,41.9,41.9,False
B13-2,2020-07-15 16:00:00,-70.64,0.0,70.64,175.0,40.4,40.4,False
B13-2,2020-07-15 17:00:00,-93.91,0.0,93.91,175.0,53.7,53.7,False
B13-2,2020-07-15 18:00:00,-86.39,0.0,86.39,175.0,49.4,49.4,False
B13-2,2020-07-15 19:00:00,-59.14,0.0,59.14,175.0,33.8,33.8,False
B13-2,2020-07-15 20:00:00,-68.45,0.0,68.45,175.0,39.1,39.1,False
B13-2,2020-07-15 21:00:00,-97.59,0.0,97.59,175.0,55.8,55.8,False
B13-2,2020-07-15 22:00:00,-90.43,0.0,90.43,175.0,51.7,51.7,False
B13-2,2020-07-15 23:00:00,-80.13,0.0,80.13,175.0,45.8,45.8,False
B13-2,2020-07-16 00:00:00,-73.72,0.0,73.72,175.0,42.1,42.1,False
B13-2,2020-07-16 02:00:00,-68.28,0.0,68.28,175.0,39.0,39.0,False
B13-2,2020-07-16 04:00:00,-67.89,0.0,67.89,175.0,38.8,38.8,False
B13-2,2020-07-16 06:00:00,-78.65,0.0,78.65,175.0,44.9,44.9,False
B13-2,2020-07-16 08:00:00,-94.33,0.0,94.33,175.0,53.9,53.9,False
B13-2,2020-07-16 10:00:00,-109.95,0.0,109.95,175.0,62.8,62.8,False
B13-2,2020-07-16 12:00:00,-121.12,0.0,121.12,175.0,69.2,69.2,False
B13-2,2020-07-16 14:00:00,-128.23,0.0,128.23,175.0,73.3,73.3,False
B13-2,2020-07-16 16:00:00,-127.12,0.0,127.12,175.0,72.6,72.6,False
B13-2,2020-07-16 18:00:00,-120.19,0.0,120.19,175.0,68.7,68.7,False
B13-2,2020-07-16 20:00:00,-104.98,0.0,104.98,175.0,60.0,60.0,False
B13-2,2020-07-16 22:00:00,-92.66,0.0,92.66,175.0,52.9,52.9,False
B14,2020-07-15 00:00:00,-62.88,0.0,62.88,400.0,15.7,15.7,False
B14,2020-07-15 01:00:00,-57.23,0.0,57.23,400.0,14.3,14.3,False
B14,2020-07-15 02:00:00,-54.03,0.0,54.03,400.0,13.5,13.5,False
B14,2020-07-15 03:00:00,-52.97,0.0,52.97,400.0,13.2,13.2,False
B14,2020-07-15 04:00:00,-52.21,0.0,52.21,400.0,13.1,13.1,False
B14,2020-07-15 05:00:00,-55.53,0.0,55.53,400.0,13.9,13.9,False
B14,2020-07-15 06:00:00,-55.43,0.0,55.43,400.0,13.9,13.9,False
B14,2020-07-15 07:00:00,-50.36,0.0,50.36,400.0,12.6,12.6,False
B14,2020-07-15 08:00:00,-41.02,0.0,41.02,400.0,10.3,10.3,False
B14,2020-07-15 09:00:00,-56.63,0.0,56.63,400.0,14.2,14.2,False
B14,2020-07-15 10:00:00,-54.49,0.0,54.49,400.0,13.6,13.6,False
B14,2020-07-15 11:00:00,-88.08,0.0,88.08,400.0,22.0,22.0,False
B14,2020-07-15 12:00:00,-99.58,0.0,99.58,400.0,24.9,24.9,False
B14,2020-07-15 13:00:00,-103.78,0.0,103.78,400.0,25.9,25.9,False
B14,2020-07-15 14:00:00,-101.88,0.0,101.88,400.0,25.5,25.5,False
B14,2020-07-15 15:00:00,-97.03,0.0,97.03,400.0,24.3,24.3,False
B14,2020-07-15 16:00:00,-102.94,0.0,102.94,400.0,25.7,25.7,False
B14,2020-07-15 17:00:00,-109.75,0.0,109.75,400.0,27.4,27.4,False
B14,2020-07-15 18:00:00,-100.56,0.0,100.56,400.0,25.1,25.1,False
B14,2020-07-15 19:00:00,-75.04,0.0,75.04,400.0,18.8,18.8,False
B14,2020-07-15 20:00:00,-75.3,0.0,75.3,400.0,18.8,18.8,False
B14,2020-07-15 21:00:00,-86.69,0.0,86.69,400.0,21.7,21.7,False
B14,2020-07-15 22:00:00,-61.7,0.0,61.7,400.0,15.4,15.4,False
B14,2020-07-15 23:00:00,-62.82,0.0,62.82,400.0,15.7,15.7,False
B14,2020-07-16 00:00:00,-62.6,0.0,62.6,400.0,15.7,15.7,False
B14,2020-07-16 02:00:00,-56.5,0.0,56.5,400.0,14.1,14.1,False
B14,2020-07-16 04:00:00,-55.02,0.0,55.02,400.0,13.8,13.8,False
B14,2020-07-16 06:00:00,-72.28,0.0,72.28,400.0,18.1,18.1,False
B14,2020-07-16 08:00:00,-61.03,0.0,61.03,400.0,15.3,15.3,False
B14,2020-07-16 10:00:00,-100.4,0.0,100.4,400.0,25.1,25.1,False
B14,2020-07-16 12:00:00,-116.28,0.0,116.28,400.0,29.1,29.1,False
B14,2020-07-16 14:00:00,-125.43,0.0,125.43,400.0,31.4,31.4,False
B14,2020-07-16 16:00:00,-123.15,0.0,123.15,400.0,30.8,30.8,False
B14,2020-07-16 18:00:00,-110.18,0.0,110.18,400.0,27.5,27.5,False
B14,2020-07-16 20:00:00,-75.22,0.0,75.22,400.0,18.8,18.8,False
B14,2020-07-16 22:00:00,-76.92,0.0,76.92,400.0,19.2,19.2,False
B15,2020-07-15 00:00:00,-137.44,0.0,137.44,400.0,34.4,34.4,False
B15,2020-07-15 01:00:00,-128.01,0.0,128.01,400.0,32.0,32.0,False
B15,2020-07-15 02:00:00,-123.46,0.0,123.46,400.0,30.9,30.9,False
B15,2020-07-15 03:00:00,-121.85,0.0,121.85,400.0,30.5,30.5,False
B15,2020-07-15 04:00:00,-118.5,0.0,118.5,400.0,29.6,29.6,False
B15,2020-07-15 05:00:00,-129.01,0.0,129.01,400.0,32.3,32.3,False
B15,2020-07-15 06:00:00,-131.86,0.0,131.86,400.0,33.0,33.0,False
B15,2020-07-15 07:00:00,-122.88,0.0,122.88,400.0,30.7,30.7,False
B15,2020-07-15 08:00:00,-118.7,0.0,118.7,400.0,29.7,29.7,False
B15,2020-07-15 09:00:00,-157.38,0.0,157.38,400.0,39.3,39.3,False
B15,2020-07-15 10:00:00,-158.33,0.0,158.33,400.0,39.6,39.6,False
B15,2020-07-15 11:00:00,-189.54,0.0,189.54,400.0,47.4,47.4,False
B15,2020-07-15 12:00:00,-202.27,0.0,202.27,400.0,50.6,50.6,False
B15,2020-07-15 13:00:00,-210.34,0.0,210.34,400.0,52.6,52.6,False
B15,2020-07-15 14:00:00,-212.47,0.0,212.47,400.0,53.1,53.1,False
B15,2020-07-15 15:00:00,-202.77,0.0,202.77,400.0,50.7,50.7,False
B15,2020-07-15 16:00:00,-207.66,0.0,207.66,400.0,51.9,51.9,False
B15,2020-07-15 17:00:00,-214.97,0.0,214.97,400.0,53.7,53.7,False
B15,2020-07-15 18:00:00,-211.26,0.0,211.26,400.0,52.8,52.8,False
B15,2020-07-15 19:00:00,-179.28,0.0,179.28,400.0,44.8,44.8,False
B15,2020-07-15 20:00:00,-179.79,0.0,179.79,400.0,44.9,44.9,False
B15,2020-07-15 21:00:00,-194.76,0.0,194.76,400.0,48.7,48.7,False
B15,2020-07-15 22:00:00,-162.84,0.0,162.84,400.0,40.7,40.7,False
B15,2020-07-15 23:00:00,-137.85,0.0,137.85,400.0,34.5,34.5,False
B15,2020-07-16 00:00:00,-161.58,0.0,161.58,400.0,40.4,40.4,False
B15,2020-07-16 02:00:00,-150.59,0.0,150.59,400.0,37.6,37.6,False
B15,2020-07-16 04:00:00,-145.73,0.0,145.73,400.0,36.4,36.4,False
B15,2020-07-16 06:00:00,-169.71,0.0,169.71,400.0,42.4,42.4,False
B15,2020-07-16 08:00:00,-158.38,0.0,158.38,400.0,39.6,39.6,False
B15,2020-07-16 10:00:00,-192.37,0.0,192.37,400.0,48.1,48.1,False
B15,2020-07-16 12:00:00,-224.49,0.0,224.49,400.0,56.1,56.1,False
B15,2020-07-16 14:00:00,-241.28,0.0,241.28,400.0,60.3,60.3,False
B15,2020-07-16 16:00:00,-235.16,0.0,235.16,400.0,58.8,58.8,False
B15,2020-07-16 18:00:00,-229.69,0.0,229.69,400.0,57.4,57.4,False
B15,2020-07-16 20:00:00,-178.14,0.0,178.14,400.0,44.5,44.5,False
B15,2020-07-16 22:00:00,-186.09,0.0,186.09,400.0,46.5,46.5,False
B16,2020-07-15 00:00:00,-99.9,0.0,99.9,400.0,25.0,25.0,False
B16,2020-07-15 01:00:00,-92.44,0.0,92.44,400.0,23.1,23.1,False
B16,2020-07-15 02:00:00,-87.66,0.0,87.66,400.0,21.9,21.9,False
B16,2020-07-15 03:00:00,-85.71,0.0,85.71,400.0,21.4,21.4,False
B16,2020-07-15 04:00:00,-84.28,0.0,84.28,400.0,21.1,21.1,False
B16,2020-07-15 05:00:00,-84.5,0.0,84.5,400.0,21.1,21.1,False
B16,2020-07-15 06:00:00,-78.0,0.0,78.0,400.0,19.5,19.5,False
B16,2020-07-15 07:00:00,-78.97,0.0,78.97,400.0,19.7,19.7,False
B16,2020-07-15 08:00:00,-72.78,0.0,72.78,400.0,18.2,18.2,False
B16,2020-07-15 09:00:00,-87.81,0.0,87.81,400.0,22.0,22.0,False
B16,2020-07-15 10:00:00,-84.34,0.0,84.34,400.0,21.1,21.1,False
B16,2020-07-15 11:00:00,-121.43,0.0,121.43,400.0,30.4,30.4,False
B16,2020-07-15 12:00:00,-133.85,0.0,133.85,400.0,33.5,33.5,False
B16,2020-07-15 13:00:00,-138.37,0.0,138.37,400.0,34.6,34.6,False
B16,2020-07-15 14:00:00,-137.18,0.0,137.18,400.0,34.3,34.3,False
B16,2020-07-15 15:00:00,-126.94,0.0,126.94,400.0,31.7,31.7,False
B16,2020-07-15 16:00:00,-138.12,0.0,138.12,400.0,34.5,34.5,False
B16,2020-07-15 17:00:00,-147.08,0.0,147.08,400.0,36.8,36.8,False
B16,2020-07-15 18:00:00,-133.33,0.0,133.33,400.0,33.3,33.3,False
B16,2020-07-15 19:00:00,-104.9,0.0,104.9,400.0,26.2,26.2,False
B16,2020-07-15 20:00:00,-109.05,0.0,109.05,400.0,27.3,27.3,False
B16,2020-07-15 21:00:00,-124.22,0.0,124.22,400.0,31.1,31.1,False
B16,2020-07-15 22:00:00,-91.3,0.0,91.3,400.0,22.8,22.8,False
B16,2020-07-15 23:00:00,-98.92,0.0,98.92,400.0,24.7,24.7,False
B16,2020-07-16 00:00:00,-94.07,0.0,94.07,400.0,23.5,23.5,False
B16,2020-07-16 02:00:00,-84.15,0.0,84.15,400.0,21.0,21.0,False
B16,2020-07-16 04:00:00,-84.68,0.0,84.68,400.0,21.2,21.2,False
B16,2020-07-16 06:00:00,-106.12,0.0,106.12,400.0,26.5,26.5,False
B16,2020-07-16 08:00:00,-100.09,0.0,100.09,400.0,25.0,25.0,False
B16,2020-07-16 10:00:00,-140.22,0.0,140.22,400.0,35.1,35.1,False
B16,2020-07-16 12:00:00,-158.34,0.0,158.34,400.0,39.6,39.6,False
B16,2020-07-16 14:00:00,-170.74,0.0,170.74,400.0,42.7,42.7,False
B16,2020-07-16 16:00:00,-169.7,0.0,169.7,400.0,42.4,42.4,False
B16,2020-07-16 18:00:00,-150.82,0.0,150.82,400.0,37.7,37.7,False
B16,2020-07-16 20:00:00,-121.16,0.0,121.16,400.0,30.3,30.3,False
B16,2020-07-16 22:00:00,-95.22,0.0,95.22,400.0,23.8,23.8,False
B17,2020-07-15 00:00:00,-174.46,0.0,174.46,400.0,43.6,43.6,False
B17,2020-07-15 01:00:00,-163.22,0.0,163.22,400.0,40.8,40.8,False
B17,2020-07-15 02:00:00,-157.09,0.0,157.09,400.0,39.3,39.3,False
B17,2020-07-15 03:00:00,-154.6,0.0,154.6,400.0,38.6,38.6,False
B17,2020-07-15 04:00:00,-150.57,0.0,150.57,400.0,37.6,37.6,False
B17,2020-07-15 05:00:00,-157.98,0.0,157.98,400.0,39.5,39.5,False
B17,2020-07-15 06:00:00,-154.43,0.0,154.43,400.0,38.6,38.6,False
B17,2020-07-15 07:00:00,-151.49,0.0,151.49,400.0,37.9,37.9,False
B17,2020-07-15 08:00:00,-150.46,0.0,150.46,400.0,37.6,37.6,False
B17,2020-07-15 09:00:00,-188.56,0.0,188.56,400.0,47.1,47.1,False
B17,2020-07-15 10:00:00,-188.18,0.0,188.18,400.0,47.0,47.0,False
B17,2020-07-15 11:00:00,-222.89,0.0,222.89,400.0,55.7,55.7,False
B17,2020-07-15 12:00:00,-236.54,0.0,236.54,400.0,59.1,59.1,False
B17,2020-07-15 13:00:00,-244.93,0.0,244.93,400.0,61.2,61.2,False
B17,2020-07-15 14:00:00,-247.77,0.0,247.77,400.0,61.9,61.9,False
B17,2020-07-15 15:00:00,-232.68,0.0,232.68,400.0,58.2,58.2,False
B17,2020-07-15 16:00:00,-242.84,0.0,242.84,400.0,60.7,60.7,False
B17,2020-07-15 17:00:00,-252.3,0.0,252.3,400.0,63.1,63.1,False
B17,2020-07-15 18:00:00,-244.03,0.0,244.03,400.0,61.0,61.0,False
B17,2020-07-15 19:00:00,-209.14,0.0,209.14,400.0,52.3,52.3,False
B17,2020-07-15 20:00:00,-213.54,0.0,213.54,400.0,53.4,53.4,False
B17,2020-07-15 21:00:00,-232.29,0.0,232.29,400.0,58.1,58.1,False
B17,2020-07-15 22:00:00,-192.44,0.0,192.44,400.0,48.1,48.1,False
B17,2020-07-15 23:00:00,-173.95,0.0,173.95,400.0,43.5,43.5,False
B17,2020-07-16 00:00:00,-193.04,0.0,193.04,400.0,48.3,48.3,False
B17,2020-07-16 02:00:00,-178.23,0.0,178.23,400.0,44.6,44.6,False
B17,2020-07-16 04:00:00,-175.38,0.0,175.38,400.0,43.8,43.8,False
B17,2020-07-16 06:00:00,-203.55,0.0,203.55,400.0,50.9,50.9,False
B17,2020-07-16 08:00:00,-197.43,0.0,197.43,400.0,49.4,49.4,False
B17,2020-07-16 10:00:00,-232.19,0.0,232.19,400.0,58.0,58.0,False
B17,2020-07-16 12:00:00,-266.55,0.0,266.55,400.0,66.6,66.6,False
B17,2020-07-16 14:00:00,-286.6,0.0,286.6,400.0,71.6,71.6,False
B17,2020-07-16 16:00:00,-281.71,0.0,281.71,400.0,70.4,70.4,False
B17,2020-07-16 18:00:00,-270.33,0.0,270.33,400.0,67.6,67.6,False
B17,2020-07-16 20:00:00,-224.08,0.0,224.08,400.0,56.0,56.0,False
B17,2020-07-16 22:00:00,-204.38,0.0,204.38,400.0,51.1,51.1,False
B18,2020-07-15 00:00:00,-115.95,0.0,115.95,500.0,23.2,23.2,False
B18,2020-07-15 01:00:00,-107.11,0.0,107.11,500.0,21.4,21.4,False
B18,2020-07-15 02:00:00,-103.6,0.0,103.6,500.0,20.7,20.7,False
B18,2020-07-15 03:00:00,-102.24,0.0,102.24,500.0,20.4,20.4,False
B18,2020-07-15 04:00:00,-97.38,0.0,97.38,500.0,19.5,19.5,False
B18,2020-07-15 05:00:00,-111.52,0.0,111.52,500.0,22.3,22.3,False
B18,2020-07-15 06:00:00,-111.8,0.0,111.8,500.0,22.4,22.4,False
B18,2020-07-15 07:00:00,-99.13,0.0,99.13,500.0,19.8,19.8,False
B18,2020-07-15 08:00:00,-84.73,0.0,84.73,500.0,16.9,16.9,False
B18,2020-07-15 09:00:00,-125.07,0.0,125.07,500.0,25.0,25.0,False
B18,2020-07-15 10:00:00,-126.07,0.0,126.07,500.0,25.2,25.2,False
B18,2020-07-15 11:00:00,-205.23,0.0,205.23,500.0,41.0,41.0,False
B18,2020-07-15 12:00:00,-233.04,0.0,233.04,500.0,46.6,46.6,False
B18,2020-07-15 13:00:00,-233.58,0.0,233.58,500.0,46.7,46.7,False
B18,2020-07-15 14:00:00,-246.39,0.0,246.39,500.0,49.3,49.3,False
B18,2020-07-15 15:00:00,-240.12,0.0,240.12,500.0,48.0,48.0,False
B18,2020-07-15 16:00:00,-246.83,0.0,246.83,500.0,49.4,49.4,False
B18,2020-07-15 17:00:00,-249.74,0.0,249.74,500.0,49.9,49.9,False
B18,2020-07-15 18:00:00,-243.4,0.0,243.4,500.0,48.7,48.7,False
B18,2020-07-15 19:00:00,-227.72,0.0,227.72,500.0,45.5,45.5,False
B18,2020-07-15 20:00:00,-210.13,0.0,210.13,500.0,42.0,42.0,False
B18,2020-07-15 21:00:00,-214.44,0.0,214.44,500.0,42.9,42.9,False
B18,2020-07-15 22:00:00,-131.3,0.0,131.3,500.0,26.3,26.3,False
B18,2020-07-15 23:00:00,-114.59,0.0,114.59,500.0,22.9,22.9,False
B18,2020-07-16 00:00:00,-136.15,0.0,136.15,500.0,27.2,27.2,False
B18,2020-07-16 02:00:00,-124.79,0.0,124.79,500.0,25.0,25.0,False
B18,2020-07-16 04:00:00,-118.57,0.0,118.57,500.0,23.7,23.7,False
B18,2020-07-16 06:00:00,-137.16,0.0,137.16,500.0,27.4,27.4,False
B18,2020-07-16 08:00:00,-123.45,0.0,123.45,500.0,24.7,24.7,False
B18,2020-07-16 10:00:00,-223.76,0.0,223.76,500.0,44.8,44.8,False
B18,2020-07-16 12:00:00,-261.74,0.0,261.74,500.0,52.3,52.3,False
B18,2020-07-16 14:00:00,-278.71,0.0,278.71,500.0,55.7,55.7,False
B18,2020-07-16 16:00:00,-270.89,0.0,270.89,500.0,54.2,54.2,False
B18,2020-07-16 18:00:00,-279.49,0.0,279.49,500.0,55.9,55.9,False
B18,2020-07-16 20:00:00,-138.58,0.0,138.58,500.0,27.7,27.7,False
B18,2020-07-16 22:00:00,-151.96,0.0,151.96,500.0,30.4,30.4,False
B19,2020-07-15 00:00:00,-52.65,0.0,52.65,500.0,10.5,10.5,False
B19,2020-07-15 01:00:00,-48.44,0.0,48.44,500.0,9.7,9.7,False
B19,2020-07-15 02:00:00,-44.09,0.0,44.09,500.0,8.8,8.8,False
B19,2020-07-15 03:00:00,-42.4,0.0,42.4,500.0,8.5,8.5,False
B19,2020-07-15 04:00:00,-45.08,0.0,45.08,500.0,9.0,9.0,False
B19,2020-07-15 05:00:00,-34.07,0.0,34.07,500.0,6.8,6.8,False
B19,2020-07-15 06:00:00,-23.22,0.0,23.22,500.0,4.6,4.6,False
B19,2020-07-15 07:00:00,-28.42,0.0,28.42,500.0,5.7,5.7,False
B19,2020-07-15 08:00:00,-32.23,0.0,32.23,500.0,6.4,6.4,False
B19,2020-07-15 09:00:00,-23.88,0.0,23.88,500.0,4.8,4.8,False
B19,2020-07-15 10:00:00,-17.47,0.0,17.47,500.0,3.5,3.5,False
B19,2020-07-15 11:00:00,-8.86,0.0,8.86,500.0,1.8,1.8,False
B19,2020-07-15 12:00:00,-5.41,0.0,5.41,500.0,1.1,1.1,False
B19,2020-07-15 13:00:00,-13.26,0.0,13.26,500.0,2.7,2.7,False
B19,2020-07-15 14:00:00,2.51,0.0,2.51,500.0,0.5,0.5,False
B19,2020-07-15 15:00:00,11.6,0.0,11.6,500.0,2.3,2.3,False
B19,2020-07-15 16:00:00,1.85,0.0,1.85,500.0,0.4,0.4,False
B19,2020-07-15 17:00:00,-10.32,0.0,10.32,500.0,2.1,2.1,False
B19,2020-07-15 18:00:00,6.41,0.0,6.41,500.0,1.3,1.3,False
B19,2020-07-15 19:00:00,41.69,0.0,41.69,500.0,8.3,8.3,False
B19,2020-07-15 20:00:00,19.67,0.0,19.67,500.0,3.9,3.9,False
B19,2020-07-15 21:00:00,-2.49,0.0,2.49,500.0,0.5,0.5,False
B19,2020-07-15 22:00:00,-27.85,0.0,27.85,500.0,5.6,5.6,False
B19,2020-07-15 23:00:00,-52.68,0.0,52.68,500.0,10.5,10.5,False
B19,2020-07-16 00:00:00,-26.43,0.0,26.43,500.0,5.3,5.3,False
B19,2020-07-16 02:00:00,-20.96,0.0,20.96,500.0,4.2,4.2,False
B19,2020-07-16 04:00:00,-27.16,0.0,27.16,500.0,5.4,5.4,False
B19,2020-07-16 06:00:00,-47.18,0.0,47.18,500.0,9.4,9.4,False
B19,2020-07-16 08:00:00,-43.64,0.0,43.64,500.0,8.7,8.7,False
B19,2020-07-16 10:00:00,-23.01,0.0,23.01,500.0,4.6,4.6,False
B19,2020-07-16 12:00:00,-18.78,0.0,18.78,500.0,3.8,3.8,False
B19,2020-07-16 14:00:00,-23.23,0.0,23.23,500.0,4.6,4.6,False
B19,2020-07-16 16:00:00,-27.79,0.0,27.79,500.0,5.6,5.6,False
B19,2020-07-16 18:00:00,12.55,0.0,12.55,500.0,2.5,2.5,False
B19,2020-07-16 20:00:00,-63.72,0.0,63.72,500.0,12.7,12.7,False
B19,2020-07-16 22:00:00,-25.23,0.0,25.23,500.0,5.0,5.0,False
B20,2020-07-15 00:00:00,14.53,0.0,14.53,500.0,2.9,2.9,False
B20,2020-07-15 01:00:00,16.75,0.0,16.75,500.0,3.4,3.4,False
B20,2020-07-15 02:00:00,17.9,0.0,17.9,500.0,3.6,3.6,False
B20,2020-07-15 03:00:00,18.3,0.0,18.3,500.0,3.7,3.7,False
B20,2020-07-15 04:00:00,18.63,0.0,18.63,500.0,3.7,3.7,False
B20,2020-07-15 05:00:00,17.08,0.0,17.08,500.0,3.4,3.4,False
B20,2020-07-15 06:00:00,21.95,0.0,21.95,500.0,4.4,4.4,False
B20,2020-07-15 07:00:00,27.79,0.0,27.79,500.0,5.6,5.6,False
B20,2020-07-15 08:00:00,51.21,0.0,51.21,500.0,10.2,10.2,False
B20,2020-07-15 09:00:00,51.24,0.0,51.24,500.0,10.2,10.2,False
B20,2020-07-15 10:00:00,55.64,0.0,55.64,500.0,11.1,11.1,False
B20,2020-07-15 11:00:00,-27.68,0.0,27.68,500.0,5.5,5.5,False
B20,2020-07-15 12:00:00,-53.33,0.0,53.33,500.0,10.7,10.7,False
B20,2020-07-15 13:00:00,-47.1,0.0,47.1,500.0,9.4,9.4,False
B20,2020-07-15 14:00:00,-52.86,0.0,52.86,500.0,10.6,10.6,False
B20,2020-07-15 15:00:00,-55.07,0.0,55.07,500.0,11.0,11.0,False
B20,2020-07-15 16:00:00,-63.57,0.0,63.57,500.0,12.7,12.7,False
B20,2020-07-15 17:00:00,-65.6,0.0,65.6,500.0,13.1,13.1,False
B20,2020-07-15 18:00:00,-49.67,0.0,49.67,500.0,9.9,9.9,False
B20,2020-07-15 19:00:00,-45.3,0.0,45.3,500.0,9.1,9.1,False
B20,2020-07-15 20:00:00,-27.27,0.0,27.27,500.0,5.5,5.5,False
B20,2020-07-15 21:00:00,-25.32,0.0,25.32,500.0,5.1,5.1,False
B20,2020-07-15 22:00:00,45.69,0.0,45.69,500.0,9.1,9.1,False
B20,2020-07-15 23:00:00,16.71,0.0,16.71,500.0,3.3,3.3,False
B20,2020-07-16 00:00:00,37.06,0.0,37.06,500.0,7.4,7.4,False
B20,2020-07-16 02:00:00,39.86,0.0,39.86,500.0,8.0,8.0,False
B20,2020-07-16 04:00:00,40.17,0.0,40.17,500.0,8.0,8.0,False
B20,2020-07-16 06:00:00,33.34,0.0,33.34,500.0,6.7,6.7,False
B20,2020-07-16 08:00:00,46.9,0.0,46.9,500.0,9.4,9.4,False
B20,2020-07-16 10:00:00,-62.82,0.0,62.82,500.0,12.6,12.6,False
B20,2020-07-16 12:00:00,-72.37,0.0,72.37,500.0,14.5,14.5,False
B20,2020-07-16 14:00:00,-75.97,0.0,75.97,500.0,15.2,15.2,False
B20,2020-07-16 16:00:00,-74.87,0.0,74.87,500.0,15.0,15.0,False
B20,2020-07-16 18:00:00,-70.35,0.0,70.35,500.0,14.1,14.1,False
B20,2020-07-16 20:00:00,41.53,0.0,41.53,500.0,8.3,8.3,False
B20,2020-07-16 22:00:00,39.08,0.0,39.08,500.0,7.8,7.8,False
B21,2020-07-15 00:00:00,-217.24,0.0,217.24,500.0,43.4,43.4,False
B21,2020-07-15 01:00:00,-198.86,0.0,198.86,500.0,39.8,39.8,False
B21,2020-07-15 02:00:00,-189.44,0.0,189.44,500.0,37.9,37.9,False
B21,2020-07-15 03:00:00,-185.71,0.0,185.71,500.0,37.1,37.1,False
B21,2020-07-15 04:00:00,-178.67,0.0,178.67,500.0,35.7,35.7,False
B21,2020-07-15 05:00:00,-194.63,0.0,194.63,500.0,38.9,38.9,False
B21,2020-07-15 06:00:00,-194.84,0.0,194.84,500.0,39.0,39.0,False
B21,2020-07-15 07:00:00,-185.39,0.0,185.39,500.0,37.1,37.1,False
B21,2020-07-15 08:00:00,-157.41,0.0,157.41,500.0,31.5,31.5,False
B21,2020-07-15 09:00:00,-204.32,0.0,204.32,500.0,40.9,40.9,False
B21,2020-07-15 10:00:00,-209.17,0.0,209.17,500.0,41.8,41.8,False
B21,2020-07-15 11:00:00,-192.72,0.0,192.72,500.0,38.5,38.5,False
B21,2020-07-15 12:00:00,-194.49,0.0,194.49,500.0,38.9,38.9,False
B21,2020-07-15 13:00:00,-215.91,0.0,215.91,500.0,43.2,43.2,False
B21,2020-07-15 14:00:00,-215.48,0.0,215.48,500.0,43.1,43.1,False
B21,2020-07-15 15:00:00,-220.44,0.0,220.44,500.0,44.1,44.1,False
B21,2020-07-15 16:00:00,-235.22,0.0,235.22,500.0,47.0,47.0,False
B21,2020-07-15 17:00:00,-240.44,0.0,240.44,500.0,48.1,48.1,False
B21,2020-07-15 18:00:00,-220.42,0.0,220.42,500.0,44.1,44.1,False
B21,2020-07-15 19:00:00,-149.21,0.0,149.21,500.0,29.8,29.8,False
B21,2020-07-15 20:00:00,-172.18,0.0,172.18,500.0,34.4,34.4,False
B21,2020-07-15 21:00:00,-207.75,0.0,207.75,500.0,41.6,41.6,False
B21,2020-07-15 22:00:00,-207.13,0.0,207.13,500.0,41.4,41.4,False
B21,2020-07-15 23:00:00,-219.04,0.0,219.04,500.0,43.8,43.8,False
B21,2020-07-16 00:00:00,-197.59,0.0,197.59,500.0,39.5,39.5,False
B21,2020-07-16 02:00:00,-173.78,0.0,173.78,500.0,34.8,34.8,False
B21,2020-07-16 04:00:00,-167.31,0.0,167.31,500.0,33.5,33.5,False
B21,2020-07-16 06:00:00,-212.55,0.0,212.55,500.0,42.5,42.5,False
B21,2020-07-16 08:00:00,-208.67,0.0,208.67,500.0,41.7,41.7,False
B21,2020-07-16 10:00:00,-167.88,0.0,167.88,500.0,33.6,33.6,False
B21,2020-07-16 12:00:00,-224.58,0.0,224.58,500.0,44.9,44.9,False
B21,2020-07-16 14:00:00,-257.68,0.0,257.68,500.0,51.5,51.5,False
B21,2020-07-16 16:00:00,-247.81,0.0,247.81,500.0,49.6,49.6,False
B21,2020-07-16 18:00:00,-235.61,0.0,235.61,500.0,47.1,47.1,False
B21,2020-07-16 20:00:00,-249.67,0.0,249.67,500.0,49.9,49.9,False
B21,2020-07-16 22:00:00,-234.6,0.0,234.6,500.0,46.9,46.9,False
B22,2020-07-15 00:00:00,-250.23,0.0,250.23,500.0,50.0,50.0,False
B22,2020-07-15 01:00:00,-230.97,0.0,230.97,500.0,46.2,46.2,False
B22,2020-07-15 02:00:00,-221.1,0.0,221.1,500.0,44.2,44.2,False
B22,2020-07-15 03:00:00,-217.15,0.0,217.15,500.0,43.4,43.4,False
B22,2020-07-15 04:00:00,-209.49,0.0,209.49,500.0,41.9,41.9,False
B22,2020-07-15 05:00:00,-226.42,0.0,226.42,500.0,45.3,45.3,False
B22,2020-07-15 06:00:00,-229.35,0.0,229.35,500.0,45.9,45.9,False
B22,2020-07-15 07:00:00,-222.03,0.0,222.03,500.0,44.4,44.4,False
B22,2020-07-15 08:00:00,-203.76,0.0,203.76,500.0,40.8,40.8,False
B22,2020-07-15 09:00:00,-256.07,0.0,256.07,500.0,51.2,51.2,False
B22,2020-07-15 10:00:00,-263.92,0.0,263.92,500.0,52.8,52.8,False
B22,2020-07-15 11:00:00,-199.6,0.0,199.6,500.0,39.9,39.9,False
B22,2020-07-15 12:00:00,-187.42,0.0,187.42,500.0,37.5,37.5,False
B22,2020-07-15 13:00:00,-214.74,0.0,214.74,500.0,42.9,42.9,False
B22,2020-07-15 14:00:00,-211.08,0.0,211.08,500.0,42.2,42.2,False
B22,2020-07-15 15:00:00,-215.4,0.0,215.4,500.0,43.1,43.1,False
B22,2020-07-15 16:00:00,-227.19,0.0,227.19,500.0,45.4,45.4,False
B22,2020-07-15 17:00:00,-231.88,0.0,231.88,500.0,46.4,46.4,False
B22,2020-07-15 18:00:00,-218.36,0.0,218.36,500.0,43.7,43.7,False
B22,2020-07-15 19:00:00,-141.37,0.0,141.37,500.0,28.3,28.3,False
B22,2020-07-15 20:00:00,-176.93,0.0,176.93,500.0,35.4,35.4,False
B22,2020-07-15 21:00:00,-217.66,0.0,217.66,500.0,43.5,43.5,False
B22,2020-07-15 22:00:00,-256.15,0.0,256.15,500.0,51.2,51.2,False
B22,2020-07-15 23:00:00,-253.44,0.0,253.44,500.0,50.7,50.7,False
B22,2020-07-16 00:00:00,-240.75,0.0,240.75,500.0,48.2,48.2,False
B22,2020-07-16 02:00:00,-215.75,0.0,215.75,500.0,43.2,43.2,False
B22,2020-07-16 04:00:00,-208.7,0.0,208.7,500.0,41.7,41.7,False
B22,2020-07-16 06:00:00,-255.38,0.0,255.38,500.0,51.1,51.1,False
B22,2020-07-16 08:00:00,-258.53,0.0,258.53,500.0,51.7,51.7,False
B22,2020-07-16 10:00:00,-152.52,0.0,152.52,500.0,30.5,30.5,False
B22,2020-07-16 12:00:00,-210.47,0.0,210.47,500.0,42.1,42.1,False
B22,2020-07-16 14:00:00,-245.38,0.0,245.38,500.0,49.1,49.1,False
B22,2020-07-16 16:00:00,-234.99,0.0,234.99,500.0,47.0,47.0,False
B22,2020-07-16 18:00:00,-223.87,0.0,223.87,500.0,44.8,44.8,False
B22,2020-07-16 20:00:00,-301.28,0.0,301.28,500.0,60.3,60.3,False
B22,2020-07-16 22:00:00,-283.13,0.0,283.13,500.0,56.6,56.6,False
B23,2020-07-15 00:00:00,-163.14,0.0,163.14,500.0,32.6,32.6,False
B23,2020-07-15 01:00:00,-152.96,0.0,152.96,500.0,30.6,30.6,False
B23,2020-07-15 02:00:00,-144.81,0.0,144.81,500.0,29.0,29.0,False
B23,2020-07-15 03:00:00,-141.52,0.0,141.52,500.0,28.3,28.3,False
B23,2020-07-15 04:00:00,-142.39,0.0,142.39,500.0,28.5,28.5,False
B23,2020-07-15 05:00:00,-132.18,0.0,132.18,500.0,26.4,26.4,False
B23,2020-07-15 06:00:00,-125.77,0.0,125.77,500.0,25.2,25.2,False
B23,2020-07-15 07:00:00,-138.26,0.0,138.26,500.0,27.7,27.7,False
B23,2020-07-15 08:00:00,-157.71,0.0,157.71,500.0,31.5,31.5,False
B23,2020-07-15 09:00:00,-158.51,0.0,158.51,500.0,31.7,31.7,False
B23,2020-07-15 10:00:00,-160.38,0.0,160.38,500.0,32.1,32.1,False
B23,2020-07-15 11:00:00,-159.62,0.0,159.62,500.0,31.9,31.9,False
B23,2020-07-15 12:00:00,-163.41,0.0,163.41,500.0,32.7,32.7,False
B23,2020-07-15 13:00:00,-175.61,0.0,175.61,500.0,35.1,35.1,False
B23,2020-07-15 14:00:00,-167.38,0.0,167.38,500.0,33.5,33.5,False
B23,2020-07-15 15:00:00,-160.91,0.0,160.91,500.0,32.2,32.2,False
B23,2020-07-15 16:00:00,-169.54,0.0,169.54,500.0,33.9,33.9,False
B23,2020-07-15 17:00:00,-177.55,0.0,177.55,500.0,35.5,35.5,False
B23,2020-07-15 18:00:00,-153.26,0.0,153.26,500.0,30.7,30.7,False
B23,2020-07-15 19:00:00,-115.99,0.0,115.99,500.0,23.2,23.2,False
B23,2020-07-15 20:00:00,-129.87,0.0,129.87,500.0,26.0,26.0,False
B23,2020-07-15 21:00:00,-141.07,0.0,141.07,500.0,28.2,28.2,False
B23,2020-07-15 22:00:00,-154.35,0.0,154.35,500.0,30.9,30.9,False
B23,2020-07-15 23:00:00,-168.05,0.0,168.05,500.0,33.6,33.6,False
B23,2020-07-16 00:00:00,-131.73,0.0,131.73,500.0,26.3,26.3,False
B23,2020-07-16 02:00:00,-118.1,0.0,118.1,500.0,23.6,23.6,False
B23,2020-07-16 04:00:00,-124.16,0.0,124.16,500.0,24.8,24.8,False
B23,2020-07-16 06:00:00,-159.73,0.0,159.73,500.0,31.9,31.9,False
B23,2020-07-16 08:00:00,-178.46,0.0,178.46,500.0,35.7,35.7,False
B23,2020-07-16 10:00:00,-178.51,0.0,178.51,500.0,35.7,35.7,False
B23,2020-07-16 12:00:00,-189.75,0.0,189.75,500.0,37.9,37.9,False
B23,2020-07-16 14:00:00,-204.64,0.0,204.64,500.0,40.9,40.9,False
B23,2020-07-16 16:00:00,-208.14,0.0,208.14,500.0,41.6,41.6,False
B23,2020-07-16 18:00:00,-156.71,0.0,156.71,500.0,31.3,31.3,False
B23,2020-07-16 20:00:00,-214.82,0.0,214.82,500.0,43.0,43.0,False
B23,2020-07-16 22:00:00,-151.23,0.0,151.23,500.0,30.2,30.2,False
B24,2020-07-15 00:00:00,-122.1,0.0,122.1,500.0,24.4,24.4,False
B24,2020-07-15 01:00:00,-110.25,0.0,110.25,500.0,22.0,22.0,False
B24,2020-07-15 02:00:00,-108.99,0.0,108.99,500.0,21.8,21.8,False
B24,2020-07-15 03:00:00,-109.64,0.0,109.64,500.0,21.9,21.9,False
B24,2020-07-15 04:00:00,-104.35,0.0,104.35,500.0,20.9,20.9,False
B24,2020-07-15 05:00:00,-143.86,0.0,143.86,500.0,28.8,28.8,False
B24,2020-07-15 06:00:00,-169.11,0.0,169.11,500.0,33.8,33.8,False
B24,2020-07-15 07:00:00,-144.77,0.0,144.77,500.0,29.0,29.0,False
B24,2020-07-15 08:00:00,-106.26,0.0,106.26,500.0,21.3,21.3,False
B24,2020-07-15 09:00:00,-171.45,0.0,171.45,500.0,34.3,34.3,False
B24,2020-07-15 10:00:00,-177.42,0.0,177.42,500.0,35.5,35.5,False
B24,2020-07-15 11:00:00,-192.61,0.0,192.61,500.0,38.5,38.5,False
B24,2020-07-15 12:00:00,-202.05,0.0,202.05,500.0,40.4,40.4,False
B24,2020-07-15 13:00:00,-217.98,0.0,217.98,500.0,43.6,43.6,False
B24,2020-07-15 14:00:00,-228.75,0.0,228.75,500.0,45.7,45.7,False
B24,2020-07-15 15:00:00,-230.07,0.0,230.07,500.0,46.0,46.0,False
B24,2020-07-15 16:00:00,-234.08,0.0,234.08,500.0,46.8,46.8,False
B24,2020-07-15 17:00:00,-227.38,0.0,227.38,500.0,45.5,45.5,False
B24,2020-07-15 18:00:00,-235.36,0.0,235.36,500.0,47.1,47.1,False
B24,2020-07-15 19:00:00,-186.03,0.0,186.03,500.0,37.2,37.2,False
B24,2020-07-15 20:00:00,-182.65,0.0,182.65,500.0,36.5,36.5,False
B24,2020-07-15 21:00:00,-179.5,0.0,179.5,500.0,35.9,35.9,False
B24,2020-07-15 22:00:00,-171.36,0.0,171.36,500.0,34.3,34.3,False
B24,2020-07-15 23:00:00,-117.32,0.0,117.32,500.0,23.5,23.5,False
B24,2020-07-16 00:00:00,-141.2,0.0,141.2,500.0,28.2,28.2,False
B24,2020-07-16 02:00:00,-134.7,0.0,134.7,500.0,26.9,26.9,False
B24,2020-07-16 04:00:00,-113.14,0.0,113.14,500.0,22.6,22.6,False
B24,2020-07-16 06:00:00,-177.99,0.0,177.99,500.0,35.6,35.6,False
B24,2020-07-16 08:00:00,-142.21,0.0,142.21,500.0,28.4,28.4,False
B24,2020-07-16 10:00:00,-144.65,0.0,144.65,500.0,28.9,28.9,False
B24,2020-07-16 12:00:00,-204.59,0.0,204.59,500.0,40.9,40.9,False
B24,2020-07-16 14:00:00,-225.82,0.0,225.82,500.0,45.2,45.2,False
B24,2020-07-16 16:00:00,-206.07,0.0,206.07,500.0,41.2,41.2,False
B24,2020-07-16 18:00:00,-231.41,0.0,231.41,500.0,46.3,46.3,False
B24,2020-07-16 20:00:00,-138.39,0.0,138.39,500.0,27.7,27.7,False
B24,2020-07-16 22:00:00,-235.49,0.0,235.49,500.0,47.1,47.1,False
B25-1,2020-07-15 00:00:00,-43.98,0.0,43.98,500.0,8.8,8.8,False
B25-1,2020-07-15 01:00:00,-41.91,0.0,41.91,500.0,8.4,8.4,False
B25-1,2020-07-15 02:00:00,-40.54,0.0,40.54,500.0,8.1,8.1,False
B25-1,2020-07-15 03:00:00,-40.5,0.0,40.5,500.0,8.1,8.1,False
B25-1,2020-07-15 04:00:00,-43.52,0.0,43.52,500.0,8.7,8.7,False
B25-1,2020-07-15 05:00:00,-42.46,0.0,42.46,500.0,8.5,8.5,False
B25-1,2020-07-15 06:00:00,-47.54,0.0,47.54,500.0,9.5,9.5,False
B25-1,2020-07-15 07:00:00,-74.88,0.0,74.88,500.0,15.0,15.0,False
B25-1,2020-07-15 08:00:00,-91.8,0.0,91.8,500.0,18.4,18.4,False
B25-1,2020-07-15 09:00:00,-75.76,0.0,75.76,500.0,15.2,15.2,False
B25-1,2020-07-15 10:00:00,-81.02,0.0,81.02,500.0,16.2,16.2,False
B25-1,2020-07-15 11:00:00,-125.48,0.0,125.48,500.0,25.1,25.1,False
B25-1,2020-07-15 12:00:00,-143.47,0.0,143.47,500.0,28.7,28.7,False
B25-1,2020-07-15 13:00:00,-150.96,0.0,150.96,500.0,30.2,30.2,False
B25-1,2020-07-15 14:00:00,-144.46,0.0,144.46,500.0,28.9,28.9,False
B25-1,2020-07-15 15:00:00,-136.92,0.0,136.92,500.0,27.4,27.4,False
B25-1,2020-07-15 16:00:00,-139.06,0.0,139.06,500.0,27.8,27.8,False
B25-1,2020-07-15 17:00:00,-138.1,0.0,138.1,500.0,27.6,27.6,False
B25-1,2020-07-15 18:00:00,-117.85,0.0,117.85,500.0,23.6,23.6,False
B25-1,2020-07-15 19:00:00,-84.04,0.0,84.04,500.0,16.8,16.8,False
B25-1,2020-07-15 20:00:00,-82.9,0.0,82.9,500.0,16.6,16.6,False
B25-1,2020-07-15 21:00:00,-62.58,0.0,62.58,500.0,12.5,12.5,False
B25-1,2020-07-15 22:00:00,-62.9,0.0,62.9,500.0,12.6,12.6,False
B25-1,2020-07-15 23:00:00,-66.68,0.0,66.68,500.0,13.3,13.3,False
B25-1,2020-07-16 00:00:00,-40.51,0.0,40.51,500.0,8.1,8.1,False
B25-1,2020-07-16 02:00:00,-41.63,0.0,41.63,500.0,8.3,8.3,False
B25-1,2020-07-16 04:00:00,-41.14,0.0,41.14,500.0,8.2,8.2,False
B25-1,2020-07-16 06:00:00,-46.19,0.0,46.19,500.0,9.2,9.2,False
B25-1,2020-07-16 08:00:00,-48.67,0.0,48.67,500.0,9.7,9.7,False
B25-1,2020-07-16 10:00:00,-155.42,0.0,155.42,500.0,31.1,31.1,False
B25-1,2020-07-16 12:00:00,-154.96,0.0,154.96,500.0,31.0,31.0,False
B25-1,2020-07-16 14:00:00,-155.65,0.0,155.65,500.0,31.1,31.1,False
B25-1,2020-07-16 16:00:00,-156.05,0.0,156.05,500.0,31.2,31.2,False
B25-1,2020-07-16 18:00:00,-86.36,0.0,86.36,500.0,17.3,17.3,False
B25-1,2020-07-16 20:00:00,-81.57,0.0,81.57,500.0,16.3,16.3,False
B25-1,2020-07-16 22:00:00,-6.88,0.0,6.88,500.0,1.4,1.4,False
B25-2,2020-07-15 00:00:00,-43.98,0.0,43.98,500.0,8.8,8.8,False
B25-2,2020-07-15 01:00:00,-41.91,0.0,41.91,500.0,8.4,8.4,False
B25-2,2020-07-15 02:00:00,-40.54,0.0,40.54,500.0,8.1,8.1,False
B25-2,2020-07-15 03:00:00,-40.5,0.0,40.5,500.0,8.1,8.1,False
B25-2,2020-07-15 04:00:00,-43.52,0.0,43.52,500.0,8.7,8.7,False
B25-2,2020-07-15 05:00:00,-42.46,0.0,42.46,500.0,8.5,8.5,False
B25-2,2020-07-15 06:00:00,-47.54,0.0,47.54,500.0,9.5,9.5,False
B25-2,2020-07-15 07:00:00,-74.88,0.0,74.88,500.0,15.0,15.0,False
B25-2,2020-07-15 08:00:00,-91.8,0.0,91.8,500.0,18.4,18.4,False
B25-2,2020-07-15 09:00:00,-75.76,0.0,75.76,500.0,15.2,15.2,False
B25-2,2020-07-15 10:00:00,-81.02,0.0,81.02,500.0,16.2,16.2,False
B25-2,2020-07-15 11:00:00,-125.48,0.0,125.48,500.0,25.1,25.1,False
B25-2,2020-07-15 12:00:00,-143.47,0.0,143.47,500.0,28.7,28.7,False
B25-2,2020-07-15 13:00:00,-150.96,0.0,150.96,500.0,30.2,30.2,False
B25-2,2020-07-15 14:00:00,-144.46,0.0,144.46,500.0,28.9,28.9,False
B25-2,2020-07-15 15:00:00,-136.92,0.0,136.92,500.0,27.4,27.4,False
B25-2,2020-07-15 16:00:00,-139.06,0.0,139.06,500.0,27.8,27.8,False
B25-2,2020-07-15 17:00:00,-138.1,0.0,138.1,500.0,27.6,27.6,False
B25-2,2020-07-15 18:00:00,-117.85,0.0,117.85,500.0,23.6,23.6,False
B25-2,2020-07-15 19:00:00,-84.04,0.0,84.04,500.0,16.8,16.8,False
B25-2,2020-07-15 20:00:00,-82.9,0.0,82.9,500.0,16.6,16.6,False
B25-2,2020-07-15 21:00:00,-62.58,0.0,62.58,500.0,12.5,12.5,False
B25-2,2020-07-15 22:00:00,-62.9,0.0,62.9,500.0,12.6,12.6,False
B25-2,2020-07-15 23:00:00,-66.68,0.0,66.68,500.0,13.3,13.3,False
B25-2,2020-07-16 00:00:00,-40.51,0.0,40.51,500.0,8.1,8.1,False
B25-2,2020-07-16 02:00:00,-41.63,0.0,41.63,500.0,8.3,8.3,False
B25-2,2020-07-16 04:00:00,-41.14,0.0,41.14,500.0,8.2,8.2,False
B25-2,2020-07-16 06:00:00,-46.19,0.0,46.19,500.0,9.2,9.2,False
B25-2,2020-07-16 08:00:00,-48.67,0.0,48.67,500.0,9.7,9.7,False
B25-2,2020-07-16 10:00:00,-155.42,0.0,155.42,500.0,31.1,31.1,False
B25-2,2020-07-16 12:00:00,-154.96,0.0,154.96,500.0,31.0,31.0,False
B25-2,2020-07-16 14:00:00,-155.65,0.0,155.65,500.0,31.1,31.1,False
B25-2,2020-07-16 16:00:00,-156.05,0.0,156.05,500.0,31.2,31.2,False
B25-2,2020-07-16 18:00:00,-86.36,0.0,86.36,500.0,17.3,17.3,False
B25-2,2020-07-16 20:00:00,-81.57,0.0,81.57,500.0,16.3,16.3,False
B25-2,2020-07-16 22:00:00,-6.88,0.0,6.88,500.0,1.4,1.4,False
B26,2020-07-15 00:00:00,93.37,0.0,93.37,500.0,18.7,18.7,False
B26,2020-07-15 01:00:00,84.97,0.0,84.97,500.0,17.0,17.0,False
B26,2020-07-15 02:00:00,79.36,0.0,79.36,500.0,15.9,15.9,False
B26,2020-07-15 03:00:00,77.72,0.0,77.72,500.0,15.5,15.5,False
B26,2020-07-15 04:00:00,79.3,0.0,79.3,500.0,15.9,15.9,False
B26,2020-07-15 05:00:00,79.12,0.0,79.12,500.0,15.8,15.8,False
B26,2020-07-15 06:00:00,76.67,0.0,76.67,500.0,15.3,15.3,False
B26,2020-07-15 07:00:00,61.77,0.0,61.77,500.0,12.4,12.4,False
B26,2020-07-15 08:00:00,63.19,0.0,63.19,500.0,12.6,12.6,False
B26,2020-07-15 09:00:00,78.86,0.0,78.86,500.0,15.8,15.8,False
B26,2020-07-15 10:00:00,76.52,0.0,76.52,500.0,15.3,15.3,False
B26,2020-07-15 11:00:00,102.56,0.0,102.56,500.0,20.5,20.5,False
B26,2020-07-15 12:00:00,114.84,0.0,114.84,500.0,23.0,23.0,False
B26,2020-07-15 13:00:00,132.07,0.0,132.07,500.0,26.4,26.4,False
B26,2020-07-15 14:00:00,119.35,0.0,119.35,500.0,23.9,23.9,False
B26,2020-07-15 15:00:00,111.73,0.0,111.73,500.0,22.3,22.3,False
B26,2020-07-15 16:00:00,120.27,0.0,120.27,500.0,24.1,24.1,False
B26,2020-07-15 17:00:00,125.41,0.0,125.41,500.0,25.1,25.1,False
B26,2020-07-15 18:00:00,109.76,0.0,109.76,500.0,22.0,22.0,False
B26,2020-07-15 19:00:00,65.2,0.0,65.2,500.0,13.0,13.0,False
B26,2020-07-15 20:00:00,70.57,0.0,70.57,500.0,14.1,14.1,False
B26,2020-07-15 21:00:00,85.37,0.0,85.37,500.0,17.1,17.1,False
B26,2020-07-15 22:00:00,76.78,0.0,76.78,500.0,15.4,15.4,False
B26,2020-07-15 23:00:00,83.8,0.0,83.8,500.0,16.8,16.8,False
B26,2020-07-16 00:00:00,81.53,0.0,81.53,500.0,16.3,16.3,False
B26,2020-07-16 02:00:00,73.39,0.0,73.39,500.0,14.7,14.7,False
B26,2020-07-16 04:00:00,74.12,0.0,74.12,500.0,14.8,14.8,False
B26,2020-07-16 06:00:00,101.83,0.0,101.83,500.0,20.4,20.4,False
B26,2020-07-16 08:00:00,73.56,0.0,73.56,500.0,14.7,14.7,False
B26,2020-07-16 10:00:00,111.96,0.0,111.96,500.0,22.4,22.4,False
B26,2020-07-16 12:00:00,127.48,0.0,127.48,500.0,25.5,25.5,False
B26,2020-07-16 14:00:00,139.17,0.0,139.17,500.0,27.8,27.8,False
B26,2020-07-16 16:00:00,138.02,0.0,138.02,500.0,27.6,27.6,False
B26,2020-07-16 18:00:00,99.11,0.0,99.11,500.0,19.8,19.8,False
B26,2020-07-16 20:00:00,100.4,0.0,100.4,500.0,20.1,20.1,False
B26,2020-07-16 22:00:00,111.0,0.0,111.0,500.0,22.2,22.2,False
B27,2020-07-15 00:00:00,-24.15,0.0,24.15,500.0,4.8,4.8,False
B27,2020-07-15 01:00:00,-19.55,0.0,19.55,500.0,3.9,3.9,False
B27,2020-07-15 02:00:00,-12.47,0.0,12.47,500.0,2.5,2.5,False
B27,2020-07-15 03:00:00,-10.55,0.0,10.55,500.0,2.1,2.1,False
B27,2020-07-15 04:00:00,-23.71,0.0,23.71,500.0,4.7,4.7,False
B27,2020-07-15 05:00:00,5.85,0.0,5.85,500.0,1.2,1.2,False
B27,2020-07-15 06:00:00,4.5,0.0,4.5,500.0,0.9,0.9,False
B27,2020-07-15 07:00:00,-31.02,0.0,31.02,500.0,6.2,6.2,False
B27,2020-07-15 08:00:00,-53.4,0.0,53.4,500.0,10.7,10.7,False
B27,2020-07-15 09:00:00,-10.55,0.0,10.55,500.0,2.1,2.1,False
B27,2020-07-15 10:00:00,-10.63,0.0,10.63,500.0,2.1,2.1,False
B27,2020-07-15 11:00:00,-61.91,0.0,61.91,500.0,12.4,12.4,False
B27,2020-07-15 12:00:00,-81.13,0.0,81.13,500.0,16.2,16.2,False
B27,2020-07-15 13:00:00,-86.44,0.0,86.44,500.0,17.3,17.3,False
B27,2020-07-15 14:00:00,-72.48,0.0,72.48,500.0,14.5,14.5,False
B27,2020-07-15 15:00:00,-64.22,0.0,64.22,500.0,12.8,12.8,False
B27,2020-07-15 16:00:00,-67.53,0.0,67.53,500.0,13.5,13.5,False
B27,2020-07-15 17:00:00,-72.77,0.0,72.77,500.0,14.6,14.6,False
B27,2020-07-15 18:00:00,-38.01,0.0,38.01,500.0,7.6,7.6,False
B27,2020-07-15 19:00:00,-1.68,0.0,1.68,500.0,0.3,0.3,False
B27,2020-07-15 20:00:00,6.8,0.0,6.8,500.0,1.4,1.4,False
B27,2020-07-15 21:00:00,5.31,0.0,5.31,500.0,1.1,1.1,False
B27,2020-07-15 22:00:00,14.78,0.0,14.78,500.0,3.0,3.0,False
B27,2020-07-15 23:00:00,-31.31,0.0,31.31,500.0,6.3,6.3,False
B27,2020-07-16 00:00:00,5.17,0.0,5.17,500.0,1.0,1.0,False
B27,2020-07-16 02:00:00,4.2,0.0,4.2,500.0,0.8,0.8,False
B27,2020-07-16 04:00:00,-9.01,0.0,9.01,500.0,1.8,1.8,False
B27,2020-07-16 06:00:00,2.49,0.0,2.49,500.0,0.5,0.5,False
B27,2020-07-16 08:00:00,-31.7,0.0,31.7,500.0,6.3,6.3,False
B27,2020-07-16 10:00:00,-124.44,0.0,124.44,500.0,24.9,24.9,False
B27,2020-07-16 12:00:00,-95.68,0.0,95.68,500.0,19.1,19.1,False
B27,2020-07-16 14:00:00,-92.51,0.0,92.51,500.0,18.5,18.5,False
B27,2020-07-16 16:00:00,-106.11,0.0,106.11,500.0,21.2,21.2,False
B27,2020-07-16 18:00:00,10.39,0.0,10.39,500.0,2.1,2.1,False
B27,2020-07-16 20:00:00,-56.53,0.0,56.53,500.0,11.3,11.3,False
B27,2020-07-16 22:00:00,22.29,0.0,22.29,500.0,4.5,4.5,False
B28,2020-07-15 00:00:00,-212.36,0.0,212.36,500.0,42.5,42.5,False
B28,2020-07-15 01:00:00,-191.87,0.0,191.87,500.0,38.4,38.4,False
B28,2020-07-15 02:00:00,-187.66,0.0,187.66,500.0,37.5,37.5,False
B28,2020-07-15 03:00:00,-186.08,0.0,186.08,500.0,37.2,37.2,False
B28,2020-07-15 04:00:00,-167.59,0.0,167.59,500.0,33.5,33.5,False
B28,2020-07-15 05:00:00,-226.66,0.0,226.66,500.0,45.3,45.3,False
B28,2020-07-15 06:00:00,-244.51,0.0,244.51,500.0,48.9,48.9,False
B28,2020-07-15 07:00:00,-199.26,0.0,199.26,500.0,39.9,39.9,False
B28,2020-07-15 08:00:00,-121.79,0.0,121.79,500.0,24.4,24.4,False
B28,2020-07-15 09:00:00,-241.28,0.0,241.28,500.0,48.3,48.3,False
B28,2020-07-15 10:00:00,-252.19,0.0,252.19,500.0,50.4,50.4,False
B28,2020-07-15 11:00:00,-221.21,0.0,221.21,500.0,44.2,44.2,False
B28,2020-07-15 12:00:00,-219.95,0.0,219.95,500.0,44.0,44.0,False
B28,2020-07-15 13:00:00,-242.14,0.0,242.14,500.0,48.4,48.4,False
B28,2020-07-15 14:00:00,-263.81,0.0,263.81,500.0,52.8,52.8,False
B28,2020-07-15 15:00:00,-277.61,0.0,277.61,500.0,55.5,55.5,False
B28,2020-07-15 16:00:00,-286.38,0.0,286.38,500.0,57.3,57.3,False
B28,2020-07-15 17:00:00,-281.16,0.0,281.16,500.0,56.2,56.2,False
B28,2020-07-15 18:00:00,-298.38,0.0,298.38,500.0,59.7,59.7,False
B28,2020-07-15 19:00:00,-229.56,0.0,229.56,500.0,45.9,45.9,False
B28,2020-07-15 20:00:00,-244.37,0.0,244.37,500.0,48.9,48.9,False
B28,2020-07-15 21:00:00,-291.71,0.0,291.71,500.0,58.3,58.3,False
B28,2020-07-15 22:00:00,-253.67,0.0,253.67,500.0,50.7,50.7,False
B28,2020-07-15 23:00:00,-207.7,0.0,207.7,500.0,41.5,41.5,False
B28,2020-07-16 00:00:00,-273.23,0.0,273.23,500.0,54.6,54.6,False
B28,2020-07-16 02:00:00,-247.55,0.0,247.55,500.0,49.5,49.5,False
B28,2020-07-16 04:00:00,-219.22,0.0,219.22,500.0,43.8,43.8,False
B28,2020-07-16 06:00:00,-246.1,0.0,246.1,500.0,49.2,49.2,False
B28,2020-07-16 08:00:00,-206.36,0.0,206.36,500.0,41.3,41.3,False
B28,2020-07-16 10:00:00,-126.85,0.0,126.85,500.0,25.4,25.4,False
B28,2020-07-16 12:00:00,-234.64,0.0,234.64,500.0,46.9,46.9,False
B28,2020-07-16 14:00:00,-279.26,0.0,279.26,500.0,55.9,55.9,False
B28,2020-07-16 16:00:00,-248.89,0.0,248.89,500.0,49.8,49.8,False
B28,2020-07-16 18:00:00,-333.63,0.0,333.63,500.0,66.7,66.7,False
B28,2020-07-16 20:00:00,-222.44,0.0,222.44,500.0,44.5,44.5,False
B28,2020-07-16 22:00:00,-321.41,0.0,321.41,500.0,64.3,64.3,False
B29,2020-07-15 00:00:00,109.63,0.0,109.63,500.0,21.9,21.9,False
B29,2020-07-15 01:00:00,96.54,0.0,96.54,500.0,19.3,19.3,False
B29,2020-07-15 02:00:00,88.22,0.0,88.22,500.0,17.6,17.6,False
B29,2020-07-15 03:00:00,85.56,0.0,85.56,500.0,17.1,17.1,False
B29,2020-07-15 04:00:00,87.91,0.0,87.91,500.0,17.6,17.6,False
B29,2020-07-15 05:00:00,87.06,0.0,87.06,500.0,17.4,17.4,False
B29,2020-07-15 06:00:00,100.06,0.0,100.06,500.0,20.0,20.0,False
B29,2020-07-15 07:00:00,76.53,0.0,76.53,500.0,15.3,15.3,False
B29,2020-07-15 08:00:00,54.34,0.0,54.34,500.0,10.9,10.9,False
B29,2020-07-15 09:00:00,90.34,0.0,90.34,500.0,18.1,18.1,False
B29,2020-07-15 10:00:00,91.4,0.0,91.4,500.0,18.3,18.3,False
B29,2020-07-15 11:00:00,-41.44,0.0,41.44,500.0,8.3,8.3,False
B29,2020-07-15 12:00:00,-86.58,0.0,86.58,500.0,17.3,17.3,False
B29,2020-07-15 13:00:00,-87.04,0.0,87.04,500.0,17.4,17.4,False
B29,2020-07-15 14:00:00,-72.94,0.0,72.94,500.0,14.6,14.6,False
B29,2020-07-15 15:00:00,-53.76,0.0,53.76,500.0,10.8,10.8,False
B29,2020-07-15 16:00:00,-52.49,0.0,52.49,500.0,10.5,10.5,False
B29,2020-07-15 17:00:00,-48.97,0.0,48.97,500.0,9.8,9.8,False
B29,2020-07-15 18:00:00,-11.49,0.0,11.49,500.0,2.3,2.3,False
B29,2020-07-15 19:00:00,94.44,0.0,94.44,500.0,18.9,18.9,False
B29,2020-07-15 20:00:00,79.49,0.0,79.49,500.0,15.9,15.9,False
B29,2020-07-15 21:00:00,106.78,0.0,106.78,500.0,21.4,21.4,False
B29,2020-07-15 22:00:00,81.92,0.0,81.92,500.0,16.4,16.4,False
B29,2020-07-15 23:00:00,76.45,0.0,76.45,500.0,15.3,15.3,False
B29,2020-07-16 00:00:00,95.39,0.0,95.39,500.0,19.1,19.1,False
B29,2020-07-16 02:00:00,83.74,0.0,83.74,500.0,16.7,16.7,False
B29,2020-07-16 04:00:00,83.34,0.0,83.34,500.0,16.7,16.7,False
B29,2020-07-16 06:00:00,116.82,0.0,116.82,500.0,23.4,23.4,False
B29,2020-07-16 08:00:00,141.09,0.0,141.09,500.0,28.2,28.2,False
B29,2020-07-16 10:00:00,-115.68,0.0,115.68,500.0,23.1,23.1,False
B29,2020-07-16 12:00:00,-91.95,0.0,91.95,500.0,18.4,18.4,False
B29,2020-07-16 14:00:00,-74.19,0.0,74.19,500.0,14.8,14.8,False
B29,2020-07-16 16:00:00,-75.15,0.0,75.15,500.0,15.0,15.0,False
B29,2020-07-16 18:00:00,116.82,0.0,116.82,500.0,23.4,23.4,False
B29,2020-07-16 20:00:00,116.37,0.0,116.37,500.0,23.3,23.3,False
B29,2020-07-16 22:00:00,216.7,0.0,216.7,500.0,43.3,43.3,False
B30,2020-07-15 00:00:00,5.45,0.0,5.45,500.0,1.1,1.1,False
B30,2020-07-15 01:00:00,4.21,0.0,4.21,500.0,0.8,0.8,False
B30,2020-07-15 02:00:00,3.46,0.0,3.46,500.0,0.7,0.7,False
B30,2020-07-15 03:00:00,3.23,0.0,3.23,500.0,0.6,0.6,False
B30,2020-07-15 04:00:00,3.84,0.0,3.84,500.0,0.8,0.8,False
B30,2020-07-15 05:00:00,3.42,0.0,3.42,500.0,0.7,0.7,False
B30,2020-07-15 06:00:00,3.1,0.0,3.1,500.0,0.6,0.6,False
B30,2020-07-15 07:00:00,-3.02,0.0,3.02,500.0,0.6,0.6,False
B30,2020-07-15 08:00:00,-6.28,0.0,6.28,500.0,1.3,1.3,False
B30,2020-07-15 09:00:00,-1.25,0.0,1.25,500.0,0.2,0.2,False
B30,2020-07-15 10:00:00,-2.07,0.0,2.07,500.0,0.4,0.4,False
B30,2020-07-15 11:00:00,-5.51,0.0,5.51,500.0,1.1,1.1,False
B30,2020-07-15 12:00:00,-6.62,0.0,6.62,500.0,1.3,1.3,False
B30,2020-07-15 13:00:00,-6.5,0.0,6.5,500.0,1.3,1.3,False
B30,2020-07-15 14:00:00,-5.65,0.0,5.65,500.0,1.1,1.1,False
B30,2020-07-15 15:00:00,-4.73,0.0,4.73,500.0,0.9,0.9,False
B30,2020-07-15 16:00:00,-4.69,0.0,4.69,500.0,0.9,0.9,False
B30,2020-07-15 17:00:00,-4.57,0.0,4.57,500.0,0.9,0.9,False
B30,2020-07-15 18:00:00,-3.32,0.0,3.32,500.0,0.7,0.7,False
B30,2020-07-15 19:00:00,-2.88,0.0,2.88,500.0,0.6,0.6,False
B30,2020-07-15 20:00:00,-4.15,0.0,4.15,500.0,0.8,0.8,False
B30,2020-07-15 21:00:00,1.48,0.0,1.48,500.0,0.3,0.3,False
B30,2020-07-15 22:00:00,-0.78,0.0,0.78,500.0,0.2,0.2,False
B30,2020-07-15 23:00:00,-0.48,0.0,0.48,500.0,0.1,0.1,False
B30,2020-07-16 00:00:00,3.95,0.0,3.95,500.0,0.8,0.8,False
B30,2020-07-16 02:00:00,2.82,0.0,2.82,500.0,0.6,0.6,False
B30,2020-07-16 04:00:00,3.19,0.0,3.19,500.0,0.6,0.6,False
B30,2020-07-16 06:00:00,6.37,0.0,6.37,500.0,1.3,1.3,False
B30,2020-07-16 08:00:00,7.3,0.0,7.3,500.0,1.5,1.5,False
B30,2020-07-16 10:00:00,-8.69,0.0,8.69,500.0,1.7,1.7,False
B30,2020-07-16 12:00:00,-7.08,0.0,7.08,500.0,1.4,1.4,False
B30,2020-07-16 14:00:00,-5.72,0.0,5.72,500.0,1.1,1.1,False
B30,2020-07-16 16:00:00,-5.71,0.0,5.71,500.0,1.1,1.1,False
B30,2020-07-16 18:00:00,-0.95,0.0,0.95,500.0,0.2,0.2,False
B30,2020-07-16 20:00:00,1.32,0.0,1.32,500.0,0.3,0.3,False
B30,2020-07-16 22:00:00,19.83,0.0,19.83,500.0,4.0,4.0,False
B31-1,2020-07-15 00:00:00,-37.93,0.0,37.93,500.0,7.6,7.6,False
B31-1,2020-07-15 01:00:00,-39.32,0.0,39.32,500.0,7.9,7.9,False
B31-1,2020-07-15 02:00:00,-40.19,0.0,40.19,500.0,8.0,8.0,False
B31-1,2020-07-15 03:00:00,-40.16,0.0,40.16,500.0,8.0,8.0,False
B31-1,2020-07-15 04:00:00,-37.42,0.0,37.42,500.0,7.5,7.5,False
B31-1,2020-07-15 05:00:00,-38.69,0.0,38.69,500.0,7.7,7.7,False
B31-1,2020-07-15 06:00:00,-37.41,0.0,37.41,500.0,7.5,7.5,False
B31-1,2020-07-15 07:00:00,-56.64,0.0,56.64,500.0,11.3,11.3,False
B31-1,2020-07-15 08:00:00,-79.38,0.0,79.38,500.0,15.9,15.9,False
B31-1,2020-07-15 09:00:00,-68.76,0.0,68.76,500.0,13.8,13.8,False
B31-1,2020-07-15 10:00:00,-75.27,0.0,75.27,500.0,15.1,15.1,False
B31-1,2020-07-15 11:00:00,-26.32,0.0,26.32,500.0,5.3,5.3,False
B31-1,2020-07-15 12:00:00,-10.52,0.0,10.52,500.0,2.1,2.1,False
B31-1,2020-07-15 13:00:00,-8.67,0.0,8.67,500.0,1.7,1.7,False
B31-1,2020-07-15 14:00:00,-10.94,0.0,10.94,500.0,2.2,2.2,False
B31-1,2020-07-15 15:00:00,-14.45,0.0,14.45,500.0,2.9,2.9,False
B31-1,2020-07-15 16:00:00,-13.22,0.0,13.22,500.0,2.6,2.6,False
B31-1,2020-07-15 17:00:00,-12.45,0.0,12.45,500.0,2.5,2.5,False
B31-1,2020-07-15 18:00:00,-24.02,0.0,24.02,500.0,4.8,4.8,False
B31-1,2020-07-15 19:00:00,-85.92,0.0,85.92,500.0,17.2,17.2,False
B31-1,2020-07-15 20:00:00,-86.41,0.0,86.41,500.0,17.3,17.3,False
B31-1,2020-07-15 21:00:00,-63.39,0.0,63.39,500.0,12.7,12.7,False
B31-1,2020-07-15 22:00:00,-65.4,0.0,65.4,500.0,13.1,13.1,False
B31-1,2020-07-15 23:00:00,-58.81,0.0,58.81,500.0,11.8,11.8,False
B31-1,2020-07-16 00:00:00,-40.55,0.0,40.55,500.0,8.1,8.1,False
B31-1,2020-07-16 02:00:00,-39.67,0.0,39.67,500.0,7.9,7.9,False
B31-1,2020-07-16 04:00:00,-39.42,0.0,39.42,500.0,7.9,7.9,False
B31-1,2020-07-16 06:00:00,-36.06,0.0,36.06,500.0,7.2,7.2,False
B31-1,2020-07-16 08:00:00,-43.02,0.0,43.02,500.0,8.6,8.6,False
B31-1,2020-07-16 10:00:00,-11.59,0.0,11.59,500.0,2.3,2.3,False
B31-1,2020-07-16 12:00:00,-13.09,0.0,13.09,500.0,2.6,2.6,False
B31-1,2020-07-16 14:00:00,-13.22,0.0,13.22,500.0,2.6,2.6,False
B31-1,2020-07-16 16:00:00,-12.78,0.0,12.78,500.0,2.6,2.6,False
B31-1,2020-07-16 18:00:00,-84.73,0.0,84.73,500.0,16.9,16.9,False
B31-1,2020-07-16 20:00:00,-69.37,0.0,69.37,500.0,13.9,13.9,False
B31-1,2020-07-16 22:00:00,2.02,0.0,2.02,500.0,0.4,0.4,False
B31-2,2020-07-15 00:00:00,-37.93,0.0,37.93,500.0,7.6,7.6,False
B31-2,2020-07-15 01:00:00,-39.32,0.0,39.32,500.0,7.9,7.9,False
B31-2,2020-07-15 02:00:00,-40.19,0.0,40.19,500.0,8.0,8.0,False
B31-2,2020-07-15 03:00:00,-40.16,0.0,40.16,500.0,8.0,8.0,False
B31-2,2020-07-15 04:00:00,-37.42,0.0,37.42,500.0,7.5,7.5,False
B31-2,2020-07-15 05:00:00,-38.69,0.0,38.69,500.0,7.7,7.7,False
B31-2,2020-07-15 06:00:00,-37.41,0.0,37.41,500.0,7.5,7.5,False
B31-2,2020-07-15 07:00:00,-56.64,0.0,56.64,500.0,11.3,11.3,False
B31-2,2020-07-15 08:00:00,-79.38,0.0,79.38,500.0,15.9,15.9,False
B31-2,2020-07-15 09:00:00,-68.76,0.0,68.76,500.0,13.8,13.8,False
B31-2,2020-07-15 10:00:00,-75.27,0.0,75.27,500.0,15.1,15.1,False
B31-2,2020-07-15 11:00:00,-26.32,0.0,26.32,500.0,5.3,5.3,False
B31-2,2020-07-15 12:00:00,-10.52,0.0,10.52,500.0,2.1,2.1,False
B31-2,2020-07-15 13:00:00,-8.67,0.0,8.67,500.0,1.7,1.7,False
B31-2,2020-07-15 14:00:00,-10.94,0.0,10.94,500.0,2.2,2.2,False
B31-2,2020-07-15 15:00:00,-14.45,0.0,14.45,500.0,2.9,2.9,False
B31-2,2020-07-15 16:00:00,-13.22,0.0,13.22,500.0,2.6,2.6,False
B31-2,2020-07-15 17:00:00,-12.45,0.0,12.45,500.0,2.5,2.5,False
B31-2,2020-07-15 18:00:00,-24.02,0.0,24.02,500.0,4.8,4.8,False
B31-2,2020-07-15 19:00:00,-85.92,0.0,85.92,500.0,17.2,17.2,False
B31-2,2020-07-15 20:00:00,-86.41,0.0,86.41,500.0,17.3,17.3,False
B31-2,2020-07-15 21:00:00,-63.39,0.0,63.39,500.0,12.7,12.7,False
B31-2,2020-07-15 22:00:00,-65.4,0.0,65.4,500.0,13.1,13.1,False
B31-2,2020-07-15 23:00:00,-58.81,0.0,58.81,500.0,11.8,11.8,False
B31-2,2020-07-16 00:00:00,-40.55,0.0,40.55,500.0,8.1,8.1,False
B31-2,2020-07-16 02:00:00,-39.67,0.0,39.67,500.0,7.9,7.9,False
B31-2,2020-07-16 04:00:00,-39.42,0.0,39.42,500.0,7.9,7.9,False
B31-2,2020-07-16 06:00:00,-36.06,0.0,36.06,500.0,7.2,7.2,False
B31-2,2020-07-16 08:00:00,-43.02,0.0,43.02,500.0,8.6,8.6,False
B31-2,2020-07-16 10:00:00,-11.59,0.0,11.59,500.0,2.3,2.3,False
B31-2,2020-07-16 12:00:00,-13.09,0.0,13.09,500.0,2.6,2.6,False
B31-2,2020-07-16 14:00:00,-13.22,0.0,13.22,500.0,2.6,2.6,False
B31-2,2020-07-16 16:00:00,-12.78,0.0,12.78,500.0,2.6,2.6,False
B31-2,2020-07-16 18:00:00,-84.73,0.0,84.73,500.0,16.9,16.9,False
B31-2,2020-07-16 20:00:00,-69.37,0.0,69.37,500.0,13.9,13.9,False
B31-2,2020-07-16 22:00:00,2.02,0.0,2.02,500.0,0.4,0.4,False
B32-1,2020-07-15 00:00:00,-157.92,0.0,157.92,500.0,31.6,31.6,False
B32-1,2020-07-15 01:00:00,-144.88,0.0,144.88,500.0,29.0,29.0,False
B32-1,2020-07-15 02:00:00,-141.02,0.0,141.02,500.0,28.2,28.2,False
B32-1,2020-07-15 03:00:00,-139.48,0.0,139.48,500.0,27.9,27.9,False
B32-1,2020-07-15 04:00:00,-129.39,0.0,129.39,500.0,25.9,25.9,False
B32-1,2020-07-15 05:00:00,-159.29,0.0,159.29,500.0,31.9,31.9,False
B32-1,2020-07-15 06:00:00,-170.15,0.0,170.15,500.0,34.0,34.0,False
B32-1,2020-07-15 07:00:00,-150.81,0.0,150.81,500.0,30.2,30.2,False
B32-1,2020-07-15 08:00:00,-119.54,0.0,119.54,500.0,23.9,23.9,False
B32-1,2020-07-15 09:00:00,-183.59,0.0,183.59,500.0,36.7,36.7,False
B32-1,2020-07-15 10:00:00,-192.92,0.0,192.92,500.0,38.6,38.6,False
B32-1,2020-07-15 11:00:00,-181.09,0.0,181.09,500.0,36.2,36.2,False
B32-1,2020-07-15 12:00:00,-183.85,0.0,183.85,500.0,36.8,36.8,False
B32-1,2020-07-15 13:00:00,-196.96,0.0,196.96,500.0,39.4,39.4,False
B32-1,2020-07-15 14:00:00,-211.32,0.0,211.32,500.0,42.3,42.3,False
B32-1,2020-07-15 15:00:00,-219.43,0.0,219.43,500.0,43.9,43.9,False
B32-1,2020-07-15 16:00:00,-223.28,0.0,223.28,500.0,44.7,44.7,False
B32-1,2020-07-15 17:00:00,-218.7,0.0,218.7,500.0,43.7,43.7,False
B32-1,2020-07-15 18:00:00,-223.78,0.0,223.78,500.0,44.8,44.8,False
B32-1,2020-07-15 19:00:00,-188.54,0.0,188.54,500.0,37.7,37.7,False
B32-1,2020-07-15 20:00:00,-192.15,0.0,192.15,500.0,38.4,38.4,False
B32-1,2020-07-15 21:00:00,-210.71,0.0,210.71,500.0,42.1,42.1,False
B32-1,2020-07-15 22:00:00,-186.05,0.0,186.05,500.0,37.2,37.2,False
B32-1,2020-07-15 23:00:00,-157.85,0.0,157.85,500.0,31.6,31.6,False
B32-1,2020-07-16 00:00:00,-185.93,0.0,185.93,500.0,37.2,37.2,False
B32-1,2020-07-16 02:00:00,-169.26,0.0,169.26,500.0,33.9,33.9,False
B32-1,2020-07-16 04:00:00,-155.06,0.0,155.06,500.0,31.0,31.0,False
B32-1,2020-07-16 06:00:00,-175.75,0.0,175.75,500.0,35.1,35.1,False
B32-1,2020-07-16 08:00:00,-166.27,0.0,166.27,500.0,33.3,33.3,False
B32-1,2020-07-16 10:00:00,-136.17,0.0,136.17,500.0,27.2,27.2,False
B32-1,2020-07-16 12:00:00,-197.27,0.0,197.27,500.0,39.5,39.5,False
B32-1,2020-07-16 14:00:00,-224.45,0.0,224.45,500.0,44.9,44.9,False
B32-1,2020-07-16 16:00:00,-208.77,0.0,208.77,500.0,41.8,41.8,False
B32-1,2020-07-16 18:00:00,-245.97,0.0,245.97,500.0,49.2,49.2,False
B32-1,2020-07-16 20:00:00,-181.9,0.0,181.9,500.0,36.4,36.4,False
B32-1,2020-07-16 22:00:00,-219.65,0.0,219.65,500.0,43.9,43.9,False
B32-2,2020-07-15 00:00:00,-157.92,0.0,157.92,500.0,31.6,31.6,False
B32-2,2020-07-15 01:00:00,-144.88,0.0,144.88,500.0,29.0,29.0,False
B32-2,2020-07-15 02:00:00,-141.02,0.0,141.02,500.0,28.2,28.2,False
B32-2,2020-07-15 03:00:00,-139.48,0.0,139.48,500.0,27.9,27.9,False
B32-2,2020-07-15 04:00:00,-129.39,0.0,129.39,500.0,25.9,25.9,False
B32-2,2020-07-15 05:00:00,-159.29,0.0,159.29,500.0,31.9,31.9,False
B32-2,2020-07-15 06:00:00,-170.15,0.0,170.15,500.0,34.0,34.0,False
B32-2,2020-07-15 07:00:00,-150.81,0.0,150.81,500.0,30.2,30.2,False
B32-2,2020-07-15 08:00:00,-119.54,0.0,119.54,500.0,23.9,23.9,False
B32-2,2020-07-15 09:00:00,-183.59,0.0,183.59,500.0,36.7,36.7,False
B32-2,2020-07-15 10:00:00,-192.92,0.0,192.92,500.0,38.6,38.6,False
B32-2,2020-07-15 11:00:00,-181.09,0.0,181.09,500.0,36.2,36.2,False
B32-2,2020-07-15 12:00:00,-183.85,0.0,183.85,500.0,36.8,36.8,False
B32-2,2020-07-15 13:00:00,-196.96,0.0,196.96,500.0,39.4,39.4,False
B32-2,2020-07-15 14:00:00,-211.32,0.0,211.32,500.0,42.3,42.3,False
B32-2,2020-07-15 15:00:00,-219.43,0.0,219.43,500.0,43.9,43.9,False
B32-2,2020-07-15 16:00:00,-223.28,0.0,223.28,500.0,44.7,44.7,False
B32-2,2020-07-15 17:00:00,-218.7,0.0,218.7,500.0,43.7,43.7,False
B32-2,2020-07-15 18:00:00,-223.78,0.0,223.78,500.0,44.8,44.8,False
B32-2,2020-07-15 19:00:00,-188.54,0.0,188.54,500.0,37.7,37.7,False
B32-2,2020-07-15 20:00:00,-192.15,0.0,192.15,500.0,38.4,38.4,False
B32-2,2020-07-15 21:00:00,-210.71,0.0,210.71,500.0,42.1,42.1,False
B32-2,2020-07-15 22:00:00,-186.05,0.0,186.05,500.0,37.2,37.2,False
B32-2,2020-07-15 23:00:00,-157.85,0.0,157.85,500.0,31.6,31.6,False
B32-2,2020-07-16 00:00:00,-185.93,0.0,185.93,500.0,37.2,37.2,False
B32-2,2020-07-16 02:00:00,-169.26,0.0,169.26,500.0,33.9,33.9,False
B32-2,2020-07-16 04:00:00,-155.06,0.0,155.06,500.0,31.0,31.0,False
B32-2,2020-07-16 06:00:00,-175.75,0.0,175.75,500.0,35.1,35.1,False
B32-2,2020-07-16 08:00:00,-166.27,0.0,166.27,500.0,33.3,33.3,False
B32-2,2020-07-16 10:00:00,-136.17,0.0,136.17,500.0,27.2,27.2,False
B32-2,2020-07-16 12:00:00,-197.27,0.0,197.27,500.0,39.5,39.5,False
B32-2,2020-07-16 14:00:00,-224.45,0.0,224.45,500.0,44.9,44.9,False
B32-2,2020-07-16 16:00:00,-208.77,0.0,208.77,500.0,41.8,41.8,False
B32-2,2020-07-16 18:00:00,-245.97,0.0,245.97,500.0,49.2,49.2,False
B32-2,2020-07-16 20:00:00,-181.9,0.0,181.9,500.0,36.4,36.4,False
B32-2,2020-07-16 22:00:00,-219.65,0.0,219.65,500.0,43.9,43.9,False
B33-1,2020-07-15 00:00:00,-195.36,0.0,195.36,500.0,39.1,39.1,False
B33-1,2020-07-15 01:00:00,-180.36,0.0,180.36,500.0,36.1,36.1,False
B33-1,2020-07-15 02:00:00,-175.27,0.0,175.27,500.0,35.1,35.1,False
B33-1,2020-07-15 03:00:00,-173.19,0.0,173.19,500.0,34.6,34.6,False
B33-1,2020-07-15 04:00:00,-162.51,0.0,162.51,500.0,32.5,32.5,False
B33-1,2020-07-15 05:00:00,-192.6,0.0,192.6,500.0,38.5,38.5,False
B33-1,2020-07-15 06:00:00,-204.25,0.0,204.25,500.0,40.9,40.9,False
B33-1,2020-07-15 07:00:00,-186.74,0.0,186.74,500.0,37.3,37.3,False
B33-1,2020-07-15 08:00:00,-161.47,0.0,161.47,500.0,32.3,32.3,False
B33-1,2020-07-15 09:00:00,-228.77,0.0,228.77,500.0,45.8,45.8,False
B33-1,2020-07-15 10:00:00,-240.87,0.0,240.87,500.0,48.2,48.2,False
B33-1,2020-07-15 11:00:00,-231.6,0.0,231.6,500.0,46.3,46.3,False
B33-1,2020-07-15 12:00:00,-236.83,0.0,236.83,500.0,47.4,47.4,False
B33-1,2020-07-15 13:00:00,-251.32,0.0,251.32,500.0,50.3,50.3,False
B33-1,2020-07-15 14:00:00,-268.19,0.0,268.19,500.0,53.6,53.6,False
B33-1,2020-07-15 15:00:00,-277.11,0.0,277.11,500.0,55.4,55.4,False
B33-1,2020-07-15 16:00:00,-280.48,0.0,280.48,500.0,56.1,56.1,False
B33-1,2020-07-15 17:00:00,-274.42,0.0,274.42,500.0,54.9,54.9,False
B33-1,2020-07-15 18:00:00,-276.98,0.0,276.98,500.0,55.4,55.4,False
B33-1,2020-07-15 19:00:00,-241.6,0.0,241.6,500.0,48.3,48.3,False
B33-1,2020-07-15 20:00:00,-242.53,0.0,242.53,500.0,48.5,48.5,False
B33-1,2020-07-15 21:00:00,-257.45,0.0,257.45,500.0,51.5,51.5,False
B33-1,2020-07-15 22:00:00,-228.83,0.0,228.83,500.0,45.8,45.8,False
B33-1,2020-07-15 23:00:00,-196.85,0.0,196.85,500.0,39.4,39.4,False
B33-1,2020-07-16 00:00:00,-221.67,0.0,221.67,500.0,44.3,44.3,False
B33-1,2020-07-16 02:00:00,-202.18,0.0,202.18,500.0,40.4,40.4,False
B33-1,2020-07-16 04:00:00,-188.09,0.0,188.09,500.0,37.6,37.6,False
B33-1,2020-07-16 06:00:00,-213.89,0.0,213.89,500.0,42.8,42.8,False
B33-1,2020-07-16 08:00:00,-211.77,0.0,211.77,500.0,42.4,42.4,False
B33-1,2020-07-16 10:00:00,-188.51,0.0,188.51,500.0,37.7,37.7,False
B33-1,2020-07-16 12:00:00,-254.68,0.0,254.68,500.0,50.9,50.9,False
B33-1,2020-07-16 14:00:00,-285.28,0.0,285.28,500.0,57.1,57.1,False
B33-1,2020-07-16 16:00:00,-269.26,0.0,269.26,500.0,53.9,53.9,False
B33-1,2020-07-16 18:00:00,-302.82,0.0,302.82,500.0,60.6,60.6,False
B33-1,2020-07-16 20:00:00,-232.76,0.0,232.76,500.0,46.6,46.6,False
B33-1,2020-07-16 22:00:00,-262.07,0.0,262.07,500.0,52.4,52.4,False
B33-2,2020-07-15 00:00:00,-195.36,0.0,195.36,500.0,39.1,39.1,False
B33-2,2020-07-15 01:00:00,-180.36,0.0,180.36,500.0,36.1,36.1,False
B33-2,2020-07-15 02:00:00,-175.27,0.0,175.27,500.0,35.1,35.1,False
B33-2,2020-07-15 03:00:00,-173.19,0.0,173.19,500.0,34.6,34.6,False
B33-2,2020-07-15 04:00:00,-162.51,0.0,162.51,500.0,32.5,32.5,False
B33-2,2020-07-15 05:00:00,-192.6,0.0,192.6,500.0,38.5,38.5,False
B33-2,2020-07-15 06:00:00,-204.25,0.0,204.25,500.0,40.9,40.9,False
B33-2,2020-07-15 07:00:00,-186.74,0.0,186.74,500.0,37.3,37.3,False
B33-2,2020-07-15 08:00:00,-161.47,0.0,161.47,500.0,32.3,32.3,False
B33-2,2020-07-15 09:00:00,-228.77,0.0,228.77,500.0,45.8,45.8,False
B33-2,2020-07-15 10:00:00,-240.87,0.0,240.87,500.0,48.2,48.2,False
B33-2,2020-07-15 11:00:00,-231.6,0.0,231.6,500.0,46.3,46.3,False
B33-2,2020-07-15 12:00:00,-236.83,0.0,236.83,500.0,47.4,47.4,False
B33-2,2020-07-15 13:00:00,-251.32,0.0,251.32,500.0,50.3,50.3,False
B33-2,2020-07-15 14:00:00,-268.19,0.0,268.19,500.0,53.6,53.6,False
B33-2,2020-07-15 15:00:00,-277.11,0.0,277.11,500.0,55.4,55.4,False
B33-2,2020-07-15 16:00:00,-280.48,0.0,280.48,500.0,56.1,56.1,False
B33-2,2020-07-15 17:00:00,-274.42,0.0,274.42,500.0,54.9,54.9,False
B33-2,2020-07-15 18:00:00,-276.98,0.0,276.98,500.0,55.4,55.4,False
B33-2,2020-07-15 19:00:00,-241.6,0.0,241.6,500.0,48.3,48.3,False
B33-2,2020-07-15 20:00:00,-242.53,0.0,242.53,500.0,48.5,48.5,False
B33-2,2020-07-15 21:00:00,-257.45,0.0,257.45,500.0,51.5,51.5,False
B33-2,2020-07-15 22:00:00,-228.83,0.0,228.83,500.0,45.8,45.8,False
B33-2,2020-07-15 23:00:00,-196.85,0.0,196.85,500.0,39.4,39.4,False
B33-2,2020-07-16 00:00:00,-221.67,0.0,221.67,500.0,44.3,44.3,False
B33-2,2020-07-16 02:00:00,-202.18,0.0,202.18,500.0,40.4,40.4,False
B33-2,2020-07-16 04:00:00,-188.09,0.0,188.09,500.0,37.6,37.6,False
B33-2,2020-07-16 06:00:00,-213.89,0.0,213.89,500.0,42.8,42.8,False
B33-2,2020-07-16 08:00:00,-211.77,0.0,211.77,500.0,42.4,42.4,False
B33-2,2020-07-16 10:00:00,-188.51,0.0,188.51,500.0,37.7,37.7,False
B33-2,2020-07-16 12:00:00,-254.68,0.0,254.68,500.0,50.9,50.9,False
B33-2,2020-07-16 14:00:00,-285.28,0.0,285.28,500.0,57.1,57.1,False
B33-2,2020-07-16 16:00:00,-269.26,0.0,269.26,500.0,53.9,53.9,False
B33-2,2020-07-16 18:00:00,-302.82,0.0,302.82,500.0,60.6,60.6,False
B33-2,2020-07-16 20:00:00,-232.76,0.0,232.76,500.0,46.6,46.6,False
B33-2,2020-07-16 22:00:00,-262.07,0.0,262.07,500.0,52.4,52.4,False
B34,2020-07-15 00:00:00,0.36,0.0,0.36,500.0,0.1,0.1,False
B34,2020-07-15 01:00:00,1.66,0.0,1.66,500.0,0.3,0.3,False
B34,2020-07-15 02:00:00,2.54,0.0,2.54,500.0,0.5,0.5,False
B34,2020-07-15 03:00:00,2.73,0.0,2.73,500.0,0.5,0.5,False
B34,2020-07-15 04:00:00,2.14,0.0,2.14,500.0,0.4,0.4,False
B34,2020-07-15 05:00:00,2.14,0.0,2.14,500.0,0.4,0.4,False
B34,2020-07-15 06:00:00,-1.51,0.0,1.51,500.0,0.3,0.3,False
B34,2020-07-15 07:00:00,1.24,0.0,1.24,500.0,0.2,0.2,False
B34,2020-07-15 08:00:00,9.46,0.0,9.46,500.0,1.9,1.9,False
B34,2020-07-15 09:00:00,5.76,0.0,5.76,500.0,1.2,1.2,False
B34,2020-07-15 10:00:00,6.77,0.0,6.77,500.0,1.4,1.4,False
B34,2020-07-15 11:00:00,10.09,0.0,10.09,500.0,2.0,2.0,False
B34,2020-07-15 12:00:00,11.63,0.0,11.63,500.0,2.3,2.3,False
B34,2020-07-15 13:00:00,11.19,0.0,11.19,500.0,2.2,2.2,False
B34,2020-07-15 14:00:00,10.47,0.0,10.47,500.0,2.1,2.1,False
B34,2020-07-15 15:00:00,9.29,0.0,9.29,500.0,1.9,1.9,False
B34,2020-07-15 16:00:00,8.62,0.0,8.62,500.0,1.7,1.7,False
B34,2020-07-15 17:00:00,7.79,0.0,7.79,500.0,1.6,1.6,False
B34,2020-07-15 18:00:00,6.42,0.0,6.42,500.0,1.3,1.3,False
B34,2020-07-15 19:00:00,8.97,0.0,8.97,500.0,1.8,1.8,False
B34,2020-07-15 20:00:00,10.26,0.0,10.26,500.0,2.1,2.1,False
B34,2020-07-15 21:00:00,4.54,0.0,4.54,500.0,0.9,0.9,False
B34,2020-07-15 22:00:00,6.93,0.0,6.93,500.0,1.4,1.4,False
B34,2020-07-15 23:00:00,6.0,0.0,6.0,500.0,1.2,1.2,False
B34,2020-07-16 00:00:00,1.96,0.0,1.96,500.0,0.4,0.4,False
B34,2020-07-16 02:00:00,2.28,0.0,2.28,500.0,0.5,0.5,False
B34,2020-07-16 04:00:00,2.84,0.0,2.84,500.0,0.6,0.6,False
B34,2020-07-16 06:00:00,-0.43,0.0,0.43,500.0,0.1,0.1,False
B34,2020-07-16 08:00:00,-1.33,0.0,1.33,500.0,0.3,0.3,False
B34,2020-07-16 10:00:00,14.83,0.0,14.83,500.0,3.0,3.0,False
B34,2020-07-16 12:00:00,13.0,0.0,13.0,500.0,2.6,2.6,False
B34,2020-07-16 14:00:00,11.49,0.0,11.49,500.0,2.3,2.3,False
B34,2020-07-16 16:00:00,11.53,0.0,11.53,500.0,2.3,2.3,False
B34,2020-07-16 18:00:00,6.88,0.0,6.88,500.0,1.4,1.4,False
B34,2020-07-16 20:00:00,4.61,0.0,4.61,500.0,0.9,0.9,False
B34,2020-07-16 22:00:00,-14.77,0.0,14.77,500.0,3.0,3.0,False
C1,2020-07-15 00:00:00,48.25,0.0,48.25,175.0,27.6,27.6,False
C1,2020-07-15 01:00:00,46.74,0.0,46.74,175.0,26.7,26.7,False
C1,2020-07-15 02:00:00,44.53,0.0,44.53,175.0,25.4,25.4,False
C1,2020-07-15 03:00:00,43.35,0.0,43.35,175.0,24.8,24.8,False
C1,2020-07-15 04:00:00,38.76,0.0,38.76,175.0,22.1,22.1,False
C1,2020-07-15 05:00:00,41.97,0.0,41.97,175.0,24.0,24.0,False
C1,2020-07-15 06:00:00,44.28,0.0,44.28,175.0,25.3,25.3,False
C1,2020-07-15 07:00:00,47.83,0.0,47.83,175.0,27.3,27.3,False
C1,2020-07-15 08:00:00,57.89,0.0,57.89,175.0,33.1,33.1,False
C1,2020-07-15 09:00:00,84.68,0.0,84.68,175.0,48.4,48.4,False
C1,2020-07-15 10:00:00,86.0,0.0,86.0,175.0,49.1,49.1,False
C1,2020-07-15 11:00:00,76.81,0.0,76.81,175.0,43.9,43.9,False
C1,2020-07-15 12:00:00,89.6,0.0,89.6,175.0,51.2,51.2,False
C1,2020-07-15 13:00:00,90.62,0.0,90.62,175.0,51.8,51.8,False
C1,2020-07-15 14:00:00,92.01,0.0,92.01,175.0,52.6,52.6,False
C1,2020-07-15 15:00:00,91.61,0.0,91.61,175.0,52.4,52.4,False
C1,2020-07-15 16:00:00,95.28,0.0,95.28,175.0,54.4,54.4,False
C1,2020-07-15 17:00:00,51.9,0.0,51.9,175.0,29.7,29.7,False
C1,2020-07-15 18:00:00,53.22,0.0,53.22,175.0,30.4,30.4,False
C1,2020-07-15 19:00:00,26.02,0.0,26.02,175.0,14.9,14.9,False
C1,2020-07-15 20:00:00,13.62,0.0,13.62,175.0,7.8,7.8,False
C1,2020-07-15 21:00:00,22.33,0.0,22.33,175.0,12.8,12.8,False
C1,2020-07-15 22:00:00,13.61,0.0,13.61,175.0,7.8,7.8,False
C1,2020-07-15 23:00:00,6.82,0.0,6.82,175.0,3.9,3.9,False
C1,2020-07-16 00:00:00,49.53,0.0,49.53,175.0,28.3,28.3,False
C1,2020-07-16 02:00:00,48.88,0.0,48.88,175.0,27.9,27.9,False
C1,2020-07-16 04:00:00,49.75,0.0,49.75,175.0,28.4,28.4,False
C1,2020-07-16 06:00:00,52.07,0.0,52.07,175.0,29.8,29.8,False
C1,2020-07-16 08:00:00,54.85,0.0,54.85,175.0,31.3,31.3,False
C1,2020-07-16 10:00:00,57.11,0.0,57.11,175.0,32.6,32.6,False
C1,2020-07-16 12:00:00,58.6,0.0,58.6,175.0,33.5,33.5,False
C1,2020-07-16 14:00:00,59.26,0.0,59.26,175.0,33.9,33.9,False
C1,2020-07-16 16:00:00,58.27,0.0,58.27,175.0,33.3,33.3,False
C1,2020-07-16 18:00:00,56.41,0.0,56.41,175.0,32.2,32.2,False
C1,2020-07-16 20:00:00,54.61,0.0,54.61,175.0,31.2,31.2,False
C1,2020-07-16 22:00:00,51.41,0.0,51.41,175.0,29.4,29.4,False
C2,2020-07-15 00:00:00,-103.42,0.0,103.42,175.0,59.1,59.1,False
C2,2020-07-15 01:00:00,-99.5,0.0,99.5,175.0,56.9,56.9,False
C2,2020-07-15 02:00:00,-94.38,0.0,94.38,175.0,53.9,53.9,False
C2,2020-07-15 03:00:00,-91.44,0.0,91.44,175.0,52.2,52.2,False
C2,2020-07-15 04:00:00,-81.88,0.0,81.88,175.0,46.8,46.8,False
C2,2020-07-15 05:00:00,-88.39,0.0,88.39,175.0,50.5,50.5,False
C2,2020-07-15 06:00:00,-92.89,0.0,92.89,175.0,53.1,53.1,False
C2,2020-07-15 07:00:00,-100.28,0.0,100.28,175.0,57.3,57.3,False
C2,2020-07-15 08:00:00,-105.05,0.0,105.05,175.0,60.0,60.0,False
C2,2020-07-15 09:00:00,-97.59,0.0,97.59,175.0,55.8,55.8,False
C2,2020-07-15 10:00:00,-95.55,0.0,95.55,175.0,54.6,54.6,False
C2,2020-07-15 11:00:00,-109.04,0.0,109.04,175.0,62.3,62.3,False
C2,2020-07-15 12:00:00,-107.68,0.0,107.68,175.0,61.5,61.5,False
C2,2020-07-15 13:00:00,-106.95,0.0,106.95,175.0,61.1,61.1,False
C2,2020-07-15 14:00:00,-111.03,0.0,111.03,175.0,63.4,63.4,False
C2,2020-07-15 15:00:00,-96.92,0.0,96.92,175.0,55.4,55.4,False
C2,2020-07-15 16:00:00,-115.39,0.0,115.39,175.0,65.9,65.9,False
C2,2020-07-15 17:00:00,-142.73,0.0,142.73,175.0,81.6,81.6,False
C2,2020-07-15 18:00:00,-143.97,0.0,143.97,175.0,82.3,82.3,False
C2,2020-07-15 19:00:00,-88.18,0.0,88.18,175.0,50.4,50.4,False
C2,2020-07-15 20:00:00,-62.32,0.0,62.32,175.0,35.6,35.6,False
C2,2020-07-15 21:00:00,-79.28,0.0,79.28,175.0,45.3,45.3,False
C2,2020-07-15 22:00:00,-59.88,0.0,59.88,175.0,34.2,34.2,False
C2,2020-07-15 23:00:00,-44.54,0.0,44.54,175.0,25.5,25.5,False
C2,2020-07-16 00:00:00,-131.93,0.0,131.93,175.0,75.4,75.4,False
C2,2020-07-16 02:00:00,-129.22,0.0,129.22,175.0,73.8,73.8,False
C2,2020-07-16 04:00:00,-131.63,0.0,131.63,175.0,75.2,75.2,False
C2,2020-07-16 06:00:00,-138.87,0.0,138.87,175.0,79.4,79.4,False
C2,2020-07-16 08:00:00,-146.75,0.0,146.75,175.0,83.9,83.9,False
C2,2020-07-16 10:00:00,-154.75,0.0,154.75,175.0,88.4,88.4,False
C2,2020-07-16 12:00:00,-161.73,0.0,161.73,175.0,92.4,92.4,False
C2,2020-07-16 14:00:00,-165.3,0.0,165.3,175.0,94.5,94.5,False
C2,2020-07-16 16:00:00,-160.89,0.0,160.89,175.0,91.9,91.9,False
C2,2020-07-16 18:00:00,-153.05,0.0,153.05,175.0,87.5,87.5,False
C2,2020-07-16 20:00:00,-148.18,0.0,148.18,175.0,84.7,84.7,False
C2,2020-07-16 22:00:00,-137.8,0.0,137.8,175.0,78.7,78.7,False
C3,2020-07-15 00:00:00,29.01,0.0,29.01,175.0,16.6,16.6,False
C3,2020-07-15 01:00:00,28.68,0.0,28.68,175.0,16.4,16.4,False
C3,2020-07-15 02:00:00,26.48,0.0,26.48,175.0,15.1,15.1,False
C3,2020-07-15 03:00:00,24.85,0.0,24.85,175.0,14.2,14.2,False
C3,2020-07-15 04:00:00,18.17,0.0,18.17,175.0,10.4,10.4,False
C3,2020-07-15 05:00:00,19.8,0.0,19.8,175.0,11.3,11.3,False
C3,2020-07-15 06:00:00,20.31,0.0,20.31,175.0,11.6,11.6,False
C3,2020-07-15 07:00:00,21.43,0.0,21.43,175.0,12.2,12.2,False
C3,2020-07-15 08:00:00,22.78,0.0,22.78,175.0,13.0,13.0,False
C3,2020-07-15 09:00:00,37.46,0.0,37.46,175.0,21.4,21.4,False
C3,2020-07-15 10:00:00,34.96,0.0,34.96,175.0,20.0,20.0,False
C3,2020-07-15 11:00:00,26.38,0.0,26.38,175.0,15.1,15.1,False
C3,2020-07-15 12:00:00,34.43,0.0,34.43,175.0,19.7,19.7,False
C3,2020-07-15 13:00:00,34.03,0.0,34.03,175.0,19.4,19.4,False
C3,2020-07-15 14:00:00,34.97,0.0,34.97,175.0,20.0,20.0,False
C3,2020-07-15 15:00:00,58.29,0.0,58.29,175.0,33.3,33.3,False
C3,2020-07-15 16:00:00,41.17,0.0,41.17,175.0,23.5,23.5,False
C3,2020-07-15 17:00:00,13.3,0.0,13.3,175.0,7.6,7.6,False
C3,2020-07-15 18:00:00,18.62,0.0,18.62,175.0,10.6,10.6,False
C3,2020-07-15 19:00:00,-11.27,0.0,11.27,175.0,6.4,6.4,False
C3,2020-07-15 20:00:00,-22.14,0.0,22.14,175.0,12.7,12.7,False
C3,2020-07-15 21:00:00,-7.6,0.0,7.6,175.0,4.3,4.3,False
C3,2020-07-15 22:00:00,-12.05,0.0,12.05,175.0,6.9,6.9,False
C3,2020-07-15 23:00:00,-14.66,0.0,14.66,175.0,8.4,8.4,False
C3,2020-07-16 00:00:00,34.0,0.0,34.0,175.0,19.4,19.4,False
C3,2020-07-16 02:00:00,34.88,0.0,34.88,175.0,19.9,19.9,False
C3,2020-07-16 04:00:00,32.96,0.0,32.96,175.0,18.8,18.8,False
C3,2020-07-16 06:00:00,28.1,0.0,28.1,175.0,16.1,16.1,False
C3,2020-07-16 08:00:00,21.84,0.0,21.84,175.0,12.5,12.5,False
C3,2020-07-16 10:00:00,17.68,0.0,17.68,175.0,10.1,10.1,False
C3,2020-07-16 12:00:00,16.01,0.0,16.01,175.0,9.1,9.1,False
C3,2020-07-16 14:00:00,15.55,0.0,15.55,175.0,8.9,8.9,False
C3,2020-07-16 16:00:00,16.79,0.0,16.79,175.0,9.6,9.6,False
C3,2020-07-16 18:00:00,19.44,0.0,19.44,175.0,11.1,11.1,False
C3,2020-07-16 20:00:00,23.66,0.0,23.66,175.0,13.5,13.5,False
C3,2020-07-16 22:00:00,30.02,0.0,30.02,175.0,17.2,17.2,False
C4,2020-07-15 00:00:00,-15.32,0.0,15.32,175.0,8.8,8.8,False
C4,2020-07-15 01:00:00,-14.65,0.0,14.65,175.0,8.4,8.4,False
C4,2020-07-15 02:00:00,-14.79,0.0,14.79,175.0,8.5,8.5,False
C4,2020-07-15 03:00:00,-14.78,0.0,14.78,175.0,8.4,8.4,False
C4,2020-07-15 04:00:00,-16.73,0.0,16.73,175.0,9.6,9.6,False
C4,2020-07-15 05:00:00,-16.12,0.0,16.12,175.0,9.2,9.2,False
C4,2020-07-15 06:00:00,-15.98,0.0,15.98,175.0,9.1,9.1,False
C4,2020-07-15 07:00:00,-15.9,0.0,15.9,175.0,9.1,9.1,False
C4,2020-07-15 08:00:00,-15.43,0.0,15.43,175.0,8.8,8.8,False
C4,2020-07-15 09:00:00,-3.5,0.0,3.5,175.0,2.0,2.0,False
C4,2020-07-15 10:00:00,-4.82,0.0,4.82,175.0,2.8,2.8,False
C4,2020-07-15 11:00:00,-13.01,0.0,13.01,175.0,7.4,7.4,False
C4,2020-07-15 12:00:00,-8.53,0.0,8.53,175.0,4.9,4.9,False
C4,2020-07-15 13:00:00,-9.52,0.0,9.52,175.0,5.4,5.4,False
C4,2020-07-15 14:00:00,-10.37,0.0,10.37,175.0,5.9,5.9,False
C4,2020-07-15 15:00:00,7.69,0.0,7.69,175.0,4.4,4.4,False
C4,2020-07-15 16:00:00,-8.04,0.0,8.04,175.0,4.6,4.6,False
C4,2020-07-15 17:00:00,-29.52,0.0,29.52,175.0,16.9,16.9,False
C4,2020-07-15 18:00:00,-26.52,0.0,26.52,175.0,15.2,15.2,False
C4,2020-07-15 19:00:00,-35.81,0.0,35.81,175.0,20.5,20.5,False
C4,2020-07-15 20:00:00,-38.93,0.0,38.93,175.0,22.2,22.2,False
C4,2020-07-15 21:00:00,-33.59,0.0,33.59,175.0,19.2,19.2,False
C4,2020-07-15 22:00:00,-33.66,0.0,33.66,175.0,19.2,19.2,False
C4,2020-07-15 23:00:00,-33.31,0.0,33.31,175.0,19.0,19.0,False
C4,2020-07-16 00:00:00,-17.59,0.0,17.59,175.0,10.1,10.1,False
C4,2020-07-16 02:00:00,-16.1,0.0,16.1,175.0,9.2,9.2,False
C4,2020-07-16 04:00:00,-17.15,0.0,17.15,175.0,9.8,9.8,False
C4,2020-07-16 06:00:00,-20.9,0.0,20.9,175.0,11.9,11.9,False
C4,2020-07-16 08:00:00,-24.76,0.0,24.76,175.0,14.1,14.1,False
C4,2020-07-16 10:00:00,-29.12,0.0,29.12,175.0,16.6,16.6,False
C4,2020-07-16 12:00:00,-33.41,0.0,33.41,175.0,19.1,19.1,False
C4,2020-07-16 14:00:00,-35.69,0.0,35.69,175.0,20.4,20.4,False
C4,2020-07-16 16:00:00,-33.04,0.0,33.04,175.0,18.9,18.9,False
C4,2020-07-16 18:00:00,-28.41,0.0,28.41,175.0,16.2,16.2,False
C4,2020-07-16 20:00:00,-26.1,0.0,26.1,175.0,14.9,14.9,False
C4,2020-07-16 22:00:00,-20.73,0.0,20.73,175.0,11.8,11.8,False
C5,2020-07-15 00:00:00,19.72,0.0,19.72,175.0,11.3,11.3,False
C5,2020-07-15 01:00:00,19.41,0.0,19.41,175.0,11.1,11.1,False
C5,2020-07-15 02:00:00,17.95,0.0,17.95,175.0,10.3,10.3,False
C5,2020-07-15 03:00:00,16.9,0.0,16.9,175.0,9.7,9.7,False
C5,2020-07-15 04:00:00,12.71,0.0,12.71,175.0,7.3,7.3,False
C5,2020-07-15 05:00:00,13.85,0.0,13.85,175.0,7.9,7.9,False
C5,2020-07-15 06:00:00,14.92,0.0,14.92,175.0,8.5,8.5,False
C5,2020-07-15 07:00:00,16.31,0.0,16.31,175.0,9.3,9.3,False
C5,2020-07-15 08:00:00,16.51,0.0,16.51,175.0,9.4,9.4,False
C5,2020-07-15 09:00:00,25.32,0.0,25.32,175.0,14.5,14.5,False
C5,2020-07-15 10:00:00,23.84,0.0,23.84,175.0,13.6,13.6,False
C5,2020-07-15 11:00:00,18.84,0.0,18.84,175.0,10.8,10.8,False
C5,2020-07-15 12:00:00,23.83,0.0,23.83,175.0,13.6,13.6,False
C5,2020-07-15 13:00:00,23.74,0.0,23.74,175.0,13.6,13.6,False
C5,2020-07-15 14:00:00,24.41,0.0,24.41,175.0,13.9,13.9,False
C5,2020-07-15 15:00:00,40.41,0.0,40.41,175.0,23.1,23.1,False
C5,2020-07-15 16:00:00,28.38,0.0,28.38,175.0,16.2,16.2,False
C5,2020-07-15 17:00:00,11.45,0.0,11.45,175.0,6.5,6.5,False
C5,2020-07-15 18:00:00,14.63,0.0,14.63,175.0,8.4,8.4,False
C5,2020-07-15 19:00:00,-4.75,0.0,4.75,175.0,2.7,2.7,False
C5,2020-07-15 20:00:00,-11.7,0.0,11.7,175.0,6.7,6.7,False
C5,2020-07-15 21:00:00,-2.69,0.0,2.69,175.0,1.5,1.5,False
C5,2020-07-15 22:00:00,-5.74,0.0,5.74,175.0,3.3,3.3,False
C5,2020-07-15 23:00:00,-7.48,0.0,7.48,175.0,4.3,4.3,False
C5,2020-07-16 00:00:00,23.06,0.0,23.06,175.0,13.2,13.2,False
C5,2020-07-16 02:00:00,23.63,0.0,23.63,175.0,13.5,13.5,False
C5,2020-07-16 04:00:00,22.35,0.0,22.35,175.0,12.8,12.8,False
C5,2020-07-16 06:00:00,19.66,0.0,19.66,175.0,11.2,11.2,False
C5,2020-07-16 08:00:00,16.07,0.0,16.07,175.0,9.2,9.2,False
C5,2020-07-16 10:00:00,13.81,0.0,13.81,175.0,7.9,7.9,False
C5,2020-07-16 12:00:00,13.16,0.0,13.16,175.0,7.5,7.5,False
C5,2020-07-16 14:00:00,13.09,0.0,13.09,175.0,7.5,7.5,False
C5,2020-07-16 16:00:00,13.63,0.0,13.63,175.0,7.8,7.8,False
C5,2020-07-16 18:00:00,14.88,0.0,14.88,175.0,8.5,8.5,False
C5,2020-07-16 20:00:00,17.32,0.0,17.32,175.0,9.9,9.9,False
C5,2020-07-16 22:00:00,20.99,0.0,20.99,175.0,12.0,12.0,False
C6,2020-07-15 00:00:00,128.87,46.13,175.0,175.0,73.6,100.0,True
C6,2020-07-15 01:00:00,124.29,50.71,175.0,175.0,71.0,100.0,True
C6,2020-07-15 02:00:00,115.04,59.96,175.0,175.0,65.7,100.0,True
C6,2020-07-15 03:00:00,109.82,65.18,175.0,175.0,62.8,100.0,True
C6,2020-07-15 04:00:00,87.5,87.5,175.0,175.0,50.0,100.0,True
C6,2020-07-15 05:00:00,99.72,75.28,175.0,175.0,57.0,100.0,True
C6,2020-07-15 06:00:00,108.33,66.67,175.0,175.0,61.9,100.0,True
C6,2020-07-15 07:00:00,121.31,53.69,175.0,175.0,69.3,100.0,True
C6,2020-07-15 08:00:00,124.61,50.39,175.0,175.0,71.2,100.0,True
C6,2020-07-15 09:00:00,133.36,0.0,133.36,175.0,76.2,76.2,False
C6,2020-07-15 10:00:00,124.55,0.0,124.55,175.0,71.2,71.2,False
C6,2020-07-15 11:00:00,128.85,0.0,128.85,175.0,73.6,73.6,False
C6,2020-07-15 12:00:00,134.32,0.0,134.32,175.0,76.8,76.8,False
C6,2020-07-15 13:00:00,129.9,0.0,129.9,175.0,74.2,74.2,False
C6,2020-07-15 14:00:00,134.59,0.0,134.59,175.0,76.9,76.9,False
C6,2020-07-15 15:00:00,144.74,0.0,144.74,175.0,82.7,82.7,False
C6,2020-07-15 16:00:00,149.43,0.0,149.43,175.0,85.4,85.4,False
C6,2020-07-15 17:00:00,154.58,0.0,154.58,175.0,88.3,88.3,False
C6,2020-07-15 18:00:00,166.01,0.0,166.01,175.0,94.9,94.9,False
C6,2020-07-15 19:00:00,44.25,0.0,44.25,175.0,25.3,25.3,False
C6,2020-07-15 20:00:00,-7.56,182.56,190.12,175.0,4.3,108.6,True
C6,2020-07-15 21:00:00,37.69,137.31,175.0,175.0,21.5,100.0,True
C6,2020-07-15 22:00:00,5.83,169.17,175.0,175.0,3.3,100.0,True
C6,2020-07-15 23:00:00,-17.77,192.77,210.55,175.0,10.2,120.3,True
C6,2020-07-16 00:00:00,175.0,0.0,175.0,175.0,100.0,100.0,True
C6,2020-07-16 02:00:00,175.0,0.0,175.0,175.0,100.0,100.0,True
C6,2020-07-16 04:00:00,175.0,0.0,175.0,175.0,100.0,100.0,True
C6,2020-07-16 06:00:00,175.0,0.0,175.0,175.0,100.0,100.0,True
C6,2020-07-16 08:00:00,175.0,0.0,175.0,175.0,100.0,100.0,True
C6,2020-07-16 10:00:00,175.0,0.0,175.0,175.0,100.0,100.0,True
C6,2020-07-16 12:00:00,175.0,0.0,175.0,175.0,100.0,100.0,True
C6,2020-07-16 14:00:00,175.0,0.0,175.0,175.0,100.0,100.0,True
C6,2020-07-16 16:00:00,175.0,0.0,175.0,175.0,100.0,100.0,True
C6,2020-07-16 18:00:00,175.0,0.0,175.0,175.0,100.0,100.0,True
C6,2020-07-16 20:00:00,175.0,0.0,175.0,175.0,100.0,100.0,True
C6,2020-07-16 22:00:00,175.0,0.0,175.0,175.0,100.0,100.0,True
C7,2020-07-15 00:00:00,117.11,0.0,117.11,400.0,29.3,29.3,False
C7,2020-07-15 01:00:00,121.44,0.0,121.44,400.0,30.4,30.4,False
C7,2020-07-15 02:00:00,107.97,0.0,107.97,400.0,27.0,27.0,False
C7,2020-07-15 03:00:00,98.22,0.0,98.22,400.0,24.6,24.6,False
C7,2020-07-15 04:00:00,57.24,0.0,57.24,400.0,14.3,14.3,False
C7,2020-07-15 05:00:00,48.61,0.0,48.61,400.0,12.2,12.2,False
C7,2020-07-15 06:00:00,87.01,0.0,87.01,400.0,21.8,21.8,False
C7,2020-07-15 07:00:00,86.5,0.0,86.5,400.0,21.6,21.6,False
C7,2020-07-15 08:00:00,77.09,0.0,77.09,400.0,19.3,19.3,False
C7,2020-07-15 09:00:00,12.7,0.0,12.7,400.0,3.2,3.2,False
C7,2020-07-15 10:00:00,-26.89,0.0,26.89,400.0,6.7,6.7,False
C7,2020-07-15 11:00:00,-51.13,0.0,51.13,400.0,12.8,12.8,False
C7,2020-07-15 12:00:00,-51.1,0.0,51.1,400.0,12.8,12.8,False
C7,2020-07-15 13:00:00,-40.23,0.0,40.23,400.0,10.1,10.1,False
C7,2020-07-15 14:00:00,-32.23,0.0,32.23,400.0,8.1,8.1,False
C7,2020-07-15 15:00:00,2.91,0.0,2.91,400.0,0.7,0.7,False
C7,2020-07-15 16:00:00,3.03,0.0,3.03,400.0,0.8,0.8,False
C7,2020-07-15 17:00:00,-16.97,0.0,16.97,400.0,4.2,4.2,False
C7,2020-07-15 18:00:00,8.99,0.0,8.99,400.0,2.2,2.2,False
C7,2020-07-15 19:00:00,-106.95,0.0,106.95,400.0,26.7,26.7,False
C7,2020-07-15 20:00:00,-168.75,0.0,168.75,400.0,42.2,42.2,False
C7,2020-07-15 21:00:00,-103.28,0.0,103.28,400.0,25.8,25.8,False
C7,2020-07-15 22:00:00,-113.71,0.0,113.71,400.0,28.4,28.4,False
C7,2020-07-15 23:00:00,-110.39,0.0,110.39,400.0,27.6,27.6,False
C7,2020-07-16 00:00:00,165.79,0.0,165.79,400.0,41.4,41.4,False
C7,2020-07-16 02:00:00,166.16,0.0,166.16,400.0,41.5,41.5,False
C7,2020-07-16 04:00:00,184.9,0.0,184.9,400.0,46.2,46.2,False
C7,2020-07-16 06:00:00,136.8,0.0,136.8,400.0,34.2,34.2,False
C7,2020-07-16 08:00:00,121.68,0.0,121.68,400.0,30.4,30.4,False
C7,2020-07-16 10:00:00,73.95,0.0,73.95,400.0,18.5,18.5,False
C7,2020-07-16 12:00:00,22.94,0.0,22.94,400.0,5.7,5.7,False
C7,2020-07-16 14:00:00,21.99,0.0,21.99,400.0,5.5,5.5,False
C7,2020-07-16 16:00:00,55.99,0.0,55.99,400.0,14.0,14.0,False
C7,2020-07-16 18:00:00,41.65,0.0,41.65,400.0,10.4,10.4,False
C7,2020-07-16 20:00:00,155.67,0.0,155.67,400.0,38.9,38.9,False
C7,2020-07-16 22:00:00,155.95,0.0,155.95,400.0,39.0,39.0,False
C8,2020-07-15 00:00:00,-50.15,0.0,50.15,175.0,28.7,28.7,False
C8,2020-07-15 01:00:00,-48.07,0.0,48.07,175.0,27.5,27.5,False
C8,2020-07-15 02:00:00,-47.77,0.0,47.77,175.0,27.3,27.3,False
C8,2020-07-15 03:00:00,-47.64,0.0,47.64,175.0,27.2,27.2,False
C8,2020-07-15 04:00:00,-50.79,0.0,50.79,175.0,29.0,29.0,False
C8,2020-07-15 05:00:00,-51.19,0.0,51.19,175.0,29.3,29.3,False
C8,2020-07-15 06:00:00,-50.95,0.0,50.95,175.0,29.1,29.1,False
C8,2020-07-15 07:00:00,-51.66,0.0,51.66,175.0,29.5,29.5,False
C8,2020-07-15 08:00:00,-59.51,0.0,59.51,175.0,34.0,34.0,False
C8,2020-07-15 09:00:00,-52.53,0.0,52.53,175.0,30.0,30.0,False
C8,2020-07-15 10:00:00,-57.03,0.0,57.03,175.0,32.6,32.6,False
C8,2020-07-15 11:00:00,-68.25,0.0,68.25,175.0,39.0,39.0,False
C8,2020-07-15 12:00:00,-66.41,0.0,66.41,175.0,37.9,37.9,False
C8,2020-07-15 13:00:00,-68.92,0.0,68.92,175.0,39.4,39.4,False
C8,2020-07-15 14:00:00,-70.99,0.0,70.99,175.0,40.6,40.6,False
C8,2020-07-15 15:00:00,-52.74,0.0,52.74,175.0,30.1,30.1,False
C8,2020-07-15 16:00:00,-66.14,0.0,66.14,175.0,37.8,37.8,False
C8,2020-07-15 17:00:00,-83.66,0.0,83.66,175.0,47.8,47.8,False
C8,2020-07-15 18:00:00,-76.92,0.0,76.92,175.0,44.0,44.0,False
C8,2020-07-15 19:00:00,-88.05,0.0,88.05,175.0,50.3,50.3,False
C8,2020-07-15 20:00:00,-89.39,0.0,89.39,175.0,51.1,51.1,False
C8,2020-07-15 21:00:00,-79.72,0.0,79.72,175.0,45.6,45.6,False
C8,2020-07-15 22:00:00,-75.56,0.0,75.56,175.0,43.2,43.2,False
C8,2020-07-15 23:00:00,-70.95,0.0,70.95,175.0,40.5,40.5,False
C8,2020-07-16 00:00:00,-52.61,0.0,52.61,175.0,30.1,30.1,False
C8,2020-07-16 02:00:00,-48.85,0.0,48.85,175.0,27.9,27.9,False
C8,2020-07-16 04:00:00,-52.58,0.0,52.58,175.0,30.0,30.0,False
C8,2020-07-16 06:00:00,-62.99,0.0,62.99,175.0,36.0,36.0,False
C8,2020-07-16 08:00:00,-74.65,0.0,74.65,175.0,42.7,42.7,False
C8,2020-07-16 10:00:00,-85.84,0.0,85.84,175.0,49.1,49.1,False
C8,2020-07-16 12:00:00,-94.97,0.0,94.97,175.0,54.3,54.3,False
C8,2020-07-16 14:00:00,-99.51,0.0,99.51,175.0,56.9,56.9,False
C8,2020-07-16 16:00:00,-93.68,0.0,93.68,175.0,53.5,53.5,False
C8,2020-07-16 18:00:00,-83.18,0.0,83.18,175.0,47.5,47.5,False
C8,2020-07-16 20:00:00,-75.87,0.0,75.87,175.0,43.4,43.4,False
C8,2020-07-16 22:00:00,-60.94,0.0,60.94,175.0,34.8,34.8,False
C9,2020-07-15 00:00:00,-4.64,0.0,4.64,175.0,2.6,2.6,False
C9,2020-07-15 01:00:00,-3.62,0.0,3.62,175.0,2.1,2.1,False
C9,2020-07-15 02:00:00,-5.41,0.0,5.41,175.0,3.1,3.1,False
C9,2020-07-15 03:00:00,-6.92,0.0,6.92,175.0,4.0,4.0,False
C9,2020-07-15 04:00:00,-14.75,0.0,14.75,175.0,8.4,8.4,False
C9,2020-07-15 05:00:00,-14.07,0.0,14.07,175.0,8.0,8.0,False
C9,2020-07-15 06:00:00,-13.31,0.0,13.31,175.0,7.6,7.6,False
C9,2020-07-15 07:00:00,-12.81,0.0,12.81,175.0,7.3,7.3,False
C9,2020-07-15 08:00:00,-19.65,0.0,19.65,175.0,11.2,11.2,False
C9,2020-07-15 09:00:00,-9.76,0.0,9.76,175.0,5.6,5.6,False
C9,2020-07-15 10:00:00,-15.33,0.0,15.33,175.0,8.8,8.8,False
C9,2020-07-15 11:00:00,-26.81,0.0,26.81,175.0,15.3,15.3,False
C9,2020-07-15 12:00:00,-21.3,0.0,21.3,175.0,12.2,12.2,False
C9,2020-07-15 13:00:00,-23.15,0.0,23.15,175.0,13.2,13.2,False
C9,2020-07-15 14:00:00,-23.39,0.0,23.39,175.0,13.4,13.4,False
C9,2020-07-15 15:00:00,0.12,0.0,0.12,175.0,0.1,0.1,False
C9,2020-07-15 16:00:00,-14.73,0.0,14.73,175.0,8.4,8.4,False
C9,2020-07-15 17:00:00,-38.78,0.0,38.78,175.0,22.2,22.2,False
C9,2020-07-15 18:00:00,-29.87,0.0,29.87,175.0,17.1,17.1,False
C9,2020-07-15 19:00:00,-61.63,0.0,61.63,175.0,35.2,35.2,False
C9,2020-07-15 20:00:00,-70.81,0.0,70.81,175.0,40.5,40.5,False
C9,2020-07-15 21:00:00,-52.11,0.0,52.11,175.0,29.8,29.8,False
C9,2020-07-15 22:00:00,-52.51,0.0,52.51,175.0,30.0,30.0,False
C9,2020-07-15 23:00:00,-50.99,0.0,50.99,175.0,29.1,29.1,False
C9,2020-07-16 00:00:00,0.17,0.0,0.17,175.0,0.1,0.1,False
C9,2020-07-16 02:00:00,3.25,0.0,3.25,175.0,1.9,1.9,False
C9,2020-07-16 04:00:00,-1.28,0.0,1.28,175.0,0.7,0.7,False
C9,2020-07-16 06:00:00,-12.52,0.0,12.52,175.0,7.2,7.2,False
C9,2020-07-16 08:00:00,-26.26,0.0,26.26,175.0,15.0,15.0,False
C9,2020-07-16 10:00:00,-36.98,0.0,36.98,175.0,21.1,21.1,False
C9,2020-07-16 12:00:00,-43.29,0.0,43.29,175.0,24.7,24.7,False
C9,2020-07-16 14:00:00,-45.91,0.0,45.91,175.0,26.2,26.2,False
C9,2020-07-16 16:00:00,-41.63,0.0,41.63,175.0,23.8,23.8,False
C9,2020-07-16 18:00:00,-33.35,0.0,33.35,175.0,19.1,19.1,False
C9,2020-07-16 20:00:00,-24.33,0.0,24.33,175.0,13.9,13.9,False
C9,2020-07-16 22:00:00,-8.77,0.0,8.77,175.0,5.0,5.0,False
C10,2020-07-15 00:00:00,-39.42,0.0,39.42,175.0,22.5,22.5,False
C10,2020-07-15 01:00:00,-37.08,0.0,37.08,175.0,21.2,21.2,False
C10,2020-07-15 02:00:00,-37.63,0.0,37.63,175.0,21.5,21.5,False
C10,2020-07-15 03:00:00,-38.51,0.0,38.51,175.0,22.0,22.0,False
C10,2020-07-15 04:00:00,-44.87,0.0,44.87,175.0,25.6,25.6,False
C10,2020-07-15 05:00:00,-45.94,0.0,45.94,175.0,26.3,26.3,False
C10,2020-07-15 06:00:00,-48.01,0.0,48.01,175.0,27.4,27.4,False
C10,2020-07-15 07:00:00,-50.91,0.0,50.91,175.0,29.1,29.1,False
C10,2020-07-15 08:00:00,-61.85,0.0,61.85,175.0,35.3,35.3,False
C10,2020-07-15 09:00:00,-61.01,0.0,61.01,175.0,34.9,34.9,False
C10,2020-07-15 10:00:00,-68.18,0.0,68.18,175.0,39.0,39.0,False
C10,2020-07-15 11:00:00,-78.84,0.0,78.84,175.0,45.1,45.1,False
C10,2020-07-15 12:00:00,-78.33,0.0,78.33,175.0,44.8,44.8,False
C10,2020-07-15 13:00:00,-81.5,0.0,81.5,175.0,46.6,46.6,False
C10,2020-07-15 14:00:00,-82.97,0.0,82.97,175.0,47.4,47.4,False
C10,2020-07-15 15:00:00,-66.84,0.0,66.84,175.0,38.2,38.2,False
C10,2020-07-15 16:00:00,-75.1,0.0,75.1,175.0,42.9,42.9,False
C10,2020-07-15 17:00:00,-85.35,0.0,85.35,175.0,48.8,48.8,False
C10,2020-07-15 18:00:00,-75.4,0.0,75.4,175.0,43.1,43.1,False
C10,2020-07-15 19:00:00,-95.64,0.0,95.64,175.0,54.7,54.7,False
C10,2020-07-15 20:00:00,-99.32,0.0,99.32,175.0,56.8,56.8,False
C10,2020-07-15 21:00:00,-82.43,0.0,82.43,175.0,47.1,47.1,False
C10,2020-07-15 22:00:00,-77.59,0.0,77.59,175.0,44.3,44.3,False
C10,2020-07-15 23:00:00,-72.01,0.0,72.01,175.0,41.2,41.2,False
C10,2020-07-16 00:00:00,-36.34,0.0,36.34,175.0,20.8,20.8,False
C10,2020-07-16 02:00:00,-32.3,0.0,32.3,175.0,18.5,18.5,False
C10,2020-07-16 04:00:00,-37.69,0.0,37.69,175.0,21.5,21.5,False
C10,2020-07-16 06:00:00,-52.72,0.0,52.72,175.0,30.1,30.1,False
C10,2020-07-16 08:00:00,-70.62,0.0,70.62,175.0,40.4,40.4,False
C10,2020-07-16 10:00:00,-85.28,0.0,85.28,175.0,48.7,48.7,False
C10,2020-07-16 12:00:00,-95.02,0.0,95.02,175.0,54.3,54.3,False
C10,2020-07-16 14:00:00,-99.37,0.0,99.37,175.0,56.8,56.8,False
C10,2020-07-16 16:00:00,-92.94,0.0,92.94,175.0,53.1,53.1,False
C10,2020-07-16 18:00:00,-80.81,0.0,80.81,175.0,46.2,46.2,False
C10,2020-07-16 20:00:00,-69.18,0.0,69.18,175.0,39.5,39.5,False
C10,2020-07-16 22:00:00,-48.68,0.0,48.68,175.0,27.8,27.8,False
C11,2020-07-15 00:00:00,-54.83,0.0,54.83,175.0,31.3,31.3,False
C11,2020-07-15 01:00:00,-52.4,0.0,52.4,175.0,29.9,29.9,False
C11,2020-07-15 02:00:00,-51.57,0.0,51.57,175.0,29.5,29.5,False
C11,2020-07-15 03:00:00,-51.41,0.0,51.41,175.0,29.4,29.4,False
C11,2020-07-15 04:00:00,-53.41,0.0,53.41,175.0,30.5,30.5,False
C11,2020-07-15 05:00:00,-55.4,0.0,55.4,175.0,31.7,31.7,False
C11,2020-07-15 06:00:00,-57.97,0.0,57.97,175.0,33.1,33.1,False
C11,2020-07-15 07:00:00,-61.63,0.0,61.63,175.0,35.2,35.2,False
C11,2020-07-15 08:00:00,-72.28,0.0,72.28,175.0,41.3,41.3,False
C11,2020-07-15 09:00:00,-79.71,0.0,79.71,175.0,45.5,45.5,False
C11,2020-07-15 10:00:00,-84.96,0.0,84.96,175.0,48.5,48.5,False
C11,2020-07-15 11:00:00,-90.15,0.0,90.15,175.0,51.5,51.5,False
C11,2020-07-15 12:00:00,-94.31,0.0,94.31,175.0,53.9,53.9,False
C11,2020-07-15 13:00:00,-44.47,0.0,44.47,175.0,25.4,25.4,False
C11,2020-07-15 14:00:00,3.72,0.0,3.72,175.0,2.1,2.1,False
C11,2020-07-15 15:00:00,4.67,0.0,4.67,175.0,2.7,2.7,False
C11,2020-07-15 16:00:00,7.18,0.0,7.18,175.0,4.1,4.1,False
C11,2020-07-15 17:00:00,-36.74,0.0,36.74,175.0,21.0,21.0,False
C11,2020-07-15 18:00:00,-28.7,0.0,28.7,175.0,16.4,16.4,False
C11,2020-07-15 19:00:00,25.96,0.0,25.96,175.0,14.8,14.8,False
C11,2020-07-15 20:00:00,28.97,0.0,28.97,175.0,16.6,16.6,False
C11,2020-07-15 21:00:00,-73.78,0.0,73.78,175.0,42.2,42.2,False
C11,2020-07-15 22:00:00,-66.54,0.0,66.54,175.0,38.0,38.0,False
C11,2020-07-15 23:00:00,-59.76,0.0,59.76,175.0,34.1,34.1,False
C11,2020-07-16 00:00:00,-55.07,0.0,55.07,175.0,31.5,31.5,False
C11,2020-07-16 02:00:00,-51.81,0.0,51.81,175.0,29.6,29.6,False
C11,2020-07-16 04:00:00,-55.67,0.0,55.67,175.0,31.8,31.8,False
C11,2020-07-16 06:00:00,-67.0,0.0,67.0,175.0,38.3,38.3,False
C11,2020-07-16 08:00:00,-80.16,0.0,80.16,175.0,45.8,45.8,False
C11,2020-07-16 10:00:00,-91.57,0.0,91.57,175.0,52.3,52.3,False
C11,2020-07-16 12:00:00,-44.91,0.0,44.91,175.0,25.7,25.7,False
C11,2020-07-16 14:00:00,6.17,0.0,6.17,175.0,3.5,3.5,False
C11,2020-07-16 16:00:00,11.58,0.0,11.58,175.0,6.6,6.6,False
C11,2020-07-16 18:00:00,-66.42,0.0,66.42,175.0,38.0,38.0,False
C11,2020-07-16 20:00:00,-24.98,0.0,24.98,175.0,14.3,14.3,False
C11,2020-07-16 22:00:00,-64.45,0.0,64.45,175.0,36.8,36.8,False
C12-1,2020-07-15 00:00:00,-89.74,0.0,89.74,175.0,51.3,51.3,False
C12-1,2020-07-15 01:00:00,-86.19,0.0,86.19,175.0,49.3,49.3,False
C12-1,2020-07-15 02:00:00,-84.2,0.0,84.2,175.0,48.1,48.1,False
C12-1,2020-07-15 03:00:00,-83.19,0.0,83.19,175.0,47.5,47.5,False
C12-1,2020-07-15 04:00:00,-83.68,0.0,83.68,175.0,47.8,47.8,False
C12-1,2020-07-15 05:00:00,-86.48,0.0,86.48,175.0,49.4,49.4,False
C12-1,2020-07-15 06:00:00,-90.35,0.0,90.35,175.0,51.6,51.6,False
C12-1,2020-07-15 07:00:00,-95.78,0.0,95.78,175.0,54.7,54.7,False
C12-1,2020-07-15 08:00:00,-107.86,0.0,107.86,175.0,61.6,61.6,False
C12-1,2020-07-15 09:00:00,-114.9,0.0,114.9,175.0,65.7,65.7,False
C12-1,2020-07-15 10:00:00,-120.82,0.0,120.82,175.0,69.0,69.0,False
C12-1,2020-07-15 11:00:00,-128.8,0.0,128.8,175.0,73.6,73.6,False
C12-1,2020-07-15 12:00:00,-134.34,0.0,134.34,175.0,76.8,76.8,False
C12-1,2020-07-15 13:00:00,-111.92,0.0,111.92,175.0,64.0,64.0,False
C12-1,2020-07-15 14:00:00,-90.26,0.0,90.26,175.0,51.6,51.6,False
C12-1,2020-07-15 15:00:00,-89.33,0.0,89.33,175.0,51.0,51.0,False
C12-1,2020-07-15 16:00:00,-87.53,0.0,87.53,175.0,50.0,50.0,False
C12-1,2020-07-15 17:00:00,-107.42,0.0,107.42,175.0,61.4,61.4,False
C12-1,2020-07-15 18:00:00,-99.57,0.0,99.57,175.0,56.9,56.9,False
C12-1,2020-07-15 19:00:00,-64.47,0.0,64.47,175.0,36.8,36.8,False
C12-1,2020-07-15 20:00:00,-57.8,0.0,57.8,175.0,33.0,33.0,False
C12-1,2020-07-15 21:00:00,-107.49,0.0,107.49,175.0,61.4,61.4,False
C12-1,2020-07-15 22:00:00,-96.73,0.0,96.73,175.0,55.3,55.3,False
C12-1,2020-07-15 23:00:00,-87.25,0.0,87.25,175.0,49.9,49.9,False
C12-1,2020-07-16 00:00:00,-94.17,0.0,94.17,175.0,53.8,53.8,False
C12-1,2020-07-16 02:00:00,-89.78,0.0,89.78,175.0,51.3,51.3,False
C12-1,2020-07-16 04:00:00,-94.02,0.0,94.02,175.0,53.7,53.7,False
C12-1,2020-07-16 06:00:00,-107.82,0.0,107.82,175.0,61.6,61.6,False
C12-1,2020-07-16 08:00:00,-123.16,0.0,123.16,175.0,70.4,70.4,False
C12-1,2020-07-16 10:00:00,-137.82,0.0,137.82,175.0,78.8,78.8,False
C12-1,2020-07-16 12:00:00,-122.58,0.0,122.58,175.0,70.0,70.0,False
C12-1,2020-07-16 14:00:00,-101.21,0.0,101.21,175.0,57.8,57.8,False
C12-1,2020-07-16 16:00:00,-93.45,0.0,93.45,175.0,53.4,53.4,False
C12-1,2020-07-16 18:00:00,-123.47,0.0,123.47,175.0,70.6,70.6,False
C12-1,2020-07-16 20:00:00,-97.36,0.0,97.36,175.0,55.6,55.6,False
C12-1,2020-07-16 22:00:00,-105.78,0.0,105.78,175.0,60.4,60.4,False
C13-2,2020-07-15 00:00:00,-37.95,0.0,37.95,175.0,21.7,21.7,False
C13-2,2020-07-15 01:00:00,-35.73,0.0,35.73,175.0,20.4,20.4,False
C13-2,2020-07-15 02:00:00,-35.72,0.0,35.72,175.0,20.4,20.4,False
C13-2,2020-07-15 03:00:00,-36.35,0.0,36.35,175.0,20.8,20.8,False
C13-2,2020-07-15 04:00:00,-40.59,0.0,40.59,175.0,23.2,23.2,False
C13-2,2020-07-15 05:00:00,-42.67,0.0,42.67,175.0,24.4,24.4,False
C13-2,2020-07-15 06:00:00,-46.33,0.0,46.33,175.0,26.5,26.5,False
C13-2,2020-07-15 07:00:00,-50.82,0.0,50.82,175.0,29.0,29.0,False
C13-2,2020-07-15 08:00:00,-62.13,0.0,62.13,175.0,35.5,35.5,False
C13-2,2020-07-15 09:00:00,-72.19,0.0,72.19,175.0,41.2,41.2,False
C13-2,2020-07-15 10:00:00,-78.63,0.0,78.63,175.0,44.9,44.9,False
C13-2,2020-07-15 11:00:00,-83.0,0.0,83.0,175.0,47.4,47.4,False
C13-2,2020-07-15 12:00:00,-87.14,0.0,87.14,175.0,49.8,49.8,False
C13-2,2020-07-15 13:00:00,-63.66,0.0,63.66,175.0,36.4,36.4,False
C13-2,2020-07-15 14:00:00,-39.8,0.0,39.8,175.0,22.7,22.7,False
C13-2,2020-07-15 15:00:00,-39.69,0.0,39.69,175.0,22.7,22.7,False
C13-2,2020-07-15 16:00:00,-34.39,0.0,34.39,175.0,19.7,19.7,False
C13-2,2020-07-15 17:00:00,-50.21,0.0,50.21,175.0,28.7,28.7,False
C13-2,2020-07-15 18:00:00,-41.53,0.0,41.53,175.0,23.7,23.7,False
C13-2,2020-07-15 19:00:00,-22.29,0.0,22.29,175.0,12.7,12.7,False
C13-2,2020-07-15 20:00:00,-21.83,0.0,21.83,175.0,12.5,12.5,False
C13-2,2020-07-15 21:00:00,-65.0,0.0,65.0,175.0,37.1,37.1,False
C13-2,2020-07-15 22:00:00,-58.57,0.0,58.57,175.0,33.5,33.5,False
C13-2,2020-07-15 23:00:00,-52.23,0.0,52.23,175.0,29.8,29.8,False
C13-2,2020-07-16 00:00:00,-34.07,0.0,34.07,175.0,19.5,19.5,False
C13-2,2020-07-16 02:00:00,-31.04,0.0,31.04,175.0,17.7,17.7,False
C13-2,2020-07-16 04:00:00,-35.6,0.0,35.6,175.0,20.3,20.3,False
C13-2,2020-07-16 06:00:00,-48.64,0.0,48.64,175.0,27.8,27.8,False
C13-2,2020-07-16 08:00:00,-64.46,0.0,64.46,175.0,36.8,36.8,False
C13-2,2020-07-16 10:00:00,-76.76,0.0,76.76,175.0,43.9,43.9,False
C13-2,2020-07-16 12:00:00,-56.82,0.0,56.82,175.0,32.5,32.5,False
C13-2,2020-07-16 14:00:00,-32.52,0.0,32.52,175.0,18.6,18.6,False
C13-2,2020-07-16 16:00:00,-27.47,0.0,27.47,175.0,15.7,15.7,False
C13-2,2020-07-16 18:00:00,-61.74,0.0,61.74,175.0,35.3,35.3,False
C13-2,2020-07-16 20:00:00,-34.86,0.0,34.86,175.0,19.9,19.9,False
C13-2,2020-07-16 22:00:00,-44.98,0.0,44.98,175.0,25.7,25.7,False
C14,2020-07-15 00:00:00,25.55,0.0,25.55,400.0,6.4,6.4,False
C14,2020-07-15 01:00:00,27.79,0.0,27.79,400.0,6.9,6.9,False
C14,2020-07-15 02:00:00,23.15,0.0,23.15,400.0,5.8,5.8,False
C14,2020-07-15 03:00:00,18.63,0.0,18.63,400.0,4.7,4.7,False
C14,2020-07-15 04:00:00,1.71,0.0,1.71,400.0,0.4,0.4,False
C14,2020-07-15 05:00:00,-2.61,0.0,2.61,400.0,0.7,0.7,False
C14,2020-07-15 06:00:00,-3.39,0.0,3.39,400.0,0.8,0.8,False
C14,2020-07-15 07:00:00,-7.53,0.0,7.53,400.0,1.9,1.9,False
C14,2020-07-15 08:00:00,-21.1,0.0,21.1,400.0,5.3,5.3,False
C14,2020-07-15 09:00:00,-39.67,0.0,39.67,400.0,9.9,9.9,False
C14,2020-07-15 10:00:00,-54.6,0.0,54.6,400.0,13.6,13.6,False
C14,2020-07-15 11:00:00,-64.87,0.0,64.87,400.0,16.2,16.2,False
C14,2020-07-15 12:00:00,-64.18,0.0,64.18,400.0,16.0,16.0,False
C14,2020-07-15 13:00:00,-54.77,0.0,54.77,400.0,13.7,13.7,False
C14,2020-07-15 14:00:00,-43.0,0.0,43.0,400.0,10.8,10.8,False
C14,2020-07-15 15:00:00,-24.72,0.0,24.72,400.0,6.2,6.2,False
C14,2020-07-15 16:00:00,-25.09,0.0,25.09,400.0,6.3,6.3,False
C14,2020-07-15 17:00:00,-38.83,0.0,38.83,400.0,9.7,9.7,False
C14,2020-07-15 18:00:00,-22.82,0.0,22.82,400.0,5.7,5.7,False
C14,2020-07-15 19:00:00,-63.41,0.0,63.41,400.0,15.9,15.9,False
C14,2020-07-15 20:00:00,-80.39,0.0,80.39,400.0,20.1,20.1,False
C14,2020-07-15 21:00:00,-66.48,0.0,66.48,400.0,16.6,16.6,False
C14,2020-07-15 22:00:00,-63.75,0.0,63.75,400.0,15.9,15.9,False
C14,2020-07-15 23:00:00,-57.06,0.0,57.06,400.0,14.3,14.3,False
C14,2020-07-16 00:00:00,43.69,0.0,43.69,400.0,10.9,10.9,False
C14,2020-07-16 02:00:00,47.68,0.0,47.68,400.0,11.9,11.9,False
C14,2020-07-16 04:00:00,39.31,0.0,39.31,400.0,9.8,9.8,False
C14,2020-07-16 06:00:00,14.53,0.0,14.53,400.0,3.6,3.6,False
C14,2020-07-16 08:00:00,-10.07,0.0,10.07,400.0,2.5,2.5,False
C14,2020-07-16 10:00:00,-31.86,0.0,31.86,400.0,8.0,8.0,False
C14,2020-07-16 12:00:00,-34.62,0.0,34.62,400.0,8.7,8.7,False
C14,2020-07-16 14:00:00,-25.57,0.0,25.57,400.0,6.4,6.4,False
C14,2020-07-16 16:00:00,-16.35,0.0,16.35,400.0,4.1,4.1,False
C14,2020-07-16 18:00:00,-26.99,0.0,26.99,400.0,6.7,6.7,False
C14,2020-07-16 20:00:00,13.41,0.0,13.41,400.0,3.4,3.4,False
C14,2020-07-16 22:00:00,24.36,0.0,24.36,400.0,6.1,6.1,False
C15,2020-07-15 00:00:00,13.62,0.0,13.62,400.0,3.4,3.4,False
C15,2020-07-15 01:00:00,15.53,0.0,15.53,400.0,3.9,3.9,False
C15,2020-07-15 02:00:00,11.41,0.0,11.41,400.0,2.9,2.9,False
C15,2020-07-15 03:00:00,6.74,0.0,6.74,400.0,1.7,1.7,False
C15,2020-07-15 04:00:00,-12.58,0.0,12.58,400.0,3.1,3.1,False
C15,2020-07-15 05:00:00,-11.28,0.0,11.28,400.0,2.8,2.8,False
C15,2020-07-15 06:00:00,-20.86,0.0,20.86,400.0,5.2,5.2,False
C15,2020-07-15 07:00:00,-27.53,0.0,27.53,400.0,6.9,6.9,False
C15,2020-07-15 08:00:00,-53.85,0.0,53.85,400.0,13.5,13.5,False
C15,2020-07-15 09:00:00,-57.3,0.0,57.3,400.0,14.3,14.3,False
C15,2020-07-15 10:00:00,-71.67,0.0,71.67,400.0,17.9,17.9,False
C15,2020-07-15 11:00:00,-81.9,0.0,81.9,400.0,20.5,20.5,False
C15,2020-07-15 12:00:00,-81.47,0.0,81.47,400.0,20.4,20.4,False
C15,2020-07-15 13:00:00,-72.78,0.0,72.78,400.0,18.2,18.2,False
C15,2020-07-15 14:00:00,-56.79,0.0,56.79,400.0,14.2,14.2,False
C15,2020-07-15 15:00:00,-38.48,0.0,38.48,400.0,9.6,9.6,False
C15,2020-07-15 16:00:00,-37.05,0.0,37.05,400.0,9.3,9.3,False
C15,2020-07-15 17:00:00,-48.13,0.0,48.13,400.0,12.0,12.0,False
C15,2020-07-15 18:00:00,-23.72,0.0,23.72,400.0,5.9,5.9,False
C15,2020-07-15 19:00:00,-78.13,0.0,78.13,400.0,19.5,19.5,False
C15,2020-07-15 20:00:00,-93.21,0.0,93.21,400.0,23.3,23.3,False
C15,2020-07-15 21:00:00,-77.85,0.0,77.85,400.0,19.5,19.5,False
C15,2020-07-15 22:00:00,-75.35,0.0,75.35,400.0,18.8,18.8,False
C15,2020-07-15 23:00:00,-70.69,0.0,70.69,400.0,17.7,17.7,False
C15,2020-07-16 00:00:00,39.58,0.0,39.58,400.0,9.9,9.9,False
C15,2020-07-16 02:00:00,45.0,0.0,45.0,400.0,11.2,11.2,False
C15,2020-07-16 04:00:00,32.14,0.0,32.14,400.0,8.0,8.0,False
C15,2020-07-16 06:00:00,2.88,0.0,2.88,400.0,0.7,0.7,False
C15,2020-07-16 08:00:00,-42.36,0.0,42.36,400.0,10.6,10.6,False
C15,2020-07-16 10:00:00,-66.68,0.0,66.68,400.0,16.7,16.7,False
C15,2020-07-16 12:00:00,-54.7,0.0,54.7,400.0,13.7,13.7,False
C15,2020-07-16 14:00:00,-41.13,0.0,41.13,400.0,10.3,10.3,False
C15,2020-07-16 16:00:00,-36.78,0.0,36.78,400.0,9.2,9.2,False
C15,2020-07-16 18:00:00,-41.0,0.0,41.0,400.0,10.3,10.3,False
C15,2020-07-16 20:00:00,-17.74,0.0,17.74,400.0,4.4,4.4,False
C15,2020-07-16 22:00:00,14.34,0.0,14.34,400.0,3.6,3.6,False
C16,2020-07-15 00:00:00,-76.17,0.0,76.17,400.0,19.0,19.0,False
C16,2020-07-15 01:00:00,-71.31,0.0,71.31,400.0,17.8,17.8,False
C16,2020-07-15 02:00:00,-72.07,0.0,72.07,400.0,18.0,18.0,False
C16,2020-07-15 03:00:00,-73.38,0.0,73.38,400.0,18.3,18.3,False
C16,2020-07-15 04:00:00,-82.94,0.0,82.94,400.0,20.7,20.7,False
C16,2020-07-15 05:00:00,-88.67,0.0,88.67,400.0,22.2,22.2,False
C16,2020-07-15 06:00:00,-89.85,0.0,89.85,400.0,22.5,22.5,False
C16,2020-07-15 07:00:00,-95.84,0.0,95.84,400.0,24.0,24.0,False
C16,2020-07-15 08:00:00,-110.93,0.0,110.93,400.0,27.7,27.7,False
C16,2020-07-15 09:00:00,-123.57,0.0,123.57,400.0,30.9,30.9,False
C16,2020-07-15 10:00:00,-137.48,0.0,137.48,400.0,34.4,34.4,False
C16,2020-07-15 11:00:00,-154.85,0.0,154.85,400.0,38.7,38.7,False
C16,2020-07-15 12:00:00,-156.9,0.0,156.9,400.0,39.2,39.2,False
C16,2020-07-15 13:00:00,-149.58,0.0,149.58,400.0,37.4,37.4,False
C16,2020-07-15 14:00:00,-142.13,0.0,142.13,400.0,35.5,35.5,False
C16,2020-07-15 15:00:00,-122.23,0.0,122.23,400.0,30.6,30.6,False
C16,2020-07-15 16:00:00,-129.47,0.0,129.47,400.0,32.4,32.4,False
C16,2020-07-15 17:00:00,-151.22,0.0,151.22,400.0,37.8,37.8,False
C16,2020-07-15 18:00:00,-136.83,0.0,136.83,400.0,34.2,34.2,False
C16,2020-07-15 19:00:00,-146.27,0.0,146.27,400.0,36.6,36.6,False
C16,2020-07-15 20:00:00,-151.06,0.0,151.06,400.0,37.8,37.8,False
C16,2020-07-15 21:00:00,-149.94,0.0,149.94,400.0,37.5,37.5,False
C16,2020-07-15 22:00:00,-138.71,0.0,138.71,400.0,34.7,34.7,False
C16,2020-07-15 23:00:00,-125.87,0.0,125.87,400.0,31.5,31.5,False
C16,2020-07-16 00:00:00,-74.37,0.0,74.37,400.0,18.6,18.6,False
C16,2020-07-16 02:00:00,-67.69,0.0,67.69,400.0,16.9,16.9,False
C16,2020-07-16 04:00:00,-75.43,0.0,75.43,400.0,18.9,18.9,False
C16,2020-07-16 06:00:00,-101.71,0.0,101.71,400.0,25.4,25.4,False
C16,2020-07-16 08:00:00,-125.37,0.0,125.37,400.0,31.3,31.3,False
C16,2020-07-16 10:00:00,-151.8,0.0,151.8,400.0,38.0,38.0,False
C16,2020-07-16 12:00:00,-163.8,0.0,163.8,400.0,41.0,41.0,False
C16,2020-07-16 14:00:00,-160.49,0.0,160.49,400.0,40.1,40.1,False
C16,2020-07-16 16:00:00,-145.95,0.0,145.95,400.0,36.5,36.5,False
C16,2020-07-16 18:00:00,-148.25,0.0,148.25,400.0,37.1,37.1,False
C16,2020-07-16 20:00:00,-109.34,0.0,109.34,400.0,27.3,27.3,False
C16,2020-07-16 22:00:00,-95.06,0.0,95.06,400.0,23.8,23.8,False
C17,2020-07-15 00:00:00,-88.11,0.0,88.11,400.0,22.0,22.0,False
C17,2020-07-15 01:00:00,-83.58,0.0,83.58,400.0,20.9,20.9,False
C17,2020-07-15 02:00:00,-83.8,0.0,83.8,400.0,21.0,21.0,False
C17,2020-07-15 03:00:00,-85.26,0.0,85.26,400.0,21.3,21.3,False
C17,2020-07-15 04:00:00,-97.23,0.0,97.23,400.0,24.3,24.3,False
C17,2020-07-15 05:00:00,-97.33,0.0,97.33,400.0,24.3,24.3,False
C17,2020-07-15 06:00:00,-107.33,0.0,107.33,400.0,26.8,26.8,False
C17,2020-07-15 07:00:00,-115.84,0.0,115.84,400.0,29.0,29.0,False
C17,2020-07-15 08:00:00,-143.68,0.0,143.68,400.0,35.9,35.9,False
C17,2020-07-15 09:00:00,-141.2,0.0,141.2,400.0,35.3,35.3,False
C17,2020-07-15 10:00:00,-154.55,0.0,154.55,400.0,38.6,38.6,False
C17,2020-07-15 11:00:00,-171.88,0.0,171.88,400.0,43.0,43.0,False
C17,2020-07-15 12:00:00,-174.18,0.0,174.18,400.0,43.5,43.5,False
C17,2020-07-15 13:00:00,-167.58,0.0,167.58,400.0,41.9,41.9,False
C17,2020-07-15 14:00:00,-155.92,0.0,155.92,400.0,39.0,39.0,False
C17,2020-07-15 15:00:00,-135.99,0.0,135.99,400.0,34.0,34.0,False
C17,2020-07-15 16:00:00,-141.43,0.0,141.43,400.0,35.4,35.4,False
C17,2020-07-15 17:00:00,-160.51,0.0,160.51,400.0,40.1,40.1,False
C17,2020-07-15 18:00:00,-137.73,0.0,137.73,400.0,34.4,34.4,False
C17,2020-07-15 19:00:00,-160.98,0.0,160.98,400.0,40.2,40.2,False
C17,2020-07-15 20:00:00,-163.88,0.0,163.88,400.0,41.0,41.0,False
C17,2020-07-15 21:00:00,-161.32,0.0,161.32,400.0,40.3,40.3,False
C17,2020-07-15 22:00:00,-150.31,0.0,150.31,400.0,37.6,37.6,False
C17,2020-07-15 23:00:00,-139.49,0.0,139.49,400.0,34.9,34.9,False
C17,2020-07-16 00:00:00,-78.47,0.0,78.47,400.0,19.6,19.6,False
C17,2020-07-16 02:00:00,-70.38,0.0,70.38,400.0,17.6,17.6,False
C17,2020-07-16 04:00:00,-82.61,0.0,82.61,400.0,20.7,20.7,False
C17,2020-07-16 06:00:00,-113.36,0.0,113.36,400.0,28.3,28.3,False
C17,2020-07-16 08:00:00,-157.66,0.0,157.66,400.0,39.4,39.4,False
C17,2020-07-16 10:00:00,-186.62,0.0,186.62,400.0,46.7,46.7,False
C17,2020-07-16 12:00:00,-183.87,0.0,183.87,400.0,46.0,46.0,False
C17,2020-07-16 14:00:00,-176.05,0.0,176.05,400.0,44.0,44.0,False
C17,2020-07-16 16:00:00,-166.39,0.0,166.39,400.0,41.6,41.6,False
C17,2020-07-16 18:00:00,-162.26,0.0,162.26,400.0,40.6,40.6,False
C17,2020-07-16 20:00:00,-140.49,0.0,140.49,400.0,35.1,35.1,False
C17,2020-07-16 22:00:00,-105.08,0.0,105.08,400.0,26.3,26.3,False
C18,2020-07-15 00:00:00,-81.27,0.0,81.27,500.0,16.3,16.3,False
C18,2020-07-15 01:00:00,-81.18,0.0,81.18,500.0,16.2,16.2,False
C18,2020-07-15 02:00:00,-82.37,0.0,82.37,500.0,16.5,16.5,False
C18,2020-07-15 03:00:00,-84.49,0.0,84.49,500.0,16.9,16.9,False
C18,2020-07-15 04:00:00,-95.94,0.0,95.94,500.0,19.2,19.2,False
C18,2020-07-15 05:00:00,-87.0,0.0,87.0,500.0,17.4,17.4,False
C18,2020-07-15 06:00:00,-125.5,0.0,125.5,500.0,25.1,25.1,False
C18,2020-07-15 07:00:00,-129.16,0.0,129.16,500.0,25.8,25.8,False
C18,2020-07-15 08:00:00,-158.71,0.0,158.71,500.0,31.7,31.7,False
C18,2020-07-15 09:00:00,-132.55,0.0,132.55,500.0,26.5,26.5,False
C18,2020-07-15 10:00:00,-138.26,0.0,138.26,500.0,27.7,27.7,False
C18,2020-07-15 11:00:00,-142.51,0.0,142.51,500.0,28.5,28.5,False
C18,2020-07-15 12:00:00,-140.98,0.0,140.98,500.0,28.2,28.2,False
C18,2020-07-15 13:00:00,-137.81,0.0,137.81,500.0,27.6,27.6,False
C18,2020-07-15 14:00:00,-121.31,0.0,121.31,500.0,24.3,24.3,False
C18,2020-07-15 15:00:00,-103.32,0.0,103.32,500.0,20.7,20.7,False
C18,2020-07-15 16:00:00,-103.42,0.0,103.42,500.0,20.7,20.7,False
C18,2020-07-15 17:00:00,-111.54,0.0,111.54,500.0,22.3,22.3,False
C18,2020-07-15 18:00:00,-88.26,0.0,88.26,500.0,17.7,17.7,False
C18,2020-07-15 19:00:00,-143.38,0.0,143.38,500.0,28.7,28.7,False
C18,2020-07-15 20:00:00,-148.19,0.0,148.19,500.0,29.6,29.6,False
C18,2020-07-15 21:00:00,-145.04,0.0,145.04,500.0,29.0,29.0,False
C18,2020-07-15 22:00:00,-137.57,0.0,137.57,500.0,27.5,27.5,False
C18,2020-07-15 23:00:00,-137.52,0.0,137.52,500.0,27.5,27.5,False
C18,2020-07-16 00:00:00,-58.95,0.0,58.95,500.0,11.8,11.8,False
C18,2020-07-16 02:00:00,-43.08,0.0,43.08,500.0,8.6,8.6,False
C18,2020-07-16 04:00:00,-92.78,0.0,92.78,500.0,18.6,18.6,False
C18,2020-07-16 06:00:00,-110.11,0.0,110.11,500.0,22.0,22.0,False
C18,2020-07-16 08:00:00,-156.03,0.0,156.03,500.0,31.2,31.2,False
C18,2020-07-16 10:00:00,-168.96,0.0,168.96,500.0,33.8,33.8,False
C18,2020-07-16 12:00:00,-140.74,0.0,140.74,500.0,28.1,28.1,False
C18,2020-07-16 14:00:00,-126.15,0.0,126.15,500.0,25.2,25.2,False
C18,2020-07-16 16:00:00,-131.25,0.0,131.25,500.0,26.3,26.3,False
C18,2020-07-16 18:00:00,-128.95,0.0,128.95,500.0,25.8,25.8,False
C18,2020-07-16 20:00:00,-141.95,0.0,141.95,500.0,28.4,28.4,False
C18,2020-07-16 22:00:00,-102.98,0.0,102.98,500.0,20.6,20.6,False
C19,2020-07-15 00:00:00,24.84,0.0,24.84,500.0,5.0,5.0,False
C19,2020-07-15 01:00:00,31.79,0.0,31.79,500.0,6.4,6.4,False
C19,2020-07-15 02:00:00,27.45,0.0,27.45,500.0,5.5,5.5,False
C19,2020-07-15 03:00:00,23.78,0.0,23.78,500.0,4.8,4.8,False
C19,2020-07-15 04:00:00,8.73,0.0,8.73,500.0,1.7,1.7,False
C19,2020-07-15 05:00:00,-9.84,0.0,9.84,500.0,2.0,2.0,False
C19,2020-07-15 06:00:00,30.67,0.0,30.67,500.0,6.1,6.1,False
C19,2020-07-15 07:00:00,27.56,0.0,27.56,500.0,5.5,5.5,False
C19,2020-07-15 08:00:00,23.5,0.0,23.5,500.0,4.7,4.7,False
C19,2020-07-15 09:00:00,-35.2,0.0,35.2,500.0,7.0,7.0,False
C19,2020-07-15 10:00:00,-58.52,0.0,58.52,500.0,11.7,11.7,False
C19,2020-07-15 11:00:00,-81.79,0.0,81.79,500.0,16.4,16.4,False
C19,2020-07-15 12:00:00,-85.11,0.0,85.11,500.0,17.0,17.0,False
C19,2020-07-15 13:00:00,-71.23,0.0,71.23,500.0,14.2,14.2,False
C19,2020-07-15 14:00:00,-68.63,0.0,68.63,500.0,13.7,13.7,False
C19,2020-07-15 15:00:00,-48.19,0.0,48.19,500.0,9.6,9.6,False
C19,2020-07-15 16:00:00,-55.07,0.0,55.07,500.0,11.0,11.0,False
C19,2020-07-15 17:00:00,-81.74,0.0,81.74,500.0,16.3,16.3,False
C19,2020-07-15 18:00:00,-74.48,0.0,74.48,500.0,14.9,14.9,False
C19,2020-07-15 19:00:00,-72.39,0.0,72.39,500.0,14.5,14.5,False
C19,2020-07-15 20:00:00,-89.38,0.0,89.38,500.0,17.9,17.9,False
C19,2020-07-15 21:00:00,-77.4,0.0,77.4,500.0,15.5,15.5,False
C19,2020-07-15 22:00:00,-71.05,0.0,71.05,500.0,14.2,14.2,False
C19,2020-07-15 23:00:00,-50.93,0.0,50.93,500.0,10.2,10.2,False
C19,2020-07-16 00:00:00,22.36,0.0,22.36,500.0,4.5,4.5,False
C19,2020-07-16 02:00:00,17.98,0.0,17.98,500.0,3.6,3.6,False
C19,2020-07-16 04:00:00,50.63,0.0,50.63,500.0,10.1,10.1,False
C19,2020-07-16 06:00:00,16.98,0.0,16.98,500.0,3.4,3.4,False
C19,2020-07-16 08:00:00,14.63,0.0,14.63,500.0,2.9,2.9,False
C19,2020-07-16 10:00:00,-20.84,0.0,20.84,500.0,4.2,4.2,False
C19,2020-07-16 12:00:00,-63.6,0.0,63.6,500.0,12.7,12.7,False
C19,2020-07-16 14:00:00,-65.67,0.0,65.67,500.0,13.1,13.1,False
C19,2020-07-16 16:00:00,-36.86,0.0,36.86,500.0,7.4,7.4,False
C19,2020-07-16 18:00:00,-52.22,0.0,52.22,500.0,10.4,10.4,False
C19,2020-07-16 20:00:00,40.09,0.0,40.09,500.0,8.0,8.0,False
C19,2020-07-16 22:00:00,27.24,0.0,27.24,500.0,5.4,5.4,False
C20,2020-07-15 00:00:00,-60.39,0.0,60.39,500.0,12.1,12.1,False
C20,2020-07-15 01:00:00,-59.71,0.0,59.71,500.0,11.9,11.9,False
C20,2020-07-15 02:00:00,-61.84,0.0,61.84,500.0,12.4,12.4,False
C20,2020-07-15 03:00:00,-63.7,0.0,63.7,500.0,12.7,12.7,False
C20,2020-07-15 04:00:00,-70.92,0.0,70.92,500.0,14.2,14.2,False
C20,2020-07-15 05:00:00,-71.83,0.0,71.83,500.0,14.4,14.4,False
C20,2020-07-15 06:00:00,-94.91,0.0,94.91,500.0,19.0,19.0,False
C20,2020-07-15 07:00:00,-94.15,0.0,94.15,500.0,18.8,18.8,False
C20,2020-07-15 08:00:00,-101.4,0.0,101.4,500.0,20.3,20.3,False
C20,2020-07-15 09:00:00,-101.68,0.0,101.68,500.0,20.3,20.3,False
C20,2020-07-15 10:00:00,-108.39,0.0,108.39,500.0,21.7,21.7,False
C20,2020-07-15 11:00:00,-112.7,0.0,112.7,500.0,22.5,22.5,False
C20,2020-07-15 12:00:00,-110.73,0.0,110.73,500.0,22.1,22.1,False
C20,2020-07-15 13:00:00,-106.31,0.0,106.31,500.0,21.3,21.3,False
C20,2020-07-15 14:00:00,-97.18,0.0,97.18,500.0,19.4,19.4,False
C20,2020-07-15 15:00:00,-79.24,0.0,79.24,500.0,15.8,15.8,False
C20,2020-07-15 16:00:00,-82.49,0.0,82.49,500.0,16.5,16.5,False
C20,2020-07-15 17:00:00,-95.26,0.0,95.26,500.0,19.1,19.1,False
C20,2020-07-15 18:00:00,-86.68,0.0,86.68,500.0,17.3,17.3,False
C20,2020-07-15 19:00:00,-117.63,0.0,117.63,500.0,23.5,23.5,False
C20,2020-07-15 20:00:00,-125.75,0.0,125.75,500.0,25.2,25.2,False
C20,2020-07-15 21:00:00,-125.13,0.0,125.13,500.0,25.0,25.0,False
C20,2020-07-15 22:00:00,-117.28,0.0,117.28,500.0,23.5,23.5,False
C20,2020-07-15 23:00:00,-113.68,0.0,113.68,500.0,22.7,22.7,False
C20,2020-07-16 00:00:00,-51.76,0.0,51.76,500.0,10.4,10.4,False
C20,2020-07-16 02:00:00,-38.38,0.0,38.38,500.0,7.7,7.7,False
C20,2020-07-16 04:00:00,-80.23,0.0,80.23,500.0,16.0,16.0,False
C20,2020-07-16 06:00:00,-89.74,0.0,89.74,500.0,17.9,17.9,False
C20,2020-07-16 08:00:00,-99.52,0.0,99.52,500.0,19.9,19.9,False
C20,2020-07-16 10:00:00,-108.02,0.0,108.02,500.0,21.6,21.6,False
C20,2020-07-16 12:00:00,-105.62,0.0,105.62,500.0,21.1,21.1,False
C20,2020-07-16 14:00:00,-98.91,0.0,98.91,500.0,19.8,19.8,False
C20,2020-07-16 16:00:00,-95.48,0.0,95.48,500.0,19.1,19.1,False
C20,2020-07-16 18:00:00,-104.43,0.0,104.43,500.0,20.9,20.9,False
C20,2020-07-16 20:00:00,-87.43,0.0,87.43,500.0,17.5,17.5,False
C20,2020-07-16 22:00:00,-85.44,0.0,85.44,500.0,17.1,17.1,False
C21,2020-07-15 00:00:00,-19.91,0.0,19.91,500.0,4.0,4.0,False
C21,2020-07-15 01:00:00,-14.21,0.0,14.21,500.0,2.8,2.8,False
C21,2020-07-15 02:00:00,-16.55,0.0,16.55,500.0,3.3,3.3,False
C21,2020-07-15 03:00:00,-20.77,0.0,20.77,500.0,4.2,4.2,False
C21,2020-07-15 04:00:00,-44.87,0.0,44.87,500.0,9.0,9.0,False
C21,2020-07-15 05:00:00,-42.33,0.0,42.33,500.0,8.5,8.5,False
C21,2020-07-15 06:00:00,-34.87,0.0,34.87,500.0,7.0,7.0,False
C21,2020-07-15 07:00:00,-47.45,0.0,47.45,500.0,9.5,9.5,False
C21,2020-07-15 08:00:00,-99.31,0.0,99.31,500.0,19.9,19.9,False
C21,2020-07-15 09:00:00,-101.33,0.0,101.33,500.0,20.3,20.3,False
C21,2020-07-15 10:00:00,-122.54,0.0,122.54,500.0,24.5,24.5,False
C21,2020-07-15 11:00:00,-145.66,0.0,145.66,500.0,29.1,29.1,False
C21,2020-07-15 12:00:00,-149.94,0.0,149.94,500.0,30.0,30.0,False
C21,2020-07-15 13:00:00,-138.74,0.0,138.74,500.0,27.7,27.7,False
C21,2020-07-15 14:00:00,-120.35,0.0,120.35,500.0,24.1,24.1,False
C21,2020-07-15 15:00:00,-99.78,0.0,99.78,500.0,20.0,20.0,False
C21,2020-07-15 16:00:00,-99.9,0.0,99.9,500.0,20.0,20.0,False
C21,2020-07-15 17:00:00,-116.6,0.0,116.6,500.0,23.3,23.3,False
C21,2020-07-15 18:00:00,-77.86,0.0,77.86,500.0,15.6,15.6,False
C21,2020-07-15 19:00:00,-127.58,0.0,127.58,500.0,25.5,25.5,False
C21,2020-07-15 20:00:00,-137.46,0.0,137.46,500.0,27.5,27.5,False
C21,2020-07-15 21:00:00,-120.07,0.0,120.07,500.0,24.0,24.0,False
C21,2020-07-15 22:00:00,-114.53,0.0,114.53,500.0,22.9,22.9,False
C21,2020-07-15 23:00:00,-102.03,0.0,102.03,500.0,20.4,20.4,False
C21,2020-07-16 00:00:00,6.96,0.0,6.96,500.0,1.4,1.4,False
C21,2020-07-16 02:00:00,7.9,0.0,7.9,500.0,1.6,1.6,False
C21,2020-07-16 04:00:00,23.73,0.0,23.73,500.0,4.7,4.7,False
C21,2020-07-16 06:00:00,-26.68,0.0,26.68,500.0,5.3,5.3,False
C21,2020-07-16 08:00:00,-106.47,0.0,106.47,500.0,21.3,21.3,False
C21,2020-07-16 10:00:00,-151.42,0.0,151.42,500.0,30.3,30.3,False
C21,2020-07-16 12:00:00,-138.86,0.0,138.86,500.0,27.8,27.8,False
C21,2020-07-16 14:00:00,-124.03,0.0,124.03,500.0,24.8,24.8,False
C21,2020-07-16 16:00:00,-113.51,0.0,113.51,500.0,22.7,22.7,False
C21,2020-07-16 18:00:00,-104.77,0.0,104.77,500.0,21.0,21.0,False
C21,2020-07-16 20:00:00,-76.73,0.0,76.73,500.0,15.3,15.3,False
C21,2020-07-16 22:00:00,-10.35,0.0,10.35,500.0,2.1,2.1,False
C22,2020-07-15 00:00:00,11.12,0.0,11.12,500.0,2.2,2.2,False
C22,2020-07-15 01:00:00,17.1,0.0,17.1,500.0,3.4,3.4,False
C22,2020-07-15 02:00:00,15.67,0.0,15.67,500.0,3.1,3.1,False
C22,2020-07-15 03:00:00,11.99,0.0,11.99,500.0,2.4,2.4,False
C22,2020-07-15 04:00:00,-10.89,0.0,10.89,500.0,2.2,2.2,False
C22,2020-07-15 05:00:00,-7.57,0.0,7.57,500.0,1.5,1.5,False
C22,2020-07-15 06:00:00,13.48,0.0,13.48,500.0,2.7,2.7,False
C22,2020-07-15 07:00:00,-0.96,0.0,0.96,500.0,0.2,0.2,False
C22,2020-07-15 08:00:00,-54.78,0.0,54.78,500.0,11.0,11.0,False
C22,2020-07-15 09:00:00,-56.88,0.0,56.88,500.0,11.4,11.4,False
C22,2020-07-15 10:00:00,-76.82,0.0,76.82,500.0,15.4,15.4,False
C22,2020-07-15 11:00:00,-100.23,0.0,100.23,500.0,20.0,20.0,False
C22,2020-07-15 12:00:00,-106.08,0.0,106.08,500.0,21.2,21.2,False
C22,2020-07-15 13:00:00,-96.04,0.0,96.04,500.0,19.2,19.2,False
C22,2020-07-15 14:00:00,-80.56,0.0,80.56,500.0,16.1,16.1,False
C22,2020-07-15 15:00:00,-67.53,0.0,67.53,500.0,13.5,13.5,False
C22,2020-07-15 16:00:00,-65.87,0.0,65.87,500.0,13.2,13.2,False
C22,2020-07-15 17:00:00,-77.45,0.0,77.45,500.0,15.5,15.5,False
C22,2020-07-15 18:00:00,-38.98,0.0,38.98,500.0,7.8,7.8,False
C22,2020-07-15 19:00:00,-77.34,0.0,77.34,500.0,15.5,15.5,False
C22,2020-07-15 20:00:00,-83.88,0.0,83.88,500.0,16.8,16.8,False
C22,2020-07-15 21:00:00,-64.83,0.0,64.83,500.0,13.0,13.0,False
C22,2020-07-15 22:00:00,-62.99,0.0,62.99,500.0,12.6,12.6,False
C22,2020-07-15 23:00:00,-51.04,0.0,51.04,500.0,10.2,10.2,False
C22,2020-07-16 00:00:00,36.32,0.0,36.32,500.0,7.3,7.3,False
C22,2020-07-16 02:00:00,29.99,0.0,29.99,500.0,6.0,6.0,False
C22,2020-07-16 04:00:00,70.72,0.0,70.72,500.0,14.1,14.1,False
C22,2020-07-16 06:00:00,19.77,0.0,19.77,500.0,4.0,4.0,False
C22,2020-07-16 08:00:00,-63.8,0.0,63.8,500.0,12.8,12.8,False
C22,2020-07-16 10:00:00,-109.22,0.0,109.22,500.0,21.8,21.8,False
C22,2020-07-16 12:00:00,-96.55,0.0,96.55,500.0,19.3,19.3,False
C22,2020-07-16 14:00:00,-83.72,0.0,83.72,500.0,16.7,16.7,False
C22,2020-07-16 16:00:00,-73.87,0.0,73.87,500.0,14.8,14.8,False
C22,2020-07-16 18:00:00,-59.19,0.0,59.19,500.0,11.8,11.8,False
C22,2020-07-16 20:00:00,-37.31,0.0,37.31,500.0,7.5,7.5,False
C22,2020-07-16 22:00:00,35.6,0.0,35.6,500.0,7.1,7.1,False
C23,2020-07-15 00:00:00,-57.04,0.0,57.04,500.0,11.4,11.4,False
C23,2020-07-15 01:00:00,-46.29,0.0,46.29,500.0,9.3,9.3,False
C23,2020-07-15 02:00:00,-49.28,0.0,49.28,500.0,9.9,9.9,False
C23,2020-07-15 03:00:00,-52.72,0.0,52.72,500.0,10.5,10.5,False
C23,2020-07-15 04:00:00,-70.86,0.0,70.86,500.0,14.2,14.2,False
C23,2020-07-15 05:00:00,-92.76,0.0,92.76,500.0,18.6,18.6,False
C23,2020-07-15 06:00:00,-58.42,0.0,58.42,500.0,11.7,11.7,False
C23,2020-07-15 07:00:00,-69.07,0.0,69.07,500.0,13.8,13.8,False
C23,2020-07-15 08:00:00,-86.93,0.0,86.93,500.0,17.4,17.4,False
C23,2020-07-15 09:00:00,-156.41,0.0,156.41,500.0,31.3,31.3,False
C23,2020-07-15 10:00:00,-187.77,0.0,187.77,500.0,37.6,37.6,False
C23,2020-07-15 11:00:00,-219.18,0.0,219.18,500.0,43.8,43.8,False
C23,2020-07-15 12:00:00,-228.71,0.0,228.71,500.0,45.7,45.7,False
C23,2020-07-15 13:00:00,-219.35,0.0,219.35,500.0,43.9,43.9,False
C23,2020-07-15 14:00:00,-219.76,0.0,219.76,500.0,44.0,44.0,False
C23,2020-07-15 15:00:00,-199.24,0.0,199.24,500.0,39.8,39.8,False
C23,2020-07-15 16:00:00,-201.02,0.0,201.02,500.0,40.2,40.2,False
C23,2020-07-15 17:00:00,-218.44,0.0,218.44,500.0,43.7,43.7,False
C23,2020-07-15 18:00:00,-201.59,0.0,201.59,500.0,40.3,40.3,False
C23,2020-07-15 19:00:00,-199.45,0.0,199.45,500.0,39.9,39.9,False
C23,2020-07-15 20:00:00,-211.76,0.0,211.76,500.0,42.4,42.4,False
C23,2020-07-15 21:00:00,-188.58,0.0,188.58,500.0,37.7,37.7,False
C23,2020-07-15 22:00:00,-170.92,0.0,170.92,500.0,34.2,34.2,False
C23,2020-07-15 23:00:00,-140.63,0.0,140.63,500.0,28.1,28.1,False
C23,2020-07-16 00:00:00,-59.85,0.0,59.85,500.0,12.0,12.0,False
C23,2020-07-16 02:00:00,-59.62,0.0,59.62,500.0,11.9,11.9,False
C23,2020-07-16 04:00:00,-32.44,0.0,32.44,500.0,6.5,6.5,False
C23,2020-07-16 06:00:00,-83.72,0.0,83.72,500.0,16.7,16.7,False
C23,2020-07-16 08:00:00,-106.48,0.0,106.48,500.0,21.3,21.3,False
C23,2020-07-16 10:00:00,-159.57,0.0,159.57,500.0,31.9,31.9,False
C23,2020-07-16 12:00:00,-215.39,0.0,215.39,500.0,43.1,43.1,False
C23,2020-07-16 14:00:00,-223.63,0.0,223.63,500.0,44.7,44.7,False
C23,2020-07-16 16:00:00,-186.4,0.0,186.4,500.0,37.3,37.3,False
C23,2020-07-16 18:00:00,-186.18,0.0,186.18,500.0,37.2,37.2,False
C23,2020-07-16 20:00:00,-80.77,0.0,80.77,500.0,16.2,16.2,False
C23,2020-07-16 22:00:00,-70.0,0.0,70.0,500.0,14.0,14.0,False
C24,2020-07-15 00:00:00,-27.33,0.0,27.33,500.0,5.5,5.5,False
C24,2020-07-15 01:00:00,-28.29,0.0,28.29,500.0,5.7,5.7,False
C24,2020-07-15 02:00:00,-28.89,0.0,28.89,500.0,5.8,5.8,False
C24,2020-07-15 03:00:00,-31.02,0.0,31.02,500.0,6.2,6.2,False
C24,2020-07-15 04:00:00,-43.03,0.0,43.03,500.0,8.6,8.6,False
C24,2020-07-15 05:00:00,-32.94,0.0,32.94,500.0,6.6,6.6,False
C24,2020-07-15 06:00:00,-76.59,0.0,76.59,500.0,15.3,15.3,False
C24,2020-07-15 07:00:00,-57.16,0.0,57.16,500.0,11.4,11.4,False
C24,2020-07-15 08:00:00,-82.64,0.0,82.64,500.0,16.5,16.5,False
C24,2020-07-15 09:00:00,19.89,0.0,19.89,500.0,4.0,4.0,False
C24,2020-07-15 10:00:00,35.35,0.0,35.35,500.0,7.1,7.1,False
C24,2020-07-15 11:00:00,41.7,0.0,41.7,500.0,8.3,8.3,False
C24,2020-07-15 12:00:00,43.28,0.0,43.28,500.0,8.7,8.7,False
C24,2020-07-15 13:00:00,37.57,0.0,37.57,500.0,7.5,7.5,False
C24,2020-07-15 14:00:00,69.89,0.0,69.89,500.0,14.0,14.0,False
C24,2020-07-15 15:00:00,71.09,0.0,71.09,500.0,14.2,14.2,False
C24,2020-07-15 16:00:00,76.05,0.0,76.05,500.0,15.2,15.2,False
C24,2020-07-15 17:00:00,75.7,0.0,75.7,500.0,15.1,15.1,False
C24,2020-07-15 18:00:00,103.23,0.0,103.23,500.0,20.6,20.6,False
C24,2020-07-15 19:00:00,-0.43,0.0,0.43,500.0,0.1,0.1,False
C24,2020-07-15 20:00:00,-37.2,0.0,37.2,500.0,7.4,7.4,False
C24,2020-07-15 21:00:00,-65.68,0.0,65.68,500.0,13.1,13.1,False
C24,2020-07-15 22:00:00,-114.44,0.0,114.44,500.0,22.9,22.9,False
C24,2020-07-15 23:00:00,-120.21,0.0,120.21,500.0,24.0,24.0,False
C24,2020-07-16 00:00:00,-19.82,0.0,19.82,500.0,4.0,4.0,False
C24,2020-07-16 02:00:00,-15.56,0.0,15.56,500.0,3.1,3.1,False
C24,2020-07-16 04:00:00,-29.01,0.0,29.01,500.0,5.8,5.8,False
C24,2020-07-16 06:00:00,-28.01,0.0,28.01,500.0,5.6,5.6,False
C24,2020-07-16 08:00:00,-113.3,0.0,113.3,500.0,22.7,22.7,False
C24,2020-07-16 10:00:00,-110.52,0.0,110.52,500.0,22.1,22.1,False
C24,2020-07-16 12:00:00,-16.14,0.0,16.14,500.0,3.2,3.2,False
C24,2020-07-16 14:00:00,2.04,0.0,2.04,500.0,0.4,0.4,False
C24,2020-07-16 16:00:00,-23.84,0.0,23.84,500.0,4.8,4.8,False
C24,2020-07-16 18:00:00,1.45,0.0,1.45,500.0,0.3,0.3,False
C24,2020-07-16 20:00:00,-117.22,0.0,117.22,500.0,23.4,23.4,False
C24,2020-07-16 22:00:00,-62.38,0.0,62.38,500.0,12.5,12.5,False
C25-1,2020-07-15 00:00:00,26.25,0.0,26.25,500.0,5.3,5.3,False
C25-1,2020-07-15 01:00:00,32.0,0.0,32.0,500.0,6.4,6.4,False
C25-1,2020-07-15 02:00:00,26.64,0.0,26.64,500.0,5.3,5.3,False
C25-1,2020-07-15 03:00:00,23.03,0.0,23.03,500.0,4.6,4.6,False
C25-1,2020-07-15 04:00:00,6.01,0.0,6.01,500.0,1.2,1.2,False
C25-1,2020-07-15 05:00:00,-5.99,0.0,5.99,500.0,1.2,1.2,False
C25-1,2020-07-15 06:00:00,30.73,0.0,30.73,500.0,6.1,6.1,False
C25-1,2020-07-15 07:00:00,31.7,0.0,31.7,500.0,6.3,6.3,False
C25-1,2020-07-15 08:00:00,27.56,0.0,27.56,500.0,5.5,5.5,False
C25-1,2020-07-15 09:00:00,-52.07,0.0,52.07,500.0,10.4,10.4,False
C25-1,2020-07-15 10:00:00,-85.86,0.0,85.86,500.0,17.2,17.2,False
C25-1,2020-07-15 11:00:00,-107.74,0.0,107.74,500.0,21.5,21.5,False
C25-1,2020-07-15 12:00:00,-113.37,0.0,113.37,500.0,22.7,22.7,False
C25-1,2020-07-15 13:00:00,-108.34,0.0,108.34,500.0,21.7,21.7,False
C25-1,2020-07-15 14:00:00,-96.56,0.0,96.56,500.0,19.3,19.3,False
C25-1,2020-07-15 15:00:00,-80.32,0.0,80.32,500.0,16.1,16.1,False
C25-1,2020-07-15 16:00:00,-77.5,0.0,77.5,500.0,15.5,15.5,False
C25-1,2020-07-15 17:00:00,-81.05,0.0,81.05,500.0,16.2,16.2,False
C25-1,2020-07-15 18:00:00,-76.06,0.0,76.06,500.0,15.2,15.2,False
C25-1,2020-07-15 19:00:00,-100.44,0.0,100.44,500.0,20.1,20.1,False
C25-1,2020-07-15 20:00:00,-128.39,0.0,128.39,500.0,25.7,25.7,False
C25-1,2020-07-15 21:00:00,-110.74,0.0,110.74,500.0,22.1,22.1,False
C25-1,2020-07-15 22:00:00,-82.35,0.0,82.35,500.0,16.5,16.5,False
C25-1,2020-07-15 23:00:00,-69.39,0.0,69.39,500.0,13.9,13.9,False
C25-1,2020-07-16 00:00:00,24.56,0.0,24.56,500.0,4.9,4.9,False
C25-1,2020-07-16 02:00:00,26.53,0.0,26.53,500.0,5.3,5.3,False
C25-1,2020-07-16 04:00:00,37.98,0.0,37.98,500.0,7.6,7.6,False
C25-1,2020-07-16 06:00:00,-0.96,0.0,0.96,500.0,0.2,0.2,False
C25-1,2020-07-16 08:00:00,17.45,0.0,17.45,500.0,3.5,3.5,False
C25-1,2020-07-16 10:00:00,-22.23,0.0,22.23,500.0,4.4,4.4,False
C25-1,2020-07-16 12:00:00,-105.56,0.0,105.56,500.0,21.1,21.1,False
C25-1,2020-07-16 14:00:00,-120.13,0.0,120.13,500.0,24.0,24.0,False
C25-1,2020-07-16 16:00:00,-83.33,0.0,83.33,500.0,16.7,16.7,False
C25-1,2020-07-16 18:00:00,-90.43,0.0,90.43,500.0,18.1,18.1,False
C25-1,2020-07-16 20:00:00,36.62,0.0,36.62,500.0,7.3,7.3,False
C25-1,2020-07-16 22:00:00,28.8,0.0,28.8,500.0,5.8,5.8,False
C25-2,2020-07-15 00:00:00,26.25,0.0,26.25,500.0,5.3,5.3,False
C25-2,2020-07-15 01:00:00,32.0,0.0,32.0,500.0,6.4,6.4,False
C25-2,2020-07-15 02:00:00,26.64,0.0,26.64,500.0,5.3,5.3,False
C25-2,2020-07-15 03:00:00,23.03,0.0,23.03,500.0,4.6,4.6,False
C25-2,2020-07-15 04:00:00,6.01,0.0,6.01,500.0,1.2,1.2,False
C25-2,2020-07-15 05:00:00,-5.99,0.0,5.99,500.0,1.2,1.2,False
C25-2,2020-07-15 06:00:00,30.73,0.0,30.73,500.0,6.1,6.1,False
C25-2,2020-07-15 07:00:00,31.7,0.0,31.7,500.0,6.3,6.3,False
C25-2,2020-07-15 08:00:00,27.56,0.0,27.56,500.0,5.5,5.5,False
C25-2,2020-07-15 09:00:00,-52.07,0.0,52.07,500.0,10.4,10.4,False
C25-2,2020-07-15 10:00:00,-85.86,0.0,85.86,500.0,17.2,17.2,False
C25-2,2020-07-15 11:00:00,-107.74,0.0,107.74,500.0,21.5,21.5,False
C25-2,2020-07-15 12:00:00,-113.37,0.0,113.37,500.0,22.7,22.7,False
C25-2,2020-07-15 13:00:00,-108.34,0.0,108.34,500.0,21.7,21.7,False
C25-2,2020-07-15 14:00:00,-96.56,0.0,96.56,500.0,19.3,19.3,False
C25-2,2020-07-15 15:00:00,-80.32,0.0,80.32,500.0,16.1,16.1,False
C25-2,2020-07-15 16:00:00,-77.5,0.0,77.5,500.0,15.5,15.5,False
C25-2,2020-07-15 17:00:00,-81.05,0.0,81.05,500.0,16.2,16.2,False
C25-2,2020-07-15 18:00:00,-76.06,0.0,76.06,500.0,15.2,15.2,False
C25-2,2020-07-15 19:00:00,-100.44,0.0,100.44,500.0,20.1,20.1,False
C25-2,2020-07-15 20:00:00,-128.39,0.0,128.39,500.0,25.7,25.7,False
C25-2,2020-07-15 21:00:00,-110.74,0.0,110.74,500.0,22.1,22.1,False
C25-2,2020-07-15 22:00:00,-82.35,0.0,82.35,500.0,16.5,16.5,False
C25-2,2020-07-15 23:00:00,-69.39,0.0,69.39,500.0,13.9,13.9,False
C25-2,2020-07-16 00:00:00,24.56,0.0,24.56,500.0,4.9,4.9,False
C25-2,2020-07-16 02:00:00,26.53,0.0,26.53,500.0,5.3,5.3,False
C25-2,2020-07-16 04:00:00,37.98,0.0,37.98,500.0,7.6,7.6,False
C25-2,2020-07-16 06:00:00,-0.96,0.0,0.96,500.0,0.2,0.2,False
C25-2,2020-07-16 08:00:00,17.45,0.0,17.45,500.0,3.5,3.5,False
C25-2,2020-07-16 10:00:00,-22.23,0.0,22.23,500.0,4.4,4.4,False
C25-2,2020-07-16 12:00:00,-105.56,0.0,105.56,500.0,21.1,21.1,False
C25-2,2020-07-16 14:00:00,-120.13,0.0,120.13,500.0,24.0,24.0,False
C25-2,2020-07-16 16:00:00,-83.33,0.0,83.33,500.0,16.7,16.7,False
C25-2,2020-07-16 18:00:00,-90.43,0.0,90.43,500.0,18.1,18.1,False
C25-2,2020-07-16 20:00:00,36.62,0.0,36.62,500.0,7.3,7.3,False
C25-2,2020-07-16 22:00:00,28.8,0.0,28.8,500.0,5.8,5.8,False
C26,2020-07-15 00:00:00,-111.29,0.0,111.29,500.0,22.3,22.3,False
C26,2020-07-15 01:00:00,-115.56,0.0,115.56,500.0,23.1,23.1,False
C26,2020-07-15 02:00:00,-101.97,0.0,101.97,500.0,20.4,20.4,False
C26,2020-07-15 03:00:00,-92.27,0.0,92.27,500.0,18.5,18.5,False
C26,2020-07-15 04:00:00,-51.26,0.0,51.26,500.0,10.3,10.3,False
C26,2020-07-15 05:00:00,-43.05,0.0,43.05,500.0,8.6,8.6,False
C26,2020-07-15 06:00:00,-85.41,0.0,85.41,500.0,17.1,17.1,False
C26,2020-07-15 07:00:00,-88.28,0.0,88.28,500.0,17.7,17.7,False
C26,2020-07-15 08:00:00,-73.91,0.0,73.91,500.0,14.8,14.8,False
C26,2020-07-15 09:00:00,-8.19,0.0,8.19,500.0,1.6,1.6,False
C26,2020-07-15 10:00:00,31.59,0.0,31.59,500.0,6.3,6.3,False
C26,2020-07-15 11:00:00,55.71,0.0,55.71,500.0,11.1,11.1,False
C26,2020-07-15 12:00:00,56.12,0.0,56.12,500.0,11.2,11.2,False
C26,2020-07-15 13:00:00,44.92,0.0,44.92,500.0,9.0,9.0,False
C26,2020-07-15 14:00:00,37.04,0.0,37.04,500.0,7.4,7.4,False
C26,2020-07-15 15:00:00,1.64,0.0,1.64,500.0,0.3,0.3,False
C26,2020-07-15 16:00:00,0.89,0.0,0.89,500.0,0.2,0.2,False
C26,2020-07-15 17:00:00,20.19,0.0,20.19,500.0,4.0,4.0,False
C26,2020-07-15 18:00:00,-5.89,0.0,5.89,500.0,1.2,1.2,False
C26,2020-07-15 19:00:00,113.05,0.0,113.05,500.0,22.6,22.6,False
C26,2020-07-15 20:00:00,174.87,0.0,174.87,500.0,35.0,35.0,False
C26,2020-07-15 21:00:00,109.3,0.0,109.3,500.0,21.9,21.9,False
C26,2020-07-15 22:00:00,119.86,0.0,119.86,500.0,24.0,24.0,False
C26,2020-07-15 23:00:00,115.92,0.0,115.92,500.0,23.2,23.2,False
C26,2020-07-16 00:00:00,-159.88,0.0,159.88,500.0,32.0,32.0,False
C26,2020-07-16 02:00:00,-161.06,0.0,161.06,500.0,32.2,32.2,False
C26,2020-07-16 04:00:00,-178.87,0.0,178.87,500.0,35.8,35.8,False
C26,2020-07-16 06:00:00,-130.85,0.0,130.85,500.0,26.2,26.2,False
C26,2020-07-16 08:00:00,-115.71,0.0,115.71,500.0,23.1,23.1,False
C26,2020-07-16 10:00:00,-67.81,0.0,67.81,500.0,13.6,13.6,False
C26,2020-07-16 12:00:00,-17.03,0.0,17.03,500.0,3.4,3.4,False
C26,2020-07-16 14:00:00,-16.22,0.0,16.22,500.0,3.2,3.2,False
C26,2020-07-16 16:00:00,-50.16,0.0,50.16,500.0,10.0,10.0,False
C26,2020-07-16 18:00:00,-35.72,0.0,35.72,500.0,7.1,7.1,False
C26,2020-07-16 20:00:00,-149.74,0.0,149.74,500.0,29.9,29.9,False
C26,2020-07-16 22:00:00,-150.89,0.0,150.89,500.0,30.2,30.2,False
C27,2020-07-15 00:00:00,-111.56,0.0,111.56,500.0,22.3,22.3,False
C27,2020-07-15 01:00:00,-89.88,0.0,89.88,500.0,18.0,18.0,False
C27,2020-07-15 02:00:00,-95.19,0.0,95.19,500.0,19.0,19.0,False
C27,2020-07-15 03:00:00,-99.27,0.0,99.27,500.0,19.9,19.9,False
C27,2020-07-15 04:00:00,-117.58,0.0,117.58,500.0,23.5,23.5,False
C27,2020-07-15 05:00:00,-184.75,0.0,184.75,500.0,37.0,37.0,False
C27,2020-07-15 06:00:00,-83.21,0.0,83.21,500.0,16.6,16.6,False
C27,2020-07-15 07:00:00,-68.92,0.0,68.92,500.0,13.8,13.8,False
C27,2020-07-15 08:00:00,-41.23,0.0,41.23,500.0,8.2,8.2,False
C27,2020-07-15 09:00:00,-124.44,0.0,124.44,500.0,24.9,24.9,False
C27,2020-07-15 10:00:00,-162.74,0.0,162.74,500.0,32.5,32.5,False
C27,2020-07-15 11:00:00,-210.63,0.0,210.63,500.0,42.1,42.1,False
C27,2020-07-15 12:00:00,-230.68,0.0,230.68,500.0,46.1,46.1,False
C27,2020-07-15 13:00:00,-226.98,0.0,226.98,500.0,45.4,45.4,False
C27,2020-07-15 14:00:00,-239.13,0.0,239.13,500.0,47.8,47.8,False
C27,2020-07-15 15:00:00,-224.32,0.0,224.32,500.0,44.9,44.9,False
C27,2020-07-15 16:00:00,-228.22,0.0,228.22,500.0,45.6,45.6,False
C27,2020-07-15 17:00:00,-240.8,0.0,240.8,500.0,48.2,48.2,False
C27,2020-07-15 18:00:00,-253.81,0.0,253.81,500.0,50.8,50.8,False
C27,2020-07-15 19:00:00,-267.79,0.0,267.79,500.0,53.6,53.6,False
C27,2020-07-15 20:00:00,-323.19,0.0,323.19,500.0,64.6,64.6,False
C27,2020-07-15 21:00:00,-313.99,0.0,313.99,500.0,62.8,62.8,False
C27,2020-07-15 22:00:00,-317.13,0.0,317.13,500.0,63.4,63.4,False
C27,2020-07-15 23:00:00,-250.75,0.0,250.75,500.0,50.1,50.1,False
C27,2020-07-16 00:00:00,-172.75,0.0,172.75,500.0,34.5,34.5,False
C27,2020-07-16 02:00:00,-169.38,0.0,169.38,500.0,33.9,33.9,False
C27,2020-07-16 04:00:00,-129.05,0.0,129.05,500.0,25.8,25.8,False
C27,2020-07-16 06:00:00,-184.87,0.0,184.87,500.0,37.0,37.0,False
C27,2020-07-16 08:00:00,-75.37,0.0,75.37,500.0,15.1,15.1,False
C27,2020-07-16 10:00:00,-147.58,0.0,147.58,500.0,29.5,29.5,False
C27,2020-07-16 12:00:00,-264.12,0.0,264.12,500.0,52.8,52.8,False
C27,2020-07-16 14:00:00,-305.66,0.0,305.66,500.0,61.1,61.1,False
C27,2020-07-16 16:00:00,-232.62,0.0,232.62,500.0,46.5,46.5,False
C27,2020-07-16 18:00:00,-226.09,0.0,226.09,500.0,45.2,45.2,False
C27,2020-07-16 20:00:00,-60.57,0.0,60.57,500.0,12.1,12.1,False
C27,2020-07-16 22:00:00,-116.76,0.0,116.76,500.0,23.4,23.4,False
C28,2020-07-15 00:00:00,44.16,0.0,44.16,500.0,8.8,8.8,False
C28,2020-07-15 01:00:00,34.19,0.0,34.19,500.0,6.8,6.8,False
C28,2020-07-15 02:00:00,36.57,0.0,36.57,500.0,7.3,7.3,False
C28,2020-07-15 03:00:00,35.21,0.0,35.21,500.0,7.0,7.0,False
C28,2020-07-15 04:00:00,21.77,0.0,21.77,500.0,4.4,4.4,False
C28,2020-07-15 05:00:00,75.63,0.0,75.63,500.0,15.1,15.1,False
C28,2020-07-15 06:00:00,10.0,0.0,10.0,500.0,2.0,2.0,False
C28,2020-07-15 07:00:00,2.23,0.0,2.23,500.0,0.4,0.4,False
C28,2020-07-15 08:00:00,-78.3,0.0,78.3,500.0,15.7,15.7,False
C28,2020-07-15 09:00:00,70.52,0.0,70.52,500.0,14.1,14.1,False
C28,2020-07-15 10:00:00,91.11,0.0,91.11,500.0,18.2,18.2,False
C28,2020-07-15 11:00:00,107.48,0.0,107.48,500.0,21.5,21.5,False
C28,2020-07-15 12:00:00,116.6,0.0,116.6,500.0,23.3,23.3,False
C28,2020-07-15 13:00:00,117.58,0.0,117.58,500.0,23.5,23.5,False
C28,2020-07-15 14:00:00,157.64,0.0,157.64,500.0,31.5,31.5,False
C28,2020-07-15 15:00:00,156.24,0.0,156.24,500.0,31.2,31.2,False
C28,2020-07-15 16:00:00,162.61,0.0,162.61,500.0,32.5,32.5,False
C28,2020-07-15 17:00:00,170.27,0.0,170.27,500.0,34.1,34.1,False
C28,2020-07-15 18:00:00,222.43,0.0,222.43,500.0,44.5,44.5,False
C28,2020-07-15 19:00:00,107.96,0.0,107.96,500.0,21.6,21.6,False
C28,2020-07-15 20:00:00,116.69,0.0,116.69,500.0,23.3,23.3,False
C28,2020-07-15 21:00:00,108.0,0.0,108.0,500.0,21.6,21.6,False
C28,2020-07-15 22:00:00,85.81,0.0,85.81,500.0,17.2,17.2,False
C28,2020-07-15 23:00:00,49.49,0.0,49.49,500.0,9.9,9.9,False
C28,2020-07-16 00:00:00,109.83,0.0,109.83,500.0,22.0,22.0,False
C28,2020-07-16 02:00:00,113.72,0.0,113.72,500.0,22.7,22.7,False
C28,2020-07-16 04:00:00,83.84,0.0,83.84,500.0,16.8,16.8,False
C28,2020-07-16 06:00:00,80.35,0.0,80.35,500.0,16.1,16.1,False
C28,2020-07-16 08:00:00,-54.74,0.0,54.74,500.0,10.9,10.9,False
C28,2020-07-16 10:00:00,-41.99,0.0,41.99,500.0,8.4,8.4,False
C28,2020-07-16 12:00:00,106.48,0.0,106.48,500.0,21.3,21.3,False
C28,2020-07-16 14:00:00,154.86,0.0,154.86,500.0,31.0,31.0,False
C28,2020-07-16 16:00:00,97.47,0.0,97.47,500.0,19.5,19.5,False
C28,2020-07-16 18:00:00,124.43,0.0,124.43,500.0,24.9,24.9,False
C28,2020-07-16 20:00:00,-47.6,0.0,47.6,500.0,9.5,9.5,False
C28,2020-07-16 22:00:00,86.81,0.0,86.81,500.0,17.4,17.4,False
C29,2020-07-15 00:00:00,397.31,102.69,500.0,500.0,79.5,100.0,True
C29,2020-07-15 01:00:00,387.45,112.55,500.0,500.0,77.5,100.0,True
C29,2020-07-15 02:00:00,368.55,131.45,500.0,500.0,73.7,100.0,True
C29,2020-07-15 03:00:00,359.26,140.74,500.0,500.0,71.9,100.0,True
C29,2020-07-15 04:00:00,315.82,184.18,500.0,500.0,63.2,100.0,True
C29,2020-07-15 05:00:00,369.95,130.05,500.0,500.0,74.0,100.0,True
C29,2020-07-15 06:00:00,436.43,0.0,436.43,500.0,87.3,87.3,False
C29,2020-07-15 07:00:00,393.06,0.0,393.06,500.0,78.6,78.6,False
C29,2020-07-15 08:00:00,340.4,0.0,340.4,500.0,68.1,68.1,False
C29,2020-07-15 09:00:00,142.08,0.0,142.08,500.0,28.4,28.4,False
C29,2020-07-15 10:00:00,92.98,0.0,92.98,500.0,18.6,18.6,False
C29,2020-07-15 11:00:00,54.75,0.0,54.75,500.0,10.9,10.9,False
C29,2020-07-15 12:00:00,64.52,0.0,64.52,500.0,12.9,12.9,False
C29,2020-07-15 13:00:00,106.19,0.0,106.19,500.0,21.2,21.2,False
C29,2020-07-15 14:00:00,143.39,0.0,143.39,500.0,28.7,28.7,False
C29,2020-07-15 15:00:00,191.76,0.0,191.76,500.0,38.4,38.4,False
C29,2020-07-15 16:00:00,209.81,0.0,209.81,500.0,42.0,42.0,False
C29,2020-07-15 17:00:00,212.14,0.0,212.14,500.0,42.4,42.4,False
C29,2020-07-15 18:00:00,213.08,0.0,213.08,500.0,42.6,42.6,False
C29,2020-07-15 19:00:00,205.42,0.0,205.42,500.0,41.1,41.1,False
C29,2020-07-15 20:00:00,206.95,0.0,206.95,500.0,41.4,41.4,False
C29,2020-07-15 21:00:00,275.61,224.39,500.0,500.0,55.1,100.0,True
C29,2020-07-15 22:00:00,310.61,0.0,310.61,500.0,62.1,62.1,False
C29,2020-07-15 23:00:00,259.41,240.59,500.0,500.0,51.9,100.0,True
C29,2020-07-16 00:00:00,500.0,0.0,500.0,500.0,100.0,100.0,True
C29,2020-07-16 02:00:00,500.0,0.0,500.0,500.0,100.0,100.0,True
C29,2020-07-16 04:00:00,500.0,0.0,500.0,500.0,100.0,100.0,True
C29,2020-07-16 06:00:00,391.44,0.0,391.44,500.0,78.3,78.3,False
C29,2020-07-16 08:00:00,387.59,0.0,387.59,500.0,77.5,77.5,False
C29,2020-07-16 10:00:00,304.87,0.0,304.87,500.0,61.0,61.0,False
C29,2020-07-16 12:00:00,254.28,0.0,254.28,500.0,50.9,50.9,False
C29,2020-07-16 14:00:00,253.54,0.0,253.54,500.0,50.7,50.7,False
C29,2020-07-16 16:00:00,304.3,0.0,304.3,500.0,60.9,60.9,False
C29,2020-07-16 18:00:00,262.08,0.0,262.08,500.0,52.4,52.4,False
C29,2020-07-16 20:00:00,470.92,0.0,470.92,500.0,94.2,94.2,False
C29,2020-07-16 22:00:00,468.9,0.0,468.9,500.0,93.8,93.8,False
C30,2020-07-15 00:00:00,29.17,0.0,29.17,500.0,5.8,5.8,False
C30,2020-07-15 01:00:00,27.66,0.0,27.66,500.0,5.5,5.5,False
C30,2020-07-15 02:00:00,27.05,0.0,27.05,500.0,5.4,5.4,False
C30,2020-07-15 03:00:00,26.83,0.0,26.83,500.0,5.4,5.4,False
C30,2020-07-15 04:00:00,25.95,0.0,25.95,500.0,5.2,5.2,False
C30,2020-07-15 05:00:00,31.49,0.0,31.49,500.0,6.3,6.3,False
C30,2020-07-15 06:00:00,29.36,0.0,29.36,500.0,5.9,5.9,False
C30,2020-07-15 07:00:00,24.26,0.0,24.26,500.0,4.9,4.9,False
C30,2020-07-15 08:00:00,23.37,0.0,23.37,500.0,4.7,4.7,False
C30,2020-07-15 09:00:00,3.77,0.0,3.77,500.0,0.8,0.8,False
C30,2020-07-15 10:00:00,-1.49,0.0,1.49,500.0,0.3,0.3,False
C30,2020-07-15 11:00:00,-1.16,0.0,1.16,500.0,0.2,0.2,False
C30,2020-07-15 12:00:00,0.28,0.0,0.28,500.0,0.1,0.1,False
C30,2020-07-15 13:00:00,1.58,0.0,1.58,500.0,0.3,0.3,False
C30,2020-07-15 14:00:00,3.61,0.0,3.61,500.0,0.7,0.7,False
C30,2020-07-15 15:00:00,5.77,0.0,5.77,500.0,1.2,1.2,False
C30,2020-07-15 16:00:00,6.42,0.0,6.42,500.0,1.3,1.3,False
C30,2020-07-15 17:00:00,7.06,0.0,7.06,500.0,1.4,1.4,False
C30,2020-07-15 18:00:00,7.68,0.0,7.68,500.0,1.5,1.5,False
C30,2020-07-15 19:00:00,14.23,0.0,14.23,500.0,2.8,2.8,False
C30,2020-07-15 20:00:00,18.27,0.0,18.27,500.0,3.7,3.7,False
C30,2020-07-15 21:00:00,24.64,0.0,24.64,500.0,4.9,4.9,False
C30,2020-07-15 22:00:00,38.0,0.0,38.0,500.0,7.6,7.6,False
C30,2020-07-15 23:00:00,32.02,0.0,32.02,500.0,6.4,6.4,False
C30,2020-07-16 00:00:00,37.19,0.0,37.19,500.0,7.4,7.4,False
C30,2020-07-16 02:00:00,36.5,0.0,36.5,500.0,7.3,7.3,False
C30,2020-07-16 04:00:00,35.38,0.0,35.38,500.0,7.1,7.1,False
C30,2020-07-16 06:00:00,32.6,0.0,32.6,500.0,6.5,6.5,False
C30,2020-07-16 08:00:00,29.75,0.0,29.75,500.0,6.0,6.0,False
C30,2020-07-16 10:00:00,29.16,0.0,29.16,500.0,5.8,5.8,False
C30,2020-07-16 12:00:00,13.71,0.0,13.71,500.0,2.7,2.7,False
C30,2020-07-16 14:00:00,13.98,0.0,13.98,500.0,2.8,2.8,False
C30,2020-07-16 16:00:00,15.99,0.0,15.99,500.0,3.2,3.2,False
C30,2020-07-16 18:00:00,10.55,0.0,10.55,500.0,2.1,2.1,False
C30,2020-07-16 20:00:00,33.32,0.0,33.32,500.0,6.7,6.7,False
C30,2020-07-16 22:00:00,33.82,0.0,33.82,500.0,6.8,6.8,False
C31-1,2020-07-15 00:00:00,-35.03,0.0,35.03,500.0,7.0,7.0,False
C31-1,2020-07-15 01:00:00,-39.95,0.0,39.95,500.0,8.0,8.0,False
C31-1,2020-07-15 02:00:00,-34.16,0.0,34.16,500.0,6.8,6.8,False
C31-1,2020-07-15 03:00:00,-30.49,0.0,30.49,500.0,6.1,6.1,False
C31-1,2020-07-15 04:00:00,-13.01,0.0,13.01,500.0,2.6,2.6,False
C31-1,2020-07-15 05:00:00,-4.2,0.0,4.2,500.0,0.8,0.8,False
C31-1,2020-07-15 06:00:00,-43.81,0.0,43.81,500.0,8.8,8.8,False
C31-1,2020-07-15 07:00:00,-45.61,0.0,45.61,500.0,9.1,9.1,False
C31-1,2020-07-15 08:00:00,-36.08,0.0,36.08,500.0,7.2,7.2,False
C31-1,2020-07-15 09:00:00,-63.19,0.0,63.19,500.0,12.6,12.6,False
C31-1,2020-07-15 10:00:00,-72.25,0.0,72.25,500.0,14.5,14.5,False
C31-1,2020-07-15 11:00:00,-49.17,0.0,49.17,500.0,9.8,9.8,False
C31-1,2020-07-15 12:00:00,-46.01,0.0,46.01,500.0,9.2,9.2,False
C31-1,2020-07-15 13:00:00,-58.94,0.0,58.94,500.0,11.8,11.8,False
C31-1,2020-07-15 14:00:00,-65.76,0.0,65.76,500.0,13.2,13.2,False
C31-1,2020-07-15 15:00:00,-76.79,0.0,76.79,500.0,15.4,15.4,False
C31-1,2020-07-15 16:00:00,-80.53,0.0,80.53,500.0,16.1,16.1,False
C31-1,2020-07-15 17:00:00,-75.67,0.0,75.67,500.0,15.1,15.1,False
C31-1,2020-07-15 18:00:00,-71.76,0.0,71.76,500.0,14.4,14.4,False
C31-1,2020-07-15 19:00:00,-31.83,0.0,31.83,500.0,6.4,6.4,False
C31-1,2020-07-15 20:00:00,-5.88,0.0,5.88,500.0,1.2,1.2,False
C31-1,2020-07-15 21:00:00,-0.17,0.0,0.17,500.0,0.0,0.0,False
C31-1,2020-07-15 22:00:00,69.5,0.0,69.5,500.0,13.9,13.9,False
C31-1,2020-07-15 23:00:00,58.9,0.0,58.9,500.0,11.8,11.8,False
C31-1,2020-07-16 00:00:00,-37.24,0.0,37.24,500.0,7.4,7.4,False
C31-1,2020-07-16 02:00:00,-39.68,0.0,39.68,500.0,7.9,7.9,False
C31-1,2020-07-16 04:00:00,-49.63,0.0,49.63,500.0,9.9,9.9,False
C31-1,2020-07-16 06:00:00,-9.4,0.0,9.4,500.0,1.9,1.9,False
C31-1,2020-07-16 08:00:00,-26.36,0.0,26.36,500.0,5.3,5.3,False
C31-1,2020-07-16 10:00:00,13.79,0.0,13.79,500.0,2.8,2.8,False
C31-1,2020-07-16 12:00:00,-61.18,0.0,61.18,500.0,12.2,12.2,False
C31-1,2020-07-16 14:00:00,-58.59,0.0,58.59,500.0,11.7,11.7,False
C31-1,2020-07-16 16:00:00,-72.68,0.0,72.68,500.0,14.5,14.5,False
C31-1,2020-07-16 18:00:00,-86.41,0.0,86.41,500.0,17.3,17.3,False
C31-1,2020-07-16 20:00:00,-47.35,0.0,47.35,500.0,9.5,9.5,False
C31-1,2020-07-16 22:00:00,-40.66,0.0,40.66,500.0,8.1,8.1,False
C31-2,2020-07-15 00:00:00,-35.03,0.0,35.03,500.0,7.0,7.0,False
C31-2,2020-07-15 01:00:00,-39.95,0.0,39.95,500.0,8.0,8.0,False
C31-2,2020-07-15 02:00:00,-34.16,0.0,34.16,500.0,6.8,6.8,False
C31-2,2020-07-15 03:00:00,-30.49,0.0,30.49,500.0,6.1,6.1,False
C31-2,2020-07-15 04:00:00,-13.01,0.0,13.01,500.0,2.6,2.6,False
C31-2,2020-07-15 05:00:00,-4.2,0.0,4.2,500.0,0.8,0.8,False
C31-2,2020-07-15 06:00:00,-43.81,0.0,43.81,500.0,8.8,8.8,False
C31-2,2020-07-15 07:00:00,-45.61,0.0,45.61,500.0,9.1,9.1,False
C31-2,2020-07-15 08:00:00,-36.08,0.0,36.08,500.0,7.2,7.2,False
C31-2,2020-07-15 09:00:00,-63.19,0.0,63.19,500.0,12.6,12.6,False
C31-2,2020-07-15 10:00:00,-72.25,0.0,72.25,500.0,14.5,14.5,False
C31-2,2020-07-15 11:00:00,-49.17,0.0,49.17,500.0,9.8,9.8,False
C31-2,2020-07-15 12:00:00,-46.01,0.0,46.01,500.0,9.2,9.2,False
C31-2,2020-07-15 13:00:00,-58.94,0.0,58.94,500.0,11.8,11.8,False
C31-2,2020-07-15 14:00:00,-65.76,0.0,65.76,500.0,13.2,13.2,False
C31-2,2020-07-15 15:00:00,-76.79,0.0,76.79,500.0,15.4,15.4,False
C31-2,2020-07-15 16:00:00,-80.53,0.0,80.53,500.0,16.1,16.1,False
C31-2,2020-07-15 17:00:00,-75.67,0.0,75.67,500.0,15.1,15.1,False
C31-2,2020-07-15 18:00:00,-71.76,0.0,71.76,500.0,14.4,14.4,False
C31-2,2020-07-15 19:00:00,-31.83,0.0,31.83,500.0,6.4,6.4,False
C31-2,2020-07-15 20:00:00,-5.88,0.0,5.88,500.0,1.2,1.2,False
C31-2,2020-07-15 21:00:00,-0.17,0.0,0.17,500.0,0.0,0.0,False
C31-2,2020-07-15 22:00:00,69.5,0.0,69.5,500.0,13.9,13.9,False
C31-2,2020-07-15 23:00:00,58.9,0.0,58.9,500.0,11.8,11.8,False
C31-2,2020-07-16 00:00:00,-37.24,0.0,37.24,500.0,7.4,7.4,False
C31-2,2020-07-16 02:00:00,-39.68,0.0,39.68,500.0,7.9,7.9,False
C31-2,2020-07-16 04:00:00,-49.63,0.0,49.63,500.0,9.9,9.9,False
C31-2,2020-07-16 06:00:00,-9.4,0.0,9.4,500.0,1.9,1.9,False
C31-2,2020-07-16 08:00:00,-26.36,0.0,26.36,500.0,5.3,5.3,False
C31-2,2020-07-16 10:00:00,13.79,0.0,13.79,500.0,2.8,2.8,False
C31-2,2020-07-16 12:00:00,-61.18,0.0,61.18,500.0,12.2,12.2,False
C31-2,2020-07-16 14:00:00,-58.59,0.0,58.59,500.0,11.7,11.7,False
C31-2,2020-07-16 16:00:00,-72.68,0.0,72.68,500.0,14.5,14.5,False
C31-2,2020-07-16 18:00:00,-86.41,0.0,86.41,500.0,17.3,17.3,False
C31-2,2020-07-16 20:00:00,-47.35,0.0,47.35,500.0,9.5,9.5,False
C31-2,2020-07-16 22:00:00,-40.66,0.0,40.66,500.0,8.1,8.1,False
C32-1,2020-07-15 00:00:00,-16.31,0.0,16.31,500.0,3.3,3.3,False
C32-1,2020-07-15 01:00:00,-19.53,0.0,19.53,500.0,3.9,3.9,False
C32-1,2020-07-15 02:00:00,-17.71,0.0,17.71,500.0,3.5,3.5,False
C32-1,2020-07-15 03:00:00,-18.28,0.0,18.28,500.0,3.7,3.7,False
C32-1,2020-07-15 04:00:00,-26.44,0.0,26.44,500.0,5.3,5.3,False
C32-1,2020-07-15 05:00:00,-1.05,0.0,1.05,500.0,0.2,0.2,False
C32-1,2020-07-15 06:00:00,-36.61,0.0,36.61,500.0,7.3,7.3,False
C32-1,2020-07-15 07:00:00,-43.9,0.0,43.9,500.0,8.8,8.8,False
C32-1,2020-07-15 08:00:00,-90.77,0.0,90.77,500.0,18.2,18.2,False
C32-1,2020-07-15 09:00:00,-21.44,0.0,21.44,500.0,4.3,4.3,False
C32-1,2020-07-15 10:00:00,-14.9,0.0,14.9,500.0,3.0,3.0,False
C32-1,2020-07-15 11:00:00,-10.5,0.0,10.5,500.0,2.1,2.1,False
C32-1,2020-07-15 12:00:00,-8.85,0.0,8.85,500.0,1.8,1.8,False
C32-1,2020-07-15 13:00:00,-10.46,0.0,10.46,500.0,2.1,2.1,False
C32-1,2020-07-15 14:00:00,8.16,0.0,8.16,500.0,1.6,1.6,False
C32-1,2020-07-15 15:00:00,7.5,0.0,7.5,500.0,1.5,1.5,False
C32-1,2020-07-15 16:00:00,13.1,0.0,13.1,500.0,2.6,2.6,False
C32-1,2020-07-15 17:00:00,21.25,0.0,21.25,500.0,4.3,4.3,False
C32-1,2020-07-15 18:00:00,51.81,0.0,51.81,500.0,10.4,10.4,False
C32-1,2020-07-15 19:00:00,-5.5,0.0,5.5,500.0,1.1,1.1,False
C32-1,2020-07-15 20:00:00,1.05,0.0,1.05,500.0,0.2,0.2,False
C32-1,2020-07-15 21:00:00,1.93,0.0,1.93,500.0,0.4,0.4,False
C32-1,2020-07-15 22:00:00,-3.89,0.0,3.89,500.0,0.8,0.8,False
C32-1,2020-07-15 23:00:00,-17.28,0.0,17.28,500.0,3.5,3.5,False
C32-1,2020-07-16 00:00:00,16.37,0.0,16.37,500.0,3.3,3.3,False
C32-1,2020-07-16 02:00:00,20.49,0.0,20.49,500.0,4.1,4.1,False
C32-1,2020-07-16 04:00:00,2.96,0.0,2.96,500.0,0.6,0.6,False
C32-1,2020-07-16 06:00:00,-7.0,0.0,7.0,500.0,1.4,1.4,False
C32-1,2020-07-16 08:00:00,-84.06,0.0,84.06,500.0,16.8,16.8,False
C32-1,2020-07-16 10:00:00,-85.92,0.0,85.92,500.0,17.2,17.2,False
C32-1,2020-07-16 12:00:00,-17.77,0.0,17.77,500.0,3.6,3.6,False
C32-1,2020-07-16 14:00:00,3.55,0.0,3.55,500.0,0.7,0.7,False
C32-1,2020-07-16 16:00:00,-21.22,0.0,21.22,500.0,4.2,4.2,False
C32-1,2020-07-16 18:00:00,-0.47,0.0,0.47,500.0,0.1,0.1,False
C32-1,2020-07-16 20:00:00,-80.38,0.0,80.38,500.0,16.1,16.1,False
C32-1,2020-07-16 22:00:00,-2.12,0.0,2.12,500.0,0.4,0.4,False
C32-2,2020-07-15 00:00:00,-16.31,0.0,16.31,500.0,3.3,3.3,False
C32-2,2020-07-15 01:00:00,-19.53,0.0,19.53,500.0,3.9,3.9,False
C32-2,2020-07-15 02:00:00,-17.71,0.0,17.71,500.0,3.5,3.5,False
C32-2,2020-07-15 03:00:00,-18.28,0.0,18.28,500.0,3.7,3.7,False
C32-2,2020-07-15 04:00:00,-26.44,0.0,26.44,500.0,5.3,5.3,False
C32-2,2020-07-15 05:00:00,-1.05,0.0,1.05,500.0,0.2,0.2,False
C32-2,2020-07-15 06:00:00,-36.61,0.0,36.61,500.0,7.3,7.3,False
C32-2,2020-07-15 07:00:00,-43.9,0.0,43.9,500.0,8.8,8.8,False
C32-2,2020-07-15 08:00:00,-90.77,0.0,90.77,500.0,18.2,18.2,False
C32-2,2020-07-15 09:00:00,-21.44,0.0,21.44,500.0,4.3,4.3,False
C32-2,2020-07-15 10:00:00,-14.9,0.0,14.9,500.0,3.0,3.0,False
C32-2,2020-07-15 11:00:00,-10.5,0.0,10.5,500.0,2.1,2.1,False
C32-2,2020-07-15 12:00:00,-8.85,0.0,8.85,500.0,1.8,1.8,False
C32-2,2020-07-15 13:00:00,-10.46,0.0,10.46,500.0,2.1,2.1,False
C32-2,2020-07-15 14:00:00,8.16,0.0,8.16,500.0,1.6,1.6,False
C32-2,2020-07-15 15:00:00,7.5,0.0,7.5,500.0,1.5,1.5,False
C32-2,2020-07-15 16:00:00,13.1,0.0,13.1,500.0,2.6,2.6,False
C32-2,2020-07-15 17:00:00,21.25,0.0,21.25,500.0,4.3,4.3,False
C32-2,2020-07-15 18:00:00,51.81,0.0,51.81,500.0,10.4,10.4,False
C32-2,2020-07-15 19:00:00,-5.5,0.0,5.5,500.0,1.1,1.1,False
C32-2,2020-07-15 20:00:00,1.05,0.0,1.05,500.0,0.2,0.2,False
C32-2,2020-07-15 21:00:00,1.93,0.0,1.93,500.0,0.4,0.4,False
C32-2,2020-07-15 22:00:00,-3.89,0.0,3.89,500.0,0.8,0.8,False
C32-2,2020-07-15 23:00:00,-17.28,0.0,17.28,500.0,3.5,3.5,False
C32-2,2020-07-16 00:00:00,16.37,0.0,16.37,500.0,3.3,3.3,False
C32-2,2020-07-16 02:00:00,20.49,0.0,20.49,500.0,4.1,4.1,False
C32-2,2020-07-16 04:00:00,2.96,0.0,2.96,500.0,0.6,0.6,False
C32-2,2020-07-16 06:00:00,-7.0,0.0,7.0,500.0,1.4,1.4,False
C32-2,2020-07-16 08:00:00,-84.06,0.0,84.06,500.0,16.8,16.8,False
C32-2,2020-07-16 10:00:00,-85.92,0.0,85.92,500.0,17.2,17.2,False
C32-2,2020-07-16 12:00:00,-17.77,0.0,17.77,500.0,3.6,3.6,False
C32-2,2020-07-16 14:00:00,3.55,0.0,3.55,500.0,0.7,0.7,False
C32-2,2020-07-16 16:00:00,-21.22,0.0,21.22,500.0,4.2,4.2,False
C32-2,2020-07-16 18:00:00,-0.47,0.0,0.47,500.0,0.1,0.1,False
C32-2,2020-07-16 20:00:00,-80.38,0.0,80.38,500.0,16.1,16.1,False
C32-2,2020-07-16 22:00:00,-2.12,0.0,2.12,500.0,0.4,0.4,False
C33-1,2020-07-15 00:00:00,-44.31,0.0,44.31,500.0,8.9,8.9,False
C33-1,2020-07-15 01:00:00,-46.29,0.0,46.29,500.0,9.3,9.3,False
C33-1,2020-07-15 02:00:00,-44.05,0.0,44.05,500.0,8.8,8.8,False
C33-1,2020-07-15 03:00:00,-44.53,0.0,44.53,500.0,8.9,8.9,False
C33-1,2020-07-15 04:00:00,-53.71,0.0,53.71,500.0,10.7,10.7,False
C33-1,2020-07-15 05:00:00,-29.35,0.0,29.35,500.0,5.9,5.9,False
C33-1,2020-07-15 06:00:00,-66.27,0.0,66.27,500.0,13.3,13.3,False
C33-1,2020-07-15 07:00:00,-75.48,0.0,75.48,500.0,15.1,15.1,False
C33-1,2020-07-15 08:00:00,-127.74,0.0,127.74,500.0,25.5,25.5,False
C33-1,2020-07-15 09:00:00,-62.19,0.0,62.19,500.0,12.4,12.4,False
C33-1,2020-07-15 10:00:00,-58.34,0.0,58.34,500.0,11.7,11.7,False
C33-1,2020-07-15 11:00:00,-56.61,0.0,56.61,500.0,11.3,11.3,False
C33-1,2020-07-15 12:00:00,-57.08,0.0,57.08,500.0,11.4,11.4,False
C33-1,2020-07-15 13:00:00,-60.12,0.0,60.12,500.0,12.0,12.0,False
C33-1,2020-07-15 14:00:00,-42.52,0.0,42.52,500.0,8.5,8.5,False
C33-1,2020-07-15 15:00:00,-43.1,0.0,43.1,500.0,8.6,8.6,False
C33-1,2020-07-15 16:00:00,-35.72,0.0,35.72,500.0,7.1,7.1,False
C33-1,2020-07-15 17:00:00,-24.4,0.0,24.4,500.0,4.9,4.9,False
C33-1,2020-07-15 18:00:00,9.35,0.0,9.35,500.0,1.9,1.9,False
C33-1,2020-07-15 19:00:00,-48.45,0.0,48.45,500.0,9.7,9.7,False
C33-1,2020-07-15 20:00:00,-40.37,0.0,40.37,500.0,8.1,8.1,False
C33-1,2020-07-15 21:00:00,-35.77,0.0,35.77,500.0,7.2,7.2,False
C33-1,2020-07-15 22:00:00,-37.88,0.0,37.88,500.0,7.6,7.6,False
C33-1,2020-07-15 23:00:00,-47.82,0.0,47.82,500.0,9.6,9.6,False
C33-1,2020-07-16 00:00:00,-11.76,0.0,11.76,500.0,2.4,2.4,False
C33-1,2020-07-16 02:00:00,-5.98,0.0,5.98,500.0,1.2,1.2,False
C33-1,2020-07-16 04:00:00,-25.47,0.0,25.47,500.0,5.1,5.1,False
C33-1,2020-07-16 06:00:00,-41.24,0.0,41.24,500.0,8.2,8.2,False
C33-1,2020-07-16 08:00:00,-125.03,0.0,125.03,500.0,25.0,25.0,False
C33-1,2020-07-16 10:00:00,-132.72,0.0,132.72,500.0,26.5,26.5,False
C33-1,2020-07-16 12:00:00,-68.85,0.0,68.85,500.0,13.8,13.8,False
C33-1,2020-07-16 14:00:00,-49.54,0.0,49.54,500.0,9.9,9.9,False
C33-1,2020-07-16 16:00:00,-71.55,0.0,71.55,500.0,14.3,14.3,False
C33-1,2020-07-16 18:00:00,-45.68,0.0,45.68,500.0,9.1,9.1,False
C33-1,2020-07-16 20:00:00,-121.26,0.0,121.26,500.0,24.3,24.3,False
C33-1,2020-07-16 22:00:00,-35.06,0.0,35.06,500.0,7.0,7.0,False
C33-2,2020-07-15 00:00:00,-44.31,0.0,44.31,500.0,8.9,8.9,False
C33-2,2020-07-15 01:00:00,-46.29,0.0,46.29,500.0,9.3,9.3,False
C33-2,2020-07-15 02:00:00,-44.05,0.0,44.05,500.0,8.8,8.8,False
C33-2,2020-07-15 03:00:00,-44.53,0.0,44.53,500.0,8.9,8.9,False
C33-2,2020-07-15 04:00:00,-53.71,0.0,53.71,500.0,10.7,10.7,False
C33-2,2020-07-15 05:00:00,-29.35,0.0,29.35,500.0,5.9,5.9,False
C33-2,2020-07-15 06:00:00,-66.27,0.0,66.27,500.0,13.3,13.3,False
C33-2,2020-07-15 07:00:00,-75.48,0.0,75.48,500.0,15.1,15.1,False
C33-2,2020-07-15 08:00:00,-127.74,0.0,127.74,500.0,25.5,25.5,False
C33-2,2020-07-15 09:00:00,-62.19,0.0,62.19,500.0,12.4,12.4,False
C33-2,2020-07-15 10:00:00,-58.34,0.0,58.34,500.0,11.7,11.7,False
C33-2,2020-07-15 11:00:00,-56.61,0.0,56.61,500.0,11.3,11.3,False
C33-2,2020-07-15 12:00:00,-57.08,0.0,57.08,500.0,11.4,11.4,False
C33-2,2020-07-15 13:00:00,-60.12,0.0,60.12,500.0,12.0,12.0,False
C33-2,2020-07-15 14:00:00,-42.52,0.0,42.52,500.0,8.5,8.5,False
C33-2,2020-07-15 15:00:00,-43.1,0.0,43.1,500.0,8.6,8.6,False
C33-2,2020-07-15 16:00:00,-35.72,0.0,35.72,500.0,7.1,7.1,False
C33-2,2020-07-15 17:00:00,-24.4,0.0,24.4,500.0,4.9,4.9,False
C33-2,2020-07-15 18:00:00,9.35,0.0,9.35,500.0,1.9,1.9,False
C33-2,2020-07-15 19:00:00,-48.45,0.0,48.45,500.0,9.7,9.7,False
C33-2,2020-07-15 20:00:00,-40.37,0.0,40.37,500.0,8.1,8.1,False
C33-2,2020-07-15 21:00:00,-35.77,0.0,35.77,500.0,7.2,7.2,False
C33-2,2020-07-15 22:00:00,-37.88,0.0,37.88,500.0,7.6,7.6,False
C33-2,2020-07-15 23:00:00,-47.82,0.0,47.82,500.0,9.6,9.6,False
C33-2,2020-07-16 00:00:00,-11.76,0.0,11.76,500.0,2.4,2.4,False
C33-2,2020-07-16 02:00:00,-5.98,0.0,5.98,500.0,1.2,1.2,False
C33-2,2020-07-16 04:00:00,-25.47,0.0,25.47,500.0,5.1,5.1,False
C33-2,2020-07-16 06:00:00,-41.24,0.0,41.24,500.0,8.2,8.2,False
C33-2,2020-07-16 08:00:00,-125.03,0.0,125.03,500.0,25.0,25.0,False
C33-2,2020-07-16 10:00:00,-132.72,0.0,132.72,500.0,26.5,26.5,False
C33-2,2020-07-16 12:00:00,-68.85,0.0,68.85,500.0,13.8,13.8,False
C33-2,2020-07-16 14:00:00,-49.54,0.0,49.54,500.0,9.9,9.9,False
C33-2,2020-07-16 16:00:00,-71.55,0.0,71.55,500.0,14.3,14.3,False
C33-2,2020-07-16 18:00:00,-45.68,0.0,45.68,500.0,9.1,9.1,False
C33-2,2020-07-16 20:00:00,-121.26,0.0,121.26,500.0,24.3,24.3,False
C33-2,2020-07-16 22:00:00,-35.06,0.0,35.06,500.0,7.0,7.0,False
C34,2020-07-15 00:00:00,-23.36,0.0,23.36,500.0,4.7,4.7,False
C34,2020-07-15 01:00:00,-21.78,0.0,21.78,500.0,4.4,4.4,False
C34,2020-07-15 02:00:00,-21.05,0.0,21.05,500.0,4.2,4.2,False
C34,2020-07-15 03:00:00,-20.88,0.0,20.88,500.0,4.2,4.2,False
C34,2020-07-15 04:00:00,-19.98,0.0,19.98,500.0,4.0,4.0,False
C34,2020-07-15 05:00:00,-25.93,0.0,25.93,500.0,5.2,5.2,False
C34,2020-07-15 06:00:00,-27.77,0.0,27.77,500.0,5.6,5.6,False
C34,2020-07-15 07:00:00,-26.03,0.0,26.03,500.0,5.2,5.2,False
C34,2020-07-15 08:00:00,-20.2,0.0,20.2,500.0,4.0,4.0,False
C34,2020-07-15 09:00:00,0.74,0.0,0.74,500.0,0.1,0.1,False
C34,2020-07-15 10:00:00,6.19,0.0,6.19,500.0,1.2,1.2,False
C34,2020-07-15 11:00:00,5.74,0.0,5.74,500.0,1.1,1.1,False
C34,2020-07-15 12:00:00,4.74,0.0,4.74,500.0,0.9,0.9,False
C34,2020-07-15 13:00:00,3.11,0.0,3.11,500.0,0.6,0.6,False
C34,2020-07-15 14:00:00,1.2,0.0,1.2,500.0,0.2,0.2,False
C34,2020-07-15 15:00:00,-1.21,0.0,1.21,500.0,0.2,0.2,False
C34,2020-07-15 16:00:00,-2.49,0.0,2.49,500.0,0.5,0.5,False
C34,2020-07-15 17:00:00,-3.84,0.0,3.84,500.0,0.8,0.8,False
C34,2020-07-15 18:00:00,-4.57,0.0,4.57,500.0,0.9,0.9,False
C34,2020-07-15 19:00:00,-8.14,0.0,8.14,500.0,1.6,1.6,False
C34,2020-07-15 20:00:00,-12.15,0.0,12.15,500.0,2.4,2.4,False
C34,2020-07-15 21:00:00,-18.63,0.0,18.63,500.0,3.7,3.7,False
C34,2020-07-15 22:00:00,-31.85,0.0,31.85,500.0,6.4,6.4,False
C34,2020-07-15 23:00:00,-26.49,0.0,26.49,500.0,5.3,5.3,False
C34,2020-07-16 00:00:00,-31.28,0.0,31.28,500.0,6.3,6.3,False
C34,2020-07-16 02:00:00,-31.4,0.0,31.4,500.0,6.3,6.3,False
C34,2020-07-16 04:00:00,-29.34,0.0,29.34,500.0,5.9,5.9,False
C34,2020-07-16 06:00:00,-26.66,0.0,26.66,500.0,5.3,5.3,False
C34,2020-07-16 08:00:00,-23.78,0.0,23.78,500.0,4.8,4.8,False
C34,2020-07-16 10:00:00,-23.02,0.0,23.02,500.0,4.6,4.6,False
C34,2020-07-16 12:00:00,-7.8,0.0,7.8,500.0,1.6,1.6,False
C34,2020-07-16 14:00:00,-8.21,0.0,8.21,500.0,1.6,1.6,False
C34,2020-07-16 16:00:00,-10.17,0.0,10.17,500.0,2.0,2.0,False
C34,2020-07-16 18:00:00,-4.62,0.0,4.62,500.0,0.9,0.9,False
C34,2020-07-16 20:00:00,-27.4,0.0,27.4,500.0,5.5,5.5,False
C34,2020-07-16 22:00:00,-28.77,0.0,28.77,500.0,5.8,5.8,False
CA-1,2020-07-15 00:00:00,230.95,0.0,230.95,500.0,46.2,46.2,False
CA-1,2020-07-15 01:00:00,238.56,0.0,238.56,500.0,47.7,47.7,False
CA-1,2020-07-15 02:00:00,239.03,0.0,239.03,500.0,47.8,47.8,False
CA-1,2020-07-15 03:00:00,230.24,0.0,230.24,500.0,46.0,46.0,False
CA-1,2020-07-15 04:00:00,164.86,0.0,164.86,500.0,33.0,33.0,False
CA-1,2020-07-15 05:00:00,220.28,0.0,220.28,500.0,44.1,44.1,False
CA-1,2020-07-15 06:00:00,367.88,0.0,367.88,500.0,73.6,73.6,False
CA-1,2020-07-15 07:00:00,337.43,0.0,337.43,500.0,67.5,67.5,False
CA-1,2020-07-15 08:00:00,294.08,0.0,294.08,500.0,58.8,58.8,False
CA-1,2020-07-15 09:00:00,275.88,0.0,275.88,500.0,55.2,55.2,False
CA-1,2020-07-15 10:00:00,276.32,0.0,276.32,500.0,55.3,55.3,False
CA-1,2020-07-15 11:00:00,235.5,0.0,235.5,500.0,47.1,47.1,False
CA-1,2020-07-15 12:00:00,249.69,0.0,249.69,500.0,49.9,49.9,False
CA-1,2020-07-15 13:00:00,307.24,0.0,307.24,500.0,61.4,61.4,False
CA-1,2020-07-15 14:00:00,327.1,0.0,327.1,500.0,65.4,65.4,False
CA-1,2020-07-15 15:00:00,378.85,0.0,378.85,500.0,75.8,75.8,False
CA-1,2020-07-15 16:00:00,390.68,0.0,390.68,500.0,78.1,78.1,False
CA-1,2020-07-15 17:00:00,367.16,0.0,367.16,500.0,73.4,73.4,False
CA-1,2020-07-15 18:00:00,342.68,0.0,342.68,500.0,68.5,68.5,False
CA-1,2020-07-15 19:00:00,259.3,0.0,259.3,500.0,51.9,51.9,False
CA-1,2020-07-15 20:00:00,210.71,0.0,210.71,500.0,42.1,42.1,False
CA-1,2020-07-15 21:00:00,256.52,0.0,256.52,500.0,51.3,51.3,False
CA-1,2020-07-15 22:00:00,257.49,0.0,257.49,500.0,51.5,51.5,False
CA-1,2020-07-15 23:00:00,176.69,0.0,176.69,500.0,35.3,35.3,False
CA-1,2020-07-16 00:00:00,347.93,0.0,347.93,500.0,69.6,69.6,False
CA-1,2020-07-16 02:00:00,355.73,0.0,355.73,500.0,71.1,71.1,False
CA-1,2020-07-16 04:00:00,371.44,0.0,371.44,500.0,74.3,74.3,False
CA-1,2020-07-16 06:00:00,238.73,0.0,238.73,500.0,47.7,47.7,False
CA-1,2020-07-16 08:00:00,222.09,0.0,222.09,500.0,44.4,44.4,False
CA-1,2020-07-16 10:00:00,171.63,0.0,171.63,500.0,34.3,34.3,False
CA-1,2020-07-16 12:00:00,325.07,0.0,325.07,500.0,65.0,65.0,False
CA-1,2020-07-16 14:00:00,391.64,0.0,391.64,500.0,78.3,78.3,False
CA-1,2020-07-16 16:00:00,367.88,0.0,367.88,500.0,73.6,73.6,False
CA-1,2020-07-16 18:00:00,379.59,0.0,379.59,500.0,75.9,75.9,False
CA-1,2020-07-16 20:00:00,341.59,0.0,341.59,500.0,68.3,68.3,False
CA-1,2020-07-16 22:00:00,286.76,0.0,286.76,500.0,57.4,57.4,False
CB-1,2020-07-15 00:00:00,330.98,135.71,466.69,500.0,66.2,93.3,False
CB-1,2020-07-15 01:00:00,337.53,145.99,483.51,500.0,67.5,96.7,False
CB-1,2020-07-15 02:00:00,309.46,173.26,482.72,500.0,61.9,96.5,False
CB-1,2020-07-15 03:00:00,293.2,188.08,481.28,500.0,58.6,96.3,False
CB-1,2020-07-15 04:00:00,209.51,252.9,462.41,500.0,41.9,92.5,False
CB-1,2020-07-15 05:00:00,240.0,0.0,240.0,500.0,48.0,48.0,False
CB-1,2020-07-15 06:00:00,372.29,0.0,372.29,500.0,74.5,74.5,False
CB-1,2020-07-15 07:00:00,317.12,0.0,317.12,500.0,63.4,63.4,False
CB-1,2020-07-15 08:00:00,225.28,0.0,225.28,500.0,45.1,45.1,False
CB-1,2020-07-15 09:00:00,286.15,0.0,286.15,500.0,57.2,57.2,False
CB-1,2020-07-15 10:00:00,318.36,0.0,318.36,500.0,63.7,63.7,False
CB-1,2020-07-15 11:00:00,224.07,0.0,224.07,500.0,44.8,44.8,False
CB-1,2020-07-15 12:00:00,229.02,0.0,229.02,500.0,45.8,45.8,False
CB-1,2020-07-15 13:00:00,300.05,0.0,300.05,500.0,60.0,60.0,False
CB-1,2020-07-15 14:00:00,331.7,0.0,331.7,500.0,66.3,66.3,False
CB-1,2020-07-15 15:00:00,405.99,0.0,405.99,500.0,81.2,81.2,False
CB-1,2020-07-15 16:00:00,440.56,0.0,440.56,500.0,88.1,88.1,False
CB-1,2020-07-15 17:00:00,442.84,0.0,442.84,500.0,88.6,88.6,False
CB-1,2020-07-15 18:00:00,431.33,0.0,431.33,500.0,86.3,86.3,False
CB-1,2020-07-15 19:00:00,317.86,0.0,317.86,500.0,63.6,63.6,False
CB-1,2020-07-15 20:00:00,275.52,0.0,275.52,500.0,55.1,55.1,False
CB-1,2020-07-15 21:00:00,351.91,0.0,351.91,500.0,70.4,70.4,False
CB-1,2020-07-15 22:00:00,267.09,0.0,267.09,500.0,53.4,53.4,False
CB-1,2020-07-15 23:00:00,254.09,0.0,254.09,500.0,50.8,50.8,False
CB-1,2020-07-16 00:00:00,437.6,0.0,437.6,500.0,87.5,87.5,False
CB-1,2020-07-16 02:00:00,449.81,0.0,449.81,500.0,90.0,90.0,False
CB-1,2020-07-16 04:00:00,460.99,0.0,460.99,500.0,92.2,92.2,False
CB-1,2020-07-16 06:00:00,241.65,0.0,241.65,500.0,48.3,48.3,False
CB-1,2020-07-16 08:00:00,236.71,0.0,236.71,500.0,47.3,47.3,False
CB-1,2020-07-16 10:00:00,43.57,0.0,43.57,500.0,8.7,8.7,False
CB-1,2020-07-16 12:00:00,290.32,0.0,290.32,500.0,58.1,58.1,False
CB-1,2020-07-16 14:00:00,419.38,0.0,419.38,500.0,83.9,83.9,False
CB-1,2020-07-16 16:00:00,367.15,0.0,367.15,500.0,73.4,73.4,False
CB-1,2020-07-16 18:00:00,411.05,0.0,411.05,500.0,82.2,82.2,False
CB-1,2020-07-16 20:00:00,362.4,0.0,362.4,500.0,72.5,72.5,False
CB-1,2020-07-16 22:00:00,386.93,0.0,386.93,500.0,77.4,77.4,False
C35,2020-07-15 00:00:00,236.77,0.0,236.77,722.0,32.8,32.8,False
C35,2020-07-15 01:00:00,244.43,0.0,244.43,722.0,33.9,33.9,False
C35,2020-07-15 02:00:00,245.03,0.0,245.03,722.0,33.9,33.9,False
C35,2020-07-15 03:00:00,236.19,0.0,236.19,722.0,32.7,32.7,False
C35,2020-07-15 04:00:00,170.84,0.0,170.84,722.0,23.7,23.7,False
C35,2020-07-15 05:00:00,225.83,0.0,225.83,722.0,31.3,31.3,False
C35,2020-07-15 06:00:00,369.47,0.0,369.47,722.0,51.2,51.2,False
C35,2020-07-15 07:00:00,335.65,0.0,335.65,722.0,46.5,46.5,False
C35,2020-07-15 08:00:00,297.26,0.0,297.26,722.0,41.2,41.2,False
C35,2020-07-15 09:00:00,280.39,0.0,280.39,722.0,38.8,38.8,False
C35,2020-07-15 10:00:00,281.02,0.0,281.02,722.0,38.9,38.9,False
C35,2020-07-15 11:00:00,240.07,0.0,240.07,722.0,33.3,33.3,False
C35,2020-07-15 12:00:00,254.7,0.0,254.7,722.0,35.3,35.3,False
C35,2020-07-15 13:00:00,311.93,0.0,311.93,722.0,43.2,43.2,False
C35,2020-07-15 14:00:00,331.91,0.0,331.91,722.0,46.0,46.0,False
C35,2020-07-15 15:00:00,383.41,0.0,383.41,722.0,53.1,53.1,False
C35,2020-07-15 16:00:00,394.6,0.0,394.6,722.0,54.7,54.7,False
C35,2020-07-15 17:00:00,370.38,0.0,370.38,722.0,51.3,51.3,False
C35,2020-07-15 18:00:00,345.79,0.0,345.79,722.0,47.9,47.9,False
C35,2020-07-15 19:00:00,265.4,0.0,265.4,722.0,36.8,36.8,False
C35,2020-07-15 20:00:00,216.82,0.0,216.82,722.0,30.0,30.0,False
C35,2020-07-15 21:00:00,262.54,0.0,262.54,722.0,36.4,36.4,False
C35,2020-07-15 22:00:00,263.64,0.0,263.64,722.0,36.5,36.5,False
C35,2020-07-15 23:00:00,182.22,0.0,182.22,722.0,25.2,25.2,False
C35,2020-07-16 00:00:00,353.84,0.0,353.84,722.0,49.0,49.0,False
C35,2020-07-16 02:00:00,360.83,0.0,360.83,722.0,50.0,50.0,False
C35,2020-07-16 04:00:00,377.47,0.0,377.47,722.0,52.3,52.3,False
C35,2020-07-16 06:00:00,244.68,0.0,244.68,722.0,33.9,33.9,False
C35,2020-07-16 08:00:00,228.06,0.0,228.06,722.0,31.6,31.6,False
C35,2020-07-16 10:00:00,177.77,0.0,177.77,722.0,24.6,24.6,False
C35,2020-07-16 12:00:00,330.98,0.0,330.98,722.0,45.8,45.8,False
C35,2020-07-16 14:00:00,397.41,0.0,397.41,722.0,55.0,55.0,False
C35,2020-07-16 16:00:00,373.7,0.0,373.7,722.0,51.8,51.8,False
C35,2020-07-16 18:00:00,385.53,0.0,385.53,722.0,53.4,53.4,False
C35,2020-07-16 20:00:00,347.52,0.0,347.52,722.0,48.1,48.1,False
C35,2020-07-16 22:00:00,291.81,0.0,291.81,722.0,40.4,40.4,False
