time,2020-07-15 00:00:00,2020-07-15 00:00:00,2020-07-15 00:00:00,2020-07-15 00:00:00,2020-07-15 01:00:00,2020-07-15 01:00:00,2020-07-15 01:00:00,2020-07-15 01:00:00,2020-07-15 02:00:00,2020-07-15 02:00:00,2020-07-15 02:00:00,2020-07-15 02:00:00,2020-07-15 03:00:00,2020-07-15 03:00:00,2020-07-15 03:00:00,2020-07-15 03:00:00,2020-07-15 04:00:00,2020-07-15 04:00:00,2020-07-15 04:00:00,2020-07-15 04:00:00,2020-07-15 05:00:00,2020-07-15 05:00:00,2020-07-15 05:00:00,2020-07-15 05:00:00,2020-07-15 06:00:00,2020-07-15 06:00:00,2020-07-15 06:00:00,2020-07-15 06:00:00,2020-07-15 07:00:00,2020-07-15 07:00:00,2020-07-15 07:00:00,2020-07-15 07:00:00,2020-07-15 08:00:00,2020-07-15 08:00:00,2020-07-15 08:00:00,2020-07-15 08:00:00,2020-07-15 09:00:00,2020-07-15 09:00:00,2020-07-15 09:00:00,2020-07-15 09:00:00,2020-07-15 10:00:00,2020-07-15 10:00:00,2020-07-15 10:00:00,2020-07-15 10:00:00,2020-07-15 11:00:00,2020-07-15 11:00:00,2020-07-15 11:00:00,2020-07-15 11:00:00,2020-07-15 12:00:00,2020-07-15 12:00:00,2020-07-15 12:00:00,2020-07-15 12:00:00,2020-07-15 13:00:00,2020-07-15 13:00:00,2020-07-15 13:00:00,2020-07-15 13:00:00,2020-07-15 14:00:00,2020-07-15 14:00:00,2020-07-15 14:00:00,2020-07-15 14:00:00,2020-07-15 15:00:00,2020-07-15 15:00:00,2020-07-15 15:00:00,2020-07-15 15:00:00,2020-07-15 16:00:00,2020-07-15 16:00:00,2020-07-15 16:00:00,2020-07-15 16:00:00,2020-07-15 17:00:00,2020-07-15 17:00:00,2020-07-15 17:00:00,2020-07-15 17:00:00,2020-07-15 18:00:00,2020-07-15 18:00:00,2020-07-15 18:00:00,2020-07-15 18:00:00,2020-07-15 19:00:00,2020-07-15 19:00:00,2020-07-15 19:00:00,2020-07-15 19:00:00,2020-07-15 20:00:00,2020-07-15 20:00:00,2020-07-15 20:00:00,2020-07-15 20:00:00,2020-07-15 21:00:00,2020-07-15 21:00:00,2020-07-15 21:00:00,2020-07-15 21:00:00,2020-07-15 22:00:00,2020-07-15 22:00:00,2020-07-15 22:00:00,2020-07-15 22:00:00,2020-07-15 23:00:00,2020-07-15 23:00:00,2020-07-15 23:00:00,2020-07-15 23:00:00,2020-07-16 00:00:00,2020-07-16 00:00:00,2020-07-16 00:00:00,2020-07-16 00:00:00,2020-07-16 02:00:00,2020-07-16 02:00:00,2020-07-16 02:00:00,2020-07-16 02:00:00,2020-07-16 04:00:00,2020-07-16 04:00:00,2020-07-16 04:00:00,2020-07-16 04:00:00,2020-07-16 06:00:00,2020-07-16 06:00:00,2020-07-16 06:00:00,2020-07-16 06:00:00,2020-07-16 08:00:00,2020-07-16 08:00:00,2020-07-16 08:00:00,2020-07-16 08:00:00,2020-07-16 10:00:00,2020-07-16 10:00:00,2020-07-16 10:00:00,2020-07-16 10:00:00,2020-07-16 12:00:00,2020-07-16 12:00:00,2020-07-16 12:00:00,2020-07-16 12:00:00,2020-07-16 14:00:00,2020-07-16 14:00:00,2020-07-16 14:00:00,2020-07-16 14:00:00,2020-07-16 16:00:00,2020-07-16 16:00:00,2020-07-16 16:00:00,2020-07-16 16:00:00,2020-07-16 18:00:00,2020-07-16 18:00:00,2020-07-16 18:00:00,2020-07-16 18:00:00,2020-07-16 20:00:00,2020-07-16 20:00:00,2020-07-16 20:00:00,2020-07-16 20:00:00,2020-07-16 22:00:00,2020-07-16 22:00:00,2020-07-16 22:00:00,2020-07-16 22:00:00
k,0,1,2,3,0,1,2,3,0,1,2,3,0,1,2,3,0,1,2,3,0,1,2,3,0,1,2,3,0,1,2,3,0,1,2,3,0,1,2,3,0,1,2,3,0,1,2,3,0,1,2,3,0,1,2,3,0,1,2,3,0,1,2,3,0,1,2,3,0,1,2,3,0,1,2,3,0,1,2,3,0,1,2,3,0,1,2,3,0,1,2,3,0,1,2,3,0,1,2,3,0,1,2,3,0,1,2,3,0,1,2,3,0,1,2,3,0,1,2,3,0,1,2,3,0,1,2,3,0,1,2,3,0,1,2,3,0,1,2,3,0,1,2,3
101_CT_1,0.0,0.0,0.0,0.0,0.0,0.0,0.0,0.0,0.0,0.0,0.0,0.0,0.0,0.0,0.0,0.0,0.0,0.0,0.0,0.0,0.0,0.0,0.0,0.0,0.0,0.0,0.0,0.0,0.0,0.0,0.0,0.0,0.0,0.0,0.0,0.0,1.0204424685162008e-12,1.0204309442818023e-12,4.08186958714858e-12,0.0,0.0,0.0,0.0,0.0,0.0,0.0,0.0,0.0,0.0,0.0,0.0,0.0,0.0,0.0,0.0,0.0,0.0,0.0,0.0,0.0,0.005665060575064346,0.005666823344695127,0.0056666983116373856,0.005667161235816043,0.0,0.0,0.0,0.0,0.0,0.0,0.0,0.0,0.0,0.0,0.0,0.0,0.0,0.0,0.0,0.0,1.0196388004757306e-12,5.094145591466592e-13,2.0400877168147424e-12,0.0,0.0,0.0,0.0,0.0,0.0,0.0,0.0,0.0,0.0,0.0,0.0,0.0,0.0,0.0,0.0,0.0,0.0,0.0,0.0,0.0,0.0,0.0,0.0,0.0,0.0,0.0,0.0,0.0,0.0,0.0,0.0,0.0,0.0,0.0,0.0,0.0,0.0,0.0,0.0,0.0,0.0,0.0,0.0,0.0,0.0,0.0,0.0,0.0,0.0,0.0,0.0,0.0,0.0,0.0,0.0,0.0,0.0,0.0,0.0,0.0
101_CT_2,0.0,0.0,0.0,0.0,0.0,0.0,0.0,0.0,0.0,0.0,0.0,0.0,0.0,0.0,0.0,0.0,0.0,0.0,0.0,0.0,0.0,0.0,0.0,0.0,0.0,0.0,0.0,0.0,0.0,0.0,0.0,0.0,0.0,0.0,0.0,0.0,1.954577292885005e-11,-8.773021180724616e-12,8.474280025446539e-11,1.5499363532159864e-11,0.0,0.0,0.0,0.0,0.0,0.0,0.0,0.0,0.0,0.0,0.0,0.0,0.0,0.0,0.0,0.0,0.0,0.0,0.0,0.0,0.005556788979812013,0.005558518108992488,0.0055583954055183574,0.0055588493750594135,0.0,0.0,0.0,0.0,0.0,0.0,0.0,0.0,0.0,0.0,0.0,0.0,0.0,0.0,0.0,0.0,0.003655602677781294,0.003656212386167858,0.003656157247502556,0.0036563274905512307,0.0,0.0,0.0,0.0,0.0,0.0,0.0,0.0,0.0,0.0,0.0,0.0,0.0,0.0,0.0,0.0,0.0,0.0,0.0,0.0,0.0,0.0,0.0,0.0,0.0,0.0,0.0,0.0,0.0,0.0,0.0,0.0,0.0,0.0,0.0,0.0,0.0,0.0,0.0,0.0,0.0,0.0,0.0,0.0,0.0,0.0,0.0,0.0,0.0,0.0,0.0,0.0,0.0,0.0,0.0,0.0,0.0,0.0,0.0,0.0
101_STEAM_3,-0.0030923310024310474,3.069623011903264e-06,0.008159830276324151,0.00662996120059244,-0.000872931848816947,-7.700187402692171e-06,-0.0016780850870773602,-0.0010399850380866176,-0.00025922708492308696,-8.851110090378276e-07,3.8028996281007287e-06,5.8950175524565866e-05,0.00011687452932838224,-3.910379420219203e-08,0.00017763845458521648,0.00010405798364244401,0.00040606022824427013,9.781530911573486e-08,0.0006151829552919301,0.0003610049651270475,-0.0007284784988483561,-0.0035908376173595384,0.017853200388199233,-0.0010820983046750975,0.00279330387496049,-0.015186919734626325,0.033428949096718896,0.008535649115848481,-9.324110157603229e-05,-0.008504329413687648,-0.02354959772682897,0.0017913917341733161,-0.00959917908838082,-0.02098390350402906,-0.005041443331537319,-0.00930101286064136,0.0037055292000838323,0.004064570095750036,-0.02539544848060032,-0.011716505784794076,0.006708859483837853,-0.015837942573106247,0.0603473647617348,-0.005013993584892324,-0.0038929018028950046,-0.009056479563483322,0.18875685227313,-0.016808243690305046,-0.005876849773124934,-0.03382156111732969,0.19925535926824317,0.0030062935117199973,-0.013034679221477599,0.012672343318529185,0.08372439180510029,-0.025912410466459757,-0.015301272712318969,-0.010629029403014339,0.1441308296199931,-0.03351899790392289,-0.013108531356800669,-0.01910699850541358,0.012897296497290229,-0.007887189859978445,-0.01118180306231193,-0.0038035708174690612,-0.06446615627133584,0.01516819883594668,0.006711959646686071,0.013832162029852303,-0.17472105022137047,-0.009413101418961673,0.010637141454844012,0.0040205625720344355,-0.06419995378399718,-0.012722885848967615,-0.009637659420480218,0.001132277833220419,0.08316619989472465,-0.032997761263357205,-0.00172472438981147,0.004610179985781204,-0.048176358344915224,-0.012689036444051028,-0.005475884807599761,0.004956442606201575,-0.0737863056017483,-0.018497229426946593,-0.006675798501234516,-0.0010786659129205672,-0.006655164227257278,-0.00386586885234076,-0.0057966845647216825,-0.003827626851630142,-0.0070007098498350295,0.0019091829312293713,0.0,0.0,0.0,0.0,0.0,0.0,0.0,0.0,0.0,0.0,0.0,0.0,0.0,0.0,0.0,0.0,0.0,0.0,0.0,0.0,0.0,0.0,0.0,0.0,0.0,0.0,0.0,0.0,0.0,0.0,0.0,0.0,0.0,0.0,0.0,0.0,0.0,0.0,0.0,0.0,0.0,0.0,0.0,0.0,0.0,0.0,0.0,0.0
101_STEAM_4,-0.0031403777686682794,-2.0676571857337488e-06,0.008349086731288993,0.006773905278753773,-0.0009848526040866854,7.721774257107283e-06,-0.0019154927282087706,-0.0011705676371079603,-0.00023004659958648547,8.849376085494151e-07,-1.3479234997652432e-05,4.9198268883784736e-05,7.598742719494609e-05,-2.1899674127713126e-09,0.00011545443381416015,6.765956397665593e-05,0.0008255262091774917,-1.3290190677772782e-07,0.0012546774059446948,0.0007346382052161449,-0.003329292299254015,-9.396056968648215e-05,-0.02156464179396114,-0.002531252546215291,-0.006874154824675988,0.011479173549353738,-0.03716345465413029,-0.012171870506233643,-0.0077440621779971625,0.0010391720301602164,0.01605767789429908,-0.009185219796830707,0.00019705624643064507,0.011953606169586968,-0.004015442098019308,0.00034203897868539425,-0.011434634482080661,-0.011421581912112483,0.01801210535892733,0.004430927494502331,-0.015340609584154518,0.007450829532415724,-0.06875196519555477,-0.0033262926090837615,-0.004166826926824713,0.0012413349957526298,-0.1965890299527202,0.009040344245698571,-0.0009317656567657071,0.027257961559793636,-0.2058371034236977,-0.009523085078204443,0.006751111851141736,-0.018711096736701023,-0.08978000613849459,0.019920887790136812,0.009142897718641626,0.004715328861628409,-0.1500609117030435,0.02765237822069254,-0.0022212052943669063,0.004147299424964205,-0.027883567146284167,-0.007002067592953122,0.006852544824078583,-0.000280939373062848,0.06036413985914216,-0.01920576691483913,-0.010487757132824927,-0.017362828711042562,0.17117288569036132,0.0059294731765630075,-0.014342374103590724,-0.007480582311546798,0.060722466967507556,0.009309916368987198,0.00652641314640987,-0.00399825864614463,-0.08604965921781929,0.030178827807110026,-0.004881132890155975,-0.01084371336314077,0.0419162770425119,0.00652691901408114,0.0005022668738951753,-0.009557455046274555,0.0691586398630966,0.01396767852522768,0.002489854030113765,-0.002734557342921417,0.002815232826136484,0.0001241207985359308,0.002845478907173321,0.0012493243933698328,0.004395759689970746,-0.004415945049740439,0.0,0.0,0.0,0.0,0.0,0.0,0.0,0.0,0.0,0.0,0.0,0.0,0.0,0.0,0.0,0.0,0.0,0.0,0.0,0.0,0.0,0.0,0.0,0.0,0.0,0.0,0.0,0.0,0.0,0.0,0.0,0.0,0.0,0.0,0.0,0.0,0.0,0.0,0.0,0.0,0.0,0.0,0.0,0.0,0.0,0.0,0.0,0.0
102_CT_1,0.0,0.0,0.0,0.0,0.0,0.0,0.0,0.0,0.0,0.0,0.0,0.0,0.0,0.0,0.0,0.0,0.0,0.0,0.0,0.0,0.0,0.0,0.0,0.0,0.0,0.0,0.0,0.0,0.0,0.0,0.0,0.0,0.0,0.0,0.0,0.0,0.0,0.0,0.0,0.0,0.0,0.0,0.0,0.0,0.0,0.0,0.0,0.0,0.0,0.0,0.0,0.0,0.0,0.0,0.0,0.0,0.0,0.0,0.0,0.0,0.002897051692446709,0.0016450417630900008,-0.009972703952194184,0.0006665401865799938,0.0,0.0,0.0,0.0,0.0,0.0,0.0,0.0,0.0,0.0,0.0,0.0,0.0,0.0,0.0,0.0,0.0,0.0,0.0,0.0,0.0,0.0,0.0,0.0,0.0,0.0,0.0,0.0,0.0,0.0,0.0,0.0,0.0,0.0,0.0,0.0,0.0,0.0,0.0,0.0,0.0,0.0,0.0,0.0,0.0,0.0,0.0,0.0,0.0,0.0,0.0,0.0,0.0,0.0,0.0,0.0,0.0,0.0,0.0,0.0,0.0,0.0,0.0,0.0,0.0,0.0,0.0,0.0,0.0,0.0,0.0,0.0,0.0,0.0,0.0,0.0,0.0,0.0,0.0,0.0
102_CT_2,0.0,0.0,0.0,0.0,0.0,0.0,0.0,0.0,0.0,0.0,0.0,0.0,0.0,0.0,0.0,0.0,0.0,0.0,0.0,0.0,0.0,0.0,0.0,0.0,0.0,0.0,0.0,0.0,0.0,0.0,0.0,0.0,0.0,0.0,0.0,0.0,0.0,0.0,0.0,0.0,0.0,0.0,0.0,0.0,0.0,0.0,0.0,0.0,0.0,0.0,0.0,0.0,0.0,0.0,0.0,0.0,0.0,0.0,0.0,0.0,-0.001736946539798473,-0.0005968883149704146,0.011037179900009686,0.00040527905877229474,0.0,0.0,0.0,0.0,0.0,0.0,0.0,0.0,0.0,0.0,0.0,0.0,0.0,0.0,0.0,0.0,0.0,0.0,0.0,0.0,0.0,0.0,0.0,0.0,0.0,0.0,0.0,0.0,0.0,0.0,0.0,0.0,0.0,0.0,0.0,0.0,0.0,0.0,0.0,0.0,0.0,0.0,0.0,0.0,0.0,0.0,0.0,0.0,0.0,0.0,0.0,0.0,0.0,0.0,0.0,0.0,0.0,0.0,0.0,0.0,0.0,0.0,0.0,0.0,0.0,0.0,0.0,0.0,0.0,0.0,0.0,0.0,0.0,0.0,0.0,0.0,0.0,0.0,0.0,0.0
102_STEAM_3,-0.025635626379395343,-1.9875103970945496e-07,-0.038717650334418874,-0.02266534314507779,-0.025910924814460973,-0.0001036586938418238,-0.09173198290464102,-0.06145714335444904,-0.005722954263048363,-0.016761784543133595,0.06479989125164765,0.002486235268146458,-0.026198010865207094,0.005904198949304107,-0.03531333822698124,-0.0023666022169050558,-0.023576674976130155,-1.7567004184648738e-08,-0.035781456612726026,-0.020970577782898927,-0.04106602076777077,-0.04106992883193125,-0.041069582104551736,-0.04107071025051492,-0.033285664227053924,-0.03328931143931735,-0.03328910228140525,-0.03329010651645293,-0.029284265120952446,-0.029288628171457443,-0.02928832376681334,-0.02928948391972829,-0.03482653666365626,-0.03483227643503756,-0.03483179503133926,-0.034833347134663954,-0.027606457797249906,-0.02761108037010762,-0.02760991249359912,-0.02761195056535478,-0.02978592171878719,-0.029789291263297824,-0.029789202823932603,-0.029789859633464335,-0.022401032557509526,-0.022404028722900704,-0.02240179519243024,-0.022403322180235465,-0.01867795202272346,-0.018679537204306818,-0.018681189662624886,-0.018680521770401234,-0.021551235569061578,-0.021553921373688167,-0.02155172046822651,-0.021553621242529634,-0.01902037192052644,-0.019021938148252093,-0.019023152740040405,-0.019022756012209468,-0.013433070689774049,-0.013437247802945196,-0.013436950085076838,-0.013438052505750815,-0.011401480908363347,-0.011403796638152414,-0.011403632595787694,-0.011404240972710679,-0.014196525467321058,-0.014198045838532208,-0.014198309555428112,-0.014198488101454047,-0.01464333994659306,-0.014644926777554579,-0.014644947369172545,-0.01464526680439255,-0.012290642026604626,-0.012291960403050722,-0.012290988091291699,-0.012292163775473182,-0.012186026707798267,-0.012188038121392797,-0.012188036399386815,-0.012188441215330387,-0.016243938483315706,-0.01624663764342156,-0.016246444227014545,-0.01624715891296722,-0.014057313063983334,-0.014059646047928614,-0.014059473414140933,-0.014060092845269214,-0.01867498710861548,-0.01867716229029112,-0.01867701674532063,-0.018677590476335663,0.0,0.0,0.0,0.0,0.0,0.0,0.0,0.0,0.0,0.0,0.0,0.0,0.0,0.0,0.0,0.0,0.0,0.0,0.0,0.0,0.0,0.0,0.0,0.0,0.0,0.0,0.0,0.0,0.0,0.0,0.0,0.0,0.0,0.0,0.0,0.0,0.0,0.0,0.0,0.0,0.0,0.0,0.0,0.0,0.0,0.0,0.0,0.0
102_STEAM_4,-0.025776966322387906,-2.176052599223155e-08,-0.038932806977176604,-0.022790216867765323,-0.02488472509593495,0.00010495355460637956,-0.08840270629568625,-0.05893269013279185,0.012601974889472678,0.01676174542606962,-0.05384577846022287,0.004119829622165776,-0.023869123549136645,-0.005901089897691836,0.0027615863589305345,-0.009681206531157161,-0.019639968701489777,-2.3365441573219847e-07,-0.029805217956349717,-0.01746906277051095,-0.04161742698401849,-0.041621355573835755,-0.041621091033953575,-0.04162216951961195,-0.033465362887556305,-0.0334690592535265,-0.03346881694447634,-0.03346982296172673,-0.02885380298093934,-0.028858092648489986,-0.02885781098547202,-0.02885894536029913,-0.03338969267254158,-0.03339516749098137,-0.03339479844418314,-0.03339622685750573,-0.02726004749756157,-0.02726460698783567,-0.027263583244516942,-0.02726546809747675,-0.029157226091209493,-0.029160493967093803,-0.02916033045931843,-0.029161068691113724,-0.022146389136094125,-0.022149363667746946,-0.0221471106220541,-0.022148638211336995,-0.019379833056865636,-0.019381360371882317,-0.01938355880187359,-0.019382530761453753,-0.02151252888335292,-0.021515309686860773,-0.02151254547018011,-0.021514790625598086,-0.018338837902746624,-0.018340401439741916,-0.018341465141034408,-0.01834114506531198,-0.013663704105776442,-0.013667952612170547,-0.01366765030889694,-0.01366877161086433,-0.01134283939473397,-0.011345140550453131,-0.011344981354565742,-0.011345585063530821,-0.014065880092435007,-0.01406739989600897,-0.01406754449592762,-0.014067804702987116,-0.014825094457184051,-0.014826703031547595,-0.014826701261175912,-0.014827039288039197,-0.013340411471550961,-0.013341862235770163,-0.013339766198726344,-0.013341989624196665,-0.011932115888798375,-0.011934082247446118,-0.011934084274680345,-0.01193447916943253,-0.018062455588493315,-0.018065446083474476,-0.01806523546954042,-0.018066034715345534,-0.014347582793519886,-0.01434996288718246,-0.014349786183800006,-0.014350418703978943,-0.019470845525682456,-0.019473091953837618,-0.019472937565827575,-0.01947353577028301,0.0,0.0,0.0,0.0,0.0,0.0,0.0,0.0,0.0,0.0,0.0,0.0,0.0,0.0,0.0,0.0,0.0,0.0,0.0,0.0,0.0,0.0,0.0,0.0,0.0,0.0,0.0,0.0,0.0,0.0,0.0,0.0,0.0,0.0,0.0,0.0,0.0,0.0,0.0,0.0,0.0,0.0,0.0,0.0,0.0,0.0,0.0,0.0
107_CC_1,4.716422675832277e-05,-1.3756684125176832e-08,7.167665594209893e-05,4.19815916272313e-05,4.461876285333233e-06,-2.1335773148223325e-09,5.975086786236261e-06,3.403880014939756e-06,1.1902682353071015e-06,2.0320984894794947e-09,1.5276015528087328e-06,8.952046252803258e-07,0.02232364630896455,-1.4452060881353646e-08,0.03390833127217796,0.019876894140835422,0.02899703614471949,-1.1245936404336021e-09,0.044008488558984205,0.02579196167680204,0.0354083154920527,0.03541172002715909,0.03541158732718497,0.035412358441519624,0.08090250533685817,0.08091152102126764,0.08091086722241059,0.08091326190855982,-0.1106692565871995,-0.11068590595865846,-0.11068432683609863,-0.11068898103276269,-0.09135895086011891,-0.0913740290634395,-0.09137254247535509,-0.09137681983260613,-0.09236747655998534,-0.09238284403166808,-0.09238096362956583,-0.09238583241464897,-0.11367666256094011,-0.11368897580216641,-0.1136879449348367,-0.11369136903420442,-0.10114502000435766,-0.10115861934313775,-0.10114839373950169,-0.10115549767895358,-0.09304369168646576,-0.09305335819020422,-0.09305286562268744,-0.09305618008373222,-0.07698005078011183,-0.07699106882770446,-0.0769754933129736,-0.07698701921384167,-0.04644635518552076,-0.04644945976505621,-0.04645441981024234,-0.04645192574075124,-0.03644108342222829,-0.03645242897744283,-0.03645161476765857,-0.03645459742083424,-0.027331648266404933,-0.027337198122245887,-0.027336802656738435,-0.027338263423557215,-0.030807504960482235,-0.03081085283767726,-0.03081200308151777,-0.030812174224680813,-0.032173784303128894,-0.03217730234848526,-0.0321771166581164,-0.03217800203345673,-0.022676494139645786,-0.022679018047286004,-0.022678796342676666,-0.022679451138385157,-0.030356987083162146,-0.030361938809192746,-0.030362348125692273,-0.030362981169694155,-0.045884021411053855,-0.04589163164009352,-0.04589109038947914,-0.04589310938592483,-0.03349260941940746,-0.03349818247595249,-0.03349777000716747,-0.033499246822371986,0.07783017794026281,0.07783913403489018,0.07783836995604387,0.07784077577899447,0.0,0.0,0.0,0.0,0.0,0.0,0.0,0.0,0.0,0.0,0.0,0.0,0.0,0.0,0.0,0.0,0.0,0.0,0.0,0.0,0.0,0.0,0.0,0.0,0.0,0.0,0.0,0.0,0.0,0.0,0.0,0.0,0.0,0.0,0.0,0.0,0.0,0.0,0.0,0.0,0.0,0.0,0.0,0.0,0.0,0.0,0.0,0.0
113_CT_1,0.0,0.0,0.0,0.0,0.0,0.0,0.0,0.0,0.0,0.0,0.0,0.0,0.0,0.0,0.0,0.0,0.0,0.0,0.0,0.0,0.0,0.0,0.0,0.0,0.0,0.0,0.0,0.0,0.0,0.0,0.0,0.0,0.0,0.0,0.0,0.0,1.021783352372907e-12,1.0217174328808198e-12,8.164854209402606e-12,0.0,1.0205447598110595e-12,1.0204892486598283e-12,8.163747455824932e-12,0.0,1.0220574386821113e-12,1.022147644302862e-12,8.165197684650849e-12,0.0,1.0211553824746034e-12,2.041630753346624e-12,8.164177667246975e-12,0.0,1.0211415046867955e-12,2.04162381445272e-12,4.082477411682106e-12,0.0,1.0204441458494529e-12,1.0204198597207892e-12,8.163497655644392e-12,0.0,1.0225587737666686e-12,1.0225483654258127e-12,8.165672998883267e-12,0.0,1.370417971606446e-12,1.020437206955549e-12,8.163580922371239e-12,0.0,2.040947272297089e-12,1.020437206955549e-12,8.163674597438941e-12,0.0,0.0,0.0,0.0,0.0,0.0,0.0,0.0,0.0,0.0,0.0,0.0,0.0,0.0,0.0,0.0,0.0,0.0,0.0,0.0,0.0,0.0,0.0,0.0,0.0,0.0,0.0,0.0,0.0,0.0,0.0,0.0,0.0,0.0,0.0,0.0,0.0,0.0,0.0,0.0,0.0,0.0,0.0,0.0,0.0,0.0,0.0,0.0,0.0,0.0,0.0,0.0,0.0,0.0,0.0,0.0,0.0,0.0,0.0,0.0,0.0,0.0,0.0,0.0,0.0,0.0,0.0,0.0,0.0,0.0,0.0,0.0,0.0
113_CT_2,0.0,0.0,0.0,0.0,0.0,0.0,0.0,0.0,0.0,0.0,0.0,0.0,0.0,0.0,0.0,0.0,0.0,0.0,0.0,0.0,0.0,0.0,0.0,0.0,0.0,0.0,0.0,0.0,0.0,0.0,0.0,0.0,0.0,0.0,0.0,0.0,0.029498395085083822,0.029502787042008892,0.0294993296607779,0.029504912756487214,0.032204081272141416,0.032205558877222346,0.03221079341584082,0.032209384338288696,0.03212419232855852,0.032133949255915985,0.032019956893526484,0.032125860295694635,0.031790807799885884,0.03179046957929256,0.031815217052427916,0.03179513327319646,0.03633284450693865,0.03633910780682117,0.03636105881579591,0.03633310753984244,0.02656881446811273,0.024866320618938717,0.03315057285618525,0.026096505891426404,-0.010465971389978,-0.010469222944273054,-0.010468993405954734,-0.010469852190897641,-0.009423084027040425,-0.00942499855206454,-0.009424861106950622,-0.009425365261400705,0.01621890210781005,0.016086158344682074,0.016248837461563154,0.016130040073264518,0.0,0.0,0.0,0.0,0.0,0.0,0.0,0.0,0.0,0.0,0.0,0.0,0.0,0.0,0.0,0.0,0.0,0.0,0.0,0.0,0.0,0.0,0.0,0.0,0.0,0.0,0.0,0.0,0.0,0.0,0.0,0.0,0.0,0.0,0.0,0.0,0.0,0.0,0.0,0.0,0.0,0.0,0.0,0.0,0.0,0.0,0.0,0.0,0.0,0.0,0.0,0.0,0.0,0.0,0.0,0.0,0.0,0.0,0.0,0.0,0.0,0.0,0.0,0.0,0.0,0.0,0.0,0.0,0.0,0.0,0.0,0.0
113_CT_3,0.0,0.0,0.0,0.0,0.0,0.0,0.0,0.0,0.0,0.0,0.0,0.0,0.0,0.0,0.0,0.0,0.0,0.0,0.0,0.0,0.0,0.0,0.0,0.0,0.0,0.0,0.0,0.0,0.0,0.0,0.0,0.0,0.0,0.0,0.0,0.0,0.0,0.0,0.0,0.0,0.0,0.0,0.0,0.0,0.0,0.0,0.0,0.0,0.0,0.0,0.0,0.0,0.0,0.0,0.0,0.0,0.0,0.0,0.0,0.0,0.0,0.0,0.0,0.0,0.0,0.0,0.0,0.0,0.0,0.0,0.0,0.0,0.0,0.0,0.0,0.0,0.0,0.0,0.0,0.0,0.0,0.0,0.0,0.0,0.0,0.0,0.0,0.0,0.0,0.0,0.0,0.0,0.0,0.0,0.0,0.0,0.0,0.0,0.0,0.0,0.0,0.0,0.0,0.0,0.0,0.0,0.0,0.0,0.0,0.0,0.0,0.0,0.0,0.0,0.0,0.0,0.0,0.0,0.0,0.0,0.0,0.0,0.0,0.0,0.0,0.0,0.0,0.0,0.0,0.0,0.0,0.0,0.0,0.0,0.0,0.0,0.0,0.0,0.0,0.0,0.0,0.0,0.0,0.0
113_CT_4,0.0,0.0,0.0,0.0,0.0,0.0,0.0,0.0,0.0,0.0,0.0,0.0,0.0,0.0,0.0,0.0,0.0,0.0,0.0,0.0,0.0,0.0,0.0,0.0,0.0,0.0,0.0,0.0,0.0,0.0,0.0,0.0,0.0,0.0,0.0,0.0,0.0,0.0,0.0,0.0,0.0,0.0,0.0,0.0,0.0,0.0,0.0,0.0,0.0,0.0,0.0,0.0,0.0,0.0,0.0,0.0,0.0,0.0,0.0,0.0,0.0,0.0,0.0,0.0,0.0,0.0,0.0,0.0,0.0,0.0,0.0,0.0,0.0,0.0,0.0,0.0,0.0,0.0,0.0,0.0,0.0,0.0,0.0,0.0,0.0,0.0,0.0,0.0,0.0,0.0,0.0,0.0,0.0,0.0,0.0,0.0,0.0,0.0,0.0,0.0,0.0,0.0,0.0,0.0,0.0,0.0,0.0,0.0,0.0,0.0,0.0,0.0,0.0,0.0,0.0,0.0,0.0,0.0,0.0,0.0,0.0,0.0,0.0,0.0,0.0,0.0,0.0,0.0,0.0,0.0,0.0,0.0,0.0,0.0,0.0,0.0,0.0,0.0,0.0,0.0,0.0,0.0,0.0,0.0
115_STEAM_1,0.0,0.0,0.0,0.0,0.0,0.0,0.0,0.0,0.0,0.0,0.0,0.0,0.0,0.0,0.0,0.0,0.0,0.0,0.0,0.0,0.0,0.0,0.0,0.0,0.0,0.0,0.0,0.0,0.0,0.0,0.0,0.0,0.0,0.0,0.0,0.0,0.0,0.0,0.0,0.0,0.0,0.0,0.0,0.0,0.0,0.0,0.0,0.0,0.0,0.0,0.0,0.0,0.0,0.0,0.0,0.0,0.0,0.0,0.0,0.0,0.0,0.0,0.0,0.0,0.0,0.0,0.0,0.0,0.0,0.0,0.0,0.0,0.0,0.0,0.0,0.0,0.0,0.0,0.0,0.0,0.0,0.0,0.0,0.0,0.0,0.0,0.0,0.0,0.0,0.0,0.0,0.0,0.0,0.0,0.0,0.0,0.0,0.0,0.0,0.0,0.0,0.0,0.0,0.0,0.0,0.0,0.0,0.0,0.0,0.0,0.0,0.0,0.0,0.0,0.0,0.0,0.0,0.0,0.0,0.0,0.0,0.0,0.0,0.0,0.0,0.0,0.0,0.0,0.0,0.0,0.0,0.0,0.0,0.0,0.0,0.0,0.0,0.0,0.0,0.0,0.0,0.0,0.0,0.0
115_STEAM_2,0.0,0.0,0.0,0.0,0.0,0.0,0.0,0.0,0.0,0.0,0.0,0.0,0.0,0.0,0.0,0.0,0.0,0.0,0.0,0.0,0.0,0.0,0.0,0.0,0.0,0.0,0.0,0.0,0.0,0.0,0.0,0.0,0.0,0.0,0.0,0.0,0.0,0.0,0.0,0.0,0.0,0.0,0.0,0.0,0.0,0.0,0.0,0.0,0.0,0.0,0.0,0.0,0.0,0.0,0.0,0.0,0.0,0.0,0.0,0.0,0.0,0.0,0.0,0.0,0.0,0.0,0.0,0.0,0.0,0.0,0.0,0.0,0.0,0.0,0.0,0.0,0.0,0.0,0.0,0.0,0.0,0.0,0.0,0.0,0.0,0.0,0.0,0.0,0.0,0.0,0.0,0.0,0.0,0.0,0.0,0.0,0.0,0.0,0.0,0.0,0.0,0.0,0.0,0.0,0.0,0.0,0.0,0.0,0.0,0.0,0.0,0.0,0.0,0.0,0.0,0.0,0.0,0.0,0.0,0.0,0.0,0.0,0.0,0.0,0.0,0.0,0.0,0.0,0.0,0.0,0.0,0.0,0.0,0.0,0.0,0.0,0.0,0.0,0.0,0.0,0.0,0.0,0.0,0.0
115_STEAM_3,2.3751906821689595e-05,6.729084622847381e-09,3.593197297924178e-05,2.1089045500033033e-05,7.2067387060226196e-06,3.4905208723401415e-09,9.061582971980897e-06,5.0696915298725e-06,2.602224340231274e-06,3.539246007377983e-09,3.0427146415767936e-06,1.7132680773219476e-06,0.014593934576471013,-9.107181686562882e-08,0.022168747752580487,0.01299432503461913,0.022977575895812175,-4.032933875741662e-09,0.034872853854541974,0.020437860252314543,0.03644213332927476,0.03644539998424079,0.03644535737046617,0.036446241369400514,-0.009033283038160422,-0.009296271618976393,-0.009274648518898143,-0.009346555050703621,-0.05607494445057404,-0.05608334839347895,-0.056082710449179896,-0.05608495175236263,-0.04593609583608266,-0.04594364064480572,-0.045943090249339846,-0.04594508562307729,-0.03512818584532931,-0.03513412451789211,-0.03513119617559202,-0.03513521003853498,-0.03733590616149729,-0.0373400363330042,-0.03733981439713885,-0.037340795390351546,-0.03484369532497944,-0.03484832002054372,-0.0348451229220621,-0.03484729682047144,-0.027178233220962966,-0.027180419342084816,-0.02718330718465012,-0.027181995857569217,-0.028588540814657004,-0.028592153963094225,-0.02858889522153385,-0.02859164946418859,-0.024290048267554987,-0.024292036177393617,-0.024293734068027817,-0.02429309559249359,-0.019420907488984618,-0.019426947344725276,-0.01942651383644134,-0.019428109734628603,-0.015766023308673598,-0.015769225291298872,-0.015768998106827192,-0.015769839734139125,-0.018764824227901378,-0.01876678414393218,-0.018767593600392818,-0.018767553829296603,-0.0196885739703323,-0.019690696238173377,-0.019690853198384373,-0.0196911861527204,-0.016745731774674533,-0.016747487447238918,-0.016745331067912872,-0.016747756294960656,-0.017089611369691615,-0.017092434057217304,-0.017092373314750664,-0.0170929942842727,-0.023271323990934067,-0.023275180773822568,-0.023274901527273295,-0.02327593667689718,-0.020992059799866736,-0.020995553554100765,-0.020995304959362526,-0.020996222694473477,-0.03761169403618814,-0.037616220559824276,-0.03761690197167589,-0.037617315811946314,0.0,0.0,0.0,0.0,0.0,0.0,0.0,0.0,0.0,0.0,0.0,0.0,0.0,0.0,0.0,0.0,0.0,0.0,0.0,0.0,0.0,0.0,0.0,0.0,0.0,0.0,0.0,0.0,0.0,0.0,0.0,0.0,0.0,0.0,0.0,0.0,0.0,0.0,0.0,0.0,0.0,0.0,0.0,0.0,0.0,0.0,0.0,0.0
116_STEAM_1,-0.05086660560925349,1.0800062385574183e-05,-0.10430014720275649,-0.06498596853907856,0.00018050560632876245,5.426627591731403e-09,0.00021560030303824362,0.00011792727329636907,5.9326025933836846e-05,1.8995920392228527e-09,6.430721842942688e-05,3.3998224953264263e-05,0.01623627674832856,-1.857752124356793e-07,0.02466756259195302,0.014457030307939897,0.024064084959106724,9.461482713968294e-08,0.03652071429127912,0.021404282853921694,0.042183815295536664,0.04217488669148284,0.0422078426288941,0.04218678660910102,-0.06881939191840503,-0.0688269747521626,-0.06882657591302621,-0.06882855790875061,-0.050298981697636025,-0.05030651182389545,-0.050305965268321984,-0.05030795643021971,-0.04627792114568957,-0.046285500574920535,-0.046284998976300784,-0.04628698031935532,-0.037067849289658394,-0.03707406696579396,-0.03707231383133491,-0.037075229033700065,-0.04141870783254292,-0.04142332256661174,-0.04142308280957119,-0.04142413853324838,-0.032949792961852686,-0.032954416841511014,-0.03295034535347208,-0.032952872629422265,-0.02781756806514646,-0.02781995369591672,-0.02782221636160509,-0.027821393597196247,-0.029161457579715333,-0.02916527296774074,-0.029161214596676643,-0.029164459710634184,-0.02241910697598279,-0.022421067495143276,-0.022422197347960804,-0.02242193046367943,-0.01593844020139651,-0.015943394433614477,-0.01594304312371775,-0.01594435135053384,-0.01549334158166526,-0.015496487551009797,-0.01549626293197659,-0.015497091870705637,-0.01823799007236654,-0.018239942682796217,-0.018240358496443232,-0.018240545308712802,-0.021126960617182444,-0.021129251284391026,-0.021129300591964162,-0.021129744800916627,-0.015980158185708637,-0.015981823887535385,-0.015979880231200116,-0.015982076141082057,-0.016800535651937065,-0.016803300989897296,-0.01680330703805466,-0.0168038641414367,-0.02358863830391883,-0.02359256085400127,-0.023592284084487325,-0.023593315053526846,-0.02086299437171857,-0.0208664664962247,-0.020866219428561816,-0.020867131422601964,-0.03744130977477467,-0.037445619940213115,-0.037445345365686666,-0.03744649502324652,0.0,0.0,0.0,0.0,0.0,0.0,0.0,0.0,0.0,0.0,0.0,0.0,0.0,0.0,0.0,0.0,0.0,0.0,0.0,0.0,0.0,0.0,0.0,0.0,0.0,0.0,0.0,0.0,0.0,0.0,0.0,0.0,0.0,0.0,0.0,0.0,0.0,0.0,0.0,0.0,0.0,0.0,0.0,0.0,0.0,0.0,0.0,0.0
118_CC_1,0.0,0.0,0.0,0.0,0.0,0.0,0.0,0.0,0.0,0.0,0.0,0.0,0.0,0.0,0.0,0.0,0.0,0.0,0.0,0.0,0.0,0.0,0.0,0.0,0.0,0.0,0.0,0.0,0.0,0.0,0.0,0.0,0.0,0.0,0.0,0.0,-0.037329864570712135,-0.037336088150369484,-0.03733529663310797,-0.03733727957561756,-0.060020928889595426,-0.060027566978740676,-0.06002722636185798,-0.060028795118804185,-0.03738175605842731,-0.03738712787847365,-0.03738193773982168,-0.0373851498815907,-0.03395266159429522,-0.033955713344640426,-0.033957459343137764,-0.03395735714733431,-0.029640852814492358,-0.029645054639918733,-0.029638183313164035,-0.02964346877997061,-0.028124300588887263,-0.028125884771104337,-0.028129854612775507,-0.02812763132694688,-0.020639166620308957,-0.02064558065310995,-0.020645124659239844,-0.020646821235976342,-0.017684109331242096,-0.017687704930898773,-0.017687444894191273,-0.017688390730886103,-0.024536105944255593,-0.024538789696311847,-0.024539698839993296,-0.024539865811061864,-0.025782602050800296,-0.025785397527150256,-0.025785459117532383,-0.02578600922108933,-0.023015206748287387,-0.02301773708446242,-0.023017228928064792,-0.02301816207695417,-0.015820166232025812,-0.015822766195754345,-0.015822781323916013,-0.015823288905424886,0.0,0.0,0.0,0.0,0.0,0.0,0.0,0.0,0.0,0.0,0.0,0.0,0.0,0.0,0.0,0.0,0.0,0.0,0.0,0.0,0.0,0.0,0.0,0.0,0.0,0.0,0.0,0.0,0.0,0.0,0.0,0.0,0.0,0.0,0.0,0.0,0.0,0.0,0.0,0.0,0.0,0.0,0.0,0.0,0.0,0.0,0.0,0.0,0.0,0.0,0.0,0.0,0.0,0.0,0.0,0.0,0.0,0.0,0.0,0.0
122_WIND_1,0.9999775813212963,7.856006511985925e-09,-3.403400745582985e-05,-1.9921213467645956e-05,0.9999983786733546,-7.195737339316111e-10,-2.2466677975785387e-06,-1.2913980628636613e-06,0.9999995391672747,-5.351150633714497e-10,-6.338869482647169e-07,-3.715922601278704e-07,0.8419763261086595,-9.288099178661469e-08,-0.24002586927506897,-0.14070371021453804,0.9083807823755627,1.1643437325403738e-09,-0.1390496512607733,-0.08149243438742032,0.9793863720971601,-0.020615658876852905,-0.02061543043537739,-0.020615976017578547,0.9306042297516992,-0.06940354578259722,-0.0694029617185663,-0.06940498702731543,0.9618413037315836,-0.03816440557933021,-0.03816399750994037,-0.03816550545802697,0.9740897504167907,-0.025914495173254615,-0.025914215300950616,-0.025915322035509926,0.9722092861072995,-0.02779536569313379,-0.02779428560124586,-0.027796240867145466,0.9612579438046525,-0.03874634952463163,-0.038746123003582156,-0.038747122998388735,0.9672102050750992,-0.032793418263262986,-0.03279304954896212,-0.03279403277725725,0.9713483790564765,-0.028654604699168473,-0.028655024706971233,-0.02865539585006878,0.9724366573363943,-0.027566538259518047,-0.027565221145636087,-0.02756669581543185,0.9762037696632977,-0.023798887073524178,-0.023798568753559124,-0.023799353782466528,0.9847516016976705,-0.015253147187866745,-0.015252806290629195,-0.015254052726476631,0.9845285854277396,-0.015474559152893974,-0.015474331862865398,-0.01547516005337069,0.9816637857739123,-0.01833822403680685,-0.01833802861337297,-0.01833858955565959,0.9781145066525889,-0.021887875144418256,-0.021887822465849638,-0.02188836297015448,0.9912387132079488,-0.008762253545270937,-0.008762129811474395,-0.008762428824978739,0.9824799230303547,-0.017523004114452068,-0.017522712851930855,-0.01752355147757262,0.9844043168562893,-0.01559827403118641,-0.015598088068179194,-0.015598775190316253,0.9842180391304574,-0.01578458544422956,-0.01578439543355792,-0.01578508849050094,0.9656415173289323,-0.03436239882440173,-0.034362117615376775,-0.03436314921856105,0.0,0.0,0.0,0.0,0.0,0.0,0.0,0.0,0.0,0.0,0.0,0.0,0.0,0.0,0.0,0.0,0.0,0.0,0.0,0.0,0.0,0.0,0.0,0.0,0.0,0.0,0.0,0.0,0.0,0.0,0.0,0.0,0.0,0.0,0.0,0.0,0.0,0.0,0.0,0.0,0.0,0.0,0.0,0.0,0.0,0.0,0.0,0.0
123_CT_1,0.0,0.0,0.0,0.0,0.0,0.0,0.0,0.0,0.0,0.0,0.0,0.0,0.0,0.0,0.0,0.0,0.0,0.0,0.0,0.0,0.0,0.0,0.0,0.0,0.0,0.0,0.0,0.0,0.0,0.0,0.0,0.0,0.0,0.0,0.0,0.0,0.0,0.0,0.0,0.0,0.0,0.0,0.0,0.0,0.0,0.0,0.0,0.0,0.0,0.0,0.0,0.0,1.0204059819329814e-12,2.0407356360330198e-12,8.16367112799199e-12,0.0,-0.017638051950741473,-0.017637633793041074,-0.017634514520195748,-0.01763990664503388,-0.010917228269483138,-0.010920619129364342,-0.01092037561508006,-0.010921278132013282,-0.010188958142656685,-0.010191026866491475,-0.01019088077843685,-0.010191424572779769,2.040898239676413e-12,1.020435748462085e-12,8.163636324035655e-12,0.0,0.0,0.0,0.0,0.0,0.0,0.0,0.0,0.0,0.0,0.0,0.0,0.0,0.0,0.0,0.0,0.0,0.0,0.0,0.0,0.0,0.0,0.0,0.0,0.0,0.0,0.0,0.0,0.0,0.0,0.0,0.0,0.0,0.0,0.0,0.0,0.0,0.0,0.0,0.0,0.0,0.0,0.0,0.0,0.0,0.0,0.0,0.0,0.0,0.0,0.0,0.0,0.0,0.0,0.0,0.0,0.0,0.0,0.0,0.0,0.0,0.0,0.0,0.0,0.0,0.0,0.0,0.0,0.0,0.0,0.0,0.0,0.0
123_CT_4,0.0,0.0,0.0,0.0,0.0,0.0,0.0,0.0,0.0,0.0,0.0,0.0,0.0,0.0,0.0,0.0,0.0,0.0,0.0,0.0,0.0,0.0,0.0,0.0,0.0,0.0,0.0,0.0,0.0,0.0,0.0,0.0,0.0,0.0,0.0,0.0,0.0,0.0,0.0,0.0,0.0,0.0,0.0,0.0,0.0,0.0,0.0,0.0,0.0,0.0,0.0,0.0,-0.02179441114635576,-0.021794033465240316,-0.021804590214316,-0.021798775689465904,-0.01925648314107213,-0.01925763689384854,-0.01925266038469015,-0.019259332252808094,-0.011125893240056493,-0.011129351528397988,-0.011129103306392472,-0.011130020304908131,-0.010188958034559032,-0.010191026758021558,-0.010190880677111866,-0.010191424463282884,0.0,0.0,0.0,0.0,0.0,0.0,0.0,0.0,0.0,0.0,0.0,0.0,0.0,0.0,0.0,0.0,0.0,0.0,0.0,0.0,0.0,0.0,0.0,0.0,0.0,0.0,0.0,0.0,0.0,0.0,0.0,0.0,0.0,0.0,0.0,0.0,0.0,0.0,0.0,0.0,0.0,0.0,0.0,0.0,0.0,0.0,0.0,0.0,0.0,0.0,0.0,0.0,0.0,0.0,0.0,0.0,0.0,0.0,0.0,0.0,0.0,0.0,0.0,0.0,0.0,0.0,0.0,0.0,0.0,0.0,0.0,0.0,0.0,0.0,0.0,0.0
123_CT_5,0.0,0.0,0.0,0.0,0.0,0.0,0.0,0.0,0.0,0.0,0.0,0.0,0.0,0.0,0.0,0.0,0.0,0.0,0.0,0.0,0.0,0.0,0.0,0.0,0.0,0.0,0.0,0.0,0.0,0.0,0.0,0.0,0.0,0.0,0.0,0.0,0.0,0.0,0.0,0.0,0.0,0.0,0.0,0.0,0.0,0.0,0.0,0.0,0.0,0.0,0.0,0.0,0.0,0.0,0.0,0.0,-0.01763805195117059,-0.017637633793470133,-0.017634514527768003,-0.017639906644441997,-0.010716617973472564,-0.01071994772353967,-0.010719709598407446,-0.010720592768619659,-0.009875859788900595,-0.009877866184794724,-0.009877722603697117,-0.009878250425881873,-1.4157844574859756e-11,-2.1208953272850857e-11,-1.3316747693601699e-10,-8.87502279282661e-11,0.0,0.0,0.0,0.0,0.0,0.0,0.0,0.0,0.0,0.0,0.0,0.0,0.0,0.0,0.0,0.0,0.0,0.0,0.0,0.0,0.0,0.0,0.0,0.0,0.0,0.0,0.0,0.0,0.0,0.0,0.0,0.0,0.0,0.0,0.0,0.0,0.0,0.0,0.0,0.0,0.0,0.0,0.0,0.0,0.0,0.0,0.0,0.0,0.0,0.0,0.0,0.0,0.0,0.0,0.0,0.0,0.0,0.0,0.0,0.0,0.0,0.0,0.0,0.0,0.0,0.0,0.0,0.0,0.0,0.0,0.0,0.0
123_STEAM_2,3.5458106477204154e-05,-1.0886450241276435e-08,5.389666138633231e-05,3.1570266458045127e-05,5.633404765947869e-06,1.3519978470100114e-09,7.379895500925215e-06,4.166647136956736e-06,2.0539691089616063e-06,-1.59511637232157e-09,2.6520851634792564e-06,1.4735510798715565e-06,0.015749055913764076,-8.36957936289906e-08,0.02392292505865745,0.014022800198725692,0.025421075428417206,1.1615159944966535e-09,0.03858130488857858,0.022611276663866774,0.03413263690338386,0.03413583008158183,0.03413571385328806,0.0341365001397647,0.053190489250513506,0.053196191192265596,0.053196017136028395,0.05319762005964077,-0.046313196554200964,-0.04632006823707302,-0.04631966615448713,-0.04632145359278375,-0.045079199972598294,-0.04508654230908404,-0.045086199375894864,-0.04508802831078411,-0.03881372090400753,-0.038820205682218445,-0.0388190516003144,-0.03882143311056488,-0.04471082529713882,-0.04471588786809644,-0.0447157787801733,-0.04471671078485481,-0.033476408335401275,-0.03348072891936216,-0.03347795273255327,-0.03348000240454694,-0.026998486282569067,-0.027000774362395452,-0.027002935326717825,-0.027002210486605283,-0.030335793861125282,-0.030339772664705222,-0.03033540628862763,-0.03033891749006984,-0.022032342434373853,-0.022033834276862896,-0.022036321901089062,-0.02203505962255249,-0.018435797873211923,-0.01844152664190396,-0.018441118399944,-0.018442635308610594,-0.015393015129841852,-0.015396145417829354,-0.01539591873079682,-0.015396741946520593,-0.01896485546837634,-0.018966829435110133,-0.018967533415341187,-0.0189676326726963,-0.020105376580745737,-0.020107564608665363,-0.020107522282474033,-0.02010801998568959,-0.015099596014859107,-0.015101139451399848,-0.015099780096395898,-0.015101311449043812,-0.016791682150148923,-0.016794419656371296,-0.01679456726938111,-0.01679500145447043,-0.02487813203550976,-0.024882252623571383,-0.024881956899401203,-0.024883060089261638,-0.021310304566465987,-0.02131384481849191,-0.021313593125181995,-0.021314526471677715,0.04319708414644918,0.04320225255347393,0.04320145709424206,0.04320302184359195,0.0,0.0,0.0,0.0,0.0,0.0,0.0,0.0,0.0,0.0,0.0,0.0,0.0,0.0,0.0,0.0,0.0,0.0,0.0,0.0,0.0,0.0,0.0,0.0,0.0,0.0,0.0,0.0,0.0,0.0,0.0,0.0,0.0,0.0,0.0,0.0,0.0,0.0,0.0,0.0,0.0,0.0,0.0,0.0,0.0,0.0,0.0,0.0
123_STEAM_3,4.9722264641838265e-05,-1.9666704487164566e-08,7.617085547373392e-05,4.455450693290447e-05,3.2847169736616166e-05,2.9697873049627788e-09,4.104747093158778e-05,2.276046548881618e-05,1.2031914872534522e-05,-7.980438532229073e-11,1.4181115757239127e-05,7.678412404365339e-06,0.019998521483058584,-1.900030823787091e-07,0.030379458978158524,0.017806429551861108,0.027687721040067337,-2.8682447528183275e-09,0.042021298675736674,0.02462738985596126,0.05399958939132188,0.05399848249634576,0.05401364248350582,0.054004796759415837,-0.15631383048290748,-0.15633105024197969,-0.15633008566483753,-0.15633464898822483,-0.0656869491521187,-0.0656966913629673,-0.06569612299067273,-0.06569866237755594,-0.06358688524412981,-0.06359740096524691,-0.06359640188167592,-0.06359932242805073,-0.05138366139401773,-0.051392276465113795,-0.05138995053597828,-0.051393886088073264,-0.06089406434897637,-0.06090110849832775,-0.060901166382792304,-0.06090213159139685,-0.04079934408913655,-0.040804752640087205,-0.04080090687084592,-0.04080357238463115,-0.03434009613318356,-0.03434280196218431,-0.034346611099005386,-0.03434489309686544,-0.034254220569727045,-0.03425860385632706,-0.034254375600019316,-0.03425784423126916,-0.0320293592990154,-0.03203214626290474,-0.032033894112775574,-0.03203338745077254,-0.02367838823179569,-0.023685756704844074,-0.02368522807153095,-0.023687169471973385,-0.018683049675460382,-0.018686848365090936,-0.01868657367374782,-0.01868757273795376,-0.021976505860134665,-0.02197886007387262,-0.021979390236896545,-0.02197960797569605,-0.024813343021134582,-0.02481603014404432,-0.02481609417875763,-0.024816615208776593,-0.020148294506239228,-0.020150476409268037,-0.020148984656598756,-0.020150821179672745,-0.02296541442240252,-0.022969190688637786,-0.0229692281947369,-0.022969966413650827,-0.03296992923971831,-0.0329754118761974,-0.032975014622585785,-0.0329764625057027,-0.029572390645279834,-0.029577293607124133,-0.02957695282244499,-0.029578238584520657,-0.07444278095909995,-0.07445138880126045,-0.07445094590474621,-0.0744531680274026,0.0,0.0,0.0,0.0,0.0,0.0,0.0,0.0,0.0,0.0,0.0,0.0,0.0,0.0,0.0,0.0,0.0,0.0,0.0,0.0,0.0,0.0,0.0,0.0,0.0,0.0,0.0,0.0,0.0,0.0,0.0,0.0,0.0,0.0,0.0,0.0,0.0,0.0,0.0,0.0,0.0,0.0,0.0,0.0,0.0,0.0,0.0,0.0
201_CT_1,0.0,0.0,0.0,0.0,0.0,0.0,0.0,0.0,0.0,0.0,0.0,0.0,0.0,0.0,0.0,0.0,0.0,0.0,0.0,0.0,0.0,0.0,0.0,0.0,0.0,0.0,0.0,0.0,0.0,0.0,0.0,0.0,0.0,0.0,0.0,0.0,0.0,0.0,0.0,0.0,0.0,0.0,0.0,0.0,0.0,0.0,0.0,0.0,0.0,0.0,0.0,0.0,0.0,0.0,0.0,0.0,0.0,0.0,0.0,0.0,-0.005317308792371951,-0.005318961563638262,-0.005318830401622367,-0.005319292490836379,0.0,0.0,0.0,0.0,0.0,0.0,0.0,0.0,0.0,0.0,0.0,0.0,0.0,0.0,0.0,0.0,0.0,0.0,0.0,0.0,0.0,0.0,0.0,0.0,0.0,0.0,0.0,0.0,0.0,0.0,0.0,0.0,0.0,0.0,0.0,0.0,0.0,0.0,0.0,0.0,0.0,0.0,0.0,0.0,0.0,0.0,0.0,0.0,0.0,0.0,0.0,0.0,0.0,0.0,0.0,0.0,0.0,0.0,0.0,0.0,0.0,0.0,0.0,0.0,0.0,0.0,0.0,0.0,0.0,0.0,0.0,0.0,0.0,0.0,0.0,0.0,0.0,0.0,0.0,0.0
201_CT_2,0.0,0.0,0.0,0.0,0.0,0.0,0.0,0.0,0.0,0.0,0.0,0.0,0.0,0.0,0.0,0.0,0.0,0.0,0.0,0.0,0.0,0.0,0.0,0.0,0.0,0.0,0.0,0.0,0.0,0.0,0.0,0.0,0.0,0.0,0.0,0.0,0.0,0.0,0.0,0.0,0.0,0.0,0.0,0.0,0.0,0.0,0.0,0.0,0.0,0.0,0.0,0.0,0.0,0.0,0.0,0.0,0.0,0.0,0.0,0.0,-0.005317308793569122,-0.005318961564835512,-0.005318830403839989,-0.00531929249101439,0.0,0.0,0.0,0.0,0.0,0.0,0.0,0.0,0.0,0.0,0.0,0.0,0.0,0.0,0.0,0.0,0.0,0.0,0.0,0.0,0.0,0.0,0.0,0.0,0.0,0.0,0.0,0.0,0.0,0.0,0.0,0.0,0.0,0.0,0.0,0.0,0.0,0.0,0.0,0.0,0.0,0.0,0.0,0.0,0.0,0.0,0.0,0.0,0.0,0.0,0.0,0.0,0.0,0.0,0.0,0.0,0.0,0.0,0.0,0.0,0.0,0.0,0.0,0.0,0.0,0.0,0.0,0.0,0.0,0.0,0.0,0.0,0.0,0.0,0.0,0.0,0.0,0.0,0.0,0.0
201_STEAM_3,0.00015084859612796153,-2.087993269950239e-08,0.0002293616883832783,0.0001343893193072788,7.882403005338157e-06,3.956186489517677e-10,1.0703481009510796e-05,6.0870726515783165e-06,2.534283800675885e-06,3.123884206868155e-09,3.363212326412679e-06,1.9362558273674598e-06,0.014097673897943225,-5.381446088748021e-08,0.021414168705814474,0.012552447630629565,0.0193398924043085,-4.676120601843081e-12,0.029352013016242795,0.017202249680902188,0.026095220762815757,0.026097621870538323,0.026097562836550514,0.0260981791470621,0.03141136790033644,0.03141469879164116,0.03141456215563987,0.0314155649771069,-0.03379219281177859,-0.033797249310062505,-0.033796834025265454,-0.033798225598299,-0.034297824367697405,-0.03430346765785841,-0.03430302812504027,-0.03430453550120504,-0.02824225471871729,-0.028246947220499086,-0.02824671163212278,-0.028247854754325664,-0.031651918535416185,-0.031655403330752785,-0.03165520097437069,-0.03165605223694443,-0.02641326755163484,-0.02641684814913431,-0.026414005626623327,-0.026415919699951447,-0.02458524612188226,-0.024586842943594034,-0.024591052335985797,-0.024588748092754204,-0.024262495979920695,-0.024265788566270707,-0.02426148528949912,-0.024264828243711963,-0.020745515970238687,-0.02074688144391179,-0.020749702579963336,-0.02074804508233997,-0.014033805971907787,-0.014038167042462801,-0.014037857246518404,-0.014039009899248854,-0.011191902704874314,-0.011194169037098523,-0.011194013738514919,-0.01119461088351339,-0.012663190237807154,-0.012664505925405023,-0.012665172214802567,-0.012665069136892778,-0.014635642899854862,-0.0146372403757202,-0.014637159132061428,-0.0146375572522901,-0.011488670776398535,-0.011489825239920898,-0.011488386386284244,-0.011490031996570177,-0.011619818705176865,-0.011621725434261626,-0.01162179545773484,-0.01162211849363336,-0.01496842542664098,-0.014970896632075237,-0.014970725748980784,-0.014971390955603752,-0.013974847116725087,-0.013977167731161394,-0.013976999557990366,-0.013977613308515022,0.021172964084433532,0.02117543582638523,0.02117484018773541,0.02117583398189709,0.0,0.0,0.0,0.0,0.0,0.0,0.0,0.0,0.0,0.0,0.0,0.0,0.0,0.0,0.0,0.0,0.0,0.0,0.0,0.0,0.0,0.0,0.0,0.0,0.0,0.0,0.0,0.0,0.0,0.0,0.0,0.0,0.0,0.0,0.0,0.0,0.0,0.0,0.0,0.0,0.0,0.0,0.0,0.0,0.0,0.0,0.0,0.0
202_CT_1,0.0,0.0,0.0,0.0,0.0,0.0,0.0,0.0,0.0,0.0,0.0,0.0,0.0,0.0,0.0,0.0,0.0,0.0,0.0,0.0,0.0,0.0,0.0,0.0,0.0,0.0,0.0,0.0,0.0,0.0,0.0,0.0,0.0,0.0,0.0,0.0,0.0,0.0,0.0,0.0,0.0,0.0,0.0,0.0,0.0,0.0,0.0,0.0,0.0,0.0,0.0,0.0,0.0,0.0,0.0,0.0,0.0,0.0,0.0,0.0,-0.005560826306768001,-0.005562552079372188,-0.005562422028691269,-0.00556289663098391,0.0,0.0,0.0,0.0,0.0,0.0,0.0,0.0,0.0,0.0,0.0,0.0,0.0,0.0,0.0,0.0,0.0,0.0,0.0,0.0,0.0,0.0,0.0,0.0,0.0,0.0,0.0,0.0,0.0,0.0,0.0,0.0,0.0,0.0,0.0,0.0,0.0,0.0,0.0,0.0,0.0,0.0,0.0,0.0,0.0,0.0,0.0,0.0,0.0,0.0,0.0,0.0,0.0,0.0,0.0,0.0,0.0,0.0,0.0,0.0,0.0,0.0,0.0,0.0,0.0,0.0,0.0,0.0,0.0,0.0,0.0,0.0,0.0,0.0,0.0,0.0,0.0,0.0,0.0,0.0
202_CT_2,0.0,0.0,0.0,0.0,0.0,0.0,0.0,0.0,0.0,0.0,0.0,0.0,0.0,0.0,0.0,0.0,0.0,0.0,0.0,0.0,0.0,0.0,0.0,0.0,0.0,0.0,0.0,0.0,0.0,0.0,0.0,0.0,0.0,0.0,0.0,0.0,0.0,0.0,0.0,0.0,0.0,0.0,0.0,0.0,0.0,0.0,0.0,0.0,0.0,0.0,0.0,0.0,0.0,0.0,0.0,0.0,0.0,0.0,0.0,0.0,-0.005140534271891924,-0.0051421285665505245,-0.0051419967289882546,-0.005142441953681814,0.0,0.0,0.0,0.0,0.0,0.0,0.0,0.0,0.0,0.0,0.0,0.0,0.0,0.0,0.0,0.0,0.0,0.0,0.0,0.0,0.0,0.0,0.0,0.0,0.0,0.0,0.0,0.0,0.0,0.0,0.0,0.0,0.0,0.0,0.0,0.0,0.0,0.0,0.0,0.0,0.0,0.0,0.0,0.0,0.0,0.0,0.0,0.0,0.0,0.0,0.0,0.0,0.0,0.0,0.0,0.0,0.0,0.0,0.0,0.0,0.0,0.0,0.0,0.0,0.0,0.0,0.0,0.0,0.0,0.0,0.0,0.0,0.0,0.0,0.0,0.0,0.0,0.0,0.0,0.0
202_STEAM_3,0.0002906876646762517,-2.639779454004927e-08,0.0004421485726500393,0.0002591380357568162,1.1033534216575462e-05,2.4028045339503815e-09,1.4892639646900008e-05,8.481649586324222e-06,3.617268249262944e-06,2.096849484031105e-09,4.778641068359936e-06,2.743193111335197e-06,0.01685460650984084,-7.984236297825e-08,0.02560217627047682,0.01500719903807155,0.020753839996112702,1.3972522917328478e-09,0.03149789924899385,0.018459912294661148,0.024970395011427726,0.024972575130953495,0.0249726314276054,0.02497320713725959,0.03229774382681555,0.03230138839745522,0.0322996649813041,0.03230187564063012,-0.03325159505509297,-0.03325655604190452,-0.033256191554945636,-0.03325752747069831,-0.03600396019702997,-0.03600986576166765,-0.036009445901427996,-0.03601100749708552,-0.02831198187227479,-0.028316747072073007,-0.028314909226808672,-0.028317630387769768,-0.030273536605291862,-0.03027702615826941,-0.030277050928447416,-0.030277545452242902,-0.02729961045799692,-0.02730313360820391,-0.027300880192794974,-0.027302557213556518,-0.024548058892184917,-0.024549942004928934,-0.02455281914034053,-0.024551521283863054,-0.023402789485347148,-0.02340594637035435,-0.023402063124584024,-0.023405054525411004,-0.019280995011226494,-0.019282562284525063,-0.019283736787432962,-0.01928340786066693,-0.014874932673908929,-0.014879551465307887,-0.014879224447191274,-0.0148804500389714,-0.013034514478994931,-0.013037166029991887,-0.013036973702678287,-0.01303767011077626,-0.014901755663268717,-0.014903330532774752,-0.014903883900035622,-0.014903889853729679,-0.015566489678672198,-0.015568188384098031,-0.01556810971600469,-0.015568527510035832,-0.012837319400606027,-0.012838714980501625,-0.012836859650614478,-0.012838854711829224,-0.012848141861959102,-0.012850252670156567,-0.012850311206484456,-0.012850685430549253,-0.016358541397125535,-0.016361242821242454,-0.016361056882254844,-0.01636178250278663,-0.014174933462872342,-0.014177287582603818,-0.014177116204472796,-0.014177739563959573,0.005035431284836078,0.00490143483911562,0.00493122755678399,0.00488449137250929,0.0,0.0,0.0,0.0,0.0,0.0,0.0,0.0,0.0,0.0,0.0,0.0,0.0,0.0,0.0,0.0,0.0,0.0,0.0,0.0,0.0,0.0,0.0,0.0,0.0,0.0,0.0,0.0,0.0,0.0,0.0,0.0,0.0,0.0,0.0,0.0,0.0,0.0,0.0,0.0,0.0,0.0,0.0,0.0,0.0,0.0,0.0,0.0
202_STEAM_4,0.0002906876634789131,-2.6398814933166468e-08,0.00044214856421806697,0.00025913803560233256,1.0773421034149495e-05,-1.9148485102939457e-10,1.4557458017629543e-05,8.286168970153638e-06,4.077105204340965e-06,9.185606610129201e-11,5.413460633362642e-06,3.0896989347726444e-06,0.015132800716690365,-5.1036212887550433e-08,0.022986489953060484,0.013474131788802617,0.020810416823404163,-1.6019237937016373e-09,0.031583828460692825,0.018510239708909974,0.0270253197047724,0.027027664767957843,0.027027768691973892,0.027028353556975894,0.032683170724883304,0.03268705183534204,0.03268449854723188,0.03268726405391235,-0.03026516386976001,-0.030269641987395075,-0.03026939164520903,-0.03027055628360264,-0.03662842260152092,-0.03663442373150794,-0.036634014151545734,-0.03663559228222868,-0.027230379506903494,-0.027235004554449587,-0.027232219374287558,-0.027235832009315265,-0.03151117461246458,-0.03151464044957744,-0.031514436857812786,-0.03151528760449111,-0.028040846007712672,-0.028044269337862027,-0.028042705325318273,-0.028044094769656143,-0.024456782448303075,-0.024458433203385758,-0.02446223863887669,-0.02446032606963616,-0.02451465761013964,-0.024517972475269843,-0.02451377245213905,-0.02451703406400144,-0.021974142514705884,-0.021975845242758318,-0.02197740294952881,-0.021976885252581107,-0.016082021429454314,-0.01608702243438346,-0.016086664470815172,-0.01608798509785212,-0.010871544431655797,-0.010873754382513479,-0.010873595012894446,-0.010874176325483681,-0.01197925557801956,-0.011980514772742654,-0.011981009603260304,-0.011981001249214097,-0.015609985302889089,-0.01561168790422644,-0.015611611090381956,-0.015612028078564842,-0.011861109284161932,-0.01186227204257187,-0.01185973835504079,-0.01186222528421577,-0.012897751269936551,-0.012899868821331492,-0.01289993648512937,-0.012900304221089062,-0.018886455740138555,-0.018889576545122973,-0.018889361120973523,-0.018890195503740628,-0.014174933468820827,-0.01417728758855293,-0.014177116212462891,-0.014177739567868459,0.005035431181077965,0.004901434542104982,0.004931228527049525,0.004884491700999873,0.0,0.0,0.0,0.0,0.0,0.0,0.0,0.0,0.0,0.0,0.0,0.0,0.0,0.0,0.0,0.0,0.0,0.0,0.0,0.0,0.0,0.0,0.0,0.0,0.0,0.0,0.0,0.0,0.0,0.0,0.0,0.0,0.0,0.0,0.0,0.0,0.0,0.0,0.0,0.0,0.0,0.0,0.0,0.0,0.0,0.0,0.0,0.0
207_CT_1,0.0,0.0,0.0,0.0,0.0,0.0,0.0,0.0,0.0,0.0,0.0,0.0,0.0,0.0,0.0,0.0,0.0,0.0,0.0,0.0,0.0,0.0,0.0,0.0,0.0,0.0,0.0,0.0,0.0,0.0,0.0,0.0,0.0,0.0,0.0,0.0,0.0,0.0,0.0,0.0,0.0,0.0,0.0,0.0,0.0,0.0,0.0,0.0,0.0,0.0,0.0,0.0,0.0,0.0,0.0,0.0,0.0,0.0,0.0,0.0,0.0,0.0,0.0,0.0,0.0,0.0,0.0,0.0,0.0,0.0,0.0,0.0,0.0,0.0,0.0,0.0,0.0,0.0,0.0,0.0,0.0,0.0,0.0,0.0,0.0,0.0,0.0,0.0,0.0,0.0,0.0,0.0,0.0,0.0,0.0,0.0,0.0,0.0,0.0,0.0,0.0,0.0,0.0,0.0,0.0,0.0,0.0,0.0,0.0,0.0,0.0,0.0,0.0,0.0,0.0,0.0,0.0,0.0,0.0,0.0,0.0,0.0,0.0,0.0,0.0,0.0,0.0,0.0,0.0,0.0,0.0,0.0,0.0,0.0,0.0,0.0,0.0,0.0,0.0,0.0,0.0,0.0,0.0,0.0
207_CT_2,0.0,0.0,0.0,0.0,0.0,0.0,0.0,0.0,0.0,0.0,0.0,0.0,0.0,0.0,0.0,0.0,0.0,0.0,0.0,0.0,0.0,0.0,0.0,0.0,0.0,0.0,0.0,0.0,0.0,0.0,0.0,0.0,0.0,0.0,0.0,0.0,0.0,0.0,0.0,0.0,0.0,0.0,0.0,0.0,0.0,0.0,0.0,0.0,0.0,0.0,0.0,0.0,0.0,0.0,0.0,0.0,0.0,0.0,0.0,0.0,0.0,0.0,0.0,0.0,0.0,0.0,0.0,0.0,0.0,0.0,0.0,0.0,0.0,0.0,0.0,0.0,0.0,0.0,0.0,0.0,0.0,0.0,0.0,0.0,0.0,0.0,0.0,0.0,0.0,0.0,0.0,0.0,0.0,0.0,0.0,0.0,0.0,0.0,0.0,0.0,0.0,0.0,0.0,0.0,0.0,0.0,0.0,0.0,0.0,0.0,0.0,0.0,0.0,0.0,0.0,0.0,0.0,0.0,0.0,0.0,0.0,0.0,0.0,0.0,0.0,0.0,0.0,0.0,0.0,0.0,0.0,0.0,0.0,0.0,0.0,0.0,0.0,0.0,0.0,0.0,0.0,0.0,0.0,0.0
212_CSP_1,-1.16349275610661e-05,3.552211746971068e-09,-1.7650001299607254e-05,-1.0327485924109435e-05,-9.553847902799006e-07,8.644849280869948e-10,-1.316044762944557e-06,-7.486576386081045e-07,-2.804548235868509e-07,-1.438567043265948e-10,-3.864695372612914e-07,-2.2119106336568835e-07,-0.029276376208152377,-4.471606240841197e-08,-0.044468189367772304,-0.026067625886829572,-0.06533012640030911,1.6470589336847752e-09,-0.09915092163402717,-0.058109106087198714,-0.023567557305487874,-0.023569874713539996,-0.02356961836701288,-0.02357024059222895,-0.05036518717753968,-0.05037078336580336,-0.05037039748446315,-0.05037188885123231,-0.053452317193545484,-0.053460320512750625,-0.05345973801144943,-0.05346185535317716,-0.051155007439423805,-0.05116337421725148,-0.0511629121951378,-0.05116502166983886,-0.054324172413837524,-0.0543332661543634,-0.05433109262100455,-0.054334977839948374,-0.059961746709583874,-0.059968441516127236,-0.05996816627334223,-0.05996960675378035,-0.04472203029015431,-0.044727299411588595,-0.04472558478874866,-0.04472742808681524,-0.03745391105416984,-0.037457608555162336,-0.03745899501357908,-0.0374588996642757,-0.037396558577961536,-0.037400865418760976,-0.03739926052960563,-0.03740114265155733,-0.030382237389541655,-0.030385272941372055,-0.0303858459218187,-0.03038617844874821,-0.021656915843199676,-0.02166365425148109,-0.021663171936810333,-0.021664946884054688,-0.017333657269036268,-0.017337180024453336,-0.017336926037036626,-0.017337853644279193,-0.02036572647668833,-0.020367939694075576,-0.02036785434409394,-0.020368390694636865,-0.02224894479494166,-0.0222513635572833,-0.02225133099224097,-0.022251866085913757,-0.016333589080170796,-0.016335361373263635,-0.016334386657641087,-0.016335642760567856,-0.019198546555389995,-0.019201738214694064,-0.01920152133737285,-0.01920235369994168,-0.028162112404463202,-0.02816677526074063,-0.02816644764026255,-0.028167694732128174,-0.023073566104999,-0.02307740317274476,-0.023077126865554742,-0.023078138387984858,-0.02875226003285858,-0.02875565295128335,-0.02875531424064892,-0.02875628942324355,0.0,0.0,0.0,0.0,0.0,0.0,0.0,0.0,0.0,0.0,0.0,0.0,0.0,0.0,0.0,0.0,0.0,0.0,0.0,0.0,0.0,0.0,0.0,0.0,0.0,0.0,0.0,0.0,0.0,0.0,0.0,0.0,0.0,0.0,0.0,0.0,0.0,0.0,0.0,0.0,0.0,0.0,0.0,0.0,0.0,0.0,0.0,0.0
213_CC_3,0.0,0.0,0.0,0.0,0.0,0.0,0.0,0.0,0.0,0.0,0.0,0.0,0.0,0.0,0.0,0.0,0.0,0.0,0.0,0.0,0.0,0.0,0.0,0.0,0.0,0.0,0.0,0.0,0.0,0.0,0.0,0.0,0.0,0.0,0.0,0.0,-0.039607311985564025,-0.03961394092723247,-0.03961231458931591,-0.03961520117751008,-0.06877223925784215,-0.06877980874294898,-0.06877948437130588,-0.0687812539856054,-0.05349385655975003,-0.05350061264079997,-0.053496548689831336,-0.05349982471127819,-0.04132887753457737,-0.04133284000855131,-0.04133219492746143,-0.04133466232086569,-0.03763127448782466,-0.03763648742393366,-0.03762886293095047,-0.03763446728437971,-0.034484544081486046,-0.03448572012435891,-0.034494329879735997,-0.034488247287777406,-0.023814415810995415,-0.023821824526242485,-0.023821294113028912,-0.02382324718068253,-0.017923882424830867,-0.017927523201687667,-0.017927266379912155,-0.017928220694705555,-0.023982293789417075,-0.02398488310103919,-0.023988008696116836,-0.023986492001008483,-0.025990622571169908,-0.025993454464901422,-0.025993350134245308,-0.025994030763723187,-0.018830146580938845,-0.018832298094162425,-0.018833073090392283,-0.01883269639178645,-0.021689532114829713,-0.021693057647171055,-0.021693273898900634,-0.021693826247652603,-0.020510528846604037,-0.020513912265743922,-0.020513682692563484,-0.020514590178215237,0.0,0.0,0.0,0.0,0.0,0.0,0.0,0.0,0.0,0.0,0.0,0.0,0.0,0.0,0.0,0.0,0.0,0.0,0.0,0.0,0.0,0.0,0.0,0.0,0.0,0.0,0.0,0.0,0.0,0.0,0.0,0.0,0.0,0.0,0.0,0.0,0.0,0.0,0.0,0.0,0.0,0.0,0.0,0.0,0.0,0.0,0.0,0.0,0.0,0.0,0.0,0.0,0.0,0.0,0.0,0.0
213_CT_1,0.0,0.0,0.0,0.0,0.0,0.0,0.0,0.0,0.0,0.0,0.0,0.0,0.0,0.0,0.0,0.0,0.0,0.0,0.0,0.0,0.0,0.0,0.0,0.0,0.0,0.0,0.0,0.0,0.0,0.0,0.0,0.0,0.0,0.0,0.0,0.0,0.02897515955970792,0.028973230461821042,0.029016614011245334,0.028981431965754884,0.03178514335388535,0.031789687378121156,0.031780363968771264,0.03179036323211625,0.032487822354433454,0.03239806381126403,0.032623678844091675,0.032531745289050625,0.031183090997306262,0.0311810688131951,0.031158787084073047,0.03119812146045537,0.03577186837764937,0.035771018713600555,0.035834318971626145,0.03577706991632193,0.03049783639099604,0.0320326429834949,0.02380784116174328,0.030800038456292034,-0.011228912222812942,-0.011232404126576473,-0.011232155027124158,-0.011233076724372647,0.0,0.0,0.0,0.0,0.0,0.0,0.0,0.0,0.0,0.0,0.0,0.0,0.0,0.0,0.0,0.0,0.0,0.0,0.0,0.0,0.0,0.0,0.0,0.0,0.0,0.0,0.0,0.0,0.0,0.0,0.0,0.0,0.0,0.0,0.0,0.0,0.0,0.0,0.0,0.0,0.0,0.0,0.0,0.0,0.0,0.0,0.0,0.0,0.0,0.0,0.0,0.0,0.0,0.0,0.0,0.0,0.0,0.0,0.0,0.0,0.0,0.0,0.0,0.0,0.0,0.0,0.0,0.0,0.0,0.0,0.0,0.0,0.0,0.0,0.0,0.0,0.0,0.0,0.0,0.0
213_CT_2,0.0,0.0,0.0,0.0,0.0,0.0,0.0,0.0,0.0,0.0,0.0,0.0,0.0,0.0,0.0,0.0,0.0,0.0,0.0,0.0,0.0,0.0,0.0,0.0,0.0,0.0,0.0,0.0,0.0,0.0,0.0,0.0,0.0,0.0,0.0,0.0,0.0,0.0,0.0,0.0,0.0,0.0,0.0,0.0,0.0,0.0,0.0,0.0,0.0,0.0,0.0,0.0,0.0,0.0,0.0,0.0,0.0,0.0,0.0,0.0,0.0,0.0,0.0,0.0,0.0,0.0,0.0,0.0,0.0,0.0,0.0,0.0,0.0,0.0,0.0,0.0,0.0,0.0,0.0,0.0,0.0,0.0,0.0,0.0,0.0,0.0,0.0,0.0,0.0,0.0,0.0,0.0,0.0,0.0,0.0,0.0,0.0,0.0,0.0,0.0,0.0,0.0,0.0,0.0,0.0,0.0,0.0,0.0,0.0,0.0,0.0,0.0,0.0,0.0,0.0,0.0,0.0,0.0,0.0,0.0,0.0,0.0,0.0,0.0,0.0,0.0,0.0,0.0,0.0,0.0,0.0,0.0,0.0,0.0,0.0,0.0,0.0,0.0,0.0,0.0,0.0,0.0,0.0,0.0
215_CT_4,0.0,0.0,0.0,0.0,0.0,0.0,0.0,0.0,0.0,0.0,0.0,0.0,0.0,0.0,0.0,0.0,0.0,0.0,0.0,0.0,0.0,0.0,0.0,0.0,0.0,0.0,0.0,0.0,0.0,0.0,0.0,0.0,0.0,0.0,0.0,0.0,0.0,0.0,0.0,0.0,0.0,0.0,0.0,0.0,0.0,0.0,0.0,0.0,0.0,0.0,0.0,0.0,0.0,0.0,0.0,0.0,0.0,0.0,0.0,0.0,0.0,0.0,0.0,0.0,0.0,0.0,0.0,0.0,0.0,0.0,0.0,0.0,0.0,0.0,0.0,0.0,0.0,0.0,0.0,0.0,0.0,0.0,0.0,0.0,0.0,0.0,0.0,0.0,0.0,0.0,0.0,0.0,0.0,0.0,0.0,0.0,0.0,0.0,0.0,0.0,0.0,0.0,0.0,0.0,0.0,0.0,0.0,0.0,0.0,0.0,0.0,0.0,0.0,0.0,0.0,0.0,0.0,0.0,0.0,0.0,0.0,0.0,0.0,0.0,0.0,0.0,0.0,0.0,0.0,0.0,0.0,0.0,0.0,0.0,0.0,0.0,0.0,0.0,0.0,0.0,0.0,0.0,0.0,0.0
215_CT_5,0.0,0.0,0.0,0.0,0.0,0.0,0.0,0.0,0.0,0.0,0.0,0.0,0.0,0.0,0.0,0.0,0.0,0.0,0.0,0.0,0.0,0.0,0.0,0.0,0.0,0.0,0.0,0.0,0.0,0.0,0.0,0.0,0.0,0.0,0.0,0.0,0.0,0.0,0.0,0.0,0.0,0.0,0.0,0.0,0.0,0.0,0.0,0.0,0.0,0.0,0.0,0.0,0.0,0.0,0.0,0.0,0.0,0.0,0.0,0.0,0.0,0.0,0.0,0.0,0.0,0.0,0.0,0.0,0.0,0.0,0.0,0.0,0.0,0.0,0.0,0.0,0.0,0.0,0.0,0.0,0.0,0.0,0.0,0.0,0.0,0.0,0.0,0.0,0.0,0.0,0.0,0.0,0.0,0.0,0.0,0.0,0.0,0.0,0.0,0.0,0.0,0.0,0.0,0.0,0.0,0.0,0.0,0.0,0.0,0.0,0.0,0.0,0.0,0.0,0.0,0.0,0.0,0.0,0.0,0.0,0.0,0.0,0.0,0.0,0.0,0.0,0.0,0.0,0.0,0.0,0.0,0.0,0.0,0.0,0.0,0.0,0.0,0.0,0.0,0.0,0.0,0.0,0.0,0.0
216_STEAM_1,0.06963084733891545,-2.2278882523263377e-06,0.11030121091584988,0.0653095397148903,0.00048701710761189787,5.844770223362161e-10,0.0006151492629458133,0.0003426148362036311,0.00015127173304296804,-9.451059046483579e-09,0.00018101864169439708,9.904660688878476e-05,0.021214579486901697,-2.0703663905496938e-07,0.03222738565798133,0.018889401344368072,0.027086865091070056,-3.4866667886213065e-09,0.04110898046990341,0.0240930394394496,-0.08882516844073851,-0.08883408392801917,-0.08883232700922328,-0.08883536109366044,-0.06720437811057323,-0.06721182770904233,-0.06721134829691788,-0.06721331956097006,-0.05677209904392688,-0.05678061322560546,-0.056779971730883894,-0.05678223187718331,-0.045428686925189254,-0.045436099661127716,-0.045435746808568656,-0.0454375826134151,-0.03475498982660177,-0.03476081181798918,-0.034759088596612475,-0.03476191451726587,-0.04386918084301372,-0.04387409239376128,-0.043873919509154646,-0.04387494081234644,-0.03697200248031446,-0.03697681258356189,-0.03697365145272968,-0.03697595409485243,-0.03218579040063685,-0.03218837550819753,-0.03219179465513111,-0.03219024840330629,-0.03192992993595961,-0.03193416446904984,-0.03192941091860124,-0.031933153829890475,-0.02196420591211301,-0.021966128841677035,-0.021967392087746562,-0.021966969059429506,-0.019506665033858728,-0.01951272973471746,-0.01951229718315073,-0.019513899080792093,-0.014738307645418471,-0.014741303973841047,-0.014741087588008517,-0.014741875689334607,-0.016803600101339078,-0.016805364094007957,-0.016805963415536196,-0.016805986530300677,-0.01876330112797686,-0.018765344190560584,-0.01876529288563855,-0.018765764781434754,-0.01551001578447464,-0.015511318031625976,-0.01550961745572299,-0.015511682514138364,-0.016960383889151498,-0.016963173213013383,-0.016963119046799036,-0.016963741363256322,-0.023617869676876457,-0.023621785619209523,-0.023621504189651032,-0.02362255296807782,-0.01945356461722214,-0.019456796979984925,-0.0194565681856258,-0.019457418873928396,-0.03489603245109596,-0.03490002448668508,-0.034899791663247415,-0.034900826146630246,0.0,0.0,0.0,0.0,0.0,0.0,0.0,0.0,0.0,0.0,0.0,0.0,0.0,0.0,0.0,0.0,0.0,0.0,0.0,0.0,0.0,0.0,0.0,0.0,0.0,0.0,0.0,0.0,0.0,0.0,0.0,0.0,0.0,0.0,0.0,0.0,0.0,0.0,0.0,0.0,0.0,0.0,0.0,0.0,0.0,0.0,0.0,0.0
218_CC_1,0.0,0.0,0.0,0.0,0.0,0.0,0.0,0.0,0.0,0.0,0.0,0.0,0.0,0.0,0.0,0.0,0.0,0.0,0.0,0.0,0.0,0.0,0.0,0.0,0.0,0.0,0.0,0.0,0.0,0.0,0.0,0.0,0.0,0.0,0.0,0.0,0.0,0.0,0.0,0.0,-0.03867623317391489,-0.03868064676623062,-0.038680578897214435,-0.03868134241603726,-0.04471683793971282,-0.04472262314188158,-0.0447189672145587,-0.04472163698885014,-0.037930327066098224,-0.037932845594682796,-0.037938960533487,-0.03793573576135755,-0.038384523763773215,-0.03838938828478167,-0.038384895797292096,-0.038388672582548224,-0.028364956886718473,-0.02836735169326099,-0.028369054743401456,-0.02836849535156154,-0.021565938038664578,-0.021572645969112902,-0.02157216594494038,-0.02157393604082096,-0.018598651493233573,-0.018602430365400213,-0.018602160927316813,-0.01860315377219141,-0.02074610020085399,-0.02074827822785319,-0.020749171332907324,-0.020749118361845786,-0.016880965411984583,-0.016882798545067745,-0.01688278207883398,-0.016883182325042184,0.0,0.0,0.0,0.0,0.0,0.0,0.0,0.0,0.0,0.0,0.0,0.0,0.0,0.0,0.0,0.0,0.0,0.0,0.0,0.0,0.0,0.0,0.0,0.0,0.0,0.0,0.0,0.0,0.0,0.0,0.0,0.0,0.0,0.0,0.0,0.0,0.0,0.0,0.0,0.0,0.0,0.0,0.0,0.0,0.0,0.0,0.0,0.0,0.0,0.0,0.0,0.0,0.0,0.0,0.0,0.0,0.0,0.0,0.0,0.0,0.0,0.0,0.0,0.0,0.0,0.0,0.0,0.0
221_CC_1,4.131312905042428e-05,-1.4484175303586255e-08,6.280305905459471e-05,3.6788215549760584e-05,4.118645175577029e-06,-3.912581370002499e-10,5.557251951060493e-06,3.1731540680799915e-06,1.3924494719486091e-06,-3.4064979725911826e-09,1.909223427354334e-06,1.0631646133771892e-06,0.016765984316860272,-1.1336324101662854e-08,0.025466582042503738,0.014928356253963772,0.025886405256619338,-2.73810185635881e-09,0.03928756381742726,0.023025156575974634,0.02755179136392083,0.02755445197216,0.02755423362000009,0.027554920548825752,0.0840005933985506,0.08400997606755345,0.08400927053668461,0.08401175067104695,0.14040772718834071,0.14020525908161185,0.14021853736489653,0.14016630117022275,-0.06910973874452209,-0.06912106819791264,-0.06912038616778116,-0.06912326521331012,-0.05085223752233681,-0.05086072465711555,-0.05085931015097511,-0.05086234968563864,-0.05325336076034437,-0.05325944076541633,-0.05325946935246417,-0.053260406360482404,-0.04291007425234539,-0.042916505357133206,-0.042909328312612516,-0.04291358876775414,-0.03873616329231633,-0.03873889921155893,-0.038743400483259194,-0.03874187644512008,-0.03586522351614485,-0.035870363777469993,-0.03586230172590188,-0.03586823122738421,-0.02809725721838985,-0.02809908962407137,-0.028101681991635097,-0.028100617546526083,-0.023908443866534013,-0.023915880361996766,-0.023915348456870156,-0.023917310598349485,-0.018894073870734922,-0.01889791311457767,-0.018897637607742546,-0.018898647647835918,-0.02100341231777314,-0.021005752149234502,-0.021006588724527653,-0.021006700010989768,-0.023559323238672825,-0.023561899012308207,-0.02356194946222523,-0.02356244753174528,-0.017054304206001847,-0.017056173001851027,-0.017055682284048412,-0.01705649631858783,-0.022004519994576532,-0.02200814962818526,-0.022008333142492953,-0.022008873886428554,-0.03236944894661986,-0.03237481920511576,-0.03237443911935545,-0.032375859762453045,-0.02685479233117305,-0.026859254109892983,-0.026858932835071236,-0.026860110291526886,0.07721820255174294,0.07722709616432388,0.07722636097284852,0.07722873940792145,0.0,0.0,0.0,0.0,0.0,0.0,0.0,0.0,0.0,0.0,0.0,0.0,0.0,0.0,0.0,0.0,0.0,0.0,0.0,0.0,0.0,0.0,0.0,0.0,0.0,0.0,0.0,0.0,0.0,0.0,0.0,0.0,0.0,0.0,0.0,0.0,0.0,0.0,0.0,0.0,0.0,0.0,0.0,0.0,0.0,0.0,0.0,0.0
223_CT_4,0.0,0.0,0.0,0.0,0.0,0.0,0.0,0.0,0.0,0.0,0.0,0.0,0.0,0.0,0.0,0.0,0.0,0.0,0.0,0.0,0.0,0.0,0.0,0.0,0.0,0.0,0.0,0.0,0.0,0.0,0.0,0.0,0.0,0.0,0.0,0.0,0.0,0.0,0.0,0.0,0.0,0.0,0.0,0.0,0.0,0.0,0.0,0.0,0.0,0.0,0.0,0.0,0.0,0.0,0.0,0.0,0.0,0.0,0.0,0.0,0.0,0.0,0.0,0.0,0.0,0.0,0.0,0.0,0.0,0.0,0.0,0.0,0.0,0.0,0.0,0.0,0.0,0.0,0.0,0.0,0.0,0.0,0.0,0.0,0.0,0.0,0.0,0.0,0.0,0.0,0.0,0.0,0.0,0.0,0.0,0.0,0.0,0.0,0.0,0.0,0.0,0.0,0.0,0.0,0.0,0.0,0.0,0.0,0.0,0.0,0.0,0.0,0.0,0.0,0.0,0.0,0.0,0.0,0.0,0.0,0.0,0.0,0.0,0.0,0.0,0.0,0.0,0.0,0.0,0.0,0.0,0.0,0.0,0.0,0.0,0.0,0.0,0.0,0.0,0.0,0.0,0.0,0.0,0.0
223_CT_5,0.0,0.0,0.0,0.0,0.0,0.0,0.0,0.0,0.0,0.0,0.0,0.0,0.0,0.0,0.0,0.0,0.0,0.0,0.0,0.0,0.0,0.0,0.0,0.0,0.0,0.0,0.0,0.0,0.0,0.0,0.0,0.0,0.0,0.0,0.0,0.0,0.0,0.0,0.0,0.0,0.0,0.0,0.0,0.0,0.0,0.0,0.0,0.0,0.0,0.0,0.0,0.0,0.0,0.0,0.0,0.0,0.0,0.0,0.0,0.0,0.0,0.0,0.0,0.0,0.0,0.0,0.0,0.0,0.0,0.0,0.0,0.0,0.0,0.0,0.0,0.0,0.0,0.0,0.0,0.0,0.0,0.0,0.0,0.0,0.0,0.0,0.0,0.0,0.0,0.0,0.0,0.0,0.0,0.0,0.0,0.0,0.0,0.0,0.0,0.0,0.0,0.0,0.0,0.0,0.0,0.0,0.0,0.0,0.0,0.0,0.0,0.0,0.0,0.0,0.0,0.0,0.0,0.0,0.0,0.0,0.0,0.0,0.0,0.0,0.0,0.0,0.0,0.0,0.0,0.0,0.0,0.0,0.0,0.0,0.0,0.0,0.0,0.0,0.0,0.0,0.0,0.0,0.0,0.0
223_CT_6,0.0,0.0,0.0,0.0,0.0,0.0,0.0,0.0,0.0,0.0,0.0,0.0,0.0,0.0,0.0,0.0,0.0,0.0,0.0,0.0,0.0,0.0,0.0,0.0,0.0,0.0,0.0,0.0,0.0,0.0,0.0,0.0,0.0,0.0,0.0,0.0,0.0,0.0,0.0,0.0,0.0,0.0,0.0,0.0,0.0,0.0,0.0,0.0,0.0,0.0,0.0,0.0,0.0,0.0,0.0,0.0,0.0,0.0,0.0,0.0,0.0,0.0,0.0,0.0,0.0,0.0,0.0,0.0,0.0,0.0,0.0,0.0,0.0,0.0,0.0,0.0,0.0,0.0,0.0,0.0,0.0,0.0,0.0,0.0,0.0,0.0,0.0,0.0,0.0,0.0,0.0,0.0,0.0,0.0,0.0,0.0,0.0,0.0,0.0,0.0,0.0,0.0,0.0,0.0,0.0,0.0,0.0,0.0,0.0,0.0,0.0,0.0,0.0,0.0,0.0,0.0,0.0,0.0,0.0,0.0,0.0,0.0,0.0,0.0,0.0,0.0,0.0,0.0,0.0,0.0,0.0,0.0,0.0,0.0,0.0,0.0,0.0,0.0,0.0,0.0,0.0,0.0,0.0,0.0
223_STEAM_1,-0.0006445012466292507,-7.002002563076879e-08,-0.0009305077233101894,-0.0005384553395162557,-0.05800311460711509,0.002597974008808032,0.22158596818501264,0.19610513473302424,0.01842279096121279,3.337510843057917e-07,0.24792576530315552,0.17709212637480534,-0.011556615437814687,-0.0024922443598984806,-0.03654605507145626,-0.028298628801263978,-0.09723802257360964,-0.018543362060600213,-0.06750998865054564,-0.08204470045439737,-0.08784008652161622,-0.087848223796991,-0.0878476710725429,-0.08785004506305424,-0.06653759409374982,-0.06654498077601445,-0.06654449084034786,-0.06654644557669144,-0.057500067413489946,-0.057508669392404344,-0.057508049995081606,-0.05751032719965322,-0.045123397094110576,-0.04513077438705296,-0.04513033881663303,-0.04513223062388599,-0.040291369387181086,-0.040298143902230354,-0.0402957602489924,-0.04029940089640448,-0.045876149872206964,-0.045881233715585515,-0.045880991531814505,-0.04588215647115599,-0.03696725155212055,-0.036971824014135235,-0.036969554248352576,-0.03697146514364996,-0.031880830683381836,-0.031883539950317744,-0.03188633229719685,-0.0318852156379391,-0.03274461670996947,-0.03274870955523172,-0.03274529905649402,-0.03274819161364543,-0.02713256690308294,-0.027134892113673523,-0.027136417924762804,-0.027135994881630154,-0.02081331616722269,-0.020819785692306785,-0.0208193218866587,-0.0208210352409767,-0.016648215153077395,-0.01665159225963884,-0.016651354925691544,-0.016652245148348798,-0.01890173820547726,-0.018903736685094687,-0.018904256297420957,-0.01890438444884198,-0.018986017294637197,-0.018988089462944488,-0.018987967607642032,-0.01898849653464824,-0.014982626396477674,-0.014983689359751253,-0.01498361361727489,-0.014984053034178699,-0.018742571944832687,-0.01874559717215909,-0.01874594470419414,-0.018746271413983447,-0.02681620241393675,-0.02682065886268081,-0.02682033997445865,-0.026821517228620397,-0.02166795050405758,-0.021671549888233405,-0.021671288513821496,-0.021672240131729314,-0.03472395056469868,-0.034727939149861664,-0.03472767743298477,-0.03472872835607568,0.0,0.0,0.0,0.0,0.0,0.0,0.0,0.0,0.0,0.0,0.0,0.0,0.0,0.0,0.0,0.0,0.0,0.0,0.0,0.0,0.0,0.0,0.0,0.0,0.0,0.0,0.0,0.0,0.0,0.0,0.0,0.0,0.0,0.0,0.0,0.0,0.0,0.0,0.0,0.0,0.0,0.0,0.0,0.0,0.0,0.0,0.0,0.0
223_STEAM_2,-0.0006597443052018118,-9.267566684307774e-08,-0.0009526731987709841,-0.0005511572932413782,-0.05645308997403571,-0.002601562075306615,0.27039834658916606,0.18849242686835654,0.018420607829941045,1.7236069605099796e-06,0.2478865973401136,0.1770733042303605,-0.0159736015340484,0.0024870274284691835,-0.04946041557904567,-0.029285544959687125,-0.09633345113246117,0.018543532210944583,-0.22627168922306412,-0.09013165853891332,-0.08830243011792994,-0.08831094421175309,-0.08830992291341075,-0.0883124778382333,-0.06708255613118963,-0.06709001890865252,-0.06708951152850595,-0.0670914760150776,-0.057172162943612555,-0.05718071815268061,-0.057180104401575754,-0.0571823651861603,-0.046999232889569684,-0.04700689885816786,-0.047006512801649525,-0.047008436240132304,-0.04135417195360436,-0.04136111508946588,-0.041359026239095036,-0.04136241012921595,-0.04735342878735081,-0.04735865708744123,-0.04735836959330071,-0.04735961902033033,-0.03655553901807923,-0.036560101659153355,-0.03655770645118617,-0.03655966405154608,-0.03082660734743119,-0.03082920740302668,-0.030832002789425876,-0.030830858754754754,-0.03304764238329078,-0.033051815503700024,-0.03304813970473976,-0.033051197955937445,-0.02438863040896591,-0.02439074358062883,-0.024391994212889886,-0.024391719072676937,-0.01959982653323768,-0.019605927399681606,-0.01960548921876614,-0.019607095015265023,-0.01668081919645173,-0.01668420311126913,-0.01668396515825281,-0.016684857091593595,-0.01959730597689234,-0.019599317808238002,-0.019600207610708825,-0.019600087828848135,-0.02056327363008406,-0.020565516238100892,-0.020565400233577846,-0.02056596273926981,-0.015019595938166772,-0.015020653536792048,-0.015020646555800113,-0.015021020163606858,-0.018745020354090102,-0.01874804608203521,-0.018748393024713726,-0.018748720351874998,-0.027535646268926163,-0.027540231080770975,-0.027539897654583978,-0.02754110507078878,-0.019734352367024352,-0.01973763059417775,-0.01973739242040584,-0.019738261781925153,-0.035022047504665865,-0.03502606389927998,-0.03502580421074453,-0.035026859281904216,0.0,0.0,0.0,0.0,0.0,0.0,0.0,0.0,0.0,0.0,0.0,0.0,0.0,0.0,0.0,0.0,0.0,0.0,0.0,0.0,0.0,0.0,0.0,0.0,0.0,0.0,0.0,0.0,0.0,0.0,0.0,0.0,0.0,0.0,0.0,0.0,0.0,0.0,0.0,0.0,0.0,0.0,0.0,0.0,0.0,0.0,0.0,0.0
223_STEAM_3,0.30983887701746204,-8.493782359564328e-06,0.4738806768668322,0.27822064528451174,0.23149901720155652,7.387144804749113e-07,0.31912956393998826,0.18236622818334255,0.06317974230934409,-9.903752891116113e-07,0.08689941072437435,0.04962218502626715,0.023110885147565985,-1.36431398845005e-07,0.03510582494572212,0.02057767909425113,0.0372917770327893,2.40180944022228e-08,0.0565971213625458,0.0331698953242454,0.03259486228689357,0.03237049863035457,0.03229854725669412,0.032275406069577774,-0.1580253587672802,-0.1580428679088206,-0.15804178134013291,-0.15804638808664803,-0.09433634179990935,-0.09435047387260398,-0.0943494466114716,-0.09435317557346735,-0.06711016043311879,-0.06712115467287627,-0.0671204513426602,-0.06712329817028839,-0.06243965196499068,-0.06245021392223893,-0.062444807368956745,-0.06245215061746752,-0.05930323774956747,-0.05931010044908103,-0.05931008596214671,-0.05931108781658072,-0.04172689065748392,-0.04173223280421201,-0.04172898986010498,-0.04173142815858258,-0.040367833043706836,-0.040371267820211276,-0.04037467288480734,-0.040373396426018456,-0.03730472250701211,-0.037309611036692836,-0.03730425773304891,-0.03730850983978029,-0.033743422634740394,-0.03374624795237713,-0.03374838028843996,-0.03374765805513633,-0.025424693533159903,-0.02543260185986529,-0.025432036745335562,-0.025434122456966794,-0.021793469782678324,-0.021797898471334287,-0.021797581415821998,-0.02179874550849844,-0.020937530052674402,-0.020939734544630606,-0.020940439917730203,-0.020940500623518012,-0.027135912541641716,-0.027138869658346554,-0.02713875114712838,-0.027139462886215875,-0.018625819769033658,-0.01862774202034212,-0.01862569253859281,-0.018628008495183358,-0.02312521097105774,-0.023129027583949413,-0.023128949868216342,-0.023129796112312598,-0.035994492652773435,-0.03600048338928857,-0.036000047717517525,-0.03600162897774934,-0.02767292571510227,-0.027677533070546878,-0.027677208184718527,-0.027678415812834846,-0.06733737515652094,-0.06734504377590045,-0.0673447106489542,-0.06734664411762187,0.0,0.0,0.0,0.0,0.0,0.0,0.0,0.0,0.0,0.0,0.0,0.0,0.0,0.0,0.0,0.0,0.0,0.0,0.0,0.0,0.0,0.0,0.0,0.0,0.0,0.0,0.0,0.0,0.0,0.0,0.0,0.0,0.0,0.0,0.0,0.0,0.0,0.0,0.0,0.0,0.0,0.0,0.0,0.0,0.0,0.0,0.0,0.0
301_CT_1,0.0,0.0,0.0,0.0,0.0,0.0,0.0,0.0,0.0,0.0,0.0,0.0,0.0,0.0,0.0,0.0,0.0,0.0,0.0,0.0,0.0,0.0,0.0,0.0,0.0,0.0,0.0,0.0,0.0,0.0,0.0,0.0,0.0,0.0,0.0,0.0,0.0,0.0,0.0,0.0,0.0,0.0,0.0,0.0,0.0,0.0,0.0,0.0,0.0,0.0,0.0,0.0,0.0,0.0,0.0,0.0,0.0,0.0,0.0,0.0,1.0205950667918628e-12,1.0205742501101511e-12,2.0410114570657e-12,0.0,0.0,0.0,0.0,0.0,0.0,0.0,0.0,0.0,0.0,0.0,0.0,0.0,0.0,0.0,0.0,0.0,0.0,0.0,0.0,0.0,0.0,0.0,0.0,0.0,0.0,0.0,0.0,0.0,0.0,0.0,0.0,0.0,0.0,0.0,0.0,0.0,0.0,0.0,0.0,0.0,0.0,0.0,0.0,0.0,0.0,0.0,0.0,0.0,0.0,0.0,0.0,0.0,0.0,0.0,0.0,0.0,0.0,0.0,0.0,0.0,0.0,0.0,0.0,0.0,0.0,0.0,0.0,0.0,0.0,0.0,0.0,0.0,0.0,0.0,0.0,0.0,0.0,0.0,0.0,0.0
301_CT_2,0.0,0.0,0.0,0.0,0.0,0.0,0.0,0.0,0.0,0.0,0.0,0.0,0.0,0.0,0.0,0.0,0.0,0.0,0.0,0.0,0.0,0.0,0.0,0.0,0.0,0.0,0.0,0.0,0.0,0.0,0.0,0.0,0.0,0.0,0.0,0.0,0.0,0.0,0.0,0.0,0.0,0.0,0.0,0.0,0.0,0.0,0.0,0.0,0.0,0.0,0.0,0.0,0.0,0.0,0.0,0.0,0.0,0.0,0.0,0.0,0.0065867350312397415,0.006611709824759058,0.006590021222878129,0.006580623431243992,0.0,0.0,0.0,0.0,0.0,0.0,0.0,0.0,0.0,0.0,0.0,0.0,0.0,0.0,0.0,0.0,0.0,0.0,0.0,0.0,0.0,0.0,0.0,0.0,0.0,0.0,0.0,0.0,0.0,0.0,0.0,0.0,0.0,0.0,0.0,0.0,0.0,0.0,0.0,0.0,0.0,0.0,0.0,0.0,0.0,0.0,0.0,0.0,0.0,0.0,0.0,0.0,0.0,0.0,0.0,0.0,0.0,0.0,0.0,0.0,0.0,0.0,0.0,0.0,0.0,0.0,0.0,0.0,0.0,0.0,0.0,0.0,0.0,0.0,0.0,0.0,0.0,0.0,0.0,0.0
301_CT_3,0.0,0.0,0.0,0.0,0.0,0.0,0.0,0.0,0.0,0.0,0.0,0.0,0.0,0.0,0.0,0.0,0.0,0.0,0.0,0.0,0.0,0.0,0.0,0.0,0.0,0.0,0.0,0.0,0.0,0.0,0.0,0.0,0.0,0.0,0.0,0.0,0.0,0.0,0.0,0.0,0.0,0.0,0.0,0.0,0.0,0.0,0.0,0.0,0.0,0.0,0.0,0.0,0.0,0.0,0.0,0.0,0.0,0.0,0.0,0.0,0.0,0.0,0.0,0.0,0.0,0.0,0.0,0.0,0.0,0.0,0.0,0.0,0.0,0.0,0.0,0.0,0.0,0.0,0.0,0.0,0.0,0.0,0.0,0.0,0.0,0.0,0.0,0.0,0.0,0.0,0.0,0.0,0.0,0.0,0.0,0.0,0.0,0.0,0.0,0.0,0.0,0.0,0.0,0.0,0.0,0.0,0.0,0.0,0.0,0.0,0.0,0.0,0.0,0.0,0.0,0.0,0.0,0.0,0.0,0.0,0.0,0.0,0.0,0.0,0.0,0.0,0.0,0.0,0.0,0.0,0.0,0.0,0.0,0.0,0.0,0.0,0.0,0.0,0.0,0.0,0.0,0.0,0.0,0.0
301_CT_4,0.0,0.0,0.0,0.0,0.0,0.0,0.0,0.0,0.0,0.0,0.0,0.0,0.0,0.0,0.0,0.0,0.0,0.0,0.0,0.0,0.0,0.0,0.0,0.0,0.0,0.0,0.0,0.0,0.0,0.0,0.0,0.0,0.0,0.0,0.0,0.0,0.0,0.0,0.0,0.0,0.0,0.0,0.0,0.0,0.0,0.0,0.0,0.0,0.0,0.0,0.0,0.0,0.0,0.0,0.0,0.0,0.0,0.0,0.0,0.0,0.0,0.0,0.0,0.0,0.0,0.0,0.0,0.0,0.0,0.0,0.0,0.0,0.0,0.0,0.0,0.0,0.0,0.0,0.0,0.0,0.0,0.0,0.0,0.0,0.0,0.0,0.0,0.0,0.0,0.0,0.0,0.0,0.0,0.0,0.0,0.0,0.0,0.0,0.0,0.0,0.0,0.0,0.0,0.0,0.0,0.0,0.0,0.0,0.0,0.0,0.0,0.0,0.0,0.0,0.0,0.0,0.0,0.0,0.0,0.0,0.0,0.0,0.0,0.0,0.0,0.0,0.0,0.0,0.0,0.0,0.0,0.0,0.0,0.0,0.0,0.0,0.0,0.0,0.0,0.0,0.0,0.0,0.0,0.0
302_CT_1,0.0,0.0,0.0,0.0,0.0,0.0,0.0,0.0,0.0,0.0,0.0,0.0,0.0,0.0,0.0,0.0,0.0,0.0,0.0,0.0,0.0,0.0,0.0,0.0,0.0,0.0,0.0,0.0,0.0,0.0,0.0,0.0,0.0,0.0,0.0,0.0,0.0,0.0,0.0,0.0,0.0,0.0,0.0,0.0,0.0,0.0,0.0,0.0,0.0,0.0,0.0,0.0,0.0,0.0,0.0,0.0,0.0,0.0,0.0,0.0,0.00659094363467555,0.006618568942018982,0.0066282441555543525,0.006615382664262046,3.1229422111402644e-13,1.0222690749461805e-12,2.0427114860721574e-12,0.0,0.0,0.0,0.0,0.0,0.0,0.0,0.0,0.0,0.0,0.0,0.0,0.0,0.0,0.0,0.0,0.0,0.0,0.0,0.0,0.0,0.0,0.0,0.0,0.0,0.0,0.0,0.0,0.0,0.0,0.0,0.0,0.0,0.0,0.0,0.0,0.0,0.0,0.0,0.0,0.0,0.0,0.0,0.0,0.0,0.0,0.0,0.0,0.0,0.0,0.0,0.0,0.0,0.0,0.0,0.0,0.0,0.0,0.0,0.0,0.0,0.0,0.0,0.0,0.0,0.0,0.0,0.0,0.0,0.0,0.0,0.0,0.0,0.0,0.0,0.0,0.0
302_CT_2,0.0,0.0,0.0,0.0,0.0,0.0,0.0,0.0,0.0,0.0,0.0,0.0,0.0,0.0,0.0,0.0,0.0,0.0,0.0,0.0,0.0,0.0,0.0,0.0,0.0,0.0,0.0,0.0,0.0,0.0,0.0,0.0,0.0,0.0,0.0,0.0,0.0,0.0,0.0,0.0,0.0,0.0,0.0,0.0,0.0,0.0,0.0,0.0,0.0,0.0,0.0,0.0,0.0,0.0,0.0,0.0,0.0,0.0,0.0,0.0,0.0,0.0,0.0,0.0,0.006097376240023689,0.00609872514876553,0.006099255453869983,0.006098722945930149,0.0,0.0,0.0,0.0,0.0,0.0,0.0,0.0,0.0,0.0,0.0,0.0,0.0,0.0,0.0,0.0,0.0,0.0,0.0,0.0,0.0,0.0,0.0,0.0,0.0,0.0,0.0,0.0,0.0,0.0,0.0,0.0,0.0,0.0,0.0,0.0,0.0,0.0,0.0,0.0,0.0,0.0,0.0,0.0,0.0,0.0,0.0,0.0,0.0,0.0,0.0,0.0,0.0,0.0,0.0,0.0,0.0,0.0,0.0,0.0,0.0,0.0,0.0,0.0,0.0,0.0,0.0,0.0,0.0,0.0,0.0,0.0,0.0,0.0,0.0,0.0
302_CT_3,0.0,0.0,0.0,0.0,0.0,0.0,0.0,0.0,0.0,0.0,0.0,0.0,0.0,0.0,0.0,0.0,0.0,0.0,0.0,0.0,0.0,0.0,0.0,0.0,0.0,0.0,0.0,0.0,0.0,0.0,0.0,0.0,0.0,0.0,0.0,0.0,0.0,0.0,0.0,0.0,0.0,0.0,0.0,0.0,0.0,0.0,0.0,0.0,0.0,0.0,0.0,0.0,0.0,0.0,0.0,0.0,0.0,0.0,0.0,0.0,0.0,0.0,0.0,0.0,0.0,0.0,0.0,0.0,0.0,0.0,0.0,0.0,0.0,0.0,0.0,0.0,0.0,0.0,0.0,0.0,0.0,0.0,0.0,0.0,0.0,0.0,0.0,0.0,0.0,0.0,0.0,0.0,0.0,0.0,0.0,0.0,0.0,0.0,0.0,0.0,0.0,0.0,0.0,0.0,0.0,0.0,0.0,0.0,0.0,0.0,0.0,0.0,0.0,0.0,0.0,0.0,0.0,0.0,0.0,0.0,0.0,0.0,0.0,0.0,0.0,0.0,0.0,0.0,0.0,0.0,0.0,0.0,0.0,0.0,0.0,0.0,0.0,0.0,0.0,0.0,0.0,0.0,0.0,0.0
302_CT_4,0.0,0.0,0.0,0.0,0.0,0.0,0.0,0.0,0.0,0.0,0.0,0.0,0.0,0.0,0.0,0.0,0.0,0.0,0.0,0.0,0.0,0.0,0.0,0.0,0.0,0.0,0.0,0.0,0.0,0.0,0.0,0.0,0.0,0.0,0.0,0.0,0.0,0.0,0.0,0.0,0.0,0.0,0.0,0.0,0.0,0.0,0.0,0.0,0.0,0.0,0.0,0.0,0.0,0.0,0.0,0.0,0.0,0.0,0.0,0.0,0.0,0.0,0.0,0.0,0.0,0.0,0.0,0.0,0.0,0.0,0.0,0.0,0.0,0.0,0.0,0.0,0.0,0.0,0.0,0.0,0.0,0.0,0.0,0.0,0.0,0.0,0.0,0.0,0.0,0.0,0.0,0.0,0.0,0.0,0.0,0.0,0.0,0.0,0.0,0.0,0.0,0.0,0.0,0.0,0.0,0.0,0.0,0.0,0.0,0.0,0.0,0.0,0.0,0.0,0.0,0.0,0.0,0.0,0.0,0.0,0.0,0.0,0.0,0.0,0.0,0.0,0.0,0.0,0.0,0.0,0.0,0.0,0.0,0.0,0.0,0.0,0.0,0.0,0.0,0.0,0.0,0.0,0.0,0.0
303_WIND_1,0.044794255292186946,3.368551517723972e-07,0.5773403854200723,-0.07676798634345963,0.1004075746467894,4.2668557753700043e-07,0.5297279296203214,-0.12379082348081907,0.09572848882414409,-2.437674702093773e-07,0.5515245903294499,-0.10683805100008788,-0.3953915113699793,5.204137547565324e-07,-0.08093225359551326,-0.4611238793818665,-0.5514799750619943,9.812197276914958e-09,-0.31928592540104717,-0.6010555170606292,-0.82713909111177,0.1727824980390844,-0.8272122809030904,-0.8272328815177634,-0.540302319138172,0.4596374230240876,-0.5403582956240598,-0.5403741382473187,-0.4891890219949344,0.510737777955713,-0.4892570176026183,-0.4892763115917612,-0.4659426457875848,0.5339809258523784,-0.46601389999391074,-0.4660338469878267,-0.14439785161437868,0.8555780025111384,-0.14441702758906771,-0.14442655591355658,-0.038882329162505336,0.9611133020446667,-0.03888653655803154,-0.038887433144534474,-0.03184795053685474,0.9681485669512613,-0.03185121378548672,-0.03185210876938082,-0.06404791006465782,0.93594517972255,-0.06405475553816231,-0.06405628119543312,-0.06499694690077185,0.9349959343549141,-0.06500350440188996,-0.06500540805931028,-0.14519777949730828,0.8547873845895717,-0.14521444827404295,-0.14521665398059036,-0.29562278024594857,0.70428530413955,-0.295708137092598,-0.29573241301102365,-0.4213801750144051,0.5785343075541736,-0.4214596294592585,-0.42148217312085295,-0.3316926003221079,0.6682717698863994,-0.33172982442999555,-0.33173658742118295,-0.299637400607522,0.7003300501088865,-0.2996697072104588,-0.2996767628941256,-0.3081620104806748,0.6918047731575592,-0.308176264960732,-0.3082006005187566,-0.3919907462209622,0.6079443291339077,-0.392052870889243,-0.3920684745556175,-0.5007220908499326,0.49919468083168983,-0.500799384998702,-0.5008213649235576,-0.4350665409068579,0.5648610927867437,-0.43513372012116847,-0.4351527880097204,-0.5361160368920856,0.4638227258524106,-0.5361729358718215,-0.5361890252587569,0.0,0.0,0.0,0.0,0.0,0.0,0.0,0.0,0.0,0.0,0.0,0.0,0.0,0.0,0.0,0.0,0.0,0.0,0.0,0.0,0.0,0.0,0.0,0.0,0.0,0.0,0.0,0.0,0.0,0.0,0.0,0.0,0.0,0.0,0.0,0.0,0.0,0.0,0.0,0.0,0.0,0.0,0.0,0.0,0.0,0.0,0.0,0.0
307_CT_1,0.0,0.0,0.0,0.0,0.0,0.0,0.0,0.0,0.0,0.0,0.0,0.0,0.0,0.0,0.0,0.0,0.0,0.0,0.0,0.0,0.0,0.0,0.0,0.0,0.0,0.0,0.0,0.0,0.0,0.0,0.0,0.0,0.0,0.0,0.0,0.0,0.0,0.0,0.0,0.0,0.0,0.0,0.0,0.0,0.0,0.0,0.0,0.0,0.0,0.0,0.0,0.0,0.0,0.0,0.0,0.0,0.0,0.0,0.0,0.0,0.0,0.0,0.0,0.0,0.0,0.0,0.0,0.0,0.0,0.0,0.0,0.0,0.0,0.0,0.0,0.0,0.0,0.0,0.0,0.0,0.0,0.0,0.0,0.0,0.0,0.0,0.0,0.0,0.0,0.0,0.0,0.0,0.0,0.0,0.0,0.0,0.0,0.0,0.0,0.0,0.0,0.0,0.0,0.0,0.0,0.0,0.0,0.0,0.0,0.0,0.0,0.0,0.0,0.0,0.0,0.0,0.0,0.0,0.0,0.0,0.0,0.0,0.0,0.0,0.0,0.0,0.0,0.0,0.0,0.0,0.0,0.0,0.0,0.0,0.0,0.0,0.0,0.0,0.0,0.0,0.0,0.0,0.0,0.0
307_CT_2,0.0,0.0,0.0,0.0,0.0,0.0,0.0,0.0,0.0,0.0,0.0,0.0,0.0,0.0,0.0,0.0,0.0,0.0,0.0,0.0,0.0,0.0,0.0,0.0,0.0,0.0,0.0,0.0,0.0,0.0,0.0,0.0,0.0,0.0,0.0,0.0,0.0,0.0,0.0,0.0,0.0,0.0,0.0,0.0,0.0,0.0,0.0,0.0,0.0,0.0,0.0,0.0,0.0,0.0,0.0,0.0,0.0,0.0,0.0,0.0,0.0,0.0,0.0,0.0,0.0,0.0,0.0,0.0,0.0,0.0,0.0,0.0,0.0,0.0,0.0,0.0,0.0,0.0,0.0,0.0,0.0,0.0,0.0,0.0,0.0,0.0,0.0,0.0,0.0,0.0,0.0,0.0,0.0,0.0,0.0,0.0,0.0,0.0,0.0,0.0,0.0,0.0,0.0,0.0,0.0,0.0,0.0,0.0,0.0,0.0,0.0,0.0,0.0,0.0,0.0,0.0,0.0,0.0,0.0,0.0,0.0,0.0,0.0,0.0,0.0,0.0,0.0,0.0,0.0,0.0,0.0,0.0,0.0,0.0,0.0,0.0,0.0,0.0,0.0,0.0,0.0,0.0,0.0,0.0
309_WIND_1,-4.6701668905857474e-05,1.8694805037355877e-08,0.9999289761228702,-4.156295008290225e-05,-3.0923703320251406e-06,-4.428941657863561e-10,0.9999956345158054,-2.5176653707410403e-06,-8.302412091154565e-07,-2.3066970555873922e-10,0.9999988110919542,-6.869253980348707e-07,-0.11055859499776954,-1.784992109676864e-08,0.8320692984805884,-0.09844088437856903,-0.06349399242432607,-9.002347756137397e-10,0.9036358101789905,-0.05647591109456828,-0.0100094776877655,-0.010010458168838055,0.9899896400275647,-0.010010617377158304,-0.04811606166855131,-0.04812137739479461,0.9518789694525593,-0.048122469761881434,-0.050239458199407394,-0.05024699325815085,0.9497535596583502,-0.0502484248759479,-0.030949975022441123,-0.030955008493064318,0.9690451785198926,-0.030956038962258223,-0.022749602093712018,-0.02275339847898472,0.977247183991196,-0.02275411957847895,-0.03229245239655967,-0.03229605583700401,0.9677041119931156,-0.032296684133460145,-0.02224975636377574,-0.02225234172747459,0.9777483783538363,-0.022252484979500577,-0.01558994672516062,-0.015591591672027283,0.984408266175302,-0.015591994753336067,-0.019152534593328385,-0.019154821811938616,0.980846501394883,-0.019154774805542493,-0.012514392501556948,-0.01251575003168981,0.9874843078802948,-0.012516030332473777,-0.010634765705881899,-0.01063807586153137,0.9893621624682906,-0.010638709811590078,-0.009578376281324547,-0.009580321360218913,0.9904198189027533,-0.009580694557191646,-0.015555803430953974,-0.015557513974852277,0.98444268125581,-0.015557814354583397,-0.029377873694232615,-0.029381064909476784,0.970618953770467,-0.029381732972491532,-0.02598663774690957,-0.02598946686786241,0.9740118316320738,-0.025989925585018506,-0.025877056283597155,-0.025881378835448665,0.9741190445719329,-0.025882188391821603,-0.02500807463366561,-0.025012226053596764,0.9749880673296509,-0.025013031991668835,-0.022751934104426885,-0.022755718607190056,0.977244556330136,-0.02275644340263587,-0.026062184997306392,-0.026065156383353272,0.973935053327299,-0.026065726027791388,0.0,0.0,0.0,0.0,0.0,0.0,0.0,0.0,0.0,0.0,0.0,0.0,0.0,0.0,0.0,0.0,0.0,0.0,0.0,0.0,0.0,0.0,0.0,0.0,0.0,0.0,0.0,0.0,0.0,0.0,0.0,0.0,0.0,0.0,0.0,0.0,0.0,0.0,0.0,0.0,0.0,0.0,0.0,0.0,0.0,0.0,0.0,0.0
313_CC_1,-0.2740238567651003,-3.859947161899413e-07,-0.4166760734761086,-0.24431799366828733,-0.07630665059553554,1.353905628498353e-06,-0.6076215353171452,-0.42730120161312873,-0.10430997283264365,-8.87818155881348e-07,-0.5618829268976056,-0.38774177140648025,-0.2247037472597564,3.176231052837153e-06,-0.3413524954732381,-0.20007030185704033,-0.21461511622769758,1.2335104715432976e-08,-0.3257205703200481,-0.1908935967388282,-0.18240663696279036,-0.1824545149175989,-0.18241313614799015,-0.1824326255096295,-0.13062985248570258,-0.13064424157214027,-0.13064337853973385,-0.13064725562471105,-0.08940863741059657,-0.0894220131071628,-0.08942105965643421,-0.08942458850519411,-0.06898620630309849,-0.0689975069482085,-0.06899678844723844,-0.06899971146573118,-0.0550712767149385,-0.05508050377929141,-0.05507825227845853,-0.05508223369612207,-0.059861769351313265,-0.059868527989131115,-0.05986829291340534,-0.059869640130816484,-0.04354175832246843,-0.043547379847297174,-0.04354387790581704,-0.04354644411102446,-0.029406090636523552,-0.029408591592166022,-0.029411111707200455,-0.029410141759216538,-0.03352749279157863,-0.03353181359318613,-0.03352754113103362,-0.033531032447567694,-0.02723870301662401,-0.027241059398937173,-0.027242560244696623,-0.027242126338535833,-0.021447746809011514,-0.021454422386786187,-0.02145394312665605,-0.021455700354836568,-0.01826908254351601,-0.018272795588580415,-0.018272528916619457,-0.018273505403707816,-0.027651132779555443,-0.02765411744267854,-0.027654502254002455,-0.027654972258299118,-0.044204634475459414,-0.0442094041707457,-0.04420971990909539,-0.04421048674626938,-0.038681883794481786,-0.03868588543694662,-0.03868053935903193,-0.03868640528506607,-0.040217881462480565,-0.04022447829756953,-0.04022461868087701,-0.04022585631184186,-0.04945438656025258,-0.049462479918386704,-0.04946198706214622,-0.04946418992193403,-0.03785139449331587,-0.03785765981372302,-0.037857206635492524,-0.037858861986211786,-0.07861579152112474,-0.07862493807100385,-0.07862444926796419,-0.07862680576010525,0.0,0.0,0.0,0.0,0.0,0.0,0.0,0.0,0.0,0.0,0.0,0.0,0.0,0.0,0.0,0.0,0.0,0.0,0.0,0.0,0.0,0.0,0.0,0.0,0.0,0.0,0.0,0.0,0.0,0.0,0.0,0.0,0.0,0.0,0.0,0.0,0.0,0.0,0.0,0.0,0.0,0.0,0.0,0.0,0.0,0.0,0.0,0.0
315_CT_6,0.0,0.0,0.0,0.0,0.0,0.0,0.0,0.0,0.0,0.0,0.0,0.0,0.0,0.0,0.0,0.0,0.0,0.0,0.0,0.0,0.0,0.0,0.0,0.0,0.0,0.0,0.0,0.0,0.0,0.0,0.0,0.0,0.0,0.0,0.0,0.0,0.0,0.0,0.0,0.0,0.0,0.0,0.0,0.0,0.0,0.0,0.0,0.0,-0.017539967615599963,-0.017541467739444087,-0.017542193625130428,-0.017542781782382666,-0.02103117004508192,-0.021033835814313846,-0.021029653374665783,-0.021033637875407418,-0.019380007015529006,-0.019380785037479843,-0.019384131967625697,-0.019381802343580303,-0.013353068708853234,-0.013357216480656086,-0.01335692319031026,-0.013358020615367242,-0.013053603670255536,-0.013056255234616225,-0.013056065207161283,-0.013056763530556896,-0.014422415130715575,-0.014424203894869949,-0.014425930205521336,-0.014425641395680281,-0.014838197980248082,-0.014839779369520353,-0.014840320555726448,-0.014840250346830728,1.0207789474803164e-12,5.105273842564984e-13,4.082185978138142e-12,0.0,0.0,0.0,0.0,0.0,0.0,0.0,0.0,0.0,0.0,0.0,0.0,0.0,0.0,0.0,0.0,0.0,0.0,0.0,0.0,0.0,0.0,0.0,0.0,0.0,0.0,0.0,0.0,0.0,0.0,0.0,0.0,0.0,0.0,0.0,0.0,0.0,0.0,0.0,0.0,0.0,0.0,0.0,0.0,0.0,0.0,0.0,0.0,0.0,0.0,0.0,0.0,0.0,0.0,0.0,0.0,0.0,0.0,0.0,0.0,0.0,0.0,0.0,0.0,0.0
315_CT_7,0.0,0.0,0.0,0.0,0.0,0.0,0.0,0.0,0.0,0.0,0.0,0.0,0.0,0.0,0.0,0.0,0.0,0.0,0.0,0.0,0.0,0.0,0.0,0.0,0.0,0.0,0.0,0.0,0.0,0.0,0.0,0.0,0.0,0.0,0.0,0.0,0.0,0.0,0.0,0.0,0.0,0.0,0.0,0.0,0.0,0.0,0.0,0.0,-0.019623113066315243,-0.0196247275873358,-0.01962694680285382,-0.019626472491296787,-0.02103117004200792,-0.02103383581225951,-0.021029653378734147,-0.021033637871314157,-0.019571214724834682,-0.01957149814472647,-0.019578332921708148,-0.019572264243510717,-0.013157849066869955,-0.013161932428956026,-0.01316164415736503,-0.013162729626377536,-0.013053603492912156,-0.013056255056886568,-0.013056065036577292,-0.013056763351800829,-0.014168132496544725,-0.014169894315344619,-0.014172549225815803,-0.014171444830078395,-0.015002131548560727,-0.015003752177848882,-0.01500425100417277,-0.015004192552787548,0.0,0.0,0.0,0.0,0.0,0.0,0.0,0.0,0.0,0.0,0.0,0.0,0.0,0.0,0.0,0.0,0.0,0.0,0.0,0.0,0.0,0.0,0.0,0.0,0.0,0.0,0.0,0.0,0.0,0.0,0.0,0.0,0.0,0.0,0.0,0.0,0.0,0.0,0.0,0.0,0.0,0.0,0.0,0.0,0.0,0.0,0.0,0.0,0.0,0.0,0.0,0.0,0.0,0.0,0.0,0.0,0.0,0.0,0.0,0.0,0.0,0.0,0.0,0.0,0.0,0.0,0.0,0.0
315_CT_8,0.0,0.0,0.0,0.0,0.0,0.0,0.0,0.0,0.0,0.0,0.0,0.0,0.0,0.0,0.0,0.0,0.0,0.0,0.0,0.0,0.0,0.0,0.0,0.0,0.0,0.0,0.0,0.0,0.0,0.0,0.0,0.0,0.0,0.0,0.0,0.0,0.0,0.0,0.0,0.0,0.0,0.0,0.0,0.0,0.0,0.0,0.0,0.0,-0.019623113067117004,-0.01962472758813761,-0.019626946803655728,-0.019626472492098673,-0.021766376125881254,-0.021769115070080024,-0.02176599462255628,-0.021768512055077006,-0.019571214727301313,-0.019571498147193188,-0.01957833292417567,-0.019572264245977487,-0.013569297011641985,-0.013573512618998518,-0.013573209748428496,-0.01357432972244923,-0.012745658031296774,-0.012748246019730689,-0.012748062393374247,-0.012748743060106463,-0.014168132496077533,-0.014169894314877373,-0.014172549225348444,-0.014171444829611099,-0.014985009570500274,-0.01498661100925092,-0.014987143697145771,-0.01498707929933294,-0.012974089765861159,-0.012975590212463353,-0.012975572281904275,-0.012975811392765406,0.0,0.0,0.0,0.0,0.0,0.0,0.0,0.0,0.0,0.0,0.0,0.0,0.0,0.0,0.0,0.0,0.0,0.0,0.0,0.0,0.0,0.0,0.0,0.0,0.0,0.0,0.0,0.0,0.0,0.0,0.0,0.0,0.0,0.0,0.0,0.0,0.0,0.0,0.0,0.0,0.0,0.0,0.0,0.0,0.0,0.0,0.0,0.0,0.0,0.0,0.0,0.0,0.0,0.0,0.0,0.0,0.0,0.0,0.0,0.0,0.0,0.0,0.0,0.0
315_STEAM_1,0.0,0.0,0.0,0.0,0.0,0.0,0.0,0.0,0.0,0.0,0.0,0.0,0.0,0.0,0.0,0.0,0.0,0.0,0.0,0.0,0.0,0.0,0.0,0.0,0.0,0.0,0.0,0.0,0.0,0.0,0.0,0.0,0.0,0.0,0.0,0.0,0.0,0.0,0.0,0.0,0.0,0.0,0.0,0.0,0.0,0.0,0.0,0.0,0.0,0.0,0.0,0.0,0.0,0.0,0.0,0.0,1.0209975226382895e-12,1.0210053288939314e-12,2.0414399337642664e-12,0.0,1.0203357256322043e-12,1.0203244499296105e-12,2.0407703305025393e-12,0.0,1.3704446018475434e-12,1.0204554215520467e-12,4.08182472197427e-12,0.0,1.019461425000312e-12,1.019457521872491e-12,4.08083723063557e-12,0.0,0.0,0.0,0.0,0.0,0.0,0.0,0.0,0.0,0.0,0.0,0.0,0.0,0.0,0.0,0.0,0.0,0.0,0.0,0.0,0.0,0.0,0.0,0.0,0.0,0.0,0.0,0.0,0.0,0.0,0.0,0.0,0.0,0.0,0.0,0.0,0.0,0.0,0.0,0.0,0.0,0.0,0.0,0.0,0.0,0.0,0.0,0.0,0.0,0.0,0.0,0.0,0.0,0.0,0.0,0.0,0.0,0.0,0.0,0.0,0.0,0.0,0.0,0.0,0.0,0.0,0.0,0.0,0.0,0.0,0.0,0.0,0.0
315_STEAM_2,0.0,0.0,0.0,0.0,0.0,0.0,0.0,0.0,0.0,0.0,0.0,0.0,0.0,0.0,0.0,0.0,0.0,0.0,0.0,0.0,0.0,0.0,0.0,0.0,0.0,0.0,0.0,0.0,0.0,0.0,0.0,0.0,0.0,0.0,0.0,0.0,0.0,0.0,0.0,0.0,0.0,0.0,0.0,0.0,0.0,0.0,0.0,0.0,0.0,0.0,0.0,0.0,0.0,0.0,0.0,0.0,0.0061067865966577175,0.006107468573618016,0.00610739088804425,0.0061075912120373685,-0.00368882551405953,-0.0036899773610746655,-0.0036898900536172508,-0.0036901936172134358,-0.002295927877035912,-0.0023390622739573224,-0.002336545396677221,-0.0023470260766413546,0.003872673030112809,0.0038731019139232894,0.003873023692030737,0.0038731640601242694,0.0,0.0,0.0,0.0,0.0,0.0,0.0,0.0,0.0,0.0,0.0,0.0,0.0,0.0,0.0,0.0,0.0,0.0,0.0,0.0,0.0,0.0,0.0,0.0,0.0,0.0,0.0,0.0,0.0,0.0,0.0,0.0,0.0,0.0,0.0,0.0,0.0,0.0,0.0,0.0,0.0,0.0,0.0,0.0,0.0,0.0,0.0,0.0,0.0,0.0,0.0,0.0,0.0,0.0,0.0,0.0,0.0,0.0,0.0,0.0,0.0,0.0,0.0,0.0,0.0,0.0,0.0,0.0,0.0,0.0,0.0,0.0
315_STEAM_3,0.0,0.0,0.0,0.0,0.0,0.0,0.0,0.0,0.0,0.0,0.0,0.0,0.0,0.0,0.0,0.0,0.0,0.0,0.0,0.0,0.0,0.0,0.0,0.0,0.0,0.0,0.0,0.0,0.0,0.0,0.0,0.0,0.0,0.0,0.0,0.0,0.0,0.0,0.0,0.0,0.0,0.0,0.0,0.0,0.0,0.0,0.0,0.0,0.0,0.0,0.0,0.0,0.0,0.0,0.0,0.0,0.0,0.0,0.0,0.0,0.0,0.0,0.0,0.0,0.0,0.0,0.0,0.0,0.0,0.0,0.0,0.0,0.0,0.0,0.0,0.0,0.0,0.0,0.0,0.0,0.0,0.0,0.0,0.0,0.0,0.0,0.0,0.0,0.0,0.0,0.0,0.0,0.0,0.0,0.0,0.0,0.0,0.0,0.0,0.0,0.0,0.0,0.0,0.0,0.0,0.0,0.0,0.0,0.0,0.0,0.0,0.0,0.0,0.0,0.0,0.0,0.0,0.0,0.0,0.0,0.0,0.0,0.0,0.0,0.0,0.0,0.0,0.0,0.0,0.0,0.0,0.0,0.0,0.0,0.0,0.0,0.0,0.0,0.0,0.0,0.0,0.0,0.0,0.0
315_STEAM_4,0.0,0.0,0.0,0.0,0.0,0.0,0.0,0.0,0.0,0.0,0.0,0.0,0.0,0.0,0.0,0.0,0.0,0.0,0.0,0.0,0.0,0.0,0.0,0.0,0.0,0.0,0.0,0.0,0.0,0.0,0.0,0.0,0.0,0.0,0.0,0.0,0.0,0.0,0.0,0.0,0.0,0.0,0.0,0.0,0.0,0.0,0.0,0.0,0.0,0.0,0.0,0.0,0.0,0.0,0.0,0.0,0.0,0.0,0.0,0.0,0.0,0.0,0.0,0.0,0.0,0.0,0.0,0.0,0.0,0.0,0.0,0.0,0.0,0.0,0.0,0.0,0.0,0.0,0.0,0.0,0.0,0.0,0.0,0.0,0.0,0.0,0.0,0.0,0.0,0.0,0.0,0.0,0.0,0.0,0.0,0.0,0.0,0.0,0.0,0.0,0.0,0.0,0.0,0.0,0.0,0.0,0.0,0.0,0.0,0.0,0.0,0.0,0.0,0.0,0.0,0.0,0.0,0.0,0.0,0.0,0.0,0.0,0.0,0.0,0.0,0.0,0.0,0.0,0.0,0.0,0.0,0.0,0.0,0.0,0.0,0.0,0.0,0.0,0.0,0.0,0.0,0.0,0.0,0.0
315_STEAM_5,0.0,0.0,0.0,0.0,0.0,0.0,0.0,0.0,0.0,0.0,0.0,0.0,0.0,0.0,0.0,0.0,0.0,0.0,0.0,0.0,0.0,0.0,0.0,0.0,0.0,0.0,0.0,0.0,0.0,0.0,0.0,0.0,0.0,0.0,0.0,0.0,0.0,0.0,0.0,0.0,0.0,0.0,0.0,0.0,0.0,0.0,0.0,0.0,0.0,0.0,0.0,0.0,0.0,0.0,0.0,0.0,0.0,0.0,0.0,0.0,0.0,0.0,0.0,0.0,0.0,0.0,0.0,0.0,0.0,0.0,0.0,0.0,0.0,0.0,0.0,0.0,0.0,0.0,0.0,0.0,0.0,0.0,0.0,0.0,0.0,0.0,0.0,0.0,0.0,0.0,0.0,0.0,0.0,0.0,0.0,0.0,0.0,0.0,0.0,0.0,0.0,0.0,0.0,0.0,0.0,0.0,0.0,0.0,0.0,0.0,0.0,0.0,0.0,0.0,0.0,0.0,0.0,0.0,0.0,0.0,0.0,0.0,0.0,0.0,0.0,0.0,0.0,0.0,0.0,0.0,0.0,0.0,0.0,0.0,0.0,0.0,0.0,0.0,0.0,0.0,0.0,0.0,0.0,0.0
316_STEAM_1,1.2377482657033312e-05,-2.7456247830848213e-09,1.868720009756686e-05,1.0920867583022944e-05,2.5490844654529887e-06,1.2949650241012023e-09,3.2263366458451515e-06,1.8084765390411898e-06,8.81754160131365e-07,1.2988998765450788e-09,1.0335073912237647e-06,5.89930712706524e-07,0.015985425476664872,-6.16168281952767e-08,0.02428176356419165,0.014233339357561528,0.02341908396398462,-3.4189193698352938e-09,0.03554295626901838,0.020830557717123915,0.03003985413673671,0.030042542279540174,0.03004257188327486,0.030043242835844527,0.05829095852839217,0.058296632495054235,0.05829796568590817,0.05829905800623255,-0.06275641129888593,-0.06276580173747826,-0.06276512085334485,-0.06276761149013592,-0.06853181805042402,-0.06854305618632583,-0.06854230824333607,-0.0685452332247356,-0.04667634305099738,-0.04668417142004433,-0.046681952359828305,-0.04668563714028073,-0.05638047570063093,-0.05638676145886645,-0.05638586305856119,-0.05638780258036727,-0.036289224761466676,-0.03629382053309682,-0.03629115748735945,-0.03629323786557384,-0.026036576137421552,-0.02603835621402939,-0.026042226840055083,-0.02604032150881923,-0.030126921977042975,-0.030130760880471064,-0.030127149856318702,-0.030130121907725276,-0.024212497342072203,-0.02421426541169691,-0.024216560739692472,-0.024215498010757997,-0.020156607631720447,-0.020162880704721442,-0.02016243268330209,-0.02016408251836192,-0.018236933073343696,-0.018240641387513412,-0.018240372991638942,-0.01824134830948103,-0.026834914847899627,-0.026837715180936528,-0.02683899909304288,-0.02683884250619921,-0.035990580343135736,-0.035994414028821864,-0.03599518399111212,-0.03599542060163209,-0.033718076543418185,-0.03372144229546231,-0.03371668003694106,-0.03372229835431717,-0.03012050916948894,-0.030125455094091647,-0.03012558032257462,-0.030126482255859028,-0.03338613997678802,-0.03339164298015329,-0.033391274170546104,-0.03339275536263036,-0.03273760521592628,-0.03274301968414345,-0.03274264799825244,-0.03274407495849973,-0.04300181882352927,-0.042996324960250576,-0.04303434952112717,-0.04301157119188029,0.0,0.0,0.0,0.0,0.0,0.0,0.0,0.0,0.0,0.0,0.0,0.0,0.0,0.0,0.0,0.0,0.0,0.0,0.0,0.0,0.0,0.0,0.0,0.0,0.0,0.0,0.0,0.0,0.0,0.0,0.0,0.0,0.0,0.0,0.0,0.0,0.0,0.0,0.0,0.0,0.0,0.0,0.0,0.0,0.0,0.0,0.0,0.0
317_WIND_1,-1.04132253476525,-5.416898058996367e-07,-1.578887811360488,0.07488228366724348,-1.0892438203224728,-2.6259652941007516e-07,-1.5504339476599966,0.10620562722205606,-1.0980725130087556,1.0994415333698271e-07,-1.5835810905027188,0.0839238392079873,-0.258697952529209,-1.9763752323598283e-07,-0.3929416679822637,0.7696562381757728,-0.14428845686823166,-3.040222296135653e-09,-0.21898502948792853,0.8716599694352695,-0.03286208236937238,-0.03286531867353926,-0.03286494551290531,0.9671341746319313,-0.09481076704437097,-0.09482139496098618,-0.09482058662631232,0.9051766417851487,-0.07046492067547527,-0.07047549585031909,-0.07047470793147426,0.9295225019441836,-0.060599026894971875,-0.060608967873997166,-0.060608291838736505,0.9393891103949684,-0.04759986740444688,-0.04760781367186784,-0.04760648340596063,0.9523906770371504,-0.055011416968562266,-0.05501756336275321,-0.05501728503949366,0.9449813700365716,-0.030283490316322048,-0.030286816160292496,-0.030286550969641723,0.9697125712275243,-0.024009842671535164,-0.024012329070489002,-0.024012741593622877,0.9759869901830837,-0.024840423156215596,-0.024843347134629212,-0.024841896704611344,0.9751566176352061,-0.01643976036666528,-0.016441541107485413,-0.016441468685849614,0.9835580871462356,-0.016188935576723296,-0.016193974700397185,-0.01619361350727111,0.9838050613577936,-0.015490797283723063,-0.015493949317339606,-0.015493719652909022,0.9845054520911874,-0.026586047947469105,-0.02658897353585843,-0.026588615475890975,0.973410523611284,-0.07094891126897629,-0.07095661986520074,-0.07095655583495031,0.9290417685253244,-0.0640572019305079,-0.06406432150759223,-0.06406477050456516,0.9359343151985414,-0.05720815487619291,-0.05721769126152587,-0.05721689443774558,0.9427804998127456,-0.10349308720591299,-0.10351031851977988,-0.10350908092399003,0.8964863904960185,-0.2658180007910289,-0.26586220957002915,-0.26585904649132885,0.7341293056676059,-0.23157875863635624,-0.23160519230082244,-0.23160332932244998,0.7683897352456728,0.0,0.0,0.0,0.0,0.0,0.0,0.0,0.0,0.0,0.0,0.0,0.0,0.0,0.0,0.0,0.0,0.0,0.0,0.0,0.0,0.0,0.0,0.0,0.0,0.0,0.0,0.0,0.0,0.0,0.0,0.0,0.0,0.0,0.0,0.0,0.0,0.0,0.0,0.0,0.0,0.0,0.0,0.0,0.0,0.0,0.0,0.0,0.0
318_CC_1,1.0880241723354445e-05,-4.231476280480706e-09,1.6456227690753167e-05,9.635795640417533e-06,1.396184388768873e-06,-2.4848567647950404e-10,1.8219755091308798e-06,1.0349458465525565e-06,4.7064014974118606e-07,-1.556004214364748e-10,5.874606596734111e-07,3.4197128373690467e-07,0.0142658035307065,-1.1505567609759737e-09,0.021668835878108084,0.012702230215529867,0.02400084987470541,-2.386856712277563e-09,0.03642588683220893,0.0213480111380066,0.02277724285581706,0.02277943563232432,0.022779257474575765,0.022779828891579135,0.06998902732939394,0.06999686626699475,0.06999627394345964,0.06999832481484156,0.15312835982679163,0.1531512017634593,0.15314993500663565,0.15315568276971225,0.07011244423338214,0.0699113128333666,0.06993331191869157,0.06987688030414164,-0.0667660541621698,-0.06677720770045226,-0.06677428350973447,-0.06677941148598857,-0.07007374931267552,-0.07008133434037322,-0.07008283640740842,-0.07008319479135551,-0.045669242563832646,-0.04567410320674892,-0.04566756418315343,-0.04567466597804101,-0.04290764058446339,-0.04291307026278979,-0.04290706400815303,-0.042913975918812255,-0.03778720374789768,-0.03779202023116435,-0.037783541216416694,-0.037791367447891897,-0.03773039534137401,-0.03773259000354101,-0.037735588520094954,-0.03773404392248044,-0.02776933396201109,-0.02777797441983998,-0.027777355873237042,-0.02777963229960838,-0.023613127822952523,-0.02361793119540312,-0.02361758501001976,-0.023618844452151434,-0.04065529434561632,-0.040660752151752466,-0.04066602018365284,-0.04066559519685607,-0.07302367533714582,-0.07303082917183445,-0.07304216162303812,-0.0730340285826118,-0.06380461545302296,-0.06381222673992903,-0.06381088902255394,-0.063812710846431,-0.02325221026766497,-0.02325602851575609,-0.023255882506000858,-0.023256743926948552,0.0,0.0,0.0,0.0,0.0,0.0,0.0,0.0,0.0,0.0,0.0,0.0,0.0,0.0,0.0,0.0,0.0,0.0,0.0,0.0,0.0,0.0,0.0,0.0,0.0,0.0,0.0,0.0,0.0,0.0,0.0,0.0,0.0,0.0,0.0,0.0,0.0,0.0,0.0,0.0,0.0,0.0,0.0,0.0,0.0,0.0,0.0,0.0,0.0,0.0,0.0,0.0,0.0,0.0,0.0,0.0,0.0,0.0,0.0,0.0
321_CC_1,0.0,0.0,0.0,0.0,0.0,0.0,0.0,0.0,0.0,0.0,0.0,0.0,0.0,0.0,0.0,0.0,0.0,0.0,0.0,0.0,0.0,0.0,0.0,0.0,0.0,0.0,0.0,0.0,0.0,0.0,0.0,0.0,-0.057349729253957094,-0.05735905683567233,-0.05735870088497608,-0.057360963522916565,-0.06695340593753463,-0.06696471422948136,-0.06695888803582672,-0.06696680349045953,-0.057700667442123765,-0.05770735801875304,-0.057707360183660406,-0.057708295609991286,-0.04180649942329595,-0.04181248351742006,-0.04180683000473451,-0.04181028068696826,-0.03475220622905917,-0.03475459107154899,-0.03476009880777475,-0.034757108968810846,-0.034093454527397093,-0.0340986418067275,-0.03408984612171917,-0.034096196287905195,-0.038333000327281375,-0.03833605758552561,-0.03833866670377928,-0.038337475869967746,-0.02929941703885708,-0.029308539955976154,-0.02930788466267309,-0.029310282508350497,-0.025151947187018,-0.025157057127743854,-0.02515669176150226,-0.02515803560909867,-0.034689363371858795,-0.034693061336929065,-0.03469509850100705,-0.03469475396899612,-0.06469910541844648,-0.06470614765418947,-0.06470682390121496,-0.0647078083839737,-0.06836743799694456,-0.06837419387561516,-0.06837917539454708,-0.06837777529597291,-0.05836274765619892,-0.058372015947142086,-0.05837487776585948,-0.05837431916341002,-0.03381581395919914,-0.03382144412943072,-0.0338210416319068,-0.03382251795381772,0.0,0.0,0.0,0.0,0.0,0.0,0.0,0.0,0.0,0.0,0.0,0.0,0.0,0.0,0.0,0.0,0.0,0.0,0.0,0.0,0.0,0.0,0.0,0.0,0.0,0.0,0.0,0.0,0.0,0.0,0.0,0.0,0.0,0.0,0.0,0.0,0.0,0.0,0.0,0.0,0.0,0.0,0.0,0.0,0.0,0.0,0.0,0.0,0.0,0.0,0.0,0.0,0.0,0.0,0.0,0.0
322_CT_5,0.0,0.0,0.0,0.0,0.0,0.0,0.0,0.0,0.0,0.0,0.0,0.0,0.0,0.0,0.0,0.0,0.0,0.0,0.0,0.0,0.0,0.0,0.0,0.0,0.0,0.0,0.0,0.0,0.0,0.0,0.0,0.0,0.0,0.0,0.0,0.0,0.0,0.0,0.0,0.0,0.0,0.0,0.0,0.0,0.0,0.0,0.0,0.0,1.0193443311656836e-12,2.03983011037856e-12,8.162442943770998e-12,0.0,-0.0212320965656954,-0.021234817556497098,-0.02123221100021592,-0.021234295136669978,-0.01935930851560387,-0.019360903503928835,-0.019361885289610775,-0.019361628315642903,-0.012939595201121203,-0.012943618905394881,-0.012943328633866387,-0.012944393856520698,-0.011654710959049401,-0.011657078154826582,-0.011656909228287077,-0.011657532113966227,-0.014078793107529824,-0.014080283906408184,-0.014081185443040378,-0.01408091964308112,-0.014153618152182468,-0.014155149582660537,-0.01415519723557146,-0.014155482243460214,-0.013416755163633498,-0.013418067311329662,-0.013418063417442005,-0.013418350055073358,-0.01161627644378009,-0.011618206197795203,-0.011618176271473657,-0.011618578783133287,0.0,0.0,0.0,0.0,0.0,0.0,0.0,0.0,0.0,0.0,0.0,0.0,0.0,0.0,0.0,0.0,0.0,0.0,0.0,0.0,0.0,0.0,0.0,0.0,0.0,0.0,0.0,0.0,0.0,0.0,0.0,0.0,0.0,0.0,0.0,0.0,0.0,0.0,0.0,0.0,0.0,0.0,0.0,0.0,0.0,0.0,0.0,0.0,0.0,0.0,0.0,0.0,0.0,0.0,0.0,0.0,0.0,0.0,0.0,0.0
322_CT_6,0.0,0.0,0.0,0.0,0.0,0.0,0.0,0.0,0.0,0.0,0.0,0.0,0.0,0.0,0.0,0.0,0.0,0.0,0.0,0.0,0.0,0.0,0.0,0.0,0.0,0.0,0.0,0.0,0.0,0.0,0.0,0.0,0.0,0.0,0.0,0.0,0.0,0.0,0.0,0.0,0.0,0.0,0.0,0.0,0.0,0.0,0.0,0.0,-0.019797449329063167,-0.019799066912102998,-0.019800899424101986,-0.019800182668493954,-0.021232096567826778,-0.02123481755964911,-0.021232211009490208,-0.021234295137788205,-0.019359308522107446,-0.01936090351043284,-0.019361885303258358,-0.019361628321141584,-0.012697446604516686,-0.012701392716793027,-0.012701110758545069,-0.012702154864109298,-0.011632911117085167,-0.011635273237030954,-0.011635106030675219,-0.011635727058237252,0.0,0.0,0.0,0.0,0.0,0.0,0.0,0.0,0.0,0.0,0.0,0.0,0.0,0.0,0.0,0.0,0.0,0.0,0.0,0.0,0.0,0.0,0.0,0.0,0.0,0.0,0.0,0.0,0.0,0.0,0.0,0.0,0.0,0.0,0.0,0.0,0.0,0.0,0.0,0.0,0.0,0.0,0.0,0.0,0.0,0.0,0.0,0.0,0.0,0.0,0.0,0.0,0.0,0.0,0.0,0.0,0.0,0.0,0.0,0.0,0.0,0.0,0.0,0.0,0.0,0.0,0.0,0.0,0.0,0.0,0.0,0.0,0.0,0.0,0.0,0.0
323_CC_1,1.370303730634484e-05,-1.3696100154758542e-09,2.0669471724788837e-05,1.2128694845351177e-05,1.9255541825004896e-06,3.151821628699286e-10,2.5064065763262644e-06,1.4007047523332254e-06,5.505007285067335e-07,-2.4910315073093193e-09,7.273842352259377e-07,3.8692176456477464e-07,0.0126825106265491,-8.344346436690506e-09,0.019263984652927897,0.011292470184293323,0.018176601030479616,-1.3417411879896451e-09,0.027586457134247178,0.01616752077136552,0.029476720076378703,0.02947957848054777,0.02947935445298196,0.029480068376326142,0.0771104219653076,0.07711905762551474,0.07711840990714869,0.07712066595303467,0.1575723556832871,0.15759580847095989,0.15759457685461137,0.15760046692077329,0.2548735457489175,0.254914589309885,0.2549339477001007,0.25492342965914333,0.10485930651963483,0.07202368289745603,0.42952314045647677,0.0627224556010172,0.14296557785865335,0.12430982291721485,0.3770923478472264,0.11639932517669349,-0.012202033391855882,-0.00971132186551582,-0.13704645303511676,-0.036798710314357976,-0.035442461705715966,-0.04046417294863133,-0.0057179953818362605,-0.031791483306993926,-0.008839442653239903,-0.03659497371003288,-0.03571186165819076,-0.006075661028807575,-0.03756965244594235,-0.03757593469846481,-0.03754967263815396,-0.0375724663334197,-0.02343438679913866,-0.02344168388848561,-0.023441159440267985,-0.023443077309076694,-0.01978885347586123,-0.019792873167448176,-0.019792585119140182,-0.019793643524810996,-0.036256725168020545,-0.03626301471748064,-0.03632325593123691,-0.03629177907406588,0.008700424813612745,0.022818177397624262,0.3382926983806436,0.06255250268153653,-0.02786741860480632,-0.01935305535902676,-0.11467976139032815,-0.0400072677378899,-0.03748005627629023,-0.019374427280602742,0.06324423295772194,0.011032279069855587,0.10347168405658133,0.10315941067626223,0.07677273133389921,0.08626542131762928,0.08343768380041772,0.07581717287091423,0.07337765542518704,0.07355690602425397,0.05739498904634743,0.05740154750220161,0.05740104513510902,0.05740278002029312,0.0,0.0,0.0,0.0,0.0,0.0,0.0,0.0,0.0,0.0,0.0,0.0,0.0,0.0,0.0,0.0,0.0,0.0,0.0,0.0,0.0,0.0,0.0,0.0,0.0,0.0,0.0,0.0,0.0,0.0,0.0,0.0,0.0,0.0,0.0,0.0,0.0,0.0,0.0,0.0,0.0,0.0,0.0,0.0,0.0,0.0,0.0,0.0
323_CC_2,1.2725554871040629e-05,-2.243977191764844e-09,1.923781496289045e-05,1.1263325791642415e-05,1.8364496690479672e-06,3.238780993290169e-11,2.3920341629275644e-06,1.3370044032738475e-06,6.804499642032199e-07,-1.9363296370563853e-09,8.855753724293467e-07,4.775381556018981e-07,0.015044641029259757,-1.8687807412003446e-08,0.02285207058036564,0.013395694361581289,0.020470190695344354,-2.963934405851229e-09,0.031067413921862352,0.018207598356544723,0.02560948044201138,0.025611973877812614,0.0256117363559704,0.025612391112903934,0.07759195019592702,0.07760064525700328,0.07759998813524671,0.07760225369429745,0.16066934317962578,0.1606933088356517,0.160691869724728,0.16069801618588697,0.25499749692703677,0.25504324559563085,0.25501131596089643,0.2550474500397278,0.07676714405903383,0.10943469247870757,-0.2481342432818985,0.11869311402525348,0.13812431404181827,0.156678867112612,-0.0960864175892327,0.16456418450664076,-0.014910890020582879,-0.017434129487146288,0.10971834870929786,0.00945960199217609,-0.03304839455444364,-0.028182100342796584,-0.06284791297006365,-0.03687226899338719,-0.028296946089922927,-0.0006616637082516713,-0.0017438046298362264,-0.031248606272628144,-0.03894981314054635,-0.038948033802022004,-0.03895525834175955,-0.03895207226602676,-0.022299307649598324,-0.022306253861061276,-0.022305755351777083,-0.02230757715475578,-0.01986958943757022,-0.019873624947242076,-0.01987333641995669,-0.01987439901649962,-0.037788107094120435,-0.03779185238834856,-0.03784483054238092,-0.03781642101186517,0.08685099323083692,0.07260576317666467,-0.24283757802076567,0.032851515850930484,-0.0392516072655337,-0.047912736461644845,0.047383926817696154,-0.02728736449568812,0.018370007483212138,5.248470954106153e-05,-0.08253943499147662,-0.030393086101752956,0.09309537320302766,0.09323280981163916,0.11963215452362704,0.11009376965195117,0.06617281756534987,0.07361101139485231,0.07606358596884877,0.07583634847385012,0.05417328225154883,0.05417945954315362,0.054178995490159476,0.05418062265814427,0.0,0.0,0.0,0.0,0.0,0.0,0.0,0.0,0.0,0.0,0.0,0.0,0.0,0.0,0.0,0.0,0.0,0.0,0.0,0.0,0.0,0.0,0.0,0.0,0.0,0.0,0.0,0.0,0.0,0.0,0.0,0.0,0.0,0.0,0.0,0.0,0.0,0.0,0.0,0.0,0.0,0.0,0.0,0.0,0.0,0.0,0.0,0.0
