line,period,flow_nominal,margin_rho_norm,worst_case_abs_flow,Fmax,loading_nominal_pct,loading_worst_case_pct,binding
A1,2020-07-15 00:00:00,175.0,0.0,175.0,175.0,100.0,100.0,True
A1,2020-07-15 01:00:00,175.0,0.0,175.0,175.0,100.0,100.0,True
A1,2020-07-15 02:00:00,175.0,0.0,175.0,175.0,100.0,100.0,True
A1,2020-07-15 03:00:00,175.0,0.0,175.0,175.0,100.0,100.0,True
A1,2020-07-15 04:00:00,170.93,0.0,170.93,175.0,97.7,97.7,False
A1,2020-07-15 05:00:00,4.92,0.0,4.92,175.0,2.8,2.8,False
A1,2020-07-15 06:00:00,154.32,0.0,154.32,175.0,88.2,88.2,False
A1,2020-07-15 07:00:00,160.41,0.0,160.41,175.0,91.7,91.7,False
A1,2020-07-15 08:00:00,165.96,0.0,165.96,175.0,94.8,94.8,False
A1,2020-07-15 09:00:00,170.26,0.0,170.26,175.0,97.3,97.3,False
A1,2020-07-15 10:00:00,174.69,0.0,174.69,175.0,99.8,99.8,True
A1,2020-07-15 11:00:00,175.0,0.0,175.0,175.0,100.0,100.0,True
A1,2020-07-15 12:00:00,175.0,0.0,175.0,175.0,100.0,100.0,True
A1,2020-07-15 13:00:00,175.0,0.0,175.0,175.0,100.0,100.0,True
A1,2020-07-15 14:00:00,175.0,0.0,175.0,175.0,100.0,100.0,True
A1,2020-07-15 15:00:00,170.83,0.0,170.83,175.0,97.6,97.6,False
A1,2020-07-15 16:00:00,175.0,0.0,175.0,175.0,100.0,100.0,True
A1,2020-07-15 17:00:00,175.0,0.0,175.0,175.0,100.0,100.0,True
A1,2020-07-15 18:00:00,175.0,0.0,175.0,175.0,100.0,100.0,True
A1,2020-07-15 19:00:00,174.65,0.0,174.65,175.0,99.8,99.8,True
A1,2020-07-15 20:00:00,171.07,0.0,171.07,175.0,97.8,97.8,False
A1,2020-07-15 21:00:00,167.1,0.0,167.1,175.0,95.5,95.5,False
A1,2020-07-15 22:00:00,159.66,0.0,159.66,175.0,91.2,91.2,False
A1,2020-07-15 23:00:00,155.01,0.0,155.01,175.0,88.6,88.6,False
A1,2020-07-16 00:00:00,175.0,0.0,175.0,175.0,100.0,100.0,True
A1,2020-07-16 02:00:00,175.0,0.0,175.0,175.0,100.0,100.0,True
A1,2020-07-16 04:00:00,168.26,0.0,168.26,175.0,96.1,96.1,False
A1,2020-07-16 06:00:00,159.79,0.0,159.79,175.0,91.3,91.3,False
A1,2020-07-16 08:00:00,172.0,0.0,172.0,175.0,98.3,98.3,False
A1,2020-07-16 10:00:00,175.0,0.0,175.0,175.0,100.0,100.0,True
A1,2020-07-16 12:00:00,175.0,0.0,175.0,175.0,100.0,100.0,True
A1,2020-07-16 14:00:00,175.0,0.0,175.0,175.0,100.0,100.0,True
A1,2020-07-16 16:00:00,175.0,0.0,175.0,175.0,100.0,100.0,True
A1,2020-07-16 18:00:00,175.0,0.0,175.0,175.0,100.0,100.0,True
A1,2020-07-16 20:00:00,170.36,0.0,170.36,175.0,97.4,97.4,False
A1,2020-07-16 22:00:00,140.62,0.0,140.62,175.0,80.4,80.4,False
A2,2020-07-15 00:00:00,77.26,0.0,77.26,175.0,44.1,44.1,False
A2,2020-07-15 01:00:00,62.0,0.0,62.0,175.0,35.4,35.4,False
A2,2020-07-15 02:00:00,92.91,0.0,92.91,175.0,53.1,53.1,False
A2,2020-07-15 03:00:00,91.23,0.0,91.23,175.0,52.1,52.1,False
A2,2020-07-15 04:00:00,62.09,0.0,62.09,175.0,35.5,35.5,False
A2,2020-07-15 05:00:00,14.42,0.0,14.42,175.0,8.2,8.2,False
A2,2020-07-15 06:00:00,100.96,0.0,100.96,175.0,57.7,57.7,False
A2,2020-07-15 07:00:00,101.93,0.0,101.93,175.0,58.2,58.2,False
A2,2020-07-15 08:00:00,111.11,0.0,111.11,175.0,63.5,63.5,False
A2,2020-07-15 09:00:00,109.04,0.0,109.04,175.0,62.3,62.3,False
A2,2020-07-15 10:00:00,111.09,0.0,111.09,175.0,63.5,63.5,False
A2,2020-07-15 11:00:00,107.2,0.0,107.2,175.0,61.3,61.3,False
A2,2020-07-15 12:00:00,100.84,0.0,100.84,175.0,57.6,57.6,False
A2,2020-07-15 13:00:00,96.35,0.0,96.35,175.0,55.1,55.1,False
A2,2020-07-15 14:00:00,92.93,0.0,92.93,175.0,53.1,53.1,False
A2,2020-07-15 15:00:00,95.31,0.0,95.31,175.0,54.5,54.5,False
A2,2020-07-15 16:00:00,87.98,0.0,87.98,175.0,50.3,50.3,False
A2,2020-07-15 17:00:00,87.55,0.0,87.55,175.0,50.0,50.0,False
A2,2020-07-15 18:00:00,86.56,0.0,86.56,175.0,49.5,49.5,False
A2,2020-07-15 19:00:00,87.85,0.0,87.85,175.0,50.2,50.2,False
A2,2020-07-15 20:00:00,89.23,0.0,89.23,175.0,51.0,51.0,False
A2,2020-07-15 21:00:00,103.01,0.0,103.01,175.0,58.9,58.9,False
A2,2020-07-15 22:00:00,93.31,0.0,93.31,175.0,53.3,53.3,False
A2,2020-07-15 23:00:00,92.67,0.0,92.67,175.0,53.0,53.0,False
A2,2020-07-16 00:00:00,88.88,0.0,88.88,175.0,50.8,50.8,False
A2,2020-07-16 02:00:00,63.32,0.0,63.32,175.0,36.2,36.2,False
A2,2020-07-16 04:00:00,97.4,0.0,97.4,175.0,55.7,55.7,False
A2,2020-07-16 06:00:00,99.02,0.0,99.02,175.0,56.6,56.6,False
A2,2020-07-16 08:00:00,116.61,0.0,116.61,175.0,66.6,66.6,False
A2,2020-07-16 10:00:00,93.56,0.0,93.56,175.0,53.5,53.5,False
A2,2020-07-16 12:00:00,87.53,0.0,87.53,175.0,50.0,50.0,False
A2,2020-07-16 14:00:00,80.64,0.0,80.64,175.0,46.1,46.1,False
A2,2020-07-16 16:00:00,82.48,0.0,82.48,175.0,47.1,47.1,False
A2,2020-07-16 18:00:00,86.95,0.0,86.95,175.0,49.7,49.7,False
A2,2020-07-16 20:00:00,87.66,0.0,87.66,175.0,50.1,50.1,False
A2,2020-07-16 22:00:00,64.47,0.0,64.47,175.0,36.8,36.8,False
A3,2020-07-15 00:00:00,156.96,0.0,156.96,175.0,89.7,89.7,False
A3,2020-07-15 01:00:00,135.81,0.0,135.81,175.0,77.6,77.6,False
A3,2020-07-15 02:00:00,170.09,0.0,170.09,175.0,97.2,97.2,False
A3,2020-07-15 03:00:00,166.9,0.0,166.9,175.0,95.4,95.4,False
A3,2020-07-15 04:00:00,132.81,0.0,132.81,175.0,75.9,75.9,False
A3,2020-07-15 05:00:00,71.47,0.0,71.47,175.0,40.8,40.8,False
A3,2020-07-15 06:00:00,175.0,0.0,175.0,175.0,100.0,100.0,True
A3,2020-07-15 07:00:00,175.0,0.0,175.0,175.0,100.0,100.0,True
A3,2020-07-15 08:00:00,175.0,0.0,175.0,175.0,100.0,100.0,True
A3,2020-07-15 09:00:00,175.0,0.0,175.0,175.0,100.0,100.0,True
A3,2020-07-15 10:00:00,175.0,0.0,175.0,175.0,100.0,100.0,True
A3,2020-07-15 11:00:00,172.63,0.0,172.63,175.0,98.6,98.6,False
A3,2020-07-15 12:00:00,170.51,0.0,170.51,175.0,97.4,97.4,False
A3,2020-07-15 13:00:00,168.78,0.0,168.78,175.0,96.4,96.4,False
A3,2020-07-15 14:00:00,167.9,0.0,167.9,175.0,95.9,95.9,False
A3,2020-07-15 15:00:00,175.0,0.0,175.0,175.0,100.0,100.0,True
A3,2020-07-15 16:00:00,168.63,0.0,168.63,175.0,96.4,96.4,False
A3,2020-07-15 17:00:00,170.71,0.0,170.71,175.0,97.5,97.5,False
A3,2020-07-15 18:00:00,173.58,0.0,173.58,175.0,99.2,99.2,False
A3,2020-07-15 19:00:00,175.0,0.0,175.0,175.0,100.0,100.0,True
A3,2020-07-15 20:00:00,175.0,0.0,175.0,175.0,100.0,100.0,True
A3,2020-07-15 21:00:00,175.0,0.0,175.0,175.0,100.0,100.0,True
A3,2020-07-15 22:00:00,175.0,0.0,175.0,175.0,100.0,100.0,True
A3,2020-07-15 23:00:00,175.0,0.0,175.0,175.0,100.0,100.0,True
A3,2020-07-16 00:00:00,167.54,0.0,167.54,175.0,95.7,95.7,False
A3,2020-07-16 02:00:00,134.15,0.0,134.15,175.0,76.7,76.7,False
A3,2020-07-16 04:00:00,175.0,0.0,175.0,175.0,100.0,100.0,True
A3,2020-07-16 06:00:00,175.0,0.0,175.0,175.0,100.0,100.0,True
A3,2020-07-16 08:00:00,175.0,0.0,175.0,175.0,100.0,100.0,True
A3,2020-07-16 10:00:00,173.16,0.0,173.16,175.0,99.0,99.0,False
A3,2020-07-16 12:00:00,168.42,0.0,168.42,175.0,96.2,96.2,False
A3,2020-07-16 14:00:00,166.63,0.0,166.63,175.0,95.2,95.2,False
A3,2020-07-16 16:00:00,168.26,0.0,168.26,175.0,96.1,96.1,False
A3,2020-07-16 18:00:00,172.44,0.0,172.44,175.0,98.5,98.5,False
A3,2020-07-16 20:00:00,175.0,0.0,175.0,175.0,100.0,100.0,True
A3,2020-07-16 22:00:00,163.79,0.0,163.79,175.0,93.6,93.6,False
A4,2020-07-15 00:00:00,110.79,0.0,110.79,175.0,63.3,63.3,False
A4,2020-07-15 01:00:00,93.41,0.0,93.41,175.0,53.4,53.4,False
A4,2020-07-15 02:00:00,122.91,0.0,122.91,175.0,70.2,70.2,False
A4,2020-07-15 03:00:00,120.38,0.0,120.38,175.0,68.8,68.8,False
A4,2020-07-15 04:00:00,91.59,0.0,91.59,175.0,52.3,52.3,False
A4,2020-07-15 05:00:00,50.04,0.0,50.04,175.0,28.6,28.6,False
A4,2020-07-15 06:00:00,128.71,0.0,128.71,175.0,73.5,73.5,False
A4,2020-07-15 07:00:00,128.28,0.0,128.28,175.0,73.3,73.3,False
A4,2020-07-15 08:00:00,129.45,0.0,129.45,175.0,74.0,74.0,False
A4,2020-07-15 09:00:00,128.62,0.0,128.62,175.0,73.5,73.5,False
A4,2020-07-15 10:00:00,128.56,0.0,128.56,175.0,73.5,73.5,False
A4,2020-07-15 11:00:00,126.03,0.0,126.03,175.0,72.0,72.0,False
A4,2020-07-15 12:00:00,123.25,0.0,123.25,175.0,70.4,70.4,False
A4,2020-07-15 13:00:00,121.11,0.0,121.11,175.0,69.2,69.2,False
A4,2020-07-15 14:00:00,119.81,0.0,119.81,175.0,68.5,68.5,False
A4,2020-07-15 15:00:00,125.4,0.0,125.4,175.0,71.7,71.7,False
A4,2020-07-15 16:00:00,119.43,0.0,119.43,175.0,68.2,68.2,False
A4,2020-07-15 17:00:00,120.91,0.0,120.91,175.0,69.1,69.1,False
A4,2020-07-15 18:00:00,122.86,0.0,122.86,175.0,70.2,70.2,False
A4,2020-07-15 19:00:00,124.21,0.0,124.21,175.0,71.0,71.0,False
A4,2020-07-15 20:00:00,124.83,0.0,124.83,175.0,71.3,71.3,False
A4,2020-07-15 21:00:00,127.81,0.0,127.81,175.0,73.0,73.0,False
A4,2020-07-15 22:00:00,126.74,0.0,126.74,175.0,72.4,72.4,False
A4,2020-07-15 23:00:00,127.09,0.0,127.09,175.0,72.6,72.6,False
A4,2020-07-16 00:00:00,120.18,0.0,120.18,175.0,68.7,68.7,False
A4,2020-07-16 02:00:00,92.42,0.0,92.42,175.0,52.8,52.8,False
A4,2020-07-16 04:00:00,127.35,0.0,127.35,175.0,72.8,72.8,False
A4,2020-07-16 06:00:00,127.8,0.0,127.8,175.0,73.0,73.0,False
A4,2020-07-16 08:00:00,129.87,0.0,129.87,175.0,74.2,74.2,False
A4,2020-07-16 10:00:00,123.87,0.0,123.87,175.0,70.8,70.8,False
A4,2020-07-16 12:00:00,119.19,0.0,119.19,175.0,68.1,68.1,False
A4,2020-07-16 14:00:00,116.55,0.0,116.55,175.0,66.6,66.6,False
A4,2020-07-16 16:00:00,118.12,0.0,118.12,175.0,67.5,67.5,False
A4,2020-07-16 18:00:00,122.08,0.0,122.08,175.0,69.8,69.8,False
A4,2020-07-16 20:00:00,124.6,0.0,124.6,175.0,71.2,71.2,False
A4,2020-07-16 22:00:00,114.85,0.0,114.85,175.0,65.6,65.6,False
A5,2020-07-15 00:00:00,101.43,0.0,101.43,175.0,58.0,58.0,False
A5,2020-07-15 01:00:00,86.78,0.0,86.78,175.0,49.6,49.6,False
A5,2020-07-15 02:00:00,110.03,0.0,110.03,175.0,62.9,62.9,False
A5,2020-07-15 03:00:00,107.86,0.0,107.86,175.0,61.6,61.6,False
A5,2020-07-15 04:00:00,84.94,0.0,84.94,175.0,48.5,48.5,False
A5,2020-07-15 05:00:00,52.87,0.0,52.87,175.0,30.2,30.2,False
A5,2020-07-15 06:00:00,115.21,0.0,115.21,175.0,65.8,65.8,False
A5,2020-07-15 07:00:00,115.39,0.0,115.39,175.0,65.9,65.9,False
A5,2020-07-15 08:00:00,115.4,0.0,115.4,175.0,65.9,65.9,False
A5,2020-07-15 09:00:00,115.57,0.0,115.57,175.0,66.0,66.0,False
A5,2020-07-15 10:00:00,115.68,0.0,115.68,175.0,66.1,66.1,False
A5,2020-07-15 11:00:00,114.4,0.0,114.4,175.0,65.4,65.4,False
A5,2020-07-15 12:00:00,113.3,0.0,113.3,175.0,64.7,64.7,False
A5,2020-07-15 13:00:00,112.38,0.0,112.38,175.0,64.2,64.2,False
A5,2020-07-15 14:00:00,111.94,0.0,111.94,175.0,64.0,64.0,False
A5,2020-07-15 15:00:00,117.1,0.0,117.1,175.0,66.9,66.9,False
A5,2020-07-15 16:00:00,112.44,0.0,112.44,175.0,64.3,64.3,False
A5,2020-07-15 17:00:00,113.63,0.0,113.63,175.0,64.9,64.9,False
A5,2020-07-15 18:00:00,115.29,0.0,115.29,175.0,65.9,65.9,False
A5,2020-07-15 19:00:00,116.07,0.0,116.07,175.0,66.3,66.3,False
A5,2020-07-15 20:00:00,115.93,0.0,115.93,175.0,66.2,66.2,False
A5,2020-07-15 21:00:00,115.58,0.0,115.58,175.0,66.0,66.0,False
A5,2020-07-15 22:00:00,115.51,0.0,115.51,175.0,66.0,66.0,False
A5,2020-07-15 23:00:00,115.37,0.0,115.37,175.0,65.9,65.9,False
A5,2020-07-16 00:00:00,108.8,0.0,108.8,175.0,62.2,62.2,False
A5,2020-07-16 02:00:00,85.82,0.0,85.82,175.0,49.0,49.0,False
A5,2020-07-16 04:00:00,114.17,0.0,114.17,175.0,65.2,65.2,False
A5,2020-07-16 06:00:00,115.41,0.0,115.41,175.0,66.0,66.0,False
A5,2020-07-16 08:00:00,115.5,0.0,115.5,175.0,66.0,66.0,False
A5,2020-07-16 10:00:00,114.93,0.0,114.93,175.0,65.7,65.7,False
A5,2020-07-16 12:00:00,112.33,0.0,112.33,175.0,64.2,64.2,False
A5,2020-07-16 14:00:00,111.42,0.0,111.42,175.0,63.7,63.7,False
A5,2020-07-16 16:00:00,112.32,0.0,112.32,175.0,64.2,64.2,False
A5,2020-07-16 18:00:00,114.63,0.0,114.63,175.0,65.5,65.5,False
A5,2020-07-16 20:00:00,115.94,0.0,115.94,175.0,66.2,66.2,False
A5,2020-07-16 22:00:00,109.0,0.0,109.0,175.0,62.3,62.3,False
A6,2020-07-15 00:00:00,58.75,0.0,58.75,175.0,33.6,33.6,False
A6,2020-07-15 01:00:00,54.38,0.0,54.38,175.0,31.1,31.1,False
A6,2020-07-15 02:00:00,56.86,0.0,56.86,175.0,32.5,32.5,False
A6,2020-07-15 03:00:00,54.96,0.0,54.96,175.0,31.4,31.4,False
A6,2020-07-15 04:00:00,50.51,0.0,50.51,175.0,28.9,28.9,False
A6,2020-07-15 05:00:00,35.89,0.0,35.89,175.0,20.5,20.5,False
A6,2020-07-15 06:00:00,46.17,0.0,46.17,175.0,26.4,26.4,False
A6,2020-07-15 07:00:00,40.08,0.0,40.08,175.0,22.9,22.9,False
A6,2020-07-15 08:00:00,23.76,0.0,23.76,175.0,13.6,13.6,False
A6,2020-07-15 09:00:00,23.03,0.0,23.03,175.0,13.2,13.2,False
A6,2020-07-15 10:00:00,16.87,0.0,16.87,175.0,9.6,9.6,False
A6,2020-07-15 11:00:00,16.14,0.0,16.14,175.0,9.2,9.2,False
A6,2020-07-15 12:00:00,19.46,0.0,19.46,175.0,11.1,11.1,False
A6,2020-07-15 13:00:00,21.26,0.0,21.26,175.0,12.1,12.1,False
A6,2020-07-15 14:00:00,23.64,0.0,23.64,175.0,13.5,13.5,False
A6,2020-07-15 15:00:00,29.04,0.0,29.04,175.0,16.6,16.6,False
A6,2020-07-15 16:00:00,31.78,0.0,31.78,175.0,18.2,18.2,False
A6,2020-07-15 17:00:00,37.17,0.0,37.17,175.0,21.2,21.2,False
A6,2020-07-15 18:00:00,45.13,0.0,45.13,175.0,25.8,25.8,False
A6,2020-07-15 19:00:00,47.06,0.0,47.06,175.0,26.9,26.9,False
A6,2020-07-15 20:00:00,48.1,0.0,48.1,175.0,27.5,27.5,False
A6,2020-07-15 21:00:00,33.37,0.0,33.37,175.0,19.1,19.1,False
A6,2020-07-15 22:00:00,51.86,0.0,51.86,175.0,29.6,29.6,False
A6,2020-07-15 23:00:00,56.39,0.0,56.39,175.0,32.2,32.2,False
A6,2020-07-16 00:00:00,54.79,0.0,54.79,175.0,31.3,31.3,False
A6,2020-07-16 02:00:00,48.81,0.0,48.81,175.0,27.9,27.9,False
A6,2020-07-16 04:00:00,53.39,0.0,53.39,175.0,30.5,30.5,False
A6,2020-07-16 06:00:00,44.35,0.0,44.35,175.0,25.3,25.3,False
A6,2020-07-16 08:00:00,11.83,0.0,11.83,175.0,6.8,6.8,False
A6,2020-07-16 10:00:00,35.08,0.0,35.08,175.0,20.0,20.0,False
A6,2020-07-16 12:00:00,31.86,0.0,31.86,175.0,18.2,18.2,False
A6,2020-07-16 14:00:00,36.63,0.0,36.63,175.0,20.9,20.9,False
A6,2020-07-16 16:00:00,38.04,0.0,38.04,175.0,21.7,21.7,False
A6,2020-07-16 18:00:00,41.97,0.0,41.97,175.0,24.0,24.0,False
A6,2020-07-16 20:00:00,50.71,0.0,50.71,175.0,29.0,29.0,False
A6,2020-07-16 22:00:00,78.29,0.0,78.29,175.0,44.7,44.7,False
A7,2020-07-15 00:00:00,-84.55,0.0,84.55,400.0,21.1,21.1,False
A7,2020-07-15 01:00:00,-89.72,0.0,89.72,400.0,22.4,22.4,False
A7,2020-07-15 02:00:00,-59.95,0.0,59.95,400.0,15.0,15.0,False
A7,2020-07-15 03:00:00,-59.77,0.0,59.77,400.0,14.9,14.9,False
A7,2020-07-15 04:00:00,-85.08,0.0,85.08,400.0,21.3,21.3,False
A7,2020-07-15 05:00:00,-120.64,0.0,120.64,400.0,30.2,30.2,False
A7,2020-07-15 06:00:00,-55.96,0.0,55.96,400.0,14.0,14.0,False
A7,2020-07-15 07:00:00,-60.6,0.0,60.6,400.0,15.1,15.1,False
A7,2020-07-15 08:00:00,-43.01,0.0,43.01,400.0,10.8,10.8,False
A7,2020-07-15 09:00:00,-53.52,0.0,53.52,400.0,13.4,13.4,False
A7,2020-07-15 10:00:00,-53.37,0.0,53.37,400.0,13.3,13.3,False
A7,2020-07-15 11:00:00,-64.26,0.0,64.26,400.0,16.1,16.1,False
A7,2020-07-15 12:00:00,-81.25,0.0,81.25,400.0,20.3,20.3,False
A7,2020-07-15 13:00:00,-93.25,0.0,93.25,400.0,23.3,23.3,False
A7,2020-07-15 14:00:00,-102.36,0.0,102.36,400.0,25.6,25.6,False
A7,2020-07-15 15:00:00,-107.33,0.0,107.33,400.0,26.8,26.8,False
A7,2020-07-15 16:00:00,-115.25,0.0,115.25,400.0,28.8,28.8,False
A7,2020-07-15 17:00:00,-116.12,0.0,116.12,400.0,29.0,29.0,False
A7,2020-07-15 18:00:00,-118.34,0.0,118.34,400.0,29.6,29.6,False
A7,2020-07-15 19:00:00,-114.36,0.0,114.36,400.0,28.6,28.6,False
A7,2020-07-15 20:00:00,-106.51,0.0,106.51,400.0,26.6,26.6,False
A7,2020-07-15 21:00:00,-65.65,0.0,65.65,400.0,16.4,16.4,False
A7,2020-07-15 22:00:00,-82.33,0.0,82.33,400.0,20.6,20.6,False
A7,2020-07-15 23:00:00,-78.55,0.0,78.55,400.0,19.6,19.6,False
A7,2020-07-16 00:00:00,-72.94,0.0,72.94,400.0,18.2,18.2,False
A7,2020-07-16 02:00:00,-86.45,0.0,86.45,400.0,21.6,21.6,False
A7,2020-07-16 04:00:00,-61.25,0.0,61.25,400.0,15.3,15.3,False
A7,2020-07-16 06:00:00,-67.5,0.0,67.5,400.0,16.9,16.9,False
A7,2020-07-16 08:00:00,-35.7,0.0,35.7,400.0,8.9,8.9,False
A7,2020-07-16 10:00:00,-100.01,0.0,100.01,400.0,25.0,25.0,False
A7,2020-07-16 12:00:00,-116.47,0.0,116.47,400.0,29.1,29.1,False
A7,2020-07-16 14:00:00,-134.8,0.0,134.8,400.0,33.7,33.7,False
A7,2020-07-16 16:00:00,-129.75,0.0,129.75,400.0,32.4,32.4,False
A7,2020-07-16 18:00:00,-117.47,0.0,117.47,400.0,29.4,29.4,False
A7,2020-07-16 20:00:00,-109.81,0.0,109.81,400.0,27.5,27.5,False
A7,2020-07-16 22:00:00,-137.12,0.0,137.12,400.0,34.3,34.3,False
A8,2020-07-15 00:00:00,65.11,0.0,65.11,175.0,37.2,37.2,False
A8,2020-07-15 01:00:00,50.39,0.0,50.39,175.0,28.8,28.8,False
A8,2020-07-15 02:00:00,79.91,0.0,79.91,175.0,45.7,45.7,False
A8,2020-07-15 03:00:00,77.4,0.0,77.4,175.0,44.2,44.2,False
A8,2020-07-15 04:00:00,48.9,0.0,48.9,175.0,27.9,27.9,False
A8,2020-07-15 05:00:00,8.54,0.0,8.54,175.0,4.9,4.9,False
A8,2020-07-15 06:00:00,79.71,0.0,79.71,175.0,45.5,45.5,False
A8,2020-07-15 07:00:00,74.41,0.0,74.41,175.0,42.5,42.5,False
A8,2020-07-15 08:00:00,72.2,0.0,72.2,175.0,41.3,41.3,False
A8,2020-07-15 09:00:00,67.6,0.0,67.6,175.0,38.6,38.6,False
A8,2020-07-15 10:00:00,64.17,0.0,64.17,175.0,36.7,36.7,False
A8,2020-07-15 11:00:00,58.5,0.0,58.5,175.0,33.4,33.4,False
A8,2020-07-15 12:00:00,52.79,0.0,52.79,175.0,30.2,30.2,False
A8,2020-07-15 13:00:00,48.35,0.0,48.35,175.0,27.6,27.6,False
A8,2020-07-15 14:00:00,45.72,0.0,45.72,175.0,26.1,26.1,False
A8,2020-07-15 15:00:00,50.47,0.0,50.47,175.0,28.8,28.8,False
A8,2020-07-15 16:00:00,45.46,0.0,45.46,175.0,26.0,26.0,False
A8,2020-07-15 17:00:00,48.96,0.0,48.96,175.0,28.0,28.0,False
A8,2020-07-15 18:00:00,53.67,0.0,53.67,175.0,30.7,30.7,False
A8,2020-07-15 19:00:00,56.89,0.0,56.89,175.0,32.5,32.5,False
A8,2020-07-15 20:00:00,60.62,0.0,60.62,175.0,34.6,34.6,False
A8,2020-07-15 21:00:00,68.6,0.0,68.6,175.0,39.2,39.2,False
A8,2020-07-15 22:00:00,72.4,0.0,72.4,175.0,41.4,41.4,False
A8,2020-07-15 23:00:00,76.47,0.0,76.47,175.0,43.7,43.7,False
A8,2020-07-16 00:00:00,72.7,0.0,72.7,175.0,41.5,41.5,False
A8,2020-07-16 02:00:00,47.9,0.0,47.9,175.0,27.4,27.4,False
A8,2020-07-16 04:00:00,80.53,0.0,80.53,175.0,46.0,46.0,False
A8,2020-07-16 06:00:00,74.07,0.0,74.07,175.0,42.3,42.3,False
A8,2020-07-16 08:00:00,68.38,0.0,68.38,175.0,39.1,39.1,False
A8,2020-07-16 10:00:00,55.15,0.0,55.15,175.0,31.5,31.5,False
A8,2020-07-16 12:00:00,44.94,0.0,44.94,175.0,25.7,25.7,False
A8,2020-07-16 14:00:00,39.63,0.0,39.63,175.0,22.6,22.6,False
A8,2020-07-16 16:00:00,43.08,0.0,43.08,175.0,24.6,24.6,False
A8,2020-07-16 18:00:00,51.8,0.0,51.8,175.0,29.6,29.6,False
A8,2020-07-16 20:00:00,60.77,0.0,60.77,175.0,34.7,34.7,False
A8,2020-07-16 22:00:00,61.19,0.0,61.19,175.0,35.0,35.0,False
A9,2020-07-15 00:00:00,112.91,0.0,112.91,175.0,64.5,64.5,False
A9,2020-07-15 01:00:00,94.32,0.0,94.32,175.0,53.9,53.9,False
A9,2020-07-15 02:00:00,128.59,0.0,128.59,175.0,73.5,73.5,False
A9,2020-07-15 03:00:00,125.42,0.0,125.42,175.0,71.7,71.7,False
A9,2020-07-15 04:00:00,91.65,0.0,91.65,175.0,52.4,52.4,False
A9,2020-07-15 05:00:00,31.6,0.0,31.6,175.0,18.1,18.1,False
A9,2020-07-15 06:00:00,127.75,0.0,127.75,175.0,73.0,73.0,False
A9,2020-07-15 07:00:00,123.08,0.0,123.08,175.0,70.3,70.3,False
A9,2020-07-15 08:00:00,119.83,0.0,119.83,175.0,68.5,68.5,False
A9,2020-07-15 09:00:00,116.19,0.0,116.19,175.0,66.4,66.4,False
A9,2020-07-15 10:00:00,112.96,0.0,112.96,175.0,64.5,64.5,False
A9,2020-07-15 11:00:00,107.59,0.0,107.59,175.0,61.5,61.5,False
A9,2020-07-15 12:00:00,102.66,0.0,102.66,175.0,58.7,58.7,False
A9,2020-07-15 13:00:00,98.73,0.0,98.73,175.0,56.4,56.4,False
A9,2020-07-15 14:00:00,96.57,0.0,96.57,175.0,55.2,55.2,False
A9,2020-07-15 15:00:00,102.87,0.0,102.87,175.0,58.8,58.8,False
A9,2020-07-15 16:00:00,97.42,0.0,97.42,175.0,55.7,55.7,False
A9,2020-07-15 17:00:00,101.44,0.0,101.44,175.0,58.0,58.0,False
A9,2020-07-15 18:00:00,106.94,0.0,106.94,175.0,61.1,61.1,False
A9,2020-07-15 19:00:00,110.17,0.0,110.17,175.0,63.0,63.0,False
A9,2020-07-15 20:00:00,113.15,0.0,113.15,175.0,64.7,64.7,False
A9,2020-07-15 21:00:00,117.94,0.0,117.94,175.0,67.4,67.4,False
A9,2020-07-15 22:00:00,122.62,0.0,122.62,175.0,70.1,70.1,False
A9,2020-07-15 23:00:00,126.2,0.0,126.2,175.0,72.1,72.1,False
A9,2020-07-16 00:00:00,121.75,0.0,121.75,175.0,69.6,69.6,False
A9,2020-07-16 02:00:00,91.24,0.0,91.24,175.0,52.1,52.1,False
A9,2020-07-16 04:00:00,129.83,0.0,129.83,175.0,74.2,74.2,False
A9,2020-07-16 06:00:00,123.21,0.0,123.21,175.0,70.4,70.4,False
A9,2020-07-16 08:00:00,115.74,0.0,115.74,175.0,66.1,66.1,False
A9,2020-07-16 10:00:00,106.99,0.0,106.99,175.0,61.1,61.1,False
A9,2020-07-16 12:00:00,96.94,0.0,96.94,175.0,55.4,55.4,False
A9,2020-07-16 14:00:00,92.59,0.0,92.59,175.0,52.9,52.9,False
A9,2020-07-16 16:00:00,96.02,0.0,96.02,175.0,54.9,54.9,False
A9,2020-07-16 18:00:00,104.76,0.0,104.76,175.0,59.9,59.9,False
A9,2020-07-16 20:00:00,113.52,0.0,113.52,175.0,64.9,64.9,False
A9,2020-07-16 22:00:00,112.1,0.0,112.1,175.0,64.1,64.1,False
A10,2020-07-15 00:00:00,22.19,0.0,22.19,175.0,12.7,12.7,False
A10,2020-07-15 01:00:00,12.0,0.0,12.0,175.0,6.9,6.9,False
A10,2020-07-15 02:00:00,36.03,0.0,36.03,175.0,20.6,20.6,False
A10,2020-07-15 03:00:00,33.84,0.0,33.84,175.0,19.3,19.3,False
A10,2020-07-15 04:00:00,10.69,0.0,10.69,175.0,6.1,6.1,False
A10,2020-07-15 05:00:00,-22.37,0.0,22.37,175.0,12.8,12.8,False
A10,2020-07-15 06:00:00,30.1,0.0,30.1,175.0,17.2,17.2,False
A10,2020-07-15 07:00:00,21.41,0.0,21.41,175.0,12.2,12.2,False
A10,2020-07-15 08:00:00,15.39,0.0,15.39,175.0,8.8,8.8,False
A10,2020-07-15 09:00:00,8.63,0.0,8.63,175.0,4.9,4.9,False
A10,2020-07-15 10:00:00,2.62,0.0,2.62,175.0,1.5,1.5,False
A10,2020-07-15 11:00:00,-4.48,0.0,4.48,175.0,2.6,2.6,False
A10,2020-07-15 12:00:00,-11.07,0.0,11.07,175.0,6.3,6.3,False
A10,2020-07-15 13:00:00,-16.29,0.0,16.29,175.0,9.3,9.3,False
A10,2020-07-15 14:00:00,-19.22,0.0,19.22,175.0,11.0,11.0,False
A10,2020-07-15 15:00:00,-15.54,0.0,15.54,175.0,8.9,8.9,False
A10,2020-07-15 16:00:00,-18.55,0.0,18.55,175.0,10.6,10.6,False
A10,2020-07-15 17:00:00,-13.61,0.0,13.61,175.0,7.8,7.8,False
A10,2020-07-15 18:00:00,-6.89,0.0,6.89,175.0,3.9,3.9,False
A10,2020-07-15 19:00:00,-2.62,0.0,2.62,175.0,1.5,1.5,False
A10,2020-07-15 20:00:00,2.92,0.0,2.92,175.0,1.7,1.7,False
A10,2020-07-15 21:00:00,11.87,0.0,11.87,175.0,6.8,6.8,False
A10,2020-07-15 22:00:00,20.55,0.0,20.55,175.0,11.7,11.7,False
A10,2020-07-15 23:00:00,27.2,0.0,27.2,175.0,15.5,15.5,False
A10,2020-07-16 00:00:00,26.49,0.0,26.49,175.0,15.1,15.1,False
A10,2020-07-16 02:00:00,8.28,0.0,8.28,175.0,4.7,4.7,False
A10,2020-07-16 04:00:00,33.17,0.0,33.17,175.0,19.0,19.0,False
A10,2020-07-16 06:00:00,21.65,0.0,21.65,175.0,12.4,12.4,False
A10,2020-07-16 08:00:00,7.81,0.0,7.81,175.0,4.5,4.5,False
A10,2020-07-16 10:00:00,-6.29,0.0,6.29,175.0,3.6,3.6,False
A10,2020-07-16 12:00:00,-19.18,0.0,19.18,175.0,11.0,11.0,False
A10,2020-07-16 14:00:00,-25.1,0.0,25.1,175.0,14.3,14.3,False
A10,2020-07-16 16:00:00,-20.71,0.0,20.71,175.0,11.8,11.8,False
A10,2020-07-16 18:00:00,-9.56,0.0,9.56,175.0,5.5,5.5,False
A10,2020-07-16 20:00:00,3.6,0.0,3.6,175.0,2.1,2.1,False
A10,2020-07-16 22:00:00,14.6,0.0,14.6,175.0,8.3,8.3,False
A11,2020-07-15 00:00:00,22.26,0.0,22.26,175.0,12.7,12.7,False
A11,2020-07-15 01:00:00,30.13,0.0,30.13,175.0,17.2,17.2,False
A11,2020-07-15 02:00:00,15.74,0.0,15.74,175.0,9.0,9.0,False
A11,2020-07-15 03:00:00,19.64,0.0,19.64,175.0,11.2,11.2,False
A11,2020-07-15 04:00:00,37.2,0.0,37.2,175.0,21.3,21.3,False
A11,2020-07-15 05:00:00,71.68,0.0,71.68,175.0,41.0,41.0,False
A11,2020-07-15 06:00:00,19.08,0.0,19.08,175.0,10.9,10.9,False
A11,2020-07-15 07:00:00,39.58,0.0,39.58,175.0,22.6,22.6,False
A11,2020-07-15 08:00:00,139.44,0.0,139.44,175.0,79.7,79.7,False
A11,2020-07-15 09:00:00,149.83,0.0,149.83,175.0,85.6,85.6,False
A11,2020-07-15 10:00:00,156.31,0.0,156.31,175.0,89.3,89.3,False
A11,2020-07-15 11:00:00,160.19,0.0,160.19,175.0,91.5,91.5,False
A11,2020-07-15 12:00:00,162.64,0.0,162.64,175.0,92.9,92.9,False
A11,2020-07-15 13:00:00,161.24,0.0,161.24,175.0,92.1,92.1,False
A11,2020-07-15 14:00:00,151.44,0.0,151.44,175.0,86.5,86.5,False
A11,2020-07-15 15:00:00,153.13,0.0,153.13,175.0,87.5,87.5,False
A11,2020-07-15 16:00:00,147.92,0.0,147.92,175.0,84.5,84.5,False
A11,2020-07-15 17:00:00,145.51,0.0,145.51,175.0,83.1,83.1,False
A11,2020-07-15 18:00:00,137.76,0.0,137.76,175.0,78.7,78.7,False
A11,2020-07-15 19:00:00,129.18,0.0,129.18,175.0,73.8,73.8,False
A11,2020-07-15 20:00:00,127.58,0.0,127.58,175.0,72.9,72.9,False
A11,2020-07-15 21:00:00,137.62,0.0,137.62,175.0,78.6,78.6,False
A11,2020-07-15 22:00:00,16.17,0.0,16.17,175.0,9.2,9.2,False
A11,2020-07-15 23:00:00,26.8,0.0,26.8,175.0,15.3,15.3,False
A11,2020-07-16 00:00:00,29.33,0.0,29.33,175.0,16.8,16.8,False
A11,2020-07-16 02:00:00,43.12,0.0,43.12,175.0,24.6,24.6,False
A11,2020-07-16 04:00:00,28.99,0.0,28.99,175.0,16.6,16.6,False
A11,2020-07-16 06:00:00,29.53,0.0,29.53,175.0,16.9,16.9,False
A11,2020-07-16 08:00:00,151.05,0.0,151.05,175.0,86.3,86.3,False
A11,2020-07-16 10:00:00,133.76,0.0,133.76,175.0,76.4,76.4,False
A11,2020-07-16 12:00:00,155.4,0.0,155.4,175.0,88.8,88.8,False
A11,2020-07-16 14:00:00,145.63,0.0,145.63,175.0,83.2,83.2,False
A11,2020-07-16 16:00:00,142.04,0.0,142.04,175.0,81.2,81.2,False
A11,2020-07-16 18:00:00,141.07,0.0,141.07,175.0,80.6,80.6,False
A11,2020-07-16 20:00:00,119.67,0.0,119.67,175.0,68.4,68.4,False
A11,2020-07-16 22:00:00,-81.58,0.0,81.58,175.0,46.6,46.6,False
AB1,2020-07-15 00:00:00,74.45,0.0,74.45,175.0,42.5,42.5,False
AB1,2020-07-15 01:00:00,70.72,0.0,70.72,175.0,40.4,40.4,False
AB1,2020-07-15 02:00:00,85.76,0.0,85.76,175.0,49.0,49.0,False
AB1,2020-07-15 03:00:00,81.85,0.0,81.85,175.0,46.8,46.8,False
AB1,2020-07-15 04:00:00,64.15,0.0,64.15,175.0,36.7,36.7,False
AB1,2020-07-15 05:00:00,29.07,0.0,29.07,175.0,16.6,16.6,False
AB1,2020-07-15 06:00:00,72.21,0.0,72.21,175.0,41.3,41.3,False
AB1,2020-07-15 07:00:00,48.22,0.0,48.22,175.0,27.6,27.6,False
AB1,2020-07-15 08:00:00,123.13,0.0,123.13,175.0,70.4,70.4,False
AB1,2020-07-15 09:00:00,106.37,0.0,106.37,175.0,60.8,60.8,False
AB1,2020-07-15 10:00:00,94.26,0.0,94.26,175.0,53.9,53.9,False
AB1,2020-07-15 11:00:00,85.04,0.0,85.04,175.0,48.6,48.6,False
AB1,2020-07-15 12:00:00,77.56,0.0,77.56,175.0,44.3,44.3,False
AB1,2020-07-15 13:00:00,75.01,0.0,75.01,175.0,42.9,42.9,False
AB1,2020-07-15 14:00:00,82.54,0.0,82.54,175.0,47.2,47.2,False
AB1,2020-07-15 15:00:00,79.47,0.0,79.47,175.0,45.4,45.4,False
AB1,2020-07-15 16:00:00,86.21,0.0,86.21,175.0,49.3,49.3,False
AB1,2020-07-15 17:00:00,92.06,0.0,92.06,175.0,52.6,52.6,False
AB1,2020-07-15 18:00:00,104.46,0.0,104.46,175.0,59.7,59.7,False
AB1,2020-07-15 19:00:00,116.24,0.0,116.24,175.0,66.4,66.4,False
AB1,2020-07-15 20:00:00,123.07,0.0,123.07,175.0,70.3,70.3,False
AB1,2020-07-15 21:00:00,121.57,0.0,121.57,175.0,69.5,69.5,False
AB1,2020-07-15 22:00:00,66.08,0.0,66.08,175.0,37.8,37.8,False
AB1,2020-07-15 23:00:00,61.69,0.0,61.69,175.0,35.3,35.3,False
AB1,2020-07-16 00:00:00,64.54,0.0,64.54,175.0,36.9,36.9,False
AB1,2020-07-16 02:00:00,55.2,0.0,55.2,175.0,31.5,31.5,False
AB1,2020-07-16 04:00:00,66.07,0.0,66.07,175.0,37.8,37.8,False
AB1,2020-07-16 06:00:00,53.81,0.0,53.81,175.0,30.7,30.7,False
AB1,2020-07-16 08:00:00,104.45,0.0,104.45,175.0,59.7,59.7,False
AB1,2020-07-16 10:00:00,109.33,0.0,109.33,175.0,62.5,62.5,False
AB1,2020-07-16 12:00:00,78.26,0.0,78.26,175.0,44.7,44.7,False
AB1,2020-07-16 14:00:00,83.43,0.0,83.43,175.0,47.7,47.7,False
AB1,2020-07-16 16:00:00,90.21,0.0,90.21,175.0,51.6,51.6,False
AB1,2020-07-16 18:00:00,99.3,0.0,99.3,175.0,56.7,56.7,False
AB1,2020-07-16 20:00:00,120.36,0.0,120.36,175.0,68.8,68.8,False
AB1,2020-07-16 22:00:00,-5.59,0.0,5.59,175.0,3.2,3.2,False
A12-1,2020-07-15 00:00:00,-37.92,0.0,37.92,175.0,21.7,21.7,False
A12-1,2020-07-15 01:00:00,-32.18,0.0,32.18,175.0,18.4,18.4,False
A12-1,2020-07-15 02:00:00,-36.07,0.0,36.07,175.0,20.6,20.6,False
A12-1,2020-07-15 03:00:00,-34.24,0.0,34.24,175.0,19.6,19.6,False
A12-1,2020-07-15 04:00:00,-28.18,0.0,28.18,175.0,16.1,16.1,False
A12-1,2020-07-15 05:00:00,-15.97,0.0,15.97,175.0,9.1,9.1,False
A12-1,2020-07-15 06:00:00,-41.15,0.0,41.15,175.0,23.5,23.5,False
A12-1,2020-07-15 07:00:00,-36.79,0.0,36.79,175.0,21.0,21.0,False
A12-1,2020-07-15 08:00:00,10.22,0.0,10.22,175.0,5.8,5.8,False
A12-1,2020-07-15 09:00:00,10.45,0.0,10.45,175.0,6.0,6.0,False
A12-1,2020-07-15 10:00:00,9.81,0.0,9.81,175.0,5.6,5.6,False
A12-1,2020-07-15 11:00:00,7.37,0.0,7.37,175.0,4.2,4.2,False
A12-1,2020-07-15 12:00:00,4.12,0.0,4.12,175.0,2.4,2.4,False
A12-1,2020-07-15 13:00:00,-0.03,0.0,0.03,175.0,0.0,0.0,False
A12-1,2020-07-15 14:00:00,-7.02,0.0,7.02,175.0,4.0,4.0,False
A12-1,2020-07-15 15:00:00,-7.14,0.0,7.14,175.0,4.1,4.1,False
A12-1,2020-07-15 16:00:00,-9.33,0.0,9.33,175.0,5.3,5.3,False
A12-1,2020-07-15 17:00:00,-8.12,0.0,8.12,175.0,4.6,4.6,False
A12-1,2020-07-15 18:00:00,-8.77,0.0,8.77,175.0,5.0,5.0,False
A12-1,2020-07-15 19:00:00,-10.57,0.0,10.57,175.0,6.0,6.0,False
A12-1,2020-07-15 20:00:00,-7.34,0.0,7.34,175.0,4.2,4.2,False
A12-1,2020-07-15 21:00:00,5.76,0.0,5.76,175.0,3.3,3.3,False
A12-1,2020-07-15 22:00:00,-50.27,0.0,50.27,175.0,28.7,28.7,False
A12-1,2020-07-15 23:00:00,-40.43,0.0,40.43,175.0,23.1,23.1,False
A12-1,2020-07-16 00:00:00,-35.36,0.0,35.36,175.0,20.2,20.2,False
A12-1,2020-07-16 02:00:00,-27.32,0.0,27.32,175.0,15.6,15.6,False
A12-1,2020-07-16 04:00:00,-33.82,0.0,33.82,175.0,19.3,19.3,False
A12-1,2020-07-16 06:00:00,-42.04,0.0,42.04,175.0,24.0,24.0,False
A12-1,2020-07-16 08:00:00,11.52,0.0,11.52,175.0,6.6,6.6,False
A12-1,2020-07-16 10:00:00,-9.21,0.0,9.21,175.0,5.3,5.3,False
A12-1,2020-07-16 12:00:00,-5.99,0.0,5.99,175.0,3.4,3.4,False
A12-1,2020-07-16 14:00:00,-15.11,0.0,15.11,175.0,8.6,8.6,False
A12-1,2020-07-16 16:00:00,-14.35,0.0,14.35,175.0,8.2,8.2,False
A12-1,2020-07-16 18:00:00,-8.4,0.0,8.4,175.0,4.8,4.8,False
A12-1,2020-07-16 20:00:00,-11.04,0.0,11.04,175.0,6.3,6.3,False
A12-1,2020-07-16 22:00:00,-102.11,0.0,102.11,175.0,58.3,58.3,False
A13-2,2020-07-15 00:00:00,-38.01,0.0,38.01,175.0,21.7,21.7,False
A13-2,2020-07-15 01:00:00,-30.41,0.0,30.41,175.0,17.4,17.4,False
A13-2,2020-07-15 02:00:00,-39.69,0.0,39.69,175.0,22.7,22.7,False
A13-2,2020-07-15 03:00:00,-37.66,0.0,37.66,175.0,21.5,21.5,False
A13-2,2020-07-15 04:00:00,-26.7,0.0,26.7,175.0,15.3,15.3,False
A13-2,2020-07-15 05:00:00,-6.62,0.0,6.62,175.0,3.8,3.8,False
A13-2,2020-07-15 06:00:00,-45.27,0.0,45.27,175.0,25.9,25.9,False
A13-2,2020-07-15 07:00:00,-40.25,0.0,40.25,175.0,23.0,23.0,False
A13-2,2020-07-15 08:00:00,5.06,0.0,5.06,175.0,2.9,2.9,False
A13-2,2020-07-15 09:00:00,6.51,0.0,6.51,175.0,3.7,3.7,False
A13-2,2020-07-15 10:00:00,5.98,0.0,5.98,175.0,3.4,3.4,False
A13-2,2020-07-15 11:00:00,4.95,0.0,4.95,175.0,2.8,2.8,False
A13-2,2020-07-15 12:00:00,3.72,0.0,3.72,175.0,2.1,2.1,False
A13-2,2020-07-15 13:00:00,1.03,0.0,1.03,175.0,0.6,0.6,False
A13-2,2020-07-15 14:00:00,-4.91,0.0,4.91,175.0,2.8,2.8,False
A13-2,2020-07-15 15:00:00,-4.95,0.0,4.95,175.0,2.8,2.8,False
A13-2,2020-07-15 16:00:00,-5.93,0.0,5.93,175.0,3.4,3.4,False
A13-2,2020-07-15 17:00:00,-4.84,0.0,4.84,175.0,2.8,2.8,False
A13-2,2020-07-15 18:00:00,-5.56,0.0,5.56,175.0,3.2,3.2,False
A13-2,2020-07-15 19:00:00,-7.94,0.0,7.94,175.0,4.5,4.5,False
A13-2,2020-07-15 20:00:00,-5.64,0.0,5.64,175.0,3.2,3.2,False
A13-2,2020-07-15 21:00:00,3.03,0.0,3.03,175.0,1.7,1.7,False
A13-2,2020-07-15 22:00:00,-51.45,0.0,51.45,175.0,29.4,29.4,False
A13-2,2020-07-15 23:00:00,-42.14,0.0,42.14,175.0,24.1,24.1,False
A13-2,2020-07-16 00:00:00,-37.29,0.0,37.29,175.0,21.3,21.3,False
A13-2,2020-07-16 02:00:00,-25.73,0.0,25.73,175.0,14.7,14.7,False
A13-2,2020-07-16 04:00:00,-37.48,0.0,37.48,175.0,21.4,21.4,False
A13-2,2020-07-16 06:00:00,-44.79,0.0,44.79,175.0,25.6,25.6,False
A13-2,2020-07-16 08:00:00,5.75,0.0,5.75,175.0,3.3,3.3,False
A13-2,2020-07-16 10:00:00,-7.89,0.0,7.89,175.0,4.5,4.5,False
A13-2,2020-07-16 12:00:00,-2.44,0.0,2.44,175.0,1.4,1.4,False
A13-2,2020-07-16 14:00:00,-9.43,0.0,9.43,175.0,5.4,5.4,False
A13-2,2020-07-16 16:00:00,-9.38,0.0,9.38,175.0,5.4,5.4,False
A13-2,2020-07-16 18:00:00,-5.16,0.0,5.16,175.0,2.9,2.9,False
A13-2,2020-07-16 20:00:00,-9.01,0.0,9.01,175.0,5.1,5.1,False
A13-2,2020-07-16 22:00:00,-96.85,0.0,96.85,175.0,55.3,55.3,False
A14,2020-07-15 00:00:00,-10.61,0.0,10.61,400.0,2.7,2.7,False
A14,2020-07-15 01:00:00,-14.4,0.0,14.4,400.0,3.6,3.6,False
A14,2020-07-15 02:00:00,0.72,0.0,0.72,400.0,0.2,0.2,False
A14,2020-07-15 03:00:00,-0.11,0.0,0.11,400.0,0.0,0.0,False
A14,2020-07-15 04:00:00,-13.72,0.0,13.72,400.0,3.4,3.4,False
A14,2020-07-15 05:00:00,-34.46,0.0,34.46,400.0,8.6,8.6,False
A14,2020-07-15 06:00:00,-7.0,0.0,7.0,400.0,1.7,1.7,False
A14,2020-07-15 07:00:00,-11.99,0.0,11.99,400.0,3.0,3.0,False
A14,2020-07-15 08:00:00,1.27,0.0,1.27,400.0,0.3,0.3,False
A14,2020-07-15 09:00:00,-5.12,0.0,5.12,400.0,1.3,1.3,False
A14,2020-07-15 10:00:00,-11.14,0.0,11.14,400.0,2.8,2.8,False
A14,2020-07-15 11:00:00,-18.25,0.0,18.25,400.0,4.6,4.6,False
A14,2020-07-15 12:00:00,-25.12,0.0,25.12,400.0,6.3,6.3,False
A14,2020-07-15 13:00:00,-30.6,0.0,30.6,400.0,7.7,7.7,False
A14,2020-07-15 14:00:00,-34.66,0.0,34.66,400.0,8.7,8.7,False
A14,2020-07-15 15:00:00,-33.42,0.0,33.42,400.0,8.4,8.4,False
A14,2020-07-15 16:00:00,-35.81,0.0,35.81,400.0,9.0,9.0,False
A14,2020-07-15 17:00:00,-31.65,0.0,31.65,400.0,7.9,7.9,False
A14,2020-07-15 18:00:00,-25.91,0.0,25.91,400.0,6.5,6.5,False
A14,2020-07-15 19:00:00,-22.8,0.0,22.8,400.0,5.7,5.7,False
A14,2020-07-15 20:00:00,-16.27,0.0,16.27,400.0,4.1,4.1,False
A14,2020-07-15 21:00:00,-3.32,0.0,3.32,400.0,0.8,0.8,False
A14,2020-07-15 22:00:00,-17.61,0.0,17.61,400.0,4.4,4.4,False
A14,2020-07-15 23:00:00,-10.87,0.0,10.87,400.0,2.7,2.7,False
A14,2020-07-16 00:00:00,-7.54,0.0,7.54,400.0,1.9,1.9,False
A14,2020-07-16 02:00:00,-15.88,0.0,15.88,400.0,4.0,4.0,False
A14,2020-07-16 04:00:00,-2.15,0.0,2.15,400.0,0.5,0.5,False
A14,2020-07-16 06:00:00,-14.24,0.0,14.24,400.0,3.6,3.6,False
A14,2020-07-16 08:00:00,-5.33,0.0,5.33,400.0,1.3,1.3,False
A14,2020-07-16 10:00:00,-25.45,0.0,25.45,400.0,6.4,6.4,False
A14,2020-07-16 12:00:00,-35.5,0.0,35.5,400.0,8.9,8.9,False
A14,2020-07-16 14:00:00,-42.88,0.0,42.88,400.0,10.7,10.7,False
A14,2020-07-16 16:00:00,-39.2,0.0,39.2,400.0,9.8,9.8,False
A14,2020-07-16 18:00:00,-27.45,0.0,27.45,400.0,6.9,6.9,False
A14,2020-07-16 20:00:00,-16.93,0.0,16.93,400.0,4.2,4.2,False
A14,2020-07-16 22:00:00,-42.01,0.0,42.01,400.0,10.5,10.5,False
A15,2020-07-15 00:00:00,-3.81,0.0,3.81,400.0,1.0,1.0,False
A15,2020-07-15 01:00:00,-7.78,0.0,7.78,400.0,1.9,1.9,False
A15,2020-07-15 02:00:00,6.48,0.0,6.48,400.0,1.6,1.6,False
A15,2020-07-15 03:00:00,4.69,0.0,4.69,400.0,1.2,1.2,False
A15,2020-07-15 04:00:00,-9.16,0.0,9.16,400.0,2.3,2.3,False
A15,2020-07-15 05:00:00,-33.53,0.0,33.53,400.0,8.4,8.4,False
A15,2020-07-15 06:00:00,-16.1,0.0,16.1,400.0,4.0,4.0,False
A15,2020-07-15 07:00:00,-29.51,0.0,29.51,400.0,7.4,7.4,False
A15,2020-07-15 08:00:00,-22.01,0.0,22.01,400.0,5.5,5.5,False
A15,2020-07-15 09:00:00,-29.63,0.0,29.63,400.0,7.4,7.4,False
A15,2020-07-15 10:00:00,-41.69,0.0,41.69,400.0,10.4,10.4,False
A15,2020-07-15 11:00:00,-50.93,0.0,50.93,400.0,12.7,12.7,False
A15,2020-07-15 12:00:00,-56.78,0.0,56.78,400.0,14.2,14.2,False
A15,2020-07-15 13:00:00,-63.66,0.0,63.66,400.0,15.9,15.9,False
A15,2020-07-15 14:00:00,-70.05,0.0,70.05,400.0,17.5,17.5,False
A15,2020-07-15 15:00:00,-63.15,0.0,63.15,400.0,15.8,15.8,False
A15,2020-07-15 16:00:00,-63.15,0.0,63.15,400.0,15.8,15.8,False
A15,2020-07-15 17:00:00,-52.37,0.0,52.37,400.0,13.1,13.1,False
A15,2020-07-15 18:00:00,-39.57,0.0,39.57,400.0,9.9,9.9,False
A15,2020-07-15 19:00:00,-34.83,0.0,34.83,400.0,8.7,8.7,False
A15,2020-07-15 20:00:00,-26.07,0.0,26.07,400.0,6.5,6.5,False
A15,2020-07-15 21:00:00,-20.65,0.0,20.65,400.0,5.2,5.2,False
A15,2020-07-15 22:00:00,-28.91,0.0,28.91,400.0,7.2,7.2,False
A15,2020-07-15 23:00:00,-8.51,0.0,8.51,400.0,2.1,2.1,False
A15,2020-07-16 00:00:00,-4.56,0.0,4.56,400.0,1.1,1.1,False
A15,2020-07-16 02:00:00,-13.04,0.0,13.04,400.0,3.3,3.3,False
A15,2020-07-16 04:00:00,-0.25,0.0,0.25,400.0,0.1,0.1,False
A15,2020-07-16 06:00:00,-28.33,0.0,28.33,400.0,7.1,7.1,False
A15,2020-07-16 08:00:00,-39.7,0.0,39.7,400.0,9.9,9.9,False
A15,2020-07-16 10:00:00,-47.78,0.0,47.78,400.0,11.9,11.9,False
A15,2020-07-16 12:00:00,-61.22,0.0,61.22,400.0,15.3,15.3,False
A15,2020-07-16 14:00:00,-69.98,0.0,69.98,400.0,17.5,17.5,False
A15,2020-07-16 16:00:00,-63.54,0.0,63.54,400.0,15.9,15.9,False
A15,2020-07-16 18:00:00,-45.28,0.0,45.28,400.0,11.3,11.3,False
A15,2020-07-16 20:00:00,-25.49,0.0,25.49,400.0,6.4,6.4,False
A15,2020-07-16 22:00:00,-40.64,0.0,40.64,400.0,10.2,10.2,False
A16,2020-07-15 00:00:00,-10.44,0.0,10.44,400.0,2.6,2.6,False
A16,2020-07-15 01:00:00,-17.87,0.0,17.87,400.0,4.5,4.5,False
A16,2020-07-15 02:00:00,7.83,0.0,7.83,400.0,2.0,2.0,False
A16,2020-07-15 03:00:00,6.62,0.0,6.62,400.0,1.7,1.7,False
A16,2020-07-15 04:00:00,-16.62,0.0,16.62,400.0,4.2,4.2,False
A16,2020-07-15 05:00:00,-52.83,0.0,52.83,400.0,13.2,13.2,False
A16,2020-07-15 06:00:00,1.1,0.0,1.1,400.0,0.3,0.3,False
A16,2020-07-15 07:00:00,-5.2,0.0,5.2,400.0,1.3,1.3,False
A16,2020-07-15 08:00:00,11.42,0.0,11.42,400.0,2.9,2.9,False
A16,2020-07-15 09:00:00,2.61,0.0,2.61,400.0,0.7,0.7,False
A16,2020-07-15 10:00:00,-3.63,0.0,3.63,400.0,0.9,0.9,False
A16,2020-07-15 11:00:00,-13.51,0.0,13.51,400.0,3.4,3.4,False
A16,2020-07-15 12:00:00,-24.34,0.0,24.34,400.0,6.1,6.1,False
A16,2020-07-15 13:00:00,-32.68,0.0,32.68,400.0,8.2,8.2,False
A16,2020-07-15 14:00:00,-38.81,0.0,38.81,400.0,9.7,9.7,False
A16,2020-07-15 15:00:00,-37.72,0.0,37.72,400.0,9.4,9.4,False
A16,2020-07-15 16:00:00,-42.49,0.0,42.49,400.0,10.6,10.6,False
A16,2020-07-15 17:00:00,-38.09,0.0,38.09,400.0,9.5,9.5,False
A16,2020-07-15 18:00:00,-32.22,0.0,32.22,400.0,8.1,8.1,False
A16,2020-07-15 19:00:00,-27.97,0.0,27.97,400.0,7.0,7.0,False
A16,2020-07-15 20:00:00,-19.61,0.0,19.61,400.0,4.9,4.9,False
A16,2020-07-15 21:00:00,2.06,0.0,2.06,400.0,0.5,0.5,False
A16,2020-07-15 22:00:00,-15.3,0.0,15.3,400.0,3.8,3.8,False
A16,2020-07-15 23:00:00,-7.51,0.0,7.51,400.0,1.9,1.9,False
A16,2020-07-16 00:00:00,-3.75,0.0,3.75,400.0,0.9,0.9,False
A16,2020-07-16 02:00:00,-19.0,0.0,19.0,400.0,4.8,4.8,False
A16,2020-07-16 04:00:00,5.05,0.0,5.05,400.0,1.3,1.3,False
A16,2020-07-16 06:00:00,-8.85,0.0,8.85,400.0,2.2,2.2,False
A16,2020-07-16 08:00:00,6.0,0.0,6.0,400.0,1.5,1.5,False
A16,2020-07-16 10:00:00,-28.03,0.0,28.03,400.0,7.0,7.0,False
A16,2020-07-16 12:00:00,-42.48,0.0,42.48,400.0,10.6,10.6,False
A16,2020-07-16 14:00:00,-54.03,0.0,54.03,400.0,13.5,13.5,False
A16,2020-07-16 16:00:00,-48.97,0.0,48.97,400.0,12.2,12.2,False
A16,2020-07-16 18:00:00,-33.81,0.0,33.81,400.0,8.5,8.5,False
A16,2020-07-16 20:00:00,-20.92,0.0,20.92,400.0,5.2,5.2,False
A16,2020-07-16 22:00:00,-52.34,0.0,52.34,400.0,13.1,13.1,False
A17,2020-07-15 00:00:00,-3.65,0.0,3.65,400.0,0.9,0.9,False
A17,2020-07-15 01:00:00,-11.24,0.0,11.24,400.0,2.8,2.8,False
A17,2020-07-15 02:00:00,13.59,0.0,13.59,400.0,3.4,3.4,False
A17,2020-07-15 03:00:00,11.42,0.0,11.42,400.0,2.9,2.9,False
A17,2020-07-15 04:00:00,-12.05,0.0,12.05,400.0,3.0,3.0,False
A17,2020-07-15 05:00:00,-51.9,0.0,51.9,400.0,13.0,13.0,False
A17,2020-07-15 06:00:00,-8.01,0.0,8.01,400.0,2.0,2.0,False
A17,2020-07-15 07:00:00,-22.71,0.0,22.71,400.0,5.7,5.7,False
A17,2020-07-15 08:00:00,-11.87,0.0,11.87,400.0,3.0,3.0,False
A17,2020-07-15 09:00:00,-21.91,0.0,21.91,400.0,5.5,5.5,False
A17,2020-07-15 10:00:00,-34.17,0.0,34.17,400.0,8.5,8.5,False
A17,2020-07-15 11:00:00,-46.19,0.0,46.19,400.0,11.5,11.5,False
A17,2020-07-15 12:00:00,-56.01,0.0,56.01,400.0,14.0,14.0,False
A17,2020-07-15 13:00:00,-65.73,0.0,65.73,400.0,16.4,16.4,False
A17,2020-07-15 14:00:00,-74.2,0.0,74.2,400.0,18.6,18.6,False
A17,2020-07-15 15:00:00,-67.45,0.0,67.45,400.0,16.9,16.9,False
A17,2020-07-15 16:00:00,-69.83,0.0,69.83,400.0,17.5,17.5,False
A17,2020-07-15 17:00:00,-58.8,0.0,58.8,400.0,14.7,14.7,False
A17,2020-07-15 18:00:00,-45.88,0.0,45.88,400.0,11.5,11.5,False
A17,2020-07-15 19:00:00,-40.0,0.0,40.0,400.0,10.0,10.0,False
A17,2020-07-15 20:00:00,-29.41,0.0,29.41,400.0,7.4,7.4,False
A17,2020-07-15 21:00:00,-15.27,0.0,15.27,400.0,3.8,3.8,False
A17,2020-07-15 22:00:00,-26.59,0.0,26.59,400.0,6.6,6.6,False
A17,2020-07-15 23:00:00,-5.15,0.0,5.15,400.0,1.3,1.3,False
A17,2020-07-16 00:00:00,-0.76,0.0,0.76,400.0,0.2,0.2,False
A17,2020-07-16 02:00:00,-16.17,0.0,16.17,400.0,4.0,4.0,False
A17,2020-07-16 04:00:00,6.94,0.0,6.94,400.0,1.7,1.7,False
A17,2020-07-16 06:00:00,-22.93,0.0,22.93,400.0,5.7,5.7,False
A17,2020-07-16 08:00:00,-28.36,0.0,28.36,400.0,7.1,7.1,False
A17,2020-07-16 10:00:00,-50.36,0.0,50.36,400.0,12.6,12.6,False
A17,2020-07-16 12:00:00,-68.2,0.0,68.2,400.0,17.0,17.0,False
A17,2020-07-16 14:00:00,-81.14,0.0,81.14,400.0,20.3,20.3,False
A17,2020-07-16 16:00:00,-73.31,0.0,73.31,400.0,18.3,18.3,False
A17,2020-07-16 18:00:00,-51.64,0.0,51.64,400.0,12.9,12.9,False
A17,2020-07-16 20:00:00,-29.48,0.0,29.48,400.0,7.4,7.4,False
A17,2020-07-16 22:00:00,-50.97,0.0,50.97,400.0,12.7,12.7,False
A18,2020-07-15 00:00:00,58.54,0.0,58.54,500.0,11.7,11.7,False
A18,2020-07-15 01:00:00,50.94,0.0,50.94,500.0,10.2,10.2,False
A18,2020-07-15 02:00:00,68.86,0.0,68.86,500.0,13.8,13.8,False
A18,2020-07-15 03:00:00,64.2,0.0,64.2,500.0,12.8,12.8,False
A18,2020-07-15 04:00:00,44.14,0.0,44.14,500.0,8.8,8.8,False
A18,2020-07-15 05:00:00,3.11,0.0,3.11,500.0,0.6,0.6,False
A18,2020-07-15 06:00:00,36.05,0.0,36.05,500.0,7.2,7.2,False
A18,2020-07-15 07:00:00,12.74,0.0,12.74,500.0,2.5,2.5,False
A18,2020-07-15 08:00:00,9.36,0.0,9.36,500.0,1.9,1.9,False
A18,2020-07-15 09:00:00,-1.46,0.0,1.46,500.0,0.3,0.3,False
A18,2020-07-15 10:00:00,-25.82,0.0,25.82,500.0,5.2,5.2,False
A18,2020-07-15 11:00:00,-39.87,0.0,39.87,500.0,8.0,8.0,False
A18,2020-07-15 12:00:00,-44.01,0.0,44.01,500.0,8.8,8.8,False
A18,2020-07-15 13:00:00,-48.26,0.0,48.26,500.0,9.7,9.7,False
A18,2020-07-15 14:00:00,-48.04,0.0,48.04,500.0,9.6,9.6,False
A18,2020-07-15 15:00:00,-37.57,0.0,37.57,500.0,7.5,7.5,False
A18,2020-07-15 16:00:00,-32.82,0.0,32.82,500.0,6.6,6.6,False
A18,2020-07-15 17:00:00,-14.45,0.0,14.45,500.0,2.9,2.9,False
A18,2020-07-15 18:00:00,13.53,0.0,13.53,500.0,2.7,2.7,False
A18,2020-07-15 19:00:00,22.65,0.0,22.65,500.0,4.5,4.5,False
A18,2020-07-15 20:00:00,36.66,0.0,36.66,500.0,7.3,7.3,False
A18,2020-07-15 21:00:00,24.38,0.0,24.38,500.0,4.9,4.9,False
A18,2020-07-15 22:00:00,28.16,0.0,28.16,500.0,5.6,5.6,False
A18,2020-07-15 23:00:00,45.87,0.0,45.87,500.0,9.2,9.2,False
A18,2020-07-16 00:00:00,50.13,0.0,50.13,500.0,10.0,10.0,False
A18,2020-07-16 02:00:00,36.03,0.0,36.03,500.0,7.2,7.2,False
A18,2020-07-16 04:00:00,53.2,0.0,53.2,500.0,10.6,10.6,False
A18,2020-07-16 06:00:00,16.13,0.0,16.13,500.0,3.2,3.2,False
A18,2020-07-16 08:00:00,-31.94,0.0,31.94,500.0,6.4,6.4,False
A18,2020-07-16 10:00:00,-11.94,0.0,11.94,500.0,2.4,2.4,False
A18,2020-07-16 12:00:00,-35.01,0.0,35.01,500.0,7.0,7.0,False
A18,2020-07-16 14:00:00,-34.64,0.0,34.64,500.0,6.9,6.9,False
A18,2020-07-16 16:00:00,-26.3,0.0,26.3,500.0,5.3,5.3,False
A18,2020-07-16 18:00:00,2.58,0.0,2.58,500.0,0.5,0.5,False
A18,2020-07-16 20:00:00,39.94,0.0,39.94,500.0,8.0,8.0,False
A18,2020-07-16 22:00:00,42.05,0.0,42.05,500.0,8.4,8.4,False
A19,2020-07-15 00:00:00,-85.19,0.0,85.19,500.0,17.0,17.0,False
A19,2020-07-15 01:00:00,-88.32,0.0,88.32,500.0,17.7,17.7,False
A19,2020-07-15 02:00:00,-66.3,0.0,66.3,500.0,13.3,13.3,False
A19,2020-07-15 03:00:00,-63.63,0.0,63.63,500.0,12.7,12.7,False
A19,2020-07-15 04:00:00,-79.49,0.0,79.49,500.0,15.9,15.9,False
A19,2020-07-15 05:00:00,-91.64,0.0,91.64,500.0,18.3,18.3,False
A19,2020-07-15 06:00:00,-47.84,0.0,47.84,500.0,9.6,9.6,False
A19,2020-07-15 07:00:00,-35.92,0.0,35.92,500.0,7.2,7.2,False
A19,2020-07-15 08:00:00,-2.87,0.0,2.87,500.0,0.6,0.6,False
A19,2020-07-15 09:00:00,-7.28,0.0,7.28,500.0,1.5,1.5,False
A19,2020-07-15 10:00:00,4.75,0.0,4.75,500.0,0.9,0.9,False
A19,2020-07-15 11:00:00,1.88,0.0,1.88,500.0,0.4,0.4,False
A19,2020-07-15 12:00:00,-11.56,0.0,11.56,500.0,2.3,2.3,False
A19,2020-07-15 13:00:00,-21.05,0.0,21.05,500.0,4.2,4.2,False
A19,2020-07-15 14:00:00,-31.41,0.0,31.41,500.0,6.3,6.3,False
A19,2020-07-15 15:00:00,-39.61,0.0,39.61,500.0,7.9,7.9,False
A19,2020-07-15 16:00:00,-51.4,0.0,51.4,500.0,10.3,10.3,False
A19,2020-07-15 17:00:00,-61.22,0.0,61.22,500.0,12.2,12.2,False
A19,2020-07-15 18:00:00,-77.61,0.0,77.61,500.0,15.5,15.5,False
A19,2020-07-15 19:00:00,-79.42,0.0,79.42,500.0,15.9,15.9,False
A19,2020-07-15 20:00:00,-78.5,0.0,78.5,500.0,15.7,15.7,False
A19,2020-07-15 21:00:00,-31.74,0.0,31.74,500.0,6.3,6.3,False
A19,2020-07-15 22:00:00,-66.94,0.0,66.94,500.0,13.4,13.4,False
A19,2020-07-15 23:00:00,-70.03,0.0,70.03,500.0,14.0,14.0,False
A19,2020-07-16 00:00:00,-67.33,0.0,67.33,500.0,13.5,13.5,False
A19,2020-07-16 02:00:00,-76.01,0.0,76.01,500.0,15.2,15.2,False
A19,2020-07-16 04:00:00,-56.33,0.0,56.33,500.0,11.3,11.3,False
A19,2020-07-16 06:00:00,-45.16,0.0,45.16,500.0,9.0,9.0,False
A19,2020-07-16 08:00:00,26.25,0.0,26.25,500.0,5.3,5.3,False
A19,2020-07-16 10:00:00,-47.59,0.0,47.59,500.0,9.5,9.5,False
A19,2020-07-16 12:00:00,-48.87,0.0,48.87,500.0,9.8,9.8,False
A19,2020-07-16 14:00:00,-68.06,0.0,68.06,500.0,13.6,13.6,False
A19,2020-07-16 16:00:00,-67.71,0.0,67.71,500.0,13.5,13.5,False
A19,2020-07-16 18:00:00,-69.79,0.0,69.79,500.0,14.0,14.0,False
A19,2020-07-16 20:00:00,-83.72,0.0,83.72,500.0,16.7,16.7,False
A19,2020-07-16 22:00:00,-141.45,0.0,141.45,500.0,28.3,28.3,False
A20,2020-07-15 00:00:00,46.64,0.0,46.64,500.0,9.3,9.3,False
A20,2020-07-15 01:00:00,39.34,0.0,39.34,500.0,7.9,7.9,False
A20,2020-07-15 02:00:00,58.78,0.0,58.78,500.0,11.8,11.8,False
A20,2020-07-15 03:00:00,55.81,0.0,55.81,500.0,11.2,11.2,False
A20,2020-07-15 04:00:00,36.15,0.0,36.15,500.0,7.2,7.2,False
A20,2020-07-15 05:00:00,1.47,0.0,1.47,500.0,0.3,0.3,False
A20,2020-07-15 06:00:00,51.98,0.0,51.98,500.0,10.4,10.4,False
A20,2020-07-15 07:00:00,43.39,0.0,43.39,500.0,8.7,8.7,False
A20,2020-07-15 08:00:00,50.11,0.0,50.11,500.0,10.0,10.0,False
A20,2020-07-15 09:00:00,41.44,0.0,41.44,500.0,8.3,8.3,False
A20,2020-07-15 10:00:00,27.64,0.0,27.64,500.0,5.5,5.5,False
A20,2020-07-15 11:00:00,17.32,0.0,17.32,500.0,3.5,3.5,False
A20,2020-07-15 12:00:00,11.4,0.0,11.4,500.0,2.3,2.3,False
A20,2020-07-15 13:00:00,9.58,0.0,9.58,500.0,1.9,1.9,False
A20,2020-07-15 14:00:00,13.89,0.0,13.89,500.0,2.8,2.8,False
A20,2020-07-15 15:00:00,14.45,0.0,14.45,500.0,2.9,2.9,False
A20,2020-07-15 16:00:00,15.03,0.0,15.03,500.0,3.0,3.0,False
A20,2020-07-15 17:00:00,21.8,0.0,21.8,500.0,4.4,4.4,False
A20,2020-07-15 18:00:00,37.43,0.0,37.43,500.0,7.5,7.5,False
A20,2020-07-15 19:00:00,43.7,0.0,43.7,500.0,8.7,8.7,False
A20,2020-07-15 20:00:00,53.82,0.0,53.82,500.0,10.8,10.8,False
A20,2020-07-15 21:00:00,54.71,0.0,54.71,500.0,10.9,10.9,False
A20,2020-07-15 22:00:00,47.92,0.0,47.92,500.0,9.6,9.6,False
A20,2020-07-15 23:00:00,41.74,0.0,41.74,500.0,8.3,8.3,False
A20,2020-07-16 00:00:00,44.91,0.0,44.91,500.0,9.0,9.0,False
A20,2020-07-16 02:00:00,31.07,0.0,31.07,500.0,6.2,6.2,False
A20,2020-07-16 04:00:00,49.88,0.0,49.88,500.0,10.0,10.0,False
A20,2020-07-16 06:00:00,40.78,0.0,40.78,500.0,8.2,8.2,False
A20,2020-07-16 08:00:00,28.2,0.0,28.2,500.0,5.6,5.6,False
A20,2020-07-16 10:00:00,27.13,0.0,27.13,500.0,5.4,5.4,False
A20,2020-07-16 12:00:00,9.99,0.0,9.99,500.0,2.0,2.0,False
A20,2020-07-16 14:00:00,12.8,0.0,12.8,500.0,2.6,2.6,False
A20,2020-07-16 16:00:00,16.3,0.0,16.3,500.0,3.3,3.3,False
A20,2020-07-16 18:00:00,33.77,0.0,33.77,500.0,6.8,6.8,False
A20,2020-07-16 20:00:00,54.91,0.0,54.91,500.0,11.0,11.0,False
A20,2020-07-16 22:00:00,39.64,0.0,39.64,500.0,7.9,7.9,False
A21,2020-07-15 00:00:00,-59.7,0.0,59.7,500.0,11.9,11.9,False
A21,2020-07-15 01:00:00,-63.46,0.0,63.46,500.0,12.7,12.7,False
A21,2020-07-15 02:00:00,-44.7,0.0,44.7,500.0,8.9,8.9,False
A21,2020-07-15 03:00:00,-45.63,0.0,45.63,500.0,9.1,9.1,False
A21,2020-07-15 04:00:00,-62.36,0.0,62.36,500.0,12.5,12.5,False
A21,2020-07-15 05:00:00,-88.14,0.0,88.14,500.0,17.6,17.6,False
A21,2020-07-15 06:00:00,-81.99,0.0,81.99,500.0,16.4,16.4,False
A21,2020-07-15 07:00:00,-101.6,0.0,101.6,500.0,20.3,20.3,False
A21,2020-07-15 08:00:00,-90.18,0.0,90.18,500.0,18.0,18.0,False
A21,2020-07-15 09:00:00,-99.2,0.0,99.2,500.0,19.8,19.8,False
A21,2020-07-15 10:00:00,-109.81,0.0,109.81,500.0,22.0,22.0,False
A21,2020-07-15 11:00:00,-120.67,0.0,120.67,500.0,24.1,24.1,False
A21,2020-07-15 12:00:00,-130.3,0.0,130.3,500.0,26.1,26.1,False
A21,2020-07-15 13:00:00,-145.0,0.0,145.0,500.0,29.0,29.0,False
A21,2020-07-15 14:00:00,-164.11,0.0,164.11,500.0,32.8,32.8,False
A21,2020-07-15 15:00:00,-151.1,0.0,151.1,500.0,30.2,30.2,False
A21,2020-07-15 16:00:00,-153.92,0.0,153.92,500.0,30.8,30.8,False
A21,2020-07-15 17:00:00,-138.9,0.0,138.9,500.0,27.8,27.8,False
A21,2020-07-15 18:00:00,-128.84,0.0,128.84,500.0,25.8,25.8,False
A21,2020-07-15 19:00:00,-124.53,0.0,124.53,500.0,24.9,24.9,False
A21,2020-07-15 20:00:00,-115.26,0.0,115.26,500.0,23.1,23.1,False
A21,2020-07-15 21:00:00,-96.73,0.0,96.73,500.0,19.3,19.3,False
A21,2020-07-15 22:00:00,-109.28,0.0,109.28,500.0,21.9,21.9,False
A21,2020-07-15 23:00:00,-61.19,0.0,61.19,500.0,12.2,12.2,False
A21,2020-07-16 00:00:00,-56.14,0.0,56.14,500.0,11.2,11.2,False
A21,2020-07-16 02:00:00,-65.39,0.0,65.39,500.0,13.1,13.1,False
A21,2020-07-16 04:00:00,-49.23,0.0,49.23,500.0,9.8,9.8,False
A21,2020-07-16 06:00:00,-97.99,0.0,97.99,500.0,19.6,19.6,False
A21,2020-07-16 08:00:00,-102.61,0.0,102.61,500.0,20.5,20.5,False
A21,2020-07-16 10:00:00,-131.31,0.0,131.31,500.0,26.3,26.3,False
A21,2020-07-16 12:00:00,-145.3,0.0,145.3,500.0,29.1,29.1,False
A21,2020-07-16 14:00:00,-169.7,0.0,169.7,500.0,33.9,33.9,False
A21,2020-07-16 16:00:00,-158.98,0.0,158.98,500.0,31.8,31.8,False
A21,2020-07-16 18:00:00,-136.64,0.0,136.64,500.0,27.3,27.3,False
A21,2020-07-16 20:00:00,-115.81,0.0,115.81,500.0,23.2,23.2,False
A21,2020-07-16 22:00:00,-136.3,0.0,136.3,500.0,27.3,27.3,False
A22,2020-07-15 00:00:00,-92.3,0.0,92.3,500.0,18.5,18.5,False
A22,2020-07-15 01:00:00,-92.46,0.0,92.46,500.0,18.5,18.5,False
A22,2020-07-15 02:00:00,-82.27,0.0,82.27,500.0,16.5,16.5,False
A22,2020-07-15 03:00:00,-81.66,0.0,81.66,500.0,16.3,16.3,False
A22,2020-07-15 04:00:00,-89.48,0.0,89.48,500.0,17.9,17.9,False
A22,2020-07-15 05:00:00,-99.09,0.0,99.09,500.0,19.8,19.8,False
A22,2020-07-15 06:00:00,-120.1,0.0,120.1,500.0,24.0,24.0,False
A22,2020-07-15 07:00:00,-137.21,0.0,137.21,500.0,27.4,27.4,False
A22,2020-07-15 08:00:00,-128.2,0.0,128.2,500.0,25.6,25.6,False
A22,2020-07-15 09:00:00,-133.47,0.0,133.47,500.0,26.7,26.7,False
A22,2020-07-15 10:00:00,-137.69,0.0,137.69,500.0,27.5,27.5,False
A22,2020-07-15 11:00:00,-144.09,0.0,144.09,500.0,28.8,28.8,False
A22,2020-07-15 12:00:00,-151.57,0.0,151.57,500.0,30.3,30.3,False
A22,2020-07-15 13:00:00,-166.95,0.0,166.95,500.0,33.4,33.4,False
A22,2020-07-15 14:00:00,-190.64,0.0,190.64,500.0,38.1,38.1,False
A22,2020-07-15 15:00:00,-176.44,0.0,176.44,500.0,35.3,35.3,False
A22,2020-07-15 16:00:00,-179.91,0.0,179.91,500.0,36.0,36.0,False
A22,2020-07-15 17:00:00,-166.89,0.0,166.89,500.0,33.4,33.4,False
A22,2020-07-15 18:00:00,-164.3,0.0,164.3,500.0,32.9,32.9,False
A22,2020-07-15 19:00:00,-162.96,0.0,162.96,500.0,32.6,32.6,False
A22,2020-07-15 20:00:00,-158.2,0.0,158.2,500.0,31.6,31.6,False
A22,2020-07-15 21:00:00,-138.03,0.0,138.03,500.0,27.6,27.6,False
A22,2020-07-15 22:00:00,-148.28,0.0,148.28,500.0,29.7,29.7,False
A22,2020-07-15 23:00:00,-91.25,0.0,91.25,500.0,18.2,18.2,False
A22,2020-07-16 00:00:00,-87.36,0.0,87.36,500.0,17.5,17.5,False
A22,2020-07-16 02:00:00,-90.05,0.0,90.05,500.0,18.0,18.0,False
A22,2020-07-16 04:00:00,-82.41,0.0,82.41,500.0,16.5,16.5,False
A22,2020-07-16 06:00:00,-131.75,0.0,131.75,500.0,26.4,26.4,False
A22,2020-07-16 08:00:00,-129.96,0.0,129.96,500.0,26.0,26.0,False
A22,2020-07-16 10:00:00,-161.37,0.0,161.37,500.0,32.3,32.3,False
A22,2020-07-16 12:00:00,-167.51,0.0,167.51,500.0,33.5,33.5,False
A22,2020-07-16 14:00:00,-196.27,0.0,196.27,500.0,39.3,39.3,False
A22,2020-07-16 16:00:00,-186.25,0.0,186.25,500.0,37.2,37.2,False
A22,2020-07-16 18:00:00,-170.98,0.0,170.98,500.0,34.2,34.2,False
A22,2020-07-16 20:00:00,-159.42,0.0,159.42,500.0,31.9,31.9,False
A22,2020-07-16 22:00:00,-173.83,0.0,173.83,500.0,34.8,34.8,False
AB2,2020-07-15 00:00:00,48.38,0.0,48.38,500.0,9.7,9.7,False
AB2,2020-07-15 01:00:00,41.85,0.0,41.85,500.0,8.4,8.4,False
AB2,2020-07-15 02:00:00,71.41,0.0,71.41,500.0,14.3,14.3,False
AB2,2020-07-15 03:00:00,63.07,0.0,63.07,500.0,12.6,12.6,False
AB2,2020-07-15 04:00:00,29.83,0.0,29.83,500.0,6.0,6.0,False
AB2,2020-07-15 05:00:00,-41.75,0.0,41.75,500.0,8.3,8.3,False
AB2,2020-07-15 06:00:00,47.87,0.0,47.87,500.0,9.6,9.6,False
AB2,2020-07-15 07:00:00,15.91,0.0,15.91,500.0,3.2,3.2,False
AB2,2020-07-15 08:00:00,-1.34,0.0,1.34,500.0,0.3,0.3,False
AB2,2020-07-15 09:00:00,-29.03,0.0,29.03,500.0,5.8,5.8,False
AB2,2020-07-15 10:00:00,-74.8,0.0,74.8,500.0,15.0,15.0,False
AB2,2020-07-15 11:00:00,-104.18,0.0,104.18,500.0,20.8,20.8,False
AB2,2020-07-15 12:00:00,-117.57,0.0,117.57,500.0,23.5,23.5,False
AB2,2020-07-15 13:00:00,-116.72,0.0,116.72,500.0,23.3,23.3,False
AB2,2020-07-15 14:00:00,-93.39,0.0,93.39,500.0,18.7,18.7,False
AB2,2020-07-15 15:00:00,-99.4,0.0,99.4,500.0,19.9,19.9,False
AB2,2020-07-15 16:00:00,-87.51,0.0,87.51,500.0,17.5,17.5,False
AB2,2020-07-15 17:00:00,-68.08,0.0,68.08,500.0,13.6,13.6,False
AB2,2020-07-15 18:00:00,-17.16,0.0,17.16,500.0,3.4,3.4,False
AB2,2020-07-15 19:00:00,3.72,0.0,3.72,500.0,0.7,0.7,False
AB2,2020-07-15 20:00:00,34.14,0.0,34.14,500.0,6.8,6.8,False
AB2,2020-07-15 21:00:00,20.84,0.0,20.84,500.0,4.2,4.2,False
AB2,2020-07-15 22:00:00,44.89,0.0,44.89,500.0,9.0,9.0,False
AB2,2020-07-15 23:00:00,12.53,0.0,12.53,500.0,2.5,2.5,False
AB2,2020-07-16 00:00:00,27.61,0.0,27.61,500.0,5.5,5.5,False
AB2,2020-07-16 02:00:00,10.91,0.0,10.91,500.0,2.2,2.2,False
AB2,2020-07-16 04:00:00,33.39,0.0,33.39,500.0,6.7,6.7,False
AB2,2020-07-16 06:00:00,11.61,0.0,11.61,500.0,2.3,2.3,False
AB2,2020-07-16 08:00:00,-77.6,0.0,77.6,500.0,15.5,15.5,False
AB2,2020-07-16 10:00:00,-53.9,0.0,53.9,500.0,10.8,10.8,False
AB2,2020-07-16 12:00:00,-108.16,0.0,108.16,500.0,21.6,21.6,False
AB2,2020-07-16 14:00:00,-86.09,0.0,86.09,500.0,17.2,17.2,False
AB2,2020-07-16 16:00:00,-77.44,0.0,77.44,500.0,15.5,15.5,False
AB2,2020-07-16 18:00:00,-29.02,0.0,29.02,500.0,5.8,5.8,False
AB2,2020-07-16 20:00:00,41.0,0.0,41.0,500.0,8.2,8.2,False
AB2,2020-07-16 22:00:00,76.39,0.0,76.39,500.0,15.3,15.3,False
A23,2020-07-15 00:00:00,-195.84,0.0,195.84,500.0,39.2,39.2,False
A23,2020-07-15 01:00:00,-192.83,0.0,192.83,500.0,38.6,38.6,False
A23,2020-07-15 02:00:00,-169.3,0.0,169.3,500.0,33.9,33.9,False
A23,2020-07-15 03:00:00,-166.68,0.0,166.68,500.0,33.3,33.3,False
A23,2020-07-15 04:00:00,-183.28,0.0,183.28,500.0,36.7,36.7,False
A23,2020-07-15 05:00:00,-198.43,0.0,198.43,500.0,39.7,39.7,False
A23,2020-07-15 06:00:00,-166.74,0.0,166.74,500.0,33.3,33.3,False
A23,2020-07-15 07:00:00,-167.43,0.0,167.43,500.0,33.5,33.5,False
A23,2020-07-15 08:00:00,-142.9,0.0,142.9,500.0,28.6,28.6,False
A23,2020-07-15 09:00:00,-157.18,0.0,157.18,500.0,31.4,31.4,False
A23,2020-07-15 10:00:00,-153.83,0.0,153.83,500.0,30.8,30.8,False
A23,2020-07-15 11:00:00,-165.04,0.0,165.04,500.0,33.0,33.0,False
A23,2020-07-15 12:00:00,-186.36,0.0,186.36,500.0,37.3,37.3,False
A23,2020-07-15 13:00:00,-202.03,0.0,202.03,500.0,40.4,40.4,False
A23,2020-07-15 14:00:00,-215.95,0.0,215.95,500.0,43.2,43.2,False
A23,2020-07-15 15:00:00,-226.24,0.0,226.24,500.0,45.2,45.2,False
A23,2020-07-15 16:00:00,-235.74,0.0,235.74,500.0,47.1,47.1,False
A23,2020-07-15 17:00:00,-240.21,0.0,240.21,500.0,48.0,48.0,False
A23,2020-07-15 18:00:00,-249.35,0.0,249.35,500.0,49.9,49.9,False
A23,2020-07-15 19:00:00,-246.17,0.0,246.17,500.0,49.2,49.2,False
A23,2020-07-15 20:00:00,-237.16,0.0,237.16,500.0,47.4,47.4,False
A23,2020-07-15 21:00:00,-177.07,0.0,177.07,500.0,35.4,35.4,False
A23,2020-07-15 22:00:00,-199.89,0.0,199.89,500.0,40.0,40.0,False
A23,2020-07-15 23:00:00,-193.34,0.0,193.34,500.0,38.7,38.7,False
A23,2020-07-16 00:00:00,-182.23,0.0,182.23,500.0,36.4,36.4,False
A23,2020-07-16 02:00:00,-184.44,0.0,184.44,500.0,36.9,36.9,False
A23,2020-07-16 04:00:00,-169.31,0.0,169.31,500.0,33.9,33.9,False
A23,2020-07-16 06:00:00,-176.37,0.0,176.37,500.0,35.3,35.3,False
A23,2020-07-16 08:00:00,-124.66,0.0,124.66,500.0,24.9,24.9,False
A23,2020-07-16 10:00:00,-217.93,0.0,217.93,500.0,43.6,43.6,False
A23,2020-07-16 12:00:00,-233.95,0.0,233.95,500.0,46.8,46.8,False
A23,2020-07-16 14:00:00,-260.33,0.0,260.33,500.0,52.1,52.1,False
A23,2020-07-16 16:00:00,-254.99,0.0,254.99,500.0,51.0,51.0,False
A23,2020-07-16 18:00:00,-244.42,0.0,244.42,500.0,48.9,48.9,False
A23,2020-07-16 20:00:00,-241.44,0.0,241.44,500.0,48.3,48.3,False
A23,2020-07-16 22:00:00,-273.95,0.0,273.95,500.0,54.8,54.8,False
A24,2020-07-15 00:00:00,162.23,0.0,162.23,500.0,32.4,32.4,False
A24,2020-07-15 01:00:00,155.48,0.0,155.48,500.0,31.1,31.1,False
A24,2020-07-15 02:00:00,148.15,0.0,148.15,500.0,29.6,29.6,False
A24,2020-07-15 03:00:00,144.82,0.0,144.82,500.0,29.0,29.0,False
A24,2020-07-15 04:00:00,149.3,0.0,149.3,500.0,29.9,29.9,False
A24,2020-07-15 05:00:00,134.79,0.0,134.79,500.0,27.0,27.0,False
A24,2020-07-15 06:00:00,57.53,0.0,57.53,500.0,11.5,11.5,False
A24,2020-07-15 07:00:00,54.6,0.0,54.6,500.0,10.9,10.9,False
A24,2020-07-15 08:00:00,32.63,0.0,32.63,500.0,6.5,6.5,False
A24,2020-07-15 09:00:00,19.6,0.0,19.6,500.0,3.9,3.9,False
A24,2020-07-15 10:00:00,-12.81,0.0,12.81,500.0,2.6,2.6,False
A24,2020-07-15 11:00:00,-12.15,0.0,12.15,500.0,2.4,2.4,False
A24,2020-07-15 12:00:00,5.49,0.0,5.49,500.0,1.1,1.1,False
A24,2020-07-15 13:00:00,8.84,0.0,8.84,500.0,1.8,1.8,False
A24,2020-07-15 14:00:00,4.26,0.0,4.26,500.0,0.9,0.9,False
A24,2020-07-15 15:00:00,32.26,0.0,32.26,500.0,6.5,6.5,False
A24,2020-07-15 16:00:00,40.49,0.0,40.49,500.0,8.1,8.1,False
A24,2020-07-15 17:00:00,66.0,0.0,66.0,500.0,13.2,13.2,False
A24,2020-07-15 18:00:00,95.66,0.0,95.66,500.0,19.1,19.1,False
A24,2020-07-15 19:00:00,99.37,0.0,99.37,500.0,19.9,19.9,False
A24,2020-07-15 20:00:00,109.56,0.0,109.56,500.0,21.9,21.9,False
A24,2020-07-15 21:00:00,68.09,0.0,68.09,500.0,13.6,13.6,False
A24,2020-07-15 22:00:00,93.48,0.0,93.48,500.0,18.7,18.7,False
A24,2020-07-15 23:00:00,143.03,0.0,143.03,500.0,28.6,28.6,False
A24,2020-07-16 00:00:00,149.02,0.0,149.02,500.0,29.8,29.8,False
A24,2020-07-16 02:00:00,142.51,0.0,142.51,500.0,28.5,28.5,False
A24,2020-07-16 04:00:00,144.82,0.0,144.82,500.0,29.0,29.0,False
A24,2020-07-16 06:00:00,74.63,0.0,74.63,500.0,14.9,14.9,False
A24,2020-07-16 08:00:00,-6.33,0.0,6.33,500.0,1.3,1.3,False
A24,2020-07-16 10:00:00,64.46,0.0,64.46,500.0,12.9,12.9,False
A24,2020-07-16 12:00:00,64.67,0.0,64.67,500.0,12.9,12.9,False
A24,2020-07-16 14:00:00,68.98,0.0,68.98,500.0,13.8,13.8,False
A24,2020-07-16 16:00:00,76.19,0.0,76.19,500.0,15.2,15.2,False
A24,2020-07-16 18:00:00,95.39,0.0,95.39,500.0,19.1,19.1,False
A24,2020-07-16 20:00:00,123.19,0.0,123.19,500.0,24.6,24.6,False
A24,2020-07-16 22:00:00,152.6,0.0,152.6,500.0,30.5,30.5,False
A25-1,2020-07-15 00:00:00,-183.81,0.0,183.81,500.0,36.8,36.8,False
A25-1,2020-07-15 01:00:00,-177.92,0.0,177.92,500.0,35.6,35.6,False
A25-1,2020-07-15 02:00:00,-158.3,0.0,158.3,500.0,31.7,31.7,False
A25-1,2020-07-15 03:00:00,-156.58,0.0,156.58,500.0,31.3,31.3,False
A25-1,2020-07-15 04:00:00,-171.91,0.0,171.91,500.0,34.4,34.4,False
A25-1,2020-07-15 05:00:00,-184.19,0.0,184.19,500.0,36.8,36.8,False
A25-1,2020-07-15 06:00:00,-116.56,0.0,116.56,500.0,23.3,23.3,False
A25-1,2020-07-15 07:00:00,-88.63,0.0,88.63,500.0,17.7,17.7,False
A25-1,2020-07-15 08:00:00,-75.86,0.0,75.86,500.0,15.2,15.2,False
A25-1,2020-07-15 09:00:00,-82.67,0.0,82.67,500.0,16.5,16.5,False
A25-1,2020-07-15 10:00:00,-73.5,0.0,73.5,500.0,14.7,14.7,False
A25-1,2020-07-15 11:00:00,-86.08,0.0,86.08,500.0,17.2,17.2,False
A25-1,2020-07-15 12:00:00,-109.8,0.0,109.8,500.0,22.0,22.0,False
A25-1,2020-07-15 13:00:00,-122.51,0.0,122.51,500.0,24.5,24.5,False
A25-1,2020-07-15 14:00:00,-127.67,0.0,127.67,500.0,25.5,25.5,False
A25-1,2020-07-15 15:00:00,-145.88,0.0,145.88,500.0,29.2,29.2,False
A25-1,2020-07-15 16:00:00,-152.06,0.0,152.06,500.0,30.4,30.4,False
A25-1,2020-07-15 17:00:00,-160.88,0.0,160.88,500.0,32.2,32.2,False
A25-1,2020-07-15 18:00:00,-170.9,0.0,170.9,500.0,34.2,34.2,False
A25-1,2020-07-15 19:00:00,-166.7,0.0,166.7,500.0,33.3,33.3,False
A25-1,2020-07-15 20:00:00,-161.25,0.0,161.25,500.0,32.3,32.3,False
A25-1,2020-07-15 21:00:00,-109.22,0.0,109.22,500.0,21.8,21.8,False
A25-1,2020-07-15 22:00:00,-120.11,0.0,120.11,500.0,24.0,24.0,False
A25-1,2020-07-15 23:00:00,-181.59,0.0,181.59,500.0,36.3,36.3,False
A25-1,2020-07-16 00:00:00,-174.93,0.0,174.93,500.0,35.0,35.0,False
A25-1,2020-07-16 02:00:00,-173.0,0.0,173.0,500.0,34.6,34.6,False
A25-1,2020-07-16 04:00:00,-165.44,0.0,165.44,500.0,33.1,33.1,False
A25-1,2020-07-16 06:00:00,-101.85,0.0,101.85,500.0,20.4,20.4,False
A25-1,2020-07-16 08:00:00,-61.65,0.0,61.65,500.0,12.3,12.3,False
A25-1,2020-07-16 10:00:00,-145.01,0.0,145.01,500.0,29.0,29.0,False
A25-1,2020-07-16 12:00:00,-165.36,0.0,165.36,500.0,33.1,33.1,False
A25-1,2020-07-16 14:00:00,-182.54,0.0,182.54,500.0,36.5,36.5,False
A25-1,2020-07-16 16:00:00,-179.55,0.0,179.55,500.0,35.9,35.9,False
A25-1,2020-07-16 18:00:00,-172.68,0.0,172.68,500.0,34.5,34.5,False
A25-1,2020-07-16 20:00:00,-168.94,0.0,168.94,500.0,33.8,33.8,False
A25-1,2020-07-16 22:00:00,-176.53,0.0,176.53,500.0,35.3,35.3,False
A25-2,2020-07-15 00:00:00,-183.81,0.0,183.81,500.0,36.8,36.8,False
A25-2,2020-07-15 01:00:00,-177.92,0.0,177.92,500.0,35.6,35.6,False
A25-2,2020-07-15 02:00:00,-158.3,0.0,158.3,500.0,31.7,31.7,False
A25-2,2020-07-15 03:00:00,-156.58,0.0,156.58,500.0,31.3,31.3,False
A25-2,2020-07-15 04:00:00,-171.91,0.0,171.91,500.0,34.4,34.4,False
A25-2,2020-07-15 05:00:00,-184.19,0.0,184.19,500.0,36.8,36.8,False
A25-2,2020-07-15 06:00:00,-116.56,0.0,116.56,500.0,23.3,23.3,False
A25-2,2020-07-15 07:00:00,-88.63,0.0,88.63,500.0,17.7,17.7,False
A25-2,2020-07-15 08:00:00,-75.86,0.0,75.86,500.0,15.2,15.2,False
A25-2,2020-07-15 09:00:00,-82.67,0.0,82.67,500.0,16.5,16.5,False
A25-2,2020-07-15 10:00:00,-73.5,0.0,73.5,500.0,14.7,14.7,False
A25-2,2020-07-15 11:00:00,-86.08,0.0,86.08,500.0,17.2,17.2,False
A25-2,2020-07-15 12:00:00,-109.8,0.0,109.8,500.0,22.0,22.0,False
A25-2,2020-07-15 13:00:00,-122.51,0.0,122.51,500.0,24.5,24.5,False
A25-2,2020-07-15 14:00:00,-127.67,0.0,127.67,500.0,25.5,25.5,False
A25-2,2020-07-15 15:00:00,-145.88,0.0,145.88,500.0,29.2,29.2,False
A25-2,2020-07-15 16:00:00,-152.06,0.0,152.06,500.0,30.4,30.4,False
A25-2,2020-07-15 17:00:00,-160.88,0.0,160.88,500.0,32.2,32.2,False
A25-2,2020-07-15 18:00:00,-170.9,0.0,170.9,500.0,34.2,34.2,False
A25-2,2020-07-15 19:00:00,-166.7,0.0,166.7,500.0,33.3,33.3,False
A25-2,2020-07-15 20:00:00,-161.25,0.0,161.25,500.0,32.3,32.3,False
A25-2,2020-07-15 21:00:00,-109.22,0.0,109.22,500.0,21.8,21.8,False
A25-2,2020-07-15 22:00:00,-120.11,0.0,120.11,500.0,24.0,24.0,False
A25-2,2020-07-15 23:00:00,-181.59,0.0,181.59,500.0,36.3,36.3,False
A25-2,2020-07-16 00:00:00,-174.93,0.0,174.93,500.0,35.0,35.0,False
A25-2,2020-07-16 02:00:00,-173.0,0.0,173.0,500.0,34.6,34.6,False
A25-2,2020-07-16 04:00:00,-165.44,0.0,165.44,500.0,33.1,33.1,False
A25-2,2020-07-16 06:00:00,-101.85,0.0,101.85,500.0,20.4,20.4,False
A25-2,2020-07-16 08:00:00,-61.65,0.0,61.65,500.0,12.3,12.3,False
A25-2,2020-07-16 10:00:00,-145.01,0.0,145.01,500.0,29.0,29.0,False
A25-2,2020-07-16 12:00:00,-165.36,0.0,165.36,500.0,33.1,33.1,False
A25-2,2020-07-16 14:00:00,-182.54,0.0,182.54,500.0,36.5,36.5,False
A25-2,2020-07-16 16:00:00,-179.55,0.0,179.55,500.0,35.9,35.9,False
A25-2,2020-07-16 18:00:00,-172.68,0.0,172.68,500.0,34.5,34.5,False
A25-2,2020-07-16 20:00:00,-168.94,0.0,168.94,500.0,33.8,33.8,False
A25-2,2020-07-16 22:00:00,-176.53,0.0,176.53,500.0,35.3,35.3,False
A26,2020-07-15 00:00:00,90.16,0.0,90.16,500.0,18.0,18.0,False
A26,2020-07-15 01:00:00,94.83,0.0,94.83,500.0,19.0,19.0,False
A26,2020-07-15 02:00:00,65.95,0.0,65.95,500.0,13.2,13.2,False
A26,2020-07-15 03:00:00,65.71,0.0,65.71,500.0,13.1,13.1,False
A26,2020-07-15 04:00:00,90.09,0.0,90.09,500.0,18.0,18.0,False
A26,2020-07-15 05:00:00,121.89,0.0,121.89,500.0,24.4,24.4,False
A26,2020-07-15 06:00:00,61.86,0.0,61.86,500.0,12.4,12.4,False
A26,2020-07-15 07:00:00,66.59,0.0,66.59,500.0,13.3,13.3,False
A26,2020-07-15 08:00:00,49.21,0.0,49.21,500.0,9.8,9.8,False
A26,2020-07-15 09:00:00,59.74,0.0,59.74,500.0,11.9,11.9,False
A26,2020-07-15 10:00:00,59.69,0.0,59.69,500.0,11.9,11.9,False
A26,2020-07-15 11:00:00,70.5,0.0,70.5,500.0,14.1,14.1,False
A26,2020-07-15 12:00:00,87.36,0.0,87.36,500.0,17.5,17.5,False
A26,2020-07-15 13:00:00,99.28,0.0,99.28,500.0,19.9,19.9,False
A26,2020-07-15 14:00:00,108.33,0.0,108.33,500.0,21.7,21.7,False
A26,2020-07-15 15:00:00,113.38,0.0,113.38,500.0,22.7,22.7,False
A26,2020-07-15 16:00:00,121.17,0.0,121.17,500.0,24.2,24.2,False
A26,2020-07-15 17:00:00,122.05,0.0,122.05,500.0,24.4,24.4,False
A26,2020-07-15 18:00:00,124.3,0.0,124.3,500.0,24.9,24.9,False
A26,2020-07-15 19:00:00,120.36,0.0,120.36,500.0,24.1,24.1,False
A26,2020-07-15 20:00:00,112.47,0.0,112.47,500.0,22.5,22.5,False
A26,2020-07-15 21:00:00,71.74,0.0,71.74,500.0,14.3,14.3,False
A26,2020-07-15 22:00:00,88.2,0.0,88.2,500.0,17.6,17.6,False
A26,2020-07-15 23:00:00,84.34,0.0,84.34,500.0,16.9,16.9,False
A26,2020-07-16 00:00:00,78.85,0.0,78.85,500.0,15.8,15.8,False
A26,2020-07-16 02:00:00,91.55,0.0,91.55,500.0,18.3,18.3,False
A26,2020-07-16 04:00:00,67.29,0.0,67.29,500.0,13.5,13.5,False
A26,2020-07-16 06:00:00,73.45,0.0,73.45,500.0,14.7,14.7,False
A26,2020-07-16 08:00:00,42.05,0.0,42.05,500.0,8.4,8.4,False
A26,2020-07-16 10:00:00,106.06,0.0,106.06,500.0,21.2,21.2,False
A26,2020-07-16 12:00:00,122.37,0.0,122.37,500.0,24.5,24.5,False
A26,2020-07-16 14:00:00,140.58,0.0,140.58,500.0,28.1,28.1,False
A26,2020-07-16 16:00:00,135.58,0.0,135.58,500.0,27.1,27.1,False
A26,2020-07-16 18:00:00,123.42,0.0,123.42,500.0,24.7,24.7,False
A26,2020-07-16 20:00:00,115.75,0.0,115.75,500.0,23.1,23.1,False
A26,2020-07-16 22:00:00,142.17,0.0,142.17,500.0,28.4,28.4,False
A27,2020-07-15 00:00:00,-289.66,0.0,289.66,500.0,57.9,57.9,False
A27,2020-07-15 01:00:00,-277.95,0.0,277.95,500.0,55.6,55.6,False
A27,2020-07-15 02:00:00,-250.03,0.0,250.03,500.0,50.0,50.0,False
A27,2020-07-15 03:00:00,-242.65,0.0,242.65,500.0,48.5,48.5,False
A27,2020-07-15 04:00:00,-255.13,0.0,255.13,500.0,51.0,51.0,False
A27,2020-07-15 05:00:00,-260.17,0.0,260.17,500.0,52.0,52.0,False
A27,2020-07-15 06:00:00,-156.59,0.0,156.59,500.0,31.3,31.3,False
A27,2020-07-15 07:00:00,-118.39,0.0,118.39,500.0,23.7,23.7,False
A27,2020-07-15 08:00:00,-85.07,0.0,85.07,500.0,17.0,17.0,False
A27,2020-07-15 09:00:00,-125.03,0.0,125.03,500.0,25.0,25.0,False
A27,2020-07-15 10:00:00,-122.99,0.0,122.99,500.0,24.6,24.6,False
A27,2020-07-15 11:00:00,-135.03,0.0,135.03,500.0,27.0,27.0,False
A27,2020-07-15 12:00:00,-165.99,0.0,165.99,500.0,33.2,33.2,False
A27,2020-07-15 13:00:00,-181.54,0.0,181.54,500.0,36.3,36.3,False
A27,2020-07-15 14:00:00,-189.52,0.0,189.52,500.0,37.9,37.9,False
A27,2020-07-15 15:00:00,-224.14,0.0,224.14,500.0,44.8,44.8,False
A27,2020-07-15 16:00:00,-240.79,0.0,240.79,500.0,48.2,48.2,False
A27,2020-07-15 17:00:00,-263.24,0.0,263.24,500.0,52.6,52.6,False
A27,2020-07-15 18:00:00,-285.95,0.0,285.95,500.0,57.2,57.2,False
A27,2020-07-15 19:00:00,-281.36,0.0,281.36,500.0,56.3,56.3,False
A27,2020-07-15 20:00:00,-262.1,0.0,262.1,500.0,52.4,52.4,False
A27,2020-07-15 21:00:00,-147.32,0.0,147.32,500.0,29.5,29.5,False
A27,2020-07-15 22:00:00,-169.09,0.0,169.09,500.0,33.8,33.8,False
A27,2020-07-15 23:00:00,-271.19,0.0,271.19,500.0,54.2,54.2,False
A27,2020-07-16 00:00:00,-266.2,0.0,266.2,500.0,53.2,53.2,False
A27,2020-07-16 02:00:00,-259.07,0.0,259.07,500.0,51.8,51.8,False
A27,2020-07-16 04:00:00,-243.29,0.0,243.29,500.0,48.7,48.7,False
A27,2020-07-16 06:00:00,-135.7,0.0,135.7,500.0,27.1,27.1,False
A27,2020-07-16 08:00:00,-36.68,0.0,36.68,500.0,7.3,7.3,False
A27,2020-07-16 10:00:00,-208.52,0.0,208.52,500.0,41.7,41.7,False
A27,2020-07-16 12:00:00,-229.79,0.0,229.79,500.0,46.0,46.0,False
A27,2020-07-16 14:00:00,-258.08,0.0,258.08,500.0,51.6,51.6,False
A27,2020-07-16 16:00:00,-257.09,0.0,257.09,500.0,51.4,51.4,False
A27,2020-07-16 18:00:00,-252.71,0.0,252.71,500.0,50.5,50.5,False
A27,2020-07-16 20:00:00,-261.3,0.0,261.3,500.0,52.3,52.3,False
A27,2020-07-16 22:00:00,-293.05,0.0,293.05,500.0,58.6,58.6,False
A28,2020-07-15 00:00:00,258.3,0.0,258.3,500.0,51.7,51.7,False
A28,2020-07-15 01:00:00,246.26,0.0,246.26,500.0,49.3,49.3,False
A28,2020-07-15 02:00:00,234.87,0.0,234.87,500.0,47.0,47.0,False
A28,2020-07-15 03:00:00,226.79,0.0,226.79,500.0,45.4,45.4,False
A28,2020-07-15 04:00:00,227.23,0.0,227.23,500.0,45.4,45.4,False
A28,2020-07-15 05:00:00,202.88,0.0,202.88,500.0,40.6,40.6,False
A28,2020-07-15 06:00:00,138.24,0.0,138.24,500.0,27.6,27.6,False
A28,2020-07-15 07:00:00,89.88,0.0,89.88,500.0,18.0,18.0,False
A28,2020-07-15 08:00:00,54.62,0.0,54.62,500.0,10.9,10.9,False
A28,2020-07-15 09:00:00,62.17,0.0,62.17,500.0,12.4,12.4,False
A28,2020-07-15 10:00:00,26.54,0.0,26.54,500.0,5.3,5.3,False
A28,2020-07-15 11:00:00,23.78,0.0,23.78,500.0,4.8,4.8,False
A28,2020-07-15 12:00:00,47.06,0.0,47.06,500.0,9.4,9.4,False
A28,2020-07-15 13:00:00,47.14,0.0,47.14,500.0,9.4,9.4,False
A28,2020-07-15 14:00:00,34.81,0.0,34.81,500.0,7.0,7.0,False
A28,2020-07-15 15:00:00,86.04,0.0,86.04,500.0,17.2,17.2,False
A28,2020-07-15 16:00:00,102.66,0.0,102.66,500.0,20.5,20.5,False
A28,2020-07-15 17:00:00,148.89,0.0,148.89,500.0,29.8,29.8,False
A28,2020-07-15 18:00:00,195.84,0.0,195.84,500.0,39.2,39.2,False
A28,2020-07-15 19:00:00,200.7,0.0,200.7,500.0,40.1,40.1,False
A28,2020-07-15 20:00:00,204.83,0.0,204.83,500.0,41.0,41.0,False
A28,2020-07-15 21:00:00,115.47,0.0,115.47,500.0,23.1,23.1,False
A28,2020-07-15 22:00:00,146.31,0.0,146.31,500.0,29.3,29.3,False
A28,2020-07-15 23:00:00,242.72,0.0,242.72,500.0,48.5,48.5,False
A28,2020-07-16 00:00:00,232.9,0.0,232.9,500.0,46.6,46.6,False
A28,2020-07-16 02:00:00,220.78,0.0,220.78,500.0,44.2,44.2,False
A28,2020-07-16 04:00:00,219.65,0.0,219.65,500.0,43.9,43.9,False
A28,2020-07-16 06:00:00,118.45,0.0,118.45,500.0,23.7,23.7,False
A28,2020-07-16 08:00:00,-20.19,0.0,20.19,500.0,4.0,4.0,False
A28,2020-07-16 10:00:00,119.3,0.0,119.3,500.0,23.9,23.9,False
A28,2020-07-16 12:00:00,117.25,0.0,117.25,500.0,23.5,23.5,False
A28,2020-07-16 14:00:00,119.82,0.0,119.82,500.0,24.0,24.0,False
A28,2020-07-16 16:00:00,133.93,0.0,133.93,500.0,26.8,26.8,False
A28,2020-07-16 18:00:00,165.79,0.0,165.79,500.0,33.2,33.2,False
A28,2020-07-16 20:00:00,213.87,0.0,213.87,500.0,42.8,42.8,False
A28,2020-07-16 22:00:00,255.96,0.0,255.96,500.0,51.2,51.2,False
A29,2020-07-15 00:00:00,-67.29,0.0,67.29,500.0,13.5,13.5,False
A29,2020-07-15 01:00:00,-68.52,0.0,68.52,500.0,13.7,13.7,False
A29,2020-07-15 02:00:00,-56.74,0.0,56.74,500.0,11.3,11.3,False
A29,2020-07-15 03:00:00,-58.56,0.0,58.56,500.0,11.7,11.7,False
A29,2020-07-15 04:00:00,-76.26,0.0,76.26,500.0,15.3,15.3,False
A29,2020-07-15 05:00:00,-80.77,0.0,80.77,500.0,16.2,16.2,False
A29,2020-07-15 06:00:00,-0.73,0.0,0.73,500.0,0.1,0.1,False
A29,2020-07-15 07:00:00,25.4,0.0,25.4,500.0,5.1,5.1,False
A29,2020-07-15 08:00:00,37.29,0.0,37.29,500.0,7.5,7.5,False
A29,2020-07-15 09:00:00,-39.84,0.0,39.84,500.0,8.0,8.0,False
A29,2020-07-15 10:00:00,-48.93,0.0,48.93,500.0,9.8,9.8,False
A29,2020-07-15 11:00:00,-53.66,0.0,53.66,500.0,10.7,10.7,False
A29,2020-07-15 12:00:00,-71.45,0.0,71.45,500.0,14.3,14.3,False
A29,2020-07-15 13:00:00,-76.51,0.0,76.51,500.0,15.3,15.3,False
A29,2020-07-15 14:00:00,-72.35,0.0,72.35,500.0,14.5,14.5,False
A29,2020-07-15 15:00:00,-87.99,0.0,87.99,500.0,17.6,17.6,False
A29,2020-07-15 16:00:00,-90.21,0.0,90.21,500.0,18.0,18.0,False
A29,2020-07-15 17:00:00,-105.07,0.0,105.07,500.0,21.0,21.0,False
A29,2020-07-15 18:00:00,-126.08,0.0,126.08,500.0,25.2,25.2,False
A29,2020-07-15 19:00:00,-129.34,0.0,129.34,500.0,25.9,25.9,False
A29,2020-07-15 20:00:00,-99.77,0.0,99.77,500.0,20.0,20.0,False
A29,2020-07-15 21:00:00,18.78,0.0,18.78,500.0,3.8,3.8,False
A29,2020-07-15 22:00:00,-6.14,0.0,6.14,500.0,1.2,1.2,False
A29,2020-07-15 23:00:00,-58.55,0.0,58.55,500.0,11.7,11.7,False
A29,2020-07-16 00:00:00,-62.03,0.0,62.03,500.0,12.4,12.4,False
A29,2020-07-16 02:00:00,-66.37,0.0,66.37,500.0,13.3,13.3,False
A29,2020-07-16 04:00:00,-65.85,0.0,65.85,500.0,13.2,13.2,False
A29,2020-07-16 06:00:00,5.24,0.0,5.24,500.0,1.0,1.0,False
A29,2020-07-16 08:00:00,49.96,0.0,49.96,500.0,10.0,10.0,False
A29,2020-07-16 10:00:00,-135.19,0.0,135.19,500.0,27.0,27.0,False
A29,2020-07-16 12:00:00,-139.55,0.0,139.55,500.0,27.9,27.9,False
A29,2020-07-16 14:00:00,-140.2,0.0,140.2,500.0,28.0,28.0,False
A29,2020-07-16 16:00:00,-144.41,0.0,144.41,500.0,28.9,28.9,False
A29,2020-07-16 18:00:00,-158.76,0.0,158.76,500.0,31.8,31.8,False
A29,2020-07-16 20:00:00,-175.17,0.0,175.17,500.0,35.0,35.0,False
A29,2020-07-16 22:00:00,-197.42,0.0,197.42,500.0,39.5,39.5,False
A30,2020-07-15 00:00:00,-227.98,0.0,227.98,500.0,45.6,45.6,False
A30,2020-07-15 01:00:00,-214.54,0.0,214.54,500.0,42.9,42.9,False
A30,2020-07-15 02:00:00,-199.28,0.0,199.28,500.0,39.9,39.9,False
A30,2020-07-15 03:00:00,-190.03,0.0,190.03,500.0,38.0,38.0,False
A30,2020-07-15 04:00:00,-183.88,0.0,183.88,500.0,36.8,36.8,False
A30,2020-07-15 05:00:00,-180.64,0.0,180.64,500.0,36.1,36.1,False
A30,2020-07-15 06:00:00,-161.76,0.0,161.76,500.0,32.4,32.4,False
A30,2020-07-15 07:00:00,-149.78,0.0,149.78,500.0,30.0,30.0,False
A30,2020-07-15 08:00:00,-128.56,0.0,128.56,500.0,25.7,25.7,False
A30,2020-07-15 09:00:00,-91.41,0.0,91.41,500.0,18.3,18.3,False
A30,2020-07-15 10:00:00,-80.37,0.0,80.37,500.0,16.1,16.1,False
A30,2020-07-15 11:00:00,-87.6,0.0,87.6,500.0,17.5,17.5,False
A30,2020-07-15 12:00:00,-100.65,0.0,100.65,500.0,20.1,20.1,False
A30,2020-07-15 13:00:00,-111.06,0.0,111.06,500.0,22.2,22.2,False
A30,2020-07-15 14:00:00,-123.14,0.0,123.14,500.0,24.6,24.6,False
A30,2020-07-15 15:00:00,-142.2,0.0,142.2,500.0,28.4,28.4,False
A30,2020-07-15 16:00:00,-156.49,0.0,156.49,500.0,31.3,31.3,False
A30,2020-07-15 17:00:00,-164.1,0.0,164.1,500.0,32.8,32.8,False
A30,2020-07-15 18:00:00,-165.83,0.0,165.83,500.0,33.2,33.2,False
A30,2020-07-15 19:00:00,-158.01,0.0,158.01,500.0,31.6,31.6,False
A30,2020-07-15 20:00:00,-168.29,0.0,168.29,500.0,33.7,33.7,False
A30,2020-07-15 21:00:00,-172.19,0.0,172.19,500.0,34.4,34.4,False
A30,2020-07-15 22:00:00,-168.82,0.0,168.82,500.0,33.8,33.8,False
A30,2020-07-15 23:00:00,-218.43,0.0,218.43,500.0,43.7,43.7,False
A30,2020-07-16 00:00:00,-210.08,0.0,210.08,500.0,42.0,42.0,False
A30,2020-07-16 02:00:00,-197.8,0.0,197.8,500.0,39.6,39.6,False
A30,2020-07-16 04:00:00,-183.48,0.0,183.48,500.0,36.7,36.7,False
A30,2020-07-16 06:00:00,-146.88,0.0,146.88,500.0,29.4,29.4,False
A30,2020-07-16 08:00:00,-92.99,0.0,92.99,500.0,18.6,18.6,False
A30,2020-07-16 10:00:00,-79.38,0.0,79.38,500.0,15.9,15.9,False
A30,2020-07-16 12:00:00,-96.14,0.0,96.14,500.0,19.2,19.2,False
A30,2020-07-16 14:00:00,-123.67,0.0,123.67,500.0,24.7,24.7,False
A30,2020-07-16 16:00:00,-118.52,0.0,118.52,500.0,23.7,23.7,False
A30,2020-07-16 18:00:00,-99.89,0.0,99.89,500.0,20.0,20.0,False
A30,2020-07-16 20:00:00,-92.06,0.0,92.06,500.0,18.4,18.4,False
A30,2020-07-16 22:00:00,-100.68,0.0,100.68,500.0,20.1,20.1,False
A31-1,2020-07-15 00:00:00,-126.6,0.0,126.6,500.0,25.3,25.3,False
A31-1,2020-07-15 01:00:00,-122.12,0.0,122.12,500.0,24.4,24.4,False
A31-1,2020-07-15 02:00:00,-114.62,0.0,114.62,500.0,22.9,22.9,False
A31-1,2020-07-15 03:00:00,-115.6,0.0,115.6,500.0,23.1,23.1,False
A31-1,2020-07-15 04:00:00,-125.41,0.0,125.41,500.0,25.1,25.1,False
A31-1,2020-07-15 05:00:00,-131.59,0.0,131.59,500.0,26.3,26.3,False
A31-1,2020-07-15 06:00:00,-100.3,0.0,100.3,500.0,20.1,20.1,False
A31-1,2020-07-15 07:00:00,-98.01,0.0,98.01,500.0,19.6,19.6,False
A31-1,2020-07-15 08:00:00,-99.31,0.0,99.31,500.0,19.9,19.9,False
A31-1,2020-07-15 09:00:00,-22.14,0.0,22.14,500.0,4.4,4.4,False
A31-1,2020-07-15 10:00:00,19.2,0.0,19.2,500.0,3.8,3.8,False
A31-1,2020-07-15 11:00:00,9.64,0.0,9.64,500.0,1.9,1.9,False
A31-1,2020-07-15 12:00:00,-6.06,0.0,6.06,500.0,1.2,1.2,False
A31-1,2020-07-15 13:00:00,-13.92,0.0,13.92,500.0,2.8,2.8,False
A31-1,2020-07-15 14:00:00,-14.92,0.0,14.92,500.0,3.0,3.0,False
A31-1,2020-07-15 15:00:00,-24.5,0.0,24.5,500.0,4.9,4.9,False
A31-1,2020-07-15 16:00:00,-23.69,0.0,23.69,500.0,4.7,4.7,False
A31-1,2020-07-15 17:00:00,-26.52,0.0,26.52,500.0,5.3,5.3,False
A31-1,2020-07-15 18:00:00,-30.8,0.0,30.8,500.0,6.2,6.2,False
A31-1,2020-07-15 19:00:00,-28.14,0.0,28.14,500.0,5.6,5.6,False
A31-1,2020-07-15 20:00:00,-59.72,0.0,59.72,500.0,11.9,11.9,False
A31-1,2020-07-15 21:00:00,-113.16,0.0,113.16,500.0,22.6,22.6,False
A31-1,2020-07-15 22:00:00,-115.08,0.0,115.08,500.0,23.0,23.0,False
A31-1,2020-07-15 23:00:00,-133.03,0.0,133.03,500.0,26.6,26.6,False
A31-1,2020-07-16 00:00:00,-127.51,0.0,127.51,500.0,25.5,25.5,False
A31-1,2020-07-16 02:00:00,-124.41,0.0,124.41,500.0,24.9,24.9,False
A31-1,2020-07-16 04:00:00,-127.72,0.0,127.72,500.0,25.5,25.5,False
A31-1,2020-07-16 06:00:00,-107.86,0.0,107.86,500.0,21.6,21.6,False
A31-1,2020-07-16 08:00:00,-102.27,0.0,102.27,500.0,20.5,20.5,False
A31-1,2020-07-16 10:00:00,-34.12,0.0,34.12,500.0,6.8,6.8,False
A31-1,2020-07-16 12:00:00,-49.0,0.0,49.0,500.0,9.8,9.8,False
A31-1,2020-07-16 14:00:00,-55.54,0.0,55.54,500.0,11.1,11.1,False
A31-1,2020-07-16 16:00:00,-53.35,0.0,53.35,500.0,10.7,10.7,False
A31-1,2020-07-16 18:00:00,-49.62,0.0,49.62,500.0,9.9,9.9,False
A31-1,2020-07-16 20:00:00,-43.32,0.0,43.32,500.0,8.7,8.7,False
A31-1,2020-07-16 22:00:00,-33.11,0.0,33.11,500.0,6.6,6.6,False
A31-2,2020-07-15 00:00:00,-126.6,0.0,126.6,500.0,25.3,25.3,False
A31-2,2020-07-15 01:00:00,-122.12,0.0,122.12,500.0,24.4,24.4,False
A31-2,2020-07-15 02:00:00,-114.62,0.0,114.62,500.0,22.9,22.9,False
A31-2,2020-07-15 03:00:00,-115.6,0.0,115.6,500.0,23.1,23.1,False
A31-2,2020-07-15 04:00:00,-125.41,0.0,125.41,500.0,25.1,25.1,False
A31-2,2020-07-15 05:00:00,-131.59,0.0,131.59,500.0,26.3,26.3,False
A31-2,2020-07-15 06:00:00,-100.3,0.0,100.3,500.0,20.1,20.1,False
A31-2,2020-07-15 07:00:00,-98.01,0.0,98.01,500.0,19.6,19.6,False
A31-2,2020-07-15 08:00:00,-99.31,0.0,99.31,500.0,19.9,19.9,False
A31-2,2020-07-15 09:00:00,-22.14,0.0,22.14,500.0,4.4,4.4,False
A31-2,2020-07-15 10:00:00,19.2,0.0,19.2,500.0,3.8,3.8,False
A31-2,2020-07-15 11:00:00,9.64,0.0,9.64,500.0,1.9,1.9,False
A31-2,2020-07-15 12:00:00,-6.06,0.0,6.06,500.0,1.2,1.2,False
A31-2,2020-07-15 13:00:00,-13.92,0.0,13.92,500.0,2.8,2.8,False
A31-2,2020-07-15 14:00:00,-14.92,0.0,14.92,500.0,3.0,3.0,False
A31-2,2020-07-15 15:00:00,-24.5,0.0,24.5,500.0,4.9,4.9,False
A31-2,2020-07-15 16:00:00,-23.69,0.0,23.69,500.0,4.7,4.7,False
A31-2,2020-07-15 17:00:00,-26.52,0.0,26.52,500.0,5.3,5.3,False
A31-2,2020-07-15 18:00:00,-30.8,0.0,30.8,500.0,6.2,6.2,False
A31-2,2020-07-15 19:00:00,-28.14,0.0,28.14,500.0,5.6,5.6,False
A31-2,2020-07-15 20:00:00,-59.72,0.0,59.72,500.0,11.9,11.9,False
A31-2,2020-07-15 21:00:00,-113.16,0.0,113.16,500.0,22.6,22.6,False
A31-2,2020-07-15 22:00:00,-115.08,0.0,115.08,500.0,23.0,23.0,False
A31-2,2020-07-15 23:00:00,-133.03,0.0,133.03,500.0,26.6,26.6,False
A31-2,2020-07-16 00:00:00,-127.51,0.0,127.51,500.0,25.5,25.5,False
A31-2,2020-07-16 02:00:00,-124.41,0.0,124.41,500.0,24.9,24.9,False
A31-2,2020-07-16 04:00:00,-127.72,0.0,127.72,500.0,25.5,25.5,False
A31-2,2020-07-16 06:00:00,-107.86,0.0,107.86,500.0,21.6,21.6,False
A31-2,2020-07-16 08:00:00,-102.27,0.0,102.27,500.0,20.5,20.5,False
A31-2,2020-07-16 10:00:00,-34.12,0.0,34.12,500.0,6.8,6.8,False
A31-2,2020-07-16 12:00:00,-49.0,0.0,49.0,500.0,9.8,9.8,False
A31-2,2020-07-16 14:00:00,-55.54,0.0,55.54,500.0,11.1,11.1,False
A31-2,2020-07-16 16:00:00,-53.35,0.0,53.35,500.0,10.7,10.7,False
A31-2,2020-07-16 18:00:00,-49.62,0.0,49.62,500.0,9.9,9.9,False
A31-2,2020-07-16 20:00:00,-43.32,0.0,43.32,500.0,8.7,8.7,False
A31-2,2020-07-16 22:00:00,-33.11,0.0,33.11,500.0,6.6,6.6,False
A32-1,2020-07-15 00:00:00,77.35,0.0,77.35,500.0,15.5,15.5,False
A32-1,2020-07-15 01:00:00,74.21,0.0,74.21,500.0,14.8,14.8,False
A32-1,2020-07-15 02:00:00,69.19,0.0,69.19,500.0,13.8,13.8,False
A32-1,2020-07-15 03:00:00,65.12,0.0,65.12,500.0,13.0,13.0,False
A32-1,2020-07-15 04:00:00,65.03,0.0,65.03,500.0,13.0,13.0,False
A32-1,2020-07-15 05:00:00,51.58,0.0,51.58,500.0,10.3,10.3,False
A32-1,2020-07-15 06:00:00,13.45,0.0,13.45,500.0,2.7,2.7,False
A32-1,2020-07-15 07:00:00,-16.61,0.0,16.61,500.0,3.3,3.3,False
A32-1,2020-07-15 08:00:00,-38.22,0.0,38.22,500.0,7.6,7.6,False
A32-1,2020-07-15 09:00:00,-39.05,0.0,39.05,500.0,7.8,7.8,False
A32-1,2020-07-15 10:00:00,-60.92,0.0,60.92,500.0,12.2,12.2,False
A32-1,2020-07-15 11:00:00,-66.19,0.0,66.19,500.0,13.2,13.2,False
A32-1,2020-07-15 12:00:00,-58.21,0.0,58.21,500.0,11.6,11.6,False
A32-1,2020-07-15 13:00:00,-61.06,0.0,61.06,500.0,12.2,12.2,False
A32-1,2020-07-15 14:00:00,-68.88,0.0,68.88,500.0,13.8,13.8,False
A32-1,2020-07-15 15:00:00,-44.25,0.0,44.25,500.0,8.8,8.8,False
A32-1,2020-07-15 16:00:00,-34.86,0.0,34.86,500.0,7.0,7.0,False
A32-1,2020-07-15 17:00:00,-9.25,0.0,9.25,500.0,1.8,1.8,False
A32-1,2020-07-15 18:00:00,17.61,0.0,17.61,500.0,3.5,3.5,False
A32-1,2020-07-15 19:00:00,22.36,0.0,22.36,500.0,4.5,4.5,False
A32-1,2020-07-15 20:00:00,28.2,0.0,28.2,500.0,5.6,5.6,False
A32-1,2020-07-15 21:00:00,-10.27,0.0,10.27,500.0,2.1,2.1,False
A32-1,2020-07-15 22:00:00,10.93,0.0,10.93,500.0,2.2,2.2,False
A32-1,2020-07-15 23:00:00,63.64,0.0,63.64,500.0,12.7,12.7,False
A32-1,2020-07-16 00:00:00,62.65,0.0,62.65,500.0,12.5,12.5,False
A32-1,2020-07-16 02:00:00,59.64,0.0,59.64,500.0,11.9,11.9,False
A32-1,2020-07-16 04:00:00,56.92,0.0,56.92,500.0,11.4,11.4,False
A32-1,2020-07-16 06:00:00,-2.19,0.0,2.19,500.0,0.4,0.4,False
A32-1,2020-07-16 08:00:00,-80.71,0.0,80.71,500.0,16.1,16.1,False
A32-1,2020-07-16 10:00:00,-20.01,0.0,20.01,500.0,4.0,4.0,False
A32-1,2020-07-16 12:00:00,-27.91,0.0,27.91,500.0,5.6,5.6,False
A32-1,2020-07-16 14:00:00,-29.98,0.0,29.98,500.0,6.0,6.0,False
A32-1,2020-07-16 16:00:00,-20.59,0.0,20.59,500.0,4.1,4.1,False
A32-1,2020-07-16 18:00:00,1.23,0.0,1.23,500.0,0.2,0.2,False
A32-1,2020-07-16 20:00:00,33.16,0.0,33.16,500.0,6.6,6.6,False
A32-1,2020-07-16 22:00:00,66.0,0.0,66.0,500.0,13.2,13.2,False
A32-2,2020-07-15 00:00:00,77.35,0.0,77.35,500.0,15.5,15.5,False
A32-2,2020-07-15 01:00:00,74.21,0.0,74.21,500.0,14.8,14.8,False
A32-2,2020-07-15 02:00:00,69.19,0.0,69.19,500.0,13.8,13.8,False
A32-2,2020-07-15 03:00:00,65.12,0.0,65.12,500.0,13.0,13.0,False
A32-2,2020-07-15 04:00:00,65.03,0.0,65.03,500.0,13.0,13.0,False
A32-2,2020-07-15 05:00:00,51.58,0.0,51.58,500.0,10.3,10.3,False
A32-2,2020-07-15 06:00:00,13.45,0.0,13.45,500.0,2.7,2.7,False
A32-2,2020-07-15 07:00:00,-16.61,0.0,16.61,500.0,3.3,3.3,False
A32-2,2020-07-15 08:00:00,-38.22,0.0,38.22,500.0,7.6,7.6,False
A32-2,2020-07-15 09:00:00,-39.05,0.0,39.05,500.0,7.8,7.8,False
A32-2,2020-07-15 10:00:00,-60.92,0.0,60.92,500.0,12.2,12.2,False
A32-2,2020-07-15 11:00:00,-66.19,0.0,66.19,500.0,13.2,13.2,False
A32-2,2020-07-15 12:00:00,-58.21,0.0,58.21,500.0,11.6,11.6,False
A32-2,2020-07-15 13:00:00,-61.06,0.0,61.06,500.0,12.2,12.2,False
A32-2,2020-07-15 14:00:00,-68.88,0.0,68.88,500.0,13.8,13.8,False
A32-2,2020-07-15 15:00:00,-44.25,0.0,44.25,500.0,8.8,8.8,False
A32-2,2020-07-15 16:00:00,-34.86,0.0,34.86,500.0,7.0,7.0,False
A32-2,2020-07-15 17:00:00,-9.25,0.0,9.25,500.0,1.8,1.8,False
A32-2,2020-07-15 18:00:00,17.61,0.0,17.61,500.0,3.5,3.5,False
A32-2,2020-07-15 19:00:00,22.36,0.0,22.36,500.0,4.5,4.5,False
A32-2,2020-07-15 20:00:00,28.2,0.0,28.2,500.0,5.6,5.6,False
A32-2,2020-07-15 21:00:00,-10.27,0.0,10.27,500.0,2.1,2.1,False
A32-2,2020-07-15 22:00:00,10.93,0.0,10.93,500.0,2.2,2.2,False
A32-2,2020-07-15 23:00:00,63.64,0.0,63.64,500.0,12.7,12.7,False
A32-2,2020-07-16 00:00:00,62.65,0.0,62.65,500.0,12.5,12.5,False
A32-2,2020-07-16 02:00:00,59.64,0.0,59.64,500.0,11.9,11.9,False
A32-2,2020-07-16 04:00:00,56.92,0.0,56.92,500.0,11.4,11.4,False
A32-2,2020-07-16 06:00:00,-2.19,0.0,2.19,500.0,0.4,0.4,False
A32-2,2020-07-16 08:00:00,-80.71,0.0,80.71,500.0,16.1,16.1,False
A32-2,2020-07-16 10:00:00,-20.01,0.0,20.01,500.0,4.0,4.0,False
A32-2,2020-07-16 12:00:00,-27.91,0.0,27.91,500.0,5.6,5.6,False
A32-2,2020-07-16 14:00:00,-29.98,0.0,29.98,500.0,6.0,6.0,False
A32-2,2020-07-16 16:00:00,-20.59,0.0,20.59,500.0,4.1,4.1,False
A32-2,2020-07-16 18:00:00,1.23,0.0,1.23,500.0,0.2,0.2,False
A32-2,2020-07-16 20:00:00,33.16,0.0,33.16,500.0,6.6,6.6,False
A32-2,2020-07-16 22:00:00,66.0,0.0,66.0,500.0,13.2,13.2,False
A33-1,2020-07-15 00:00:00,39.89,0.0,39.89,500.0,8.0,8.0,False
A33-1,2020-07-15 01:00:00,38.86,0.0,38.86,500.0,7.8,7.8,False
A33-1,2020-07-15 02:00:00,34.19,0.0,34.19,500.0,6.8,6.8,False
A33-1,2020-07-15 03:00:00,30.12,0.0,30.12,500.0,6.0,6.0,False
A33-1,2020-07-15 04:00:00,29.94,0.0,29.94,500.0,6.0,6.0,False
A33-1,2020-07-15 05:00:00,16.14,0.0,16.14,500.0,3.2,3.2,False
A33-1,2020-07-15 06:00:00,-26.77,0.0,26.77,500.0,5.4,5.4,False
A33-1,2020-07-15 07:00:00,-61.01,0.0,61.01,500.0,12.2,12.2,False
A33-1,2020-07-15 08:00:00,-85.47,0.0,85.47,500.0,17.1,17.1,False
A33-1,2020-07-15 09:00:00,-89.56,0.0,89.56,500.0,17.9,17.9,False
A33-1,2020-07-15 10:00:00,-114.31,0.0,114.31,500.0,22.9,22.9,False
A33-1,2020-07-15 11:00:00,-122.31,0.0,122.31,500.0,24.5,24.5,False
A33-1,2020-07-15 12:00:00,-116.92,0.0,116.92,500.0,23.4,23.4,False
A33-1,2020-07-15 13:00:00,-121.78,0.0,121.78,500.0,24.4,24.4,False
A33-1,2020-07-15 14:00:00,-130.77,0.0,130.77,500.0,26.2,26.2,False
A33-1,2020-07-15 15:00:00,-106.84,0.0,106.84,500.0,21.4,21.4,False
A33-1,2020-07-15 16:00:00,-96.68,0.0,96.68,500.0,19.3,19.3,False
A33-1,2020-07-15 17:00:00,-69.3,0.0,69.3,500.0,13.9,13.9,False
A33-1,2020-07-15 18:00:00,-40.06,0.0,40.06,500.0,8.0,8.0,False
A33-1,2020-07-15 19:00:00,-33.68,0.0,33.68,500.0,6.7,6.7,False
A33-1,2020-07-15 20:00:00,-25.16,0.0,25.16,500.0,5.0,5.0,False
A33-1,2020-07-15 21:00:00,-59.25,0.0,59.25,500.0,11.8,11.8,False
A33-1,2020-07-15 22:00:00,-33.92,0.0,33.92,500.0,6.8,6.8,False
A33-1,2020-07-15 23:00:00,21.98,0.0,21.98,500.0,4.4,4.4,False
A33-1,2020-07-16 00:00:00,23.74,0.0,23.74,500.0,4.7,4.7,False
A33-1,2020-07-16 02:00:00,23.0,0.0,23.0,500.0,4.6,4.6,False
A33-1,2020-07-16 04:00:00,18.63,0.0,18.63,500.0,3.7,3.7,False
A33-1,2020-07-16 06:00:00,-46.48,0.0,46.48,500.0,9.3,9.3,False
A33-1,2020-07-16 08:00:00,-131.57,0.0,131.57,500.0,26.3,26.3,False
A33-1,2020-07-16 10:00:00,-77.24,0.0,77.24,500.0,15.4,15.4,False
A33-1,2020-07-16 12:00:00,-89.97,0.0,89.97,500.0,18.0,18.0,False
A33-1,2020-07-16 14:00:00,-94.39,0.0,94.39,500.0,18.9,18.9,False
A33-1,2020-07-16 16:00:00,-83.37,0.0,83.37,500.0,16.7,16.7,False
A33-1,2020-07-16 18:00:00,-57.38,0.0,57.38,500.0,11.5,11.5,False
A33-1,2020-07-16 20:00:00,-19.88,0.0,19.88,500.0,4.0,4.0,False
A33-1,2020-07-16 22:00:00,21.43,0.0,21.43,500.0,4.3,4.3,False
A33-2,2020-07-15 00:00:00,39.89,0.0,39.89,500.0,8.0,8.0,False
A33-2,2020-07-15 01:00:00,38.86,0.0,38.86,500.0,7.8,7.8,False
A33-2,2020-07-15 02:00:00,34.19,0.0,34.19,500.0,6.8,6.8,False
A33-2,2020-07-15 03:00:00,30.12,0.0,30.12,500.0,6.0,6.0,False
A33-2,2020-07-15 04:00:00,29.94,0.0,29.94,500.0,6.0,6.0,False
A33-2,2020-07-15 05:00:00,16.14,0.0,16.14,500.0,3.2,3.2,False
A33-2,2020-07-15 06:00:00,-26.77,0.0,26.77,500.0,5.4,5.4,False
A33-2,2020-07-15 07:00:00,-61.01,0.0,61.01,500.0,12.2,12.2,False
A33-2,2020-07-15 08:00:00,-85.47,0.0,85.47,500.0,17.1,17.1,False
A33-2,2020-07-15 09:00:00,-89.56,0.0,89.56,500.0,17.9,17.9,False
A33-2,2020-07-15 10:00:00,-114.31,0.0,114.31,500.0,22.9,22.9,False
A33-2,2020-07-15 11:00:00,-122.31,0.0,122.31,500.0,24.5,24.5,False
A33-2,2020-07-15 12:00:00,-116.92,0.0,116.92,500.0,23.4,23.4,False
A33-2,2020-07-15 13:00:00,-121.78,0.0,121.78,500.0,24.4,24.4,False
A33-2,2020-07-15 14:00:00,-130.77,0.0,130.77,500.0,26.2,26.2,False
A33-2,2020-07-15 15:00:00,-106.84,0.0,106.84,500.0,21.4,21.4,False
A33-2,2020-07-15 16:00:00,-96.68,0.0,96.68,500.0,19.3,19.3,False
A33-2,2020-07-15 17:00:00,-69.3,0.0,69.3,500.0,13.9,13.9,False
A33-2,2020-07-15 18:00:00,-40.06,0.0,40.06,500.0,8.0,8.0,False
A33-2,2020-07-15 19:00:00,-33.68,0.0,33.68,500.0,6.7,6.7,False
A33-2,2020-07-15 20:00:00,-25.16,0.0,25.16,500.0,5.0,5.0,False
A33-2,2020-07-15 21:00:00,-59.25,0.0,59.25,500.0,11.8,11.8,False
A33-2,2020-07-15 22:00:00,-33.92,0.0,33.92,500.0,6.8,6.8,False
A33-2,2020-07-15 23:00:00,21.98,0.0,21.98,500.0,4.4,4.4,False
A33-2,2020-07-16 00:00:00,23.74,0.0,23.74,500.0,4.7,4.7,False
A33-2,2020-07-16 02:00:00,23.0,0.0,23.0,500.0,4.6,4.6,False
A33-2,2020-07-16 04:00:00,18.63,0.0,18.63,500.0,3.7,3.7,False
A33-2,2020-07-16 06:00:00,-46.48,0.0,46.48,500.0,9.3,9.3,False
A33-2,2020-07-16 08:00:00,-131.57,0.0,131.57,500.0,26.3,26.3,False
A33-2,2020-07-16 10:00:00,-77.24,0.0,77.24,500.0,15.4,15.4,False
A33-2,2020-07-16 12:00:00,-89.97,0.0,89.97,500.0,18.0,18.0,False
A33-2,2020-07-16 14:00:00,-94.39,0.0,94.39,500.0,18.9,18.9,False
A33-2,2020-07-16 16:00:00,-83.37,0.0,83.37,500.0,16.7,16.7,False
A33-2,2020-07-16 18:00:00,-57.38,0.0,57.38,500.0,11.5,11.5,False
A33-2,2020-07-16 20:00:00,-19.88,0.0,19.88,500.0,4.0,4.0,False
A33-2,2020-07-16 22:00:00,21.43,0.0,21.43,500.0,4.3,4.3,False
A34,2020-07-15 00:00:00,-289.78,0.0,289.78,500.0,58.0,58.0,False
A34,2020-07-15 01:00:00,-270.48,0.0,270.48,500.0,54.1,54.1,False
A34,2020-07-15 02:00:00,-252.21,0.0,252.21,500.0,50.4,50.4,False
A34,2020-07-15 03:00:00,-237.17,0.0,237.17,500.0,47.4,47.4,False
A34,2020-07-15 04:00:00,-220.28,0.0,220.28,500.0,44.1,44.1,False
A34,2020-07-15 05:00:00,-211.99,0.0,211.99,500.0,42.4,42.4,False
A34,2020-07-15 06:00:00,-211.27,0.0,211.27,500.0,42.3,42.3,False
A34,2020-07-15 07:00:00,-199.04,0.0,199.04,500.0,39.8,39.8,False
A34,2020-07-15 08:00:00,-168.21,0.0,168.21,500.0,33.6,33.6,False
A34,2020-07-15 09:00:00,-124.49,0.0,124.49,500.0,24.9,24.9,False
A34,2020-07-15 10:00:00,-121.37,0.0,121.37,500.0,24.3,24.3,False
A34,2020-07-15 11:00:00,-127.9,0.0,127.9,500.0,25.6,25.6,False
A34,2020-07-15 12:00:00,-138.4,0.0,138.4,500.0,27.7,27.7,False
A34,2020-07-15 13:00:00,-150.42,0.0,150.42,500.0,30.1,30.1,False
A34,2020-07-15 14:00:00,-169.55,0.0,169.55,500.0,33.9,33.9,False
A34,2020-07-15 15:00:00,-192.09,0.0,192.09,500.0,38.4,38.4,False
A34,2020-07-15 16:00:00,-214.01,0.0,214.01,500.0,42.8,42.8,False
A34,2020-07-15 17:00:00,-221.62,0.0,221.62,500.0,44.3,44.3,False
A34,2020-07-15 18:00:00,-218.33,0.0,218.33,500.0,43.7,43.7,False
A34,2020-07-15 19:00:00,-206.59,0.0,206.59,500.0,41.3,41.3,False
A34,2020-07-15 20:00:00,-216.49,0.0,216.49,500.0,43.3,43.3,False
A34,2020-07-15 21:00:00,-226.49,0.0,226.49,500.0,45.3,45.3,False
A34,2020-07-15 22:00:00,-215.41,0.0,215.41,500.0,43.1,43.1,False
A34,2020-07-15 23:00:00,-274.36,0.0,274.36,500.0,54.9,54.9,False
A34,2020-07-16 00:00:00,-262.86,0.0,262.86,500.0,52.6,52.6,False
A34,2020-07-16 02:00:00,-244.19,0.0,244.19,500.0,48.8,48.8,False
A34,2020-07-16 04:00:00,-220.92,0.0,220.92,500.0,44.2,44.2,False
A34,2020-07-16 06:00:00,-186.64,0.0,186.64,500.0,37.3,37.3,False
A34,2020-07-16 08:00:00,-114.77,0.0,114.77,500.0,23.0,23.0,False
A34,2020-07-16 10:00:00,-81.69,0.0,81.69,500.0,16.3,16.3,False
A34,2020-07-16 12:00:00,-101.0,0.0,101.0,500.0,20.2,20.2,False
A34,2020-07-16 14:00:00,-140.85,0.0,140.85,500.0,28.2,28.2,False
A34,2020-07-16 16:00:00,-132.87,0.0,132.87,500.0,26.6,26.6,False
A34,2020-07-16 18:00:00,-102.59,0.0,102.59,500.0,20.5,20.5,False
A34,2020-07-16 20:00:00,-89.53,0.0,89.53,500.0,17.9,17.9,False
A34,2020-07-16 22:00:00,-102.16,0.0,102.16,500.0,20.4,20.4,False
AB3,2020-07-15 00:00:00,124.18,0.0,124.18,500.0,24.8,24.8,False
AB3,2020-07-15 01:00:00,118.69,0.0,118.69,500.0,23.7,23.7,False
AB3,2020-07-15 02:00:00,137.4,0.0,137.4,500.0,27.5,27.5,False
AB3,2020-07-15 03:00:00,129.01,0.0,129.01,500.0,25.8,25.8,False
AB3,2020-07-15 04:00:00,105.02,0.0,105.02,500.0,21.0,21.0,False
AB3,2020-07-15 05:00:00,45.81,0.0,45.81,500.0,9.2,9.2,False
AB3,2020-07-15 06:00:00,150.47,0.0,150.47,500.0,30.1,30.1,False
AB3,2020-07-15 07:00:00,138.18,0.0,138.18,500.0,27.6,27.6,False
AB3,2020-07-15 08:00:00,109.49,0.0,109.49,500.0,21.9,21.9,False
AB3,2020-07-15 09:00:00,86.98,0.0,86.98,500.0,17.4,17.4,False
AB3,2020-07-15 10:00:00,22.57,0.0,22.57,500.0,4.5,4.5,False
AB3,2020-07-15 11:00:00,-10.61,0.0,10.61,500.0,2.1,2.1,False
AB3,2020-07-15 12:00:00,-16.83,0.0,16.83,500.0,3.4,3.4,False
AB3,2020-07-15 13:00:00,-1.55,0.0,1.55,500.0,0.3,0.3,False
AB3,2020-07-15 14:00:00,43.04,0.0,43.04,500.0,8.6,8.6,False
AB3,2020-07-15 15:00:00,23.74,0.0,23.74,500.0,4.7,4.7,False
AB3,2020-07-15 16:00:00,37.9,0.0,37.9,500.0,7.6,7.6,False
AB3,2020-07-15 17:00:00,54.66,0.0,54.66,500.0,10.9,10.9,False
AB3,2020-07-15 18:00:00,125.78,0.0,125.78,500.0,25.2,25.2,False
AB3,2020-07-15 19:00:00,144.16,0.0,144.16,500.0,28.8,28.8,False
AB3,2020-07-15 20:00:00,175.26,0.0,175.26,500.0,35.1,35.1,False
AB3,2020-07-15 21:00:00,145.65,0.0,145.65,500.0,29.1,29.1,False
AB3,2020-07-15 22:00:00,173.73,0.0,173.73,500.0,34.7,34.7,False
AB3,2020-07-15 23:00:00,87.74,0.0,87.74,500.0,17.5,17.5,False
AB3,2020-07-16 00:00:00,100.08,0.0,100.08,500.0,20.0,20.0,False
AB3,2020-07-16 02:00:00,87.46,0.0,87.46,500.0,17.5,17.5,False
AB3,2020-07-16 04:00:00,101.57,0.0,101.57,500.0,20.3,20.3,False
AB3,2020-07-16 06:00:00,126.64,0.0,126.64,500.0,25.3,25.3,False
AB3,2020-07-16 08:00:00,2.93,0.0,2.93,500.0,0.6,0.6,False
AB3,2020-07-16 10:00:00,51.78,0.0,51.78,500.0,10.4,10.4,False
AB3,2020-07-16 12:00:00,6.35,0.0,6.35,500.0,1.3,1.3,False
AB3,2020-07-16 14:00:00,54.46,0.0,54.46,500.0,10.9,10.9,False
AB3,2020-07-16 16:00:00,52.95,0.0,52.95,500.0,10.6,10.6,False
AB3,2020-07-16 18:00:00,120.65,0.0,120.65,500.0,24.1,24.1,False
AB3,2020-07-16 20:00:00,184.08,0.0,184.08,500.0,36.8,36.8,False
AB3,2020-07-16 22:00:00,232.68,0.0,232.68,500.0,46.5,46.5,False
B1,2020-07-15 00:00:00,-0.84,0.0,0.84,175.0,0.5,0.5,False
B1,2020-07-15 01:00:00,-1.79,0.0,1.79,175.0,1.0,1.0,False
B1,2020-07-15 02:00:00,0.32,0.0,0.32,175.0,0.2,0.2,False
B1,2020-07-15 03:00:00,-0.42,0.0,0.42,175.0,0.2,0.2,False
B1,2020-07-15 04:00:00,-3.25,0.0,3.25,175.0,1.9,1.9,False
B1,2020-07-15 05:00:00,-9.15,0.0,9.15,175.0,5.2,5.2,False
B1,2020-07-15 06:00:00,0.46,0.0,0.46,175.0,0.3,0.3,False
B1,2020-07-15 07:00:00,-29.71,0.0,29.71,175.0,17.0,17.0,False
B1,2020-07-15 08:00:00,-20.79,0.0,20.79,175.0,11.9,11.9,False
B1,2020-07-15 09:00:00,-24.33,0.0,24.33,175.0,13.9,13.9,False
B1,2020-07-15 10:00:00,-23.68,0.0,23.68,175.0,13.5,13.5,False
B1,2020-07-15 11:00:00,-23.36,0.0,23.36,175.0,13.3,13.3,False
B1,2020-07-15 12:00:00,-24.02,0.0,24.02,175.0,13.7,13.7,False
B1,2020-07-15 13:00:00,-23.73,0.0,23.73,175.0,13.6,13.6,False
B1,2020-07-15 14:00:00,-21.48,0.0,21.48,175.0,12.3,12.3,False
B1,2020-07-15 15:00:00,-23.43,0.0,23.43,175.0,13.4,13.4,False
B1,2020-07-15 16:00:00,-20.99,0.0,20.99,175.0,12.0,12.0,False
B1,2020-07-15 17:00:00,-21.82,0.0,21.82,175.0,12.5,12.5,False
B1,2020-07-15 18:00:00,-22.72,0.0,22.72,175.0,13.0,13.0,False
B1,2020-07-15 19:00:00,-19.96,0.0,19.96,175.0,11.4,11.4,False
B1,2020-07-15 20:00:00,-21.39,0.0,21.39,175.0,12.2,12.2,False
B1,2020-07-15 21:00:00,-23.52,0.0,23.52,175.0,13.4,13.4,False
B1,2020-07-15 22:00:00,-15.61,0.0,15.61,175.0,8.9,8.9,False
B1,2020-07-15 23:00:00,-1.69,0.0,1.69,175.0,1.0,1.0,False
B1,2020-07-16 00:00:00,-2.77,0.0,2.77,175.0,1.6,1.6,False
B1,2020-07-16 02:00:00,-4.64,0.0,4.64,175.0,2.7,2.7,False
B1,2020-07-16 04:00:00,-2.95,0.0,2.95,175.0,1.7,1.7,False
B1,2020-07-16 06:00:00,-1.94,0.0,1.94,175.0,1.1,1.1,False
B1,2020-07-16 08:00:00,-19.37,0.0,19.37,175.0,11.1,11.1,False
B1,2020-07-16 10:00:00,-15.64,0.0,15.64,175.0,8.9,8.9,False
B1,2020-07-16 12:00:00,-22.75,0.0,22.75,175.0,13.0,13.0,False
B1,2020-07-16 14:00:00,-24.63,0.0,24.63,175.0,14.1,14.1,False
B1,2020-07-16 16:00:00,-19.81,0.0,19.81,175.0,11.3,11.3,False
B1,2020-07-16 18:00:00,-23.61,0.0,23.61,175.0,13.5,13.5,False
B1,2020-07-16 20:00:00,-21.92,0.0,21.92,175.0,12.5,12.5,False
B1,2020-07-16 22:00:00,-66.8,0.0,66.8,175.0,38.2,38.2,False
B2,2020-07-15 00:00:00,-37.37,0.0,37.37,175.0,21.4,21.4,False
B2,2020-07-15 01:00:00,-33.96,0.0,33.96,175.0,19.4,19.4,False
B2,2020-07-15 02:00:00,-37.89,0.0,37.89,175.0,21.7,21.7,False
B2,2020-07-15 03:00:00,-36.01,0.0,36.01,175.0,20.6,20.6,False
B2,2020-07-15 04:00:00,-29.39,0.0,29.39,175.0,16.8,16.8,False
B2,2020-07-15 05:00:00,-15.93,0.0,15.93,175.0,9.1,9.1,False
B2,2020-07-15 06:00:00,-39.41,0.0,39.41,175.0,22.5,22.5,False
B2,2020-07-15 07:00:00,-2.67,0.0,2.67,175.0,1.5,1.5,False
B2,2020-07-15 08:00:00,-23.48,0.0,23.48,175.0,13.4,13.4,False
B2,2020-07-15 09:00:00,-17.73,0.0,17.73,175.0,10.1,10.1,False
B2,2020-07-15 10:00:00,-20.78,0.0,20.78,175.0,11.9,11.9,False
B2,2020-07-15 11:00:00,-23.05,0.0,23.05,175.0,13.2,13.2,False
B2,2020-07-15 12:00:00,-23.03,0.0,23.03,175.0,13.2,13.2,False
B2,2020-07-15 13:00:00,-24.56,0.0,24.56,175.0,14.0,14.0,False
B2,2020-07-15 14:00:00,-30.73,0.0,30.73,175.0,17.6,17.6,False
B2,2020-07-15 15:00:00,-22.22,0.0,22.22,175.0,12.7,12.7,False
B2,2020-07-15 16:00:00,-32.21,0.0,32.21,175.0,18.4,18.4,False
B2,2020-07-15 17:00:00,-29.78,0.0,29.78,175.0,17.0,17.0,False
B2,2020-07-15 18:00:00,-26.39,0.0,26.39,175.0,15.1,15.1,False
B2,2020-07-15 19:00:00,-31.13,0.0,31.13,175.0,17.8,17.8,False
B2,2020-07-15 20:00:00,-26.47,0.0,26.47,175.0,15.1,15.1,False
B2,2020-07-15 21:00:00,-19.87,0.0,19.87,175.0,11.4,11.4,False
B2,2020-07-15 22:00:00,-37.3,0.0,37.3,175.0,21.3,21.3,False
B2,2020-07-15 23:00:00,-36.72,0.0,36.72,175.0,21.0,21.0,False
B2,2020-07-16 00:00:00,-32.39,0.0,32.39,175.0,18.5,18.5,False
B2,2020-07-16 02:00:00,-26.67,0.0,26.67,175.0,15.2,15.2,False
B2,2020-07-16 04:00:00,-30.34,0.0,30.34,175.0,17.3,17.3,False
B2,2020-07-16 06:00:00,-35.6,0.0,35.6,175.0,20.3,20.3,False
B2,2020-07-16 08:00:00,-27.85,0.0,27.85,175.0,15.9,15.9,False
B2,2020-07-16 10:00:00,-39.67,0.0,39.67,175.0,22.7,22.7,False
B2,2020-07-16 12:00:00,-28.06,0.0,28.06,175.0,16.0,16.0,False
B2,2020-07-16 14:00:00,-32.94,0.0,32.94,175.0,18.8,18.8,False
B2,2020-07-16 16:00:00,-36.08,0.0,36.08,175.0,20.6,20.6,False
B2,2020-07-16 18:00:00,-25.93,0.0,25.93,175.0,14.8,14.8,False
B2,2020-07-16 20:00:00,-25.72,0.0,25.72,175.0,14.7,14.7,False
B2,2020-07-16 22:00:00,-14.49,0.0,14.49,175.0,8.3,8.3,False
B3,2020-07-15 00:00:00,4.33,0.0,4.33,175.0,2.5,2.5,False
B3,2020-07-15 01:00:00,5.73,0.0,5.73,175.0,3.3,3.3,False
B3,2020-07-15 02:00:00,8.84,0.0,8.84,175.0,5.1,5.1,False
B3,2020-07-15 03:00:00,8.63,0.0,8.63,175.0,4.9,4.9,False
B3,2020-07-15 04:00:00,6.78,0.0,6.78,175.0,3.9,3.9,False
B3,2020-07-15 05:00:00,2.3,0.0,2.3,175.0,1.3,1.3,False
B3,2020-07-15 06:00:00,6.86,0.0,6.86,175.0,3.9,3.9,False
B3,2020-07-15 07:00:00,40.25,0.0,40.25,175.0,23.0,23.0,False
B3,2020-07-15 08:00:00,46.0,0.0,46.0,175.0,26.3,26.3,False
B3,2020-07-15 09:00:00,39.4,0.0,39.4,175.0,22.5,22.5,False
B3,2020-07-15 10:00:00,37.2,0.0,37.2,175.0,21.3,21.3,False
B3,2020-07-15 11:00:00,34.8,0.0,34.8,175.0,19.9,19.9,False
B3,2020-07-15 12:00:00,31.76,0.0,31.76,175.0,18.2,18.2,False
B3,2020-07-15 13:00:00,30.48,0.0,30.48,175.0,17.4,17.4,False
B3,2020-07-15 14:00:00,30.34,0.0,30.34,175.0,17.3,17.3,False
B3,2020-07-15 15:00:00,38.11,0.0,38.11,175.0,21.8,21.8,False
B3,2020-07-15 16:00:00,30.06,0.0,30.06,175.0,17.2,17.2,False
B3,2020-07-15 17:00:00,30.36,0.0,30.36,175.0,17.3,17.3,False
B3,2020-07-15 18:00:00,32.0,0.0,32.0,175.0,18.3,18.3,False
B3,2020-07-15 19:00:00,36.71,0.0,36.71,175.0,21.0,21.0,False
B3,2020-07-15 20:00:00,38.05,0.0,38.05,175.0,21.7,21.7,False
B3,2020-07-15 21:00:00,39.5,0.0,39.5,175.0,22.6,22.6,False
B3,2020-07-15 22:00:00,10.05,0.0,10.05,175.0,5.7,5.7,False
B3,2020-07-15 23:00:00,1.48,0.0,1.48,175.0,0.8,0.8,False
B3,2020-07-16 00:00:00,3.92,0.0,3.92,175.0,2.2,2.2,False
B3,2020-07-16 02:00:00,4.97,0.0,4.97,175.0,2.8,2.8,False
B3,2020-07-16 04:00:00,6.61,0.0,6.61,175.0,3.8,3.8,False
B3,2020-07-16 06:00:00,2.25,0.0,2.25,175.0,1.3,1.3,False
B3,2020-07-16 08:00:00,45.13,0.0,45.13,175.0,25.8,25.8,False
B3,2020-07-16 10:00:00,42.12,0.0,42.12,175.0,24.1,24.1,False
B3,2020-07-16 12:00:00,29.02,0.0,29.02,175.0,16.6,16.6,False
B3,2020-07-16 14:00:00,30.0,0.0,30.0,175.0,17.1,17.1,False
B3,2020-07-16 16:00:00,28.9,0.0,28.9,175.0,16.5,16.5,False
B3,2020-07-16 18:00:00,28.67,0.0,28.67,175.0,16.4,16.4,False
B3,2020-07-16 20:00:00,36.89,0.0,36.89,175.0,21.1,21.1,False
B3,2020-07-16 22:00:00,8.91,0.0,8.91,175.0,5.1,5.1,False
B4,2020-07-15 00:00:00,-5.56,0.0,5.56,175.0,3.2,3.2,False
B4,2020-07-15 01:00:00,-3.8,0.0,3.8,175.0,2.2,2.2,False
B4,2020-07-15 02:00:00,-2.38,0.0,2.38,175.0,1.4,1.4,False
B4,2020-07-15 03:00:00,-2.11,0.0,2.11,175.0,1.2,1.2,False
B4,2020-07-15 04:00:00,-2.02,0.0,2.02,175.0,1.2,1.2,False
B4,2020-07-15 05:00:00,-2.48,0.0,2.48,175.0,1.4,1.4,False
B4,2020-07-15 06:00:00,-4.16,0.0,4.16,175.0,2.4,2.4,False
B4,2020-07-15 07:00:00,27.31,0.0,27.31,175.0,15.6,15.6,False
B4,2020-07-15 08:00:00,26.82,0.0,26.82,175.0,15.3,15.3,False
B4,2020-07-15 09:00:00,23.33,0.0,23.33,175.0,13.3,13.3,False
B4,2020-07-15 10:00:00,21.06,0.0,21.06,175.0,12.0,12.0,False
B4,2020-07-15 11:00:00,18.8,0.0,18.8,175.0,10.7,10.7,False
B4,2020-07-15 12:00:00,16.6,0.0,16.6,175.0,9.5,9.5,False
B4,2020-07-15 13:00:00,15.32,0.0,15.32,175.0,8.8,8.8,False
B4,2020-07-15 14:00:00,13.83,0.0,13.83,175.0,7.9,7.9,False
B4,2020-07-15 15:00:00,20.83,0.0,20.83,175.0,11.9,11.9,False
B4,2020-07-15 16:00:00,13.29,0.0,13.29,175.0,7.6,7.6,False
B4,2020-07-15 17:00:00,14.05,0.0,14.05,175.0,8.0,8.0,False
B4,2020-07-15 18:00:00,16.0,0.0,16.0,175.0,9.1,9.1,False
B4,2020-07-15 19:00:00,18.36,0.0,18.36,175.0,10.5,10.5,False
B4,2020-07-15 20:00:00,20.38,0.0,20.38,175.0,11.6,11.6,False
B4,2020-07-15 21:00:00,22.91,0.0,22.91,175.0,13.1,13.1,False
B4,2020-07-15 22:00:00,-0.97,0.0,0.97,175.0,0.6,0.6,False
B4,2020-07-15 23:00:00,-7.47,0.0,7.47,175.0,4.3,4.3,False
B4,2020-07-16 00:00:00,-4.72,0.0,4.72,175.0,2.7,2.7,False
B4,2020-07-16 02:00:00,-2.72,0.0,2.72,175.0,1.6,1.6,False
B4,2020-07-16 04:00:00,-2.3,0.0,2.3,175.0,1.3,1.3,False
B4,2020-07-16 06:00:00,-6.65,0.0,6.65,175.0,3.8,3.8,False
B4,2020-07-16 08:00:00,25.23,0.0,25.23,175.0,14.4,14.4,False
B4,2020-07-16 10:00:00,20.37,0.0,20.37,175.0,11.6,11.6,False
B4,2020-07-16 12:00:00,13.46,0.0,13.46,175.0,7.7,7.7,False
B4,2020-07-16 14:00:00,13.17,0.0,13.17,175.0,7.5,7.5,False
B4,2020-07-16 16:00:00,11.57,0.0,11.57,175.0,6.6,6.6,False
B4,2020-07-16 18:00:00,13.69,0.0,13.69,175.0,7.8,7.8,False
B4,2020-07-16 20:00:00,19.7,0.0,19.7,175.0,11.3,11.3,False
B4,2020-07-16 22:00:00,5.39,0.0,5.39,175.0,3.1,3.1,False
B5,2020-07-15 00:00:00,6.77,0.0,6.77,175.0,3.9,3.9,False
B5,2020-07-15 01:00:00,7.59,0.0,7.59,175.0,4.3,4.3,False
B5,2020-07-15 02:00:00,9.34,0.0,9.34,175.0,5.3,5.3,False
B5,2020-07-15 03:00:00,9.18,0.0,9.18,175.0,5.2,5.2,False
B5,2020-07-15 04:00:00,8.09,0.0,8.09,175.0,4.6,4.6,False
B5,2020-07-15 05:00:00,5.81,0.0,5.81,175.0,3.3,3.3,False
B5,2020-07-15 06:00:00,8.25,0.0,8.25,175.0,4.7,4.7,False
B5,2020-07-15 07:00:00,33.18,0.0,33.18,175.0,19.0,19.0,False
B5,2020-07-15 08:00:00,37.04,0.0,37.04,175.0,21.2,21.2,False
B5,2020-07-15 09:00:00,33.05,0.0,33.05,175.0,18.9,18.9,False
B5,2020-07-15 10:00:00,31.84,0.0,31.84,175.0,18.2,18.2,False
B5,2020-07-15 11:00:00,30.52,0.0,30.52,175.0,17.4,17.4,False
B5,2020-07-15 12:00:00,28.78,0.0,28.78,175.0,16.4,16.4,False
B5,2020-07-15 13:00:00,28.09,0.0,28.09,175.0,16.1,16.1,False
B5,2020-07-15 14:00:00,28.19,0.0,28.19,175.0,16.1,16.1,False
B5,2020-07-15 15:00:00,33.72,0.0,33.72,175.0,19.3,19.3,False
B5,2020-07-15 16:00:00,28.07,0.0,28.07,175.0,16.0,16.0,False
B5,2020-07-15 17:00:00,28.18,0.0,28.18,175.0,16.1,16.1,False
B5,2020-07-15 18:00:00,29.03,0.0,29.03,175.0,16.6,16.6,False
B5,2020-07-15 19:00:00,31.89,0.0,31.89,175.0,18.2,18.2,False
B5,2020-07-15 20:00:00,32.55,0.0,32.55,175.0,18.6,18.6,False
B5,2020-07-15 21:00:00,33.19,0.0,33.19,175.0,19.0,19.0,False
B5,2020-07-15 22:00:00,12.13,0.0,12.13,175.0,6.9,6.9,False
B5,2020-07-15 23:00:00,5.07,0.0,5.07,175.0,2.9,2.9,False
B5,2020-07-16 00:00:00,6.35,0.0,6.35,175.0,3.6,3.6,False
B5,2020-07-16 02:00:00,6.95,0.0,6.95,175.0,4.0,4.0,False
B5,2020-07-16 04:00:00,7.83,0.0,7.83,175.0,4.5,4.5,False
B5,2020-07-16 06:00:00,5.46,0.0,5.46,175.0,3.1,3.1,False
B5,2020-07-16 08:00:00,36.63,0.0,36.63,175.0,20.9,20.9,False
B5,2020-07-16 10:00:00,35.25,0.0,35.25,175.0,20.1,20.1,False
B5,2020-07-16 12:00:00,27.36,0.0,27.36,175.0,15.6,15.6,False
B5,2020-07-16 14:00:00,28.59,0.0,28.59,175.0,16.3,16.3,False
B5,2020-07-16 16:00:00,27.52,0.0,27.52,175.0,15.7,15.7,False
B5,2020-07-16 18:00:00,27.09,0.0,27.09,175.0,15.5,15.5,False
B5,2020-07-16 20:00:00,31.86,0.0,31.86,175.0,18.2,18.2,False
B5,2020-07-16 22:00:00,14.29,0.0,14.29,175.0,8.2,8.2,False
B6,2020-07-15 00:00:00,15.58,0.0,15.58,175.0,8.9,8.9,False
B6,2020-07-15 01:00:00,15.27,0.0,15.27,175.0,8.7,8.7,False
B6,2020-07-15 02:00:00,25.79,0.0,25.79,175.0,14.7,14.7,False
B6,2020-07-15 03:00:00,23.45,0.0,23.45,175.0,13.4,13.4,False
B6,2020-07-15 04:00:00,12.97,0.0,12.97,175.0,7.4,7.4,False
B6,2020-07-15 05:00:00,-9.59,0.0,9.59,175.0,5.5,5.5,False
B6,2020-07-15 06:00:00,23.05,0.0,23.05,175.0,13.2,13.2,False
B6,2020-07-15 07:00:00,11.81,0.0,11.81,175.0,6.8,6.8,False
B6,2020-07-15 08:00:00,45.08,0.0,45.08,175.0,25.8,25.8,False
B6,2020-07-15 09:00:00,25.05,0.0,25.05,175.0,14.3,14.3,False
B6,2020-07-15 10:00:00,23.35,0.0,23.35,175.0,13.3,13.3,False
B6,2020-07-15 11:00:00,20.43,0.0,20.43,175.0,11.7,11.7,False
B6,2020-07-15 12:00:00,13.88,0.0,13.88,175.0,7.9,7.9,False
B6,2020-07-15 13:00:00,12.66,0.0,12.66,175.0,7.2,7.2,False
B6,2020-07-15 14:00:00,18.56,0.0,18.56,175.0,10.6,10.6,False
B6,2020-07-15 15:00:00,15.82,0.0,15.82,175.0,9.0,9.0,False
B6,2020-07-15 16:00:00,19.44,0.0,19.44,175.0,11.1,11.1,False
B6,2020-07-15 17:00:00,17.65,0.0,17.65,175.0,10.1,10.1,False
B6,2020-07-15 18:00:00,17.78,0.0,17.78,175.0,10.2,10.2,False
B6,2020-07-15 19:00:00,32.72,0.0,32.72,175.0,18.7,18.7,False
B6,2020-07-15 20:00:00,30.94,0.0,30.94,175.0,17.7,17.7,False
B6,2020-07-15 21:00:00,27.42,0.0,27.42,175.0,15.7,15.7,False
B6,2020-07-15 22:00:00,17.17,0.0,17.17,175.0,9.8,9.8,False
B6,2020-07-15 23:00:00,8.74,0.0,8.74,175.0,5.0,5.0,False
B6,2020-07-16 00:00:00,9.65,0.0,9.65,175.0,5.5,5.5,False
B6,2020-07-16 02:00:00,6.32,0.0,6.32,175.0,3.6,3.6,False
B6,2020-07-16 04:00:00,13.37,0.0,13.37,175.0,7.6,7.6,False
B6,2020-07-16 06:00:00,9.25,0.0,9.25,175.0,5.3,5.3,False
B6,2020-07-16 08:00:00,47.56,0.0,47.56,175.0,27.2,27.2,False
B6,2020-07-16 10:00:00,52.98,0.0,52.98,175.0,30.3,30.3,False
B6,2020-07-16 12:00:00,13.04,0.0,13.04,175.0,7.5,7.5,False
B6,2020-07-16 14:00:00,17.47,0.0,17.47,175.0,10.0,10.0,False
B6,2020-07-16 16:00:00,20.83,0.0,20.83,175.0,11.9,11.9,False
B6,2020-07-16 18:00:00,10.12,0.0,10.12,175.0,5.8,5.8,False
B6,2020-07-16 20:00:00,27.69,0.0,27.69,175.0,15.8,15.8,False
B6,2020-07-16 22:00:00,-16.44,0.0,16.44,175.0,9.4,9.4,False
B7,2020-07-15 00:00:00,-81.23,0.0,81.23,400.0,20.3,20.3,False
B7,2020-07-15 01:00:00,-75.13,0.0,75.13,400.0,18.8,18.8,False
B7,2020-07-15 02:00:00,-71.81,0.0,71.81,400.0,18.0,18.0,False
B7,2020-07-15 03:00:00,-69.98,0.0,69.98,400.0,17.5,17.5,False
B7,2020-07-15 04:00:00,-67.97,0.0,67.97,400.0,17.0,17.0,False
B7,2020-07-15 05:00:00,-64.38,0.0,64.38,400.0,16.1,16.1,False
B7,2020-07-15 06:00:00,-89.81,0.0,89.81,400.0,22.5,22.5,False
B7,2020-07-15 07:00:00,-75.81,0.0,75.81,400.0,19.0,19.0,False
B7,2020-07-15 08:00:00,-65.1,0.0,65.1,400.0,16.3,16.3,False
B7,2020-07-15 09:00:00,-63.36,0.0,63.36,400.0,15.8,15.8,False
B7,2020-07-15 10:00:00,-84.41,0.0,84.41,400.0,21.1,21.1,False
B7,2020-07-15 11:00:00,-100.3,0.0,100.3,400.0,25.1,25.1,False
B7,2020-07-15 12:00:00,-107.41,0.0,107.41,400.0,26.9,26.9,False
B7,2020-07-15 13:00:00,-114.52,0.0,114.52,400.0,28.6,28.6,False
B7,2020-07-15 14:00:00,-125.89,0.0,125.89,400.0,31.5,31.5,False
B7,2020-07-15 15:00:00,-120.45,0.0,120.45,400.0,30.1,30.1,False
B7,2020-07-15 16:00:00,-126.73,0.0,126.73,400.0,31.7,31.7,False
B7,2020-07-15 17:00:00,-113.49,0.0,113.49,400.0,28.4,28.4,False
B7,2020-07-15 18:00:00,-90.93,0.0,90.93,400.0,22.7,22.7,False
B7,2020-07-15 19:00:00,-94.24,0.0,94.24,400.0,23.6,23.6,False
B7,2020-07-15 20:00:00,-73.38,0.0,73.38,400.0,18.3,18.3,False
B7,2020-07-15 21:00:00,-54.81,0.0,54.81,400.0,13.7,13.7,False
B7,2020-07-15 22:00:00,-105.91,0.0,105.91,400.0,26.5,26.5,False
B7,2020-07-15 23:00:00,-91.47,0.0,91.47,400.0,22.9,22.9,False
B7,2020-07-16 00:00:00,-75.62,0.0,75.62,400.0,18.9,18.9,False
B7,2020-07-16 02:00:00,-68.28,0.0,68.28,400.0,17.1,17.1,False
B7,2020-07-16 04:00:00,-68.08,0.0,68.08,400.0,17.0,17.0,False
B7,2020-07-16 06:00:00,-95.89,0.0,95.89,400.0,24.0,24.0,False
B7,2020-07-16 08:00:00,-96.86,0.0,96.86,400.0,24.2,24.2,False
B7,2020-07-16 10:00:00,-127.95,0.0,127.95,400.0,32.0,32.0,False
B7,2020-07-16 12:00:00,-121.89,0.0,121.89,400.0,30.5,30.5,False
B7,2020-07-16 14:00:00,-135.75,0.0,135.75,400.0,33.9,33.9,False
B7,2020-07-16 16:00:00,-134.47,0.0,134.47,400.0,33.6,33.6,False
B7,2020-07-16 18:00:00,-94.24,0.0,94.24,400.0,23.6,23.6,False
B7,2020-07-16 20:00:00,-73.68,0.0,73.68,400.0,18.4,18.4,False
B7,2020-07-16 22:00:00,-120.91,0.0,120.91,400.0,30.2,30.2,False
B8,2020-07-15 00:00:00,-51.09,0.0,51.09,175.0,29.2,29.2,False
B8,2020-07-15 01:00:00,-46.53,0.0,46.53,175.0,26.6,26.6,False
B8,2020-07-15 02:00:00,-44.51,0.0,44.51,175.0,25.4,25.4,False
B8,2020-07-15 03:00:00,-43.58,0.0,43.58,175.0,24.9,24.9,False
B8,2020-07-15 04:00:00,-41.87,0.0,41.87,175.0,23.9,23.9,False
B8,2020-07-15 05:00:00,-39.03,0.0,39.03,175.0,22.3,22.3,False
B8,2020-07-15 06:00:00,-48.56,0.0,48.56,175.0,27.8,27.8,False
B8,2020-07-15 07:00:00,-21.25,0.0,21.25,175.0,12.1,12.1,False
B8,2020-07-15 08:00:00,-26.02,0.0,26.02,175.0,14.9,14.9,False
B8,2020-07-15 09:00:00,-32.52,0.0,32.52,175.0,18.6,18.6,False
B8,2020-07-15 10:00:00,-37.97,0.0,37.97,175.0,21.7,21.7,False
B8,2020-07-15 11:00:00,-43.19,0.0,43.19,175.0,24.7,24.7,False
B8,2020-07-15 12:00:00,-47.88,0.0,47.88,175.0,27.4,27.4,False
B8,2020-07-15 13:00:00,-50.85,0.0,50.85,175.0,29.1,29.1,False
B8,2020-07-15 14:00:00,-55.11,0.0,55.11,175.0,31.5,31.5,False
B8,2020-07-15 15:00:00,-49.27,0.0,49.27,175.0,28.2,28.2,False
B8,2020-07-15 16:00:00,-56.5,0.0,56.5,175.0,32.3,32.3,False
B8,2020-07-15 17:00:00,-54.44,0.0,54.44,175.0,31.1,31.1,False
B8,2020-07-15 18:00:00,-49.68,0.0,49.68,175.0,28.4,28.4,False
B8,2020-07-15 19:00:00,-45.45,0.0,45.45,175.0,26.0,26.0,False
B8,2020-07-15 20:00:00,-40.3,0.0,40.3,175.0,23.0,23.0,False
B8,2020-07-15 21:00:00,-33.75,0.0,33.75,175.0,19.3,19.3,False
B8,2020-07-15 22:00:00,-52.74,0.0,52.74,175.0,30.1,30.1,False
B8,2020-07-15 23:00:00,-55.16,0.0,55.16,175.0,31.5,31.5,False
B8,2020-07-16 00:00:00,-48.54,0.0,48.54,175.0,27.7,27.7,False
B8,2020-07-16 02:00:00,-42.93,0.0,42.93,175.0,24.5,24.5,False
B8,2020-07-16 04:00:00,-43.04,0.0,43.04,175.0,24.6,24.6,False
B8,2020-07-16 06:00:00,-53.25,0.0,53.25,175.0,30.4,30.4,False
B8,2020-07-16 08:00:00,-30.27,0.0,30.27,175.0,17.3,17.3,False
B8,2020-07-16 10:00:00,-42.65,0.0,42.65,175.0,24.4,24.4,False
B8,2020-07-16 12:00:00,-55.4,0.0,55.4,175.0,31.7,31.7,False
B8,2020-07-16 14:00:00,-59.61,0.0,59.61,175.0,34.1,34.1,False
B8,2020-07-16 16:00:00,-60.83,0.0,60.83,175.0,34.8,34.8,False
B8,2020-07-16 18:00:00,-54.56,0.0,54.56,175.0,31.2,31.2,False
B8,2020-07-16 20:00:00,-41.61,0.0,41.61,175.0,23.8,23.8,False
B8,2020-07-16 22:00:00,-45.8,0.0,45.8,175.0,26.2,26.2,False
B9,2020-07-15 00:00:00,-39.59,0.0,39.59,175.0,22.6,22.6,False
B9,2020-07-15 01:00:00,-35.47,0.0,35.47,175.0,20.3,20.3,False
B9,2020-07-15 02:00:00,-31.83,0.0,31.83,175.0,18.2,18.2,False
B9,2020-07-15 03:00:00,-31.4,0.0,31.4,175.0,17.9,17.9,False
B9,2020-07-15 04:00:00,-31.66,0.0,31.66,175.0,18.1,18.1,False
B9,2020-07-15 05:00:00,-32.82,0.0,32.82,175.0,18.8,18.8,False
B9,2020-07-15 06:00:00,-35.98,0.0,35.98,175.0,20.6,20.6,False
B9,2020-07-15 07:00:00,-6.59,0.0,6.59,175.0,3.8,3.8,False
B9,2020-07-15 08:00:00,-4.96,0.0,4.96,175.0,2.8,2.8,False
B9,2020-07-15 09:00:00,-14.44,0.0,14.44,175.0,8.3,8.3,False
B9,2020-07-15 10:00:00,-19.69,0.0,19.69,175.0,11.3,11.3,False
B9,2020-07-15 11:00:00,-24.93,0.0,24.93,175.0,14.2,14.2,False
B9,2020-07-15 12:00:00,-30.34,0.0,30.34,175.0,17.3,17.3,False
B9,2020-07-15 13:00:00,-33.25,0.0,33.25,175.0,19.0,19.0,False
B9,2020-07-15 14:00:00,-36.05,0.0,36.05,175.0,20.6,20.6,False
B9,2020-07-15 15:00:00,-29.4,0.0,29.4,175.0,16.8,16.8,False
B9,2020-07-15 16:00:00,-37.14,0.0,37.14,175.0,21.2,21.2,False
B9,2020-07-15 17:00:00,-35.6,0.0,35.6,175.0,20.3,20.3,False
B9,2020-07-15 18:00:00,-31.26,0.0,31.26,175.0,17.9,17.9,False
B9,2020-07-15 19:00:00,-24.76,0.0,24.76,175.0,14.1,14.1,False
B9,2020-07-15 20:00:00,-20.41,0.0,20.41,175.0,11.7,11.7,False
B9,2020-07-15 21:00:00,-15.12,0.0,15.12,175.0,8.6,8.6,False
B9,2020-07-15 22:00:00,-39.86,0.0,39.86,175.0,22.8,22.8,False
B9,2020-07-15 23:00:00,-44.51,0.0,44.51,175.0,25.4,25.4,False
B9,2020-07-16 00:00:00,-38.36,0.0,38.36,175.0,21.9,21.9,False
B9,2020-07-16 02:00:00,-33.81,0.0,33.81,175.0,19.3,19.3,False
B9,2020-07-16 04:00:00,-32.72,0.0,32.72,175.0,18.7,18.7,False
B9,2020-07-16 06:00:00,-42.71,0.0,42.71,175.0,24.4,24.4,False
B9,2020-07-16 08:00:00,-8.38,0.0,8.38,175.0,4.8,4.8,False
B9,2020-07-16 10:00:00,-18.59,0.0,18.59,175.0,10.6,10.6,False
B9,2020-07-16 12:00:00,-37.29,0.0,37.29,175.0,21.3,21.3,False
B9,2020-07-16 14:00:00,-40.07,0.0,40.07,175.0,22.9,22.9,False
B9,2020-07-16 16:00:00,-40.81,0.0,40.81,175.0,23.3,23.3,False
B9,2020-07-16 18:00:00,-37.06,0.0,37.06,175.0,21.2,21.2,False
B9,2020-07-16 20:00:00,-22.17,0.0,22.17,175.0,12.7,12.7,False
B9,2020-07-16 22:00:00,-40.41,0.0,40.41,175.0,23.1,23.1,False
B10,2020-07-15 00:00:00,-72.21,0.0,72.21,175.0,41.3,41.3,False
B10,2020-07-15 01:00:00,-66.66,0.0,66.66,175.0,38.1,38.1,False
B10,2020-07-15 02:00:00,-63.07,0.0,63.07,175.0,36.0,36.0,False
B10,2020-07-15 03:00:00,-62.07,0.0,62.07,175.0,35.5,35.5,False
B10,2020-07-15 04:00:00,-60.95,0.0,60.95,175.0,34.8,34.8,False
B10,2020-07-15 05:00:00,-60.32,0.0,60.32,175.0,34.5,34.5,False
B10,2020-07-15 06:00:00,-68.42,0.0,68.42,175.0,39.1,39.1,False
B10,2020-07-15 07:00:00,-51.05,0.0,51.05,175.0,29.2,29.2,False
B10,2020-07-15 08:00:00,-54.88,0.0,54.88,175.0,31.4,31.4,False
B10,2020-07-15 09:00:00,-64.39,0.0,64.39,175.0,36.8,36.8,False
B10,2020-07-15 10:00:00,-71.36,0.0,71.36,175.0,40.8,40.8,False
B10,2020-07-15 11:00:00,-78.19,0.0,78.19,175.0,44.7,44.7,False
B10,2020-07-15 12:00:00,-84.59,0.0,84.59,175.0,48.3,48.3,False
B10,2020-07-15 13:00:00,-88.46,0.0,88.46,175.0,50.5,50.5,False
B10,2020-07-15 14:00:00,-93.51,0.0,93.51,175.0,53.4,53.4,False
B10,2020-07-15 15:00:00,-90.06,0.0,90.06,175.0,51.5,51.5,False
B10,2020-07-15 16:00:00,-95.24,0.0,95.24,175.0,54.4,54.4,False
B10,2020-07-15 17:00:00,-92.73,0.0,92.73,175.0,53.0,53.0,False
B10,2020-07-15 18:00:00,-86.68,0.0,86.68,175.0,49.5,49.5,False
B10,2020-07-15 19:00:00,-80.37,0.0,80.37,175.0,45.9,45.9,False
B10,2020-07-15 20:00:00,-73.96,0.0,73.96,175.0,42.3,42.3,False
B10,2020-07-15 21:00:00,-65.84,0.0,65.84,175.0,37.6,37.6,False
B10,2020-07-15 22:00:00,-78.1,0.0,78.1,175.0,44.6,44.6,False
B10,2020-07-15 23:00:00,-77.72,0.0,77.72,175.0,44.4,44.4,False
B10,2020-07-16 00:00:00,-69.23,0.0,69.23,175.0,39.6,39.6,False
B10,2020-07-16 02:00:00,-62.67,0.0,62.67,175.0,35.8,35.8,False
B10,2020-07-16 04:00:00,-61.98,0.0,61.98,175.0,35.4,35.4,False
B10,2020-07-16 06:00:00,-75.22,0.0,75.22,175.0,43.0,43.0,False
B10,2020-07-16 08:00:00,-60.05,0.0,60.05,175.0,34.3,34.3,False
B10,2020-07-16 10:00:00,-75.5,0.0,75.5,175.0,43.1,43.1,False
B10,2020-07-16 12:00:00,-94.25,0.0,94.25,175.0,53.9,53.9,False
B10,2020-07-16 14:00:00,-100.33,0.0,100.33,175.0,57.3,57.3,False
B10,2020-07-16 16:00:00,-100.67,0.0,100.67,175.0,57.5,57.5,False
B10,2020-07-16 18:00:00,-93.36,0.0,93.36,175.0,53.3,53.3,False
B10,2020-07-16 20:00:00,-75.84,0.0,75.84,175.0,43.3,43.3,False
B10,2020-07-16 22:00:00,-75.54,0.0,75.54,175.0,43.2,43.2,False
B11,2020-07-15 00:00:00,-73.05,0.0,73.05,175.0,41.7,41.7,False
B11,2020-07-15 01:00:00,-68.66,0.0,68.66,175.0,39.2,39.2,False
B11,2020-07-15 02:00:00,-67.03,0.0,67.03,175.0,38.3,38.3,False
B11,2020-07-15 03:00:00,-65.96,0.0,65.96,175.0,37.7,37.7,False
B11,2020-07-15 04:00:00,-63.86,0.0,63.86,175.0,36.5,36.5,False
B11,2020-07-15 05:00:00,-60.88,0.0,60.88,175.0,34.8,34.8,False
B11,2020-07-15 06:00:00,-70.94,0.0,70.94,175.0,40.5,40.5,False
B11,2020-07-15 07:00:00,-77.91,0.0,77.91,175.0,44.5,44.5,False
B11,2020-07-15 08:00:00,-84.99,0.0,84.99,175.0,48.6,48.6,False
B11,2020-07-15 09:00:00,-90.06,0.0,90.06,175.0,51.5,51.5,False
B11,2020-07-15 10:00:00,-95.36,0.0,95.36,175.0,54.5,54.5,False
B11,2020-07-15 11:00:00,-100.42,0.0,100.42,175.0,57.4,57.4,False
B11,2020-07-15 12:00:00,-104.69,0.0,104.69,175.0,59.8,59.8,False
B11,2020-07-15 13:00:00,-107.62,0.0,107.62,175.0,61.5,61.5,False
B11,2020-07-15 14:00:00,-112.34,0.0,112.34,175.0,64.2,64.2,False
B11,2020-07-15 15:00:00,-114.26,0.0,114.26,175.0,65.3,65.3,False
B11,2020-07-15 16:00:00,-113.81,0.0,113.81,175.0,65.0,65.0,False
B11,2020-07-15 17:00:00,-111.61,0.0,111.61,175.0,63.8,63.8,False
B11,2020-07-15 18:00:00,-106.84,0.0,106.84,175.0,61.1,61.1,False
B11,2020-07-15 19:00:00,-103.66,0.0,103.66,175.0,59.2,59.2,False
B11,2020-07-15 20:00:00,-98.38,0.0,98.38,175.0,56.2,56.2,False
B11,2020-07-15 21:00:00,-91.51,0.0,91.51,175.0,52.3,52.3,False
B11,2020-07-15 22:00:00,-83.4,0.0,83.4,175.0,47.7,47.7,False
B11,2020-07-15 23:00:00,-76.56,0.0,76.56,175.0,43.8,43.8,False
B11,2020-07-16 00:00:00,-69.94,0.0,69.94,175.0,40.0,40.0,False
B11,2020-07-16 02:00:00,-64.41,0.0,64.41,175.0,36.8,36.8,False
B11,2020-07-16 04:00:00,-64.65,0.0,64.65,175.0,36.9,36.9,False
B11,2020-07-16 06:00:00,-74.63,0.0,74.63,175.0,42.6,42.6,False
B11,2020-07-16 08:00:00,-89.37,0.0,89.37,175.0,51.1,51.1,False
B11,2020-07-16 10:00:00,-102.29,0.0,102.29,175.0,58.4,58.4,False
B11,2020-07-16 12:00:00,-112.25,0.0,112.25,175.0,64.1,64.1,False
B11,2020-07-16 14:00:00,-118.96,0.0,118.96,175.0,68.0,68.0,False
B11,2020-07-16 16:00:00,-118.29,0.0,118.29,175.0,67.6,67.6,False
B11,2020-07-16 18:00:00,-111.19,0.0,111.19,175.0,63.5,63.5,False
B11,2020-07-16 20:00:00,-99.47,0.0,99.47,175.0,56.8,56.8,False
B11,2020-07-16 22:00:00,-82.98,0.0,82.98,175.0,47.4,47.4,False
B12-1,2020-07-15 00:00:00,-94.3,0.0,94.3,175.0,53.9,53.9,False
B12-1,2020-07-15 01:00:00,-88.57,0.0,88.57,175.0,50.6,50.6,False
B12-1,2020-07-15 02:00:00,-86.98,0.0,86.98,175.0,49.7,49.7,False
B12-1,2020-07-15 03:00:00,-85.42,0.0,85.42,175.0,48.8,48.8,False
B12-1,2020-07-15 04:00:00,-82.11,0.0,82.11,175.0,46.9,46.9,False
B12-1,2020-07-15 05:00:00,-77.34,0.0,77.34,175.0,44.2,44.2,False
B12-1,2020-07-15 06:00:00,-91.97,0.0,91.97,175.0,52.6,52.6,False
B12-1,2020-07-15 07:00:00,-97.2,0.0,97.2,175.0,55.5,55.5,False
B12-1,2020-07-15 08:00:00,-108.78,0.0,108.78,175.0,62.2,62.2,False
B12-1,2020-07-15 09:00:00,-114.09,0.0,114.09,175.0,65.2,65.2,False
B12-1,2020-07-15 10:00:00,-120.95,0.0,120.95,175.0,69.1,69.1,False
B12-1,2020-07-15 11:00:00,-127.43,0.0,127.43,175.0,72.8,72.8,False
B12-1,2020-07-15 12:00:00,-132.64,0.0,132.64,175.0,75.8,75.8,False
B12-1,2020-07-15 13:00:00,-136.43,0.0,136.43,175.0,78.0,78.0,False
B12-1,2020-07-15 14:00:00,-143.07,0.0,143.07,175.0,81.8,81.8,False
B12-1,2020-07-15 15:00:00,-144.65,0.0,144.65,175.0,82.7,82.7,False
B12-1,2020-07-15 16:00:00,-145.09,0.0,145.09,175.0,82.9,82.9,False
B12-1,2020-07-15 17:00:00,-142.06,0.0,142.06,175.0,81.2,81.2,False
B12-1,2020-07-15 18:00:00,-135.77,0.0,135.77,175.0,77.6,77.6,False
B12-1,2020-07-15 19:00:00,-132.59,0.0,132.59,175.0,75.8,75.8,False
B12-1,2020-07-15 20:00:00,-125.51,0.0,125.51,175.0,71.7,71.7,False
B12-1,2020-07-15 21:00:00,-116.18,0.0,116.18,175.0,66.4,66.4,False
B12-1,2020-07-15 22:00:00,-107.29,0.0,107.29,175.0,61.3,61.3,False
B12-1,2020-07-15 23:00:00,-98.43,0.0,98.43,175.0,56.2,56.2,False
B12-1,2020-07-16 00:00:00,-89.74,0.0,89.74,175.0,51.3,51.3,False
B12-1,2020-07-16 02:00:00,-82.35,0.0,82.35,175.0,47.1,47.1,False
B12-1,2020-07-16 04:00:00,-82.98,0.0,82.98,175.0,47.4,47.4,False
B12-1,2020-07-16 06:00:00,-95.88,0.0,95.88,175.0,54.8,54.8,False
B12-1,2020-07-16 08:00:00,-114.69,0.0,114.69,175.0,65.5,65.5,False
B12-1,2020-07-16 10:00:00,-132.15,0.0,132.15,175.0,75.5,75.5,False
B12-1,2020-07-16 12:00:00,-142.59,0.0,142.59,175.0,81.5,81.5,False
B12-1,2020-07-16 14:00:00,-151.59,0.0,151.59,175.0,86.6,86.6,False
B12-1,2020-07-16 16:00:00,-151.1,0.0,151.1,175.0,86.3,86.3,False
B12-1,2020-07-16 18:00:00,-140.98,0.0,140.98,175.0,80.6,80.6,False
B12-1,2020-07-16 20:00:00,-126.73,0.0,126.73,175.0,72.4,72.4,False
B12-1,2020-07-16 22:00:00,-104.03,0.0,104.03,175.0,59.4,59.4,False
B13-2,2020-07-15 00:00:00,-76.63,0.0,76.63,175.0,43.8,43.8,False
B13-2,2020-07-15 01:00:00,-72.13,0.0,72.13,175.0,41.2,41.2,False
B13-2,2020-07-15 02:00:00,-69.55,0.0,69.55,175.0,39.7,39.7,False
B13-2,2020-07-15 03:00:00,-68.6,0.0,68.6,175.0,39.2,39.2,False
B13-2,2020-07-15 04:00:00,-67.27,0.0,67.27,175.0,38.4,38.4,False
B13-2,2020-07-15 05:00:00,-66.37,0.0,66.37,175.0,37.9,37.9,False
B13-2,2020-07-15 06:00:00,-73.85,0.0,73.85,175.0,42.2,42.2,False
B13-2,2020-07-15 07:00:00,-85.08,0.0,85.08,175.0,48.6,48.6,False
B13-2,2020-07-15 08:00:00,-90.21,0.0,90.21,175.0,51.5,51.5,False
B13-2,2020-07-15 09:00:00,-96.89,0.0,96.89,175.0,55.4,55.4,False
B13-2,2020-07-15 10:00:00,-102.55,0.0,102.55,175.0,58.6,58.6,False
B13-2,2020-07-15 11:00:00,-108.07,0.0,108.07,175.0,61.8,61.8,False
B13-2,2020-07-15 12:00:00,-113.02,0.0,113.02,175.0,64.6,64.6,False
B13-2,2020-07-15 13:00:00,-116.19,0.0,116.19,175.0,66.4,66.4,False
B13-2,2020-07-15 14:00:00,-120.75,0.0,120.75,175.0,69.0,69.0,False
B13-2,2020-07-15 15:00:00,-123.69,0.0,123.69,175.0,70.7,70.7,False
B13-2,2020-07-15 16:00:00,-122.25,0.0,122.25,175.0,69.9,69.9,False
B13-2,2020-07-15 17:00:00,-120.06,0.0,120.06,175.0,68.6,68.6,False
B13-2,2020-07-15 18:00:00,-115.03,0.0,115.03,175.0,65.7,65.7,False
B13-2,2020-07-15 19:00:00,-110.68,0.0,110.68,175.0,63.2,63.2,False
B13-2,2020-07-15 20:00:00,-105.26,0.0,105.26,175.0,60.1,60.1,False
B13-2,2020-07-15 21:00:00,-98.27,0.0,98.27,175.0,56.2,56.2,False
B13-2,2020-07-15 22:00:00,-88.06,0.0,88.06,175.0,50.3,50.3,False
B13-2,2020-07-15 23:00:00,-80.75,0.0,80.75,175.0,46.1,46.1,False
B13-2,2020-07-16 00:00:00,-73.72,0.0,73.72,175.0,42.1,42.1,False
B13-2,2020-07-16 02:00:00,-68.28,0.0,68.28,175.0,39.0,39.0,False
B13-2,2020-07-16 04:00:00,-67.89,0.0,67.89,175.0,38.8,38.8,False
B13-2,2020-07-16 06:00:00,-78.65,0.0,78.65,175.0,44.9,44.9,False
B13-2,2020-07-16 08:00:00,-94.61,0.0,94.61,175.0,54.1,54.1,False
B13-2,2020-07-16 10:00:00,-107.84,0.0,107.84,175.0,61.6,61.6,False
B13-2,2020-07-16 12:00:00,-121.05,0.0,121.05,175.0,69.2,69.2,False
B13-2,2020-07-16 14:00:00,-127.98,0.0,127.98,175.0,73.1,73.1,False
B13-2,2020-07-16 16:00:00,-126.86,0.0,126.86,175.0,72.5,72.5,False
B13-2,2020-07-16 18:00:00,-120.12,0.0,120.12,175.0,68.6,68.6,False
B13-2,2020-07-16 20:00:00,-106.63,0.0,106.63,175.0,60.9,60.9,False
B13-2,2020-07-16 22:00:00,-90.6,0.0,90.6,175.0,51.8,51.8,False
B14,2020-07-15 00:00:00,-65.38,0.0,65.38,400.0,16.3,16.3,False
B14,2020-07-15 01:00:00,-59.93,0.0,59.93,400.0,15.0,15.0,False
B14,2020-07-15 02:00:00,-55.18,0.0,55.18,400.0,13.8,13.8,False
B14,2020-07-15 03:00:00,-54.32,0.0,54.32,400.0,13.6,13.6,False
B14,2020-07-15 04:00:00,-54.34,0.0,54.34,400.0,13.6,13.6,False
B14,2020-07-15 05:00:00,-56.04,0.0,56.04,400.0,14.0,14.0,False
B14,2020-07-15 06:00:00,-64.19,0.0,64.19,400.0,16.0,16.0,False
B14,2020-07-15 07:00:00,-59.25,0.0,59.25,400.0,14.8,14.8,False
B14,2020-07-15 08:00:00,-56.81,0.0,56.81,400.0,14.2,14.2,False
B14,2020-07-15 09:00:00,-75.64,0.0,75.64,400.0,18.9,18.9,False
B14,2020-07-15 10:00:00,-89.63,0.0,89.63,400.0,22.4,22.4,False
B14,2020-07-15 11:00:00,-98.48,0.0,98.48,400.0,24.6,24.6,False
B14,2020-07-15 12:00:00,-105.62,0.0,105.62,400.0,26.4,26.4,False
B14,2020-07-15 13:00:00,-110.19,0.0,110.19,400.0,27.5,27.5,False
B14,2020-07-15 14:00:00,-115.71,0.0,115.71,400.0,28.9,28.9,False
B14,2020-07-15 15:00:00,-114.49,0.0,114.49,400.0,28.6,28.6,False
B14,2020-07-15 16:00:00,-117.09,0.0,117.09,400.0,29.3,29.3,False
B14,2020-07-15 17:00:00,-112.67,0.0,112.67,400.0,28.2,28.2,False
B14,2020-07-15 18:00:00,-101.41,0.0,101.41,400.0,25.4,25.4,False
B14,2020-07-15 19:00:00,-90.25,0.0,90.25,400.0,22.6,22.6,False
B14,2020-07-15 20:00:00,-81.66,0.0,81.66,400.0,20.4,20.4,False
B14,2020-07-15 21:00:00,-72.18,0.0,72.18,400.0,18.0,18.0,False
B14,2020-07-15 22:00:00,-78.13,0.0,78.13,400.0,19.5,19.5,False
B14,2020-07-15 23:00:00,-73.38,0.0,73.38,400.0,18.3,18.3,False
B14,2020-07-16 00:00:00,-62.6,0.0,62.6,400.0,15.7,15.7,False
B14,2020-07-16 02:00:00,-56.5,0.0,56.5,400.0,14.1,14.1,False
B14,2020-07-16 04:00:00,-55.02,0.0,55.02,400.0,13.8,13.8,False
B14,2020-07-16 06:00:00,-72.28,0.0,72.28,400.0,18.1,18.1,False
B14,2020-07-16 08:00:00,-66.99,0.0,66.99,400.0,16.7,16.7,False
B14,2020-07-16 10:00:00,-84.4,0.0,84.4,400.0,21.1,21.1,False
B14,2020-07-16 12:00:00,-116.1,0.0,116.1,400.0,29.0,29.0,False
B14,2020-07-16 14:00:00,-123.69,0.0,123.69,400.0,30.9,30.9,False
B14,2020-07-16 16:00:00,-122.69,0.0,122.69,400.0,30.7,30.7,False
B14,2020-07-16 18:00:00,-110.13,0.0,110.13,400.0,27.5,27.5,False
B14,2020-07-16 20:00:00,-83.59,0.0,83.59,400.0,20.9,20.9,False
B14,2020-07-16 22:00:00,-85.24,0.0,85.24,400.0,21.3,21.3,False
B15,2020-07-15 00:00:00,-164.47,0.0,164.47,400.0,41.1,41.1,False
B15,2020-07-15 01:00:00,-153.99,0.0,153.99,400.0,38.5,38.5,False
B15,2020-07-15 02:00:00,-141.97,0.0,141.97,400.0,35.5,35.5,False
B15,2020-07-15 03:00:00,-141.21,0.0,141.21,400.0,35.3,35.3,False
B15,2020-07-15 04:00:00,-144.07,0.0,144.07,400.0,36.0,36.0,False
B15,2020-07-15 05:00:00,-154.65,0.0,154.65,400.0,38.7,38.7,False
B15,2020-07-15 06:00:00,-150.26,0.0,150.26,400.0,37.6,37.6,False
B15,2020-07-15 07:00:00,-154.05,0.0,154.05,400.0,38.5,38.5,False
B15,2020-07-15 08:00:00,-149.42,0.0,149.42,400.0,37.4,37.4,False
B15,2020-07-15 09:00:00,-169.52,0.0,169.52,400.0,42.4,42.4,False
B15,2020-07-15 10:00:00,-176.92,0.0,176.92,400.0,44.2,44.2,False
B15,2020-07-15 11:00:00,-189.8,0.0,189.8,400.0,47.5,47.5,False
B15,2020-07-15 12:00:00,-205.13,0.0,205.13,400.0,51.3,51.3,False
B15,2020-07-15 13:00:00,-212.67,0.0,212.67,400.0,53.2,53.2,False
B15,2020-07-15 14:00:00,-218.8,0.0,218.8,400.0,54.7,54.7,False
B15,2020-07-15 15:00:00,-221.17,0.0,221.17,400.0,55.3,55.3,False
B15,2020-07-15 16:00:00,-222.03,0.0,222.03,400.0,55.5,55.5,False
B15,2020-07-15 17:00:00,-220.06,0.0,220.06,400.0,55.0,55.0,False
B15,2020-07-15 18:00:00,-213.45,0.0,213.45,400.0,53.4,53.4,False
B15,2020-07-15 19:00:00,-197.81,0.0,197.81,400.0,49.5,49.5,False
B15,2020-07-15 20:00:00,-188.55,0.0,188.55,400.0,47.1,47.1,False
B15,2020-07-15 21:00:00,-176.0,0.0,176.0,400.0,44.0,44.0,False
B15,2020-07-15 22:00:00,-179.15,0.0,179.15,400.0,44.8,44.8,False
B15,2020-07-15 23:00:00,-176.34,0.0,176.34,400.0,44.1,44.1,False
B15,2020-07-16 00:00:00,-161.58,0.0,161.58,400.0,40.4,40.4,False
B15,2020-07-16 02:00:00,-150.59,0.0,150.59,400.0,37.6,37.6,False
B15,2020-07-16 04:00:00,-145.73,0.0,145.73,400.0,36.4,36.4,False
B15,2020-07-16 06:00:00,-169.71,0.0,169.71,400.0,42.4,42.4,False
B15,2020-07-16 08:00:00,-152.99,0.0,152.99,400.0,38.2,38.2,False
B15,2020-07-16 10:00:00,-178.2,0.0,178.2,400.0,44.6,44.6,False
B15,2020-07-16 12:00:00,-223.64,0.0,223.64,400.0,55.9,55.9,False
B15,2020-07-16 14:00:00,-234.26,0.0,234.26,400.0,58.6,58.6,False
B15,2020-07-16 16:00:00,-231.68,0.0,231.68,400.0,57.9,57.9,False
B15,2020-07-16 18:00:00,-228.57,0.0,228.57,400.0,57.1,57.1,False
B15,2020-07-16 20:00:00,-193.94,0.0,193.94,400.0,48.5,48.5,False
B15,2020-07-16 22:00:00,-195.18,0.0,195.18,400.0,48.8,48.8,False
B16,2020-07-15 00:00:00,-100.08,0.0,100.08,400.0,25.0,25.0,False
B16,2020-07-15 01:00:00,-92.23,0.0,92.23,400.0,23.1,23.1,False
B16,2020-07-15 02:00:00,-89.43,0.0,89.43,400.0,22.4,22.4,False
B16,2020-07-15 03:00:00,-87.38,0.0,87.38,400.0,21.8,21.8,False
B16,2020-07-15 04:00:00,-83.48,0.0,83.48,400.0,20.9,20.9,False
B16,2020-07-15 05:00:00,-77.58,0.0,77.58,400.0,19.4,19.4,False
B16,2020-07-15 06:00:00,-99.78,0.0,99.78,400.0,24.9,24.9,False
B16,2020-07-15 07:00:00,-83.05,0.0,83.05,400.0,20.8,20.8,False
B16,2020-07-15 08:00:00,-93.29,0.0,93.29,400.0,23.3,23.3,False
B16,2020-07-15 09:00:00,-109.43,0.0,109.43,400.0,27.4,27.4,False
B16,2020-07-15 10:00:00,-125.77,0.0,125.77,400.0,31.4,31.4,False
B16,2020-07-15 11:00:00,-136.51,0.0,136.51,400.0,34.1,34.1,False
B16,2020-07-15 12:00:00,-144.16,0.0,144.16,400.0,36.0,36.0,False
B16,2020-07-15 13:00:00,-149.96,0.0,149.96,400.0,37.5,37.5,False
B16,2020-07-15 14:00:00,-159.56,0.0,159.56,400.0,39.9,39.9,False
B16,2020-07-15 15:00:00,-155.67,0.0,155.67,400.0,38.9,38.9,False
B16,2020-07-15 16:00:00,-161.96,0.0,161.96,400.0,40.5,40.5,False
B16,2020-07-15 17:00:00,-155.9,0.0,155.9,400.0,39.0,39.0,False
B16,2020-07-15 18:00:00,-142.14,0.0,142.14,400.0,35.5,35.5,False
B16,2020-07-15 19:00:00,-133.3,0.0,133.3,400.0,33.3,33.3,False
B16,2020-07-15 20:00:00,-121.44,0.0,121.44,400.0,30.4,30.4,False
B16,2020-07-15 21:00:00,-107.37,0.0,107.37,400.0,26.8,26.8,False
B16,2020-07-15 22:00:00,-115.91,0.0,115.91,400.0,29.0,29.0,False
B16,2020-07-15 23:00:00,-108.11,0.0,108.11,400.0,27.0,27.0,False
B16,2020-07-16 00:00:00,-94.07,0.0,94.07,400.0,23.5,23.5,False
B16,2020-07-16 02:00:00,-84.15,0.0,84.15,400.0,21.0,21.0,False
B16,2020-07-16 04:00:00,-84.68,0.0,84.68,400.0,21.2,21.2,False
B16,2020-07-16 06:00:00,-106.12,0.0,106.12,400.0,26.5,26.5,False
B16,2020-07-16 08:00:00,-106.44,0.0,106.44,400.0,26.6,26.6,False
B16,2020-07-16 10:00:00,-132.15,0.0,132.15,400.0,33.0,33.0,False
B16,2020-07-16 12:00:00,-158.42,0.0,158.42,400.0,39.6,39.6,False
B16,2020-07-16 14:00:00,-170.07,0.0,170.07,400.0,42.5,42.5,False
B16,2020-07-16 16:00:00,-170.3,0.0,170.3,400.0,42.6,42.6,False
B16,2020-07-16 18:00:00,-151.11,0.0,151.11,400.0,37.8,37.8,False
B16,2020-07-16 20:00:00,-123.07,0.0,123.07,400.0,30.8,30.8,False
B16,2020-07-16 22:00:00,-111.61,0.0,111.61,400.0,27.9,27.9,False
B17,2020-07-15 00:00:00,-199.18,0.0,199.18,400.0,49.8,49.8,False
B17,2020-07-15 01:00:00,-186.29,0.0,186.29,400.0,46.6,46.6,False
B17,2020-07-15 02:00:00,-176.22,0.0,176.22,400.0,44.1,44.1,False
B17,2020-07-15 03:00:00,-174.27,0.0,174.27,400.0,43.6,43.6,False
B17,2020-07-15 04:00:00,-173.22,0.0,173.22,400.0,43.3,43.3,False
B17,2020-07-15 05:00:00,-176.2,0.0,176.2,400.0,44.0,44.0,False
B17,2020-07-15 06:00:00,-185.84,0.0,185.84,400.0,46.5,46.5,False
B17,2020-07-15 07:00:00,-177.85,0.0,177.85,400.0,44.5,44.5,False
B17,2020-07-15 08:00:00,-185.89,0.0,185.89,400.0,46.5,46.5,False
B17,2020-07-15 09:00:00,-203.3,0.0,203.3,400.0,50.8,50.8,False
B17,2020-07-15 10:00:00,-213.06,0.0,213.06,400.0,53.3,53.3,False
B17,2020-07-15 11:00:00,-227.84,0.0,227.84,400.0,57.0,57.0,False
B17,2020-07-15 12:00:00,-243.67,0.0,243.67,400.0,60.9,60.9,False
B17,2020-07-15 13:00:00,-252.44,0.0,252.44,400.0,63.1,63.1,False
B17,2020-07-15 14:00:00,-262.65,0.0,262.65,400.0,65.7,65.7,False
B17,2020-07-15 15:00:00,-262.35,0.0,262.35,400.0,65.6,65.6,False
B17,2020-07-15 16:00:00,-266.9,0.0,266.9,400.0,66.7,66.7,False
B17,2020-07-15 17:00:00,-263.29,0.0,263.29,400.0,65.8,65.8,False
B17,2020-07-15 18:00:00,-254.17,0.0,254.17,400.0,63.5,63.5,False
B17,2020-07-15 19:00:00,-240.86,0.0,240.86,400.0,60.2,60.2,False
B17,2020-07-15 20:00:00,-228.32,0.0,228.32,400.0,57.1,57.1,False
B17,2020-07-15 21:00:00,-211.19,0.0,211.19,400.0,52.8,52.8,False
B17,2020-07-15 22:00:00,-216.93,0.0,216.93,400.0,54.2,54.2,False
B17,2020-07-15 23:00:00,-211.07,0.0,211.07,400.0,52.8,52.8,False
B17,2020-07-16 00:00:00,-193.04,0.0,193.04,400.0,48.3,48.3,False
B17,2020-07-16 02:00:00,-178.23,0.0,178.23,400.0,44.6,44.6,False
B17,2020-07-16 04:00:00,-175.38,0.0,175.38,400.0,43.8,43.8,False
B17,2020-07-16 06:00:00,-203.55,0.0,203.55,400.0,50.9,50.9,False
B17,2020-07-16 08:00:00,-192.45,0.0,192.45,400.0,48.1,48.1,False
B17,2020-07-16 10:00:00,-225.95,0.0,225.95,400.0,56.5,56.5,False
B17,2020-07-16 12:00:00,-265.97,0.0,265.97,400.0,66.5,66.5,False
B17,2020-07-16 14:00:00,-280.64,0.0,280.64,400.0,70.2,70.2,False
B17,2020-07-16 16:00:00,-279.3,0.0,279.3,400.0,69.8,69.8,False
B17,2020-07-16 18:00:00,-269.55,0.0,269.55,400.0,67.4,67.4,False
B17,2020-07-16 20:00:00,-233.42,0.0,233.42,400.0,58.4,58.4,False
B17,2020-07-16 22:00:00,-221.56,0.0,221.56,400.0,55.4,55.4,False
B18,2020-07-15 00:00:00,-137.06,0.0,137.06,500.0,27.4,27.4,False
B18,2020-07-15 01:00:00,-125.78,0.0,125.78,500.0,25.2,25.2,False
B18,2020-07-15 02:00:00,-111.3,0.0,111.3,500.0,22.3,22.3,False
B18,2020-07-15 03:00:00,-111.18,0.0,111.18,500.0,22.2,22.2,False
B18,2020-07-15 04:00:00,-116.01,0.0,116.01,500.0,23.2,23.2,False
B18,2020-07-15 05:00:00,-130.86,0.0,130.86,500.0,26.2,26.2,False
B18,2020-07-15 06:00:00,-113.5,0.0,113.5,500.0,22.7,22.7,False
B18,2020-07-15 07:00:00,-119.36,0.0,119.36,500.0,23.9,23.9,False
B18,2020-07-15 08:00:00,-113.63,0.0,113.63,500.0,22.7,22.7,False
B18,2020-07-15 09:00:00,-191.49,0.0,191.49,500.0,38.3,38.3,False
B18,2020-07-15 10:00:00,-214.4,0.0,214.4,500.0,42.9,42.9,False
B18,2020-07-15 11:00:00,-224.97,0.0,224.97,500.0,45.0,45.0,False
B18,2020-07-15 12:00:00,-242.32,0.0,242.32,500.0,48.5,48.5,False
B18,2020-07-15 13:00:00,-249.32,0.0,249.32,500.0,49.9,49.9,False
B18,2020-07-15 14:00:00,-252.29,0.0,252.29,500.0,50.5,50.5,False
B18,2020-07-15 15:00:00,-256.42,0.0,256.42,500.0,51.3,51.3,False
B18,2020-07-15 16:00:00,-256.03,0.0,256.03,500.0,51.2,51.2,False
B18,2020-07-15 17:00:00,-258.74,0.0,258.74,500.0,51.7,51.7,False
B18,2020-07-15 18:00:00,-248.75,0.0,248.75,500.0,49.8,49.8,False
B18,2020-07-15 19:00:00,-199.54,0.0,199.54,500.0,39.9,39.9,False
B18,2020-07-15 20:00:00,-195.1,0.0,195.1,500.0,39.0,39.0,False
B18,2020-07-15 21:00:00,-186.23,0.0,186.23,500.0,37.2,37.2,False
B18,2020-07-15 22:00:00,-143.55,0.0,143.55,500.0,28.7,28.7,False
B18,2020-07-15 23:00:00,-147.28,0.0,147.28,500.0,29.5,29.5,False
B18,2020-07-16 00:00:00,-136.15,0.0,136.15,500.0,27.2,27.2,False
B18,2020-07-16 02:00:00,-124.79,0.0,124.79,500.0,25.0,25.0,False
B18,2020-07-16 04:00:00,-118.57,0.0,118.57,500.0,23.7,23.7,False
B18,2020-07-16 06:00:00,-137.16,0.0,137.16,500.0,27.4,27.4,False
B18,2020-07-16 08:00:00,-105.89,0.0,105.89,500.0,21.2,21.2,False
B18,2020-07-16 10:00:00,-126.02,0.0,126.02,500.0,25.2,25.2,False
B18,2020-07-16 12:00:00,-260.45,0.0,260.45,500.0,52.1,52.1,False
B18,2020-07-16 14:00:00,-268.05,0.0,268.05,500.0,53.6,53.6,False
B18,2020-07-16 16:00:00,-265.26,0.0,265.26,500.0,53.1,53.1,False
B18,2020-07-16 18:00:00,-277.55,0.0,277.55,500.0,55.5,55.5,False
B18,2020-07-16 20:00:00,-202.05,0.0,202.05,500.0,40.4,40.4,False
B18,2020-07-16 22:00:00,-160.94,0.0,160.94,500.0,32.2,32.2,False
B19,2020-07-15 00:00:00,-34.01,0.0,34.01,500.0,6.8,6.8,False
B19,2020-07-15 01:00:00,-31.49,0.0,31.49,500.0,6.3,6.3,False
B19,2020-07-15 02:00:00,-39.32,0.0,39.32,500.0,7.9,7.9,False
B19,2020-07-15 03:00:00,-36.46,0.0,36.46,500.0,7.3,7.3,False
B19,2020-07-15 04:00:00,-26.82,0.0,26.82,500.0,5.4,5.4,False
B19,2020-07-15 05:00:00,-4.01,0.0,4.01,500.0,0.8,0.8,False
B19,2020-07-15 06:00:00,-56.36,0.0,56.36,500.0,11.3,11.3,False
B19,2020-07-15 07:00:00,-28.93,0.0,28.93,500.0,5.8,5.8,False
B19,2020-07-15 08:00:00,-42.66,0.0,42.66,500.0,8.5,8.5,False
B19,2020-07-15 09:00:00,0.2,0.0,0.2,500.0,0.0,0.0,False
B19,2020-07-15 10:00:00,-7.32,0.0,7.32,500.0,1.5,1.5,False
B19,2020-07-15 11:00:00,-16.25,0.0,16.25,500.0,3.2,3.2,False
B19,2020-07-15 12:00:00,-13.58,0.0,13.58,500.0,2.7,2.7,False
B19,2020-07-15 13:00:00,-16.86,0.0,16.86,500.0,3.4,3.4,False
B19,2020-07-15 14:00:00,-28.95,0.0,28.95,500.0,5.8,5.8,False
B19,2020-07-15 15:00:00,-19.78,0.0,19.78,500.0,4.0,4.0,False
B19,2020-07-15 16:00:00,-28.94,0.0,28.94,500.0,5.8,5.8,False
B19,2020-07-15 17:00:00,-15.76,0.0,15.76,500.0,3.2,3.2,False
B19,2020-07-15 18:00:00,-0.75,0.0,0.75,500.0,0.2,0.2,False
B19,2020-07-15 19:00:00,-30.01,0.0,30.01,500.0,6.0,6.0,False
B19,2020-07-15 20:00:00,-13.97,0.0,13.97,500.0,2.8,2.8,False
B19,2020-07-15 21:00:00,0.58,0.0,0.58,500.0,0.1,0.1,False
B19,2020-07-15 22:00:00,-56.35,0.0,56.35,500.0,11.3,11.3,False
B19,2020-07-15 23:00:00,-40.0,0.0,40.0,500.0,8.0,8.0,False
B19,2020-07-16 00:00:00,-26.43,0.0,26.43,500.0,5.3,5.3,False
B19,2020-07-16 02:00:00,-20.96,0.0,20.96,500.0,4.2,4.2,False
B19,2020-07-16 04:00:00,-27.16,0.0,27.16,500.0,5.4,5.4,False
B19,2020-07-16 06:00:00,-47.18,0.0,47.18,500.0,9.4,9.4,False
B19,2020-07-16 08:00:00,-73.9,0.0,73.9,500.0,14.8,14.8,False
B19,2020-07-16 10:00:00,-96.58,0.0,96.58,500.0,19.3,19.3,False
B19,2020-07-16 12:00:00,-19.97,0.0,19.97,500.0,4.0,4.0,False
B19,2020-07-16 14:00:00,-31.49,0.0,31.49,500.0,6.3,6.3,False
B19,2020-07-16 16:00:00,-33.56,0.0,33.56,500.0,6.7,6.7,False
B19,2020-07-16 18:00:00,10.37,0.0,10.37,500.0,2.1,2.1,False
B19,2020-07-16 20:00:00,-10.54,0.0,10.54,500.0,2.1,2.1,False
B19,2020-07-16 22:00:00,-40.96,0.0,40.96,500.0,8.2,8.2,False
B20,2020-07-15 00:00:00,36.36,0.0,36.36,500.0,7.3,7.3,False
B20,2020-07-15 01:00:00,38.82,0.0,38.82,500.0,7.8,7.8,False
B20,2020-07-15 02:00:00,40.58,0.0,40.58,500.0,8.1,8.1,False
B20,2020-07-15 03:00:00,40.88,0.0,40.88,500.0,8.2,8.2,False
B20,2020-07-15 04:00:00,41.03,0.0,41.03,500.0,8.2,8.2,False
B20,2020-07-15 05:00:00,41.72,0.0,41.72,500.0,8.3,8.3,False
B20,2020-07-15 06:00:00,37.12,0.0,37.12,500.0,7.4,7.4,False
B20,2020-07-15 07:00:00,46.53,0.0,46.53,500.0,9.3,9.3,False
B20,2020-07-15 08:00:00,48.42,0.0,48.42,500.0,9.7,9.7,False
B20,2020-07-15 09:00:00,-27.21,0.0,27.21,500.0,5.4,5.4,False
B20,2020-07-15 10:00:00,-61.64,0.0,61.64,500.0,12.3,12.3,False
B20,2020-07-15 11:00:00,-65.15,0.0,65.15,500.0,13.0,13.0,False
B20,2020-07-15 12:00:00,-68.18,0.0,68.18,500.0,13.6,13.6,False
B20,2020-07-15 13:00:00,-69.97,0.0,69.97,500.0,14.0,14.0,False
B20,2020-07-15 14:00:00,-71.89,0.0,71.89,500.0,14.4,14.4,False
B20,2020-07-15 15:00:00,-69.73,0.0,69.73,500.0,13.9,13.9,False
B20,2020-07-15 16:00:00,-72.39,0.0,72.39,500.0,14.5,14.5,False
B20,2020-07-15 17:00:00,-70.81,0.0,70.81,500.0,14.2,14.2,False
B20,2020-07-15 18:00:00,-52.68,0.0,52.68,500.0,10.5,10.5,False
B20,2020-07-15 19:00:00,-11.32,0.0,11.32,500.0,2.3,2.3,False
B20,2020-07-15 20:00:00,-8.05,0.0,8.05,500.0,1.6,1.6,False
B20,2020-07-15 21:00:00,-4.54,0.0,4.54,500.0,0.9,0.9,False
B20,2020-07-15 22:00:00,33.24,0.0,33.24,500.0,6.6,6.6,False
B20,2020-07-15 23:00:00,32.89,0.0,32.89,500.0,6.6,6.6,False
B20,2020-07-16 00:00:00,37.06,0.0,37.06,500.0,7.4,7.4,False
B20,2020-07-16 02:00:00,39.86,0.0,39.86,500.0,8.0,8.0,False
B20,2020-07-16 04:00:00,40.17,0.0,40.17,500.0,8.0,8.0,False
B20,2020-07-16 06:00:00,33.34,0.0,33.34,500.0,6.7,6.7,False
B20,2020-07-16 08:00:00,44.62,0.0,44.62,500.0,8.9,8.9,False
B20,2020-07-16 10:00:00,38.14,0.0,38.14,500.0,7.6,7.6,False
B20,2020-07-16 12:00:00,-72.25,0.0,72.25,500.0,14.4,14.4,False
B20,2020-07-16 14:00:00,-74.54,0.0,74.54,500.0,14.9,14.9,False
B20,2020-07-16 16:00:00,-74.52,0.0,74.52,500.0,14.9,14.9,False
B20,2020-07-16 18:00:00,-70.28,0.0,70.28,500.0,14.1,14.1,False
B20,2020-07-16 20:00:00,-8.93,0.0,8.93,500.0,1.8,1.8,False
B20,2020-07-16 22:00:00,31.47,0.0,31.47,500.0,6.3,6.3,False
B21,2020-07-15 00:00:00,-205.61,0.0,205.61,500.0,41.1,41.1,False
B21,2020-07-15 01:00:00,-184.2,0.0,184.2,500.0,36.8,36.8,False
B21,2020-07-15 02:00:00,-164.78,0.0,164.78,500.0,33.0,33.0,False
B21,2020-07-15 03:00:00,-162.29,0.0,162.29,500.0,32.5,32.5,False
B21,2020-07-15 04:00:00,-163.33,0.0,163.33,500.0,32.7,32.7,False
B21,2020-07-15 05:00:00,-173.82,0.0,173.82,500.0,34.8,34.8,False
B21,2020-07-15 06:00:00,-179.11,0.0,179.11,500.0,35.8,35.8,False
B21,2020-07-15 07:00:00,-184.42,0.0,184.42,500.0,36.9,36.9,False
B21,2020-07-15 08:00:00,-189.92,0.0,189.92,500.0,38.0,38.0,False
B21,2020-07-15 09:00:00,-151.83,0.0,151.83,500.0,30.4,30.4,False
B21,2020-07-15 10:00:00,-134.66,0.0,134.66,500.0,26.9,26.9,False
B21,2020-07-15 11:00:00,-158.73,0.0,158.73,500.0,31.7,31.7,False
B21,2020-07-15 12:00:00,-186.74,0.0,186.74,500.0,37.3,37.3,False
B21,2020-07-15 13:00:00,-201.17,0.0,201.17,500.0,40.2,40.2,False
B21,2020-07-15 14:00:00,-215.53,0.0,215.53,500.0,43.1,43.1,False
B21,2020-07-15 15:00:00,-219.82,0.0,219.82,500.0,44.0,44.0,False
B21,2020-07-15 16:00:00,-222.45,0.0,222.45,500.0,44.5,44.5,False
B21,2020-07-15 17:00:00,-218.48,0.0,218.48,500.0,43.7,43.7,False
B21,2020-07-15 18:00:00,-220.9,0.0,220.9,500.0,44.2,44.2,False
B21,2020-07-15 19:00:00,-233.34,0.0,233.34,500.0,46.7,46.7,False
B21,2020-07-15 20:00:00,-214.79,0.0,214.79,500.0,43.0,43.0,False
B21,2020-07-15 21:00:00,-188.75,0.0,188.75,500.0,37.7,37.7,False
B21,2020-07-15 22:00:00,-235.19,0.0,235.19,500.0,47.0,47.0,False
B21,2020-07-15 23:00:00,-226.09,0.0,226.09,500.0,45.2,45.2,False
B21,2020-07-16 00:00:00,-197.59,0.0,197.59,500.0,39.5,39.5,False
B21,2020-07-16 02:00:00,-173.78,0.0,173.78,500.0,34.8,34.8,False
B21,2020-07-16 04:00:00,-167.31,0.0,167.31,500.0,33.5,33.5,False
B21,2020-07-16 06:00:00,-212.55,0.0,212.55,500.0,42.5,42.5,False
B21,2020-07-16 08:00:00,-196.42,0.0,196.42,500.0,39.3,39.3,False
B21,2020-07-16 10:00:00,-248.35,0.0,248.35,500.0,49.7,49.7,False
B21,2020-07-16 12:00:00,-223.26,0.0,223.26,500.0,44.7,44.7,False
B21,2020-07-16 14:00:00,-246.15,0.0,246.15,500.0,49.2,49.2,False
B21,2020-07-16 16:00:00,-242.29,0.0,242.29,500.0,48.5,48.5,False
B21,2020-07-16 18:00:00,-233.79,0.0,233.79,500.0,46.8,46.8,False
B21,2020-07-16 20:00:00,-224.36,0.0,224.36,500.0,44.9,44.9,False
B21,2020-07-16 22:00:00,-253.26,0.0,253.26,500.0,50.7,50.7,False
B22,2020-07-15 00:00:00,-249.3,0.0,249.3,500.0,49.9,49.9,False
B22,2020-07-15 01:00:00,-226.79,0.0,226.79,500.0,45.4,45.4,False
B22,2020-07-15 02:00:00,-206.11,0.0,206.11,500.0,41.2,41.2,False
B22,2020-07-15 03:00:00,-203.5,0.0,203.5,500.0,40.7,40.7,False
B22,2020-07-15 04:00:00,-204.75,0.0,204.75,500.0,40.9,40.9,False
B22,2020-07-15 05:00:00,-216.81,0.0,216.81,500.0,43.4,43.4,False
B22,2020-07-15 06:00:00,-220.18,0.0,220.18,500.0,44.0,44.0,False
B22,2020-07-15 07:00:00,-231.29,0.0,231.29,500.0,46.3,46.3,False
B22,2020-07-15 08:00:00,-238.46,0.0,238.46,500.0,47.7,47.7,False
B22,2020-07-15 09:00:00,-154.26,0.0,154.26,500.0,30.9,30.9,False
B22,2020-07-15 10:00:00,-116.13,0.0,116.13,500.0,23.2,23.2,False
B22,2020-07-15 11:00:00,-141.03,0.0,141.03,500.0,28.2,28.2,False
B22,2020-07-15 12:00:00,-170.59,0.0,170.59,500.0,34.1,34.1,False
B22,2020-07-15 13:00:00,-185.68,0.0,185.68,500.0,37.1,37.1,False
B22,2020-07-15 14:00:00,-200.65,0.0,200.65,500.0,40.1,40.1,False
B22,2020-07-15 15:00:00,-206.62,0.0,206.62,500.0,41.3,41.3,False
B22,2020-07-15 16:00:00,-208.08,0.0,208.08,500.0,41.6,41.6,False
B22,2020-07-15 17:00:00,-204.52,0.0,204.52,500.0,40.9,40.9,False
B22,2020-07-15 18:00:00,-217.23,0.0,217.23,500.0,43.4,43.4,False
B22,2020-07-15 19:00:00,-253.91,0.0,253.91,500.0,50.8,50.8,False
B22,2020-07-15 20:00:00,-235.03,0.0,235.03,500.0,47.0,47.0,False
B22,2020-07-15 21:00:00,-207.94,0.0,207.94,500.0,41.6,41.6,False
B22,2020-07-15 22:00:00,-280.56,0.0,280.56,500.0,56.1,56.1,False
B22,2020-07-15 23:00:00,-270.22,0.0,270.22,500.0,54.0,54.0,False
B22,2020-07-16 00:00:00,-240.75,0.0,240.75,500.0,48.2,48.2,False
B22,2020-07-16 02:00:00,-215.75,0.0,215.75,500.0,43.2,43.2,False
B22,2020-07-16 04:00:00,-208.7,0.0,208.7,500.0,41.7,41.7,False
B22,2020-07-16 06:00:00,-255.38,0.0,255.38,500.0,51.1,51.1,False
B22,2020-07-16 08:00:00,-243.62,0.0,243.62,500.0,48.7,48.7,False
B22,2020-07-16 10:00:00,-297.94,0.0,297.94,500.0,59.6,59.6,False
B22,2020-07-16 12:00:00,-209.06,0.0,209.06,500.0,41.8,41.8,False
B22,2020-07-16 14:00:00,-233.31,0.0,233.31,500.0,46.7,46.7,False
B22,2020-07-16 16:00:00,-229.03,0.0,229.03,500.0,45.8,45.8,False
B22,2020-07-16 18:00:00,-221.89,0.0,221.89,500.0,44.4,44.4,False
B22,2020-07-16 20:00:00,-245.22,0.0,245.22,500.0,49.0,49.0,False
B22,2020-07-16 22:00:00,-299.73,0.0,299.73,500.0,59.9,59.9,False
B23,2020-07-15 00:00:00,-144.29,0.0,144.29,500.0,28.9,28.9,False
B23,2020-07-15 01:00:00,-135.23,0.0,135.23,500.0,27.0,27.0,False
B23,2020-07-15 02:00:00,-140.05,0.0,140.05,500.0,28.0,28.0,False
B23,2020-07-15 03:00:00,-135.56,0.0,135.56,500.0,27.1,27.1,False
B23,2020-07-15 04:00:00,-123.17,0.0,123.17,500.0,24.6,24.6,False
B23,2020-07-15 05:00:00,-97.81,0.0,97.81,500.0,19.6,19.6,False
B23,2020-07-15 06:00:00,-163.21,0.0,163.21,500.0,32.6,32.6,False
B23,2020-07-15 07:00:00,-146.53,0.0,146.53,500.0,29.3,29.3,False
B23,2020-07-15 08:00:00,-171.15,0.0,171.15,500.0,34.2,34.2,False
B23,2020-07-15 09:00:00,-136.14,0.0,136.14,500.0,27.2,27.2,False
B23,2020-07-15 10:00:00,-151.84,0.0,151.84,500.0,30.4,30.4,False
B23,2020-07-15 11:00:00,-168.66,0.0,168.66,500.0,33.7,33.7,False
B23,2020-07-15 12:00:00,-172.68,0.0,172.68,500.0,34.5,34.5,False
B23,2020-07-15 13:00:00,-180.55,0.0,180.55,500.0,36.1,36.1,False
B23,2020-07-15 14:00:00,-200.0,0.0,200.0,500.0,40.0,40.0,False
B23,2020-07-15 15:00:00,-193.77,0.0,193.77,500.0,38.8,38.8,False
B23,2020-07-15 16:00:00,-202.32,0.0,202.32,500.0,40.5,40.5,False
B23,2020-07-15 17:00:00,-185.71,0.0,185.71,500.0,37.1,37.1,False
B23,2020-07-15 18:00:00,-163.27,0.0,163.27,500.0,32.7,32.7,False
B23,2020-07-15 19:00:00,-187.59,0.0,187.59,500.0,37.5,37.5,False
B23,2020-07-15 20:00:00,-163.36,0.0,163.36,500.0,32.7,32.7,False
B23,2020-07-15 21:00:00,-138.08,0.0,138.08,500.0,27.6,27.6,False
B23,2020-07-15 22:00:00,-182.56,0.0,182.56,500.0,36.5,36.5,False
B23,2020-07-15 23:00:00,-155.63,0.0,155.63,500.0,31.1,31.1,False
B23,2020-07-16 00:00:00,-131.73,0.0,131.73,500.0,26.3,26.3,False
B23,2020-07-16 02:00:00,-118.1,0.0,118.1,500.0,23.6,23.6,False
B23,2020-07-16 04:00:00,-124.16,0.0,124.16,500.0,24.8,24.8,False
B23,2020-07-16 06:00:00,-159.73,0.0,159.73,500.0,31.9,31.9,False
B23,2020-07-16 08:00:00,-209.1,0.0,209.1,500.0,41.8,41.8,False
B23,2020-07-16 10:00:00,-251.99,0.0,251.99,500.0,50.4,50.4,False
B23,2020-07-16 12:00:00,-190.92,0.0,190.92,500.0,38.2,38.2,False
B23,2020-07-16 14:00:00,-212.92,0.0,212.92,500.0,42.6,42.6,False
B23,2020-07-16 16:00:00,-213.93,0.0,213.93,500.0,42.8,42.8,False
B23,2020-07-16 18:00:00,-158.91,0.0,158.91,500.0,31.8,31.8,False
B23,2020-07-16 20:00:00,-161.64,0.0,161.64,500.0,32.3,32.3,False
B23,2020-07-16 22:00:00,-166.95,0.0,166.95,500.0,33.4,33.4,False
B24,2020-07-15 00:00:00,-131.82,0.0,131.82,500.0,26.4,26.4,False
B24,2020-07-15 01:00:00,-119.71,0.0,119.71,500.0,23.9,23.9,False
B24,2020-07-15 02:00:00,-82.58,0.0,82.58,500.0,16.5,16.5,False
B24,2020-07-15 03:00:00,-86.86,0.0,86.86,500.0,17.4,17.4,False
B24,2020-07-15 04:00:00,-112.3,0.0,112.3,500.0,22.5,22.5,False
B24,2020-07-15 05:00:00,-174.52,0.0,174.52,500.0,34.9,34.9,False
B24,2020-07-15 06:00:00,-125.02,0.0,125.02,500.0,25.0,25.0,False
B24,2020-07-15 07:00:00,-165.29,0.0,165.29,500.0,33.1,33.1,False
B24,2020-07-15 08:00:00,-124.78,0.0,124.78,500.0,25.0,25.0,False
B24,2020-07-15 09:00:00,-144.52,0.0,144.52,500.0,28.9,28.9,False
B24,2020-07-15 10:00:00,-129.94,0.0,129.94,500.0,26.0,26.0,False
B24,2020-07-15 11:00:00,-147.59,0.0,147.59,500.0,29.5,29.5,False
B24,2020-07-15 12:00:00,-179.59,0.0,179.59,500.0,35.9,35.9,False
B24,2020-07-15 13:00:00,-189.59,0.0,189.59,500.0,37.9,37.9,False
B24,2020-07-15 14:00:00,-182.12,0.0,182.12,500.0,36.4,36.4,False
B24,2020-07-15 15:00:00,-194.22,0.0,194.22,500.0,38.8,38.8,False
B24,2020-07-15 16:00:00,-184.18,0.0,184.18,500.0,36.8,36.8,False
B24,2020-07-15 17:00:00,-190.54,0.0,190.54,500.0,38.1,38.1,False
B24,2020-07-15 18:00:00,-199.48,0.0,199.48,500.0,39.9,39.9,False
B24,2020-07-15 19:00:00,-169.85,0.0,169.85,500.0,34.0,34.0,False
B24,2020-07-15 20:00:00,-183.09,0.0,183.09,500.0,36.6,36.6,False
B24,2020-07-15 21:00:00,-185.33,0.0,185.33,500.0,37.1,37.1,False
B24,2020-07-15 22:00:00,-173.48,0.0,173.48,500.0,34.7,34.7,False
B24,2020-07-15 23:00:00,-190.9,0.0,190.9,500.0,38.2,38.2,False
B24,2020-07-16 00:00:00,-141.2,0.0,141.2,500.0,28.2,28.2,False
B24,2020-07-16 02:00:00,-134.7,0.0,134.7,500.0,26.9,26.9,False
B24,2020-07-16 04:00:00,-113.14,0.0,113.14,500.0,22.6,22.6,False
B24,2020-07-16 06:00:00,-177.99,0.0,177.99,500.0,35.6,35.6,False
B24,2020-07-16 08:00:00,-112.02,0.0,112.02,500.0,22.4,22.4,False
B24,2020-07-16 10:00:00,-117.24,0.0,117.24,500.0,23.4,23.4,False
B24,2020-07-16 12:00:00,-201.09,0.0,201.09,500.0,40.2,40.2,False
B24,2020-07-16 14:00:00,-201.95,0.0,201.95,500.0,40.4,40.4,False
B24,2020-07-16 16:00:00,-192.19,0.0,192.19,500.0,38.4,38.4,False
B24,2020-07-16 18:00:00,-227.09,0.0,227.09,500.0,45.4,45.4,False
B24,2020-07-16 20:00:00,-198.57,0.0,198.57,500.0,39.7,39.7,False
B24,2020-07-16 22:00:00,-234.09,0.0,234.09,500.0,46.8,46.8,False
B25-1,2020-07-15 00:00:00,-41.64,0.0,41.64,500.0,8.3,8.3,False
B25-1,2020-07-15 01:00:00,-42.48,0.0,42.48,500.0,8.5,8.5,False
B25-1,2020-07-15 02:00:00,-42.3,0.0,42.3,500.0,8.5,8.5,False
B25-1,2020-07-15 03:00:00,-42.08,0.0,42.08,500.0,8.4,8.4,False
B25-1,2020-07-15 04:00:00,-42.55,0.0,42.55,500.0,8.5,8.5,False
B25-1,2020-07-15 05:00:00,-42.67,0.0,42.67,500.0,8.5,8.5,False
B25-1,2020-07-15 06:00:00,-46.84,0.0,46.84,500.0,9.4,9.4,False
B25-1,2020-07-15 07:00:00,-44.49,0.0,44.49,500.0,8.9,8.9,False
B25-1,2020-07-15 08:00:00,-76.95,0.0,76.95,500.0,15.4,15.4,False
B25-1,2020-07-15 09:00:00,-86.46,0.0,86.46,500.0,17.3,17.3,False
B25-1,2020-07-15 10:00:00,-133.86,0.0,133.86,500.0,26.8,26.8,False
B25-1,2020-07-15 11:00:00,-154.11,0.0,154.11,500.0,30.8,30.8,False
B25-1,2020-07-15 12:00:00,-153.8,0.0,153.8,500.0,30.8,30.8,False
B25-1,2020-07-15 13:00:00,-155.66,0.0,155.66,500.0,31.1,31.1,False
B25-1,2020-07-15 14:00:00,-159.43,0.0,159.43,500.0,31.9,31.9,False
B25-1,2020-07-15 15:00:00,-156.08,0.0,156.08,500.0,31.2,31.2,False
B25-1,2020-07-15 16:00:00,-157.76,0.0,157.76,500.0,31.6,31.6,False
B25-1,2020-07-15 17:00:00,-135.45,0.0,135.45,500.0,27.1,27.1,False
B25-1,2020-07-15 18:00:00,-88.18,0.0,88.18,500.0,17.6,17.6,False
B25-1,2020-07-15 19:00:00,-90.18,0.0,90.18,500.0,18.0,18.0,False
B25-1,2020-07-15 20:00:00,-51.22,0.0,51.22,500.0,10.2,10.2,False
B25-1,2020-07-15 21:00:00,-38.72,0.0,38.72,500.0,7.7,7.7,False
B25-1,2020-07-15 22:00:00,-47.95,0.0,47.95,500.0,9.6,9.6,False
B25-1,2020-07-15 23:00:00,-39.55,0.0,39.55,500.0,7.9,7.9,False
B25-1,2020-07-16 00:00:00,-40.51,0.0,40.51,500.0,8.1,8.1,False
B25-1,2020-07-16 02:00:00,-41.63,0.0,41.63,500.0,8.3,8.3,False
B25-1,2020-07-16 04:00:00,-41.14,0.0,41.14,500.0,8.2,8.2,False
B25-1,2020-07-16 06:00:00,-46.19,0.0,46.19,500.0,9.2,9.2,False
B25-1,2020-07-16 08:00:00,-142.84,0.0,142.84,500.0,28.6,28.6,False
B25-1,2020-07-16 10:00:00,-160.38,0.0,160.38,500.0,32.1,32.1,False
B25-1,2020-07-16 12:00:00,-155.24,0.0,155.24,500.0,31.0,31.0,False
B25-1,2020-07-16 14:00:00,-159.23,0.0,159.23,500.0,31.8,31.8,False
B25-1,2020-07-16 16:00:00,-158.29,0.0,158.29,500.0,31.7,31.7,False
B25-1,2020-07-16 18:00:00,-87.47,0.0,87.47,500.0,17.5,17.5,False
B25-1,2020-07-16 20:00:00,-41.6,0.0,41.6,500.0,8.3,8.3,False
B25-1,2020-07-16 22:00:00,-9.08,0.0,9.08,500.0,1.8,1.8,False
B25-2,2020-07-15 00:00:00,-41.64,0.0,41.64,500.0,8.3,8.3,False
B25-2,2020-07-15 01:00:00,-42.48,0.0,42.48,500.0,8.5,8.5,False
B25-2,2020-07-15 02:00:00,-42.3,0.0,42.3,500.0,8.5,8.5,False
B25-2,2020-07-15 03:00:00,-42.08,0.0,42.08,500.0,8.4,8.4,False
B25-2,2020-07-15 04:00:00,-42.55,0.0,42.55,500.0,8.5,8.5,False
B25-2,2020-07-15 05:00:00,-42.67,0.0,42.67,500.0,8.5,8.5,False
B25-2,2020-07-15 06:00:00,-46.84,0.0,46.84,500.0,9.4,9.4,False
B25-2,2020-07-15 07:00:00,-44.49,0.0,44.49,500.0,8.9,8.9,False
B25-2,2020-07-15 08:00:00,-76.95,0.0,76.95,500.0,15.4,15.4,False
B25-2,2020-07-15 09:00:00,-86.46,0.0,86.46,500.0,17.3,17.3,False
B25-2,2020-07-15 10:00:00,-133.86,0.0,133.86,500.0,26.8,26.8,False
B25-2,2020-07-15 11:00:00,-154.11,0.0,154.11,500.0,30.8,30.8,False
B25-2,2020-07-15 12:00:00,-153.8,0.0,153.8,500.0,30.8,30.8,False
B25-2,2020-07-15 13:00:00,-155.66,0.0,155.66,500.0,31.1,31.1,False
B25-2,2020-07-15 14:00:00,-159.43,0.0,159.43,500.0,31.9,31.9,False
B25-2,2020-07-15 15:00:00,-156.08,0.0,156.08,500.0,31.2,31.2,False
B25-2,2020-07-15 16:00:00,-157.76,0.0,157.76,500.0,31.6,31.6,False
B25-2,2020-07-15 17:00:00,-135.45,0.0,135.45,500.0,27.1,27.1,False
B25-2,2020-07-15 18:00:00,-88.18,0.0,88.18,500.0,17.6,17.6,False
B25-2,2020-07-15 19:00:00,-90.18,0.0,90.18,500.0,18.0,18.0,False
B25-2,2020-07-15 20:00:00,-51.22,0.0,51.22,500.0,10.2,10.2,False
B25-2,2020-07-15 21:00:00,-38.72,0.0,38.72,500.0,7.7,7.7,False
B25-2,2020-07-15 22:00:00,-47.95,0.0,47.95,500.0,9.6,9.6,False
B25-2,2020-07-15 23:00:00,-39.55,0.0,39.55,500.0,7.9,7.9,False
B25-2,2020-07-16 00:00:00,-40.51,0.0,40.51,500.0,8.1,8.1,False
B25-2,2020-07-16 02:00:00,-41.63,0.0,41.63,500.0,8.3,8.3,False
B25-2,2020-07-16 04:00:00,-41.14,0.0,41.14,500.0,8.2,8.2,False
B25-2,2020-07-16 06:00:00,-46.19,0.0,46.19,500.0,9.2,9.2,False
B25-2,2020-07-16 08:00:00,-142.84,0.0,142.84,500.0,28.6,28.6,False
B25-2,2020-07-16 10:00:00,-160.38,0.0,160.38,500.0,32.1,32.1,False
B25-2,2020-07-16 12:00:00,-155.24,0.0,155.24,500.0,31.0,31.0,False
B25-2,2020-07-16 14:00:00,-159.23,0.0,159.23,500.0,31.8,31.8,False
B25-2,2020-07-16 16:00:00,-158.29,0.0,158.29,500.0,31.7,31.7,False
B25-2,2020-07-16 18:00:00,-87.47,0.0,87.47,500.0,17.5,17.5,False
B25-2,2020-07-16 20:00:00,-41.6,0.0,41.6,500.0,8.3,8.3,False
B25-2,2020-07-16 22:00:00,-9.08,0.0,9.08,500.0,1.8,1.8,False
B26,2020-07-15 00:00:00,86.83,0.0,86.83,500.0,17.4,17.4,False
B26,2020-07-15 01:00:00,80.24,0.0,80.24,500.0,16.0,16.0,False
B26,2020-07-15 02:00:00,77.81,0.0,77.81,500.0,15.6,15.6,False
B26,2020-07-15 03:00:00,75.91,0.0,75.91,500.0,15.2,15.2,False
B26,2020-07-15 04:00:00,72.98,0.0,72.98,500.0,14.6,14.6,False
B26,2020-07-15 05:00:00,65.63,0.0,65.63,500.0,13.1,13.1,False
B26,2020-07-15 06:00:00,95.7,0.0,95.7,500.0,19.1,19.1,False
B26,2020-07-15 07:00:00,81.8,0.0,81.8,500.0,16.4,16.4,False
B26,2020-07-15 08:00:00,71.29,0.0,71.29,500.0,14.3,14.3,False
B26,2020-07-15 09:00:00,69.58,0.0,69.58,500.0,13.9,13.9,False
B26,2020-07-15 10:00:00,90.72,0.0,90.72,500.0,18.1,18.1,False
B26,2020-07-15 11:00:00,106.53,0.0,106.53,500.0,21.3,21.3,False
B26,2020-07-15 12:00:00,113.53,0.0,113.53,500.0,22.7,22.7,False
B26,2020-07-15 13:00:00,120.54,0.0,120.54,500.0,24.1,24.1,False
B26,2020-07-15 14:00:00,131.86,0.0,131.86,500.0,26.4,26.4,False
B26,2020-07-15 15:00:00,126.5,0.0,126.5,500.0,25.3,25.3,False
B26,2020-07-15 16:00:00,132.65,0.0,132.65,500.0,26.5,26.5,False
B26,2020-07-15 17:00:00,119.42,0.0,119.42,500.0,23.9,23.9,False
B26,2020-07-15 18:00:00,96.89,0.0,96.89,500.0,19.4,19.4,False
B26,2020-07-15 19:00:00,100.24,0.0,100.24,500.0,20.0,20.0,False
B26,2020-07-15 20:00:00,79.34,0.0,79.34,500.0,15.9,15.9,False
B26,2020-07-15 21:00:00,60.91,0.0,60.91,500.0,12.2,12.2,False
B26,2020-07-15 22:00:00,111.77,0.0,111.77,500.0,22.4,22.4,False
B26,2020-07-15 23:00:00,97.26,0.0,97.26,500.0,19.5,19.5,False
B26,2020-07-16 00:00:00,81.53,0.0,81.53,500.0,16.3,16.3,False
B26,2020-07-16 02:00:00,73.39,0.0,73.39,500.0,14.7,14.7,False
B26,2020-07-16 04:00:00,74.12,0.0,74.12,500.0,14.8,14.8,False
B26,2020-07-16 06:00:00,101.83,0.0,101.83,500.0,20.4,20.4,False
B26,2020-07-16 08:00:00,103.21,0.0,103.21,500.0,20.6,20.6,False
B26,2020-07-16 10:00:00,134.0,0.0,134.0,500.0,26.8,26.8,False
B26,2020-07-16 12:00:00,127.8,0.0,127.8,500.0,25.6,25.6,False
B26,2020-07-16 14:00:00,141.53,0.0,141.53,500.0,28.3,28.3,False
B26,2020-07-16 16:00:00,140.3,0.0,140.3,500.0,28.1,28.1,False
B26,2020-07-16 18:00:00,100.19,0.0,100.19,500.0,20.0,20.0,False
B26,2020-07-16 20:00:00,79.62,0.0,79.62,500.0,15.9,15.9,False
B26,2020-07-16 22:00:00,125.96,0.0,125.96,500.0,25.2,25.2,False
B27,2020-07-15 00:00:00,-8.79,0.0,8.79,500.0,1.8,1.8,False
B27,2020-07-15 01:00:00,-14.0,0.0,14.0,500.0,2.8,2.8,False
B27,2020-07-15 02:00:00,-36.2,0.0,36.2,500.0,7.2,7.2,False
B27,2020-07-15 03:00:00,-31.21,0.0,31.21,500.0,6.2,6.2,False
B27,2020-07-15 04:00:00,-13.1,0.0,13.1,500.0,2.6,2.6,False
B27,2020-07-15 05:00:00,33.37,0.0,33.37,500.0,6.7,6.7,False
B27,2020-07-15 06:00:00,-29.93,0.0,29.93,500.0,6.0,6.0,False
B27,2020-07-15 07:00:00,-3.66,0.0,3.66,500.0,0.7,0.7,False
B27,2020-07-15 08:00:00,-31.9,0.0,31.9,500.0,6.4,6.4,False
B27,2020-07-15 09:00:00,-20.82,0.0,20.82,500.0,4.2,4.2,False
B27,2020-07-15 10:00:00,-95.76,0.0,95.76,500.0,19.2,19.2,False
B27,2020-07-15 11:00:00,-115.33,0.0,115.33,500.0,23.1,23.1,False
B27,2020-07-15 12:00:00,-98.5,0.0,98.5,500.0,19.7,19.7,False
B27,2020-07-15 13:00:00,-102.38,0.0,102.38,500.0,20.5,20.5,False
B27,2020-07-15 14:00:00,-126.94,0.0,126.94,500.0,25.4,25.4,False
B27,2020-07-15 15:00:00,-109.13,0.0,109.13,500.0,21.8,21.8,False
B27,2020-07-15 16:00:00,-121.27,0.0,121.27,500.0,24.3,24.3,False
B27,2020-07-15 17:00:00,-81.9,0.0,81.9,500.0,16.4,16.4,False
B27,2020-07-15 18:00:00,-11.84,0.0,11.84,500.0,2.4,2.4,False
B27,2020-07-15 19:00:00,-34.64,0.0,34.64,500.0,6.9,6.9,False
B27,2020-07-15 20:00:00,-9.34,0.0,9.34,500.0,1.9,1.9,False
B27,2020-07-15 21:00:00,13.73,0.0,13.73,500.0,2.7,2.7,False
B27,2020-07-15 22:00:00,-17.8,0.0,17.8,500.0,3.6,3.6,False
B27,2020-07-15 23:00:00,33.07,0.0,33.07,500.0,6.6,6.6,False
B27,2020-07-16 00:00:00,5.17,0.0,5.17,500.0,1.0,1.0,False
B27,2020-07-16 02:00:00,4.2,0.0,4.2,500.0,0.8,0.8,False
B27,2020-07-16 04:00:00,-9.01,0.0,9.01,500.0,1.8,1.8,False
B27,2020-07-16 06:00:00,2.49,0.0,2.49,500.0,0.5,0.5,False
B27,2020-07-16 08:00:00,-129.47,0.0,129.47,500.0,25.9,25.9,False
B27,2020-07-16 10:00:00,-160.45,0.0,160.45,500.0,32.1,32.1,False
B27,2020-07-16 12:00:00,-98.96,0.0,98.96,500.0,19.8,19.8,False
B27,2020-07-16 14:00:00,-121.35,0.0,121.35,500.0,24.3,24.3,False
B27,2020-07-16 16:00:00,-123.46,0.0,123.46,500.0,24.7,24.7,False
B27,2020-07-16 18:00:00,3.44,0.0,3.44,500.0,0.7,0.7,False
B27,2020-07-16 20:00:00,2.03,0.0,2.03,500.0,0.4,0.4,False
B27,2020-07-16 22:00:00,13.29,0.0,13.29,500.0,2.7,2.7,False
B28,2020-07-15 00:00:00,-264.89,0.0,264.89,500.0,53.0,53.0,False
B28,2020-07-15 01:00:00,-234.89,0.0,234.89,500.0,47.0,47.0,False
B28,2020-07-15 02:00:00,-179.25,0.0,179.25,500.0,35.9,35.9,False
B28,2020-07-15 03:00:00,-183.17,0.0,183.17,500.0,36.6,36.6,False
B28,2020-07-15 04:00:00,-212.46,0.0,212.46,500.0,42.5,42.5,False
B28,2020-07-15 05:00:00,-292.66,0.0,292.66,500.0,58.5,58.5,False
B28,2020-07-15 06:00:00,-161.23,0.0,161.23,500.0,32.2,32.2,False
B28,2020-07-15 07:00:00,-216.69,0.0,216.69,500.0,43.3,43.3,False
B28,2020-07-15 08:00:00,-178.26,0.0,178.26,500.0,35.7,35.7,False
B28,2020-07-15 09:00:00,-178.14,0.0,178.14,500.0,35.6,35.6,False
B28,2020-07-15 10:00:00,-108.57,0.0,108.57,500.0,21.7,21.7,False
B28,2020-07-15 11:00:00,-127.49,0.0,127.49,500.0,25.5,25.5,False
B28,2020-07-15 12:00:00,-183.75,0.0,183.75,500.0,36.7,36.7,False
B28,2020-07-15 13:00:00,-200.06,0.0,200.06,500.0,40.0,40.0,False
B28,2020-07-15 14:00:00,-191.24,0.0,191.24,500.0,38.2,38.2,False
B28,2020-07-15 15:00:00,-216.49,0.0,216.49,500.0,43.3,43.3,False
B28,2020-07-15 16:00:00,-202.47,0.0,202.47,500.0,40.5,40.5,False
B28,2020-07-15 17:00:00,-229.83,0.0,229.83,500.0,46.0,46.0,False
B28,2020-07-15 18:00:00,-282.58,0.0,282.58,500.0,56.5,56.5,False
B28,2020-07-15 19:00:00,-251.93,0.0,251.93,500.0,50.4,50.4,False
B28,2020-07-15 20:00:00,-262.0,0.0,262.0,500.0,52.4,52.4,False
B28,2020-07-15 21:00:00,-256.57,0.0,256.57,500.0,51.3,51.3,False
B28,2020-07-15 22:00:00,-251.14,0.0,251.14,500.0,50.2,50.2,False
B28,2020-07-15 23:00:00,-287.01,0.0,287.01,500.0,57.4,57.4,False
B28,2020-07-16 00:00:00,-273.23,0.0,273.23,500.0,54.6,54.6,False
B28,2020-07-16 02:00:00,-247.55,0.0,247.55,500.0,49.5,49.5,False
B28,2020-07-16 04:00:00,-219.22,0.0,219.22,500.0,43.8,43.8,False
B28,2020-07-16 06:00:00,-246.1,0.0,246.1,500.0,49.2,49.2,False
B28,2020-07-16 08:00:00,-109.42,0.0,109.42,500.0,21.9,21.9,False
B28,2020-07-16 10:00:00,-136.82,0.0,136.82,500.0,27.4,27.4,False
B28,2020-07-16 12:00:00,-229.03,0.0,229.03,500.0,45.8,45.8,False
B28,2020-07-16 14:00:00,-234.85,0.0,234.85,500.0,47.0,47.0,False
B28,2020-07-16 16:00:00,-223.46,0.0,223.46,500.0,44.7,44.7,False
B28,2020-07-16 18:00:00,-324.58,0.0,324.58,500.0,64.9,64.9,False
B28,2020-07-16 20:00:00,-288.0,0.0,288.0,500.0,57.6,57.6,False
B28,2020-07-16 22:00:00,-326.73,0.0,326.73,500.0,65.3,65.3,False
B29,2020-07-15 00:00:00,105.1,0.0,105.1,500.0,21.0,21.0,False
B29,2020-07-15 01:00:00,95.74,0.0,95.74,500.0,19.1,19.1,False
B29,2020-07-15 02:00:00,91.26,0.0,91.26,500.0,18.3,18.3,False
B29,2020-07-15 03:00:00,88.23,0.0,88.23,500.0,17.6,17.6,False
B29,2020-07-15 04:00:00,83.99,0.0,83.99,500.0,16.8,16.8,False
B29,2020-07-15 05:00:00,77.41,0.0,77.41,500.0,15.5,15.5,False
B29,2020-07-15 06:00:00,108.81,0.0,108.81,500.0,21.8,21.8,False
B29,2020-07-15 07:00:00,121.98,0.0,121.98,500.0,24.4,24.4,False
B29,2020-07-15 08:00:00,73.7,0.0,73.7,500.0,14.7,14.7,False
B29,2020-07-15 09:00:00,64.66,0.0,64.66,500.0,12.9,12.9,False
B29,2020-07-15 10:00:00,-71.23,0.0,71.23,500.0,14.2,14.2,False
B29,2020-07-15 11:00:00,-122.81,0.0,122.81,500.0,24.6,24.6,False
B29,2020-07-15 12:00:00,-112.74,0.0,112.74,500.0,22.5,22.5,False
B29,2020-07-15 13:00:00,-102.26,0.0,102.26,500.0,20.5,20.5,False
B29,2020-07-15 14:00:00,-84.04,0.0,84.04,500.0,16.8,16.8,False
B29,2020-07-15 15:00:00,-85.09,0.0,85.09,500.0,17.0,17.0,False
B29,2020-07-15 16:00:00,-83.25,0.0,83.25,500.0,16.6,16.6,False
B29,2020-07-15 17:00:00,-28.17,0.0,28.17,500.0,5.6,5.6,False
B29,2020-07-15 18:00:00,109.23,0.0,109.23,500.0,21.8,21.8,False
B29,2020-07-15 19:00:00,104.81,0.0,104.81,500.0,21.0,21.0,False
B29,2020-07-15 20:00:00,152.72,0.0,152.72,500.0,30.5,30.5,False
B29,2020-07-15 21:00:00,145.69,0.0,145.69,500.0,29.1,29.1,False
B29,2020-07-15 22:00:00,141.62,0.0,141.62,500.0,28.3,28.3,False
B29,2020-07-15 23:00:00,110.15,0.0,110.15,500.0,22.0,22.0,False
B29,2020-07-16 00:00:00,95.39,0.0,95.39,500.0,19.1,19.1,False
B29,2020-07-16 02:00:00,83.74,0.0,83.74,500.0,16.7,16.7,False
B29,2020-07-16 04:00:00,83.34,0.0,83.34,500.0,16.7,16.7,False
B29,2020-07-16 06:00:00,116.82,0.0,116.82,500.0,23.4,23.4,False
B29,2020-07-16 08:00:00,-125.4,0.0,125.4,500.0,25.1,25.1,False
B29,2020-07-16 10:00:00,-107.31,0.0,107.31,500.0,21.5,21.5,False
B29,2020-07-16 12:00:00,-91.49,0.0,91.49,500.0,18.3,18.3,False
B29,2020-07-16 14:00:00,-67.94,0.0,67.94,500.0,13.6,13.6,False
B29,2020-07-16 16:00:00,-71.24,0.0,71.24,500.0,14.2,14.2,False
B29,2020-07-16 18:00:00,118.78,0.0,118.78,500.0,23.8,23.8,False
B29,2020-07-16 20:00:00,170.42,0.0,170.42,500.0,34.1,34.1,False
B29,2020-07-16 22:00:00,220.5,0.0,220.5,500.0,44.1,44.1,False
B30,2020-07-15 00:00:00,4.68,0.0,4.68,500.0,0.9,0.9,False
B30,2020-07-15 01:00:00,3.84,0.0,3.84,500.0,0.8,0.8,False
B30,2020-07-15 02:00:00,3.93,0.0,3.93,500.0,0.8,0.8,False
B30,2020-07-15 03:00:00,3.64,0.0,3.64,500.0,0.7,0.7,False
B30,2020-07-15 04:00:00,2.92,0.0,2.92,500.0,0.6,0.6,False
B30,2020-07-15 05:00:00,0.54,0.0,0.54,500.0,0.1,0.1,False
B30,2020-07-15 06:00:00,5.83,0.0,5.83,500.0,1.2,1.2,False
B30,2020-07-15 07:00:00,6.55,0.0,6.55,500.0,1.3,1.3,False
B30,2020-07-15 08:00:00,-2.3,0.0,2.3,500.0,0.5,0.5,False
B30,2020-07-15 09:00:00,-4.71,0.0,4.71,500.0,0.9,0.9,False
B30,2020-07-15 10:00:00,-8.27,0.0,8.27,500.0,1.7,1.7,False
B30,2020-07-15 11:00:00,-9.36,0.0,9.36,500.0,1.9,1.9,False
B30,2020-07-15 12:00:00,-8.71,0.0,8.71,500.0,1.7,1.7,False
B30,2020-07-15 13:00:00,-7.7,0.0,7.7,500.0,1.5,1.5,False
B30,2020-07-15 14:00:00,-5.83,0.0,5.83,500.0,1.2,1.2,False
B30,2020-07-15 15:00:00,-6.35,0.0,6.35,500.0,1.3,1.3,False
B30,2020-07-15 16:00:00,-6.04,0.0,6.04,500.0,1.2,1.2,False
B30,2020-07-15 17:00:00,-5.0,0.0,5.0,500.0,1.0,1.0,False
B30,2020-07-15 18:00:00,-1.25,0.0,1.25,500.0,0.3,0.3,False
B30,2020-07-15 19:00:00,-1.29,0.0,1.29,500.0,0.3,0.3,False
B30,2020-07-15 20:00:00,7.23,0.0,7.23,500.0,1.4,1.4,False
B30,2020-07-15 21:00:00,7.58,0.0,7.58,500.0,1.5,1.5,False
B30,2020-07-15 22:00:00,8.44,0.0,8.44,500.0,1.7,1.7,False
B30,2020-07-15 23:00:00,4.86,0.0,4.86,500.0,1.0,1.0,False
B30,2020-07-16 00:00:00,3.95,0.0,3.95,500.0,0.8,0.8,False
B30,2020-07-16 02:00:00,2.82,0.0,2.82,500.0,0.6,0.6,False
B30,2020-07-16 04:00:00,3.19,0.0,3.19,500.0,0.6,0.6,False
B30,2020-07-16 06:00:00,6.37,0.0,6.37,500.0,1.3,1.3,False
B30,2020-07-16 08:00:00,-7.5,0.0,7.5,500.0,1.5,1.5,False
B30,2020-07-16 10:00:00,-7.41,0.0,7.41,500.0,1.5,1.5,False
B30,2020-07-16 12:00:00,-7.02,0.0,7.02,500.0,1.4,1.4,False
B30,2020-07-16 14:00:00,-4.74,0.0,4.74,500.0,0.9,0.9,False
B30,2020-07-16 16:00:00,-5.1,0.0,5.1,500.0,1.0,1.0,False
B30,2020-07-16 18:00:00,-0.64,0.0,0.64,500.0,0.1,0.1,False
B30,2020-07-16 20:00:00,9.76,0.0,9.76,500.0,2.0,2.0,False
B30,2020-07-16 22:00:00,20.42,0.0,20.42,500.0,4.1,4.1,False
B31-1,2020-07-15 00:00:00,-40.09,0.0,40.09,500.0,8.0,8.0,False
B31-1,2020-07-15 01:00:00,-39.34,0.0,39.34,500.0,7.9,7.9,False
B31-1,2020-07-15 02:00:00,-38.67,0.0,38.67,500.0,7.7,7.7,False
B31-1,2020-07-15 03:00:00,-38.81,0.0,38.81,500.0,7.8,7.8,False
B31-1,2020-07-15 04:00:00,-38.9,0.0,38.9,500.0,7.8,7.8,False
B31-1,2020-07-15 05:00:00,-41.36,0.0,41.36,500.0,8.3,8.3,False
B31-1,2020-07-15 06:00:00,-35.19,0.0,35.19,500.0,7.0,7.0,False
B31-1,2020-07-15 07:00:00,-37.79,0.0,37.79,500.0,7.6,7.6,False
B31-1,2020-07-15 08:00:00,-71.21,0.0,71.21,500.0,14.2,14.2,False
B31-1,2020-07-15 09:00:00,-82.46,0.0,82.46,500.0,16.5,16.5,False
B31-1,2020-07-15 10:00:00,-33.19,0.0,33.19,500.0,6.6,6.6,False
B31-1,2020-07-15 11:00:00,-12.48,0.0,12.48,500.0,2.5,2.5,False
B31-1,2020-07-15 12:00:00,-13.23,0.0,13.23,500.0,2.6,2.6,False
B31-1,2020-07-15 13:00:00,-11.96,0.0,11.96,500.0,2.4,2.4,False
B31-1,2020-07-15 14:00:00,-9.19,0.0,9.19,500.0,1.8,1.8,False
B31-1,2020-07-15 15:00:00,-12.21,0.0,12.21,500.0,2.4,2.4,False
B31-1,2020-07-15 16:00:00,-10.8,0.0,10.8,500.0,2.2,2.2,False
B31-1,2020-07-15 17:00:00,-33.62,0.0,33.62,500.0,6.7,6.7,False
B31-1,2020-07-15 18:00:00,-82.73,0.0,82.73,500.0,16.5,16.5,False
B31-1,2020-07-15 19:00:00,-80.69,0.0,80.69,500.0,16.1,16.1,False
B31-1,2020-07-15 20:00:00,-49.72,0.0,49.72,500.0,9.9,9.9,False
B31-1,2020-07-15 21:00:00,-43.97,0.0,43.97,500.0,8.8,8.8,False
B31-1,2020-07-15 22:00:00,-35.41,0.0,35.41,500.0,7.1,7.1,False
B31-1,2020-07-15 23:00:00,-42.09,0.0,42.09,500.0,8.4,8.4,False
B31-1,2020-07-16 00:00:00,-40.55,0.0,40.55,500.0,8.1,8.1,False
B31-1,2020-07-16 02:00:00,-39.67,0.0,39.67,500.0,7.9,7.9,False
B31-1,2020-07-16 04:00:00,-39.42,0.0,39.42,500.0,7.9,7.9,False
B31-1,2020-07-16 06:00:00,-36.06,0.0,36.06,500.0,7.2,7.2,False
B31-1,2020-07-16 08:00:00,1.04,0.0,1.04,500.0,0.2,0.2,False
B31-1,2020-07-16 10:00:00,-7.36,0.0,7.36,500.0,1.5,1.5,False
B31-1,2020-07-16 12:00:00,-12.85,0.0,12.85,500.0,2.6,2.6,False
B31-1,2020-07-16 14:00:00,-10.11,0.0,10.11,500.0,2.0,2.0,False
B31-1,2020-07-16 16:00:00,-10.83,0.0,10.83,500.0,2.2,2.2,False
B31-1,2020-07-16 18:00:00,-83.76,0.0,83.76,500.0,16.8,16.8,False
B31-1,2020-07-16 20:00:00,-42.35,0.0,42.35,500.0,8.5,8.5,False
B31-1,2020-07-16 22:00:00,3.92,0.0,3.92,500.0,0.8,0.8,False
B31-2,2020-07-15 00:00:00,-40.09,0.0,40.09,500.0,8.0,8.0,False
B31-2,2020-07-15 01:00:00,-39.34,0.0,39.34,500.0,7.9,7.9,False
B31-2,2020-07-15 02:00:00,-38.67,0.0,38.67,500.0,7.7,7.7,False
B31-2,2020-07-15 03:00:00,-38.81,0.0,38.81,500.0,7.8,7.8,False
B31-2,2020-07-15 04:00:00,-38.9,0.0,38.9,500.0,7.8,7.8,False
B31-2,2020-07-15 05:00:00,-41.36,0.0,41.36,500.0,8.3,8.3,False
B31-2,2020-07-15 06:00:00,-35.19,0.0,35.19,500.0,7.0,7.0,False
B31-2,2020-07-15 07:00:00,-37.79,0.0,37.79,500.0,7.6,7.6,False
B31-2,2020-07-15 08:00:00,-71.21,0.0,71.21,500.0,14.2,14.2,False
B31-2,2020-07-15 09:00:00,-82.46,0.0,82.46,500.0,16.5,16.5,False
B31-2,2020-07-15 10:00:00,-33.19,0.0,33.19,500.0,6.6,6.6,False
B31-2,2020-07-15 11:00:00,-12.48,0.0,12.48,500.0,2.5,2.5,False
B31-2,2020-07-15 12:00:00,-13.23,0.0,13.23,500.0,2.6,2.6,False
B31-2,2020-07-15 13:00:00,-11.96,0.0,11.96,500.0,2.4,2.4,False
B31-2,2020-07-15 14:00:00,-9.19,0.0,9.19,500.0,1.8,1.8,False
B31-2,2020-07-15 15:00:00,-12.21,0.0,12.21,500.0,2.4,2.4,False
B31-2,2020-07-15 16:00:00,-10.8,0.0,10.8,500.0,2.2,2.2,False
B31-2,2020-07-15 17:00:00,-33.62,0.0,33.62,500.0,6.7,6.7,False
B31-2,2020-07-15 18:00:00,-82.73,0.0,82.73,500.0,16.5,16.5,False
B31-2,2020-07-15 19:00:00,-80.69,0.0,80.69,500.0,16.1,16.1,False
B31-2,2020-07-15 20:00:00,-49.72,0.0,49.72,500.0,9.9,9.9,False
B31-2,2020-07-15 21:00:00,-43.97,0.0,43.97,500.0,8.8,8.8,False
B31-2,2020-07-15 22:00:00,-35.41,0.0,35.41,500.0,7.1,7.1,False
B31-2,2020-07-15 23:00:00,-42.09,0.0,42.09,500.0,8.4,8.4,False
B31-2,2020-07-16 00:00:00,-40.55,0.0,40.55,500.0,8.1,8.1,False
B31-2,2020-07-16 02:00:00,-39.67,0.0,39.67,500.0,7.9,7.9,False
B31-2,2020-07-16 04:00:00,-39.42,0.0,39.42,500.0,7.9,7.9,False
B31-2,2020-07-16 06:00:00,-36.06,0.0,36.06,500.0,7.2,7.2,False
B31-2,2020-07-16 08:00:00,1.04,0.0,1.04,500.0,0.2,0.2,False
B31-2,2020-07-16 10:00:00,-7.36,0.0,7.36,500.0,1.5,1.5,False
B31-2,2020-07-16 12:00:00,-12.85,0.0,12.85,500.0,2.6,2.6,False
B31-2,2020-07-16 14:00:00,-10.11,0.0,10.11,500.0,2.0,2.0,False
B31-2,2020-07-16 16:00:00,-10.83,0.0,10.83,500.0,2.2,2.2,False
B31-2,2020-07-16 18:00:00,-83.76,0.0,83.76,500.0,16.8,16.8,False
B31-2,2020-07-16 20:00:00,-42.35,0.0,42.35,500.0,8.5,8.5,False
B31-2,2020-07-16 22:00:00,3.92,0.0,3.92,500.0,0.8,0.8,False
B32-1,2020-07-15 00:00:00,-184.08,0.0,184.08,500.0,36.8,36.8,False
B32-1,2020-07-15 01:00:00,-166.01,0.0,166.01,500.0,33.2,33.2,False
B32-1,2020-07-15 02:00:00,-136.82,0.0,136.82,500.0,27.4,27.4,False
B32-1,2020-07-15 03:00:00,-138.02,0.0,138.02,500.0,27.6,27.6,False
B32-1,2020-07-15 04:00:00,-151.35,0.0,151.35,500.0,30.3,30.3,False
B32-1,2020-07-15 05:00:00,-190.13,0.0,190.13,500.0,38.0,38.0,False
B32-1,2020-07-15 06:00:00,-130.66,0.0,130.66,500.0,26.1,26.1,False
B32-1,2020-07-15 07:00:00,-163.4,0.0,163.4,500.0,32.7,32.7,False
B32-1,2020-07-15 08:00:00,-149.28,0.0,149.28,500.0,29.9,29.9,False
B32-1,2020-07-15 09:00:00,-152.88,0.0,152.88,500.0,30.6,30.6,False
B32-1,2020-07-15 10:00:00,-121.92,0.0,121.92,500.0,24.4,24.4,False
B32-1,2020-07-15 11:00:00,-135.05,0.0,135.05,500.0,27.0,27.0,False
B32-1,2020-07-15 12:00:00,-166.3,0.0,166.3,500.0,33.3,33.3,False
B32-1,2020-07-15 13:00:00,-176.59,0.0,176.59,500.0,35.3,35.3,False
B32-1,2020-07-15 14:00:00,-175.62,0.0,175.62,500.0,35.1,35.1,False
B32-1,2020-07-15 15:00:00,-189.61,0.0,189.61,500.0,37.9,37.9,False
B32-1,2020-07-15 16:00:00,-182.31,0.0,182.31,500.0,36.5,36.5,False
B32-1,2020-07-15 17:00:00,-194.39,0.0,194.39,500.0,38.9,38.9,False
B32-1,2020-07-15 18:00:00,-217.3,0.0,217.3,500.0,43.5,43.5,False
B32-1,2020-07-15 19:00:00,-199.67,0.0,199.67,500.0,39.9,39.9,False
B32-1,2020-07-15 20:00:00,-200.89,0.0,200.89,500.0,40.2,40.2,False
B32-1,2020-07-15 21:00:00,-193.17,0.0,193.17,500.0,38.6,38.6,False
B32-1,2020-07-15 22:00:00,-184.64,0.0,184.64,500.0,36.9,36.9,False
B32-1,2020-07-15 23:00:00,-197.64,0.0,197.64,500.0,39.5,39.5,False
B32-1,2020-07-16 00:00:00,-185.93,0.0,185.93,500.0,37.2,37.2,False
B32-1,2020-07-16 02:00:00,-169.26,0.0,169.26,500.0,33.9,33.9,False
B32-1,2020-07-16 04:00:00,-155.06,0.0,155.06,500.0,31.0,31.0,False
B32-1,2020-07-16 06:00:00,-175.75,0.0,175.75,500.0,35.1,35.1,False
B32-1,2020-07-16 08:00:00,-117.99,0.0,117.99,500.0,23.6,23.6,False
B32-1,2020-07-16 10:00:00,-141.11,0.0,141.11,500.0,28.2,28.2,False
B32-1,2020-07-16 12:00:00,-194.46,0.0,194.46,500.0,38.9,38.9,False
B32-1,2020-07-16 14:00:00,-202.25,0.0,202.25,500.0,40.5,40.5,False
B32-1,2020-07-16 16:00:00,-196.06,0.0,196.06,500.0,39.2,39.2,False
B32-1,2020-07-16 18:00:00,-241.46,0.0,241.46,500.0,48.3,48.3,False
B32-1,2020-07-16 20:00:00,-214.69,0.0,214.69,500.0,42.9,42.9,False
B32-1,2020-07-16 22:00:00,-222.31,0.0,222.31,500.0,44.5,44.5,False
B32-2,2020-07-15 00:00:00,-184.08,0.0,184.08,500.0,36.8,36.8,False
B32-2,2020-07-15 01:00:00,-166.01,0.0,166.01,500.0,33.2,33.2,False
B32-2,2020-07-15 02:00:00,-136.82,0.0,136.82,500.0,27.4,27.4,False
B32-2,2020-07-15 03:00:00,-138.02,0.0,138.02,500.0,27.6,27.6,False
B32-2,2020-07-15 04:00:00,-151.35,0.0,151.35,500.0,30.3,30.3,False
B32-2,2020-07-15 05:00:00,-190.13,0.0,190.13,500.0,38.0,38.0,False
B32-2,2020-07-15 06:00:00,-130.66,0.0,130.66,500.0,26.1,26.1,False
B32-2,2020-07-15 07:00:00,-163.4,0.0,163.4,500.0,32.7,32.7,False
B32-2,2020-07-15 08:00:00,-149.28,0.0,149.28,500.0,29.9,29.9,False
B32-2,2020-07-15 09:00:00,-152.88,0.0,152.88,500.0,30.6,30.6,False
B32-2,2020-07-15 10:00:00,-121.92,0.0,121.92,500.0,24.4,24.4,False
B32-2,2020-07-15 11:00:00,-135.05,0.0,135.05,500.0,27.0,27.0,False
B32-2,2020-07-15 12:00:00,-166.3,0.0,166.3,500.0,33.3,33.3,False
B32-2,2020-07-15 13:00:00,-176.59,0.0,176.59,500.0,35.3,35.3,False
B32-2,2020-07-15 14:00:00,-175.62,0.0,175.62,500.0,35.1,35.1,False
B32-2,2020-07-15 15:00:00,-189.61,0.0,189.61,500.0,37.9,37.9,False
B32-2,2020-07-15 16:00:00,-182.31,0.0,182.31,500.0,36.5,36.5,False
B32-2,2020-07-15 17:00:00,-194.39,0.0,194.39,500.0,38.9,38.9,False
B32-2,2020-07-15 18:00:00,-217.3,0.0,217.3,500.0,43.5,43.5,False
B32-2,2020-07-15 19:00:00,-199.67,0.0,199.67,500.0,39.9,39.9,False
B32-2,2020-07-15 20:00:00,-200.89,0.0,200.89,500.0,40.2,40.2,False
B32-2,2020-07-15 21:00:00,-193.17,0.0,193.17,500.0,38.6,38.6,False
B32-2,2020-07-15 22:00:00,-184.64,0.0,184.64,500.0,36.9,36.9,False
B32-2,2020-07-15 23:00:00,-197.64,0.0,197.64,500.0,39.5,39.5,False
B32-2,2020-07-16 00:00:00,-185.93,0.0,185.93,500.0,37.2,37.2,False
B32-2,2020-07-16 02:00:00,-169.26,0.0,169.26,500.0,33.9,33.9,False
B32-2,2020-07-16 04:00:00,-155.06,0.0,155.06,500.0,31.0,31.0,False
B32-2,2020-07-16 06:00:00,-175.75,0.0,175.75,500.0,35.1,35.1,False
B32-2,2020-07-16 08:00:00,-117.99,0.0,117.99,500.0,23.6,23.6,False
B32-2,2020-07-16 10:00:00,-141.11,0.0,141.11,500.0,28.2,28.2,False
B32-2,2020-07-16 12:00:00,-194.46,0.0,194.46,500.0,38.9,38.9,False
B32-2,2020-07-16 14:00:00,-202.25,0.0,202.25,500.0,40.5,40.5,False
B32-2,2020-07-16 16:00:00,-196.06,0.0,196.06,500.0,39.2,39.2,False
B32-2,2020-07-16 18:00:00,-241.46,0.0,241.46,500.0,48.3,48.3,False
B32-2,2020-07-16 20:00:00,-214.69,0.0,214.69,500.0,42.9,42.9,False
B32-2,2020-07-16 22:00:00,-222.31,0.0,222.31,500.0,44.5,44.5,False
B33-1,2020-07-15 00:00:00,-221.41,0.0,221.41,500.0,44.3,44.3,False
B33-1,2020-07-15 01:00:00,-201.1,0.0,201.1,500.0,40.2,40.2,False
B33-1,2020-07-15 02:00:00,-171.07,0.0,171.07,500.0,34.2,34.2,False
B33-1,2020-07-15 03:00:00,-171.72,0.0,171.72,500.0,34.3,34.3,False
B33-1,2020-07-15 04:00:00,-183.98,0.0,183.98,500.0,36.8,36.8,False
B33-1,2020-07-15 05:00:00,-221.29,0.0,221.29,500.0,44.3,44.3,False
B33-1,2020-07-15 06:00:00,-166.91,0.0,166.91,500.0,33.4,33.4,False
B33-1,2020-07-15 07:00:00,-203.22,0.0,203.22,500.0,40.6,40.6,False
B33-1,2020-07-15 08:00:00,-192.72,0.0,192.72,500.0,38.5,38.5,False
B33-1,2020-07-15 09:00:00,-198.92,0.0,198.92,500.0,39.8,39.8,False
B33-1,2020-07-15 10:00:00,-170.67,0.0,170.67,500.0,34.1,34.1,False
B33-1,2020-07-15 11:00:00,-186.39,0.0,186.39,500.0,37.3,37.3,False
B33-1,2020-07-15 12:00:00,-219.83,0.0,219.83,500.0,44.0,44.0,False
B33-1,2020-07-15 13:00:00,-231.62,0.0,231.62,500.0,46.3,46.3,False
B33-1,2020-07-15 14:00:00,-233.06,0.0,233.06,500.0,46.6,46.6,False
B33-1,2020-07-15 15:00:00,-248.04,0.0,248.04,500.0,49.6,49.6,False
B33-1,2020-07-15 16:00:00,-240.51,0.0,240.51,500.0,48.1,48.1,False
B33-1,2020-07-15 17:00:00,-251.47,0.0,251.47,500.0,50.3,50.3,False
B33-1,2020-07-15 18:00:00,-271.93,0.0,271.93,500.0,54.4,54.4,False
B33-1,2020-07-15 19:00:00,-252.68,0.0,252.68,500.0,50.5,50.5,False
B33-1,2020-07-15 20:00:00,-251.19,0.0,251.19,500.0,50.2,50.2,False
B33-1,2020-07-15 21:00:00,-239.95,0.0,239.95,500.0,48.0,48.0,False
B33-1,2020-07-15 22:00:00,-227.27,0.0,227.27,500.0,45.5,45.5,False
B33-1,2020-07-15 23:00:00,-236.77,0.0,236.77,500.0,47.4,47.4,False
B33-1,2020-07-16 00:00:00,-221.67,0.0,221.67,500.0,44.3,44.3,False
B33-1,2020-07-16 02:00:00,-202.18,0.0,202.18,500.0,40.4,40.4,False
B33-1,2020-07-16 04:00:00,-188.09,0.0,188.09,500.0,37.6,37.6,False
B33-1,2020-07-16 06:00:00,-213.89,0.0,213.89,500.0,42.8,42.8,False
B33-1,2020-07-16 08:00:00,-163.68,0.0,163.68,500.0,32.7,32.7,False
B33-1,2020-07-16 10:00:00,-193.4,0.0,193.4,500.0,38.7,38.7,False
B33-1,2020-07-16 12:00:00,-251.86,0.0,251.86,500.0,50.4,50.4,False
B33-1,2020-07-16 14:00:00,-263.09,0.0,263.09,500.0,52.6,52.6,False
B33-1,2020-07-16 16:00:00,-256.56,0.0,256.56,500.0,51.3,51.3,False
B33-1,2020-07-16 18:00:00,-298.31,0.0,298.31,500.0,59.7,59.7,False
B33-1,2020-07-16 20:00:00,-265.54,0.0,265.54,500.0,53.1,53.1,False
B33-1,2020-07-16 22:00:00,-264.73,0.0,264.73,500.0,52.9,52.9,False
B33-2,2020-07-15 00:00:00,-221.41,0.0,221.41,500.0,44.3,44.3,False
B33-2,2020-07-15 01:00:00,-201.1,0.0,201.1,500.0,40.2,40.2,False
B33-2,2020-07-15 02:00:00,-171.07,0.0,171.07,500.0,34.2,34.2,False
B33-2,2020-07-15 03:00:00,-171.72,0.0,171.72,500.0,34.3,34.3,False
B33-2,2020-07-15 04:00:00,-183.98,0.0,183.98,500.0,36.8,36.8,False
B33-2,2020-07-15 05:00:00,-221.29,0.0,221.29,500.0,44.3,44.3,False
B33-2,2020-07-15 06:00:00,-166.91,0.0,166.91,500.0,33.4,33.4,False
B33-2,2020-07-15 07:00:00,-203.22,0.0,203.22,500.0,40.6,40.6,False
B33-2,2020-07-15 08:00:00,-192.72,0.0,192.72,500.0,38.5,38.5,False
B33-2,2020-07-15 09:00:00,-198.92,0.0,198.92,500.0,39.8,39.8,False
B33-2,2020-07-15 10:00:00,-170.67,0.0,170.67,500.0,34.1,34.1,False
B33-2,2020-07-15 11:00:00,-186.39,0.0,186.39,500.0,37.3,37.3,False
B33-2,2020-07-15 12:00:00,-219.83,0.0,219.83,500.0,44.0,44.0,False
B33-2,2020-07-15 13:00:00,-231.62,0.0,231.62,500.0,46.3,46.3,False
B33-2,2020-07-15 14:00:00,-233.06,0.0,233.06,500.0,46.6,46.6,False
B33-2,2020-07-15 15:00:00,-248.04,0.0,248.04,500.0,49.6,49.6,False
B33-2,2020-07-15 16:00:00,-240.51,0.0,240.51,500.0,48.1,48.1,False
B33-2,2020-07-15 17:00:00,-251.47,0.0,251.47,500.0,50.3,50.3,False
B33-2,2020-07-15 18:00:00,-271.93,0.0,271.93,500.0,54.4,54.4,False
B33-2,2020-07-15 19:00:00,-252.68,0.0,252.68,500.0,50.5,50.5,False
B33-2,2020-07-15 20:00:00,-251.19,0.0,251.19,500.0,50.2,50.2,False
B33-2,2020-07-15 21:00:00,-239.95,0.0,239.95,500.0,48.0,48.0,False
B33-2,2020-07-15 22:00:00,-227.27,0.0,227.27,500.0,45.5,45.5,False
B33-2,2020-07-15 23:00:00,-236.77,0.0,236.77,500.0,47.4,47.4,False
B33-2,2020-07-16 00:00:00,-221.67,0.0,221.67,500.0,44.3,44.3,False
B33-2,2020-07-16 02:00:00,-202.18,0.0,202.18,500.0,40.4,40.4,False
B33-2,2020-07-16 04:00:00,-188.09,0.0,188.09,500.0,37.6,37.6,False
B33-2,2020-07-16 06:00:00,-213.89,0.0,213.89,500.0,42.8,42.8,False
B33-2,2020-07-16 08:00:00,-163.68,0.0,163.68,500.0,32.7,32.7,False
B33-2,2020-07-16 10:00:00,-193.4,0.0,193.4,500.0,38.7,38.7,False
B33-2,2020-07-16 12:00:00,-251.86,0.0,251.86,500.0,50.4,50.4,False
B33-2,2020-07-16 14:00:00,-263.09,0.0,263.09,500.0,52.6,52.6,False
B33-2,2020-07-16 16:00:00,-256.56,0.0,256.56,500.0,51.3,51.3,False
B33-2,2020-07-16 18:00:00,-298.31,0.0,298.31,500.0,59.7,59.7,False
B33-2,2020-07-16 20:00:00,-265.54,0.0,265.54,500.0,53.1,53.1,False
B33-2,2020-07-16 22:00:00,-264.73,0.0,264.73,500.0,52.9,52.9,False
B34,2020-07-15 00:00:00,0.92,0.0,0.92,500.0,0.2,0.2,False
B34,2020-07-15 01:00:00,1.26,0.0,1.26,500.0,0.3,0.3,False
B34,2020-07-15 02:00:00,2.07,0.0,2.07,500.0,0.4,0.4,False
B34,2020-07-15 03:00:00,2.29,0.0,2.29,500.0,0.5,0.5,False
B34,2020-07-15 04:00:00,2.09,0.0,2.09,500.0,0.4,0.4,False
B34,2020-07-15 05:00:00,0.71,0.0,0.71,500.0,0.1,0.1,False
B34,2020-07-15 06:00:00,0.06,0.0,0.06,500.0,0.0,0.0,False
B34,2020-07-15 07:00:00,-0.56,0.0,0.56,500.0,0.1,0.1,False
B34,2020-07-15 08:00:00,8.5,0.0,8.5,500.0,1.7,1.7,False
B34,2020-07-15 09:00:00,10.94,0.0,10.94,500.0,2.2,2.2,False
B34,2020-07-15 10:00:00,14.58,0.0,14.58,500.0,2.9,2.9,False
B34,2020-07-15 11:00:00,15.6,0.0,15.6,500.0,3.1,3.1,False
B34,2020-07-15 12:00:00,14.82,0.0,14.82,500.0,3.0,3.0,False
B34,2020-07-15 13:00:00,13.73,0.0,13.73,500.0,2.7,2.7,False
B34,2020-07-15 14:00:00,11.8,0.0,11.8,500.0,2.4,2.4,False
B34,2020-07-15 15:00:00,12.39,0.0,12.39,500.0,2.5,2.5,False
B34,2020-07-15 16:00:00,11.95,0.0,11.95,500.0,2.4,2.4,False
B34,2020-07-15 17:00:00,10.93,0.0,10.93,500.0,2.2,2.2,False
B34,2020-07-15 18:00:00,7.21,0.0,7.21,500.0,1.4,1.4,False
B34,2020-07-15 19:00:00,7.28,0.0,7.28,500.0,1.5,1.5,False
B34,2020-07-15 20:00:00,-1.27,0.0,1.27,500.0,0.3,0.3,False
B34,2020-07-15 21:00:00,-1.48,0.0,1.48,500.0,0.3,0.3,False
B34,2020-07-15 22:00:00,-2.58,0.0,2.58,500.0,0.5,0.5,False
B34,2020-07-15 23:00:00,0.93,0.0,0.93,500.0,0.2,0.2,False
B34,2020-07-16 00:00:00,1.96,0.0,1.96,500.0,0.4,0.4,False
B34,2020-07-16 02:00:00,2.28,0.0,2.28,500.0,0.5,0.5,False
B34,2020-07-16 04:00:00,2.84,0.0,2.84,500.0,0.6,0.6,False
B34,2020-07-16 06:00:00,-0.43,0.0,0.43,500.0,0.1,0.1,False
B34,2020-07-16 08:00:00,13.85,0.0,13.85,500.0,2.8,2.8,False
B34,2020-07-16 10:00:00,13.46,0.0,13.46,500.0,2.7,2.7,False
B34,2020-07-16 12:00:00,12.92,0.0,12.92,500.0,2.6,2.6,False
B34,2020-07-16 14:00:00,10.53,0.0,10.53,500.0,2.1,2.1,False
B34,2020-07-16 16:00:00,10.93,0.0,10.93,500.0,2.2,2.2,False
B34,2020-07-16 18:00:00,6.59,0.0,6.59,500.0,1.3,1.3,False
B34,2020-07-16 20:00:00,-3.83,0.0,3.83,500.0,0.8,0.8,False
B34,2020-07-16 22:00:00,-15.37,0.0,15.37,500.0,3.1,3.1,False
C1,2020-07-15 00:00:00,49.47,0.0,49.47,175.0,28.3,28.3,False
C1,2020-07-15 01:00:00,48.87,0.0,48.87,175.0,27.9,27.9,False
C1,2020-07-15 02:00:00,48.93,0.0,48.93,175.0,28.0,28.0,False
C1,2020-07-15 03:00:00,48.94,0.0,48.94,175.0,28.0,28.0,False
C1,2020-07-15 04:00:00,49.15,0.0,49.15,175.0,28.1,28.1,False
C1,2020-07-15 05:00:00,48.76,0.0,48.76,175.0,27.9,27.9,False
C1,2020-07-15 06:00:00,51.28,0.0,51.28,175.0,29.3,29.3,False
C1,2020-07-15 07:00:00,52.77,0.0,52.77,175.0,30.2,30.2,False
C1,2020-07-15 08:00:00,54.02,0.0,54.02,175.0,30.9,30.9,False
C1,2020-07-15 09:00:00,45.03,0.0,45.03,175.0,25.7,25.7,False
C1,2020-07-15 10:00:00,43.5,0.0,43.5,175.0,24.9,24.9,False
C1,2020-07-15 11:00:00,46.99,0.0,46.99,175.0,26.9,26.9,False
C1,2020-07-15 12:00:00,52.02,0.0,52.02,175.0,29.7,29.7,False
C1,2020-07-15 13:00:00,53.93,0.0,53.93,175.0,30.8,30.8,False
C1,2020-07-15 14:00:00,55.89,0.0,55.89,175.0,31.9,31.9,False
C1,2020-07-15 15:00:00,57.26,0.0,57.26,175.0,32.7,32.7,False
C1,2020-07-15 16:00:00,53.42,0.0,53.42,175.0,30.5,30.5,False
C1,2020-07-15 17:00:00,55.65,0.0,55.65,175.0,31.8,31.8,False
C1,2020-07-15 18:00:00,54.69,0.0,54.69,175.0,31.3,31.3,False
C1,2020-07-15 19:00:00,55.57,0.0,55.57,175.0,31.8,31.8,False
C1,2020-07-15 20:00:00,54.88,0.0,54.88,175.0,31.4,31.4,False
C1,2020-07-15 21:00:00,53.41,0.0,53.41,175.0,30.5,30.5,False
C1,2020-07-15 22:00:00,51.81,0.0,51.81,175.0,29.6,29.6,False
C1,2020-07-15 23:00:00,50.49,0.0,50.49,175.0,28.9,28.9,False
C1,2020-07-16 00:00:00,49.53,0.0,49.53,175.0,28.3,28.3,False
C1,2020-07-16 02:00:00,48.88,0.0,48.88,175.0,27.9,27.9,False
C1,2020-07-16 04:00:00,49.75,0.0,49.75,175.0,28.4,28.4,False
C1,2020-07-16 06:00:00,52.07,0.0,52.07,175.0,29.8,29.8,False
C1,2020-07-16 08:00:00,54.94,0.0,54.94,175.0,31.4,31.4,False
C1,2020-07-16 10:00:00,57.09,0.0,57.09,175.0,32.6,32.6,False
C1,2020-07-16 12:00:00,58.6,0.0,58.6,175.0,33.5,33.5,False
C1,2020-07-16 14:00:00,59.26,0.0,59.26,175.0,33.9,33.9,False
C1,2020-07-16 16:00:00,58.28,0.0,58.28,175.0,33.3,33.3,False
C1,2020-07-16 18:00:00,56.42,0.0,56.42,175.0,32.2,32.2,False
C1,2020-07-16 20:00:00,54.61,0.0,54.61,175.0,31.2,31.2,False
C1,2020-07-16 22:00:00,51.41,0.0,51.41,175.0,29.4,29.4,False
C2,2020-07-15 00:00:00,-131.2,0.0,131.2,175.0,75.0,75.0,False
C2,2020-07-15 01:00:00,-128.92,0.0,128.92,175.0,73.7,73.7,False
C2,2020-07-15 02:00:00,-128.84,0.0,128.84,175.0,73.6,73.6,False
C2,2020-07-15 03:00:00,-128.34,0.0,128.34,175.0,73.3,73.3,False
C2,2020-07-15 04:00:00,-128.43,0.0,128.43,175.0,73.4,73.4,False
C2,2020-07-15 05:00:00,-126.16,0.0,126.16,175.0,72.1,72.1,False
C2,2020-07-15 06:00:00,-134.41,0.0,134.41,175.0,76.8,76.8,False
C2,2020-07-15 07:00:00,-138.84,0.0,138.84,175.0,79.3,79.3,False
C2,2020-07-15 08:00:00,-142.45,0.0,142.45,175.0,81.4,81.4,False
C2,2020-07-15 09:00:00,-123.94,0.0,123.94,175.0,70.8,70.8,False
C2,2020-07-15 10:00:00,-122.17,0.0,122.17,175.0,69.8,69.8,False
C2,2020-07-15 11:00:00,-131.22,0.0,131.22,175.0,75.0,75.0,False
C2,2020-07-15 12:00:00,-143.25,0.0,143.25,175.0,81.9,81.9,False
C2,2020-07-15 13:00:00,-148.74,0.0,148.74,175.0,85.0,85.0,False
C2,2020-07-15 14:00:00,-153.91,0.0,153.91,175.0,87.9,87.9,False
C2,2020-07-15 15:00:00,-154.91,0.0,154.91,175.0,88.5,88.5,False
C2,2020-07-15 16:00:00,-155.43,0.0,155.43,175.0,88.8,88.8,False
C2,2020-07-15 17:00:00,-151.57,0.0,151.57,175.0,86.6,86.6,False
C2,2020-07-15 18:00:00,-148.13,0.0,148.13,175.0,84.6,84.6,False
C2,2020-07-15 19:00:00,-149.61,0.0,149.61,175.0,85.5,85.5,False
C2,2020-07-15 20:00:00,-148.08,0.0,148.08,175.0,84.6,84.6,False
C2,2020-07-15 21:00:00,-143.95,0.0,143.95,175.0,82.3,82.3,False
C2,2020-07-15 22:00:00,-139.21,0.0,139.21,175.0,79.5,79.5,False
C2,2020-07-15 23:00:00,-135.48,0.0,135.48,175.0,77.4,77.4,False
C2,2020-07-16 00:00:00,-131.93,0.0,131.93,175.0,75.4,75.4,False
C2,2020-07-16 02:00:00,-129.22,0.0,129.22,175.0,73.8,73.8,False
C2,2020-07-16 04:00:00,-131.63,0.0,131.63,175.0,75.2,75.2,False
C2,2020-07-16 06:00:00,-138.87,0.0,138.87,175.0,79.4,79.4,False
C2,2020-07-16 08:00:00,-147.1,0.0,147.1,175.0,84.1,84.1,False
C2,2020-07-16 10:00:00,-154.66,0.0,154.66,175.0,88.4,88.4,False
C2,2020-07-16 12:00:00,-161.72,0.0,161.72,175.0,92.4,92.4,False
C2,2020-07-16 14:00:00,-165.31,0.0,165.31,175.0,94.5,94.5,False
C2,2020-07-16 16:00:00,-160.9,0.0,160.9,175.0,91.9,91.9,False
C2,2020-07-16 18:00:00,-153.07,0.0,153.07,175.0,87.5,87.5,False
C2,2020-07-16 20:00:00,-148.19,0.0,148.19,175.0,84.7,84.7,False
C2,2020-07-16 22:00:00,-137.8,0.0,137.8,175.0,78.7,78.7,False
C3,2020-07-15 00:00:00,33.77,0.0,33.77,175.0,19.3,19.3,False
C3,2020-07-15 01:00:00,34.75,0.0,34.75,175.0,19.9,19.9,False
C3,2020-07-15 02:00:00,34.54,0.0,34.54,175.0,19.7,19.7,False
C3,2020-07-15 03:00:00,34.2,0.0,34.2,175.0,19.5,19.5,False
C3,2020-07-15 04:00:00,33.29,0.0,33.29,175.0,19.0,19.0,False
C3,2020-07-15 05:00:00,33.09,0.0,33.09,175.0,18.9,18.9,False
C3,2020-07-15 06:00:00,28.53,0.0,28.53,175.0,16.3,16.3,False
C3,2020-07-15 07:00:00,25.29,0.0,25.29,175.0,14.5,14.5,False
C3,2020-07-15 08:00:00,22.53,0.0,22.53,175.0,12.9,12.9,False
C3,2020-07-15 09:00:00,7.72,0.0,7.72,175.0,4.4,4.4,False
C3,2020-07-15 10:00:00,3.01,0.0,3.01,175.0,1.7,1.7,False
C3,2020-07-15 11:00:00,4.07,0.0,4.07,175.0,2.3,2.3,False
C3,2020-07-15 12:00:00,7.97,0.0,7.97,175.0,4.6,4.6,False
C3,2020-07-15 13:00:00,8.94,0.0,8.94,175.0,5.1,5.1,False
C3,2020-07-15 14:00:00,10.6,0.0,10.6,175.0,6.1,6.1,False
C3,2020-07-15 15:00:00,18.05,0.0,18.05,175.0,10.3,10.3,False
C3,2020-07-15 16:00:00,17.04,0.0,17.04,175.0,9.7,9.7,False
C3,2020-07-15 17:00:00,15.68,0.0,15.68,175.0,9.0,9.0,False
C3,2020-07-15 18:00:00,18.45,0.0,18.45,175.0,10.5,10.5,False
C3,2020-07-15 19:00:00,20.7,0.0,20.7,175.0,11.8,11.8,False
C3,2020-07-15 20:00:00,22.5,0.0,22.5,175.0,12.9,12.9,False
C3,2020-07-15 21:00:00,25.91,0.0,25.91,175.0,14.8,14.8,False
C3,2020-07-15 22:00:00,29.37,0.0,29.37,175.0,16.8,16.8,False
C3,2020-07-15 23:00:00,32.34,0.0,32.34,175.0,18.5,18.5,False
C3,2020-07-16 00:00:00,34.0,0.0,34.0,175.0,19.4,19.4,False
C3,2020-07-16 02:00:00,34.88,0.0,34.88,175.0,19.9,19.9,False
C3,2020-07-16 04:00:00,32.96,0.0,32.96,175.0,18.8,18.8,False
C3,2020-07-16 06:00:00,28.1,0.0,28.1,175.0,16.1,16.1,False
C3,2020-07-16 08:00:00,21.71,0.0,21.71,175.0,12.4,12.4,False
C3,2020-07-16 10:00:00,17.71,0.0,17.71,175.0,10.1,10.1,False
C3,2020-07-16 12:00:00,16.01,0.0,16.01,175.0,9.1,9.1,False
C3,2020-07-16 14:00:00,15.54,0.0,15.54,175.0,8.9,8.9,False
C3,2020-07-16 16:00:00,16.78,0.0,16.78,175.0,9.6,9.6,False
C3,2020-07-16 18:00:00,19.43,0.0,19.43,175.0,11.1,11.1,False
C3,2020-07-16 20:00:00,23.66,0.0,23.66,175.0,13.5,13.5,False
C3,2020-07-16 22:00:00,30.02,0.0,30.02,175.0,17.2,17.2,False
C4,2020-07-15 00:00:00,-17.1,0.0,17.1,175.0,9.8,9.8,False
C4,2020-07-15 01:00:00,-15.87,0.0,15.87,175.0,9.1,9.1,False
C4,2020-07-15 02:00:00,-15.65,0.0,15.65,175.0,8.9,8.9,False
C4,2020-07-15 03:00:00,-15.26,0.0,15.26,175.0,8.7,8.7,False
C4,2020-07-15 04:00:00,-15.24,0.0,15.24,175.0,8.7,8.7,False
C4,2020-07-15 05:00:00,-14.19,0.0,14.19,175.0,8.1,8.1,False
C4,2020-07-15 06:00:00,-18.05,0.0,18.05,175.0,10.3,10.3,False
C4,2020-07-15 07:00:00,-20.27,0.0,20.27,175.0,11.6,11.6,False
C4,2020-07-15 08:00:00,-22.03,0.0,22.03,175.0,12.6,12.6,False
C4,2020-07-15 09:00:00,-26.53,0.0,26.53,175.0,15.2,15.2,False
C4,2020-07-15 10:00:00,-29.26,0.0,29.26,175.0,16.7,16.7,False
C4,2020-07-15 11:00:00,-30.71,0.0,30.71,175.0,17.5,17.5,False
C4,2020-07-15 12:00:00,-31.08,0.0,31.08,175.0,17.8,17.8,False
C4,2020-07-15 13:00:00,-32.28,0.0,32.28,175.0,18.4,18.4,False
C4,2020-07-15 14:00:00,-32.86,0.0,32.86,175.0,18.8,18.8,False
C4,2020-07-15 15:00:00,-28.67,0.0,28.67,175.0,16.4,16.4,False
C4,2020-07-15 16:00:00,-29.49,0.0,29.49,175.0,16.9,16.9,False
C4,2020-07-15 17:00:00,-29.61,0.0,29.61,175.0,16.9,16.9,False
C4,2020-07-15 18:00:00,-27.4,0.0,27.4,175.0,15.7,15.7,False
C4,2020-07-15 19:00:00,-26.4,0.0,26.4,175.0,15.1,15.1,False
C4,2020-07-15 20:00:00,-25.78,0.0,25.78,175.0,14.7,14.7,False
C4,2020-07-15 21:00:00,-23.77,0.0,23.77,175.0,13.6,13.6,False
C4,2020-07-15 22:00:00,-21.41,0.0,21.41,175.0,12.2,12.2,False
C4,2020-07-15 23:00:00,-19.59,0.0,19.59,175.0,11.2,11.2,False
C4,2020-07-16 00:00:00,-17.59,0.0,17.59,175.0,10.1,10.1,False
C4,2020-07-16 02:00:00,-16.1,0.0,16.1,175.0,9.2,9.2,False
C4,2020-07-16 04:00:00,-17.15,0.0,17.15,175.0,9.8,9.8,False
C4,2020-07-16 06:00:00,-20.9,0.0,20.9,175.0,11.9,11.9,False
C4,2020-07-16 08:00:00,-24.91,0.0,24.91,175.0,14.2,14.2,False
C4,2020-07-16 10:00:00,-29.09,0.0,29.09,175.0,16.6,16.6,False
C4,2020-07-16 12:00:00,-33.41,0.0,33.41,175.0,19.1,19.1,False
C4,2020-07-16 14:00:00,-35.7,0.0,35.7,175.0,20.4,20.4,False
C4,2020-07-16 16:00:00,-33.04,0.0,33.04,175.0,18.9,18.9,False
C4,2020-07-16 18:00:00,-28.42,0.0,28.42,175.0,16.2,16.2,False
C4,2020-07-16 20:00:00,-26.11,0.0,26.11,175.0,14.9,14.9,False
C4,2020-07-16 22:00:00,-20.73,0.0,20.73,175.0,11.8,11.8,False
C5,2020-07-15 00:00:00,22.93,0.0,22.93,175.0,13.1,13.1,False
C5,2020-07-15 01:00:00,23.53,0.0,23.53,175.0,13.4,13.4,False
C5,2020-07-15 02:00:00,23.22,0.0,23.22,175.0,13.3,13.3,False
C5,2020-07-15 03:00:00,22.99,0.0,22.99,175.0,13.1,13.1,False
C5,2020-07-15 04:00:00,22.58,0.0,22.58,175.0,12.9,12.9,False
C5,2020-07-15 05:00:00,23.02,0.0,23.02,175.0,13.2,13.2,False
C5,2020-07-15 06:00:00,19.69,0.0,19.69,175.0,11.3,11.3,False
C5,2020-07-15 07:00:00,17.84,0.0,17.84,175.0,10.2,10.2,False
C5,2020-07-15 08:00:00,16.23,0.0,16.23,175.0,9.3,9.3,False
C5,2020-07-15 09:00:00,6.99,0.0,6.99,175.0,4.0,4.0,False
C5,2020-07-15 10:00:00,4.18,0.0,4.18,175.0,2.4,2.4,False
C5,2020-07-15 11:00:00,5.06,0.0,5.06,175.0,2.9,2.9,False
C5,2020-07-15 12:00:00,7.7,0.0,7.7,175.0,4.4,4.4,False
C5,2020-07-15 13:00:00,8.47,0.0,8.47,175.0,4.8,4.8,False
C5,2020-07-15 14:00:00,9.62,0.0,9.62,175.0,5.5,5.5,False
C5,2020-07-15 15:00:00,14.64,0.0,14.64,175.0,8.4,8.4,False
C5,2020-07-15 16:00:00,13.99,0.0,13.99,175.0,8.0,8.0,False
C5,2020-07-15 17:00:00,12.58,0.0,12.58,175.0,7.2,7.2,False
C5,2020-07-15 18:00:00,14.13,0.0,14.13,175.0,8.1,8.1,False
C5,2020-07-15 19:00:00,15.49,0.0,15.49,175.0,8.9,8.9,False
C5,2020-07-15 20:00:00,16.56,0.0,16.56,175.0,9.5,9.5,False
C5,2020-07-15 21:00:00,18.5,0.0,18.5,175.0,10.6,10.6,False
C5,2020-07-15 22:00:00,20.5,0.0,20.5,175.0,11.7,11.7,False
C5,2020-07-15 23:00:00,22.21,0.0,22.21,175.0,12.7,12.7,False
C5,2020-07-16 00:00:00,23.06,0.0,23.06,175.0,13.2,13.2,False
C5,2020-07-16 02:00:00,23.63,0.0,23.63,175.0,13.5,13.5,False
C5,2020-07-16 04:00:00,22.35,0.0,22.35,175.0,12.8,12.8,False
C5,2020-07-16 06:00:00,19.66,0.0,19.66,175.0,11.2,11.2,False
C5,2020-07-16 08:00:00,15.93,0.0,15.93,175.0,9.1,9.1,False
C5,2020-07-16 10:00:00,13.84,0.0,13.84,175.0,7.9,7.9,False
C5,2020-07-16 12:00:00,13.16,0.0,13.16,175.0,7.5,7.5,False
C5,2020-07-16 14:00:00,13.08,0.0,13.08,175.0,7.5,7.5,False
C5,2020-07-16 16:00:00,13.63,0.0,13.63,175.0,7.8,7.8,False
C5,2020-07-16 18:00:00,14.87,0.0,14.87,175.0,8.5,8.5,False
C5,2020-07-16 20:00:00,17.32,0.0,17.32,175.0,9.9,9.9,False
C5,2020-07-16 22:00:00,20.99,0.0,20.99,175.0,12.0,12.0,False
C6,2020-07-15 00:00:00,175.0,0.0,175.0,175.0,100.0,100.0,True
C6,2020-07-15 01:00:00,175.0,0.0,175.0,175.0,100.0,100.0,True
C6,2020-07-15 02:00:00,175.0,0.0,175.0,175.0,100.0,100.0,True
C6,2020-07-15 03:00:00,175.0,0.0,175.0,175.0,100.0,100.0,True
C6,2020-07-15 04:00:00,175.0,0.0,175.0,175.0,100.0,100.0,True
C6,2020-07-15 05:00:00,175.0,0.0,175.0,175.0,100.0,100.0,True
C6,2020-07-15 06:00:00,175.0,0.0,175.0,175.0,100.0,100.0,True
C6,2020-07-15 07:00:00,175.0,0.0,175.0,175.0,100.0,100.0,True
C6,2020-07-15 08:00:00,175.0,0.0,175.0,175.0,100.0,100.0,True
C6,2020-07-15 09:00:00,129.2,0.0,129.2,175.0,73.8,73.8,False
C6,2020-07-15 10:00:00,117.89,0.0,117.89,175.0,67.4,67.4,False
C6,2020-07-15 11:00:00,128.88,0.0,128.88,175.0,73.6,73.6,False
C6,2020-07-15 12:00:00,148.24,0.0,148.24,175.0,84.7,84.7,False
C6,2020-07-15 13:00:00,154.32,0.0,154.32,175.0,88.2,88.2,False
C6,2020-07-15 14:00:00,161.68,0.0,161.68,175.0,92.4,92.4,False
C6,2020-07-15 15:00:00,171.64,0.0,171.64,175.0,98.1,98.1,False
C6,2020-07-15 16:00:00,172.13,0.0,172.13,175.0,98.4,98.4,False
C6,2020-07-15 17:00:00,168.14,0.0,168.14,175.0,96.1,96.1,False
C6,2020-07-15 18:00:00,169.35,0.0,169.35,175.0,96.8,96.8,False
C6,2020-07-15 19:00:00,175.0,0.0,175.0,175.0,100.0,100.0,True
C6,2020-07-15 20:00:00,175.0,0.0,175.0,175.0,100.0,100.0,True
C6,2020-07-15 21:00:00,175.0,0.0,175.0,175.0,100.0,100.0,True
C6,2020-07-15 22:00:00,175.0,0.0,175.0,175.0,100.0,100.0,True
C6,2020-07-15 23:00:00,175.0,0.0,175.0,175.0,100.0,100.0,True
C6,2020-07-16 00:00:00,175.0,0.0,175.0,175.0,100.0,100.0,True
C6,2020-07-16 02:00:00,175.0,0.0,175.0,175.0,100.0,100.0,True
C6,2020-07-16 04:00:00,175.0,0.0,175.0,175.0,100.0,100.0,True
C6,2020-07-16 06:00:00,175.0,0.0,175.0,175.0,100.0,100.0,True
C6,2020-07-16 08:00:00,175.0,0.0,175.0,175.0,100.0,100.0,True
C6,2020-07-16 10:00:00,175.0,0.0,175.0,175.0,100.0,100.0,True
C6,2020-07-16 12:00:00,175.0,0.0,175.0,175.0,100.0,100.0,True
C6,2020-07-16 14:00:00,175.0,0.0,175.0,175.0,100.0,100.0,True
C6,2020-07-16 16:00:00,175.0,0.0,175.0,175.0,100.0,100.0,True
C6,2020-07-16 18:00:00,175.0,0.0,175.0,175.0,100.0,100.0,True
C6,2020-07-16 20:00:00,175.0,0.0,175.0,175.0,100.0,100.0,True
C6,2020-07-16 22:00:00,175.0,0.0,175.0,175.0,100.0,100.0,True
C7,2020-07-15 00:00:00,174.48,0.0,174.48,400.0,43.6,43.6,False
C7,2020-07-15 01:00:00,172.91,0.0,172.91,400.0,43.2,43.2,False
C7,2020-07-15 02:00:00,169.32,0.0,169.32,400.0,42.3,42.3,False
C7,2020-07-15 03:00:00,173.41,0.0,173.41,400.0,43.4,43.4,False
C7,2020-07-15 04:00:00,192.83,0.0,192.83,400.0,48.2,48.2,False
C7,2020-07-15 05:00:00,187.33,0.0,187.33,400.0,46.8,46.8,False
C7,2020-07-15 06:00:00,156.65,0.0,156.65,400.0,39.2,39.2,False
C7,2020-07-15 07:00:00,120.23,0.0,120.23,400.0,30.1,30.1,False
C7,2020-07-15 08:00:00,88.33,0.0,88.33,400.0,22.1,22.1,False
C7,2020-07-15 09:00:00,-11.2,0.0,11.2,400.0,2.8,2.8,False
C7,2020-07-15 10:00:00,-48.45,0.0,48.45,400.0,12.1,12.1,False
C7,2020-07-15 11:00:00,-74.99,0.0,74.99,400.0,18.7,18.7,False
C7,2020-07-15 12:00:00,-101.69,0.0,101.69,400.0,25.4,25.4,False
C7,2020-07-15 13:00:00,-107.78,0.0,107.78,400.0,26.9,26.9,False
C7,2020-07-15 14:00:00,-103.35,0.0,103.35,400.0,25.8,25.8,False
C7,2020-07-15 15:00:00,-83.48,0.0,83.48,400.0,20.9,20.9,False
C7,2020-07-15 16:00:00,-61.69,0.0,61.69,400.0,15.4,15.4,False
C7,2020-07-15 17:00:00,-42.08,0.0,42.08,400.0,10.5,10.5,False
C7,2020-07-15 18:00:00,-1.36,0.0,1.36,400.0,0.3,0.3,False
C7,2020-07-15 19:00:00,31.52,0.0,31.52,400.0,7.9,7.9,False
C7,2020-07-15 20:00:00,87.61,0.0,87.61,400.0,21.9,21.9,False
C7,2020-07-15 21:00:00,111.93,0.0,111.93,400.0,28.0,28.0,False
C7,2020-07-15 22:00:00,146.33,0.0,146.33,400.0,36.6,36.6,False
C7,2020-07-15 23:00:00,169.22,0.0,169.22,400.0,42.3,42.3,False
C7,2020-07-16 00:00:00,165.79,0.0,165.79,400.0,41.4,41.4,False
C7,2020-07-16 02:00:00,166.16,0.0,166.16,400.0,41.5,41.5,False
C7,2020-07-16 04:00:00,184.9,0.0,184.9,400.0,46.2,46.2,False
C7,2020-07-16 06:00:00,136.8,0.0,136.8,400.0,34.2,34.2,False
C7,2020-07-16 08:00:00,120.95,0.0,120.95,400.0,30.2,30.2,False
C7,2020-07-16 10:00:00,74.24,0.0,74.24,400.0,18.6,18.6,False
C7,2020-07-16 12:00:00,51.01,0.0,51.01,400.0,12.8,12.8,False
C7,2020-07-16 14:00:00,31.69,0.0,31.69,400.0,7.9,7.9,False
C7,2020-07-16 16:00:00,61.89,0.0,61.89,400.0,15.5,15.5,False
C7,2020-07-16 18:00:00,41.62,0.0,41.62,400.0,10.4,10.4,False
C7,2020-07-16 20:00:00,161.74,0.0,161.74,400.0,40.4,40.4,False
C7,2020-07-16 22:00:00,163.84,0.0,163.84,400.0,41.0,41.0,False
C8,2020-07-15 00:00:00,-51.72,0.0,51.72,175.0,29.6,29.6,False
C8,2020-07-15 01:00:00,-48.52,0.0,48.52,175.0,27.7,27.7,False
C8,2020-07-15 02:00:00,-48.64,0.0,48.64,175.0,27.8,27.8,False
C8,2020-07-15 03:00:00,-48.1,0.0,48.1,175.0,27.5,27.5,False
C8,2020-07-15 04:00:00,-48.34,0.0,48.34,175.0,27.6,27.6,False
C8,2020-07-15 05:00:00,-44.94,0.0,44.94,175.0,25.7,25.7,False
C8,2020-07-15 06:00:00,-57.32,0.0,57.32,175.0,32.8,32.8,False
C8,2020-07-15 07:00:00,-63.8,0.0,63.8,175.0,36.5,36.5,False
C8,2020-07-15 08:00:00,-69.13,0.0,69.13,175.0,39.5,39.5,False
C8,2020-07-15 09:00:00,-77.27,0.0,77.27,175.0,44.2,44.2,False
C8,2020-07-15 10:00:00,-83.09,0.0,83.09,175.0,47.5,47.5,False
C8,2020-07-15 11:00:00,-87.6,0.0,87.6,175.0,50.1,50.1,False
C8,2020-07-15 12:00:00,-90.06,0.0,90.06,175.0,51.5,51.5,False
C8,2020-07-15 13:00:00,-93.02,0.0,93.02,175.0,53.2,53.2,False
C8,2020-07-15 14:00:00,-94.64,0.0,94.64,175.0,54.1,54.1,False
C8,2020-07-15 15:00:00,-90.59,0.0,90.59,175.0,51.8,51.8,False
C8,2020-07-15 16:00:00,-89.57,0.0,89.57,175.0,51.2,51.2,False
C8,2020-07-15 17:00:00,-86.46,0.0,86.46,175.0,49.4,49.4,False
C8,2020-07-15 18:00:00,-80.66,0.0,80.66,175.0,46.1,46.1,False
C8,2020-07-15 19:00:00,-78.53,0.0,78.53,175.0,44.9,44.9,False
C8,2020-07-15 20:00:00,-76.09,0.0,76.09,175.0,43.5,43.5,False
C8,2020-07-15 21:00:00,-69.98,0.0,69.98,175.0,40.0,40.0,False
C8,2020-07-15 22:00:00,-63.02,0.0,63.02,175.0,36.0,36.0,False
C8,2020-07-15 23:00:00,-57.49,0.0,57.49,175.0,32.9,32.9,False
C8,2020-07-16 00:00:00,-52.61,0.0,52.61,175.0,30.1,30.1,False
C8,2020-07-16 02:00:00,-48.85,0.0,48.85,175.0,27.9,27.9,False
C8,2020-07-16 04:00:00,-52.58,0.0,52.58,175.0,30.0,30.0,False
C8,2020-07-16 06:00:00,-62.99,0.0,62.99,175.0,36.0,36.0,False
C8,2020-07-16 08:00:00,-75.18,0.0,75.18,175.0,43.0,43.0,False
C8,2020-07-16 10:00:00,-85.71,0.0,85.71,175.0,49.0,49.0,False
C8,2020-07-16 12:00:00,-94.96,0.0,94.96,175.0,54.3,54.3,False
C8,2020-07-16 14:00:00,-99.54,0.0,99.54,175.0,56.9,56.9,False
C8,2020-07-16 16:00:00,-93.7,0.0,93.7,175.0,53.5,53.5,False
C8,2020-07-16 18:00:00,-83.2,0.0,83.2,175.0,47.5,47.5,False
C8,2020-07-16 20:00:00,-75.88,0.0,75.88,175.0,43.4,43.4,False
C8,2020-07-16 22:00:00,-60.94,0.0,60.94,175.0,34.8,34.8,False
C9,2020-07-15 00:00:00,0.32,0.0,0.32,175.0,0.2,0.2,False
C9,2020-07-15 01:00:00,3.22,0.0,3.22,175.0,1.8,1.8,False
C9,2020-07-15 02:00:00,2.65,0.0,2.65,175.0,1.5,1.5,False
C9,2020-07-15 03:00:00,2.45,0.0,2.45,175.0,1.4,1.4,False
C9,2020-07-15 04:00:00,1.33,0.0,1.33,175.0,0.8,0.8,False
C9,2020-07-15 05:00:00,3.53,0.0,3.53,175.0,2.0,2.0,False
C9,2020-07-15 06:00:00,-9.38,0.0,9.38,175.0,5.4,5.4,False
C9,2020-07-15 07:00:00,-16.72,0.0,16.72,175.0,9.6,9.6,False
C9,2020-07-15 08:00:00,-22.91,0.0,22.91,175.0,13.1,13.1,False
C9,2020-07-15 09:00:00,-41.22,0.0,41.22,175.0,23.6,23.6,False
C9,2020-07-15 10:00:00,-48.89,0.0,48.89,175.0,27.9,27.9,False
C9,2020-07-15 11:00:00,-50.77,0.0,50.77,175.0,29.0,29.0,False
C9,2020-07-15 12:00:00,-48.86,0.0,48.86,175.0,27.9,27.9,False
C9,2020-07-15 13:00:00,-49.59,0.0,49.59,175.0,28.3,28.3,False
C9,2020-07-15 14:00:00,-48.92,0.0,48.92,175.0,28.0,28.0,False
C9,2020-07-15 15:00:00,-41.61,0.0,41.61,175.0,23.8,23.8,False
C9,2020-07-15 16:00:00,-40.85,0.0,40.85,175.0,23.3,23.3,False
C9,2020-07-15 17:00:00,-39.11,0.0,39.11,175.0,22.3,22.3,False
C9,2020-07-15 18:00:00,-32.89,0.0,32.89,175.0,18.8,18.8,False
C9,2020-07-15 19:00:00,-29.56,0.0,29.56,175.0,16.9,16.9,False
C9,2020-07-15 20:00:00,-26.02,0.0,26.02,175.0,14.9,14.9,False
C9,2020-07-15 21:00:00,-18.68,0.0,18.68,175.0,10.7,10.7,False
C9,2020-07-15 22:00:00,-10.79,0.0,10.79,175.0,6.2,6.2,False
C9,2020-07-15 23:00:00,-4.26,0.0,4.26,175.0,2.4,2.4,False
C9,2020-07-16 00:00:00,0.17,0.0,0.17,175.0,0.1,0.1,False
C9,2020-07-16 02:00:00,3.25,0.0,3.25,175.0,1.9,1.9,False
C9,2020-07-16 04:00:00,-1.28,0.0,1.28,175.0,0.7,0.7,False
C9,2020-07-16 06:00:00,-12.52,0.0,12.52,175.0,7.2,7.2,False
C9,2020-07-16 08:00:00,-26.78,0.0,26.78,175.0,15.3,15.3,False
C9,2020-07-16 10:00:00,-36.86,0.0,36.86,175.0,21.1,21.1,False
C9,2020-07-16 12:00:00,-43.28,0.0,43.28,175.0,24.7,24.7,False
C9,2020-07-16 14:00:00,-45.94,0.0,45.94,175.0,26.3,26.3,False
C9,2020-07-16 16:00:00,-41.65,0.0,41.65,175.0,23.8,23.8,False
C9,2020-07-16 18:00:00,-33.37,0.0,33.37,175.0,19.1,19.1,False
C9,2020-07-16 20:00:00,-24.34,0.0,24.34,175.0,13.9,13.9,False
C9,2020-07-16 22:00:00,-8.77,0.0,8.77,175.0,5.0,5.0,False
C10,2020-07-15 00:00:00,-36.0,0.0,36.0,175.0,20.6,20.6,False
C10,2020-07-15 01:00:00,-32.2,0.0,32.2,175.0,18.4,18.4,False
C10,2020-07-15 02:00:00,-32.37,0.0,32.37,175.0,18.5,18.5,False
C10,2020-07-15 03:00:00,-32.4,0.0,32.4,175.0,18.5,18.5,False
C10,2020-07-15 04:00:00,-34.04,0.0,34.04,175.0,19.5,19.5,False
C10,2020-07-15 05:00:00,-32.45,0.0,32.45,175.0,18.5,18.5,False
C10,2020-07-15 06:00:00,-47.53,0.0,47.53,175.0,27.2,27.2,False
C10,2020-07-15 07:00:00,-57.14,0.0,57.14,175.0,32.7,32.7,False
C10,2020-07-15 08:00:00,-65.15,0.0,65.15,175.0,37.2,37.2,False
C10,2020-07-15 09:00:00,-81.04,0.0,81.04,175.0,46.3,46.3,False
C10,2020-07-15 10:00:00,-89.45,0.0,89.45,175.0,51.1,51.1,False
C10,2020-07-15 11:00:00,-94.28,0.0,94.28,175.0,53.9,53.9,False
C10,2020-07-15 12:00:00,-95.56,0.0,95.56,175.0,54.6,54.6,False
C10,2020-07-15 13:00:00,-98.11,0.0,98.11,175.0,56.1,56.1,False
C10,2020-07-15 14:00:00,-98.92,0.0,98.92,175.0,56.5,56.5,False
C10,2020-07-15 15:00:00,-94.1,0.0,94.1,175.0,53.8,53.8,False
C10,2020-07-15 16:00:00,-91.48,0.0,91.48,175.0,52.3,52.3,False
C10,2020-07-15 17:00:00,-86.93,0.0,86.93,175.0,49.7,49.7,False
C10,2020-07-15 18:00:00,-78.76,0.0,78.76,175.0,45.0,45.0,False
C10,2020-07-15 19:00:00,-75.3,0.0,75.3,175.0,43.0,43.0,False
C10,2020-07-15 20:00:00,-70.91,0.0,70.91,175.0,40.5,40.5,False
C10,2020-07-15 21:00:00,-61.32,0.0,61.32,175.0,35.0,35.0,False
C10,2020-07-15 22:00:00,-51.06,0.0,51.06,175.0,29.2,29.2,False
C10,2020-07-15 23:00:00,-42.59,0.0,42.59,175.0,24.3,24.3,False
C10,2020-07-16 00:00:00,-36.34,0.0,36.34,175.0,20.8,20.8,False
C10,2020-07-16 02:00:00,-32.3,0.0,32.3,175.0,18.5,18.5,False
C10,2020-07-16 04:00:00,-37.69,0.0,37.69,175.0,21.5,21.5,False
C10,2020-07-16 06:00:00,-52.72,0.0,52.72,175.0,30.1,30.1,False
C10,2020-07-16 08:00:00,-71.13,0.0,71.13,175.0,40.6,40.6,False
C10,2020-07-16 10:00:00,-85.15,0.0,85.15,175.0,48.7,48.7,False
C10,2020-07-16 12:00:00,-95.01,0.0,95.01,175.0,54.3,54.3,False
C10,2020-07-16 14:00:00,-99.39,0.0,99.39,175.0,56.8,56.8,False
C10,2020-07-16 16:00:00,-92.96,0.0,92.96,175.0,53.1,53.1,False
C10,2020-07-16 18:00:00,-80.83,0.0,80.83,175.0,46.2,46.2,False
C10,2020-07-16 20:00:00,-69.19,0.0,69.19,175.0,39.5,39.5,False
C10,2020-07-16 22:00:00,-48.68,0.0,48.68,175.0,27.8,27.8,False
C11,2020-07-15 00:00:00,-54.62,0.0,54.62,175.0,31.2,31.2,False
C11,2020-07-15 01:00:00,-51.63,0.0,51.63,175.0,29.5,29.5,False
C11,2020-07-15 02:00:00,-51.57,0.0,51.57,175.0,29.5,29.5,False
C11,2020-07-15 03:00:00,-51.39,0.0,51.39,175.0,29.4,29.4,False
C11,2020-07-15 04:00:00,-52.44,0.0,52.44,175.0,30.0,30.0,False
C11,2020-07-15 05:00:00,-51.09,0.0,51.09,175.0,29.2,29.2,False
C11,2020-07-15 06:00:00,-62.26,0.0,62.26,175.0,35.6,35.6,False
C11,2020-07-15 07:00:00,-69.4,0.0,69.4,175.0,39.7,39.7,False
C11,2020-07-15 08:00:00,-75.3,0.0,75.3,175.0,43.0,43.0,False
C11,2020-07-15 09:00:00,-81.42,0.0,81.42,175.0,46.5,46.5,False
C11,2020-07-15 10:00:00,-86.57,0.0,86.57,175.0,49.5,49.5,False
C11,2020-07-15 11:00:00,-91.8,0.0,91.8,175.0,52.5,52.5,False
C11,2020-07-15 12:00:00,-95.41,0.0,95.41,175.0,54.5,54.5,False
C11,2020-07-15 13:00:00,-98.44,0.0,98.44,175.0,56.3,56.3,False
C11,2020-07-15 14:00:00,-100.24,0.0,100.24,175.0,57.3,57.3,False
C11,2020-07-15 15:00:00,-100.44,0.0,100.44,175.0,57.4,57.4,False
C11,2020-07-15 16:00:00,-97.42,0.0,97.42,175.0,55.7,55.7,False
C11,2020-07-15 17:00:00,-91.94,0.0,91.94,175.0,52.5,52.5,False
C11,2020-07-15 18:00:00,-85.86,0.0,85.86,175.0,49.1,49.1,False
C11,2020-07-15 19:00:00,-83.94,0.0,83.94,175.0,48.0,48.0,False
C11,2020-07-15 20:00:00,-80.88,0.0,80.88,175.0,46.2,46.2,False
C11,2020-07-15 21:00:00,-73.86,0.0,73.86,175.0,42.2,42.2,False
C11,2020-07-15 22:00:00,-66.25,0.0,66.25,175.0,37.9,37.9,False
C11,2020-07-15 23:00:00,-60.03,0.0,60.03,175.0,34.3,34.3,False
C11,2020-07-16 00:00:00,-55.07,0.0,55.07,175.0,31.5,31.5,False
C11,2020-07-16 02:00:00,-51.81,0.0,51.81,175.0,29.6,29.6,False
C11,2020-07-16 04:00:00,-55.67,0.0,55.67,175.0,31.8,31.8,False
C11,2020-07-16 06:00:00,-67.0,0.0,67.0,175.0,38.3,38.3,False
C11,2020-07-16 08:00:00,29.46,0.0,29.46,175.0,16.8,16.8,False
C11,2020-07-16 10:00:00,-38.91,0.0,38.91,175.0,22.2,22.2,False
C11,2020-07-16 12:00:00,10.1,0.0,10.1,175.0,5.8,5.8,False
C11,2020-07-16 14:00:00,6.16,0.0,6.16,175.0,3.5,3.5,False
C11,2020-07-16 16:00:00,11.56,0.0,11.56,175.0,6.6,6.6,False
C11,2020-07-16 18:00:00,-21.68,0.0,21.68,175.0,12.4,12.4,False
C11,2020-07-16 20:00:00,30.01,0.0,30.01,175.0,17.1,17.1,False
C11,2020-07-16 22:00:00,-64.45,0.0,64.45,175.0,36.8,36.8,False
C12-1,2020-07-15 00:00:00,-93.21,0.0,93.21,175.0,53.3,53.3,False
C12-1,2020-07-15 01:00:00,-89.33,0.0,89.33,175.0,51.0,51.0,False
C12-1,2020-07-15 02:00:00,-88.84,0.0,88.84,175.0,50.8,50.8,False
C12-1,2020-07-15 03:00:00,-88.17,0.0,88.17,175.0,50.4,50.4,False
C12-1,2020-07-15 04:00:00,-89.12,0.0,89.12,175.0,50.9,50.9,False
C12-1,2020-07-15 05:00:00,-87.28,0.0,87.28,175.0,49.9,49.9,False
C12-1,2020-07-15 06:00:00,-100.32,0.0,100.32,175.0,57.3,57.3,False
C12-1,2020-07-15 07:00:00,-108.79,0.0,108.79,175.0,62.2,62.2,False
C12-1,2020-07-15 08:00:00,-115.68,0.0,115.68,175.0,66.1,66.1,False
C12-1,2020-07-15 09:00:00,-118.9,0.0,118.9,175.0,67.9,67.9,False
C12-1,2020-07-15 10:00:00,-124.68,0.0,124.68,175.0,71.2,71.2,False
C12-1,2020-07-15 11:00:00,-132.49,0.0,132.49,175.0,75.7,75.7,False
C12-1,2020-07-15 12:00:00,-138.99,0.0,138.99,175.0,79.4,79.4,False
C12-1,2020-07-15 13:00:00,-143.98,0.0,143.98,175.0,82.3,82.3,False
C12-1,2020-07-15 14:00:00,-147.38,0.0,147.38,175.0,84.2,84.2,False
C12-1,2020-07-15 15:00:00,-148.51,0.0,148.51,175.0,84.9,84.9,False
C12-1,2020-07-15 16:00:00,-145.06,0.0,145.06,175.0,82.9,82.9,False
C12-1,2020-07-15 17:00:00,-137.66,0.0,137.66,175.0,78.7,78.7,False
C12-1,2020-07-15 18:00:00,-130.19,0.0,130.19,175.0,74.4,74.4,False
C12-1,2020-07-15 19:00:00,-128.28,0.0,128.28,175.0,73.3,73.3,False
C12-1,2020-07-15 20:00:00,-125.1,0.0,125.1,175.0,71.5,71.5,False
C12-1,2020-07-15 21:00:00,-116.95,0.0,116.95,175.0,66.8,66.8,False
C12-1,2020-07-15 22:00:00,-107.95,0.0,107.95,175.0,61.7,61.7,False
C12-1,2020-07-15 23:00:00,-100.71,0.0,100.71,175.0,57.6,57.6,False
C12-1,2020-07-16 00:00:00,-94.17,0.0,94.17,175.0,53.8,53.8,False
C12-1,2020-07-16 02:00:00,-89.78,0.0,89.78,175.0,51.3,51.3,False
C12-1,2020-07-16 04:00:00,-94.02,0.0,94.02,175.0,53.7,53.7,False
C12-1,2020-07-16 06:00:00,-107.82,0.0,107.82,175.0,61.6,61.6,False
C12-1,2020-07-16 08:00:00,-68.59,0.0,68.59,175.0,39.2,39.2,False
C12-1,2020-07-16 10:00:00,-111.43,0.0,111.43,175.0,63.7,63.7,False
C12-1,2020-07-16 12:00:00,-95.08,0.0,95.08,175.0,54.3,54.3,False
C12-1,2020-07-16 14:00:00,-101.23,0.0,101.23,175.0,57.8,57.8,False
C12-1,2020-07-16 16:00:00,-93.47,0.0,93.47,175.0,53.4,53.4,False
C12-1,2020-07-16 18:00:00,-101.1,0.0,101.1,175.0,57.8,57.8,False
C12-1,2020-07-16 20:00:00,-69.86,0.0,69.86,175.0,39.9,39.9,False
C12-1,2020-07-16 22:00:00,-105.78,0.0,105.78,175.0,60.4,60.4,False
C13-2,2020-07-15 00:00:00,-34.07,0.0,34.07,175.0,19.5,19.5,False
C13-2,2020-07-15 01:00:00,-31.05,0.0,31.05,175.0,17.7,17.7,False
C13-2,2020-07-15 02:00:00,-31.08,0.0,31.08,175.0,17.8,17.8,False
C13-2,2020-07-15 03:00:00,-31.34,0.0,31.34,175.0,17.9,17.9,False
C13-2,2020-07-15 04:00:00,-33.23,0.0,33.23,175.0,19.0,19.0,False
C13-2,2020-07-15 05:00:00,-33.24,0.0,33.24,175.0,19.0,19.0,False
C13-2,2020-07-15 06:00:00,-44.96,0.0,44.96,175.0,25.7,25.7,False
C13-2,2020-07-15 07:00:00,-53.34,0.0,53.34,175.0,30.5,30.5,False
C13-2,2020-07-15 08:00:00,-60.34,0.0,60.34,175.0,34.5,34.5,False
C13-2,2020-07-15 09:00:00,-71.6,0.0,71.6,175.0,40.9,40.9,False
C13-2,2020-07-15 10:00:00,-77.99,0.0,77.99,175.0,44.6,44.6,False
C13-2,2020-07-15 11:00:00,-82.61,0.0,82.61,175.0,47.2,47.2,False
C13-2,2020-07-15 12:00:00,-84.68,0.0,84.68,175.0,48.4,48.4,False
C13-2,2020-07-15 13:00:00,-86.92,0.0,86.92,175.0,49.7,49.7,False
C13-2,2020-07-15 14:00:00,-87.8,0.0,87.8,175.0,50.2,50.2,False
C13-2,2020-07-15 15:00:00,-87.1,0.0,87.1,175.0,49.8,49.8,False
C13-2,2020-07-15 16:00:00,-83.45,0.0,83.45,175.0,47.7,47.7,False
C13-2,2020-07-15 17:00:00,-77.88,0.0,77.88,175.0,44.5,44.5,False
C13-2,2020-07-15 18:00:00,-70.93,0.0,70.93,175.0,40.5,40.5,False
C13-2,2020-07-15 19:00:00,-68.27,0.0,68.27,175.0,39.0,39.0,False
C13-2,2020-07-15 20:00:00,-64.23,0.0,64.23,175.0,36.7,36.7,False
C13-2,2020-07-15 21:00:00,-55.69,0.0,55.69,175.0,31.8,31.8,False
C13-2,2020-07-15 22:00:00,-46.77,0.0,46.77,175.0,26.7,26.7,False
C13-2,2020-07-15 23:00:00,-39.29,0.0,39.29,175.0,22.5,22.5,False
C13-2,2020-07-16 00:00:00,-34.07,0.0,34.07,175.0,19.5,19.5,False
C13-2,2020-07-16 02:00:00,-31.04,0.0,31.04,175.0,17.7,17.7,False
C13-2,2020-07-16 04:00:00,-35.6,0.0,35.6,175.0,20.3,20.3,False
C13-2,2020-07-16 06:00:00,-48.64,0.0,48.64,175.0,27.8,27.8,False
C13-2,2020-07-16 08:00:00,-9.79,0.0,9.79,175.0,5.6,5.6,False
C13-2,2020-07-16 10:00:00,-50.39,0.0,50.39,175.0,28.8,28.8,False
C13-2,2020-07-16 12:00:00,-29.32,0.0,29.32,175.0,16.8,16.8,False
C13-2,2020-07-16 14:00:00,-32.54,0.0,32.54,175.0,18.6,18.6,False
C13-2,2020-07-16 16:00:00,-27.48,0.0,27.48,175.0,15.7,15.7,False
C13-2,2020-07-16 18:00:00,-39.37,0.0,39.37,175.0,22.5,22.5,False
C13-2,2020-07-16 20:00:00,-7.37,0.0,7.37,175.0,4.2,4.2,False
C13-2,2020-07-16 22:00:00,-44.98,0.0,44.98,175.0,25.7,25.7,False
C14,2020-07-15 00:00:00,43.42,0.0,43.42,400.0,10.9,10.9,False
C14,2020-07-15 01:00:00,48.1,0.0,48.1,400.0,12.0,12.0,False
C14,2020-07-15 02:00:00,47.56,0.0,47.56,400.0,11.9,11.9,False
C14,2020-07-15 03:00:00,45.78,0.0,45.78,400.0,11.4,11.4,False
C14,2020-07-15 04:00:00,41.09,0.0,41.09,400.0,10.3,10.3,False
C14,2020-07-15 05:00:00,38.27,0.0,38.27,400.0,9.6,9.6,False
C14,2020-07-15 06:00:00,18.13,0.0,18.13,400.0,4.5,4.5,False
C14,2020-07-15 07:00:00,-0.2,0.0,0.2,400.0,0.0,0.0,False
C14,2020-07-15 08:00:00,-14.79,0.0,14.79,400.0,3.7,3.7,False
C14,2020-07-15 09:00:00,-55.46,0.0,55.46,400.0,13.9,13.9,False
C14,2020-07-15 10:00:00,-70.93,0.0,70.93,400.0,17.7,17.7,False
C14,2020-07-15 11:00:00,-78.24,0.0,78.24,400.0,19.6,19.6,False
C14,2020-07-15 12:00:00,-79.63,0.0,79.63,400.0,19.9,19.9,False
C14,2020-07-15 13:00:00,-80.39,0.0,80.39,400.0,20.1,20.1,False
C14,2020-07-15 14:00:00,-77.85,0.0,77.85,400.0,19.5,19.5,False
C14,2020-07-15 15:00:00,-68.54,0.0,68.54,400.0,17.1,17.1,False
C14,2020-07-15 16:00:00,-60.95,0.0,60.95,400.0,15.2,15.2,False
C14,2020-07-15 17:00:00,-53.79,0.0,53.79,400.0,13.4,13.4,False
C14,2020-07-15 18:00:00,-38.83,0.0,38.83,400.0,9.7,9.7,False
C14,2020-07-15 19:00:00,-29.27,0.0,29.27,400.0,7.3,7.3,False
C14,2020-07-15 20:00:00,-12.94,0.0,12.94,400.0,3.2,3.2,False
C14,2020-07-15 21:00:00,2.56,0.0,2.56,400.0,0.6,0.6,False
C14,2020-07-15 22:00:00,21.3,0.0,21.3,400.0,5.3,5.3,False
C14,2020-07-15 23:00:00,35.53,0.0,35.53,400.0,8.9,8.9,False
C14,2020-07-16 00:00:00,43.69,0.0,43.69,400.0,10.9,10.9,False
C14,2020-07-16 02:00:00,47.68,0.0,47.68,400.0,11.9,11.9,False
C14,2020-07-16 04:00:00,39.31,0.0,39.31,400.0,9.8,9.8,False
C14,2020-07-16 06:00:00,14.53,0.0,14.53,400.0,3.6,3.6,False
C14,2020-07-16 08:00:00,8.62,0.0,8.62,400.0,2.2,2.2,False
C14,2020-07-16 10:00:00,-22.05,0.0,22.05,400.0,5.5,5.5,False
C14,2020-07-16 12:00:00,-19.69,0.0,19.69,400.0,4.9,4.9,False
C14,2020-07-16 14:00:00,-23.32,0.0,23.32,400.0,5.8,5.8,False
C14,2020-07-16 16:00:00,-15.05,0.0,15.05,400.0,3.8,3.8,False
C14,2020-07-16 18:00:00,-18.69,0.0,18.69,400.0,4.7,4.7,False
C14,2020-07-16 20:00:00,24.25,0.0,24.25,400.0,6.1,6.1,False
C14,2020-07-16 22:00:00,25.84,0.0,25.84,400.0,6.5,6.5,False
C15,2020-07-15 00:00:00,37.05,0.0,37.05,400.0,9.3,9.3,False
C15,2020-07-15 01:00:00,43.11,0.0,43.11,400.0,10.8,10.8,False
C15,2020-07-15 02:00:00,41.45,0.0,41.45,400.0,10.4,10.4,False
C15,2020-07-15 03:00:00,39.36,0.0,39.36,400.0,9.8,9.8,False
C15,2020-07-15 04:00:00,33.52,0.0,33.52,400.0,8.4,8.4,False
C15,2020-07-15 05:00:00,32.87,0.0,32.87,400.0,8.2,8.2,False
C15,2020-07-15 06:00:00,3.66,0.0,3.66,400.0,0.9,0.9,False
C15,2020-07-15 07:00:00,-14.09,0.0,14.09,400.0,3.5,3.5,False
C15,2020-07-15 08:00:00,-30.23,0.0,30.23,400.0,7.6,7.6,False
C15,2020-07-15 09:00:00,-76.12,0.0,76.12,400.0,19.0,19.0,False
C15,2020-07-15 10:00:00,-93.52,0.0,93.52,400.0,23.4,23.4,False
C15,2020-07-15 11:00:00,-93.2,0.0,93.2,400.0,23.3,23.3,False
C15,2020-07-15 12:00:00,-81.51,0.0,81.51,400.0,20.4,20.4,False
C15,2020-07-15 13:00:00,-80.23,0.0,80.23,400.0,20.1,20.1,False
C15,2020-07-15 14:00:00,-76.79,0.0,76.79,400.0,19.2,19.2,False
C15,2020-07-15 15:00:00,-66.28,0.0,66.28,400.0,16.6,16.6,False
C15,2020-07-15 16:00:00,-61.45,0.0,61.45,400.0,15.4,15.4,False
C15,2020-07-15 17:00:00,-55.38,0.0,55.38,400.0,13.8,13.8,False
C15,2020-07-15 18:00:00,-41.58,0.0,41.58,400.0,10.4,10.4,False
C15,2020-07-15 19:00:00,-35.71,0.0,35.71,400.0,8.9,8.9,False
C15,2020-07-15 20:00:00,-31.95,0.0,31.95,400.0,8.0,8.0,False
C15,2020-07-15 21:00:00,-9.39,0.0,9.39,400.0,2.3,2.3,False
C15,2020-07-15 22:00:00,10.38,0.0,10.38,400.0,2.6,2.6,False
C15,2020-07-15 23:00:00,29.23,0.0,29.23,400.0,7.3,7.3,False
C15,2020-07-16 00:00:00,39.58,0.0,39.58,400.0,9.9,9.9,False
C15,2020-07-16 02:00:00,45.0,0.0,45.0,400.0,11.2,11.2,False
C15,2020-07-16 04:00:00,32.14,0.0,32.14,400.0,8.0,8.0,False
C15,2020-07-16 06:00:00,2.88,0.0,2.88,400.0,0.7,0.7,False
C15,2020-07-16 08:00:00,-7.39,0.0,7.39,400.0,1.8,1.8,False
C15,2020-07-16 10:00:00,-49.88,0.0,49.88,400.0,12.5,12.5,False
C15,2020-07-16 12:00:00,-42.11,0.0,42.11,400.0,10.5,10.5,False
C15,2020-07-16 14:00:00,-43.44,0.0,43.44,400.0,10.9,10.9,False
C15,2020-07-16 16:00:00,-38.12,0.0,38.12,400.0,9.5,9.5,False
C15,2020-07-16 18:00:00,-26.97,0.0,26.97,400.0,6.7,6.7,False
C15,2020-07-16 20:00:00,-1.09,0.0,1.09,400.0,0.3,0.3,False
C15,2020-07-16 22:00:00,12.86,0.0,12.86,400.0,3.2,3.2,False
C16,2020-07-15 00:00:00,-72.73,0.0,72.73,400.0,18.2,18.2,False
C16,2020-07-15 01:00:00,-66.36,0.0,66.36,400.0,16.6,16.6,False
C16,2020-07-15 02:00:00,-65.89,0.0,65.89,400.0,16.5,16.5,False
C16,2020-07-15 03:00:00,-65.86,0.0,65.86,400.0,16.5,16.5,False
C16,2020-07-15 04:00:00,-68.69,0.0,68.69,400.0,17.2,17.2,False
C16,2020-07-15 05:00:00,-67.88,0.0,67.88,400.0,17.0,17.0,False
C16,2020-07-15 06:00:00,-90.62,0.0,90.62,400.0,22.7,22.7,False
C16,2020-07-15 07:00:00,-109.11,0.0,109.11,400.0,27.3,27.3,False
C16,2020-07-15 08:00:00,-123.48,0.0,123.48,400.0,30.9,30.9,False
C16,2020-07-15 09:00:00,-148.37,0.0,148.37,400.0,37.1,37.1,False
C16,2020-07-15 10:00:00,-162.63,0.0,162.63,400.0,40.7,40.7,False
C16,2020-07-15 11:00:00,-176.21,0.0,176.21,400.0,44.1,44.1,False
C16,2020-07-15 12:00:00,-186.32,0.0,186.32,400.0,46.6,46.6,False
C16,2020-07-15 13:00:00,-192.48,0.0,192.48,400.0,48.1,48.1,False
C16,2020-07-15 14:00:00,-194.87,0.0,194.87,400.0,48.7,48.7,False
C16,2020-07-15 15:00:00,-189.18,0.0,189.18,400.0,47.3,47.3,False
C16,2020-07-15 16:00:00,-181.98,0.0,181.98,400.0,45.5,45.5,False
C16,2020-07-15 17:00:00,-171.22,0.0,171.22,400.0,42.8,42.8,False
C16,2020-07-15 18:00:00,-155.23,0.0,155.23,400.0,38.8,38.8,False
C16,2020-07-15 19:00:00,-147.14,0.0,147.14,400.0,36.8,36.8,False
C16,2020-07-15 20:00:00,-132.49,0.0,132.49,400.0,33.1,33.1,False
C16,2020-07-15 21:00:00,-117.77,0.0,117.77,400.0,29.4,29.4,False
C16,2020-07-15 22:00:00,-98.88,0.0,98.88,400.0,24.7,24.7,False
C16,2020-07-15 23:00:00,-85.12,0.0,85.12,400.0,21.3,21.3,False
C16,2020-07-16 00:00:00,-74.37,0.0,74.37,400.0,18.6,18.6,False
C16,2020-07-16 02:00:00,-67.69,0.0,67.69,400.0,16.9,16.9,False
C16,2020-07-16 04:00:00,-75.43,0.0,75.43,400.0,18.9,18.9,False
C16,2020-07-16 06:00:00,-101.71,0.0,101.71,400.0,25.4,25.4,False
C16,2020-07-16 08:00:00,-106.88,0.0,106.88,400.0,26.7,26.7,False
C16,2020-07-16 10:00:00,-141.94,0.0,141.94,400.0,35.5,35.5,False
C16,2020-07-16 12:00:00,-148.86,0.0,148.86,400.0,37.2,37.2,False
C16,2020-07-16 14:00:00,-158.26,0.0,158.26,400.0,39.6,39.6,False
C16,2020-07-16 16:00:00,-144.66,0.0,144.66,400.0,36.2,36.2,False
C16,2020-07-16 18:00:00,-139.96,0.0,139.96,400.0,35.0,35.0,False
C16,2020-07-16 20:00:00,-98.51,0.0,98.51,400.0,24.6,24.6,False
C16,2020-07-16 22:00:00,-93.58,0.0,93.58,400.0,23.4,23.4,False
C17,2020-07-15 00:00:00,-79.1,0.0,79.1,400.0,19.8,19.8,False
C17,2020-07-15 01:00:00,-71.36,0.0,71.36,400.0,17.8,17.8,False
C17,2020-07-15 02:00:00,-72.0,0.0,72.0,400.0,18.0,18.0,False
C17,2020-07-15 03:00:00,-72.28,0.0,72.28,400.0,18.1,18.1,False
C17,2020-07-15 04:00:00,-76.26,0.0,76.26,400.0,19.1,19.1,False
C17,2020-07-15 05:00:00,-73.28,0.0,73.28,400.0,18.3,18.3,False
C17,2020-07-15 06:00:00,-105.09,0.0,105.09,400.0,26.3,26.3,False
C17,2020-07-15 07:00:00,-123.0,0.0,123.0,400.0,30.8,30.8,False
C17,2020-07-15 08:00:00,-138.92,0.0,138.92,400.0,34.7,34.7,False
C17,2020-07-15 09:00:00,-169.03,0.0,169.03,400.0,42.3,42.3,False
C17,2020-07-15 10:00:00,-185.21,0.0,185.21,400.0,46.3,46.3,False
C17,2020-07-15 11:00:00,-191.17,0.0,191.17,400.0,47.8,47.8,False
C17,2020-07-15 12:00:00,-188.2,0.0,188.2,400.0,47.0,47.0,False
C17,2020-07-15 13:00:00,-192.32,0.0,192.32,400.0,48.1,48.1,False
C17,2020-07-15 14:00:00,-193.81,0.0,193.81,400.0,48.5,48.5,False
C17,2020-07-15 15:00:00,-186.92,0.0,186.92,400.0,46.7,46.7,False
C17,2020-07-15 16:00:00,-182.47,0.0,182.47,400.0,45.6,45.6,False
C17,2020-07-15 17:00:00,-172.81,0.0,172.81,400.0,43.2,43.2,False
C17,2020-07-15 18:00:00,-157.97,0.0,157.97,400.0,39.5,39.5,False
C17,2020-07-15 19:00:00,-153.58,0.0,153.58,400.0,38.4,38.4,False
C17,2020-07-15 20:00:00,-151.5,0.0,151.5,400.0,37.9,37.9,False
C17,2020-07-15 21:00:00,-129.73,0.0,129.73,400.0,32.4,32.4,False
C17,2020-07-15 22:00:00,-109.8,0.0,109.8,400.0,27.5,27.5,False
C17,2020-07-15 23:00:00,-91.42,0.0,91.42,400.0,22.9,22.9,False
C17,2020-07-16 00:00:00,-78.47,0.0,78.47,400.0,19.6,19.6,False
C17,2020-07-16 02:00:00,-70.38,0.0,70.38,400.0,17.6,17.6,False
C17,2020-07-16 04:00:00,-82.61,0.0,82.61,400.0,20.7,20.7,False
C17,2020-07-16 06:00:00,-113.36,0.0,113.36,400.0,28.3,28.3,False
C17,2020-07-16 08:00:00,-122.89,0.0,122.89,400.0,30.7,30.7,False
C17,2020-07-16 10:00:00,-169.78,0.0,169.78,400.0,42.4,42.4,False
C17,2020-07-16 12:00:00,-171.28,0.0,171.28,400.0,42.8,42.8,False
C17,2020-07-16 14:00:00,-178.37,0.0,178.37,400.0,44.6,44.6,False
C17,2020-07-16 16:00:00,-167.72,0.0,167.72,400.0,41.9,41.9,False
C17,2020-07-16 18:00:00,-148.24,0.0,148.24,400.0,37.1,37.1,False
C17,2020-07-16 20:00:00,-123.84,0.0,123.84,400.0,31.0,31.0,False
C17,2020-07-16 22:00:00,-106.56,0.0,106.56,400.0,26.6,26.6,False
C18,2020-07-15 00:00:00,-68.04,0.0,68.04,500.0,13.6,13.6,False
C18,2020-07-15 01:00:00,-48.92,0.0,48.92,500.0,9.8,9.8,False
C18,2020-07-15 02:00:00,-44.36,0.0,44.36,500.0,8.9,8.9,False
C18,2020-07-15 03:00:00,-52.91,0.0,52.91,500.0,10.6,10.6,False
C18,2020-07-15 04:00:00,-90.35,0.0,90.35,500.0,18.1,18.1,False
C18,2020-07-15 05:00:00,-87.19,0.0,87.19,500.0,17.4,17.4,False
C18,2020-07-15 06:00:00,-113.66,0.0,113.66,500.0,22.7,22.7,False
C18,2020-07-15 07:00:00,-119.71,0.0,119.71,500.0,23.9,23.9,False
C18,2020-07-15 08:00:00,-128.15,0.0,128.15,500.0,25.6,25.6,False
C18,2020-07-15 09:00:00,-154.38,0.0,154.38,500.0,30.9,30.9,False
C18,2020-07-15 10:00:00,-164.11,0.0,164.11,500.0,32.8,32.8,False
C18,2020-07-15 11:00:00,-153.04,0.0,153.04,500.0,30.6,30.6,False
C18,2020-07-15 12:00:00,-129.79,0.0,129.79,500.0,26.0,26.0,False
C18,2020-07-15 13:00:00,-126.25,0.0,126.25,500.0,25.2,25.2,False
C18,2020-07-15 14:00:00,-123.43,0.0,123.43,500.0,24.7,24.7,False
C18,2020-07-15 15:00:00,-116.55,0.0,116.55,500.0,23.3,23.3,False
C18,2020-07-15 16:00:00,-118.89,0.0,118.89,500.0,23.8,23.8,False
C18,2020-07-15 17:00:00,-118.68,0.0,118.68,500.0,23.7,23.7,False
C18,2020-07-15 18:00:00,-114.98,0.0,114.98,500.0,23.0,23.0,False
C18,2020-07-15 19:00:00,-117.7,0.0,117.7,500.0,23.5,23.5,False
C18,2020-07-15 20:00:00,-133.67,0.0,133.67,500.0,26.7,26.7,False
C18,2020-07-15 21:00:00,-115.35,0.0,115.35,500.0,23.1,23.1,False
C18,2020-07-15 22:00:00,-106.22,0.0,106.22,500.0,21.2,21.2,False
C18,2020-07-15 23:00:00,-92.57,0.0,92.57,500.0,18.5,18.5,False
C18,2020-07-16 00:00:00,-58.95,0.0,58.95,500.0,11.8,11.8,False
C18,2020-07-16 02:00:00,-43.08,0.0,43.08,500.0,8.6,8.6,False
C18,2020-07-16 04:00:00,-92.78,0.0,92.78,500.0,18.6,18.6,False
C18,2020-07-16 06:00:00,-110.11,0.0,110.11,500.0,22.0,22.0,False
C18,2020-07-16 08:00:00,-114.12,0.0,114.12,500.0,22.8,22.8,False
C18,2020-07-16 10:00:00,-149.84,0.0,149.84,500.0,30.0,30.0,False
C18,2020-07-16 12:00:00,-136.07,0.0,136.07,500.0,27.2,27.2,False
C18,2020-07-16 14:00:00,-133.35,0.0,133.35,500.0,26.7,26.7,False
C18,2020-07-16 16:00:00,-135.4,0.0,135.4,500.0,27.1,27.1,False
C18,2020-07-16 18:00:00,-113.12,0.0,113.12,500.0,22.6,22.6,False
C18,2020-07-16 20:00:00,-124.41,0.0,124.41,500.0,24.9,24.9,False
C18,2020-07-16 22:00:00,-107.64,0.0,107.64,500.0,21.5,21.5,False
C19,2020-07-15 00:00:00,33.12,0.0,33.12,500.0,6.6,6.6,False
C19,2020-07-15 01:00:00,25.56,0.0,25.56,500.0,5.1,5.1,False
C19,2020-07-15 02:00:00,20.02,0.0,20.02,500.0,4.0,4.0,False
C19,2020-07-15 03:00:00,26.89,0.0,26.89,500.0,5.4,5.4,False
C19,2020-07-15 04:00:00,57.74,0.0,57.74,500.0,11.5,11.5,False
C19,2020-07-15 05:00:00,56.33,0.0,56.33,500.0,11.3,11.3,False
C19,2020-07-15 06:00:00,35.28,0.0,35.28,500.0,7.1,7.1,False
C19,2020-07-15 07:00:00,4.41,0.0,4.41,500.0,0.9,0.9,False
C19,2020-07-15 08:00:00,-16.31,0.0,16.31,500.0,3.3,3.3,False
C19,2020-07-15 09:00:00,-55.67,0.0,55.67,500.0,11.1,11.1,False
C19,2020-07-15 10:00:00,-75.76,0.0,75.76,500.0,15.2,15.2,False
C19,2020-07-15 11:00:00,-107.64,0.0,107.64,500.0,21.5,21.5,False
C19,2020-07-15 12:00:00,-142.27,0.0,142.27,500.0,28.5,28.5,False
C19,2020-07-15 13:00:00,-152.66,0.0,152.66,500.0,30.5,30.5,False
C19,2020-07-15 14:00:00,-155.26,0.0,155.26,500.0,31.1,31.1,False
C19,2020-07-15 15:00:00,-147.22,0.0,147.22,500.0,29.4,29.4,False
C19,2020-07-15 16:00:00,-129.94,0.0,129.94,500.0,26.0,26.0,False
C19,2020-07-15 17:00:00,-112.27,0.0,112.27,500.0,22.5,22.5,False
C19,2020-07-15 18:00:00,-85.03,0.0,85.03,500.0,17.0,17.0,False
C19,2020-07-15 19:00:00,-64.7,0.0,64.7,500.0,12.9,12.9,False
C19,2020-07-15 20:00:00,-17.72,0.0,17.72,500.0,3.5,3.5,False
C19,2020-07-15 21:00:00,-5.95,0.0,5.95,500.0,1.2,1.2,False
C19,2020-07-15 22:00:00,22.77,0.0,22.77,500.0,4.6,4.6,False
C19,2020-07-15 23:00:00,37.18,0.0,37.18,500.0,7.4,7.4,False
C19,2020-07-16 00:00:00,22.36,0.0,22.36,500.0,4.5,4.5,False
C19,2020-07-16 02:00:00,17.98,0.0,17.98,500.0,3.6,3.6,False
C19,2020-07-16 04:00:00,50.63,0.0,50.63,500.0,10.1,10.1,False
C19,2020-07-16 06:00:00,16.98,0.0,16.98,500.0,3.4,3.4,False
C19,2020-07-16 08:00:00,9.51,0.0,9.51,500.0,1.9,1.9,False
C19,2020-07-16 10:00:00,-20.21,0.0,20.21,500.0,4.0,4.0,False
C19,2020-07-16 12:00:00,-38.38,0.0,38.38,500.0,7.7,7.7,False
C19,2020-07-16 14:00:00,-54.01,0.0,54.01,500.0,10.8,10.8,False
C19,2020-07-16 16:00:00,-30.14,0.0,30.14,500.0,6.0,6.0,False
C19,2020-07-16 18:00:00,-51.49,0.0,51.49,500.0,10.3,10.3,False
C19,2020-07-16 20:00:00,44.22,0.0,44.22,500.0,8.8,8.8,False
C19,2020-07-16 22:00:00,34.85,0.0,34.85,500.0,7.0,7.0,False
C20,2020-07-15 00:00:00,-56.89,0.0,56.89,500.0,11.4,11.4,False
C20,2020-07-15 01:00:00,-40.18,0.0,40.18,500.0,8.0,8.0,False
C20,2020-07-15 02:00:00,-33.67,0.0,33.67,500.0,6.7,6.7,False
C20,2020-07-15 03:00:00,-41.68,0.0,41.68,500.0,8.3,8.3,False
C20,2020-07-15 04:00:00,-77.1,0.0,77.1,500.0,15.4,15.4,False
C20,2020-07-15 05:00:00,-77.75,0.0,77.75,500.0,15.5,15.5,False
C20,2020-07-15 06:00:00,-88.35,0.0,88.35,500.0,17.7,17.7,False
C20,2020-07-15 07:00:00,-95.4,0.0,95.4,500.0,19.1,19.1,False
C20,2020-07-15 08:00:00,-101.12,0.0,101.12,500.0,20.2,20.2,False
C20,2020-07-15 09:00:00,-118.22,0.0,118.22,500.0,23.6,23.6,False
C20,2020-07-15 10:00:00,-124.59,0.0,124.59,500.0,24.9,24.9,False
C20,2020-07-15 11:00:00,-126.87,0.0,126.87,500.0,25.4,25.4,False
C20,2020-07-15 12:00:00,-126.5,0.0,126.5,500.0,25.3,25.3,False
C20,2020-07-15 13:00:00,-126.53,0.0,126.53,500.0,25.3,25.3,False
C20,2020-07-15 14:00:00,-125.29,0.0,125.29,500.0,25.1,25.1,False
C20,2020-07-15 15:00:00,-120.5,0.0,120.5,500.0,24.1,24.1,False
C20,2020-07-15 16:00:00,-118.03,0.0,118.03,500.0,23.6,23.6,False
C20,2020-07-15 17:00:00,-115.9,0.0,115.9,500.0,23.2,23.2,False
C20,2020-07-15 18:00:00,-110.18,0.0,110.18,500.0,22.0,22.0,False
C20,2020-07-15 19:00:00,-106.43,0.0,106.43,500.0,21.3,21.3,False
C20,2020-07-15 20:00:00,-100.4,0.0,100.4,500.0,20.1,20.1,False
C20,2020-07-15 21:00:00,-94.43,0.0,94.43,500.0,18.9,18.9,False
C20,2020-07-15 22:00:00,-87.11,0.0,87.11,500.0,17.4,17.4,False
C20,2020-07-15 23:00:00,-81.55,0.0,81.55,500.0,16.3,16.3,False
C20,2020-07-16 00:00:00,-51.76,0.0,51.76,500.0,10.4,10.4,False
C20,2020-07-16 02:00:00,-38.38,0.0,38.38,500.0,7.7,7.7,False
C20,2020-07-16 04:00:00,-80.23,0.0,80.23,500.0,16.0,16.0,False
C20,2020-07-16 06:00:00,-89.74,0.0,89.74,500.0,17.9,17.9,False
C20,2020-07-16 08:00:00,-86.1,0.0,86.1,500.0,17.2,17.2,False
C20,2020-07-16 10:00:00,-101.13,0.0,101.13,500.0,20.2,20.2,False
C20,2020-07-16 12:00:00,-96.84,0.0,96.84,500.0,19.4,19.4,False
C20,2020-07-16 14:00:00,-98.15,0.0,98.15,500.0,19.6,19.6,False
C20,2020-07-16 16:00:00,-95.04,0.0,95.04,500.0,19.0,19.0,False
C20,2020-07-16 18:00:00,-98.64,0.0,98.64,500.0,19.7,19.7,False
C20,2020-07-16 20:00:00,-80.08,0.0,80.08,500.0,16.0,16.0,False
C20,2020-07-16 22:00:00,-84.93,0.0,84.93,500.0,17.0,17.0,False
C21,2020-07-15 00:00:00,9.24,0.0,9.24,500.0,1.8,1.8,False
C21,2020-07-15 01:00:00,6.83,0.0,6.83,500.0,1.4,1.4,False
C21,2020-07-15 02:00:00,-2.87,0.0,2.87,500.0,0.6,0.6,False
C21,2020-07-15 03:00:00,2.83,0.0,2.83,500.0,0.6,0.6,False
C21,2020-07-15 04:00:00,29.34,0.0,29.34,500.0,5.9,5.9,False
C21,2020-07-15 05:00:00,36.1,0.0,36.1,500.0,7.2,7.2,False
C21,2020-07-15 06:00:00,-18.97,0.0,18.97,500.0,3.8,3.8,False
C21,2020-07-15 07:00:00,-47.68,0.0,47.68,500.0,9.5,9.5,False
C21,2020-07-15 08:00:00,-74.22,0.0,74.22,500.0,14.8,14.8,False
C21,2020-07-15 09:00:00,-133.15,0.0,133.15,500.0,26.6,26.6,False
C21,2020-07-15 10:00:00,-160.45,0.0,160.45,500.0,32.1,32.1,False
C21,2020-07-15 11:00:00,-163.73,0.0,163.73,500.0,32.7,32.7,False
C21,2020-07-15 12:00:00,-149.33,0.0,149.33,500.0,29.9,29.9,False
C21,2020-07-15 13:00:00,-152.06,0.0,152.06,500.0,30.4,30.4,False
C21,2020-07-15 14:00:00,-151.28,0.0,151.28,500.0,30.3,30.3,False
C21,2020-07-15 15:00:00,-138.74,0.0,138.74,500.0,27.7,27.7,False
C21,2020-07-15 16:00:00,-131.8,0.0,131.8,500.0,26.4,26.4,False
C21,2020-07-15 17:00:00,-118.22,0.0,118.22,500.0,23.6,23.6,False
C21,2020-07-15 18:00:00,-95.34,0.0,95.34,500.0,19.1,19.1,False
C21,2020-07-15 19:00:00,-88.86,0.0,88.86,500.0,17.8,17.8,False
C21,2020-07-15 20:00:00,-89.02,0.0,89.02,500.0,17.8,17.8,False
C21,2020-07-15 21:00:00,-50.79,0.0,50.79,500.0,10.2,10.2,False
C21,2020-07-15 22:00:00,-18.18,0.0,18.18,500.0,3.6,3.6,False
C21,2020-07-15 23:00:00,13.57,0.0,13.57,500.0,2.7,2.7,False
C21,2020-07-16 00:00:00,6.96,0.0,6.96,500.0,1.4,1.4,False
C21,2020-07-16 02:00:00,7.9,0.0,7.9,500.0,1.6,1.6,False
C21,2020-07-16 04:00:00,23.73,0.0,23.73,500.0,4.7,4.7,False
C21,2020-07-16 06:00:00,-26.68,0.0,26.68,500.0,5.3,5.3,False
C21,2020-07-16 08:00:00,-50.54,0.0,50.54,500.0,10.1,10.1,False
C21,2020-07-16 10:00:00,-124.59,0.0,124.59,500.0,24.9,24.9,False
C21,2020-07-16 12:00:00,-122.45,0.0,122.45,500.0,24.5,24.5,False
C21,2020-07-16 14:00:00,-129.45,0.0,129.45,500.0,25.9,25.9,False
C21,2020-07-16 16:00:00,-116.63,0.0,116.63,500.0,23.3,23.3,False
C21,2020-07-16 18:00:00,-82.52,0.0,82.52,500.0,16.5,16.5,False
C21,2020-07-16 20:00:00,-50.78,0.0,50.78,500.0,10.2,10.2,False
C21,2020-07-16 22:00:00,-13.82,0.0,13.82,500.0,2.8,2.8,False
C22,2020-07-15 00:00:00,41.69,0.0,41.69,500.0,8.3,8.3,False
C22,2020-07-15 01:00:00,29.79,0.0,29.79,500.0,6.0,6.0,False
C22,2020-07-15 02:00:00,15.38,0.0,15.38,500.0,3.1,3.1,False
C22,2020-07-15 03:00:00,26.15,0.0,26.15,500.0,5.2,5.2,False
C22,2020-07-15 04:00:00,75.25,0.0,75.25,500.0,15.1,15.1,False
C22,2020-07-15 05:00:00,83.14,0.0,83.14,500.0,16.6,16.6,False
C22,2020-07-15 06:00:00,27.59,0.0,27.59,500.0,5.5,5.5,False
C22,2020-07-15 07:00:00,-0.53,0.0,0.53,500.0,0.1,0.1,False
C22,2020-07-15 08:00:00,-26.96,0.0,26.96,500.0,5.4,5.4,False
C22,2020-07-15 09:00:00,-83.23,0.0,83.23,500.0,16.6,16.6,False
C22,2020-07-15 10:00:00,-110.16,0.0,110.16,500.0,22.0,22.0,False
C22,2020-07-15 11:00:00,-112.56,0.0,112.56,500.0,22.5,22.5,False
C22,2020-07-15 12:00:00,-96.7,0.0,96.7,500.0,19.3,19.3,False
C22,2020-07-15 13:00:00,-99.73,0.0,99.73,500.0,19.9,19.9,False
C22,2020-07-15 14:00:00,-99.55,0.0,99.55,500.0,19.9,19.9,False
C22,2020-07-15 15:00:00,-88.2,0.0,88.2,500.0,17.6,17.6,False
C22,2020-07-15 16:00:00,-81.83,0.0,81.83,500.0,16.4,16.4,False
C22,2020-07-15 17:00:00,-67.86,0.0,67.86,500.0,13.6,13.6,False
C22,2020-07-15 18:00:00,-45.51,0.0,45.51,500.0,9.1,9.1,False
C22,2020-07-15 19:00:00,-40.36,0.0,40.36,500.0,8.1,8.1,False
C22,2020-07-15 20:00:00,-43.86,0.0,43.86,500.0,8.8,8.8,False
C22,2020-07-15 21:00:00,-4.53,0.0,4.53,500.0,0.9,0.9,False
C22,2020-07-15 22:00:00,27.79,0.0,27.79,500.0,5.6,5.6,False
C22,2020-07-15 23:00:00,60.12,0.0,60.12,500.0,12.0,12.0,False
C22,2020-07-16 00:00:00,36.32,0.0,36.32,500.0,7.3,7.3,False
C22,2020-07-16 02:00:00,29.99,0.0,29.99,500.0,6.0,6.0,False
C22,2020-07-16 04:00:00,70.72,0.0,70.72,500.0,14.1,14.1,False
C22,2020-07-16 06:00:00,19.77,0.0,19.77,500.0,4.0,4.0,False
C22,2020-07-16 08:00:00,-8.84,0.0,8.84,500.0,1.8,1.8,False
C22,2020-07-16 10:00:00,-83.12,0.0,83.12,500.0,16.6,16.6,False
C22,2020-07-16 12:00:00,-83.09,0.0,83.09,500.0,16.6,16.6,False
C22,2020-07-16 14:00:00,-90.18,0.0,90.18,500.0,18.0,18.0,False
C22,2020-07-16 16:00:00,-77.6,0.0,77.6,500.0,15.5,15.5,False
C22,2020-07-16 18:00:00,-37.59,0.0,37.59,500.0,7.5,7.5,False
C22,2020-07-16 20:00:00,-12.43,0.0,12.43,500.0,2.5,2.5,False
C22,2020-07-16 22:00:00,31.45,0.0,31.45,500.0,6.3,6.3,False
C23,2020-07-15 00:00:00,-48.55,0.0,48.55,500.0,9.7,9.7,False
C23,2020-07-15 01:00:00,-51.75,0.0,51.75,500.0,10.4,10.4,False
C23,2020-07-15 02:00:00,-56.71,0.0,56.71,500.0,11.3,11.3,False
C23,2020-07-15 03:00:00,-49.59,0.0,49.59,500.0,9.9,9.9,False
C23,2020-07-15 04:00:00,-20.88,0.0,20.88,500.0,4.2,4.2,False
C23,2020-07-15 05:00:00,-22.27,0.0,22.27,500.0,4.5,4.5,False
C23,2020-07-15 06:00:00,-58.1,0.0,58.1,500.0,11.6,11.6,False
C23,2020-07-15 07:00:00,-99.99,0.0,99.99,500.0,20.0,20.0,False
C23,2020-07-15 08:00:00,-129.75,0.0,129.75,500.0,26.0,26.0,False
C23,2020-07-15 09:00:00,-178.59,0.0,178.59,500.0,35.7,35.7,False
C23,2020-07-15 10:00:00,-206.63,0.0,206.63,500.0,41.3,41.3,False
C23,2020-07-15 11:00:00,-246.68,0.0,246.68,500.0,49.3,49.3,False
C23,2020-07-15 12:00:00,-286.97,0.0,286.97,500.0,57.4,57.4,False
C23,2020-07-15 13:00:00,-302.12,0.0,302.12,500.0,60.4,60.4,False
C23,2020-07-15 14:00:00,-307.54,0.0,307.54,500.0,61.5,61.5,False
C23,2020-07-15 15:00:00,-299.76,0.0,299.76,500.0,60.0,60.0,False
C23,2020-07-15 16:00:00,-277.87,0.0,277.87,500.0,55.6,55.6,False
C23,2020-07-15 17:00:00,-251.69,0.0,251.69,500.0,50.3,50.3,False
C23,2020-07-15 18:00:00,-215.0,0.0,215.0,500.0,43.0,43.0,False
C23,2020-07-15 19:00:00,-191.66,0.0,191.66,500.0,38.3,38.3,False
C23,2020-07-15 20:00:00,-139.95,0.0,139.95,500.0,28.0,28.0,False
C23,2020-07-15 21:00:00,-117.21,0.0,117.21,500.0,23.4,23.4,False
C23,2020-07-15 22:00:00,-76.81,0.0,76.81,500.0,15.4,15.4,False
C23,2020-07-15 23:00:00,-52.78,0.0,52.78,500.0,10.6,10.6,False
C23,2020-07-16 00:00:00,-59.85,0.0,59.85,500.0,12.0,12.0,False
C23,2020-07-16 02:00:00,-59.62,0.0,59.62,500.0,11.9,11.9,False
C23,2020-07-16 04:00:00,-32.44,0.0,32.44,500.0,6.5,6.5,False
C23,2020-07-16 06:00:00,-83.72,0.0,83.72,500.0,16.7,16.7,False
C23,2020-07-16 08:00:00,-111.98,0.0,111.98,500.0,22.4,22.4,False
C23,2020-07-16 10:00:00,-158.84,0.0,158.84,500.0,31.8,31.8,False
C23,2020-07-16 12:00:00,-190.17,0.0,190.17,500.0,38.0,38.0,False
C23,2020-07-16 14:00:00,-211.98,0.0,211.98,500.0,42.4,42.4,False
C23,2020-07-16 16:00:00,-179.69,0.0,179.69,500.0,35.9,35.9,False
C23,2020-07-16 18:00:00,-185.46,0.0,185.46,500.0,37.1,37.1,False
C23,2020-07-16 20:00:00,-76.65,0.0,76.65,500.0,15.3,15.3,False
C23,2020-07-16 22:00:00,-62.39,0.0,62.39,500.0,12.5,12.5,False
C24,2020-07-15 00:00:00,-25.83,0.0,25.83,500.0,5.2,5.2,False
C24,2020-07-15 01:00:00,-21.46,0.0,21.46,500.0,4.3,4.3,False
C24,2020-07-15 02:00:00,-23.51,0.0,23.51,500.0,4.7,4.7,False
C24,2020-07-15 03:00:00,-23.63,0.0,23.63,500.0,4.7,4.7,False
C24,2020-07-15 04:00:00,-29.09,0.0,29.09,500.0,5.8,5.8,False
C24,2020-07-15 05:00:00,-18.87,0.0,18.87,500.0,3.8,3.8,False
C24,2020-07-15 06:00:00,-35.07,0.0,35.07,500.0,7.0,7.0,False
C24,2020-07-15 07:00:00,-55.6,0.0,55.6,500.0,11.1,11.1,False
C24,2020-07-15 08:00:00,-26.37,0.0,26.37,500.0,5.3,5.3,False
C24,2020-07-15 09:00:00,-18.33,0.0,18.33,500.0,3.7,3.7,False
C24,2020-07-15 10:00:00,-22.68,0.0,22.68,500.0,4.5,4.5,False
C24,2020-07-15 11:00:00,12.43,0.0,12.43,500.0,2.5,2.5,False
C24,2020-07-15 12:00:00,129.08,0.0,129.08,500.0,25.8,25.8,False
C24,2020-07-15 13:00:00,138.0,0.0,138.0,500.0,27.6,27.6,False
C24,2020-07-15 14:00:00,141.21,0.0,141.21,500.0,28.2,28.2,False
C24,2020-07-15 15:00:00,145.05,0.0,145.05,500.0,29.0,29.0,False
C24,2020-07-15 16:00:00,129.94,0.0,129.94,500.0,26.0,26.0,False
C24,2020-07-15 17:00:00,115.09,0.0,115.09,500.0,23.0,23.0,False
C24,2020-07-15 18:00:00,66.39,0.0,66.39,500.0,13.3,13.3,False
C24,2020-07-15 19:00:00,21.53,0.0,21.53,500.0,4.3,4.3,False
C24,2020-07-15 20:00:00,-51.03,0.0,51.03,500.0,10.2,10.2,False
C24,2020-07-15 21:00:00,-60.55,0.0,60.55,500.0,12.1,12.1,False
C24,2020-07-15 22:00:00,-32.79,0.0,32.79,500.0,6.6,6.6,False
C24,2020-07-15 23:00:00,-26.87,0.0,26.87,500.0,5.4,5.4,False
C24,2020-07-16 00:00:00,-19.82,0.0,19.82,500.0,4.0,4.0,False
C24,2020-07-16 02:00:00,-15.56,0.0,15.56,500.0,3.1,3.1,False
C24,2020-07-16 04:00:00,-29.01,0.0,29.01,500.0,5.8,5.8,False
C24,2020-07-16 06:00:00,-28.01,0.0,28.01,500.0,5.6,5.6,False
C24,2020-07-16 08:00:00,-45.7,0.0,45.7,500.0,9.1,9.1,False
C24,2020-07-16 10:00:00,-60.51,0.0,60.51,500.0,12.1,12.1,False
C24,2020-07-16 12:00:00,-17.11,0.0,17.11,500.0,3.4,3.4,False
C24,2020-07-16 14:00:00,4.79,0.0,4.79,500.0,1.0,1.0,False
C24,2020-07-16 16:00:00,-24.75,0.0,24.75,500.0,4.9,4.9,False
C24,2020-07-16 18:00:00,47.04,0.0,47.04,500.0,9.4,9.4,False
C24,2020-07-16 20:00:00,-87.79,0.0,87.79,500.0,17.6,17.6,False
C24,2020-07-16 22:00:00,-72.99,0.0,72.99,500.0,14.6,14.6,False
C25-1,2020-07-15 00:00:00,32.4,0.0,32.4,500.0,6.5,6.5,False
C25-1,2020-07-15 01:00:00,33.09,0.0,33.09,500.0,6.6,6.6,False
C25-1,2020-07-15 02:00:00,32.62,0.0,32.62,500.0,6.5,6.5,False
C25-1,2020-07-15 03:00:00,34.95,0.0,34.95,500.0,7.0,7.0,False
C25-1,2020-07-15 04:00:00,45.8,0.0,45.8,500.0,9.2,9.2,False
C25-1,2020-07-15 05:00:00,38.66,0.0,38.66,500.0,7.7,7.7,False
C25-1,2020-07-15 06:00:00,18.49,0.0,18.49,500.0,3.7,3.7,False
C25-1,2020-07-15 07:00:00,1.52,0.0,1.52,500.0,0.3,0.3,False
C25-1,2020-07-15 08:00:00,-36.46,0.0,36.46,500.0,7.3,7.3,False
C25-1,2020-07-15 09:00:00,-98.0,0.0,98.0,500.0,19.6,19.6,False
C25-1,2020-07-15 10:00:00,-120.96,0.0,120.96,500.0,24.2,24.2,False
C25-1,2020-07-15 11:00:00,-158.45,0.0,158.45,500.0,31.7,31.7,False
C25-1,2020-07-15 12:00:00,-152.22,0.0,152.22,500.0,30.4,30.4,False
C25-1,2020-07-15 13:00:00,-163.6,0.0,163.6,500.0,32.7,32.7,False
C25-1,2020-07-15 14:00:00,-162.79,0.0,162.79,500.0,32.6,32.6,False
C25-1,2020-07-15 15:00:00,-155.0,0.0,155.0,500.0,31.0,31.0,False
C25-1,2020-07-15 16:00:00,-132.76,0.0,132.76,500.0,26.6,26.6,False
C25-1,2020-07-15 17:00:00,-110.29,0.0,110.29,500.0,22.1,22.1,False
C25-1,2020-07-15 18:00:00,-108.15,0.0,108.15,500.0,21.6,21.6,False
C25-1,2020-07-15 19:00:00,-99.83,0.0,99.83,500.0,20.0,20.0,False
C25-1,2020-07-15 20:00:00,-31.64,0.0,31.64,500.0,6.3,6.3,False
C25-1,2020-07-15 21:00:00,-5.78,0.0,5.78,500.0,1.2,1.2,False
C25-1,2020-07-15 22:00:00,7.13,0.0,7.13,500.0,1.4,1.4,False
C25-1,2020-07-15 23:00:00,23.49,0.0,23.49,500.0,4.7,4.7,False
C25-1,2020-07-16 00:00:00,24.56,0.0,24.56,500.0,4.9,4.9,False
C25-1,2020-07-16 02:00:00,26.53,0.0,26.53,500.0,5.3,5.3,False
C25-1,2020-07-16 04:00:00,37.98,0.0,37.98,500.0,7.6,7.6,False
C25-1,2020-07-16 06:00:00,-0.96,0.0,0.96,500.0,0.2,0.2,False
C25-1,2020-07-16 08:00:00,-6.09,0.0,6.09,500.0,1.2,1.2,False
C25-1,2020-07-16 10:00:00,-14.0,0.0,14.0,500.0,2.8,2.8,False
C25-1,2020-07-16 12:00:00,-58.03,0.0,58.03,500.0,11.6,11.6,False
C25-1,2020-07-16 14:00:00,-83.67,0.0,83.67,500.0,16.7,16.7,False
C25-1,2020-07-16 16:00:00,-46.93,0.0,46.93,500.0,9.4,9.4,False
C25-1,2020-07-16 18:00:00,-80.26,0.0,80.26,500.0,16.1,16.1,False
C25-1,2020-07-16 20:00:00,35.93,0.0,35.93,500.0,7.2,7.2,False
C25-1,2020-07-16 22:00:00,38.05,0.0,38.05,500.0,7.6,7.6,False
C25-2,2020-07-15 00:00:00,32.4,0.0,32.4,500.0,6.5,6.5,False
C25-2,2020-07-15 01:00:00,33.09,0.0,33.09,500.0,6.6,6.6,False
C25-2,2020-07-15 02:00:00,32.62,0.0,32.62,500.0,6.5,6.5,False
C25-2,2020-07-15 03:00:00,34.95,0.0,34.95,500.0,7.0,7.0,False
C25-2,2020-07-15 04:00:00,45.8,0.0,45.8,500.0,9.2,9.2,False
C25-2,2020-07-15 05:00:00,38.66,0.0,38.66,500.0,7.7,7.7,False
C25-2,2020-07-15 06:00:00,18.49,0.0,18.49,500.0,3.7,3.7,False
C25-2,2020-07-15 07:00:00,1.52,0.0,1.52,500.0,0.3,0.3,False
C25-2,2020-07-15 08:00:00,-36.46,0.0,36.46,500.0,7.3,7.3,False
C25-2,2020-07-15 09:00:00,-98.0,0.0,98.0,500.0,19.6,19.6,False
C25-2,2020-07-15 10:00:00,-120.96,0.0,120.96,500.0,24.2,24.2,False
C25-2,2020-07-15 11:00:00,-158.45,0.0,158.45,500.0,31.7,31.7,False
C25-2,2020-07-15 12:00:00,-152.22,0.0,152.22,500.0,30.4,30.4,False
C25-2,2020-07-15 13:00:00,-163.6,0.0,163.6,500.0,32.7,32.7,False
C25-2,2020-07-15 14:00:00,-162.79,0.0,162.79,500.0,32.6,32.6,False
C25-2,2020-07-15 15:00:00,-155.0,0.0,155.0,500.0,31.0,31.0,False
C25-2,2020-07-15 16:00:00,-132.76,0.0,132.76,500.0,26.6,26.6,False
C25-2,2020-07-15 17:00:00,-110.29,0.0,110.29,500.0,22.1,22.1,False
C25-2,2020-07-15 18:00:00,-108.15,0.0,108.15,500.0,21.6,21.6,False
C25-2,2020-07-15 19:00:00,-99.83,0.0,99.83,500.0,20.0,20.0,False
C25-2,2020-07-15 20:00:00,-31.64,0.0,31.64,500.0,6.3,6.3,False
C25-2,2020-07-15 21:00:00,-5.78,0.0,5.78,500.0,1.2,1.2,False
C25-2,2020-07-15 22:00:00,7.13,0.0,7.13,500.0,1.4,1.4,False
C25-2,2020-07-15 23:00:00,23.49,0.0,23.49,500.0,4.7,4.7,False
C25-2,2020-07-16 00:00:00,24.56,0.0,24.56,500.0,4.9,4.9,False
C25-2,2020-07-16 02:00:00,26.53,0.0,26.53,500.0,5.3,5.3,False
C25-2,2020-07-16 04:00:00,37.98,0.0,37.98,500.0,7.6,7.6,False
C25-2,2020-07-16 06:00:00,-0.96,0.0,0.96,500.0,0.2,0.2,False
C25-2,2020-07-16 08:00:00,-6.09,0.0,6.09,500.0,1.2,1.2,False
C25-2,2020-07-16 10:00:00,-14.0,0.0,14.0,500.0,2.8,2.8,False
C25-2,2020-07-16 12:00:00,-58.03,0.0,58.03,500.0,11.6,11.6,False
C25-2,2020-07-16 14:00:00,-83.67,0.0,83.67,500.0,16.7,16.7,False
C25-2,2020-07-16 16:00:00,-46.93,0.0,46.93,500.0,9.4,9.4,False
C25-2,2020-07-16 18:00:00,-80.26,0.0,80.26,500.0,16.1,16.1,False
C25-2,2020-07-16 20:00:00,35.93,0.0,35.93,500.0,7.2,7.2,False
C25-2,2020-07-16 22:00:00,38.05,0.0,38.05,500.0,7.6,7.6,False
C26,2020-07-15 00:00:00,-168.88,0.0,168.88,500.0,33.8,33.8,False
C26,2020-07-15 01:00:00,-167.8,0.0,167.8,500.0,33.6,33.6,False
C26,2020-07-15 02:00:00,-163.32,0.0,163.32,500.0,32.7,32.7,False
C26,2020-07-15 03:00:00,-167.48,0.0,167.48,500.0,33.5,33.5,False
C26,2020-07-15 04:00:00,-187.82,0.0,187.82,500.0,37.6,37.6,False
C26,2020-07-15 05:00:00,-186.09,0.0,186.09,500.0,37.2,37.2,False
C26,2020-07-15 06:00:00,-150.75,0.0,150.75,500.0,30.2,30.2,False
C26,2020-07-15 07:00:00,-114.24,0.0,114.24,500.0,22.8,22.8,False
C26,2020-07-15 08:00:00,-82.14,0.0,82.14,500.0,16.4,16.4,False
C26,2020-07-15 09:00:00,17.42,0.0,17.42,500.0,3.5,3.5,False
C26,2020-07-15 10:00:00,54.76,0.0,54.76,500.0,11.0,11.0,False
C26,2020-07-15 11:00:00,81.22,0.0,81.22,500.0,16.2,16.2,False
C26,2020-07-15 12:00:00,107.81,0.0,107.81,500.0,21.6,21.6,False
C26,2020-07-15 13:00:00,113.81,0.0,113.81,500.0,22.8,22.8,False
C26,2020-07-15 14:00:00,109.32,0.0,109.32,500.0,21.9,21.9,False
C26,2020-07-15 15:00:00,89.52,0.0,89.52,500.0,17.9,17.9,False
C26,2020-07-15 16:00:00,67.61,0.0,67.61,500.0,13.5,13.5,False
C26,2020-07-15 17:00:00,48.01,0.0,48.01,500.0,9.6,9.6,False
C26,2020-07-15 18:00:00,7.32,0.0,7.32,500.0,1.5,1.5,False
C26,2020-07-15 19:00:00,-25.52,0.0,25.52,500.0,5.1,5.1,False
C26,2020-07-15 20:00:00,-81.64,0.0,81.64,500.0,16.3,16.3,False
C26,2020-07-15 21:00:00,-105.83,0.0,105.83,500.0,21.2,21.2,False
C26,2020-07-15 22:00:00,-140.47,0.0,140.47,500.0,28.1,28.1,False
C26,2020-07-15 23:00:00,-163.43,0.0,163.43,500.0,32.7,32.7,False
C26,2020-07-16 00:00:00,-159.88,0.0,159.88,500.0,32.0,32.0,False
C26,2020-07-16 02:00:00,-161.06,0.0,161.06,500.0,32.2,32.2,False
C26,2020-07-16 04:00:00,-178.87,0.0,178.87,500.0,35.8,35.8,False
C26,2020-07-16 06:00:00,-130.85,0.0,130.85,500.0,26.2,26.2,False
C26,2020-07-16 08:00:00,-114.6,0.0,114.6,500.0,22.9,22.9,False
C26,2020-07-16 10:00:00,-68.18,0.0,68.18,500.0,13.6,13.6,False
C26,2020-07-16 12:00:00,-45.1,0.0,45.1,500.0,9.0,9.0,False
C26,2020-07-16 14:00:00,-25.91,0.0,25.91,500.0,5.2,5.2,False
C26,2020-07-16 16:00:00,-56.06,0.0,56.06,500.0,11.2,11.2,False
C26,2020-07-16 18:00:00,-35.67,0.0,35.67,500.0,7.1,7.1,False
C26,2020-07-16 20:00:00,-155.81,0.0,155.81,500.0,31.2,31.2,False
C26,2020-07-16 22:00:00,-158.79,0.0,158.79,500.0,31.8,31.8,False
C27,2020-07-15 00:00:00,-146.51,0.0,146.51,500.0,29.3,29.3,False
C27,2020-07-15 01:00:00,-147.06,0.0,147.06,500.0,29.4,29.4,False
C27,2020-07-15 02:00:00,-144.47,0.0,144.47,500.0,28.9,28.9,False
C27,2020-07-15 03:00:00,-133.76,0.0,133.76,500.0,26.8,26.8,False
C27,2020-07-15 04:00:00,-102.99,0.0,102.99,500.0,20.6,20.6,False
C27,2020-07-15 05:00:00,-110.04,0.0,110.04,500.0,22.0,22.0,False
C27,2020-07-15 06:00:00,-124.82,0.0,124.82,500.0,25.0,25.0,False
C27,2020-07-15 07:00:00,-126.47,0.0,126.47,500.0,25.3,25.3,False
C27,2020-07-15 08:00:00,-136.38,0.0,136.38,500.0,27.3,27.3,False
C27,2020-07-15 09:00:00,-158.44,0.0,158.44,500.0,31.7,31.7,False
C27,2020-07-15 10:00:00,-194.53,0.0,194.53,500.0,38.9,38.9,False
C27,2020-07-15 11:00:00,-283.64,0.0,283.64,500.0,56.7,56.7,False
C27,2020-07-15 12:00:00,-331.08,0.0,331.08,500.0,66.2,66.2,False
C27,2020-07-15 13:00:00,-365.8,0.0,365.8,500.0,73.2,73.2,False
C27,2020-07-15 14:00:00,-382.07,0.0,382.07,500.0,76.4,76.4,False
C27,2020-07-15 15:00:00,-380.44,0.0,380.44,500.0,76.1,76.1,False
C27,2020-07-15 16:00:00,-338.95,0.0,338.95,500.0,67.8,67.8,False
C27,2020-07-15 17:00:00,-297.89,0.0,297.89,500.0,59.6,59.6,False
C27,2020-07-15 18:00:00,-276.73,0.0,276.73,500.0,55.3,55.3,False
C27,2020-07-15 19:00:00,-259.27,0.0,259.27,500.0,51.9,51.9,False
C27,2020-07-15 20:00:00,-161.64,0.0,161.64,500.0,32.3,32.3,False
C27,2020-07-15 21:00:00,-181.12,0.0,181.12,500.0,36.2,36.2,False
C27,2020-07-15 22:00:00,-185.68,0.0,185.68,500.0,37.1,37.1,False
C27,2020-07-15 23:00:00,-171.06,0.0,171.06,500.0,34.2,34.2,False
C27,2020-07-16 00:00:00,-172.75,0.0,172.75,500.0,34.5,34.5,False
C27,2020-07-16 02:00:00,-169.38,0.0,169.38,500.0,33.9,33.9,False
C27,2020-07-16 04:00:00,-129.05,0.0,129.05,500.0,25.8,25.8,False
C27,2020-07-16 06:00:00,-184.87,0.0,184.87,500.0,37.0,37.0,False
C27,2020-07-16 08:00:00,-149.71,0.0,149.71,500.0,29.9,29.9,False
C27,2020-07-16 10:00:00,-154.44,0.0,154.44,500.0,30.9,30.9,False
C27,2020-07-16 12:00:00,-218.51,0.0,218.51,500.0,43.7,43.7,False
C27,2020-07-16 14:00:00,-252.69,0.0,252.69,500.0,50.5,50.5,False
C27,2020-07-16 16:00:00,-204.57,0.0,204.57,500.0,40.9,40.9,False
C27,2020-07-16 18:00:00,-227.33,0.0,227.33,500.0,45.5,45.5,False
C27,2020-07-16 20:00:00,-74.98,0.0,74.98,500.0,15.0,15.0,False
C27,2020-07-16 22:00:00,-94.69,0.0,94.69,500.0,18.9,18.9,False
C28,2020-07-15 00:00:00,89.31,0.0,89.31,500.0,17.9,17.9,False
C28,2020-07-15 01:00:00,93.52,0.0,93.52,500.0,18.7,18.7,False
C28,2020-07-15 02:00:00,83.79,0.0,83.79,500.0,16.8,16.8,False
C28,2020-07-15 03:00:00,80.24,0.0,80.24,500.0,16.0,16.0,False
C28,2020-07-15 04:00:00,72.06,0.0,72.06,500.0,14.4,14.4,False
C28,2020-07-15 05:00:00,89.77,0.0,89.77,500.0,18.0,18.0,False
C28,2020-07-15 06:00:00,42.66,0.0,42.66,500.0,8.5,8.5,False
C28,2020-07-15 07:00:00,69.16,0.0,69.16,500.0,13.8,13.8,False
C28,2020-07-15 08:00:00,73.77,0.0,73.77,500.0,14.8,14.8,False
C28,2020-07-15 09:00:00,50.14,0.0,50.14,500.0,10.0,10.0,False
C28,2020-07-15 10:00:00,49.7,0.0,49.7,500.0,9.9,9.9,False
C28,2020-07-15 11:00:00,129.7,0.0,129.7,500.0,25.9,25.9,False
C28,2020-07-15 12:00:00,250.64,0.0,250.64,500.0,50.1,50.1,False
C28,2020-07-15 13:00:00,276.72,0.0,276.72,500.0,55.3,55.3,False
C28,2020-07-15 14:00:00,289.35,0.0,289.35,500.0,57.9,57.9,False
C28,2020-07-15 15:00:00,299.17,0.0,299.17,500.0,59.8,59.8,False
C28,2020-07-15 16:00:00,266.9,0.0,266.9,500.0,53.4,53.4,False
C28,2020-07-15 17:00:00,241.55,0.0,241.55,500.0,48.3,48.3,False
C28,2020-07-15 18:00:00,213.23,0.0,213.23,500.0,42.6,42.6,False
C28,2020-07-15 19:00:00,175.8,0.0,175.8,500.0,35.2,35.2,False
C28,2020-07-15 20:00:00,59.76,0.0,59.76,500.0,12.0,12.0,False
C28,2020-07-15 21:00:00,98.05,0.0,98.05,500.0,19.6,19.6,False
C28,2020-07-15 22:00:00,83.92,0.0,83.92,500.0,16.8,16.8,False
C28,2020-07-15 23:00:00,104.23,0.0,104.23,500.0,20.8,20.8,False
C28,2020-07-16 00:00:00,109.83,0.0,109.83,500.0,22.0,22.0,False
C28,2020-07-16 02:00:00,113.72,0.0,113.72,500.0,22.7,22.7,False
C28,2020-07-16 04:00:00,83.84,0.0,83.84,500.0,16.8,16.8,False
C28,2020-07-16 06:00:00,80.35,0.0,80.35,500.0,16.1,16.1,False
C28,2020-07-16 08:00:00,81.34,0.0,81.34,500.0,16.3,16.3,False
C28,2020-07-16 10:00:00,15.7,0.0,15.7,500.0,3.1,3.1,False
C28,2020-07-16 12:00:00,85.13,0.0,85.13,500.0,17.0,17.0,False
C28,2020-07-16 14:00:00,116.26,0.0,116.26,500.0,23.3,23.3,False
C28,2020-07-16 16:00:00,75.22,0.0,75.22,500.0,15.0,15.0,False
C28,2020-07-16 18:00:00,171.97,0.0,171.97,500.0,34.4,34.4,False
C28,2020-07-16 20:00:00,0.36,0.0,0.36,500.0,0.1,0.1,False
C28,2020-07-16 22:00:00,61.74,0.0,61.74,500.0,12.3,12.3,False
C29,2020-07-15 00:00:00,500.0,0.0,500.0,500.0,100.0,100.0,True
C29,2020-07-15 01:00:00,500.0,0.0,500.0,500.0,100.0,100.0,True
C29,2020-07-15 02:00:00,493.56,0.0,493.56,500.0,98.7,98.7,False
C29,2020-07-15 03:00:00,485.5,0.0,485.5,500.0,97.1,97.1,False
C29,2020-07-15 04:00:00,493.57,0.0,493.57,500.0,98.7,98.7,False
C29,2020-07-15 05:00:00,459.75,0.0,459.75,500.0,91.9,91.9,False
C29,2020-07-15 06:00:00,390.12,0.0,390.12,500.0,78.0,78.0,False
C29,2020-07-15 07:00:00,324.73,0.0,324.73,500.0,64.9,64.9,False
C29,2020-07-15 08:00:00,250.42,0.0,250.42,500.0,50.1,50.1,False
C29,2020-07-15 09:00:00,109.84,0.0,109.84,500.0,22.0,22.0,False
C29,2020-07-15 10:00:00,58.42,0.0,58.42,500.0,11.7,11.7,False
C29,2020-07-15 11:00:00,-20.05,0.0,20.05,500.0,4.0,4.0,False
C29,2020-07-15 12:00:00,-11.44,0.0,11.44,500.0,2.3,2.3,False
C29,2020-07-15 13:00:00,13.4,0.0,13.4,500.0,2.7,2.7,False
C29,2020-07-15 14:00:00,46.36,0.0,46.36,500.0,9.3,9.3,False
C29,2020-07-15 15:00:00,81.77,0.0,81.77,500.0,16.4,16.4,False
C29,2020-07-15 16:00:00,143.85,0.0,143.85,500.0,28.8,28.8,False
C29,2020-07-15 17:00:00,176.46,0.0,176.46,500.0,35.3,35.3,False
C29,2020-07-15 18:00:00,209.82,0.0,209.82,500.0,42.0,42.0,False
C29,2020-07-15 19:00:00,238.97,0.0,238.97,500.0,47.8,47.8,False
C29,2020-07-15 20:00:00,372.88,0.0,372.88,500.0,74.6,74.6,False
C29,2020-07-15 21:00:00,399.12,0.0,399.12,500.0,79.8,79.8,False
C29,2020-07-15 22:00:00,444.89,0.0,444.89,500.0,89.0,89.0,False
C29,2020-07-15 23:00:00,500.0,0.0,500.0,500.0,100.0,100.0,True
C29,2020-07-16 00:00:00,500.0,0.0,500.0,500.0,100.0,100.0,True
C29,2020-07-16 02:00:00,500.0,0.0,500.0,500.0,100.0,100.0,True
C29,2020-07-16 04:00:00,500.0,0.0,500.0,500.0,100.0,100.0,True
C29,2020-07-16 06:00:00,391.44,0.0,391.44,500.0,78.3,78.3,False
C29,2020-07-16 08:00:00,314.86,0.0,314.86,500.0,63.0,63.0,False
C29,2020-07-16 10:00:00,299.68,0.0,299.68,500.0,59.9,59.9,False
C29,2020-07-16 12:00:00,293.19,0.0,293.19,500.0,58.6,58.6,False
C29,2020-07-16 14:00:00,304.39,0.0,304.39,500.0,60.9,60.9,False
C29,2020-07-16 16:00:00,326.15,0.0,326.15,500.0,65.2,65.2,False
C29,2020-07-16 18:00:00,262.22,0.0,262.22,500.0,52.4,52.4,False
C29,2020-07-16 20:00:00,457.42,0.0,457.42,500.0,91.5,91.5,False
C29,2020-07-16 22:00:00,490.64,0.0,490.64,500.0,98.1,98.1,False
C30,2020-07-15 00:00:00,35.94,0.0,35.94,500.0,7.2,7.2,False
C30,2020-07-15 01:00:00,35.59,0.0,35.59,500.0,7.1,7.1,False
C30,2020-07-15 02:00:00,35.62,0.0,35.62,500.0,7.1,7.1,False
C30,2020-07-15 03:00:00,34.66,0.0,34.66,500.0,6.9,6.9,False
C30,2020-07-15 04:00:00,33.28,0.0,33.28,500.0,6.7,6.7,False
C30,2020-07-15 05:00:00,29.83,0.0,29.83,500.0,6.0,6.0,False
C30,2020-07-15 06:00:00,29.76,0.0,29.76,500.0,6.0,6.0,False
C30,2020-07-15 07:00:00,27.26,0.0,27.26,500.0,5.5,5.5,False
C30,2020-07-15 08:00:00,15.19,0.0,15.19,500.0,3.0,3.0,False
C30,2020-07-15 09:00:00,0.3,0.0,0.3,500.0,0.1,0.1,False
C30,2020-07-15 10:00:00,-0.32,0.0,0.32,500.0,0.1,0.1,False
C30,2020-07-15 11:00:00,-1.02,0.0,1.02,500.0,0.2,0.2,False
C30,2020-07-15 12:00:00,-25.26,0.0,25.26,500.0,5.1,5.1,False
C30,2020-07-15 13:00:00,-45.79,0.0,45.79,500.0,9.2,9.2,False
C30,2020-07-15 14:00:00,-43.45,0.0,43.45,500.0,8.7,8.7,False
C30,2020-07-15 15:00:00,-41.84,0.0,41.84,500.0,8.4,8.4,False
C30,2020-07-15 16:00:00,-40.34,0.0,40.34,500.0,8.1,8.1,False
C30,2020-07-15 17:00:00,-17.06,0.0,17.06,500.0,3.4,3.4,False
C30,2020-07-15 18:00:00,-14.84,0.0,14.84,500.0,3.0,3.0,False
C30,2020-07-15 19:00:00,-10.69,0.0,10.69,500.0,2.1,2.1,False
C30,2020-07-15 20:00:00,14.04,0.0,14.04,500.0,2.8,2.8,False
C30,2020-07-15 21:00:00,33.93,0.0,33.93,500.0,6.8,6.8,False
C30,2020-07-15 22:00:00,35.45,0.0,35.45,500.0,7.1,7.1,False
C30,2020-07-15 23:00:00,37.28,0.0,37.28,500.0,7.5,7.5,False
C30,2020-07-16 00:00:00,37.19,0.0,37.19,500.0,7.4,7.4,False
C30,2020-07-16 02:00:00,36.5,0.0,36.5,500.0,7.3,7.3,False
C30,2020-07-16 04:00:00,35.38,0.0,35.38,500.0,7.1,7.1,False
C30,2020-07-16 06:00:00,32.6,0.0,32.6,500.0,6.5,6.5,False
C30,2020-07-16 08:00:00,27.76,0.0,27.76,500.0,5.6,5.6,False
C30,2020-07-16 10:00:00,27.57,0.0,27.57,500.0,5.5,5.5,False
C30,2020-07-16 12:00:00,20.4,0.0,20.4,500.0,4.1,4.1,False
C30,2020-07-16 14:00:00,16.08,0.0,16.08,500.0,3.2,3.2,False
C30,2020-07-16 16:00:00,22.18,0.0,22.18,500.0,4.4,4.4,False
C30,2020-07-16 18:00:00,9.15,0.0,9.15,500.0,1.8,1.8,False
C30,2020-07-16 20:00:00,32.4,0.0,32.4,500.0,6.5,6.5,False
C30,2020-07-16 22:00:00,34.17,0.0,34.17,500.0,6.8,6.8,False
C31-1,2020-07-15 00:00:00,-44.76,0.0,44.76,500.0,9.0,9.0,False
C31-1,2020-07-15 01:00:00,-45.78,0.0,45.78,500.0,9.2,9.2,False
C31-1,2020-07-15 02:00:00,-44.43,0.0,44.43,500.0,8.9,8.9,False
C31-1,2020-07-15 03:00:00,-46.34,0.0,46.34,500.0,9.3,9.3,False
C31-1,2020-07-15 04:00:00,-57.43,0.0,57.43,500.0,11.5,11.5,False
C31-1,2020-07-15 05:00:00,-52.33,0.0,52.33,500.0,10.5,10.5,False
C31-1,2020-07-15 06:00:00,-27.47,0.0,27.47,500.0,5.5,5.5,False
C31-1,2020-07-15 07:00:00,-9.16,0.0,9.16,500.0,1.8,1.8,False
C31-1,2020-07-15 08:00:00,-49.94,0.0,49.94,500.0,10.0,10.0,False
C31-1,2020-07-15 09:00:00,-73.42,0.0,73.42,500.0,14.7,14.7,False
C31-1,2020-07-15 10:00:00,-50.07,0.0,50.07,500.0,10.0,10.0,False
C31-1,2020-07-15 11:00:00,-12.31,0.0,12.31,500.0,2.5,2.5,False
C31-1,2020-07-15 12:00:00,-34.04,0.0,34.04,500.0,6.8,6.8,False
C31-1,2020-07-15 13:00:00,-39.97,0.0,39.97,500.0,8.0,8.0,False
C31-1,2020-07-15 14:00:00,-42.01,0.0,42.01,500.0,8.4,8.4,False
C31-1,2020-07-15 15:00:00,-50.54,0.0,50.54,500.0,10.1,10.1,False
C31-1,2020-07-15 16:00:00,-73.66,0.0,73.66,500.0,14.7,14.7,False
C31-1,2020-07-15 17:00:00,-80.24,0.0,80.24,500.0,16.0,16.0,False
C31-1,2020-07-15 18:00:00,-83.47,0.0,83.47,500.0,16.7,16.7,False
C31-1,2020-07-15 19:00:00,-71.63,0.0,71.63,500.0,14.3,14.3,False
C31-1,2020-07-15 20:00:00,-65.42,0.0,65.42,500.0,13.1,13.1,False
C31-1,2020-07-15 21:00:00,-5.09,0.0,5.09,500.0,1.0,1.0,False
C31-1,2020-07-15 22:00:00,-18.99,0.0,18.99,500.0,3.8,3.8,False
C31-1,2020-07-15 23:00:00,-36.34,0.0,36.34,500.0,7.3,7.3,False
C31-1,2020-07-16 00:00:00,-37.24,0.0,37.24,500.0,7.4,7.4,False
C31-1,2020-07-16 02:00:00,-39.68,0.0,39.68,500.0,7.9,7.9,False
C31-1,2020-07-16 04:00:00,-49.63,0.0,49.63,500.0,9.9,9.9,False
C31-1,2020-07-16 06:00:00,-9.4,0.0,9.4,500.0,1.9,1.9,False
C31-1,2020-07-16 08:00:00,-1.43,0.0,1.43,500.0,0.3,0.3,False
C31-1,2020-07-16 10:00:00,6.26,0.0,6.26,500.0,1.3,1.3,False
C31-1,2020-07-16 12:00:00,-37.54,0.0,37.54,500.0,7.5,7.5,False
C31-1,2020-07-16 14:00:00,-72.03,0.0,72.03,500.0,14.4,14.4,False
C31-1,2020-07-16 16:00:00,-43.32,0.0,43.32,500.0,8.7,8.7,False
C31-1,2020-07-16 18:00:00,-95.87,0.0,95.87,500.0,19.2,19.2,False
C31-1,2020-07-16 20:00:00,-46.2,0.0,46.2,500.0,9.2,9.2,False
C31-1,2020-07-16 22:00:00,-50.08,0.0,50.08,500.0,10.0,10.0,False
C31-2,2020-07-15 00:00:00,-44.76,0.0,44.76,500.0,9.0,9.0,False
C31-2,2020-07-15 01:00:00,-45.78,0.0,45.78,500.0,9.2,9.2,False
C31-2,2020-07-15 02:00:00,-44.43,0.0,44.43,500.0,8.9,8.9,False
C31-2,2020-07-15 03:00:00,-46.34,0.0,46.34,500.0,9.3,9.3,False
C31-2,2020-07-15 04:00:00,-57.43,0.0,57.43,500.0,11.5,11.5,False
C31-2,2020-07-15 05:00:00,-52.33,0.0,52.33,500.0,10.5,10.5,False
C31-2,2020-07-15 06:00:00,-27.47,0.0,27.47,500.0,5.5,5.5,False
C31-2,2020-07-15 07:00:00,-9.16,0.0,9.16,500.0,1.8,1.8,False
C31-2,2020-07-15 08:00:00,-49.94,0.0,49.94,500.0,10.0,10.0,False
C31-2,2020-07-15 09:00:00,-73.42,0.0,73.42,500.0,14.7,14.7,False
C31-2,2020-07-15 10:00:00,-50.07,0.0,50.07,500.0,10.0,10.0,False
C31-2,2020-07-15 11:00:00,-12.31,0.0,12.31,500.0,2.5,2.5,False
C31-2,2020-07-15 12:00:00,-34.04,0.0,34.04,500.0,6.8,6.8,False
C31-2,2020-07-15 13:00:00,-39.97,0.0,39.97,500.0,8.0,8.0,False
C31-2,2020-07-15 14:00:00,-42.01,0.0,42.01,500.0,8.4,8.4,False
C31-2,2020-07-15 15:00:00,-50.54,0.0,50.54,500.0,10.1,10.1,False
C31-2,2020-07-15 16:00:00,-73.66,0.0,73.66,500.0,14.7,14.7,False
C31-2,2020-07-15 17:00:00,-80.24,0.0,80.24,500.0,16.0,16.0,False
C31-2,2020-07-15 18:00:00,-83.47,0.0,83.47,500.0,16.7,16.7,False
C31-2,2020-07-15 19:00:00,-71.63,0.0,71.63,500.0,14.3,14.3,False
C31-2,2020-07-15 20:00:00,-65.42,0.0,65.42,500.0,13.1,13.1,False
C31-2,2020-07-15 21:00:00,-5.09,0.0,5.09,500.0,1.0,1.0,False
C31-2,2020-07-15 22:00:00,-18.99,0.0,18.99,500.0,3.8,3.8,False
C31-2,2020-07-15 23:00:00,-36.34,0.0,36.34,500.0,7.3,7.3,False
C31-2,2020-07-16 00:00:00,-37.24,0.0,37.24,500.0,7.4,7.4,False
C31-2,2020-07-16 02:00:00,-39.68,0.0,39.68,500.0,7.9,7.9,False
C31-2,2020-07-16 04:00:00,-49.63,0.0,49.63,500.0,9.9,9.9,False
C31-2,2020-07-16 06:00:00,-9.4,0.0,9.4,500.0,1.9,1.9,False
C31-2,2020-07-16 08:00:00,-1.43,0.0,1.43,500.0,0.3,0.3,False
C31-2,2020-07-16 10:00:00,6.26,0.0,6.26,500.0,1.3,1.3,False
C31-2,2020-07-16 12:00:00,-37.54,0.0,37.54,500.0,7.5,7.5,False
C31-2,2020-07-16 14:00:00,-72.03,0.0,72.03,500.0,14.4,14.4,False
C31-2,2020-07-16 16:00:00,-43.32,0.0,43.32,500.0,8.7,8.7,False
C31-2,2020-07-16 18:00:00,-95.87,0.0,95.87,500.0,19.2,19.2,False
C31-2,2020-07-16 20:00:00,-46.2,0.0,46.2,500.0,9.2,9.2,False
C31-2,2020-07-16 22:00:00,-50.08,0.0,50.08,500.0,10.0,10.0,False
C32-1,2020-07-15 00:00:00,6.36,0.0,6.36,500.0,1.3,1.3,False
C32-1,2020-07-15 01:00:00,10.52,0.0,10.52,500.0,2.1,2.1,False
C32-1,2020-07-15 02:00:00,5.9,0.0,5.9,500.0,1.2,1.2,False
C32-1,2020-07-15 03:00:00,4.24,0.0,4.24,500.0,0.8,0.8,False
C32-1,2020-07-15 04:00:00,-0.82,0.0,0.82,500.0,0.2,0.2,False
C32-1,2020-07-15 05:00:00,8.18,0.0,8.18,500.0,1.6,1.6,False
C32-1,2020-07-15 06:00:00,-22.43,0.0,22.43,500.0,4.5,4.5,False
C32-1,2020-07-15 07:00:00,-14.32,0.0,14.32,500.0,2.9,2.9,False
C32-1,2020-07-15 08:00:00,-16.24,0.0,16.24,500.0,3.2,3.2,False
C32-1,2020-07-15 09:00:00,-32.48,0.0,32.48,500.0,6.5,6.5,False
C32-1,2020-07-15 10:00:00,-36.41,0.0,36.41,500.0,7.3,7.3,False
C32-1,2020-07-15 11:00:00,-0.22,0.0,0.22,500.0,0.0,0.0,False
C32-1,2020-07-15 12:00:00,57.62,0.0,57.62,500.0,11.5,11.5,False
C32-1,2020-07-15 13:00:00,68.44,0.0,68.44,500.0,13.7,13.7,False
C32-1,2020-07-15 14:00:00,73.44,0.0,73.44,500.0,14.7,14.7,False
C32-1,2020-07-15 15:00:00,78.22,0.0,78.22,500.0,15.6,15.6,False
C32-1,2020-07-15 16:00:00,64.24,0.0,64.24,500.0,12.8,12.8,False
C32-1,2020-07-15 17:00:00,55.54,0.0,55.54,500.0,11.1,11.1,False
C32-1,2020-07-15 18:00:00,45.79,0.0,45.79,500.0,9.2,9.2,False
C32-1,2020-07-15 19:00:00,28.47,0.0,28.47,500.0,5.7,5.7,False
C32-1,2020-07-15 20:00:00,-27.34,0.0,27.34,500.0,5.5,5.5,False
C32-1,2020-07-15 21:00:00,-3.08,0.0,3.08,500.0,0.6,0.6,False
C32-1,2020-07-15 22:00:00,-4.69,0.0,4.69,500.0,0.9,0.9,False
C32-1,2020-07-15 23:00:00,9.95,0.0,9.95,500.0,2.0,2.0,False
C32-1,2020-07-16 00:00:00,16.37,0.0,16.37,500.0,3.3,3.3,False
C32-1,2020-07-16 02:00:00,20.49,0.0,20.49,500.0,4.1,4.1,False
C32-1,2020-07-16 04:00:00,2.96,0.0,2.96,500.0,0.6,0.6,False
C32-1,2020-07-16 06:00:00,-7.0,0.0,7.0,500.0,1.4,1.4,False
C32-1,2020-07-16 08:00:00,-16.22,0.0,16.22,500.0,3.2,3.2,False
C32-1,2020-07-16 10:00:00,-57.02,0.0,57.02,500.0,11.4,11.4,False
C32-1,2020-07-16 12:00:00,-28.44,0.0,28.44,500.0,5.7,5.7,False
C32-1,2020-07-16 14:00:00,-15.76,0.0,15.76,500.0,3.2,3.2,False
C32-1,2020-07-16 16:00:00,-32.35,0.0,32.35,500.0,6.5,6.5,False
C32-1,2020-07-16 18:00:00,23.29,0.0,23.29,500.0,4.7,4.7,False
C32-1,2020-07-16 20:00:00,-56.4,0.0,56.4,500.0,11.3,11.3,False
C32-1,2020-07-16 22:00:00,-14.66,0.0,14.66,500.0,2.9,2.9,False
C32-2,2020-07-15 00:00:00,6.36,0.0,6.36,500.0,1.3,1.3,False
C32-2,2020-07-15 01:00:00,10.52,0.0,10.52,500.0,2.1,2.1,False
C32-2,2020-07-15 02:00:00,5.9,0.0,5.9,500.0,1.2,1.2,False
C32-2,2020-07-15 03:00:00,4.24,0.0,4.24,500.0,0.8,0.8,False
C32-2,2020-07-15 04:00:00,-0.82,0.0,0.82,500.0,0.2,0.2,False
C32-2,2020-07-15 05:00:00,8.18,0.0,8.18,500.0,1.6,1.6,False
C32-2,2020-07-15 06:00:00,-22.43,0.0,22.43,500.0,4.5,4.5,False
C32-2,2020-07-15 07:00:00,-14.32,0.0,14.32,500.0,2.9,2.9,False
C32-2,2020-07-15 08:00:00,-16.24,0.0,16.24,500.0,3.2,3.2,False
C32-2,2020-07-15 09:00:00,-32.48,0.0,32.48,500.0,6.5,6.5,False
C32-2,2020-07-15 10:00:00,-36.41,0.0,36.41,500.0,7.3,7.3,False
C32-2,2020-07-15 11:00:00,-0.22,0.0,0.22,500.0,0.0,0.0,False
C32-2,2020-07-15 12:00:00,57.62,0.0,57.62,500.0,11.5,11.5,False
C32-2,2020-07-15 13:00:00,68.44,0.0,68.44,500.0,13.7,13.7,False
C32-2,2020-07-15 14:00:00,73.44,0.0,73.44,500.0,14.7,14.7,False
C32-2,2020-07-15 15:00:00,78.22,0.0,78.22,500.0,15.6,15.6,False
C32-2,2020-07-15 16:00:00,64.24,0.0,64.24,500.0,12.8,12.8,False
C32-2,2020-07-15 17:00:00,55.54,0.0,55.54,500.0,11.1,11.1,False
C32-2,2020-07-15 18:00:00,45.79,0.0,45.79,500.0,9.2,9.2,False
C32-2,2020-07-15 19:00:00,28.47,0.0,28.47,500.0,5.7,5.7,False
C32-2,2020-07-15 20:00:00,-27.34,0.0,27.34,500.0,5.5,5.5,False
C32-2,2020-07-15 21:00:00,-3.08,0.0,3.08,500.0,0.6,0.6,False
C32-2,2020-07-15 22:00:00,-4.69,0.0,4.69,500.0,0.9,0.9,False
C32-2,2020-07-15 23:00:00,9.95,0.0,9.95,500.0,2.0,2.0,False
C32-2,2020-07-16 00:00:00,16.37,0.0,16.37,500.0,3.3,3.3,False
C32-2,2020-07-16 02:00:00,20.49,0.0,20.49,500.0,4.1,4.1,False
C32-2,2020-07-16 04:00:00,2.96,0.0,2.96,500.0,0.6,0.6,False
C32-2,2020-07-16 06:00:00,-7.0,0.0,7.0,500.0,1.4,1.4,False
C32-2,2020-07-16 08:00:00,-16.22,0.0,16.22,500.0,3.2,3.2,False
C32-2,2020-07-16 10:00:00,-57.02,0.0,57.02,500.0,11.4,11.4,False
C32-2,2020-07-16 12:00:00,-28.44,0.0,28.44,500.0,5.7,5.7,False
C32-2,2020-07-16 14:00:00,-15.76,0.0,15.76,500.0,3.2,3.2,False
C32-2,2020-07-16 16:00:00,-32.35,0.0,32.35,500.0,6.5,6.5,False
C32-2,2020-07-16 18:00:00,23.29,0.0,23.29,500.0,4.7,4.7,False
C32-2,2020-07-16 20:00:00,-56.4,0.0,56.4,500.0,11.3,11.3,False
C32-2,2020-07-16 22:00:00,-14.66,0.0,14.66,500.0,2.9,2.9,False
C33-1,2020-07-15 00:00:00,-21.54,0.0,21.54,500.0,4.3,4.3,False
C33-1,2020-07-15 01:00:00,-15.85,0.0,15.85,500.0,3.2,3.2,False
C33-1,2020-07-15 02:00:00,-20.44,0.0,20.44,500.0,4.1,4.1,False
C33-1,2020-07-15 03:00:00,-22.0,0.0,22.0,500.0,4.4,4.4,False
C33-1,2020-07-15 04:00:00,-27.61,0.0,27.61,500.0,5.5,5.5,False
C33-1,2020-07-15 05:00:00,-17.97,0.0,17.97,500.0,3.6,3.6,False
C33-1,2020-07-15 06:00:00,-54.24,0.0,54.24,500.0,10.8,10.8,False
C33-1,2020-07-15 07:00:00,-49.78,0.0,49.78,500.0,10.0,10.0,False
C33-1,2020-07-15 08:00:00,-54.72,0.0,54.72,500.0,10.9,10.9,False
C33-1,2020-07-15 09:00:00,-74.09,0.0,74.09,500.0,14.8,14.8,False
C33-1,2020-07-15 10:00:00,-80.66,0.0,80.66,500.0,16.1,16.1,False
C33-1,2020-07-15 11:00:00,-47.15,0.0,47.15,500.0,9.4,9.4,False
C33-1,2020-07-15 12:00:00,8.84,0.0,8.84,500.0,1.8,1.8,False
C33-1,2020-07-15 13:00:00,18.11,0.0,18.11,500.0,3.6,3.6,False
C33-1,2020-07-15 14:00:00,22.18,0.0,22.18,500.0,4.4,4.4,False
C33-1,2020-07-15 15:00:00,26.87,0.0,26.87,500.0,5.4,5.4,False
C33-1,2020-07-15 16:00:00,14.44,0.0,14.44,500.0,2.9,2.9,False
C33-1,2020-07-15 17:00:00,8.53,0.0,8.53,500.0,1.7,1.7,False
C33-1,2020-07-15 18:00:00,1.9,0.0,1.9,500.0,0.4,0.4,False
C33-1,2020-07-15 19:00:00,-14.43,0.0,14.43,500.0,2.9,2.9,False
C33-1,2020-07-15 20:00:00,-68.68,0.0,68.68,500.0,13.7,13.7,False
C33-1,2020-07-15 21:00:00,-40.82,0.0,40.82,500.0,8.2,8.2,False
C33-1,2020-07-15 22:00:00,-38.54,0.0,38.54,500.0,7.7,7.7,False
C33-1,2020-07-15 23:00:00,-20.71,0.0,20.71,500.0,4.1,4.1,False
C33-1,2020-07-16 00:00:00,-11.76,0.0,11.76,500.0,2.4,2.4,False
C33-1,2020-07-16 02:00:00,-5.98,0.0,5.98,500.0,1.2,1.2,False
C33-1,2020-07-16 04:00:00,-25.47,0.0,25.47,500.0,5.1,5.1,False
C33-1,2020-07-16 06:00:00,-41.24,0.0,41.24,500.0,8.2,8.2,False
C33-1,2020-07-16 08:00:00,-57.37,0.0,57.37,500.0,11.5,11.5,False
C33-1,2020-07-16 10:00:00,-103.79,0.0,103.79,500.0,20.8,20.8,False
C33-1,2020-07-16 12:00:00,-79.52,0.0,79.52,500.0,15.9,15.9,False
C33-1,2020-07-16 14:00:00,-68.86,0.0,68.86,500.0,13.8,13.8,False
C33-1,2020-07-16 16:00:00,-82.68,0.0,82.68,500.0,16.5,16.5,False
C33-1,2020-07-16 18:00:00,-21.92,0.0,21.92,500.0,4.4,4.4,False
C33-1,2020-07-16 20:00:00,-97.29,0.0,97.29,500.0,19.5,19.5,False
C33-1,2020-07-16 22:00:00,-47.59,0.0,47.59,500.0,9.5,9.5,False
C33-2,2020-07-15 00:00:00,-21.54,0.0,21.54,500.0,4.3,4.3,False
C33-2,2020-07-15 01:00:00,-15.85,0.0,15.85,500.0,3.2,3.2,False
C33-2,2020-07-15 02:00:00,-20.44,0.0,20.44,500.0,4.1,4.1,False
C33-2,2020-07-15 03:00:00,-22.0,0.0,22.0,500.0,4.4,4.4,False
C33-2,2020-07-15 04:00:00,-27.61,0.0,27.61,500.0,5.5,5.5,False
C33-2,2020-07-15 05:00:00,-17.97,0.0,17.97,500.0,3.6,3.6,False
C33-2,2020-07-15 06:00:00,-54.24,0.0,54.24,500.0,10.8,10.8,False
C33-2,2020-07-15 07:00:00,-49.78,0.0,49.78,500.0,10.0,10.0,False
C33-2,2020-07-15 08:00:00,-54.72,0.0,54.72,500.0,10.9,10.9,False
C33-2,2020-07-15 09:00:00,-74.09,0.0,74.09,500.0,14.8,14.8,False
C33-2,2020-07-15 10:00:00,-80.66,0.0,80.66,500.0,16.1,16.1,False
C33-2,2020-07-15 11:00:00,-47.15,0.0,47.15,500.0,9.4,9.4,False
C33-2,2020-07-15 12:00:00,8.84,0.0,8.84,500.0,1.8,1.8,False
C33-2,2020-07-15 13:00:00,18.11,0.0,18.11,500.0,3.6,3.6,False
C33-2,2020-07-15 14:00:00,22.18,0.0,22.18,500.0,4.4,4.4,False
C33-2,2020-07-15 15:00:00,26.87,0.0,26.87,500.0,5.4,5.4,False
C33-2,2020-07-15 16:00:00,14.44,0.0,14.44,500.0,2.9,2.9,False
C33-2,2020-07-15 17:00:00,8.53,0.0,8.53,500.0,1.7,1.7,False
C33-2,2020-07-15 18:00:00,1.9,0.0,1.9,500.0,0.4,0.4,False
C33-2,2020-07-15 19:00:00,-14.43,0.0,14.43,500.0,2.9,2.9,False
C33-2,2020-07-15 20:00:00,-68.68,0.0,68.68,500.0,13.7,13.7,False
C33-2,2020-07-15 21:00:00,-40.82,0.0,40.82,500.0,8.2,8.2,False
C33-2,2020-07-15 22:00:00,-38.54,0.0,38.54,500.0,7.7,7.7,False
C33-2,2020-07-15 23:00:00,-20.71,0.0,20.71,500.0,4.1,4.1,False
C33-2,2020-07-16 00:00:00,-11.76,0.0,11.76,500.0,2.4,2.4,False
C33-2,2020-07-16 02:00:00,-5.98,0.0,5.98,500.0,1.2,1.2,False
C33-2,2020-07-16 04:00:00,-25.47,0.0,25.47,500.0,5.1,5.1,False
C33-2,2020-07-16 06:00:00,-41.24,0.0,41.24,500.0,8.2,8.2,False
C33-2,2020-07-16 08:00:00,-57.37,0.0,57.37,500.0,11.5,11.5,False
C33-2,2020-07-16 10:00:00,-103.79,0.0,103.79,500.0,20.8,20.8,False
C33-2,2020-07-16 12:00:00,-79.52,0.0,79.52,500.0,15.9,15.9,False
C33-2,2020-07-16 14:00:00,-68.86,0.0,68.86,500.0,13.8,13.8,False
C33-2,2020-07-16 16:00:00,-82.68,0.0,82.68,500.0,16.5,16.5,False
C33-2,2020-07-16 18:00:00,-21.92,0.0,21.92,500.0,4.4,4.4,False
C33-2,2020-07-16 20:00:00,-97.29,0.0,97.29,500.0,19.5,19.5,False
C33-2,2020-07-16 22:00:00,-47.59,0.0,47.59,500.0,9.5,9.5,False
C34,2020-07-15 00:00:00,-30.33,0.0,30.33,500.0,6.1,6.1,False
C34,2020-07-15 01:00:00,-30.48,0.0,30.48,500.0,6.1,6.1,False
C34,2020-07-15 02:00:00,-29.62,0.0,29.62,500.0,5.9,5.9,False
C34,2020-07-15 03:00:00,-28.72,0.0,28.72,500.0,5.7,5.7,False
C34,2020-07-15 04:00:00,-28.27,0.0,28.27,500.0,5.7,5.7,False
C34,2020-07-15 05:00:00,-28.59,0.0,28.59,500.0,5.7,5.7,False
C34,2020-07-15 06:00:00,-23.86,0.0,23.86,500.0,4.8,4.8,False
C34,2020-07-15 07:00:00,-21.27,0.0,21.27,500.0,4.3,4.3,False
C34,2020-07-15 08:00:00,-9.0,0.0,9.0,500.0,1.8,1.8,False
C34,2020-07-15 09:00:00,5.92,0.0,5.92,500.0,1.2,1.2,False
C34,2020-07-15 10:00:00,6.63,0.0,6.63,500.0,1.3,1.3,False
C34,2020-07-15 11:00:00,7.25,0.0,7.25,500.0,1.5,1.5,False
C34,2020-07-15 12:00:00,-23.63,0.0,23.63,500.0,4.7,4.7,False
C34,2020-07-15 13:00:00,-58.18,0.0,58.18,500.0,11.6,11.6,False
C34,2020-07-15 14:00:00,-60.58,0.0,60.58,500.0,12.1,12.1,False
C34,2020-07-15 15:00:00,-62.12,0.0,62.12,500.0,12.4,12.4,False
C34,2020-07-15 16:00:00,-63.75,0.0,63.75,500.0,12.7,12.7,False
C34,2020-07-15 17:00:00,-32.0,0.0,32.0,500.0,6.4,6.4,False
C34,2020-07-15 18:00:00,-34.2,0.0,34.2,500.0,6.8,6.8,False
C34,2020-07-15 19:00:00,-38.32,0.0,38.32,500.0,7.7,7.7,False
C34,2020-07-15 20:00:00,-30.08,0.0,30.08,500.0,6.0,6.0,False
C34,2020-07-15 21:00:00,-27.83,0.0,27.83,500.0,5.6,5.6,False
C34,2020-07-15 22:00:00,-29.59,0.0,29.59,500.0,5.9,5.9,False
C34,2020-07-15 23:00:00,-31.49,0.0,31.49,500.0,6.3,6.3,False
C34,2020-07-16 00:00:00,-31.28,0.0,31.28,500.0,6.3,6.3,False
C34,2020-07-16 02:00:00,-31.4,0.0,31.4,500.0,6.3,6.3,False
C34,2020-07-16 04:00:00,-29.34,0.0,29.34,500.0,5.9,5.9,False
C34,2020-07-16 06:00:00,-26.66,0.0,26.66,500.0,5.3,5.3,False
C34,2020-07-16 08:00:00,-21.41,0.0,21.41,500.0,4.3,4.3,False
C34,2020-07-16 10:00:00,-21.52,0.0,21.52,500.0,4.3,4.3,False
C34,2020-07-16 12:00:00,-14.5,0.0,14.5,500.0,2.9,2.9,False
C34,2020-07-16 14:00:00,-10.3,0.0,10.3,500.0,2.1,2.1,False
C34,2020-07-16 16:00:00,-16.34,0.0,16.34,500.0,3.3,3.3,False
C34,2020-07-16 18:00:00,-3.2,0.0,3.2,500.0,0.6,0.6,False
C34,2020-07-16 20:00:00,-26.47,0.0,26.47,500.0,5.3,5.3,False
C34,2020-07-16 22:00:00,-29.11,0.0,29.11,500.0,5.8,5.8,False
CA-1,2020-07-15 00:00:00,336.65,0.0,336.65,500.0,67.3,67.3,False
CA-1,2020-07-15 01:00:00,334.71,0.0,334.71,500.0,66.9,66.9,False
CA-1,2020-07-15 02:00:00,299.63,0.0,299.63,500.0,59.9,59.9,False
CA-1,2020-07-15 03:00:00,313.11,0.0,313.11,500.0,62.6,62.6,False
CA-1,2020-07-15 04:00:00,379.36,0.0,379.36,500.0,75.9,75.9,False
CA-1,2020-07-15 05:00:00,420.82,0.0,420.82,500.0,84.2,84.2,False
CA-1,2020-07-15 06:00:00,228.35,0.0,228.35,500.0,45.7,45.7,False
CA-1,2020-07-15 07:00:00,180.24,0.0,180.24,500.0,36.0,36.0,False
CA-1,2020-07-15 08:00:00,188.33,0.0,188.33,500.0,37.7,37.7,False
CA-1,2020-07-15 09:00:00,91.35,0.0,91.35,500.0,18.3,18.3,False
CA-1,2020-07-15 10:00:00,-6.46,0.0,6.46,500.0,1.3,1.3,False
CA-1,2020-07-15 11:00:00,31.19,0.0,31.19,500.0,6.2,6.2,False
CA-1,2020-07-15 12:00:00,99.43,0.0,99.43,500.0,19.9,19.9,False
CA-1,2020-07-15 13:00:00,128.45,0.0,128.45,500.0,25.7,25.7,False
CA-1,2020-07-15 14:00:00,121.6,0.0,121.6,500.0,24.3,24.3,False
CA-1,2020-07-15 15:00:00,154.72,0.0,154.72,500.0,30.9,30.9,False
CA-1,2020-07-15 16:00:00,143.42,0.0,143.42,500.0,28.7,28.7,False
CA-1,2020-07-15 17:00:00,159.12,0.0,159.12,500.0,31.8,31.8,False
CA-1,2020-07-15 18:00:00,191.03,0.0,191.03,500.0,38.2,38.2,False
CA-1,2020-07-15 19:00:00,189.1,0.0,189.1,500.0,37.8,37.8,False
CA-1,2020-07-15 20:00:00,231.42,0.0,231.42,500.0,46.3,46.3,False
CA-1,2020-07-15 21:00:00,224.38,0.0,224.38,500.0,44.9,44.9,False
CA-1,2020-07-15 22:00:00,260.81,0.0,260.81,500.0,52.2,52.2,False
CA-1,2020-07-15 23:00:00,360.68,0.0,360.68,500.0,72.1,72.1,False
CA-1,2020-07-16 00:00:00,347.93,0.0,347.93,500.0,69.6,69.6,False
CA-1,2020-07-16 02:00:00,355.73,0.0,355.73,500.0,71.1,71.1,False
CA-1,2020-07-16 04:00:00,371.44,0.0,371.44,500.0,74.3,74.3,False
CA-1,2020-07-16 06:00:00,238.73,0.0,238.73,500.0,47.7,47.7,False
CA-1,2020-07-16 08:00:00,219.4,0.0,219.4,500.0,43.9,43.9,False
CA-1,2020-07-16 10:00:00,282.62,0.0,282.62,500.0,56.5,56.5,False
CA-1,2020-07-16 12:00:00,333.61,0.0,333.61,500.0,66.7,66.7,False
CA-1,2020-07-16 14:00:00,341.1,0.0,341.1,500.0,68.2,68.2,False
CA-1,2020-07-16 16:00:00,338.75,0.0,338.75,500.0,67.8,67.8,False
CA-1,2020-07-16 18:00:00,347.97,0.0,347.97,500.0,69.6,69.6,False
CA-1,2020-07-16 20:00:00,340.93,0.0,340.93,500.0,68.2,68.2,False
CA-1,2020-07-16 22:00:00,322.18,0.0,322.18,500.0,64.4,64.4,False
CB-1,2020-07-15 00:00:00,453.35,0.0,453.35,500.0,90.7,90.7,False
CB-1,2020-07-15 01:00:00,462.5,0.0,462.5,500.0,92.5,92.5,False
CB-1,2020-07-15 02:00:00,455.01,0.0,455.01,500.0,91.0,91.0,False
CB-1,2020-07-15 03:00:00,451.16,0.0,451.16,500.0,90.2,90.2,False
CB-1,2020-07-15 04:00:00,477.06,0.0,477.06,500.0,95.4,95.4,False
CB-1,2020-07-15 05:00:00,430.37,0.0,430.37,500.0,86.1,86.1,False
CB-1,2020-07-15 06:00:00,289.0,0.0,289.0,500.0,57.8,57.8,False
CB-1,2020-07-15 07:00:00,168.13,0.0,168.13,500.0,33.6,33.6,False
CB-1,2020-07-15 08:00:00,160.02,0.0,160.02,500.0,32.0,32.0,False
CB-1,2020-07-15 09:00:00,50.15,0.0,50.15,500.0,10.0,10.0,False
CB-1,2020-07-15 10:00:00,-61.56,0.0,61.56,500.0,12.3,12.3,False
CB-1,2020-07-15 11:00:00,18.77,0.0,18.77,500.0,3.8,3.8,False
CB-1,2020-07-15 12:00:00,143.11,0.0,143.11,500.0,28.6,28.6,False
CB-1,2020-07-15 13:00:00,196.12,0.0,196.12,500.0,39.2,39.2,False
CB-1,2020-07-15 14:00:00,228.27,0.0,228.27,500.0,45.7,45.7,False
CB-1,2020-07-15 15:00:00,268.56,0.0,268.56,500.0,53.7,53.7,False
CB-1,2020-07-15 16:00:00,257.47,0.0,257.47,500.0,51.5,51.5,False
CB-1,2020-07-15 17:00:00,271.87,0.0,271.87,500.0,54.4,54.4,False
CB-1,2020-07-15 18:00:00,327.95,0.0,327.95,500.0,65.6,65.6,False
CB-1,2020-07-15 19:00:00,338.6,0.0,338.6,500.0,67.7,67.7,False
CB-1,2020-07-15 20:00:00,298.17,0.0,298.17,500.0,59.6,59.6,False
CB-1,2020-07-15 21:00:00,222.69,0.0,222.69,500.0,44.5,44.5,False
CB-1,2020-07-15 22:00:00,316.16,0.0,316.16,500.0,63.2,63.2,False
CB-1,2020-07-15 23:00:00,422.4,0.0,422.4,500.0,84.5,84.5,False
CB-1,2020-07-16 00:00:00,437.6,0.0,437.6,500.0,87.5,87.5,False
CB-1,2020-07-16 02:00:00,449.81,0.0,449.81,500.0,90.0,90.0,False
CB-1,2020-07-16 04:00:00,460.99,0.0,460.99,500.0,92.2,92.2,False
CB-1,2020-07-16 06:00:00,241.65,0.0,241.65,500.0,48.3,48.3,False
CB-1,2020-07-16 08:00:00,113.74,0.0,113.74,500.0,22.7,22.7,False
CB-1,2020-07-16 10:00:00,279.15,0.0,279.15,500.0,55.8,55.8,False
CB-1,2020-07-16 12:00:00,281.96,0.0,281.96,500.0,56.4,56.4,False
CB-1,2020-07-16 14:00:00,351.43,0.0,351.43,500.0,70.3,70.3,False
CB-1,2020-07-16 16:00:00,330.26,0.0,330.26,500.0,66.1,66.1,False
CB-1,2020-07-16 18:00:00,398.25,0.0,398.25,500.0,79.6,79.6,False
CB-1,2020-07-16 20:00:00,346.6,0.0,346.6,500.0,69.3,69.3,False
CB-1,2020-07-16 22:00:00,427.51,0.0,427.51,500.0,85.5,85.5,False
C35,2020-07-15 00:00:00,342.26,0.0,342.26,722.0,47.4,47.4,False
C35,2020-07-15 01:00:00,339.81,0.0,339.81,722.0,47.1,47.1,False
C35,2020-07-15 02:00:00,305.63,0.0,305.63,722.0,42.3,42.3,False
C35,2020-07-15 03:00:00,319.05,0.0,319.05,722.0,44.2,44.2,False
C35,2020-07-15 04:00:00,384.37,0.0,384.37,722.0,53.2,53.2,False
C35,2020-07-15 05:00:00,422.06,0.0,422.06,722.0,58.5,58.5,False
C35,2020-07-15 06:00:00,234.24,0.0,234.24,722.0,32.4,32.4,False
C35,2020-07-15 07:00:00,186.23,0.0,186.23,722.0,25.8,25.8,False
C35,2020-07-15 08:00:00,194.52,0.0,194.52,722.0,26.9,26.9,False
C35,2020-07-15 09:00:00,97.58,0.0,97.58,722.0,13.5,13.5,False
C35,2020-07-15 10:00:00,-0.15,0.0,0.15,722.0,0.0,0.0,False
C35,2020-07-15 11:00:00,37.42,0.0,37.42,722.0,5.2,5.2,False
C35,2020-07-15 12:00:00,105.55,0.0,105.55,722.0,14.6,14.6,False
C35,2020-07-15 13:00:00,134.48,0.0,134.48,722.0,18.6,18.6,False
C35,2020-07-15 14:00:00,127.57,0.0,127.57,722.0,17.7,17.7,False
C35,2020-07-15 15:00:00,160.76,0.0,160.76,722.0,22.3,22.3,False
C35,2020-07-15 16:00:00,149.33,0.0,149.33,722.0,20.7,20.7,False
C35,2020-07-15 17:00:00,165.05,0.0,165.05,722.0,22.9,22.9,False
C35,2020-07-15 18:00:00,196.99,0.0,196.99,722.0,27.3,27.3,False
C35,2020-07-15 19:00:00,195.09,0.0,195.09,722.0,27.0,27.0,False
C35,2020-07-15 20:00:00,237.38,0.0,237.38,722.0,32.9,32.9,False
C35,2020-07-15 21:00:00,230.48,0.0,230.48,722.0,31.9,31.9,False
C35,2020-07-15 22:00:00,266.68,0.0,266.68,722.0,36.9,36.9,False
C35,2020-07-15 23:00:00,366.47,0.0,366.47,722.0,50.8,50.8,False
C35,2020-07-16 00:00:00,353.84,0.0,353.84,722.0,49.0,49.0,False
C35,2020-07-16 02:00:00,360.83,0.0,360.83,722.0,50.0,50.0,False
C35,2020-07-16 04:00:00,377.47,0.0,377.47,722.0,52.3,52.3,False
C35,2020-07-16 06:00:00,244.68,0.0,244.68,722.0,33.9,33.9,False
C35,2020-07-16 08:00:00,225.75,0.0,225.75,722.0,31.3,31.3,False
C35,2020-07-16 10:00:00,288.67,0.0,288.67,722.0,40.0,40.0,False
C35,2020-07-16 12:00:00,339.52,0.0,339.52,722.0,47.0,47.0,False
C35,2020-07-16 14:00:00,346.88,0.0,346.88,722.0,48.0,48.0,False
C35,2020-07-16 16:00:00,344.58,0.0,344.58,722.0,47.7,47.7,False
C35,2020-07-16 18:00:00,353.92,0.0,353.92,722.0,49.0,49.0,False
C35,2020-07-16 20:00:00,346.86,0.0,346.86,722.0,48.0,48.0,False
C35,2020-07-16 22:00:00,327.23,0.0,327.23,722.0,45.3,45.3,False
