{
  "iterations": 5,
  "gap_history": [
    16168.59576747231,
    15977.075190549407,
    15977.0718102196,
    15977.075190549407,
    15977.075190549407
  ],
  "robust_sufficient": false,
  "n_scenarios": 5,
  "timings": {
    "phase1": [
      7.231270790100098,
      12.27202296257019,
      13.340181827545166,
      16.351668119430542,
      66.61624598503113
    ],
    "phase2": [
      127.44399785995483,
      97.92366290092468,
      100.64275002479553,
      126.87955784797668,
      197.0136489868164
    ]
  }
}