gen_id,gen_type,time,Z_row_sum,Z_row_abs_sum,Z_row_norm,Z_k0,Z_k1,Z_k2,Z_k3
101_CT_1,THERMAL,2020-07-15 00:00:00,0.0,0.0,0.0,0.0,0.0,0.0,0.0
101_CT_2,THERMAL,2020-07-15 00:00:00,0.0,0.0,0.0,0.0,0.0,0.0,0.0
101_STEAM_3,THERMAL,2020-07-15 00:00:00,0.008076692155899477,0.008076692155899477,0.0047357524146019354,0.002460128712463678,1.3625178897443659e-06,0.00335981196072387,0.002255388964822185
101_STEAM_4,THERMAL,2020-07-15 00:00:00,0.00566893482442607,0.005703689539878144,0.0033427530683909335,0.0017348464358245405,-1.737735772603685e-05,0.0023982036861096663,0.001553262060217901
102_CT_1,THERMAL,2020-07-15 00:00:00,0.0,0.0,0.0,0.0,0.0,0.0,0.0
102_CT_2,THERMAL,2020-07-15 00:00:00,0.0,0.0,0.0,0.0,0.0,0.0,0.0
102_STEAM_3,THERMAL,2020-07-15 00:00:00,-0.21398742791826303,0.21398742791826303,0.12687141604804214,-0.06297396904802677,-0.00016496514821875974,-0.09482752222591384,-0.05602097149610367
102_STEAM_4,THERMAL,2020-07-15 00:00:00,-0.21302029449323667,0.21302029449323667,0.126314370955821,-0.06260936784389182,-0.00015830738568856084,-0.09445811644249646,-0.055794502821159817
107_CC_1,THERMAL,2020-07-15 00:00:00,0.13486366038222192,0.13486698938435343,0.08009378716496339,0.03959535315167617,-1.6645010657567738e-06,0.06006557297138748,0.035204398760224034
113_CT_1,THERMAL,2020-07-15 00:00:00,0.0,0.0,0.0,0.0,0.0,0.0,0.0
113_CT_2,THERMAL,2020-07-15 00:00:00,0.0,0.0,0.0,0.0,0.0,0.0,0.0
113_CT_3,THERMAL,2020-07-15 00:00:00,0.0,0.0,0.0,0.0,0.0,0.0,0.0
113_CT_4,THERMAL,2020-07-15 00:00:00,0.0,0.0,0.0,0.0,0.0,0.0,0.0
115_STEAM_1,THERMAL,2020-07-15 00:00:00,0.0,0.0,0.0,0.0,0.0,0.0,0.0
115_STEAM_2,THERMAL,2020-07-15 00:00:00,0.0,0.0,0.0,0.0,0.0,0.0,0.0
115_STEAM_3,THERMAL,2020-07-15 00:00:00,0.1069534875813809,0.10697422303464854,0.06352394710456,0.03140610766965546,-1.0367726633819796e-05,0.04763944011134047,0.027918307527018797
116_STEAM_1,THERMAL,2020-07-15 00:00:00,-0.45660257780788976,0.45660257780788976,0.2710055218650703,-0.13435338961384458,-3.5055221747348764e-05,-0.20283346465455176,-0.11938066831774606
118_CC_1,THERMAL,2020-07-15 00:00:00,0.0,0.0,0.0,0.0,0.0,0.0,0.0
122_WIND_1,WIND,2020-07-15 00:00:00,0.7609824779205515,1.0987129574598953,0.9379971079009723,0.9298477176902233,-2.6700271002155773e-05,-0.10642573941105837,-0.06241280008761134
123_CT_1,THERMAL,2020-07-15 00:00:00,0.0,0.0,0.0,0.0,0.0,0.0,0.0
123_CT_4,THERMAL,2020-07-15 00:00:00,0.0,0.0,0.0,0.0,0.0,0.0,0.0
123_CT_5,THERMAL,2020-07-15 00:00:00,0.0,0.0,0.0,0.0,0.0,0.0,0.0
123_STEAM_2,THERMAL,2020-07-15 00:00:00,0.14384272105441054,0.14388703067928243,0.08541847729121516,0.042245430696415065,-2.21548124359483e-05,0.06400789554239728,0.03761154962803414
123_STEAM_3,THERMAL,2020-07-15 00:00:00,0.2256032744557352,0.22571361746377988,0.1340338042467256,0.0662542620095834,-5.5171504022344386e-05,0.10056573825407789,0.058838445696096246
201_CT_1,THERMAL,2020-07-15 00:00:00,0.0,0.0,0.0,0.0,0.0,0.0,0.0
201_CT_2,THERMAL,2020-07-15 00:00:00,0.0,0.0,0.0,0.0,0.0,0.0,0.0
201_STEAM_3,THERMAL,2020-07-15 00:00:00,0.11828081177376665,0.1182812152631888,0.07025975935322341,0.03466209688553362,-2.0174471107581304e-07,0.05273903320290785,0.03087988343003626
202_CT_1,THERMAL,2020-07-15 00:00:00,0.0,0.0,0.0,0.0,0.0,0.0,0.0
202_CT_2,THERMAL,2020-07-15 00:00:00,0.0,0.0,0.0,0.0,0.0,0.0,0.0
202_STEAM_3,THERMAL,2020-07-15 00:00:00,0.12604334610859574,0.1260491891875153,0.07491822538200209,0.03687278803685891,-2.9215394597714717e-06,0.05635923434281716,0.032814245268379436
202_STEAM_4,THERMAL,2020-07-15 00:00:00,0.10080921319659536,0.10081725886812076,0.0598584485211697,0.02959600111500292,-4.02283576270146e-06,0.04485965217221603,0.02635758274513911
207_CT_1,THERMAL,2020-07-15 00:00:00,0.12217082142211708,0.12217082142211708,0.07255132217796563,0.035860165952217284,6.772404284986289e-06,0.054411663680429184,0.03189221938518561
207_CT_2,THERMAL,2020-07-15 00:00:00,0.09962117589613731,0.09962117589613731,0.05916124567046546,0.029239917375071887,5.283625974069261e-06,0.044371975471442754,0.0260039994236486
212_CSP_1,THERMAL,2020-07-15 00:00:00,-0.18934475583135413,0.18934475583135413,0.11242902625498817,-0.055578302091999765,-2.3318192218346745e-05,-0.08430321405966712,-0.04943992148746888
213_CC_3,THERMAL,2020-07-15 00:00:00,0.0,0.0,0.0,0.0,0.0,0.0,0.0
213_CT_1,THERMAL,2020-07-15 00:00:00,0.0,0.0,0.0,0.0,0.0,0.0,0.0
213_CT_2,THERMAL,2020-07-15 00:00:00,0.0,0.0,0.0,0.0,0.0,0.0,0.0
215_CT_4,THERMAL,2020-07-15 00:00:00,0.0,0.0,0.0,0.0,0.0,0.0,0.0
215_CT_5,THERMAL,2020-07-15 00:00:00,0.0,0.0,0.0,0.0,0.0,0.0,0.0
216_STEAM_1,THERMAL,2020-07-15 00:00:00,0.17037367982247958,0.17037367982247958,0.10027924873699076,0.050976420292872415,0.0005862767614487896,0.07352929695784116,0.04528168581031722
218_CC_1,THERMAL,2020-07-15 00:00:00,0.0,0.0,0.0,0.0,0.0,0.0,0.0
221_CC_1,THERMAL,2020-07-15 00:00:00,0.12148863603329496,0.12151787688281646,0.07212635440683465,0.03573388506491604,-1.462042476074732e-05,0.05400016386540507,0.03176920752773459
223_CT_4,THERMAL,2020-07-15 00:00:00,0.0,0.0,0.0,0.0,0.0,0.0,0.0
223_CT_5,THERMAL,2020-07-15 00:00:00,0.0,0.0,0.0,0.0,0.0,0.0,0.0
223_CT_6,THERMAL,2020-07-15 00:00:00,0.0,0.0,0.0,0.0,0.0,0.0,0.0
223_STEAM_1,THERMAL,2020-07-15 00:00:00,-0.45236487299784806,0.45236487299784806,0.26837837618252447,-0.13307827410759548,-0.00016247267535024826,-0.20077489726945474,-0.11834922894544758
223_STEAM_2,THERMAL,2020-07-15 00:00:00,-0.4518931590680359,0.4518931590680359,0.2680924585308974,-0.13302141199335643,-7.448566086359562e-05,-0.20040483622416216,-0.1183924251896537
223_STEAM_3,THERMAL,2020-07-15 00:00:00,0.15934574210306257,0.15934574210306257,0.09463552391151928,0.04676872657324016,9.52231352324695e-07,0.07098298972892891,0.04159307356954116
301_CT_1,THERMAL,2020-07-15 00:00:00,0.0,0.0,0.0,0.0,0.0,0.0,0.0
301_CT_2,THERMAL,2020-07-15 00:00:00,0.0,0.0,0.0,0.0,0.0,0.0,0.0
301_CT_3,THERMAL,2020-07-15 00:00:00,0.0,0.0,0.0,0.0,0.0,0.0,0.0
301_CT_4,THERMAL,2020-07-15 00:00:00,0.0,0.0,0.0,0.0,0.0,0.0,0.0
302_CT_1,THERMAL,2020-07-15 00:00:00,0.0,0.0,0.0,0.0,0.0,0.0,0.0
302_CT_2,THERMAL,2020-07-15 00:00:00,0.0,0.0,0.0,0.0,0.0,0.0,0.0
302_CT_3,THERMAL,2020-07-15 00:00:00,0.0,0.0,0.0,0.0,0.0,0.0,0.0
302_CT_4,THERMAL,2020-07-15 00:00:00,0.0,0.0,0.0,0.0,0.0,0.0,0.0
303_WIND_1,WIND,2020-07-15 00:00:00,-0.2440529670114544,0.6996310166576039,0.4088837326604478,-0.19117369877637014,-4.277377835659735e-05,0.22778902482307473,-0.2806255192798024
307_CT_1,THERMAL,2020-07-15 00:00:00,0.0,0.0,0.0,0.0,0.0,0.0,0.0
307_CT_2,THERMAL,2020-07-15 00:00:00,0.0,0.0,0.0,0.0,0.0,0.0,0.0
309_WIND_1,WIND,2020-07-15 00:00:00,0.7821549847613641,1.0238405571608826,0.9070442132104847,-0.0639475646302563,-1.8697536023015715e-05,0.9029977709611234,-0.05687652403347996
313_CC_1,THERMAL,2020-07-15 00:00:00,-0.9262857921542768,0.9264371184312784,0.5502289202839433,-0.27177885714808403,7.566313850082551e-05,-0.4128743666215886,-0.24170823152310492
315_CT_6,THERMAL,2020-07-15 00:00:00,-1.2896248739041605e-13,1.2896248739041605e-13,9.295884007369546e-14,-5.115352585960409e-14,-1.9049432170570313e-16,-7.761846720910626e-14,0.0
315_CT_7,THERMAL,2020-07-15 00:00:00,0.08544335218050003,0.08544335218050003,0.0507525552928155,0.025052422485702577,7.865246165328376e-06,0.038101674396939456,0.022281390051692676
315_CT_8,THERMAL,2020-07-15 00:00:00,0.10111648056276061,0.10111680799035552,0.06002920979946448,0.02973203642691386,-1.637137974613151e-07,0.04495596734989983,0.02642864049974437
315_STEAM_1,THERMAL,2020-07-15 00:00:00,0.0,0.0,0.0,0.0,0.0,0.0,0.0
315_STEAM_2,THERMAL,2020-07-15 00:00:00,0.0,0.0,0.0,0.0,0.0,0.0,0.0
315_STEAM_3,THERMAL,2020-07-15 00:00:00,0.0,0.0,0.0,0.0,0.0,0.0,0.0
315_STEAM_4,THERMAL,2020-07-15 00:00:00,0.0,0.0,0.0,0.0,0.0,0.0,0.0
315_STEAM_5,THERMAL,2020-07-15 00:00:00,0.0,0.0,0.0,0.0,0.0,0.0,0.0
316_STEAM_1,THERMAL,2020-07-15 00:00:00,0.10664384009536149,0.10666272337734056,0.06334327584126752,0.031270227748462776,-9.441640989538147e-06,0.04752109838457841,0.02786195560330984
317_WIND_1,WIND,2020-07-15 00:00:00,-0.4944963681355067,1.7147818659144471,1.0040416176409466,-0.4385319001950059,0.0001505395201304438,-0.6661072168299711,0.6099922093693398
318_CC_1,THERMAL,2020-07-15 00:00:00,0.0,0.0,0.0,0.0,0.0,0.0,0.0
321_CC_1,THERMAL,2020-07-15 00:00:00,0.0,0.0,0.0,0.0,0.0,0.0,0.0
322_CT_5,THERMAL,2020-07-15 00:00:00,0.0,0.0,0.0,0.0,0.0,0.0,0.0
322_CT_6,THERMAL,2020-07-15 00:00:00,0.0,0.0,0.0,0.0,0.0,0.0,0.0
323_CC_1,THERMAL,2020-07-15 00:00:00,0.07610397325032468,0.07610397325032468,0.04517323283417441,0.022375747924489157,3.897956237921413e-06,0.033819001280227565,0.01990532608937004
323_CC_2,THERMAL,2020-07-15 00:00:00,0.0864609098353375,0.0864609098353375,0.051351730826438714,0.025362453201365317,6.270268812478413e-06,0.038534164593302125,0.022558021771857572
101_CT_1,THERMAL,2020-07-15 01:00:00,0.0,0.0,0.0,0.0,0.0,0.0,0.0
101_CT_2,THERMAL,2020-07-15 01:00:00,0.0,0.0,0.0,0.0,0.0,0.0,0.0
101_STEAM_3,THERMAL,2020-07-15 01:00:00,0.0009120003127701083,0.0009163851796340512,0.0005377788356738357,0.00028071622081920925,-2.192433431971458e-06,0.00038657170238101543,0.00024690482300185514
101_STEAM_4,THERMAL,2020-07-15 01:00:00,0.0006143617118727272,0.0006317725821732993,0.0003639835302773264,0.00018834861556411267,-8.705435150286039e-06,0.0002523086858260705,0.0001824098456328301
102_CT_1,THERMAL,2020-07-15 01:00:00,0.0,0.0,0.0,0.0,0.0,0.0,0.0
102_CT_2,THERMAL,2020-07-15 01:00:00,0.0,0.0,0.0,0.0,0.0,0.0,0.0
102_STEAM_3,THERMAL,2020-07-15 01:00:00,-0.1570128196476316,0.1570128196476316,0.09327074494165113,-0.04601574586266399,-1.3301063652992884e-05,-0.07003980569688473,-0.0409439670244299
102_STEAM_4,THERMAL,2020-07-15 01:00:00,-0.14402375945630388,0.14402375945630388,0.08554747692655396,-0.04223149177924848,-2.620166353939357e-06,-0.06420470229643538,-0.037584945214266086
107_CC_1,THERMAL,2020-07-15 01:00:00,0.058579458445912225,0.05858217663395798,0.034790365150842266,0.017193957531342896,-1.3590940228791482e-06,0.026092561379192247,0.01529429862939996
113_CT_1,THERMAL,2020-07-15 01:00:00,0.0,0.0,0.0,0.0,0.0,0.0,0.0
113_CT_2,THERMAL,2020-07-15 01:00:00,0.0,0.0,0.0,0.0,0.0,0.0,0.0
113_CT_3,THERMAL,2020-07-15 01:00:00,0.0,0.0,0.0,0.0,0.0,0.0,0.0
113_CT_4,THERMAL,2020-07-15 01:00:00,0.0,0.0,0.0,0.0,0.0,0.0,0.0
115_STEAM_1,THERMAL,2020-07-15 01:00:00,0.0,0.0,0.0,0.0,0.0,0.0,0.0
115_STEAM_2,THERMAL,2020-07-15 01:00:00,0.0,0.0,0.0,0.0,0.0,0.0,0.0
115_STEAM_3,THERMAL,2020-07-15 01:00:00,0.08425844709286104,0.08425844709286104,0.05004020369472581,0.024730551629347675,5.022064664128578e-08,0.037530505598713404,0.021997339644153326
116_STEAM_1,THERMAL,2020-07-15 01:00:00,0.10918362460020635,0.10927890625522384,0.06498883568654489,0.03179586970772724,-4.7640827508743655e-05,0.049072622017561685,0.02836277370242617
118_CC_1,THERMAL,2020-07-15 01:00:00,0.0,0.0,0.0,0.0,0.0,0.0,0.0
122_WIND_1,WIND,2020-07-15 01:00:00,0.7571081068112523,1.1002243940587753,0.9370883814661356,0.9286662504350138,-3.295498499866767e-06,-0.10811681766779202,-0.06343803045746961
123_CT_1,THERMAL,2020-07-15 01:00:00,0.0,0.0,0.0,0.0,0.0,0.0,0.0
123_CT_4,THERMAL,2020-07-15 01:00:00,0.0,0.0,0.0,0.0,0.0,0.0,0.0
123_CT_5,THERMAL,2020-07-15 01:00:00,0.0,0.0,0.0,0.0,0.0,0.0,0.0
123_STEAM_2,THERMAL,2020-07-15 01:00:00,0.08405553995865259,0.08405553995865259,0.049919754754760855,0.024670669447453775,1.7267110519192386e-07,0.03744053628808697,0.02194416155200666
123_STEAM_3,THERMAL,2020-07-15 01:00:00,0.10766524593269497,0.10766732939603371,0.06394387497528478,0.03159590625134712,-1.0417316693711598e-06,0.04796409774013455,0.02810628367288267
201_CT_1,THERMAL,2020-07-15 01:00:00,0.0,0.0,0.0,0.0,0.0,0.0,0.0
201_CT_2,THERMAL,2020-07-15 01:00:00,0.0,0.0,0.0,0.0,0.0,0.0,0.0
201_STEAM_3,THERMAL,2020-07-15 01:00:00,0.07593653952102984,0.07593684598367444,0.04509866939263258,0.022287137683078495,-1.532313222973869e-07,0.033826066533545696,0.01982348853572795
202_CT_1,THERMAL,2020-07-15 01:00:00,0.0,0.0,0.0,0.0,0.0,0.0,0.0
202_CT_2,THERMAL,2020-07-15 01:00:00,0.0,0.0,0.0,0.0,0.0,0.0,0.0
202_STEAM_3,THERMAL,2020-07-15 01:00:00,0.07900326518128559,0.07900326518128559,0.04691947784080649,0.023187799199336372,1.1763279858002795e-08,0.035190614734681554,0.020624839483987804
202_STEAM_4,THERMAL,2020-07-15 01:00:00,0.07895110409838388,0.07895110409838388,0.04688850220066888,0.02317248556434866,1.2572827382505147e-08,0.03516739029473325,0.020611215666474586
207_CT_1,THERMAL,2020-07-15 01:00:00,0.03597647595498192,0.035976924992802264,0.021366561856159375,0.010558929187427318,-2.2451891017226736e-07,0.016026070544022133,0.009391700742442641
207_CT_2,THERMAL,2020-07-15 01:00:00,0.03835187234463663,0.0383519249432902,0.022776891715922322,0.01125647285274653,-2.6299326785338834e-08,0.017083074669873497,0.010012351121343388
212_CSP_1,THERMAL,2020-07-15 01:00:00,-0.15627592380247407,0.15627592380247407,0.09279080455588723,-0.04589558908576319,-1.996708923313051e-06,-0.06954255811469423,-0.040835779893093345
213_CC_3,THERMAL,2020-07-15 01:00:00,0.0,0.0,0.0,0.0,0.0,0.0,0.0
213_CT_1,THERMAL,2020-07-15 01:00:00,0.0,0.0,0.0,0.0,0.0,0.0,0.0
213_CT_2,THERMAL,2020-07-15 01:00:00,0.0,0.0,0.0,0.0,0.0,0.0,0.0
215_CT_4,THERMAL,2020-07-15 01:00:00,0.0,0.0,0.0,0.0,0.0,0.0,0.0
215_CT_5,THERMAL,2020-07-15 01:00:00,0.0,0.0,0.0,0.0,0.0,0.0,0.0
216_STEAM_1,THERMAL,2020-07-15 01:00:00,0.09461170333825261,0.09461170333825261,0.05619145354732989,0.02776257833145218,2.4495073951413815e-06,0.042154880496841685,0.024691795002563608
218_CC_1,THERMAL,2020-07-15 01:00:00,0.0,0.0,0.0,0.0,0.0,0.0,0.0
221_CC_1,THERMAL,2020-07-15 01:00:00,0.033449713964444606,0.033449773064509004,0.019865476243408568,0.009817866972413714,-2.9550032198955023e-08,0.01489926764355154,0.008732608898511554
223_CT_4,THERMAL,2020-07-15 01:00:00,0.0,0.0,0.0,0.0,0.0,0.0,0.0
223_CT_5,THERMAL,2020-07-15 01:00:00,0.0,0.0,0.0,0.0,0.0,0.0,0.0
223_CT_6,THERMAL,2020-07-15 01:00:00,0.0,0.0,0.0,0.0,0.0,0.0,0.0
223_STEAM_1,THERMAL,2020-07-15 01:00:00,0.05701682350593905,0.31389005616859034,0.20008014267647045,-0.04435077667718813,-0.03377008660856583,0.1854534398372647,-0.05031575304557169
223_STEAM_2,THERMAL,2020-07-15 01:00:00,-0.3595804833304288,0.4272707965526956,0.3265755224392589,-0.04430714229974529,0.033845156611133395,-0.3205063140086559,-0.028612183633160978
223_STEAM_3,THERMAL,2020-07-15 01:00:00,0.11840644052279892,0.11840644052279892,0.07032036347117741,0.03475324615354891,6.194124746450314e-08,0.05274082564826976,0.030912306779732782
301_CT_1,THERMAL,2020-07-15 01:00:00,0.0,0.0,0.0,0.0,0.0,0.0,0.0
301_CT_2,THERMAL,2020-07-15 01:00:00,0.0,0.0,0.0,0.0,0.0,0.0,0.0
301_CT_3,THERMAL,2020-07-15 01:00:00,0.0,0.0,0.0,0.0,0.0,0.0,0.0
301_CT_4,THERMAL,2020-07-15 01:00:00,0.0,0.0,0.0,0.0,0.0,0.0,0.0
302_CT_1,THERMAL,2020-07-15 01:00:00,0.0,0.0,0.0,0.0,0.0,0.0,0.0
302_CT_2,THERMAL,2020-07-15 01:00:00,0.0,0.0,0.0,0.0,0.0,0.0,0.0
302_CT_3,THERMAL,2020-07-15 01:00:00,0.0,0.0,0.0,0.0,0.0,0.0,0.0
302_CT_4,THERMAL,2020-07-15 01:00:00,0.0,0.0,0.0,0.0,0.0,0.0,0.0
303_WIND_1,WIND,2020-07-15 01:00:00,-0.1861235694985447,0.6925996308496388,0.4059566994409153,-0.17404846954024578,-2.372012414220137e-05,0.25323803067554707,-0.2652894105097038
307_CT_1,THERMAL,2020-07-15 01:00:00,0.0,0.0,0.0,0.0,0.0,0.0,0.0
307_CT_2,THERMAL,2020-07-15 01:00:00,0.0,0.0,0.0,0.0,0.0,0.0,0.0
309_WIND_1,WIND,2020-07-15 01:00:00,0.762158921900982,1.0258248634891005,0.8988489381436299,-0.06976173418348686,6.503782572053751e-06,0.8939853889124691,-0.062071236610572386
313_CC_1,THERMAL,2020-07-15 01:00:00,-0.8728902633768161,0.872897822601274,0.5184130904231541,-0.2561870376390646,3.779612228971274e-06,-0.38884129314550187,-0.22786571220447865
315_CT_6,THERMAL,2020-07-15 01:00:00,2.0365436767533218e-14,2.0365436767533218e-14,1.4708583712841504e-14,8.050851652008362e-15,4.9873299934333204e-18,1.2309597785531423e-14,0.0
315_CT_7,THERMAL,2020-07-15 01:00:00,0.0453718144540355,0.04537358694754894,0.026947565263686697,0.013314765304246436,-8.862467567229831e-07,0.020214220785214246,0.011843714611331541
315_CT_8,THERMAL,2020-07-15 01:00:00,0.05067575564403198,0.05067734299962459,0.030097380381756685,0.014871710772153908,-7.936777963039095e-07,0.02257635188771817,0.013228486661956213
315_STEAM_1,THERMAL,2020-07-15 01:00:00,0.0,0.0,0.0,0.0,0.0,0.0,0.0
315_STEAM_2,THERMAL,2020-07-15 01:00:00,0.0,0.0,0.0,0.0,0.0,0.0,0.0
315_STEAM_3,THERMAL,2020-07-15 01:00:00,0.0,0.0,0.0,0.0,0.0,0.0,0.0
315_STEAM_4,THERMAL,2020-07-15 01:00:00,0.0,0.0,0.0,0.0,0.0,0.0,0.0
315_STEAM_5,THERMAL,2020-07-15 01:00:00,0.0,0.0,0.0,0.0,0.0,0.0,0.0
316_STEAM_1,THERMAL,2020-07-15 01:00:00,0.07364058638370499,0.0736408088898183,0.04373479014187282,0.021613688029622102,-1.1125305665604657e-07,0.03280230050563482,0.019224709101504728
317_WIND_1,WIND,2020-07-15 01:00:00,-0.9333276477775346,1.923763652600528,1.1439735578253372,-0.5675025826344271,1.990555858899512e-05,-0.8610430675546041,0.4951980968529076
318_CC_1,THERMAL,2020-07-15 01:00:00,0.0,0.0,0.0,0.0,0.0,0.0,0.0
321_CC_1,THERMAL,2020-07-15 01:00:00,0.0,0.0,0.0,0.0,0.0,0.0,0.0
322_CT_5,THERMAL,2020-07-15 01:00:00,0.0,0.0,0.0,0.0,0.0,0.0,0.0
322_CT_6,THERMAL,2020-07-15 01:00:00,0.0,0.0,0.0,0.0,0.0,0.0,0.0
323_CC_1,THERMAL,2020-07-15 01:00:00,0.03339878232372842,0.03339878232372842,0.019834847239091534,0.009803544332818522,8.409717930195348e-08,0.014875404092033744,0.008719749801696855
323_CC_2,THERMAL,2020-07-15 01:00:00,0.029907882885047053,0.02990789062321155,0.017762109017219307,0.008778075480013385,-3.869082247295874e-09,0.013322027811253197,0.007807783462862721
101_CT_1,THERMAL,2020-07-15 02:00:00,0.0,0.0,0.0,0.0,0.0,0.0,0.0
101_CT_2,THERMAL,2020-07-15 02:00:00,0.0,0.0,0.0,0.0,0.0,0.0,0.0
101_STEAM_3,THERMAL,2020-07-15 02:00:00,8.928059118300084e-05,8.928059118300084e-05,5.3020480237153176e-05,2.609947040258539e-05,6.006957209579013e-08,3.986268821723156e-05,2.3258362991088095e-05
101_STEAM_4,THERMAL,2020-07-15 02:00:00,4.8886262855972935e-05,4.902612047362967e-05,2.90299891040893e-05,1.4384422020866602e-05,-6.992880882836906e-08,2.16573921314777e-05,1.2914377512457002e-05
102_CT_1,THERMAL,2020-07-15 02:00:00,0.0,0.0,0.0,0.0,0.0,0.0,0.0
102_CT_2,THERMAL,2020-07-15 02:00:00,0.0,0.0,0.0,0.0,0.0,0.0,0.0
102_STEAM_3,THERMAL,2020-07-15 02:00:00,0.08090392958028585,0.14790547301090623,0.10999229921869892,-0.02837327374019072,-0.005127497975119466,0.1057963531065782,0.008608348189017833
102_STEAM_4,THERMAL,2020-07-15 02:00:00,-0.1477672318841842,0.15846954891202417,0.1276900364896144,-0.01328981964719117,0.005351158513919985,-0.1261436220952754,-0.013684948655637606
107_CC_1,THERMAL,2020-07-15 02:00:00,0.02959902896723169,0.02959902896723169,0.01757544078969781,0.008685510709054656,3.2396598819151023e-06,0.013178935973875205,0.0077313426244199155
113_CT_1,THERMAL,2020-07-15 02:00:00,0.0,0.0,0.0,0.0,0.0,0.0,0.0
113_CT_2,THERMAL,2020-07-15 02:00:00,0.0,0.0,0.0,0.0,0.0,0.0,0.0
113_CT_3,THERMAL,2020-07-15 02:00:00,0.0,0.0,0.0,0.0,0.0,0.0,0.0
113_CT_4,THERMAL,2020-07-15 02:00:00,0.0,0.0,0.0,0.0,0.0,0.0,0.0
115_STEAM_1,THERMAL,2020-07-15 02:00:00,0.0,0.0,0.0,0.0,0.0,0.0,0.0
115_STEAM_2,THERMAL,2020-07-15 02:00:00,0.0,0.0,0.0,0.0,0.0,0.0,0.0
115_STEAM_3,THERMAL,2020-07-15 02:00:00,0.05514124167676579,0.05520269334457081,0.032791279347835725,0.01611554221146211,-3.072583390251182e-05,0.024668941092405472,0.014387484206800725
116_STEAM_1,THERMAL,2020-07-15 02:00:00,0.09171437676652186,0.09171437676652186,0.05417421659815864,0.027363048561726055,9.306186940494232e-05,0.03992458891788342,0.024333677417507447
118_CC_1,THERMAL,2020-07-15 02:00:00,0.0,0.0,0.0,0.0,0.0,0.0,0.0
122_WIND_1,WIND,2020-07-15 02:00:00,0.03672836868652685,1.398207585714852,0.8730513235699934,0.7174679772006893,-1.3654532738271996e-05,-0.42914473998419567,-0.25158121399722855
123_CT_1,THERMAL,2020-07-15 02:00:00,0.0,0.0,0.0,0.0,0.0,0.0,0.0
123_CT_4,THERMAL,2020-07-15 02:00:00,0.0,0.0,0.0,0.0,0.0,0.0,0.0
123_CT_5,THERMAL,2020-07-15 02:00:00,0.0,0.0,0.0,0.0,0.0,0.0,0.0
123_STEAM_2,THERMAL,2020-07-15 02:00:00,0.0465688537906697,0.04658858668494784,0.027653358308521628,0.013668489199396006,-9.866447139073031e-06,0.020717678005425455,0.012192553032987311
123_STEAM_3,THERMAL,2020-07-15 02:00:00,0.14255459719172703,0.14259183929699248,0.08471837767784482,0.04180889865639259,-1.8621052632727952e-05,0.06365798578992177,0.0371063337980454
201_CT_1,THERMAL,2020-07-15 02:00:00,0.0,0.0,0.0,0.0,0.0,0.0,0.0
201_CT_2,THERMAL,2020-07-15 02:00:00,0.0,0.0,0.0,0.0,0.0,0.0,0.0
201_STEAM_3,THERMAL,2020-07-15 02:00:00,0.03790327683399841,0.03790327683399841,0.022509678634327564,0.011120238108999064,1.1806136434588943e-06,0.016883204336753277,0.009898653774602612
202_CT_1,THERMAL,2020-07-15 02:00:00,0.0,0.0,0.0,0.0,0.0,0.0,0.0
202_CT_2,THERMAL,2020-07-15 02:00:00,0.0,0.0,0.0,0.0,0.0,0.0,0.0
202_STEAM_3,THERMAL,2020-07-15 02:00:00,0.04385906241226015,0.04385906241226015,0.026013805851962404,0.012912812953265582,1.0619641860135911e-05,0.0194345924211956,0.011501037395938827
202_STEAM_4,THERMAL,2020-07-15 02:00:00,0.036942290772307415,0.03696253074748399,0.021959178030071677,0.010809799768667352,-1.011998758828985e-05,0.016509006150427392,0.009633604840800959
207_CT_1,THERMAL,2020-07-15 02:00:00,0.019782793145112266,0.019783054851258173,0.011746447206902147,0.0058061107537566775,-1.3085307295243424e-07,0.008803956903494196,0.005172856340934346
207_CT_2,THERMAL,2020-07-15 02:00:00,0.021340850974518655,0.021343609633956054,0.012678190273242705,0.006254428426385316,-1.3793297187006132e-06,0.009518457725721604,0.005569344152130435
212_CSP_1,THERMAL,2020-07-15 02:00:00,-0.11599296975966134,0.11599296975966134,0.06888147560090521,-0.03402649425673043,-3.6749968150839862e-06,-0.051656254412401736,-0.030306546093714082
213_CC_3,THERMAL,2020-07-15 02:00:00,0.0,0.0,0.0,0.0,0.0,0.0,0.0
213_CT_1,THERMAL,2020-07-15 02:00:00,0.0,0.0,0.0,0.0,0.0,0.0,0.0
213_CT_2,THERMAL,2020-07-15 02:00:00,0.0,0.0,0.0,0.0,0.0,0.0,0.0
215_CT_4,THERMAL,2020-07-15 02:00:00,0.0,0.0,0.0,0.0,0.0,0.0,0.0
215_CT_5,THERMAL,2020-07-15 02:00:00,0.0,0.0,0.0,0.0,0.0,0.0,0.0
216_STEAM_1,THERMAL,2020-07-15 02:00:00,0.10584781212692379,0.10584781212692379,0.06281984208287834,0.03108493633305881,6.0421275524302764e-05,0.047093590581910316,0.02760886393643036
218_CC_1,THERMAL,2020-07-15 02:00:00,0.0,0.0,0.0,0.0,0.0,0.0,0.0
221_CC_1,THERMAL,2020-07-15 02:00:00,0.058654620056573285,0.05866990174927477,0.03484810201759853,0.01719352333237789,-7.640846350742692e-06,0.026163218268266064,0.01530551930228007
223_CT_4,THERMAL,2020-07-15 02:00:00,0.0,0.0,0.0,0.0,0.0,0.0,0.0
223_CT_5,THERMAL,2020-07-15 02:00:00,0.0,0.0,0.0,0.0,0.0,0.0,0.0
223_CT_6,THERMAL,2020-07-15 02:00:00,0.0,0.0,0.0,0.0,0.0,0.0,0.0
223_STEAM_1,THERMAL,2020-07-15 02:00:00,0.3699388338175858,0.46777916498004085,0.4109043198620338,-0.016961292484214664,-0.031958873097012855,0.40919420426483655,0.009664795133976804
223_STEAM_2,THERMAL,2020-07-15 02:00:00,-0.590841834563283,0.6540441077044762,0.5238911030685165,-0.026046781539899887,0.031601136570596614,-0.5160749106036483,-0.08032127899033141
223_STEAM_3,THERMAL,2020-07-15 02:00:00,0.1232570117085648,0.1232570117085648,0.07314136128936169,0.03622029220611667,3.743824967150644e-05,0.05475375749294109,0.03224552375983554
301_CT_1,THERMAL,2020-07-15 02:00:00,0.0,0.0,0.0,0.0,0.0,0.0,0.0
301_CT_2,THERMAL,2020-07-15 02:00:00,0.0,0.0,0.0,0.0,0.0,0.0,0.0
301_CT_3,THERMAL,2020-07-15 02:00:00,0.0,0.0,0.0,0.0,0.0,0.0,0.0
301_CT_4,THERMAL,2020-07-15 02:00:00,0.0,0.0,0.0,0.0,0.0,0.0,0.0
302_CT_1,THERMAL,2020-07-15 02:00:00,0.0,0.0,0.0,0.0,0.0,0.0,0.0
302_CT_2,THERMAL,2020-07-15 02:00:00,0.0,0.0,0.0,0.0,0.0,0.0,0.0
302_CT_3,THERMAL,2020-07-15 02:00:00,0.0,0.0,0.0,0.0,0.0,0.0,0.0
302_CT_4,THERMAL,2020-07-15 02:00:00,0.0,0.0,0.0,0.0,0.0,0.0,0.0
303_WIND_1,WIND,2020-07-15 02:00:00,-0.20182524798134843,0.695471249054618,0.4068684726422983,-0.17958505293957483,5.1533546637116956e-05,0.24677146698999763,-0.26906319557840835
307_CT_1,THERMAL,2020-07-15 02:00:00,0.0,0.0,0.0,0.0,0.0,0.0,0.0
307_CT_2,THERMAL,2020-07-15 02:00:00,0.0,0.0,0.0,0.0,0.0,0.0,0.0
309_WIND_1,WIND,2020-07-15 02:00:00,0.8165935841422257,1.0199926318124137,0.9211137602516788,-0.053798797430559264,-4.833699599027241e-06,0.9182931079773198,-0.04789589270493573
313_CC_1,THERMAL,2020-07-15 02:00:00,-0.8073308404310289,0.8073308404310289,0.4794818010541206,-0.23679195142312093,-6.9014435208902825e-06,-0.359693793758475,-0.21083819380591204
315_CT_6,THERMAL,2020-07-15 02:00:00,-8.953341540385296e-16,8.953341540385296e-16,6.655194678883713e-16,-2.680147770384167e-16,-1.8431436932253575e-17,-6.088879400678593e-16,0.0
315_CT_7,THERMAL,2020-07-15 02:00:00,0.023529451289132836,0.023529451289132836,0.0139676844163686,0.006907584119296377,3.387891593600043e-06,0.010464993724309214,0.006153485553933644
315_CT_8,THERMAL,2020-07-15 02:00:00,0.02227151428955363,0.02227151428955363,0.013220815397235904,0.006538427014045764,3.6543451726487805e-06,0.009905719703845947,0.005823713226489271
315_STEAM_1,THERMAL,2020-07-15 02:00:00,0.0,0.0,0.0,0.0,0.0,0.0,0.0
315_STEAM_2,THERMAL,2020-07-15 02:00:00,0.0,0.0,0.0,0.0,0.0,0.0,0.0
315_STEAM_3,THERMAL,2020-07-15 02:00:00,0.0,0.0,0.0,0.0,0.0,0.0,0.0
315_STEAM_4,THERMAL,2020-07-15 02:00:00,0.0,0.0,0.0,0.0,0.0,0.0,0.0
315_STEAM_5,THERMAL,2020-07-15 02:00:00,0.0,0.0,0.0,0.0,0.0,0.0,0.0
316_STEAM_1,THERMAL,2020-07-15 02:00:00,0.05100488838805539,0.051010288805913184,0.03029487810674882,0.014973864828434436,-2.7002089288963305e-06,0.022725809749633896,0.013307914018915953
317_WIND_1,WIND,2020-07-15 02:00:00,-0.3928927447971522,1.66556544215628,0.9782931828116145,-0.4085405054744511,-2.099755579898499e-05,-0.620667590446466,0.6363363486795639
318_CC_1,THERMAL,2020-07-15 02:00:00,0.0,0.0,0.0,0.0,0.0,0.0,0.0
321_CC_1,THERMAL,2020-07-15 02:00:00,0.0,0.0,0.0,0.0,0.0,0.0,0.0
322_CT_5,THERMAL,2020-07-15 02:00:00,0.0,0.0,0.0,0.0,0.0,0.0,0.0
322_CT_6,THERMAL,2020-07-15 02:00:00,0.0,0.0,0.0,0.0,0.0,0.0,0.0
323_CC_1,THERMAL,2020-07-15 02:00:00,0.021133146466843764,0.021133146466843764,0.012543316677646618,0.006204896226272613,4.385682509905667e-06,0.00939495713518565,0.005528907422875597
323_CC_2,THERMAL,2020-07-15 02:00:00,0.021243169479035474,0.021250349761488253,0.012618631128836872,0.006237104433221244,-3.590141226389779e-06,0.009464864908050458,0.0055447902789901625
101_CT_1,THERMAL,2020-07-15 03:00:00,0.0,0.0,0.0,0.0,0.0,0.0,0.0
101_CT_2,THERMAL,2020-07-15 03:00:00,0.0,0.0,0.0,0.0,0.0,0.0,0.0
101_STEAM_3,THERMAL,2020-07-15 03:00:00,0.00021650097157811386,0.0002176208629734833,0.00012918667370376172,6.370230607751123e-05,-5.599456976847139e-07,9.755354222627788e-05,5.5805068972009465e-05
101_STEAM_4,THERMAL,2020-07-15 03:00:00,0.0003110554107111927,0.00031111949937945256,0.000185119570857094,9.03557917751647e-05,-3.2044334129934814e-08,0.00013989422301653742,8.083744025362052e-05
102_CT_1,THERMAL,2020-07-15 03:00:00,0.0,0.0,0.0,0.0,0.0,0.0,0.0
102_CT_2,THERMAL,2020-07-15 03:00:00,0.0,0.0,0.0,0.0,0.0,0.0,0.0
102_STEAM_3,THERMAL,2020-07-15 03:00:00,-0.0890002067641573,0.09484307016888925,0.0675297528782404,-0.025336263365831894,0.002921431702365973,-0.06238736430239045,-0.004198010798300945
102_STEAM_4,THERMAL,2020-07-15 03:00:00,0.0017943837087818692,0.06699884865358825,0.04217528352271174,-0.023401274117315234,-0.002915414213573775,0.03439661618118506,-0.00628554414151418
107_CC_1,THERMAL,2020-07-15 03:00:00,0.07363349752688757,0.07363349752688757,0.04372970936570481,0.02160044378254904,8.81848801759233e-07,0.03279970049846881,0.019232471397067966
113_CT_1,THERMAL,2020-07-15 03:00:00,0.0,0.0,0.0,0.0,0.0,0.0,0.0
113_CT_2,THERMAL,2020-07-15 03:00:00,0.0,0.0,0.0,0.0,0.0,0.0,0.0
113_CT_3,THERMAL,2020-07-15 03:00:00,0.0,0.0,0.0,0.0,0.0,0.0,0.0
113_CT_4,THERMAL,2020-07-15 03:00:00,0.0,0.0,0.0,0.0,0.0,0.0,0.0
115_STEAM_1,THERMAL,2020-07-15 03:00:00,0.0,0.0,0.0,0.0,0.0,0.0,0.0
115_STEAM_2,THERMAL,2020-07-15 03:00:00,0.0,0.0,0.0,0.0,0.0,0.0,0.0
115_STEAM_3,THERMAL,2020-07-15 03:00:00,0.026977807387180898,0.026977807387180898,0.01602266008781222,0.007912850609536434,2.114242633188823e-07,0.01202036119971428,0.007044384153666866
116_STEAM_1,THERMAL,2020-07-15 03:00:00,0.04194981813189634,0.04194981813189634,0.024910900504694876,0.012304511932215823,2.831030625705111e-06,0.01868218144426015,0.010960293724794661
118_CC_1,THERMAL,2020-07-15 03:00:00,-1.3877787807814457e-17,1.3877787807814457e-17,1.3877787807814457e-17,-1.3877787807814457e-17,0.0,0.0,0.0
122_WIND_1,WIND,2020-07-15 03:00:00,-0.23135563577523877,1.509042251082366,0.9013973902428638,0.6388433076535636,-3.635922880995679e-06,-0.5486241854251155,-0.32157112208080585
123_CT_1,THERMAL,2020-07-15 03:00:00,0.0,0.0,0.0,0.0,0.0,0.0,0.0
123_CT_4,THERMAL,2020-07-15 03:00:00,0.0,0.0,0.0,0.0,0.0,0.0,0.0
123_CT_5,THERMAL,2020-07-15 03:00:00,0.0,0.0,0.0,0.0,0.0,0.0,0.0
123_STEAM_2,THERMAL,2020-07-15 03:00:00,0.03942409522307548,0.03942409522307548,0.023414527762950162,0.011563016902852274,5.347958631496397e-08,0.017564958587079182,0.010296066253557706
123_STEAM_3,THERMAL,2020-07-15 03:00:00,0.08799349410827192,0.08799349410827192,0.052258229365774685,0.025812312158449424,9.371093252497076e-07,0.03919739237968667,0.02298285246081059
201_CT_1,THERMAL,2020-07-15 03:00:00,0.0,0.0,0.0,0.0,0.0,0.0,0.0
201_CT_2,THERMAL,2020-07-15 03:00:00,0.0,0.0,0.0,0.0,0.0,0.0,0.0
201_STEAM_3,THERMAL,2020-07-15 03:00:00,0.08622836133980252,0.08622836133980252,0.05121205628745591,0.025290880445866,1.9491594432929915e-07,0.03841753172399143,0.02251975425400076
202_CT_1,THERMAL,2020-07-15 03:00:00,0.0,0.0,0.0,0.0,0.0,0.0,0.0
202_CT_2,THERMAL,2020-07-15 03:00:00,0.0,0.0,0.0,0.0,0.0,0.0,0.0
202_STEAM_3,THERMAL,2020-07-15 03:00:00,0.09336184663220651,0.09336184663220651,0.05544881952287169,0.027383052748600863,2.133891769408834e-07,0.04159607439031623,0.02438250610411248
202_STEAM_4,THERMAL,2020-07-15 03:00:00,0.09362898447504166,0.09362898447504166,0.05560746798831236,0.02746141548244169,2.156011634211509e-07,0.04171506790200095,0.024452285489435593
207_CT_1,THERMAL,2020-07-15 03:00:00,0.026748807564596015,0.02674883430919059,0.015886658862013868,0.007845166496106074,-1.3372297287062365e-08,0.011918121691645205,0.006985532749142024
207_CT_2,THERMAL,2020-07-15 03:00:00,0.031075585776160836,0.031075585776160836,0.018456180073870277,0.0091144877793604,7.575965279096354e-08,0.013845249028316171,0.008115773208831476
212_CSP_1,THERMAL,2020-07-15 03:00:00,-0.06988350671865048,0.06988350671865048,0.04149674153054704,-0.02051401019985175,-1.8306817572977252e-07,-0.031106898851195552,-0.01826241459942745
213_CC_3,THERMAL,2020-07-15 03:00:00,0.0,0.0,0.0,0.0,0.0,0.0,0.0
213_CT_1,THERMAL,2020-07-15 03:00:00,0.0,0.0,0.0,0.0,0.0,0.0,0.0
213_CT_2,THERMAL,2020-07-15 03:00:00,0.0,0.0,0.0,0.0,0.0,0.0,0.0
215_CT_4,THERMAL,2020-07-15 03:00:00,0.0,0.0,0.0,0.0,0.0,0.0,0.0
215_CT_5,THERMAL,2020-07-15 03:00:00,0.0,0.0,0.0,0.0,0.0,0.0,0.0
216_STEAM_1,THERMAL,2020-07-15 03:00:00,0.11024552684832715,0.11024552684832715,0.06547671157488562,0.03233436207607332,8.684426611171858e-08,0.049119710249350135,0.028791367678637592
218_CC_1,THERMAL,2020-07-15 03:00:00,0.0,0.0,0.0,0.0,0.0,0.0,0.0
221_CC_1,THERMAL,2020-07-15 03:00:00,0.032881081784364774,0.03288125005232434,0.019528820452983642,0.009643593175630905,-8.413397978301873e-08,0.014650580019864634,0.00858699272284902
223_CT_4,THERMAL,2020-07-15 03:00:00,0.0,0.0,0.0,0.0,0.0,0.0,0.0
223_CT_5,THERMAL,2020-07-15 03:00:00,0.0,0.0,0.0,0.0,0.0,0.0,0.0
223_CT_6,THERMAL,2020-07-15 03:00:00,0.0,0.0,0.0,0.0,0.0,0.0,0.0
223_STEAM_1,THERMAL,2020-07-15 03:00:00,0.34775920134171256,0.699860091133353,0.5373702904331141,-0.03261360351186907,-0.11070285785315775,0.5238096462375328,-0.03273398353079335
223_STEAM_2,THERMAL,2020-07-15 03:00:00,-0.6151264600558061,0.8365500660786999,0.665432330907524,-0.022376886271974324,0.11071180301144687,-0.6539006772535743,-0.049560699541704355
223_STEAM_3,THERMAL,2020-07-15 03:00:00,0.06327392549679618,0.06327392549679618,0.03757873423558957,0.018559036210949897,1.5917107587526402e-07,0.02818916996778853,0.01652556014698188
301_CT_1,THERMAL,2020-07-15 03:00:00,0.0,0.0,0.0,0.0,0.0,0.0,0.0
301_CT_2,THERMAL,2020-07-15 03:00:00,0.0,0.0,0.0,0.0,0.0,0.0,0.0
301_CT_3,THERMAL,2020-07-15 03:00:00,0.0,0.0,0.0,0.0,0.0,0.0,0.0
301_CT_4,THERMAL,2020-07-15 03:00:00,0.0,0.0,0.0,0.0,0.0,0.0,0.0
302_CT_1,THERMAL,2020-07-15 03:00:00,0.0,0.0,0.0,0.0,0.0,0.0,0.0
302_CT_2,THERMAL,2020-07-15 03:00:00,0.0,0.0,0.0,0.0,0.0,0.0,0.0
302_CT_3,THERMAL,2020-07-15 03:00:00,0.0,0.0,0.0,0.0,0.0,0.0,0.0
302_CT_4,THERMAL,2020-07-15 03:00:00,0.0,0.0,0.0,0.0,0.0,0.0,0.0
303_WIND_1,WIND,2020-07-15 03:00:00,-0.20855859547700756,0.6961150499671842,0.4070702960446396,-0.18157437258265308,6.4719171044558266e-06,0.2437717553279839,-0.27076245013944283
307_CT_1,THERMAL,2020-07-15 03:00:00,0.0,0.0,0.0,0.0,0.0,0.0,0.0
307_CT_2,THERMAL,2020-07-15 03:00:00,0.0,0.0,0.0,0.0,0.0,0.0,0.0
309_WIND_1,WIND,2020-07-15 03:00:00,0.7591611174705769,1.0262253851390828,0.8976892344770222,-0.07063834323922524,-5.435507406170714e-06,0.8926932513048298,-0.06288835508762151
313_CC_1,THERMAL,2020-07-15 03:00:00,-0.7875633187247212,0.7875633187247212,0.4677486189391971,-0.23089157029670876,-1.897104048431686e-05,-0.3509442089547763,-0.20570856843275184
315_CT_6,THERMAL,2020-07-15 03:00:00,5.1734007702752827e-14,5.1734007702752827e-14,3.6805325233261366e-14,2.0908622055948456e-14,5.405832032012725e-16,3.02848024436031e-14,0.0
315_CT_7,THERMAL,2020-07-15 03:00:00,0.029071420548003497,0.029072487481894158,0.017267173281847396,0.008524991794083432,-5.334669453308611e-07,0.012955920254079094,0.007591041966786304
315_CT_8,THERMAL,2020-07-15 03:00:00,0.02921671076447467,0.02921683194586458,0.017352496328775745,0.008568878277264349,-6.059069495645882e-08,0.01301798714997052,0.007629905927934758
315_STEAM_1,THERMAL,2020-07-15 03:00:00,0.0,0.0,0.0,0.0,0.0,0.0,0.0
315_STEAM_2,THERMAL,2020-07-15 03:00:00,0.0,0.0,0.0,0.0,0.0,0.0,0.0
315_STEAM_3,THERMAL,2020-07-15 03:00:00,0.0,0.0,0.0,0.0,0.0,0.0,0.0
315_STEAM_4,THERMAL,2020-07-15 03:00:00,0.0,0.0,0.0,0.0,0.0,0.0,0.0
315_STEAM_5,THERMAL,2020-07-15 03:00:00,0.0,0.0,0.0,0.0,0.0,0.0,0.0
316_STEAM_1,THERMAL,2020-07-15 03:00:00,0.03341685947994714,0.03341685947994714,0.01984691167410832,0.009800938483981954,2.1261108096304326e-08,0.014889033093275827,0.00872686664158126
317_WIND_1,WIND,2020-07-15 03:00:00,-0.05396821058392742,1.5034005083265898,0.9171895595620797,-0.30918099570147817,2.142185921094608e-06,-0.46950336375378043,0.7247140066854101
318_CC_1,THERMAL,2020-07-15 03:00:00,0.0,0.0,0.0,0.0,0.0,0.0,0.0
321_CC_1,THERMAL,2020-07-15 03:00:00,0.0,0.0,0.0,0.0,0.0,0.0,0.0
322_CT_5,THERMAL,2020-07-15 03:00:00,0.0,0.0,0.0,0.0,0.0,0.0,0.0
322_CT_6,THERMAL,2020-07-15 03:00:00,0.0,0.0,0.0,0.0,0.0,0.0,0.0
323_CC_1,THERMAL,2020-07-15 03:00:00,0.022841014834021973,0.022841014834021973,0.01356571855423918,0.00669907215401239,1.2190570621104652e-09,0.010176916492331784,0.005965024968620735
323_CC_2,THERMAL,2020-07-15 03:00:00,0.02424483726652366,0.02424483726652366,0.014399347364020997,0.0071109430270467865,4.9288100949359745e-08,0.010802025646070561,0.006331819305305363
101_CT_1,THERMAL,2020-07-15 04:00:00,0.0,0.0,0.0,0.0,0.0,0.0,0.0
101_CT_2,THERMAL,2020-07-15 04:00:00,0.0,0.0,0.0,0.0,0.0,0.0,0.0
101_STEAM_3,THERMAL,2020-07-15 04:00:00,0.0010169233677151562,0.001025858585731817,0.0006116789624856331,0.00029143925216627836,-4.467609008330439e-06,0.0004716988584462262,0.00025825286611098197
101_STEAM_4,THERMAL,2020-07-15 04:00:00,0.0006139431302505915,0.0006142478799140831,0.0003642892951609082,0.000180386123345408,-1.523748317457857e-07,0.00027215206852709557,0.0001615573132098337
102_CT_1,THERMAL,2020-07-15 04:00:00,0.0,0.0,0.0,0.0,0.0,0.0,0.0
102_CT_2,THERMAL,2020-07-15 04:00:00,0.0,0.0,0.0,0.0,0.0,0.0,0.0
102_STEAM_3,THERMAL,2020-07-15 04:00:00,-0.06779588658245814,0.06779588658245814,0.040241214375575186,-0.019912099752138743,-1.522410935023144e-05,-0.030145711856863433,-0.017722850864105723
102_STEAM_4,THERMAL,2020-07-15 04:00:00,-0.061122210529270596,0.061122210529270596,0.03623504581815702,-0.01802826654792483,-5.215489398249784e-05,-0.02707335465913563,-0.015968434428227634
107_CC_1,THERMAL,2020-07-15 04:00:00,0.06827896846487924,0.06827956072533814,0.040550772738190584,0.020040157127878377,-2.961302294490764e-07,0.03041445354414174,0.01782465392308858
113_CT_1,THERMAL,2020-07-15 04:00:00,0.0,0.0,0.0,0.0,0.0,0.0,0.0
113_CT_2,THERMAL,2020-07-15 04:00:00,0.0,0.0,0.0,0.0,0.0,0.0,0.0
113_CT_3,THERMAL,2020-07-15 04:00:00,0.0,0.0,0.0,0.0,0.0,0.0,0.0
113_CT_4,THERMAL,2020-07-15 04:00:00,0.0,0.0,0.0,0.0,0.0,0.0,0.0
115_STEAM_1,THERMAL,2020-07-15 04:00:00,0.0,0.0,0.0,0.0,0.0,0.0,0.0
115_STEAM_2,THERMAL,2020-07-15 04:00:00,0.0,0.0,0.0,0.0,0.0,0.0,0.0
115_STEAM_3,THERMAL,2020-07-15 04:00:00,0.09732199939897403,0.09732199939897403,0.05778518482645412,0.028581497754969116,9.738165464512338e-06,0.043317100917918516,0.025413662560621886
116_STEAM_1,THERMAL,2020-07-15 04:00:00,-0.12539612514898973,0.12539612514898973,0.0738133044013865,-0.03711045269399915,-0.0007149750768454255,-0.05465718152650956,-0.0329135158516356
118_CC_1,THERMAL,2020-07-15 04:00:00,0.0,0.0,0.0,0.0,0.0,0.0,0.0
122_WIND_1,WIND,2020-07-15 04:00:00,0.8976805849828126,1.0422538959807108,0.9714045537781678,0.9699672404817616,-2.2212804493548788e-06,-0.04557195128046132,-0.02671248293803844
123_CT_1,THERMAL,2020-07-15 04:00:00,0.0,0.0,0.0,0.0,0.0,0.0,0.0
123_CT_4,THERMAL,2020-07-15 04:00:00,0.0,0.0,0.0,0.0,0.0,0.0,0.0
123_CT_5,THERMAL,2020-07-15 04:00:00,0.0,0.0,0.0,0.0,0.0,0.0,0.0
123_STEAM_2,THERMAL,2020-07-15 04:00:00,0.08823153648570056,0.08823235846513186,0.0524024772352844,0.025892097981521145,-4.1098971564901277e-07,0.039309042170850184,0.023030807323044883
123_STEAM_3,THERMAL,2020-07-15 04:00:00,0.2289128439065658,0.2289128439065658,0.13518444105598382,0.06767508162256874,0.0007355679734240006,0.10042407637873563,0.06007811793183742
201_CT_1,THERMAL,2020-07-15 04:00:00,0.0,0.0,0.0,0.0,0.0,0.0,0.0
201_CT_2,THERMAL,2020-07-15 04:00:00,0.0,0.0,0.0,0.0,0.0,0.0,0.0
201_STEAM_3,THERMAL,2020-07-15 04:00:00,0.07690396855284987,0.07690499483985935,0.045674137570674275,0.02256922095082778,-5.131435047434074e-07,0.03425976785352636,0.020075492892000467
202_CT_1,THERMAL,2020-07-15 04:00:00,0.0,0.0,0.0,0.0,0.0,0.0,0.0
202_CT_2,THERMAL,2020-07-15 04:00:00,0.0,0.0,0.0,0.0,0.0,0.0,0.0
202_STEAM_3,THERMAL,2020-07-15 04:00:00,0.0873061810404564,0.0873061810404564,0.05185058893948963,0.025623872009102027,7.841553821665362e-07,0.0388904674172258,0.02279105745874641
202_STEAM_4,THERMAL,2020-07-15 04:00:00,0.09447214374135628,0.09447214374135628,0.05610703767650676,0.027726362456900817,1.6661747067030913e-07,0.04208371896996709,0.0246618956970177
207_CT_1,THERMAL,2020-07-15 04:00:00,0.03840248169591696,0.03840249738657757,0.02280719414409442,0.011270716057737107,-7.845330305539244e-09,0.017106543325777865,0.01002523015773229
207_CT_2,THERMAL,2020-07-15 04:00:00,0.042207080204197084,0.0422070842376587,0.02506668168482392,0.012387596412900437,-2.016730806658762e-09,0.018801087072280245,0.011018398735747208
212_CSP_1,THERMAL,2020-07-15 04:00:00,-0.0903613713600518,0.0903613713600518,0.05366662210187165,-0.026517697884433422,-5.468574568734397e-07,-0.04025659834933881,-0.0235865282688227
213_CC_3,THERMAL,2020-07-15 04:00:00,0.0,0.0,0.0,0.0,0.0,0.0,0.0
213_CT_1,THERMAL,2020-07-15 04:00:00,0.0,0.0,0.0,0.0,0.0,0.0,0.0
213_CT_2,THERMAL,2020-07-15 04:00:00,0.0,0.0,0.0,0.0,0.0,0.0,0.0
215_CT_4,THERMAL,2020-07-15 04:00:00,0.0,0.0,0.0,0.0,0.0,0.0,0.0
215_CT_5,THERMAL,2020-07-15 04:00:00,0.0,0.0,0.0,0.0,0.0,0.0,0.0
216_STEAM_1,THERMAL,2020-07-15 04:00:00,0.19225068630728795,0.19232225686260954,0.11419685173156875,0.05642147581174539,-3.5785277660793646e-05,0.08565096556603358,0.050214030207169774
218_CC_1,THERMAL,2020-07-15 04:00:00,0.0,0.0,0.0,0.0,0.0,0.0,0.0
221_CC_1,THERMAL,2020-07-15 04:00:00,0.054234645900804304,0.0542350828882774,0.03221019590580069,0.0159169959495587,-2.1849373654792004e-07,0.024159756109969788,0.014158112335012366
223_CT_4,THERMAL,2020-07-15 04:00:00,0.0,0.0,0.0,0.0,0.0,0.0,0.0
223_CT_5,THERMAL,2020-07-15 04:00:00,0.0,0.0,0.0,0.0,0.0,0.0,0.0
223_CT_6,THERMAL,2020-07-15 04:00:00,0.0,0.0,0.0,0.0,0.0,0.0,0.0
223_STEAM_1,THERMAL,2020-07-15 04:00:00,-0.3385694099501334,0.3385694099501334,0.20105855016681104,-0.09939282148390338,-6.927873171748769e-06,-0.15076610921958017,-0.0884035513734781
223_STEAM_2,THERMAL,2020-07-15 04:00:00,-0.36516805650437234,0.3653164891419387,0.21688156798459093,-0.10722651242378123,7.421631878318409e-05,-0.16257883304282067,-0.09543692735655362
223_STEAM_3,THERMAL,2020-07-15 04:00:00,0.11390884051849919,0.1139096518066363,0.06765298552820811,0.033428773214857044,-4.056440685573648e-07,0.05074952543937172,0.029730947508338972
301_CT_1,THERMAL,2020-07-15 04:00:00,0.0,0.0,0.0,0.0,0.0,0.0,0.0
301_CT_2,THERMAL,2020-07-15 04:00:00,0.0,0.0,0.0,0.0,0.0,0.0,0.0
301_CT_3,THERMAL,2020-07-15 04:00:00,0.0,0.0,0.0,0.0,0.0,0.0,0.0
301_CT_4,THERMAL,2020-07-15 04:00:00,0.0,0.0,0.0,0.0,0.0,0.0,0.0
302_CT_1,THERMAL,2020-07-15 04:00:00,0.0,0.0,0.0,0.0,0.0,0.0,0.0
302_CT_2,THERMAL,2020-07-15 04:00:00,0.0,0.0,0.0,0.0,0.0,0.0,0.0
302_CT_3,THERMAL,2020-07-15 04:00:00,0.0,0.0,0.0,0.0,0.0,0.0,0.0
302_CT_4,THERMAL,2020-07-15 04:00:00,0.0,0.0,0.0,0.0,0.0,0.0,0.0
303_WIND_1,WIND,2020-07-15 04:00:00,-1.7323113588867707,1.7323113588867707,1.0155948821527796,-0.6279346930183118,-7.707229859654774e-06,-0.4353179154584943,-0.6690510431801048
307_CT_1,THERMAL,2020-07-15 04:00:00,0.0,0.0,0.0,0.0,0.0,0.0,0.0
307_CT_2,THERMAL,2020-07-15 04:00:00,0.0,0.0,0.0,0.0,0.0,0.0,0.0
309_WIND_1,WIND,2020-07-15 04:00:00,0.8881939609327877,1.012211562680129,0.9512172832781955,-0.032816872875767955,-1.4447011434937096e-06,0.9502027618064584,-0.029190483296759183
313_CC_1,THERMAL,2020-07-15 04:00:00,-0.7511907401078753,0.7512069273185108,0.44612925578319174,-0.2204890067448051,8.093605317727182e-06,-0.3345988680377836,-0.19611095893060437
315_CT_6,THERMAL,2020-07-15 04:00:00,-3.264166281019554e-13,3.264166281019554e-13,2.3933355199955083e-13,-1.0090192570366696e-13,-8.663859560331666e-15,-2.1685084283795675e-13,0.0
315_CT_7,THERMAL,2020-07-15 04:00:00,0.05361165529829892,0.05361165529829892,0.031838893616488256,0.01573738823617983,5.398835285037526e-08,0.023877842830411028,0.013996370243355214
315_CT_8,THERMAL,2020-07-15 04:00:00,0.05966161950936408,0.05966161950936408,0.03543273992049478,0.017510716742078738,1.0206673023188846e-07,0.02657580295339362,0.015574997747161493
315_STEAM_1,THERMAL,2020-07-15 04:00:00,0.0,0.0,0.0,0.0,0.0,0.0,0.0
315_STEAM_2,THERMAL,2020-07-15 04:00:00,0.0,0.0,0.0,0.0,0.0,0.0,0.0
315_STEAM_3,THERMAL,2020-07-15 04:00:00,0.0,0.0,0.0,0.0,0.0,0.0,0.0
315_STEAM_4,THERMAL,2020-07-15 04:00:00,0.0,0.0,0.0,0.0,0.0,0.0,0.0
315_STEAM_5,THERMAL,2020-07-15 04:00:00,0.0,0.0,0.0,0.0,0.0,0.0,0.0
316_STEAM_1,THERMAL,2020-07-15 04:00:00,0.06895408064705222,0.06895428379811974,0.04095257551972112,0.020235808771284503,-1.0157553376188844e-07,0.030718649328336234,0.017999724122965244
317_WIND_1,WIND,2020-07-15 04:00:00,0.31039650462001067,1.329591801431663,0.8987228250487802,-0.20238306188952748,1.6708167542844876e-05,-0.30721458651629874,0.819977444858294
318_CC_1,THERMAL,2020-07-15 04:00:00,0.0,0.0,0.0,0.0,0.0,0.0,0.0
321_CC_1,THERMAL,2020-07-15 04:00:00,0.0,0.0,0.0,0.0,0.0,0.0,0.0
322_CT_5,THERMAL,2020-07-15 04:00:00,0.0,0.0,0.0,0.0,0.0,0.0,0.0
322_CT_6,THERMAL,2020-07-15 04:00:00,0.0,0.0,0.0,0.0,0.0,0.0,0.0
323_CC_1,THERMAL,2020-07-15 04:00:00,0.034038413303324855,0.03404095551181019,0.02021656385779823,0.009989084286255117,-1.2711042426708733e-06,0.015164723942930048,0.008885876178382355
323_CC_2,THERMAL,2020-07-15 04:00:00,0.035316097050634716,0.035317290684574565,0.020974263970662304,0.010365574092465074,-5.96816969924063e-07,0.01573097333840585,0.009220146436733719
101_CT_1,THERMAL,2020-07-15 05:00:00,0.0,0.0,0.0,0.0,0.0,0.0,0.0
101_CT_2,THERMAL,2020-07-15 05:00:00,0.0,0.0,0.0,0.0,0.0,0.0,0.0
101_STEAM_3,THERMAL,2020-07-15 05:00:00,-0.0009413180341808303,0.012445619705929634,0.007150435159701815,-0.0036232975558000563,-0.0012186819536528907,0.005752150835874402,-0.0018514893606022857
101_STEAM_4,THERMAL,2020-07-15 05:00:00,-0.017310576650532462,0.017310576650532462,0.011103019687721738,-0.001245246540797232,-0.003275685687732442,-0.010216391803009393,-0.002573252618993395
102_CT_1,THERMAL,2020-07-15 05:00:00,0.0,0.0,0.0,0.0,0.0,0.0,0.0
102_CT_2,THERMAL,2020-07-15 05:00:00,0.0,0.0,0.0,0.0,0.0,0.0,0.0
102_STEAM_3,THERMAL,2020-07-15 05:00:00,-0.14595764582881499,0.14595764582881499,0.07297885755267777,-0.03651645371652626,-0.03652115242022918,-0.036431831058833755,-0.03648820863322579
102_STEAM_4,THERMAL,2020-07-15 05:00:00,-0.15746646385566665,0.15746646385566665,0.07873328474540131,-0.039370035315331176,-0.03940569962621166,-0.03929116795930142,-0.03939956095482241
107_CC_1,THERMAL,2020-07-15 05:00:00,0.10532221411452625,0.10532221411452625,0.052661107182773725,0.02632788290144117,0.026330397022375385,0.026332983453631442,0.02633095073707826
113_CT_1,THERMAL,2020-07-15 05:00:00,0.0,0.0,0.0,0.0,0.0,0.0,0.0
113_CT_2,THERMAL,2020-07-15 05:00:00,0.0,0.0,0.0,0.0,0.0,0.0,0.0
113_CT_3,THERMAL,2020-07-15 05:00:00,0.0,0.0,0.0,0.0,0.0,0.0,0.0
113_CT_4,THERMAL,2020-07-15 05:00:00,0.0,0.0,0.0,0.0,0.0,0.0,0.0
115_STEAM_1,THERMAL,2020-07-15 05:00:00,0.0,0.0,0.0,0.0,0.0,0.0,0.0
115_STEAM_2,THERMAL,2020-07-15 05:00:00,0.0,0.0,0.0,0.0,0.0,0.0,0.0
115_STEAM_3,THERMAL,2020-07-15 05:00:00,0.11360834408180018,0.11360834408180018,0.05680417445330398,0.028405112941458872,0.028410003135554196,0.02838817776239333,0.028405050242393794
116_STEAM_1,THERMAL,2020-07-15 05:00:00,0.36869362641049686,0.36869362641049686,0.18435906966440738,0.09288297210063196,0.09289601700248273,0.09034650460357163,0.09256813270381055
118_CC_1,THERMAL,2020-07-15 05:00:00,0.0,0.0,0.0,0.0,0.0,0.0,0.0
122_WIND_1,WIND,2020-07-15 05:00:00,0.909859057066396,1.0450700933819235,0.9782435780002967,0.9774645752241597,-0.0225391602420153,-0.0225294129817577,-0.022536944933990728
123_CT_1,THERMAL,2020-07-15 05:00:00,0.0,0.0,0.0,0.0,0.0,0.0,0.0
123_CT_4,THERMAL,2020-07-15 05:00:00,0.0,0.0,0.0,0.0,0.0,0.0,0.0
123_CT_5,THERMAL,2020-07-15 05:00:00,0.0,0.0,0.0,0.0,0.0,0.0,0.0
123_STEAM_2,THERMAL,2020-07-15 05:00:00,0.09818604237630552,0.09818604237630552,0.04909302194948359,0.024544416552291448,0.024551014713971586,0.0245404488217682,0.024550162288274287
123_STEAM_3,THERMAL,2020-07-15 05:00:00,0.22744863552973038,0.22744863552973038,0.11372448193472896,0.056945225764009066,0.05689435760199446,0.056697848308401966,0.056911203855324895
201_CT_1,THERMAL,2020-07-15 05:00:00,0.0,0.0,0.0,0.0,0.0,0.0,0.0
201_CT_2,THERMAL,2020-07-15 05:00:00,0.0,0.0,0.0,0.0,0.0,0.0,0.0
201_STEAM_3,THERMAL,2020-07-15 05:00:00,0.08804840219295511,0.08804840219295511,0.044024201199905265,0.022010037535394822,0.02201151424795811,0.022014131407383175,0.022012719002219006
202_CT_1,THERMAL,2020-07-15 05:00:00,0.0,0.0,0.0,0.0,0.0,0.0,0.0
202_CT_2,THERMAL,2020-07-15 05:00:00,0.0,0.0,0.0,0.0,0.0,0.0,0.0
202_STEAM_3,THERMAL,2020-07-15 05:00:00,0.12542713496734248,0.12542713496734248,0.06271356807777188,0.03135556775194176,0.03135302890885806,0.03136409535259789,0.031354442953944774
202_STEAM_4,THERMAL,2020-07-15 05:00:00,0.12256128968070237,0.12256128968070237,0.06128064601105923,0.030639564451051926,0.03064607309488364,0.030630848418851428,0.030644803715915377
207_CT_1,THERMAL,2020-07-15 05:00:00,0.05004049672914209,0.05004049672914209,0.025020248388437038,0.012509193652816188,0.01251031694221539,0.012510590721346079,0.012510395412764433
207_CT_2,THERMAL,2020-07-15 05:00:00,0.04864177188575147,0.04864177188575147,0.024320885989885563,0.012159265720634947,0.012160425912804133,0.012161346102657292,0.012160734149655099
212_CSP_1,THERMAL,2020-07-15 05:00:00,-0.0890522702918393,0.0890522702918393,0.04452613522707708,-0.02226080039516076,-0.022263478827232897,-0.02226368264358669,-0.02226430842585896
213_CC_3,THERMAL,2020-07-15 05:00:00,0.0,0.0,0.0,0.0,0.0,0.0,0.0
213_CT_1,THERMAL,2020-07-15 05:00:00,0.0,0.0,0.0,0.0,0.0,0.0,0.0
213_CT_2,THERMAL,2020-07-15 05:00:00,0.0,0.0,0.0,0.0,0.0,0.0,0.0
215_CT_4,THERMAL,2020-07-15 05:00:00,0.0,0.0,0.0,0.0,0.0,0.0,0.0
215_CT_5,THERMAL,2020-07-15 05:00:00,0.0,0.0,0.0,0.0,0.0,0.0,0.0
216_STEAM_1,THERMAL,2020-07-15 05:00:00,-0.3553641257432676,0.3553641257432676,0.17768209674085236,-0.08886059483954561,-0.08889980569098388,-0.08875121494031957,-0.08885251027241854
218_CC_1,THERMAL,2020-07-15 05:00:00,0.0,0.0,0.0,0.0,0.0,0.0,0.0
221_CC_1,THERMAL,2020-07-15 05:00:00,0.08847166864387296,0.08847166864387296,0.044235834514850234,0.02211552914105752,0.02211671794436798,0.02212103223853923,0.02211838931990822
223_CT_4,THERMAL,2020-07-15 05:00:00,0.0,0.0,0.0,0.0,0.0,0.0,0.0
223_CT_5,THERMAL,2020-07-15 05:00:00,0.0,0.0,0.0,0.0,0.0,0.0,0.0
223_CT_6,THERMAL,2020-07-15 05:00:00,0.0,0.0,0.0,0.0,0.0,0.0,0.0
223_STEAM_1,THERMAL,2020-07-15 05:00:00,-0.32269213422164433,0.32269213422164433,0.16134606878678692,-0.08067426535040441,-0.08068726152885274,-0.08065487856020714,-0.08067572878218007
223_STEAM_2,THERMAL,2020-07-15 05:00:00,-0.34095917432607464,0.34095917432607464,0.17047958786755163,-0.08523418921587221,-0.08525315895160647,-0.08523575185110846,-0.08523607430748752
223_STEAM_3,THERMAL,2020-07-15 05:00:00,-0.02021438617182442,0.022082854120562382,0.018163163517822902,-0.001777054933628619,0.0009342339743689809,-0.017999657221251297,-0.0013719079913134845
301_CT_1,THERMAL,2020-07-15 05:00:00,0.0,0.0,0.0,0.0,0.0,0.0,0.0
301_CT_2,THERMAL,2020-07-15 05:00:00,0.0,0.0,0.0,0.0,0.0,0.0,0.0
301_CT_3,THERMAL,2020-07-15 05:00:00,0.0,0.0,0.0,0.0,0.0,0.0,0.0
301_CT_4,THERMAL,2020-07-15 05:00:00,0.0,0.0,0.0,0.0,0.0,0.0,0.0
302_CT_1,THERMAL,2020-07-15 05:00:00,0.0,0.0,0.0,0.0,0.0,0.0,0.0
302_CT_2,THERMAL,2020-07-15 05:00:00,0.0,0.0,0.0,0.0,0.0,0.0,0.0
302_CT_3,THERMAL,2020-07-15 05:00:00,0.0,0.0,0.0,0.0,0.0,0.0,0.0
302_CT_4,THERMAL,2020-07-15 05:00:00,0.0,0.0,0.0,0.0,0.0,0.0,0.0
303_WIND_1,WIND,2020-07-15 05:00:00,-2.147334102693663,2.5737114411264317,1.379422105171555,-0.7867497912729348,0.21318866921638424,-0.7869322830797927,-0.7868406975573203
307_CT_1,THERMAL,2020-07-15 05:00:00,0.0,0.0,0.0,0.0,0.0,0.0,0.0
307_CT_2,THERMAL,2020-07-15 05:00:00,0.0,0.0,0.0,0.0,0.0,0.0,0.0
309_WIND_1,WIND,2020-07-15 05:00:00,0.9391939974368692,1.0303972957105851,0.9851475197391464,-0.015199277118018939,-0.015200671050267456,0.9847956465737271,-0.01520170096857155
313_CC_1,THERMAL,2020-07-15 05:00:00,-0.7920397584915386,0.7920397584915386,0.3963883833780623,-0.2017971371891475,-0.20468540764660692,-0.1833348974170086,-0.20222231623877562
315_CT_6,THERMAL,2020-07-15 05:00:00,-9.92088355911136e-15,9.92088355911136e-15,5.7289475884815806e-15,-3.2317898357447916e-15,-3.391384395534658e-15,-3.2977093278319103e-15,0.0
315_CT_7,THERMAL,2020-07-15 05:00:00,0.044068397303410875,0.044068397303410875,0.022034198727048947,0.011015968879570303,0.01101677079950265,0.011018488406320736,0.011017169218017184
315_CT_8,THERMAL,2020-07-15 05:00:00,0.04866893271028046,0.04866893271028046,0.02433446648971265,0.01216583471350974,0.012166648527528684,0.01216929375471746,0.012167155714524579
315_STEAM_1,THERMAL,2020-07-15 05:00:00,0.0,0.0,0.0,0.0,0.0,0.0,0.0
315_STEAM_2,THERMAL,2020-07-15 05:00:00,0.0,0.0,0.0,0.0,0.0,0.0,0.0
315_STEAM_3,THERMAL,2020-07-15 05:00:00,0.0,0.0,0.0,0.0,0.0,0.0,0.0
315_STEAM_4,THERMAL,2020-07-15 05:00:00,0.0,0.0,0.0,0.0,0.0,0.0,0.0
315_STEAM_5,THERMAL,2020-07-15 05:00:00,0.0,0.0,0.0,0.0,0.0,0.0,0.0
316_STEAM_1,THERMAL,2020-07-15 05:00:00,0.08139651853155871,0.08139651853155871,0.040698259567028834,0.02034708562167198,0.020348091372366928,0.02035336469639537,0.020347976841124445
317_WIND_1,WIND,2020-07-15 05:00:00,0.7817680392526848,1.1091037282720007,0.9501463386594243,-0.054557987084304926,-0.054562480064210384,-0.05454737736114268,0.9454358837623428
318_CC_1,THERMAL,2020-07-15 05:00:00,0.0,0.0,0.0,0.0,0.0,0.0,0.0
321_CC_1,THERMAL,2020-07-15 05:00:00,0.0,0.0,0.0,0.0,0.0,0.0,0.0
322_CT_5,THERMAL,2020-07-15 05:00:00,0.0,0.0,0.0,0.0,0.0,0.0,0.0
322_CT_6,THERMAL,2020-07-15 05:00:00,0.0,0.0,0.0,0.0,0.0,0.0,0.0
323_CC_1,THERMAL,2020-07-15 05:00:00,0.071373471082111,0.071373471082111,0.03568673689826487,0.017840991857438444,0.01784012541539465,0.017851874643054513,0.01784047916622341
323_CC_2,THERMAL,2020-07-15 05:00:00,0.07655391631204286,0.07655391631204286,0.03827695821354504,0.019136905718394364,0.019138237856600012,0.01913972077620649,0.019139051960841997
101_CT_1,THERMAL,2020-07-15 06:00:00,0.0,0.0,0.0,0.0,0.0,0.0,0.0
101_CT_2,THERMAL,2020-07-15 06:00:00,0.0,0.0,0.0,0.0,0.0,0.0,0.0
101_STEAM_3,THERMAL,2020-07-15 06:00:00,0.06349555348397892,0.09091211540973756,0.07246057542284375,-0.004013986018654081,-0.009694294944225235,0.07146700147508667,0.005736832971771576
101_STEAM_4,THERMAL,2020-07-15 06:00:00,-0.0786225611702133,0.09060777119602338,0.07600612296512198,-5.7842151180815485e-05,0.00599260501290504,-0.07518797334204375,-0.009369350689893776
102_CT_1,THERMAL,2020-07-15 06:00:00,0.0,0.0,0.0,0.0,0.0,0.0,0.0
102_CT_2,THERMAL,2020-07-15 06:00:00,0.0,0.0,0.0,0.0,0.0,0.0,0.0
102_STEAM_3,THERMAL,2020-07-15 06:00:00,-0.1419037003722607,0.1419037003722607,0.07095189532701267,-0.0354446816810329,-0.03552173833463462,-0.03542848724307501,-0.03550879311351814
102_STEAM_4,THERMAL,2020-07-15 06:00:00,-0.1488694447499954,0.1488694447499954,0.07443475889640232,-0.037206596150287014,-0.03725832119403805,-0.03724218516519029,-0.03716234224048003
107_CC_1,THERMAL,2020-07-15 06:00:00,0.5493387014020802,0.5493387014020802,0.27466954565974616,0.13723888669470674,0.13716331367692924,0.13759645632911255,0.13734004470133163
113_CT_1,THERMAL,2020-07-15 06:00:00,0.0,0.0,0.0,0.0,0.0,0.0,0.0
113_CT_2,THERMAL,2020-07-15 06:00:00,0.0,0.0,0.0,0.0,0.0,0.0,0.0
113_CT_3,THERMAL,2020-07-15 06:00:00,0.0,0.0,0.0,0.0,0.0,0.0,0.0
113_CT_4,THERMAL,2020-07-15 06:00:00,0.0,0.0,0.0,0.0,0.0,0.0,0.0
115_STEAM_1,THERMAL,2020-07-15 06:00:00,0.0,0.0,0.0,0.0,0.0,0.0,0.0
115_STEAM_2,THERMAL,2020-07-15 06:00:00,0.0,0.0,0.0,0.0,0.0,0.0,0.0
115_STEAM_3,THERMAL,2020-07-15 06:00:00,-0.3255431718042463,0.3255431718042463,0.16277189369867862,-0.08128616875383063,-0.0812106118494278,-0.08162766757398332,-0.08141872362700459
116_STEAM_1,THERMAL,2020-07-15 06:00:00,-0.3132071894035454,0.3132071894035454,0.15660364633028911,-0.07827368045687239,-0.0783928430499411,-0.07832088257190106,-0.07821978332483089
118_CC_1,THERMAL,2020-07-15 06:00:00,0.0,0.0,0.0,0.0,0.0,0.0,0.0
122_WIND_1,WIND,2020-07-15 06:00:00,0.8441646225106031,1.0779212191107437,0.9634090554824614,0.9610429208106734,-0.03895249243369214,-0.038951315463197744,-0.03897449040318045
123_CT_1,THERMAL,2020-07-15 06:00:00,0.0,0.0,0.0,0.0,0.0,0.0,0.0
123_CT_4,THERMAL,2020-07-15 06:00:00,0.0,0.0,0.0,0.0,0.0,0.0,0.0
123_CT_5,THERMAL,2020-07-15 06:00:00,0.0,0.0,0.0,0.0,0.0,0.0,0.0
123_STEAM_2,THERMAL,2020-07-15 06:00:00,0.24500843714535545,0.24500843714535545,0.12250423189645243,0.061267425986463675,0.06128490189236835,0.06120808930814725,0.061248019958376164
123_STEAM_3,THERMAL,2020-07-15 06:00:00,-0.7999382326724152,0.7999382326724152,0.3999691293560453,-0.19997567337282418,-0.19991080131822137,-0.1999986647219032,-0.20005309325946646
201_CT_1,THERMAL,2020-07-15 06:00:00,0.0,0.0,0.0,0.0,0.0,0.0,0.0
201_CT_2,THERMAL,2020-07-15 06:00:00,0.0,0.0,0.0,0.0,0.0,0.0,0.0
201_STEAM_3,THERMAL,2020-07-15 06:00:00,0.15128949352559395,0.15128949352559395,0.07564474689707772,0.03782519460749939,0.03782390981508327,0.03782069491211426,0.03781969419089703
202_CT_1,THERMAL,2020-07-15 06:00:00,0.0,0.0,0.0,0.0,0.0,0.0,0.0
202_CT_2,THERMAL,2020-07-15 06:00:00,0.0,0.0,0.0,0.0,0.0,0.0,0.0
202_STEAM_3,THERMAL,2020-07-15 06:00:00,0.16316693257010378,0.16316693257010378,0.0816340915891194,0.0406945061327261,0.039137265190966,0.043078609252174216,0.04025655199423746
202_STEAM_4,THERMAL,2020-07-15 06:00:00,0.159733000220719,0.159733000220719,0.07988427715658104,0.04031776767968573,0.040379417548497165,0.03848157771447425,0.04055423727806187
207_CT_1,THERMAL,2020-07-15 06:00:00,0.10231693292571072,0.10231693292571072,0.051158489828666304,0.02559141615702107,0.02559316915114923,0.025536959188434905,0.02559538842910551
207_CT_2,THERMAL,2020-07-15 06:00:00,0.10347655209812787,0.10347655209812787,0.051738288200551125,0.025855939457921168,0.02585675895222883,0.025899288335099246,0.025864565352878628
212_CSP_1,THERMAL,2020-07-15 06:00:00,-0.17512216314609294,0.17512216314609294,0.087561081794866,-0.04377605371323301,-0.04377955485930207,-0.043784452610224456,-0.043782101963333396
213_CC_3,THERMAL,2020-07-15 06:00:00,0.0,0.0,0.0,0.0,0.0,0.0,0.0
213_CT_1,THERMAL,2020-07-15 06:00:00,0.0,0.0,0.0,0.0,0.0,0.0,0.0
213_CT_2,THERMAL,2020-07-15 06:00:00,0.0,0.0,0.0,0.0,0.0,0.0,0.0
215_CT_4,THERMAL,2020-07-15 06:00:00,0.0,0.0,0.0,0.0,0.0,0.0,0.0
215_CT_5,THERMAL,2020-07-15 06:00:00,0.0,0.0,0.0,0.0,0.0,0.0,0.0
216_STEAM_1,THERMAL,2020-07-15 06:00:00,-0.27855305564759003,0.27855305564759003,0.1392768999823268,-0.06970368374328134,-0.06977005490813815,-0.06936278091552373,-0.06971653608064682
218_CC_1,THERMAL,2020-07-15 06:00:00,0.0,0.0,0.0,0.0,0.0,0.0,0.0
221_CC_1,THERMAL,2020-07-15 06:00:00,0.48004249329338183,0.48004249329338183,0.24002127722143574,0.12007642160203924,0.11994826681739901,0.12006570695907115,0.11995209791487242
223_CT_4,THERMAL,2020-07-15 06:00:00,0.0,0.0,0.0,0.0,0.0,0.0,0.0
223_CT_5,THERMAL,2020-07-15 06:00:00,0.0,0.0,0.0,0.0,0.0,0.0,0.0
223_CT_6,THERMAL,2020-07-15 06:00:00,0.0,0.0,0.0,0.0,0.0,0.0,0.0
223_STEAM_1,THERMAL,2020-07-15 06:00:00,-0.29848803696998255,0.29848803696998255,0.1492440243282569,-0.07462262958555044,-0.0746533410662562,-0.0746172493623285,-0.07459481695584741
223_STEAM_2,THERMAL,2020-07-15 06:00:00,-0.3180287111288646,0.3180287111288646,0.15901435888295898,-0.07951007638017693,-0.07953251248256654,-0.07949124753276271,-0.07949487473335842
223_STEAM_3,THERMAL,2020-07-15 06:00:00,-0.7245835276520001,0.7245835276520001,0.36229190207469686,-0.18117470982638362,-0.18135429374463086,-0.18090943831819128,-0.1811450857627943
301_CT_1,THERMAL,2020-07-15 06:00:00,0.0,0.0,0.0,0.0,0.0,0.0,0.0
301_CT_2,THERMAL,2020-07-15 06:00:00,0.0,0.0,0.0,0.0,0.0,0.0,0.0
301_CT_3,THERMAL,2020-07-15 06:00:00,0.0,0.0,0.0,0.0,0.0,0.0,0.0
301_CT_4,THERMAL,2020-07-15 06:00:00,0.0,0.0,0.0,0.0,0.0,0.0,0.0
302_CT_1,THERMAL,2020-07-15 06:00:00,0.0,0.0,0.0,0.0,0.0,0.0,0.0
302_CT_2,THERMAL,2020-07-15 06:00:00,0.0,0.0,0.0,0.0,0.0,0.0,0.0
302_CT_3,THERMAL,2020-07-15 06:00:00,0.0,0.0,0.0,0.0,0.0,0.0,0.0
302_CT_4,THERMAL,2020-07-15 06:00:00,0.0,0.0,0.0,0.0,0.0,0.0,0.0
303_WIND_1,WIND,2020-07-15 06:00:00,-1.3833270015983046,2.191634372699523,1.1083182186641947,-0.5957805400851868,0.40415368555060915,-0.59584379730547,-0.595856349758257
307_CT_1,THERMAL,2020-07-15 06:00:00,0.0,0.0,0.0,0.0,0.0,0.0,0.0
307_CT_2,THERMAL,2020-07-15 06:00:00,0.0,0.0,0.0,0.0,0.0,0.0,0.0
309_WIND_1,WIND,2020-07-15 06:00:00,0.8505830612226608,1.0747296289977488,0.9648285058943988,-0.037354647290156806,-0.03736070068203423,0.9626563451102048,-0.037357935915352976
313_CC_1,THERMAL,2020-07-15 06:00:00,-0.7154215942212954,0.7154215942212954,0.35771082910528634,-0.17889698406605126,-0.17892668650296883,-0.17872929073646038,-0.17886863291581487
315_CT_6,THERMAL,2020-07-15 06:00:00,2.3800406090401793e-15,2.3800406090401793e-15,1.3743827761328705e-15,8.118505867571457e-16,7.945033519973776e-16,7.73686670285656e-16,0.0
315_CT_7,THERMAL,2020-07-15 06:00:00,0.10087777784392493,0.10087777784392493,0.05043905951334043,0.025163169173403423,0.02517521434800196,0.025329005801323214,0.02521038852119634
315_CT_8,THERMAL,2020-07-15 06:00:00,0.11063408853314464,0.11063408853314464,0.055317401803785415,0.027680828957449208,0.02777168402124229,0.02749838421060761,0.02768319134384555
315_STEAM_1,THERMAL,2020-07-15 06:00:00,0.0,0.0,0.0,0.0,0.0,0.0,0.0
315_STEAM_2,THERMAL,2020-07-15 06:00:00,0.0,0.0,0.0,0.0,0.0,0.0,0.0
315_STEAM_3,THERMAL,2020-07-15 06:00:00,0.0,0.0,0.0,0.0,0.0,0.0,0.0
315_STEAM_4,THERMAL,2020-07-15 06:00:00,0.0,0.0,0.0,0.0,0.0,0.0,0.0
315_STEAM_5,THERMAL,2020-07-15 06:00:00,0.0,0.0,0.0,0.0,0.0,0.0,0.0
316_STEAM_1,THERMAL,2020-07-15 06:00:00,0.1831810945216318,0.1831810945216318,0.09161595272317065,0.04573934109762645,0.04740634245033892,0.044367109524694026,0.04566830144897241
317_WIND_1,WIND,2020-07-15 06:00:00,0.8244524401779304,1.0877761171449807,0.9591312718792459,-0.04387134104099433,-0.04385953425824329,-0.043930963184287464,0.9561142786614555
318_CC_1,THERMAL,2020-07-15 06:00:00,0.0,0.0,0.0,0.0,0.0,0.0,0.0
321_CC_1,THERMAL,2020-07-15 06:00:00,0.0,0.0,0.0,0.0,0.0,0.0,0.0
322_CT_5,THERMAL,2020-07-15 06:00:00,0.0,0.0,0.0,0.0,0.0,0.0,0.0
322_CT_6,THERMAL,2020-07-15 06:00:00,0.0,0.0,0.0,0.0,0.0,0.0,0.0
323_CC_1,THERMAL,2020-07-15 06:00:00,0.35162832931345495,0.35162832931345495,0.17581416605120315,0.0879035674306694,0.08792066315166802,0.08789102932797466,0.08791306940314288
323_CC_2,THERMAL,2020-07-15 06:00:00,0.41821887974810545,0.41821887974810545,0.20910944225731612,0.10455190852780527,0.10457058404893416,0.10453013859804461,0.10456624857332145
101_CT_1,THERMAL,2020-07-15 07:00:00,0.0,0.0,0.0,0.0,0.0,0.0,0.0
101_CT_2,THERMAL,2020-07-15 07:00:00,0.0,0.0,0.0,0.0,0.0,0.0,0.0
101_STEAM_3,THERMAL,2020-07-15 07:00:00,0.00974233093360863,0.07254306768629906,0.046059127424300156,-0.018614014826025135,-0.005895911213177967,0.04114269930995385,-0.006890442337142122
101_STEAM_4,THERMAL,2020-07-15 07:00:00,-0.050056152688629084,0.06649868433072754,0.05201460591264328,0.008221265821049234,-0.004122958914509185,-0.051104073944435176,-0.0030503856507339564
102_CT_1,THERMAL,2020-07-15 07:00:00,0.0,0.0,0.0,0.0,0.0,0.0,0.0
102_CT_2,THERMAL,2020-07-15 07:00:00,0.0,0.0,0.0,0.0,0.0,0.0,0.0
102_STEAM_3,THERMAL,2020-07-15 07:00:00,-0.1016279440110661,0.1016279440110661,0.05081399863324242,-0.02542302513813882,-0.025430169081076648,-0.025363476987446676,-0.025411272804403962
102_STEAM_4,THERMAL,2020-07-15 07:00:00,-0.13920318903331275,0.13920318903331275,0.06960160379611409,-0.034813688947555585,-0.03482164160207485,-0.03479173910471278,-0.034776119378969524
107_CC_1,THERMAL,2020-07-15 07:00:00,-0.6438670065270166,0.6438670065270166,0.32193352264418656,-0.160979971960791,-0.16100634099450462,-0.1608720018768386,-0.16100869169488236
113_CT_1,THERMAL,2020-07-15 07:00:00,0.0,0.0,0.0,0.0,0.0,0.0,0.0
113_CT_2,THERMAL,2020-07-15 07:00:00,0.0,0.0,0.0,0.0,0.0,0.0,0.0
113_CT_3,THERMAL,2020-07-15 07:00:00,0.0,0.0,0.0,0.0,0.0,0.0,0.0
113_CT_4,THERMAL,2020-07-15 07:00:00,0.0,0.0,0.0,0.0,0.0,0.0,0.0
115_STEAM_1,THERMAL,2020-07-15 07:00:00,0.0,0.0,0.0,0.0,0.0,0.0,0.0
115_STEAM_2,THERMAL,2020-07-15 07:00:00,0.0,0.0,0.0,0.0,0.0,0.0,0.0
115_STEAM_3,THERMAL,2020-07-15 07:00:00,-0.1658726212130786,0.1658726212130786,0.08293640783776667,-0.0414064337259854,-0.04142439300361411,-0.04157009018777691,-0.04147170429570217
116_STEAM_1,THERMAL,2020-07-15 07:00:00,-0.19907695075390416,0.19907695075390416,0.09953851792078759,-0.049784391967991726,-0.04981325730109898,-0.04969194672989463,-0.049787354754918835
118_CC_1,THERMAL,2020-07-15 07:00:00,0.0,0.0,0.0,0.0,0.0,0.0,0.0
122_WIND_1,WIND,2020-07-15 07:00:00,0.8420901356861354,1.0789788077386393,0.9629656411420799,0.9605344717123874,-0.03945790852223752,-0.03950467039211247,-0.03948175711190193
123_CT_1,THERMAL,2020-07-15 07:00:00,0.0,0.0,0.0,0.0,0.0,0.0,0.0
123_CT_4,THERMAL,2020-07-15 07:00:00,0.0,0.0,0.0,0.0,0.0,0.0,0.0
123_CT_5,THERMAL,2020-07-15 07:00:00,0.0,0.0,0.0,0.0,0.0,0.0,0.0
123_STEAM_2,THERMAL,2020-07-15 07:00:00,-0.17522755810958945,0.17522755810958945,0.08761379563590509,-0.04377154324483706,-0.04380966140708398,-0.04384681862898532,-0.04379953482868309
123_STEAM_3,THERMAL,2020-07-15 07:00:00,-0.2593766302512909,0.2593766302512909,0.12968836108884524,-0.06486080814215694,-0.06490627311449071,-0.06475637952473967,-0.06485316946990358
201_CT_1,THERMAL,2020-07-15 07:00:00,0.0,0.0,0.0,0.0,0.0,0.0,0.0
201_CT_2,THERMAL,2020-07-15 07:00:00,0.0,0.0,0.0,0.0,0.0,0.0,0.0
201_STEAM_3,THERMAL,2020-07-15 07:00:00,-0.11659006988834435,0.11659006988834435,0.058295046189981416,-0.029130110669877612,-0.02914752662472614,-0.029176914290242717,-0.029135518303497882
202_CT_1,THERMAL,2020-07-15 07:00:00,0.0,0.0,0.0,0.0,0.0,0.0,0.0
202_CT_2,THERMAL,2020-07-15 07:00:00,0.0,0.0,0.0,0.0,0.0,0.0,0.0
202_STEAM_3,THERMAL,2020-07-15 07:00:00,-0.13213716200232212,0.13213716200232212,0.06607011052355087,-0.032898405316695065,-0.03284331476565845,-0.03341423140153139,-0.03298121051843721
202_STEAM_4,THERMAL,2020-07-15 07:00:00,-0.1480063184587175,0.1480063184587175,0.07400323241836107,-0.0370339060392058,-0.03702876715397567,-0.03691150130909098,-0.037032143956445045
207_CT_1,THERMAL,2020-07-15 07:00:00,0.12419726545052598,0.12419726545052598,0.06209863471921737,0.031048744210554872,0.03106003711152562,0.031037882627866456,0.03105060150057904
207_CT_2,THERMAL,2020-07-15 07:00:00,0.12484980918583849,0.12484980918583849,0.0624249074835364,0.031204210804245177,0.03121746871454721,0.031225523581543388,0.031202606085502717
212_CSP_1,THERMAL,2020-07-15 07:00:00,-0.2344514179309392,0.2344514179309392,0.11722570954444463,-0.05860800760513518,-0.058606491386711035,-0.0586163465869145,-0.058620572352178504
213_CC_3,THERMAL,2020-07-15 07:00:00,0.0,0.0,0.0,0.0,0.0,0.0,0.0
213_CT_1,THERMAL,2020-07-15 07:00:00,0.0,0.0,0.0,0.0,0.0,0.0,0.0
213_CT_2,THERMAL,2020-07-15 07:00:00,0.0,0.0,0.0,0.0,0.0,0.0,0.0
215_CT_4,THERMAL,2020-07-15 07:00:00,0.0,0.0,0.0,0.0,0.0,0.0,0.0
215_CT_5,THERMAL,2020-07-15 07:00:00,0.0,0.0,0.0,0.0,0.0,0.0,0.0
216_STEAM_1,THERMAL,2020-07-15 07:00:00,-0.1657934587702644,0.1657934587702644,0.08289672986041635,-0.04144549894775207,-0.04145561694786026,-0.04144412564107425,-0.041448217233577826
218_CC_1,THERMAL,2020-07-15 07:00:00,0.0,0.0,0.0,0.0,0.0,0.0,0.0
221_CC_1,THERMAL,2020-07-15 07:00:00,-0.0513239609843819,0.0513239609843819,0.02568369701653008,-0.012473919238311981,-0.012249394409356684,-0.01362339371564758,-0.012977253621065651
223_CT_4,THERMAL,2020-07-15 07:00:00,0.0,0.0,0.0,0.0,0.0,0.0,0.0
223_CT_5,THERMAL,2020-07-15 07:00:00,0.0,0.0,0.0,0.0,0.0,0.0,0.0
223_CT_6,THERMAL,2020-07-15 07:00:00,0.0,0.0,0.0,0.0,0.0,0.0,0.0
223_STEAM_1,THERMAL,2020-07-15 07:00:00,-0.2241512904999367,0.2241512904999367,0.11207565768847298,-0.05601815600182914,-0.05601371210207297,-0.05608046926122166,-0.056038953134812955
223_STEAM_2,THERMAL,2020-07-15 07:00:00,-0.18725038678391698,0.18725038678391698,0.09362563076549289,-0.04675345493895943,-0.04668819284888025,-0.04705615881879134,-0.046752580177285966
223_STEAM_3,THERMAL,2020-07-15 07:00:00,-0.2724584701343073,0.2724584701343073,0.13622923796444425,-0.06809830359896285,-0.06811103762762438,-0.06813706542860576,-0.06811206347911429
301_CT_1,THERMAL,2020-07-15 07:00:00,0.0,0.0,0.0,0.0,0.0,0.0,0.0
301_CT_2,THERMAL,2020-07-15 07:00:00,0.0,0.0,0.0,0.0,0.0,0.0,0.0
301_CT_3,THERMAL,2020-07-15 07:00:00,0.0,0.0,0.0,0.0,0.0,0.0,0.0
301_CT_4,THERMAL,2020-07-15 07:00:00,0.0,0.0,0.0,0.0,0.0,0.0,0.0
302_CT_1,THERMAL,2020-07-15 07:00:00,0.0,0.0,0.0,0.0,0.0,0.0,0.0
302_CT_2,THERMAL,2020-07-15 07:00:00,0.0,0.0,0.0,0.0,0.0,0.0,0.0
302_CT_3,THERMAL,2020-07-15 07:00:00,0.0,0.0,0.0,0.0,0.0,0.0,0.0
302_CT_4,THERMAL,2020-07-15 07:00:00,0.0,0.0,0.0,0.0,0.0,0.0,0.0
303_WIND_1,WIND,2020-07-15 07:00:00,-0.8670051033093383,1.933426804911654,0.9684258991773859,-0.4667035334223608,0.5332108508011579,-0.466718216885873,-0.46679420380226244
307_CT_1,THERMAL,2020-07-15 07:00:00,0.0,0.0,0.0,0.0,0.0,0.0,0.0
307_CT_2,THERMAL,2020-07-15 07:00:00,0.0,0.0,0.0,0.0,0.0,0.0,0.0
309_WIND_1,WIND,2020-07-15 07:00:00,0.9066362078011713,1.0466786492227214,0.9774937629077213,-0.02333592698566045,-0.023338034441202193,0.9766574285119463,-0.023347259283912385
313_CC_1,THERMAL,2020-07-15 07:00:00,-0.15012541747828556,0.15012541747828556,0.07506271768141232,-0.037534996093097406,-0.03755984562389858,-0.03751451840938813,-0.037516057351901444
315_CT_6,THERMAL,2020-07-15 07:00:00,-8.930356454328603e-15,1.5834555888716295e-14,1.2245000033217113e-14,3.452099717193846e-15,-1.173020014455517e-14,-6.522560269672795e-16,0.0
315_CT_7,THERMAL,2020-07-15 07:00:00,0.11929335520277706,0.11929335520277706,0.059646768788100914,0.029838983086452074,0.029880265015315998,0.02973827137735574,0.02983583572365326
315_CT_8,THERMAL,2020-07-15 07:00:00,0.1193595078020013,0.1193595078020013,0.059679827934395205,0.029816472213809644,0.0297863303542888,0.029913429828440682,0.029843275405462184
315_STEAM_1,THERMAL,2020-07-15 07:00:00,0.0,0.0,0.0,0.0,0.0,0.0,0.0
315_STEAM_2,THERMAL,2020-07-15 07:00:00,0.0,0.0,0.0,0.0,0.0,0.0,0.0
315_STEAM_3,THERMAL,2020-07-15 07:00:00,0.0,0.0,0.0,0.0,0.0,0.0,0.0
315_STEAM_4,THERMAL,2020-07-15 07:00:00,0.0,0.0,0.0,0.0,0.0,0.0,0.0
315_STEAM_5,THERMAL,2020-07-15 07:00:00,0.0,0.0,0.0,0.0,0.0,0.0,0.0
316_STEAM_1,THERMAL,2020-07-15 07:00:00,-0.17347685500044122,0.17347685500044122,0.08673877040408551,-0.04344054888640961,-0.04348491171308,-0.04316725230383467,-0.04338414209711695
317_WIND_1,WIND,2020-07-15 07:00:00,0.6647851465307355,1.167591750720588,0.927614763199359,-0.08380505635406577,-0.08383115481475123,-0.08376709092610923,0.9161884486256617
318_CC_1,THERMAL,2020-07-15 07:00:00,0.0,0.0,0.0,0.0,0.0,0.0,0.0
321_CC_1,THERMAL,2020-07-15 07:00:00,0.0,0.0,0.0,0.0,0.0,0.0,0.0
322_CT_5,THERMAL,2020-07-15 07:00:00,0.0,0.0,0.0,0.0,0.0,0.0,0.0
322_CT_6,THERMAL,2020-07-15 07:00:00,0.0,0.0,0.0,0.0,0.0,0.0,0.0
323_CC_1,THERMAL,2020-07-15 07:00:00,0.7657036719498017,0.7657036719498017,0.3828531677958809,0.19121186110515848,0.190818145862124,0.19220212225605926,0.19147154272645994
323_CC_2,THERMAL,2020-07-15 07:00:00,0.7804205332778432,0.7804205332778432,0.3902102861294593,0.1950576930987578,0.19507341774498363,0.19521112486042314,0.19507829757367864
101_CT_1,THERMAL,2020-07-15 08:00:00,0.0,0.0,0.0,0.0,0.0,0.0,0.0
101_CT_2,THERMAL,2020-07-15 08:00:00,0.0,0.0,0.0,0.0,0.0,0.0,0.0
101_STEAM_3,THERMAL,2020-07-15 08:00:00,-0.04864757857746924,0.04864757857746924,0.026633757710997442,-0.01431848238984428,-0.0037190400476607554,-0.01862309109966149,-0.011986965040302713
101_STEAM_4,THERMAL,2020-07-15 08:00:00,0.03163488686704972,0.032535405616202565,0.01913021807388331,0.009775791141744003,-0.0004502593745764215,0.014421384999087579,0.00788797010079456
102_CT_1,THERMAL,2020-07-15 08:00:00,0.0,0.0,0.0,0.0,0.0,0.0,0.0
102_CT_2,THERMAL,2020-07-15 08:00:00,0.0,0.0,0.0,0.0,0.0,0.0,0.0
102_STEAM_3,THERMAL,2020-07-15 08:00:00,-0.09495694612852759,0.09495694612852759,0.04747895530830425,-0.02368139030315211,-0.023656560004174265,-0.023922938945589278,-0.023696056875611944
102_STEAM_4,THERMAL,2020-07-15 08:00:00,-0.13119809157012519,0.13119809157012519,0.06559906999665856,-0.03280702819187828,-0.03281205011914995,-0.0327523407594692,-0.03282667249962775
107_CC_1,THERMAL,2020-07-15 08:00:00,-0.18209824101126137,0.18209824101126137,0.0910496410937857,-0.04559322272792876,-0.04566407581125631,-0.045264025902183924,-0.04557691656989237
113_CT_1,THERMAL,2020-07-15 08:00:00,0.0,0.0,0.0,0.0,0.0,0.0,0.0
113_CT_2,THERMAL,2020-07-15 08:00:00,0.0,0.0,0.0,0.0,0.0,0.0,0.0
113_CT_3,THERMAL,2020-07-15 08:00:00,0.0,0.0,0.0,0.0,0.0,0.0,0.0
113_CT_4,THERMAL,2020-07-15 08:00:00,0.0,0.0,0.0,0.0,0.0,0.0,0.0
115_STEAM_1,THERMAL,2020-07-15 08:00:00,6.938893903907228e-18,6.938893903907228e-18,6.938893903907228e-18,6.938893903907228e-18,0.0,0.0,0.0
115_STEAM_2,THERMAL,2020-07-15 08:00:00,0.0,0.0,0.0,0.0,0.0,0.0,0.0
115_STEAM_3,THERMAL,2020-07-15 08:00:00,-0.09534688622995352,0.09534688622995352,0.04767376865372724,-0.023802951185327832,-0.023763236559502965,-0.023987165749426165,-0.02379353273569656
116_STEAM_1,THERMAL,2020-07-15 08:00:00,-0.15606100585308982,0.15606100585308982,0.07803056296651062,-0.03899306526746882,-0.03896821274393514,-0.039096064506372485,-0.039003663335313375
118_CC_1,THERMAL,2020-07-15 08:00:00,0.0,0.0,0.0,0.0,0.0,0.0,0.0
122_WIND_1,WIND,2020-07-15 08:00:00,0.8886318797161101,1.0557305336671436,0.9733771814227152,0.9721812066916269,-0.027802590484664158,-0.027924932251487178,-0.027821804239365474
123_CT_1,THERMAL,2020-07-15 08:00:00,0.0,0.0,0.0,0.0,0.0,0.0,0.0
123_CT_4,THERMAL,2020-07-15 08:00:00,0.0,0.0,0.0,0.0,0.0,0.0,0.0
123_CT_5,THERMAL,2020-07-15 08:00:00,0.0,0.0,0.0,0.0,0.0,0.0,0.0
123_STEAM_2,THERMAL,2020-07-15 08:00:00,-0.06975988165122815,0.06975988165122815,0.03487996586681683,-0.017430571423378616,-0.017419685749011093,-0.017474893371675293,-0.017434731107163155
123_STEAM_3,THERMAL,2020-07-15 08:00:00,-0.1405272718708983,0.1405272718708983,0.07026394520396169,-0.03517679595020412,-0.03522157943718418,-0.03495421381943764,-0.03517468266407237
201_CT_1,THERMAL,2020-07-15 08:00:00,0.0,0.0,0.0,0.0,0.0,0.0,0.0
201_CT_2,THERMAL,2020-07-15 08:00:00,0.0,0.0,0.0,0.0,0.0,0.0,0.0
201_STEAM_3,THERMAL,2020-07-15 08:00:00,-0.1246617244292498,0.1246617244292498,0.0623313702567809,-0.031118299714736286,-0.031055663902989916,-0.03137944381747548,-0.031108316994048122
202_CT_1,THERMAL,2020-07-15 08:00:00,0.0,0.0,0.0,0.0,0.0,0.0,0.0
202_CT_2,THERMAL,2020-07-15 08:00:00,0.0,0.0,0.0,0.0,0.0,0.0,0.0
202_STEAM_3,THERMAL,2020-07-15 08:00:00,-0.13909692379330044,0.13909692379330044,0.06954846545618995,-0.034779340477928335,-0.03478493180764232,-0.034755613117479024,-0.03477703839025075
202_STEAM_4,THERMAL,2020-07-15 08:00:00,-0.13326199156387583,0.13326199156387583,0.0666310150866575,-0.03329828692664718,-0.033304695272810644,-0.033359230861725285,-0.03329977850269273
207_CT_1,THERMAL,2020-07-15 08:00:00,0.14205459863058909,0.14205459863058909,0.07102730235681486,0.03550553132565687,0.03550427086250573,0.03553030764961593,0.03551448879281055
207_CT_2,THERMAL,2020-07-15 08:00:00,0.15406331572443988,0.15406331572443988,0.07703171035901457,0.038530943954524666,0.03854220785851182,0.03843894530421835,0.03855121860718506
212_CSP_1,THERMAL,2020-07-15 08:00:00,-0.12514037342851866,0.12514037342851866,0.0625701879583748,-0.031288573113446905,-0.03127553167193686,-0.03128403190654083,-0.03129223673659406
213_CC_3,THERMAL,2020-07-15 08:00:00,0.0,0.0,0.0,0.0,0.0,0.0,0.0
213_CT_1,THERMAL,2020-07-15 08:00:00,0.0,0.0,0.0,0.0,0.0,0.0,0.0
213_CT_2,THERMAL,2020-07-15 08:00:00,0.0,0.0,0.0,0.0,0.0,0.0,0.0
215_CT_4,THERMAL,2020-07-15 08:00:00,0.0,0.0,0.0,0.0,0.0,0.0,0.0
215_CT_5,THERMAL,2020-07-15 08:00:00,0.0,0.0,0.0,0.0,0.0,0.0,0.0
216_STEAM_1,THERMAL,2020-07-15 08:00:00,-0.10374449568093999,0.10374449568093999,0.051872369340610576,-0.025896675553054083,-0.025896379497122535,-0.026031993949141796,-0.02591944668162157
218_CC_1,THERMAL,2020-07-15 08:00:00,0.0,0.0,0.0,0.0,0.0,0.0,0.0
221_CC_1,THERMAL,2020-07-15 08:00:00,-0.1220739198324684,0.1220739198324684,0.061037057807885035,-0.030500435877175658,-0.030566604801783415,-0.03043689631435509,-0.030569982839154235
223_CT_4,THERMAL,2020-07-15 08:00:00,0.0,0.0,0.0,0.0,0.0,0.0,0.0
223_CT_5,THERMAL,2020-07-15 08:00:00,0.0,0.0,0.0,0.0,0.0,0.0,0.0
223_CT_6,THERMAL,2020-07-15 08:00:00,0.0,0.0,0.0,0.0,0.0,0.0,0.0
223_STEAM_1,THERMAL,2020-07-15 08:00:00,-0.12904224254201674,0.12904224254201674,0.06452113106215535,-0.032247424078581374,-0.03224673071534092,-0.032290415196485865,-0.032257672551608566
223_STEAM_2,THERMAL,2020-07-15 08:00:00,-0.1435329912832242,0.1435329912832242,0.07176679232029756,-0.035840978908219925,-0.03578868975456404,-0.036057714521540975,-0.03584560809889925
223_STEAM_3,THERMAL,2020-07-15 08:00:00,-0.1222042102145949,0.1222042102145949,0.06110214249267585,-0.030538711331186907,-0.03053416991469393,-0.030608701129967386,-0.030522627838746673
301_CT_1,THERMAL,2020-07-15 08:00:00,0.0,0.0,0.0,0.0,0.0,0.0,0.0
301_CT_2,THERMAL,2020-07-15 08:00:00,0.0,0.0,0.0,0.0,0.0,0.0,0.0
301_CT_3,THERMAL,2020-07-15 08:00:00,0.0,0.0,0.0,0.0,0.0,0.0,0.0
301_CT_4,THERMAL,2020-07-15 08:00:00,0.0,0.0,0.0,0.0,0.0,0.0,0.0
302_CT_1,THERMAL,2020-07-15 08:00:00,0.0,0.0,0.0,0.0,0.0,0.0,0.0
302_CT_2,THERMAL,2020-07-15 08:00:00,0.0,0.0,0.0,0.0,0.0,0.0,0.0
302_CT_3,THERMAL,2020-07-15 08:00:00,0.0,0.0,0.0,0.0,0.0,0.0,0.0
302_CT_4,THERMAL,2020-07-15 08:00:00,0.0,0.0,0.0,0.0,0.0,0.0,0.0
303_WIND_1,WIND,2020-07-15 08:00:00,-0.15533224088010356,1.5773625223597105,0.869326468519211,-0.2888648280621977,0.7110151407398035,-0.28860023836076465,-0.28888231519694474
307_CT_1,THERMAL,2020-07-15 08:00:00,0.0,0.0,0.0,0.0,0.0,0.0,0.0
307_CT_2,THERMAL,2020-07-15 08:00:00,0.0,0.0,0.0,0.0,0.0,0.0,0.0
309_WIND_1,WIND,2020-07-15 08:00:00,0.9444604438998687,1.0277267291415346,0.9863865035424688,-0.013875741254703755,-0.013870551801505426,0.9860935865207017,-0.013886849564623816
313_CC_1,THERMAL,2020-07-15 08:00:00,-0.09102906827478342,0.09102906827478342,0.045514670132118296,-0.02277285399018869,-0.02280801002807631,-0.022663431438675552,-0.022784772817842868
315_CT_6,THERMAL,2020-07-15 08:00:00,5.738465258531278e-15,5.738465258531278e-15,3.3133418201635537e-15,1.908195823574488e-15,1.887379141862766e-15,1.942890293094024e-15,0.0
315_CT_7,THERMAL,2020-07-15 08:00:00,-0.1344804612023348,0.1344804612023348,0.06724049177907285,-0.03358424903932095,-0.033635598920835987,-0.03375951485645395,-0.03350109838572393
315_CT_8,THERMAL,2020-07-15 08:00:00,-0.1274669221081255,0.1274669221081255,0.06373347769233872,-0.03190503348128694,-0.03186438259473825,-0.031847799283619256,-0.03184970674848105
315_STEAM_1,THERMAL,2020-07-15 08:00:00,0.0,0.0,0.0,0.0,0.0,0.0,0.0
315_STEAM_2,THERMAL,2020-07-15 08:00:00,0.0,0.0,0.0,0.0,0.0,0.0,0.0
315_STEAM_3,THERMAL,2020-07-15 08:00:00,0.0,0.0,0.0,0.0,0.0,0.0,0.0
315_STEAM_4,THERMAL,2020-07-15 08:00:00,0.0,0.0,0.0,0.0,0.0,0.0,0.0
315_STEAM_5,THERMAL,2020-07-15 08:00:00,0.0,0.0,0.0,0.0,0.0,0.0,0.0
316_STEAM_1,THERMAL,2020-07-15 08:00:00,-0.11345149371773855,0.11345149371773855,0.0567257506386802,-0.02835970799487636,-0.02837268255562464,-0.028371809580144625,-0.028347293587092925
317_WIND_1,WIND,2020-07-15 08:00:00,0.8835326231739984,1.0582713211403618,0.9722114561158665,-0.029094867887822673,-0.029078277190403234,-0.02919620390495581,0.9709019721571801
318_CC_1,THERMAL,2020-07-15 08:00:00,0.0,0.0,0.0,0.0,0.0,0.0,0.0
321_CC_1,THERMAL,2020-07-15 08:00:00,0.0,0.0,0.0,0.0,0.0,0.0,0.0
322_CT_5,THERMAL,2020-07-15 08:00:00,0.0,0.0,0.0,0.0,0.0,0.0,0.0
322_CT_6,THERMAL,2020-07-15 08:00:00,0.0,0.0,0.0,0.0,0.0,0.0,0.0
323_CC_1,THERMAL,2020-07-15 08:00:00,-0.2025922077455751,0.2025922077455751,0.105284918758141,-0.05653863176413925,-0.02792482985749037,-0.05096188013788309,-0.06716686598606239
323_CC_2,THERMAL,2020-07-15 08:00:00,-0.15867057842267285,0.15867057842267285,0.08435504010989914,-0.03368532621885784,-0.06257659884214603,-0.03887963969114457,-0.023529013670524394
101_CT_1,THERMAL,2020-07-15 09:00:00,0.0,0.0,0.0,0.0,0.0,0.0,0.0
101_CT_2,THERMAL,2020-07-15 09:00:00,0.0,0.0,0.0,0.0,0.0,0.0,0.0
101_STEAM_3,THERMAL,2020-07-15 09:00:00,0.10740544813220779,0.1462926980017524,0.11123828689397684,0.014073058718313231,-0.019443624934772297,0.10853508874477298,0.004240925603893878
101_STEAM_4,THERMAL,2020-07-15 09:00:00,-0.12914555395312677,0.15742536253780093,0.11696460702721112,-0.019772843540456986,0.01413990429233707,-0.11401591922593941,-0.009496695479067438
102_CT_1,THERMAL,2020-07-15 09:00:00,0.0,0.0,0.0,0.0,0.0,0.0,0.0
102_CT_2,THERMAL,2020-07-15 09:00:00,0.0,0.0,0.0,0.0,0.0,0.0,0.0
102_STEAM_3,THERMAL,2020-07-15 09:00:00,-0.06426882429496933,0.06426882429496933,0.032134414083813394,-0.016067358226375797,-0.016068546680522988,-0.016058665111547743,-0.0160742542765228
102_STEAM_4,THERMAL,2020-07-15 09:00:00,-0.07551246365578639,0.07551246365578639,0.03775624720581395,-0.018883672638118673,-0.018888128915846403,-0.018849013460253916,-0.018891648641567397
107_CC_1,THERMAL,2020-07-15 09:00:00,-0.13942799384645307,0.13942799384645307,0.06971399860259946,-0.03485545115018207,-0.03485579966978869,-0.034847728445467574,-0.03486901458101474
113_CT_1,THERMAL,2020-07-15 09:00:00,0.0,0.0,0.0,0.0,0.0,0.0,0.0
113_CT_2,THERMAL,2020-07-15 09:00:00,0.0,0.0,0.0,0.0,0.0,0.0,0.0
113_CT_3,THERMAL,2020-07-15 09:00:00,0.0,0.0,0.0,0.0,0.0,0.0,0.0
113_CT_4,THERMAL,2020-07-15 09:00:00,0.0,0.0,0.0,0.0,0.0,0.0,0.0
115_STEAM_1,THERMAL,2020-07-15 09:00:00,0.0,0.0,0.0,0.0,0.0,0.0,0.0
115_STEAM_2,THERMAL,2020-07-15 09:00:00,0.0,0.0,0.0,0.0,0.0,0.0,0.0
115_STEAM_3,THERMAL,2020-07-15 09:00:00,-0.11453869196615915,0.11453869196615915,0.05726939884228,-0.028599513136077614,-0.028700241727925624,-0.02861414869100143,-0.028624788411154484
116_STEAM_1,THERMAL,2020-07-15 09:00:00,-0.06580991726383784,0.06580991726383784,0.0329049648742431,-0.016454619264557546,-0.016459252820232195,-0.01643536118525546,-0.01646068399379263
118_CC_1,THERMAL,2020-07-15 09:00:00,-0.7138780725830663,0.7138780725830663,0.3569394694623153,-0.17839717842059843,-0.17814274711338007,-0.1789115341077787,-0.1784266129413091
122_WIND_1,WIND,2020-07-15 09:00:00,0.9513371720764735,1.0243318104276655,0.9880592088752209,0.9878344912520696,-0.012167022234030878,-0.012161197742964092,-0.012169099198601076
123_CT_1,THERMAL,2020-07-15 09:00:00,0.0,0.0,0.0,0.0,0.0,0.0,0.0
123_CT_4,THERMAL,2020-07-15 09:00:00,0.0,0.0,0.0,0.0,0.0,0.0,0.0
123_CT_5,THERMAL,2020-07-15 09:00:00,0.0,0.0,0.0,0.0,0.0,0.0,0.0
123_STEAM_2,THERMAL,2020-07-15 09:00:00,-0.07351278285273848,0.07351278285273848,0.036756405614975216,-0.018380842693525135,-0.018388821035743907,-0.01835112597277977,-0.018391993150689664
123_STEAM_3,THERMAL,2020-07-15 09:00:00,-0.07339068800343446,0.07339068800343446,0.036695344908618886,-0.018346774398661836,-0.018346709660084004,-0.01834298518260269,-0.01835421876208593
201_CT_1,THERMAL,2020-07-15 09:00:00,0.0,0.0,0.0,0.0,0.0,0.0,0.0
201_CT_2,THERMAL,2020-07-15 09:00:00,0.0,0.0,0.0,0.0,0.0,0.0,0.0
201_STEAM_3,THERMAL,2020-07-15 09:00:00,-0.08954226673769461,0.08954226673769461,0.044771136134096105,-0.022388267316119273,-0.022396947124711797,-0.022376111554617273,-0.02238094074224627
202_CT_1,THERMAL,2020-07-15 09:00:00,0.0,0.0,0.0,0.0,0.0,0.0,0.0
202_CT_2,THERMAL,2020-07-15 09:00:00,0.0,0.0,0.0,0.0,0.0,0.0,0.0
202_STEAM_3,THERMAL,2020-07-15 09:00:00,-0.11355402170011872,0.11355402170011872,0.05677702324586116,-0.028400507922013034,-0.028411647452003898,-0.028363503116886058,-0.02837836320921573
202_STEAM_4,THERMAL,2020-07-15 09:00:00,-0.11331671765877827,0.11331671765877827,0.05665837023583485,-0.0283406828458,-0.028351563091988462,-0.028305716078105735,-0.02831875564288407
207_CT_1,THERMAL,2020-07-15 09:00:00,0.13108686364776437,0.13108686364776437,0.06554345412761471,0.03276016636065423,0.03273804245818977,0.032812130126716396,0.03277652470220397
207_CT_2,THERMAL,2020-07-15 09:00:00,0.11354424664282904,0.11354424664282904,0.05677212902741432,0.02838097892714806,0.028367986330272613,0.02839395397557794,0.02840132740983042
212_CSP_1,THERMAL,2020-07-15 09:00:00,-0.10028449125418763,0.10028449125418763,0.050142246122138606,-0.025069236715928422,-0.02506996570882225,-0.025068165658250763,-0.0250771231711862
213_CC_3,THERMAL,2020-07-15 09:00:00,0.0,0.0,0.0,0.0,0.0,0.0,0.0
213_CT_1,THERMAL,2020-07-15 09:00:00,0.0,0.0,0.0,0.0,0.0,0.0,0.0
213_CT_2,THERMAL,2020-07-15 09:00:00,0.0,0.0,0.0,0.0,0.0,0.0,0.0
215_CT_4,THERMAL,2020-07-15 09:00:00,0.0,0.0,0.0,0.0,0.0,0.0,0.0
215_CT_5,THERMAL,2020-07-15 09:00:00,0.0,0.0,0.0,0.0,0.0,0.0,0.0
216_STEAM_1,THERMAL,2020-07-15 09:00:00,-0.0708046640216622,0.0708046640216622,0.035402336213928416,-0.01770307389083048,-0.01770529576043811,-0.017686774466596056,-0.017709519903797554
218_CC_1,THERMAL,2020-07-15 09:00:00,0.0,0.0,0.0,0.0,0.0,0.0,0.0
221_CC_1,THERMAL,2020-07-15 09:00:00,-0.09307338167238594,0.09307338167238594,0.046536694912318884,-0.023270060574146156,-0.02326769100136672,-0.023254113839836776,-0.023281516257036283
223_CT_4,THERMAL,2020-07-15 09:00:00,0.0,0.0,0.0,0.0,0.0,0.0,0.0
223_CT_5,THERMAL,2020-07-15 09:00:00,0.0,0.0,0.0,0.0,0.0,0.0,0.0
223_CT_6,THERMAL,2020-07-15 09:00:00,0.0,0.0,0.0,0.0,0.0,0.0,0.0
223_STEAM_1,THERMAL,2020-07-15 09:00:00,-0.08487291355937245,0.08487291355937245,0.04243645866278078,-0.02121732122105762,-0.021218328451067824,-0.021209725062955473,-0.021227538824291525
223_STEAM_2,THERMAL,2020-07-15 09:00:00,-0.09046539340628683,0.09046539340628683,0.04523270128289329,-0.02261121278055262,-0.02260555330349482,-0.02263281393849749,-0.022615813383741894
223_STEAM_3,THERMAL,2020-07-15 09:00:00,-0.10182715624242687,0.10182715624242687,0.05091358087991338,-0.025457808718310604,-0.02546482316694121,-0.02544292572610818,-0.025461598631066878
301_CT_1,THERMAL,2020-07-15 09:00:00,0.0,0.0,0.0,0.0,0.0,0.0,0.0
301_CT_2,THERMAL,2020-07-15 09:00:00,0.0,0.0,0.0,0.0,0.0,0.0,0.0
301_CT_3,THERMAL,2020-07-15 09:00:00,0.0,0.0,0.0,0.0,0.0,0.0,0.0
301_CT_4,THERMAL,2020-07-15 09:00:00,0.0,0.0,0.0,0.0,0.0,0.0,0.0
302_CT_1,THERMAL,2020-07-15 09:00:00,0.0,0.0,0.0,0.0,0.0,0.0,0.0
302_CT_2,THERMAL,2020-07-15 09:00:00,0.0,0.0,0.0,0.0,0.0,0.0,0.0
302_CT_3,THERMAL,2020-07-15 09:00:00,0.0,0.0,0.0,0.0,0.0,0.0,0.0
302_CT_4,THERMAL,2020-07-15 09:00:00,0.0,0.0,0.0,0.0,0.0,0.0,0.0
303_WIND_1,WIND,2020-07-15 09:00:00,0.5345484485799282,1.232669570008946,0.9062997928748683,-0.11636873102807366,0.8836090092944371,-0.11628308078452676,-0.11640874890190846
307_CT_1,THERMAL,2020-07-15 09:00:00,0.0,0.0,0.0,0.0,0.0,0.0,0.0
307_CT_2,THERMAL,2020-07-15 09:00:00,0.0,0.0,0.0,0.0,0.0,0.0,0.0
309_WIND_1,WIND,2020-07-15 09:00:00,0.9710409658443597,1.014486872684491,0.9928431371415654,-0.007239807878128057,-0.007239939356249225,0.9927639192644253,-0.007243206185688254
313_CC_1,THERMAL,2020-07-15 09:00:00,-0.05887074288270775,0.05887074288270775,0.02943537409476934,-0.014718551691519255,-0.014719557268796812,-0.014707708565770083,-0.0147249253566216
315_CT_6,THERMAL,2020-07-15 09:00:00,3.0036736986538415e-15,3.0036736986538415e-15,1.7363847624280886e-15,9.298117831235686e-16,1.0330278299441886e-15,1.0408340855860843e-15,0.0
315_CT_7,THERMAL,2020-07-15 09:00:00,-0.026140937988868417,0.026140937988868417,0.013070473157785499,-0.006536389337876966,-0.006537763732704175,-0.006526525253466898,-0.006540259664820379
315_CT_8,THERMAL,2020-07-15 09:00:00,-0.02600567143491781,0.02600567143491781,0.013002839526336428,-0.006502473204967191,-0.006503783371670188,-0.006493131264378346,-0.00650628359390209
315_STEAM_1,THERMAL,2020-07-15 09:00:00,0.0,0.0,0.0,0.0,0.0,0.0,0.0
315_STEAM_2,THERMAL,2020-07-15 09:00:00,0.0,0.0,0.0,0.0,0.0,0.0,0.0
315_STEAM_3,THERMAL,2020-07-15 09:00:00,0.0,0.0,0.0,0.0,0.0,0.0,0.0
315_STEAM_4,THERMAL,2020-07-15 09:00:00,0.0,0.0,0.0,0.0,0.0,0.0,0.0
315_STEAM_5,THERMAL,2020-07-15 09:00:00,0.0,0.0,0.0,0.0,0.0,0.0,0.0
316_STEAM_1,THERMAL,2020-07-15 09:00:00,-0.10235199948125596,0.10235199948125596,0.05117600122025266,-0.025589533775734696,-0.02559264913127557,-0.02559226893519284,-0.02557754763905286
317_WIND_1,WIND,2020-07-15 09:00:00,0.9350543849214376,1.0324616751500737,0.9841598159606285,-0.01623575450510195,-0.016235838907776134,-0.016232051701440042,0.9837580300357557
318_CC_1,THERMAL,2020-07-15 09:00:00,-0.7124989562785804,0.7124989562785804,0.35625046146802253,-0.178253618610639,-0.17851830791988377,-0.1774204352391422,-0.17830659450891545
321_CC_1,THERMAL,2020-07-15 09:00:00,-0.7134495148699826,0.7134495148699826,0.3567247988103484,-0.178248624707049,-0.17830992531781287,-0.17844826131728997,-0.17844270352783087
322_CT_5,THERMAL,2020-07-15 09:00:00,0.0,0.0,0.0,0.0,0.0,0.0,0.0
322_CT_6,THERMAL,2020-07-15 09:00:00,0.0,0.0,0.0,0.0,0.0,0.0,0.0
323_CC_1,THERMAL,2020-07-15 09:00:00,0.2664289358769642,0.2664289358769642,0.19052686555591536,0.04845535845753281,0.02622489339409874,0.1821327931611149,0.009615890864217751
323_CC_2,THERMAL,2020-07-15 09:00:00,-0.06390264811308566,0.20011113917443185,0.14045691156409093,0.002405856476681662,0.02453063908999152,-0.13200689364375875,0.041167749963999904
101_CT_1,THERMAL,2020-07-15 10:00:00,0.0,0.0,0.0,0.0,0.0,0.0,0.0
101_CT_2,THERMAL,2020-07-15 10:00:00,0.0,0.0,0.0,0.0,0.0,0.0,0.0
101_STEAM_3,THERMAL,2020-07-15 10:00:00,-0.15238923552414935,0.2302275020457165,0.17839602778655186,-0.016321732092086615,0.028974589057449887,-0.1749866366928463,0.009944544203333676
101_STEAM_4,THERMAL,2020-07-15 10:00:00,0.12443734172486097,0.22973794149494953,0.1728840030583697,0.00904407391235188,-0.03587542630081571,0.16804356769755335,-0.016774873584228567
102_CT_1,THERMAL,2020-07-15 10:00:00,0.0,0.0,0.0,0.0,0.0,0.0,0.0
102_CT_2,THERMAL,2020-07-15 10:00:00,0.0,0.0,0.0,0.0,0.0,0.0,0.0
102_STEAM_3,THERMAL,2020-07-15 10:00:00,-0.11222856394015823,0.11222856394015823,0.05611428271194324,-0.028050967367202542,-0.02805604565894476,-0.02806373571678722,-0.028057815197223713
102_STEAM_4,THERMAL,2020-07-15 10:00:00,-0.09611507638319067,0.09611507638319067,0.04805753849824972,-0.024024091838137474,-0.02402994638553585,-0.02403072701183029,-0.024030311147687063
107_CC_1,THERMAL,2020-07-15 10:00:00,-0.17302573985629,0.17302573985629,0.08651287044271543,-0.043248271922473824,-0.043259419228449,-0.04325922804602822,-0.043258820659338934
113_CT_1,THERMAL,2020-07-15 10:00:00,0.0,0.0,0.0,0.0,0.0,0.0,0.0
113_CT_2,THERMAL,2020-07-15 10:00:00,0.0,0.0,0.0,0.0,0.0,0.0,0.0
113_CT_3,THERMAL,2020-07-15 10:00:00,0.0,0.0,0.0,0.0,0.0,0.0,0.0
113_CT_4,THERMAL,2020-07-15 10:00:00,0.0,0.0,0.0,0.0,0.0,0.0,0.0
115_STEAM_1,THERMAL,2020-07-15 10:00:00,0.0,0.0,0.0,0.0,0.0,0.0,0.0
115_STEAM_2,THERMAL,2020-07-15 10:00:00,0.0,0.0,0.0,0.0,0.0,0.0,0.0
115_STEAM_3,THERMAL,2020-07-15 10:00:00,-0.10972863392580401,0.10972863392580401,0.05486431738853386,-0.02742663552293456,-0.027432690615681987,-0.027435969872537935,-0.027433337914649525
116_STEAM_1,THERMAL,2020-07-15 10:00:00,-0.0989569454449413,0.0989569454449413,0.049478472959966394,-0.024735142829377166,-0.024741102471487086,-0.02473972486025433,-0.024740975283822707
118_CC_1,THERMAL,2020-07-15 10:00:00,-0.1192595111011439,0.1192595111011439,0.05962975583475422,-0.029810132426690172,-0.02981642761283476,-0.029815085303658506,-0.02981786575796046
122_WIND_1,WIND,2020-07-15 10:00:00,0.9145467718993769,1.0427328403428628,0.9793391526007448,0.9786398061211199,-0.021365454733050182,-0.02136138866116788,-0.02136619082752492
123_CT_1,THERMAL,2020-07-15 10:00:00,-0.07871302201488042,0.07871302201488042,0.039356511188035216,-0.019675319789332263,-0.019680247348916158,-0.01967795806574557,-0.019679496810886425
123_CT_4,THERMAL,2020-07-15 10:00:00,0.0,0.0,0.0,0.0,0.0,0.0,0.0
123_CT_5,THERMAL,2020-07-15 10:00:00,0.0,0.0,0.0,0.0,0.0,0.0,0.0
123_STEAM_2,THERMAL,2020-07-15 10:00:00,-0.09662300794390369,0.09662300794390369,0.0483115042004511,-0.024151760910255893,-0.024157357727739304,-0.024156342040511536,-0.024157547265396963
123_STEAM_3,THERMAL,2020-07-15 10:00:00,-0.10930638403840216,0.10930638403840216,0.054653192287290944,-0.027322012453184552,-0.027327966577946672,-0.027327410405022512,-0.02732899460224843
201_CT_1,THERMAL,2020-07-15 10:00:00,0.0,0.0,0.0,0.0,0.0,0.0,0.0
201_CT_2,THERMAL,2020-07-15 10:00:00,0.0,0.0,0.0,0.0,0.0,0.0,0.0
201_STEAM_3,THERMAL,2020-07-15 10:00:00,-0.09229007075452034,0.09229007075452034,0.0461450355927441,-0.023068771761311696,-0.02307413019983162,-0.02307288470695701,-0.02307428408642001
202_CT_1,THERMAL,2020-07-15 10:00:00,-7.329941445866889e-11,7.329941445866889e-11,4.4998101320475265e-11,-2.2647853619384457e-11,-3.6028900085301064e-11,-1.462266075398337e-11,0.0
202_CT_2,THERMAL,2020-07-15 10:00:00,-6.798821546285495e-11,7.833239432449356e-11,5.1895509793416847e-11,-1.2938699842643106e-12,-2.951733502093863e-11,-4.2349099888471314e-11,5.172089430819306e-12
202_STEAM_3,THERMAL,2020-07-15 10:00:00,-0.11116862735255159,0.11116862735255159,0.05558431412604372,-0.027789217656500373,-0.027795742155699438,-0.02778807225146582,-0.02779559528888597
202_STEAM_4,THERMAL,2020-07-15 10:00:00,-0.11185503723875817,0.11185503723875817,0.05592751886382601,-0.027959312111622683,-0.02796458112001246,-0.027965173281023794,-0.027965970726099222
207_CT_1,THERMAL,2020-07-15 10:00:00,-0.11422541611932459,0.11422541611932459,0.0572018317347038,-0.02719308593778327,-0.028136908909954232,-0.0312594314475885,-0.02763598982399859
207_CT_2,THERMAL,2020-07-15 10:00:00,-0.09906912250655961,0.09906912250655961,0.049633519185969734,-0.025990908099052416,-0.025208489123459972,-0.022099692391343434,-0.02577003289270378
212_CSP_1,THERMAL,2020-07-15 10:00:00,-0.10381721167747669,0.10381721167747669,0.051908606087273795,-0.025949907867452104,-0.025955890080338717,-0.025955596026127736,-0.025955817703558134
213_CC_3,THERMAL,2020-07-15 10:00:00,0.0,0.0,0.0,0.0,0.0,0.0,0.0
213_CT_1,THERMAL,2020-07-15 10:00:00,0.0,0.0,0.0,0.0,0.0,0.0,0.0
213_CT_2,THERMAL,2020-07-15 10:00:00,0.0,0.0,0.0,0.0,0.0,0.0,0.0
215_CT_4,THERMAL,2020-07-15 10:00:00,0.0,0.0,0.0,0.0,0.0,0.0,0.0
215_CT_5,THERMAL,2020-07-15 10:00:00,0.0,0.0,0.0,0.0,0.0,0.0,0.0
216_STEAM_1,THERMAL,2020-07-15 10:00:00,-0.1108998032327077,0.1108998032327077,0.05544990190481348,-0.027720091334646757,-0.027726325341503544,-0.02772714818828792,-0.027726238368269488
218_CC_1,THERMAL,2020-07-15 10:00:00,0.0,0.0,0.0,0.0,0.0,0.0,0.0
221_CC_1,THERMAL,2020-07-15 10:00:00,-0.10698981568725115,0.10698981568725115,0.05349490955616382,-0.026746819001623567,-0.026754116710057785,-0.026736685612035238,-0.026752194363534553
223_CT_4,THERMAL,2020-07-15 10:00:00,0.0,0.0,0.0,0.0,0.0,0.0,0.0
223_CT_5,THERMAL,2020-07-15 10:00:00,0.0,0.0,0.0,0.0,0.0,0.0,0.0
223_CT_6,THERMAL,2020-07-15 10:00:00,0.0,0.0,0.0,0.0,0.0,0.0,0.0
223_STEAM_1,THERMAL,2020-07-15 10:00:00,-0.09072375482562418,0.09072375482562418,0.04536187763928177,-0.02267714698468771,-0.022681980839893756,-0.022681506386598514,-0.022683120614444205
223_STEAM_2,THERMAL,2020-07-15 10:00:00,-0.09532655456311581,0.09532655456311581,0.04766327753908387,-0.023827419619275363,-0.023832482205690286,-0.023832913776425137,-0.023833738961725023
223_STEAM_3,THERMAL,2020-07-15 10:00:00,-0.1020505040530489,0.1020505040530489,0.05102525251017816,-0.0255072945790088,-0.025512139817809087,-0.025516908531135307,-0.025514161125095705
301_CT_1,THERMAL,2020-07-15 10:00:00,0.0,0.0,0.0,0.0,0.0,0.0,0.0
301_CT_2,THERMAL,2020-07-15 10:00:00,0.0,0.0,0.0,0.0,0.0,0.0,0.0
301_CT_3,THERMAL,2020-07-15 10:00:00,-0.09171439885658321,0.09171439885658321,0.04585719958228376,-0.022926356694200525,-0.02293156976653509,-0.022928293903261204,-0.022928178492586392
301_CT_4,THERMAL,2020-07-15 10:00:00,-0.09367293229058862,0.09367293229058862,0.04683646646278909,-0.023413988606369215,-0.023421568603784422,-0.023418992765143726,-0.023418382315291246
302_CT_1,THERMAL,2020-07-15 10:00:00,0.0,0.0,0.0,0.0,0.0,0.0,0.0
302_CT_2,THERMAL,2020-07-15 10:00:00,0.0,0.0,0.0,0.0,0.0,0.0,0.0
302_CT_3,THERMAL,2020-07-15 10:00:00,0.0,0.0,0.0,0.0,0.0,0.0,0.0
302_CT_4,THERMAL,2020-07-15 10:00:00,0.0,0.0,0.0,0.0,0.0,0.0,0.0
303_WIND_1,WIND,2020-07-15 10:00:00,0.6638992837257165,1.1680349104130974,0.9274562616479837,-0.08401211401347264,0.9159670970694069,-0.08402496870450449,-0.08403073062571331
307_CT_1,THERMAL,2020-07-15 10:00:00,0.0,0.0,0.0,0.0,0.0,0.0,0.0
307_CT_2,THERMAL,2020-07-15 10:00:00,0.0,0.0,0.0,0.0,0.0,0.0,0.0
309_WIND_1,WIND,2020-07-15 10:00:00,0.924657208116657,1.0376712479070749,0.981706468405241,-0.018832763871032332,-0.01883695510545136,0.981164228011866,-0.018837300918725375
313_CC_1,THERMAL,2020-07-15 10:00:00,-0.11079008390655895,0.11079008390655895,0.05539504232419314,-0.02769211698819285,-0.027698405689127403,-0.027700449875935895,-0.027699111353302806
315_CT_6,THERMAL,2020-07-15 10:00:00,-2.2554874634650446e-14,2.2554874634650446e-14,1.3193399908743143e-14,-8.916478666520788e-15,-7.702172233337023e-15,-5.936223734792634e-15,0.0
315_CT_7,THERMAL,2020-07-15 10:00:00,-0.12422383269715812,0.12422383269715812,0.06211191667725406,-0.03105083170694794,-0.031058204394655786,-0.03105576196282123,-0.031059034632733153
315_CT_8,THERMAL,2020-07-15 10:00:00,-0.13482196556790188,0.13482196556790188,0.06741098325142363,-0.0336989497744794,-0.03370591287699594,-0.03370773685263212,-0.03370936606379443
315_STEAM_1,THERMAL,2020-07-15 10:00:00,0.0,0.0,0.0,0.0,0.0,0.0,0.0
315_STEAM_2,THERMAL,2020-07-15 10:00:00,0.0,0.0,0.0,0.0,0.0,0.0,0.0
315_STEAM_3,THERMAL,2020-07-15 10:00:00,0.0,0.0,0.0,0.0,0.0,0.0,0.0
315_STEAM_4,THERMAL,2020-07-15 10:00:00,0.0,0.0,0.0,0.0,0.0,0.0,0.0
315_STEAM_5,THERMAL,2020-07-15 10:00:00,0.0,0.0,0.0,0.0,0.0,0.0,0.0
316_STEAM_1,THERMAL,2020-07-15 10:00:00,-0.1473573607961717,0.1473573607961717,0.07367868100122718,-0.036834785680126575,-0.036845035744798915,-0.03683458378903115,-0.03684295558221507
317_WIND_1,WIND,2020-07-15 10:00:00,0.8872389734516418,1.056375988008441,0.9730332593296799,-0.028186228098917132,-0.028192058754401117,-0.028190220425081236,0.9718074807300413
318_CC_1,THERMAL,2020-07-15 10:00:00,-0.13191933921856766,0.13191933921856766,0.06595966995196725,-0.03297416216298943,-0.03298052365273496,-0.032982585638918316,-0.032982067763924955
321_CC_1,THERMAL,2020-07-15 10:00:00,-0.16564006389741295,0.16564006389741295,0.08282003271277334,-0.04140520064426567,-0.04141393148020023,-0.04140384634515293,-0.04141708542779412
322_CT_5,THERMAL,2020-07-15 10:00:00,-5.5945609256369266e-11,7.109215993672535e-11,4.7023551844419927e-11,-2.3497009893347354e-11,-4.0021874703199956e-11,7.573275340178043e-12,0.0
322_CT_6,THERMAL,2020-07-15 10:00:00,0.0,0.0,0.0,0.0,0.0,0.0,0.0
323_CC_1,THERMAL,2020-07-15 10:00:00,-0.10799893965310191,0.10799893965310191,0.05399947009496068,-0.026995646173645152,-0.027002383573975743,-0.026999002737643992,-0.02700190716783701
323_CC_2,THERMAL,2020-07-15 10:00:00,-0.1218786236445761,0.1218786236445761,0.06093931211314786,-0.030464693466762713,-0.030470265213444234,-0.030471133352128702,-0.030472531612240467
101_CT_1,THERMAL,2020-07-15 11:00:00,0.0,0.0,0.0,0.0,0.0,0.0,0.0
101_CT_2,THERMAL,2020-07-15 11:00:00,0.0,0.0,0.0,0.0,0.0,0.0,0.0
101_STEAM_3,THERMAL,2020-07-15 11:00:00,0.08124934628993583,0.139056599251178,0.08417238724362115,0.0073005182601157785,-0.028903626480621086,0.07272129574866983,0.0301311587617713
101_STEAM_4,THERMAL,2020-07-15 11:00:00,-0.1097225522222473,0.15342356565834403,0.09187966811544872,-0.014608292362504587,0.021850506718048363,-0.07982070858778602,-0.037144057990005065
102_CT_1,THERMAL,2020-07-15 11:00:00,0.0,0.0,0.0,0.0,0.0,0.0,0.0
102_CT_2,THERMAL,2020-07-15 11:00:00,0.0,0.0,0.0,0.0,0.0,0.0,0.0
102_STEAM_3,THERMAL,2020-07-15 11:00:00,-0.10057290034789665,0.10057290034789665,0.05028645298303792,-0.025145330812594804,-0.025149387540072676,-0.025128943904498602,-0.025149238090730566
102_STEAM_4,THERMAL,2020-07-15 11:00:00,-0.08440915353653966,0.08440915353653966,0.04220458091597425,-0.021097813464079143,-0.021090549174413997,-0.021115910033319363,-0.021104880864727164
107_CC_1,THERMAL,2020-07-15 11:00:00,-0.36100146199492084,0.36100146199492084,0.18050073215962592,-0.0902425215535449,-0.09026531248006808,-0.09023941880801534,-0.09025420915329252
113_CT_1,THERMAL,2020-07-15 11:00:00,0.0,0.0,0.0,0.0,0.0,0.0,0.0
113_CT_2,THERMAL,2020-07-15 11:00:00,0.0,0.0,0.0,0.0,0.0,0.0,0.0
113_CT_3,THERMAL,2020-07-15 11:00:00,0.0,0.0,0.0,0.0,0.0,0.0,0.0
113_CT_4,THERMAL,2020-07-15 11:00:00,0.0,0.0,0.0,0.0,0.0,0.0,0.0
115_STEAM_1,THERMAL,2020-07-15 11:00:00,0.0,0.0,0.0,0.0,0.0,0.0,0.0
115_STEAM_2,THERMAL,2020-07-15 11:00:00,0.0,0.0,0.0,0.0,0.0,0.0,0.0
115_STEAM_3,THERMAL,2020-07-15 11:00:00,-0.09909652849495411,0.09909652849495411,0.049548276750135865,-0.02476870530872971,-0.024802216345565453,-0.02475374479561232,-0.02477186204504662
116_STEAM_1,THERMAL,2020-07-15 11:00:00,-0.10956607741271597,0.10956607741271597,0.054783079833739506,-0.02740859743440177,-0.027415328263838856,-0.02733358072807679,-0.02740857098639855
118_CC_1,THERMAL,2020-07-15 11:00:00,-0.1068987259885171,0.1068987259885171,0.053449368342804796,-0.026723295135293812,-0.026713653983398977,-0.026717265428702675,-0.026744511441121645
122_WIND_1,WIND,2020-07-15 11:00:00,0.9189801569555327,1.0405163349124786,0.980376226602533,0.9797482459340057,-0.020255078649894287,-0.0202621000323564,-0.020250910296222332
123_CT_1,THERMAL,2020-07-15 11:00:00,-0.09762031734806721,0.09762031734806721,0.04881284013742649,-0.024527781122737957,-0.02464105228694402,-0.023974038022755995,-0.024477445915629236
123_CT_4,THERMAL,2020-07-15 11:00:00,0.0,0.0,0.0,0.0,0.0,0.0,0.0
123_CT_5,THERMAL,2020-07-15 11:00:00,0.0,0.0,0.0,0.0,0.0,0.0,0.0
123_STEAM_2,THERMAL,2020-07-15 11:00:00,-0.09278695035827603,0.09278695035827603,0.046393506454245906,-0.02317769011900067,-0.02317563183879323,-0.023242186659904185,-0.023191441740577943
123_STEAM_3,THERMAL,2020-07-15 11:00:00,-0.11076497152169487,0.11076497152169487,0.05538250656981713,-0.027678831111842106,-0.027669950319732184,-0.027731859402015502,-0.02768433068810508
201_CT_1,THERMAL,2020-07-15 11:00:00,0.0,0.0,0.0,0.0,0.0,0.0,0.0
201_CT_2,THERMAL,2020-07-15 11:00:00,0.0,0.0,0.0,0.0,0.0,0.0,0.0
201_STEAM_3,THERMAL,2020-07-15 11:00:00,-0.12665614058639688,0.12665614058639688,0.06332807255018999,-0.03166220388675471,-0.03166788819958072,-0.03165149996066163,-0.03167454853939981
202_CT_1,THERMAL,2020-07-15 11:00:00,0.0,0.0,0.0,0.0,0.0,0.0,0.0
202_CT_2,THERMAL,2020-07-15 11:00:00,0.0,0.0,0.0,0.0,0.0,0.0,0.0
202_STEAM_3,THERMAL,2020-07-15 11:00:00,-0.12011158842414713,0.12011158842414713,0.06005579933126991,-0.03001956449125264,-0.03002098721016618,-0.03004933010701178,-0.030021706615716515
202_STEAM_4,THERMAL,2020-07-15 11:00:00,-0.11938158759089071,0.11938158759089071,0.0596907989631897,-0.029848094499558227,-0.02985312913398634,-0.029824442247811493,-0.029855921709534668
207_CT_1,THERMAL,2020-07-15 11:00:00,0.15069337913179373,0.15069337913179373,0.0753469238041063,0.037627009053031346,0.0376083845026501,0.0378356182149983,0.037622367361114
207_CT_2,THERMAL,2020-07-15 11:00:00,0.15128419595865314,0.15128419595865314,0.07564214903582292,0.037795258876340165,0.03778013665547168,0.037894152485799484,0.037814647941041814
212_CSP_1,THERMAL,2020-07-15 11:00:00,-0.1345787769590293,0.1345787769590293,0.06728939008740323,-0.03363938196506383,-0.03364049517592327,-0.0336573651632488,-0.03364153465479343
213_CC_3,THERMAL,2020-07-15 11:00:00,-0.7522821129089479,0.7522821129089479,0.3761411777326731,-0.18820314546186,-0.18820220111185626,-0.18783497687769035,-0.18804178945754121
213_CT_1,THERMAL,2020-07-15 11:00:00,0.0,0.0,0.0,0.0,0.0,0.0,0.0
213_CT_2,THERMAL,2020-07-15 11:00:00,0.0,0.0,0.0,0.0,0.0,0.0,0.0
215_CT_4,THERMAL,2020-07-15 11:00:00,0.0,0.0,0.0,0.0,0.0,0.0,0.0
215_CT_5,THERMAL,2020-07-15 11:00:00,0.0,0.0,0.0,0.0,0.0,0.0,0.0
216_STEAM_1,THERMAL,2020-07-15 11:00:00,-0.11525990955496382,0.11525990955496382,0.05762995730602383,-0.028815106545315716,-0.02881875761866226,-0.028801414701517203,-0.02882463068946864
218_CC_1,THERMAL,2020-07-15 11:00:00,-0.7524676394444169,0.7524676394444169,0.37623389547534225,-0.18811425275178745,-0.18821873960519064,-0.18792291470617606,-0.18821173238126276
221_CC_1,THERMAL,2020-07-15 11:00:00,-0.11145228374379448,0.11145228374379448,0.05572616745437224,-0.027855042519271622,-0.027835059341897894,-0.027907097477553933,-0.02785508440507104
223_CT_4,THERMAL,2020-07-15 11:00:00,0.0,0.0,0.0,0.0,0.0,0.0,0.0
223_CT_5,THERMAL,2020-07-15 11:00:00,0.0,0.0,0.0,0.0,0.0,0.0,0.0
223_CT_6,THERMAL,2020-07-15 11:00:00,0.0,0.0,0.0,0.0,0.0,0.0,0.0
223_STEAM_1,THERMAL,2020-07-15 11:00:00,-0.12343019233764181,0.12343019233764181,0.061715096533352234,-0.030855875150983446,-0.030861894208366845,-0.030853070334991385,-0.03085935264330013
223_STEAM_2,THERMAL,2020-07-15 11:00:00,-0.1324455529697966,0.1324455529697966,0.06622278436414042,-0.033099137979142136,-0.03309932666148905,-0.033138585558614396,-0.03310850277055103
223_STEAM_3,THERMAL,2020-07-15 11:00:00,-0.11843479587051985,0.11843479587051985,0.05921739837899715,-0.029604970047277246,-0.029610915378465386,-0.02961349209999309,-0.02960541834478413
301_CT_1,THERMAL,2020-07-15 11:00:00,0.0,0.0,0.0,0.0,0.0,0.0,0.0
301_CT_2,THERMAL,2020-07-15 11:00:00,0.0,0.0,0.0,0.0,0.0,0.0,0.0
301_CT_3,THERMAL,2020-07-15 11:00:00,0.14891205333212218,0.14891205333212218,0.07445602963803832,0.03723967732267913,0.03721733783352812,0.037217719604793933,0.037237318571120996
301_CT_4,THERMAL,2020-07-15 11:00:00,0.1495460328576587,0.1495460328576587,0.07477346555491779,0.037307573665685934,0.03728672035897027,0.03760816850670788,0.03734357032629461
302_CT_1,THERMAL,2020-07-15 11:00:00,0.0,0.0,0.0,0.0,0.0,0.0,0.0
302_CT_2,THERMAL,2020-07-15 11:00:00,0.0,0.0,0.0,0.0,0.0,0.0,0.0
302_CT_3,THERMAL,2020-07-15 11:00:00,0.0,0.0,0.0,0.0,0.0,0.0,0.0
302_CT_4,THERMAL,2020-07-15 11:00:00,0.0,0.0,0.0,0.0,0.0,0.0,0.0
303_WIND_1,WIND,2020-07-15 11:00:00,0.6753056792703637,1.1622538733721377,0.929470909271664,-0.08119579974371316,0.9187797763212506,-0.08105846133221917,-0.08121983597495466
307_CT_1,THERMAL,2020-07-15 11:00:00,0.0,0.0,0.0,0.0,0.0,0.0,0.0
307_CT_2,THERMAL,2020-07-15 11:00:00,0.0,0.0,0.0,0.0,0.0,0.0,0.0
309_WIND_1,WIND,2020-07-15 11:00:00,0.9354636184400603,1.032275211426959,0.9842662576885856,-0.016133734963106938,-0.016136778317363376,0.9838694149335097,-0.016135283212979013
313_CC_1,THERMAL,2020-07-15 11:00:00,-0.09614069170263778,0.09614069170263778,0.04807034777134777,-0.02402586443350796,-0.0240353577412582,-0.02404503994951579,-0.024034429578355835
315_CT_6,THERMAL,2020-07-15 11:00:00,1.3232470674751085e-14,1.3232470674751085e-14,8.299674203012576e-15,3.1780134079895106e-15,2.9976021664879227e-15,7.056855100273651e-15,0.0
315_CT_7,THERMAL,2020-07-15 11:00:00,-0.13963622122226266,0.13963622122226266,0.06981846215451658,-0.03491257292467457,-0.03506066620525868,-0.03474765296927859,-0.03491532912305082
315_CT_8,THERMAL,2020-07-15 11:00:00,-0.1384934766684062,0.1384934766684062,0.06924687500184229,-0.03460813264565108,-0.034736914619573324,-0.034552185733650244,-0.03459624366953153
315_STEAM_1,THERMAL,2020-07-15 11:00:00,0.0,0.0,0.0,0.0,0.0,0.0,0.0
315_STEAM_2,THERMAL,2020-07-15 11:00:00,0.0,0.0,0.0,0.0,0.0,0.0,0.0
315_STEAM_3,THERMAL,2020-07-15 11:00:00,0.0,0.0,0.0,0.0,0.0,0.0,0.0
315_STEAM_4,THERMAL,2020-07-15 11:00:00,0.0,0.0,0.0,0.0,0.0,0.0,0.0
315_STEAM_5,THERMAL,2020-07-15 11:00:00,0.0,0.0,0.0,0.0,0.0,0.0,0.0
316_STEAM_1,THERMAL,2020-07-15 11:00:00,-0.10961899540076395,0.10961899540076395,0.05480955530399736,-0.027389186953006295,-0.02736211924325327,-0.027469634769612394,-0.027398054434891995
317_WIND_1,WIND,2020-07-15 11:00:00,0.9134059546647788,1.0432956836059883,0.9790690835925182,-0.021646852189539656,-0.021648584259393644,-0.02164942802167147,0.9783508191353836
318_CC_1,THERMAL,2020-07-15 11:00:00,-0.22596014917253826,0.22596014917253826,0.1129802064635642,-0.05646563798493853,-0.056359119488641696,-0.05656657109678065,-0.056568820602177376
321_CC_1,THERMAL,2020-07-15 11:00:00,-0.10976114033726367,0.10976114033726367,0.05488058381170629,-0.027421498508566677,-0.027426113967909282,-0.027470917002333728,-0.027442610858453984
322_CT_5,THERMAL,2020-07-15 11:00:00,-1.6981659134440719e-10,1.6981659134440719e-10,1.1431105405751285e-10,-2.4306431867238132e-11,-4.201738956766121e-11,-1.0349276990950784e-10,0.0
322_CT_6,THERMAL,2020-07-15 11:00:00,0.0,0.0,0.0,0.0,0.0,0.0,0.0
323_CC_1,THERMAL,2020-07-15 11:00:00,0.7041250746551835,0.7200380314949402,0.5341501837349201,0.08995424780704833,-0.007956478419878343,0.5155632303311881,0.10656407493682535
323_CC_2,THERMAL,2020-07-15 11:00:00,-0.1304145969386002,0.6167369294781844,0.4086350163581267,0.05392238317513939,0.15211045092360942,-0.3735757632083923,0.0371283321710433
101_CT_1,THERMAL,2020-07-15 12:00:00,0.0,0.0,0.0,0.0,0.0,0.0,0.0
101_CT_2,THERMAL,2020-07-15 12:00:00,0.0,0.0,0.0,0.0,0.0,0.0,0.0
101_STEAM_3,THERMAL,2020-07-15 12:00:00,-0.032666699942681246,0.06233263937010697,0.03171233079746654,0.014832969713712865,-0.013291662927364944,-0.013647649178476783,-0.02056035755055238
101_STEAM_4,THERMAL,2020-07-15 12:00:00,0.010540089923482928,0.051645804815052807,0.027909881726550845,-0.02055285744578494,0.007819933555235692,0.008131253563751727,0.01514176025028045
102_CT_1,THERMAL,2020-07-15 12:00:00,0.0,0.0,0.0,0.0,0.0,0.0,0.0
102_CT_2,THERMAL,2020-07-15 12:00:00,0.0,0.0,0.0,0.0,0.0,0.0,0.0
102_STEAM_3,THERMAL,2020-07-15 12:00:00,-0.10735341370053533,0.10735341370053533,0.05367671355216547,-0.02683984548041253,-0.026819072946403455,-0.026856924789286918,-0.026837570484432437
102_STEAM_4,THERMAL,2020-07-15 12:00:00,-0.09593579761040041,0.09593579761040041,0.047967904473895186,-0.023974873835889518,-0.02397919636785767,-0.024003964437034897,-0.023977762969618323
107_CC_1,THERMAL,2020-07-15 12:00:00,-0.4995306325874104,0.4995306325874104,0.24976531835971214,-0.12486057186742722,-0.12488226020446991,-0.12488183167143152,-0.1249059688440817
113_CT_1,THERMAL,2020-07-15 12:00:00,0.0,0.0,0.0,0.0,0.0,0.0,0.0
113_CT_2,THERMAL,2020-07-15 12:00:00,0.0,0.0,0.0,0.0,0.0,0.0,0.0
113_CT_3,THERMAL,2020-07-15 12:00:00,0.0,0.0,0.0,0.0,0.0,0.0,0.0
113_CT_4,THERMAL,2020-07-15 12:00:00,0.0,0.0,0.0,0.0,0.0,0.0,0.0
115_STEAM_1,THERMAL,2020-07-15 12:00:00,0.0,0.0,0.0,0.0,0.0,0.0,0.0
115_STEAM_2,THERMAL,2020-07-15 12:00:00,0.0,0.0,0.0,0.0,0.0,0.0,0.0
115_STEAM_3,THERMAL,2020-07-15 12:00:00,-0.1012740615779539,0.1012740615779539,0.05063703262604196,-0.025320118842061312,-0.025327361756215083,-0.025308259653899157,-0.025318321325778353
116_STEAM_1,THERMAL,2020-07-15 12:00:00,-0.09326156016417067,0.09326156016417067,0.04663078041803732,-0.023313599715442,-0.02331754295600086,-0.02331178636696185,-0.023318631125765966
118_CC_1,THERMAL,2020-07-15 12:00:00,-0.12402274896322246,0.12402274896322246,0.06201139454510578,-0.030991627482202744,-0.030987239374887343,-0.031048605230858506,-0.03099527687527387
122_WIND_1,WIND,2020-07-15 12:00:00,0.9231005225508825,1.03844866143414,0.981339679444249,0.9807745919925113,-0.01922994758875518,-0.019219155861929238,-0.019224965990944327
123_CT_1,THERMAL,2020-07-15 12:00:00,-0.09663030518708025,0.09663030518708025,0.04831515592538265,-0.024163764686581185,-0.024158250796435854,-0.02414275063799831,-0.024165539066064907
123_CT_4,THERMAL,2020-07-15 12:00:00,0.0,0.0,0.0,0.0,0.0,0.0,0.0
123_CT_5,THERMAL,2020-07-15 12:00:00,0.0,0.0,0.0,0.0,0.0,0.0,0.0
123_STEAM_2,THERMAL,2020-07-15 12:00:00,-0.10783873585464497,0.10783873585464497,0.05391936831606392,-0.026959660932423413,-0.026963939519440983,-0.02695484245209112,-0.02696029295068945
123_STEAM_3,THERMAL,2020-07-15 12:00:00,-0.09557168378733183,0.09557168378733183,0.04778584287744968,-0.02389180646346656,-0.023901117735027455,-0.023888873365020658,-0.02388988622381715
201_CT_1,THERMAL,2020-07-15 12:00:00,0.0,0.0,0.0,0.0,0.0,0.0,0.0
201_CT_2,THERMAL,2020-07-15 12:00:00,0.0,0.0,0.0,0.0,0.0,0.0,0.0
201_STEAM_3,THERMAL,2020-07-15 12:00:00,-0.12715951817788695,0.12715951817788695,0.06357975950815227,-0.031784212426512554,-0.03179205160295817,-0.031793903541242674,-0.03178935060717355
202_CT_1,THERMAL,2020-07-15 12:00:00,0.0,0.0,0.0,0.0,0.0,0.0,0.0
202_CT_2,THERMAL,2020-07-15 12:00:00,0.0,0.0,0.0,0.0,0.0,0.0,0.0
202_STEAM_3,THERMAL,2020-07-15 12:00:00,-0.11894225002761966,0.11894225002761966,0.059471127535425945,-0.029730096842882872,-0.02972435759735373,-0.029745563508075896,-0.029742232079307155
202_STEAM_4,THERMAL,2020-07-15 12:00:00,-0.13687878593989317,0.13687878593989317,0.06843942269723782,-0.03420573089574798,-0.03418186964699174,-0.034269065036603756,-0.034222120360549696
207_CT_1,THERMAL,2020-07-15 12:00:00,0.14358334384889415,0.14358334384889415,0.0717919569799152,0.0358358363390672,0.03579973756497813,0.03606307899080774,0.03588469095404109
207_CT_2,THERMAL,2020-07-15 12:00:00,0.14276247938416392,0.14276247938416392,0.07138150696739227,0.03563864152642629,0.03558973812008702,0.03584949679814631,0.0356846029395043
212_CSP_1,THERMAL,2020-07-15 12:00:00,-0.10616632930665451,0.10616632930665451,0.053083166065566637,-0.02654079842327739,-0.02654720390172849,-0.026531882895778125,-0.02654644408587051
213_CC_3,THERMAL,2020-07-15 12:00:00,-0.15485566060291517,0.15485566060291517,0.07742783269614395,-0.03870285251918848,-0.038711081000525116,-0.03872934458661703,-0.038712382496584555
213_CT_1,THERMAL,2020-07-15 12:00:00,0.0,0.0,0.0,0.0,0.0,0.0,0.0
213_CT_2,THERMAL,2020-07-15 12:00:00,0.0,0.0,0.0,0.0,0.0,0.0,0.0
215_CT_4,THERMAL,2020-07-15 12:00:00,0.0,0.0,0.0,0.0,0.0,0.0,0.0
215_CT_5,THERMAL,2020-07-15 12:00:00,0.0,0.0,0.0,0.0,0.0,0.0,0.0
216_STEAM_1,THERMAL,2020-07-15 12:00:00,-0.11076987006183531,0.11076987006183531,0.055384939636430125,-0.027685368871854132,-0.027686463123822058,-0.02771201641383758,-0.027686021652321535
218_CC_1,THERMAL,2020-07-15 12:00:00,-0.12735314714749257,0.12735314714749257,0.06367657597328605,-0.031839406915506796,-0.03182395599484256,-0.03184731098653781,-0.03184247325060541
221_CC_1,THERMAL,2020-07-15 12:00:00,-0.1490610078117039,0.1490610078117039,0.07453051223693104,-0.0372774254151953,-0.03728349217566773,-0.03723782946293408,-0.037262260757906784
223_CT_4,THERMAL,2020-07-15 12:00:00,0.0,0.0,0.0,0.0,0.0,0.0,0.0
223_CT_5,THERMAL,2020-07-15 12:00:00,0.0,0.0,0.0,0.0,0.0,0.0,0.0
223_CT_6,THERMAL,2020-07-15 12:00:00,0.0,0.0,0.0,0.0,0.0,0.0,0.0
223_STEAM_1,THERMAL,2020-07-15 12:00:00,-0.11582458628274864,0.11582458628274864,0.05791229338531911,-0.028951568580233553,-0.028957347502518882,-0.028958111060003434,-0.028957559139992758
223_STEAM_2,THERMAL,2020-07-15 12:00:00,-0.12191906320252456,0.12191906320252456,0.06095953202459853,-0.03047568827317311,-0.030476759547509946,-0.030482652329526315,-0.030483963052315193
223_STEAM_3,THERMAL,2020-07-15 12:00:00,-0.12655763014482177,0.12655763014482177,0.06327881531038057,-0.03163734747915792,-0.031638269112392425,-0.03163788732982642,-0.031644126223445
301_CT_1,THERMAL,2020-07-15 12:00:00,0.0,0.0,0.0,0.0,0.0,0.0,0.0
301_CT_2,THERMAL,2020-07-15 12:00:00,0.0,0.0,0.0,0.0,0.0,0.0,0.0
301_CT_3,THERMAL,2020-07-15 12:00:00,0.1329736022588988,0.1329736022588988,0.0688155749288001,0.027553302871663486,0.033429250355612006,0.0475611741726338,0.024429874858989495
301_CT_4,THERMAL,2020-07-15 12:00:00,0.10313419923638814,0.10313419923638814,0.054451183081208915,0.03154877425780909,0.025398813130868725,0.011737582337689102,0.03444902951002123
302_CT_1,THERMAL,2020-07-15 12:00:00,0.0,0.0,0.0,0.0,0.0,0.0,0.0
302_CT_2,THERMAL,2020-07-15 12:00:00,0.0,0.0,0.0,0.0,0.0,0.0,0.0
302_CT_3,THERMAL,2020-07-15 12:00:00,0.0,0.0,0.0,0.0,0.0,0.0,0.0
302_CT_4,THERMAL,2020-07-15 12:00:00,0.0,0.0,0.0,0.0,0.0,0.0,0.0
303_WIND_1,WIND,2020-07-15 12:00:00,0.6380586065038139,1.1808446325780984,0.922850822341529,-0.09049999209252735,0.9094516195409561,-0.0904249606872014,-0.09046806025741348
307_CT_1,THERMAL,2020-07-15 12:00:00,0.0,0.0,0.0,0.0,0.0,0.0,0.0
307_CT_2,THERMAL,2020-07-15 12:00:00,0.0,0.0,0.0,0.0,0.0,0.0,0.0
309_WIND_1,WIND,2020-07-15 12:00:00,0.947205076447371,1.026401512926912,0.9870680905443355,-0.013198029464372762,-0.013200015562139011,0.9868032946871415,-0.013200173213258781
313_CC_1,THERMAL,2020-07-15 12:00:00,-0.11920229051165271,0.11920229051165271,0.05960116730453998,-0.029806254726562065,-0.02984015313183619,-0.029776359631091154,-0.0297795230221633
315_CT_6,THERMAL,2020-07-15 12:00:00,5.3974186231542376e-14,5.3974186231542376e-14,3.126046116878169e-14,1.6757428777935957e-14,1.7218865222545787e-14,1.9997892231060632e-14,0.0
315_CT_7,THERMAL,2020-07-15 12:00:00,-0.13499715282365682,0.13499715282365682,0.06750127475183697,-0.03362921254344807,-0.03344728857534984,-0.034251512889808246,-0.033669138815050646
315_CT_8,THERMAL,2020-07-15 12:00:00,-0.12201886215046406,0.12201886215046406,0.06100945075290254,-0.030484845806479928,-0.030485514924909262,-0.03054515922124599,-0.030503342197828888
315_STEAM_1,THERMAL,2020-07-15 12:00:00,0.0,0.0,0.0,0.0,0.0,0.0,0.0
315_STEAM_2,THERMAL,2020-07-15 12:00:00,0.0,0.0,0.0,0.0,0.0,0.0,0.0
315_STEAM_3,THERMAL,2020-07-15 12:00:00,0.0,0.0,0.0,0.0,0.0,0.0,0.0
315_STEAM_4,THERMAL,2020-07-15 12:00:00,0.0,0.0,0.0,0.0,0.0,0.0,0.0
315_STEAM_5,THERMAL,2020-07-15 12:00:00,0.0,0.0,0.0,0.0,0.0,0.0,0.0
316_STEAM_1,THERMAL,2020-07-15 12:00:00,-0.11776366407938878,0.11776366407938878,0.05888184524419786,-0.02944684920986823,-0.029465165592031717,-0.02941039306683857,-0.029441256210650264
317_WIND_1,WIND,2020-07-15 12:00:00,0.9139762523373719,1.043007273465045,0.979200463198035,-0.021504118066965283,-0.02150927629618149,-0.02150211620068987,0.9784917629012085
318_CC_1,THERMAL,2020-07-15 12:00:00,-0.20011662018172682,0.20011662018172682,0.10005832383015877,-0.0500181660486122,-0.04999249743090317,-0.05006163349399273,-0.05004432320821873
321_CC_1,THERMAL,2020-07-15 12:00:00,-0.1440176473189543,0.1440176473189543,0.07200882697955109,-0.036008341130125965,-0.036015731631815484,-0.03598633968632026,-0.036007234870692593
322_CT_5,THERMAL,2020-07-15 12:00:00,-1.7377807526308686e-11,6.065687258027808e-10,3.8404743028205593e-10,-7.839061344494525e-11,-2.335826532195995e-10,2.9459545913823604e-10,0.0
322_CT_6,THERMAL,2020-07-15 12:00:00,0.0,0.0,0.0,0.0,0.0,0.0,0.0
323_CC_1,THERMAL,2020-07-15 12:00:00,-0.1707347113485841,0.1707347113485841,0.08536736588013331,-0.042689167158726074,-0.04265278008510241,-0.04268163597554484,-0.04271112812921078
323_CC_2,THERMAL,2020-07-15 12:00:00,-0.1969097359305121,0.1969097359305121,0.09845490005145695,-0.049199916980665934,-0.04920022542464843,-0.049295559195664106,-0.04921403432953361
101_CT_1,THERMAL,2020-07-15 13:00:00,0.0,0.0,0.0,0.0,0.0,0.0,0.0
101_CT_2,THERMAL,2020-07-15 13:00:00,0.0,0.0,0.0,0.0,0.0,0.0,0.0
101_STEAM_3,THERMAL,2020-07-15 13:00:00,-0.02671859648451931,0.17361244317242064,0.09697174834962256,-0.017423897558465587,0.07344692334395067,-0.029488277835524074,-0.05325334443448032
101_STEAM_4,THERMAL,2020-07-15 13:00:00,0.006755338977156668,0.1635330936808109,0.0961021891733057,0.012239153416172197,-0.07838887735182712,0.024547832889937754,0.048357230022873836
102_CT_1,THERMAL,2020-07-15 13:00:00,0.0,0.0,0.0,0.0,0.0,0.0,0.0
102_CT_2,THERMAL,2020-07-15 13:00:00,0.0,0.0,0.0,0.0,0.0,0.0,0.0
102_STEAM_3,THERMAL,2020-07-15 13:00:00,-0.08047775836511828,0.08047775836511828,0.04023887927032985,-0.02011732044734088,-0.02011936253371538,-0.020120259096847226,-0.020120816287214786
102_STEAM_4,THERMAL,2020-07-15 13:00:00,-0.0868631581379948,0.0868631581379948,0.04343157986092362,-0.021715126923768563,-0.021718370958782596,-0.021709359959241947,-0.021720300296201697
107_CC_1,THERMAL,2020-07-15 13:00:00,-0.676046754044578,0.676046754044578,0.33802337930710546,-0.16898226694280338,-0.16900704972865555,-0.1690349413072081,-0.16902249606591105
113_CT_1,THERMAL,2020-07-15 13:00:00,0.0,0.0,0.0,0.0,0.0,0.0,0.0
113_CT_2,THERMAL,2020-07-15 13:00:00,0.0,0.0,0.0,0.0,0.0,0.0,0.0
113_CT_3,THERMAL,2020-07-15 13:00:00,0.0,0.0,0.0,0.0,0.0,0.0,0.0
113_CT_4,THERMAL,2020-07-15 13:00:00,0.0,0.0,0.0,0.0,0.0,0.0,0.0
115_STEAM_1,THERMAL,2020-07-15 13:00:00,0.0,0.0,0.0,0.0,0.0,0.0,0.0
115_STEAM_2,THERMAL,2020-07-15 13:00:00,0.0,0.0,0.0,0.0,0.0,0.0,0.0
115_STEAM_3,THERMAL,2020-07-15 13:00:00,-0.08817122985015405,0.08817122985015405,0.044085616340624426,-0.022037239674143727,-0.02204367572934962,-0.022051560880534282,-0.022038753566126414
116_STEAM_1,THERMAL,2020-07-15 13:00:00,-0.07764404799438675,0.07764404799438675,0.03882202412361784,-0.019409949253863967,-0.01941228988023247,-0.019409029522430288,-0.01941277933786002
118_CC_1,THERMAL,2020-07-15 13:00:00,-0.0731409996407398,0.0731409996407398,0.036570499842405235,-0.018284333195857094,-0.01828573791118382,-0.018284994544512045,-0.018285933989186848
122_WIND_1,WIND,2020-07-15 13:00:00,0.930286669430442,1.0348581680326243,0.9830360240530985,0.9825724187315332,-0.017429208962226994,-0.017426407066807315,-0.01743013327205688
123_CT_1,THERMAL,2020-07-15 13:00:00,-0.07023605726107404,0.07023605726107404,0.03511803409025402,-0.017553838771048047,-0.017547534470185422,-0.017573906875812284,-0.017560777144028285
123_CT_4,THERMAL,2020-07-15 13:00:00,0.0,0.0,0.0,0.0,0.0,0.0,0.0
123_CT_5,THERMAL,2020-07-15 13:00:00,0.0,0.0,0.0,0.0,0.0,0.0,0.0
123_STEAM_2,THERMAL,2020-07-15 13:00:00,-0.08274457632768474,0.08274457632768474,0.041372290889354735,-0.020680384649130412,-0.02068140968917276,-0.020698969769159525,-0.02068381222022205
123_STEAM_3,THERMAL,2020-07-15 13:00:00,-0.07914500613380114,0.07914500613380114,0.03957250314223393,-0.019784218234064177,-0.019786431732168097,-0.01978697998014134,-0.019787376187427524
201_CT_1,THERMAL,2020-07-15 13:00:00,0.0,0.0,0.0,0.0,0.0,0.0,0.0
201_CT_2,THERMAL,2020-07-15 13:00:00,0.0,0.0,0.0,0.0,0.0,0.0,0.0
201_STEAM_3,THERMAL,2020-07-15 13:00:00,-0.10152907341046366,0.10152907341046366,0.05076453685590268,-0.02538036223665277,-0.025383794199551724,-0.02538030631580268,-0.025384610658456482
202_CT_1,THERMAL,2020-07-15 13:00:00,0.0,0.0,0.0,0.0,0.0,0.0,0.0
202_CT_2,THERMAL,2020-07-15 13:00:00,0.0,0.0,0.0,0.0,0.0,0.0,0.0
202_STEAM_3,THERMAL,2020-07-15 13:00:00,-0.0977873675679124,0.0977873675679124,0.04889368442204796,-0.024443007322445576,-0.024443660338686255,-0.02445289535313482,-0.024447804553645737
202_STEAM_4,THERMAL,2020-07-15 13:00:00,-0.09753737216117699,0.09753737216117699,0.04876868671577687,-0.024380528720714178,-0.02438115659660114,-0.024390367981774807,-0.024385318862086863
207_CT_1,THERMAL,2020-07-15 13:00:00,0.015251656308248648,0.05741965633983143,0.03926556354775156,-0.0014511361046822945,-0.013468423984118384,0.03633565632404004,-0.0061644399269907115
207_CT_2,THERMAL,2020-07-15 13:00:00,-0.05456421871738393,0.06159745172187921,0.047067128015695875,-0.008331853194313165,0.003516616502247639,-0.04604106329175897,-0.003707918733559435
212_CSP_1,THERMAL,2020-07-15 13:00:00,-0.1131057286133591,0.1131057286133591,0.056552864504291256,-0.02827299090438684,-0.028275686025935,-0.02827929559936848,-0.02827775608366879
213_CC_3,THERMAL,2020-07-15 13:00:00,-0.1389594378254879,0.1389594378254879,0.06947971930851533,-0.034737135669478114,-0.034742962744291894,-0.034735317996536175,-0.0347440214151817
213_CT_1,THERMAL,2020-07-15 13:00:00,0.0,0.0,0.0,0.0,0.0,0.0,0.0
213_CT_2,THERMAL,2020-07-15 13:00:00,0.0,0.0,0.0,0.0,0.0,0.0,0.0
215_CT_4,THERMAL,2020-07-15 13:00:00,0.0,0.0,0.0,0.0,0.0,0.0,0.0
215_CT_5,THERMAL,2020-07-15 13:00:00,0.0,0.0,0.0,0.0,0.0,0.0,0.0
216_STEAM_1,THERMAL,2020-07-15 13:00:00,-0.09520682345355283,0.09520682345355283,0.04760341186391653,-0.023799559625618527,-0.02380211479940897,-0.023800734133743617,-0.023804414894781713
218_CC_1,THERMAL,2020-07-15 13:00:00,-0.10875788267072369,0.10875788267072369,0.054378941806704426,-0.027185306141274346,-0.027187713048102413,-0.02719500989977952,-0.027189853581567402
221_CC_1,THERMAL,2020-07-15 13:00:00,-0.1092040807675152,0.1092040807675152,0.05460204347341993,-0.027293801495422265,-0.027292960424959656,-0.027315857291370982,-0.0273014615557623
223_CT_4,THERMAL,2020-07-15 13:00:00,0.0,0.0,0.0,0.0,0.0,0.0,0.0
223_CT_5,THERMAL,2020-07-15 13:00:00,0.0,0.0,0.0,0.0,0.0,0.0,0.0
223_CT_6,THERMAL,2020-07-15 13:00:00,0.0,0.0,0.0,0.0,0.0,0.0,0.0
223_STEAM_1,THERMAL,2020-07-15 13:00:00,-0.10955219298580937,0.10955219298580937,0.054776097062546755,-0.027386566967646506,-0.027392642477492856,-0.027382352980844273,-0.027390630559825734
223_STEAM_2,THERMAL,2020-07-15 13:00:00,-0.10653624377116527,0.10653624377116527,0.05326812213984475,-0.026632192955344372,-0.026635366426258845,-0.026631045510005245,-0.026637638879556808
223_STEAM_3,THERMAL,2020-07-15 13:00:00,-0.10355837396922332,0.10355837396922332,0.05177918812060739,-0.025884521736889488,-0.025886083187621978,-0.0258985089710837,-0.02588926007362815
301_CT_1,THERMAL,2020-07-15 13:00:00,0.0,0.0,0.0,0.0,0.0,0.0,0.0
301_CT_2,THERMAL,2020-07-15 13:00:00,0.0,0.0,0.0,0.0,0.0,0.0,0.0
301_CT_3,THERMAL,2020-07-15 13:00:00,-0.09128257820890615,0.09128257820890615,0.045641305514308436,-0.02281320811328687,-0.02279689155088042,-0.02285023994888049,-0.022822238595858357
301_CT_4,THERMAL,2020-07-15 13:00:00,-0.09801644149737805,0.09801644149737805,0.049008239364515135,-0.024489495914115988,-0.024490398920715323,-0.02454087744894049,-0.024495669213606252
302_CT_1,THERMAL,2020-07-15 13:00:00,0.0,0.0,0.0,0.0,0.0,0.0,0.0
302_CT_2,THERMAL,2020-07-15 13:00:00,0.0,0.0,0.0,0.0,0.0,0.0,0.0
302_CT_3,THERMAL,2020-07-15 13:00:00,0.0,0.0,0.0,0.0,0.0,0.0,0.0
302_CT_4,THERMAL,2020-07-15 13:00:00,0.0,0.0,0.0,0.0,0.0,0.0,0.0
303_WIND_1,WIND,2020-07-15 13:00:00,0.6730583257301308,1.163471984603832,0.9291141076577529,-0.08172692776298085,0.9182651551669814,-0.08173800179570989,-0.08174189987815984
307_CT_1,THERMAL,2020-07-15 13:00:00,0.0,0.0,0.0,0.0,0.0,0.0,0.0
307_CT_2,THERMAL,2020-07-15 13:00:00,0.0,0.0,0.0,0.0,0.0,0.0,0.0
309_WIND_1,WIND,2020-07-15 13:00:00,0.9526407987400739,1.023675823700567,0.9883710568070706,-0.01183819131461078,-0.011838920396240793,0.9881583112203205,-0.01184040076939492
313_CC_1,THERMAL,2020-07-15 13:00:00,-0.07513153880164385,0.07513153880164385,0.03756576983856035,-0.018782631098352875,-0.018785922596632698,-0.01877835259414873,-0.018784632512509548
315_CT_6,THERMAL,2020-07-15 13:00:00,2.2301605007157832e-14,2.2301605007157832e-14,1.3154463822442907e-14,5.9674487573602164e-15,6.7480743215497796e-15,9.586081928247836e-15,0.0
315_CT_7,THERMAL,2020-07-15 13:00:00,-0.07933557491904648,0.07933557491904648,0.039667787915872686,-0.019834451737765185,-0.019833175397751177,-0.019829768863807495,-0.019838178919722626
315_CT_8,THERMAL,2020-07-15 13:00:00,-0.0870757327544462,0.0870757327544462,0.043537868294261914,-0.02176354548254808,-0.02176374953377802,-0.021779470205727385,-0.021768967532392717
315_STEAM_1,THERMAL,2020-07-15 13:00:00,0.0,0.0,0.0,0.0,0.0,0.0,0.0
315_STEAM_2,THERMAL,2020-07-15 13:00:00,0.0,0.0,0.0,0.0,0.0,0.0,0.0
315_STEAM_3,THERMAL,2020-07-15 13:00:00,0.0,0.0,0.0,0.0,0.0,0.0,0.0
315_STEAM_4,THERMAL,2020-07-15 13:00:00,0.0,0.0,0.0,0.0,0.0,0.0,0.0
315_STEAM_5,THERMAL,2020-07-15 13:00:00,0.0,0.0,0.0,0.0,0.0,0.0,0.0
316_STEAM_1,THERMAL,2020-07-15 13:00:00,-0.10621483675375612,0.10621483675375612,0.05310741861409709,-0.026551009961053418,-0.02655444991928202,-0.02655746726882402,-0.026551909604596656
317_WIND_1,WIND,2020-07-15 13:00:00,0.9164876996157321,1.041752728256744,0.9797877341401329,-0.02087546728595857,-0.02087628953756493,-0.020880757496982483,0.979120213936238
318_CC_1,THERMAL,2020-07-15 13:00:00,-0.11099635850196853,0.11099635850196853,0.055498185228932,-0.02773782647214973,-0.02774096691319139,-0.027770673468579865,-0.02774689164804754
321_CC_1,THERMAL,2020-07-15 13:00:00,-0.09543988134892914,0.09543988134892914,0.047719941108420046,-0.02386059837079435,-0.023858607772794027,-0.023855927620616946,-0.023864747584723824
322_CT_5,THERMAL,2020-07-15 13:00:00,1.319800935206672e-10,4.905441608471506e-10,3.365252132421704e-10,-1.0176709475118173e-10,-7.751493891205996e-11,3.112621271839089e-10,0.0
322_CT_6,THERMAL,2020-07-15 13:00:00,0.0,0.0,0.0,0.0,0.0,0.0,0.0
323_CC_1,THERMAL,2020-07-15 13:00:00,-0.08412660352328433,0.08412660352328433,0.04206330324512606,-0.021031273910056204,-0.021037737289737887,-0.02102282476571386,-0.02103476755777638
323_CC_2,THERMAL,2020-07-15 13:00:00,-0.08937396202045436,0.08937396202045436,0.04468698193365936,-0.02233940584462314,-0.022339071846376082,-0.022349997001507266,-0.022345487327947874
101_CT_1,THERMAL,2020-07-15 14:00:00,0.0,0.0,0.0,0.0,0.0,0.0,0.0
101_CT_2,THERMAL,2020-07-15 14:00:00,0.0,0.0,0.0,0.0,0.0,0.0,0.0
101_STEAM_3,THERMAL,2020-07-15 14:00:00,0.18156803684695794,0.32267000225639436,0.2560018623307748,-0.03683947932322672,-0.011978583957320037,0.25211901955167615,-0.02173291942417145
101_STEAM_4,THERMAL,2020-07-15 14:00:00,-0.19411273737190043,0.31633026767575984,0.2582439163517789,0.03351290799505455,0.008897708492215571,-0.25522150252383013,0.018698148664659575
102_CT_1,THERMAL,2020-07-15 14:00:00,0.0,0.0,0.0,0.0,0.0,0.0,0.0
102_CT_2,THERMAL,2020-07-15 14:00:00,0.0,0.0,0.0,0.0,0.0,0.0,0.0
102_STEAM_3,THERMAL,2020-07-15 14:00:00,-0.06445278122829301,0.06445278122829301,0.0322263907343368,-0.016111355443862274,-0.016112447374057648,-0.01611496552131364,-0.01611401288905944
102_STEAM_4,THERMAL,2020-07-15 14:00:00,-0.06813412416666148,0.06813412416666148,0.03406706235975273,-0.017032989222596592,-0.01703457106153916,-0.01703033792539077,-0.01703622595713496
107_CC_1,THERMAL,2020-07-15 14:00:00,-0.26692344340521357,0.26692344340521357,0.1334617220583244,-0.06672249488651338,-0.06673260975824391,-0.06673423498150788,-0.0667341037789484
113_CT_1,THERMAL,2020-07-15 14:00:00,0.0,0.0,0.0,0.0,0.0,0.0,0.0
113_CT_2,THERMAL,2020-07-15 14:00:00,0.0,0.0,0.0,0.0,0.0,0.0,0.0
113_CT_3,THERMAL,2020-07-15 14:00:00,0.0,0.0,0.0,0.0,0.0,0.0,0.0
113_CT_4,THERMAL,2020-07-15 14:00:00,0.0,0.0,0.0,0.0,0.0,0.0,0.0
115_STEAM_1,THERMAL,2020-07-15 14:00:00,0.0,0.0,0.0,0.0,0.0,0.0,0.0
115_STEAM_2,THERMAL,2020-07-15 14:00:00,0.0,0.0,0.0,0.0,0.0,0.0,0.0
115_STEAM_3,THERMAL,2020-07-15 14:00:00,-0.08242856759335215,0.08242856759335215,0.041214284401785935,-0.02060563596380882,-0.020611983795453925,-0.02060242414576896,-0.020608523688320446
116_STEAM_1,THERMAL,2020-07-15 14:00:00,-0.08169487879131178,0.08169487879131178,0.04084743947087753,-0.020421869027135497,-0.02042488921611274,-0.020423311781138764,-0.020424808766924776
118_CC_1,THERMAL,2020-07-15 14:00:00,-0.07720315600048651,0.07720315600048651,0.038601578074829335,-0.0192989671103716,-0.01930122148543023,-0.019302285803517005,-0.019300681601167675
122_WIND_1,WIND,2020-07-15 14:00:00,0.9288201067428085,1.0355927346759441,0.9826899234887183,0.9822064207093764,-0.017796515597949814,-0.017793862079926726,-0.01779593628869135
123_CT_1,THERMAL,2020-07-15 14:00:00,-0.06763633298719517,0.06763633298719517,0.033818166693285925,-0.016907403428423298,-0.01690806426789991,-0.01690869997030877,-0.016912165320563183
123_CT_4,THERMAL,2020-07-15 14:00:00,-0.08348041844522519,0.08348041844522519,0.04174020962618988,-0.02086926977342886,-0.02087363367815477,-0.020865849740076638,-0.020871665253564924
123_CT_5,THERMAL,2020-07-15 14:00:00,0.0,0.0,0.0,0.0,0.0,0.0,0.0
123_STEAM_2,THERMAL,2020-07-15 14:00:00,-0.08485908436738453,0.08485908436738453,0.042429542365158585,-0.021212318612463588,-0.021213991758190276,-0.02121772017918211,-0.021215053817548554
123_STEAM_3,THERMAL,2020-07-15 14:00:00,-0.08159690370774353,0.08159690370774353,0.04079845191820455,-0.020397478975756167,-0.020400040581588952,-0.02039895070259723,-0.02040043344780118
201_CT_1,THERMAL,2020-07-15 14:00:00,0.0,0.0,0.0,0.0,0.0,0.0,0.0
201_CT_2,THERMAL,2020-07-15 14:00:00,0.0,0.0,0.0,0.0,0.0,0.0,0.0
201_STEAM_3,THERMAL,2020-07-15 14:00:00,-0.09876820341239938,0.09876820341239938,0.04938410183218454,-0.02468945861165564,-0.024692054453718804,-0.024694434448079727,-0.02469225589894521
202_CT_1,THERMAL,2020-07-15 14:00:00,0.0544328316438005,0.0544328316438005,0.02721643438927055,0.013598356318960829,0.013591368692127015,0.013633255069217531,0.013609851563495128
202_CT_2,THERMAL,2020-07-15 14:00:00,0.0,0.0,0.0,0.0,0.0,0.0,0.0
202_STEAM_3,THERMAL,2020-07-15 14:00:00,-0.09401706424795248,0.09401706424795248,0.04700853223901185,-0.02350180702740198,-0.023504359171750547,-0.023506439223913017,-0.023504458824886932
202_STEAM_4,THERMAL,2020-07-15 14:00:00,-0.09842670134791333,0.09842670134791333,0.04921335082823057,-0.02460376957720273,-0.02460648715637158,-0.024609201997544822,-0.024607242616794204
207_CT_1,THERMAL,2020-07-15 14:00:00,-0.03781410884115652,0.10328403718046686,0.0545183480347726,-0.014387783231102867,-0.020444583991506116,0.03273496416965517,-0.035716705788202706
207_CT_2,THERMAL,2020-07-15 14:00:00,-0.11610099528835117,0.11610099528835117,0.07736135285841068,-0.023995878141128447,-0.018037947111580854,-0.07124349859396951,-0.002823671441672352
212_CSP_1,THERMAL,2020-07-15 14:00:00,-0.11529340259808664,0.11529340259808664,0.05764670140208929,-0.028820568425260484,-0.028824986586724055,-0.028823288784941337,-0.02882455880116076
213_CC_3,THERMAL,2020-07-15 14:00:00,-0.09329434783393052,0.09329434783393052,0.046647174094129586,-0.023320754452715087,-0.023324626985166796,-0.023326188659150482,-0.023322777736898156
213_CT_1,THERMAL,2020-07-15 14:00:00,0.0,0.0,0.0,0.0,0.0,0.0,0.0
213_CT_2,THERMAL,2020-07-15 14:00:00,0.0,0.0,0.0,0.0,0.0,0.0,0.0
215_CT_4,THERMAL,2020-07-15 14:00:00,0.0,0.0,0.0,0.0,0.0,0.0,0.0
215_CT_5,THERMAL,2020-07-15 14:00:00,0.0,0.0,0.0,0.0,0.0,0.0,0.0
216_STEAM_1,THERMAL,2020-07-15 14:00:00,-0.07955485138386423,0.07955485138386423,0.03977742649934932,-0.019887820244632426,-0.019892340638150707,-0.019882521574093426,-0.019892168926987662
218_CC_1,THERMAL,2020-07-15 14:00:00,-0.08467545904984464,0.08467545904984464,0.042337729613907124,-0.021166678260651994,-0.02117015343303863,-0.02116872617616794,-0.02116990117998607
221_CC_1,THERMAL,2020-07-15 14:00:00,-0.08898064166340305,0.08898064166340305,0.04449032115714253,-0.02224117222982236,-0.022245377111774323,-0.02224876274110521,-0.022245329580701165
223_CT_4,THERMAL,2020-07-15 14:00:00,0.0,0.0,0.0,0.0,0.0,0.0,0.0
223_CT_5,THERMAL,2020-07-15 14:00:00,0.0,0.0,0.0,0.0,0.0,0.0,0.0
223_CT_6,THERMAL,2020-07-15 14:00:00,0.0,0.0,0.0,0.0,0.0,0.0,0.0
223_STEAM_1,THERMAL,2020-07-15 14:00:00,-0.10864836037964361,0.10864836037964361,0.05432418064098421,-0.02715715581071221,-0.02716404039863225,-0.027166446970951122,-0.02716071719934802
223_STEAM_2,THERMAL,2020-07-15 14:00:00,-0.10198158299599369,0.10198158299599369,0.05099079222312447,-0.02549493135689423,-0.02549788707133176,-0.02548866069784199,-0.025500103869925708
223_STEAM_3,THERMAL,2020-07-15 14:00:00,-0.09542550653970143,0.09542550653970143,0.047712753384566646,-0.0238537916083138,-0.023856303095222353,-0.023857103810122293,-0.02385830802604298
301_CT_1,THERMAL,2020-07-15 14:00:00,0.0,0.0,0.0,0.0,0.0,0.0,0.0
301_CT_2,THERMAL,2020-07-15 14:00:00,0.0,0.0,0.0,0.0,0.0,0.0,0.0
301_CT_3,THERMAL,2020-07-15 14:00:00,-0.06979621941874875,0.06979621941874875,0.034898110808943984,-0.017446347792779635,-0.017445989977504232,-0.01745659735224006,-0.017447284296224816
301_CT_4,THERMAL,2020-07-15 14:00:00,-0.08043924459805983,0.08043924459805983,0.04021962372524781,-0.020105624957674997,-0.020105847816302376,-0.020118799378257196,-0.02010897244582526
302_CT_1,THERMAL,2020-07-15 14:00:00,0.0,0.0,0.0,0.0,0.0,0.0,0.0
302_CT_2,THERMAL,2020-07-15 14:00:00,0.0,0.0,0.0,0.0,0.0,0.0,0.0
302_CT_3,THERMAL,2020-07-15 14:00:00,0.0,0.0,0.0,0.0,0.0,0.0,0.0
302_CT_4,THERMAL,2020-07-15 14:00:00,0.0,0.0,0.0,0.0,0.0,0.0,0.0
303_WIND_1,WIND,2020-07-15 14:00:00,0.2654005852648676,1.367267384521911,0.8761147448119818,-0.18363556011136883,0.8163339848933893,-0.18362903705748934,-0.1836688024596635
307_CT_1,THERMAL,2020-07-15 14:00:00,0.0,0.0,0.0,0.0,0.0,0.0,0.0
307_CT_2,THERMAL,2020-07-15 14:00:00,0.0,0.0,0.0,0.0,0.0,0.0,0.0
309_WIND_1,WIND,2020-07-15 14:00:00,0.9514294554321746,1.0242857523513822,0.9880814653842493,-0.012141477417998758,-0.012143488017327342,0.9878576038917783,-0.012143183024277688
313_CC_1,THERMAL,2020-07-15 14:00:00,-0.07751643893603267,0.07751643893603267,0.03875821953388223,-0.01937717162045227,-0.019379725766163203,-0.019379989817696508,-0.01937955173172069
315_CT_6,THERMAL,2020-07-15 14:00:00,-0.099557921374958,0.099557921374958,0.049778961232225964,-0.024885359791708066,-0.024888045846939686,-0.024895401740144464,-0.024889113996165772
315_CT_7,THERMAL,2020-07-15 14:00:00,-0.07072142363746532,0.07072142363746532,0.03536071277594892,-0.01767680786958838,-0.017678287830974165,-0.017687350839061068,-0.017678977097841716
315_CT_8,THERMAL,2020-07-15 14:00:00,-0.06863365551029896,0.06863365551029896,0.03431682805222378,-0.01715586791718302,-0.01715752321088648,-0.017162030728849795,-0.017158233653379658
315_STEAM_1,THERMAL,2020-07-15 14:00:00,0.0,0.0,0.0,0.0,0.0,0.0,0.0
315_STEAM_2,THERMAL,2020-07-15 14:00:00,0.0,0.0,0.0,0.0,0.0,0.0,0.0
315_STEAM_3,THERMAL,2020-07-15 14:00:00,0.0,0.0,0.0,0.0,0.0,0.0,0.0
315_STEAM_4,THERMAL,2020-07-15 14:00:00,0.0,0.0,0.0,0.0,0.0,0.0,0.0
315_STEAM_5,THERMAL,2020-07-15 14:00:00,0.0,0.0,0.0,0.0,0.0,0.0,0.0
316_STEAM_1,THERMAL,2020-07-15 14:00:00,-0.109180030161542,0.109180030161542,0.054590015650332814,-0.027290761828131865,-0.02729700953515435,-0.027300467231938352,-0.02729179156631743
317_WIND_1,WIND,2020-07-15 14:00:00,0.916416447691514,1.0417892984493582,0.9797715543441956,-0.02089427319195325,-0.02089726548190729,-0.020894886705061566,0.9791028730704361
318_CC_1,THERMAL,2020-07-15 14:00:00,-0.08068585084859234,0.08068585084859234,0.04034292569128372,-0.02016865777593435,-0.020170799998274314,-0.020175096926877245,-0.020171296147506436
321_CC_1,THERMAL,2020-07-15 14:00:00,-0.10771598112599977,0.10771598112599977,0.05385799082863063,-0.026925299292511307,-0.026928532067441724,-0.02693281963080807,-0.026929330135238665
322_CT_5,THERMAL,2020-07-15 14:00:00,-1.318200965050309e-10,1.996700443873678e-10,1.2715001857889216e-10,-1.0817578777189141e-10,-5.756928267430794e-11,3.3924973941168446e-11,0.0
322_CT_6,THERMAL,2020-07-15 14:00:00,0.0,0.0,0.0,0.0,0.0,0.0,0.0
323_CC_1,THERMAL,2020-07-15 14:00:00,-0.08554200608701813,0.08554200608701813,0.04277100325122913,-0.021383859419356624,-0.021387731742843235,-0.021382979743525626,-0.021387435181292647
323_CC_2,THERMAL,2020-07-15 14:00:00,-0.08277503800570316,0.08277503800570316,0.041387519694617736,-0.02068978514004237,-0.020693114897720095,-0.02069996657867959,-0.020692171389261108
101_CT_1,THERMAL,2020-07-15 15:00:00,0.0,0.0,0.0,0.0,0.0,0.0,0.0
101_CT_2,THERMAL,2020-07-15 15:00:00,0.0,0.0,0.0,0.0,0.0,0.0,0.0
101_STEAM_3,THERMAL,2020-07-15 15:00:00,-0.004676078456456553,0.06775832073752666,0.03883055035630503,-0.006411384316707494,-0.018622461178801106,0.031541121140535054,-0.011183354101483009
101_STEAM_4,THERMAL,2020-07-15 15:00:00,-5.61616631691228e-05,0.06528131012672173,0.03875210077513393,0.004937450540943516,0.01752160554878973,-0.03266873589494542,0.010153518142043051
102_CT_1,THERMAL,2020-07-15 15:00:00,-0.030503547861772187,0.030503547861772187,0.015251785463356782,-0.007621417260811298,-0.007641555800213282,-0.007623721094021485,-0.007616853706726123
102_CT_2,THERMAL,2020-07-15 15:00:00,-0.02776851582984835,0.02776851582984835,0.013884342612038608,-0.006941954344371219,-0.006920018207725781,-0.006981685419815781,-0.006924857857935571
102_STEAM_3,THERMAL,2020-07-15 15:00:00,-0.04329677666952292,0.04329677666952292,0.021648388558038124,-0.010821540140151381,-0.010824876889955953,-0.010824852582548394,-0.010825507056867188
102_STEAM_4,THERMAL,2020-07-15 15:00:00,-0.047980586133342086,0.047980586133342086,0.023990293316661557,-0.011992180095182381,-0.011995885678851986,-0.011995970193578676,-0.011996550165729042
107_CC_1,THERMAL,2020-07-15 15:00:00,-0.1704778308154695,0.1704778308154695,0.08523891628579877,-0.04260909275597613,-0.0426224331109748,-0.04262140567701467,-0.0426248992715039
113_CT_1,THERMAL,2020-07-15 15:00:00,0.0,0.0,0.0,0.0,0.0,0.0,0.0
113_CT_2,THERMAL,2020-07-15 15:00:00,0.0,0.0,0.0,0.0,0.0,0.0,0.0
113_CT_3,THERMAL,2020-07-15 15:00:00,0.0,0.0,0.0,0.0,0.0,0.0,0.0
113_CT_4,THERMAL,2020-07-15 15:00:00,0.0,0.0,0.0,0.0,0.0,0.0,0.0
115_STEAM_1,THERMAL,2020-07-15 15:00:00,0.0,0.0,0.0,0.0,0.0,0.0,0.0
115_STEAM_2,THERMAL,2020-07-15 15:00:00,0.0,0.0,0.0,0.0,0.0,0.0,0.0
115_STEAM_3,THERMAL,2020-07-15 15:00:00,-0.061348083765628995,0.061348083765628995,0.030674042196881603,-0.015333275284241832,-0.015337979273352342,-0.015337948515744548,-0.015338880692290273
116_STEAM_1,THERMAL,2020-07-15 15:00:00,-0.054434464689924716,0.054434464689924716,0.02721723265796661,-0.013605440224002063,-0.01360999558175735,-0.013608203903319405,-0.013610824980845898
118_CC_1,THERMAL,2020-07-15 15:00:00,-0.053791720445145394,0.053791720445145394,0.026895860500410287,-0.013444631899053427,-0.013448899340651299,-0.013448638712439731,-0.01344955049300094
122_WIND_1,WIND,2020-07-15 15:00:00,0.9377544972607501,1.0311303843774826,0.9848114069765851,0.9844424408191164,-0.01556239604957943,-0.015562209529786486,-0.015563337979000294
123_CT_1,THERMAL,2020-07-15 15:00:00,-0.056024644516147575,0.056024644516147575,0.028012322544426087,-0.01400275152921349,-0.014007067227080915,-0.014006931922143681,-0.014007893837709484
123_CT_4,THERMAL,2020-07-15 15:00:00,-0.05687747687035836,0.05687747687035836,0.02843873872253008,-0.014215935910208723,-0.014220337028004633,-0.014220063356786675,-0.014221140575358329
123_CT_5,THERMAL,2020-07-15 15:00:00,0.0,0.0,0.0,0.0,0.0,0.0,0.0
123_STEAM_2,THERMAL,2020-07-15 15:00:00,-0.06122353733092563,0.06122353733092563,0.03061176899022604,-0.015302120232742411,-0.015306990563320133,-0.015306520871653406,-0.015307905663209682
123_STEAM_3,THERMAL,2020-07-15 15:00:00,-0.05596763139303163,0.05596763139303163,0.027983815985800152,-0.0139884876411146,-0.013992795017047865,-0.013992675602882976,-0.013993673131986191
201_CT_1,THERMAL,2020-07-15 15:00:00,-0.030267369916620067,0.030267369916620067,0.015133686727702045,-0.007562690401279482,-0.007566407304755645,-0.007572714112876425,-0.007565558097708513
201_CT_2,THERMAL,2020-07-15 15:00:00,-0.03171877057186522,0.03171877057186522,0.015859385685367045,-0.007928239831320325,-0.007930116673160865,-0.007927987809687495,-0.007932426257696535
201_STEAM_3,THERMAL,2020-07-15 15:00:00,-0.05650366689307474,0.05650366689307474,0.02825183373719295,-0.014122473553281,-0.014126925048156658,-0.014126592513009184,-0.0141276757786279
202_CT_1,THERMAL,2020-07-15 15:00:00,-0.03193025915245524,0.03193025915245524,0.01596513103097732,-0.007981756943820556,-0.007985613103140084,-0.007977321699029857,-0.007985567406464743
202_CT_2,THERMAL,2020-07-15 15:00:00,-0.0310603456082046,0.0310603456082046,0.015530172956631295,-0.007763306096476602,-0.007765230593121069,-0.007765581280524694,-0.0077662276380822326
202_STEAM_3,THERMAL,2020-07-15 15:00:00,-0.06772026912307827,0.06772026912307827,0.03386013490042305,-0.016926000781338876,-0.016931172839387682,-0.016930912516006542,-0.016932182986345166
202_STEAM_4,THERMAL,2020-07-15 15:00:00,-0.0677607973634471,0.0677607973634471,0.03388039902081237,-0.016936130393223673,-0.016941305543765533,-0.016941045110672952,-0.016942316315784946
207_CT_1,THERMAL,2020-07-15 15:00:00,-0.058584911797828126,0.058584911797828126,0.029292456197104525,-0.014642664094117405,-0.014647161440850459,-0.014647075379538091,-0.014648010883322172
207_CT_2,THERMAL,2020-07-15 15:00:00,-0.06299209229651702,0.06299209229651702,0.03149604647202087,-0.015744288931660803,-0.015749220765989613,-0.015748342776466237,-0.015750239822400366
212_CSP_1,THERMAL,2020-07-15 15:00:00,-0.07258096222331009,0.07258096222331009,0.03629048152516731,-0.01814053403512389,-0.01814629376398058,-0.018146868230062285,-0.01814726619414333
213_CC_3,THERMAL,2020-07-15 15:00:00,-0.07294927004151161,0.07294927004151161,0.03647463540190978,-0.018232800305817976,-0.018238404224978466,-0.01823862367810225,-0.01823944183261291
213_CT_1,THERMAL,2020-07-15 15:00:00,0.0,0.0,0.0,0.0,0.0,0.0,0.0
213_CT_2,THERMAL,2020-07-15 15:00:00,0.0,0.0,0.0,0.0,0.0,0.0,0.0
215_CT_4,THERMAL,2020-07-15 15:00:00,0.0,0.0,0.0,0.0,0.0,0.0,0.0
215_CT_5,THERMAL,2020-07-15 15:00:00,0.0,0.0,0.0,0.0,0.0,0.0,0.0
216_STEAM_1,THERMAL,2020-07-15 15:00:00,-0.06487266378203174,0.06487266378203174,0.03243633221350152,-0.016214293698197657,-0.01621925336062624,-0.01621890030115858,-0.016220216422049273
218_CC_1,THERMAL,2020-07-15 15:00:00,-0.07354757654988753,0.07354757654988753,0.036773788645611774,-0.018382479060197743,-0.018388184947558783,-0.018387674569975143,-0.01838923797215586
221_CC_1,THERMAL,2020-07-15 15:00:00,-0.0599358328013668,0.0599358328013668,0.02996791670924216,-0.014980296852167951,-0.014984847949082614,-0.014984866652474782,-0.01498582134764145
223_CT_4,THERMAL,2020-07-15 15:00:00,0.0,0.0,0.0,0.0,0.0,0.0,0.0
223_CT_5,THERMAL,2020-07-15 15:00:00,0.0,0.0,0.0,0.0,0.0,0.0,0.0
223_CT_6,THERMAL,2020-07-15 15:00:00,0.0,0.0,0.0,0.0,0.0,0.0,0.0
223_STEAM_1,THERMAL,2020-07-15 15:00:00,-0.08143311001412132,0.08143311001412132,0.0407165554000158,-0.02035358439126982,-0.02035986195546537,-0.02035868468858791,-0.020360978978798225
223_STEAM_2,THERMAL,2020-07-15 15:00:00,-0.07626963487956179,0.07626963487956179,0.038134817821702874,-0.019062858493304757,-0.0190687985596155,-0.01906812323129216,-0.019069854595349375
223_STEAM_3,THERMAL,2020-07-15 15:00:00,-0.06584207981185611,0.06584207981185611,0.032921040225223956,-0.01645671302716134,-0.016461708655364116,-0.01646090986338633,-0.016462748265944325
301_CT_1,THERMAL,2020-07-15 15:00:00,-0.008211726092983459,0.029823607265610237,0.015529196911827766,-0.005328557048914858,-0.005772588558367261,0.01080594058631339,-0.00791652107201473
301_CT_2,THERMAL,2020-07-15 15:00:00,-0.02382414828192207,0.02382414828192207,0.012884848951128446,-0.006201235289745614,-0.004563633229214468,-0.009805679499691123,-0.0032536002632708614
301_CT_3,THERMAL,2020-07-15 15:00:00,-0.06395864181752745,0.06395864181752745,0.03197932122909785,-0.015985819956471192,-0.015990729826635776,-0.015990431368678983,-0.015991660665741498
301_CT_4,THERMAL,2020-07-15 15:00:00,-0.06125535654003764,0.06125535654003764,0.030627678566779643,-0.015310244762979623,-0.015314937715301562,-0.015314402446033847,-0.015315771615722612
302_CT_1,THERMAL,2020-07-15 15:00:00,-0.022657885370667662,0.022657885370667662,0.012090552455271249,-0.008730988433657775,-0.003397117924825971,-0.006484062674085625,-0.004045716338098293
302_CT_2,THERMAL,2020-07-15 15:00:00,-0.024996888317955112,0.02577726693829139,0.01640679724804724,0.0003901893101681377,-0.006210610294904412,-0.014414755101068386,-0.004761712232150453
302_CT_3,THERMAL,2020-07-15 15:00:00,0.0,0.0,0.0,0.0,0.0,0.0,0.0
302_CT_4,THERMAL,2020-07-15 15:00:00,0.0,0.0,0.0,0.0,0.0,0.0,0.0
303_WIND_1,WIND,2020-07-15 15:00:00,-0.24875614372988436,1.6243360114031014,0.8748873369801161,-0.31211272429552284,0.6877899338366085,-0.31220411865177056,-0.31222923461919944
307_CT_1,THERMAL,2020-07-15 15:00:00,0.0,0.0,0.0,0.0,0.0,0.0,0.0
307_CT_2,THERMAL,2020-07-15 15:00:00,0.0,0.0,0.0,0.0,0.0,0.0,0.0
309_WIND_1,WIND,2020-07-15 15:00:00,0.9511460147592106,1.0244257476179304,0.9880123685246718,-0.012210537194909055,-0.012214318063434648,0.9877858811885706,-0.012215011171016258
313_CC_1,THERMAL,2020-07-15 15:00:00,-0.05286465956040067,0.05286465956040067,0.026432330073782668,-0.013212798354724553,-0.0132168015089289,-0.01321736392063011,-0.013217695776117111
315_CT_6,THERMAL,2020-07-15 15:00:00,-0.06330550012711053,0.06330550012711053,0.03165275036923594,-0.015822638621549038,-0.015827445163277012,-0.01582712046196818,-0.0158282958803163
315_CT_7,THERMAL,2020-07-15 15:00:00,-0.06728092281957038,0.06728092281957038,0.03364046175661569,-0.016816125840904837,-0.01682133728657253,-0.016821111058192728,-0.016822348633900273
315_CT_8,THERMAL,2020-07-15 15:00:00,-0.06918330727520308,0.06918330727520308,0.03459165397901611,-0.01729174262602897,-0.017297107481448408,-0.017296401066139312,-0.01729805610158639
315_STEAM_1,THERMAL,2020-07-15 15:00:00,0.0,0.0,0.0,0.0,0.0,0.0,0.0
315_STEAM_2,THERMAL,2020-07-15 15:00:00,0.0,0.0,0.0,0.0,0.0,0.0,0.0
315_STEAM_3,THERMAL,2020-07-15 15:00:00,0.0,0.0,0.0,0.0,0.0,0.0,0.0
315_STEAM_4,THERMAL,2020-07-15 15:00:00,0.0,0.0,0.0,0.0,0.0,0.0,0.0
315_STEAM_5,THERMAL,2020-07-15 15:00:00,0.0,0.0,0.0,0.0,0.0,0.0,0.0
316_STEAM_1,THERMAL,2020-07-15 15:00:00,-0.07285269949716817,0.07285269949716817,0.03642635010854517,-0.01820910197635639,-0.01821489989734071,-0.018212951729725813,-0.018215745893745267
317_WIND_1,WIND,2020-07-15 15:00:00,0.9180605696992449,1.0409642923316076,0.9801547733003897,-0.020480039698519192,-0.02048635822625622,-0.020485463391406,0.9795124310154263
318_CC_1,THERMAL,2020-07-15 15:00:00,-0.08285099645348351,0.08285099645348351,0.04142549865093735,-0.020707763153162806,-0.020714147707771025,-0.02071356951166292,-0.020715516080886755
321_CC_1,THERMAL,2020-07-15 15:00:00,-0.09135843862166458,0.09135843862166458,0.04567921977917603,-0.022833999477395395,-0.022841158488026037,-0.022841062872631657,-0.022842217783611497
322_CT_5,THERMAL,2020-07-15 15:00:00,-2.3872731569341e-10,2.3872731569341e-10,1.9039563353115947e-10,-3.789851765745311e-11,-1.4833745343167948e-11,-1.8599505269278893e-10,0.0
322_CT_6,THERMAL,2020-07-15 15:00:00,0.0,0.0,0.0,0.0,0.0,0.0,0.0
323_CC_1,THERMAL,2020-07-15 15:00:00,-0.05732977916920994,0.05732977916920994,0.028664889876232225,-0.014328980584201859,-0.014333391221196028,-0.01433313234369827,-0.014334275020113788
323_CC_2,THERMAL,2020-07-15 15:00:00,-0.06587731837728816,0.06587731837728816,0.03293865952363971,-0.016465460784950023,-0.016470759092075633,-0.01646952887202701,-0.016471569628235504
101_CT_1,THERMAL,2020-07-15 16:00:00,0.0,0.0,0.0,0.0,0.0,0.0,0.0
101_CT_2,THERMAL,2020-07-15 16:00:00,0.0,0.0,0.0,0.0,0.0,0.0,0.0
101_STEAM_3,THERMAL,2020-07-15 16:00:00,0.0967081557385641,0.162840898802234,0.09886620696942136,0.024768559587850177,0.01676411294621135,0.08824185473633755,-0.03306637153183496
101_STEAM_4,THERMAL,2020-07-15 16:00:00,-0.10247389104432533,0.16592565146809488,0.10034743001928356,-0.02640128319720873,-0.018151583491406713,-0.08964690456759467,0.03172588021188478
102_CT_1,THERMAL,2020-07-15 16:00:00,0.0,0.0,0.0,0.0,0.0,0.0,0.0
102_CT_2,THERMAL,2020-07-15 16:00:00,0.0,0.0,0.0,0.0,0.0,0.0,0.0
102_STEAM_3,THERMAL,2020-07-15 16:00:00,-0.04300145707234142,0.04300145707234142,0.021500728635186737,-0.010748598216148791,-0.010750698260675845,-0.010751111490985954,-0.010751049104530827
102_STEAM_4,THERMAL,2020-07-15 16:00:00,-0.04685844748309472,0.04685844748309472,0.023429223849615013,-0.011712782215402923,-0.0117152080398156,-0.011714680854054915,-0.011715776373821284
107_CC_1,THERMAL,2020-07-15 16:00:00,-0.10455820643487439,0.10455820643487439,0.05227910341822449,-0.02613564592555495,-0.026140661423551204,-0.02614040206215984,-0.02614149702360839
113_CT_1,THERMAL,2020-07-15 16:00:00,0.0,0.0,0.0,0.0,0.0,0.0,0.0
113_CT_2,THERMAL,2020-07-15 16:00:00,0.0,0.0,0.0,0.0,0.0,0.0,0.0
113_CT_3,THERMAL,2020-07-15 16:00:00,0.0,0.0,0.0,0.0,0.0,0.0,0.0
113_CT_4,THERMAL,2020-07-15 16:00:00,0.0,0.0,0.0,0.0,0.0,0.0,0.0
115_STEAM_1,THERMAL,2020-07-15 16:00:00,0.0,0.0,0.0,0.0,0.0,0.0,0.0
115_STEAM_2,THERMAL,2020-07-15 16:00:00,0.0,0.0,0.0,0.0,0.0,0.0,0.0
115_STEAM_3,THERMAL,2020-07-15 16:00:00,-0.060391992602911906,0.060391992602911906,0.030195996438778093,-0.01509554313390793,-0.015098557072934837,-0.01509866685180894,-0.015099225544260202
116_STEAM_1,THERMAL,2020-07-15 16:00:00,-0.062006782180982954,0.062006782180982954,0.03100339123755028,-0.015499116056693685,-0.015502246278472215,-0.015502482270875362,-0.015502937574941693
118_CC_1,THERMAL,2020-07-15 16:00:00,-0.05666596637127374,0.05666596637127374,0.028332983304717316,-0.014164290075297625,-0.014167133727099879,-0.014166901855962255,-0.014167640712913982
122_WIND_1,WIND,2020-07-15 16:00:00,0.9434256614905083,1.0282918427085865,0.9861631042333314,0.9858587520995474,-0.014144147584980171,-0.014144133412081317,-0.014144809611977626
123_CT_1,THERMAL,2020-07-15 16:00:00,-0.04871267529983065,0.04871267529983065,0.024356337757058023,-0.01217623405023564,-0.012178666283590172,-0.01217857487266416,-0.012179200093340677
123_CT_4,THERMAL,2020-07-15 16:00:00,-0.049973211885882676,0.049973211885882676,0.024986606045860605,-0.012491418060591526,-0.012493860012400061,-0.012493520586270734,-0.012494413226620357
123_CT_5,THERMAL,2020-07-15 16:00:00,0.0,0.0,0.0,0.0,0.0,0.0,0.0
123_STEAM_2,THERMAL,2020-07-15 16:00:00,-0.05955190045570981,0.05955190045570981,0.029775950361257027,-0.014885578190562243,-0.014888562687282808,-0.014888550401510825,-0.01488920917635393
123_STEAM_3,THERMAL,2020-07-15 16:00:00,-0.05497706910277382,0.05497706910277382,0.027488534678432024,-0.013742005039979466,-0.013744778815842795,-0.013744951944512529,-0.013745333302439027
201_CT_1,THERMAL,2020-07-15 16:00:00,0.0,0.0,0.0,0.0,0.0,0.0,0.0
201_CT_2,THERMAL,2020-07-15 16:00:00,0.0,0.0,0.0,0.0,0.0,0.0,0.0
201_STEAM_3,THERMAL,2020-07-15 16:00:00,-0.05731678218265563,0.05731678218265563,0.028658391210971322,-0.014327009717457484,-0.01432987615136129,-0.014329456392468076,-0.014330439921368779
202_CT_1,THERMAL,2020-07-15 16:00:00,3.135512682828079e-15,3.135512682828079e-15,2.2232965183703213e-15,5.152128723651117e-16,5.212844045310305e-16,2.0990154059319366e-15,0.0
202_CT_2,THERMAL,2020-07-15 16:00:00,-0.026619347150467695,0.026619347150467695,0.013309745277272628,-0.006618075753172152,-0.00666481232736619,-0.006661192128015848,-0.006675266941913503
202_STEAM_3,THERMAL,2020-07-15 16:00:00,-0.059329459348239195,0.059329459348239195,0.029664729802261626,-0.014830047110546349,-0.014833010927043592,-0.014832744516833994,-0.014833656793815259
202_STEAM_4,THERMAL,2020-07-15 16:00:00,-0.054305277833796003,0.054305277833796003,0.02715263906083257,-0.013574000952772461,-0.013576500319003506,-0.013577636740590128,-0.013577139821429909
207_CT_1,THERMAL,2020-07-15 16:00:00,-0.0699839943977135,0.0699839943977135,0.034991997349858465,-0.017493211942151556,-0.0174967122317664,-0.017496766543982842,-0.01749730367981269
207_CT_2,THERMAL,2020-07-15 16:00:00,-0.0715330768931433,0.0715330768931433,0.035766538593201135,-0.017880507872177796,-0.017883975456948403,-0.017883940917972033,-0.01788465264604507
212_CSP_1,THERMAL,2020-07-15 16:00:00,-0.06536162971353864,0.06536162971353864,0.03268081500779954,-0.016337725272929426,-0.016340911921752466,-0.016341335008192015,-0.016341657510664725
213_CC_3,THERMAL,2020-07-15 16:00:00,-0.06042924298959827,0.06042924298959827,0.030214621644432938,-0.01510537945687318,-0.015108611704035213,-0.015106318010343678,-0.015108933818346198
213_CT_1,THERMAL,2020-07-15 16:00:00,0.0,0.0,0.0,0.0,0.0,0.0,0.0
213_CT_2,THERMAL,2020-07-15 16:00:00,0.0,0.0,0.0,0.0,0.0,0.0,0.0
215_CT_4,THERMAL,2020-07-15 16:00:00,0.0,0.0,0.0,0.0,0.0,0.0,0.0
215_CT_5,THERMAL,2020-07-15 16:00:00,0.0,0.0,0.0,0.0,0.0,0.0,0.0
216_STEAM_1,THERMAL,2020-07-15 16:00:00,-0.06149834687473489,0.06149834687473489,0.030749173573380018,-0.01537221376005804,-0.01537530800216999,-0.015374760885221495,-0.01537606422728537
218_CC_1,THERMAL,2020-07-15 16:00:00,-0.05906573552581232,0.05906573552581232,0.02953286787681795,-0.01476424304261792,-0.014767122823326595,-0.014766781084551095,-0.014767588575316713
221_CC_1,THERMAL,2020-07-15 16:00:00,-0.0624188368559757,0.0624188368559757,0.03120941856338806,-0.0156022521072946,-0.015605351411496327,-0.015605195488609613,-0.015606037848575158
223_CT_4,THERMAL,2020-07-15 16:00:00,0.0,0.0,0.0,0.0,0.0,0.0,0.0
223_CT_5,THERMAL,2020-07-15 16:00:00,0.0,0.0,0.0,0.0,0.0,0.0,0.0
223_CT_6,THERMAL,2020-07-15 16:00:00,0.0,0.0,0.0,0.0,0.0,0.0,0.0
223_STEAM_1,THERMAL,2020-07-15 16:00:00,-0.051220946208360874,0.051220946208360874,0.025610473207611943,-0.012803334000548127,-0.012805881481691284,-0.012805379864984555,-0.012806350861136902
223_STEAM_2,THERMAL,2020-07-15 16:00:00,-0.06237067148344645,0.06237067148344645,0.031185335898019678,-0.015590011442841657,-0.015593202170438225,-0.015593450983326186,-0.015594006886840383
223_STEAM_3,THERMAL,2020-07-15 16:00:00,-0.06546021887156385,0.06546021887156385,0.032730109601415015,-0.016362246787757884,-0.016365546433604106,-0.016366083021958744,-0.016366342628243116
301_CT_1,THERMAL,2020-07-15 16:00:00,0.0,0.0,0.0,0.0,0.0,0.0,0.0
301_CT_2,THERMAL,2020-07-15 16:00:00,0.0,0.0,0.0,0.0,0.0,0.0,0.0
301_CT_3,THERMAL,2020-07-15 16:00:00,-0.05857167236936958,0.05857167236936958,0.029285836297318096,-0.014640733551955474,-0.014643681118728396,-0.014643288009110151,-0.01464396968957556
301_CT_4,THERMAL,2020-07-15 16:00:00,-0.058536031729680804,0.058536031729680804,0.02926801597741132,-0.01463182466085294,-0.014634770379830754,-0.014634377695713668,-0.01463505899328345
302_CT_1,THERMAL,2020-07-15 16:00:00,0.0,0.0,0.0,0.0,0.0,0.0,0.0
302_CT_2,THERMAL,2020-07-15 16:00:00,0.0,0.0,0.0,0.0,0.0,0.0,0.0
302_CT_3,THERMAL,2020-07-15 16:00:00,0.0,0.0,0.0,0.0,0.0,0.0,0.0
302_CT_4,THERMAL,2020-07-15 16:00:00,0.0,0.0,0.0,0.0,0.0,0.0,0.0
303_WIND_1,WIND,2020-07-15 16:00:00,-0.7222632170162887,1.8610919074622752,0.938283722446859,-0.4304991528001971,0.5694143452229932,-0.4305778183058617,-0.430600591133223
307_CT_1,THERMAL,2020-07-15 16:00:00,0.0,0.0,0.0,0.0,0.0,0.0,0.0
307_CT_2,THERMAL,2020-07-15 16:00:00,0.0,0.0,0.0,0.0,0.0,0.0,0.0
309_WIND_1,WIND,2020-07-15 16:00:00,0.9573071846388947,1.021345572154179,0.9894990782805568,-0.010671471814191369,-0.01067364264617332,0.9893263783965369,-0.010674079297277459
313_CC_1,THERMAL,2020-07-15 16:00:00,-0.05213004956785232,0.05213004956785232,0.026065024893417704,-0.01303053744203675,-0.013033174730198105,-0.01303266510772172,-0.013033672287895743
315_CT_6,THERMAL,2020-07-15 16:00:00,-0.06127022388590633,0.06127022388590633,0.030635112061789937,-0.015315262044052792,-0.015318346238458423,-0.015317944460822502,-0.015318671142572616
315_CT_7,THERMAL,2020-07-15 16:00:00,-0.059548047102333364,0.059548047102333364,0.0297740236762297,-0.014884788328596358,-0.014887757627013195,-0.014887096507852964,-0.014888404638870844
315_CT_8,THERMAL,2020-07-15 16:00:00,-0.06210899059954379,0.06210899059954379,0.03105449543005379,-0.015524903174048383,-0.015527994902236504,-0.015527429348938384,-0.015528663174320521
315_STEAM_1,THERMAL,2020-07-15 16:00:00,0.0,0.0,0.0,0.0,0.0,0.0,0.0
315_STEAM_2,THERMAL,2020-07-15 16:00:00,0.0,0.0,0.0,0.0,0.0,0.0,0.0
315_STEAM_3,THERMAL,2020-07-15 16:00:00,0.0,0.0,0.0,0.0,0.0,0.0,0.0
315_STEAM_4,THERMAL,2020-07-15 16:00:00,0.0,0.0,0.0,0.0,0.0,0.0,0.0
315_STEAM_5,THERMAL,2020-07-15 16:00:00,0.0,0.0,0.0,0.0,0.0,0.0,0.0
316_STEAM_1,THERMAL,2020-07-15 16:00:00,-0.07423364117897752,0.07423364117897752,0.037116820760425544,-0.01855538149459407,-0.018559131403244222,-0.018559156150380174,-0.018559972130759043
317_WIND_1,WIND,2020-07-15 16:00:00,0.9220220597797053,1.0389860621763867,0.9810852469378853,-0.019491417640009168,-0.01949524225597532,-0.019495341302356195,0.980504060978046
318_CC_1,THERMAL,2020-07-15 16:00:00,-0.07180598509398954,0.07180598509398954,0.03590299269068219,-0.017948800330160997,-0.01795239008903382,-0.017951837530663095,-0.017952957144131632
321_CC_1,THERMAL,2020-07-15 16:00:00,-0.0671219676405319,0.0671219676405319,0.03356098395671464,-0.016777927469354137,-0.016781278832226354,-0.01678094288197407,-0.01678181845697733
322_CT_5,THERMAL,2020-07-15 16:00:00,-1.5842920031428065e-10,1.5842920031428065e-10,1.2378754784019734e-10,-2.7381874545540086e-11,-1.0811282424860735e-11,-1.2023604334387983e-10,0.0
322_CT_6,THERMAL,2020-07-15 16:00:00,0.0,0.0,0.0,0.0,0.0,0.0,0.0
323_CC_1,THERMAL,2020-07-15 16:00:00,-0.06225327988130184,0.06225327988130184,0.03112664009062568,-0.015560710636303713,-0.01556380151205988,-0.01556425705080492,-0.015564510682133326
323_CC_2,THERMAL,2020-07-15 16:00:00,-0.05353478879658852,0.05353478879658852,0.026767394505538725,-0.01338164689320875,-0.013384319386383129,-0.01338415564454739,-0.013384666872449245
101_CT_1,THERMAL,2020-07-15 17:00:00,0.0,0.0,0.0,0.0,0.0,0.0,0.0
101_CT_2,THERMAL,2020-07-15 17:00:00,0.0,0.0,0.0,0.0,0.0,0.0,0.0
101_STEAM_3,THERMAL,2020-07-15 17:00:00,-0.16088128267482363,0.20786918388069875,0.1479489553566275,-0.019277111657184657,0.023493950602937557,-0.14311565953028899,-0.021982462090287525
101_STEAM_4,THERMAL,2020-07-15 17:00:00,0.15476144328054842,0.2046997166224335,0.14632267833462742,0.01755696942220251,-0.02496913667094253,0.14161977668345788,0.02055383384583056
102_CT_1,THERMAL,2020-07-15 17:00:00,0.0,0.0,0.0,0.0,0.0,0.0,0.0
102_CT_2,THERMAL,2020-07-15 17:00:00,0.0,0.0,0.0,0.0,0.0,0.0,0.0
102_STEAM_3,THERMAL,2020-07-15 17:00:00,-0.06166639804647628,0.06166639804647628,0.030833201971019082,-0.015418074425446364,-0.015417980014212712,-0.015424489023541987,-0.015405854583275213
102_STEAM_4,THERMAL,2020-07-15 17:00:00,-0.07411787196663783,0.07411787196663783,0.03705916130879217,-0.01847539480710332,-0.018486557411097088,-0.01863809531630134,-0.018517824432136076
107_CC_1,THERMAL,2020-07-15 17:00:00,-0.1423145355158013,0.1423145355158013,0.07115727205346244,-0.03559280290676974,-0.03558257942148957,-0.03555883128280701,-0.03558032190473497
113_CT_1,THERMAL,2020-07-15 17:00:00,0.0,0.0,0.0,0.0,0.0,0.0,0.0
113_CT_2,THERMAL,2020-07-15 17:00:00,0.0,0.0,0.0,0.0,0.0,0.0,0.0
113_CT_3,THERMAL,2020-07-15 17:00:00,0.0,0.0,0.0,0.0,0.0,0.0,0.0
113_CT_4,THERMAL,2020-07-15 17:00:00,0.0,0.0,0.0,0.0,0.0,0.0,0.0
115_STEAM_1,THERMAL,2020-07-15 17:00:00,-4.336808689942018e-19,4.336808689942018e-19,4.336808689942018e-19,-4.336808689942018e-19,0.0,0.0,0.0
115_STEAM_2,THERMAL,2020-07-15 17:00:00,0.0,0.0,0.0,0.0,0.0,0.0,0.0
115_STEAM_3,THERMAL,2020-07-15 17:00:00,-0.06106008814066634,0.06106008814066634,0.030530122944159944,-0.015253911665012165,-0.015237784089296214,-0.015324292367214998,-0.015244100019142962
116_STEAM_1,THERMAL,2020-07-15 17:00:00,-0.07787853246950491,0.07787853246950491,0.03893930631462143,-0.019469770595731073,-0.019497740707244915,-0.019424426700495045,-0.019486594466033874
118_CC_1,THERMAL,2020-07-15 17:00:00,-0.07810383634222443,0.07810383634222443,0.039051923859536486,-0.019507825128805348,-0.019533932652993302,-0.019531394857437157,-0.019530683702988612
122_WIND_1,WIND,2020-07-15 17:00:00,0.9216628572964665,1.039168043208212,0.9810020783824094,0.9804154502523392,-0.01959040748720442,-0.01956999647438984,-0.01959218899427851
123_CT_1,THERMAL,2020-07-15 17:00:00,0.0,0.0,0.0,0.0,0.0,0.0,0.0
123_CT_4,THERMAL,2020-07-15 17:00:00,0.0,0.0,0.0,0.0,0.0,0.0,0.0
123_CT_5,THERMAL,2020-07-15 17:00:00,0.0,0.0,0.0,0.0,0.0,0.0,0.0
123_STEAM_2,THERMAL,2020-07-15 17:00:00,-0.07240947493891743,0.07240947493891743,0.03620474098748269,-0.0181117016484158,-0.018098910809903612,-0.018091111985152786,-0.018107750495445232
123_STEAM_3,THERMAL,2020-07-15 17:00:00,-0.07748248235536379,0.07748248235536379,0.03874124708364793,-0.01936106073441901,-0.019361101804543424,-0.019387001459390873,-0.019373318357010477
201_CT_1,THERMAL,2020-07-15 17:00:00,0.0,0.0,0.0,0.0,0.0,0.0,0.0
201_CT_2,THERMAL,2020-07-15 17:00:00,0.0,0.0,0.0,0.0,0.0,0.0,0.0
201_STEAM_3,THERMAL,2020-07-15 17:00:00,-0.057350354600494806,0.057350354600494806,0.02867525309747087,-0.014325043798924915,-0.01431212296728268,-0.014394135419148135,-0.014319052415139076
202_CT_1,THERMAL,2020-07-15 17:00:00,0.0,0.0,0.0,0.0,0.0,0.0,0.0
202_CT_2,THERMAL,2020-07-15 17:00:00,0.0,0.0,0.0,0.0,0.0,0.0,0.0
202_STEAM_3,THERMAL,2020-07-15 17:00:00,-0.07199899324904421,0.07199899324904421,0.03599955229723743,-0.017985244914753028,-0.017976405429635908,-0.01805428727315028,-0.017983055631504995
202_STEAM_4,THERMAL,2020-07-15 17:00:00,-0.06870485656056878,0.06870485656056878,0.03435242978975687,-0.017171450600214487,-0.017173692850759637,-0.017184761935039265,-0.01717495117455539
207_CT_1,THERMAL,2020-07-15 17:00:00,0.03446780101055878,0.08100381577020278,0.060073190884542896,-0.015319521113189995,-0.0018426066191476968,0.05773580839038078,-0.006105879647484313
207_CT_2,THERMAL,2020-07-15 17:00:00,-0.05753070944626361,0.07713153320866023,0.06415444776740711,0.009605905474807809,-0.004028236509877247,-0.06330288481758467,0.00019450640639050412
212_CSP_1,THERMAL,2020-07-15 17:00:00,-0.06445092441980418,0.06445092441980418,0.03222549622905577,-0.016085198962547887,-0.01609844488251455,-0.0161469831548251,-0.016120297419916656
213_CC_3,THERMAL,2020-07-15 17:00:00,-0.06345582356752733,0.06345582356752733,0.03172807399345367,-0.015844835189170167,-0.01583087347718548,-0.01595117432883475,-0.01582894057233693
213_CT_1,THERMAL,2020-07-15 17:00:00,0.0,0.0,0.0,0.0,0.0,0.0,0.0
213_CT_2,THERMAL,2020-07-15 17:00:00,0.0,0.0,0.0,0.0,0.0,0.0,0.0
215_CT_4,THERMAL,2020-07-15 17:00:00,0.0,0.0,0.0,0.0,0.0,0.0,0.0
215_CT_5,THERMAL,2020-07-15 17:00:00,0.0,0.0,0.0,0.0,0.0,0.0,0.0
216_STEAM_1,THERMAL,2020-07-15 17:00:00,-0.08228165464043012,0.08228165464043012,0.04114085724777847,-0.02055191561002412,-0.020554441189868822,-0.020612858881434493,-0.020562438959102692
218_CC_1,THERMAL,2020-07-15 17:00:00,-0.06012578289270267,0.06012578289270267,0.030062919452647163,-0.015020758337568219,-0.01501740675541452,-0.015066905351366788,-0.015020712448353145
221_CC_1,THERMAL,2020-07-15 17:00:00,-0.04890870566458033,0.04890870566458033,0.024454448849575938,-0.012215035557920362,-0.012199029137479833,-0.012285692698926098,-0.012208948270254039
223_CT_4,THERMAL,2020-07-15 17:00:00,0.0,0.0,0.0,0.0,0.0,0.0,0.0
223_CT_5,THERMAL,2020-07-15 17:00:00,0.0,0.0,0.0,0.0,0.0,0.0,0.0
223_CT_6,THERMAL,2020-07-15 17:00:00,0.0,0.0,0.0,0.0,0.0,0.0,0.0
223_STEAM_1,THERMAL,2020-07-15 17:00:00,-0.07463229727450273,0.07463229727450273,0.037316231348740195,-0.018668222277986993,-0.018691183967022046,-0.018591511590741065,-0.018681379438752626
223_STEAM_2,THERMAL,2020-07-15 17:00:00,-0.057928870983062236,0.057928870983062236,0.028964443677085946,-0.014486932345494516,-0.014491837514454235,-0.014463721935041703,-0.01448637918807178
223_STEAM_3,THERMAL,2020-07-15 17:00:00,-0.0549724080667827,0.0549724080667827,0.02748622828831734,-0.013737282794333283,-0.013728919226997927,-0.013774296148520104,-0.013731909896931386
301_CT_1,THERMAL,2020-07-15 17:00:00,0.0,0.0,0.0,0.0,0.0,0.0,0.0
301_CT_2,THERMAL,2020-07-15 17:00:00,0.0,0.0,0.0,0.0,0.0,0.0,0.0
301_CT_3,THERMAL,2020-07-15 17:00:00,0.0,0.0,0.0,0.0,0.0,0.0,0.0
301_CT_4,THERMAL,2020-07-15 17:00:00,0.0,0.0,0.0,0.0,0.0,0.0,0.0
302_CT_1,THERMAL,2020-07-15 17:00:00,0.0,0.0,0.0,0.0,0.0,0.0,0.0
302_CT_2,THERMAL,2020-07-15 17:00:00,0.0,0.0,0.0,0.0,0.0,0.0,0.0
302_CT_3,THERMAL,2020-07-15 17:00:00,0.0,0.0,0.0,0.0,0.0,0.0,0.0
302_CT_4,THERMAL,2020-07-15 17:00:00,0.0,0.0,0.0,0.0,0.0,0.0,0.0
303_WIND_1,WIND,2020-07-15 17:00:00,-0.5447348401906316,1.7723834514841927,0.9078546402474754,-0.38613002610619096,0.6138243056467805,-0.3862196085547591,-0.386209511176462
307_CT_1,THERMAL,2020-07-15 17:00:00,0.0,0.0,0.0,0.0,0.0,0.0,0.0
307_CT_2,THERMAL,2020-07-15 17:00:00,0.0,0.0,0.0,0.0,0.0,0.0,0.0
309_WIND_1,WIND,2020-07-15 17:00:00,0.9317438215550613,1.0341056324721745,0.983368791801211,-0.017058827077556016,-0.017058211055808736,0.9829247270136179,-0.017063867325191828
313_CC_1,THERMAL,2020-07-15 17:00:00,-0.08709344270153989,0.08709344270153989,0.043546976573400176,-0.021820990016009456,-0.021828774902792447,-0.021645746830295298,-0.021797930952442684
315_CT_6,THERMAL,2020-07-15 17:00:00,-0.07016432592845484,0.07016432592845484,0.03508221015888633,-0.01753484212258262,-0.017522121834262258,-0.01758970521943372,-0.017517656752176237
315_CT_7,THERMAL,2020-07-15 17:00:00,-0.06996865491882204,0.06996865491882204,0.03498432998407532,-0.01749703119479533,-0.017498225564073745,-0.017481384734947987,-0.017492013425004976
315_CT_8,THERMAL,2020-07-15 17:00:00,-0.06758076841614608,0.06758076841614608,0.03379038863722976,-0.016895805817085163,-0.01690170025951513,-0.016880878667809497,-0.01690238367173629
315_STEAM_1,THERMAL,2020-07-15 17:00:00,0.0,0.0,0.0,0.0,0.0,0.0,0.0
315_STEAM_2,THERMAL,2020-07-15 17:00:00,0.0,0.0,0.0,0.0,0.0,0.0,0.0
315_STEAM_3,THERMAL,2020-07-15 17:00:00,0.0,0.0,0.0,0.0,0.0,0.0,0.0
315_STEAM_4,THERMAL,2020-07-15 17:00:00,0.0,0.0,0.0,0.0,0.0,0.0,0.0
315_STEAM_5,THERMAL,2020-07-15 17:00:00,0.0,0.0,0.0,0.0,0.0,0.0,0.0
316_STEAM_1,THERMAL,2020-07-15 17:00:00,-0.0903640233817849,0.0903640233817849,0.045182012878325656,-0.022586640589256968,-0.022588258083728385,-0.02259982534191307,-0.02258929936688648
317_WIND_1,WIND,2020-07-15 17:00:00,0.8693310187366008,1.06531970991985,0.9689784957829867,-0.032674123667587374,-0.032679650384031866,-0.032640571540005325,0.9673253643282254
318_CC_1,THERMAL,2020-07-15 17:00:00,-0.11362736999293989,0.11362736999293989,0.05681370574563656,-0.028430681443909478,-0.02842889028306217,-0.028372708121008117,-0.02839509014496013
321_CC_1,THERMAL,2020-07-15 17:00:00,-0.14384823837525784,0.14384823837525784,0.07192435079218791,-0.03601763400986602,-0.03602943602358566,-0.035805375433908715,-0.035995792907897436
322_CT_5,THERMAL,2020-07-15 17:00:00,0.0,0.0,0.0,0.0,0.0,0.0,0.0
322_CT_6,THERMAL,2020-07-15 17:00:00,0.0,0.0,0.0,0.0,0.0,0.0,0.0
323_CC_1,THERMAL,2020-07-15 17:00:00,-0.08261281289485972,0.08261281289485972,0.04130642685743758,-0.020645853490657513,-0.02064107134340776,-0.020688391631861106,-0.020637496428933335
323_CC_2,THERMAL,2020-07-15 17:00:00,-0.07371658126263865,0.07371658126263865,0.03685831273754685,-0.01840677454284178,-0.01842058491887832,-0.018461603479870678,-0.018427618321047876
101_CT_1,THERMAL,2020-07-15 18:00:00,0.0,0.0,0.0,0.0,0.0,0.0,0.0
101_CT_2,THERMAL,2020-07-15 18:00:00,0.0,0.0,0.0,0.0,0.0,0.0,0.0
101_STEAM_3,THERMAL,2020-07-15 18:00:00,-0.2642633988550356,0.3194959353787787,0.27098642236423903,-0.019152577614031874,0.027616268261871545,-0.26886661816756996,-0.0038604713353053376
101_STEAM_4,THERMAL,2020-07-15 18:00:00,0.25714360596698516,0.315836352394986,0.2692991631231365,0.017176025124782158,-0.029346373214000417,0.26713492023795404,0.0021790338182493766
102_CT_1,THERMAL,2020-07-15 18:00:00,0.0,0.0,0.0,0.0,0.0,0.0,0.0
102_CT_2,THERMAL,2020-07-15 18:00:00,0.0,0.0,0.0,0.0,0.0,0.0,0.0
102_STEAM_3,THERMAL,2020-07-15 18:00:00,-0.05460894257011317,0.05460894257011317,0.027304486604781304,-0.013638155259257545,-0.013644004717623809,-0.013676073797317834,-0.013650708795913985
102_STEAM_4,THERMAL,2020-07-15 18:00:00,-0.05106318785344703,0.05106318785344703,0.025531595138560605,-0.012761389256183864,-0.012763887896699355,-0.012772025939186915,-0.012765884761376897
107_CC_1,THERMAL,2020-07-15 18:00:00,-0.08706917052758359,0.08706917052758359,0.0435345870670234,-0.0217742468758213,-0.02175964030008193,-0.021762649555559843,-0.02177263379612051
113_CT_1,THERMAL,2020-07-15 18:00:00,0.0,0.0,0.0,0.0,0.0,0.0,0.0
113_CT_2,THERMAL,2020-07-15 18:00:00,0.0,0.0,0.0,0.0,0.0,0.0,0.0
113_CT_3,THERMAL,2020-07-15 18:00:00,0.0,0.0,0.0,0.0,0.0,0.0,0.0
113_CT_4,THERMAL,2020-07-15 18:00:00,0.0,0.0,0.0,0.0,0.0,0.0,0.0
115_STEAM_1,THERMAL,2020-07-15 18:00:00,0.0,0.0,0.0,0.0,0.0,0.0,0.0
115_STEAM_2,THERMAL,2020-07-15 18:00:00,0.0,0.0,0.0,0.0,0.0,0.0,0.0
115_STEAM_3,THERMAL,2020-07-15 18:00:00,-0.07079877931520853,0.07079877931520853,0.03539939442590154,-0.017689893947578028,-0.017691311492400275,-0.017707066594393917,-0.017710507280836316
116_STEAM_1,THERMAL,2020-07-15 18:00:00,-0.07439221001814955,0.07439221001814955,0.03719611366063127,-0.0185892839668792,-0.01859173940524811,-0.018619965833581498,-0.01859122081244075
118_CC_1,THERMAL,2020-07-15 18:00:00,-0.07626555951589434,0.07626555951589434,0.0381328131809023,-0.01907194989964678,-0.01908693693417096,-0.019023712562764583,-0.01908296011931201
122_WIND_1,WIND,2020-07-15 18:00:00,0.9241302703361731,1.0379326771304223,0.9815813779842099,0.9810314737332977,-0.0189593092734488,-0.018977155198236062,-0.018964738925439754
123_CT_1,THERMAL,2020-07-15 18:00:00,0.0,0.0,0.0,0.0,0.0,0.0,0.0
123_CT_4,THERMAL,2020-07-15 18:00:00,0.0,0.0,0.0,0.0,0.0,0.0,0.0
123_CT_5,THERMAL,2020-07-15 18:00:00,0.0,0.0,0.0,0.0,0.0,0.0,0.0
123_STEAM_2,THERMAL,2020-07-15 18:00:00,-0.0662834603651763,0.0662834603651763,0.033141731375340794,-0.01657670742733841,-0.01657017719580367,-0.01656434011501573,-0.016572235627018487
123_STEAM_3,THERMAL,2020-07-15 18:00:00,-0.06977631888930672,0.06977631888930672,0.03488818211160487,-0.017459836054940725,-0.017454655425470422,-0.01740999933878129,-0.01745182807011428
201_CT_1,THERMAL,2020-07-15 18:00:00,0.0,0.0,0.0,0.0,0.0,0.0,0.0
201_CT_2,THERMAL,2020-07-15 18:00:00,0.0,0.0,0.0,0.0,0.0,0.0,0.0
201_STEAM_3,THERMAL,2020-07-15 18:00:00,-0.06692535639903684,0.06692535639903684,0.033462860901522715,-0.016704809098031015,-0.016688107194588075,-0.016826308445135774,-0.016706131661281973
202_CT_1,THERMAL,2020-07-15 18:00:00,0.0,0.0,0.0,0.0,0.0,0.0,0.0
202_CT_2,THERMAL,2020-07-15 18:00:00,0.0,0.0,0.0,0.0,0.0,0.0,0.0
202_STEAM_3,THERMAL,2020-07-15 18:00:00,-0.058769474995364245,0.058769474995364245,0.02938474327317258,-0.01469771024121954,-0.014696921850553765,-0.014676439448262777,-0.014698403455328161
202_STEAM_4,THERMAL,2020-07-15 18:00:00,-0.0640576241126487,0.0640576241126487,0.03202881312494785,-0.016008676809698454,-0.016013459665538358,-0.016020239038706998,-0.01601524859870489
207_CT_1,THERMAL,2020-07-15 18:00:00,0.0,0.0,0.0,0.0,0.0,0.0,0.0
207_CT_2,THERMAL,2020-07-15 18:00:00,0.0,0.0,0.0,0.0,0.0,0.0,0.0
212_CSP_1,THERMAL,2020-07-15 18:00:00,-0.061566661902485595,0.061566661902485595,0.030783330968290893,-0.01539171882838938,-0.01539210084935505,-0.01539081375293172,-0.015392028471809439
213_CC_3,THERMAL,2020-07-15 18:00:00,-0.10501178695552055,0.10501178695552055,0.052506114982657046,-0.02626521726698683,-0.026322400601108464,-0.02612563562449477,-0.026298533462930478
213_CT_1,THERMAL,2020-07-15 18:00:00,0.0,0.0,0.0,0.0,0.0,0.0,0.0
213_CT_2,THERMAL,2020-07-15 18:00:00,0.0,0.0,0.0,0.0,0.0,0.0,0.0
215_CT_4,THERMAL,2020-07-15 18:00:00,0.0,0.0,0.0,0.0,0.0,0.0,0.0
215_CT_5,THERMAL,2020-07-15 18:00:00,0.0,0.0,0.0,0.0,0.0,0.0,0.0
216_STEAM_1,THERMAL,2020-07-15 18:00:00,-0.06562640658013887,0.06562640658013887,0.032813203646183474,-0.016407576271094126,-0.016403141451978853,-0.016409762582778376,-0.01640592627428751
218_CC_1,THERMAL,2020-07-15 18:00:00,-0.4201973924688215,0.4201973924688215,0.2100987376240584,-0.10494284056472702,-0.10504648183714038,-0.10510944020691726,-0.10509862986003685
221_CC_1,THERMAL,2020-07-15 18:00:00,-0.09000193792561059,0.09000193792561059,0.045001009971239105,-0.022472425855879274,-0.022495279671856383,-0.02255119871374145,-0.022483033684133485
223_CT_4,THERMAL,2020-07-15 18:00:00,0.0,0.0,0.0,0.0,0.0,0.0,0.0
223_CT_5,THERMAL,2020-07-15 18:00:00,0.0,0.0,0.0,0.0,0.0,0.0,0.0
223_CT_6,THERMAL,2020-07-15 18:00:00,0.0,0.0,0.0,0.0,0.0,0.0,0.0
223_STEAM_1,THERMAL,2020-07-15 18:00:00,-0.06572846411018463,0.06572846411018463,0.03286425332702559,-0.016443530198390115,-0.01644199560790085,-0.016399748532348053,-0.016443189771545606
223_STEAM_2,THERMAL,2020-07-15 18:00:00,-0.061998431944877315,0.061998431944877315,0.030999237935005947,-0.01551183120781747,-0.015510679345060653,-0.015467732691353368,-0.015508188700645825
223_STEAM_3,THERMAL,2020-07-15 18:00:00,-0.07213188643696197,0.07213188643696197,0.03606594803942103,-0.018025430562040794,-0.018027345579370357,-0.018048843257349567,-0.018030267038201254
301_CT_1,THERMAL,2020-07-15 18:00:00,0.0,0.0,0.0,0.0,0.0,0.0,0.0
301_CT_2,THERMAL,2020-07-15 18:00:00,0.0,0.0,0.0,0.0,0.0,0.0,0.0
301_CT_3,THERMAL,2020-07-15 18:00:00,0.0,0.0,0.0,0.0,0.0,0.0,0.0
301_CT_4,THERMAL,2020-07-15 18:00:00,0.0,0.0,0.0,0.0,0.0,0.0,0.0
302_CT_1,THERMAL,2020-07-15 18:00:00,0.0,0.0,0.0,0.0,0.0,0.0,0.0
302_CT_2,THERMAL,2020-07-15 18:00:00,0.0,0.0,0.0,0.0,0.0,0.0,0.0
302_CT_3,THERMAL,2020-07-15 18:00:00,0.0,0.0,0.0,0.0,0.0,0.0,0.0
302_CT_4,THERMAL,2020-07-15 18:00:00,0.0,0.0,0.0,0.0,0.0,0.0,0.0
303_WIND_1,WIND,2020-07-15 18:00:00,-0.21591564954636072,1.6077784054686373,0.8726256284609182,-0.3039482214518392,0.6959313779611382,-0.30390418002961184,-0.30399462602604793
307_CT_1,THERMAL,2020-07-15 18:00:00,0.0,0.0,0.0,0.0,0.0,0.0,0.0
307_CT_2,THERMAL,2020-07-15 18:00:00,0.0,0.0,0.0,0.0,0.0,0.0,0.0
309_WIND_1,WIND,2020-07-15 18:00:00,0.925534918054416,1.0371718779146308,0.9818824060852648,-0.018608558790778496,-0.01859912314865808,0.9813533979845235,-0.018610797990670926
313_CC_1,THERMAL,2020-07-15 18:00:00,-0.13923519074016832,0.13923519074016832,0.06961761866357889,-0.034810646435326165,-0.03478105258467257,-0.03485441660983746,-0.03478907511033213
315_CT_6,THERMAL,2020-07-15 18:00:00,-0.08436281871903778,0.08436281871903778,0.0421819840728476,-0.021188773356942223,-0.021179415025923343,-0.02091499088880314,-0.021079639447369066
315_CT_7,THERMAL,2020-07-15 18:00:00,0.0,0.0,0.0,0.0,0.0,0.0,0.0
315_CT_8,THERMAL,2020-07-15 18:00:00,-0.08444828154611013,0.08444828154611013,0.04222471419868915,-0.021208156219744614,-0.021201627354072893,-0.02093576073639999,-0.02110273723589264
315_STEAM_1,THERMAL,2020-07-15 18:00:00,0.0,0.0,0.0,0.0,0.0,0.0,0.0
315_STEAM_2,THERMAL,2020-07-15 18:00:00,0.0,0.0,0.0,0.0,0.0,0.0,0.0
315_STEAM_3,THERMAL,2020-07-15 18:00:00,0.0,0.0,0.0,0.0,0.0,0.0,0.0
315_STEAM_4,THERMAL,2020-07-15 18:00:00,0.0,0.0,0.0,0.0,0.0,0.0,0.0
315_STEAM_5,THERMAL,2020-07-15 18:00:00,0.0,0.0,0.0,0.0,0.0,0.0,0.0
316_STEAM_1,THERMAL,2020-07-15 18:00:00,-0.13660190569776715,0.13660190569776715,0.06830095523987269,-0.03414245984731623,-0.034149613997973394,-0.03416545599348009,-0.034144375858997426
317_WIND_1,WIND,2020-07-15 18:00:00,0.8447843423433751,1.0776022138938166,0.9635401037245236,-0.038809894137058265,-0.03879358014781431,-0.038805461490348137,0.9611932781185958
318_CC_1,THERMAL,2020-07-15 18:00:00,-0.38278590067517515,0.38278590067517515,0.19139535041756314,-0.09507469274553726,-0.09542287865030907,-0.09631209673021601,-0.09597623254911278
321_CC_1,THERMAL,2020-07-15 18:00:00,-0.1909923782343331,0.1909923782343331,0.09549642189243765,-0.04769394338452004,-0.047664000370329807,-0.04792879296414876,-0.04770564151533449
322_CT_5,THERMAL,2020-07-15 18:00:00,0.0,0.0,0.0,0.0,0.0,0.0,0.0
322_CT_6,THERMAL,2020-07-15 18:00:00,0.0,0.0,0.0,0.0,0.0,0.0,0.0
323_CC_1,THERMAL,2020-07-15 18:00:00,0.19858556052572202,0.19858556052572202,0.1176422069107071,0.07257222346815348,0.029272706052175156,0.08733629466678369,0.009404336338609686
323_CC_2,THERMAL,2020-07-15 18:00:00,0.030699879674512116,0.12131239327591864,0.06493325567552265,-0.015708568751101458,0.027876888514023902,-0.029597688049601802,0.048129247961191474
101_CT_1,THERMAL,2020-07-15 19:00:00,0.0,0.0,0.0,0.0,0.0,0.0,0.0
101_CT_2,THERMAL,2020-07-15 19:00:00,0.0,0.0,0.0,0.0,0.0,0.0,0.0
101_STEAM_3,THERMAL,2020-07-15 19:00:00,0.016775668341766303,0.07821053948312166,0.041534423739533276,-0.013411659959068666,-0.017305775611609012,0.016067085718944912,0.03142601819349907
101_STEAM_4,THERMAL,2020-07-15 19:00:00,-0.02847911974230149,0.07795894388651023,0.04298164656783245,0.010295297316169365,0.014444614755935007,-0.01897246065746852,-0.03424657115693734
102_CT_1,THERMAL,2020-07-15 19:00:00,0.0,0.0,0.0,0.0,0.0,0.0,0.0
102_CT_2,THERMAL,2020-07-15 19:00:00,0.0,0.0,0.0,0.0,0.0,0.0,0.0
102_STEAM_3,THERMAL,2020-07-15 19:00:00,-0.053849497934001206,0.053849497934001206,0.02692474984701293,-0.013461998151168303,-0.013468094945990938,-0.013459353819693431,-0.01346005101714853
102_STEAM_4,THERMAL,2020-07-15 19:00:00,-0.05175531527151436,0.05175531527151436,0.025877661853239725,-0.012937129971024891,-0.012945339795973926,-0.012927438879579145,-0.0129454066249364
107_CC_1,THERMAL,2020-07-15 19:00:00,-0.07136287170103378,0.07136287170103378,0.03568143706526194,-0.01783486857904093,-0.017846842070264102,-0.017837848316493154,-0.017843312735235598
113_CT_1,THERMAL,2020-07-15 19:00:00,0.0,0.0,0.0,0.0,0.0,0.0,0.0
113_CT_2,THERMAL,2020-07-15 19:00:00,0.0,0.0,0.0,0.0,0.0,0.0,0.0
113_CT_3,THERMAL,2020-07-15 19:00:00,0.0,0.0,0.0,0.0,0.0,0.0,0.0
113_CT_4,THERMAL,2020-07-15 19:00:00,0.0,0.0,0.0,0.0,0.0,0.0,0.0
115_STEAM_1,THERMAL,2020-07-15 19:00:00,0.0,0.0,0.0,0.0,0.0,0.0,0.0
115_STEAM_2,THERMAL,2020-07-15 19:00:00,0.0,0.0,0.0,0.0,0.0,0.0,0.0
115_STEAM_3,THERMAL,2020-07-15 19:00:00,-0.06890236950653587,0.06890236950653587,0.03445118884528592,-0.017218171074435518,-0.017222007153603724,-0.017239854874445903,-0.017222336404050728
116_STEAM_1,THERMAL,2020-07-15 19:00:00,-0.07978110695741858,0.07978110695741858,0.03989067855925854,-0.019912904320500635,-0.019907825395549472,-0.02003064070068139,-0.01992973654068708
118_CC_1,THERMAL,2020-07-15 19:00:00,-0.06034425123799966,0.06034425123799966,0.03017212889612786,-0.015074436587277251,-0.01509334816864405,-0.015088443954773822,-0.015088022527304543
122_WIND_1,WIND,2020-07-15 19:00:00,0.9443135467724776,1.0278512867242078,0.9863772497310671,0.9860824167483426,-0.013923439884496513,-0.013922899590541604,-0.01392253050082693
123_CT_1,THERMAL,2020-07-15 19:00:00,0.0,0.0,0.0,0.0,0.0,0.0,0.0
123_CT_4,THERMAL,2020-07-15 19:00:00,0.0,0.0,0.0,0.0,0.0,0.0,0.0
123_CT_5,THERMAL,2020-07-15 19:00:00,0.0,0.0,0.0,0.0,0.0,0.0,0.0
123_STEAM_2,THERMAL,2020-07-15 19:00:00,-0.05828093670316417,0.05828093670316417,0.029140480404303302,-0.014558961041373497,-0.014566764511420083,-0.014592682823593606,-0.014562528326776987
123_STEAM_3,THERMAL,2020-07-15 19:00:00,-0.058951010601503984,0.058951010601503984,0.029475512683897857,-0.01474086210367953,-0.014745430634466539,-0.014719940408771226,-0.014744777454586688
201_CT_1,THERMAL,2020-07-15 19:00:00,0.0,0.0,0.0,0.0,0.0,0.0,0.0
201_CT_2,THERMAL,2020-07-15 19:00:00,0.0,0.0,0.0,0.0,0.0,0.0,0.0
201_STEAM_3,THERMAL,2020-07-15 19:00:00,-0.05037086696712313,0.05037086696712313,0.02518544873368217,-0.012583801294637847,-0.012584798858988888,-0.012616694632032854,-0.012585572181463542
202_CT_1,THERMAL,2020-07-15 19:00:00,0.0,0.0,0.0,0.0,0.0,0.0,0.0
202_CT_2,THERMAL,2020-07-15 19:00:00,0.0,0.0,0.0,0.0,0.0,0.0,0.0
202_STEAM_3,THERMAL,2020-07-15 19:00:00,-0.0625767128457201,0.0625767128457201,0.03128837203824839,-0.015644058560225056,-0.015662844381032593,-0.015619793151544673,-0.015650016752917776
202_STEAM_4,THERMAL,2020-07-15 19:00:00,-0.06321089034300267,0.06321089034300267,0.0316054474015841,-0.015796414643468197,-0.015802761330977532,-0.015812241636831634,-0.015799472731725318
207_CT_1,THERMAL,2020-07-15 19:00:00,0.0,0.0,0.0,0.0,0.0,0.0,0.0
207_CT_2,THERMAL,2020-07-15 19:00:00,0.0,0.0,0.0,0.0,0.0,0.0,0.0
212_CSP_1,THERMAL,2020-07-15 19:00:00,-0.052962629311987405,0.052962629311987405,0.026481319381224812,-0.013233438383634222,-0.013238549936849808,-0.01325398698765845,-0.013236654003844921
213_CC_3,THERMAL,2020-07-15 19:00:00,-0.049290667417385005,0.049290667417385005,0.02464536080108989,-0.012319587680662436,-0.012343254817523186,-0.012294563316337381,-0.012333261602862003
213_CT_1,THERMAL,2020-07-15 19:00:00,0.0,0.0,0.0,0.0,0.0,0.0,0.0
213_CT_2,THERMAL,2020-07-15 19:00:00,0.0,0.0,0.0,0.0,0.0,0.0,0.0
215_CT_4,THERMAL,2020-07-15 19:00:00,0.0,0.0,0.0,0.0,0.0,0.0,0.0
215_CT_5,THERMAL,2020-07-15 19:00:00,0.0,0.0,0.0,0.0,0.0,0.0,0.0
216_STEAM_1,THERMAL,2020-07-15 19:00:00,-0.05460328177141712,0.05460328177141712,0.027301648885952493,-0.013644445277837038,-0.013645382531613515,-0.013668909994665857,-0.013644543967300714
218_CC_1,THERMAL,2020-07-15 19:00:00,0.0,0.0,0.0,0.0,0.0,0.0,0.0
221_CC_1,THERMAL,2020-07-15 19:00:00,-0.05344511396014774,0.05344511396014774,0.026722561180744266,-0.013354935263060974,-0.01335753724014821,-0.013374048066615352,-0.013358593390323203
223_CT_4,THERMAL,2020-07-15 19:00:00,0.0,0.0,0.0,0.0,0.0,0.0,0.0
223_CT_5,THERMAL,2020-07-15 19:00:00,0.0,0.0,0.0,0.0,0.0,0.0,0.0
223_CT_6,THERMAL,2020-07-15 19:00:00,0.0,0.0,0.0,0.0,0.0,0.0,0.0
223_STEAM_1,THERMAL,2020-07-15 19:00:00,-0.05720594806001407,0.05720594806001407,0.028602976642529445,-0.014296892957381957,-0.014298197250176444,-0.014312003368475566,-0.014298854483980104
223_STEAM_2,THERMAL,2020-07-15 19:00:00,-0.05815716600474319,0.05815716600474319,0.029078583311036223,-0.014538865249711985,-0.014541911780266651,-0.014536133343422665,-0.014540255631341887
223_STEAM_3,THERMAL,2020-07-15 19:00:00,-0.05632600820462957,0.05632600820462957,0.028163010484751918,-0.014074307236360273,-0.014077092096310473,-0.014097815117359414,-0.01407679375459941
301_CT_1,THERMAL,2020-07-15 19:00:00,0.0,0.0,0.0,0.0,0.0,0.0,0.0
301_CT_2,THERMAL,2020-07-15 19:00:00,0.0,0.0,0.0,0.0,0.0,0.0,0.0
301_CT_3,THERMAL,2020-07-15 19:00:00,0.0,0.0,0.0,0.0,0.0,0.0,0.0
301_CT_4,THERMAL,2020-07-15 19:00:00,0.0,0.0,0.0,0.0,0.0,0.0,0.0
302_CT_1,THERMAL,2020-07-15 19:00:00,0.0,0.0,0.0,0.0,0.0,0.0,0.0
302_CT_2,THERMAL,2020-07-15 19:00:00,0.0,0.0,0.0,0.0,0.0,0.0,0.0
302_CT_3,THERMAL,2020-07-15 19:00:00,0.0,0.0,0.0,0.0,0.0,0.0,0.0
302_CT_4,THERMAL,2020-07-15 19:00:00,0.0,0.0,0.0,0.0,0.0,0.0,0.0
303_WIND_1,WIND,2020-07-15 19:00:00,-0.4103313491467426,1.7049329948773335,0.8898653244521484,-0.3525206313010818,0.6473008228652954,-0.35252066026911066,-0.35259088044184556
307_CT_1,THERMAL,2020-07-15 19:00:00,0.0,0.0,0.0,0.0,0.0,0.0,0.0
307_CT_2,THERMAL,2020-07-15 19:00:00,0.0,0.0,0.0,0.0,0.0,0.0,0.0
309_WIND_1,WIND,2020-07-15 19:00:00,0.9015481781514907,1.0492275748975415,0.9763190787120577,-0.024605060062736994,-0.024617907847392206,0.9753878765245161,-0.024616730462896193
313_CC_1,THERMAL,2020-07-15 19:00:00,-0.12992172225961335,0.12992172225961335,0.06496089736150672,-0.032449769803583495,-0.03246530542483084,-0.032538609912772465,-0.032468037118426565
315_CT_6,THERMAL,2020-07-15 19:00:00,-0.06961030956202038,0.06961030956202038,0.0348052511064891,-0.017371063782104842,-0.01739966750978686,-0.017470342040333466,-0.01736923622979522
315_CT_7,THERMAL,2020-07-15 19:00:00,0.0,0.0,0.0,0.0,0.0,0.0,0.0
315_CT_8,THERMAL,2020-07-15 19:00:00,-0.06956693028788648,0.06956693028788648,0.03478368818428362,-0.017366735617551535,-0.01735386377054063,-0.017498932646217623,-0.01734739825357669
315_STEAM_1,THERMAL,2020-07-15 19:00:00,0.0,0.0,0.0,0.0,0.0,0.0,0.0
315_STEAM_2,THERMAL,2020-07-15 19:00:00,0.0,0.0,0.0,0.0,0.0,0.0,0.0
315_STEAM_3,THERMAL,2020-07-15 19:00:00,0.0,0.0,0.0,0.0,0.0,0.0,0.0
315_STEAM_4,THERMAL,2020-07-15 19:00:00,0.0,0.0,0.0,0.0,0.0,0.0,0.0
315_STEAM_5,THERMAL,2020-07-15 19:00:00,0.0,0.0,0.0,0.0,0.0,0.0,0.0
316_STEAM_1,THERMAL,2020-07-15 19:00:00,-0.23091413532740804,0.23091413532740804,0.11546318064928922,-0.05853973605233648,-0.05686253456578333,-0.05772347453729454,-0.0577883901719937
317_WIND_1,WIND,2020-07-15 19:00:00,0.8009694081247137,1.0995009297490714,0.9541350188546059,-0.049755721943729014,-0.04978770133187416,-0.04972233753657562,0.9502351689368925
318_CC_1,THERMAL,2020-07-15 19:00:00,-0.18803696321289237,0.18803696321289237,0.09402110487580921,-0.04724218168310845,-0.04723215962379168,-0.04640354105019773,-0.04715908085579452
321_CC_1,THERMAL,2020-07-15 19:00:00,-0.2713690909123337,0.2713690909123337,0.13568646987222008,-0.06770864671679089,-0.06750296676348555,-0.06845117257785427,-0.06770630485420297
322_CT_5,THERMAL,2020-07-15 19:00:00,0.0,0.0,0.0,0.0,0.0,0.0,0.0
322_CT_6,THERMAL,2020-07-15 19:00:00,0.0,0.0,0.0,0.0,0.0,0.0,0.0
323_CC_1,THERMAL,2020-07-15 19:00:00,-0.06374942978569569,0.06374942978569569,0.03980333644611172,-0.006428091793816829,-0.028823922673854793,-0.0018770592255918997,-0.02662035609243216
323_CC_2,THERMAL,2020-07-15 19:00:00,-0.14025110635637902,0.14025110635637902,0.07374147075265333,-0.04375233697311791,-0.023122209713998823,-0.04887107880795049,-0.024505480861311785
101_CT_1,THERMAL,2020-07-15 20:00:00,0.0,0.0,0.0,0.0,0.0,0.0,0.0
101_CT_2,THERMAL,2020-07-15 20:00:00,0.0,0.0,0.0,0.0,0.0,0.0,0.0
101_STEAM_3,THERMAL,2020-07-15 20:00:00,-0.03230776258375874,0.04559309227557902,0.03934289959959385,0.005425825307714871,0.0011318805838311172,-0.03895042742966888,8.495895436415665e-05
101_STEAM_4,THERMAL,2020-07-15 20:00:00,0.024654305396270886,0.04959025376232388,0.0380617682675341,-0.007638751343227746,-0.0029728872415440907,0.03712227957929738,-0.0018563355982546626
102_CT_1,THERMAL,2020-07-15 20:00:00,0.0,0.0,0.0,0.0,0.0,0.0,0.0
102_CT_2,THERMAL,2020-07-15 20:00:00,0.0,0.0,0.0,0.0,0.0,0.0,0.0
102_STEAM_3,THERMAL,2020-07-15 20:00:00,-0.033177278914276215,0.033177278914276215,0.016588644011630606,-0.008291389953342554,-0.00828767666045517,-0.008304233141901374,-0.00829397915857712
102_STEAM_4,THERMAL,2020-07-15 20:00:00,-0.03380260988428748,0.03380260988428748,0.016901307794618615,-0.008455555211738658,-0.008452276053504515,-0.008442467329691727,-0.00845231128935258
107_CC_1,THERMAL,2020-07-15 20:00:00,-0.10767910941984335,0.10767910941984335,0.05383958803209883,-0.026908946625689323,-0.026900208270232928,-0.026971211053866906,-0.026898743470054186
113_CT_1,THERMAL,2020-07-15 20:00:00,0.0,0.0,0.0,0.0,0.0,0.0,0.0
113_CT_2,THERMAL,2020-07-15 20:00:00,0.0,0.0,0.0,0.0,0.0,0.0,0.0
113_CT_3,THERMAL,2020-07-15 20:00:00,0.0,0.0,0.0,0.0,0.0,0.0,0.0
113_CT_4,THERMAL,2020-07-15 20:00:00,0.0,0.0,0.0,0.0,0.0,0.0,0.0
115_STEAM_1,THERMAL,2020-07-15 20:00:00,0.0,0.0,0.0,0.0,0.0,0.0,0.0
115_STEAM_2,THERMAL,2020-07-15 20:00:00,0.0,0.0,0.0,0.0,0.0,0.0,0.0
115_STEAM_3,THERMAL,2020-07-15 20:00:00,-0.050379540819189925,0.050379540819189925,0.025189852322760532,-0.012580631587430224,-0.01256661215076238,-0.012649464935077237,-0.012582832145920084
116_STEAM_1,THERMAL,2020-07-15 20:00:00,-0.03262371085412641,0.03262371085412641,0.01631185949066156,-0.008152945562313607,-0.008154451737051982,-0.008165625394740195,-0.008150688160020628
118_CC_1,THERMAL,2020-07-15 20:00:00,-0.3358954754678768,0.3358954754678768,0.16794775811578688,-0.08396267698494372,-0.08400716302564282,-0.08391100963773734,-0.08401462581955287
122_WIND_1,WIND,2020-07-15 20:00:00,0.9428247589012588,1.0285923405964523,0.9860194478872051,0.9857085497488556,-0.014297447153201581,-0.01428838691550638,-0.014297956778888826
123_CT_1,THERMAL,2020-07-15 20:00:00,0.0,0.0,0.0,0.0,0.0,0.0,0.0
123_CT_4,THERMAL,2020-07-15 20:00:00,0.0,0.0,0.0,0.0,0.0,0.0,0.0
123_CT_5,THERMAL,2020-07-15 20:00:00,0.0,0.0,0.0,0.0,0.0,0.0,0.0
123_STEAM_2,THERMAL,2020-07-15 20:00:00,-0.04600342071329585,0.04600342071329585,0.02300171929899326,-0.011511455421995248,-0.01150722520078476,-0.011484805614139448,-0.011499934476376391
123_STEAM_3,THERMAL,2020-07-15 20:00:00,-0.04846798983870942,0.04846798983870942,0.024234001210196223,-0.012123132168172013,-0.012124236730569393,-0.012102391154092507,-0.012118229785875505
201_CT_1,THERMAL,2020-07-15 20:00:00,0.0,0.0,0.0,0.0,0.0,0.0,0.0
201_CT_2,THERMAL,2020-07-15 20:00:00,0.0,0.0,0.0,0.0,0.0,0.0,0.0
201_STEAM_3,THERMAL,2020-07-15 20:00:00,-0.032193293896843514,0.032193293896843514,0.016096646983840383,-0.008049139501527303,-0.008048282829954595,-0.008048229108595206,-0.008047642456766414
202_CT_1,THERMAL,2020-07-15 20:00:00,0.0,0.0,0.0,0.0,0.0,0.0,0.0
202_CT_2,THERMAL,2020-07-15 20:00:00,0.0,0.0,0.0,0.0,0.0,0.0,0.0
202_STEAM_3,THERMAL,2020-07-15 20:00:00,-0.033374707662803024,0.033374707662803024,0.016687361197837584,-0.008342641418349533,-0.008340484717932663,-0.008356412759782874,-0.008335168766737958
202_STEAM_4,THERMAL,2020-07-15 20:00:00,-0.03861520200843613,0.03861520200843613,0.01930760403683196,-0.009650984322173428,-0.009653071025824609,-0.009662727215994102,-0.009648419444443983
207_CT_1,THERMAL,2020-07-15 20:00:00,0.0,0.0,0.0,0.0,0.0,0.0,0.0
207_CT_2,THERMAL,2020-07-15 20:00:00,0.0,0.0,0.0,0.0,0.0,0.0,0.0
212_CSP_1,THERMAL,2020-07-15 20:00:00,-0.0285198143556544,0.0285198143556544,0.014259908618306871,-0.007126607129150808,-0.007127435830882045,-0.0071346675214889466,-0.007131103874132599
213_CC_3,THERMAL,2020-07-15 20:00:00,-0.3353985937287372,0.3353985937287372,0.16770005711560582,-0.08372297417979896,-0.08411394961951257,-0.08349833212988744,-0.08406333779953824
213_CT_1,THERMAL,2020-07-15 20:00:00,0.0,0.0,0.0,0.0,0.0,0.0,0.0
213_CT_2,THERMAL,2020-07-15 20:00:00,0.0,0.0,0.0,0.0,0.0,0.0,0.0
215_CT_4,THERMAL,2020-07-15 20:00:00,0.0,0.0,0.0,0.0,0.0,0.0,0.0
215_CT_5,THERMAL,2020-07-15 20:00:00,0.0,0.0,0.0,0.0,0.0,0.0,0.0
216_STEAM_1,THERMAL,2020-07-15 20:00:00,-0.03844236524769545,0.03844236524769545,0.019221190946376872,-0.009606539876046039,-0.00960413787444156,-0.009626009883671571,-0.009605677613536276
218_CC_1,THERMAL,2020-07-15 20:00:00,0.0,0.0,0.0,0.0,0.0,0.0,0.0
221_CC_1,THERMAL,2020-07-15 20:00:00,-0.026021867449424252,0.026021867449424252,0.01301094014132361,-0.0065054489080685896,-0.006504812305416274,-0.0065149222558629205,-0.006496683980076469
223_CT_4,THERMAL,2020-07-15 20:00:00,0.0,0.0,0.0,0.0,0.0,0.0,0.0
223_CT_5,THERMAL,2020-07-15 20:00:00,0.0,0.0,0.0,0.0,0.0,0.0,0.0
223_CT_6,THERMAL,2020-07-15 20:00:00,0.0,0.0,0.0,0.0,0.0,0.0,0.0
223_STEAM_1,THERMAL,2020-07-15 20:00:00,-0.038342005531374276,0.038342005531374276,0.019171085459562552,-0.009569214443591635,-0.009561058269683979,-0.009633055166937084,-0.009578677651161575
223_STEAM_2,THERMAL,2020-07-15 20:00:00,-0.03856927588258994,0.03856927588258994,0.01928463808273921,-0.009640565872412486,-0.009641967162030004,-0.009643517989307897,-0.009643224858839556
223_STEAM_3,THERMAL,2020-07-15 20:00:00,-0.03373052352538725,0.03373052352538725,0.016865262439392494,-0.008432575424182298,-0.008429033516278217,-0.008435724127390687,-0.00843319045753605
301_CT_1,THERMAL,2020-07-15 20:00:00,0.0,0.0,0.0,0.0,0.0,0.0,0.0
301_CT_2,THERMAL,2020-07-15 20:00:00,0.0,0.0,0.0,0.0,0.0,0.0,0.0
301_CT_3,THERMAL,2020-07-15 20:00:00,0.0,0.0,0.0,0.0,0.0,0.0,0.0
301_CT_4,THERMAL,2020-07-15 20:00:00,0.0,0.0,0.0,0.0,0.0,0.0,0.0
302_CT_1,THERMAL,2020-07-15 20:00:00,0.0,0.0,0.0,0.0,0.0,0.0,0.0
302_CT_2,THERMAL,2020-07-15 20:00:00,0.0,0.0,0.0,0.0,0.0,0.0,0.0
302_CT_3,THERMAL,2020-07-15 20:00:00,0.0,0.0,0.0,0.0,0.0,0.0,0.0
302_CT_4,THERMAL,2020-07-15 20:00:00,0.0,0.0,0.0,0.0,0.0,0.0,0.0
303_WIND_1,WIND,2020-07-15 20:00:00,-0.7201610225278645,1.8600441423996767,0.9378814472292419,-0.4299930207625571,0.5699415599359061,-0.43004164297639313,-0.4300679187248205
307_CT_1,THERMAL,2020-07-15 20:00:00,0.0,0.0,0.0,0.0,0.0,0.0,0.0
307_CT_2,THERMAL,2020-07-15 20:00:00,0.0,0.0,0.0,0.0,0.0,0.0,0.0
309_WIND_1,WIND,2020-07-15 20:00:00,0.9356473659997275,1.0321716221311577,0.9843039690685547,-0.016085101923400957,-0.016087411418720998,0.9839094940654426,-0.016089614723593205
313_CC_1,THERMAL,2020-07-15 20:00:00,-0.08150637228402774,0.08150637228402774,0.04075319008672807,-0.020363755718855625,-0.02037390675174955,-0.02038816366312801,-0.02038054615029456
315_CT_6,THERMAL,2020-07-15 20:00:00,0.0,0.0,0.0,0.0,0.0,0.0,0.0
315_CT_7,THERMAL,2020-07-15 20:00:00,0.0,0.0,0.0,0.0,0.0,0.0,0.0
315_CT_8,THERMAL,2020-07-15 20:00:00,0.0,0.0,0.0,0.0,0.0,0.0,0.0
315_STEAM_1,THERMAL,2020-07-15 20:00:00,0.0,0.0,0.0,0.0,0.0,0.0,0.0
315_STEAM_2,THERMAL,2020-07-15 20:00:00,0.0,0.0,0.0,0.0,0.0,0.0,0.0
315_STEAM_3,THERMAL,2020-07-15 20:00:00,0.0,0.0,0.0,0.0,0.0,0.0,0.0
315_STEAM_4,THERMAL,2020-07-15 20:00:00,0.0,0.0,0.0,0.0,0.0,0.0,0.0
315_STEAM_5,THERMAL,2020-07-15 20:00:00,0.0,0.0,0.0,0.0,0.0,0.0,0.0
316_STEAM_1,THERMAL,2020-07-15 20:00:00,-0.12321583203598654,0.12321583203598654,0.06160791917686796,-0.030788674772613572,-0.030807106540348572,-0.030816029830088465,-0.03080402089293594
317_WIND_1,WIND,2020-07-15 20:00:00,0.8803125422618132,1.0598542019743595,0.9714669406977027,-0.02991022485865713,-0.029915434406215802,-0.029945170591400228,0.9700833721180864
318_CC_1,THERMAL,2020-07-15 20:00:00,-0.13506481498645231,0.13506481498645231,0.0675328402983876,-0.033755919509158405,-0.03387947633806032,-0.03357290479125097,-0.03385651434798261
321_CC_1,THERMAL,2020-07-15 20:00:00,-0.3359515275084274,0.3359515275084274,0.1679757693549746,-0.0839673601358377,-0.08399504328739699,-0.08396887247928553,-0.08402025160590722
322_CT_5,THERMAL,2020-07-15 20:00:00,0.0,0.0,0.0,0.0,0.0,0.0,0.0
322_CT_6,THERMAL,2020-07-15 20:00:00,0.0,0.0,0.0,0.0,0.0,0.0,0.0
323_CC_1,THERMAL,2020-07-15 20:00:00,0.21948474694858416,0.32751610795659486,0.2687809804433443,0.008497178759529208,-0.042587389558428286,0.2650032486930603,-0.011428290945577058
323_CC_2,THERMAL,2020-07-15 20:00:00,-0.24347960238224736,0.32846827250131067,0.2744113346662979,-0.01449532020086602,0.036866745156886545,-0.271478617240913,0.005627589902645112
101_CT_1,THERMAL,2020-07-15 21:00:00,0.0,0.0,0.0,0.0,0.0,0.0,0.0
101_CT_2,THERMAL,2020-07-15 21:00:00,0.0,0.0,0.0,0.0,0.0,0.0,0.0
101_STEAM_3,THERMAL,2020-07-15 21:00:00,0.005194680910612082,0.063366259259336,0.04265908667319805,-0.029085789174361963,0.0011675051883002678,0.03112043200549873,0.0019925328911750487
101_STEAM_4,THERMAL,2020-07-15 21:00:00,-0.023396705348963084,0.07189143151182034,0.04396525906362273,0.02424736308142863,-0.005595075352184013,-0.035681331301197536,-0.006367661777010165
102_CT_1,THERMAL,2020-07-15 21:00:00,0.0,0.0,0.0,0.0,0.0,0.0,0.0
102_CT_2,THERMAL,2020-07-15 21:00:00,0.0,0.0,0.0,0.0,0.0,0.0,0.0
102_STEAM_3,THERMAL,2020-07-15 21:00:00,-0.04584352555062765,0.04584352555062765,0.022921822887053533,-0.011475207289679962,-0.011492115989231513,-0.011421714767432978,-0.011454487504283196
102_STEAM_4,THERMAL,2020-07-15 21:00:00,-0.042758505698305915,0.042758505698305915,0.02137941638913428,-0.010660894560617168,-0.010666042344257415,-0.010761841665981986,-0.010669727127449345
107_CC_1,THERMAL,2020-07-15 21:00:00,-0.13607006050555043,0.13607006050555043,0.06803518478362726,-0.03390711029443971,-0.0340782433030849,-0.03408660287697751,-0.03399810403104832
113_CT_1,THERMAL,2020-07-15 21:00:00,0.0,0.0,0.0,0.0,0.0,0.0,0.0
113_CT_2,THERMAL,2020-07-15 21:00:00,0.0,0.0,0.0,0.0,0.0,0.0,0.0
113_CT_3,THERMAL,2020-07-15 21:00:00,0.0,0.0,0.0,0.0,0.0,0.0,0.0
113_CT_4,THERMAL,2020-07-15 21:00:00,0.0,0.0,0.0,0.0,0.0,0.0,0.0
115_STEAM_1,THERMAL,2020-07-15 21:00:00,0.0,0.0,0.0,0.0,0.0,0.0,0.0
115_STEAM_2,THERMAL,2020-07-15 21:00:00,0.0,0.0,0.0,0.0,0.0,0.0,0.0
115_STEAM_3,THERMAL,2020-07-15 21:00:00,-0.056421851490035306,0.056421851490035306,0.028211000123462046,-0.014118905718680574,-0.014106210724714574,-0.014142609006791318,-0.01405412603984884
116_STEAM_1,THERMAL,2020-07-15 21:00:00,-0.04749814615254036,0.04749814615254036,0.023749216527578717,-0.01185198935573023,-0.011828760139210498,-0.011939323333136631,-0.011878073324463001
118_CC_1,THERMAL,2020-07-15 21:00:00,0.0,0.0,0.0,0.0,0.0,0.0,0.0
122_WIND_1,WIND,2020-07-15 21:00:00,0.9707101368447677,1.0146400668943587,0.9927561018988886,0.9926751018695632,-0.007326505134106043,-0.007314021152984296,-0.007324438737705198
123_CT_1,THERMAL,2020-07-15 21:00:00,0.0,0.0,0.0,0.0,0.0,0.0,0.0
123_CT_4,THERMAL,2020-07-15 21:00:00,0.0,0.0,0.0,0.0,0.0,0.0,0.0
123_CT_5,THERMAL,2020-07-15 21:00:00,0.0,0.0,0.0,0.0,0.0,0.0,0.0
123_STEAM_2,THERMAL,2020-07-15 21:00:00,-0.061794252383331055,0.061794252383331055,0.030897284092682702,-0.015415378300877358,-0.015408008468851458,-0.015531761743115657,-0.015439103870486578
123_STEAM_3,THERMAL,2020-07-15 21:00:00,-0.04686862376752292,0.04686862376752292,0.023434354693921956,-0.011711840094089099,-0.011751210972530568,-0.011688547644885361,-0.011717025056017892
201_CT_1,THERMAL,2020-07-15 21:00:00,0.0,0.0,0.0,0.0,0.0,0.0,0.0
201_CT_2,THERMAL,2020-07-15 21:00:00,0.0,0.0,0.0,0.0,0.0,0.0,0.0
201_STEAM_3,THERMAL,2020-07-15 21:00:00,-0.056591433967772414,0.056591433967772414,0.028295843889409984,-0.014152270649570392,-0.01413042649223857,-0.014212564984107556,-0.014096171841855893
202_CT_1,THERMAL,2020-07-15 21:00:00,0.0,0.0,0.0,0.0,0.0,0.0,0.0
202_CT_2,THERMAL,2020-07-15 21:00:00,0.0,0.0,0.0,0.0,0.0,0.0,0.0
202_STEAM_3,THERMAL,2020-07-15 21:00:00,-0.05232674062397944,0.05232674062397944,0.02616341489946674,-0.013101041968388426,-0.013107687987084901,-0.013047746175896907,-0.01307026449260921
202_STEAM_4,THERMAL,2020-07-15 21:00:00,-0.05392781813966841,0.05392781813966841,0.026963949991389832,-0.013499401362840814,-0.013507702997341877,-0.013447977063239719,-0.013472736716245997
207_CT_1,THERMAL,2020-07-15 21:00:00,0.0,0.0,0.0,0.0,0.0,0.0,0.0
207_CT_2,THERMAL,2020-07-15 21:00:00,0.0,0.0,0.0,0.0,0.0,0.0,0.0
212_CSP_1,THERMAL,2020-07-15 21:00:00,-0.034011994333534,0.034011994333534,0.017006011001248014,-0.0085147528555638,-0.008507794505594135,-0.008485438545971391,-0.008504008426404676
213_CC_3,THERMAL,2020-07-15 21:00:00,0.0,0.0,0.0,0.0,0.0,0.0,0.0
213_CT_1,THERMAL,2020-07-15 21:00:00,0.0,0.0,0.0,0.0,0.0,0.0,0.0
213_CT_2,THERMAL,2020-07-15 21:00:00,0.0,0.0,0.0,0.0,0.0,0.0,0.0
215_CT_4,THERMAL,2020-07-15 21:00:00,0.0,0.0,0.0,0.0,0.0,0.0,0.0
215_CT_5,THERMAL,2020-07-15 21:00:00,0.0,0.0,0.0,0.0,0.0,0.0,0.0
216_STEAM_1,THERMAL,2020-07-15 21:00:00,-0.045671209938244306,0.045671209938244306,0.022835667820704328,-0.01140783035944104,-0.011434264459890736,-0.011379350935323052,-0.011449764183589475
218_CC_1,THERMAL,2020-07-15 21:00:00,0.0,0.0,0.0,0.0,0.0,0.0,0.0
221_CC_1,THERMAL,2020-07-15 21:00:00,-0.04075083163672707,0.04075083163672707,0.02037544002940899,-0.010187410556589782,-0.010173319322030028,-0.010213376578922961,-0.010176725179184299
223_CT_4,THERMAL,2020-07-15 21:00:00,0.0,0.0,0.0,0.0,0.0,0.0,0.0
223_CT_5,THERMAL,2020-07-15 21:00:00,0.0,0.0,0.0,0.0,0.0,0.0,0.0
223_CT_6,THERMAL,2020-07-15 21:00:00,0.0,0.0,0.0,0.0,0.0,0.0,0.0
223_STEAM_1,THERMAL,2020-07-15 21:00:00,-0.038253032225414305,0.038253032225414305,0.019126748894249736,-0.00952146395574892,-0.009535163374340561,-0.009642510319798885,-0.009553894575525934
223_STEAM_2,THERMAL,2020-07-15 21:00:00,-0.029969325344880372,0.029969325344880372,0.014984663645307742,-0.007492945241227468,-0.007496120202550094,-0.007488591834807673,-0.007491668066295137
223_STEAM_3,THERMAL,2020-07-15 21:00:00,-0.04504635313322078,0.04504635313322078,0.022523229789179925,-0.011288849271025914,-0.011269511121286324,-0.011221944138301243,-0.0112660486026073
301_CT_1,THERMAL,2020-07-15 21:00:00,0.0,0.0,0.0,0.0,0.0,0.0,0.0
301_CT_2,THERMAL,2020-07-15 21:00:00,0.0,0.0,0.0,0.0,0.0,0.0,0.0
301_CT_3,THERMAL,2020-07-15 21:00:00,0.0,0.0,0.0,0.0,0.0,0.0,0.0
301_CT_4,THERMAL,2020-07-15 21:00:00,0.0,0.0,0.0,0.0,0.0,0.0,0.0
302_CT_1,THERMAL,2020-07-15 21:00:00,0.0,0.0,0.0,0.0,0.0,0.0,0.0
302_CT_2,THERMAL,2020-07-15 21:00:00,0.0,0.0,0.0,0.0,0.0,0.0,0.0
302_CT_3,THERMAL,2020-07-15 21:00:00,0.0,0.0,0.0,0.0,0.0,0.0,0.0
302_CT_4,THERMAL,2020-07-15 21:00:00,0.0,0.0,0.0,0.0,0.0,0.0,0.0
303_WIND_1,WIND,2020-07-15 21:00:00,-0.9806897288153213,1.9904061309521839,0.9952383443289926,-0.4951094673974703,0.5048582010684313,-0.4952277153400093,-0.49521074714627294
307_CT_1,THERMAL,2020-07-15 21:00:00,0.0,0.0,0.0,0.0,0.0,0.0,0.0
307_CT_2,THERMAL,2020-07-15 21:00:00,0.0,0.0,0.0,0.0,0.0,0.0,0.0
309_WIND_1,WIND,2020-07-15 21:00:00,0.9639376210690414,1.018043748214671,0.9911137639713805,-0.009016672543393334,-0.009019231024687768,0.9909906846418561,-0.00901716000473378
313_CC_1,THERMAL,2020-07-15 21:00:00,-0.08447247644971431,0.08447247644971431,0.042236250037620354,-0.021113088655260737,-0.021143543891836425,-0.0211156084460713,-0.021100235456545848
315_CT_6,THERMAL,2020-07-15 21:00:00,0.0,0.0,0.0,0.0,0.0,0.0,0.0
315_CT_7,THERMAL,2020-07-15 21:00:00,0.0,0.0,0.0,0.0,0.0,0.0,0.0
315_CT_8,THERMAL,2020-07-15 21:00:00,0.0,0.0,0.0,0.0,0.0,0.0,0.0
315_STEAM_1,THERMAL,2020-07-15 21:00:00,0.0,0.0,0.0,0.0,0.0,0.0,0.0
315_STEAM_2,THERMAL,2020-07-15 21:00:00,0.0,0.0,0.0,0.0,0.0,0.0,0.0
315_STEAM_3,THERMAL,2020-07-15 21:00:00,0.0,0.0,0.0,0.0,0.0,0.0,0.0
315_STEAM_4,THERMAL,2020-07-15 21:00:00,0.0,0.0,0.0,0.0,0.0,0.0,0.0
315_STEAM_5,THERMAL,2020-07-15 21:00:00,0.0,0.0,0.0,0.0,0.0,0.0,0.0
316_STEAM_1,THERMAL,2020-07-15 21:00:00,-0.1346691100185083,0.1346691100185083,0.06733456163312439,-0.03365656618572155,-0.03367279544662599,-0.03368902315044775,-0.03365072523571299
317_WIND_1,WIND,2020-07-15 21:00:00,0.5806321649672491,1.209645811022428,0.9133703106406488,-0.10480137344194063,-0.10483195107169552,-0.10487349851395322,0.8951389879948385
318_CC_1,THERMAL,2020-07-15 21:00:00,-0.5076456998442593,0.5076456998442593,0.2538238660149959,-0.1272121299864557,-0.12686588611651017,-0.1263418214989227,-0.12722586224237073
321_CC_1,THERMAL,2020-07-15 21:00:00,0.0,0.0,0.0,0.0,0.0,0.0,0.0
322_CT_5,THERMAL,2020-07-15 21:00:00,0.0,0.0,0.0,0.0,0.0,0.0,0.0
322_CT_6,THERMAL,2020-07-15 21:00:00,0.0,0.0,0.0,0.0,0.0,0.0,0.0
323_CC_1,THERMAL,2020-07-15 21:00:00,0.04682802930803559,0.13344689442716706,0.0710451097871845,-0.021731295093892808,-0.021578137465672935,0.049924727523643374,0.04021273434395796
323_CC_2,THERMAL,2020-07-15 21:00:00,-0.0026252077516863183,0.13384762977738704,0.06730500554609367,0.033111209362024926,0.03250000165082544,-0.03908092315275665,-0.02915549561178003
101_CT_1,THERMAL,2020-07-15 22:00:00,0.0,0.0,0.0,0.0,0.0,0.0,0.0
101_CT_2,THERMAL,2020-07-15 22:00:00,0.0,0.0,0.0,0.0,0.0,0.0,0.0
101_STEAM_3,THERMAL,2020-07-15 22:00:00,0.008590742512359785,0.043226964144903145,0.026070347019529018,0.020451975429957487,0.005456877898673976,-0.015048253214109264,-0.0022698576021624164
101_STEAM_4,THERMAL,2020-07-15 22:00:00,-0.021324165747304717,0.0451529088658009,0.02806698487541352,-0.023917243711386666,-0.008554589943763022,0.011914371559248094,-0.0007667036514031183
102_CT_1,THERMAL,2020-07-15 22:00:00,0.0,0.0,0.0,0.0,0.0,0.0,0.0
102_CT_2,THERMAL,2020-07-15 22:00:00,0.0,0.0,0.0,0.0,0.0,0.0,0.0
102_STEAM_3,THERMAL,2020-07-15 22:00:00,-0.050689102574499156,0.050689102574499156,0.02534478079112904,-0.01269386542244133,-0.012718013068332507,-0.012580264412844877,-0.012696959670880444
102_STEAM_4,THERMAL,2020-07-15 22:00:00,-0.0447957444522518,0.0447957444522518,0.022397886591391504,-0.011200859604511892,-0.011191165270375114,-0.011218627635887213,-0.011185091941477578
107_CC_1,THERMAL,2020-07-15 22:00:00,-0.16787064398048743,0.16787064398048743,0.08393536025022356,-0.042007525578509064,-0.04198094694909271,-0.04190080832876708,-0.04198136312411857
113_CT_1,THERMAL,2020-07-15 22:00:00,0.0,0.0,0.0,0.0,0.0,0.0,0.0
113_CT_2,THERMAL,2020-07-15 22:00:00,0.0,0.0,0.0,0.0,0.0,0.0,0.0
113_CT_3,THERMAL,2020-07-15 22:00:00,0.0,0.0,0.0,0.0,0.0,0.0,0.0
113_CT_4,THERMAL,2020-07-15 22:00:00,0.0,0.0,0.0,0.0,0.0,0.0,0.0
115_STEAM_1,THERMAL,2020-07-15 22:00:00,0.0,0.0,0.0,0.0,0.0,0.0,0.0
115_STEAM_2,THERMAL,2020-07-15 22:00:00,0.0,0.0,0.0,0.0,0.0,0.0,0.0
115_STEAM_3,THERMAL,2020-07-15 22:00:00,-0.05343680047897129,0.05343680047897129,0.026718424797763794,-0.013350682547145665,-0.013346581838636185,-0.013390470512577357,-0.013349065580612088
116_STEAM_1,THERMAL,2020-07-15 22:00:00,-0.060175639308965856,0.060175639308965856,0.030087821854535915,-0.015049991117802364,-0.015047390050495602,-0.01503479408026931,-0.01504346406039858
118_CC_1,THERMAL,2020-07-15 22:00:00,0.0,0.0,0.0,0.0,0.0,0.0,0.0
122_WIND_1,WIND,2020-07-15 22:00:00,0.8518570881339624,1.0740531571801852,0.9650890254574631,0.9629551226570738,-0.037050433551862216,-0.03700683351761569,-0.037040767453633515
123_CT_1,THERMAL,2020-07-15 22:00:00,0.0,0.0,0.0,0.0,0.0,0.0,0.0
123_CT_4,THERMAL,2020-07-15 22:00:00,0.0,0.0,0.0,0.0,0.0,0.0,0.0
123_CT_5,THERMAL,2020-07-15 22:00:00,0.0,0.0,0.0,0.0,0.0,0.0,0.0
123_STEAM_2,THERMAL,2020-07-15 22:00:00,-0.07693695232783843,0.07693695232783843,0.03846848928160913,-0.01921084044548882,-0.019255238816823617,-0.01923244634629251,-0.01923842671923348
123_STEAM_3,THERMAL,2020-07-15 22:00:00,-0.09542181728291914,0.09542181728291914,0.04771406168388296,-0.02365383276648947,-0.02365501151541416,-0.024320325974181767,-0.02379264702683374
201_CT_1,THERMAL,2020-07-15 22:00:00,0.0,0.0,0.0,0.0,0.0,0.0,0.0
201_CT_2,THERMAL,2020-07-15 22:00:00,0.0,0.0,0.0,0.0,0.0,0.0,0.0
201_STEAM_3,THERMAL,2020-07-15 22:00:00,-0.052748549197071365,0.052748549197071365,0.026374281035376194,-0.013181699220603471,-0.01317593754785526,-0.01320025820419124,-0.013190654224421396
202_CT_1,THERMAL,2020-07-15 22:00:00,0.0,0.0,0.0,0.0,0.0,0.0,0.0
202_CT_2,THERMAL,2020-07-15 22:00:00,0.0,0.0,0.0,0.0,0.0,0.0,0.0
202_STEAM_3,THERMAL,2020-07-15 22:00:00,-0.06739910630459929,0.06739910630459929,0.03369956197003359,-0.016840039042932464,-0.016841152884782624,-0.016870283100663463,-0.01684763127622074
202_STEAM_4,THERMAL,2020-07-15 22:00:00,-0.04110678131803376,0.04110678131803376,0.020553394376565576,-0.010276788999435458,-0.010284546684517542,-0.010267263777975988,-0.010278181856104771
207_CT_1,THERMAL,2020-07-15 22:00:00,0.0,0.0,0.0,0.0,0.0,0.0,0.0
207_CT_2,THERMAL,2020-07-15 22:00:00,0.0,0.0,0.0,0.0,0.0,0.0,0.0
212_CSP_1,THERMAL,2020-07-15 22:00:00,-0.07354361044670926,0.07354361044670926,0.036771805911732416,-0.018383149460765802,-0.018383688558536226,-0.018391978382911844,-0.018384794044495383
213_CC_3,THERMAL,2020-07-15 22:00:00,0.0,0.0,0.0,0.0,0.0,0.0,0.0
213_CT_1,THERMAL,2020-07-15 22:00:00,0.0,0.0,0.0,0.0,0.0,0.0,0.0
213_CT_2,THERMAL,2020-07-15 22:00:00,0.0,0.0,0.0,0.0,0.0,0.0,0.0
215_CT_4,THERMAL,2020-07-15 22:00:00,0.0,0.0,0.0,0.0,0.0,0.0,0.0
215_CT_5,THERMAL,2020-07-15 22:00:00,0.0,0.0,0.0,0.0,0.0,0.0,0.0
216_STEAM_1,THERMAL,2020-07-15 22:00:00,-0.04640363891137911,0.04640363891137911,0.023201820592501955,-0.011597706980301714,-0.01160056898079298,-0.011606930025245932,-0.011598432925038484
218_CC_1,THERMAL,2020-07-15 22:00:00,0.0,0.0,0.0,0.0,0.0,0.0,0.0
221_CC_1,THERMAL,2020-07-15 22:00:00,-0.06453313496072019,0.06453313496072019,0.03226657663224511,-0.016145853667006937,-0.016137786255534636,-0.016113202172223673,-0.01613629286595494
223_CT_4,THERMAL,2020-07-15 22:00:00,0.0,0.0,0.0,0.0,0.0,0.0,0.0
223_CT_5,THERMAL,2020-07-15 22:00:00,0.0,0.0,0.0,0.0,0.0,0.0,0.0
223_CT_6,THERMAL,2020-07-15 22:00:00,0.0,0.0,0.0,0.0,0.0,0.0,0.0
223_STEAM_1,THERMAL,2020-07-15 22:00:00,-0.05143534726000622,0.05143534726000622,0.02571768081603321,-0.012850297668863683,-0.012852215524348055,-0.01287472179337698,-0.0128581122734175
223_STEAM_2,THERMAL,2020-07-15 22:00:00,-0.08897454502937195,0.08897454502937195,0.044487366013735485,-0.022191202941999846,-0.02223041444843894,-0.022316711040951592,-0.02223621659798157
223_STEAM_3,THERMAL,2020-07-15 22:00:00,-0.05660350778493254,0.05660350778493254,0.028301766790883014,-0.014160992059610411,-0.01416224312057246,-0.014128563327381993,-0.014151709277367674
301_CT_1,THERMAL,2020-07-15 22:00:00,0.0,0.0,0.0,0.0,0.0,0.0,0.0
301_CT_2,THERMAL,2020-07-15 22:00:00,0.0,0.0,0.0,0.0,0.0,0.0,0.0
301_CT_3,THERMAL,2020-07-15 22:00:00,0.0,0.0,0.0,0.0,0.0,0.0,0.0
301_CT_4,THERMAL,2020-07-15 22:00:00,0.0,0.0,0.0,0.0,0.0,0.0,0.0
302_CT_1,THERMAL,2020-07-15 22:00:00,0.0,0.0,0.0,0.0,0.0,0.0,0.0
302_CT_2,THERMAL,2020-07-15 22:00:00,0.0,0.0,0.0,0.0,0.0,0.0,0.0
302_CT_3,THERMAL,2020-07-15 22:00:00,0.0,0.0,0.0,0.0,0.0,0.0,0.0
302_CT_4,THERMAL,2020-07-15 22:00:00,0.0,0.0,0.0,0.0,0.0,0.0,0.0
303_WIND_1,WIND,2020-07-15 22:00:00,-0.8496347042740529,1.9247295448942396,0.9645631047430518,-0.46240899715870043,0.5375474203100934,-0.46233812775355787,-0.462434999671888
307_CT_1,THERMAL,2020-07-15 22:00:00,0.0,0.0,0.0,0.0,0.0,0.0,0.0
307_CT_2,THERMAL,2020-07-15 22:00:00,0.0,0.0,0.0,0.0,0.0,0.0,0.0
309_WIND_1,WIND,2020-07-15 22:00:00,0.935863345944562,1.0320719322807999,0.9843595155371813,-0.016034920025513433,-0.01603519002072662,0.9839676391126808,-0.016034183121878803
313_CC_1,THERMAL,2020-07-15 22:00:00,-0.09793035098678568,0.09793035098678568,0.048965185419887626,-0.02447563347344861,-0.02449112491224159,-0.024461185534778274,-0.024502407066317202
315_CT_6,THERMAL,2020-07-15 22:00:00,0.0,0.0,0.0,0.0,0.0,0.0,0.0
315_CT_7,THERMAL,2020-07-15 22:00:00,0.0,0.0,0.0,0.0,0.0,0.0,0.0
315_CT_8,THERMAL,2020-07-15 22:00:00,0.0,0.0,0.0,0.0,0.0,0.0,0.0
315_STEAM_1,THERMAL,2020-07-15 22:00:00,0.0,0.0,0.0,0.0,0.0,0.0,0.0
315_STEAM_2,THERMAL,2020-07-15 22:00:00,0.0,0.0,0.0,0.0,0.0,0.0,0.0
315_STEAM_3,THERMAL,2020-07-15 22:00:00,0.0,0.0,0.0,0.0,0.0,0.0,0.0
315_STEAM_4,THERMAL,2020-07-15 22:00:00,0.0,0.0,0.0,0.0,0.0,0.0,0.0
315_STEAM_5,THERMAL,2020-07-15 22:00:00,0.0,0.0,0.0,0.0,0.0,0.0,0.0
316_STEAM_1,THERMAL,2020-07-15 22:00:00,-0.19168999005052795,0.19168999005052795,0.09584500666285908,-0.04794124107766928,-0.047945163497370574,-0.04788584960250453,-0.04791773587298356
317_WIND_1,WIND,2020-07-15 22:00:00,0.013754722052625512,1.4930815466414133,0.8660289893777395,-0.2465038304043503,-0.24656815721630165,-0.24659142467374195,0.7534181343470194
318_CC_1,THERMAL,2020-07-15 22:00:00,0.0,0.0,0.0,0.0,0.0,0.0,0.0
321_CC_1,THERMAL,2020-07-15 22:00:00,0.0,0.0,0.0,0.0,0.0,0.0,0.0
322_CT_5,THERMAL,2020-07-15 22:00:00,0.0,0.0,0.0,0.0,0.0,0.0,0.0
322_CT_6,THERMAL,2020-07-15 22:00:00,0.0,0.0,0.0,0.0,0.0,0.0,0.0
323_CC_1,THERMAL,2020-07-15 22:00:00,-0.3558752879111951,0.6251223083882252,0.4211726441573635,-0.056701884026658766,0.13462351023851507,-0.39290686832935673,-0.04089004579369466
323_CC_2,THERMAL,2020-07-15 22:00:00,0.7984635219363458,0.8467040175172751,0.5525740519089948,0.16737197931460457,-0.024120247790464643,0.503804181069471,0.15140760934273495
101_CT_1,THERMAL,2020-07-15 23:00:00,0.0,0.0,0.0,0.0,0.0,0.0,0.0
101_CT_2,THERMAL,2020-07-15 23:00:00,0.0,0.0,0.0,0.0,0.0,0.0,0.0
101_STEAM_3,THERMAL,2020-07-15 23:00:00,-0.04914022864118696,0.05217173525482026,0.05055400422323201,0.0001928950592849088,0.0013228582475317413,-0.05053618336256238,-0.00011979858544122953
101_STEAM_4,THERMAL,2020-07-15 23:00:00,0.04319238669047055,0.05500988027536657,0.04923105990726799,-0.001969911609386865,-0.002723800530483378,0.04910113348291856,-0.001215034652577767
102_CT_1,THERMAL,2020-07-15 23:00:00,0.0,0.0,0.0,0.0,0.0,0.0,0.0
102_CT_2,THERMAL,2020-07-15 23:00:00,0.0,0.0,0.0,0.0,0.0,0.0,0.0
102_STEAM_3,THERMAL,2020-07-15 23:00:00,-0.08913332395821126,0.08913332395821126,0.044566662726084796,-0.022277797817152417,-0.022281224974417105,-0.022288234752729674,-0.022286066413912068
102_STEAM_4,THERMAL,2020-07-15 23:00:00,-0.08343581027437005,0.08343581027437005,0.04171790871162746,-0.020851233440636524,-0.020859575037663336,-0.020872822788017387,-0.020852179008052814
107_CC_1,THERMAL,2020-07-15 23:00:00,0.3603383358227018,0.3603383358227018,0.1801691705412678,0.09006127998807179,0.09009637334248699,0.09008035869745656,0.09010032379468644
113_CT_1,THERMAL,2020-07-15 23:00:00,0.0,0.0,0.0,0.0,0.0,0.0,0.0
113_CT_2,THERMAL,2020-07-15 23:00:00,0.0,0.0,0.0,0.0,0.0,0.0,0.0
113_CT_3,THERMAL,2020-07-15 23:00:00,0.0,0.0,0.0,0.0,0.0,0.0,0.0
113_CT_4,THERMAL,2020-07-15 23:00:00,0.0,0.0,0.0,0.0,0.0,0.0,0.0
115_STEAM_1,THERMAL,2020-07-15 23:00:00,0.0,0.0,0.0,0.0,0.0,0.0,0.0
115_STEAM_2,THERMAL,2020-07-15 23:00:00,0.0,0.0,0.0,0.0,0.0,0.0,0.0
115_STEAM_3,THERMAL,2020-07-15 23:00:00,-0.18396632206995456,0.18396632206995456,0.09198476693146662,-0.046077312707611895,-0.045868869901824594,-0.046379083174508784,-0.0456410562860093
116_STEAM_1,THERMAL,2020-07-15 23:00:00,-0.17971655162556396,0.17971655162556396,0.08985829984971216,-0.044919487936256663,-0.04490997046950235,-0.04498504420470151,-0.04490204901510344
118_CC_1,THERMAL,2020-07-15 23:00:00,0.0,0.0,0.0,0.0,0.0,0.0,0.0
122_WIND_1,WIND,2020-07-15 23:00:00,0.8487047637327472,1.0756544375680785,0.9644074675403942,0.9621796006504129,-0.0378243718039597,-0.03782434817080116,-0.03782611694290478
123_CT_1,THERMAL,2020-07-15 23:00:00,0.0,0.0,0.0,0.0,0.0,0.0,0.0
123_CT_4,THERMAL,2020-07-15 23:00:00,0.0,0.0,0.0,0.0,0.0,0.0,0.0
123_CT_5,THERMAL,2020-07-15 23:00:00,0.0,0.0,0.0,0.0,0.0,0.0,0.0
123_STEAM_2,THERMAL,2020-07-15 23:00:00,0.19873150789757077,0.19873150789757077,0.09936582105882057,0.049661256687359545,0.04965545393044407,0.04978127285284506,0.0496335244269221
123_STEAM_3,THERMAL,2020-07-15 23:00:00,-0.2873027479213701,0.2873027479213701,0.14365139647288094,-0.07183880463658254,-0.07186651498465946,-0.07175887854875018,-0.0718385497513779
201_CT_1,THERMAL,2020-07-15 23:00:00,0.0,0.0,0.0,0.0,0.0,0.0,0.0
201_CT_2,THERMAL,2020-07-15 23:00:00,0.0,0.0,0.0,0.0,0.0,0.0,0.0
201_STEAM_3,THERMAL,2020-07-15 23:00:00,0.09169434183557813,0.09169434183557813,0.04584719339456042,0.022937950179824917,0.02294227650358821,0.022885160646148872,0.022928954506016137
202_CT_1,THERMAL,2020-07-15 23:00:00,0.0,0.0,0.0,0.0,0.0,0.0,0.0
202_CT_2,THERMAL,2020-07-15 23:00:00,0.0,0.0,0.0,0.0,0.0,0.0,0.0
202_STEAM_3,THERMAL,2020-07-15 23:00:00,0.0014604602000101701,0.020823004146884094,0.01303678839003627,0.009355721746706236,0.0017860104267408972,-0.008864003691051336,-0.0008172682823856264
202_STEAM_4,THERMAL,2020-07-15 23:00:00,-0.005524800469485296,0.018219090877382174,0.010502706974981561,-0.008048958683354479,0.0008537921953774286,0.005493353008571011,-0.0038229869900792564
207_CT_1,THERMAL,2020-07-15 23:00:00,0.0,0.0,0.0,0.0,0.0,0.0,0.0
207_CT_2,THERMAL,2020-07-15 23:00:00,0.0,0.0,0.0,0.0,0.0,0.0,0.0
212_CSP_1,THERMAL,2020-07-15 23:00:00,-0.07413671823308729,0.07413671823308729,0.03706835922050743,-0.018532265504927925,-0.018535343412008243,-0.018533457393714592,-0.018535651922436527
213_CC_3,THERMAL,2020-07-15 23:00:00,0.0,0.0,0.0,0.0,0.0,0.0,0.0
213_CT_1,THERMAL,2020-07-15 23:00:00,0.0,0.0,0.0,0.0,0.0,0.0,0.0
213_CT_2,THERMAL,2020-07-15 23:00:00,0.0,0.0,0.0,0.0,0.0,0.0,0.0
215_CT_4,THERMAL,2020-07-15 23:00:00,0.0,0.0,0.0,0.0,0.0,0.0,0.0
215_CT_5,THERMAL,2020-07-15 23:00:00,0.0,0.0,0.0,0.0,0.0,0.0,0.0
216_STEAM_1,THERMAL,2020-07-15 23:00:00,-0.15169381414116906,0.15169381414116906,0.07584690853275435,-0.037917336337432106,-0.037925351720876854,-0.0379348333938081,-0.03791629268905201
218_CC_1,THERMAL,2020-07-15 23:00:00,0.0,0.0,0.0,0.0,0.0,0.0,0.0
221_CC_1,THERMAL,2020-07-15 23:00:00,0.3675691809550551,0.3675691809550551,0.18378459149155346,0.09187860814713833,0.09189400805544401,0.09189084050719476,0.09190572424527799
223_CT_4,THERMAL,2020-07-15 23:00:00,0.0,0.0,0.0,0.0,0.0,0.0,0.0
223_CT_5,THERMAL,2020-07-15 23:00:00,0.0,0.0,0.0,0.0,0.0,0.0,0.0
223_CT_6,THERMAL,2020-07-15 23:00:00,0.0,0.0,0.0,0.0,0.0,0.0,0.0
223_STEAM_1,THERMAL,2020-07-15 23:00:00,-0.12729777589154995,0.12729777589154995,0.06364889117407446,-0.03181743272369586,-0.031813293057469216,-0.03183954679549217,-0.03182750331489271
223_STEAM_2,THERMAL,2020-07-15 23:00:00,-0.11371498439692632,0.11371498439692632,0.05685756828436015,-0.028458109029082523,-0.02846181046175933,-0.028348808253497504,-0.028446256652586967
223_STEAM_3,THERMAL,2020-07-15 23:00:00,-0.18699875900484703,0.18699875900484703,0.09349938112549744,-0.04675869266490329,-0.04675610831337196,-0.046736395490234006,-0.04674756253633777
301_CT_1,THERMAL,2020-07-15 23:00:00,0.0,0.0,0.0,0.0,0.0,0.0,0.0
301_CT_2,THERMAL,2020-07-15 23:00:00,0.0,0.0,0.0,0.0,0.0,0.0,0.0
301_CT_3,THERMAL,2020-07-15 23:00:00,0.0,0.0,0.0,0.0,0.0,0.0,0.0
301_CT_4,THERMAL,2020-07-15 23:00:00,0.0,0.0,0.0,0.0,0.0,0.0,0.0
302_CT_1,THERMAL,2020-07-15 23:00:00,0.0,0.0,0.0,0.0,0.0,0.0,0.0
302_CT_2,THERMAL,2020-07-15 23:00:00,0.0,0.0,0.0,0.0,0.0,0.0,0.0
302_CT_3,THERMAL,2020-07-15 23:00:00,0.0,0.0,0.0,0.0,0.0,0.0,0.0
302_CT_4,THERMAL,2020-07-15 23:00:00,0.0,0.0,0.0,0.0,0.0,0.0,0.0
303_WIND_1,WIND,2020-07-15 23:00:00,-1.246620958736091,2.1232859564424955,1.0670011406345452,-0.5616064898972759,0.43833249885320225,-0.5616645854186544,-0.561682382273363
307_CT_1,THERMAL,2020-07-15 23:00:00,0.0,0.0,0.0,0.0,0.0,0.0,0.0
307_CT_2,THERMAL,2020-07-15 23:00:00,0.0,0.0,0.0,0.0,0.0,0.0,0.0
309_WIND_1,WIND,2020-07-15 23:00:00,0.9220566816663083,1.0389759073306553,0.9810970284482903,-0.019484353995658177,-0.019486702844498938,0.9805162944984818,-0.019488555992016366
313_CC_1,THERMAL,2020-07-15 23:00:00,-0.39099038418178106,0.39099038418178106,0.19549520200437642,-0.0977221534804048,-0.0977634452891753,-0.09779067807673769,-0.09771410733546326
315_CT_6,THERMAL,2020-07-15 23:00:00,0.0,0.0,0.0,0.0,0.0,0.0,0.0
315_CT_7,THERMAL,2020-07-15 23:00:00,0.0,0.0,0.0,0.0,0.0,0.0,0.0
315_CT_8,THERMAL,2020-07-15 23:00:00,0.0,0.0,0.0,0.0,0.0,0.0,0.0
315_STEAM_1,THERMAL,2020-07-15 23:00:00,0.0,0.0,0.0,0.0,0.0,0.0,0.0
315_STEAM_2,THERMAL,2020-07-15 23:00:00,0.0,0.0,0.0,0.0,0.0,0.0,0.0
315_STEAM_3,THERMAL,2020-07-15 23:00:00,0.0,0.0,0.0,0.0,0.0,0.0,0.0
315_STEAM_4,THERMAL,2020-07-15 23:00:00,0.0,0.0,0.0,0.0,0.0,0.0,0.0
315_STEAM_5,THERMAL,2020-07-15 23:00:00,0.0,0.0,0.0,0.0,0.0,0.0,0.0
316_STEAM_1,THERMAL,2020-07-15 23:00:00,-0.21609983577909697,0.21609983577909697,0.10821192046418415,-0.05600653737668432,-0.05781220984058438,-0.05139090030035254,-0.05089018826147575
317_WIND_1,WIND,2020-07-15 23:00:00,0.02332760696412639,1.4883090145914502,0.8660882537609781,-0.24414272864402342,-0.24417083648543425,-0.2441771386842042,0.7558183107777883
318_CC_1,THERMAL,2020-07-15 23:00:00,0.0,0.0,0.0,0.0,0.0,0.0,0.0
321_CC_1,THERMAL,2020-07-15 23:00:00,0.0,0.0,0.0,0.0,0.0,0.0,0.0
322_CT_5,THERMAL,2020-07-15 23:00:00,0.0,0.0,0.0,0.0,0.0,0.0,0.0
322_CT_6,THERMAL,2020-07-15 23:00:00,0.0,0.0,0.0,0.0,0.0,0.0,0.0
323_CC_1,THERMAL,2020-07-15 23:00:00,0.2653932448819708,0.2653932448819708,0.1326966226589184,0.06634215930554377,0.06634952581259312,0.06634900110808895,0.06635255865574499
323_CC_2,THERMAL,2020-07-15 23:00:00,0.263304504680733,0.263304504680733,0.13165225254848725,0.06582013472073012,0.06582663176028403,0.06582752769811684,0.06583021050160204
101_CT_1,THERMAL,2020-07-16 00:00:00,0.0,0.0,0.0,0.0,0.0,0.0,0.0
101_CT_2,THERMAL,2020-07-16 00:00:00,0.0,0.0,0.0,0.0,0.0,0.0,0.0
101_STEAM_3,THERMAL,2020-07-16 00:00:00,0.0,0.0,0.0,0.0,0.0,0.0,0.0
101_STEAM_4,THERMAL,2020-07-16 00:00:00,0.0,0.0,0.0,0.0,0.0,0.0,0.0
102_CT_1,THERMAL,2020-07-16 00:00:00,0.0,0.0,0.0,0.0,0.0,0.0,0.0
102_CT_2,THERMAL,2020-07-16 00:00:00,0.0,0.0,0.0,0.0,0.0,0.0,0.0
102_STEAM_3,THERMAL,2020-07-16 00:00:00,0.0,0.0,0.0,0.0,0.0,0.0,0.0
102_STEAM_4,THERMAL,2020-07-16 00:00:00,0.0,0.0,0.0,0.0,0.0,0.0,0.0
107_CC_1,THERMAL,2020-07-16 00:00:00,0.0,0.0,0.0,0.0,0.0,0.0,0.0
113_CT_1,THERMAL,2020-07-16 00:00:00,0.0,0.0,0.0,0.0,0.0,0.0,0.0
113_CT_2,THERMAL,2020-07-16 00:00:00,0.0,0.0,0.0,0.0,0.0,0.0,0.0
113_CT_3,THERMAL,2020-07-16 00:00:00,0.0,0.0,0.0,0.0,0.0,0.0,0.0
113_CT_4,THERMAL,2020-07-16 00:00:00,0.0,0.0,0.0,0.0,0.0,0.0,0.0
115_STEAM_1,THERMAL,2020-07-16 00:00:00,0.0,0.0,0.0,0.0,0.0,0.0,0.0
115_STEAM_2,THERMAL,2020-07-16 00:00:00,0.0,0.0,0.0,0.0,0.0,0.0,0.0
115_STEAM_3,THERMAL,2020-07-16 00:00:00,0.0,0.0,0.0,0.0,0.0,0.0,0.0
116_STEAM_1,THERMAL,2020-07-16 00:00:00,0.0,0.0,0.0,0.0,0.0,0.0,0.0
118_CC_1,THERMAL,2020-07-16 00:00:00,0.0,0.0,0.0,0.0,0.0,0.0,0.0
122_WIND_1,WIND,2020-07-16 00:00:00,0.0,0.0,0.0,0.0,0.0,0.0,0.0
123_CT_1,THERMAL,2020-07-16 00:00:00,0.0,0.0,0.0,0.0,0.0,0.0,0.0
123_CT_4,THERMAL,2020-07-16 00:00:00,0.0,0.0,0.0,0.0,0.0,0.0,0.0
123_CT_5,THERMAL,2020-07-16 00:00:00,0.0,0.0,0.0,0.0,0.0,0.0,0.0
123_STEAM_2,THERMAL,2020-07-16 00:00:00,0.0,0.0,0.0,0.0,0.0,0.0,0.0
123_STEAM_3,THERMAL,2020-07-16 00:00:00,0.0,0.0,0.0,0.0,0.0,0.0,0.0
201_CT_1,THERMAL,2020-07-16 00:00:00,0.0,0.0,0.0,0.0,0.0,0.0,0.0
201_CT_2,THERMAL,2020-07-16 00:00:00,0.0,0.0,0.0,0.0,0.0,0.0,0.0
201_STEAM_3,THERMAL,2020-07-16 00:00:00,0.0,0.0,0.0,0.0,0.0,0.0,0.0
202_CT_1,THERMAL,2020-07-16 00:00:00,0.0,0.0,0.0,0.0,0.0,0.0,0.0
202_CT_2,THERMAL,2020-07-16 00:00:00,0.0,0.0,0.0,0.0,0.0,0.0,0.0
202_STEAM_3,THERMAL,2020-07-16 00:00:00,0.0,0.0,0.0,0.0,0.0,0.0,0.0
202_STEAM_4,THERMAL,2020-07-16 00:00:00,0.0,0.0,0.0,0.0,0.0,0.0,0.0
207_CT_1,THERMAL,2020-07-16 00:00:00,0.0,0.0,0.0,0.0,0.0,0.0,0.0
207_CT_2,THERMAL,2020-07-16 00:00:00,0.0,0.0,0.0,0.0,0.0,0.0,0.0
212_CSP_1,THERMAL,2020-07-16 00:00:00,0.0,0.0,0.0,0.0,0.0,0.0,0.0
213_CC_3,THERMAL,2020-07-16 00:00:00,0.0,0.0,0.0,0.0,0.0,0.0,0.0
213_CT_1,THERMAL,2020-07-16 00:00:00,0.0,0.0,0.0,0.0,0.0,0.0,0.0
213_CT_2,THERMAL,2020-07-16 00:00:00,0.0,0.0,0.0,0.0,0.0,0.0,0.0
215_CT_4,THERMAL,2020-07-16 00:00:00,0.0,0.0,0.0,0.0,0.0,0.0,0.0
215_CT_5,THERMAL,2020-07-16 00:00:00,0.0,0.0,0.0,0.0,0.0,0.0,0.0
216_STEAM_1,THERMAL,2020-07-16 00:00:00,0.0,0.0,0.0,0.0,0.0,0.0,0.0
218_CC_1,THERMAL,2020-07-16 00:00:00,0.0,0.0,0.0,0.0,0.0,0.0,0.0
221_CC_1,THERMAL,2020-07-16 00:00:00,0.0,0.0,0.0,0.0,0.0,0.0,0.0
223_CT_4,THERMAL,2020-07-16 00:00:00,0.0,0.0,0.0,0.0,0.0,0.0,0.0
223_CT_5,THERMAL,2020-07-16 00:00:00,0.0,0.0,0.0,0.0,0.0,0.0,0.0
223_CT_6,THERMAL,2020-07-16 00:00:00,0.0,0.0,0.0,0.0,0.0,0.0,0.0
223_STEAM_1,THERMAL,2020-07-16 00:00:00,0.0,0.0,0.0,0.0,0.0,0.0,0.0
223_STEAM_2,THERMAL,2020-07-16 00:00:00,0.0,0.0,0.0,0.0,0.0,0.0,0.0
223_STEAM_3,THERMAL,2020-07-16 00:00:00,0.0,0.0,0.0,0.0,0.0,0.0,0.0
301_CT_1,THERMAL,2020-07-16 00:00:00,0.0,0.0,0.0,0.0,0.0,0.0,0.0
301_CT_2,THERMAL,2020-07-16 00:00:00,0.0,0.0,0.0,0.0,0.0,0.0,0.0
301_CT_3,THERMAL,2020-07-16 00:00:00,0.0,0.0,0.0,0.0,0.0,0.0,0.0
301_CT_4,THERMAL,2020-07-16 00:00:00,0.0,0.0,0.0,0.0,0.0,0.0,0.0
302_CT_1,THERMAL,2020-07-16 00:00:00,0.0,0.0,0.0,0.0,0.0,0.0,0.0
302_CT_2,THERMAL,2020-07-16 00:00:00,0.0,0.0,0.0,0.0,0.0,0.0,0.0
302_CT_3,THERMAL,2020-07-16 00:00:00,0.0,0.0,0.0,0.0,0.0,0.0,0.0
302_CT_4,THERMAL,2020-07-16 00:00:00,0.0,0.0,0.0,0.0,0.0,0.0,0.0
303_WIND_1,WIND,2020-07-16 00:00:00,0.0,0.0,0.0,0.0,0.0,0.0,0.0
307_CT_1,THERMAL,2020-07-16 00:00:00,0.0,0.0,0.0,0.0,0.0,0.0,0.0
307_CT_2,THERMAL,2020-07-16 00:00:00,0.0,0.0,0.0,0.0,0.0,0.0,0.0
309_WIND_1,WIND,2020-07-16 00:00:00,0.0,0.0,0.0,0.0,0.0,0.0,0.0
313_CC_1,THERMAL,2020-07-16 00:00:00,0.0,0.0,0.0,0.0,0.0,0.0,0.0
315_CT_6,THERMAL,2020-07-16 00:00:00,0.0,0.0,0.0,0.0,0.0,0.0,0.0
315_CT_7,THERMAL,2020-07-16 00:00:00,0.0,0.0,0.0,0.0,0.0,0.0,0.0
315_CT_8,THERMAL,2020-07-16 00:00:00,0.0,0.0,0.0,0.0,0.0,0.0,0.0
315_STEAM_1,THERMAL,2020-07-16 00:00:00,0.0,0.0,0.0,0.0,0.0,0.0,0.0
315_STEAM_2,THERMAL,2020-07-16 00:00:00,0.0,0.0,0.0,0.0,0.0,0.0,0.0
315_STEAM_3,THERMAL,2020-07-16 00:00:00,0.0,0.0,0.0,0.0,0.0,0.0,0.0
315_STEAM_4,THERMAL,2020-07-16 00:00:00,0.0,0.0,0.0,0.0,0.0,0.0,0.0
315_STEAM_5,THERMAL,2020-07-16 00:00:00,0.0,0.0,0.0,0.0,0.0,0.0,0.0
316_STEAM_1,THERMAL,2020-07-16 00:00:00,0.0,0.0,0.0,0.0,0.0,0.0,0.0
317_WIND_1,WIND,2020-07-16 00:00:00,0.0,0.0,0.0,0.0,0.0,0.0,0.0
318_CC_1,THERMAL,2020-07-16 00:00:00,0.0,0.0,0.0,0.0,0.0,0.0,0.0
321_CC_1,THERMAL,2020-07-16 00:00:00,0.0,0.0,0.0,0.0,0.0,0.0,0.0
322_CT_5,THERMAL,2020-07-16 00:00:00,0.0,0.0,0.0,0.0,0.0,0.0,0.0
322_CT_6,THERMAL,2020-07-16 00:00:00,0.0,0.0,0.0,0.0,0.0,0.0,0.0
323_CC_1,THERMAL,2020-07-16 00:00:00,0.0,0.0,0.0,0.0,0.0,0.0,0.0
323_CC_2,THERMAL,2020-07-16 00:00:00,0.0,0.0,0.0,0.0,0.0,0.0,0.0
101_CT_1,THERMAL,2020-07-16 02:00:00,0.0,0.0,0.0,0.0,0.0,0.0,0.0
101_CT_2,THERMAL,2020-07-16 02:00:00,0.0,0.0,0.0,0.0,0.0,0.0,0.0
101_STEAM_3,THERMAL,2020-07-16 02:00:00,0.0,0.0,0.0,0.0,0.0,0.0,0.0
101_STEAM_4,THERMAL,2020-07-16 02:00:00,0.0,0.0,0.0,0.0,0.0,0.0,0.0
102_CT_1,THERMAL,2020-07-16 02:00:00,0.0,0.0,0.0,0.0,0.0,0.0,0.0
102_CT_2,THERMAL,2020-07-16 02:00:00,0.0,0.0,0.0,0.0,0.0,0.0,0.0
102_STEAM_3,THERMAL,2020-07-16 02:00:00,0.0,0.0,0.0,0.0,0.0,0.0,0.0
102_STEAM_4,THERMAL,2020-07-16 02:00:00,0.0,0.0,0.0,0.0,0.0,0.0,0.0
107_CC_1,THERMAL,2020-07-16 02:00:00,0.0,0.0,0.0,0.0,0.0,0.0,0.0
113_CT_1,THERMAL,2020-07-16 02:00:00,0.0,0.0,0.0,0.0,0.0,0.0,0.0
113_CT_2,THERMAL,2020-07-16 02:00:00,0.0,0.0,0.0,0.0,0.0,0.0,0.0
113_CT_3,THERMAL,2020-07-16 02:00:00,0.0,0.0,0.0,0.0,0.0,0.0,0.0
113_CT_4,THERMAL,2020-07-16 02:00:00,0.0,0.0,0.0,0.0,0.0,0.0,0.0
115_STEAM_1,THERMAL,2020-07-16 02:00:00,0.0,0.0,0.0,0.0,0.0,0.0,0.0
115_STEAM_2,THERMAL,2020-07-16 02:00:00,0.0,0.0,0.0,0.0,0.0,0.0,0.0
115_STEAM_3,THERMAL,2020-07-16 02:00:00,0.0,0.0,0.0,0.0,0.0,0.0,0.0
116_STEAM_1,THERMAL,2020-07-16 02:00:00,0.0,0.0,0.0,0.0,0.0,0.0,0.0
118_CC_1,THERMAL,2020-07-16 02:00:00,0.0,0.0,0.0,0.0,0.0,0.0,0.0
122_WIND_1,WIND,2020-07-16 02:00:00,0.0,0.0,0.0,0.0,0.0,0.0,0.0
123_CT_1,THERMAL,2020-07-16 02:00:00,0.0,0.0,0.0,0.0,0.0,0.0,0.0
123_CT_4,THERMAL,2020-07-16 02:00:00,0.0,0.0,0.0,0.0,0.0,0.0,0.0
123_CT_5,THERMAL,2020-07-16 02:00:00,0.0,0.0,0.0,0.0,0.0,0.0,0.0
123_STEAM_2,THERMAL,2020-07-16 02:00:00,0.0,0.0,0.0,0.0,0.0,0.0,0.0
123_STEAM_3,THERMAL,2020-07-16 02:00:00,0.0,0.0,0.0,0.0,0.0,0.0,0.0
201_CT_1,THERMAL,2020-07-16 02:00:00,0.0,0.0,0.0,0.0,0.0,0.0,0.0
201_CT_2,THERMAL,2020-07-16 02:00:00,0.0,0.0,0.0,0.0,0.0,0.0,0.0
201_STEAM_3,THERMAL,2020-07-16 02:00:00,0.0,0.0,0.0,0.0,0.0,0.0,0.0
202_CT_1,THERMAL,2020-07-16 02:00:00,0.0,0.0,0.0,0.0,0.0,0.0,0.0
202_CT_2,THERMAL,2020-07-16 02:00:00,0.0,0.0,0.0,0.0,0.0,0.0,0.0
202_STEAM_3,THERMAL,2020-07-16 02:00:00,0.0,0.0,0.0,0.0,0.0,0.0,0.0
202_STEAM_4,THERMAL,2020-07-16 02:00:00,0.0,0.0,0.0,0.0,0.0,0.0,0.0
207_CT_1,THERMAL,2020-07-16 02:00:00,0.0,0.0,0.0,0.0,0.0,0.0,0.0
207_CT_2,THERMAL,2020-07-16 02:00:00,0.0,0.0,0.0,0.0,0.0,0.0,0.0
212_CSP_1,THERMAL,2020-07-16 02:00:00,0.0,0.0,0.0,0.0,0.0,0.0,0.0
213_CC_3,THERMAL,2020-07-16 02:00:00,0.0,0.0,0.0,0.0,0.0,0.0,0.0
213_CT_1,THERMAL,2020-07-16 02:00:00,0.0,0.0,0.0,0.0,0.0,0.0,0.0
213_CT_2,THERMAL,2020-07-16 02:00:00,0.0,0.0,0.0,0.0,0.0,0.0,0.0
215_CT_4,THERMAL,2020-07-16 02:00:00,0.0,0.0,0.0,0.0,0.0,0.0,0.0
215_CT_5,THERMAL,2020-07-16 02:00:00,0.0,0.0,0.0,0.0,0.0,0.0,0.0
216_STEAM_1,THERMAL,2020-07-16 02:00:00,0.0,0.0,0.0,0.0,0.0,0.0,0.0
218_CC_1,THERMAL,2020-07-16 02:00:00,0.0,0.0,0.0,0.0,0.0,0.0,0.0
221_CC_1,THERMAL,2020-07-16 02:00:00,0.0,0.0,0.0,0.0,0.0,0.0,0.0
223_CT_4,THERMAL,2020-07-16 02:00:00,0.0,0.0,0.0,0.0,0.0,0.0,0.0
223_CT_5,THERMAL,2020-07-16 02:00:00,0.0,0.0,0.0,0.0,0.0,0.0,0.0
223_CT_6,THERMAL,2020-07-16 02:00:00,0.0,0.0,0.0,0.0,0.0,0.0,0.0
223_STEAM_1,THERMAL,2020-07-16 02:00:00,0.0,0.0,0.0,0.0,0.0,0.0,0.0
223_STEAM_2,THERMAL,2020-07-16 02:00:00,0.0,0.0,0.0,0.0,0.0,0.0,0.0
223_STEAM_3,THERMAL,2020-07-16 02:00:00,0.0,0.0,0.0,0.0,0.0,0.0,0.0
301_CT_1,THERMAL,2020-07-16 02:00:00,0.0,0.0,0.0,0.0,0.0,0.0,0.0
301_CT_2,THERMAL,2020-07-16 02:00:00,0.0,0.0,0.0,0.0,0.0,0.0,0.0
301_CT_3,THERMAL,2020-07-16 02:00:00,0.0,0.0,0.0,0.0,0.0,0.0,0.0
301_CT_4,THERMAL,2020-07-16 02:00:00,0.0,0.0,0.0,0.0,0.0,0.0,0.0
302_CT_1,THERMAL,2020-07-16 02:00:00,0.0,0.0,0.0,0.0,0.0,0.0,0.0
302_CT_2,THERMAL,2020-07-16 02:00:00,0.0,0.0,0.0,0.0,0.0,0.0,0.0
302_CT_3,THERMAL,2020-07-16 02:00:00,0.0,0.0,0.0,0.0,0.0,0.0,0.0
302_CT_4,THERMAL,2020-07-16 02:00:00,0.0,0.0,0.0,0.0,0.0,0.0,0.0
303_WIND_1,WIND,2020-07-16 02:00:00,0.0,0.0,0.0,0.0,0.0,0.0,0.0
307_CT_1,THERMAL,2020-07-16 02:00:00,0.0,0.0,0.0,0.0,0.0,0.0,0.0
307_CT_2,THERMAL,2020-07-16 02:00:00,0.0,0.0,0.0,0.0,0.0,0.0,0.0
309_WIND_1,WIND,2020-07-16 02:00:00,0.0,0.0,0.0,0.0,0.0,0.0,0.0
313_CC_1,THERMAL,2020-07-16 02:00:00,0.0,0.0,0.0,0.0,0.0,0.0,0.0
315_CT_6,THERMAL,2020-07-16 02:00:00,0.0,0.0,0.0,0.0,0.0,0.0,0.0
315_CT_7,THERMAL,2020-07-16 02:00:00,0.0,0.0,0.0,0.0,0.0,0.0,0.0
315_CT_8,THERMAL,2020-07-16 02:00:00,0.0,0.0,0.0,0.0,0.0,0.0,0.0
315_STEAM_1,THERMAL,2020-07-16 02:00:00,0.0,0.0,0.0,0.0,0.0,0.0,0.0
315_STEAM_2,THERMAL,2020-07-16 02:00:00,0.0,0.0,0.0,0.0,0.0,0.0,0.0
315_STEAM_3,THERMAL,2020-07-16 02:00:00,0.0,0.0,0.0,0.0,0.0,0.0,0.0
315_STEAM_4,THERMAL,2020-07-16 02:00:00,0.0,0.0,0.0,0.0,0.0,0.0,0.0
315_STEAM_5,THERMAL,2020-07-16 02:00:00,0.0,0.0,0.0,0.0,0.0,0.0,0.0
316_STEAM_1,THERMAL,2020-07-16 02:00:00,0.0,0.0,0.0,0.0,0.0,0.0,0.0
317_WIND_1,WIND,2020-07-16 02:00:00,0.0,0.0,0.0,0.0,0.0,0.0,0.0
318_CC_1,THERMAL,2020-07-16 02:00:00,0.0,0.0,0.0,0.0,0.0,0.0,0.0
321_CC_1,THERMAL,2020-07-16 02:00:00,0.0,0.0,0.0,0.0,0.0,0.0,0.0
322_CT_5,THERMAL,2020-07-16 02:00:00,0.0,0.0,0.0,0.0,0.0,0.0,0.0
322_CT_6,THERMAL,2020-07-16 02:00:00,0.0,0.0,0.0,0.0,0.0,0.0,0.0
323_CC_1,THERMAL,2020-07-16 02:00:00,0.0,0.0,0.0,0.0,0.0,0.0,0.0
323_CC_2,THERMAL,2020-07-16 02:00:00,0.0,0.0,0.0,0.0,0.0,0.0,0.0
101_CT_1,THERMAL,2020-07-16 04:00:00,0.0,0.0,0.0,0.0,0.0,0.0,0.0
101_CT_2,THERMAL,2020-07-16 04:00:00,0.0,0.0,0.0,0.0,0.0,0.0,0.0
101_STEAM_3,THERMAL,2020-07-16 04:00:00,0.0,0.0,0.0,0.0,0.0,0.0,0.0
101_STEAM_4,THERMAL,2020-07-16 04:00:00,0.0,0.0,0.0,0.0,0.0,0.0,0.0
102_CT_1,THERMAL,2020-07-16 04:00:00,0.0,0.0,0.0,0.0,0.0,0.0,0.0
102_CT_2,THERMAL,2020-07-16 04:00:00,0.0,0.0,0.0,0.0,0.0,0.0,0.0
102_STEAM_3,THERMAL,2020-07-16 04:00:00,0.0,0.0,0.0,0.0,0.0,0.0,0.0
102_STEAM_4,THERMAL,2020-07-16 04:00:00,0.0,0.0,0.0,0.0,0.0,0.0,0.0
107_CC_1,THERMAL,2020-07-16 04:00:00,0.0,0.0,0.0,0.0,0.0,0.0,0.0
113_CT_1,THERMAL,2020-07-16 04:00:00,0.0,0.0,0.0,0.0,0.0,0.0,0.0
113_CT_2,THERMAL,2020-07-16 04:00:00,0.0,0.0,0.0,0.0,0.0,0.0,0.0
113_CT_3,THERMAL,2020-07-16 04:00:00,0.0,0.0,0.0,0.0,0.0,0.0,0.0
113_CT_4,THERMAL,2020-07-16 04:00:00,0.0,0.0,0.0,0.0,0.0,0.0,0.0
115_STEAM_1,THERMAL,2020-07-16 04:00:00,0.0,0.0,0.0,0.0,0.0,0.0,0.0
115_STEAM_2,THERMAL,2020-07-16 04:00:00,0.0,0.0,0.0,0.0,0.0,0.0,0.0
115_STEAM_3,THERMAL,2020-07-16 04:00:00,0.0,0.0,0.0,0.0,0.0,0.0,0.0
116_STEAM_1,THERMAL,2020-07-16 04:00:00,0.0,0.0,0.0,0.0,0.0,0.0,0.0
118_CC_1,THERMAL,2020-07-16 04:00:00,0.0,0.0,0.0,0.0,0.0,0.0,0.0
122_WIND_1,WIND,2020-07-16 04:00:00,0.0,0.0,0.0,0.0,0.0,0.0,0.0
123_CT_1,THERMAL,2020-07-16 04:00:00,0.0,0.0,0.0,0.0,0.0,0.0,0.0
123_CT_4,THERMAL,2020-07-16 04:00:00,0.0,0.0,0.0,0.0,0.0,0.0,0.0
123_CT_5,THERMAL,2020-07-16 04:00:00,0.0,0.0,0.0,0.0,0.0,0.0,0.0
123_STEAM_2,THERMAL,2020-07-16 04:00:00,0.0,0.0,0.0,0.0,0.0,0.0,0.0
123_STEAM_3,THERMAL,2020-07-16 04:00:00,0.0,0.0,0.0,0.0,0.0,0.0,0.0
201_CT_1,THERMAL,2020-07-16 04:00:00,0.0,0.0,0.0,0.0,0.0,0.0,0.0
201_CT_2,THERMAL,2020-07-16 04:00:00,0.0,0.0,0.0,0.0,0.0,0.0,0.0
201_STEAM_3,THERMAL,2020-07-16 04:00:00,0.0,0.0,0.0,0.0,0.0,0.0,0.0
202_CT_1,THERMAL,2020-07-16 04:00:00,0.0,0.0,0.0,0.0,0.0,0.0,0.0
202_CT_2,THERMAL,2020-07-16 04:00:00,0.0,0.0,0.0,0.0,0.0,0.0,0.0
202_STEAM_3,THERMAL,2020-07-16 04:00:00,0.0,0.0,0.0,0.0,0.0,0.0,0.0
202_STEAM_4,THERMAL,2020-07-16 04:00:00,0.0,0.0,0.0,0.0,0.0,0.0,0.0
207_CT_1,THERMAL,2020-07-16 04:00:00,0.0,0.0,0.0,0.0,0.0,0.0,0.0
207_CT_2,THERMAL,2020-07-16 04:00:00,0.0,0.0,0.0,0.0,0.0,0.0,0.0
212_CSP_1,THERMAL,2020-07-16 04:00:00,0.0,0.0,0.0,0.0,0.0,0.0,0.0
213_CC_3,THERMAL,2020-07-16 04:00:00,0.0,0.0,0.0,0.0,0.0,0.0,0.0
213_CT_1,THERMAL,2020-07-16 04:00:00,0.0,0.0,0.0,0.0,0.0,0.0,0.0
213_CT_2,THERMAL,2020-07-16 04:00:00,0.0,0.0,0.0,0.0,0.0,0.0,0.0
215_CT_4,THERMAL,2020-07-16 04:00:00,0.0,0.0,0.0,0.0,0.0,0.0,0.0
215_CT_5,THERMAL,2020-07-16 04:00:00,0.0,0.0,0.0,0.0,0.0,0.0,0.0
216_STEAM_1,THERMAL,2020-07-16 04:00:00,0.0,0.0,0.0,0.0,0.0,0.0,0.0
218_CC_1,THERMAL,2020-07-16 04:00:00,0.0,0.0,0.0,0.0,0.0,0.0,0.0
221_CC_1,THERMAL,2020-07-16 04:00:00,0.0,0.0,0.0,0.0,0.0,0.0,0.0
223_CT_4,THERMAL,2020-07-16 04:00:00,0.0,0.0,0.0,0.0,0.0,0.0,0.0
223_CT_5,THERMAL,2020-07-16 04:00:00,0.0,0.0,0.0,0.0,0.0,0.0,0.0
223_CT_6,THERMAL,2020-07-16 04:00:00,0.0,0.0,0.0,0.0,0.0,0.0,0.0
223_STEAM_1,THERMAL,2020-07-16 04:00:00,0.0,0.0,0.0,0.0,0.0,0.0,0.0
223_STEAM_2,THERMAL,2020-07-16 04:00:00,0.0,0.0,0.0,0.0,0.0,0.0,0.0
223_STEAM_3,THERMAL,2020-07-16 04:00:00,0.0,0.0,0.0,0.0,0.0,0.0,0.0
301_CT_1,THERMAL,2020-07-16 04:00:00,0.0,0.0,0.0,0.0,0.0,0.0,0.0
301_CT_2,THERMAL,2020-07-16 04:00:00,0.0,0.0,0.0,0.0,0.0,0.0,0.0
301_CT_3,THERMAL,2020-07-16 04:00:00,0.0,0.0,0.0,0.0,0.0,0.0,0.0
301_CT_4,THERMAL,2020-07-16 04:00:00,0.0,0.0,0.0,0.0,0.0,0.0,0.0
302_CT_1,THERMAL,2020-07-16 04:00:00,0.0,0.0,0.0,0.0,0.0,0.0,0.0
302_CT_2,THERMAL,2020-07-16 04:00:00,0.0,0.0,0.0,0.0,0.0,0.0,0.0
302_CT_3,THERMAL,2020-07-16 04:00:00,0.0,0.0,0.0,0.0,0.0,0.0,0.0
302_CT_4,THERMAL,2020-07-16 04:00:00,0.0,0.0,0.0,0.0,0.0,0.0,0.0
303_WIND_1,WIND,2020-07-16 04:00:00,0.0,0.0,0.0,0.0,0.0,0.0,0.0
307_CT_1,THERMAL,2020-07-16 04:00:00,0.0,0.0,0.0,0.0,0.0,0.0,0.0
307_CT_2,THERMAL,2020-07-16 04:00:00,0.0,0.0,0.0,0.0,0.0,0.0,0.0
309_WIND_1,WIND,2020-07-16 04:00:00,0.0,0.0,0.0,0.0,0.0,0.0,0.0
313_CC_1,THERMAL,2020-07-16 04:00:00,0.0,0.0,0.0,0.0,0.0,0.0,0.0
315_CT_6,THERMAL,2020-07-16 04:00:00,0.0,0.0,0.0,0.0,0.0,0.0,0.0
315_CT_7,THERMAL,2020-07-16 04:00:00,0.0,0.0,0.0,0.0,0.0,0.0,0.0
315_CT_8,THERMAL,2020-07-16 04:00:00,0.0,0.0,0.0,0.0,0.0,0.0,0.0
315_STEAM_1,THERMAL,2020-07-16 04:00:00,0.0,0.0,0.0,0.0,0.0,0.0,0.0
315_STEAM_2,THERMAL,2020-07-16 04:00:00,0.0,0.0,0.0,0.0,0.0,0.0,0.0
315_STEAM_3,THERMAL,2020-07-16 04:00:00,0.0,0.0,0.0,0.0,0.0,0.0,0.0
315_STEAM_4,THERMAL,2020-07-16 04:00:00,0.0,0.0,0.0,0.0,0.0,0.0,0.0
315_STEAM_5,THERMAL,2020-07-16 04:00:00,0.0,0.0,0.0,0.0,0.0,0.0,0.0
316_STEAM_1,THERMAL,2020-07-16 04:00:00,0.0,0.0,0.0,0.0,0.0,0.0,0.0
317_WIND_1,WIND,2020-07-16 04:00:00,0.0,0.0,0.0,0.0,0.0,0.0,0.0
318_CC_1,THERMAL,2020-07-16 04:00:00,0.0,0.0,0.0,0.0,0.0,0.0,0.0
321_CC_1,THERMAL,2020-07-16 04:00:00,0.0,0.0,0.0,0.0,0.0,0.0,0.0
322_CT_5,THERMAL,2020-07-16 04:00:00,0.0,0.0,0.0,0.0,0.0,0.0,0.0
322_CT_6,THERMAL,2020-07-16 04:00:00,0.0,0.0,0.0,0.0,0.0,0.0,0.0
323_CC_1,THERMAL,2020-07-16 04:00:00,0.0,0.0,0.0,0.0,0.0,0.0,0.0
323_CC_2,THERMAL,2020-07-16 04:00:00,0.0,0.0,0.0,0.0,0.0,0.0,0.0
101_CT_1,THERMAL,2020-07-16 06:00:00,0.0,0.0,0.0,0.0,0.0,0.0,0.0
101_CT_2,THERMAL,2020-07-16 06:00:00,0.0,0.0,0.0,0.0,0.0,0.0,0.0
101_STEAM_3,THERMAL,2020-07-16 06:00:00,0.0,0.0,0.0,0.0,0.0,0.0,0.0
101_STEAM_4,THERMAL,2020-07-16 06:00:00,0.0,0.0,0.0,0.0,0.0,0.0,0.0
102_CT_1,THERMAL,2020-07-16 06:00:00,0.0,0.0,0.0,0.0,0.0,0.0,0.0
102_CT_2,THERMAL,2020-07-16 06:00:00,0.0,0.0,0.0,0.0,0.0,0.0,0.0
102_STEAM_3,THERMAL,2020-07-16 06:00:00,0.0,0.0,0.0,0.0,0.0,0.0,0.0
102_STEAM_4,THERMAL,2020-07-16 06:00:00,0.0,0.0,0.0,0.0,0.0,0.0,0.0
107_CC_1,THERMAL,2020-07-16 06:00:00,0.0,0.0,0.0,0.0,0.0,0.0,0.0
113_CT_1,THERMAL,2020-07-16 06:00:00,0.0,0.0,0.0,0.0,0.0,0.0,0.0
113_CT_2,THERMAL,2020-07-16 06:00:00,0.0,0.0,0.0,0.0,0.0,0.0,0.0
113_CT_3,THERMAL,2020-07-16 06:00:00,0.0,0.0,0.0,0.0,0.0,0.0,0.0
113_CT_4,THERMAL,2020-07-16 06:00:00,0.0,0.0,0.0,0.0,0.0,0.0,0.0
115_STEAM_1,THERMAL,2020-07-16 06:00:00,0.0,0.0,0.0,0.0,0.0,0.0,0.0
115_STEAM_2,THERMAL,2020-07-16 06:00:00,0.0,0.0,0.0,0.0,0.0,0.0,0.0
115_STEAM_3,THERMAL,2020-07-16 06:00:00,0.0,0.0,0.0,0.0,0.0,0.0,0.0
116_STEAM_1,THERMAL,2020-07-16 06:00:00,0.0,0.0,0.0,0.0,0.0,0.0,0.0
118_CC_1,THERMAL,2020-07-16 06:00:00,0.0,0.0,0.0,0.0,0.0,0.0,0.0
122_WIND_1,WIND,2020-07-16 06:00:00,0.0,0.0,0.0,0.0,0.0,0.0,0.0
123_CT_1,THERMAL,2020-07-16 06:00:00,0.0,0.0,0.0,0.0,0.0,0.0,0.0
123_CT_4,THERMAL,2020-07-16 06:00:00,0.0,0.0,0.0,0.0,0.0,0.0,0.0
123_CT_5,THERMAL,2020-07-16 06:00:00,0.0,0.0,0.0,0.0,0.0,0.0,0.0
123_STEAM_2,THERMAL,2020-07-16 06:00:00,0.0,0.0,0.0,0.0,0.0,0.0,0.0
123_STEAM_3,THERMAL,2020-07-16 06:00:00,0.0,0.0,0.0,0.0,0.0,0.0,0.0
201_CT_1,THERMAL,2020-07-16 06:00:00,0.0,0.0,0.0,0.0,0.0,0.0,0.0
201_CT_2,THERMAL,2020-07-16 06:00:00,0.0,0.0,0.0,0.0,0.0,0.0,0.0
201_STEAM_3,THERMAL,2020-07-16 06:00:00,0.0,0.0,0.0,0.0,0.0,0.0,0.0
202_CT_1,THERMAL,2020-07-16 06:00:00,0.0,0.0,0.0,0.0,0.0,0.0,0.0
202_CT_2,THERMAL,2020-07-16 06:00:00,0.0,0.0,0.0,0.0,0.0,0.0,0.0
202_STEAM_3,THERMAL,2020-07-16 06:00:00,0.0,0.0,0.0,0.0,0.0,0.0,0.0
202_STEAM_4,THERMAL,2020-07-16 06:00:00,0.0,0.0,0.0,0.0,0.0,0.0,0.0
207_CT_1,THERMAL,2020-07-16 06:00:00,0.0,0.0,0.0,0.0,0.0,0.0,0.0
207_CT_2,THERMAL,2020-07-16 06:00:00,0.0,0.0,0.0,0.0,0.0,0.0,0.0
212_CSP_1,THERMAL,2020-07-16 06:00:00,0.0,0.0,0.0,0.0,0.0,0.0,0.0
213_CC_3,THERMAL,2020-07-16 06:00:00,0.0,0.0,0.0,0.0,0.0,0.0,0.0
213_CT_1,THERMAL,2020-07-16 06:00:00,0.0,0.0,0.0,0.0,0.0,0.0,0.0
213_CT_2,THERMAL,2020-07-16 06:00:00,0.0,0.0,0.0,0.0,0.0,0.0,0.0
215_CT_4,THERMAL,2020-07-16 06:00:00,0.0,0.0,0.0,0.0,0.0,0.0,0.0
215_CT_5,THERMAL,2020-07-16 06:00:00,0.0,0.0,0.0,0.0,0.0,0.0,0.0
216_STEAM_1,THERMAL,2020-07-16 06:00:00,0.0,0.0,0.0,0.0,0.0,0.0,0.0
218_CC_1,THERMAL,2020-07-16 06:00:00,0.0,0.0,0.0,0.0,0.0,0.0,0.0
221_CC_1,THERMAL,2020-07-16 06:00:00,0.0,0.0,0.0,0.0,0.0,0.0,0.0
223_CT_4,THERMAL,2020-07-16 06:00:00,0.0,0.0,0.0,0.0,0.0,0.0,0.0
223_CT_5,THERMAL,2020-07-16 06:00:00,0.0,0.0,0.0,0.0,0.0,0.0,0.0
223_CT_6,THERMAL,2020-07-16 06:00:00,0.0,0.0,0.0,0.0,0.0,0.0,0.0
223_STEAM_1,THERMAL,2020-07-16 06:00:00,0.0,0.0,0.0,0.0,0.0,0.0,0.0
223_STEAM_2,THERMAL,2020-07-16 06:00:00,0.0,0.0,0.0,0.0,0.0,0.0,0.0
223_STEAM_3,THERMAL,2020-07-16 06:00:00,0.0,0.0,0.0,0.0,0.0,0.0,0.0
301_CT_1,THERMAL,2020-07-16 06:00:00,0.0,0.0,0.0,0.0,0.0,0.0,0.0
301_CT_2,THERMAL,2020-07-16 06:00:00,0.0,0.0,0.0,0.0,0.0,0.0,0.0
301_CT_3,THERMAL,2020-07-16 06:00:00,0.0,0.0,0.0,0.0,0.0,0.0,0.0
301_CT_4,THERMAL,2020-07-16 06:00:00,0.0,0.0,0.0,0.0,0.0,0.0,0.0
302_CT_1,THERMAL,2020-07-16 06:00:00,0.0,0.0,0.0,0.0,0.0,0.0,0.0
302_CT_2,THERMAL,2020-07-16 06:00:00,0.0,0.0,0.0,0.0,0.0,0.0,0.0
302_CT_3,THERMAL,2020-07-16 06:00:00,0.0,0.0,0.0,0.0,0.0,0.0,0.0
302_CT_4,THERMAL,2020-07-16 06:00:00,0.0,0.0,0.0,0.0,0.0,0.0,0.0
303_WIND_1,WIND,2020-07-16 06:00:00,0.0,0.0,0.0,0.0,0.0,0.0,0.0
307_CT_1,THERMAL,2020-07-16 06:00:00,0.0,0.0,0.0,0.0,0.0,0.0,0.0
307_CT_2,THERMAL,2020-07-16 06:00:00,0.0,0.0,0.0,0.0,0.0,0.0,0.0
309_WIND_1,WIND,2020-07-16 06:00:00,0.0,0.0,0.0,0.0,0.0,0.0,0.0
313_CC_1,THERMAL,2020-07-16 06:00:00,0.0,0.0,0.0,0.0,0.0,0.0,0.0
315_CT_6,THERMAL,2020-07-16 06:00:00,0.0,0.0,0.0,0.0,0.0,0.0,0.0
315_CT_7,THERMAL,2020-07-16 06:00:00,0.0,0.0,0.0,0.0,0.0,0.0,0.0
315_CT_8,THERMAL,2020-07-16 06:00:00,0.0,0.0,0.0,0.0,0.0,0.0,0.0
315_STEAM_1,THERMAL,2020-07-16 06:00:00,0.0,0.0,0.0,0.0,0.0,0.0,0.0
315_STEAM_2,THERMAL,2020-07-16 06:00:00,0.0,0.0,0.0,0.0,0.0,0.0,0.0
315_STEAM_3,THERMAL,2020-07-16 06:00:00,0.0,0.0,0.0,0.0,0.0,0.0,0.0
315_STEAM_4,THERMAL,2020-07-16 06:00:00,0.0,0.0,0.0,0.0,0.0,0.0,0.0
315_STEAM_5,THERMAL,2020-07-16 06:00:00,0.0,0.0,0.0,0.0,0.0,0.0,0.0
316_STEAM_1,THERMAL,2020-07-16 06:00:00,0.0,0.0,0.0,0.0,0.0,0.0,0.0
317_WIND_1,WIND,2020-07-16 06:00:00,0.0,0.0,0.0,0.0,0.0,0.0,0.0
318_CC_1,THERMAL,2020-07-16 06:00:00,0.0,0.0,0.0,0.0,0.0,0.0,0.0
321_CC_1,THERMAL,2020-07-16 06:00:00,0.0,0.0,0.0,0.0,0.0,0.0,0.0
322_CT_5,THERMAL,2020-07-16 06:00:00,0.0,0.0,0.0,0.0,0.0,0.0,0.0
322_CT_6,THERMAL,2020-07-16 06:00:00,0.0,0.0,0.0,0.0,0.0,0.0,0.0
323_CC_1,THERMAL,2020-07-16 06:00:00,0.0,0.0,0.0,0.0,0.0,0.0,0.0
323_CC_2,THERMAL,2020-07-16 06:00:00,0.0,0.0,0.0,0.0,0.0,0.0,0.0
101_CT_1,THERMAL,2020-07-16 08:00:00,0.0,0.0,0.0,0.0,0.0,0.0,0.0
101_CT_2,THERMAL,2020-07-16 08:00:00,0.0,0.0,0.0,0.0,0.0,0.0,0.0
101_STEAM_3,THERMAL,2020-07-16 08:00:00,0.0,0.0,0.0,0.0,0.0,0.0,0.0
101_STEAM_4,THERMAL,2020-07-16 08:00:00,0.0,0.0,0.0,0.0,0.0,0.0,0.0
102_CT_1,THERMAL,2020-07-16 08:00:00,0.0,0.0,0.0,0.0,0.0,0.0,0.0
102_CT_2,THERMAL,2020-07-16 08:00:00,0.0,0.0,0.0,0.0,0.0,0.0,0.0
102_STEAM_3,THERMAL,2020-07-16 08:00:00,0.0,0.0,0.0,0.0,0.0,0.0,0.0
102_STEAM_4,THERMAL,2020-07-16 08:00:00,0.0,0.0,0.0,0.0,0.0,0.0,0.0
107_CC_1,THERMAL,2020-07-16 08:00:00,0.0,0.0,0.0,0.0,0.0,0.0,0.0
113_CT_1,THERMAL,2020-07-16 08:00:00,0.0,0.0,0.0,0.0,0.0,0.0,0.0
113_CT_2,THERMAL,2020-07-16 08:00:00,0.0,0.0,0.0,0.0,0.0,0.0,0.0
113_CT_3,THERMAL,2020-07-16 08:00:00,0.0,0.0,0.0,0.0,0.0,0.0,0.0
113_CT_4,THERMAL,2020-07-16 08:00:00,0.0,0.0,0.0,0.0,0.0,0.0,0.0
115_STEAM_1,THERMAL,2020-07-16 08:00:00,0.0,0.0,0.0,0.0,0.0,0.0,0.0
115_STEAM_2,THERMAL,2020-07-16 08:00:00,0.0,0.0,0.0,0.0,0.0,0.0,0.0
115_STEAM_3,THERMAL,2020-07-16 08:00:00,0.0,0.0,0.0,0.0,0.0,0.0,0.0
116_STEAM_1,THERMAL,2020-07-16 08:00:00,0.0,0.0,0.0,0.0,0.0,0.0,0.0
118_CC_1,THERMAL,2020-07-16 08:00:00,0.0,0.0,0.0,0.0,0.0,0.0,0.0
122_WIND_1,WIND,2020-07-16 08:00:00,0.0,0.0,0.0,0.0,0.0,0.0,0.0
123_CT_1,THERMAL,2020-07-16 08:00:00,0.0,0.0,0.0,0.0,0.0,0.0,0.0
123_CT_4,THERMAL,2020-07-16 08:00:00,0.0,0.0,0.0,0.0,0.0,0.0,0.0
123_CT_5,THERMAL,2020-07-16 08:00:00,0.0,0.0,0.0,0.0,0.0,0.0,0.0
123_STEAM_2,THERMAL,2020-07-16 08:00:00,0.0,0.0,0.0,0.0,0.0,0.0,0.0
123_STEAM_3,THERMAL,2020-07-16 08:00:00,0.0,0.0,0.0,0.0,0.0,0.0,0.0
201_CT_1,THERMAL,2020-07-16 08:00:00,0.0,0.0,0.0,0.0,0.0,0.0,0.0
201_CT_2,THERMAL,2020-07-16 08:00:00,0.0,0.0,0.0,0.0,0.0,0.0,0.0
201_STEAM_3,THERMAL,2020-07-16 08:00:00,0.0,0.0,0.0,0.0,0.0,0.0,0.0
202_CT_1,THERMAL,2020-07-16 08:00:00,0.0,0.0,0.0,0.0,0.0,0.0,0.0
202_CT_2,THERMAL,2020-07-16 08:00:00,0.0,0.0,0.0,0.0,0.0,0.0,0.0
202_STEAM_3,THERMAL,2020-07-16 08:00:00,0.0,0.0,0.0,0.0,0.0,0.0,0.0
202_STEAM_4,THERMAL,2020-07-16 08:00:00,0.0,0.0,0.0,0.0,0.0,0.0,0.0
207_CT_1,THERMAL,2020-07-16 08:00:00,0.0,0.0,0.0,0.0,0.0,0.0,0.0
207_CT_2,THERMAL,2020-07-16 08:00:00,0.0,0.0,0.0,0.0,0.0,0.0,0.0
212_CSP_1,THERMAL,2020-07-16 08:00:00,0.0,0.0,0.0,0.0,0.0,0.0,0.0
213_CC_3,THERMAL,2020-07-16 08:00:00,0.0,0.0,0.0,0.0,0.0,0.0,0.0
213_CT_1,THERMAL,2020-07-16 08:00:00,0.0,0.0,0.0,0.0,0.0,0.0,0.0
213_CT_2,THERMAL,2020-07-16 08:00:00,0.0,0.0,0.0,0.0,0.0,0.0,0.0
215_CT_4,THERMAL,2020-07-16 08:00:00,0.0,0.0,0.0,0.0,0.0,0.0,0.0
215_CT_5,THERMAL,2020-07-16 08:00:00,0.0,0.0,0.0,0.0,0.0,0.0,0.0
216_STEAM_1,THERMAL,2020-07-16 08:00:00,0.0,0.0,0.0,0.0,0.0,0.0,0.0
218_CC_1,THERMAL,2020-07-16 08:00:00,0.0,0.0,0.0,0.0,0.0,0.0,0.0
221_CC_1,THERMAL,2020-07-16 08:00:00,0.0,0.0,0.0,0.0,0.0,0.0,0.0
223_CT_4,THERMAL,2020-07-16 08:00:00,0.0,0.0,0.0,0.0,0.0,0.0,0.0
223_CT_5,THERMAL,2020-07-16 08:00:00,0.0,0.0,0.0,0.0,0.0,0.0,0.0
223_CT_6,THERMAL,2020-07-16 08:00:00,0.0,0.0,0.0,0.0,0.0,0.0,0.0
223_STEAM_1,THERMAL,2020-07-16 08:00:00,0.0,0.0,0.0,0.0,0.0,0.0,0.0
223_STEAM_2,THERMAL,2020-07-16 08:00:00,0.0,0.0,0.0,0.0,0.0,0.0,0.0
223_STEAM_3,THERMAL,2020-07-16 08:00:00,0.0,0.0,0.0,0.0,0.0,0.0,0.0
301_CT_1,THERMAL,2020-07-16 08:00:00,0.0,0.0,0.0,0.0,0.0,0.0,0.0
301_CT_2,THERMAL,2020-07-16 08:00:00,0.0,0.0,0.0,0.0,0.0,0.0,0.0
301_CT_3,THERMAL,2020-07-16 08:00:00,0.0,0.0,0.0,0.0,0.0,0.0,0.0
301_CT_4,THERMAL,2020-07-16 08:00:00,0.0,0.0,0.0,0.0,0.0,0.0,0.0
302_CT_1,THERMAL,2020-07-16 08:00:00,0.0,0.0,0.0,0.0,0.0,0.0,0.0
302_CT_2,THERMAL,2020-07-16 08:00:00,0.0,0.0,0.0,0.0,0.0,0.0,0.0
302_CT_3,THERMAL,2020-07-16 08:00:00,0.0,0.0,0.0,0.0,0.0,0.0,0.0
302_CT_4,THERMAL,2020-07-16 08:00:00,0.0,0.0,0.0,0.0,0.0,0.0,0.0
303_WIND_1,WIND,2020-07-16 08:00:00,0.0,0.0,0.0,0.0,0.0,0.0,0.0
307_CT_1,THERMAL,2020-07-16 08:00:00,0.0,0.0,0.0,0.0,0.0,0.0,0.0
307_CT_2,THERMAL,2020-07-16 08:00:00,0.0,0.0,0.0,0.0,0.0,0.0,0.0
309_WIND_1,WIND,2020-07-16 08:00:00,0.0,0.0,0.0,0.0,0.0,0.0,0.0
313_CC_1,THERMAL,2020-07-16 08:00:00,0.0,0.0,0.0,0.0,0.0,0.0,0.0
315_CT_6,THERMAL,2020-07-16 08:00:00,0.0,0.0,0.0,0.0,0.0,0.0,0.0
315_CT_7,THERMAL,2020-07-16 08:00:00,0.0,0.0,0.0,0.0,0.0,0.0,0.0
315_CT_8,THERMAL,2020-07-16 08:00:00,0.0,0.0,0.0,0.0,0.0,0.0,0.0
315_STEAM_1,THERMAL,2020-07-16 08:00:00,0.0,0.0,0.0,0.0,0.0,0.0,0.0
315_STEAM_2,THERMAL,2020-07-16 08:00:00,0.0,0.0,0.0,0.0,0.0,0.0,0.0
315_STEAM_3,THERMAL,2020-07-16 08:00:00,0.0,0.0,0.0,0.0,0.0,0.0,0.0
315_STEAM_4,THERMAL,2020-07-16 08:00:00,0.0,0.0,0.0,0.0,0.0,0.0,0.0
315_STEAM_5,THERMAL,2020-07-16 08:00:00,0.0,0.0,0.0,0.0,0.0,0.0,0.0
316_STEAM_1,THERMAL,2020-07-16 08:00:00,0.0,0.0,0.0,0.0,0.0,0.0,0.0
317_WIND_1,WIND,2020-07-16 08:00:00,0.0,0.0,0.0,0.0,0.0,0.0,0.0
318_CC_1,THERMAL,2020-07-16 08:00:00,0.0,0.0,0.0,0.0,0.0,0.0,0.0
321_CC_1,THERMAL,2020-07-16 08:00:00,0.0,0.0,0.0,0.0,0.0,0.0,0.0
322_CT_5,THERMAL,2020-07-16 08:00:00,0.0,0.0,0.0,0.0,0.0,0.0,0.0
322_CT_6,THERMAL,2020-07-16 08:00:00,0.0,0.0,0.0,0.0,0.0,0.0,0.0
323_CC_1,THERMAL,2020-07-16 08:00:00,0.0,0.0,0.0,0.0,0.0,0.0,0.0
323_CC_2,THERMAL,2020-07-16 08:00:00,0.0,0.0,0.0,0.0,0.0,0.0,0.0
101_CT_1,THERMAL,2020-07-16 10:00:00,0.0,0.0,0.0,0.0,0.0,0.0,0.0
101_CT_2,THERMAL,2020-07-16 10:00:00,0.0,0.0,0.0,0.0,0.0,0.0,0.0
101_STEAM_3,THERMAL,2020-07-16 10:00:00,0.0,0.0,0.0,0.0,0.0,0.0,0.0
101_STEAM_4,THERMAL,2020-07-16 10:00:00,0.0,0.0,0.0,0.0,0.0,0.0,0.0
102_CT_1,THERMAL,2020-07-16 10:00:00,0.0,0.0,0.0,0.0,0.0,0.0,0.0
102_CT_2,THERMAL,2020-07-16 10:00:00,0.0,0.0,0.0,0.0,0.0,0.0,0.0
102_STEAM_3,THERMAL,2020-07-16 10:00:00,0.0,0.0,0.0,0.0,0.0,0.0,0.0
102_STEAM_4,THERMAL,2020-07-16 10:00:00,0.0,0.0,0.0,0.0,0.0,0.0,0.0
107_CC_1,THERMAL,2020-07-16 10:00:00,0.0,0.0,0.0,0.0,0.0,0.0,0.0
113_CT_1,THERMAL,2020-07-16 10:00:00,0.0,0.0,0.0,0.0,0.0,0.0,0.0
113_CT_2,THERMAL,2020-07-16 10:00:00,0.0,0.0,0.0,0.0,0.0,0.0,0.0
113_CT_3,THERMAL,2020-07-16 10:00:00,0.0,0.0,0.0,0.0,0.0,0.0,0.0
113_CT_4,THERMAL,2020-07-16 10:00:00,0.0,0.0,0.0,0.0,0.0,0.0,0.0
115_STEAM_1,THERMAL,2020-07-16 10:00:00,0.0,0.0,0.0,0.0,0.0,0.0,0.0
115_STEAM_2,THERMAL,2020-07-16 10:00:00,0.0,0.0,0.0,0.0,0.0,0.0,0.0
115_STEAM_3,THERMAL,2020-07-16 10:00:00,0.0,0.0,0.0,0.0,0.0,0.0,0.0
116_STEAM_1,THERMAL,2020-07-16 10:00:00,0.0,0.0,0.0,0.0,0.0,0.0,0.0
118_CC_1,THERMAL,2020-07-16 10:00:00,0.0,0.0,0.0,0.0,0.0,0.0,0.0
122_WIND_1,WIND,2020-07-16 10:00:00,0.0,0.0,0.0,0.0,0.0,0.0,0.0
123_CT_1,THERMAL,2020-07-16 10:00:00,0.0,0.0,0.0,0.0,0.0,0.0,0.0
123_CT_4,THERMAL,2020-07-16 10:00:00,0.0,0.0,0.0,0.0,0.0,0.0,0.0
123_CT_5,THERMAL,2020-07-16 10:00:00,0.0,0.0,0.0,0.0,0.0,0.0,0.0
123_STEAM_2,THERMAL,2020-07-16 10:00:00,0.0,0.0,0.0,0.0,0.0,0.0,0.0
123_STEAM_3,THERMAL,2020-07-16 10:00:00,0.0,0.0,0.0,0.0,0.0,0.0,0.0
201_CT_1,THERMAL,2020-07-16 10:00:00,0.0,0.0,0.0,0.0,0.0,0.0,0.0
201_CT_2,THERMAL,2020-07-16 10:00:00,0.0,0.0,0.0,0.0,0.0,0.0,0.0
201_STEAM_3,THERMAL,2020-07-16 10:00:00,0.0,0.0,0.0,0.0,0.0,0.0,0.0
202_CT_1,THERMAL,2020-07-16 10:00:00,0.0,0.0,0.0,0.0,0.0,0.0,0.0
202_CT_2,THERMAL,2020-07-16 10:00:00,0.0,0.0,0.0,0.0,0.0,0.0,0.0
202_STEAM_3,THERMAL,2020-07-16 10:00:00,0.0,0.0,0.0,0.0,0.0,0.0,0.0
202_STEAM_4,THERMAL,2020-07-16 10:00:00,0.0,0.0,0.0,0.0,0.0,0.0,0.0
207_CT_1,THERMAL,2020-07-16 10:00:00,0.0,0.0,0.0,0.0,0.0,0.0,0.0
207_CT_2,THERMAL,2020-07-16 10:00:00,0.0,0.0,0.0,0.0,0.0,0.0,0.0
212_CSP_1,THERMAL,2020-07-16 10:00:00,0.0,0.0,0.0,0.0,0.0,0.0,0.0
213_CC_3,THERMAL,2020-07-16 10:00:00,0.0,0.0,0.0,0.0,0.0,0.0,0.0
213_CT_1,THERMAL,2020-07-16 10:00:00,0.0,0.0,0.0,0.0,0.0,0.0,0.0
213_CT_2,THERMAL,2020-07-16 10:00:00,0.0,0.0,0.0,0.0,0.0,0.0,0.0
215_CT_4,THERMAL,2020-07-16 10:00:00,0.0,0.0,0.0,0.0,0.0,0.0,0.0
215_CT_5,THERMAL,2020-07-16 10:00:00,0.0,0.0,0.0,0.0,0.0,0.0,0.0
216_STEAM_1,THERMAL,2020-07-16 10:00:00,0.0,0.0,0.0,0.0,0.0,0.0,0.0
218_CC_1,THERMAL,2020-07-16 10:00:00,0.0,0.0,0.0,0.0,0.0,0.0,0.0
221_CC_1,THERMAL,2020-07-16 10:00:00,0.0,0.0,0.0,0.0,0.0,0.0,0.0
223_CT_4,THERMAL,2020-07-16 10:00:00,0.0,0.0,0.0,0.0,0.0,0.0,0.0
223_CT_5,THERMAL,2020-07-16 10:00:00,0.0,0.0,0.0,0.0,0.0,0.0,0.0
223_CT_6,THERMAL,2020-07-16 10:00:00,0.0,0.0,0.0,0.0,0.0,0.0,0.0
223_STEAM_1,THERMAL,2020-07-16 10:00:00,0.0,0.0,0.0,0.0,0.0,0.0,0.0
223_STEAM_2,THERMAL,2020-07-16 10:00:00,0.0,0.0,0.0,0.0,0.0,0.0,0.0
223_STEAM_3,THERMAL,2020-07-16 10:00:00,0.0,0.0,0.0,0.0,0.0,0.0,0.0
301_CT_1,THERMAL,2020-07-16 10:00:00,0.0,0.0,0.0,0.0,0.0,0.0,0.0
301_CT_2,THERMAL,2020-07-16 10:00:00,0.0,0.0,0.0,0.0,0.0,0.0,0.0
301_CT_3,THERMAL,2020-07-16 10:00:00,0.0,0.0,0.0,0.0,0.0,0.0,0.0
301_CT_4,THERMAL,2020-07-16 10:00:00,0.0,0.0,0.0,0.0,0.0,0.0,0.0
302_CT_1,THERMAL,2020-07-16 10:00:00,0.0,0.0,0.0,0.0,0.0,0.0,0.0
302_CT_2,THERMAL,2020-07-16 10:00:00,0.0,0.0,0.0,0.0,0.0,0.0,0.0
302_CT_3,THERMAL,2020-07-16 10:00:00,0.0,0.0,0.0,0.0,0.0,0.0,0.0
302_CT_4,THERMAL,2020-07-16 10:00:00,0.0,0.0,0.0,0.0,0.0,0.0,0.0
303_WIND_1,WIND,2020-07-16 10:00:00,0.0,0.0,0.0,0.0,0.0,0.0,0.0
307_CT_1,THERMAL,2020-07-16 10:00:00,0.0,0.0,0.0,0.0,0.0,0.0,0.0
307_CT_2,THERMAL,2020-07-16 10:00:00,0.0,0.0,0.0,0.0,0.0,0.0,0.0
309_WIND_1,WIND,2020-07-16 10:00:00,0.0,0.0,0.0,0.0,0.0,0.0,0.0
313_CC_1,THERMAL,2020-07-16 10:00:00,0.0,0.0,0.0,0.0,0.0,0.0,0.0
315_CT_6,THERMAL,2020-07-16 10:00:00,0.0,0.0,0.0,0.0,0.0,0.0,0.0
315_CT_7,THERMAL,2020-07-16 10:00:00,0.0,0.0,0.0,0.0,0.0,0.0,0.0
315_CT_8,THERMAL,2020-07-16 10:00:00,0.0,0.0,0.0,0.0,0.0,0.0,0.0
315_STEAM_1,THERMAL,2020-07-16 10:00:00,0.0,0.0,0.0,0.0,0.0,0.0,0.0
315_STEAM_2,THERMAL,2020-07-16 10:00:00,0.0,0.0,0.0,0.0,0.0,0.0,0.0
315_STEAM_3,THERMAL,2020-07-16 10:00:00,0.0,0.0,0.0,0.0,0.0,0.0,0.0
315_STEAM_4,THERMAL,2020-07-16 10:00:00,0.0,0.0,0.0,0.0,0.0,0.0,0.0
315_STEAM_5,THERMAL,2020-07-16 10:00:00,0.0,0.0,0.0,0.0,0.0,0.0,0.0
316_STEAM_1,THERMAL,2020-07-16 10:00:00,0.0,0.0,0.0,0.0,0.0,0.0,0.0
317_WIND_1,WIND,2020-07-16 10:00:00,0.0,0.0,0.0,0.0,0.0,0.0,0.0
318_CC_1,THERMAL,2020-07-16 10:00:00,0.0,0.0,0.0,0.0,0.0,0.0,0.0
321_CC_1,THERMAL,2020-07-16 10:00:00,0.0,0.0,0.0,0.0,0.0,0.0,0.0
322_CT_5,THERMAL,2020-07-16 10:00:00,0.0,0.0,0.0,0.0,0.0,0.0,0.0
322_CT_6,THERMAL,2020-07-16 10:00:00,0.0,0.0,0.0,0.0,0.0,0.0,0.0
323_CC_1,THERMAL,2020-07-16 10:00:00,0.0,0.0,0.0,0.0,0.0,0.0,0.0
323_CC_2,THERMAL,2020-07-16 10:00:00,0.0,0.0,0.0,0.0,0.0,0.0,0.0
101_CT_1,THERMAL,2020-07-16 12:00:00,0.0,0.0,0.0,0.0,0.0,0.0,0.0
101_CT_2,THERMAL,2020-07-16 12:00:00,0.0,0.0,0.0,0.0,0.0,0.0,0.0
101_STEAM_3,THERMAL,2020-07-16 12:00:00,0.0,0.0,0.0,0.0,0.0,0.0,0.0
101_STEAM_4,THERMAL,2020-07-16 12:00:00,0.0,0.0,0.0,0.0,0.0,0.0,0.0
102_CT_1,THERMAL,2020-07-16 12:00:00,0.0,0.0,0.0,0.0,0.0,0.0,0.0
102_CT_2,THERMAL,2020-07-16 12:00:00,0.0,0.0,0.0,0.0,0.0,0.0,0.0
102_STEAM_3,THERMAL,2020-07-16 12:00:00,0.0,0.0,0.0,0.0,0.0,0.0,0.0
102_STEAM_4,THERMAL,2020-07-16 12:00:00,0.0,0.0,0.0,0.0,0.0,0.0,0.0
107_CC_1,THERMAL,2020-07-16 12:00:00,0.0,0.0,0.0,0.0,0.0,0.0,0.0
113_CT_1,THERMAL,2020-07-16 12:00:00,0.0,0.0,0.0,0.0,0.0,0.0,0.0
113_CT_2,THERMAL,2020-07-16 12:00:00,0.0,0.0,0.0,0.0,0.0,0.0,0.0
113_CT_3,THERMAL,2020-07-16 12:00:00,0.0,0.0,0.0,0.0,0.0,0.0,0.0
113_CT_4,THERMAL,2020-07-16 12:00:00,0.0,0.0,0.0,0.0,0.0,0.0,0.0
115_STEAM_1,THERMAL,2020-07-16 12:00:00,0.0,0.0,0.0,0.0,0.0,0.0,0.0
115_STEAM_2,THERMAL,2020-07-16 12:00:00,0.0,0.0,0.0,0.0,0.0,0.0,0.0
115_STEAM_3,THERMAL,2020-07-16 12:00:00,0.0,0.0,0.0,0.0,0.0,0.0,0.0
116_STEAM_1,THERMAL,2020-07-16 12:00:00,0.0,0.0,0.0,0.0,0.0,0.0,0.0
118_CC_1,THERMAL,2020-07-16 12:00:00,0.0,0.0,0.0,0.0,0.0,0.0,0.0
122_WIND_1,WIND,2020-07-16 12:00:00,0.0,0.0,0.0,0.0,0.0,0.0,0.0
123_CT_1,THERMAL,2020-07-16 12:00:00,0.0,0.0,0.0,0.0,0.0,0.0,0.0
123_CT_4,THERMAL,2020-07-16 12:00:00,0.0,0.0,0.0,0.0,0.0,0.0,0.0
123_CT_5,THERMAL,2020-07-16 12:00:00,0.0,0.0,0.0,0.0,0.0,0.0,0.0
123_STEAM_2,THERMAL,2020-07-16 12:00:00,0.0,0.0,0.0,0.0,0.0,0.0,0.0
123_STEAM_3,THERMAL,2020-07-16 12:00:00,0.0,0.0,0.0,0.0,0.0,0.0,0.0
201_CT_1,THERMAL,2020-07-16 12:00:00,0.0,0.0,0.0,0.0,0.0,0.0,0.0
201_CT_2,THERMAL,2020-07-16 12:00:00,0.0,0.0,0.0,0.0,0.0,0.0,0.0
201_STEAM_3,THERMAL,2020-07-16 12:00:00,0.0,0.0,0.0,0.0,0.0,0.0,0.0
202_CT_1,THERMAL,2020-07-16 12:00:00,0.0,0.0,0.0,0.0,0.0,0.0,0.0
202_CT_2,THERMAL,2020-07-16 12:00:00,0.0,0.0,0.0,0.0,0.0,0.0,0.0
202_STEAM_3,THERMAL,2020-07-16 12:00:00,0.0,0.0,0.0,0.0,0.0,0.0,0.0
202_STEAM_4,THERMAL,2020-07-16 12:00:00,0.0,0.0,0.0,0.0,0.0,0.0,0.0
207_CT_1,THERMAL,2020-07-16 12:00:00,0.0,0.0,0.0,0.0,0.0,0.0,0.0
207_CT_2,THERMAL,2020-07-16 12:00:00,0.0,0.0,0.0,0.0,0.0,0.0,0.0
212_CSP_1,THERMAL,2020-07-16 12:00:00,0.0,0.0,0.0,0.0,0.0,0.0,0.0
213_CC_3,THERMAL,2020-07-16 12:00:00,0.0,0.0,0.0,0.0,0.0,0.0,0.0
213_CT_1,THERMAL,2020-07-16 12:00:00,0.0,0.0,0.0,0.0,0.0,0.0,0.0
213_CT_2,THERMAL,2020-07-16 12:00:00,0.0,0.0,0.0,0.0,0.0,0.0,0.0
215_CT_4,THERMAL,2020-07-16 12:00:00,0.0,0.0,0.0,0.0,0.0,0.0,0.0
215_CT_5,THERMAL,2020-07-16 12:00:00,0.0,0.0,0.0,0.0,0.0,0.0,0.0
216_STEAM_1,THERMAL,2020-07-16 12:00:00,0.0,0.0,0.0,0.0,0.0,0.0,0.0
218_CC_1,THERMAL,2020-07-16 12:00:00,0.0,0.0,0.0,0.0,0.0,0.0,0.0
221_CC_1,THERMAL,2020-07-16 12:00:00,0.0,0.0,0.0,0.0,0.0,0.0,0.0
223_CT_4,THERMAL,2020-07-16 12:00:00,0.0,0.0,0.0,0.0,0.0,0.0,0.0
223_CT_5,THERMAL,2020-07-16 12:00:00,0.0,0.0,0.0,0.0,0.0,0.0,0.0
223_CT_6,THERMAL,2020-07-16 12:00:00,0.0,0.0,0.0,0.0,0.0,0.0,0.0
223_STEAM_1,THERMAL,2020-07-16 12:00:00,0.0,0.0,0.0,0.0,0.0,0.0,0.0
223_STEAM_2,THERMAL,2020-07-16 12:00:00,0.0,0.0,0.0,0.0,0.0,0.0,0.0
223_STEAM_3,THERMAL,2020-07-16 12:00:00,0.0,0.0,0.0,0.0,0.0,0.0,0.0
301_CT_1,THERMAL,2020-07-16 12:00:00,0.0,0.0,0.0,0.0,0.0,0.0,0.0
301_CT_2,THERMAL,2020-07-16 12:00:00,0.0,0.0,0.0,0.0,0.0,0.0,0.0
301_CT_3,THERMAL,2020-07-16 12:00:00,0.0,0.0,0.0,0.0,0.0,0.0,0.0
301_CT_4,THERMAL,2020-07-16 12:00:00,0.0,0.0,0.0,0.0,0.0,0.0,0.0
302_CT_1,THERMAL,2020-07-16 12:00:00,0.0,0.0,0.0,0.0,0.0,0.0,0.0
302_CT_2,THERMAL,2020-07-16 12:00:00,0.0,0.0,0.0,0.0,0.0,0.0,0.0
302_CT_3,THERMAL,2020-07-16 12:00:00,0.0,0.0,0.0,0.0,0.0,0.0,0.0
302_CT_4,THERMAL,2020-07-16 12:00:00,0.0,0.0,0.0,0.0,0.0,0.0,0.0
303_WIND_1,WIND,2020-07-16 12:00:00,0.0,0.0,0.0,0.0,0.0,0.0,0.0
307_CT_1,THERMAL,2020-07-16 12:00:00,0.0,0.0,0.0,0.0,0.0,0.0,0.0
307_CT_2,THERMAL,2020-07-16 12:00:00,0.0,0.0,0.0,0.0,0.0,0.0,0.0
309_WIND_1,WIND,2020-07-16 12:00:00,0.0,0.0,0.0,0.0,0.0,0.0,0.0
313_CC_1,THERMAL,2020-07-16 12:00:00,0.0,0.0,0.0,0.0,0.0,0.0,0.0
315_CT_6,THERMAL,2020-07-16 12:00:00,0.0,0.0,0.0,0.0,0.0,0.0,0.0
315_CT_7,THERMAL,2020-07-16 12:00:00,0.0,0.0,0.0,0.0,0.0,0.0,0.0
315_CT_8,THERMAL,2020-07-16 12:00:00,0.0,0.0,0.0,0.0,0.0,0.0,0.0
315_STEAM_1,THERMAL,2020-07-16 12:00:00,0.0,0.0,0.0,0.0,0.0,0.0,0.0
315_STEAM_2,THERMAL,2020-07-16 12:00:00,0.0,0.0,0.0,0.0,0.0,0.0,0.0
315_STEAM_3,THERMAL,2020-07-16 12:00:00,0.0,0.0,0.0,0.0,0.0,0.0,0.0
315_STEAM_4,THERMAL,2020-07-16 12:00:00,0.0,0.0,0.0,0.0,0.0,0.0,0.0
315_STEAM_5,THERMAL,2020-07-16 12:00:00,0.0,0.0,0.0,0.0,0.0,0.0,0.0
316_STEAM_1,THERMAL,2020-07-16 12:00:00,0.0,0.0,0.0,0.0,0.0,0.0,0.0
317_WIND_1,WIND,2020-07-16 12:00:00,0.0,0.0,0.0,0.0,0.0,0.0,0.0
318_CC_1,THERMAL,2020-07-16 12:00:00,0.0,0.0,0.0,0.0,0.0,0.0,0.0
321_CC_1,THERMAL,2020-07-16 12:00:00,0.0,0.0,0.0,0.0,0.0,0.0,0.0
322_CT_5,THERMAL,2020-07-16 12:00:00,0.0,0.0,0.0,0.0,0.0,0.0,0.0
322_CT_6,THERMAL,2020-07-16 12:00:00,0.0,0.0,0.0,0.0,0.0,0.0,0.0
323_CC_1,THERMAL,2020-07-16 12:00:00,0.0,0.0,0.0,0.0,0.0,0.0,0.0
323_CC_2,THERMAL,2020-07-16 12:00:00,0.0,0.0,0.0,0.0,0.0,0.0,0.0
101_CT_1,THERMAL,2020-07-16 14:00:00,0.0,0.0,0.0,0.0,0.0,0.0,0.0
101_CT_2,THERMAL,2020-07-16 14:00:00,0.0,0.0,0.0,0.0,0.0,0.0,0.0
101_STEAM_3,THERMAL,2020-07-16 14:00:00,0.0,0.0,0.0,0.0,0.0,0.0,0.0
101_STEAM_4,THERMAL,2020-07-16 14:00:00,0.0,0.0,0.0,0.0,0.0,0.0,0.0
102_CT_1,THERMAL,2020-07-16 14:00:00,0.0,0.0,0.0,0.0,0.0,0.0,0.0
102_CT_2,THERMAL,2020-07-16 14:00:00,0.0,0.0,0.0,0.0,0.0,0.0,0.0
102_STEAM_3,THERMAL,2020-07-16 14:00:00,0.0,0.0,0.0,0.0,0.0,0.0,0.0
102_STEAM_4,THERMAL,2020-07-16 14:00:00,0.0,0.0,0.0,0.0,0.0,0.0,0.0
107_CC_1,THERMAL,2020-07-16 14:00:00,0.0,0.0,0.0,0.0,0.0,0.0,0.0
113_CT_1,THERMAL,2020-07-16 14:00:00,0.0,0.0,0.0,0.0,0.0,0.0,0.0
113_CT_2,THERMAL,2020-07-16 14:00:00,0.0,0.0,0.0,0.0,0.0,0.0,0.0
113_CT_3,THERMAL,2020-07-16 14:00:00,0.0,0.0,0.0,0.0,0.0,0.0,0.0
113_CT_4,THERMAL,2020-07-16 14:00:00,0.0,0.0,0.0,0.0,0.0,0.0,0.0
115_STEAM_1,THERMAL,2020-07-16 14:00:00,0.0,0.0,0.0,0.0,0.0,0.0,0.0
115_STEAM_2,THERMAL,2020-07-16 14:00:00,0.0,0.0,0.0,0.0,0.0,0.0,0.0
115_STEAM_3,THERMAL,2020-07-16 14:00:00,0.0,0.0,0.0,0.0,0.0,0.0,0.0
116_STEAM_1,THERMAL,2020-07-16 14:00:00,0.0,0.0,0.0,0.0,0.0,0.0,0.0
118_CC_1,THERMAL,2020-07-16 14:00:00,0.0,0.0,0.0,0.0,0.0,0.0,0.0
122_WIND_1,WIND,2020-07-16 14:00:00,0.0,0.0,0.0,0.0,0.0,0.0,0.0
123_CT_1,THERMAL,2020-07-16 14:00:00,0.0,0.0,0.0,0.0,0.0,0.0,0.0
123_CT_4,THERMAL,2020-07-16 14:00:00,0.0,0.0,0.0,0.0,0.0,0.0,0.0
123_CT_5,THERMAL,2020-07-16 14:00:00,0.0,0.0,0.0,0.0,0.0,0.0,0.0
123_STEAM_2,THERMAL,2020-07-16 14:00:00,0.0,0.0,0.0,0.0,0.0,0.0,0.0
123_STEAM_3,THERMAL,2020-07-16 14:00:00,0.0,0.0,0.0,0.0,0.0,0.0,0.0
201_CT_1,THERMAL,2020-07-16 14:00:00,0.0,0.0,0.0,0.0,0.0,0.0,0.0
201_CT_2,THERMAL,2020-07-16 14:00:00,0.0,0.0,0.0,0.0,0.0,0.0,0.0
201_STEAM_3,THERMAL,2020-07-16 14:00:00,0.0,0.0,0.0,0.0,0.0,0.0,0.0
202_CT_1,THERMAL,2020-07-16 14:00:00,0.0,0.0,0.0,0.0,0.0,0.0,0.0
202_CT_2,THERMAL,2020-07-16 14:00:00,0.0,0.0,0.0,0.0,0.0,0.0,0.0
202_STEAM_3,THERMAL,2020-07-16 14:00:00,0.0,0.0,0.0,0.0,0.0,0.0,0.0
202_STEAM_4,THERMAL,2020-07-16 14:00:00,0.0,0.0,0.0,0.0,0.0,0.0,0.0
207_CT_1,THERMAL,2020-07-16 14:00:00,0.0,0.0,0.0,0.0,0.0,0.0,0.0
207_CT_2,THERMAL,2020-07-16 14:00:00,0.0,0.0,0.0,0.0,0.0,0.0,0.0
212_CSP_1,THERMAL,2020-07-16 14:00:00,0.0,0.0,0.0,0.0,0.0,0.0,0.0
213_CC_3,THERMAL,2020-07-16 14:00:00,0.0,0.0,0.0,0.0,0.0,0.0,0.0
213_CT_1,THERMAL,2020-07-16 14:00:00,0.0,0.0,0.0,0.0,0.0,0.0,0.0
213_CT_2,THERMAL,2020-07-16 14:00:00,0.0,0.0,0.0,0.0,0.0,0.0,0.0
215_CT_4,THERMAL,2020-07-16 14:00:00,0.0,0.0,0.0,0.0,0.0,0.0,0.0
215_CT_5,THERMAL,2020-07-16 14:00:00,0.0,0.0,0.0,0.0,0.0,0.0,0.0
216_STEAM_1,THERMAL,2020-07-16 14:00:00,0.0,0.0,0.0,0.0,0.0,0.0,0.0
218_CC_1,THERMAL,2020-07-16 14:00:00,0.0,0.0,0.0,0.0,0.0,0.0,0.0
221_CC_1,THERMAL,2020-07-16 14:00:00,0.0,0.0,0.0,0.0,0.0,0.0,0.0
223_CT_4,THERMAL,2020-07-16 14:00:00,0.0,0.0,0.0,0.0,0.0,0.0,0.0
223_CT_5,THERMAL,2020-07-16 14:00:00,0.0,0.0,0.0,0.0,0.0,0.0,0.0
223_CT_6,THERMAL,2020-07-16 14:00:00,0.0,0.0,0.0,0.0,0.0,0.0,0.0
223_STEAM_1,THERMAL,2020-07-16 14:00:00,0.0,0.0,0.0,0.0,0.0,0.0,0.0
223_STEAM_2,THERMAL,2020-07-16 14:00:00,0.0,0.0,0.0,0.0,0.0,0.0,0.0
223_STEAM_3,THERMAL,2020-07-16 14:00:00,0.0,0.0,0.0,0.0,0.0,0.0,0.0
301_CT_1,THERMAL,2020-07-16 14:00:00,0.0,0.0,0.0,0.0,0.0,0.0,0.0
301_CT_2,THERMAL,2020-07-16 14:00:00,0.0,0.0,0.0,0.0,0.0,0.0,0.0
301_CT_3,THERMAL,2020-07-16 14:00:00,0.0,0.0,0.0,0.0,0.0,0.0,0.0
301_CT_4,THERMAL,2020-07-16 14:00:00,0.0,0.0,0.0,0.0,0.0,0.0,0.0
302_CT_1,THERMAL,2020-07-16 14:00:00,0.0,0.0,0.0,0.0,0.0,0.0,0.0
302_CT_2,THERMAL,2020-07-16 14:00:00,0.0,0.0,0.0,0.0,0.0,0.0,0.0
302_CT_3,THERMAL,2020-07-16 14:00:00,0.0,0.0,0.0,0.0,0.0,0.0,0.0
302_CT_4,THERMAL,2020-07-16 14:00:00,0.0,0.0,0.0,0.0,0.0,0.0,0.0
303_WIND_1,WIND,2020-07-16 14:00:00,0.0,0.0,0.0,0.0,0.0,0.0,0.0
307_CT_1,THERMAL,2020-07-16 14:00:00,0.0,0.0,0.0,0.0,0.0,0.0,0.0
307_CT_2,THERMAL,2020-07-16 14:00:00,0.0,0.0,0.0,0.0,0.0,0.0,0.0
309_WIND_1,WIND,2020-07-16 14:00:00,0.0,0.0,0.0,0.0,0.0,0.0,0.0
313_CC_1,THERMAL,2020-07-16 14:00:00,0.0,0.0,0.0,0.0,0.0,0.0,0.0
315_CT_6,THERMAL,2020-07-16 14:00:00,0.0,0.0,0.0,0.0,0.0,0.0,0.0
315_CT_7,THERMAL,2020-07-16 14:00:00,0.0,0.0,0.0,0.0,0.0,0.0,0.0
315_CT_8,THERMAL,2020-07-16 14:00:00,0.0,0.0,0.0,0.0,0.0,0.0,0.0
315_STEAM_1,THERMAL,2020-07-16 14:00:00,0.0,0.0,0.0,0.0,0.0,0.0,0.0
315_STEAM_2,THERMAL,2020-07-16 14:00:00,0.0,0.0,0.0,0.0,0.0,0.0,0.0
315_STEAM_3,THERMAL,2020-07-16 14:00:00,0.0,0.0,0.0,0.0,0.0,0.0,0.0
315_STEAM_4,THERMAL,2020-07-16 14:00:00,0.0,0.0,0.0,0.0,0.0,0.0,0.0
315_STEAM_5,THERMAL,2020-07-16 14:00:00,0.0,0.0,0.0,0.0,0.0,0.0,0.0
316_STEAM_1,THERMAL,2020-07-16 14:00:00,0.0,0.0,0.0,0.0,0.0,0.0,0.0
317_WIND_1,WIND,2020-07-16 14:00:00,0.0,0.0,0.0,0.0,0.0,0.0,0.0
318_CC_1,THERMAL,2020-07-16 14:00:00,0.0,0.0,0.0,0.0,0.0,0.0,0.0
321_CC_1,THERMAL,2020-07-16 14:00:00,0.0,0.0,0.0,0.0,0.0,0.0,0.0
322_CT_5,THERMAL,2020-07-16 14:00:00,0.0,0.0,0.0,0.0,0.0,0.0,0.0
322_CT_6,THERMAL,2020-07-16 14:00:00,0.0,0.0,0.0,0.0,0.0,0.0,0.0
323_CC_1,THERMAL,2020-07-16 14:00:00,0.0,0.0,0.0,0.0,0.0,0.0,0.0
323_CC_2,THERMAL,2020-07-16 14:00:00,0.0,0.0,0.0,0.0,0.0,0.0,0.0
101_CT_1,THERMAL,2020-07-16 16:00:00,0.0,0.0,0.0,0.0,0.0,0.0,0.0
101_CT_2,THERMAL,2020-07-16 16:00:00,0.0,0.0,0.0,0.0,0.0,0.0,0.0
101_STEAM_3,THERMAL,2020-07-16 16:00:00,0.0,0.0,0.0,0.0,0.0,0.0,0.0
101_STEAM_4,THERMAL,2020-07-16 16:00:00,0.0,0.0,0.0,0.0,0.0,0.0,0.0
102_CT_1,THERMAL,2020-07-16 16:00:00,0.0,0.0,0.0,0.0,0.0,0.0,0.0
102_CT_2,THERMAL,2020-07-16 16:00:00,0.0,0.0,0.0,0.0,0.0,0.0,0.0
102_STEAM_3,THERMAL,2020-07-16 16:00:00,0.0,0.0,0.0,0.0,0.0,0.0,0.0
102_STEAM_4,THERMAL,2020-07-16 16:00:00,0.0,0.0,0.0,0.0,0.0,0.0,0.0
107_CC_1,THERMAL,2020-07-16 16:00:00,0.0,0.0,0.0,0.0,0.0,0.0,0.0
113_CT_1,THERMAL,2020-07-16 16:00:00,0.0,0.0,0.0,0.0,0.0,0.0,0.0
113_CT_2,THERMAL,2020-07-16 16:00:00,0.0,0.0,0.0,0.0,0.0,0.0,0.0
113_CT_3,THERMAL,2020-07-16 16:00:00,0.0,0.0,0.0,0.0,0.0,0.0,0.0
113_CT_4,THERMAL,2020-07-16 16:00:00,0.0,0.0,0.0,0.0,0.0,0.0,0.0
115_STEAM_1,THERMAL,2020-07-16 16:00:00,0.0,0.0,0.0,0.0,0.0,0.0,0.0
115_STEAM_2,THERMAL,2020-07-16 16:00:00,0.0,0.0,0.0,0.0,0.0,0.0,0.0
115_STEAM_3,THERMAL,2020-07-16 16:00:00,0.0,0.0,0.0,0.0,0.0,0.0,0.0
116_STEAM_1,THERMAL,2020-07-16 16:00:00,0.0,0.0,0.0,0.0,0.0,0.0,0.0
118_CC_1,THERMAL,2020-07-16 16:00:00,0.0,0.0,0.0,0.0,0.0,0.0,0.0
122_WIND_1,WIND,2020-07-16 16:00:00,0.0,0.0,0.0,0.0,0.0,0.0,0.0
123_CT_1,THERMAL,2020-07-16 16:00:00,0.0,0.0,0.0,0.0,0.0,0.0,0.0
123_CT_4,THERMAL,2020-07-16 16:00:00,0.0,0.0,0.0,0.0,0.0,0.0,0.0
123_CT_5,THERMAL,2020-07-16 16:00:00,0.0,0.0,0.0,0.0,0.0,0.0,0.0
123_STEAM_2,THERMAL,2020-07-16 16:00:00,0.0,0.0,0.0,0.0,0.0,0.0,0.0
123_STEAM_3,THERMAL,2020-07-16 16:00:00,0.0,0.0,0.0,0.0,0.0,0.0,0.0
201_CT_1,THERMAL,2020-07-16 16:00:00,0.0,0.0,0.0,0.0,0.0,0.0,0.0
201_CT_2,THERMAL,2020-07-16 16:00:00,0.0,0.0,0.0,0.0,0.0,0.0,0.0
201_STEAM_3,THERMAL,2020-07-16 16:00:00,0.0,0.0,0.0,0.0,0.0,0.0,0.0
202_CT_1,THERMAL,2020-07-16 16:00:00,0.0,0.0,0.0,0.0,0.0,0.0,0.0
202_CT_2,THERMAL,2020-07-16 16:00:00,0.0,0.0,0.0,0.0,0.0,0.0,0.0
202_STEAM_3,THERMAL,2020-07-16 16:00:00,0.0,0.0,0.0,0.0,0.0,0.0,0.0
202_STEAM_4,THERMAL,2020-07-16 16:00:00,0.0,0.0,0.0,0.0,0.0,0.0,0.0
207_CT_1,THERMAL,2020-07-16 16:00:00,0.0,0.0,0.0,0.0,0.0,0.0,0.0
207_CT_2,THERMAL,2020-07-16 16:00:00,0.0,0.0,0.0,0.0,0.0,0.0,0.0
212_CSP_1,THERMAL,2020-07-16 16:00:00,0.0,0.0,0.0,0.0,0.0,0.0,0.0
213_CC_3,THERMAL,2020-07-16 16:00:00,0.0,0.0,0.0,0.0,0.0,0.0,0.0
213_CT_1,THERMAL,2020-07-16 16:00:00,0.0,0.0,0.0,0.0,0.0,0.0,0.0
213_CT_2,THERMAL,2020-07-16 16:00:00,0.0,0.0,0.0,0.0,0.0,0.0,0.0
215_CT_4,THERMAL,2020-07-16 16:00:00,0.0,0.0,0.0,0.0,0.0,0.0,0.0
215_CT_5,THERMAL,2020-07-16 16:00:00,0.0,0.0,0.0,0.0,0.0,0.0,0.0
216_STEAM_1,THERMAL,2020-07-16 16:00:00,0.0,0.0,0.0,0.0,0.0,0.0,0.0
218_CC_1,THERMAL,2020-07-16 16:00:00,0.0,0.0,0.0,0.0,0.0,0.0,0.0
221_CC_1,THERMAL,2020-07-16 16:00:00,0.0,0.0,0.0,0.0,0.0,0.0,0.0
223_CT_4,THERMAL,2020-07-16 16:00:00,0.0,0.0,0.0,0.0,0.0,0.0,0.0
223_CT_5,THERMAL,2020-07-16 16:00:00,0.0,0.0,0.0,0.0,0.0,0.0,0.0
223_CT_6,THERMAL,2020-07-16 16:00:00,0.0,0.0,0.0,0.0,0.0,0.0,0.0
223_STEAM_1,THERMAL,2020-07-16 16:00:00,0.0,0.0,0.0,0.0,0.0,0.0,0.0
223_STEAM_2,THERMAL,2020-07-16 16:00:00,0.0,0.0,0.0,0.0,0.0,0.0,0.0
223_STEAM_3,THERMAL,2020-07-16 16:00:00,0.0,0.0,0.0,0.0,0.0,0.0,0.0
301_CT_1,THERMAL,2020-07-16 16:00:00,0.0,0.0,0.0,0.0,0.0,0.0,0.0
301_CT_2,THERMAL,2020-07-16 16:00:00,0.0,0.0,0.0,0.0,0.0,0.0,0.0
301_CT_3,THERMAL,2020-07-16 16:00:00,0.0,0.0,0.0,0.0,0.0,0.0,0.0
301_CT_4,THERMAL,2020-07-16 16:00:00,0.0,0.0,0.0,0.0,0.0,0.0,0.0
302_CT_1,THERMAL,2020-07-16 16:00:00,0.0,0.0,0.0,0.0,0.0,0.0,0.0
302_CT_2,THERMAL,2020-07-16 16:00:00,0.0,0.0,0.0,0.0,0.0,0.0,0.0
302_CT_3,THERMAL,2020-07-16 16:00:00,0.0,0.0,0.0,0.0,0.0,0.0,0.0
302_CT_4,THERMAL,2020-07-16 16:00:00,0.0,0.0,0.0,0.0,0.0,0.0,0.0
303_WIND_1,WIND,2020-07-16 16:00:00,0.0,0.0,0.0,0.0,0.0,0.0,0.0
307_CT_1,THERMAL,2020-07-16 16:00:00,0.0,0.0,0.0,0.0,0.0,0.0,0.0
307_CT_2,THERMAL,2020-07-16 16:00:00,0.0,0.0,0.0,0.0,0.0,0.0,0.0
309_WIND_1,WIND,2020-07-16 16:00:00,0.0,0.0,0.0,0.0,0.0,0.0,0.0
313_CC_1,THERMAL,2020-07-16 16:00:00,0.0,0.0,0.0,0.0,0.0,0.0,0.0
315_CT_6,THERMAL,2020-07-16 16:00:00,0.0,0.0,0.0,0.0,0.0,0.0,0.0
315_CT_7,THERMAL,2020-07-16 16:00:00,0.0,0.0,0.0,0.0,0.0,0.0,0.0
315_CT_8,THERMAL,2020-07-16 16:00:00,0.0,0.0,0.0,0.0,0.0,0.0,0.0
315_STEAM_1,THERMAL,2020-07-16 16:00:00,0.0,0.0,0.0,0.0,0.0,0.0,0.0
315_STEAM_2,THERMAL,2020-07-16 16:00:00,0.0,0.0,0.0,0.0,0.0,0.0,0.0
315_STEAM_3,THERMAL,2020-07-16 16:00:00,0.0,0.0,0.0,0.0,0.0,0.0,0.0
315_STEAM_4,THERMAL,2020-07-16 16:00:00,0.0,0.0,0.0,0.0,0.0,0.0,0.0
315_STEAM_5,THERMAL,2020-07-16 16:00:00,0.0,0.0,0.0,0.0,0.0,0.0,0.0
316_STEAM_1,THERMAL,2020-07-16 16:00:00,0.0,0.0,0.0,0.0,0.0,0.0,0.0
317_WIND_1,WIND,2020-07-16 16:00:00,0.0,0.0,0.0,0.0,0.0,0.0,0.0
318_CC_1,THERMAL,2020-07-16 16:00:00,0.0,0.0,0.0,0.0,0.0,0.0,0.0
321_CC_1,THERMAL,2020-07-16 16:00:00,0.0,0.0,0.0,0.0,0.0,0.0,0.0
322_CT_5,THERMAL,2020-07-16 16:00:00,0.0,0.0,0.0,0.0,0.0,0.0,0.0
322_CT_6,THERMAL,2020-07-16 16:00:00,0.0,0.0,0.0,0.0,0.0,0.0,0.0
323_CC_1,THERMAL,2020-07-16 16:00:00,0.0,0.0,0.0,0.0,0.0,0.0,0.0
323_CC_2,THERMAL,2020-07-16 16:00:00,0.0,0.0,0.0,0.0,0.0,0.0,0.0
101_CT_1,THERMAL,2020-07-16 18:00:00,0.0,0.0,0.0,0.0,0.0,0.0,0.0
101_CT_2,THERMAL,2020-07-16 18:00:00,0.0,0.0,0.0,0.0,0.0,0.0,0.0
101_STEAM_3,THERMAL,2020-07-16 18:00:00,0.0,0.0,0.0,0.0,0.0,0.0,0.0
101_STEAM_4,THERMAL,2020-07-16 18:00:00,0.0,0.0,0.0,0.0,0.0,0.0,0.0
102_CT_1,THERMAL,2020-07-16 18:00:00,0.0,0.0,0.0,0.0,0.0,0.0,0.0
102_CT_2,THERMAL,2020-07-16 18:00:00,0.0,0.0,0.0,0.0,0.0,0.0,0.0
102_STEAM_3,THERMAL,2020-07-16 18:00:00,0.0,0.0,0.0,0.0,0.0,0.0,0.0
102_STEAM_4,THERMAL,2020-07-16 18:00:00,0.0,0.0,0.0,0.0,0.0,0.0,0.0
107_CC_1,THERMAL,2020-07-16 18:00:00,0.0,0.0,0.0,0.0,0.0,0.0,0.0
113_CT_1,THERMAL,2020-07-16 18:00:00,0.0,0.0,0.0,0.0,0.0,0.0,0.0
113_CT_2,THERMAL,2020-07-16 18:00:00,0.0,0.0,0.0,0.0,0.0,0.0,0.0
113_CT_3,THERMAL,2020-07-16 18:00:00,0.0,0.0,0.0,0.0,0.0,0.0,0.0
113_CT_4,THERMAL,2020-07-16 18:00:00,0.0,0.0,0.0,0.0,0.0,0.0,0.0
115_STEAM_1,THERMAL,2020-07-16 18:00:00,0.0,0.0,0.0,0.0,0.0,0.0,0.0
115_STEAM_2,THERMAL,2020-07-16 18:00:00,0.0,0.0,0.0,0.0,0.0,0.0,0.0
115_STEAM_3,THERMAL,2020-07-16 18:00:00,0.0,0.0,0.0,0.0,0.0,0.0,0.0
116_STEAM_1,THERMAL,2020-07-16 18:00:00,0.0,0.0,0.0,0.0,0.0,0.0,0.0
118_CC_1,THERMAL,2020-07-16 18:00:00,0.0,0.0,0.0,0.0,0.0,0.0,0.0
122_WIND_1,WIND,2020-07-16 18:00:00,0.0,0.0,0.0,0.0,0.0,0.0,0.0
123_CT_1,THERMAL,2020-07-16 18:00:00,0.0,0.0,0.0,0.0,0.0,0.0,0.0
123_CT_4,THERMAL,2020-07-16 18:00:00,0.0,0.0,0.0,0.0,0.0,0.0,0.0
123_CT_5,THERMAL,2020-07-16 18:00:00,0.0,0.0,0.0,0.0,0.0,0.0,0.0
123_STEAM_2,THERMAL,2020-07-16 18:00:00,0.0,0.0,0.0,0.0,0.0,0.0,0.0
123_STEAM_3,THERMAL,2020-07-16 18:00:00,0.0,0.0,0.0,0.0,0.0,0.0,0.0
201_CT_1,THERMAL,2020-07-16 18:00:00,0.0,0.0,0.0,0.0,0.0,0.0,0.0
201_CT_2,THERMAL,2020-07-16 18:00:00,0.0,0.0,0.0,0.0,0.0,0.0,0.0
201_STEAM_3,THERMAL,2020-07-16 18:00:00,0.0,0.0,0.0,0.0,0.0,0.0,0.0
202_CT_1,THERMAL,2020-07-16 18:00:00,0.0,0.0,0.0,0.0,0.0,0.0,0.0
202_CT_2,THERMAL,2020-07-16 18:00:00,0.0,0.0,0.0,0.0,0.0,0.0,0.0
202_STEAM_3,THERMAL,2020-07-16 18:00:00,0.0,0.0,0.0,0.0,0.0,0.0,0.0
202_STEAM_4,THERMAL,2020-07-16 18:00:00,0.0,0.0,0.0,0.0,0.0,0.0,0.0
207_CT_1,THERMAL,2020-07-16 18:00:00,0.0,0.0,0.0,0.0,0.0,0.0,0.0
207_CT_2,THERMAL,2020-07-16 18:00:00,0.0,0.0,0.0,0.0,0.0,0.0,0.0
212_CSP_1,THERMAL,2020-07-16 18:00:00,0.0,0.0,0.0,0.0,0.0,0.0,0.0
213_CC_3,THERMAL,2020-07-16 18:00:00,0.0,0.0,0.0,0.0,0.0,0.0,0.0
213_CT_1,THERMAL,2020-07-16 18:00:00,0.0,0.0,0.0,0.0,0.0,0.0,0.0
213_CT_2,THERMAL,2020-07-16 18:00:00,0.0,0.0,0.0,0.0,0.0,0.0,0.0
215_CT_4,THERMAL,2020-07-16 18:00:00,0.0,0.0,0.0,0.0,0.0,0.0,0.0
215_CT_5,THERMAL,2020-07-16 18:00:00,0.0,0.0,0.0,0.0,0.0,0.0,0.0
216_STEAM_1,THERMAL,2020-07-16 18:00:00,0.0,0.0,0.0,0.0,0.0,0.0,0.0
218_CC_1,THERMAL,2020-07-16 18:00:00,0.0,0.0,0.0,0.0,0.0,0.0,0.0
221_CC_1,THERMAL,2020-07-16 18:00:00,0.0,0.0,0.0,0.0,0.0,0.0,0.0
223_CT_4,THERMAL,2020-07-16 18:00:00,0.0,0.0,0.0,0.0,0.0,0.0,0.0
223_CT_5,THERMAL,2020-07-16 18:00:00,0.0,0.0,0.0,0.0,0.0,0.0,0.0
223_CT_6,THERMAL,2020-07-16 18:00:00,0.0,0.0,0.0,0.0,0.0,0.0,0.0
223_STEAM_1,THERMAL,2020-07-16 18:00:00,0.0,0.0,0.0,0.0,0.0,0.0,0.0
223_STEAM_2,THERMAL,2020-07-16 18:00:00,0.0,0.0,0.0,0.0,0.0,0.0,0.0
223_STEAM_3,THERMAL,2020-07-16 18:00:00,0.0,0.0,0.0,0.0,0.0,0.0,0.0
301_CT_1,THERMAL,2020-07-16 18:00:00,0.0,0.0,0.0,0.0,0.0,0.0,0.0
301_CT_2,THERMAL,2020-07-16 18:00:00,0.0,0.0,0.0,0.0,0.0,0.0,0.0
301_CT_3,THERMAL,2020-07-16 18:00:00,0.0,0.0,0.0,0.0,0.0,0.0,0.0
301_CT_4,THERMAL,2020-07-16 18:00:00,0.0,0.0,0.0,0.0,0.0,0.0,0.0
302_CT_1,THERMAL,2020-07-16 18:00:00,0.0,0.0,0.0,0.0,0.0,0.0,0.0
302_CT_2,THERMAL,2020-07-16 18:00:00,0.0,0.0,0.0,0.0,0.0,0.0,0.0
302_CT_3,THERMAL,2020-07-16 18:00:00,0.0,0.0,0.0,0.0,0.0,0.0,0.0
302_CT_4,THERMAL,2020-07-16 18:00:00,0.0,0.0,0.0,0.0,0.0,0.0,0.0
303_WIND_1,WIND,2020-07-16 18:00:00,0.0,0.0,0.0,0.0,0.0,0.0,0.0
307_CT_1,THERMAL,2020-07-16 18:00:00,0.0,0.0,0.0,0.0,0.0,0.0,0.0
307_CT_2,THERMAL,2020-07-16 18:00:00,0.0,0.0,0.0,0.0,0.0,0.0,0.0
309_WIND_1,WIND,2020-07-16 18:00:00,0.0,0.0,0.0,0.0,0.0,0.0,0.0
313_CC_1,THERMAL,2020-07-16 18:00:00,0.0,0.0,0.0,0.0,0.0,0.0,0.0
315_CT_6,THERMAL,2020-07-16 18:00:00,0.0,0.0,0.0,0.0,0.0,0.0,0.0
315_CT_7,THERMAL,2020-07-16 18:00:00,0.0,0.0,0.0,0.0,0.0,0.0,0.0
315_CT_8,THERMAL,2020-07-16 18:00:00,0.0,0.0,0.0,0.0,0.0,0.0,0.0
315_STEAM_1,THERMAL,2020-07-16 18:00:00,0.0,0.0,0.0,0.0,0.0,0.0,0.0
315_STEAM_2,THERMAL,2020-07-16 18:00:00,0.0,0.0,0.0,0.0,0.0,0.0,0.0
315_STEAM_3,THERMAL,2020-07-16 18:00:00,0.0,0.0,0.0,0.0,0.0,0.0,0.0
315_STEAM_4,THERMAL,2020-07-16 18:00:00,0.0,0.0,0.0,0.0,0.0,0.0,0.0
315_STEAM_5,THERMAL,2020-07-16 18:00:00,0.0,0.0,0.0,0.0,0.0,0.0,0.0
316_STEAM_1,THERMAL,2020-07-16 18:00:00,0.0,0.0,0.0,0.0,0.0,0.0,0.0
317_WIND_1,WIND,2020-07-16 18:00:00,0.0,0.0,0.0,0.0,0.0,0.0,0.0
318_CC_1,THERMAL,2020-07-16 18:00:00,0.0,0.0,0.0,0.0,0.0,0.0,0.0
321_CC_1,THERMAL,2020-07-16 18:00:00,0.0,0.0,0.0,0.0,0.0,0.0,0.0
322_CT_5,THERMAL,2020-07-16 18:00:00,0.0,0.0,0.0,0.0,0.0,0.0,0.0
322_CT_6,THERMAL,2020-07-16 18:00:00,0.0,0.0,0.0,0.0,0.0,0.0,0.0
323_CC_1,THERMAL,2020-07-16 18:00:00,0.0,0.0,0.0,0.0,0.0,0.0,0.0
323_CC_2,THERMAL,2020-07-16 18:00:00,0.0,0.0,0.0,0.0,0.0,0.0,0.0
101_CT_1,THERMAL,2020-07-16 20:00:00,0.0,0.0,0.0,0.0,0.0,0.0,0.0
101_CT_2,THERMAL,2020-07-16 20:00:00,0.0,0.0,0.0,0.0,0.0,0.0,0.0
101_STEAM_3,THERMAL,2020-07-16 20:00:00,0.0,0.0,0.0,0.0,0.0,0.0,0.0
101_STEAM_4,THERMAL,2020-07-16 20:00:00,0.0,0.0,0.0,0.0,0.0,0.0,0.0
102_CT_1,THERMAL,2020-07-16 20:00:00,0.0,0.0,0.0,0.0,0.0,0.0,0.0
102_CT_2,THERMAL,2020-07-16 20:00:00,0.0,0.0,0.0,0.0,0.0,0.0,0.0
102_STEAM_3,THERMAL,2020-07-16 20:00:00,0.0,0.0,0.0,0.0,0.0,0.0,0.0
102_STEAM_4,THERMAL,2020-07-16 20:00:00,0.0,0.0,0.0,0.0,0.0,0.0,0.0
107_CC_1,THERMAL,2020-07-16 20:00:00,0.0,0.0,0.0,0.0,0.0,0.0,0.0
113_CT_1,THERMAL,2020-07-16 20:00:00,0.0,0.0,0.0,0.0,0.0,0.0,0.0
113_CT_2,THERMAL,2020-07-16 20:00:00,0.0,0.0,0.0,0.0,0.0,0.0,0.0
113_CT_3,THERMAL,2020-07-16 20:00:00,0.0,0.0,0.0,0.0,0.0,0.0,0.0
113_CT_4,THERMAL,2020-07-16 20:00:00,0.0,0.0,0.0,0.0,0.0,0.0,0.0
115_STEAM_1,THERMAL,2020-07-16 20:00:00,0.0,0.0,0.0,0.0,0.0,0.0,0.0
115_STEAM_2,THERMAL,2020-07-16 20:00:00,0.0,0.0,0.0,0.0,0.0,0.0,0.0
115_STEAM_3,THERMAL,2020-07-16 20:00:00,0.0,0.0,0.0,0.0,0.0,0.0,0.0
116_STEAM_1,THERMAL,2020-07-16 20:00:00,0.0,0.0,0.0,0.0,0.0,0.0,0.0
118_CC_1,THERMAL,2020-07-16 20:00:00,0.0,0.0,0.0,0.0,0.0,0.0,0.0
122_WIND_1,WIND,2020-07-16 20:00:00,0.0,0.0,0.0,0.0,0.0,0.0,0.0
123_CT_1,THERMAL,2020-07-16 20:00:00,0.0,0.0,0.0,0.0,0.0,0.0,0.0
123_CT_4,THERMAL,2020-07-16 20:00:00,0.0,0.0,0.0,0.0,0.0,0.0,0.0
123_CT_5,THERMAL,2020-07-16 20:00:00,0.0,0.0,0.0,0.0,0.0,0.0,0.0
123_STEAM_2,THERMAL,2020-07-16 20:00:00,0.0,0.0,0.0,0.0,0.0,0.0,0.0
123_STEAM_3,THERMAL,2020-07-16 20:00:00,0.0,0.0,0.0,0.0,0.0,0.0,0.0
201_CT_1,THERMAL,2020-07-16 20:00:00,0.0,0.0,0.0,0.0,0.0,0.0,0.0
201_CT_2,THERMAL,2020-07-16 20:00:00,0.0,0.0,0.0,0.0,0.0,0.0,0.0
201_STEAM_3,THERMAL,2020-07-16 20:00:00,0.0,0.0,0.0,0.0,0.0,0.0,0.0
202_CT_1,THERMAL,2020-07-16 20:00:00,0.0,0.0,0.0,0.0,0.0,0.0,0.0
202_CT_2,THERMAL,2020-07-16 20:00:00,0.0,0.0,0.0,0.0,0.0,0.0,0.0
202_STEAM_3,THERMAL,2020-07-16 20:00:00,0.0,0.0,0.0,0.0,0.0,0.0,0.0
202_STEAM_4,THERMAL,2020-07-16 20:00:00,0.0,0.0,0.0,0.0,0.0,0.0,0.0
207_CT_1,THERMAL,2020-07-16 20:00:00,0.0,0.0,0.0,0.0,0.0,0.0,0.0
207_CT_2,THERMAL,2020-07-16 20:00:00,0.0,0.0,0.0,0.0,0.0,0.0,0.0
212_CSP_1,THERMAL,2020-07-16 20:00:00,0.0,0.0,0.0,0.0,0.0,0.0,0.0
213_CC_3,THERMAL,2020-07-16 20:00:00,0.0,0.0,0.0,0.0,0.0,0.0,0.0
213_CT_1,THERMAL,2020-07-16 20:00:00,0.0,0.0,0.0,0.0,0.0,0.0,0.0
213_CT_2,THERMAL,2020-07-16 20:00:00,0.0,0.0,0.0,0.0,0.0,0.0,0.0
215_CT_4,THERMAL,2020-07-16 20:00:00,0.0,0.0,0.0,0.0,0.0,0.0,0.0
215_CT_5,THERMAL,2020-07-16 20:00:00,0.0,0.0,0.0,0.0,0.0,0.0,0.0
216_STEAM_1,THERMAL,2020-07-16 20:00:00,0.0,0.0,0.0,0.0,0.0,0.0,0.0
218_CC_1,THERMAL,2020-07-16 20:00:00,0.0,0.0,0.0,0.0,0.0,0.0,0.0
221_CC_1,THERMAL,2020-07-16 20:00:00,0.0,0.0,0.0,0.0,0.0,0.0,0.0
223_CT_4,THERMAL,2020-07-16 20:00:00,0.0,0.0,0.0,0.0,0.0,0.0,0.0
223_CT_5,THERMAL,2020-07-16 20:00:00,0.0,0.0,0.0,0.0,0.0,0.0,0.0
223_CT_6,THERMAL,2020-07-16 20:00:00,0.0,0.0,0.0,0.0,0.0,0.0,0.0
223_STEAM_1,THERMAL,2020-07-16 20:00:00,0.0,0.0,0.0,0.0,0.0,0.0,0.0
223_STEAM_2,THERMAL,2020-07-16 20:00:00,0.0,0.0,0.0,0.0,0.0,0.0,0.0
223_STEAM_3,THERMAL,2020-07-16 20:00:00,0.0,0.0,0.0,0.0,0.0,0.0,0.0
301_CT_1,THERMAL,2020-07-16 20:00:00,0.0,0.0,0.0,0.0,0.0,0.0,0.0
301_CT_2,THERMAL,2020-07-16 20:00:00,0.0,0.0,0.0,0.0,0.0,0.0,0.0
301_CT_3,THERMAL,2020-07-16 20:00:00,0.0,0.0,0.0,0.0,0.0,0.0,0.0
301_CT_4,THERMAL,2020-07-16 20:00:00,0.0,0.0,0.0,0.0,0.0,0.0,0.0
302_CT_1,THERMAL,2020-07-16 20:00:00,0.0,0.0,0.0,0.0,0.0,0.0,0.0
302_CT_2,THERMAL,2020-07-16 20:00:00,0.0,0.0,0.0,0.0,0.0,0.0,0.0
302_CT_3,THERMAL,2020-07-16 20:00:00,0.0,0.0,0.0,0.0,0.0,0.0,0.0
302_CT_4,THERMAL,2020-07-16 20:00:00,0.0,0.0,0.0,0.0,0.0,0.0,0.0
303_WIND_1,WIND,2020-07-16 20:00:00,0.0,0.0,0.0,0.0,0.0,0.0,0.0
307_CT_1,THERMAL,2020-07-16 20:00:00,0.0,0.0,0.0,0.0,0.0,0.0,0.0
307_CT_2,THERMAL,2020-07-16 20:00:00,0.0,0.0,0.0,0.0,0.0,0.0,0.0
309_WIND_1,WIND,2020-07-16 20:00:00,0.0,0.0,0.0,0.0,0.0,0.0,0.0
313_CC_1,THERMAL,2020-07-16 20:00:00,0.0,0.0,0.0,0.0,0.0,0.0,0.0
315_CT_6,THERMAL,2020-07-16 20:00:00,0.0,0.0,0.0,0.0,0.0,0.0,0.0
315_CT_7,THERMAL,2020-07-16 20:00:00,0.0,0.0,0.0,0.0,0.0,0.0,0.0
315_CT_8,THERMAL,2020-07-16 20:00:00,0.0,0.0,0.0,0.0,0.0,0.0,0.0
315_STEAM_1,THERMAL,2020-07-16 20:00:00,0.0,0.0,0.0,0.0,0.0,0.0,0.0
315_STEAM_2,THERMAL,2020-07-16 20:00:00,0.0,0.0,0.0,0.0,0.0,0.0,0.0
315_STEAM_3,THERMAL,2020-07-16 20:00:00,0.0,0.0,0.0,0.0,0.0,0.0,0.0
315_STEAM_4,THERMAL,2020-07-16 20:00:00,0.0,0.0,0.0,0.0,0.0,0.0,0.0
315_STEAM_5,THERMAL,2020-07-16 20:00:00,0.0,0.0,0.0,0.0,0.0,0.0,0.0
316_STEAM_1,THERMAL,2020-07-16 20:00:00,0.0,0.0,0.0,0.0,0.0,0.0,0.0
317_WIND_1,WIND,2020-07-16 20:00:00,0.0,0.0,0.0,0.0,0.0,0.0,0.0
318_CC_1,THERMAL,2020-07-16 20:00:00,0.0,0.0,0.0,0.0,0.0,0.0,0.0
321_CC_1,THERMAL,2020-07-16 20:00:00,0.0,0.0,0.0,0.0,0.0,0.0,0.0
322_CT_5,THERMAL,2020-07-16 20:00:00,0.0,0.0,0.0,0.0,0.0,0.0,0.0
322_CT_6,THERMAL,2020-07-16 20:00:00,0.0,0.0,0.0,0.0,0.0,0.0,0.0
323_CC_1,THERMAL,2020-07-16 20:00:00,0.0,0.0,0.0,0.0,0.0,0.0,0.0
323_CC_2,THERMAL,2020-07-16 20:00:00,0.0,0.0,0.0,0.0,0.0,0.0,0.0
101_CT_1,THERMAL,2020-07-16 22:00:00,0.0,0.0,0.0,0.0,0.0,0.0,0.0
101_CT_2,THERMAL,2020-07-16 22:00:00,0.0,0.0,0.0,0.0,0.0,0.0,0.0
101_STEAM_3,THERMAL,2020-07-16 22:00:00,0.0,0.0,0.0,0.0,0.0,0.0,0.0
101_STEAM_4,THERMAL,2020-07-16 22:00:00,0.0,0.0,0.0,0.0,0.0,0.0,0.0
102_CT_1,THERMAL,2020-07-16 22:00:00,0.0,0.0,0.0,0.0,0.0,0.0,0.0
102_CT_2,THERMAL,2020-07-16 22:00:00,0.0,0.0,0.0,0.0,0.0,0.0,0.0
102_STEAM_3,THERMAL,2020-07-16 22:00:00,0.0,0.0,0.0,0.0,0.0,0.0,0.0
102_STEAM_4,THERMAL,2020-07-16 22:00:00,0.0,0.0,0.0,0.0,0.0,0.0,0.0
107_CC_1,THERMAL,2020-07-16 22:00:00,0.0,0.0,0.0,0.0,0.0,0.0,0.0
113_CT_1,THERMAL,2020-07-16 22:00:00,0.0,0.0,0.0,0.0,0.0,0.0,0.0
113_CT_2,THERMAL,2020-07-16 22:00:00,0.0,0.0,0.0,0.0,0.0,0.0,0.0
113_CT_3,THERMAL,2020-07-16 22:00:00,0.0,0.0,0.0,0.0,0.0,0.0,0.0
113_CT_4,THERMAL,2020-07-16 22:00:00,0.0,0.0,0.0,0.0,0.0,0.0,0.0
115_STEAM_1,THERMAL,2020-07-16 22:00:00,0.0,0.0,0.0,0.0,0.0,0.0,0.0
115_STEAM_2,THERMAL,2020-07-16 22:00:00,0.0,0.0,0.0,0.0,0.0,0.0,0.0
115_STEAM_3,THERMAL,2020-07-16 22:00:00,0.0,0.0,0.0,0.0,0.0,0.0,0.0
116_STEAM_1,THERMAL,2020-07-16 22:00:00,0.0,0.0,0.0,0.0,0.0,0.0,0.0
118_CC_1,THERMAL,2020-07-16 22:00:00,0.0,0.0,0.0,0.0,0.0,0.0,0.0
122_WIND_1,WIND,2020-07-16 22:00:00,0.0,0.0,0.0,0.0,0.0,0.0,0.0
123_CT_1,THERMAL,2020-07-16 22:00:00,0.0,0.0,0.0,0.0,0.0,0.0,0.0
123_CT_4,THERMAL,2020-07-16 22:00:00,0.0,0.0,0.0,0.0,0.0,0.0,0.0
123_CT_5,THERMAL,2020-07-16 22:00:00,0.0,0.0,0.0,0.0,0.0,0.0,0.0
123_STEAM_2,THERMAL,2020-07-16 22:00:00,0.0,0.0,0.0,0.0,0.0,0.0,0.0
123_STEAM_3,THERMAL,2020-07-16 22:00:00,0.0,0.0,0.0,0.0,0.0,0.0,0.0
201_CT_1,THERMAL,2020-07-16 22:00:00,0.0,0.0,0.0,0.0,0.0,0.0,0.0
201_CT_2,THERMAL,2020-07-16 22:00:00,0.0,0.0,0.0,0.0,0.0,0.0,0.0
201_STEAM_3,THERMAL,2020-07-16 22:00:00,0.0,0.0,0.0,0.0,0.0,0.0,0.0
202_CT_1,THERMAL,2020-07-16 22:00:00,0.0,0.0,0.0,0.0,0.0,0.0,0.0
202_CT_2,THERMAL,2020-07-16 22:00:00,0.0,0.0,0.0,0.0,0.0,0.0,0.0
202_STEAM_3,THERMAL,2020-07-16 22:00:00,0.0,0.0,0.0,0.0,0.0,0.0,0.0
202_STEAM_4,THERMAL,2020-07-16 22:00:00,0.0,0.0,0.0,0.0,0.0,0.0,0.0
207_CT_1,THERMAL,2020-07-16 22:00:00,0.0,0.0,0.0,0.0,0.0,0.0,0.0
207_CT_2,THERMAL,2020-07-16 22:00:00,0.0,0.0,0.0,0.0,0.0,0.0,0.0
212_CSP_1,THERMAL,2020-07-16 22:00:00,0.0,0.0,0.0,0.0,0.0,0.0,0.0
213_CC_3,THERMAL,2020-07-16 22:00:00,0.0,0.0,0.0,0.0,0.0,0.0,0.0
213_CT_1,THERMAL,2020-07-16 22:00:00,0.0,0.0,0.0,0.0,0.0,0.0,0.0
213_CT_2,THERMAL,2020-07-16 22:00:00,0.0,0.0,0.0,0.0,0.0,0.0,0.0
215_CT_4,THERMAL,2020-07-16 22:00:00,0.0,0.0,0.0,0.0,0.0,0.0,0.0
215_CT_5,THERMAL,2020-07-16 22:00:00,0.0,0.0,0.0,0.0,0.0,0.0,0.0
216_STEAM_1,THERMAL,2020-07-16 22:00:00,0.0,0.0,0.0,0.0,0.0,0.0,0.0
218_CC_1,THERMAL,2020-07-16 22:00:00,0.0,0.0,0.0,0.0,0.0,0.0,0.0
221_CC_1,THERMAL,2020-07-16 22:00:00,0.0,0.0,0.0,0.0,0.0,0.0,0.0
223_CT_4,THERMAL,2020-07-16 22:00:00,0.0,0.0,0.0,0.0,0.0,0.0,0.0
223_CT_5,THERMAL,2020-07-16 22:00:00,0.0,0.0,0.0,0.0,0.0,0.0,0.0
223_CT_6,THERMAL,2020-07-16 22:00:00,0.0,0.0,0.0,0.0,0.0,0.0,0.0
223_STEAM_1,THERMAL,2020-07-16 22:00:00,0.0,0.0,0.0,0.0,0.0,0.0,0.0
223_STEAM_2,THERMAL,2020-07-16 22:00:00,0.0,0.0,0.0,0.0,0.0,0.0,0.0
223_STEAM_3,THERMAL,2020-07-16 22:00:00,0.0,0.0,0.0,0.0,0.0,0.0,0.0
301_CT_1,THERMAL,2020-07-16 22:00:00,0.0,0.0,0.0,0.0,0.0,0.0,0.0
301_CT_2,THERMAL,2020-07-16 22:00:00,0.0,0.0,0.0,0.0,0.0,0.0,0.0
301_CT_3,THERMAL,2020-07-16 22:00:00,0.0,0.0,0.0,0.0,0.0,0.0,0.0
301_CT_4,THERMAL,2020-07-16 22:00:00,0.0,0.0,0.0,0.0,0.0,0.0,0.0
302_CT_1,THERMAL,2020-07-16 22:00:00,0.0,0.0,0.0,0.0,0.0,0.0,0.0
302_CT_2,THERMAL,2020-07-16 22:00:00,0.0,0.0,0.0,0.0,0.0,0.0,0.0
302_CT_3,THERMAL,2020-07-16 22:00:00,0.0,0.0,0.0,0.0,0.0,0.0,0.0
302_CT_4,THERMAL,2020-07-16 22:00:00,0.0,0.0,0.0,0.0,0.0,0.0,0.0
303_WIND_1,WIND,2020-07-16 22:00:00,0.0,0.0,0.0,0.0,0.0,0.0,0.0
307_CT_1,THERMAL,2020-07-16 22:00:00,0.0,0.0,0.0,0.0,0.0,0.0,0.0
307_CT_2,THERMAL,2020-07-16 22:00:00,0.0,0.0,0.0,0.0,0.0,0.0,0.0
309_WIND_1,WIND,2020-07-16 22:00:00,0.0,0.0,0.0,0.0,0.0,0.0,0.0
313_CC_1,THERMAL,2020-07-16 22:00:00,0.0,0.0,0.0,0.0,0.0,0.0,0.0
315_CT_6,THERMAL,2020-07-16 22:00:00,0.0,0.0,0.0,0.0,0.0,0.0,0.0
315_CT_7,THERMAL,2020-07-16 22:00:00,0.0,0.0,0.0,0.0,0.0,0.0,0.0
315_CT_8,THERMAL,2020-07-16 22:00:00,0.0,0.0,0.0,0.0,0.0,0.0,0.0
315_STEAM_1,THERMAL,2020-07-16 22:00:00,0.0,0.0,0.0,0.0,0.0,0.0,0.0
315_STEAM_2,THERMAL,2020-07-16 22:00:00,0.0,0.0,0.0,0.0,0.0,0.0,0.0
315_STEAM_3,THERMAL,2020-07-16 22:00:00,0.0,0.0,0.0,0.0,0.0,0.0,0.0
315_STEAM_4,THERMAL,2020-07-16 22:00:00,0.0,0.0,0.0,0.0,0.0,0.0,0.0
315_STEAM_5,THERMAL,2020-07-16 22:00:00,0.0,0.0,0.0,0.0,0.0,0.0,0.0
316_STEAM_1,THERMAL,2020-07-16 22:00:00,0.0,0.0,0.0,0.0,0.0,0.0,0.0
317_WIND_1,WIND,2020-07-16 22:00:00,0.0,0.0,0.0,0.0,0.0,0.0,0.0
318_CC_1,THERMAL,2020-07-16 22:00:00,0.0,0.0,0.0,0.0,0.0,0.0,0.0
321_CC_1,THERMAL,2020-07-16 22:00:00,0.0,0.0,0.0,0.0,0.0,0.0,0.0
322_CT_5,THERMAL,2020-07-16 22:00:00,0.0,0.0,0.0,0.0,0.0,0.0,0.0
322_CT_6,THERMAL,2020-07-16 22:00:00,0.0,0.0,0.0,0.0,0.0,0.0,0.0
323_CC_1,THERMAL,2020-07-16 22:00:00,0.0,0.0,0.0,0.0,0.0,0.0,0.0
323_CC_2,THERMAL,2020-07-16 22:00:00,0.0,0.0,0.0,0.0,0.0,0.0,0.0
