time,2020-07-15 00:00:00,2020-07-15 00:00:00,2020-07-15 00:00:00,2020-07-15 00:00:00,2020-07-15 01:00:00,2020-07-15 01:00:00,2020-07-15 01:00:00,2020-07-15 01:00:00,2020-07-15 02:00:00,2020-07-15 02:00:00,2020-07-15 02:00:00,2020-07-15 02:00:00,2020-07-15 03:00:00,2020-07-15 03:00:00,2020-07-15 03:00:00,2020-07-15 03:00:00,2020-07-15 04:00:00,2020-07-15 04:00:00,2020-07-15 04:00:00,2020-07-15 04:00:00,2020-07-15 05:00:00,2020-07-15 05:00:00,2020-07-15 05:00:00,2020-07-15 05:00:00,2020-07-15 06:00:00,2020-07-15 06:00:00,2020-07-15 06:00:00,2020-07-15 06:00:00,2020-07-15 07:00:00,2020-07-15 07:00:00,2020-07-15 07:00:00,2020-07-15 07:00:00,2020-07-15 08:00:00,2020-07-15 08:00:00,2020-07-15 08:00:00,2020-07-15 08:00:00,2020-07-15 09:00:00,2020-07-15 09:00:00,2020-07-15 09:00:00,2020-07-15 09:00:00,2020-07-15 10:00:00,2020-07-15 10:00:00,2020-07-15 10:00:00,2020-07-15 10:00:00,2020-07-15 11:00:00,2020-07-15 11:00:00,2020-07-15 11:00:00,2020-07-15 11:00:00,2020-07-15 12:00:00,2020-07-15 12:00:00,2020-07-15 12:00:00,2020-07-15 12:00:00,2020-07-15 13:00:00,2020-07-15 13:00:00,2020-07-15 13:00:00,2020-07-15 13:00:00,2020-07-15 14:00:00,2020-07-15 14:00:00,2020-07-15 14:00:00,2020-07-15 14:00:00,2020-07-15 15:00:00,2020-07-15 15:00:00,2020-07-15 15:00:00,2020-07-15 15:00:00,2020-07-15 16:00:00,2020-07-15 16:00:00,2020-07-15 16:00:00,2020-07-15 16:00:00,2020-07-15 17:00:00,2020-07-15 17:00:00,2020-07-15 17:00:00,2020-07-15 17:00:00,2020-07-15 18:00:00,2020-07-15 18:00:00,2020-07-15 18:00:00,2020-07-15 18:00:00,2020-07-15 19:00:00,2020-07-15 19:00:00,2020-07-15 19:00:00,2020-07-15 19:00:00,2020-07-15 20:00:00,2020-07-15 20:00:00,2020-07-15 20:00:00,2020-07-15 20:00:00,2020-07-15 21:00:00,2020-07-15 21:00:00,2020-07-15 21:00:00,2020-07-15 21:00:00,2020-07-15 22:00:00,2020-07-15 22:00:00,2020-07-15 22:00:00,2020-07-15 22:00:00,2020-07-15 23:00:00,2020-07-15 23:00:00,2020-07-15 23:00:00,2020-07-15 23:00:00,2020-07-16 00:00:00,2020-07-16 00:00:00,2020-07-16 00:00:00,2020-07-16 00:00:00,2020-07-16 02:00:00,2020-07-16 02:00:00,2020-07-16 02:00:00,2020-07-16 02:00:00,2020-07-16 04:00:00,2020-07-16 04:00:00,2020-07-16 04:00:00,2020-07-16 04:00:00,2020-07-16 06:00:00,2020-07-16 06:00:00,2020-07-16 06:00:00,2020-07-16 06:00:00,2020-07-16 08:00:00,2020-07-16 08:00:00,2020-07-16 08:00:00,2020-07-16 08:00:00,2020-07-16 10:00:00,2020-07-16 10:00:00,2020-07-16 10:00:00,2020-07-16 10:00:00,2020-07-16 12:00:00,2020-07-16 12:00:00,2020-07-16 12:00:00,2020-07-16 12:00:00,2020-07-16 14:00:00,2020-07-16 14:00:00,2020-07-16 14:00:00,2020-07-16 14:00:00,2020-07-16 16:00:00,2020-07-16 16:00:00,2020-07-16 16:00:00,2020-07-16 16:00:00,2020-07-16 18:00:00,2020-07-16 18:00:00,2020-07-16 18:00:00,2020-07-16 18:00:00,2020-07-16 20:00:00,2020-07-16 20:00:00,2020-07-16 20:00:00,2020-07-16 20:00:00,2020-07-16 22:00:00,2020-07-16 22:00:00,2020-07-16 22:00:00,2020-07-16 22:00:00
k,0,1,2,3,0,1,2,3,0,1,2,3,0,1,2,3,0,1,2,3,0,1,2,3,0,1,2,3,0,1,2,3,0,1,2,3,0,1,2,3,0,1,2,3,0,1,2,3,0,1,2,3,0,1,2,3,0,1,2,3,0,1,2,3,0,1,2,3,0,1,2,3,0,1,2,3,0,1,2,3,0,1,2,3,0,1,2,3,0,1,2,3,0,1,2,3,0,1,2,3,0,1,2,3,0,1,2,3,0,1,2,3,0,1,2,3,0,1,2,3,0,1,2,3,0,1,2,3,0,1,2,3,0,1,2,3,0,1,2,3,0,1,2,3
101_CT_1,0.0,0.0,0.0,0.0,0.0,0.0,0.0,0.0,0.0,0.0,0.0,0.0,0.0,0.0,0.0,0.0,0.0,0.0,0.0,0.0,0.0,0.0,0.0,0.0,0.0,0.0,0.0,0.0,0.0,0.0,0.0,0.0,0.0,0.0,0.0,0.0,0.0,0.0,0.0,0.0,0.0,0.0,0.0,0.0,0.0,0.0,0.0,0.0,0.0,0.0,0.0,0.0,0.0,0.0,0.0,0.0,0.0,0.0,0.0,0.0,0.0,0.0,0.0,0.0,0.0,0.0,0.0,0.0,0.0,0.0,0.0,0.0,0.0,0.0,0.0,0.0,0.0,0.0,0.0,0.0,0.0,0.0,0.0,0.0,0.0,0.0,0.0,0.0,0.0,0.0,0.0,0.0,0.0,0.0,0.0,0.0,0.0,0.0,0.0,0.0,0.0,0.0,0.0,0.0,0.0,0.0,0.0,0.0,0.0,0.0,0.0,0.0,0.0,0.0,0.0,0.0,0.0,0.0,0.0,0.0,0.0,0.0,0.0,0.0,0.0,0.0,0.0,0.0,0.0,0.0,0.0,0.0,0.0,0.0,0.0,0.0,0.0,0.0,0.0,0.0,0.0,0.0,0.0,0.0
101_CT_2,0.0,0.0,0.0,0.0,0.0,0.0,0.0,0.0,0.0,0.0,0.0,0.0,0.0,0.0,0.0,0.0,0.0,0.0,0.0,0.0,0.0,0.0,0.0,0.0,0.0,0.0,0.0,0.0,0.0,0.0,0.0,0.0,0.0,0.0,0.0,0.0,0.0,0.0,0.0,0.0,0.0,0.0,0.0,0.0,0.0,0.0,0.0,0.0,0.0,0.0,0.0,0.0,0.0,0.0,0.0,0.0,0.0,0.0,0.0,0.0,0.0,0.0,0.0,0.0,0.0,0.0,0.0,0.0,0.0,0.0,0.0,0.0,0.0,0.0,0.0,0.0,0.0,0.0,0.0,0.0,0.0,0.0,0.0,0.0,0.0,0.0,0.0,0.0,0.0,0.0,0.0,0.0,0.0,0.0,0.0,0.0,0.0,0.0,0.0,0.0,0.0,0.0,0.0,0.0,0.0,0.0,0.0,0.0,0.0,0.0,0.0,0.0,0.0,0.0,0.0,0.0,0.0,0.0,0.0,0.0,0.0,0.0,0.0,0.0,0.0,0.0,0.0,0.0,0.0,0.0,0.0,0.0,0.0,0.0,0.0,0.0,0.0,0.0,0.0,0.0,0.0,0.0,0.0,0.0
101_STEAM_3,0.0004897352352150317,5.044383447110274e-09,0.0007434320117136895,0.0004359007310038485,0.00010372388188051068,4.3873949333067715e-10,0.0001574304531643245,9.231550705106653e-05,2.206948323427525e-05,0.0,3.351191862207802e-05,1.9642793516995343e-05,3.51620158430392e-05,5.017226414939812e-10,5.337679635593112e-05,3.128413263497664e-05,0.00020874265619977425,-3.769620855323733e-08,0.00031700751971807577,0.0001859235340594313,-0.0011067635146824444,-0.000755829589205118,-0.0009081515808366454,-0.0007237679048820074,-0.0004830377809447728,-0.0003600505578565949,-0.0003693500983392717,-0.0003369417067599301,-0.0018005495215146021,-0.0016810467754052026,-0.0018278470389623456,-0.001718757618135761,-0.0014806299212728308,-0.0013279268965949386,-0.0013369271836791525,-0.0012976096789316825,-0.0007246353455997122,-0.0005773958682014266,-0.0005855719562180478,-0.0005455357757158541,-0.000782988996191018,-0.0006840923845601993,-0.0006899440084761413,-0.0006631255412613785,-0.0006309823645028075,-0.0005479995371395223,-0.0005311440465779675,-0.0005176927453973855,-0.0012339973112559161,-0.0011021490221183794,-0.0011133689248485593,-0.0010776945563555538,-0.0002091243755535759,-0.00011833860384438677,-0.0001297398846523496,-0.00010304393085052334,-0.0007334526957066436,-0.0006325654050087372,-0.0006410155667604604,-0.0006136936968252049,-0.0004882984581140586,-0.00039155379288611624,-0.0003986712471856623,-0.0003732220797917892,-0.00044800619979338955,-0.00034223668918956175,-0.0003500645812822194,-0.0003229433054486221,-0.00045452765356236865,-0.00035127942905455645,-0.00035593895879576124,-0.0003309087911181322,-0.0005306826022363803,-0.0004290106888295252,-0.0004360613686305522,-0.00041178418708358826,-0.0005134177718552606,-0.00040896269698126694,-0.00041417885543451973,-0.00038985599721369886,-0.0004559701536712414,-0.0002871188447463125,-0.00029900830025130794,-0.00025445325144352634,-0.0005525805188242711,-0.0004039538625325668,-0.0004134346024415697,-0.00037400116963993746,-0.0005479704657451841,-0.0003771241227560892,-0.00038515753838593556,-0.0003429168897505649,-0.0003236479085177283,-0.00018339131939442137,-0.00018912692749258552,-0.00014984407795718004,0.0,0.0,0.0,0.0,0.0,0.0,0.0,0.0,0.0,0.0,0.0,0.0,0.0,0.0,0.0,0.0,0.0,0.0,0.0,0.0,0.0,0.0,0.0,0.0,0.0,0.0,0.0,0.0,0.0,0.0,0.0,0.0,0.0,0.0,0.0,0.0,0.0,0.0,0.0,0.0,0.0,0.0,0.0,0.0,0.0,0.0,0.0,0.0
101_STEAM_4,0.002646517870286387,1.924333101150982e-09,0.004018667177063435,0.002357273978563102,0.0006573139119777662,2.8524777498535863e-09,0.0009976740193820843,0.0005848232306934941,7.524063995903076e-05,0.0,0.00011425022215608461,6.696861196479042e-05,0.00010962764437606868,9.226520322701249e-10,0.00016643258771913366,9.754809866382697e-05,0.0005269354191977647,-1.0175357744309995e-07,0.0008002930962915997,0.0004694556652505144,-0.0009306937511042463,-0.0009072972587749718,-0.0007837498870855512,-0.0008693211714358337,-0.0010001931759763827,-0.0007498558833870517,-0.000767137975483001,-0.0007012671519462162,-0.0026693533120554975,-0.002416099942965323,-0.0022958034677513597,-0.0023067740088446886,-0.0026023465073339185,-0.002382320078617972,-0.0023999834378506573,-0.002341138892004438,-0.0011628523462658181,-0.000937283181911506,-0.0009557700724714485,-0.0008975758682909668,-0.0011418354893909927,-0.0009949374506746805,-0.0010066616313039942,-0.0009687373944058821,-0.001219886904647469,-0.0010571349112086777,-0.0010915507748846327,-0.0010403047879558945,-0.0021161047470514365,-0.0020026047987899776,-0.002008934979220975,-0.0019799947364540346,-0.00039283135331287864,-0.0002496264260358483,-0.00025503136189399526,-0.0002198167087999001,-0.0008733068239499651,-0.0007288000997511943,-0.0007379030870448896,-0.0007005958970405853,-0.000633422610631776,-0.00048477611659865805,-0.0004952173501179425,-0.0004560369139455334,-0.000664622813805528,-0.0005249486518832119,-0.0005346970992731266,-0.0004971498909731987,-0.0006025855026422623,-0.0004602910476921388,-0.00047319546160995814,-0.0004335461904897895,-0.0005946079717312164,-0.0004507020260775297,-0.000461235989267789,-0.000420786644596531,-0.0005621188222354485,-0.00042090151507177446,-0.00043332756517569146,-0.00039285393489874406,-0.000538261388805709,-0.00033413358085350946,-0.0003489172343776379,-0.0002952499741304419,-0.0008687713497730215,-0.0006444395704527144,-0.0006616371898752921,-0.0006028424357197533,-0.0006363793399306821,-0.00043402527619984565,-0.0004527147069921329,-0.0003966817557366335,-0.0005539521595706184,-0.0003207777273414703,-0.0003416957873207205,-0.0002826511941369907,0.0,0.0,0.0,0.0,0.0,0.0,0.0,0.0,0.0,0.0,0.0,0.0,0.0,0.0,0.0,0.0,0.0,0.0,0.0,0.0,0.0,0.0,0.0,0.0,0.0,0.0,0.0,0.0,0.0,0.0,0.0,0.0,0.0,0.0,0.0,0.0,0.0,0.0,0.0,0.0,0.0,0.0,0.0,0.0,0.0,0.0,0.0,0.0
102_CT_1,0.0,0.0,0.0,0.0,0.0,0.0,0.0,0.0,0.0,0.0,0.0,0.0,0.0,0.0,0.0,0.0,0.0,0.0,0.0,0.0,0.0,0.0,0.0,0.0,0.0,0.0,0.0,0.0,0.0,0.0,0.0,0.0,0.0,0.0,0.0,0.0,0.0,0.0,0.0,0.0,0.0,0.0,0.0,0.0,0.0,0.0,0.0,0.0,0.0,0.0,0.0,0.0,0.0,0.0,0.0,0.0,0.0,0.0,0.0,0.0,0.0,0.0,0.0,0.0,0.0,0.0,0.0,0.0,0.0,0.0,0.0,0.0,0.0,0.0,0.0,0.0,0.0,0.0,0.0,0.0,0.0,0.0,0.0,0.0,0.0,0.0,0.0,0.0,0.0,0.0,0.0,0.0,0.0,0.0,0.0,0.0,0.0,0.0,0.0,0.0,0.0,0.0,0.0,0.0,0.0,0.0,0.0,0.0,0.0,0.0,0.0,0.0,0.0,0.0,0.0,0.0,0.0,0.0,0.0,0.0,0.0,0.0,0.0,0.0,0.0,0.0,0.0,0.0,0.0,0.0,0.0,0.0,0.0,0.0,0.0,0.0,0.0,0.0,0.0,0.0,0.0,0.0,0.0,0.0
102_CT_2,0.0,0.0,0.0,0.0,0.0,0.0,0.0,0.0,0.0,0.0,0.0,0.0,0.0,0.0,0.0,0.0,0.0,0.0,0.0,0.0,0.0,0.0,0.0,0.0,0.0,0.0,0.0,0.0,0.0,0.0,0.0,0.0,0.0,0.0,0.0,0.0,0.0,0.0,0.0,0.0,0.0,0.0,0.0,0.0,0.0,0.0,0.0,0.0,0.0,0.0,0.0,0.0,0.0,0.0,0.0,0.0,0.0,0.0,0.0,0.0,0.0,0.0,0.0,0.0,0.0,0.0,0.0,0.0,0.0,0.0,0.0,0.0,0.0,0.0,0.0,0.0,0.0,0.0,0.0,0.0,0.0,0.0,0.0,0.0,0.0,0.0,0.0,0.0,0.0,0.0,0.0,0.0,0.0,0.0,0.0,0.0,0.0,0.0,0.0,0.0,0.0,0.0,0.0,0.0,0.0,0.0,0.0,0.0,0.0,0.0,0.0,0.0,0.0,0.0,0.0,0.0,0.0,0.0,0.0,0.0,0.0,0.0,0.0,0.0,0.0,0.0,0.0,0.0,0.0,0.0,0.0,0.0,0.0,0.0,0.0,0.0,0.0,0.0,0.0,0.0,0.0,0.0,0.0,0.0
102_STEAM_3,-0.0401399187738547,-1.6963906954714503e-06,-0.0609172493893233,-0.035701359235527065,-0.032951798780363445,-4.1109726421906245e-06,-0.049970904978586805,-0.029262429492864978,-0.012440977218305005,-9.862795524728796e-08,0.0028611895919581354,0.005192153958064061,-0.017489191918771185,-2.1256022969540211e-07,-0.004803518838790266,0.0006995274548242648,-0.02204372362394995,-6.696403985873012e-06,-0.033458984524988966,-0.019615320798680374,-0.03471595168378129,-0.03477450482179277,-0.03468560680996592,-0.03470584308082108,-0.014213586606590833,-0.014215174975378497,-0.014215091192486762,-0.014215455689874744,-0.011003752956549123,-0.011005317709803397,-0.011005225485290593,-0.011005670606554618,-0.012436767715357122,-0.012438843385772336,-0.012438696924042647,-0.012439239072020108,-0.008270401637502589,-0.008271773233384017,-0.00827168529587552,-0.008272053142841367,-0.009999951805391677,-0.010000936625308987,-0.010000883060843346,-0.010001139967117727,-0.009417674657662217,-0.009418663886896828,-0.009418570985543884,-0.009418851406799437,-0.008793604941396943,-0.008794536775646788,-0.008794466538499135,-0.008794727509110378,-8.215828264934721e-08,-8.087549563384755e-08,-8.095721848455639e-08,-8.065331616583637e-08,-0.013233328067855155,-0.013234791075786734,-0.01323468511080228,-0.013235072309002196,-0.009399430304983053,-0.009401323860378147,-0.009401188570060781,-0.009401686886691744,-0.009102223516774505,-0.009103393796324882,-0.009103324931800105,-0.00910364884829376,-0.009256645700875699,-0.009257841510595943,-0.009257665468127674,-0.00925800447929859,-0.009482946241138879,-0.009483964985566168,-0.009483906328729308,-0.009484153630751998,-0.008787353674691079,-0.008788220248887896,-0.008788167746642261,-0.008788391740192787,-0.003930924550161696,-0.003931527822541733,-0.003931498829232771,-0.003931642295157509,-0.005993031706158114,-0.0059939210216918976,-0.005993862661959892,-0.005994105385132565,-0.009576537878258979,-0.009577858171651216,-0.009577814788084615,-0.009578139906656959,-0.009277003688939134,-0.009278033678020992,-0.00927814698386964,-0.009278295418105017,0.0,0.0,0.0,0.0,0.0,0.0,0.0,0.0,0.0,0.0,0.0,0.0,0.0,0.0,0.0,0.0,0.0,0.0,0.0,0.0,0.0,0.0,0.0,0.0,0.0,0.0,0.0,0.0,0.0,0.0,0.0,0.0,0.0,0.0,0.0,0.0,0.0,0.0,0.0,0.0,0.0,0.0,0.0,0.0,0.0,0.0,0.0,0.0
102_STEAM_4,-0.04013991876851286,-1.6963906952494057e-06,-0.060917249381216676,-0.035701359230813835,-0.032951798780363445,-4.1109726421906245e-06,-0.049970904978586805,-0.029262429492864978,-0.012440977218305005,-9.862795524728796e-08,0.0028611895919581354,0.005192153958064061,-0.017489191931569004,-2.1256582699580306e-07,-0.004803518765260861,0.000699527454005711,-0.022043728483585823,-6.696405059902766e-06,-0.033458991899739554,-0.019615325118176243,-0.03549534701144773,-0.0355481007742013,-0.03547039656026295,-0.035492804382059304,-0.014213586606590833,-0.014215174975378497,-0.014215091192486762,-0.014215455689874744,-0.011003761632701503,-0.011005326387204695,-0.011005234162644317,-0.011005679284135862,-0.012436767715357122,-0.012438843385772336,-0.012438696924042647,-0.012439239072020108,-0.008270401637502589,-0.008271773233384017,-0.00827168529587552,-0.008272053142841367,-0.009999951805391677,-0.010000936625308987,-0.010000883060843346,-0.010001139967117727,-0.009417674657662217,-0.009418663886896828,-0.009418570985543884,-0.009418851406799437,-0.008793605006275879,-0.008794536840532774,-0.008794466603384343,-0.008794727573994606,-8.215828264934721e-08,-8.087549563384755e-08,-8.095721848455639e-08,-8.065331616674226e-08,-0.011522308614099225,-0.011523582654747289,-0.011523490760509958,-0.011523827429088097,-0.008080050249576587,-0.008081678451265617,-0.008081561813427895,-0.008081990366813634,-0.00783921216279454,-0.007840227505488712,-0.007840167665058129,-0.007840448838668074,-0.00790068343067113,-0.007901688201515461,-0.007901558573113032,-0.007901828563646164,-0.00830264573786521,-0.00830353329004388,-0.008303483575619497,-0.008303700245667917,-0.007625938222365791,-0.007626691953636633,-0.007626644279218553,-0.007626844335166907,-0.003930924550161696,-0.003931527822541733,-0.003931498829232771,-0.003931642295157509,-0.005993031706158114,-0.0059939210216918976,-0.005993862661959892,-0.005994105385132565,-0.008584504502793352,-0.008585711520808115,-0.008585616961181763,-0.008585910117476989,-0.009277003688939134,-0.009278033678020992,-0.00927814698386964,-0.009278295418105017,0.0,0.0,0.0,0.0,0.0,0.0,0.0,0.0,0.0,0.0,0.0,0.0,0.0,0.0,0.0,0.0,0.0,0.0,0.0,0.0,0.0,0.0,0.0,0.0,0.0,0.0,0.0,0.0,0.0,0.0,0.0,0.0,0.0,0.0,0.0,0.0,0.0,0.0,0.0,0.0,0.0,0.0,0.0,0.0,0.0,0.0,0.0,0.0
107_CC_1,0.033946445773817224,6.741814935207202e-07,0.051518213034572824,0.030188787758427742,0.019290831640443873,3.5489323479964696e-07,0.029274844983630643,0.017155675869330957,0.01348079620046172,8.460329592452354e-08,0.020474722454411065,0.012001432784013139,0.01550722274423777,2.026340617522493e-07,0.02355245699904529,0.013805431737583205,0.022154567775344747,-3.811160720346152e-08,0.03362351508129047,0.01970530981151199,0.028817534610205198,0.028816298813662655,0.02882204482518702,0.028820800432327504,0.05980102928583797,0.05980684129596292,0.05980673117659485,0.059808227951419386,-0.08005759446829708,-0.0801174604194339,-0.08009123379312921,-0.08010510868155378,-0.059550772849241373,-0.05956081068328167,-0.0595599185388922,-0.059562605279626375,-0.04603395554310408,-0.04603937883065967,-0.0460386314162653,-0.04604011907735687,-0.07275435363078986,-0.07276369323152876,-0.0727631851346997,-0.07276550132289757,-0.06485233685896874,-0.06486607461944982,-0.06486484114893898,-0.06486783161544749,-0.08404329219551365,-0.08406284865798552,-0.0840603757778906,-0.08406498498326434,-0.2295965909490889,-0.2518566155440243,-0.2504208488891164,-0.255720792235745,-0.037328070563213744,-0.03733200210996257,-0.037331745628877755,-0.03733277142601394,-0.036450349883574096,-0.036457657707258395,-0.03645713437625231,-0.03645905884246712,-0.020657153291707364,-0.020659905971126435,-0.02065991537663736,-0.020660701194667192,-0.01970183128122882,-0.019702716282001487,-0.019702337817320892,-0.01970273896883363,-0.024355519349585464,-0.024357457453919706,-0.024357290799118303,-0.02435786937818505,-0.022229075763719797,-0.02223151949874136,-0.022231301447035,-0.022232038262008515,-0.018009361271736135,-0.01801205168031378,-0.01801176502106272,-0.018012538792556026,-0.025768602562243337,-0.025773070468729453,-0.025772427538008902,-0.025774174761669946,-0.02703254974035516,-0.027050844647565353,-0.02707565223331132,-0.027083945882261113,0.0379107862203405,0.03791404081443617,0.03791478114105429,0.03791576941639052,0.0,0.0,0.0,0.0,0.0,0.0,0.0,0.0,0.0,0.0,0.0,0.0,0.0,0.0,0.0,0.0,0.0,0.0,0.0,0.0,0.0,0.0,0.0,0.0,0.0,0.0,0.0,0.0,0.0,0.0,0.0,0.0,0.0,0.0,0.0,0.0,0.0,0.0,0.0,0.0,0.0,0.0,0.0,0.0,0.0,0.0,0.0,0.0
113_CT_1,0.0,0.0,0.0,0.0,0.0,0.0,0.0,0.0,0.0,0.0,0.0,0.0,0.0,0.0,0.0,0.0,0.0,0.0,0.0,0.0,0.0,0.0,0.0,0.0,0.0,0.0,0.0,0.0,0.0,0.0,0.0,0.0,0.0,0.0,0.0,0.0,0.0,0.0,0.0,0.0,0.0,0.0,0.0,0.0,0.0,0.0,0.0,0.0,0.0,0.0,0.0,0.0,0.0,0.0,0.0,0.0,-0.006551423134517245,-0.006552273012729204,-0.006552089979856013,-0.00655229740154127,-0.007743507393309079,-0.007745066568104814,-0.007744956403869345,-0.007745364074219463,0.0,0.0,0.0,0.0,0.0,0.0,0.0,0.0,0.0,0.0,0.0,0.0,0.0,0.0,0.0,0.0,0.0,0.0,0.0,0.0,0.0,0.0,0.0,0.0,0.0,0.0,0.0,0.0,0.0,0.0,0.0,0.0,0.0,0.0,0.0,0.0,0.0,0.0,0.0,0.0,0.0,0.0,0.0,0.0,0.0,0.0,0.0,0.0,0.0,0.0,0.0,0.0,0.0,0.0,0.0,0.0,0.0,0.0,0.0,0.0,0.0,0.0,0.0,0.0,0.0,0.0,0.0,0.0,0.0,0.0,0.0,0.0,0.0,0.0,0.0,0.0,0.0,0.0,0.0,0.0
113_CT_2,0.0,0.0,0.0,0.0,0.0,0.0,0.0,0.0,0.0,0.0,0.0,0.0,0.0,0.0,0.0,0.0,0.0,0.0,0.0,0.0,0.0,0.0,0.0,0.0,0.0,0.0,0.0,0.0,0.0,0.0,0.0,0.0,0.0,0.0,0.0,0.0,0.0,0.0,0.0,0.0,0.0,0.0,0.0,0.0,0.0,0.0,0.0,0.0,0.0,0.0,0.0,0.0,0.0,0.0,0.0,0.0,0.0,0.0,0.0,0.0,0.0,0.0,0.0,0.0,0.0,0.0,0.0,0.0,0.0,0.0,0.0,0.0,0.0,0.0,0.0,0.0,0.0,0.0,0.0,0.0,0.0,0.0,0.0,0.0,0.0,0.0,0.0,0.0,0.0,0.0,0.0,0.0,0.0,0.0,0.0,0.0,0.0,0.0,0.0,0.0,0.0,0.0,0.0,0.0,0.0,0.0,0.0,0.0,0.0,0.0,0.0,0.0,0.0,0.0,0.0,0.0,0.0,0.0,0.0,0.0,0.0,0.0,0.0,0.0,0.0,0.0,0.0,0.0,0.0,0.0,0.0,0.0,0.0,0.0,0.0,0.0,0.0,0.0,0.0,0.0,0.0,0.0,0.0,0.0
113_CT_3,0.0,0.0,0.0,0.0,0.0,0.0,0.0,0.0,0.0,0.0,0.0,0.0,0.0,0.0,0.0,0.0,0.0,0.0,0.0,0.0,0.0,0.0,0.0,0.0,0.0,0.0,0.0,0.0,0.0,0.0,0.0,0.0,0.0,0.0,0.0,0.0,0.0,0.0,0.0,0.0,0.0,0.0,0.0,0.0,0.0,0.0,0.0,0.0,0.0,0.0,0.0,0.0,0.0,0.0,0.0,0.0,0.0,0.0,0.0,0.0,0.0,0.0,0.0,0.0,0.0,0.0,0.0,0.0,0.0,0.0,0.0,0.0,0.0,0.0,0.0,0.0,0.0,0.0,0.0,0.0,0.0,0.0,0.0,0.0,0.0,0.0,0.0,0.0,0.0,0.0,0.0,0.0,0.0,0.0,0.0,0.0,0.0,0.0,0.0,0.0,0.0,0.0,0.0,0.0,0.0,0.0,0.0,0.0,0.0,0.0,0.0,0.0,0.0,0.0,0.0,0.0,0.0,0.0,0.0,0.0,0.0,0.0,0.0,0.0,0.0,0.0,0.0,0.0,0.0,0.0,0.0,0.0,0.0,0.0,0.0,0.0,0.0,0.0,0.0,0.0,0.0,0.0,0.0,0.0
113_CT_4,0.0,0.0,0.0,0.0,0.0,0.0,0.0,0.0,0.0,0.0,0.0,0.0,0.0,0.0,0.0,0.0,0.0,0.0,0.0,0.0,0.0,0.0,0.0,0.0,0.0,0.0,0.0,0.0,0.0,0.0,0.0,0.0,0.0,0.0,0.0,0.0,0.0,0.0,0.0,0.0,0.0,0.0,0.0,0.0,0.0,0.0,0.0,0.0,0.0,0.0,0.0,0.0,0.0,0.0,0.0,0.0,0.0,0.0,0.0,0.0,-0.007671398587762096,-0.00767294312818289,-0.0076728341770999145,-0.007673237819041379,-0.004278462500227236,-0.004279153477213765,-0.004279166089953301,-0.004279282229300279,0.0,0.0,0.0,0.0,0.0,0.0,0.0,0.0,0.0,0.0,0.0,0.0,0.0,0.0,0.0,0.0,0.0,0.0,0.0,0.0,0.0,0.0,0.0,0.0,0.0,0.0,0.0,0.0,0.0,0.0,0.0,0.0,0.0,0.0,0.0,0.0,0.0,0.0,0.0,0.0,0.0,0.0,0.0,0.0,0.0,0.0,0.0,0.0,0.0,0.0,0.0,0.0,0.0,0.0,0.0,0.0,0.0,0.0,0.0,0.0,0.0,0.0,0.0,0.0,0.0,0.0,0.0,0.0,0.0,0.0,0.0,0.0,0.0,0.0,0.0,0.0
115_STEAM_1,0.0,0.0,0.0,0.0,0.0,0.0,0.0,0.0,0.0,0.0,0.0,0.0,0.0,0.0,0.0,0.0,0.0,0.0,0.0,0.0,0.0,0.0,0.0,0.0,0.0,0.0,0.0,0.0,0.0,0.0,0.0,0.0,0.0,0.0,0.0,0.0,0.0,0.0,0.0,0.0,0.0,0.0,0.0,0.0,0.0,0.0,0.0,0.0,0.0,0.0,0.0,0.0,0.0,0.0,0.0,0.0,0.0,0.0,0.0,0.0,0.0,0.0,0.0,0.0,0.0,0.0,0.0,0.0,0.0,0.0,0.0,0.0,0.0,0.0,0.0,0.0,0.0,0.0,0.0,0.0,0.0,0.0,0.0,0.0,0.0,0.0,0.0,0.0,0.0,0.0,0.0,0.0,0.0,0.0,0.0,0.0,0.0,0.0,0.0,0.0,0.0,0.0,0.0,0.0,0.0,0.0,0.0,0.0,0.0,0.0,0.0,0.0,0.0,0.0,0.0,0.0,0.0,0.0,0.0,0.0,0.0,0.0,0.0,0.0,0.0,0.0,0.0,0.0,0.0,0.0,0.0,0.0,0.0,0.0,0.0,0.0,0.0,0.0,0.0,0.0,0.0,0.0,0.0,0.0
115_STEAM_2,0.0,0.0,0.0,0.0,0.0,0.0,0.0,0.0,0.0,0.0,0.0,0.0,0.0,0.0,0.0,0.0,0.0,0.0,0.0,0.0,0.0,0.0,0.0,0.0,0.0,0.0,0.0,0.0,0.0,0.0,0.0,0.0,0.0,0.0,0.0,0.0,0.0,0.0,0.0,0.0,0.0,0.0,0.0,0.0,0.0,0.0,0.0,0.0,0.0,0.0,0.0,0.0,0.0,0.0,0.0,0.0,0.0,0.0,0.0,0.0,0.0,0.0,0.0,0.0,0.0,0.0,0.0,0.0,0.0,0.0,0.0,0.0,0.0,0.0,0.0,0.0,0.0,0.0,0.0,0.0,0.0,0.0,0.0,0.0,0.0,0.0,0.0,0.0,0.0,0.0,0.0,0.0,0.0,0.0,0.0,0.0,0.0,0.0,0.0,0.0,0.0,0.0,0.0,0.0,0.0,0.0,0.0,0.0,0.0,0.0,0.0,0.0,0.0,0.0,0.0,0.0,0.0,0.0,0.0,0.0,0.0,0.0,0.0,0.0,0.0,0.0,0.0,0.0,0.0,0.0,0.0,0.0,0.0,0.0,0.0,0.0,0.0,0.0,0.0,0.0,0.0,0.0,0.0,0.0
115_STEAM_3,0.03750623461193625,2.058561169471229e-06,0.05691470121286102,0.033341079345913856,0.01971254889595686,7.245963319357784e-07,0.02990929919176022,0.017523165401985216,0.013865799171634885,7.977522853419572e-08,0.021058862875106055,0.012343819832703875,0.015464861149931897,3.2882077927176567e-07,0.023483510098926352,0.01376403552273971,0.023221795564351277,7.2971491091866625e-06,0.035237494580923734,0.020650121085584536,0.030651278860763465,0.030628061198408774,0.03066894546549115,0.030656279862565024,0.005636125692034977,0.00539776068580422,0.005334938852753268,0.005296684811990445,-0.026019584869400925,-0.026023261361138972,-0.026023095795071782,-0.02602406410488055,-0.026428966748472726,-0.026433392243332854,-0.0264330671803914,-0.026434224291688704,-0.019798100192561396,-0.01980155946994211,-0.019801312378021407,-0.019802313532527382,-0.022585931982705365,-0.022588442887108928,-0.022588325078627403,-0.022588980362667592,-0.020652359306759405,-0.020654740545750117,-0.02065453194687361,-0.02065498857775017,-0.018521943783226802,-0.018524020194229607,-0.018523834560355557,-0.01852441672847573,-2.1608371075787502e-07,-2.14013083477127e-07,-2.141462505100833e-07,-2.136553526080684e-07,-0.014346768092168893,-0.014348347255863647,-0.014348238100672317,-0.014348651723813468,-0.01063613843449035,-0.010638280012528645,-0.010638125673041676,-0.010638690424731012,-0.007944766145522586,-0.007945783348800362,-0.0079457361925237,-0.007946031944018354,-0.009857204607005343,-0.009858430429285359,-0.009858247350695626,-0.009858615937275366,-0.011700030018525709,-0.01170135471857875,-0.011701260444371808,-0.011701652501856686,-0.010375475057689432,-0.010376635909144949,-0.010376523084124623,-0.0103769096191865,-0.009124215355322013,-0.009125791787047699,-0.009125744560643856,-0.009126137155059584,-0.013042718945316278,-0.013044687842682118,-0.013044631792270556,-0.013045256961699957,-0.012765367157361544,-0.012767205530513193,-0.012766841585520883,-0.012767371708182856,0.00014210321136665094,-0.00011537281561957435,-0.0001322955714821994,-0.0001851242785240999,0.0,0.0,0.0,0.0,0.0,0.0,0.0,0.0,0.0,0.0,0.0,0.0,0.0,0.0,0.0,0.0,0.0,0.0,0.0,0.0,0.0,0.0,0.0,0.0,0.0,0.0,0.0,0.0,0.0,0.0,0.0,0.0,0.0,0.0,0.0,0.0,0.0,0.0,0.0,0.0,0.0,0.0,0.0,0.0,0.0,0.0,0.0,0.0
116_STEAM_1,-0.006841985207911794,-8.377096190614886e-07,-0.010443038068870703,-0.006276446494009392,0.01874583571866484,1.0249631988701324e-06,0.0284355966179497,0.016653685423501697,0.015773463198555493,-9.081473462124734e-09,0.023933936598714567,0.014026272017185025,0.016853308725036376,3.8959001469329735e-07,0.025566150306888247,0.014980706367509006,0.022622732876739104,7.018897087041065e-06,0.03432770010398567,0.020114615492305837,0.028903463325583523,0.02886199761850916,0.02893009987156203,0.02891088368052649,-0.041764240751360204,-0.04176833192866869,-0.04177080721036086,-0.04177079118206143,-0.02495846855540107,-0.024962000321641087,-0.024961821651662053,-0.024962742420315622,-0.02636430124027228,-0.026368705749688526,-0.026368387944411875,-0.026369539473582324,-0.019710090378562195,-0.019713483314950264,-0.019713245706857396,-0.019714187598478324,-0.022446275156884576,-0.02244875687894088,-0.02244862536383696,-0.02244927196193775,-0.020573596381400994,-0.020575914691685626,-0.020575727432316615,-0.020576227638723528,-0.018514103616559363,-0.018516176026162734,-0.01851599767501133,-0.01851657170007359,-2.1169205466353702e-07,-2.099150775425329e-07,-2.100292180173824e-07,-2.0960811310373638e-07,-0.014087207682028313,-0.014088757893982673,-0.014088650333364816,-0.014089056803268364,-0.010471211988389684,-0.010473320321823631,-0.010473168115759934,-0.010473724714933708,-0.00789930025786928,-0.007900298846493292,-0.007900246778705045,-0.007900547832742248,-0.009717137377268648,-0.009718320321529805,-0.009718152808308789,-0.009718545166572721,-0.011477353802471058,-0.011478640107105254,-0.011478548768830255,-0.011478937172035804,-0.01016714871794,-0.010168276651988162,-0.010168176793188488,-0.010168541985711505,-0.008884571080823467,-0.00888608808014335,-0.00888603678459332,-0.008886472462424064,-0.012920397836897302,-0.01292234232423023,-0.012922262096094261,-0.012922841538105549,-0.012128257326053125,-0.012130014478220374,-0.012129774652376968,-0.012130256881310043,-0.025117676871233563,-0.02512033620016796,-0.02512243032453343,-0.02512172451148421,0.0,0.0,0.0,0.0,0.0,0.0,0.0,0.0,0.0,0.0,0.0,0.0,0.0,0.0,0.0,0.0,0.0,0.0,0.0,0.0,0.0,0.0,0.0,0.0,0.0,0.0,0.0,0.0,0.0,0.0,0.0,0.0,0.0,0.0,0.0,0.0,0.0,0.0,0.0,0.0,0.0,0.0,0.0,0.0,0.0,0.0,0.0,0.0
118_CC_1,0.0046451221934060705,1.8538037105386707e-08,0.007049800870851719,0.004131509257851706,0.002927442982490591,3.0958565266914206e-08,0.004442722198136906,0.002603554040511309,0.0013696130143237006,1.6334869012979425e-09,0.0020803778683227137,0.0012195050591692666,0.0017763214256398818,9.772706865973646e-09,0.002698052657390093,0.0015815479411483136,0.0029575340198357836,-7.951051306243073e-08,0.004488679423571451,0.002630663543540948,0.004970442717734946,0.0049708741926297595,0.004970909811809143,0.004971012259156821,0.01547335160922847,0.015475132028776262,0.015474827730510121,0.01547534802445057,0.04117106193334319,0.040994159198773916,0.04098785516521186,0.040938751922017846,-0.04608777022195998,-0.04609567236988532,-0.04609489590753135,-0.04609701905454252,-0.03183238838684532,-0.03183858396686201,-0.031837781648054175,-0.03183963199622902,-0.039194581099461945,-0.039199206852484014,-0.03919892724633467,-0.03920007923953243,-0.033832346240483924,-0.03383699755520864,-0.033836369312624015,-0.033836694496724384,-0.028217507143153076,-0.028220809902106847,-0.02822042779643663,-0.028221354141454297,-2.3820013572706245e-07,-2.343576048779994e-07,-2.3460225762050868e-07,-2.3368993187849814e-07,-0.020685268671940205,-0.02068753366568621,-0.020687385605552944,-0.020687973960638338,-0.016262471687711444,-0.016265744955632377,-0.016265510891078527,-0.01626637199407844,-0.010961758642853425,-0.010963214024245715,-0.010963167898450088,-0.010963560147959498,-0.01528834894108333,-0.015290423556001853,-0.015290024495430377,-0.01529054604927846,-0.01995363618438617,-0.019956015091864177,-0.019955871513676726,-0.019956390330618475,-0.017813758070157393,-0.0178158733571816,-0.017815606911580684,-0.017816318487163946,-0.01692021343053529,-0.016923322814353936,-0.016923060139883095,-0.01692369977093264,-0.023554930894618353,-0.023559078526075472,-0.023558915715993223,-0.02356071822257556,0.002259697641082964,0.002052498391352353,0.0020784706326617552,0.0020296555498159822,0.010007581733191273,0.010008710442731883,0.010008548568388065,0.010008906305063759,0.0,0.0,0.0,0.0,0.0,0.0,0.0,0.0,0.0,0.0,0.0,0.0,0.0,0.0,0.0,0.0,0.0,0.0,0.0,0.0,0.0,0.0,0.0,0.0,0.0,0.0,0.0,0.0,0.0,0.0,0.0,0.0,0.0,0.0,0.0,0.0,0.0,0.0,0.0,0.0,0.0,0.0,0.0,0.0,0.0,0.0,0.0,0.0
122_WIND_1,0.9579667163173093,7.972273152745402e-08,-0.06379407697481554,-0.03738910533734226,0.9530509348492044,8.081857583164265e-08,-0.07125436883042369,-0.04175987726816498,0.6372522720638374,-1.9041854484314058e-06,-0.5509764444007743,-0.3229642132777325,0.7791854251495556,-1.0725111456721947e-06,-0.3353969907132175,-0.19660328270464708,0.9946287749914475,7.077249852827094e-08,-0.008151977513279007,-0.00477768656332298,0.9808231972431836,-0.019178801650258315,-0.019178422393913763,-0.01917899666945651,0.9255112758557171,-0.0744972110887252,-0.07449617486950544,-0.07449854251635146,0.9359234986599825,-0.06408566260954629,-0.06408501813932688,-0.06408745115148001,0.9498065718900159,-0.05020177317423524,-0.05020118406877927,-0.050203377491874236,0.9526171612350094,-0.04739071823822405,-0.047390186097434395,-0.04739222881661084,0.9294166352810005,-0.07059108332678843,-0.07059053777893531,-0.0705925500233524,0.9490547272624946,-0.05095077823872529,-0.05095042598281907,-0.05095193196352295,0.9617198245515077,-0.038284342362387314,-0.03828406781883231,-0.03828515878206978,0.9999997834652745,-2.1569950625632828e-07,-2.1574068398422241e-07,-2.155607749542326e-07,0.9748206241166653,-0.02518212993517377,-0.025181943966154918,-0.025182664724158383,0.9759943490405536,-0.024010479093268255,-0.024010136439393648,-0.02401140672986428,0.9847927758882888,-0.015209012047225023,-0.01520887721345332,-0.015209347020897174,0.9761259928284169,-0.023876625667403673,-0.023876449118349186,-0.023877127801531554,0.9612458465977785,-0.03875840534785313,-0.038758111720074595,-0.03875921463214379,0.9664629535015594,-0.03354073340708208,-0.033540499200581664,-0.03354142893968079,0.970627196128585,-0.029377688791719203,-0.029377322812778495,-0.029378624487728884,0.9751548238399415,-0.02484890547231422,-0.024848633398097064,-0.02484961441507479,0.9758885780502471,-0.024114880666390448,-0.02411463115589818,-0.02411553540078545,0.9785296426750065,-0.021472771716597006,-0.02147251385452975,-0.02147318264875295,0.0,0.0,0.0,0.0,0.0,0.0,0.0,0.0,0.0,0.0,0.0,0.0,0.0,0.0,0.0,0.0,0.0,0.0,0.0,0.0,0.0,0.0,0.0,0.0,0.0,0.0,0.0,0.0,0.0,0.0,0.0,0.0,0.0,0.0,0.0,0.0,0.0,0.0,0.0,0.0,0.0,0.0,0.0,0.0,0.0,0.0,0.0,0.0
123_CT_1,0.0,0.0,0.0,0.0,0.0,0.0,0.0,0.0,0.0,0.0,0.0,0.0,0.0,0.0,0.0,0.0,0.0,0.0,0.0,0.0,0.0,0.0,0.0,0.0,0.0,0.0,0.0,0.0,0.0,0.0,0.0,0.0,0.0,0.0,0.0,0.0,0.0,0.0,0.0,0.0,0.0,0.0,0.0,0.0,0.0,0.0,0.0,0.0,0.0,0.0,0.0,0.0,0.0,0.0,0.0,0.0,-0.007733448599026721,-0.007734362687998653,-0.007734327437416089,-0.007734531795643801,-0.00530224063453931,-0.005303308336746498,-0.005303231674975595,-0.005303512286493179,0.0,0.0,0.0,0.0,0.0,0.0,0.0,0.0,0.0,0.0,0.0,0.0,0.0,0.0,0.0,0.0,0.0,0.0,0.0,0.0,0.0,0.0,0.0,0.0,0.0,0.0,0.0,0.0,0.0,0.0,0.0,0.0,0.0,0.0,0.0,0.0,0.0,0.0,0.0,0.0,0.0,0.0,0.0,0.0,0.0,0.0,0.0,0.0,0.0,0.0,0.0,0.0,0.0,0.0,0.0,0.0,0.0,0.0,0.0,0.0,0.0,0.0,0.0,0.0,0.0,0.0,0.0,0.0,0.0,0.0,0.0,0.0,0.0,0.0,0.0,0.0,0.0,0.0,0.0,0.0
123_CT_4,0.0,0.0,0.0,0.0,0.0,0.0,0.0,0.0,0.0,0.0,0.0,0.0,0.0,0.0,0.0,0.0,0.0,0.0,0.0,0.0,0.0,0.0,0.0,0.0,0.0,0.0,0.0,0.0,0.0,0.0,0.0,0.0,0.0,0.0,0.0,0.0,0.0,0.0,0.0,0.0,0.0,0.0,0.0,0.0,0.0,0.0,0.0,0.0,0.0,0.0,0.0,0.0,0.0,0.0,0.0,0.0,0.0,0.0,0.0,0.0,0.0,0.0,0.0,0.0,0.0,0.0,0.0,0.0,0.0,0.0,0.0,0.0,0.0,0.0,0.0,0.0,0.0,0.0,0.0,0.0,0.0,0.0,0.0,0.0,0.0,0.0,0.0,0.0,0.0,0.0,0.0,0.0,0.0,0.0,0.0,0.0,0.0,0.0,0.0,0.0,0.0,0.0,0.0,0.0,0.0,0.0,0.0,0.0,0.0,0.0,0.0,0.0,0.0,0.0,0.0,0.0,0.0,0.0,0.0,0.0,0.0,0.0,0.0,0.0,0.0,0.0,0.0,0.0,0.0,0.0,0.0,0.0,0.0,0.0,0.0,0.0,0.0,0.0,0.0,0.0,0.0,0.0,0.0,0.0
123_CT_5,0.0,0.0,0.0,0.0,0.0,0.0,0.0,0.0,0.0,0.0,0.0,0.0,0.0,0.0,0.0,0.0,0.0,0.0,0.0,0.0,0.0,0.0,0.0,0.0,0.0,0.0,0.0,0.0,0.0,0.0,0.0,0.0,0.0,0.0,0.0,0.0,0.0,0.0,0.0,0.0,0.0,0.0,0.0,0.0,0.0,0.0,0.0,0.0,0.0,0.0,0.0,0.0,0.0,0.0,0.0,0.0,0.0,0.0,0.0,0.0,0.0,0.0,0.0,0.0,0.0,0.0,0.0,0.0,0.0,0.0,0.0,0.0,0.0,0.0,0.0,0.0,0.0,0.0,0.0,0.0,0.0,0.0,0.0,0.0,0.0,0.0,0.0,0.0,0.0,0.0,0.0,0.0,0.0,0.0,0.0,0.0,0.0,0.0,0.0,0.0,0.0,0.0,0.0,0.0,0.0,0.0,0.0,0.0,0.0,0.0,0.0,0.0,0.0,0.0,0.0,0.0,0.0,0.0,0.0,0.0,0.0,0.0,0.0,0.0,0.0,0.0,0.0,0.0,0.0,0.0,0.0,0.0,0.0,0.0,0.0,0.0,0.0,0.0,0.0,0.0,0.0,0.0,0.0,0.0
123_STEAM_2,0.03717568357482948,1.4896654084162186e-06,0.05641659234176544,0.03305480893884538,0.01976471330305396,5.952254212848729e-07,0.02999122219378414,0.017574762023942214,0.014315217866324836,1.0162385899459281e-07,0.021739548564769784,0.01274250804536865,0.01595601778099287,2.891272433691583e-07,0.02423046717696753,0.014202201271667724,0.024145254359179247,4.392803958974678e-06,0.0366413700325805,0.021473801756608058,0.03440586751958463,0.03438989255215674,0.03441994044486574,0.034411226611187444,0.04415971806942853,0.04416293804084115,0.04416518181378315,0.044164969046666204,-0.026280325644180313,-0.026284087549798052,-0.0262838694536196,-0.026284832829234914,-0.02663428099809928,-0.026638748973724424,-0.026638414473394878,-0.026639591701122248,-0.019718200964168486,-0.019721666411993577,-0.01972142582933012,-0.019722413822193627,-0.02240269732852157,-0.02240519777537764,-0.022405090011870854,-0.022405735968644203,-0.028197326006899948,-0.02820060532649149,-0.02820035656357822,-0.028200966051910338,-0.018655879322488966,-0.018657966196105935,-0.01865777627576426,-0.01865836515481472,-2.2898566592877145e-07,-2.2670832433568933e-07,-2.26854384166586e-07,-2.2631436213376272e-07,-0.01993344715591122,-0.019935634513920886,-0.019935486030407068,-0.019936056981807747,-0.013920725553585256,-0.013923527424853865,-0.013923327573659439,-0.013924064168757997,-0.012183677268979676,-0.012185251204238412,-0.012185193212153944,-0.012185643541308053,-0.013221569797393695,-0.013223239937843967,-0.01322294240229649,-0.01322345435863229,-0.014870846814056149,-0.014872533579243397,-0.014872389694163601,-0.014872893983107085,-0.013466259176638573,-0.013467762802404082,-0.01346762202544416,-0.01346812326351885,-0.011785484901749299,-0.011787538841843165,-0.011787378601071485,-0.011787972315927694,-0.012423361574485148,-0.012425282478136901,-0.012425150216495595,-0.012425728070220752,-0.016906066952482538,-0.01690880798905542,-0.01690800784112123,-0.016909035706187975,0.027922670777313252,0.027924820123687022,0.02792979192174161,0.02792799006995065,0.0,0.0,0.0,0.0,0.0,0.0,0.0,0.0,0.0,0.0,0.0,0.0,0.0,0.0,0.0,0.0,0.0,0.0,0.0,0.0,0.0,0.0,0.0,0.0,0.0,0.0,0.0,0.0,0.0,0.0,0.0,0.0,0.0,0.0,0.0,0.0,0.0,0.0,0.0,0.0,0.0,0.0,0.0,0.0,0.0,0.0,0.0,0.0
123_STEAM_3,0.04038946048997594,1.9698997315575895e-06,0.06128893163631055,0.035899563404749264,0.022874710211914673,9.248462184974215e-07,0.03470598994926277,0.02033554070940631,0.017761506251893766,7.941980206815913e-08,0.026964589130333394,0.01580408151245457,0.018833715035568743,2.7134783553428576e-07,0.028588554278517364,0.016755038535211653,0.028938544876836225,9.30141058763656e-06,0.04391186061714247,0.025732142912378377,0.04247298124935606,0.04238924812832989,0.04253086759796876,0.04249183409062441,-0.1211100092503159,-0.12111756082346581,-0.12113899096679592,-0.12113339308158756,-0.053234085060533176,-0.05324166675353337,-0.05324118111727483,-0.05324307454252304,-0.043338804324825175,-0.04334605104524125,-0.04334549602243776,-0.04334741681161659,-0.03353597658201368,-0.03354183312376868,-0.033541282935413363,-0.03354288512026076,-0.041043065062052464,-0.04104763618513951,-0.04104729216574299,-0.041048486213837124,-0.0662954122684778,-0.06630267553656477,-0.06630223078418318,-0.06630360036258144,-0.029872426842905697,-0.029875886960394116,-0.029875530222406965,-0.029876485314495153,-2.292494081235219e-07,-2.2741375138579656e-07,-2.2753011652554278e-07,-2.2709531628942983e-07,-0.03469928255986998,-0.03470307519038274,-0.03470282526367008,-0.03470381442017316,-0.025894983151000694,-0.025900192548686363,-0.025899822958838303,-0.025901191787593536,-0.0229061340685911,-0.022909034397348704,-0.02290891627657432,-0.02290974394582379,-0.025935348137638425,-0.025938612350041135,-0.0259379771140682,-0.025939077378917135,-0.03164393255933584,-0.03164742498057471,-0.031647236325746064,-0.031648104148355824,-0.02882171089359442,-0.028824875124250138,-0.02882457672432137,-0.028825564346835787,-0.024488628280360136,-0.024492863206411974,-0.0244924665166546,-0.024493671966755507,-0.02017525771810691,-0.020178323988881197,-0.02017814835870757,-0.020178998285540022,-0.035503525984668924,-0.035508853834969656,-0.03550793931123142,-0.03550965999700666,-0.07135208470620702,-0.07135844391991442,-0.07136946950973888,-0.07136265573835272,0.0,0.0,0.0,0.0,0.0,0.0,0.0,0.0,0.0,0.0,0.0,0.0,0.0,0.0,0.0,0.0,0.0,0.0,0.0,0.0,0.0,0.0,0.0,0.0,0.0,0.0,0.0,0.0,0.0,0.0,0.0,0.0,0.0,0.0,0.0,0.0,0.0,0.0,0.0,0.0,0.0,0.0,0.0,0.0,0.0,0.0,0.0,0.0
201_CT_1,0.0,0.0,0.0,0.0,0.0,0.0,0.0,0.0,0.0,0.0,0.0,0.0,0.0,0.0,0.0,0.0,0.0,0.0,0.0,0.0,0.0,0.0,0.0,0.0,0.0,0.0,0.0,0.0,0.0,0.0,0.0,0.0,0.0,0.0,0.0,0.0,0.0,0.0,0.0,0.0,0.0,0.0,0.0,0.0,0.0,0.0,0.0,0.0,0.0,0.0,0.0,0.0,0.0,0.0,0.0,0.0,0.0,0.0,0.0,0.0,0.0,0.0,0.0,0.0,0.0,0.0,0.0,0.0,0.0,0.0,0.0,0.0,0.0,0.0,0.0,0.0,0.0,0.0,0.0,0.0,0.0,0.0,0.0,0.0,0.0,0.0,0.0,0.0,0.0,0.0,0.0,0.0,0.0,0.0,0.0,0.0,0.0,0.0,0.0,0.0,0.0,0.0,0.0,0.0,0.0,0.0,0.0,0.0,0.0,0.0,0.0,0.0,0.0,0.0,0.0,0.0,0.0,0.0,0.0,0.0,0.0,0.0,0.0,0.0,0.0,0.0,0.0,0.0,0.0,0.0,0.0,0.0,0.0,0.0,0.0,0.0,0.0,0.0,0.0,0.0,0.0,0.0,0.0,0.0
201_CT_2,0.0,0.0,0.0,0.0,0.0,0.0,0.0,0.0,0.0,0.0,0.0,0.0,0.0,0.0,0.0,0.0,0.0,0.0,0.0,0.0,0.0,0.0,0.0,0.0,0.0,0.0,0.0,0.0,0.0,0.0,0.0,0.0,0.0,0.0,0.0,0.0,0.0,0.0,0.0,0.0,0.0,0.0,0.0,0.0,0.0,0.0,0.0,0.0,0.0,0.0,0.0,0.0,0.0,0.0,0.0,0.0,0.0,0.0,0.0,0.0,0.0,0.0,0.0,0.0,0.0,0.0,0.0,0.0,0.0,0.0,0.0,0.0,0.0,0.0,0.0,0.0,0.0,0.0,0.0,0.0,0.0,0.0,0.0,0.0,0.0,0.0,0.0,0.0,0.0,0.0,0.0,0.0,0.0,0.0,0.0,0.0,0.0,0.0,0.0,0.0,0.0,0.0,0.0,0.0,0.0,0.0,0.0,0.0,0.0,0.0,0.0,0.0,0.0,0.0,0.0,0.0,0.0,0.0,0.0,0.0,0.0,0.0,0.0,0.0,0.0,0.0,0.0,0.0,0.0,0.0,0.0,0.0,0.0,0.0,0.0,0.0,0.0,0.0,0.0,0.0,0.0,0.0,0.0,0.0
201_STEAM_3,0.02695469157803909,1.3599785876339254e-06,0.04090547145103862,0.023967725599439965,0.015398751755450468,3.419100084167681e-07,0.02336897751313982,0.013695278783291983,0.01082546511665064,7.026859116798789e-08,0.016439488386215118,0.009636086349591696,0.012328100839174932,2.0515781939955957e-07,0.018721605801880203,0.010973570119644822,0.018236258952178258,5.978403144729638e-06,0.027673077702088045,0.01621890404748771,0.019772270862912916,0.019761585206368226,0.01978138817472419,0.019775377828049327,0.026491598669301175,0.02648705463275791,0.026512847841879683,0.026503366058198325,-0.011807456456130266,-0.011809217820253404,-0.011808997383728093,-0.01180968479544317,-0.013578247035339885,-0.013580523686672286,-0.013580355062249971,-0.01358096035594185,-0.01009332607369437,-0.010094989014379996,-0.010094875377831602,-0.0100953893488046,-0.011554243361222766,-0.011555560943189047,-0.011555504476099099,-0.01155586276865729,-0.01017995416141973,-0.010181136335823737,-0.010181056108011344,-0.01018137286141965,-0.00976835951899857,-0.009769399048372707,-0.009769322681477899,-0.009769626806414694,-0.059891220456961186,-0.059980497177537395,-0.05997470754168455,-0.059996172779613034,-0.00896679595982347,-0.008967773132159573,-0.008967704899635054,-0.008967960202501835,-0.00662802721819844,-0.006629359069861701,-0.006629263860962409,-0.006629614647475785,-0.006262759451744038,-0.006263534953314498,-0.00626351517975432,-0.006263734346359396,-0.006073685484893232,-0.006074339027109715,-0.006074253830111953,-0.006074490117580044,-0.00611039449700268,-0.006111055608293309,-0.006111018037571969,-0.0061112109333369006,-0.0055261807943384755,-0.005526791185619995,-0.005526764653203231,-0.005526918028402475,-0.004493218312575362,-0.004493977316870179,-0.004493922612067047,-0.004494114658556545,-0.0066615878676598295,-0.006662618221401281,-0.006662491864012021,-0.006662853857229584,-0.006214319070175061,-0.006215287816710047,-0.006215362872271091,-0.006215680885801243,0.01639043551853281,0.01639007485796337,0.01641391493220168,0.016401120017031475,0.0,0.0,0.0,0.0,0.0,0.0,0.0,0.0,0.0,0.0,0.0,0.0,0.0,0.0,0.0,0.0,0.0,0.0,0.0,0.0,0.0,0.0,0.0,0.0,0.0,0.0,0.0,0.0,0.0,0.0,0.0,0.0,0.0,0.0,0.0,0.0,0.0,0.0,0.0,0.0,0.0,0.0,0.0,0.0,0.0,0.0,0.0,0.0
202_CT_1,0.0,0.0,0.0,0.0,0.0,0.0,0.0,0.0,0.0,0.0,0.0,0.0,0.0,0.0,0.0,0.0,0.0,0.0,0.0,0.0,0.0,0.0,0.0,0.0,0.0,0.0,0.0,0.0,0.0,0.0,0.0,0.0,0.0,0.0,0.0,0.0,0.0,0.0,0.0,0.0,0.0,0.0,0.0,0.0,0.0,0.0,0.0,0.0,0.0,0.0,0.0,0.0,0.0,0.0,0.0,0.0,0.0,0.0,0.0,0.0,0.0009533215250222194,0.0009312457974993217,0.0009328730257719925,0.0009270387740549201,0.0,0.0,0.0,0.0,0.0,0.0,0.0,0.0,0.0,0.0,0.0,0.0,0.0,0.0,0.0,0.0,0.0,0.0,0.0,0.0,0.0,0.0,0.0,0.0,0.0,0.0,0.0,0.0,0.0,0.0,0.0,0.0,0.0,0.0,0.0,0.0,0.0,0.0,0.0,0.0,0.0,0.0,0.0,0.0,0.0,0.0,0.0,0.0,0.0,0.0,0.0,0.0,0.0,0.0,0.0,0.0,0.0,0.0,0.0,0.0,0.0,0.0,0.0,0.0,0.0,0.0,0.0,0.0,0.0,0.0,0.0,0.0,0.0,0.0,0.0,0.0,0.0,0.0,0.0,0.0
202_CT_2,0.0,0.0,0.0,0.0,0.0,0.0,0.0,0.0,0.0,0.0,0.0,0.0,0.0,0.0,0.0,0.0,0.0,0.0,0.0,0.0,0.0,0.0,0.0,0.0,0.0,0.0,0.0,0.0,0.0,0.0,0.0,0.0,0.0,0.0,0.0,0.0,0.0,0.0,0.0,0.0,0.0,0.0,0.0,0.0,0.0,0.0,0.0,0.0,0.0,0.0,0.0,0.0,0.0,0.0,0.0,0.0,0.0,0.0,0.0,0.0,0.0009533218118064007,0.000931246109809206,0.0009328733569731779,0.0009270391099174477,0.0,0.0,0.0,0.0,0.0,0.0,0.0,0.0,0.0,0.0,0.0,0.0,0.0,0.0,0.0,0.0,0.0,0.0,0.0,0.0,0.0,0.0,0.0,0.0,0.0,0.0,0.0,0.0,0.0,0.0,0.0,0.0,0.0,0.0,0.0,0.0,0.0,0.0,0.0,0.0,0.0,0.0,0.0,0.0,0.0,0.0,0.0,0.0,0.0,0.0,0.0,0.0,0.0,0.0,0.0,0.0,0.0,0.0,0.0,0.0,0.0,0.0,0.0,0.0,0.0,0.0,0.0,0.0,0.0,0.0,0.0,0.0,0.0,0.0,0.0,0.0,0.0,0.0,0.0,0.0
202_STEAM_3,0.028683332315454117,1.7729925003822635e-06,0.04352785401997693,0.025502659179804935,0.01583893568754044,3.517596532530594e-07,0.024037194986890893,0.014087249265362676,0.011194918098514956,7.907356651491032e-08,0.016999538838490477,0.009964350554599913,0.0124757268762553,2.0812925298117034e-07,0.018944876680923015,0.011104375372665216,0.019205781551875533,8.34983323556946e-06,0.02914315836048543,0.01708085331935992,0.0083829785204615,0.008382351169415995,0.00838440056274135,0.00838381529520778,0.02573325156311318,0.02572058357253615,0.025774995382490395,0.025755630566804327,-0.012124389082497217,-0.012126140223847589,-0.012125997611183867,-0.012126570866370263,-0.013362516624505903,-0.013364751514887679,-0.013364589465855087,-0.013365179473279299,-0.009867663009407864,-0.009869289057598119,-0.009869192933311658,-0.009869655190089163,-0.011581884278374194,-0.011583191202256538,-0.01158312703861462,-0.011583477748267451,-0.010533561274676865,-0.010534750822775385,-0.010534675235935088,-0.010534992105338547,-0.010125518318085173,-0.010126606413494369,-0.010126508564583086,-0.010126820459807817,-0.059911926571328794,-0.059959891386843364,-0.05995678920566742,-0.05996839166596446,-0.014420781133170439,-0.014422353503738784,-0.014422245321036559,-0.01442265563400927,-0.00789377702128631,-0.007895363556256472,-0.007895250270215981,-0.007895668243653486,-0.010159513209142452,-0.01016077318555541,-0.010160717130196789,-0.010161093336177474,-0.010172132207913756,-0.01017322433542676,-0.010173066050069644,-0.010173420639055103,-0.009723926179106928,-0.009724957428097212,-0.009724927993891661,-0.009725148341192102,-0.00914923662514991,-0.009150247017519344,-0.009150235140594768,-0.009150446312116686,-0.004539972481045879,-0.004540734856202114,-0.004540665739353356,-0.0045408963265011525,-0.006887516713697923,-0.006888571007077388,-0.006888463198045174,-0.006888788578468623,-0.010295379660436848,-0.010297048265912354,-0.010295690992125382,-0.010297045846758229,0.015318023671308311,0.015317689685304274,0.01533707869877763,0.015332365467716462,0.0,0.0,0.0,0.0,0.0,0.0,0.0,0.0,0.0,0.0,0.0,0.0,0.0,0.0,0.0,0.0,0.0,0.0,0.0,0.0,0.0,0.0,0.0,0.0,0.0,0.0,0.0,0.0,0.0,0.0,0.0,0.0,0.0,0.0,0.0,0.0,0.0,0.0,0.0,0.0,0.0,0.0,0.0,0.0,0.0,0.0,0.0,0.0
202_STEAM_4,0.02868330308400385,1.7730092101037606e-06,0.04352780961564985,0.02550263313164206,0.015841296390425336,3.518685845328544e-07,0.024040775528855245,0.01408935063787736,0.01104813290347269,7.828659338762062e-08,0.01677674256876394,0.00983369971693927,0.012475723091692214,2.081290194253741e-07,0.018944870933508075,0.011104372003602335,0.019205776113055507,8.349837731221575e-06,0.02914315010364709,0.017080848483033154,0.024264907881197055,0.024236124925491983,0.024280016106498232,0.02426533831404035,0.026075657158439847,0.026062458669985855,0.026119333020159674,0.02609908939005199,-0.012119302183325215,-0.012121052484361154,-0.01212090985434662,-0.01212148374366977,-0.013362516624607891,-0.013364751514989854,-0.013364589468113891,-0.013365179473279299,-0.009867662980007434,-0.009869289028192818,-0.009869192904913079,-0.009869655160544227,-0.011581884226353705,-0.011583191150230154,-0.011583126987594578,-0.011583477696108953,-0.010533557769288378,-0.01053474731700016,-0.010534671731189504,-0.010534988599402873,-0.010125518318260082,-0.010126606413813041,-0.010126508565764131,-0.010126820459807817,-0.0599119265712694,-0.05995989138710352,-0.059956789206797555,-0.059968391666118934,-0.013446597502499354,-0.01344806333417402,-0.013447962549242937,-0.013448345041045183,-0.007893780222069921,-0.007895366757683377,-0.00789525347260478,-0.007895671445171459,-0.00903327723099177,-0.00903439858653727,-0.009034350414463816,-0.009034688622748302,-0.008895082523937045,-0.00889603792659362,-0.008895901232555327,-0.00889621515204,-0.008804750731525163,-0.008805689173444922,-0.008805661379546772,-0.008805874641252494,-0.008208151777899101,-0.00820906125349111,-0.0082090525221814,-0.008209247506899064,-0.0046602227545365854,-0.0046610074388189066,-0.004660932242711968,-0.0046611609723069885,-0.006887524494386726,-0.006888578789163896,-0.006888470980017742,-0.0068887963594664765,-0.009053185755847497,-0.009054627169550546,-0.00905360714920497,-0.009054677067857422,0.01531802367102474,0.015317689685236675,0.015337078698206573,0.015332365467716462,0.0,0.0,0.0,0.0,0.0,0.0,0.0,0.0,0.0,0.0,0.0,0.0,0.0,0.0,0.0,0.0,0.0,0.0,0.0,0.0,0.0,0.0,0.0,0.0,0.0,0.0,0.0,0.0,0.0,0.0,0.0,0.0,0.0,0.0,0.0,0.0,0.0,0.0,0.0,0.0,0.0,0.0,0.0,0.0,0.0,0.0,0.0,0.0
207_CT_1,0.0,0.0,0.0,0.0,0.0,0.0,0.0,0.0,0.0,0.0,0.0,0.0,0.0,0.0,0.0,0.0,0.0,0.0,0.0,0.0,0.0,0.0,0.0,0.0,0.0,0.0,0.0,0.0,0.0,0.0,0.0,0.0,0.0,0.0,0.0,0.0,0.0,0.0,0.0,0.0,0.0,0.0,0.0,0.0,0.0,0.0,0.0,0.0,0.0,0.0,0.0,0.0,0.0,0.0,0.0,0.0,0.0,0.0,0.0,0.0,-0.009750265869710631,-0.009752224189037706,-0.009752077639979206,-0.009752599210162676,0.0044555746711704425,0.004456166037439008,0.004456284065977034,0.004456434084251308,0.0,0.0,0.0,0.0,0.0,0.0,0.0,0.0,0.0,0.0,0.0,0.0,0.0,0.0,0.0,0.0,0.0,0.0,0.0,0.0,0.0,0.0,0.0,0.0,0.0,0.0,0.0,0.0,0.0,0.0,0.0,0.0,0.0,0.0,0.0,0.0,0.0,0.0,0.0,0.0,0.0,0.0,0.0,0.0,0.0,0.0,0.0,0.0,0.0,0.0,0.0,0.0,0.0,0.0,0.0,0.0,0.0,0.0,0.0,0.0,0.0,0.0,0.0,0.0,0.0,0.0,0.0,0.0,0.0,0.0,0.0,0.0,0.0,0.0,0.0,0.0
207_CT_2,0.0,0.0,0.0,0.0,0.0,0.0,0.0,0.0,0.0,0.0,0.0,0.0,0.0,0.0,0.0,0.0,0.0,0.0,0.0,0.0,0.0,0.0,0.0,0.0,0.0,0.0,0.0,0.0,0.0,0.0,0.0,0.0,0.0,0.0,0.0,0.0,0.0,0.0,0.0,0.0,0.0,0.0,0.0,0.0,0.0,0.0,0.0,0.0,0.0,0.0,0.0,0.0,0.0,0.0,0.0,0.0,0.0,0.0,0.0,0.0,0.0,0.0,0.0,0.0,0.0,0.0,0.0,0.0,0.0,0.0,0.0,0.0,0.0,0.0,0.0,0.0,0.0,0.0,0.0,0.0,0.0,0.0,0.0,0.0,0.0,0.0,0.0,0.0,0.0,0.0,0.0,0.0,0.0,0.0,0.0,0.0,0.0,0.0,0.0,0.0,0.0,0.0,0.0,0.0,0.0,0.0,0.0,0.0,0.0,0.0,0.0,0.0,0.0,0.0,0.0,0.0,0.0,0.0,0.0,0.0,0.0,0.0,0.0,0.0,0.0,0.0,0.0,0.0,0.0,0.0,0.0,0.0,0.0,0.0,0.0,0.0,0.0,0.0,0.0,0.0,0.0,0.0,0.0,0.0
212_CSP_1,-0.02086207460656042,3.760016942244704e-08,-0.031662407003196336,-0.01855687125464891,-0.019308887381186524,1.1378401332251542e-08,-0.029304933308040404,-0.017174491993008887,-0.007013982586807632,1.3877877291790242e-08,-0.010653836599307631,-0.006245379791381202,-0.009709586407256054,1.4213137888852145e-08,-0.014748283603685408,-0.008645493549259742,-0.003332210341755515,4.316652957303546e-08,-0.005057337782996996,-0.0029639888798695304,-0.010953695843593847,-0.010954826508048243,-0.010954629487887502,-0.010954958307911194,-0.030907807497861484,-0.030911356519185418,-0.03091086441351454,-0.030911872884917823,-0.03270561920402648,-0.03271030541777131,-0.032709935381258326,-0.03271120239042098,-0.03779683312573623,-0.037803117619404025,-0.037802665349143894,-0.03780432083559897,-0.03268278401941338,-0.03268820303984077,-0.03268782935339676,-0.0326892367579582,-0.04376813664312229,-0.04377289523319727,-0.04377255165063154,-0.04377380008150632,-0.03920324708377543,-0.039207433604774966,-0.039207097157643034,-0.0392082618770643,-0.03354772969737074,-0.0335513349480141,-0.03355108017226627,-0.03355202511623411,-0.22174032142943412,-0.22123224121522767,-0.22126509544785833,-0.2211446743923496,-0.021906312742967338,-0.02190870886705598,-0.021908544621337622,-0.021909173445854937,-0.01922415877282757,-0.01922802378628674,-0.019227748303173975,-0.019228766106105313,-0.016463281785692785,-0.016465216668794413,-0.016465077521084837,-0.016465581414666194,-0.016611228801895028,-0.01661304201936953,-0.016612929078050342,-0.016613402749282434,-0.0193790413708812,-0.019381156786707487,-0.019381022715679208,-0.01938155245318322,-0.01601142836233671,-0.01601318348719616,-0.01601309288573871,-0.016013512246275848,-0.013589842511496364,-0.01359211501572738,-0.013591873680349531,-0.013592534863775114,-0.016235954212457382,-0.016238386062393695,-0.016238192667918705,-0.016238849629190092,-0.01520862095964208,-0.015210796245619052,-0.015210629448036972,-0.01521120681380993,-0.012307140682604523,-0.012308529783267685,-0.012308364722724896,-0.01230875964128612,0.0,0.0,0.0,0.0,0.0,0.0,0.0,0.0,0.0,0.0,0.0,0.0,0.0,0.0,0.0,0.0,0.0,0.0,0.0,0.0,0.0,0.0,0.0,0.0,0.0,0.0,0.0,0.0,0.0,0.0,0.0,0.0,0.0,0.0,0.0,0.0,0.0,0.0,0.0,0.0,0.0,0.0,0.0,0.0,0.0,0.0,0.0,0.0
213_CC_3,0.0,0.0,0.0,0.0,0.0,0.0,0.0,0.0,0.0,0.0,0.0,0.0,0.0,0.0,0.0,0.0,0.0,0.0,0.0,0.0,0.0,0.0,0.0,0.0,0.0,0.0,0.0,0.0,0.0,0.0,0.0,0.0,0.0,0.0,0.0,0.0,-0.019888489877054272,-0.01989192843920251,-0.019891529308480926,-0.019892554126452064,-0.05403543470035366,-0.05404406745791257,-0.054043890956123164,-0.05404569961994582,-0.039078436182010234,-0.03908602974598141,-0.03908474749097124,-0.03908594026737205,-0.03541318003295413,-0.03541693920773881,-0.035416326593706415,-0.03541737404360639,-0.23409143853267905,-0.2335237934599781,-0.23355982602541303,-0.23342537146198364,-0.043912002792530935,-0.04391673133208429,-0.04391644049601284,-0.04391761820600686,-0.033353539147695455,-0.03336024516390135,-0.033359768111979715,-0.03336153068552803,-0.027544081620261895,-0.027547829067605334,-0.027547800687028,-0.027548977121097728,-0.014791248867227935,-0.014793014421233264,-0.014792601287222595,-0.014793104361110195,-0.01940413635649163,-0.019406450318827817,-0.019406245073212425,-0.019406511713990108,-0.019539655489524188,-0.019542078104215044,-0.01954216164022826,-0.019542398113680592,-0.009625894064367646,-0.009627595082689622,-0.009627376479865335,-0.009627835399924295,0.0,0.0,0.0,0.0,0.0,0.0,0.0,0.0,0.0,0.0,0.0,0.0,0.0,0.0,0.0,0.0,0.0,0.0,0.0,0.0,0.0,0.0,0.0,0.0,0.0,0.0,0.0,0.0,0.0,0.0,0.0,0.0,0.0,0.0,0.0,0.0,0.0,0.0,0.0,0.0,0.0,0.0,0.0,0.0,0.0,0.0,0.0,0.0,0.0,0.0,0.0,0.0,0.0,0.0,0.0,0.0,0.0,0.0,0.0,0.0
213_CT_1,0.0,0.0,0.0,0.0,0.0,0.0,0.0,0.0,0.0,0.0,0.0,0.0,0.0,0.0,0.0,0.0,0.0,0.0,0.0,0.0,0.0,0.0,0.0,0.0,0.0,0.0,0.0,0.0,0.0,0.0,0.0,0.0,0.0,0.0,0.0,0.0,0.0,0.0,0.0,0.0,0.0,0.0,0.0,0.0,0.0,0.0,0.0,0.0,0.0,0.0,0.0,0.0,-0.008971821331476518,-0.003542220001062471,-0.0038708594454483014,-0.0025856770412372087,-0.00914835583018232,-0.009218235007498408,-0.009212648999665956,-0.009231420414056661,-0.005906537773030595,-0.005907725275110438,-0.00590764063164146,-0.005907953217125118,-0.005842762914433059,-0.005843595562610567,-0.005843627744453498,-0.005843914893375138,0.0,0.0,0.0,0.0,0.0,0.0,0.0,0.0,0.0,0.0,0.0,0.0,0.0,0.0,0.0,0.0,0.0,0.0,0.0,0.0,0.0,0.0,0.0,0.0,0.0,0.0,0.0,0.0,0.0,0.0,0.0,0.0,0.0,0.0,0.0,0.0,0.0,0.0,0.0,0.0,0.0,0.0,0.0,0.0,0.0,0.0,0.0,0.0,0.0,0.0,0.0,0.0,0.0,0.0,0.0,0.0,0.0,0.0,0.0,0.0,0.0,0.0,0.0,0.0,0.0,0.0,0.0,0.0,0.0,0.0,0.0,0.0,0.0,0.0,0.0,0.0
213_CT_2,0.0,0.0,0.0,0.0,0.0,0.0,0.0,0.0,0.0,0.0,0.0,0.0,0.0,0.0,0.0,0.0,0.0,0.0,0.0,0.0,0.0,0.0,0.0,0.0,0.0,0.0,0.0,0.0,0.0,0.0,0.0,0.0,0.0,0.0,0.0,0.0,0.0,0.0,0.0,0.0,0.0,0.0,0.0,0.0,0.0,0.0,0.0,0.0,0.0,0.0,0.0,0.0,-0.00897162219732102,-0.003541994657884126,-0.0038706224272434453,-0.002585415872361389,-0.00914495289277391,-0.009214757744512416,-0.009209174806561077,-0.00922792882845175,-0.00583633805860937,-0.005837511451297377,-0.005837427860010451,-0.005837736598581357,-0.005841755476772763,-0.005842588119666352,-0.0058426203802085155,-0.005842907664143939,0.0,0.0,0.0,0.0,0.0,0.0,0.0,0.0,0.0,0.0,0.0,0.0,0.0,0.0,0.0,0.0,0.0,0.0,0.0,0.0,0.0,0.0,0.0,0.0,0.0,0.0,0.0,0.0,0.0,0.0,0.0,0.0,0.0,0.0,0.0,0.0,0.0,0.0,0.0,0.0,0.0,0.0,0.0,0.0,0.0,0.0,0.0,0.0,0.0,0.0,0.0,0.0,0.0,0.0,0.0,0.0,0.0,0.0,0.0,0.0,0.0,0.0,0.0,0.0,0.0,0.0,0.0,0.0,0.0,0.0,0.0,0.0,0.0,0.0,0.0,0.0
215_CT_4,0.0,0.0,0.0,0.0,0.0,0.0,0.0,0.0,0.0,0.0,0.0,0.0,0.0,0.0,0.0,0.0,0.0,0.0,0.0,0.0,0.0,0.0,0.0,0.0,0.0,0.0,0.0,0.0,0.0,0.0,0.0,0.0,0.0,0.0,0.0,0.0,0.0,0.0,0.0,0.0,0.0,0.0,0.0,0.0,0.0,0.0,0.0,0.0,0.0,0.0,0.0,0.0,0.0,0.0,0.0,0.0,0.0,0.0,0.0,0.0,0.0,0.0,0.0,0.0,0.0,0.0,0.0,0.0,0.0,0.0,0.0,0.0,0.0,0.0,0.0,0.0,0.0,0.0,0.0,0.0,0.0,0.0,0.0,0.0,0.0,0.0,0.0,0.0,0.0,0.0,0.0,0.0,0.0,0.0,0.0,0.0,0.0,0.0,0.0,0.0,0.0,0.0,0.0,0.0,0.0,0.0,0.0,0.0,0.0,0.0,0.0,0.0,0.0,0.0,0.0,0.0,0.0,0.0,0.0,0.0,0.0,0.0,0.0,0.0,0.0,0.0,0.0,0.0,0.0,0.0,0.0,0.0,0.0,0.0,0.0,0.0,0.0,0.0,0.0,0.0,0.0,0.0,0.0,0.0
215_CT_5,0.0,0.0,0.0,0.0,0.0,0.0,0.0,0.0,0.0,0.0,0.0,0.0,0.0,0.0,0.0,0.0,0.0,0.0,0.0,0.0,0.0,0.0,0.0,0.0,0.0,0.0,0.0,0.0,0.0,0.0,0.0,0.0,0.0,0.0,0.0,0.0,0.0,0.0,0.0,0.0,0.0,0.0,0.0,0.0,0.0,0.0,0.0,0.0,0.0,0.0,0.0,0.0,0.0,0.0,0.0,0.0,0.0,0.0,0.0,0.0,0.0,0.0,0.0,0.0,0.0,0.0,0.0,0.0,0.0,0.0,0.0,0.0,0.0,0.0,0.0,0.0,0.0,0.0,0.0,0.0,0.0,0.0,0.0,0.0,0.0,0.0,0.0,0.0,0.0,0.0,0.0,0.0,0.0,0.0,0.0,0.0,0.0,0.0,0.0,0.0,0.0,0.0,0.0,0.0,0.0,0.0,0.0,0.0,0.0,0.0,0.0,0.0,0.0,0.0,0.0,0.0,0.0,0.0,0.0,0.0,0.0,0.0,0.0,0.0,0.0,0.0,0.0,0.0,0.0,0.0,0.0,0.0,0.0,0.0,0.0,0.0,0.0,0.0,0.0,0.0,0.0,0.0,0.0,0.0
216_STEAM_1,0.030272091580825222,2.016811465666013e-06,0.04593556580754754,0.026906628438849736,0.0208402300722188,7.5937452281849e-07,0.03162355595882005,0.018534571789737997,0.01827318028566255,-6.005646624451799e-08,0.0277119626850717,0.016239416842560202,0.01827957881043446,2.461872224968076e-07,0.027731921462066822,0.01625163185019875,0.025665684794706378,6.81486945375287e-06,0.03894801099434386,0.022823306348349028,-0.06364922491975078,-0.06366728359302276,-0.063649997988243,-0.06365727499285462,-0.03860276656310402,-0.038607088102751486,-0.03860723950167433,-0.038608161042582266,-0.02505844879448116,-0.025062027049247537,-0.025061803295749474,-0.02506271596543224,-0.02730870876909952,-0.027313263998294257,-0.027312936503812058,-0.027314136349395356,-0.02038911971910351,-0.02039253651039663,-0.02039228472555843,-0.020393213381046122,-0.023444076490869936,-0.023446668212257937,-0.02344651669429032,-0.0234471943077164,-0.02187353922140617,-0.021875938742582868,-0.021875778654390388,-0.021876377595899284,-0.02026771162485358,-0.02026991405024492,-0.020269726350563122,-0.020270329162245623,-7.331206428040637e-07,-7.300251365638388e-07,-7.30225745204649e-07,-7.294915481398517e-07,-0.014865182510849895,-0.01486680989308431,-0.01486669774069238,-0.014867124129748834,-0.010994476417076904,-0.010996687903668312,-0.010996529408678457,-0.010997112168789073,-0.008646062390297471,-0.00864713027482944,-0.008647078955258847,-0.008647391061135663,-0.009863163752387216,-0.009864287973259,-0.009864126193168898,-0.009864520658152551,-0.010757376925164097,-0.01075856291581534,-0.010758490432743129,-0.010758729696561987,-0.009604416728990928,-0.009605480139151856,-0.009605439115502268,-0.009605655233365101,-0.008785710567885713,-0.008787209429745452,-0.00878707624343733,-0.008787457111566569,-0.012314442423312033,-0.012316326421152463,-0.012316152833197647,-0.012316650436857802,-0.012305657233170113,-0.012307469818157335,-0.01230735927871951,-0.012307843443786397,-0.02319561170218787,-0.023198216009900685,-0.023198566758502404,-0.023198817989654556,0.0,0.0,0.0,0.0,0.0,0.0,0.0,0.0,0.0,0.0,0.0,0.0,0.0,0.0,0.0,0.0,0.0,0.0,0.0,0.0,0.0,0.0,0.0,0.0,0.0,0.0,0.0,0.0,0.0,0.0,0.0,0.0,0.0,0.0,0.0,0.0,0.0,0.0,0.0,0.0,0.0,0.0,0.0,0.0,0.0,0.0,0.0,0.0
218_CC_1,0.0,0.0,0.0,0.0,0.0,0.0,0.0,0.0,0.0,0.0,0.0,0.0,0.0,0.0,0.0,0.0,0.0,0.0,0.0,0.0,0.0,0.0,0.0,0.0,0.0,0.0,0.0,0.0,0.0,0.0,0.0,0.0,0.0,0.0,0.0,0.0,0.0,0.0,0.0,0.0,-0.026782497774242464,-0.026785550823650972,-0.026785284463268333,-0.026786121263402768,-0.04125066940458333,-0.04125544646736934,-0.04125504248330891,-0.04125612598680731,-0.03379443166078755,-0.033798179084447266,-0.033797805129251124,-0.03379882843436763,-5.480508378230553e-07,-5.44896908483139e-07,-5.4509754754406e-07,-5.443495618287434e-07,-0.019868663537744302,-0.019870832430339602,-0.019870686361232348,-0.01987125291506388,-0.0158538095469537,-0.015856998482207563,-0.015856771226597566,-0.015857609696471056,-0.01163836281017916,-0.011639823709525765,-0.01163976589698379,-0.011640166398840511,-0.014097025475037106,-0.014098684084528745,-0.014098411075483153,-0.01409889567531243,-0.018712904028419075,-0.01871496923984628,-0.01871484985144134,-0.018715250900336444,-0.00985042247469159,-0.009851530690790478,-0.009851493380713894,-0.009851719830224844,0.0,0.0,0.0,0.0,0.0,0.0,0.0,0.0,0.0,0.0,0.0,0.0,0.0,0.0,0.0,0.0,0.0,0.0,0.0,0.0,0.0,0.0,0.0,0.0,0.0,0.0,0.0,0.0,0.0,0.0,0.0,0.0,0.0,0.0,0.0,0.0,0.0,0.0,0.0,0.0,0.0,0.0,0.0,0.0,0.0,0.0,0.0,0.0,0.0,0.0,0.0,0.0,0.0,0.0,0.0,0.0,0.0,0.0,0.0,0.0,0.0,0.0,0.0,0.0
221_CC_1,0.0322106499392012,5.885478081557594e-07,0.048884083695551084,0.028645657554057586,0.018566221074359346,2.897058268835906e-07,0.02817580700354938,0.016511753201748296,0.0120139836457962,6.168448907217794e-08,0.018247879695386438,0.010696367261163214,0.014408729918430563,1.5968036404245822e-07,0.02188474726783962,0.012828075612347223,0.02167278221873281,-2.0385258669985973e-07,0.03289247842434184,0.019276913520983555,0.03059506816123303,0.03059367264974866,0.03059961622268048,0.0305983500710533,0.05829757355949683,0.05830353151810441,0.058303160995657244,0.058304778708156986,0.10088719832971094,0.10089927237386509,0.1008991696066861,0.10090722175583415,-0.04617628429929932,-0.046184363602374656,-0.0461833762772228,-0.046185660430439854,-0.0335546374136062,-0.03356084611509336,-0.033559958996184136,-0.03356176727369882,-0.04199350305007565,-0.04199883978060237,-0.041998529633974435,-0.041999838209578935,-0.03694690751541996,-0.03695272325670751,-0.03695182910948969,-0.036952604953650235,-0.032272941719377335,-0.03227650066950938,-0.03227602740119995,-0.03227702251698476,-6.095280307150119e-07,-6.032220536411614e-07,-6.036214532656459e-07,-6.021231217017233e-07,-0.01980520837702715,-0.019807358320000024,-0.019807219657215658,-0.019807775050668882,-0.015144105818927223,-0.015147152007495501,-0.015146935068028888,-0.015147735590603853,-0.011192004265843436,-0.011193473630398243,-0.01119345155551077,-0.011193852228375805,-0.013471784690339494,-0.013473480041009234,-0.013473112320812941,-0.013473585277368269,-0.017088596739018413,-0.017090579930997607,-0.017090504178399524,-0.017090569565255752,-0.0152459243287284,-0.015247732943971415,-0.015247704679655083,-0.015247976387288167,-0.013818648031256708,-0.013821141099845224,-0.013820843392891247,-0.013821472251134595,-0.011905331620137849,-0.012128695201180706,-0.012111859633074484,-0.01216845487546209,0.07468547479133911,0.07468977569828328,0.07470350519548008,0.07470384225481384,0.03703087658570503,0.03703479258963205,0.037034621379460564,0.037035981872176375,0.0,0.0,0.0,0.0,0.0,0.0,0.0,0.0,0.0,0.0,0.0,0.0,0.0,0.0,0.0,0.0,0.0,0.0,0.0,0.0,0.0,0.0,0.0,0.0,0.0,0.0,0.0,0.0,0.0,0.0,0.0,0.0,0.0,0.0,0.0,0.0,0.0,0.0,0.0,0.0,0.0,0.0,0.0,0.0,0.0,0.0,0.0,0.0
223_CT_4,0.0,0.0,0.0,0.0,0.0,0.0,0.0,0.0,0.0,0.0,0.0,0.0,0.0,0.0,0.0,0.0,0.0,0.0,0.0,0.0,0.0,0.0,0.0,0.0,0.0,0.0,0.0,0.0,0.0,0.0,0.0,0.0,0.0,0.0,0.0,0.0,0.0,0.0,0.0,0.0,0.0,0.0,0.0,0.0,0.0,0.0,0.0,0.0,0.0,0.0,0.0,0.0,0.0,0.0,0.0,0.0,0.0,0.0,0.0,0.0,0.0,0.0,0.0,0.0,0.0,0.0,0.0,0.0,0.0,0.0,0.0,0.0,0.0,0.0,0.0,0.0,0.0,0.0,0.0,0.0,0.0,0.0,0.0,0.0,0.0,0.0,0.0,0.0,0.0,0.0,0.0,0.0,0.0,0.0,0.0,0.0,0.0,0.0,0.0,0.0,0.0,0.0,0.0,0.0,0.0,0.0,0.0,0.0,0.0,0.0,0.0,0.0,0.0,0.0,0.0,0.0,0.0,0.0,0.0,0.0,0.0,0.0,0.0,0.0,0.0,0.0,0.0,0.0,0.0,0.0,0.0,0.0,0.0,0.0,0.0,0.0,0.0,0.0,0.0,0.0,0.0,0.0,0.0,0.0
223_CT_5,0.0,0.0,0.0,0.0,0.0,0.0,0.0,0.0,0.0,0.0,0.0,0.0,0.0,0.0,0.0,0.0,0.0,0.0,0.0,0.0,0.0,0.0,0.0,0.0,0.0,0.0,0.0,0.0,0.0,0.0,0.0,0.0,0.0,0.0,0.0,0.0,0.0,0.0,0.0,0.0,0.0,0.0,0.0,0.0,0.0,0.0,0.0,0.0,0.0,0.0,0.0,0.0,0.0,0.0,0.0,0.0,0.0,0.0,0.0,0.0,0.0,0.0,0.0,0.0,0.0,0.0,0.0,0.0,0.0,0.0,0.0,0.0,0.0,0.0,0.0,0.0,0.0,0.0,0.0,0.0,0.0,0.0,0.0,0.0,0.0,0.0,0.0,0.0,0.0,0.0,0.0,0.0,0.0,0.0,0.0,0.0,0.0,0.0,0.0,0.0,0.0,0.0,0.0,0.0,0.0,0.0,0.0,0.0,0.0,0.0,0.0,0.0,0.0,0.0,0.0,0.0,0.0,0.0,0.0,0.0,0.0,0.0,0.0,0.0,0.0,0.0,0.0,0.0,0.0,0.0,0.0,0.0,0.0,0.0,0.0,0.0,0.0,0.0,0.0,0.0,0.0,0.0,0.0,0.0
223_CT_6,0.0,0.0,0.0,0.0,0.0,0.0,0.0,0.0,0.0,0.0,0.0,0.0,0.0,0.0,0.0,0.0,0.0,0.0,0.0,0.0,0.0,0.0,0.0,0.0,0.0,0.0,0.0,0.0,0.0,0.0,0.0,0.0,0.0,0.0,0.0,0.0,0.0,0.0,0.0,0.0,0.0,0.0,0.0,0.0,0.0,0.0,0.0,0.0,0.0,0.0,0.0,0.0,0.0,0.0,0.0,0.0,0.0,0.0,0.0,0.0,0.0,0.0,0.0,0.0,0.0,0.0,0.0,0.0,0.0,0.0,0.0,0.0,0.0,0.0,0.0,0.0,0.0,0.0,0.0,0.0,0.0,0.0,0.0,0.0,0.0,0.0,0.0,0.0,0.0,0.0,0.0,0.0,0.0,0.0,0.0,0.0,0.0,0.0,0.0,0.0,0.0,0.0,0.0,0.0,0.0,0.0,0.0,0.0,0.0,0.0,0.0,0.0,0.0,0.0,0.0,0.0,0.0,0.0,0.0,0.0,0.0,0.0,0.0,0.0,0.0,0.0,0.0,0.0,0.0,0.0,0.0,0.0,0.0,0.0,0.0,0.0,0.0,0.0,0.0,0.0,0.0,0.0,0.0,0.0
223_STEAM_1,-0.09704698133459033,-8.010369988497874e-06,-0.14722348712105104,-0.08612796555136189,0.0016404842330603323,5.142280941012939e-07,0.0025077135489690212,0.0014848970731245687,0.021480583209239058,-3.841311420553278e-06,0.0106149212303927,0.0027008859226411155,0.007165318902311162,-5.533317008867239e-06,-0.011131021347658594,-0.010054776666364921,-0.05893524773587331,-3.162690588821328e-05,-0.08940919028869758,-0.0523830981076667,-0.06701617437540221,-0.06706403052361071,-0.06699498537358843,-0.06700982161232989,-0.03757745625045683,-0.03758174902413525,-0.037581397960206875,-0.03758251834748181,-0.024903929623062645,-0.02490749079983437,-0.024907219133815092,-0.02490815677361864,-0.0276704710131906,-0.02767508990028512,-0.027674737914153737,-0.027675969120649135,-0.026481462755954786,-0.02648588644790449,-0.026485544319744505,-0.026486731034322555,-0.030003003603820532,-0.0300063455355915,-0.03000608693048467,-0.030006976082918448,-0.028184393273680587,-0.028187464946222464,-0.028187259943953682,-0.028188063113141225,-0.020625744461001773,-0.020627986268179088,-0.02062777397858435,-0.020628387448817224,-1.9173020975230883e-06,-1.9107082885570933e-06,-1.9111303058752683e-06,-1.9095663929060618e-06,-0.021406521093858908,-0.021408861247551224,-0.021408700181663912,-0.021409312650391067,-0.01484387659175007,-0.014846861655355622,-0.014846648908423868,-0.014847433579638017,-0.01270122364840736,-0.012702783811807066,-0.012702703126545246,-0.012703134788092615,-0.01321869138986673,-0.013220186252198333,-0.013219981470792647,-0.013220422699704108,-0.014472712576582131,-0.014474309011439687,-0.01447417839807966,-0.014474622976655544,-0.013032902043591124,-0.013034340857091209,-0.013034236627406,-0.013034615332905144,-0.01102385750106835,-0.011025726580658262,-0.011025541613683002,-0.011026016897018657,-0.016454272628137916,-0.016456781739660177,-0.016456579690830624,-0.016457178804764952,-0.01596142459481173,-0.015963749179311506,-0.015963611063240443,-0.01596421087772535,-0.02151039262645191,-0.02151283108400219,-0.021512589827030644,-0.021513227862566354,0.0,0.0,0.0,0.0,0.0,0.0,0.0,0.0,0.0,0.0,0.0,0.0,0.0,0.0,0.0,0.0,0.0,0.0,0.0,0.0,0.0,0.0,0.0,0.0,0.0,0.0,0.0,0.0,0.0,0.0,0.0,0.0,0.0,0.0,0.0,0.0,0.0,0.0,0.0,0.0,0.0,0.0,0.0,0.0,0.0,0.0,0.0,0.0
223_STEAM_2,-0.09704698132465117,-8.010370131472915e-06,-0.14722348710690392,-0.08612796554241302,0.0016404842328748422,5.142279462293448e-07,0.002507713546630968,0.0014848970731043223,0.02148058320944436,-3.841311563453293e-06,0.010614921228244315,0.0027008859226621816,0.00716531889556919,-5.5333170955724044e-06,-0.011131021324743466,-0.010054776646437301,-0.05893524773470001,-3.162690611967743e-05,-0.08940919028772139,-0.05238309810633419,-0.06701617436500006,-0.06706403051219373,-0.06699498536319022,-0.06700982160085397,-0.03757745611769603,-0.037581748891359124,-0.037581397827432195,-0.03758251821458409,-0.024903929565741282,-0.0249074907423614,-0.024907219077348733,-0.02490815671604617,-0.027670470717988272,-0.027675089605033943,-0.02767473762106245,-0.02767596882512519,-0.026481462654168144,-0.02648588634610062,-0.02648554421894864,-0.026486730932499983,-0.030003003138551577,-0.030006345070270286,-0.030006086466174538,-0.03000697561744235,-0.028184392547858338,-0.02818746422032139,-0.02818725921906282,-0.028188062387089884,-0.020625744055223626,-0.02062798586250091,-0.02062777357377248,-0.020628387042820318,-1.9173022443116026e-06,-1.9107085792759007e-06,-1.9111314589989447e-06,-1.9095663958259233e-06,-0.021406521123027513,-0.021408861276725068,-0.021408700211841433,-0.021409312679460796,-0.014843879608888168,-0.014846864673100283,-0.01484665192713168,-0.014847436597386507,-0.012701223356437148,-0.012702783519801081,-0.012702702835547707,-0.012703134495916434,-0.01321869138904699,-0.013220186251234452,-0.013219981470835002,-0.013220422698650966,-0.014472712740348209,-0.014474309175079483,-0.014474178562148578,-0.014474623140167214,-0.01303290224015737,-0.013034341053607346,-0.01303423682442461,-0.01303461552935223,-0.011023857441621572,-0.011025726521345031,-0.011025541554658588,-0.011026016837491423,-0.016454272585801795,-0.016456781697317534,-0.016456579648775966,-0.01645717876219484,-0.015961424632511545,-0.015963749218072896,-0.01596361110142626,-0.0159642109153415,-0.021510392638862477,-0.021512831096198573,-0.021512589839730027,-0.021513227874685105,0.0,0.0,0.0,0.0,0.0,0.0,0.0,0.0,0.0,0.0,0.0,0.0,0.0,0.0,0.0,0.0,0.0,0.0,0.0,0.0,0.0,0.0,0.0,0.0,0.0,0.0,0.0,0.0,0.0,0.0,0.0,0.0,0.0,0.0,0.0,0.0,0.0,0.0,0.0,0.0,0.0,0.0,0.0,0.0,0.0,0.0,0.0,0.0
223_STEAM_3,0.04989082247059318,1.8347396530948856e-06,0.07571384235702894,0.04435982619231013,0.023851883174431654,7.961928421007514e-07,0.036192057892586504,0.0212173451778497,0.017567523690292353,7.688565384356139e-08,0.02667662214758515,0.01563662941906546,0.019237251274906164,1.9023284281161068e-07,0.02920975316250196,0.017121128037458598,0.036879004475495414,8.268592837756827e-06,0.05596508728140126,0.032798971473568694,0.024325595954038493,0.02448638764963107,0.02381954702921707,0.023938451980819533,-0.11994431289902252,-0.11995736080918595,-0.11996749010022345,-0.11996657451754209,-0.054778724262193434,-0.05478657556707667,-0.0547860719974107,-0.054787968671083875,-0.04636241488114645,-0.04637016268471639,-0.046369566319130584,-0.04637163450890673,-0.05949595441635824,-0.05950598740587032,-0.05950522719971474,-0.059507801078632405,-0.07151690644389619,-0.07152514980853875,-0.07152448707957504,-0.07152659626096397,-0.06503189005000354,-0.06503925497451224,-0.06503880868991718,-0.06504065739154263,-0.03570127316622895,-0.035705187380477454,-0.03570477172685749,-0.035705847534341986,-1.8634025858998982e-06,-1.8566133364039672e-06,-1.8570445723398166e-06,-1.8554348267242932e-06,-0.039882293642414135,-0.03988664492975702,-0.0398863530261786,-0.039887489231873186,-0.03014189774814746,-0.030147958783802387,-0.030147529492085656,-0.03014912025916497,-0.025209505575063296,-0.025212650870931164,-0.02521252433999166,-0.025213400969230665,-0.02583356598338049,-0.025836519550078485,-0.025836002983639528,-0.025836919063080718,-0.03105385419097173,-0.031057279805994042,-0.031056999463729085,-0.03105788318431842,-0.027968805004596753,-0.027971880244984204,-0.027971746702098788,-0.027972465101858943,-0.021750525394409803,-0.02175422691767498,-0.021753839137608866,-0.02175480454997092,-0.034362044023776406,-0.03436737493347991,-0.0343668246019333,-0.03436804628769737,-0.035576714406515886,-0.035582045229136716,-0.03558172784051594,-0.03558308906204213,-0.06827977639231309,-0.0682869252824313,-0.06829156356423205,-0.06828442248694953,0.0,0.0,0.0,0.0,0.0,0.0,0.0,0.0,0.0,0.0,0.0,0.0,0.0,0.0,0.0,0.0,0.0,0.0,0.0,0.0,0.0,0.0,0.0,0.0,0.0,0.0,0.0,0.0,0.0,0.0,0.0,0.0,0.0,0.0,0.0,0.0,0.0,0.0,0.0,0.0,0.0,0.0,0.0,0.0,0.0,0.0,0.0,0.0
301_CT_1,0.0,0.0,0.0,0.0,0.0,0.0,0.0,0.0,0.0,0.0,0.0,0.0,0.0,0.0,0.0,0.0,0.0,0.0,0.0,0.0,0.0,0.0,0.0,0.0,0.0,0.0,0.0,0.0,0.0,0.0,0.0,0.0,0.0,0.0,0.0,0.0,0.0,0.0,0.0,0.0,0.0,0.0,0.0,0.0,0.0,0.0,0.0,0.0,0.0,0.0,0.0,0.0,0.0,0.0,0.0,0.0,0.0,0.0,0.0,0.0,0.0,0.0,0.0,0.0,0.0,0.0,0.0,0.0,0.0,0.0,0.0,0.0,0.0,0.0,0.0,0.0,0.0,0.0,0.0,0.0,0.0,0.0,0.0,0.0,0.0,0.0,0.0,0.0,0.0,0.0,0.0,0.0,0.0,0.0,0.0,0.0,0.0,0.0,0.0,0.0,0.0,0.0,0.0,0.0,0.0,0.0,0.0,0.0,0.0,0.0,0.0,0.0,0.0,0.0,0.0,0.0,0.0,0.0,0.0,0.0,0.0,0.0,0.0,0.0,0.0,0.0,0.0,0.0,0.0,0.0,0.0,0.0,0.0,0.0,0.0,0.0,0.0,0.0,0.0,0.0,0.0,0.0,0.0,0.0
301_CT_2,0.0,0.0,0.0,0.0,0.0,0.0,0.0,0.0,0.0,0.0,0.0,0.0,0.0,0.0,0.0,0.0,0.0,0.0,0.0,0.0,0.0,0.0,0.0,0.0,0.0,0.0,0.0,0.0,0.0,0.0,0.0,0.0,0.0,0.0,0.0,0.0,0.0,0.0,0.0,0.0,0.0,0.0,0.0,0.0,0.0,0.0,0.0,0.0,0.0,0.0,0.0,0.0,0.0,0.0,0.0,0.0,0.0,0.0,0.0,0.0,0.0,0.0,0.0,0.0,0.0,0.0,0.0,0.0,0.0,0.0,0.0,0.0,0.0,0.0,0.0,0.0,0.0,0.0,0.0,0.0,0.0,0.0,0.0,0.0,0.0,0.0,0.0,0.0,0.0,0.0,0.0,0.0,0.0,0.0,0.0,0.0,0.0,0.0,0.0,0.0,0.0,0.0,0.0,0.0,0.0,0.0,0.0,0.0,0.0,0.0,0.0,0.0,0.0,0.0,0.0,0.0,0.0,0.0,0.0,0.0,0.0,0.0,0.0,0.0,0.0,0.0,0.0,0.0,0.0,0.0,0.0,0.0,0.0,0.0,0.0,0.0,0.0,0.0,0.0,0.0,0.0,0.0,0.0,0.0
301_CT_3,0.0,0.0,0.0,0.0,0.0,0.0,0.0,0.0,0.0,0.0,0.0,0.0,0.0,0.0,0.0,0.0,0.0,0.0,0.0,0.0,0.0,0.0,0.0,0.0,0.0,0.0,0.0,0.0,0.0,0.0,0.0,0.0,0.0,0.0,0.0,0.0,0.0,0.0,0.0,0.0,0.0,0.0,0.0,0.0,0.0,0.0,0.0,0.0,0.0,0.0,0.0,0.0,0.0,0.0,0.0,0.0,0.0,0.0,0.0,0.0,0.0,0.0,0.0,0.0,0.0,0.0,0.0,0.0,0.0,0.0,0.0,0.0,0.0,0.0,0.0,0.0,0.0,0.0,0.0,0.0,0.0,0.0,0.0,0.0,0.0,0.0,0.0,0.0,0.0,0.0,0.0,0.0,0.0,0.0,0.0,0.0,0.0,0.0,0.0,0.0,0.0,0.0,0.0,0.0,0.0,0.0,0.0,0.0,0.0,0.0,0.0,0.0,0.0,0.0,0.0,0.0,0.0,0.0,0.0,0.0,0.0,0.0,0.0,0.0,0.0,0.0,0.0,0.0,0.0,0.0,0.0,0.0,0.0,0.0,0.0,0.0,0.0,0.0,0.0,0.0,0.0,0.0,0.0,0.0
301_CT_4,0.0,0.0,0.0,0.0,0.0,0.0,0.0,0.0,0.0,0.0,0.0,0.0,0.0,0.0,0.0,0.0,0.0,0.0,0.0,0.0,0.0,0.0,0.0,0.0,0.0,0.0,0.0,0.0,0.0,0.0,0.0,0.0,0.0,0.0,0.0,0.0,0.0,0.0,0.0,0.0,0.0,0.0,0.0,0.0,0.0,0.0,0.0,0.0,0.0,0.0,0.0,0.0,0.0,0.0,0.0,0.0,0.0,0.0,0.0,0.0,0.0,0.0,0.0,0.0,0.0,0.0,0.0,0.0,0.0,0.0,0.0,0.0,0.0,0.0,0.0,0.0,0.0,0.0,0.0,0.0,0.0,0.0,0.0,0.0,0.0,0.0,0.0,0.0,0.0,0.0,0.0,0.0,0.0,0.0,0.0,0.0,0.0,0.0,0.0,0.0,0.0,0.0,0.0,0.0,0.0,0.0,0.0,0.0,0.0,0.0,0.0,0.0,0.0,0.0,0.0,0.0,0.0,0.0,0.0,0.0,0.0,0.0,0.0,0.0,0.0,0.0,0.0,0.0,0.0,0.0,0.0,0.0,0.0,0.0,0.0,0.0,0.0,0.0,0.0,0.0,0.0,0.0,0.0,0.0
302_CT_1,0.0,0.0,0.0,0.0,0.0,0.0,0.0,0.0,0.0,0.0,0.0,0.0,0.0,0.0,0.0,0.0,0.0,0.0,0.0,0.0,0.0,0.0,0.0,0.0,0.0,0.0,0.0,0.0,0.0,0.0,0.0,0.0,0.0,0.0,0.0,0.0,0.0,0.0,0.0,0.0,0.0,0.0,0.0,0.0,0.0,0.0,0.0,0.0,0.0,0.0,0.0,0.0,0.0,0.0,0.0,0.0,0.0,0.0,0.0,0.0,0.0,0.0,0.0,0.0,0.0,0.0,0.0,0.0,0.0,0.0,0.0,0.0,0.0,0.0,0.0,0.0,0.0,0.0,0.0,0.0,0.0,0.0,0.0,0.0,0.0,0.0,0.0,0.0,0.0,0.0,0.0,0.0,0.0,0.0,0.0,0.0,0.0,0.0,0.0,0.0,0.0,0.0,0.0,0.0,0.0,0.0,0.0,0.0,0.0,0.0,0.0,0.0,0.0,0.0,0.0,0.0,0.0,0.0,0.0,0.0,0.0,0.0,0.0,0.0,0.0,0.0,0.0,0.0,0.0,0.0,0.0,0.0,0.0,0.0,0.0,0.0,0.0,0.0,0.0,0.0,0.0,0.0,0.0,0.0
302_CT_2,0.0,0.0,0.0,0.0,0.0,0.0,0.0,0.0,0.0,0.0,0.0,0.0,0.0,0.0,0.0,0.0,0.0,0.0,0.0,0.0,0.0,0.0,0.0,0.0,0.0,0.0,0.0,0.0,0.0,0.0,0.0,0.0,0.0,0.0,0.0,0.0,0.0,0.0,0.0,0.0,0.0,0.0,0.0,0.0,0.0,0.0,0.0,0.0,0.0,0.0,0.0,0.0,0.0,0.0,0.0,0.0,0.0,0.0,0.0,0.0,0.0,0.0,0.0,0.0,0.0,0.0,0.0,0.0,0.0,0.0,0.0,0.0,0.0,0.0,0.0,0.0,0.0,0.0,0.0,0.0,0.0,0.0,0.0,0.0,0.0,0.0,0.0,0.0,0.0,0.0,0.0,0.0,0.0,0.0,0.0,0.0,0.0,0.0,0.0,0.0,0.0,0.0,0.0,0.0,0.0,0.0,0.0,0.0,0.0,0.0,0.0,0.0,0.0,0.0,0.0,0.0,0.0,0.0,0.0,0.0,0.0,0.0,0.0,0.0,0.0,0.0,0.0,0.0,0.0,0.0,0.0,0.0,0.0,0.0,0.0,0.0,0.0,0.0,0.0,0.0,0.0,0.0,0.0,0.0
302_CT_3,0.0,0.0,0.0,0.0,0.0,0.0,0.0,0.0,0.0,0.0,0.0,0.0,0.0,0.0,0.0,0.0,0.0,0.0,0.0,0.0,0.0,0.0,0.0,0.0,0.0,0.0,0.0,0.0,0.0,0.0,0.0,0.0,0.0,0.0,0.0,0.0,0.0,0.0,0.0,0.0,0.0,0.0,0.0,0.0,0.0,0.0,0.0,0.0,0.0,0.0,0.0,0.0,0.0,0.0,0.0,0.0,0.0,0.0,0.0,0.0,0.0,0.0,0.0,0.0,0.0,0.0,0.0,0.0,0.0,0.0,0.0,0.0,0.0,0.0,0.0,0.0,0.0,0.0,0.0,0.0,0.0,0.0,0.0,0.0,0.0,0.0,0.0,0.0,0.0,0.0,0.0,0.0,0.0,0.0,0.0,0.0,0.0,0.0,0.0,0.0,0.0,0.0,0.0,0.0,0.0,0.0,0.0,0.0,0.0,0.0,0.0,0.0,0.0,0.0,0.0,0.0,0.0,0.0,0.0,0.0,0.0,0.0,0.0,0.0,0.0,0.0,0.0,0.0,0.0,0.0,0.0,0.0,0.0,0.0,0.0,0.0,0.0,0.0,0.0,0.0,0.0,0.0,0.0,0.0
302_CT_4,0.0,0.0,0.0,0.0,0.0,0.0,0.0,0.0,0.0,0.0,0.0,0.0,0.0,0.0,0.0,0.0,0.0,0.0,0.0,0.0,0.0,0.0,0.0,0.0,0.0,0.0,0.0,0.0,0.0,0.0,0.0,0.0,0.0,0.0,0.0,0.0,0.0,0.0,0.0,0.0,0.0,0.0,0.0,0.0,0.0,0.0,0.0,0.0,0.0,0.0,0.0,0.0,0.0,0.0,0.0,0.0,0.0,0.0,0.0,0.0,0.0,0.0,0.0,0.0,0.0,0.0,0.0,0.0,0.0,0.0,0.0,0.0,0.0,0.0,0.0,0.0,0.0,0.0,0.0,0.0,0.0,0.0,0.0,0.0,0.0,0.0,0.0,0.0,0.0,0.0,0.0,0.0,0.0,0.0,0.0,0.0,0.0,0.0,0.0,0.0,0.0,0.0,0.0,0.0,0.0,0.0,0.0,0.0,0.0,0.0,0.0,0.0,0.0,0.0,0.0,0.0,0.0,0.0,0.0,0.0,0.0,0.0,0.0,0.0,0.0,0.0,0.0,0.0,0.0,0.0,0.0,0.0,0.0,0.0,0.0,0.0,0.0,0.0,0.0,0.0,0.0,0.0,0.0,0.0
303_WIND_1,-0.31858490351210733,1.0860124417533257e-06,0.03416819537085303,-0.3939295091197117,-0.3400449969206356,6.299163324285928e-08,0.0015985076132380982,-0.41300546302882146,-0.24717521907106388,2.045275735440555e-06,0.14417771520502498,-0.32919116204455456,-0.3705076836377623,1.955942317444226e-06,-0.043150588546851054,-0.43899370026752904,-0.8566026663075124,5.142787142808913e-06,-0.7823713105152486,-0.8724559707800965,-0.7902224974775498,0.209702049166828,-0.7902932217325045,-0.7903148618922439,-0.6656698475530511,0.3342534719586645,-0.6657352070019513,-0.6657572246541446,-0.6434250044278484,0.3564832534663811,-0.6435106433622906,-0.6435348868538707,-0.4297319924203471,0.5701966627526724,-0.4297983755115169,-0.4298171396343564,-0.28589413247028306,0.7140584537718455,-0.28593829259884274,-0.2859506612947729,-0.12387165482375906,0.8761148997522445,-0.12388412037144292,-0.12388767785337902,-0.08276110848344809,0.9172299948061493,-0.08276936544978142,-0.08277174820889698,-0.20577524744742615,0.7942025709056546,-0.2057960857313752,-0.20580187887812998,-0.03637611182875489,0.9637430232745672,-0.036263468304561286,-0.03623552474196501,-0.27697631412055723,0.7229934490205281,-0.2770045610035172,-0.27701247259410455,-0.3969555083868461,0.6029646858052891,-0.39702968120667315,-0.3970506783664425,-0.45283741590893056,0.5471099356255111,-0.4528870179644695,-0.452900839708002,-0.46732656827486707,0.5326226733653283,-0.46737438967955747,-0.467387447360741,-0.4059396295076514,0.5940159465105559,-0.40598091063618824,-0.4059925594544713,-0.44042314297167273,0.5595286923144207,-0.440467986757497,-0.44048050186560656,-0.44771647038144424,0.5522092869103539,-0.44778560327329764,-0.4478050872817965,-0.5850820536508508,0.4148305138172437,-0.5851633851965055,-0.5851863887844848,-0.5390648450329087,0.46085809588676074,-0.5391364596427692,-0.5391565740126896,-0.6012319875014498,0.3987002110999258,-0.6012917998481626,-0.6013110456557254,0.0,0.0,0.0,0.0,0.0,0.0,0.0,0.0,0.0,0.0,0.0,0.0,0.0,0.0,0.0,0.0,0.0,0.0,0.0,0.0,0.0,0.0,0.0,0.0,0.0,0.0,0.0,0.0,0.0,0.0,0.0,0.0,0.0,0.0,0.0,0.0,0.0,0.0,0.0,0.0,0.0,0.0,0.0,0.0,0.0,0.0,0.0,0.0
307_CT_1,0.0,0.0,0.0,0.0,0.0,0.0,0.0,0.0,0.0,0.0,0.0,0.0,0.0,0.0,0.0,0.0,0.0,0.0,0.0,0.0,0.0,0.0,0.0,0.0,0.0,0.0,0.0,0.0,0.0,0.0,0.0,0.0,0.0,0.0,0.0,0.0,0.0,0.0,0.0,0.0,0.0,0.0,0.0,0.0,0.0,0.0,0.0,0.0,0.0,0.0,0.0,0.0,0.0,0.0,0.0,0.0,0.0,0.0,0.0,0.0,-0.004868635807612667,-0.004869615745541733,-0.004869543915904384,-0.004869802155209622,-0.0029473424263300185,-0.003071366239655454,-0.0030601283649515643,-0.0030910954048249824,0.0,0.0,0.0,0.0,0.0,0.0,0.0,0.0,0.0,0.0,0.0,0.0,0.0,0.0,0.0,0.0,0.0,0.0,0.0,0.0,0.0,0.0,0.0,0.0,0.0,0.0,0.0,0.0,0.0,0.0,0.0,0.0,0.0,0.0,0.0,0.0,0.0,0.0,0.0,0.0,0.0,0.0,0.0,0.0,0.0,0.0,0.0,0.0,0.0,0.0,0.0,0.0,0.0,0.0,0.0,0.0,0.0,0.0,0.0,0.0,0.0,0.0,0.0,0.0,0.0,0.0,0.0,0.0,0.0,0.0,0.0,0.0,0.0,0.0,0.0,0.0
307_CT_2,0.0,0.0,0.0,0.0,0.0,0.0,0.0,0.0,0.0,0.0,0.0,0.0,0.0,0.0,0.0,0.0,0.0,0.0,0.0,0.0,0.0,0.0,0.0,0.0,0.0,0.0,0.0,0.0,0.0,0.0,0.0,0.0,0.0,0.0,0.0,0.0,0.0,0.0,0.0,0.0,0.0,0.0,0.0,0.0,0.0,0.0,0.0,0.0,0.0,0.0,0.0,0.0,0.0,0.0,0.0,0.0,0.0,0.0,0.0,0.0,0.0,0.0,0.0,0.0,0.0,0.0,0.0,0.0,0.0,0.0,0.0,0.0,0.0,0.0,0.0,0.0,0.0,0.0,0.0,0.0,0.0,0.0,0.0,0.0,0.0,0.0,0.0,0.0,0.0,0.0,0.0,0.0,0.0,0.0,0.0,0.0,0.0,0.0,0.0,0.0,0.0,0.0,0.0,0.0,0.0,0.0,0.0,0.0,0.0,0.0,0.0,0.0,0.0,0.0,0.0,0.0,0.0,0.0,0.0,0.0,0.0,0.0,0.0,0.0,0.0,0.0,0.0,0.0,0.0,0.0,0.0,0.0,0.0,0.0,0.0,0.0,0.0,0.0,0.0,0.0,0.0,0.0,0.0,0.0
309_WIND_1,-0.04028746691746932,7.222631426273551e-08,0.9388556313443033,-0.035835898498975234,-0.042436109822719725,7.361891540824672e-08,0.9355949227343032,-0.03774573838679733,-0.0296289639577072,8.531683137746882e-08,0.954995085102718,-0.026382575878023444,-0.036581773356454295,9.60051558251962e-08,0.9444342330139142,-0.03257307525110857,-0.00558548408358428,6.271876384911224e-08,0.9915228463815002,-0.004968265886649077,-0.013762687814316998,-0.01376411538558342,0.9862361445240033,-0.01376427556106277,-0.036788277486386134,-0.03679251976865272,0.9632081032114725,-0.03679311311640622,-0.03424675813284639,-0.03425167090242076,0.9657487091778707,-0.034252598316695936,-0.031089785298050177,-0.0310949566029195,0.9689054006520701,-0.0310959541043027,-0.02289235591538913,-0.02289615763300068,0.9771041080867213,-0.02289688308506287,-0.027808667744848914,-0.02781169400332173,0.9721885230079921,-0.027812273859351713,-0.024820284206863774,-0.02482297775760922,0.9751772340296276,-0.02482347920301949,-0.021428699123652084,-0.02143103543604985,0.9785691359371382,-0.021431472102515267,-2.9746075380643333e-07,-2.9647270416433e-07,0.9999997034736068,-2.9630867593518075e-07,-0.01996036829560227,-0.019962551454571376,0.9800376003353142,-0.019962973912739754,-0.017989649089784787,-0.017993267483399467,0.9820069907671883,-0.017993961777554232,-0.009478281489446516,-0.009479399733458127,0.9905206924354928,-0.009479605275566808,-0.019745877732058048,-0.019748046367959904,0.9802521435243365,-0.01974844860367232,-0.024109528141638803,-0.024112167258907302,0.9758880301621242,-0.024112667187544398,-0.02305351082066598,-0.023056035133867225,0.9769441572188877,-0.023056511084139208,-0.01740987198375743,-0.017412772652980302,0.9825874448040365,-0.01741332105651765,-0.02150794376090648,-0.021511169752388037,0.9784890807661304,-0.02151177325109529,-0.020843093798662515,-0.02084608227534901,0.9791541427531016,-0.020846642307388762,-0.016907537734464295,-0.016909446076767365,0.9830907724305646,-0.01690976237286931,0.0,0.0,0.0,0.0,0.0,0.0,0.0,0.0,0.0,0.0,0.0,0.0,0.0,0.0,0.0,0.0,0.0,0.0,0.0,0.0,0.0,0.0,0.0,0.0,0.0,0.0,0.0,0.0,0.0,0.0,0.0,0.0,0.0,0.0,0.0,0.0,0.0,0.0,0.0,0.0,0.0,0.0,0.0,0.0,0.0,0.0,0.0,0.0
313_CC_1,-0.23784556395466994,2.8643040494991112e-08,-0.36097910597698313,-0.21156835667322782,-0.23966777567773045,-1.3184013949452122e-06,-0.36377368098074037,-0.21323581507223952,-0.22795322360992265,6.445555416734194e-06,-0.34632377404537795,-0.2030889509801402,-0.21833316890203458,7.1890848032385435e-06,-0.3316959170405607,-0.19449166095972764,-0.19961976889946614,4.354665183115003e-06,-0.3029713842773334,-0.17757083910023755,-0.15896308008894028,-0.1589576199652587,-0.1589887867213271,-0.15898353768109505,-0.10069048392689806,-0.10067391625756117,-0.1007245496846938,-0.1007064183928199,-0.05173263322775845,-0.051739845350832425,-0.05173949613405604,-0.0517415091841722,-0.03803468588999237,-0.03804103736235187,-0.03804057979333919,-0.03804218969231823,-0.033353564142303616,-0.03335921031296474,-0.03335864386418219,-0.033360273587565804,-0.04382332036569481,-0.043828150569939384,-0.04382775477337919,-0.04382907795125643,-0.04007667392395009,-0.0400810319795748,-0.04008073939563417,-0.0400821254828656,-0.028065267358584722,-0.0280684348076381,-0.02806812844060058,-0.02806900274317774,-3.7112635464797705e-07,-3.688537799639846e-07,-3.6900715549847973e-07,-3.6846695660268696e-07,-0.02391697922876246,-0.023919592230320363,-0.02391941502138062,-0.023920099273978635,-0.01972427398649601,-0.01972824212874935,-0.019727958636815757,-0.019729002915977352,-0.010297915549148273,-0.010299187678509014,-0.010299109119398686,-0.0102994628505148,-0.01890057147779145,-0.01890271365100271,-0.018902412533901902,-0.018902981186012035,-0.023102912323355707,-0.02310542820466388,-0.023105222106609702,-0.023105921161135575,-0.0196036648311535,-0.019605801459113503,-0.01960565618060528,-0.019606176956774145,-0.018612848323381614,-0.01861594780996212,-0.018615786035259152,-0.018616581077373826,-0.02467062458759428,-0.024674159328095857,-0.02467423454479256,-0.024675201007344043,-0.027658557367168952,-0.02766259601351928,-0.027662571855048945,-0.02766353552590099,-0.06583479769324097,-0.06583227337059017,-0.0658625202307288,-0.06585868448590317,0.0,0.0,0.0,0.0,0.0,0.0,0.0,0.0,0.0,0.0,0.0,0.0,0.0,0.0,0.0,0.0,0.0,0.0,0.0,0.0,0.0,0.0,0.0,0.0,0.0,0.0,0.0,0.0,0.0,0.0,0.0,0.0,0.0,0.0,0.0,0.0,0.0,0.0,0.0,0.0,0.0,0.0,0.0,0.0,0.0,0.0,0.0,0.0
315_CT_6,0.0,0.0,0.0,0.0,0.0,0.0,0.0,0.0,0.0,0.0,0.0,0.0,0.0,0.0,0.0,0.0,0.0,0.0,0.0,0.0,0.0,0.0,0.0,0.0,0.0,0.0,0.0,0.0,0.0,0.0,0.0,0.0,0.0,0.0,0.0,0.0,0.0,0.0,0.0,0.0,0.0,0.0,0.0,0.0,0.0,0.0,0.0,0.0,-0.006845759287255626,-0.006846509310175674,-0.006846434130451263,-0.006846751220665573,-1.4148844822254817e-06,-1.3579363500169664e-06,-1.3613261772582391e-06,-1.3478765721069173e-06,-0.009984805288207037,-0.009985895125088379,-0.009985833987469333,-0.009986091813859689,-0.007191025916568306,-0.007192472502760092,-0.0071923679656755845,-0.007192749689716618,-0.007674413381449328,-0.007675573609132492,-0.007675496567971812,-0.007675967764503469,-0.0069590167834218414,-0.00695989104966159,-0.006959699945639485,-0.00695998612854432,0.0,0.0,0.0,0.0,0.0,0.0,0.0,0.0,0.0,0.0,0.0,0.0,0.0,0.0,0.0,0.0,0.0,0.0,0.0,0.0,0.0,0.0,0.0,0.0,0.0,0.0,0.0,0.0,0.0,0.0,0.0,0.0,0.0,0.0,0.0,0.0,0.0,0.0,0.0,0.0,0.0,0.0,0.0,0.0,0.0,0.0,0.0,0.0,0.0,0.0,0.0,0.0,0.0,0.0,0.0,0.0,0.0,0.0,0.0,0.0,0.0,0.0,0.0,0.0,0.0,0.0,0.0,0.0,0.0,0.0,0.0,0.0
315_CT_7,0.0,0.0,0.0,0.0,0.0,0.0,0.0,0.0,0.0,0.0,0.0,0.0,0.0,0.0,0.0,0.0,0.0,0.0,0.0,0.0,0.0,0.0,0.0,0.0,0.0,0.0,0.0,0.0,0.0,0.0,0.0,0.0,0.0,0.0,0.0,0.0,0.0,0.0,0.0,0.0,0.0,0.0,0.0,0.0,-0.01270907583431198,-0.012710410976393069,-0.01271122040147557,-0.012711245088226752,-0.007258558803787364,-0.007259352829275094,-0.007259270504672155,-0.007259608514601926,-1.4194003087945474e-06,-1.362250100462329e-06,-1.3656514923314822e-06,-1.3521536050462763e-06,-0.010527483457261077,-0.010528633583928292,-0.010528568617198782,-0.010528843265623216,-0.007623296767627024,-0.007624830329454207,-0.00762471948297673,-0.007625124272382477,-0.006349332965434248,-0.006350272650071049,-0.006350223492076907,-0.006350637326268057,-0.007549193199426806,-0.00755014881791744,-0.0075499338026154324,-0.007550272691868088,0.0,0.0,0.0,0.0,0.0,0.0,0.0,0.0,0.0,0.0,0.0,0.0,0.0,0.0,0.0,0.0,0.0,0.0,0.0,0.0,0.0,0.0,0.0,0.0,0.0,0.0,0.0,0.0,0.0,0.0,0.0,0.0,0.0,0.0,0.0,0.0,0.0,0.0,0.0,0.0,0.0,0.0,0.0,0.0,0.0,0.0,0.0,0.0,0.0,0.0,0.0,0.0,0.0,0.0,0.0,0.0,0.0,0.0,0.0,0.0,0.0,0.0,0.0,0.0,0.0,0.0,0.0,0.0,0.0,0.0,0.0,0.0
315_CT_8,0.0,0.0,0.0,0.0,0.0,0.0,0.0,0.0,0.0,0.0,0.0,0.0,0.0,0.0,0.0,0.0,0.0,0.0,0.0,0.0,0.0,0.0,0.0,0.0,0.0,0.0,0.0,0.0,0.0,0.0,0.0,0.0,0.0,0.0,0.0,0.0,0.0,0.0,0.0,0.0,0.0,0.0,0.0,0.0,-0.012688395920443591,-0.012689728736865186,-0.012690536487917863,-0.012690561415948962,-0.007043041220653766,-0.007043810062971043,-0.007043732078867637,-0.007044056041854773,-1.4156088636419668e-06,-1.3586300951480667e-06,-1.3620226998219003e-06,-1.3485646959478121e-06,-0.010198909251458619,-0.010200017386237256,-0.010199957663308355,-0.010200219302350487,-0.007104685435375375,-0.007106114653472193,-0.007106011349012538,-0.007106388511405377,-0.005901882239026384,-0.005902758768420239,-0.0059027044272283325,-0.005903085281316273,-0.006863946608382171,-0.006864808788309482,-0.00686461939475786,-0.006864900151479264,0.0,0.0,0.0,0.0,0.0,0.0,0.0,0.0,0.0,0.0,0.0,0.0,0.0,0.0,0.0,0.0,0.0,0.0,0.0,0.0,0.0,0.0,0.0,0.0,0.0,0.0,0.0,0.0,0.0,0.0,0.0,0.0,0.0,0.0,0.0,0.0,0.0,0.0,0.0,0.0,0.0,0.0,0.0,0.0,0.0,0.0,0.0,0.0,0.0,0.0,0.0,0.0,0.0,0.0,0.0,0.0,0.0,0.0,0.0,0.0,0.0,0.0,0.0,0.0,0.0,0.0,0.0,0.0,0.0,0.0,0.0,0.0
315_STEAM_1,0.0,0.0,0.0,0.0,0.0,0.0,0.0,0.0,0.0,0.0,0.0,0.0,0.0,0.0,0.0,0.0,0.0,0.0,0.0,0.0,0.0,0.0,0.0,0.0,0.0,0.0,0.0,0.0,0.0,0.0,0.0,0.0,0.0,0.0,0.0,0.0,0.0,0.0,0.0,0.0,0.0,0.0,0.0,0.0,0.0,0.0,0.0,0.0,0.0,0.0,0.0,0.0,0.0,0.0,0.0,0.0,0.0,0.0,0.0,0.0,0.0,0.0,0.0,0.0,0.0,0.0,0.0,0.0,0.0,0.0,0.0,0.0,0.0,0.0,0.0,0.0,0.0,0.0,0.0,0.0,0.0,0.0,0.0,0.0,0.0,0.0,0.0,0.0,0.0,0.0,0.0,0.0,0.0,0.0,0.0,0.0,0.0,0.0,0.0,0.0,0.0,0.0,0.0,0.0,0.0,0.0,0.0,0.0,0.0,0.0,0.0,0.0,0.0,0.0,0.0,0.0,0.0,0.0,0.0,0.0,0.0,0.0,0.0,0.0,0.0,0.0,0.0,0.0,0.0,0.0,0.0,0.0,0.0,0.0,0.0,0.0,0.0,0.0,0.0,0.0,0.0,0.0,0.0,0.0
315_STEAM_2,0.0,0.0,0.0,0.0,0.0,0.0,0.0,0.0,0.0,0.0,0.0,0.0,0.0,0.0,0.0,0.0,0.0,0.0,0.0,0.0,0.0,0.0,0.0,0.0,0.0,0.0,0.0,0.0,0.0,0.0,0.0,0.0,0.0,0.0,0.0,0.0,0.0,0.0,0.0,0.0,0.0,0.0,0.0,0.0,0.0,0.0,0.0,0.0,0.0,0.0,0.0,0.0,0.0,0.0,0.0,0.0,0.0,0.0,0.0,0.0,0.0,0.0,0.0,0.0,0.0,0.0,0.0,0.0,0.0,0.0,0.0,0.0,0.0,0.0,0.0,0.0,0.0,0.0,0.0,0.0,0.0,0.0,0.0,0.0,0.0,0.0,0.0,0.0,0.0,0.0,0.0,0.0,0.0,0.0,0.0,0.0,0.0,0.0,0.0,0.0,0.0,0.0,0.0,0.0,0.0,0.0,0.0,0.0,0.0,0.0,0.0,0.0,0.0,0.0,0.0,0.0,0.0,0.0,0.0,0.0,0.0,0.0,0.0,0.0,0.0,0.0,0.0,0.0,0.0,0.0,0.0,0.0,0.0,0.0,0.0,0.0,0.0,0.0,0.0,0.0,0.0,0.0,0.0,0.0
315_STEAM_3,0.0,0.0,0.0,0.0,0.0,0.0,0.0,0.0,0.0,0.0,0.0,0.0,0.0,0.0,0.0,0.0,0.0,0.0,0.0,0.0,0.0,0.0,0.0,0.0,0.0,0.0,0.0,0.0,0.0,0.0,0.0,0.0,0.0,0.0,0.0,0.0,0.0,0.0,0.0,0.0,0.0,0.0,0.0,0.0,0.0,0.0,0.0,0.0,0.0,0.0,0.0,0.0,0.0,0.0,0.0,0.0,0.0,0.0,0.0,0.0,0.0,0.0,0.0,0.0,0.0,0.0,0.0,0.0,0.0,0.0,0.0,0.0,0.0,0.0,0.0,0.0,0.0,0.0,0.0,0.0,0.0,0.0,0.0,0.0,0.0,0.0,0.0,0.0,0.0,0.0,0.0,0.0,0.0,0.0,0.0,0.0,0.0,0.0,0.0,0.0,0.0,0.0,0.0,0.0,0.0,0.0,0.0,0.0,0.0,0.0,0.0,0.0,0.0,0.0,0.0,0.0,0.0,0.0,0.0,0.0,0.0,0.0,0.0,0.0,0.0,0.0,0.0,0.0,0.0,0.0,0.0,0.0,0.0,0.0,0.0,0.0,0.0,0.0,0.0,0.0,0.0,0.0,0.0,0.0
315_STEAM_4,0.0,0.0,0.0,0.0,0.0,0.0,0.0,0.0,0.0,0.0,0.0,0.0,0.0,0.0,0.0,0.0,0.0,0.0,0.0,0.0,0.0,0.0,0.0,0.0,0.0,0.0,0.0,0.0,0.0,0.0,0.0,0.0,0.0,0.0,0.0,0.0,0.0,0.0,0.0,0.0,0.0,0.0,0.0,0.0,0.0,0.0,0.0,0.0,0.0,0.0,0.0,0.0,0.0,0.0,0.0,0.0,0.0,0.0,0.0,0.0,0.0,0.0,0.0,0.0,0.0,0.0,0.0,0.0,0.0,0.0,0.0,0.0,0.0,0.0,0.0,0.0,0.0,0.0,0.0,0.0,0.0,0.0,0.0,0.0,0.0,0.0,0.0,0.0,0.0,0.0,0.0,0.0,0.0,0.0,0.0,0.0,0.0,0.0,0.0,0.0,0.0,0.0,0.0,0.0,0.0,0.0,0.0,0.0,0.0,0.0,0.0,0.0,0.0,0.0,0.0,0.0,0.0,0.0,0.0,0.0,0.0,0.0,0.0,0.0,0.0,0.0,0.0,0.0,0.0,0.0,0.0,0.0,0.0,0.0,0.0,0.0,0.0,0.0,0.0,0.0,0.0,0.0,0.0,0.0
315_STEAM_5,0.0,0.0,0.0,0.0,0.0,0.0,0.0,0.0,0.0,0.0,0.0,0.0,0.0,0.0,0.0,0.0,0.0,0.0,0.0,0.0,0.0,0.0,0.0,0.0,0.0,0.0,0.0,0.0,0.0,0.0,0.0,0.0,0.0,0.0,0.0,0.0,0.0,0.0,0.0,0.0,0.0,0.0,0.0,0.0,0.0,0.0,0.0,0.0,0.0,0.0,0.0,0.0,0.0,0.0,0.0,0.0,0.0,0.0,0.0,0.0,0.0,0.0,0.0,0.0,0.0,0.0,0.0,0.0,0.0,0.0,0.0,0.0,0.0,0.0,0.0,0.0,0.0,0.0,0.0,0.0,0.0,0.0,0.0,0.0,0.0,0.0,0.0,0.0,0.0,0.0,0.0,0.0,0.0,0.0,0.0,0.0,0.0,0.0,0.0,0.0,0.0,0.0,0.0,0.0,0.0,0.0,0.0,0.0,0.0,0.0,0.0,0.0,0.0,0.0,0.0,0.0,0.0,0.0,0.0,0.0,0.0,0.0,0.0,0.0,0.0,0.0,0.0,0.0,0.0,0.0,0.0,0.0,0.0,0.0,0.0,0.0,0.0,0.0,0.0,0.0,0.0,0.0,0.0,0.0
316_STEAM_1,0.035230640931880663,9.956059292548503e-07,0.05346530836498786,0.03132648081053075,0.01934081415699751,4.4017026767928513e-07,0.029348202160186965,0.017193479555288653,0.012967331832626605,8.823736130647575e-08,0.01969523803822293,0.011544244714910794,0.014915737956476605,2.6652218998446386e-07,0.022653096100752723,0.013277602535855675,0.019619502109060938,4.101920147991933e-07,0.02977563108018222,0.017449998711084446,0.030822494710975812,0.030801699836178087,0.030837156509740282,0.03082308867849658,0.04335619318683914,0.043348769709357526,0.04337113668074233,0.04336141838549478,-0.028216127056832685,-0.02822006851468406,-0.028219866129869597,-0.028221201391781806,-0.027467640455771436,-0.02747223801693055,-0.027471895387952028,-0.0274731283206688,-0.021108199105338454,-0.021111765978338193,-0.021111417040368785,-0.0211125091628684,-0.02402418787239341,-0.024026833237717038,-0.02402667076687548,-0.024027404512528477,-0.022751418200311457,-0.0227539056948588,-0.022753828419293853,-0.0227545959738777,-0.019787427317554618,-0.019789595316562547,-0.019789404622597484,-0.019790007665238682,-5.999745690266067e-07,-5.960081754796676e-07,-5.962577049878348e-07,-5.953192728215452e-07,-0.017594571656887326,-0.017596494134462404,-0.017596362704688895,-0.017596865951704156,-0.013206595214907357,-0.01320925194809075,-0.013209060169911302,-0.013209761829264678,-0.008615485889867047,-0.008616559249966904,-0.00861649067202408,-0.00861683781634299,-0.012561467785553337,-0.012562899210863676,-0.012562632101793092,-0.012563125035253739,-0.01350271858258334,-0.013504194577395268,-0.013504033720612707,-0.013504562857856431,-0.012191345286208799,-0.012192676963625748,-0.012192478716361643,-0.012192987667274216,-0.011086753996938037,-0.011088568255792658,-0.011088570019814115,-0.011089043296618828,-0.015650569010282334,-0.01565280047474865,-0.015652886126705123,-0.015653590508904143,-0.016403390051828896,-0.016405882199047872,-0.016406123391219607,-0.016406598514969933,0.025142143262776973,0.025137995524963763,0.025150868621860667,0.02513734882544096,0.0,0.0,0.0,0.0,0.0,0.0,0.0,0.0,0.0,0.0,0.0,0.0,0.0,0.0,0.0,0.0,0.0,0.0,0.0,0.0,0.0,0.0,0.0,0.0,0.0,0.0,0.0,0.0,0.0,0.0,0.0,0.0,0.0,0.0,0.0,0.0,0.0,0.0,0.0,0.0,0.0,0.0,0.0,0.0,0.0,0.0,0.0,0.0
317_WIND_1,-0.5052221726322159,1.335678509128968e-06,-0.7667743236376907,0.5506136679219789,-0.5157486191567626,7.014894602974664e-07,-0.7827485508501439,0.5412583999053429,-0.3341753277393513,3.718913745842656e-07,-0.5075894120726119,0.7024498056359135,-0.33680260643754156,4.960947919130376e-08,-0.5115798654209058,0.7001131298590094,-0.08522951703830994,1.9968077591414612e-06,-0.12935414004192936,0.92418918926794,-0.0998410129190539,-0.0998513740407363,-0.09984949331268211,0.900147533896345,-0.08574506901298662,-0.08575482829529424,-0.08575365520246692,0.9142436273271182,-0.09318968945469885,-0.09320303169318223,-0.0932020620156564,0.9067944067879303,-0.0599194344109355,-0.05992938807650283,-0.05992869451796068,0.9400686909467941,-0.06680888014248776,-0.06681995844464161,-0.06681919898318611,0.933177904015864,-0.11438656058458685,-0.11439898863501874,-0.11439809022943948,0.8855986302052758,-0.07970662003016038,-0.07971518884754403,-0.07971457259319337,0.9202831317217697,-0.051009422918518954,-0.0510149378435063,-0.05101457605208992,0.9489839765686718,-6.955730280644445e-07,-6.933669229880479e-07,-6.934964922322706e-07,0.9999993070080722,-0.04565716154084143,-0.045662142639689485,-0.0456618205342032,0.9543368733844084,-0.05444940198056836,-0.05446034825660817,-0.05445957912659871,0.9455375429405547,-0.14473444861398121,-0.14475148092279477,-0.14475020546402284,0.8552453122174047,-0.08614928522626197,-0.0861586810209225,-0.086158063185648,0.9138394811966482,-0.13242745268505374,-0.13244192914670805,-0.13244093114127153,0.867555277292365,-0.17342334312706242,-0.17344230652217973,-0.1734409917508799,0.8265540535354841,-0.19747475516426416,-0.19750759083325287,-0.19750523295294364,0.8024861185345578,-0.22348177451208695,-0.22351527817908412,-0.22351279142195857,0.7764783914503885,-0.3172986440324889,-0.3173441113956854,-0.3173407846601215,0.6826472942737909,-0.2847159607393799,-0.28474803581294683,-0.28474447815665016,0.7152465843170188,0.0,0.0,0.0,0.0,0.0,0.0,0.0,0.0,0.0,0.0,0.0,0.0,0.0,0.0,0.0,0.0,0.0,0.0,0.0,0.0,0.0,0.0,0.0,0.0,0.0,0.0,0.0,0.0,0.0,0.0,0.0,0.0,0.0,0.0,0.0,0.0,0.0,0.0,0.0,0.0,0.0,0.0,0.0,0.0,0.0,0.0,0.0,0.0
318_CC_1,0.0,0.0,0.0,0.0,0.0,0.0,0.0,0.0,0.0,0.0,0.0,0.0,0.0,0.0,0.0,0.0,0.0,0.0,0.0,0.0,0.0,0.0,0.0,0.0,0.0,0.0,0.0,0.0,0.0,0.0,0.0,0.0,0.0,0.0,0.0,0.0,-0.019524981754858617,-0.019528410564077392,-0.019527987752613996,-0.019529019179065483,-0.05159611181748536,-0.05160736753965445,-0.051607451617866396,-0.051609778027232885,-0.0406777140081761,-0.04068397758004583,-0.04068294048674659,-0.040684895061912474,-0.0346020106131647,-0.03460611175226136,-0.03460539999401657,-0.03460648423091378,-2.136311994749285e-06,-2.033048749794375e-06,-2.0393027266862873e-06,-2.014826486658814e-06,-0.02800240828580447,-0.028005321447049702,-0.02800522725795762,-0.028005928307447962,-0.0237431401121162,-0.023747916044058126,-0.023747571880187834,-0.02374883429464183,-0.021372648686359352,-0.021375608266115065,-0.02137556492937831,-0.021376581290717886,-0.0257728780842974,-0.025776198254405025,-0.025774681781304043,-0.025777110856547717,-0.026908602288356676,-0.026911512134661253,-0.02691048780553551,-0.026913118369908874,-0.02633794486169272,-0.026341694113705905,-0.02633520182484217,-0.02634515895688153,-0.011177009153813144,-0.011178934957358055,-0.011178548005828848,-0.011179088483904592,0.0,0.0,0.0,0.0,0.0,0.0,0.0,0.0,0.0,0.0,0.0,0.0,0.0,0.0,0.0,0.0,0.0,0.0,0.0,0.0,0.0,0.0,0.0,0.0,0.0,0.0,0.0,0.0,0.0,0.0,0.0,0.0,0.0,0.0,0.0,0.0,0.0,0.0,0.0,0.0,0.0,0.0,0.0,0.0,0.0,0.0,0.0,0.0,0.0,0.0,0.0,0.0,0.0,0.0,0.0,0.0,0.0,0.0,0.0,0.0
321_CC_1,0.0,0.0,0.0,0.0,0.0,0.0,0.0,0.0,0.0,0.0,0.0,0.0,0.0,0.0,0.0,0.0,0.0,0.0,0.0,0.0,0.0,0.0,0.0,0.0,0.0,0.0,0.0,0.0,0.0,0.0,0.0,0.0,0.0,0.0,0.0,0.0,-0.02484748354535382,-0.024851968289000936,-0.024850969489659036,-0.024852721136027406,-0.04658196822003091,-0.04658745614519488,-0.04658703720136792,-0.046588530802149385,-0.03970275304452786,-0.03970799317672569,-0.03970739588295036,-0.03970924145015323,-0.0325689339310159,-0.03257254789494146,-0.032572144905964606,-0.032573137524519166,-8.361033511095073e-07,-8.277528364963871e-07,-8.282548815685686e-07,-8.26280711067382e-07,-0.028133933336262018,-0.02813698188742042,-0.028136787697836674,-0.028137579184720294,-0.023715247748100743,-0.023720018065315096,-0.023719674998863738,-0.023720934826354168,-0.01891614200792413,-0.01891856728885699,-0.01891846858025259,-0.018919225877295952,-0.024028237245005912,-0.024031061573771773,-0.024030295706217064,-0.0240315644847332,-0.026071543894950366,-0.026074369947287956,-0.02607382746063669,-0.0260753809135116,-0.024129517298654424,-0.0241322704502982,-0.024130943836982333,-0.024133282031246477,-0.02336971664383053,-0.023373727017704793,-0.023373060845300664,-0.023374295638222235,-0.012384892757430044,-0.01238679251339031,-0.01238658052984798,-0.012386894080637785,0.0,0.0,0.0,0.0,0.0,0.0,0.0,0.0,0.0,0.0,0.0,0.0,0.0,0.0,0.0,0.0,0.0,0.0,0.0,0.0,0.0,0.0,0.0,0.0,0.0,0.0,0.0,0.0,0.0,0.0,0.0,0.0,0.0,0.0,0.0,0.0,0.0,0.0,0.0,0.0,0.0,0.0,0.0,0.0,0.0,0.0,0.0,0.0,0.0,0.0,0.0,0.0,0.0,0.0,0.0,0.0
322_CT_5,0.0,0.0,0.0,0.0,0.0,0.0,0.0,0.0,0.0,0.0,0.0,0.0,0.0,0.0,0.0,0.0,0.0,0.0,0.0,0.0,0.0,0.0,0.0,0.0,0.0,0.0,0.0,0.0,0.0,0.0,0.0,0.0,0.0,0.0,0.0,0.0,0.0,0.0,0.0,0.0,0.0,0.0,0.0,0.0,0.0,0.0,0.0,0.0,-0.007032861870203931,-0.007033610926420839,-0.007033549194568552,-0.007033789813605014,-8.542607432586412e-07,-8.464151534318979e-07,-8.468971215371565e-07,-8.450464115184424e-07,-0.006613464547249446,-0.006614189158863955,-0.006614137710597876,-0.0066143249099157985,-0.004881912165684512,-0.0048828942492715535,-0.004882822635271136,-0.004883082343136023,-0.005073314618625587,-0.005073969682612541,-0.00507392985375898,-0.0050741071048143824,-0.004956271167263081,-0.004956846527511464,-0.004956743426360119,-0.004956899358565644,0.0,0.0,0.0,0.0,0.0,0.0,0.0,0.0,0.0,0.0,0.0,0.0,0.0,0.0,0.0,0.0,0.0,0.0,0.0,0.0,0.0,0.0,0.0,0.0,0.0,0.0,0.0,0.0,0.0,0.0,0.0,0.0,0.0,0.0,0.0,0.0,0.0,0.0,0.0,0.0,0.0,0.0,0.0,0.0,0.0,0.0,0.0,0.0,0.0,0.0,0.0,0.0,0.0,0.0,0.0,0.0,0.0,0.0,0.0,0.0,0.0,0.0,0.0,0.0,0.0,0.0,0.0,0.0,0.0,0.0,0.0,0.0
322_CT_6,0.0,0.0,0.0,0.0,0.0,0.0,0.0,0.0,0.0,0.0,0.0,0.0,0.0,0.0,0.0,0.0,0.0,0.0,0.0,0.0,0.0,0.0,0.0,0.0,0.0,0.0,0.0,0.0,0.0,0.0,0.0,0.0,0.0,0.0,0.0,0.0,0.0,0.0,0.0,0.0,0.0,0.0,0.0,0.0,0.0,0.0,0.0,0.0,-0.007037656420719608,-0.0070384059963212306,-0.007038344134578493,-0.007038584965343547,-8.551876204372678e-07,-8.473332385524309e-07,-8.478164395029612e-07,-8.459624378811263e-07,-0.006609322031313599,-0.0066100461876875275,-0.006609994771063668,-0.006610181850433178,-0.004738176758467853,-0.004739129919302941,-0.004739060505515577,-0.004739312388136829,-0.005071697350574448,-0.005072352214035145,-0.0050723123894863605,-0.0050724895835511765,-0.0050089408031368755,-0.005009524881759294,-0.0050094153735063904,-0.005009591927527555,0.0,0.0,0.0,0.0,0.0,0.0,0.0,0.0,0.0,0.0,0.0,0.0,0.0,0.0,0.0,0.0,0.0,0.0,0.0,0.0,0.0,0.0,0.0,0.0,0.0,0.0,0.0,0.0,0.0,0.0,0.0,0.0,0.0,0.0,0.0,0.0,0.0,0.0,0.0,0.0,0.0,0.0,0.0,0.0,0.0,0.0,0.0,0.0,0.0,0.0,0.0,0.0,0.0,0.0,0.0,0.0,0.0,0.0,0.0,0.0,0.0,0.0,0.0,0.0,0.0,0.0,0.0,0.0,0.0,0.0,0.0,0.0
323_CC_1,0.02866325953348424,5.259306487753008e-07,0.043500162222544755,0.025490317341595188,0.0165114151719672,2.959265727707494e-07,0.0250565679997937,0.014682750026873395,0.01003049575828657,4.4913199587280454e-08,0.015235586671356577,0.008930685526674557,0.012370027180410909,1.4133687919093592e-07,0.018788310208966274,0.011013016068460684,0.016218960747394935,-3.726747793628138e-07,0.024615573222002304,0.014426287179026706,0.02723261111873065,0.027233785802692537,0.027235675127504043,0.0272356459653884,0.057876178387909816,0.05788269286824854,0.05788159427070649,0.057883553916571594,0.10412886433778192,0.10414508073356203,0.1041424088702631,0.10414495527655473,0.0735434190229664,0.0734525797848263,0.0734586837157371,0.0734348655591701,-0.020163999104106763,-0.020270346125902245,-0.02026392013285621,-0.020291052194122625,0.050646021108157656,0.05058915791019445,0.05059407448774104,0.05057844020288551,-0.003535269756693483,-0.0035960704596969704,-0.003592044526982161,-0.003609925844522328,-0.026117160328279106,-0.026182850766747038,-0.026179597014560293,-0.02619662628823873,-0.039957537183793655,-0.034879139486449814,-0.03522828309619791,-0.03401357781500576,-0.025368700494127473,-0.025370868487018902,-0.025371033611573456,-0.0253714578728035,-0.0202233715696815,-0.0202274400978711,-0.020227150301537454,-0.020228219599883364,-0.010928449397038034,-0.010929981702421319,-0.01092995772366518,-0.010930392457285398,-0.01606077768766338,-0.016129691273132428,-0.01612719993397075,-0.01614368029662269,-0.003145425806441615,-0.0032139918235257236,-0.003209572327922577,-0.0032268015177356365,0.010115898875838058,0.010049606242191048,0.010050945379637972,0.010038502782643644,-0.021199733168497884,-0.021306315863864212,-0.021299166572887655,-0.021327143482560634,0.07853933288335795,0.07855086350604759,0.07854968920725303,0.07855232016073958,0.05634633271245194,0.0563542005142404,0.05635278576020375,0.05635498869001353,0.03384133952634523,0.03384511218770691,0.03384442111116212,0.03384564477021073,0.0,0.0,0.0,0.0,0.0,0.0,0.0,0.0,0.0,0.0,0.0,0.0,0.0,0.0,0.0,0.0,0.0,0.0,0.0,0.0,0.0,0.0,0.0,0.0,0.0,0.0,0.0,0.0,0.0,0.0,0.0,0.0,0.0,0.0,0.0,0.0,0.0,0.0,0.0,0.0,0.0,0.0,0.0,0.0,0.0,0.0,0.0,0.0
323_CC_2,0.028663259544026723,5.259305049582679e-07,0.04350016223761506,0.025490317351118574,0.016511415186603033,2.9592642939238467e-07,0.025056568019924085,0.014682750040014104,0.010030495773048657,4.491305573555305e-08,0.015235586691697472,0.008930685539951792,0.012370027186349946,1.4133673643490323e-07,0.018788310217055005,0.0110130160738837,0.01621896075890416,-3.7267492303955096e-07,0.024615573238537195,0.014426287189377584,0.027232611040239666,0.027233785724198874,0.027235675048000042,0.02723564588700518,0.057876178454253635,0.05788269293459969,0.057881594337056974,0.057883553982801324,0.10412886424196142,0.1041450806378696,0.10414240877356767,0.10414495518066318,0.07354341890700883,0.07345257965040744,0.07345868359820767,0.073434865436325,-0.020163999109772127,-0.020270346131531374,-0.020263920139513676,-0.020291052199636807,0.0506460211196744,0.05058915792399634,0.05059407449973071,0.05057844021744695,-0.0035352697096504675,-0.0035960704132166734,-0.0035920444811720987,-0.003609925798375125,-0.02611716041506689,-0.02618285085422228,-0.02617959710305862,-0.026196626375676116,-0.03995753754546597,-0.03487913980229897,-0.03522828341606682,-0.03401357812273981,-0.025368700770067986,-0.025370868762997614,-0.025371033888549877,-0.025371458148627932,-0.020223372671189635,-0.020227441199600335,-0.02022715140425755,-0.02022822070169411,-0.01092844941977815,-0.010929981725164685,-0.01092995774741428,-0.010930392479901218,-0.016060777732687288,-0.016129691318154928,-0.016127199979615946,-0.016143680341701515,-0.0031454257215726145,-0.003213991738551576,-0.0032095722439724975,-0.003226801429713197,0.010115898874136798,0.010049606240548667,0.010050945377783997,0.010038502780877485,-0.021199733276848206,-0.02130631597246092,-0.021299166682027477,-0.021327143591062407,0.07853933296166456,0.07855086358458072,0.07854968928528172,0.07855232023945286,0.05634633278266326,0.05635420058426071,0.05635278582972014,0.05635498876000529,0.0338413399050224,0.03384511256664247,0.03384442148958658,0.033845645149433584,0.0,0.0,0.0,0.0,0.0,0.0,0.0,0.0,0.0,0.0,0.0,0.0,0.0,0.0,0.0,0.0,0.0,0.0,0.0,0.0,0.0,0.0,0.0,0.0,0.0,0.0,0.0,0.0,0.0,0.0,0.0,0.0,0.0,0.0,0.0,0.0,0.0,0.0,0.0,0.0,0.0,0.0,0.0,0.0,0.0,0.0,0.0,0.0
