gen_id,gen_type,time,Z_row_sum,Z_row_abs_sum,Z_row_norm,Z_k0,Z_k1,Z_k2,Z_k3
101_CT_1,THERMAL,2020-07-15 00:00:00,0.0,0.0,0.0,0.0,0.0,0.0,0.0
101_CT_2,THERMAL,2020-07-15 00:00:00,0.0,0.0,0.0,0.0,0.0,0.0,0.0
101_STEAM_3,THERMAL,2020-07-15 00:00:00,0.006420311298287754,0.006420311298287754,0.0037179507262679098,0.002014219219857292,4.331898826322002e-05,0.0025330308855938165,0.001829742204573425
101_STEAM_4,THERMAL,2020-07-15 00:00:00,0.007792033662700635,0.007792033662700635,0.0046106666103872245,0.002311718182785379,4.6737610778955986e-07,0.003410683992820569,0.0020691641109868977
102_CT_1,THERMAL,2020-07-15 00:00:00,0.0,0.0,0.0,0.0,0.0,0.0,0.0
102_CT_2,THERMAL,2020-07-15 00:00:00,0.0,0.0,0.0,0.0,0.0,0.0,0.0
102_STEAM_3,THERMAL,2020-07-15 00:00:00,-0.18312856326250393,0.18312982116622462,0.1087293896614657,-0.053800855976804646,6.289518603430633e-07,-0.08146653097247913,-0.047861805265080486
102_STEAM_4,THERMAL,2020-07-15 00:00:00,-0.18924906622264565,0.18924906622264565,0.11238056828300713,-0.055545429797724755,-1.2644175088782905e-05,-0.08427329707555464,-0.04941769517427747
107_CC_1,THERMAL,2020-07-15 00:00:00,0.11299375651248089,0.11300518020381023,0.06713341655495818,0.033138473178510264,-5.711845664668758e-06,0.05041496003604351,0.029446035143591787
113_CT_1,THERMAL,2020-07-15 00:00:00,0.0,0.0,0.0,0.0,0.0,0.0,0.0
113_CT_2,THERMAL,2020-07-15 00:00:00,0.0,0.0,0.0,0.0,0.0,0.0,0.0
113_CT_3,THERMAL,2020-07-15 00:00:00,0.0,0.0,0.0,0.0,0.0,0.0,0.0
113_CT_4,THERMAL,2020-07-15 00:00:00,0.0,0.0,0.0,0.0,0.0,0.0,0.0
115_STEAM_1,THERMAL,2020-07-15 00:00:00,0.0,0.0,0.0,0.0,0.0,0.0,0.0
115_STEAM_2,THERMAL,2020-07-15 00:00:00,0.0,0.0,0.0,0.0,0.0,0.0,0.0
115_STEAM_3,THERMAL,2020-07-15 00:00:00,0.17501413659535264,0.17504653419533528,0.10395076784692195,0.05143604708066396,-1.6198799991318236e-05,0.07795760334439805,0.045636684970281956
116_STEAM_1,THERMAL,2020-07-15 00:00:00,-0.44431411675880633,0.44431411675880633,0.2637343224226574,-0.13062532815439004,-1.6855666644888245e-05,-0.1974424648880042,-0.1162294680497672
118_CC_1,THERMAL,2020-07-15 00:00:00,0.0,0.0,0.0,0.0,0.0,0.0,0.0
122_WIND_1,WIND,2020-07-15 00:00:00,0.7382578364112502,1.1083013710254142,0.9331279347923677,0.9232754985260527,4.105192279446612e-06,-0.11673452196168199,-0.06828724534539997
123_CT_1,THERMAL,2020-07-15 00:00:00,0.0,0.0,0.0,0.0,0.0,0.0,0.0
123_CT_4,THERMAL,2020-07-15 00:00:00,0.0,0.0,0.0,0.0,0.0,0.0,0.0
123_CT_5,THERMAL,2020-07-15 00:00:00,0.0,0.0,0.0,0.0,0.0,0.0,0.0
123_STEAM_2,THERMAL,2020-07-15 00:00:00,0.13962491560905302,0.1396923623995955,0.08298116442006441,0.04094161741025615,-3.372339527124568e-05,0.062341794258330196,0.03637522733573791
123_STEAM_3,THERMAL,2020-07-15 00:00:00,0.3702598590131162,0.371237902065395,0.21995459145551996,0.10903995735441874,-0.0004890215261393882,0.16435289904235617,0.0973560241424807
201_CT_1,THERMAL,2020-07-15 00:00:00,0.0,0.0,0.0,0.0,0.0,0.0,0.0
201_CT_2,THERMAL,2020-07-15 00:00:00,0.0,0.0,0.0,0.0,0.0,0.0,0.0
201_STEAM_3,THERMAL,2020-07-15 00:00:00,0.09669011627619867,0.09669415449396573,0.057420731176494114,0.028385685482435696,-2.0191088835330717e-06,0.043055687400198384,0.02525076250244812
202_CT_1,THERMAL,2020-07-15 00:00:00,0.0,0.0,0.0,0.0,0.0,0.0,0.0
202_CT_2,THERMAL,2020-07-15 00:00:00,0.0,0.0,0.0,0.0,0.0,0.0,0.0
202_STEAM_3,THERMAL,2020-07-15 00:00:00,0.13355823592819435,0.13355823592819435,0.07928405652028736,0.03922776933700468,2.585121207594114e-05,0.05940920007646361,0.034895415302650126
202_STEAM_4,THERMAL,2020-07-15 00:00:00,0.15817392505106187,0.1582137799077895,0.09400501951948709,0.04636576985890583,-1.9927428363827144e-05,0.07065172518285029,0.04117635743766957
207_CT_1,THERMAL,2020-07-15 00:00:00,0.06889637468262796,0.06890493205995935,0.0409183085844263,0.020224238003333207,-4.27868866569839e-06,0.030686099056340933,0.017990316311619514
207_CT_2,THERMAL,2020-07-15 00:00:00,0.06949626557913625,0.06949626557913625,0.041268137814144054,0.020403775789575605,4.768756581613161e-06,0.03094475620885514,0.018142964824123895
212_CSP_1,THERMAL,2020-07-15 00:00:00,-0.22376196322479347,0.2237679210404585,0.13288571104746938,-0.06569336584511098,2.978907832518196e-06,-0.09964746275607617,-0.05842411353143883
213_CC_3,THERMAL,2020-07-15 00:00:00,0.0,0.0,0.0,0.0,0.0,0.0,0.0
213_CT_1,THERMAL,2020-07-15 00:00:00,0.0,0.0,0.0,0.0,0.0,0.0,0.0
213_CT_2,THERMAL,2020-07-15 00:00:00,0.0,0.0,0.0,0.0,0.0,0.0,0.0
215_CT_4,THERMAL,2020-07-15 00:00:00,0.0,0.0,0.0,0.0,0.0,0.0,0.0
215_CT_5,THERMAL,2020-07-15 00:00:00,0.0,0.0,0.0,0.0,0.0,0.0,0.0
216_STEAM_1,THERMAL,2020-07-15 00:00:00,0.07618802512587979,0.07618802512587979,0.045094133931820136,0.02194214010972273,0.0005493423061394553,0.03426656886833834,0.019429973841679257
218_CC_1,THERMAL,2020-07-15 00:00:00,0.0,0.0,0.0,0.0,0.0,0.0,0.0
221_CC_1,THERMAL,2020-07-15 00:00:00,0.08056803463833762,0.08057353511764254,0.047849210215136155,0.023651116559762597,-2.750239652460351e-06,0.03588436361883307,0.02103530469939441
223_CT_4,THERMAL,2020-07-15 00:00:00,0.0,0.0,0.0,0.0,0.0,0.0,0.0
223_CT_5,THERMAL,2020-07-15 00:00:00,0.0,0.0,0.0,0.0,0.0,0.0,0.0
223_CT_6,THERMAL,2020-07-15 00:00:00,0.0,0.0,0.0,0.0,0.0,0.0,0.0
223_STEAM_1,THERMAL,2020-07-15 00:00:00,-0.4298404400551444,0.4298404400551444,0.2553453835839997,-0.12606436254983952,-7.998513225095615e-06,-0.1917056318883411,-0.11206244710373862
223_STEAM_2,THERMAL,2020-07-15 00:00:00,-0.42787823824330906,0.42794254224262684,0.25414382531194923,-0.1255612745765177,3.2151999658904494e-05,-0.1906457838403911,-0.11170333182605921
223_STEAM_3,THERMAL,2020-07-15 00:00:00,0.17360439466346522,0.17361549103202145,0.10305039201325443,0.05105485900061746,-5.548184278114654e-06,0.07713488008830716,0.04542020375881871
301_CT_1,THERMAL,2020-07-15 00:00:00,0.0,0.0,0.0,0.0,0.0,0.0,0.0
301_CT_2,THERMAL,2020-07-15 00:00:00,0.0,0.0,0.0,0.0,0.0,0.0,0.0
301_CT_3,THERMAL,2020-07-15 00:00:00,0.0,0.0,0.0,0.0,0.0,0.0,0.0
301_CT_4,THERMAL,2020-07-15 00:00:00,0.0,0.0,0.0,0.0,0.0,0.0,0.0
302_CT_1,THERMAL,2020-07-15 00:00:00,0.0,0.0,0.0,0.0,0.0,0.0,0.0
302_CT_2,THERMAL,2020-07-15 00:00:00,0.0,0.0,0.0,0.0,0.0,0.0,0.0
302_CT_3,THERMAL,2020-07-15 00:00:00,0.0,0.0,0.0,0.0,0.0,0.0,0.0
302_CT_4,THERMAL,2020-07-15 00:00:00,0.0,0.0,0.0,0.0,0.0,0.0,0.0
303_WIND_1,WIND,2020-07-15 00:00:00,-0.15000455909678917,0.6892960498731389,0.4062389638759019,-0.16358476145880996,-1.61467707284757e-05,0.2696457453881749,-0.2560493962554256
307_CT_1,THERMAL,2020-07-15 00:00:00,0.0,0.0,0.0,0.0,0.0,0.0,0.0
307_CT_2,THERMAL,2020-07-15 00:00:00,0.0,0.0,0.0,0.0,0.0,0.0,0.0
309_WIND_1,WIND,2020-07-15 00:00:00,0.8141438467929157,1.0202660520051308,0.9201022161971245,-0.05454776719586829,3.180090837773264e-06,0.9172017693081855,-0.048513335410239236
313_CC_1,THERMAL,2020-07-15 00:00:00,-0.909489010424641,0.909489010424641,0.5401298768858163,-0.26691127922090596,-1.9006986243130797e-05,-0.4051178840842544,-0.2374408401332375
315_CT_6,THERMAL,2020-07-15 00:00:00,0.0,0.0,0.0,0.0,0.0,0.0,0.0
315_CT_7,THERMAL,2020-07-15 00:00:00,0.07091754052678556,0.07091926353267047,0.04212184301644587,0.020809156292972163,-8.615029424614449e-07,0.0316029210664324,0.018506324670323454
315_CT_8,THERMAL,2020-07-15 00:00:00,0.07754322439776484,0.07754847193658207,0.046061017174515016,0.02274792220182985,-2.6237694086138526e-06,0.034566353955496495,0.020231572009847116
315_STEAM_1,THERMAL,2020-07-15 00:00:00,0.0,0.0,0.0,0.0,0.0,0.0,0.0
315_STEAM_2,THERMAL,2020-07-15 00:00:00,0.0,0.0,0.0,0.0,0.0,0.0,0.0
315_STEAM_3,THERMAL,2020-07-15 00:00:00,0.0,0.0,0.0,0.0,0.0,0.0,0.0
315_STEAM_4,THERMAL,2020-07-15 00:00:00,0.0,0.0,0.0,0.0,0.0,0.0,0.0
315_STEAM_5,THERMAL,2020-07-15 00:00:00,0.0,0.0,0.0,0.0,0.0,0.0,0.0
316_STEAM_1,THERMAL,2020-07-15 00:00:00,0.12081313690823764,0.12081313690823764,0.07175009311203212,0.0354612817271982,3.950120767648446e-06,0.053819375248846946,0.031528529811424844
317_WIND_1,WIND,2020-07-15 00:00:00,-0.6823447714739141,1.8038839604952597,1.0581676217139941,-0.4938243042313095,-2.793586792559921e-05,-0.7492621258853518,0.5607695945106728
318_CC_1,THERMAL,2020-07-15 00:00:00,0.0,0.0,0.0,0.0,0.0,0.0,0.0
321_CC_1,THERMAL,2020-07-15 00:00:00,0.0,0.0,0.0,0.0,0.0,0.0,0.0
322_CT_5,THERMAL,2020-07-15 00:00:00,0.0,0.0,0.0,0.0,0.0,0.0,0.0
322_CT_6,THERMAL,2020-07-15 00:00:00,0.0,0.0,0.0,0.0,0.0,0.0,0.0
323_CC_1,THERMAL,2020-07-15 00:00:00,0.0663243944053032,0.06633616698273,0.03939227478568457,0.019469660248263337,-5.886288713395833e-06,0.029542786549178662,0.017317833896574597
323_CC_2,THERMAL,2020-07-15 00:00:00,0.08273036468476289,0.08273036468476289,0.049130347512691484,0.0242578234431259,1.839485546956002e-05,0.036872499776391815,0.02158164660977562
101_CT_1,THERMAL,2020-07-15 01:00:00,0.0,0.0,0.0,0.0,0.0,0.0,0.0
101_CT_2,THERMAL,2020-07-15 01:00:00,0.0,0.0,0.0,0.0,0.0,0.0,0.0
101_STEAM_3,THERMAL,2020-07-15 01:00:00,0.000790068695434234,0.000790068695434234,0.00045550597778328114,0.0002610412384529934,2.9240192007983113e-06,0.00028475660443177524,0.00024134683334866704
101_STEAM_4,THERMAL,2020-07-15 01:00:00,0.0006165055915268927,0.0006250930632316343,0.0003840334079709218,0.00015761836068319348,-4.293735852370795e-06,0.0003192014720737089,0.00014397949462236108
102_CT_1,THERMAL,2020-07-15 01:00:00,0.0,0.0,0.0,0.0,0.0,0.0,0.0
102_CT_2,THERMAL,2020-07-15 01:00:00,0.0,0.0,0.0,0.0,0.0,0.0,0.0
102_STEAM_3,THERMAL,2020-07-15 01:00:00,-0.1797583159159229,0.17977515610189682,0.10675375091800676,-0.05277056324309909,8.420092986960448e-06,-0.08004524581572214,-0.04695092695008862
102_STEAM_4,THERMAL,2020-07-15 01:00:00,-0.15870290711981658,0.15870290711981658,0.09418503642262667,-0.0466601146205779,-1.929840090647561e-05,-0.07048625571264466,-0.04153723838568755
107_CC_1,THERMAL,2020-07-15 01:00:00,0.05879787381385623,0.05879787381385623,0.034918136721670566,0.017259098521708593,2.8563130258785208e-06,0.026189375331046705,0.01534654364807506
113_CT_1,THERMAL,2020-07-15 01:00:00,0.0,0.0,0.0,0.0,0.0,0.0,0.0
113_CT_2,THERMAL,2020-07-15 01:00:00,0.0,0.0,0.0,0.0,0.0,0.0,0.0
113_CT_3,THERMAL,2020-07-15 01:00:00,0.0,0.0,0.0,0.0,0.0,0.0,0.0
113_CT_4,THERMAL,2020-07-15 01:00:00,0.0,0.0,0.0,0.0,0.0,0.0,0.0
115_STEAM_1,THERMAL,2020-07-15 01:00:00,0.0,0.0,0.0,0.0,0.0,0.0,0.0
115_STEAM_2,THERMAL,2020-07-15 01:00:00,0.0,0.0,0.0,0.0,0.0,0.0,0.0
115_STEAM_3,THERMAL,2020-07-15 01:00:00,0.07194167591866094,0.07194167591866094,0.04272428292579016,0.021116298145143875,5.200098083246729e-07,0.03204127571019999,0.018783582053508746
116_STEAM_1,THERMAL,2020-07-15 01:00:00,0.08813559499130638,0.08830971027417642,0.052417941988012834,0.02581435767694812,-8.705764143501771e-05,0.03938505089095834,0.023023244064834948
118_CC_1,THERMAL,2020-07-15 01:00:00,0.0,0.0,0.0,0.0,0.0,0.0,0.0
122_WIND_1,WIND,2020-07-15 01:00:00,0.5718972979274523,1.1768464801133431,0.9018764758007768,0.8743709064356002,9.825847975264423e-07,-0.1906787486917878,-0.1117958424011577
123_CT_1,THERMAL,2020-07-15 01:00:00,0.0,0.0,0.0,0.0,0.0,0.0,0.0
123_CT_4,THERMAL,2020-07-15 01:00:00,0.0,0.0,0.0,0.0,0.0,0.0,0.0
123_CT_5,THERMAL,2020-07-15 01:00:00,0.0,0.0,0.0,0.0,0.0,0.0,0.0
123_STEAM_2,THERMAL,2020-07-15 01:00:00,0.07692733068882024,0.07696020658554253,0.045709919521973875,0.022547429257018803,-1.6437948361147647e-05,0.03432309205520223,0.020073247324960356
123_STEAM_3,THERMAL,2020-07-15 01:00:00,0.10143986489069248,0.10157704654898184,0.060192136321516224,0.02989026151994989,-6.859082914467685e-05,0.04489419386026405,0.02672400033962321
201_CT_1,THERMAL,2020-07-15 01:00:00,0.0,0.0,0.0,0.0,0.0,0.0,0.0
201_CT_2,THERMAL,2020-07-15 01:00:00,0.0,0.0,0.0,0.0,0.0,0.0,0.0
201_STEAM_3,THERMAL,2020-07-15 01:00:00,0.0817190377436929,0.0817190377436929,0.048550344577357796,0.023951349236495334,1.1785123026353261e-06,0.03646560253787223,0.02130090745702269
202_CT_1,THERMAL,2020-07-15 01:00:00,0.0,0.0,0.0,0.0,0.0,0.0,0.0
202_CT_2,THERMAL,2020-07-15 01:00:00,0.0,0.0,0.0,0.0,0.0,0.0,0.0
202_STEAM_3,THERMAL,2020-07-15 01:00:00,0.085436971049384,0.085436971049384,0.05074019674528063,0.025076834702436785,7.524340625698726e-07,0.03805663023596417,0.022302753676920476
202_STEAM_4,THERMAL,2020-07-15 01:00:00,0.08565864492786637,0.08565864492786637,0.05087189705287319,0.02514186311342818,7.058775155920245e-07,0.03815547125541641,0.022360604681506194
207_CT_1,THERMAL,2020-07-15 01:00:00,0.04717090662932416,0.04717090662932416,0.0280140631099761,0.013845348834573657,9.834904413632758e-07,0.021011449159353757,0.01231312514495538
207_CT_2,THERMAL,2020-07-15 01:00:00,0.03861436380771059,0.03861436380771059,0.02293254237475435,0.011333805688724673,9.691254520558315e-07,0.017200578091206852,0.01007901090232701
212_CSP_1,THERMAL,2020-07-15 01:00:00,-0.2741291852221075,0.27417582879631563,0.16283228605483102,-0.0804375742324821,2.332178710406918e-05,-0.12216963637815503,-0.07154529639857446
213_CC_3,THERMAL,2020-07-15 01:00:00,0.0,0.0,0.0,0.0,0.0,0.0,0.0
213_CT_1,THERMAL,2020-07-15 01:00:00,0.0,0.0,0.0,0.0,0.0,0.0,0.0
213_CT_2,THERMAL,2020-07-15 01:00:00,0.0,0.0,0.0,0.0,0.0,0.0,0.0
215_CT_4,THERMAL,2020-07-15 01:00:00,0.0,0.0,0.0,0.0,0.0,0.0,0.0
215_CT_5,THERMAL,2020-07-15 01:00:00,0.0,0.0,0.0,0.0,0.0,0.0,0.0
216_STEAM_1,THERMAL,2020-07-15 01:00:00,0.1303663571751296,0.1303663571751296,0.077429314608999,0.03823286749075461,5.131010804237945e-06,0.05810015337263774,0.034028205300933
218_CC_1,THERMAL,2020-07-15 01:00:00,0.0,0.0,0.0,0.0,0.0,0.0,0.0
221_CC_1,THERMAL,2020-07-15 01:00:00,0.05571154500196674,0.05571154500196674,0.0330865645071753,0.016351641054462407,1.3339681879109833e-06,0.02481718672702371,0.01454138325229271
223_CT_4,THERMAL,2020-07-15 01:00:00,0.0,0.0,0.0,0.0,0.0,0.0,0.0
223_CT_5,THERMAL,2020-07-15 01:00:00,0.0,0.0,0.0,0.0,0.0,0.0,0.0
223_CT_6,THERMAL,2020-07-15 01:00:00,0.0,0.0,0.0,0.0,0.0,0.0,0.0
223_STEAM_1,THERMAL,2020-07-15 01:00:00,0.43484857388566894,0.8542527261476979,0.6606995929544479,-0.1203766752340541,-0.08070679934231949,0.6445506500166834,-0.008618601554640889
223_STEAM_2,THERMAL,2020-07-15 01:00:00,-0.744375317915416,0.9657831618800408,0.7910048425761381,0.029728919716717254,0.08097500226559516,-0.7829743172333489,-0.07210492266437953
223_STEAM_3,THERMAL,2020-07-15 01:00:00,0.10067765452581406,0.10067765452581406,0.059793140571589826,0.02954756483186216,1.431086426695316e-06,0.04485190251262239,0.026276756094902827
301_CT_1,THERMAL,2020-07-15 01:00:00,0.0,0.0,0.0,0.0,0.0,0.0,0.0
301_CT_2,THERMAL,2020-07-15 01:00:00,0.0,0.0,0.0,0.0,0.0,0.0,0.0
301_CT_3,THERMAL,2020-07-15 01:00:00,0.0,0.0,0.0,0.0,0.0,0.0,0.0
301_CT_4,THERMAL,2020-07-15 01:00:00,0.0,0.0,0.0,0.0,0.0,0.0,0.0
302_CT_1,THERMAL,2020-07-15 01:00:00,0.0,0.0,0.0,0.0,0.0,0.0,0.0
302_CT_2,THERMAL,2020-07-15 01:00:00,0.0,0.0,0.0,0.0,0.0,0.0,0.0
302_CT_3,THERMAL,2020-07-15 01:00:00,0.0,0.0,0.0,0.0,0.0,0.0,0.0
302_CT_4,THERMAL,2020-07-15 01:00:00,0.0,0.0,0.0,0.0,0.0,0.0,0.0
303_WIND_1,WIND,2020-07-15 01:00:00,-0.363384596734917,0.712677517551199,0.42292724171800006,-0.22623946824047803,-5.168771450758669e-05,0.17464646040814102,-0.31173990118807243
307_CT_1,THERMAL,2020-07-15 01:00:00,0.0,0.0,0.0,0.0,0.0,0.0,0.0
307_CT_2,THERMAL,2020-07-15 01:00:00,0.0,0.0,0.0,0.0,0.0,0.0,0.0
309_WIND_1,WIND,2020-07-15 01:00:00,0.5589118599712101,1.048049394107395,0.8219386578080384,-0.12943576216425745,4.471926997373643e-06,0.8034761551123051,-0.11513300490383495
313_CC_1,THERMAL,2020-07-15 01:00:00,-0.8663422336857366,0.8663422336857366,0.5144029843698927,-0.25435249442776453,-9.140197859625054e-05,-0.3856531301788486,-0.22624520710052717
315_CT_6,THERMAL,2020-07-15 01:00:00,0.0,0.0,0.0,0.0,0.0,0.0,0.0
315_CT_7,THERMAL,2020-07-15 01:00:00,0.03364410579756671,0.03364410579756671,0.019981374288153782,0.009870775263332904,1.6831286974389268e-06,0.014990457427104607,0.00878118997843176
315_CT_8,THERMAL,2020-07-15 01:00:00,0.04226203252595686,0.04226203252595686,0.025098664966114622,0.012404388701117944,1.4924297992553954e-06,0.018825461599873864,0.011030689795165798
315_STEAM_1,THERMAL,2020-07-15 01:00:00,0.0,0.0,0.0,0.0,0.0,0.0,0.0
315_STEAM_2,THERMAL,2020-07-15 01:00:00,0.0,0.0,0.0,0.0,0.0,0.0,0.0
315_STEAM_3,THERMAL,2020-07-15 01:00:00,0.0,0.0,0.0,0.0,0.0,0.0,0.0
315_STEAM_4,THERMAL,2020-07-15 01:00:00,0.0,0.0,0.0,0.0,0.0,0.0,0.0
315_STEAM_5,THERMAL,2020-07-15 01:00:00,0.0,0.0,0.0,0.0,0.0,0.0,0.0
316_STEAM_1,THERMAL,2020-07-15 01:00:00,0.06686462909120192,0.06686462909120192,0.03971010004762482,0.01962554227384622,1.3562884346729476e-06,0.029784436675483583,0.017453293853437447
317_WIND_1,WIND,2020-07-15 01:00:00,-0.219597047487732,1.5828467128652097,0.9422695644871477,-0.3579368582797633,1.312324260105413e-05,-0.5432850218967076,0.6816117094461378
318_CC_1,THERMAL,2020-07-15 01:00:00,0.0,0.0,0.0,0.0,0.0,0.0,0.0
321_CC_1,THERMAL,2020-07-15 01:00:00,0.0,0.0,0.0,0.0,0.0,0.0,0.0
322_CT_5,THERMAL,2020-07-15 01:00:00,0.0,0.0,0.0,0.0,0.0,0.0,0.0
322_CT_6,THERMAL,2020-07-15 01:00:00,0.0,0.0,0.0,0.0,0.0,0.0,0.0
323_CC_1,THERMAL,2020-07-15 01:00:00,0.04130855512767945,0.04130855512767945,0.02453271855018063,0.012124537722160203,8.19223439525122e-07,0.018400820517256344,0.010782377664823373
323_CC_2,THERMAL,2020-07-15 01:00:00,0.03254815427777507,0.03255593675964423,0.019339527171257982,0.009557060658213554,-3.891240934578936e-06,0.014521994312713494,0.0084729905477826
101_CT_1,THERMAL,2020-07-15 02:00:00,0.0,0.0,0.0,0.0,0.0,0.0,0.0
101_CT_2,THERMAL,2020-07-15 02:00:00,0.0,0.0,0.0,0.0,0.0,0.0,0.0
101_STEAM_3,THERMAL,2020-07-15 02:00:00,8.806030908995091e-05,8.81199108807729e-05,5.233862504111431e-05,2.5791471478807518e-05,-2.9800895410986824e-08,3.932154667833331e-05,2.297709182822107e-05
101_STEAM_4,THERMAL,2020-07-15 02:00:00,0.00024246209173471692,0.00024246209173471692,0.00014375478142408587,7.136242898096086e-05,1.0081040316400389e-07,0.00010732288828465032,6.367596406594173e-05
102_CT_1,THERMAL,2020-07-15 02:00:00,0.0,0.0,0.0,0.0,0.0,0.0,0.0
102_CT_2,THERMAL,2020-07-15 02:00:00,0.0,0.0,0.0,0.0,0.0,0.0,0.0
102_STEAM_3,THERMAL,2020-07-15 02:00:00,-0.14876392677674383,0.17656747957530833,0.15926574973678245,-0.002926494056651241,0.01390177639928225,-0.15862697824513505,-0.0011122308742397885
102_STEAM_4,THERMAL,2020-07-15 02:00:00,0.10791167117788646,0.19853091782753599,0.15403741436239665,-0.03139552709477475,-0.013914096230050021,0.15012888064774366,0.0030924138549675677
107_CC_1,THERMAL,2020-07-15 02:00:00,0.04949457602699224,0.04949521409606804,0.029397565103451644,0.014513211481755106,-3.1903453789894343e-07,0.02205835935186773,0.012923324227907304
113_CT_1,THERMAL,2020-07-15 02:00:00,0.0,0.0,0.0,0.0,0.0,0.0,0.0
113_CT_2,THERMAL,2020-07-15 02:00:00,0.0,0.0,0.0,0.0,0.0,0.0,0.0
113_CT_3,THERMAL,2020-07-15 02:00:00,0.0,0.0,0.0,0.0,0.0,0.0,0.0
113_CT_4,THERMAL,2020-07-15 02:00:00,0.0,0.0,0.0,0.0,0.0,0.0,0.0
115_STEAM_1,THERMAL,2020-07-15 02:00:00,0.0,0.0,0.0,0.0,0.0,0.0,0.0
115_STEAM_2,THERMAL,2020-07-15 02:00:00,0.0,0.0,0.0,0.0,0.0,0.0,0.0
115_STEAM_3,THERMAL,2020-07-15 02:00:00,0.0400893907834601,0.04009184578887417,0.02381044530387346,0.011756935432170712,-1.2275027070351996e-06,0.017862310360051925,0.010471372493944496
116_STEAM_1,THERMAL,2020-07-15 02:00:00,0.03785666406009275,0.03785666406009275,0.022479945263246523,0.011103024983829368,5.134566165132526e-06,0.01686205257329254,0.009886451936805707
118_CC_1,THERMAL,2020-07-15 02:00:00,0.0,0.0,0.0,0.0,0.0,0.0,0.0
122_WIND_1,WIND,2020-07-15 02:00:00,-0.38082164833949883,1.5708506148733365,0.9287429492989999,0.5950026921656058,1.1791101313107788e-05,-0.6152113966869734,-0.36062473491944425
123_CT_1,THERMAL,2020-07-15 02:00:00,0.0,0.0,0.0,0.0,0.0,0.0,0.0
123_CT_4,THERMAL,2020-07-15 02:00:00,0.0,0.0,0.0,0.0,0.0,0.0,0.0
123_CT_5,THERMAL,2020-07-15 02:00:00,0.0,0.0,0.0,0.0,0.0,0.0,0.0
123_STEAM_2,THERMAL,2020-07-15 02:00:00,0.05320481020846261,0.05320481020846261,0.031599800368719684,0.015603525567157772,3.3386444187044617e-07,0.023707695754610736,0.013893255022252231
123_STEAM_3,THERMAL,2020-07-15 02:00:00,0.0621409529904439,0.0621409529904439,0.036906696017232836,0.018225052348233794,3.4239849184825033e-06,0.027692040931608375,0.016220435725683248
201_CT_1,THERMAL,2020-07-15 02:00:00,0.0,0.0,0.0,0.0,0.0,0.0,0.0
201_CT_2,THERMAL,2020-07-15 02:00:00,0.0,0.0,0.0,0.0,0.0,0.0,0.0
201_STEAM_3,THERMAL,2020-07-15 02:00:00,0.07141168028759924,0.07141218684809746,0.04241212120622391,0.020946106917431817,-2.5328024910731273e-07,0.031815040655936766,0.018650785994479765
202_CT_1,THERMAL,2020-07-15 02:00:00,0.0,0.0,0.0,0.0,0.0,0.0,0.0
202_CT_2,THERMAL,2020-07-15 02:00:00,0.0,0.0,0.0,0.0,0.0,0.0,0.0
202_STEAM_3,THERMAL,2020-07-15 02:00:00,0.06675844550909518,0.06675873408694835,0.03964909290758796,0.01957959080878483,-1.4428892658501294e-07,0.029744222044054025,0.017434776945182914
202_STEAM_4,THERMAL,2020-07-15 02:00:00,0.07767439685607856,0.07767475328472138,0.04613117421440657,0.022783274885896564,-1.7821432141086266e-07,0.03460386920978409,0.020287430974719325
207_CT_1,THERMAL,2020-07-15 02:00:00,0.02697217212093135,0.026973966089066104,0.016019924910540693,0.007910736868819369,-8.969840673781621e-07,0.012018331209699234,0.007044001026480124
207_CT_2,THERMAL,2020-07-15 02:00:00,0.02732866175412793,0.02732873499232806,0.016230609737702417,0.008016109892530165,-3.661910006301505e-08,0.012174888861834116,0.007137699618863713
212_CSP_1,THERMAL,2020-07-15 02:00:00,-0.08077760943187189,0.08077760943187189,0.04797300153970749,-0.023695691941917785,-4.432378124530345e-07,-0.03598303880388176,-0.02109843544825989
213_CC_3,THERMAL,2020-07-15 02:00:00,0.0,0.0,0.0,0.0,0.0,0.0,0.0
213_CT_1,THERMAL,2020-07-15 02:00:00,0.0,0.0,0.0,0.0,0.0,0.0,0.0
213_CT_2,THERMAL,2020-07-15 02:00:00,0.0,0.0,0.0,0.0,0.0,0.0,0.0
215_CT_4,THERMAL,2020-07-15 02:00:00,0.0,0.0,0.0,0.0,0.0,0.0,0.0
215_CT_5,THERMAL,2020-07-15 02:00:00,0.0,0.0,0.0,0.0,0.0,0.0,0.0
216_STEAM_1,THERMAL,2020-07-15 02:00:00,0.07190159333186924,0.07190159333186924,0.04267981443033688,0.021099500989699815,4.3135913445513374e-05,0.032017999443524126,0.01874095698519979
218_CC_1,THERMAL,2020-07-15 02:00:00,0.0,0.0,0.0,0.0,0.0,0.0,0.0
221_CC_1,THERMAL,2020-07-15 02:00:00,0.04557755631083029,0.04557755631083029,0.027063455757083223,0.013382041677045264,1.4486201100893936e-06,0.020287656631341022,0.011906409382333914
223_CT_4,THERMAL,2020-07-15 02:00:00,0.0,0.0,0.0,0.0,0.0,0.0,0.0
223_CT_5,THERMAL,2020-07-15 02:00:00,0.0,0.0,0.0,0.0,0.0,0.0,0.0
223_CT_6,THERMAL,2020-07-15 02:00:00,0.0,0.0,0.0,0.0,0.0,0.0,0.0
223_STEAM_1,THERMAL,2020-07-15 02:00:00,-0.025235777121727372,0.1618975016724019,0.09231431897083565,-0.04916333412345706,-0.04440330527360757,0.06415453896074141,0.004176323314595853
223_STEAM_2,THERMAL,2020-07-15 02:00:00,-0.1933359673973205,0.2977420230403986,0.19213891052955054,0.007789361026658928,0.04441366679488011,-0.17144913354463776,-0.07408986167422181
223_STEAM_3,THERMAL,2020-07-15 02:00:00,0.07929389876086604,0.07929398869243356,0.04709225458708324,0.023260091550125428,-4.4965783763117884e-08,0.03532282399003073,0.020711028186493646
301_CT_1,THERMAL,2020-07-15 02:00:00,0.0,0.0,0.0,0.0,0.0,0.0,0.0
301_CT_2,THERMAL,2020-07-15 02:00:00,0.0,0.0,0.0,0.0,0.0,0.0,0.0
301_CT_3,THERMAL,2020-07-15 02:00:00,0.0,0.0,0.0,0.0,0.0,0.0,0.0
301_CT_4,THERMAL,2020-07-15 02:00:00,0.0,0.0,0.0,0.0,0.0,0.0,0.0
302_CT_1,THERMAL,2020-07-15 02:00:00,0.0,0.0,0.0,0.0,0.0,0.0,0.0
302_CT_2,THERMAL,2020-07-15 02:00:00,0.0,0.0,0.0,0.0,0.0,0.0,0.0
302_CT_3,THERMAL,2020-07-15 02:00:00,0.0,0.0,0.0,0.0,0.0,0.0,0.0
302_CT_4,THERMAL,2020-07-15 02:00:00,0.0,0.0,0.0,0.0,0.0,0.0,0.0
303_WIND_1,WIND,2020-07-15 02:00:00,-0.13819278101483842,0.6885900193977663,0.40663479775429046,-0.160981876908012,-1.615217681028014e-05,0.27519861919146393,-0.2523933711214801
307_CT_1,THERMAL,2020-07-15 02:00:00,0.0,0.0,0.0,0.0,0.0,0.0,0.0
307_CT_2,THERMAL,2020-07-15 02:00:00,0.0,0.0,0.0,0.0,0.0,0.0,0.0
309_WIND_1,WIND,2020-07-15 02:00:00,0.8150306798373572,1.0201535254737508,0.9204630912211057,-0.054253767289585864,3.5638554995998106e-08,0.917592067016999,-0.04830765552861091
313_CC_1,THERMAL,2020-07-15 02:00:00,-0.8113630169469435,0.8113630169469435,0.48184078429365834,-0.2380207475453553,-4.6650386505975305e-05,-0.36142323855838754,-0.2118723804566946
315_CT_6,THERMAL,2020-07-15 02:00:00,0.0,0.0,0.0,0.0,0.0,0.0,0.0
315_CT_7,THERMAL,2020-07-15 02:00:00,0.03314607147886461,0.03314607147886461,0.019682807932158163,0.009725992371870098,1.1124237591202948e-06,0.014758581485645017,0.008660385197590369
315_CT_8,THERMAL,2020-07-15 02:00:00,0.03433365117361087,0.03433372599471134,0.020390696869806435,0.01007102678812437,-3.741055023523312e-08,0.015294917434955957,0.008967744361080773
315_STEAM_1,THERMAL,2020-07-15 02:00:00,0.0,0.0,0.0,0.0,0.0,0.0,0.0
315_STEAM_2,THERMAL,2020-07-15 02:00:00,0.0,0.0,0.0,0.0,0.0,0.0,0.0
315_STEAM_3,THERMAL,2020-07-15 02:00:00,0.0,0.0,0.0,0.0,0.0,0.0,0.0
315_STEAM_4,THERMAL,2020-07-15 02:00:00,0.0,0.0,0.0,0.0,0.0,0.0,0.0
315_STEAM_5,THERMAL,2020-07-15 02:00:00,0.0,0.0,0.0,0.0,0.0,0.0,0.0
316_STEAM_1,THERMAL,2020-07-15 02:00:00,0.04519317836066348,0.04519395801905599,0.02684128274036999,0.013254101540652263,-3.898291962567413e-07,0.02013617583762839,0.011803290811579081
317_WIND_1,WIND,2020-07-15 02:00:00,-0.032043179824780665,1.4929778231925894,0.9146746156246923,-0.30270579419374055,2.7532391690954228e-06,-0.4598047073149445,0.7304645684447353
318_CC_1,THERMAL,2020-07-15 02:00:00,0.0,0.0,0.0,0.0,0.0,0.0,0.0
321_CC_1,THERMAL,2020-07-15 02:00:00,0.0,0.0,0.0,0.0,0.0,0.0,0.0
322_CT_5,THERMAL,2020-07-15 02:00:00,0.0,0.0,0.0,0.0,0.0,0.0,0.0
322_CT_6,THERMAL,2020-07-15 02:00:00,0.0,0.0,0.0,0.0,0.0,0.0,0.0
323_CC_1,THERMAL,2020-07-15 02:00:00,0.03071863190430691,0.03071863190430691,0.01824182622266807,0.009013830483683297,9.232033116484458e-08,0.01367794169061457,0.008026767409677879
323_CC_2,THERMAL,2020-07-15 02:00:00,0.03416470150280126,0.034165902391512855,0.020297189695588937,0.010009871472902684,-6.004443557989158e-07,0.015242835422514223,0.008912595051740151
101_CT_1,THERMAL,2020-07-15 03:00:00,0.0,0.0,0.0,0.0,0.0,0.0,0.0
101_CT_2,THERMAL,2020-07-15 03:00:00,0.0,0.0,0.0,0.0,0.0,0.0,0.0
101_STEAM_3,THERMAL,2020-07-15 03:00:00,8.487394418025746e-05,8.504945111869751e-05,5.054983505751472e-05,2.4832444938633997e-05,-8.775346922002815e-08,3.8153640085724555e-05,2.197561262511894e-05
101_STEAM_4,THERMAL,2020-07-15 03:00:00,9.599093870912078e-05,9.599093870912078e-05,5.685667287970621e-05,2.8150751525717237e-05,2.412839876366839e-07,4.2612860838615124e-05,2.4986042357151723e-05
102_CT_1,THERMAL,2020-07-15 03:00:00,0.0,0.0,0.0,0.0,0.0,0.0,0.0
102_CT_2,THERMAL,2020-07-15 03:00:00,0.0,0.0,0.0,0.0,0.0,0.0,0.0
102_STEAM_3,THERMAL,2020-07-15 03:00:00,-0.09536060755668761,0.09536060755668761,0.06149115745142396,-0.033597074894555184,-0.00799114297720055,-0.05079022892616525,-0.0029821607587666304
102_STEAM_4,THERMAL,2020-07-15 03:00:00,-0.010025079594097494,0.052810773964080966,0.027683642073353953,-0.019562376773320612,0.008020939323738652,0.013371907861253085,-0.01185555000576862
107_CC_1,THERMAL,2020-07-15 03:00:00,0.05975194829394245,0.059755181316161726,0.035490763861346135,0.017522334795047056,-1.6165111096366758e-06,0.02663030928936827,0.015600920720636766
113_CT_1,THERMAL,2020-07-15 03:00:00,0.0,0.0,0.0,0.0,0.0,0.0,0.0
113_CT_2,THERMAL,2020-07-15 03:00:00,0.0,0.0,0.0,0.0,0.0,0.0,0.0
113_CT_3,THERMAL,2020-07-15 03:00:00,0.0,0.0,0.0,0.0,0.0,0.0,0.0
113_CT_4,THERMAL,2020-07-15 03:00:00,0.0,0.0,0.0,0.0,0.0,0.0,0.0
115_STEAM_1,THERMAL,2020-07-15 03:00:00,0.0,0.0,0.0,0.0,0.0,0.0,0.0
115_STEAM_2,THERMAL,2020-07-15 03:00:00,0.0,0.0,0.0,0.0,0.0,0.0,0.0
115_STEAM_3,THERMAL,2020-07-15 03:00:00,0.060655573701895206,0.06065761971936332,0.03602650103154762,0.017789298187944596,-1.0230087340579175e-06,0.02703038957126669,0.015836908951417976
116_STEAM_1,THERMAL,2020-07-15 03:00:00,0.07695806047564753,0.07695806047564753,0.045709447525472076,0.022582647774357312,1.0914644455350953e-05,0.03431064888280044,0.020053849174034424
118_CC_1,THERMAL,2020-07-15 03:00:00,0.0,0.0,0.0,0.0,0.0,0.0,0.0
122_WIND_1,WIND,2020-07-15 03:00:00,0.11759957182755126,1.364728897823287,0.8700326707100495,0.7411642348254192,-1.1629453779526955e-05,-0.3930883614265923,-0.23046467211749605
123_CT_1,THERMAL,2020-07-15 03:00:00,0.0,0.0,0.0,0.0,0.0,0.0,0.0
123_CT_4,THERMAL,2020-07-15 03:00:00,0.0,0.0,0.0,0.0,0.0,0.0,0.0
123_CT_5,THERMAL,2020-07-15 03:00:00,0.0,0.0,0.0,0.0,0.0,0.0,0.0
123_STEAM_2,THERMAL,2020-07-15 03:00:00,0.07162854510090942,0.07162854510090942,0.04253905888154954,0.02101318040004968,5.826652482721073e-07,0.03190624316826263,0.018708538867348842
123_STEAM_3,THERMAL,2020-07-15 03:00:00,0.07922215160186298,0.07923634262423841,0.04706068359176873,0.023231888001815026,-7.095511187715786e-06,0.0353176670516131,0.02067969205962257
201_CT_1,THERMAL,2020-07-15 03:00:00,0.0,0.0,0.0,0.0,0.0,0.0,0.0
201_CT_2,THERMAL,2020-07-15 03:00:00,0.0,0.0,0.0,0.0,0.0,0.0,0.0
201_STEAM_3,THERMAL,2020-07-15 03:00:00,0.06064608984518809,0.06065587442253755,0.03602278902755993,0.017787206805012,-4.89228867472935e-06,0.027026749670955974,0.015837025657894847
202_CT_1,THERMAL,2020-07-15 03:00:00,0.0,0.0,0.0,0.0,0.0,0.0,0.0
202_CT_2,THERMAL,2020-07-15 03:00:00,0.0,0.0,0.0,0.0,0.0,0.0,0.0
202_STEAM_3,THERMAL,2020-07-15 03:00:00,0.07932172494372579,0.07932716584537566,0.04708404020685551,0.02331053969538265,-2.720450824941073e-06,0.03524389827124768,0.0207700074279204
202_STEAM_4,THERMAL,2020-07-15 03:00:00,0.07043089863773522,0.07043171926566218,0.0418223837605229,0.020671464168277264,-4.1031396347604443e-07,0.03135222012700629,0.018407624656415145
207_CT_1,THERMAL,2020-07-15 03:00:00,0.031142309669788787,0.031143630317837637,0.01849655300983124,0.00913458152744653,-6.603240244250049e-07,0.013876241559103551,0.00813214690726313
207_CT_2,THERMAL,2020-07-15 03:00:00,0.03037971712430715,0.03038106809503939,0.01804410708869252,0.008909577046033321,-6.754853661207786e-07,0.013538198939647974,0.007932616623991973
212_CSP_1,THERMAL,2020-07-15 03:00:00,-0.1892602122967525,0.18926834303410434,0.11241148919825582,-0.055503521335614196,4.065368675920666e-06,-0.08434079109856096,-0.04941996523125326
213_CC_3,THERMAL,2020-07-15 03:00:00,0.0,0.0,0.0,0.0,0.0,0.0,0.0
213_CT_1,THERMAL,2020-07-15 03:00:00,0.0,0.0,0.0,0.0,0.0,0.0,0.0
213_CT_2,THERMAL,2020-07-15 03:00:00,0.0,0.0,0.0,0.0,0.0,0.0,0.0
215_CT_4,THERMAL,2020-07-15 03:00:00,0.0,0.0,0.0,0.0,0.0,0.0,0.0
215_CT_5,THERMAL,2020-07-15 03:00:00,0.0,0.0,0.0,0.0,0.0,0.0,0.0
216_STEAM_1,THERMAL,2020-07-15 03:00:00,0.06440359092550736,0.06440359092550736,0.03823735448515792,0.018903272971044827,7.967972216471608e-06,0.028661601098498135,0.01683074888374793
218_CC_1,THERMAL,2020-07-15 03:00:00,0.0,0.0,0.0,0.0,0.0,0.0,0.0
221_CC_1,THERMAL,2020-07-15 03:00:00,0.06674665141483682,0.06674665141483682,0.03963941232625271,0.019582305993913307,1.7888155601220035e-07,0.02972972504612237,0.017434441493245138
223_CT_4,THERMAL,2020-07-15 03:00:00,0.0,0.0,0.0,0.0,0.0,0.0,0.0
223_CT_5,THERMAL,2020-07-15 03:00:00,0.0,0.0,0.0,0.0,0.0,0.0,0.0
223_CT_6,THERMAL,2020-07-15 03:00:00,0.0,0.0,0.0,0.0,0.0,0.0,0.0
223_STEAM_1,THERMAL,2020-07-15 03:00:00,0.4170914878978815,0.6873974766387633,0.5594497066224235,-0.05762062764284424,-0.009746919340034615,0.5522444822683223,-0.06778544738756205
223_STEAM_2,THERMAL,2020-07-15 03:00:00,-0.7733321699953281,0.7930097703625612,0.7225726524687696,-0.02414270512346068,0.009838800183616547,-0.7211057105265655,-0.03792255452891849
223_STEAM_3,THERMAL,2020-07-15 03:00:00,0.06054030866426071,0.06064021574871944,0.03601477282053814,0.017714137479751035,-4.995354222936399e-05,0.027098877830933787,0.01577724689580525
301_CT_1,THERMAL,2020-07-15 03:00:00,0.0,0.0,0.0,0.0,0.0,0.0,0.0
301_CT_2,THERMAL,2020-07-15 03:00:00,0.0,0.0,0.0,0.0,0.0,0.0,0.0
301_CT_3,THERMAL,2020-07-15 03:00:00,0.0,0.0,0.0,0.0,0.0,0.0,0.0
301_CT_4,THERMAL,2020-07-15 03:00:00,0.0,0.0,0.0,0.0,0.0,0.0,0.0
302_CT_1,THERMAL,2020-07-15 03:00:00,0.0,0.0,0.0,0.0,0.0,0.0,0.0
302_CT_2,THERMAL,2020-07-15 03:00:00,0.0,0.0,0.0,0.0,0.0,0.0,0.0
302_CT_3,THERMAL,2020-07-15 03:00:00,0.0,0.0,0.0,0.0,0.0,0.0,0.0
302_CT_4,THERMAL,2020-07-15 03:00:00,0.0,0.0,0.0,0.0,0.0,0.0,0.0
303_WIND_1,WIND,2020-07-15 03:00:00,-0.4027331042560314,0.7174396014930253,0.4301714129950076,-0.23857565921479562,2.2751393480291426e-07,0.15735302110456217,-0.3215106936597328
307_CT_1,THERMAL,2020-07-15 03:00:00,0.0,0.0,0.0,0.0,0.0,0.0,0.0
307_CT_2,THERMAL,2020-07-15 03:00:00,0.0,0.0,0.0,0.0,0.0,0.0,0.0
309_WIND_1,WIND,2020-07-15 03:00:00,0.6897410777281726,1.0338148660335211,0.8703497962617225,-0.09100598758330769,-3.7182686651870966e-06,0.8617779718808469,-0.08102718830070141
313_CC_1,THERMAL,2020-07-15 03:00:00,-0.7624836725243891,0.7624836725243891,0.45270675920915276,-0.2237798694184434,-6.966050711554317e-05,-0.33932637510092256,-0.19930776749790752
315_CT_6,THERMAL,2020-07-15 03:00:00,0.0,0.0,0.0,0.0,0.0,0.0,0.0
315_CT_7,THERMAL,2020-07-15 03:00:00,0.027332736400996822,0.027332736400996822,0.01623343004302571,0.008016036004609697,6.308104650150316e-07,0.012179160058848929,0.007136909527073179
315_CT_8,THERMAL,2020-07-15 03:00:00,0.028245413249985467,0.028245413249985467,0.016775133823847422,0.008283635525451206,1.2201303067067414e-06,0.012585520250848626,0.007375037343378931
315_STEAM_1,THERMAL,2020-07-15 03:00:00,0.0,0.0,0.0,0.0,0.0,0.0,0.0
315_STEAM_2,THERMAL,2020-07-15 03:00:00,0.0,0.0,0.0,0.0,0.0,0.0,0.0
315_STEAM_3,THERMAL,2020-07-15 03:00:00,0.0,0.0,0.0,0.0,0.0,0.0,0.0
315_STEAM_4,THERMAL,2020-07-15 03:00:00,0.0,0.0,0.0,0.0,0.0,0.0,0.0
315_STEAM_5,THERMAL,2020-07-15 03:00:00,0.0,0.0,0.0,0.0,0.0,0.0,0.0
316_STEAM_1,THERMAL,2020-07-15 03:00:00,0.05267775972219809,0.05267775972219809,0.03128534517097607,0.015452202192855452,2.524432754169581e-06,0.023470794634111503,0.013752238462476968
317_WIND_1,WIND,2020-07-15 03:00:00,0.015433436999351624,1.4703406365294263,0.9097872664711107,-0.28876065290558994,1.6795662096669162e-06,-0.4386929468594474,0.7428853571981793
318_CC_1,THERMAL,2020-07-15 03:00:00,0.0,0.0,0.0,0.0,0.0,0.0,0.0
321_CC_1,THERMAL,2020-07-15 03:00:00,0.0,0.0,0.0,0.0,0.0,0.0,0.0
322_CT_5,THERMAL,2020-07-15 03:00:00,0.0,0.0,0.0,0.0,0.0,0.0,0.0
322_CT_6,THERMAL,2020-07-15 03:00:00,0.0,0.0,0.0,0.0,0.0,0.0,0.0
323_CC_1,THERMAL,2020-07-15 03:00:00,0.043289911779768216,0.04329073073963744,0.02571159785271757,0.0126958410488751,-4.0947993461401197e-07,0.01929040766692003,0.0113040725439077
323_CC_2,THERMAL,2020-07-15 03:00:00,0.02977501535792527,0.02977501535792527,0.017683083768896785,0.008731107267186079,2.642443922549944e-06,0.013267611206491116,0.007773654440325528
101_CT_1,THERMAL,2020-07-15 04:00:00,0.0,0.0,0.0,0.0,0.0,0.0,0.0
101_CT_2,THERMAL,2020-07-15 04:00:00,0.0,0.0,0.0,0.0,0.0,0.0,0.0
101_STEAM_3,THERMAL,2020-07-15 04:00:00,0.0011351630052457739,0.0011364132334622705,0.0006718518859245742,0.000338231884094817,-6.251141082483917e-07,0.0004960812117068481,0.0003014750235523571
101_STEAM_4,THERMAL,2020-07-15 04:00:00,0.0007398834898406746,0.0007398834898406746,0.0004342831886462633,0.00022720996750439417,1.1806399774222923e-06,0.0003112605850743654,0.0002002322972844928
102_CT_1,THERMAL,2020-07-15 04:00:00,0.0,0.0,0.0,0.0,0.0,0.0,0.0
102_CT_2,THERMAL,2020-07-15 04:00:00,0.0,0.0,0.0,0.0,0.0,0.0,0.0
102_STEAM_3,THERMAL,2020-07-15 04:00:00,-0.11704688539425008,0.11723024740411599,0.0696180626602485,-0.03432016069701935,9.168100493295306e-05,-0.05234877897098478,-0.03046962673117891
102_STEAM_4,THERMAL,2020-07-15 04:00:00,-0.09040089021586294,0.0905248082825205,0.05370568616640427,-0.02660722791445795,6.19590333287845e-05,-0.040221848356217005,-0.02363377297851676
107_CC_1,THERMAL,2020-07-15 04:00:00,0.10462910986713926,0.10463395121375553,0.062141542675568755,0.030705647698960316,-2.4206733081344467e-06,0.046612201565453315,0.02731368127603377
113_CT_1,THERMAL,2020-07-15 04:00:00,0.0,0.0,0.0,0.0,0.0,0.0,0.0
113_CT_2,THERMAL,2020-07-15 04:00:00,0.0,0.0,0.0,0.0,0.0,0.0,0.0
113_CT_3,THERMAL,2020-07-15 04:00:00,0.0,0.0,0.0,0.0,0.0,0.0,0.0
113_CT_4,THERMAL,2020-07-15 04:00:00,0.0,0.0,0.0,0.0,0.0,0.0,0.0
115_STEAM_1,THERMAL,2020-07-15 04:00:00,0.0,0.0,0.0,0.0,0.0,0.0,0.0
115_STEAM_2,THERMAL,2020-07-15 04:00:00,0.0,0.0,0.0,0.0,0.0,0.0,0.0
115_STEAM_3,THERMAL,2020-07-15 04:00:00,0.10547935296803203,0.10559078165220771,0.06270850267708675,0.031009575468462253,-5.571434208784254e-05,0.04710487389346607,0.027420617948191544
116_STEAM_1,THERMAL,2020-07-15 04:00:00,-0.1563406330159201,0.1563406330159201,0.09258427842156622,-0.046013287451174195,-0.0005341335454741025,-0.06950937418303349,-0.04028383783623831
118_CC_1,THERMAL,2020-07-15 04:00:00,0.0,0.0,0.0,0.0,0.0,0.0,0.0
122_WIND_1,WIND,2020-07-15 04:00:00,0.9327402539683578,1.0277593167368786,0.9808639553101717,0.9802497853526182,-2.423574924881322e-05,-0.02994868941890516,-0.017536606216106438
123_CT_1,THERMAL,2020-07-15 04:00:00,0.0,0.0,0.0,0.0,0.0,0.0,0.0
123_CT_4,THERMAL,2020-07-15 04:00:00,0.0,0.0,0.0,0.0,0.0,0.0,0.0
123_CT_5,THERMAL,2020-07-15 04:00:00,0.0,0.0,0.0,0.0,0.0,0.0,0.0
123_STEAM_2,THERMAL,2020-07-15 04:00:00,0.09145399323015695,0.09148090233214527,0.054329231429305964,0.02682981951651736,-1.345455099416304e-05,0.0407690951201527,0.023868533144481053
123_STEAM_3,THERMAL,2020-07-15 04:00:00,0.1542476528140878,0.1542476528140878,0.09162513691772926,0.045177877442643566,1.6284554469336854e-05,0.0688059770072007,0.04024751380977421
201_CT_1,THERMAL,2020-07-15 04:00:00,0.0,0.0,0.0,0.0,0.0,0.0,0.0
201_CT_2,THERMAL,2020-07-15 04:00:00,0.0,0.0,0.0,0.0,0.0,0.0,0.0
201_STEAM_3,THERMAL,2020-07-15 04:00:00,0.06319447894851678,0.06319447894851678,0.03752784548415484,0.018551995774581165,1.3636853752330147e-06,0.028140691315255317,0.016500428173305066
202_CT_1,THERMAL,2020-07-15 04:00:00,0.0,0.0,0.0,0.0,0.0,0.0,0.0
202_CT_2,THERMAL,2020-07-15 04:00:00,0.0,0.0,0.0,0.0,0.0,0.0,0.0
202_STEAM_3,THERMAL,2020-07-15 04:00:00,0.07902885317765942,0.07902885317765942,0.0469347268478751,0.023193713550562912,3.595111009438087e-07,0.03520295457246907,0.020631825543526505
202_STEAM_4,THERMAL,2020-07-15 04:00:00,0.07712072236526638,0.07712072236526638,0.04577705897637618,0.022675962791260128,1.1587170590133568e-05,0.03428251065656447,0.02015066174685164
207_CT_1,THERMAL,2020-07-15 04:00:00,0.04986174669280606,0.04986174669280606,0.02961059623070352,0.014637674041347738,1.0433946802757086e-06,0.02220471676287073,0.013018312493907317
207_CT_2,THERMAL,2020-07-15 04:00:00,0.0404836355928581,0.04048385731280574,0.024042352655178456,0.0118834130809987,-1.1085997382088465e-07,0.01803042674655763,0.010569906625275589
212_CSP_1,THERMAL,2020-07-15 04:00:00,-0.13369478299202386,0.13370081294659975,0.07940442316731543,-0.039236945968595116,3.0149772879406456e-06,-0.05956124511651817,-0.03489960688419853
213_CC_3,THERMAL,2020-07-15 04:00:00,0.0,0.0,0.0,0.0,0.0,0.0,0.0
213_CT_1,THERMAL,2020-07-15 04:00:00,0.0,0.0,0.0,0.0,0.0,0.0,0.0
213_CT_2,THERMAL,2020-07-15 04:00:00,0.0,0.0,0.0,0.0,0.0,0.0,0.0
215_CT_4,THERMAL,2020-07-15 04:00:00,0.0,0.0,0.0,0.0,0.0,0.0,0.0
215_CT_5,THERMAL,2020-07-15 04:00:00,0.0,0.0,0.0,0.0,0.0,0.0,0.0
216_STEAM_1,THERMAL,2020-07-15 04:00:00,0.14245397847624075,0.14248875230665303,0.08456695124243854,0.041861474733477066,-1.7386915206141218e-05,0.06330515348443955,0.037304737173530285
218_CC_1,THERMAL,2020-07-15 04:00:00,0.0,0.0,0.0,0.0,0.0,0.0,0.0
221_CC_1,THERMAL,2020-07-15 04:00:00,0.1088607970574314,0.10886155092659316,0.06464644081960094,0.0319625827099117,-3.7693458088128295e-07,0.04847074629518122,0.028427844986919366
223_CT_4,THERMAL,2020-07-15 04:00:00,0.0,0.0,0.0,0.0,0.0,0.0,0.0
223_CT_5,THERMAL,2020-07-15 04:00:00,0.0,0.0,0.0,0.0,0.0,0.0,0.0
223_CT_6,THERMAL,2020-07-15 04:00:00,0.0,0.0,0.0,0.0,0.0,0.0,0.0
223_STEAM_1,THERMAL,2020-07-15 04:00:00,-0.364619652749854,0.3656621836101128,0.21707399130463687,-0.106376328896997,0.0005212654301294129,-0.16348043462213224,-0.09528415466085416
223_STEAM_2,THERMAL,2020-07-15 04:00:00,-0.3629138213387992,0.3629981451683142,0.21531364410749604,-0.10696705032278755,4.2161914757489136e-05,-0.16080335866664408,-0.09518557426412506
223_STEAM_3,THERMAL,2020-07-15 04:00:00,0.1281805650934397,0.12827349432242854,0.07617245756600398,0.03760858692926794,-4.646461449442363e-05,0.057183231580771654,0.03343521119789453
301_CT_1,THERMAL,2020-07-15 04:00:00,0.0,0.0,0.0,0.0,0.0,0.0,0.0
301_CT_2,THERMAL,2020-07-15 04:00:00,0.0,0.0,0.0,0.0,0.0,0.0,0.0
301_CT_3,THERMAL,2020-07-15 04:00:00,0.0,0.0,0.0,0.0,0.0,0.0,0.0
301_CT_4,THERMAL,2020-07-15 04:00:00,0.0,0.0,0.0,0.0,0.0,0.0,0.0
302_CT_1,THERMAL,2020-07-15 04:00:00,0.0,0.0,0.0,0.0,0.0,0.0,0.0
302_CT_2,THERMAL,2020-07-15 04:00:00,0.0,0.0,0.0,0.0,0.0,0.0,0.0
302_CT_3,THERMAL,2020-07-15 04:00:00,0.0,0.0,0.0,0.0,0.0,0.0,0.0
302_CT_4,THERMAL,2020-07-15 04:00:00,0.0,0.0,0.0,0.0,0.0,0.0,0.0
303_WIND_1,WIND,2020-07-15 04:00:00,-1.7345704555097141,1.7345704555097141,1.0168086346168888,-0.6285942500075894,-4.076613625159098e-05,-0.43630052505589845,-0.6696349143099747
307_CT_1,THERMAL,2020-07-15 04:00:00,0.0,0.0,0.0,0.0,0.0,0.0,0.0
307_CT_2,THERMAL,2020-07-15 04:00:00,0.0,0.0,0.0,0.0,0.0,0.0,0.0
309_WIND_1,WIND,2020-07-15 04:00:00,0.8453658126887218,1.016881012937855,0.9331026497848565,-0.045386817055084405,-2.2468824534271903e-07,0.9311234128132884,-0.040370558381236855
313_CC_1,THERMAL,2020-07-15 04:00:00,-0.7424519245135847,0.7424519245135847,0.44090124636738615,-0.21795457079932196,-1.8933930627018647e-05,-0.3306164990605702,-0.1938619207230655
315_CT_6,THERMAL,2020-07-15 04:00:00,0.0,0.0,0.0,0.0,0.0,0.0,0.0
315_CT_7,THERMAL,2020-07-15 04:00:00,0.05136435098668902,0.051365913049199345,0.030505536664168893,0.015075476981325801,-7.810312551651682e-07,0.022880238218875616,0.013409416817742761
315_CT_8,THERMAL,2020-07-15 04:00:00,0.05371150057536636,0.05371296045426768,0.031899427829693815,0.015764377556614122,-7.299394506625392e-07,0.023925599101198916,0.014022253857003982
315_STEAM_1,THERMAL,2020-07-15 04:00:00,0.0,0.0,0.0,0.0,0.0,0.0,0.0
315_STEAM_2,THERMAL,2020-07-15 04:00:00,0.0,0.0,0.0,0.0,0.0,0.0,0.0
315_STEAM_3,THERMAL,2020-07-15 04:00:00,0.0,0.0,0.0,0.0,0.0,0.0,0.0
315_STEAM_4,THERMAL,2020-07-15 04:00:00,0.0,0.0,0.0,0.0,0.0,0.0,0.0
315_STEAM_5,THERMAL,2020-07-15 04:00:00,0.0,0.0,0.0,0.0,0.0,0.0,0.0
316_STEAM_1,THERMAL,2020-07-15 04:00:00,0.0682570926226059,0.06825952059167081,0.04054458177385282,0.02002238892403052,-1.2139845324554699e-06,0.030427284247330766,0.017808633435777065
317_WIND_1,WIND,2020-07-15 04:00:00,0.4506947637851172,1.262494624103402,0.9053164922228017,-0.16122374432268138,9.368740797377484e-06,-0.244676185836461,0.8565853252034622
318_CC_1,THERMAL,2020-07-15 04:00:00,0.0,0.0,0.0,0.0,0.0,0.0,0.0
321_CC_1,THERMAL,2020-07-15 04:00:00,0.0,0.0,0.0,0.0,0.0,0.0,0.0
322_CT_5,THERMAL,2020-07-15 04:00:00,0.0,0.0,0.0,0.0,0.0,0.0,0.0
322_CT_6,THERMAL,2020-07-15 04:00:00,0.0,0.0,0.0,0.0,0.0,0.0,0.0
323_CC_1,THERMAL,2020-07-15 04:00:00,0.07662864408894031,0.07662892531503035,0.045510722616030855,0.022487242474099108,-1.406130450253701e-07,0.03413817875457095,0.020003363473315272
323_CC_2,THERMAL,2020-07-15 04:00:00,0.07640669415241412,0.07641380699977804,0.04538418680351144,0.022417346555759058,-3.556423681954149e-06,0.03405230526446054,0.019940598755876476
101_CT_1,THERMAL,2020-07-15 05:00:00,0.0,0.0,0.0,0.0,0.0,0.0,0.0
101_CT_2,THERMAL,2020-07-15 05:00:00,0.0,0.0,0.0,0.0,0.0,0.0,0.0
101_STEAM_3,THERMAL,2020-07-15 05:00:00,-0.03182779115877441,0.032966362614317235,0.026923074725491804,-0.0018911907202026246,0.0005692857277714105,-0.026558842399401296,-0.0039470437669419005
101_STEAM_4,THERMAL,2020-07-15 05:00:00,0.020777791713390444,0.029675480608967613,0.02418813119566089,-0.001178362434148757,-0.0032704820136398257,0.023900246673136206,0.0013263894880428226
102_CT_1,THERMAL,2020-07-15 05:00:00,0.0,0.0,0.0,0.0,0.0,0.0,0.0
102_CT_2,THERMAL,2020-07-15 05:00:00,0.0,0.0,0.0,0.0,0.0,0.0,0.0
102_STEAM_3,THERMAL,2020-07-15 05:00:00,-0.1974039597187947,0.1974039597187947,0.09870199786619084,-0.0493835197132837,-0.0493626560441327,-0.049302589044438294,-0.04935519491694003
102_STEAM_4,THERMAL,2020-07-15 05:00:00,-0.20128707318251912,0.20128707318251912,0.10064358529411689,-0.050266796521509075,-0.05031955117938422,-0.05040106363743102,-0.0502996618441948
107_CC_1,THERMAL,2020-07-15 05:00:00,0.08088637321191554,0.08088637321191554,0.04044318665542979,0.02022039645320317,0.020220822745696365,0.020222718532864725,0.02022243548015128
113_CT_1,THERMAL,2020-07-15 05:00:00,0.0,0.0,0.0,0.0,0.0,0.0,0.0
113_CT_2,THERMAL,2020-07-15 05:00:00,0.0,0.0,0.0,0.0,0.0,0.0,0.0
113_CT_3,THERMAL,2020-07-15 05:00:00,0.0,0.0,0.0,0.0,0.0,0.0,0.0
113_CT_4,THERMAL,2020-07-15 05:00:00,0.0,0.0,0.0,0.0,0.0,0.0,0.0
115_STEAM_1,THERMAL,2020-07-15 05:00:00,0.0,0.0,0.0,0.0,0.0,0.0,0.0
115_STEAM_2,THERMAL,2020-07-15 05:00:00,0.0,0.0,0.0,0.0,0.0,0.0,0.0
115_STEAM_3,THERMAL,2020-07-15 05:00:00,0.14645474470755374,0.14645474470755374,0.07322737300702006,0.03660749716259824,0.03661302272320954,0.03662120193031848,0.03661302289142747
116_STEAM_1,THERMAL,2020-07-15 05:00:00,0.22521677846668642,0.22521677846668642,0.1126154217564157,0.05637766426766605,0.057134065380192944,0.05536171058460404,0.05634333823422337
118_CC_1,THERMAL,2020-07-15 05:00:00,0.0,0.0,0.0,0.0,0.0,0.0,0.0
122_WIND_1,WIND,2020-07-15 05:00:00,0.9272287792553325,1.0363900720771788,0.982315002426965,0.9818094256662556,-0.018192333753659362,-0.01819634262707126,-0.01819197003019245
123_CT_1,THERMAL,2020-07-15 05:00:00,0.0,0.0,0.0,0.0,0.0,0.0,0.0
123_CT_4,THERMAL,2020-07-15 05:00:00,0.0,0.0,0.0,0.0,0.0,0.0,0.0
123_CT_5,THERMAL,2020-07-15 05:00:00,0.0,0.0,0.0,0.0,0.0,0.0,0.0
123_STEAM_2,THERMAL,2020-07-15 05:00:00,0.15046267407032904,0.15046267407032904,0.07523133727353573,0.03761210176925772,0.037615134602471234,0.03762040692387192,0.03761503077472816
123_STEAM_3,THERMAL,2020-07-15 05:00:00,0.31430800283823745,0.31430800283823745,0.15715401095939535,0.07856601358166708,0.07862407238918379,0.07856131193635907,0.07855660493102748
201_CT_1,THERMAL,2020-07-15 05:00:00,0.0,0.0,0.0,0.0,0.0,0.0,0.0
201_CT_2,THERMAL,2020-07-15 05:00:00,0.0,0.0,0.0,0.0,0.0,0.0,0.0
201_STEAM_3,THERMAL,2020-07-15 05:00:00,0.10629288820898544,0.10629288820898544,0.05314644413877022,0.026571894466713347,0.026574591200033748,0.0265731486332208,0.026573253909017543
202_CT_1,THERMAL,2020-07-15 05:00:00,0.0,0.0,0.0,0.0,0.0,0.0,0.0
202_CT_2,THERMAL,2020-07-15 05:00:00,0.0,0.0,0.0,0.0,0.0,0.0,0.0
202_STEAM_3,THERMAL,2020-07-15 05:00:00,0.13552814455284,0.13552814455284,0.06776407468829014,0.0338869534805992,0.03389280653480693,0.033868551257497555,0.03387983327993631
202_STEAM_4,THERMAL,2020-07-15 05:00:00,0.13201349519033845,0.13201349519033845,0.06600674766739169,0.033002186004089135,0.033004799560942974,0.03300151378266524,0.033004995842641105
207_CT_1,THERMAL,2020-07-15 05:00:00,0.05660617026761419,0.05660617026761419,0.02830308517053018,0.014150445440322672,0.014151463110834012,0.01415242799432338,0.01415183372213413
207_CT_2,THERMAL,2020-07-15 05:00:00,0.0656401231465001,0.0656401231465001,0.0328200619203323,0.01640770138837492,0.01640984125873815,0.016413949949906848,0.016408630549480174
212_CSP_1,THERMAL,2020-07-15 05:00:00,-0.11011328879282276,0.11011328879282276,0.05505664448643385,-0.027526021946543522,-0.02752809205378659,-0.027530414165370054,-0.027528760627122593
213_CC_3,THERMAL,2020-07-15 05:00:00,0.0,0.0,0.0,0.0,0.0,0.0,0.0
213_CT_1,THERMAL,2020-07-15 05:00:00,0.0,0.0,0.0,0.0,0.0,0.0,0.0
213_CT_2,THERMAL,2020-07-15 05:00:00,0.0,0.0,0.0,0.0,0.0,0.0,0.0
215_CT_4,THERMAL,2020-07-15 05:00:00,0.0,0.0,0.0,0.0,0.0,0.0,0.0
215_CT_5,THERMAL,2020-07-15 05:00:00,0.0,0.0,0.0,0.0,0.0,0.0,0.0
216_STEAM_1,THERMAL,2020-07-15 05:00:00,-0.40571323728338726,0.40571323728338726,0.20285661982193942,-0.10144503527154189,-0.1014297884699053,-0.10141525815135077,-0.10142315539058934
218_CC_1,THERMAL,2020-07-15 05:00:00,0.0,0.0,0.0,0.0,0.0,0.0,0.0
221_CC_1,THERMAL,2020-07-15 05:00:00,0.184866837233535,0.184866837233535,0.09243342047658383,0.046221078333255394,0.0462232375750542,0.046200707553059495,0.04622181377216591
223_CT_4,THERMAL,2020-07-15 05:00:00,0.0,0.0,0.0,0.0,0.0,0.0,0.0
223_CT_5,THERMAL,2020-07-15 05:00:00,0.0,0.0,0.0,0.0,0.0,0.0,0.0
223_CT_6,THERMAL,2020-07-15 05:00:00,0.0,0.0,0.0,0.0,0.0,0.0,0.0
223_STEAM_1,THERMAL,2020-07-15 05:00:00,-0.4017754757577576,0.4017754757577576,0.20088773839141422,-0.10044275303993175,-0.10045197308561597,-0.10043280567032221,-0.1004479439618877
223_STEAM_2,THERMAL,2020-07-15 05:00:00,-0.40764513694613336,0.40764513694613336,0.20382280768927324,-0.10197824143537851,-0.10204234036435418,-0.10164456984136448,-0.10197998530503614
223_STEAM_3,THERMAL,2020-07-15 05:00:00,-0.17792758267398762,0.17792758267398762,0.08898154571828656,-0.044363728639042366,-0.04576016811192962,-0.04325436972225827,-0.044549316200757354
301_CT_1,THERMAL,2020-07-15 05:00:00,0.0,0.0,0.0,0.0,0.0,0.0,0.0
301_CT_2,THERMAL,2020-07-15 05:00:00,0.0,0.0,0.0,0.0,0.0,0.0,0.0
301_CT_3,THERMAL,2020-07-15 05:00:00,0.0,0.0,0.0,0.0,0.0,0.0,0.0
301_CT_4,THERMAL,2020-07-15 05:00:00,0.0,0.0,0.0,0.0,0.0,0.0,0.0
302_CT_1,THERMAL,2020-07-15 05:00:00,0.0,0.0,0.0,0.0,0.0,0.0,0.0
302_CT_2,THERMAL,2020-07-15 05:00:00,0.0,0.0,0.0,0.0,0.0,0.0,0.0
302_CT_3,THERMAL,2020-07-15 05:00:00,0.0,0.0,0.0,0.0,0.0,0.0,0.0
302_CT_4,THERMAL,2020-07-15 05:00:00,0.0,0.0,0.0,0.0,0.0,0.0,0.0
303_WIND_1,WIND,2020-07-15 05:00:00,-2.103703076285825,2.5518941865027553,1.362510303065358,-0.7758475156629281,0.22409555510846513,-0.7760378861702151,-0.775913229561147
307_CT_1,THERMAL,2020-07-15 05:00:00,0.0,0.0,0.0,0.0,0.0,0.0,0.0
307_CT_2,THERMAL,2020-07-15 05:00:00,0.0,0.0,0.0,0.0,0.0,0.0,0.0
309_WIND_1,WIND,2020-07-15 05:00:00,0.9408456694841487,1.0295672243145322,0.9855392952785803,-0.014785974188995743,-0.014786888719616975,0.9852064468993404,-0.014787914506579054
313_CC_1,THERMAL,2020-07-15 05:00:00,-0.8120072939069758,0.8120072939069758,0.40600462291104367,-0.20283209749974357,-0.2024917173098666,-0.20371078190778658,-0.20297269718957914
315_CT_6,THERMAL,2020-07-15 05:00:00,0.0,0.0,0.0,0.0,0.0,0.0,0.0
315_CT_7,THERMAL,2020-07-15 05:00:00,0.0654226657866671,0.0654226657866671,0.03271133299079983,0.01635404978781904,0.016355607509824305,0.01635758951723943,0.016355418971784323
315_CT_8,THERMAL,2020-07-15 05:00:00,0.07766638637913428,0.07766638637913428,0.03883319321242784,0.019415595839184417,0.01941639308984296,0.01941725980127347,0.019417137648833425
315_STEAM_1,THERMAL,2020-07-15 05:00:00,0.0,0.0,0.0,0.0,0.0,0.0,0.0
315_STEAM_2,THERMAL,2020-07-15 05:00:00,0.0,0.0,0.0,0.0,0.0,0.0,0.0
315_STEAM_3,THERMAL,2020-07-15 05:00:00,0.0,0.0,0.0,0.0,0.0,0.0,0.0
315_STEAM_4,THERMAL,2020-07-15 05:00:00,0.0,0.0,0.0,0.0,0.0,0.0,0.0
315_STEAM_5,THERMAL,2020-07-15 05:00:00,0.0,0.0,0.0,0.0,0.0,0.0,0.0
316_STEAM_1,THERMAL,2020-07-15 05:00:00,0.11585693538703414,0.11585693538703414,0.05792848131253545,0.028946441506963183,0.028954368914719364,0.028997830023449467,0.028958294941902125
317_WIND_1,WIND,2020-07-15 05:00:00,0.8394901564112033,1.0801428528887747,0.9623273240064082,-0.04014565888689425,-0.040162908017272514,-0.040017781334618974,0.959816504649989
318_CC_1,THERMAL,2020-07-15 05:00:00,0.0,0.0,0.0,0.0,0.0,0.0,0.0
321_CC_1,THERMAL,2020-07-15 05:00:00,0.0,0.0,0.0,0.0,0.0,0.0,0.0
322_CT_5,THERMAL,2020-07-15 05:00:00,0.0,0.0,0.0,0.0,0.0,0.0,0.0
322_CT_6,THERMAL,2020-07-15 05:00:00,0.0,0.0,0.0,0.0,0.0,0.0,0.0
323_CC_1,THERMAL,2020-07-15 05:00:00,0.13847751343410697,0.13847751343410697,0.06923875870964157,0.03461180856187839,0.03461656716815514,0.03463342440361615,0.034615713300457276
323_CC_2,THERMAL,2020-07-15 05:00:00,0.12536178595354885,0.12536178595354885,0.06268092205300126,0.0313256422483953,0.031327264512862996,0.03139225827169191,0.031316620920598656
101_CT_1,THERMAL,2020-07-15 06:00:00,0.0,0.0,0.0,0.0,0.0,0.0,0.0
101_CT_2,THERMAL,2020-07-15 06:00:00,0.0,0.0,0.0,0.0,0.0,0.0,0.0
101_STEAM_3,THERMAL,2020-07-15 06:00:00,-0.017912664502716676,0.020019517338343375,0.018174769891601713,0.0005689590566957531,0.0004844673611175965,-0.018140629857127166,-0.0008254610634028605
101_STEAM_4,THERMAL,2020-07-15 06:00:00,0.009849579542874479,0.022535599142982407,0.016656798397773873,-0.002878877357201104,-0.002425226234246125,0.016192589342928443,-0.0010389062086067343
102_CT_1,THERMAL,2020-07-15 06:00:00,0.0,0.0,0.0,0.0,0.0,0.0,0.0
102_CT_2,THERMAL,2020-07-15 06:00:00,0.0,0.0,0.0,0.0,0.0,0.0,0.0
102_STEAM_3,THERMAL,2020-07-15 06:00:00,-0.15836812638286218,0.15836812638286218,0.07918409879437843,-0.03955797455867453,-0.039572348279116765,-0.03965528202681212,-0.03958252151825876
102_STEAM_4,THERMAL,2020-07-15 06:00:00,-0.14925571988252537,0.14925571988252537,0.07462786100651427,-0.03731027388315619,-0.03731700987420744,-0.037322463549721796,-0.037305972575439945
107_CC_1,THERMAL,2020-07-15 06:00:00,0.4940726152135977,0.4940726152135977,0.24703639294909926,0.12359725282022327,0.12354430264509197,0.12334369734850004,0.12358736239978238
113_CT_1,THERMAL,2020-07-15 06:00:00,0.0,0.0,0.0,0.0,0.0,0.0,0.0
113_CT_2,THERMAL,2020-07-15 06:00:00,0.0,0.0,0.0,0.0,0.0,0.0,0.0
113_CT_3,THERMAL,2020-07-15 06:00:00,0.0,0.0,0.0,0.0,0.0,0.0,0.0
113_CT_4,THERMAL,2020-07-15 06:00:00,0.0,0.0,0.0,0.0,0.0,0.0,0.0
115_STEAM_1,THERMAL,2020-07-15 06:00:00,0.0,0.0,0.0,0.0,0.0,0.0,0.0
115_STEAM_2,THERMAL,2020-07-15 06:00:00,0.0,0.0,0.0,0.0,0.0,0.0,0.0
115_STEAM_3,THERMAL,2020-07-15 06:00:00,-0.32758402327115205,0.32758402327115205,0.16379202250281522,-0.08186408231386788,-0.08187120320871566,-0.08193695316192207,-0.08191178458664644
116_STEAM_1,THERMAL,2020-07-15 06:00:00,-0.2891436061890171,0.2891436061890171,0.14457180821504334,-0.07228984208226891,-0.07230483400671406,-0.07225391003664727,-0.07229502006338684
118_CC_1,THERMAL,2020-07-15 06:00:00,0.0,0.0,0.0,0.0,0.0,0.0,0.0
122_WIND_1,WIND,2020-07-15 06:00:00,0.7875909759719053,1.1062179890213684,0.951361321185774,0.9469044824966368,-0.05310120647199046,-0.053107895015823914,-0.05310440503691712
123_CT_1,THERMAL,2020-07-15 06:00:00,0.0,0.0,0.0,0.0,0.0,0.0,0.0
123_CT_4,THERMAL,2020-07-15 06:00:00,0.0,0.0,0.0,0.0,0.0,0.0,0.0
123_CT_5,THERMAL,2020-07-15 06:00:00,0.0,0.0,0.0,0.0,0.0,0.0,0.0
123_STEAM_2,THERMAL,2020-07-15 06:00:00,0.2962235328320333,0.2962235328320333,0.1481118363730356,0.07406227081319866,0.07415783968856027,0.07395471236563633,0.07404870996463804
123_STEAM_3,THERMAL,2020-07-15 06:00:00,-0.7739451071066608,0.7739451071066608,0.386972561817969,-0.1934443242674373,-0.19346704491975886,-0.19355147196542255,-0.19348226595404205
201_CT_1,THERMAL,2020-07-15 06:00:00,0.0,0.0,0.0,0.0,0.0,0.0,0.0
201_CT_2,THERMAL,2020-07-15 06:00:00,0.0,0.0,0.0,0.0,0.0,0.0,0.0
201_STEAM_3,THERMAL,2020-07-15 06:00:00,0.15671881745746163,0.15671881745746163,0.07835940882332634,0.039176762737651194,0.03917990104052205,0.03917998925654875,0.03918216442273963
202_CT_1,THERMAL,2020-07-15 06:00:00,0.0,0.0,0.0,0.0,0.0,0.0,0.0
202_CT_2,THERMAL,2020-07-15 06:00:00,0.0,0.0,0.0,0.0,0.0,0.0,0.0
202_STEAM_3,THERMAL,2020-07-15 06:00:00,0.1715702333843203,0.1715702333843203,0.0857867986601976,0.04313731684656705,0.04257002683278632,0.04268484714734422,0.0431780425576227
202_STEAM_4,THERMAL,2020-07-15 06:00:00,0.15995727463697038,0.15995727463697038,0.0811031622746413,0.046084287945506786,0.042619684083602116,0.02859076835107288,0.04266253425678859
207_CT_1,THERMAL,2020-07-15 06:00:00,0.11132327891065742,0.11132327891065742,0.05566164014787954,0.02782851767416991,0.027824773102723133,0.027834554925162402,0.027835433208601972
207_CT_2,THERMAL,2020-07-15 06:00:00,0.10913517050812381,0.10913517050812381,0.05456758673275279,0.027279446064953583,0.027281579580551107,0.027294690592983062,0.02727945426963606
212_CSP_1,THERMAL,2020-07-15 06:00:00,-0.22142371690323426,0.22142371690323426,0.11071185912202645,-0.05534775748748377,-0.055353663485817606,-0.055364469347545686,-0.0553578265823872
213_CC_3,THERMAL,2020-07-15 06:00:00,0.0,0.0,0.0,0.0,0.0,0.0,0.0
213_CT_1,THERMAL,2020-07-15 06:00:00,0.0,0.0,0.0,0.0,0.0,0.0,0.0
213_CT_2,THERMAL,2020-07-15 06:00:00,0.0,0.0,0.0,0.0,0.0,0.0,0.0
215_CT_4,THERMAL,2020-07-15 06:00:00,0.0,0.0,0.0,0.0,0.0,0.0,0.0
215_CT_5,THERMAL,2020-07-15 06:00:00,0.0,0.0,0.0,0.0,0.0,0.0,0.0
216_STEAM_1,THERMAL,2020-07-15 06:00:00,-0.3102279885762519,0.3102279885762519,0.15511401544069925,-0.07757837913265903,-0.0776110297382786,-0.0775062183112607,-0.07753236139405358
218_CC_1,THERMAL,2020-07-15 06:00:00,0.0,0.0,0.0,0.0,0.0,0.0,0.0
221_CC_1,THERMAL,2020-07-15 06:00:00,0.41543854606209957,0.41543854606209957,0.20771931554406206,0.10390988563328007,0.10390566411693625,0.10374675470623274,0.10387624160565052
223_CT_4,THERMAL,2020-07-15 06:00:00,0.0,0.0,0.0,0.0,0.0,0.0,0.0
223_CT_5,THERMAL,2020-07-15 06:00:00,0.0,0.0,0.0,0.0,0.0,0.0,0.0
223_CT_6,THERMAL,2020-07-15 06:00:00,0.0,0.0,0.0,0.0,0.0,0.0,0.0
223_STEAM_1,THERMAL,2020-07-15 06:00:00,-0.3026934159351472,0.3026934159351472,0.15134672373857677,-0.07564334007814161,-0.07564971812806864,-0.0757307986490594,-0.07566955907987755
223_STEAM_2,THERMAL,2020-07-15 06:00:00,-0.30684067206924387,0.30684067206924387,0.15342033880095496,-0.07670665820166711,-0.07672064495021724,-0.07668794321798078,-0.07672542569937874
223_STEAM_3,THERMAL,2020-07-15 06:00:00,-0.7407820975033008,0.7407820975033008,0.37039106777822034,-0.18522515999643607,-0.18527404291416105,-0.18511692739783658,-0.1851659671948671
301_CT_1,THERMAL,2020-07-15 06:00:00,0.0,0.0,0.0,0.0,0.0,0.0,0.0
301_CT_2,THERMAL,2020-07-15 06:00:00,0.0,0.0,0.0,0.0,0.0,0.0,0.0
301_CT_3,THERMAL,2020-07-15 06:00:00,0.0,0.0,0.0,0.0,0.0,0.0,0.0
301_CT_4,THERMAL,2020-07-15 06:00:00,0.0,0.0,0.0,0.0,0.0,0.0,0.0
302_CT_1,THERMAL,2020-07-15 06:00:00,0.0,0.0,0.0,0.0,0.0,0.0,0.0
302_CT_2,THERMAL,2020-07-15 06:00:00,0.0,0.0,0.0,0.0,0.0,0.0,0.0
302_CT_3,THERMAL,2020-07-15 06:00:00,0.0,0.0,0.0,0.0,0.0,0.0,0.0
302_CT_4,THERMAL,2020-07-15 06:00:00,0.0,0.0,0.0,0.0,0.0,0.0,0.0
303_WIND_1,WIND,2020-07-15 06:00:00,-1.1598529619771463,2.0799484461715623,1.0422747704094186,-0.5398942120423227,0.460047742097208,-0.5400175777925327,-0.5399889142394989
307_CT_1,THERMAL,2020-07-15 06:00:00,0.0,0.0,0.0,0.0,0.0,0.0,0.0
307_CT_2,THERMAL,2020-07-15 06:00:00,0.0,0.0,0.0,0.0,0.0,0.0,0.0
309_WIND_1,WIND,2020-07-15 06:00:00,0.8833237909138191,1.0583305309830446,0.9721407595465722,-0.02916505339049602,-0.02916795646846171,0.9708271609484318,-0.029170360175654983
313_CC_1,THERMAL,2020-07-15 06:00:00,-0.6399771900610238,0.6399771900610238,0.31998859525614987,-0.15998534238933004,-0.15999861599595566,-0.15999244388630451,-0.16000078778943355
315_CT_6,THERMAL,2020-07-15 06:00:00,0.0,0.0,0.0,0.0,0.0,0.0,0.0
315_CT_7,THERMAL,2020-07-15 06:00:00,0.10567721373748035,0.10567721373748035,0.052838673822165214,0.026438975801168232,0.02646984819411729,0.02635531184227749,0.026413077899917335
315_CT_8,THERMAL,2020-07-15 06:00:00,0.10466851746939537,0.10466851746939537,0.052334267666966396,0.026172448916189188,0.026187936056596424,0.02614592925477483,0.026162203241834932
315_STEAM_1,THERMAL,2020-07-15 06:00:00,0.0,0.0,0.0,0.0,0.0,0.0,0.0
315_STEAM_2,THERMAL,2020-07-15 06:00:00,0.0,0.0,0.0,0.0,0.0,0.0,0.0
315_STEAM_3,THERMAL,2020-07-15 06:00:00,0.0,0.0,0.0,0.0,0.0,0.0,0.0
315_STEAM_4,THERMAL,2020-07-15 06:00:00,0.0,0.0,0.0,0.0,0.0,0.0,0.0
315_STEAM_5,THERMAL,2020-07-15 06:00:00,0.0,0.0,0.0,0.0,0.0,0.0,0.0
316_STEAM_1,THERMAL,2020-07-15 06:00:00,0.08468917764864256,0.08468917764864256,0.04470928742020971,0.014787890386218083,0.018582782946281462,0.03334444619909993,0.017974058117043078
317_WIND_1,WIND,2020-07-15 06:00:00,0.7434872671744437,1.1282509819559643,0.9424372365168081,-0.06412019857023221,-0.06412679122334541,-0.06413486759718268,0.935869124565204
318_CC_1,THERMAL,2020-07-15 06:00:00,0.0,0.0,0.0,0.0,0.0,0.0,0.0
321_CC_1,THERMAL,2020-07-15 06:00:00,0.0,0.0,0.0,0.0,0.0,0.0,0.0
322_CT_5,THERMAL,2020-07-15 06:00:00,0.0,0.0,0.0,0.0,0.0,0.0,0.0
322_CT_6,THERMAL,2020-07-15 06:00:00,0.0,0.0,0.0,0.0,0.0,0.0,0.0
323_CC_1,THERMAL,2020-07-15 06:00:00,0.4153948875900939,0.4153948875900939,0.2076974487042872,0.10384696268025972,0.10387512563859236,0.10381364722202946,0.10385915204921238
323_CC_2,THERMAL,2020-07-15 06:00:00,0.3488864113313981,0.3488864113313981,0.17444320647998618,0.08721601587861805,0.08722966251420972,0.08721075231300812,0.08722998062556223
101_CT_1,THERMAL,2020-07-15 07:00:00,0.0,0.0,0.0,0.0,0.0,0.0,0.0
101_CT_2,THERMAL,2020-07-15 07:00:00,0.0,0.0,0.0,0.0,0.0,0.0,0.0
101_STEAM_3,THERMAL,2020-07-15 07:00:00,-0.10493684370108822,0.11621470615219341,0.08468185369332738,-0.015267765457813632,0.005638931225552594,-0.08203645522184802,-0.01327155424697916
101_STEAM_4,THERMAL,2020-07-15 07:00:00,0.05421054077184877,0.09075014963632444,0.07185484558750872,0.00228886867589727,-0.018269804432237833,0.06945176009428713,0.000739716433902193
102_CT_1,THERMAL,2020-07-15 07:00:00,0.0,0.0,0.0,0.0,0.0,0.0,0.0
102_CT_2,THERMAL,2020-07-15 07:00:00,0.0,0.0,0.0,0.0,0.0,0.0,0.0
102_STEAM_3,THERMAL,2020-07-15 07:00:00,-0.16652627049620794,0.16652627049620794,0.08326315826638367,-0.0416162930025802,-0.04162478804565739,-0.04168328058264925,-0.04160190886532111
102_STEAM_4,THERMAL,2020-07-15 07:00:00,-0.16415961423124614,0.16415961423124614,0.08207985517479342,-0.04101506292392257,-0.04098504812770298,-0.04110306972181932,-0.04105643345780128
107_CC_1,THERMAL,2020-07-15 07:00:00,-0.5058670714936886,0.5058670714936886,0.252939219755819,-0.1267708824771142,-0.12759971659058822,-0.12526514652133613,-0.12623132590465003
113_CT_1,THERMAL,2020-07-15 07:00:00,0.0,0.0,0.0,0.0,0.0,0.0,0.0
113_CT_2,THERMAL,2020-07-15 07:00:00,0.0,0.0,0.0,0.0,0.0,0.0,0.0
113_CT_3,THERMAL,2020-07-15 07:00:00,0.0,0.0,0.0,0.0,0.0,0.0,0.0
113_CT_4,THERMAL,2020-07-15 07:00:00,0.0,0.0,0.0,0.0,0.0,0.0,0.0
115_STEAM_1,THERMAL,2020-07-15 07:00:00,0.0,0.0,0.0,0.0,0.0,0.0,0.0
115_STEAM_2,THERMAL,2020-07-15 07:00:00,0.0,0.0,0.0,0.0,0.0,0.0,0.0
115_STEAM_3,THERMAL,2020-07-15 07:00:00,-0.22429199836782368,0.22429199836782368,0.11214635882010347,-0.05599731075846415,-0.05590660491620991,-0.056288765813035546,-0.05609931688011408
116_STEAM_1,THERMAL,2020-07-15 07:00:00,-0.22509057234485214,0.22509057234485214,0.11254532289538995,-0.0562540121949453,-0.05624816863232551,-0.056350723848772155,-0.05623766766880918
118_CC_1,THERMAL,2020-07-15 07:00:00,0.0,0.0,0.0,0.0,0.0,0.0,0.0
122_WIND_1,WIND,2020-07-15 07:00:00,0.775074517368502,1.1125208861673863,0.9488115115514453,0.9437977017679442,-0.056159570105374534,-0.056310479369745536,-0.05625313492432212
123_CT_1,THERMAL,2020-07-15 07:00:00,0.0,0.0,0.0,0.0,0.0,0.0,0.0
123_CT_4,THERMAL,2020-07-15 07:00:00,0.0,0.0,0.0,0.0,0.0,0.0,0.0
123_CT_5,THERMAL,2020-07-15 07:00:00,0.0,0.0,0.0,0.0,0.0,0.0,0.0
123_STEAM_2,THERMAL,2020-07-15 07:00:00,-0.23794946841664796,0.23794946841664796,0.11897753713099077,-0.05937170837458261,-0.05901802873144202,-0.06014193992964412,-0.05941779138097922
123_STEAM_3,THERMAL,2020-07-15 07:00:00,-0.3219709453915958,0.3219709453915958,0.1609855039406265,-0.08047550734595132,-0.08045549302536448,-0.08046126813499921,-0.08057867688528082
201_CT_1,THERMAL,2020-07-15 07:00:00,0.0,0.0,0.0,0.0,0.0,0.0,0.0
201_CT_2,THERMAL,2020-07-15 07:00:00,0.0,0.0,0.0,0.0,0.0,0.0,0.0
201_STEAM_3,THERMAL,2020-07-15 07:00:00,-0.16753304023185397,0.16753304023185397,0.08376708035799575,-0.042074885793297837,-0.041982658253687744,-0.04168819265410262,-0.0417873035307658
202_CT_1,THERMAL,2020-07-15 07:00:00,0.0,0.0,0.0,0.0,0.0,0.0,0.0
202_CT_2,THERMAL,2020-07-15 07:00:00,0.0,0.0,0.0,0.0,0.0,0.0,0.0
202_STEAM_3,THERMAL,2020-07-15 07:00:00,-0.18828588515084282,0.18828588515084282,0.0941471023216824,-0.04672044695224357,-0.046866037567343075,-0.04783084214957062,-0.04686855848168554
202_STEAM_4,THERMAL,2020-07-15 07:00:00,-0.18187585190713432,0.18187585190713432,0.09093830563673223,-0.045420180029072325,-0.04538085075610866,-0.04569479807680493,-0.0453800230451484
207_CT_1,THERMAL,2020-07-15 07:00:00,0.13733424196793664,0.13733424196793664,0.06866712190404113,0.0343277658954641,0.0343284020578673,0.03434079573880933,0.0343372782757959
207_CT_2,THERMAL,2020-07-15 07:00:00,0.13597862255410662,0.13597862255410662,0.06798931353330911,0.033990973244406864,0.03400288146112346,0.03398200950846175,0.034002758340114535
212_CSP_1,THERMAL,2020-07-15 07:00:00,-0.19409949682659164,0.19409949682659164,0.09705028998812339,-0.04858750037765747,-0.04867773704066303,-0.04825188313705109,-0.04858237627122006
213_CC_3,THERMAL,2020-07-15 07:00:00,0.0,0.0,0.0,0.0,0.0,0.0,0.0
213_CT_1,THERMAL,2020-07-15 07:00:00,0.0,0.0,0.0,0.0,0.0,0.0,0.0
213_CT_2,THERMAL,2020-07-15 07:00:00,0.0,0.0,0.0,0.0,0.0,0.0,0.0
215_CT_4,THERMAL,2020-07-15 07:00:00,0.0,0.0,0.0,0.0,0.0,0.0,0.0
215_CT_5,THERMAL,2020-07-15 07:00:00,0.0,0.0,0.0,0.0,0.0,0.0,0.0
216_STEAM_1,THERMAL,2020-07-15 07:00:00,-0.2818427578689255,0.2818427578689255,0.14092139094291325,-0.07050472091404983,-0.0704235994772352,-0.0704620128693767,-0.07045242460826376
218_CC_1,THERMAL,2020-07-15 07:00:00,0.0,0.0,0.0,0.0,0.0,0.0,0.0
221_CC_1,THERMAL,2020-07-15 07:00:00,0.24700464656326382,0.24700464656326382,0.12350512407203187,0.062110314533905475,0.061640581733475974,0.06213663151431792,0.06111711878156444
223_CT_4,THERMAL,2020-07-15 07:00:00,0.0,0.0,0.0,0.0,0.0,0.0,0.0
223_CT_5,THERMAL,2020-07-15 07:00:00,0.0,0.0,0.0,0.0,0.0,0.0,0.0
223_CT_6,THERMAL,2020-07-15 07:00:00,0.0,0.0,0.0,0.0,0.0,0.0,0.0
223_STEAM_1,THERMAL,2020-07-15 07:00:00,-0.2435635850455521,0.2435635850455521,0.12178224132836185,-0.06096347398905878,-0.06104585505106055,-0.060612588170944656,-0.06094166783448813
223_STEAM_2,THERMAL,2020-07-15 07:00:00,-0.20817021472147057,0.20817021472147057,0.10408512720405493,-0.05206886158731404,-0.052063845523519704,-0.051988319680989895,-0.05204918792964692
223_STEAM_3,THERMAL,2020-07-15 07:00:00,-0.28207904820399415,0.28207904820399415,0.14103952755774202,-0.07052318627374798,-0.07049355242176647,-0.07053403015960402,-0.07052827934887568
301_CT_1,THERMAL,2020-07-15 07:00:00,0.0,0.0,0.0,0.0,0.0,0.0,0.0
301_CT_2,THERMAL,2020-07-15 07:00:00,0.0,0.0,0.0,0.0,0.0,0.0,0.0
301_CT_3,THERMAL,2020-07-15 07:00:00,0.0,0.0,0.0,0.0,0.0,0.0,0.0
301_CT_4,THERMAL,2020-07-15 07:00:00,0.0,0.0,0.0,0.0,0.0,0.0,0.0
302_CT_1,THERMAL,2020-07-15 07:00:00,0.0,0.0,0.0,0.0,0.0,0.0,0.0
302_CT_2,THERMAL,2020-07-15 07:00:00,0.0,0.0,0.0,0.0,0.0,0.0,0.0
302_CT_3,THERMAL,2020-07-15 07:00:00,0.0,0.0,0.0,0.0,0.0,0.0,0.0
302_CT_4,THERMAL,2020-07-15 07:00:00,0.0,0.0,0.0,0.0,0.0,0.0,0.0
303_WIND_1,WIND,2020-07-15 07:00:00,-0.7587253765029789,1.8795236525156216,0.945556503826123,-0.43954008115142207,0.5603991380063214,-0.4399289798036392,-0.4396554535542389
307_CT_1,THERMAL,2020-07-15 07:00:00,0.0,0.0,0.0,0.0,0.0,0.0,0.0
307_CT_2,THERMAL,2020-07-15 07:00:00,0.0,0.0,0.0,0.0,0.0,0.0,0.0
309_WIND_1,WIND,2020-07-15 07:00:00,0.9037158087962359,1.0482420273191189,0.9768702579228502,-0.024087171660415962,-0.024087354867234456,0.9759789180576774,-0.024088582733791133
313_CC_1,THERMAL,2020-07-15 07:00:00,-0.28205675571851685,0.28205675571851685,0.14102847964428983,-0.07055733135750564,-0.0706099646442826,-0.07038138246562653,-0.0705080772511021
315_CT_6,THERMAL,2020-07-15 07:00:00,0.0,0.0,0.0,0.0,0.0,0.0,0.0
315_CT_7,THERMAL,2020-07-15 07:00:00,0.13780580172256193,0.13780580172256193,0.06890293105330007,0.03443009531190725,0.034449604292825085,0.034421626200212094,0.0345044759176175
315_CT_8,THERMAL,2020-07-15 07:00:00,0.1411203252597484,0.1411203252597484,0.07056019159373908,0.035269860853247764,0.035274813758486005,0.03533161599955652,0.03524403464845811
315_STEAM_1,THERMAL,2020-07-15 07:00:00,0.0,0.0,0.0,0.0,0.0,0.0,0.0
315_STEAM_2,THERMAL,2020-07-15 07:00:00,0.0,0.0,0.0,0.0,0.0,0.0,0.0
315_STEAM_3,THERMAL,2020-07-15 07:00:00,0.0,0.0,0.0,0.0,0.0,0.0,0.0
315_STEAM_4,THERMAL,2020-07-15 07:00:00,0.0,0.0,0.0,0.0,0.0,0.0,0.0
315_STEAM_5,THERMAL,2020-07-15 07:00:00,0.0,0.0,0.0,0.0,0.0,0.0,0.0
316_STEAM_1,THERMAL,2020-07-15 07:00:00,-0.2584337432696655,0.2584337432696655,0.12921690685052648,-0.06464273456907588,-0.064661679992992,-0.06453958751054722,-0.06458974119705042
317_WIND_1,WIND,2020-07-15 07:00:00,0.8345242928167541,1.0827203858316778,0.9612961221766526,-0.04138606969805014,-0.04139301221590408,-0.0413189645935077,0.958622339324216
318_CC_1,THERMAL,2020-07-15 07:00:00,0.0,0.0,0.0,0.0,0.0,0.0,0.0
321_CC_1,THERMAL,2020-07-15 07:00:00,0.0,0.0,0.0,0.0,0.0,0.0,0.0
322_CT_5,THERMAL,2020-07-15 07:00:00,0.0,0.0,0.0,0.0,0.0,0.0,0.0
322_CT_6,THERMAL,2020-07-15 07:00:00,0.0,0.0,0.0,0.0,0.0,0.0,0.0
323_CC_1,THERMAL,2020-07-15 07:00:00,0.8180055186297204,0.8180055186297204,0.40900281375975267,0.20450789187584884,0.2046297023950585,0.20433665632438203,0.20453126803443095
323_CC_2,THERMAL,2020-07-15 07:00:00,0.8126842234392082,0.8126842234392082,0.4063424354126974,0.20312171472967644,0.20358931548807768,0.2028926969780276,0.2030804962434265
101_CT_1,THERMAL,2020-07-15 08:00:00,0.0,0.0,0.0,0.0,0.0,0.0,0.0
101_CT_2,THERMAL,2020-07-15 08:00:00,0.0,0.0,0.0,0.0,0.0,0.0,0.0
101_STEAM_3,THERMAL,2020-07-15 08:00:00,-0.01983234075872434,0.0570306365207413,0.04043257837628428,0.005512755603415064,0.011114671246677386,-0.03843148863973282,0.0019717210309160324
101_STEAM_4,THERMAL,2020-07-15 08:00:00,-0.007817811987409008,0.07099904926088234,0.03947588272678925,-0.012724074082000757,-0.017949163615583803,0.031590618636736664,-0.008735192926561114
102_CT_1,THERMAL,2020-07-15 08:00:00,0.0,0.0,0.0,0.0,0.0,0.0,0.0
102_CT_2,THERMAL,2020-07-15 08:00:00,0.0,0.0,0.0,0.0,0.0,0.0,0.0
102_STEAM_3,THERMAL,2020-07-15 08:00:00,-0.12637035075166766,0.12637035075166766,0.06318553648703906,-0.03164324568765908,-0.03166573868659073,-0.03140810210436684,-0.03165326427305101
102_STEAM_4,THERMAL,2020-07-15 08:00:00,-0.12441716251293246,0.12441716251293246,0.06220859462730191,-0.031090486746942397,-0.031138126685438694,-0.031102258639249314,-0.03108629044130205
107_CC_1,THERMAL,2020-07-15 08:00:00,-0.2152762079181442,0.2152762079181442,0.1076381246538039,-0.05378700014889248,-0.053791339220117695,-0.053869837190877234,-0.053828031358256784
113_CT_1,THERMAL,2020-07-15 08:00:00,0.0,0.0,0.0,0.0,0.0,0.0,0.0
113_CT_2,THERMAL,2020-07-15 08:00:00,0.0,0.0,0.0,0.0,0.0,0.0,0.0
113_CT_3,THERMAL,2020-07-15 08:00:00,0.0,0.0,0.0,0.0,0.0,0.0,0.0
113_CT_4,THERMAL,2020-07-15 08:00:00,0.0,0.0,0.0,0.0,0.0,0.0,0.0
115_STEAM_1,THERMAL,2020-07-15 08:00:00,0.0,0.0,0.0,0.0,0.0,0.0,0.0
115_STEAM_2,THERMAL,2020-07-15 08:00:00,0.0,0.0,0.0,0.0,0.0,0.0,0.0
115_STEAM_3,THERMAL,2020-07-15 08:00:00,-0.05713279990651674,0.05713279990651674,0.02856640067428781,-0.014287716498764036,-0.01428347298252386,-0.0142786544990674,-0.014282955926161444
116_STEAM_1,THERMAL,2020-07-15 08:00:00,-0.12179880329626278,0.12179880329626278,0.060899408440840797,-0.030455477590450974,-0.030462111357742683,-0.030425203236129406,-0.03045601111193971
118_CC_1,THERMAL,2020-07-15 08:00:00,0.0,0.0,0.0,0.0,0.0,0.0,0.0
122_WIND_1,WIND,2020-07-15 08:00:00,0.9258411128632741,1.037087106365838,0.9819893606521367,0.981464109614556,-0.018538662989039167,-0.01854673761129888,-0.018537596150943893
123_CT_1,THERMAL,2020-07-15 08:00:00,0.0,0.0,0.0,0.0,0.0,0.0,0.0
123_CT_4,THERMAL,2020-07-15 08:00:00,0.0,0.0,0.0,0.0,0.0,0.0,0.0
123_CT_5,THERMAL,2020-07-15 08:00:00,0.0,0.0,0.0,0.0,0.0,0.0,0.0
123_STEAM_2,THERMAL,2020-07-15 08:00:00,-0.15112012783947643,0.15112012783947643,0.0755600684899313,-0.03776571655358302,-0.03777087672352508,-0.03778381544360787,-0.03779971911876047
123_STEAM_3,THERMAL,2020-07-15 08:00:00,-0.1558175628647064,0.1558175628647064,0.07790878167600897,-0.03894916963318068,-0.038955106817369245,-0.03895679471155411,-0.038956491702602375
201_CT_1,THERMAL,2020-07-15 08:00:00,0.0,0.0,0.0,0.0,0.0,0.0,0.0
201_CT_2,THERMAL,2020-07-15 08:00:00,0.0,0.0,0.0,0.0,0.0,0.0,0.0
201_STEAM_3,THERMAL,2020-07-15 08:00:00,-0.16156372463419816,0.16156372463419816,0.08078210899832082,-0.04043084330552493,-0.04047344702187167,-0.040220267069333016,-0.040439167237468536
202_CT_1,THERMAL,2020-07-15 08:00:00,0.0,0.0,0.0,0.0,0.0,0.0,0.0
202_CT_2,THERMAL,2020-07-15 08:00:00,0.0,0.0,0.0,0.0,0.0,0.0,0.0
202_STEAM_3,THERMAL,2020-07-15 08:00:00,-0.15308180489467849,0.15308180489467849,0.07654094424798745,-0.038275751534095404,-0.03831377283744203,-0.03820544616401857,-0.0382868343591225
202_STEAM_4,THERMAL,2020-07-15 08:00:00,-0.14388778490051524,0.14388778490051524,0.0719440633686144,-0.03592334528241131,-0.03592193862880205,-0.03610747247462297,-0.03593502851467892
207_CT_1,THERMAL,2020-07-15 08:00:00,0.19548407510614454,0.19548407510614454,0.09774204100493426,0.04885337132198146,0.04887171163846633,0.048889963695470384,0.048869028450226365
207_CT_2,THERMAL,2020-07-15 08:00:00,0.19576476749198576,0.19576476749198576,0.09788252578650178,0.04889881555863686,0.04889799845342118,0.049085179591154326,0.0488827738887734
212_CSP_1,THERMAL,2020-07-15 08:00:00,-0.06883494638518836,0.06883494638518836,0.03441747383983963,-0.017203023717807464,-0.01721002414115791,-0.01721046626974765,-0.017211432256475347
213_CC_3,THERMAL,2020-07-15 08:00:00,0.0,0.0,0.0,0.0,0.0,0.0,0.0
213_CT_1,THERMAL,2020-07-15 08:00:00,0.0,0.0,0.0,0.0,0.0,0.0,0.0
213_CT_2,THERMAL,2020-07-15 08:00:00,0.0,0.0,0.0,0.0,0.0,0.0,0.0
215_CT_4,THERMAL,2020-07-15 08:00:00,0.0,0.0,0.0,0.0,0.0,0.0,0.0
215_CT_5,THERMAL,2020-07-15 08:00:00,0.0,0.0,0.0,0.0,0.0,0.0,0.0
216_STEAM_1,THERMAL,2020-07-15 08:00:00,-0.08371871380556173,0.08371871380556173,0.04185936038012352,-0.020915240222210973,-0.020935049218136714,-0.020936732265152358,-0.020931692100061683
218_CC_1,THERMAL,2020-07-15 08:00:00,0.0,0.0,0.0,0.0,0.0,0.0,0.0
221_CC_1,THERMAL,2020-07-15 08:00:00,-0.166580682184518,0.166580682184518,0.08329035479728852,-0.04164732348160438,-0.04167135682621148,-0.04160659723586413,-0.041655404640838015
223_CT_4,THERMAL,2020-07-15 08:00:00,0.0,0.0,0.0,0.0,0.0,0.0,0.0
223_CT_5,THERMAL,2020-07-15 08:00:00,0.0,0.0,0.0,0.0,0.0,0.0,0.0
223_CT_6,THERMAL,2020-07-15 08:00:00,0.0,0.0,0.0,0.0,0.0,0.0,0.0
223_STEAM_1,THERMAL,2020-07-15 08:00:00,-0.14922177460580668,0.14922177460580668,0.07461108916954151,-0.03734092341395579,-0.03737827031747464,-0.037157228594047256,-0.037345352280328994
223_STEAM_2,THERMAL,2020-07-15 08:00:00,-0.1868181338461579,0.1868181338461579,0.09340915659333793,-0.0467142307021946,-0.0467728749884796,-0.0465986469965972,-0.04673238115888648
223_STEAM_3,THERMAL,2020-07-15 08:00:00,-0.14492467574942025,0.14492467574942025,0.07246243124224697,-0.0361845057297866,-0.03620606115335234,-0.03633088183848443,-0.03620322702779687
301_CT_1,THERMAL,2020-07-15 08:00:00,0.0,0.0,0.0,0.0,0.0,0.0,0.0
301_CT_2,THERMAL,2020-07-15 08:00:00,0.0,0.0,0.0,0.0,0.0,0.0,0.0
301_CT_3,THERMAL,2020-07-15 08:00:00,0.0,0.0,0.0,0.0,0.0,0.0,0.0
301_CT_4,THERMAL,2020-07-15 08:00:00,0.0,0.0,0.0,0.0,0.0,0.0,0.0
302_CT_1,THERMAL,2020-07-15 08:00:00,0.0,0.0,0.0,0.0,0.0,0.0,0.0
302_CT_2,THERMAL,2020-07-15 08:00:00,0.0,0.0,0.0,0.0,0.0,0.0,0.0
302_CT_3,THERMAL,2020-07-15 08:00:00,0.0,0.0,0.0,0.0,0.0,0.0,0.0
302_CT_4,THERMAL,2020-07-15 08:00:00,0.0,0.0,0.0,0.0,0.0,0.0,0.0
303_WIND_1,WIND,2020-07-15 08:00:00,-0.21062314323048192,1.6052945000967649,0.8723952410420636,-0.3026285322012159,0.6973356784331415,-0.3026636535815008,-0.3026666358809067
307_CT_1,THERMAL,2020-07-15 08:00:00,0.0,0.0,0.0,0.0,0.0,0.0,0.0
307_CT_2,THERMAL,2020-07-15 08:00:00,0.0,0.0,0.0,0.0,0.0,0.0,0.0
309_WIND_1,WIND,2020-07-15 08:00:00,0.9435553607640624,1.0282111369611042,0.9861860864441567,-0.014108180177495155,-0.014108691033088094,0.9858832488625833,-0.014111016887937613
313_CC_1,THERMAL,2020-07-15 08:00:00,-0.06495319003794993,0.06495319003794993,0.03247660489313623,-0.016232929636333604,-0.016256385082597635,-0.016221826066558975,-0.01624204925245971
315_CT_6,THERMAL,2020-07-15 08:00:00,0.0,0.0,0.0,0.0,0.0,0.0,0.0
315_CT_7,THERMAL,2020-07-15 08:00:00,-0.0737785166994661,0.0737785166994661,0.03688968723462712,-0.018456416962958706,-0.018548713186745388,-0.0183031555445716,-0.018470231005190404
315_CT_8,THERMAL,2020-07-15 08:00:00,-0.06067783629440417,0.06067783629440417,0.030338925149580982,-0.015162238384397186,-0.01518714786869247,-0.015165816687201305,-0.015162633354113206
315_STEAM_1,THERMAL,2020-07-15 08:00:00,0.0,0.0,0.0,0.0,0.0,0.0,0.0
315_STEAM_2,THERMAL,2020-07-15 08:00:00,0.0,0.0,0.0,0.0,0.0,0.0,0.0
315_STEAM_3,THERMAL,2020-07-15 08:00:00,0.0,0.0,0.0,0.0,0.0,0.0,0.0
315_STEAM_4,THERMAL,2020-07-15 08:00:00,0.0,0.0,0.0,0.0,0.0,0.0,0.0
315_STEAM_5,THERMAL,2020-07-15 08:00:00,0.0,0.0,0.0,0.0,0.0,0.0,0.0
316_STEAM_1,THERMAL,2020-07-15 08:00:00,-0.13615770029380286,0.13615770029380286,0.0680788627478354,-0.03401654907228269,-0.034034932630709,-0.03407308058750358,-0.03403313800330761
317_WIND_1,WIND,2020-07-15 08:00:00,0.8851851017532761,1.0574149626871183,0.9725716840143118,-0.028689207865273847,-0.028697059706314754,-0.02872866289533249,0.9713000322201972
318_CC_1,THERMAL,2020-07-15 08:00:00,0.0,0.0,0.0,0.0,0.0,0.0,0.0
321_CC_1,THERMAL,2020-07-15 08:00:00,0.0,0.0,0.0,0.0,0.0,0.0,0.0
322_CT_5,THERMAL,2020-07-15 08:00:00,0.0,0.0,0.0,0.0,0.0,0.0,0.0
322_CT_6,THERMAL,2020-07-15 08:00:00,0.0,0.0,0.0,0.0,0.0,0.0,0.0
323_CC_1,THERMAL,2020-07-15 08:00:00,-0.055146155103772763,0.2998588617677024,0.17163016300854814,-0.03229196919659759,-0.11068422723390914,0.12235635333196482,-0.03452631200523084
323_CC_2,THERMAL,2020-07-15 08:00:00,-0.30627846747704424,0.34774744983945816,0.229015935000804,-0.05780495427097278,0.020734491181206956,-0.21347253777148933,-0.05573546661578912
101_CT_1,THERMAL,2020-07-15 09:00:00,0.0,0.0,0.0,0.0,0.0,0.0,0.0
101_CT_2,THERMAL,2020-07-15 09:00:00,0.0,0.0,0.0,0.0,0.0,0.0,0.0
101_STEAM_3,THERMAL,2020-07-15 09:00:00,-0.06739933028472757,0.09731725561698314,0.08145719040655028,0.014958962666127784,-0.0017416020755660067,-0.0800509214943863,-0.0005657693809030363
101_STEAM_4,THERMAL,2020-07-15 09:00:00,0.04501105648953865,0.10405732129093334,0.07764197133160348,-0.02084987564548209,-0.0037887265026574912,0.074534188890236,-0.004884530252557766
102_CT_1,THERMAL,2020-07-15 09:00:00,0.0,0.0,0.0,0.0,0.0,0.0,0.0
102_CT_2,THERMAL,2020-07-15 09:00:00,0.0,0.0,0.0,0.0,0.0,0.0,0.0
102_STEAM_3,THERMAL,2020-07-15 09:00:00,-0.041671619600991874,0.041671619600991874,0.020835810301454167,-0.010417689590572043,-0.010419379203943535,-0.010414286818418939,-0.010420263988057357
102_STEAM_4,THERMAL,2020-07-15 09:00:00,-0.12884597546067952,0.12884597546067952,0.06442305613371836,-0.03218585237770856,-0.03218123927517913,-0.03229272648368897,-0.03218615732410286
107_CC_1,THERMAL,2020-07-15 09:00:00,-0.07870171090313688,0.07870171090313688,0.039350880558502596,-0.01966471377946588,-0.019646474646966672,-0.019706127549675045,-0.019684394927029284
113_CT_1,THERMAL,2020-07-15 09:00:00,0.0,0.0,0.0,0.0,0.0,0.0,0.0
113_CT_2,THERMAL,2020-07-15 09:00:00,0.0,0.0,0.0,0.0,0.0,0.0,0.0
113_CT_3,THERMAL,2020-07-15 09:00:00,0.0,0.0,0.0,0.0,0.0,0.0,0.0
113_CT_4,THERMAL,2020-07-15 09:00:00,0.0,0.0,0.0,0.0,0.0,0.0,0.0
115_STEAM_1,THERMAL,2020-07-15 09:00:00,0.0,0.0,0.0,0.0,0.0,0.0,0.0
115_STEAM_2,THERMAL,2020-07-15 09:00:00,0.0,0.0,0.0,0.0,0.0,0.0,0.0
115_STEAM_3,THERMAL,2020-07-15 09:00:00,-0.09770283843342181,0.09770283843342181,0.04885144959809389,-0.02442443209610745,-0.024381841726408005,-0.02445169345366338,-0.02444487115724297
116_STEAM_1,THERMAL,2020-07-15 09:00:00,-0.10133622011520274,0.10133622011520274,0.05066812493889775,-0.025332389992422932,-0.02530308345717358,-0.025352964651118803,-0.02534778201448743
118_CC_1,THERMAL,2020-07-15 09:00:00,-0.7138675719338607,0.7138675719338607,0.3569342385002484,-0.17833856289730599,-0.17829449766527627,-0.17895758084236046,-0.178276930528918
122_WIND_1,WIND,2020-07-15 09:00:00,0.9320599520833412,1.033970852572733,0.9834555237691096,0.9830154023280371,-0.016988435329792217,-0.016979522993219476,-0.016987491921684163
123_CT_1,THERMAL,2020-07-15 09:00:00,0.0,0.0,0.0,0.0,0.0,0.0,0.0
123_CT_4,THERMAL,2020-07-15 09:00:00,0.0,0.0,0.0,0.0,0.0,0.0,0.0
123_CT_5,THERMAL,2020-07-15 09:00:00,0.0,0.0,0.0,0.0,0.0,0.0,0.0
123_STEAM_2,THERMAL,2020-07-15 09:00:00,-0.07876454681649592,0.07876454681649592,0.03938227944276244,-0.019689511801325554,-0.01967397858557196,-0.019701493499240108,-0.019699562930358287
123_STEAM_3,THERMAL,2020-07-15 09:00:00,-0.14545149875009597,0.14545149875009597,0.07272576746193445,-0.0363653606025095,-0.036366612834848766,-0.036323767920122485,-0.036395757392615226
201_CT_1,THERMAL,2020-07-15 09:00:00,0.0,0.0,0.0,0.0,0.0,0.0,0.0
201_CT_2,THERMAL,2020-07-15 09:00:00,0.0,0.0,0.0,0.0,0.0,0.0,0.0
201_STEAM_3,THERMAL,2020-07-15 09:00:00,-0.07518731973246102,0.07518731973246102,0.037593660694520005,-0.01879419006576949,-0.01879198541738325,-0.018801956075568116,-0.018799188173740166
202_CT_1,THERMAL,2020-07-15 09:00:00,0.0,0.0,0.0,0.0,0.0,0.0,0.0
202_CT_2,THERMAL,2020-07-15 09:00:00,0.0,0.0,0.0,0.0,0.0,0.0,0.0
202_STEAM_3,THERMAL,2020-07-15 09:00:00,-0.11696899427485784,0.11696899427485784,0.058484542766654816,-0.029228185979065513,-0.029195764978596495,-0.029296457053143543,-0.029248586264052287
202_STEAM_4,THERMAL,2020-07-15 09:00:00,-0.10912745665719899,0.10912745665719899,0.054563730933709226,-0.02726921445661902,-0.027280174957224068,-0.027292084706967312,-0.027285982536388583
207_CT_1,THERMAL,2020-07-15 09:00:00,0.12656457545751368,0.12656457545751368,0.06328230595414572,0.03162445932489083,0.03163484346994594,0.031682000139982236,0.03162327252269468
207_CT_2,THERMAL,2020-07-15 09:00:00,0.13192177333500973,0.13192177333500973,0.06596089167697551,0.032986667947162984,0.03298300065999071,0.032959066909652224,0.03299303781820382
212_CSP_1,THERMAL,2020-07-15 09:00:00,-0.10017161362496362,0.10017161362496362,0.05008582026295817,-0.025037071880058104,-0.025067650026495025,-0.025017289377545993,-0.025049602340864494
213_CC_3,THERMAL,2020-07-15 09:00:00,0.0,0.0,0.0,0.0,0.0,0.0,0.0
213_CT_1,THERMAL,2020-07-15 09:00:00,0.0,0.0,0.0,0.0,0.0,0.0,0.0
213_CT_2,THERMAL,2020-07-15 09:00:00,0.0,0.0,0.0,0.0,0.0,0.0,0.0
215_CT_4,THERMAL,2020-07-15 09:00:00,0.0,0.0,0.0,0.0,0.0,0.0,0.0
215_CT_5,THERMAL,2020-07-15 09:00:00,0.0,0.0,0.0,0.0,0.0,0.0,0.0
216_STEAM_1,THERMAL,2020-07-15 09:00:00,-0.15037280020080349,0.15037280020080349,0.07518640219549809,-0.03759260101314618,-0.03760092537714976,-0.03757892210282421,-0.03760035170768334
218_CC_1,THERMAL,2020-07-15 09:00:00,0.0,0.0,0.0,0.0,0.0,0.0,0.0
221_CC_1,THERMAL,2020-07-15 09:00:00,-0.08026928005504497,0.08026928005504497,0.04013464954726747,-0.020073949268665903,-0.020077332659300673,-0.020043483480237434,-0.020074514646840957
223_CT_4,THERMAL,2020-07-15 09:00:00,0.0,0.0,0.0,0.0,0.0,0.0,0.0
223_CT_5,THERMAL,2020-07-15 09:00:00,0.0,0.0,0.0,0.0,0.0,0.0,0.0
223_CT_6,THERMAL,2020-07-15 09:00:00,0.0,0.0,0.0,0.0,0.0,0.0,0.0
223_STEAM_1,THERMAL,2020-07-15 09:00:00,-0.10818078102148654,0.10818078102148654,0.05409056316619911,-0.027076010062670464,-0.027099034112665676,-0.026927879305522318,-0.02707785754062808
223_STEAM_2,THERMAL,2020-07-15 09:00:00,-0.09851528026225084,0.09851528026225084,0.049257658173872454,-0.024626433542638493,-0.024595615060430065,-0.02465084905021575,-0.024642382608966538
223_STEAM_3,THERMAL,2020-07-15 09:00:00,-0.15858285759015273,0.15858285759015273,0.07929172034888483,-0.0396939362202503,-0.03972947447127351,-0.03946101199986973,-0.03969843489875919
301_CT_1,THERMAL,2020-07-15 09:00:00,0.0,0.0,0.0,0.0,0.0,0.0,0.0
301_CT_2,THERMAL,2020-07-15 09:00:00,0.0,0.0,0.0,0.0,0.0,0.0,0.0
301_CT_3,THERMAL,2020-07-15 09:00:00,0.0,0.0,0.0,0.0,0.0,0.0,0.0
301_CT_4,THERMAL,2020-07-15 09:00:00,0.0,0.0,0.0,0.0,0.0,0.0,0.0
302_CT_1,THERMAL,2020-07-15 09:00:00,0.0,0.0,0.0,0.0,0.0,0.0,0.0
302_CT_2,THERMAL,2020-07-15 09:00:00,0.0,0.0,0.0,0.0,0.0,0.0,0.0
302_CT_3,THERMAL,2020-07-15 09:00:00,0.0,0.0,0.0,0.0,0.0,0.0,0.0
302_CT_4,THERMAL,2020-07-15 09:00:00,0.0,0.0,0.0,0.0,0.0,0.0,0.0
303_WIND_1,WIND,2020-07-15 09:00:00,0.9410983005039801,1.0294662848701828,0.9856124687693719,-0.014718982140442538,0.9852822926870815,-0.01474779041794605,-0.014717219624712768
307_CT_1,THERMAL,2020-07-15 09:00:00,0.0,0.0,0.0,0.0,0.0,0.0,0.0
307_CT_2,THERMAL,2020-07-15 09:00:00,0.0,0.0,0.0,0.0,0.0,0.0,0.0
309_WIND_1,WIND,2020-07-15 09:00:00,0.9376720098772915,1.031222662015976,0.9848176824312097,-0.015592042145556484,-0.015591223490673212,0.9844473359466337,-0.015592060433112594
313_CC_1,THERMAL,2020-07-15 09:00:00,-0.11690880239543114,0.11690880239543114,0.05845441838112362,-0.029225546680518355,-0.02919128370096069,-0.029248260851494123,-0.029243711162457966
315_CT_6,THERMAL,2020-07-15 09:00:00,0.0,0.0,0.0,0.0,0.0,0.0,0.0
315_CT_7,THERMAL,2020-07-15 09:00:00,-0.04568060884558171,0.04568060884558171,0.022841430794100157,-0.011471450035668223,-0.01151229417958242,-0.011225864987136718,-0.011470999643194358
315_CT_8,THERMAL,2020-07-15 09:00:00,-0.0456806088460589,0.0456806088460589,0.022841430794338764,-0.011471450035788195,-0.011512294179702946,-0.01122586498725347,-0.011470999643314293
315_STEAM_1,THERMAL,2020-07-15 09:00:00,0.0,0.0,0.0,0.0,0.0,0.0,0.0
315_STEAM_2,THERMAL,2020-07-15 09:00:00,0.0,0.0,0.0,0.0,0.0,0.0,0.0
315_STEAM_3,THERMAL,2020-07-15 09:00:00,0.0,0.0,0.0,0.0,0.0,0.0,0.0
315_STEAM_4,THERMAL,2020-07-15 09:00:00,0.0,0.0,0.0,0.0,0.0,0.0,0.0
315_STEAM_5,THERMAL,2020-07-15 09:00:00,0.0,0.0,0.0,0.0,0.0,0.0,0.0
316_STEAM_1,THERMAL,2020-07-15 09:00:00,-0.0931704250183384,0.0931704250183384,0.04658522141155153,-0.023291092446530826,-0.023269658945570315,-0.02330567200610556,-0.023304001620131697
317_WIND_1,WIND,2020-07-15 09:00:00,0.9064383637025298,1.046789442571181,0.9774539643818357,-0.023377549099752315,-0.023377385271443174,-0.02342060506313004,0.9766139031368554
318_CC_1,THERMAL,2020-07-15 09:00:00,-0.7131747266411292,0.7131747266411292,0.35658740163021596,-0.17836012161284226,-0.17838834211471122,-0.17819110945531502,-0.17823515345826063
321_CC_1,THERMAL,2020-07-15 09:00:00,-0.7133741241546291,0.7133741241546291,0.35668707108404574,-0.17830758013018272,-0.17836614555265995,-0.17839780362281754,-0.1783025948489688
322_CT_5,THERMAL,2020-07-15 09:00:00,0.0,0.0,0.0,0.0,0.0,0.0,0.0
322_CT_6,THERMAL,2020-07-15 09:00:00,0.0,0.0,0.0,0.0,0.0,0.0,0.0
323_CC_1,THERMAL,2020-07-15 09:00:00,0.2610716122795144,0.27546407179090165,0.19708649179049342,0.05463659718344749,0.026233405456673076,0.18739783939508747,-0.0071962297556936216
323_CC_2,THERMAL,2020-07-15 09:00:00,-0.10273065210974112,0.2226748176566395,0.15640910284878798,-0.014746293850600556,0.013298913525532585,-0.14795644103258976,0.046673169247916604
101_CT_1,THERMAL,2020-07-15 10:00:00,0.0,0.0,0.0,0.0,0.0,0.0,0.0
101_CT_2,THERMAL,2020-07-15 10:00:00,0.0,0.0,0.0,0.0,0.0,0.0,0.0
101_STEAM_3,THERMAL,2020-07-15 10:00:00,-0.17130377967560148,0.23266302412519743,0.17117274004109106,-0.03692372226370247,0.004817733948865532,-0.165059679636697,0.025861888275932454
101_STEAM_4,THERMAL,2020-07-15 10:00:00,0.12493428220794767,0.2322048784756715,0.16078703016612497,0.025056344202328495,-0.016330456595000986,0.1535132361394811,-0.03730484153886094
102_CT_1,THERMAL,2020-07-15 10:00:00,0.0,0.0,0.0,0.0,0.0,0.0,0.0
102_CT_2,THERMAL,2020-07-15 10:00:00,0.0,0.0,0.0,0.0,0.0,0.0,0.0
102_STEAM_3,THERMAL,2020-07-15 10:00:00,-0.10216988141098704,0.10216988141098704,0.051084941470468395,-0.02553659895716502,-0.025541808289606616,-0.02554242779687743,-0.02554904636733798
102_STEAM_4,THERMAL,2020-07-15 10:00:00,-0.08975269291635819,0.08975269291635819,0.04487634733372211,-0.022433637566422623,-0.02244136500021643,-0.022434001638828693,-0.02244368871089045
107_CC_1,THERMAL,2020-07-15 10:00:00,-0.10555968036695595,0.10555968036695595,0.052779841986812216,-0.02638552685485196,-0.02639409778888635,-0.026381264800591886,-0.026398790922625752
113_CT_1,THERMAL,2020-07-15 10:00:00,0.0,0.0,0.0,0.0,0.0,0.0,0.0
113_CT_2,THERMAL,2020-07-15 10:00:00,0.0,0.0,0.0,0.0,0.0,0.0,0.0
113_CT_3,THERMAL,2020-07-15 10:00:00,0.0,0.0,0.0,0.0,0.0,0.0,0.0
113_CT_4,THERMAL,2020-07-15 10:00:00,0.0,0.0,0.0,0.0,0.0,0.0,0.0
115_STEAM_1,THERMAL,2020-07-15 10:00:00,0.0,0.0,0.0,0.0,0.0,0.0,0.0
115_STEAM_2,THERMAL,2020-07-15 10:00:00,0.0,0.0,0.0,0.0,0.0,0.0,0.0
115_STEAM_3,THERMAL,2020-07-15 10:00:00,-0.16854154710394037,0.16854154710394037,0.08427077628424498,-0.042124282397045465,-0.04213097040563907,-0.04215307799758028,-0.04213321630367555
116_STEAM_1,THERMAL,2020-07-15 10:00:00,-0.1122082168565689,0.1122082168565689,0.05610411087435292,-0.028049419645268248,-0.0280594295609774,-0.028039636566683068,-0.028059731083640186
118_CC_1,THERMAL,2020-07-15 10:00:00,-0.19609544995198586,0.19609544995198586,0.09804772645144538,-0.049010645561581745,-0.049031392792547646,-0.049022135894588814,-0.049031275703267645
122_WIND_1,WIND,2020-07-15 10:00:00,0.8554279085290024,1.0722819825193626,0.9658856897201392,0.9638549455241825,-0.03616058101958064,-0.03610454511904848,-0.036161910856551
123_CT_1,THERMAL,2020-07-15 10:00:00,0.0,0.0,0.0,0.0,0.0,0.0,0.0
123_CT_4,THERMAL,2020-07-15 10:00:00,-0.12283566684227024,0.12283566684227024,0.06141783882850222,-0.03069487173055512,-0.03070663993751261,-0.030729895008895766,-0.030704260165306734
123_CT_5,THERMAL,2020-07-15 10:00:00,0.0,0.0,0.0,0.0,0.0,0.0,0.0
123_STEAM_2,THERMAL,2020-07-15 10:00:00,-0.11162178692072112,0.11162178692072112,0.055810899162829615,-0.027904497685031726,-0.027915963675421818,-0.027885183105753164,-0.027916142454514414
123_STEAM_3,THERMAL,2020-07-15 10:00:00,-0.1206758665358252,0.1206758665358252,0.060337935698982915,-0.030164463210891612,-0.03017659192105482,-0.030157156978052768,-0.030177654425826
201_CT_1,THERMAL,2020-07-15 10:00:00,0.0,0.0,0.0,0.0,0.0,0.0,0.0
201_CT_2,THERMAL,2020-07-15 10:00:00,0.0,0.0,0.0,0.0,0.0,0.0,0.0
201_STEAM_3,THERMAL,2020-07-15 10:00:00,-0.08084350659673546,0.08084350659673546,0.040421753914308176,-0.02020775650405389,-0.0202137873042047,-0.02020700863546243,-0.020214954153014438
202_CT_1,THERMAL,2020-07-15 10:00:00,0.0,0.0,0.0,0.0,0.0,0.0,0.0
202_CT_2,THERMAL,2020-07-15 10:00:00,0.0,0.0,0.0,0.0,0.0,0.0,0.0
202_STEAM_3,THERMAL,2020-07-15 10:00:00,-0.09961806700135388,0.09961806700135388,0.049809034406340734,-0.024900140058211548,-0.024907830360160255,-0.02489959302058886,-0.02491050356239322
202_STEAM_4,THERMAL,2020-07-15 10:00:00,-0.11671531747077739,0.11671531747077739,0.05835765893663203,-0.029175172336064648,-0.029178947840513503,-0.02918198420919116,-0.029179213085008083
207_CT_1,THERMAL,2020-07-15 10:00:00,-0.09228030051133473,0.09228030051133473,0.050414794846186925,-0.01772499797609045,-0.02124130716847339,-0.03998163285514966,-0.013332362511621232
207_CT_2,THERMAL,2020-07-15 10:00:00,-0.056916802316217166,0.06114563774185018,0.03461812578602701,-0.01936601698391964,-0.015817810709426783,0.0021144177128165076,-0.02384739233568725
212_CSP_1,THERMAL,2020-07-15 10:00:00,-0.10085637296235228,0.10085637296235228,0.05042818687463989,-0.025208795679028173,-0.02521480401012366,-0.025215841364188307,-0.02521693190901214
213_CC_3,THERMAL,2020-07-15 10:00:00,0.0,0.0,0.0,0.0,0.0,0.0,0.0
213_CT_1,THERMAL,2020-07-15 10:00:00,0.0,0.0,0.0,0.0,0.0,0.0,0.0
213_CT_2,THERMAL,2020-07-15 10:00:00,0.0,0.0,0.0,0.0,0.0,0.0,0.0
215_CT_4,THERMAL,2020-07-15 10:00:00,0.0,0.0,0.0,0.0,0.0,0.0,0.0
215_CT_5,THERMAL,2020-07-15 10:00:00,0.0,0.0,0.0,0.0,0.0,0.0,0.0
216_STEAM_1,THERMAL,2020-07-15 10:00:00,-0.15778949180105278,0.15778949180105278,0.07889476443171776,-0.03945867848403681,-0.039483777520663677,-0.039410618426277466,-0.03943641737007485
218_CC_1,THERMAL,2020-07-15 10:00:00,0.0,0.0,0.0,0.0,0.0,0.0,0.0
221_CC_1,THERMAL,2020-07-15 10:00:00,-0.09972603913123762,0.09972603913123762,0.04986302067465234,-0.024927622611733535,-0.024936463554223742,-0.024925044334881186,-0.024936908630399164
223_CT_4,THERMAL,2020-07-15 10:00:00,0.0,0.0,0.0,0.0,0.0,0.0,0.0
223_CT_5,THERMAL,2020-07-15 10:00:00,0.0,0.0,0.0,0.0,0.0,0.0,0.0
223_CT_6,THERMAL,2020-07-15 10:00:00,0.0,0.0,0.0,0.0,0.0,0.0,0.0
223_STEAM_1,THERMAL,2020-07-15 10:00:00,-0.09479984376353139,0.09479984376353139,0.04739992227751344,-0.02369500429603505,-0.023701754424663712,-0.02370000480912937,-0.023703080233703253
223_STEAM_2,THERMAL,2020-07-15 10:00:00,-0.09284635638150286,0.09284635638150286,0.046423179107177914,-0.023207654122542942,-0.023213414343775995,-0.023206985077442344,-0.023218302837741577
223_STEAM_3,THERMAL,2020-07-15 10:00:00,-0.13106001621098765,0.13106001621098765,0.06553000936182934,-0.03276002437632308,-0.03276988988727525,-0.03275743577852985,-0.03277266616885947
301_CT_1,THERMAL,2020-07-15 10:00:00,0.0,0.0,0.0,0.0,0.0,0.0,0.0
301_CT_2,THERMAL,2020-07-15 10:00:00,0.0,0.0,0.0,0.0,0.0,0.0,0.0
301_CT_3,THERMAL,2020-07-15 10:00:00,-0.056009217656459526,0.056009217656459526,0.028004653430378487,-0.014010638547166693,-0.014017932633316188,-0.013959522773110855,-0.014021123702865793
301_CT_4,THERMAL,2020-07-15 10:00:00,-0.1150798165234744,0.1150798165234744,0.05754011084752699,-0.028788654607388525,-0.028826610687750998,-0.02864031213756313,-0.028824239090771756
302_CT_1,THERMAL,2020-07-15 10:00:00,0.0,0.0,0.0,0.0,0.0,0.0,0.0
302_CT_2,THERMAL,2020-07-15 10:00:00,0.0,0.0,0.0,0.0,0.0,0.0,0.0
302_CT_3,THERMAL,2020-07-15 10:00:00,0.0,0.0,0.0,0.0,0.0,0.0,0.0
302_CT_4,THERMAL,2020-07-15 10:00:00,0.0,0.0,0.0,0.0,0.0,0.0,0.0
303_WIND_1,WIND,2020-07-15 10:00:00,0.7872730979904642,1.1063627185026539,0.9512880743193179,-0.0531720992325635,0.9468179082465591,-0.05318499147178457,-0.053187719551746816
307_CT_1,THERMAL,2020-07-15 10:00:00,0.0,0.0,0.0,0.0,0.0,0.0,0.0
307_CT_2,THERMAL,2020-07-15 10:00:00,0.0,0.0,0.0,0.0,0.0,0.0,0.0
309_WIND_1,WIND,2020-07-15 10:00:00,0.9189093524789934,1.0405505275305977,0.9803590175655713,-0.02026953920715871,-0.020274895387563885,0.9797299400047956,-0.0202761529310796
313_CC_1,THERMAL,2020-07-15 10:00:00,-0.12433879389203338,0.12433879389203338,0.062169401643302064,-0.031083124786335903,-0.031094221841261982,-0.031065569671206994,-0.031095877593228505
315_CT_6,THERMAL,2020-07-15 10:00:00,0.0,0.0,0.0,0.0,0.0,0.0,0.0
315_CT_7,THERMAL,2020-07-15 10:00:00,-0.12357592264100192,0.12357592264100192,0.0617879625749478,-0.03088747206620097,-0.030901892159241724,-0.030888325333370766,-0.030898233082188458
315_CT_8,THERMAL,2020-07-15 10:00:00,-0.09175264399506938,0.09175264399506938,0.045876337021986506,-0.0229382930142226,-0.022953515439739277,-0.02290780315191617,-0.022953032389191337
315_STEAM_1,THERMAL,2020-07-15 10:00:00,0.0,0.0,0.0,0.0,0.0,0.0,0.0
315_STEAM_2,THERMAL,2020-07-15 10:00:00,0.0,0.0,0.0,0.0,0.0,0.0,0.0
315_STEAM_3,THERMAL,2020-07-15 10:00:00,0.0,0.0,0.0,0.0,0.0,0.0,0.0
315_STEAM_4,THERMAL,2020-07-15 10:00:00,0.0,0.0,0.0,0.0,0.0,0.0,0.0
315_STEAM_5,THERMAL,2020-07-15 10:00:00,0.0,0.0,0.0,0.0,0.0,0.0,0.0
316_STEAM_1,THERMAL,2020-07-15 10:00:00,-0.10425131051897843,0.10425131051897843,0.05212565615608725,-0.026058775155169744,-0.02606795013724783,-0.026057280807115557,-0.02606730441944529
317_WIND_1,WIND,2020-07-15 10:00:00,0.8488373272925835,1.0755797770662447,0.9644322904761324,-0.03778185227582376,-0.03779029428336589,-0.037799078327640956,0.9622085521794141
318_CC_1,THERMAL,2020-07-15 10:00:00,-0.1021361901996303,0.1021361901996303,0.05106811496565798,-0.025538213391892772,-0.02555079865096377,-0.02549609081464066,-0.025551087342133096
321_CC_1,THERMAL,2020-07-15 10:00:00,-0.10248703146806784,0.10248703146806784,0.0512436167025207,-0.025638614032117868,-0.025665437342940356,-0.025535259886266815,-0.025647720206742795
322_CT_5,THERMAL,2020-07-15 10:00:00,0.0,0.0,0.0,0.0,0.0,0.0,0.0
322_CT_6,THERMAL,2020-07-15 10:00:00,0.0,0.0,0.0,0.0,0.0,0.0,0.0
323_CC_1,THERMAL,2020-07-15 10:00:00,-0.11136661708376296,0.11136661708376296,0.05568332409203063,-0.02784385594003591,-0.027857145832420604,-0.027807016119058225,-0.02785859919224822
323_CC_2,THERMAL,2020-07-15 10:00:00,-0.18016774179047762,0.18016774179047762,0.09008387649085332,-0.045040628169883856,-0.04506586368915677,-0.04502119030775287,-0.04504005962368413
101_CT_1,THERMAL,2020-07-15 11:00:00,0.0,0.0,0.0,0.0,0.0,0.0,0.0
101_CT_2,THERMAL,2020-07-15 11:00:00,0.0,0.0,0.0,0.0,0.0,0.0,0.0
101_STEAM_3,THERMAL,2020-07-15 11:00:00,-0.06545259648997952,0.13325227735718084,0.06980060381619502,-0.019944186418929324,0.03389984043360067,-0.04898635062300394,-0.03042189988164692
101_STEAM_4,THERMAL,2020-07-15 11:00:00,0.04559914154151601,0.12319003715312771,0.06570924797703825,0.014784881086728985,-0.03879544780580585,0.04405877352814502,0.02555093473244785
102_CT_1,THERMAL,2020-07-15 11:00:00,0.0,0.0,0.0,0.0,0.0,0.0,0.0
102_CT_2,THERMAL,2020-07-15 11:00:00,0.0,0.0,0.0,0.0,0.0,0.0,0.0
102_STEAM_3,THERMAL,2020-07-15 11:00:00,-0.10097884544018365,0.10097884544018365,0.050489422763188324,-0.025243178206791436,-0.02524576323550959,-0.02524432789165032,-0.025245576106232306
102_STEAM_4,THERMAL,2020-07-15 11:00:00,-0.10123048975774426,0.10123048975774426,0.05061524524009832,-0.025308194263840122,-0.02531035826318445,-0.025302556495665707,-0.02530938073505398
107_CC_1,THERMAL,2020-07-15 11:00:00,-0.1525797956727839,0.1525797956727839,0.07628991237581897,-0.03817504876728561,-0.03810974961205127,-0.03814200188784245,-0.03815299540560458
113_CT_1,THERMAL,2020-07-15 11:00:00,0.0,0.0,0.0,0.0,0.0,0.0,0.0
113_CT_2,THERMAL,2020-07-15 11:00:00,0.0,0.0,0.0,0.0,0.0,0.0,0.0
113_CT_3,THERMAL,2020-07-15 11:00:00,0.0,0.0,0.0,0.0,0.0,0.0,0.0
113_CT_4,THERMAL,2020-07-15 11:00:00,0.0,0.0,0.0,0.0,0.0,0.0,0.0
115_STEAM_1,THERMAL,2020-07-15 11:00:00,0.0,0.0,0.0,0.0,0.0,0.0,0.0
115_STEAM_2,THERMAL,2020-07-15 11:00:00,0.0,0.0,0.0,0.0,0.0,0.0,0.0
115_STEAM_3,THERMAL,2020-07-15 11:00:00,-0.12415246976865274,0.12415246976865274,0.06207623620247655,-0.03103864094567238,-0.031045602469836342,-0.031027977884381386,-0.031040248468762636
116_STEAM_1,THERMAL,2020-07-15 11:00:00,-0.12138660711219205,0.12138660711219205,0.06069330391149987,-0.030345657259350955,-0.030351564482699267,-0.03034241876306165,-0.030346966607080177
118_CC_1,THERMAL,2020-07-15 11:00:00,-0.18680376942587945,0.18680376942587945,0.09340188514068835,-0.046695807977155335,-0.04669963366585361,-0.046708105588755267,-0.04670022219411525
122_WIND_1,WIND,2020-07-15 11:00:00,0.854226351824186,1.072899342246474,0.9656283878671532,0.9635628470353301,-0.0364360081645021,-0.03645621444943181,-0.03644427259721015
123_CT_1,THERMAL,2020-07-15 11:00:00,0.0,0.0,0.0,0.0,0.0,0.0,0.0
123_CT_4,THERMAL,2020-07-15 11:00:00,-0.0433462982432608,0.0433462982432608,0.021673426774749184,-0.010859860826079017,-0.010895396426388981,-0.01074723914603709,-0.010843801844755708
123_CT_5,THERMAL,2020-07-15 11:00:00,0.0,0.0,0.0,0.0,0.0,0.0,0.0
123_STEAM_2,THERMAL,2020-07-15 11:00:00,-0.1147117593321271,0.1147117593321271,0.057355880500119916,-0.02867796493154451,-0.028684634877364945,-0.028670819996623464,-0.028678339526594175
123_STEAM_3,THERMAL,2020-07-15 11:00:00,-0.08471854951487391,0.08471854951487391,0.04235927784587081,-0.021166500215950346,-0.021188303369100492,-0.02118328142507586,-0.021180464504747216
201_CT_1,THERMAL,2020-07-15 11:00:00,0.0,0.0,0.0,0.0,0.0,0.0,0.0
201_CT_2,THERMAL,2020-07-15 11:00:00,0.0,0.0,0.0,0.0,0.0,0.0,0.0
201_STEAM_3,THERMAL,2020-07-15 11:00:00,-0.12109133533988276,0.12109133533988276,0.0605456681523181,-0.03027235878176493,-0.030278393220363353,-0.030267612678095857,-0.030272970659658616
202_CT_1,THERMAL,2020-07-15 11:00:00,0.0,0.0,0.0,0.0,0.0,0.0,0.0
202_CT_2,THERMAL,2020-07-15 11:00:00,0.0,0.0,0.0,0.0,0.0,0.0,0.0
202_STEAM_3,THERMAL,2020-07-15 11:00:00,-0.15376208305129027,0.15376208305129027,0.07688104170857722,-0.03843667328266122,-0.03843986016570544,-0.038443942522685015,-0.038441607080238596
202_STEAM_4,THERMAL,2020-07-15 11:00:00,-0.11238436982352676,0.11238436982352676,0.056192185301738584,-0.028095509319385578,-0.02810089393416587,-0.028091581653009845,-0.02809638491696546
207_CT_1,THERMAL,2020-07-15 11:00:00,0.14499322706470077,0.14499322706470077,0.0724966239531917,0.036258221580840466,0.036226301317995147,0.03623367218312157,0.03627503198274359
207_CT_2,THERMAL,2020-07-15 11:00:00,0.14365386295345633,0.14365386295345633,0.07182696155038032,0.03593232650663264,0.03592211523200661,0.035857810442518456,0.03594161077229861
212_CSP_1,THERMAL,2020-07-15 11:00:00,-0.16150353905042866,0.16150353905042866,0.08075176958663328,-0.040373716815842564,-0.04037719466151324,-0.04037506170256666,-0.04037756587050619
213_CC_3,THERMAL,2020-07-15 11:00:00,-0.7526377321146417,0.7526377321146417,0.3763188664207392,-0.18816353449238332,-0.18816781535308524,-0.18816055708746848,-0.18814582518170467
213_CT_1,THERMAL,2020-07-15 11:00:00,0.0,0.0,0.0,0.0,0.0,0.0,0.0
213_CT_2,THERMAL,2020-07-15 11:00:00,0.0,0.0,0.0,0.0,0.0,0.0,0.0
215_CT_4,THERMAL,2020-07-15 11:00:00,0.0,0.0,0.0,0.0,0.0,0.0,0.0
215_CT_5,THERMAL,2020-07-15 11:00:00,0.0,0.0,0.0,0.0,0.0,0.0,0.0
216_STEAM_1,THERMAL,2020-07-15 11:00:00,-0.1440935221378313,0.1440935221378313,0.0720467612413976,-0.03602162620783406,-0.0360252389203124,-0.0360203022153458,-0.03602635479433905
218_CC_1,THERMAL,2020-07-15 11:00:00,-0.7526293801468371,0.7526293801468371,0.376314691436168,-0.18815067187607631,-0.18818095683357194,-0.18813704063111203,-0.18816071080607674
221_CC_1,THERMAL,2020-07-15 11:00:00,-0.14004032422076026,0.14004032422076026,0.07002016349160634,-0.03500662810825306,-0.035020067798604115,-0.03500131760201253,-0.03501231071189057
223_CT_4,THERMAL,2020-07-15 11:00:00,0.0,0.0,0.0,0.0,0.0,0.0,0.0
223_CT_5,THERMAL,2020-07-15 11:00:00,0.0,0.0,0.0,0.0,0.0,0.0,0.0
223_CT_6,THERMAL,2020-07-15 11:00:00,0.0,0.0,0.0,0.0,0.0,0.0,0.0
223_STEAM_1,THERMAL,2020-07-15 11:00:00,-0.19142426365220216,0.19142426365220216,0.09571213198669243,-0.04785342066400869,-0.047857770374816866,-0.04785334287531118,-0.047859729738065425
223_STEAM_2,THERMAL,2020-07-15 11:00:00,-0.14573800061881648,0.14573800061881648,0.0728690008756686,-0.036433944497611864,-0.03644029771489188,-0.03642770389360317,-0.036436054512709565
223_STEAM_3,THERMAL,2020-07-15 11:00:00,-0.13303382707786865,0.13303382707786865,0.06651691360232409,-0.03325679967154571,-0.03326047902736429,-0.033257399314677194,-0.033259149064281464
301_CT_1,THERMAL,2020-07-15 11:00:00,0.0,0.0,0.0,0.0,0.0,0.0,0.0
301_CT_2,THERMAL,2020-07-15 11:00:00,0.0,0.0,0.0,0.0,0.0,0.0,0.0
301_CT_3,THERMAL,2020-07-15 11:00:00,0.1322488757471103,0.1322488757471103,0.06612450038643597,0.03303344635976574,0.033015892548023174,0.03313493473381812,0.03306460210550328
301_CT_4,THERMAL,2020-07-15 11:00:00,0.13728858895356905,0.13728858895356905,0.0686475408873618,0.03409260953728069,0.03402257073393056,0.034872441201745596,0.03430096748061222
302_CT_1,THERMAL,2020-07-15 11:00:00,0.0,0.0,0.0,0.0,0.0,0.0,0.0
302_CT_2,THERMAL,2020-07-15 11:00:00,0.0,0.0,0.0,0.0,0.0,0.0,0.0
302_CT_3,THERMAL,2020-07-15 11:00:00,0.0,0.0,0.0,0.0,0.0,0.0,0.0
302_CT_4,THERMAL,2020-07-15 11:00:00,0.0,0.0,0.0,0.0,0.0,0.0,0.0
303_WIND_1,WIND,2020-07-15 11:00:00,0.8476385312913293,1.0761795158233765,0.9641688396840374,-0.03808716135867174,0.9619090235573529,-0.03809062332197399,-0.038092707585377916
307_CT_1,THERMAL,2020-07-15 11:00:00,0.0,0.0,0.0,0.0,0.0,0.0,0.0
307_CT_2,THERMAL,2020-07-15 11:00:00,0.0,0.0,0.0,0.0,0.0,0.0,0.0
309_WIND_1,WIND,2020-07-15 11:00:00,0.9173191535257795,1.0413210410126557,0.9799740942966271,-0.0206703921895105,-0.02065483640734056,0.9793200972692175,-0.020675715146586983
313_CC_1,THERMAL,2020-07-15 11:00:00,-0.1181486572155525,0.1181486572155525,0.059074328721074695,-0.029534753077294473,-0.02953619962880305,-0.029539538946814936,-0.029538165562640037
315_CT_6,THERMAL,2020-07-15 11:00:00,0.0,0.0,0.0,0.0,0.0,0.0,0.0
315_CT_7,THERMAL,2020-07-15 11:00:00,-0.10558121233162912,0.10558121233162912,0.05279150472358207,-0.026457677310544936,-0.026568271767483956,-0.02614846163692733,-0.026406801616672894
315_CT_8,THERMAL,2020-07-15 11:00:00,-0.0685101101799119,0.0685101101799119,0.03425505651973786,-0.017124405455410368,-0.017127360646898966,-0.017135605175674952,-0.017122738901927625
315_STEAM_1,THERMAL,2020-07-15 11:00:00,0.0,0.0,0.0,0.0,0.0,0.0,0.0
315_STEAM_2,THERMAL,2020-07-15 11:00:00,0.0,0.0,0.0,0.0,0.0,0.0,0.0
315_STEAM_3,THERMAL,2020-07-15 11:00:00,0.0,0.0,0.0,0.0,0.0,0.0,0.0
315_STEAM_4,THERMAL,2020-07-15 11:00:00,0.0,0.0,0.0,0.0,0.0,0.0,0.0
315_STEAM_5,THERMAL,2020-07-15 11:00:00,0.0,0.0,0.0,0.0,0.0,0.0,0.0
316_STEAM_1,THERMAL,2020-07-15 11:00:00,-0.1926546861224701,0.1926546861224701,0.0963273431114822,-0.0481617640184972,-0.04816475404808285,-0.04816558895192369,-0.04816257910396637
317_WIND_1,WIND,2020-07-15 11:00:00,0.818235840921159,1.0908714150955023,0.9577926757317804,-0.045444485715482985,-0.04546123256248258,-0.04541206880920612,0.9545536280083307
318_CC_1,THERMAL,2020-07-15 11:00:00,-0.06675168414831817,0.06675168414831817,0.03337584241194221,-0.016689215324562134,-0.016684674213151673,-0.016686844947092716,-0.016690949663511638
321_CC_1,THERMAL,2020-07-15 11:00:00,-0.11434090390054695,0.11434090390054695,0.05717045241004076,-0.02858422634391744,-0.028588959478209608,-0.028579742312825118,-0.028587975765594784
322_CT_5,THERMAL,2020-07-15 11:00:00,0.0,0.0,0.0,0.0,0.0,0.0,0.0
322_CT_6,THERMAL,2020-07-15 11:00:00,0.0,0.0,0.0,0.0,0.0,0.0,0.0
323_CC_1,THERMAL,2020-07-15 11:00:00,-0.021542823114052534,0.5400758978190133,0.2927110691304236,0.09675664001029904,-0.06801163012341438,-0.21279773034311855,0.16250989734218135
323_CC_2,THERMAL,2020-07-15 11:00:00,0.5500260611813661,0.6109584769206231,0.40097932750794857,0.03585303220697722,0.2007136054296632,0.34392563141435417,-0.030466207869628503
101_CT_1,THERMAL,2020-07-15 12:00:00,0.0,0.0,0.0,0.0,0.0,0.0,0.0
101_CT_2,THERMAL,2020-07-15 12:00:00,0.0,0.0,0.0,0.0,0.0,0.0,0.0
101_STEAM_3,THERMAL,2020-07-15 12:00:00,0.0882668699238333,0.22697969713002747,0.14929385117067248,-0.010460481710250664,-0.05889593189284642,0.1348828098060879,0.02274047372084247
101_STEAM_4,THERMAL,2020-07-15 12:00:00,-0.10325959138517168,0.22670513708245063,0.15163928887488357,0.006521499948395015,0.05520127290024446,-0.13859453845593062,-0.02638782577788054
102_CT_1,THERMAL,2020-07-15 12:00:00,0.0,0.0,0.0,0.0,0.0,0.0,0.0
102_CT_2,THERMAL,2020-07-15 12:00:00,0.0,0.0,0.0,0.0,0.0,0.0,0.0
102_STEAM_3,THERMAL,2020-07-15 12:00:00,-0.06375425746497267,0.06375425746497267,0.03187713796627144,-0.015936243417576018,-0.015945795778096294,-0.01592000080211875,-0.015952217467181604
102_STEAM_4,THERMAL,2020-07-15 12:00:00,-0.10265730482048459,0.10265730482048459,0.05132865271432081,-0.025660836517564706,-0.025663155283728978,-0.025668501268063748,-0.025664811751127153
107_CC_1,THERMAL,2020-07-15 12:00:00,-0.3591297220461616,0.3591297220461616,0.17956486133978833,-0.08977590325108181,-0.08978646902918208,-0.08977858924636806,-0.08978876051952968
113_CT_1,THERMAL,2020-07-15 12:00:00,0.0,0.0,0.0,0.0,0.0,0.0,0.0
113_CT_2,THERMAL,2020-07-15 12:00:00,0.0,0.0,0.0,0.0,0.0,0.0,0.0
113_CT_3,THERMAL,2020-07-15 12:00:00,0.0,0.0,0.0,0.0,0.0,0.0,0.0
113_CT_4,THERMAL,2020-07-15 12:00:00,0.0,0.0,0.0,0.0,0.0,0.0,0.0
115_STEAM_1,THERMAL,2020-07-15 12:00:00,0.0,0.0,0.0,0.0,0.0,0.0,0.0
115_STEAM_2,THERMAL,2020-07-15 12:00:00,0.0,0.0,0.0,0.0,0.0,0.0,0.0
115_STEAM_3,THERMAL,2020-07-15 12:00:00,-0.1393133808194972,0.1393133808194972,0.06965669085073464,-0.03482322697510443,-0.03482815449225063,-0.03483424853552375,-0.034827750816618396
116_STEAM_1,THERMAL,2020-07-15 12:00:00,-0.13327500747200965,0.13327500747200965,0.06663750657170238,-0.0333206080189567,-0.03332860854121322,-0.033302679458816264,-0.033323111453023455
118_CC_1,THERMAL,2020-07-15 12:00:00,-0.1328054613566379,0.1328054613566379,0.06640293698653711,-0.03319466751232503,-0.03332343839655616,-0.03308984238921475,-0.03319751305854197
122_WIND_1,WIND,2020-07-15 12:00:00,0.8762009931421627,1.0619042657127666,0.9705342896506539,0.9690526294274646,-0.030950327454237758,-0.030951097405097272,-0.030950211425966878
123_CT_1,THERMAL,2020-07-15 12:00:00,0.0,0.0,0.0,0.0,0.0,0.0,0.0
123_CT_4,THERMAL,2020-07-15 12:00:00,-0.04259853471636445,0.04259853471636445,0.02129926744059776,-0.0106498662804289,-0.010648838969820107,-0.010648759931768517,-0.010651069534346929
123_CT_5,THERMAL,2020-07-15 12:00:00,0.0,0.0,0.0,0.0,0.0,0.0,0.0
123_STEAM_2,THERMAL,2020-07-15 12:00:00,-0.1367678259150053,0.1367678259150053,0.06838391357261667,-0.03418618460269035,-0.034191550767380896,-0.03419901814039683,-0.03419107240453723
123_STEAM_3,THERMAL,2020-07-15 12:00:00,-0.13199084112245024,0.13199084112245024,0.06599542100248629,-0.03299402765569659,-0.032995158396412094,-0.03300388809414745,-0.032997766976194096
201_CT_1,THERMAL,2020-07-15 12:00:00,0.0,0.0,0.0,0.0,0.0,0.0,0.0
201_CT_2,THERMAL,2020-07-15 12:00:00,0.0,0.0,0.0,0.0,0.0,0.0,0.0
201_STEAM_3,THERMAL,2020-07-15 12:00:00,-0.11728944737300137,0.11728944737300137,0.05864472379168892,-0.0293195288470718,-0.029322335446942016,-0.02932412533830675,-0.0293234577406808
202_CT_1,THERMAL,2020-07-15 12:00:00,0.0,0.0,0.0,0.0,0.0,0.0,0.0
202_CT_2,THERMAL,2020-07-15 12:00:00,0.0,0.0,0.0,0.0,0.0,0.0,0.0
202_STEAM_3,THERMAL,2020-07-15 12:00:00,-0.11842456596003577,0.11842456596003577,0.059212283114449156,-0.029602965248116828,-0.029606545279831753,-0.02960848300681218,-0.02960657242527501
202_STEAM_4,THERMAL,2020-07-15 12:00:00,-0.12637361430821564,0.12637361430821564,0.06318680738361297,-0.031590434216237265,-0.03159270473654319,-0.03159778425009163,-0.031592691105343566
207_CT_1,THERMAL,2020-07-15 12:00:00,0.12538241932092745,0.12538241932092745,0.06269292634320178,0.031228236093286954,0.031089263883276763,0.031714021254689806,0.031350898089673916
207_CT_2,THERMAL,2020-07-15 12:00:00,0.13583099230580714,0.13583099230580714,0.06791752925130634,0.033793343207517146,0.03366918130755486,0.034362096923581165,0.034006370867153975
212_CSP_1,THERMAL,2020-07-15 12:00:00,-0.15824940739405163,0.15824940739405163,0.07912470384679395,-0.039558158588587355,-0.039563337070573024,-0.03956393498361965,-0.039563976751271615
213_CC_3,THERMAL,2020-07-15 12:00:00,-0.15492571171283806,0.15492571171283806,0.07746285617134807,-0.03873047079908942,-0.03873143905770071,-0.038727031280829216,-0.03873677057521871
213_CT_1,THERMAL,2020-07-15 12:00:00,0.0,0.0,0.0,0.0,0.0,0.0,0.0
213_CT_2,THERMAL,2020-07-15 12:00:00,0.0,0.0,0.0,0.0,0.0,0.0,0.0
215_CT_4,THERMAL,2020-07-15 12:00:00,0.0,0.0,0.0,0.0,0.0,0.0,0.0
215_CT_5,THERMAL,2020-07-15 12:00:00,0.0,0.0,0.0,0.0,0.0,0.0,0.0
216_STEAM_1,THERMAL,2020-07-15 12:00:00,-0.13321388122408867,0.13321388122408867,0.06660694163632955,-0.03329849320953576,-0.03329962745797488,-0.03331326610819296,-0.03330249444838507
218_CC_1,THERMAL,2020-07-15 12:00:00,-0.14983007541028256,0.14983007541028256,0.07491504093146707,-0.037450157759511216,-0.03744862327798426,-0.03747608615392295,-0.03745520821886414
221_CC_1,THERMAL,2020-07-15 12:00:00,-0.16340892433354792,0.16340892433354792,0.08170446529981262,-0.04085147144499168,-0.04086814049758081,-0.040836185005365344,-0.040853127385610075
223_CT_4,THERMAL,2020-07-15 12:00:00,0.0,0.0,0.0,0.0,0.0,0.0,0.0
223_CT_5,THERMAL,2020-07-15 12:00:00,0.0,0.0,0.0,0.0,0.0,0.0,0.0
223_CT_6,THERMAL,2020-07-15 12:00:00,0.0,0.0,0.0,0.0,0.0,0.0,0.0
223_STEAM_1,THERMAL,2020-07-15 12:00:00,-0.13475533331622058,0.13475533331622058,0.06737766675554036,-0.033685729410697474,-0.03369029975556703,-0.03368969574836145,-0.03368960840159462
223_STEAM_2,THERMAL,2020-07-15 12:00:00,-0.11082814056822546,0.11082814056822546,0.05541407614536919,-0.027698595363829126,-0.02769483096478842,-0.027727757454917512,-0.027706956784690397
223_STEAM_3,THERMAL,2020-07-15 12:00:00,-0.15987565883651295,0.15987565883651295,0.07993783062566526,-0.03996212946449007,-0.03996702886937076,-0.039980525053350924,-0.03996597544930119
301_CT_1,THERMAL,2020-07-15 12:00:00,0.0,0.0,0.0,0.0,0.0,0.0,0.0
301_CT_2,THERMAL,2020-07-15 12:00:00,0.0,0.0,0.0,0.0,0.0,0.0,0.0
301_CT_3,THERMAL,2020-07-15 12:00:00,0.0570417278336231,0.0934955165084404,0.0503166570360054,0.0305090456358649,0.033934756607585825,-0.01822689433740865,0.010824819927581024
301_CT_4,THERMAL,2020-07-15 12:00:00,0.16363964005358522,0.16363964005358522,0.09093277247494268,0.025151042859358708,0.022280452676192664,0.07202544351777251,0.04418270100026134
302_CT_1,THERMAL,2020-07-15 12:00:00,0.0,0.0,0.0,0.0,0.0,0.0,0.0
302_CT_2,THERMAL,2020-07-15 12:00:00,0.0,0.0,0.0,0.0,0.0,0.0,0.0
302_CT_3,THERMAL,2020-07-15 12:00:00,0.0,0.0,0.0,0.0,0.0,0.0,0.0
302_CT_4,THERMAL,2020-07-15 12:00:00,0.0,0.0,0.0,0.0,0.0,0.0,0.0
303_WIND_1,WIND,2020-07-15 12:00:00,0.8604427574362056,1.0697334113242074,0.966977366119524,-0.034900055792654205,0.9650880843802065,-0.034854518215183816,-0.03489075293616291
307_CT_1,THERMAL,2020-07-15 12:00:00,0.0,0.0,0.0,0.0,0.0,0.0,0.0
307_CT_2,THERMAL,2020-07-15 12:00:00,0.0,0.0,0.0,0.0,0.0,0.0,0.0
309_WIND_1,WIND,2020-07-15 12:00:00,0.8809371624629458,1.059536998628812,0.971605964848487,-0.029764673573885514,-0.02976818496749578,0.9702370805458789,-0.0297670595415518
313_CC_1,THERMAL,2020-07-15 12:00:00,-0.15536556923865383,0.15536556923865383,0.07768278972735483,-0.03884237037765448,-0.038853900308489564,-0.0388181376433705,-0.03885116090913929
315_CT_6,THERMAL,2020-07-15 12:00:00,0.0,0.0,0.0,0.0,0.0,0.0,0.0
315_CT_7,THERMAL,2020-07-15 12:00:00,-0.12675312431789604,0.12675312431789604,0.06337656445046269,-0.03168684926549309,-0.031702461014109236,-0.031680163642672225,-0.03168365039562149
315_CT_8,THERMAL,2020-07-15 12:00:00,-0.11526427062608152,0.11526427062608152,0.05763213549030771,-0.028813048546998656,-0.028814979466789275,-0.028819042829890024,-0.02881719978240358
315_STEAM_1,THERMAL,2020-07-15 12:00:00,0.0,0.0,0.0,0.0,0.0,0.0,0.0
315_STEAM_2,THERMAL,2020-07-15 12:00:00,0.0,0.0,0.0,0.0,0.0,0.0,0.0
315_STEAM_3,THERMAL,2020-07-15 12:00:00,0.0,0.0,0.0,0.0,0.0,0.0,0.0
315_STEAM_4,THERMAL,2020-07-15 12:00:00,0.0,0.0,0.0,0.0,0.0,0.0,0.0
315_STEAM_5,THERMAL,2020-07-15 12:00:00,0.0,0.0,0.0,0.0,0.0,0.0,0.0
316_STEAM_1,THERMAL,2020-07-15 12:00:00,-0.14614395847170264,0.14614395847170264,0.07307198049947965,-0.03652858770828504,-0.03653248565753664,-0.036546834057459954,-0.036536051048421
317_WIND_1,WIND,2020-07-15 12:00:00,0.8144186895105349,1.0927870096922825,0.9569826565454932,-0.046398401492177,-0.04639235717910051,-0.04639340141959636,0.9536028496014087
318_CC_1,THERMAL,2020-07-15 12:00:00,-0.12384836221467872,0.12384836221467872,0.06192418354066364,-0.030955753276182718,-0.030953344933093874,-0.030975588904583518,-0.030963675100818617
321_CC_1,THERMAL,2020-07-15 12:00:00,-0.13853966042999408,0.13853966042999408,0.06926983085869405,-0.03462961350258009,-0.03463300864716912,-0.034642485111489485,-0.03463455316875539
322_CT_5,THERMAL,2020-07-15 12:00:00,0.0,0.0,0.0,0.0,0.0,0.0,0.0
322_CT_6,THERMAL,2020-07-15 12:00:00,0.0,0.0,0.0,0.0,0.0,0.0,0.0
323_CC_1,THERMAL,2020-07-15 12:00:00,-0.17667267663476785,0.17667267663476785,0.08833851057548134,-0.04427939996382835,-0.04456547671266886,-0.043708653596323366,-0.04411914636194727
323_CC_2,THERMAL,2020-07-15 12:00:00,-0.14684694250009042,0.14684694250009042,0.0734234723212295,-0.0367068633783193,-0.03670447145200173,-0.03671969417873644,-0.03671591349103296
101_CT_1,THERMAL,2020-07-15 13:00:00,0.0,0.0,0.0,0.0,0.0,0.0,0.0
101_CT_2,THERMAL,2020-07-15 13:00:00,0.0,0.0,0.0,0.0,0.0,0.0,0.0
101_STEAM_3,THERMAL,2020-07-15 13:00:00,-0.11498884066870019,0.2607047488434907,0.14262824968900428,-0.05872079051959028,0.07285795408739526,-0.10487207312751412,-0.024253931108991045
101_STEAM_4,THERMAL,2020-07-15 13:00:00,0.09892661352721786,0.2525806433232022,0.13953339058643396,0.05451055590482834,-0.07682701489799215,0.10090698554566702,0.020336086974714663
102_CT_1,THERMAL,2020-07-15 13:00:00,0.0,0.0,0.0,0.0,0.0,0.0,0.0
102_CT_2,THERMAL,2020-07-15 13:00:00,0.0,0.0,0.0,0.0,0.0,0.0,0.0
102_STEAM_3,THERMAL,2020-07-15 13:00:00,-0.09048068777421356,0.09048068777421356,0.04524034404056548,-0.02261718087088685,-0.022621925105146823,-0.02262153209609119,-0.0226200497020887
102_STEAM_4,THERMAL,2020-07-15 13:00:00,-0.0631662646895865,0.0631662646895865,0.03158313264414282,-0.015790638132901907,-0.015793570082308972,-0.015788434674579577,-0.015793621799796036
107_CC_1,THERMAL,2020-07-15 13:00:00,-0.5124112644016892,0.5124112644016892,0.25620563638091653,-0.1280691968619,-0.1280945899344479,-0.12812959004253077,-0.12811788756281056
113_CT_1,THERMAL,2020-07-15 13:00:00,0.0,0.0,0.0,0.0,0.0,0.0,0.0
113_CT_2,THERMAL,2020-07-15 13:00:00,0.0,0.0,0.0,0.0,0.0,0.0,0.0
113_CT_3,THERMAL,2020-07-15 13:00:00,0.0,0.0,0.0,0.0,0.0,0.0,0.0
113_CT_4,THERMAL,2020-07-15 13:00:00,0.0,0.0,0.0,0.0,0.0,0.0,0.0
115_STEAM_1,THERMAL,2020-07-15 13:00:00,0.0,0.0,0.0,0.0,0.0,0.0,0.0
115_STEAM_2,THERMAL,2020-07-15 13:00:00,0.0,0.0,0.0,0.0,0.0,0.0,0.0
115_STEAM_3,THERMAL,2020-07-15 13:00:00,-0.1266702543589057,0.1266702543589057,0.06333512736572759,-0.03166339371816862,-0.031668694094844074,-0.03166947743360238,-0.03166868911229062
116_STEAM_1,THERMAL,2020-07-15 13:00:00,-0.10052178338678056,0.10052178338678056,0.050260891842803336,-0.02512714449775283,-0.02513210033909874,-0.02513138535382531,-0.025131153196103685
118_CC_1,THERMAL,2020-07-15 13:00:00,-0.1114865197305713,0.1114865197305713,0.055743260023201145,-0.027869056153606242,-0.02787276103618197,-0.027870270278095077,-0.02787443226268802
122_WIND_1,WIND,2020-07-15 13:00:00,0.8474519279812122,1.0762669519659989,0.9641247889762892,0.9618594399736056,-0.03813652786115895,-0.0381451034521092,-0.038125880679125236
123_CT_1,THERMAL,2020-07-15 13:00:00,0.0,0.0,0.0,0.0,0.0,0.0,0.0
123_CT_4,THERMAL,2020-07-15 13:00:00,-0.05211484944459902,0.05211484944459902,0.026057425764523665,-0.013026127171579067,-0.013034949045174356,-0.013027903771089358,-0.013025869456756238
123_CT_5,THERMAL,2020-07-15 13:00:00,0.0,0.0,0.0,0.0,0.0,0.0,0.0
123_STEAM_2,THERMAL,2020-07-15 13:00:00,-0.0987400615823176,0.0987400615823176,0.049370030973950034,-0.024681666270185865,-0.02468718694799943,-0.024686447745335016,-0.024684760618797295
123_STEAM_3,THERMAL,2020-07-15 13:00:00,-0.10298146187417664,0.10298146187417664,0.05149073131056985,-0.025743456110146168,-0.025747623573566525,-0.02574134036969422,-0.025749041820769727
201_CT_1,THERMAL,2020-07-15 13:00:00,0.0,0.0,0.0,0.0,0.0,0.0,0.0
201_CT_2,THERMAL,2020-07-15 13:00:00,0.0,0.0,0.0,0.0,0.0,0.0,0.0
201_STEAM_3,THERMAL,2020-07-15 13:00:00,-0.11957544526252147,0.11957544526252147,0.0597877231812485,-0.02988985342057665,-0.029891302914813567,-0.0298938582594781,-0.029900430667653143
202_CT_1,THERMAL,2020-07-15 13:00:00,0.0,0.0,0.0,0.0,0.0,0.0,0.0
202_CT_2,THERMAL,2020-07-15 13:00:00,0.0,0.0,0.0,0.0,0.0,0.0,0.0
202_STEAM_3,THERMAL,2020-07-15 13:00:00,-0.10825179576016908,0.10825179576016908,0.05412589812495884,-0.02706024095818471,-0.027067050391447856,-0.027061420900577504,-0.02706308350995901
202_STEAM_4,THERMAL,2020-07-15 13:00:00,-0.13141737768262585,0.13141737768262585,0.06570868917098711,-0.03284945565956435,-0.032855773862196624,-0.03285846135763104,-0.03285368680323382
207_CT_1,THERMAL,2020-07-15 13:00:00,-0.013626122204279572,0.08496552051120913,0.05350422416560447,0.009553406356029054,0.012654381315720276,-0.04929582135774435,0.01346191148171545
207_CT_2,THERMAL,2020-07-15 13:00:00,0.08158779222962086,0.08158779222962086,0.06692184362419122,0.007509463389192228,0.0043143295339749255,0.066266867621118,0.003497131685335709
212_CSP_1,THERMAL,2020-07-15 13:00:00,-0.09033490112326059,0.09033490112326059,0.045167450767029195,-0.022580264446448894,-0.02258478161469535,-0.022586061255370105,-0.022583793806746248
213_CC_3,THERMAL,2020-07-15 13:00:00,-0.10666665538181797,0.10666665538181797,0.053333327943793196,-0.02666532965526902,-0.026663060908260316,-0.026669019536474714,-0.02666924528181391
213_CT_1,THERMAL,2020-07-15 13:00:00,0.0,0.0,0.0,0.0,0.0,0.0,0.0
213_CT_2,THERMAL,2020-07-15 13:00:00,0.0,0.0,0.0,0.0,0.0,0.0,0.0
215_CT_4,THERMAL,2020-07-15 13:00:00,0.0,0.0,0.0,0.0,0.0,0.0,0.0
215_CT_5,THERMAL,2020-07-15 13:00:00,0.0,0.0,0.0,0.0,0.0,0.0,0.0
216_STEAM_1,THERMAL,2020-07-15 13:00:00,-0.09264018229089153,0.09264018229089153,0.04632009130818331,-0.02315682489143278,-0.023161542344880548,-0.023161606451352235,-0.02316020860322597
218_CC_1,THERMAL,2020-07-15 13:00:00,-0.10827761658244163,0.10827761658244163,0.054138808502425424,-0.027066927417902842,-0.027072749357567982,-0.027067362580252663,-0.027070577226718143
221_CC_1,THERMAL,2020-07-15 13:00:00,-0.0878734023117505,0.0878734023117505,0.043936701301980616,-0.02196533420129021,-0.021969208024641862,-0.0219700107935763,-0.02196884929224214
223_CT_4,THERMAL,2020-07-15 13:00:00,0.0,0.0,0.0,0.0,0.0,0.0,0.0
223_CT_5,THERMAL,2020-07-15 13:00:00,0.0,0.0,0.0,0.0,0.0,0.0,0.0
223_CT_6,THERMAL,2020-07-15 13:00:00,0.0,0.0,0.0,0.0,0.0,0.0,0.0
223_STEAM_1,THERMAL,2020-07-15 13:00:00,-0.13145991858200543,0.13145991858200543,0.06572995950862244,-0.03286060012227271,-0.0328672977315958,-0.03286699264816173,-0.03286502807997518
223_STEAM_2,THERMAL,2020-07-15 13:00:00,-0.08045576264555152,0.08045576264555152,0.04022788141314811,-0.020112424431675047,-0.020112823331658314,-0.020114899823297172,-0.020115615058920976
223_STEAM_3,THERMAL,2020-07-15 13:00:00,-0.12370365063661667,0.12370365063661667,0.06185182542909581,-0.0309232140828275,-0.030925388060305536,-0.030926834004831427,-0.030928214488652205
301_CT_1,THERMAL,2020-07-15 13:00:00,0.0,0.0,0.0,0.0,0.0,0.0,0.0
301_CT_2,THERMAL,2020-07-15 13:00:00,0.0,0.0,0.0,0.0,0.0,0.0,0.0
301_CT_3,THERMAL,2020-07-15 13:00:00,-0.07252066856851878,0.07252066856851878,0.03626033496035429,-0.018129661515494486,-0.018125562105187065,-0.018135415927982512,-0.01813002901985472
301_CT_4,THERMAL,2020-07-15 13:00:00,-0.06520870321813944,0.06520870321813944,0.03260435257095435,-0.016301410535905975,-0.016296098857555952,-0.01630654569371992,-0.016304648130957597
302_CT_1,THERMAL,2020-07-15 13:00:00,0.0,0.0,0.0,0.0,0.0,0.0,0.0
302_CT_2,THERMAL,2020-07-15 13:00:00,0.0,0.0,0.0,0.0,0.0,0.0,0.0
302_CT_3,THERMAL,2020-07-15 13:00:00,0.0,0.0,0.0,0.0,0.0,0.0,0.0
302_CT_4,THERMAL,2020-07-15 13:00:00,0.0,0.0,0.0,0.0,0.0,0.0,0.0
303_WIND_1,WIND,2020-07-15 13:00:00,0.850171696808827,1.074914089989962,0.964726861322641,-0.037451746187984636,0.9625428933993945,-0.037461584532213266,-0.037457865870369596
307_CT_1,THERMAL,2020-07-15 13:00:00,0.0,0.0,0.0,0.0,0.0,0.0,0.0
307_CT_2,THERMAL,2020-07-15 13:00:00,0.0,0.0,0.0,0.0,0.0,0.0,0.0
309_WIND_1,WIND,2020-07-15 13:00:00,0.8958305159241049,1.052169348679971,0.9750449668882886,-0.026052367864806247,-0.026065065912993512,0.9739999323020379,-0.026051982600133246
313_CC_1,THERMAL,2020-07-15 13:00:00,-0.11417915660065384,0.11417915660065384,0.057089578640302834,-0.028540129093904354,-0.028545451598539717,-0.028548870352525846,-0.028544705555683923
315_CT_6,THERMAL,2020-07-15 13:00:00,0.0,0.0,0.0,0.0,0.0,0.0,0.0
315_CT_7,THERMAL,2020-07-15 13:00:00,-0.10095544407336568,0.10095544407336568,0.050477739231726916,-0.02522617361310232,-0.025215818790102488,-0.02527096865289086,-0.025242483017270015
315_CT_8,THERMAL,2020-07-15 13:00:00,-0.09998720143162593,0.09998720143162593,0.04999360580903518,-0.02499923886538666,-0.025000326909155858,-0.02497843791931023,-0.02500919773777318
315_STEAM_1,THERMAL,2020-07-15 13:00:00,0.0,0.0,0.0,0.0,0.0,0.0,0.0
315_STEAM_2,THERMAL,2020-07-15 13:00:00,0.0,0.0,0.0,0.0,0.0,0.0,0.0
315_STEAM_3,THERMAL,2020-07-15 13:00:00,0.0,0.0,0.0,0.0,0.0,0.0,0.0
315_STEAM_4,THERMAL,2020-07-15 13:00:00,0.0,0.0,0.0,0.0,0.0,0.0,0.0
315_STEAM_5,THERMAL,2020-07-15 13:00:00,0.0,0.0,0.0,0.0,0.0,0.0,0.0
316_STEAM_1,THERMAL,2020-07-15 13:00:00,-0.09981662664461659,0.09981662664461659,0.04990831377589316,-0.024949847490762622,-0.02495358415518778,-0.024959286664320235,-0.024953908334345954
317_WIND_1,WIND,2020-07-15 13:00:00,0.8742481431116536,1.0628669840083294,0.9700868567320183,-0.03142950105240727,-0.03143809986574375,-0.031441819530186876,0.9685575635599915
318_CC_1,THERMAL,2020-07-15 13:00:00,-0.09125979954014732,0.09125979954014732,0.045629900112235285,-0.02281375796113616,-0.02281826295074474,-0.022811010174262236,-0.022816768454004186
321_CC_1,THERMAL,2020-07-15 13:00:00,-0.14468553579695467,0.14468553579695467,0.07234276820877684,-0.03616649996920196,-0.03617502005197615,-0.03617388442017777,-0.0361701313555988
322_CT_5,THERMAL,2020-07-15 13:00:00,0.0,0.0,0.0,0.0,0.0,0.0,0.0
322_CT_6,THERMAL,2020-07-15 13:00:00,0.0,0.0,0.0,0.0,0.0,0.0,0.0
323_CC_1,THERMAL,2020-07-15 13:00:00,-0.109042890906111,0.109042890906111,0.054521445721391254,-0.027257342671572315,-0.02726402458848165,-0.02725890037394496,-0.02726262327211207
323_CC_2,THERMAL,2020-07-15 13:00:00,-0.1827158444272269,0.1827158444272269,0.09135792290622355,-0.04567606920784384,-0.045684321090980085,-0.04567115391411658,-0.04568430021428641
101_CT_1,THERMAL,2020-07-15 14:00:00,0.0,0.0,0.0,0.0,0.0,0.0,0.0
101_CT_2,THERMAL,2020-07-15 14:00:00,0.0,0.0,0.0,0.0,0.0,0.0,0.0
101_STEAM_3,THERMAL,2020-07-15 14:00:00,0.19729540024142025,0.3739588887261531,0.2509589363049732,0.024024647848131353,-0.08833174424236645,0.2317536476038129,0.02984884903184245
101_STEAM_4,THERMAL,2020-07-15 14:00:00,-0.2157964588922761,0.383300195679012,0.25469843976423534,-0.028846859035907682,0.08375186839336796,-0.23630898298655545,-0.03439248526318096
102_CT_1,THERMAL,2020-07-15 14:00:00,0.0,0.0,0.0,0.0,0.0,0.0,0.0
102_CT_2,THERMAL,2020-07-15 14:00:00,0.0,0.0,0.0,0.0,0.0,0.0,0.0
102_STEAM_3,THERMAL,2020-07-15 14:00:00,-0.0997056372187251,0.0997056372187251,0.04985281881037786,-0.02492310615375376,-0.02492567175602134,-0.024928890061635123,-0.02492796924731487
102_STEAM_4,THERMAL,2020-07-15 14:00:00,-0.08235132609327625,0.08235132609327625,0.041175663221294415,-0.02058765263574,-0.020589126090404808,-0.02058481880040708,-0.020589728566724357
107_CC_1,THERMAL,2020-07-15 14:00:00,-0.28096105125166626,0.28096105125166626,0.14048053207659716,-0.07024055034523263,-0.0702571604672606,-0.07020541060454111,-0.07025792983463193
113_CT_1,THERMAL,2020-07-15 14:00:00,0.0,0.0,0.0,0.0,0.0,0.0,0.0
113_CT_2,THERMAL,2020-07-15 14:00:00,0.0,0.0,0.0,0.0,0.0,0.0,0.0
113_CT_3,THERMAL,2020-07-15 14:00:00,0.0,0.0,0.0,0.0,0.0,0.0,0.0
113_CT_4,THERMAL,2020-07-15 14:00:00,0.0,0.0,0.0,0.0,0.0,0.0,0.0
115_STEAM_1,THERMAL,2020-07-15 14:00:00,0.0,0.0,0.0,0.0,0.0,0.0,0.0
115_STEAM_2,THERMAL,2020-07-15 14:00:00,0.0,0.0,0.0,0.0,0.0,0.0,0.0
115_STEAM_3,THERMAL,2020-07-15 14:00:00,-0.10586991578571171,0.10586991578571171,0.05293495803362022,-0.02646430319536916,-0.026467599008261233,-0.026468747673762172,-0.02646926590831915
116_STEAM_1,THERMAL,2020-07-15 14:00:00,-0.09846998771829987,0.09846998771829987,0.04923499475855794,-0.024614230960665173,-0.024625140667815404,-0.024617531665474424,-0.024613084424344865
118_CC_1,THERMAL,2020-07-15 14:00:00,-0.10769207849325099,0.10769207849325099,0.05384603942223239,-0.02692015045129914,-0.026922000805703394,-0.026923943053901667,-0.026925984182346797
122_WIND_1,WIND,2020-07-15 14:00:00,0.8852534643552503,1.0573802159862078,0.972586948429905,0.9713168401707291,-0.02868426778536559,-0.028692668249616915,-0.028686439780496252
123_CT_1,THERMAL,2020-07-15 14:00:00,-0.08638802484056418,0.08638802484056418,0.0431940128652707,-0.02159491085122506,-0.02160233746152216,-0.02159494474537469,-0.021595831782442263
123_CT_4,THERMAL,2020-07-15 14:00:00,-0.05802372641263233,0.05802372641263233,0.02901186408942302,-0.014505718749371035,-0.014506504223288383,-0.014500711718269629,-0.014510791721703286
123_CT_5,THERMAL,2020-07-15 14:00:00,0.0,0.0,0.0,0.0,0.0,0.0,0.0
123_STEAM_2,THERMAL,2020-07-15 14:00:00,-0.114247801549437,0.114247801549437,0.057123900989150385,-0.028559302107053736,-0.028563792358203277,-0.02855972989394595,-0.02856497719023404
123_STEAM_3,THERMAL,2020-07-15 14:00:00,-0.09558522885289643,0.09558522885289643,0.047792615403267145,-0.023891915239219297,-0.023904124512085234,-0.02389270995008852,-0.023896479151503378
201_CT_1,THERMAL,2020-07-15 14:00:00,0.0,0.0,0.0,0.0,0.0,0.0,0.0
201_CT_2,THERMAL,2020-07-15 14:00:00,0.0,0.0,0.0,0.0,0.0,0.0,0.0
201_STEAM_3,THERMAL,2020-07-15 14:00:00,-0.10354778343238527,0.10354778343238527,0.05177389205797269,-0.025883346355760894,-0.025885015756894725,-0.025891018444544778,-0.02588840287518488
202_CT_1,THERMAL,2020-07-15 14:00:00,0.04979244858677989,0.04979244858677989,0.024896224896668005,0.012445899105984135,0.012447282824515474,0.012452781770740162,0.012446484885540125
202_CT_2,THERMAL,2020-07-15 14:00:00,0.0,0.0,0.0,0.0,0.0,0.0,0.0
202_STEAM_3,THERMAL,2020-07-15 14:00:00,-0.10351921345338888,0.10351921345338888,0.051759606842816164,-0.025877015849294555,-0.02587979018683151,-0.025880798438460362,-0.02588160897880245
202_STEAM_4,THERMAL,2020-07-15 14:00:00,-0.09329734412315502,0.09329734412315502,0.04664867237682803,-0.023320367512632112,-0.023325530348225876,-0.023327771107096273,-0.023323675155200757
207_CT_1,THERMAL,2020-07-15 14:00:00,-0.06831695561234635,0.07838386873231434,0.05114230245222418,-0.0127427830773989,0.005033456559983995,-0.04749652437403895,-0.013111104720892497
207_CT_2,THERMAL,2020-07-15 14:00:00,0.014880150894174249,0.05319979174541636,0.03868399626546082,-0.0005201586513587791,-0.0183681141237918,0.034039971319795304,-0.00027154765047047454
212_CSP_1,THERMAL,2020-07-15 14:00:00,-0.16704549562496143,0.16704549562496143,0.08352274806412661,-0.04175628960473793,-0.041760894364862855,-0.04176366692089761,-0.04176464473446303
213_CC_3,THERMAL,2020-07-15 14:00:00,-0.15195962418401526,0.15195962418401526,0.07597981303922789,-0.03798339100450521,-0.03799885514316115,-0.03799172585988719,-0.03798565217646173
213_CT_1,THERMAL,2020-07-15 14:00:00,0.0,0.0,0.0,0.0,0.0,0.0,0.0
213_CT_2,THERMAL,2020-07-15 14:00:00,0.0,0.0,0.0,0.0,0.0,0.0,0.0
215_CT_4,THERMAL,2020-07-15 14:00:00,0.0,0.0,0.0,0.0,0.0,0.0,0.0
215_CT_5,THERMAL,2020-07-15 14:00:00,0.0,0.0,0.0,0.0,0.0,0.0,0.0
216_STEAM_1,THERMAL,2020-07-15 14:00:00,-0.108047547086549,0.108047547086549,0.054023773706547484,-0.027009717193859695,-0.027013457395669738,-0.027009918215758377,-0.027014454281261188
218_CC_1,THERMAL,2020-07-15 14:00:00,-0.10110283842233082,0.10110283842233082,0.050551419424394665,-0.025272410096684572,-0.02527665491976827,-0.02527875841177707,-0.025275014994100915
221_CC_1,THERMAL,2020-07-15 14:00:00,-0.10148485824670621,0.10148485824670621,0.0507424300841073,-0.025369304020120054,-0.02537804498730689,-0.025364565676353923,-0.025372943562925344
223_CT_4,THERMAL,2020-07-15 14:00:00,0.0,0.0,0.0,0.0,0.0,0.0,0.0
223_CT_5,THERMAL,2020-07-15 14:00:00,0.0,0.0,0.0,0.0,0.0,0.0,0.0
223_CT_6,THERMAL,2020-07-15 14:00:00,0.0,0.0,0.0,0.0,0.0,0.0,0.0
223_STEAM_1,THERMAL,2020-07-15 14:00:00,-0.10307485812071637,0.10307485812071637,0.051537429585055035,-0.025767098375464093,-0.025774258885779444,-0.025764199367450225,-0.02576930149202261
223_STEAM_2,THERMAL,2020-07-15 14:00:00,-0.11740087270848129,0.11740087270848129,0.05870043646692345,-0.02934721074539226,-0.029350393899967964,-0.029351365472625623,-0.02935190259049545
223_STEAM_3,THERMAL,2020-07-15 14:00:00,-0.12711774194859163,0.12711774194859163,0.06355887114963053,-0.031775589953423555,-0.03177940904194143,-0.031781331385419165,-0.03178141156780747
301_CT_1,THERMAL,2020-07-15 14:00:00,0.0,0.0,0.0,0.0,0.0,0.0,0.0
301_CT_2,THERMAL,2020-07-15 14:00:00,0.0,0.0,0.0,0.0,0.0,0.0,0.0
301_CT_3,THERMAL,2020-07-15 14:00:00,-0.0684907106502573,0.0684907106502573,0.03424535598018497,-0.017118236585841398,-0.017120748625524818,-0.017126614966849862,-0.017125110472041218
301_CT_4,THERMAL,2020-07-15 14:00:00,-0.0636470038121402,0.0636470038121402,0.03182350266891515,-0.015909109928039372,-0.015907690139382313,-0.015916248663836896,-0.015913955080881618
302_CT_1,THERMAL,2020-07-15 14:00:00,0.0,0.0,0.0,0.0,0.0,0.0,0.0
302_CT_2,THERMAL,2020-07-15 14:00:00,0.0,0.0,0.0,0.0,0.0,0.0,0.0
302_CT_3,THERMAL,2020-07-15 14:00:00,0.0,0.0,0.0,0.0,0.0,0.0,0.0
302_CT_4,THERMAL,2020-07-15 14:00:00,0.0,0.0,0.0,0.0,0.0,0.0,0.0
303_WIND_1,WIND,2020-07-15 14:00:00,0.8647235357856369,1.0676379409069012,0.9679547547230026,-0.0338139536295059,0.966180738346269,-0.033824495786458186,-0.033818753144668076
307_CT_1,THERMAL,2020-07-15 14:00:00,0.0,0.0,0.0,0.0,0.0,0.0,0.0
307_CT_2,THERMAL,2020-07-15 14:00:00,0.0,0.0,0.0,0.0,0.0,0.0,0.0
309_WIND_1,WIND,2020-07-15 14:00:00,0.9088195434009714,1.04555949111625,0.9779864537664796,-0.022789090250599386,-0.022791137808514494,0.9771895172586107,-0.022789745798525433
313_CC_1,THERMAL,2020-07-15 14:00:00,-0.1615914873642798,0.1615914873642798,0.08079574424458177,-0.04039261667583949,-0.040398658851291014,-0.04039497427813021,-0.040405237559019105
315_CT_6,THERMAL,2020-07-15 14:00:00,-0.08103509080441752,0.08103509080441752,0.040517546869392525,-0.020253304133478683,-0.020253999805087488,-0.020266516771904594,-0.020261270093946758
315_CT_7,THERMAL,2020-07-15 14:00:00,-0.07981514906270357,0.07981514906270357,0.039907576183822076,-0.01994975603251929,-0.01994859405446682,-0.01996320191929607,-0.019953597056421385
315_CT_8,THERMAL,2020-07-15 14:00:00,-0.08269799054877336,0.08269799054877336,0.041348995957430267,-0.020672051518350783,-0.020674145661956096,-0.020671076711047134,-0.020680716657419346
315_STEAM_1,THERMAL,2020-07-15 14:00:00,0.0,0.0,0.0,0.0,0.0,0.0,0.0
315_STEAM_2,THERMAL,2020-07-15 14:00:00,0.0,0.0,0.0,0.0,0.0,0.0,0.0
315_STEAM_3,THERMAL,2020-07-15 14:00:00,0.0,0.0,0.0,0.0,0.0,0.0,0.0
315_STEAM_4,THERMAL,2020-07-15 14:00:00,0.0,0.0,0.0,0.0,0.0,0.0,0.0
315_STEAM_5,THERMAL,2020-07-15 14:00:00,0.0,0.0,0.0,0.0,0.0,0.0,0.0
316_STEAM_1,THERMAL,2020-07-15 14:00:00,-0.11586362302662902,0.11586362302662902,0.057931812172963615,-0.028963442218274155,-0.028973049706161103,-0.028961519680143377,-0.028965611422050383
317_WIND_1,WIND,2020-07-15 14:00:00,0.8846955076244448,1.0576535603568717,0.972457119637197,-0.02882525160323235,-0.02883231424844901,-0.02882146051453205,0.9711745339906582
318_CC_1,THERMAL,2020-07-15 14:00:00,-0.1636264003514791,0.1636264003514791,0.08181320103445168,-0.040914082500829174,-0.040897489208393534,-0.0409077204217283,-0.040907108220528086
321_CC_1,THERMAL,2020-07-15 14:00:00,-0.08867858637636652,0.08867858637636652,0.04433929479911232,-0.02215981029538583,-0.02217175918539427,-0.022175938599218625,-0.0221710782963678
322_CT_5,THERMAL,2020-07-15 14:00:00,0.0,0.0,0.0,0.0,0.0,0.0,0.0
322_CT_6,THERMAL,2020-07-15 14:00:00,0.0,0.0,0.0,0.0,0.0,0.0,0.0
323_CC_1,THERMAL,2020-07-15 14:00:00,-0.1307186577799439,0.1307186577799439,0.06535933054393962,-0.03268032978819968,-0.03268715136930034,-0.032667636016435075,-0.032683540606008823
323_CC_2,THERMAL,2020-07-15 14:00:00,-0.07828898103929842,0.07828898103929842,0.03914449588159159,-0.019572969799263817,-0.019586719027730792,-0.019557780545483627,-0.01957151166682018
101_CT_1,THERMAL,2020-07-15 15:00:00,0.0,0.0,0.0,0.0,0.0,0.0,0.0
101_CT_2,THERMAL,2020-07-15 15:00:00,0.0,0.0,0.0,0.0,0.0,0.0,0.0
101_STEAM_3,THERMAL,2020-07-15 15:00:00,0.059082169530649056,0.12889532058020947,0.06486343744356915,0.02658557657434818,0.03142013079004102,0.035983037691040054,-0.0349065755247802
101_STEAM_4,THERMAL,2020-07-15 15:00:00,-0.07534984646236434,0.13733549306861573,0.0690732162094646,-0.030943009948280503,-0.0354052835170684,-0.03999437630014113,0.030992823303125697
102_CT_1,THERMAL,2020-07-15 15:00:00,-0.02945314915140778,0.02945314915140778,0.014726624166866275,-0.007357030895587594,-0.007354278738443659,-0.007395656499913222,-0.0073461830174633026
102_CT_2,THERMAL,2020-07-15 15:00:00,-0.028753642824436824,0.028753642824436824,0.01437685670510478,-0.007165048891489095,-0.0071844693684907195,-0.007195707728396561,-0.00720841683606045
102_STEAM_3,THERMAL,2020-07-15 15:00:00,-0.06751116321386269,0.06751116321386269,0.03375558211011538,-0.016872994974002825,-0.016879704329702205,-0.016877975941268164,-0.01688048796888949
102_STEAM_4,THERMAL,2020-07-15 15:00:00,-0.06430151043261789,0.06430151043261789,0.03215075560723842,-0.01607119784929606,-0.016076551029990893,-0.016075939760752056,-0.016077821792578887
107_CC_1,THERMAL,2020-07-15 15:00:00,-0.28705152149529267,0.28705152149529267,0.14352576261996342,-0.07174321580100912,-0.07176906212568146,-0.0717663317419519,-0.0717729118266502
113_CT_1,THERMAL,2020-07-15 15:00:00,0.0,0.0,0.0,0.0,0.0,0.0,0.0
113_CT_2,THERMAL,2020-07-15 15:00:00,0.0,0.0,0.0,0.0,0.0,0.0,0.0
113_CT_3,THERMAL,2020-07-15 15:00:00,0.0,0.0,0.0,0.0,0.0,0.0,0.0
113_CT_4,THERMAL,2020-07-15 15:00:00,0.0,0.0,0.0,0.0,0.0,0.0,0.0
115_STEAM_1,THERMAL,2020-07-15 15:00:00,0.0,0.0,0.0,0.0,0.0,0.0,0.0
115_STEAM_2,THERMAL,2020-07-15 15:00:00,0.0,0.0,0.0,0.0,0.0,0.0,0.0
115_STEAM_3,THERMAL,2020-07-15 15:00:00,-0.10183026604103648,0.10183026604103648,0.05091513368996372,-0.02545129377208999,-0.02545927003199233,-0.025457068879087164,-0.025462633357866995
116_STEAM_1,THERMAL,2020-07-15 15:00:00,-0.08346947048082784,0.08346947048082784,0.04173473583188639,-0.020861399665492275,-0.020868256282002284,-0.020869728266558196,-0.020870086266775088
118_CC_1,THERMAL,2020-07-15 15:00:00,-0.12336660979412437,0.12336660979412437,0.06168330565279824,-0.030833716368796615,-0.030842066723057338,-0.030846359615885888,-0.030844467086384525
122_WIND_1,WIND,2020-07-15 15:00:00,0.9270621725536322,1.0364790676308626,0.9822785866996372,0.9817706200922474,-0.01823566358486106,-0.0182355944672139,-0.018237189486540222
123_CT_1,THERMAL,2020-07-15 15:00:00,-0.07410779562865746,0.07410779562865746,0.03705389818249892,-0.018522729294725055,-0.01852846324418579,-0.0185269736371335,-0.018529629452613116
123_CT_4,THERMAL,2020-07-15 15:00:00,-0.07221909455500544,0.07221909455500544,0.03610954767873646,-0.018050215356850485,-0.01805596494696214,-0.018055711695351265,-0.01805720255584155
123_CT_5,THERMAL,2020-07-15 15:00:00,0.0,0.0,0.0,0.0,0.0,0.0,0.0
123_STEAM_2,THERMAL,2020-07-15 15:00:00,-0.09236069658153737,0.09236069658153737,0.046180348859220975,-0.02308400618577172,-0.023092053376156996,-0.02309138823618917,-0.023093248783419482
123_STEAM_3,THERMAL,2020-07-15 15:00:00,-0.09222589658061439,0.09222589658061439,0.04611294888679504,-0.023050316440103358,-0.02305800294699567,-0.02305736668118641,-0.023060210512328958
201_CT_1,THERMAL,2020-07-15 15:00:00,-0.029078371152946255,0.029078371152946255,0.014539185662345832,-0.007268341132144106,-0.007270169293288116,-0.00726950017607475,-0.007270360551439283
201_CT_2,THERMAL,2020-07-15 15:00:00,-0.029998470851966805,0.029998470851966805,0.014999239918778034,-0.007500437487341069,-0.0075037646344835104,-0.007489903391161901,-0.007504365338980325
201_STEAM_3,THERMAL,2020-07-15 15:00:00,-0.08018188560372183,0.08018188560372183,0.04009094332720163,-0.020039937869198415,-0.020046972225385207,-0.02004673975795057,-0.02004823575118764
202_CT_1,THERMAL,2020-07-15 15:00:00,-0.028246762404836236,0.028246762404836236,0.014123381364771733,-0.00706082877427712,-0.0070610165757067946,-0.007063509595118561,-0.007061407459733762
202_CT_2,THERMAL,2020-07-15 15:00:00,-0.0295605747858552,0.0295605747858552,0.014780287558351615,-0.007388363237383039,-0.0073909099430747825,-0.007390094679016634,-0.0073912069263807455
202_STEAM_3,THERMAL,2020-07-15 15:00:00,-0.11080468672309109,0.11080468672309109,0.055402344172213465,-0.027695937430144535,-0.027704937946080338,-0.0276970494310097,-0.02770676191585651
202_STEAM_4,THERMAL,2020-07-15 15:00:00,-0.0993176939211839,0.0993176939211839,0.04965884747717293,-0.024823585005705653,-0.02483159051927268,-0.024829558893856407,-0.02483295950234916
207_CT_1,THERMAL,2020-07-15 15:00:00,-0.07518261728614795,0.07518261728614795,0.03759130908712198,-0.018790703766783268,-0.018797042460494295,-0.01879688581772132,-0.018797985241149066
207_CT_2,THERMAL,2020-07-15 15:00:00,-0.06386751196184784,0.06386751196184784,0.031933756368432556,-0.01596279111134266,-0.01596807501163132,-0.015967218806030414,-0.015969427032843445
212_CSP_1,THERMAL,2020-07-15 15:00:00,-0.0901026380173911,0.0901026380173911,0.04505131946783505,-0.022520275024768666,-0.02252778709122627,-0.022526159509736576,-0.022528416391659593
213_CC_3,THERMAL,2020-07-15 15:00:00,-0.14153383178694207,0.14153383178694207,0.07076691669209195,-0.035375418008225634,-0.03538611050694751,-0.035382488080921703,-0.035389815190847225
213_CT_1,THERMAL,2020-07-15 15:00:00,0.0,0.0,0.0,0.0,0.0,0.0,0.0
213_CT_2,THERMAL,2020-07-15 15:00:00,0.0,0.0,0.0,0.0,0.0,0.0,0.0
215_CT_4,THERMAL,2020-07-15 15:00:00,0.0,0.0,0.0,0.0,0.0,0.0,0.0
215_CT_5,THERMAL,2020-07-15 15:00:00,0.0,0.0,0.0,0.0,0.0,0.0,0.0
216_STEAM_1,THERMAL,2020-07-15 15:00:00,-0.10408380848256173,0.10408380848256173,0.05204190467915385,-0.02601523362817998,-0.026023313959396666,-0.026021718721558118,-0.02602354217342696
218_CC_1,THERMAL,2020-07-15 15:00:00,-0.12899623167055574,0.12899623167055574,0.06449811649839482,-0.032241511222747654,-0.03225190086307239,-0.032249237004282616,-0.03225358258045309
221_CC_1,THERMAL,2020-07-15 15:00:00,-0.10446623983237727,0.10446623983237727,0.052233120510089985,-0.02610999781828538,-0.026118792354372755,-0.026117204298695462,-0.026120245361023666
223_CT_4,THERMAL,2020-07-15 15:00:00,0.0,0.0,0.0,0.0,0.0,0.0,0.0
223_CT_5,THERMAL,2020-07-15 15:00:00,0.0,0.0,0.0,0.0,0.0,0.0,0.0
223_CT_6,THERMAL,2020-07-15 15:00:00,0.0,0.0,0.0,0.0,0.0,0.0,0.0
223_STEAM_1,THERMAL,2020-07-15 15:00:00,-0.08291670371668997,0.08291670371668997,0.041458352291542974,-0.02072418546074145,-0.020730231169426572,-0.02073010478625248,-0.020732182300269467
223_STEAM_2,THERMAL,2020-07-15 15:00:00,-0.11124749709654567,0.11124749709654567,0.05562374902604032,-0.027805754798615412,-0.027813856264117476,-0.02781267518823216,-0.02781521084558063
223_STEAM_3,THERMAL,2020-07-15 15:00:00,-0.0993589505802248,0.0993589505802248,0.04967947589767594,-0.024834631477876346,-0.024841975537248207,-0.024837624088149823,-0.02484471947695042
301_CT_1,THERMAL,2020-07-15 15:00:00,-0.025265362307928318,0.03130849029543885,0.02139580108387955,-0.0046559005959331545,-0.0032201548981285466,-0.020410870807621884,0.0030215639937552657
301_CT_2,THERMAL,2020-07-15 15:00:00,-0.008575698358598238,0.019888519618308242,0.010573480770882,-0.003658145430447887,-0.002993825248654672,0.005656410629855002,-0.0075801383093506815
301_CT_3,THERMAL,2020-07-15 15:00:00,-0.07539913579601243,0.07539913579601243,0.03769956825238039,-0.018845382900929283,-0.018851245901377503,-0.01885058497773362,-0.01885192201597203
301_CT_4,THERMAL,2020-07-15 15:00:00,-0.07406773763518096,0.07406773763518096,0.03703386917654645,-0.018512850224305863,-0.018518354019645175,-0.018516793396207765,-0.018519739995022152
302_CT_1,THERMAL,2020-07-15 15:00:00,-0.008184912999914858,0.0147910873279074,0.0076644006309342675,-0.003157631111012242,-0.0054230584681718465,0.003303087163996271,-0.002907310584727041
302_CT_2,THERMAL,2020-07-15 15:00:00,-0.013108624124770926,0.013108624124770926,0.007449168904524994,-0.0022887915452624863,-0.0021728679678551938,-0.0023054143031128738,-0.006341550308540372
302_CT_3,THERMAL,2020-07-15 15:00:00,0.0,0.0,0.0,0.0,0.0,0.0,0.0
302_CT_4,THERMAL,2020-07-15 15:00:00,0.0,0.0,0.0,0.0,0.0,0.0,0.0
303_WIND_1,WIND,2020-07-15 15:00:00,0.8904651782234072,1.0547687723195118,0.9737727763924262,-0.027374551143974024,0.9726169752714595,-0.0273946254198556,-0.02738262048422271
307_CT_1,THERMAL,2020-07-15 15:00:00,0.0,0.0,0.0,0.0,0.0,0.0,0.0
307_CT_2,THERMAL,2020-07-15 15:00:00,0.0,0.0,0.0,0.0,0.0,0.0,0.0
309_WIND_1,WIND,2020-07-15 15:00:00,0.9229908903868844,1.0384993096866015,0.981311775560211,-0.01924701599967088,-0.019252982476828384,0.980745100036743,-0.019254211173359327
313_CC_1,THERMAL,2020-07-15 15:00:00,-0.12432369656691705,0.12432369656691705,0.062161848904583386,-0.03107355467518247,-0.031083022510180358,-0.03108204046177887,-0.03108507891977536
315_CT_6,THERMAL,2020-07-15 15:00:00,-0.05912219160296582,0.05912219160296582,0.029561096103274537,-0.014777152131085594,-0.014781758186876767,-0.014780531956578843,-0.014782749328424622
315_CT_7,THERMAL,2020-07-15 15:00:00,-0.06136664652163556,0.06136664652163556,0.03068332363309156,-0.0153376945048206,-0.015342677782314991,-0.015342209642004903,-0.015344064592495066
315_CT_8,THERMAL,2020-07-15 15:00:00,-0.06514397550570883,0.06514397550570883,0.03257198814268887,-0.01628187948262599,-0.016287140317160585,-0.01628630558361477,-0.01628865012230749
315_STEAM_1,THERMAL,2020-07-15 15:00:00,0.0,0.0,0.0,0.0,0.0,0.0,0.0
315_STEAM_2,THERMAL,2020-07-15 15:00:00,0.0,0.0,0.0,0.0,0.0,0.0,0.0
315_STEAM_3,THERMAL,2020-07-15 15:00:00,0.0,0.0,0.0,0.0,0.0,0.0,0.0
315_STEAM_4,THERMAL,2020-07-15 15:00:00,0.0,0.0,0.0,0.0,0.0,0.0,0.0
315_STEAM_5,THERMAL,2020-07-15 15:00:00,0.0,0.0,0.0,0.0,0.0,0.0,0.0
316_STEAM_1,THERMAL,2020-07-15 15:00:00,-0.08273568923421329,0.08273568923421329,0.04136784503026242,-0.02067907518930201,-0.020685668277126534,-0.02068428309640913,-0.020686662671375616
317_WIND_1,WIND,2020-07-15 15:00:00,0.9084282430514432,1.0457859040949313,0.9779112914447042,-0.022885268280075977,-0.022892740731180083,-0.022900821510488,0.9771070735731873
318_CC_1,THERMAL,2020-07-15 15:00:00,-0.12476869531022355,0.12476869531022355,0.06238434833873461,-0.031184572883660833,-0.031194571977392838,-0.031192746095986212,-0.031196804353183675
321_CC_1,THERMAL,2020-07-15 15:00:00,-0.09543849888503815,0.09543849888503815,0.04771924998401715,-0.02385353982023719,-0.02386099065179137,-0.023861074911203595,-0.023862893501806
322_CT_5,THERMAL,2020-07-15 15:00:00,0.0,0.0,0.0,0.0,0.0,0.0,0.0
322_CT_6,THERMAL,2020-07-15 15:00:00,0.0,0.0,0.0,0.0,0.0,0.0,0.0
323_CC_1,THERMAL,2020-07-15 15:00:00,-0.17338547968902246,0.17338547968902246,0.08669274067547432,-0.04333759968291939,-0.04334737481035866,-0.043354495220685685,-0.04334600997505872
323_CC_2,THERMAL,2020-07-15 15:00:00,-0.116197170091153,0.116197170091153,0.058098585781621685,-0.029041482367929694,-0.029051135235614423,-0.02905098646160642,-0.029053566026002463
101_CT_1,THERMAL,2020-07-15 16:00:00,0.0,0.0,0.0,0.0,0.0,0.0,0.0
101_CT_2,THERMAL,2020-07-15 16:00:00,0.0,0.0,0.0,0.0,0.0,0.0,0.0
101_STEAM_3,THERMAL,2020-07-15 16:00:00,-0.10281075500435106,0.1075893226790239,0.0945944282765984,-0.01075728795554537,0.0023892838373364145,-0.09394910458804284,-0.0004936462980992615
101_STEAM_4,THERMAL,2020-07-15 16:00:00,0.08850577720676733,0.10629282672890666,0.09092055751287773,0.006989962057038196,-0.005911698292006218,0.0904093399107988,-0.002981826469063449
102_CT_1,THERMAL,2020-07-15 16:00:00,0.0,0.0,0.0,0.0,0.0,0.0,0.0
102_CT_2,THERMAL,2020-07-15 16:00:00,0.0,0.0,0.0,0.0,0.0,0.0,0.0
102_STEAM_3,THERMAL,2020-07-15 16:00:00,-0.06604602954263371,0.06604602954263371,0.03302301490300982,-0.01650981805683091,-0.016512620178731757,-0.0165103057775714,-0.01651328552949964
102_STEAM_4,THERMAL,2020-07-15 16:00:00,-0.06166242968819191,0.06166242968819191,0.030831215146554503,-0.015412265383755203,-0.01541553348704347,-0.015418221280044553,-0.015416409537348687
107_CC_1,THERMAL,2020-07-15 16:00:00,-0.1964377551721362,0.1964377551721362,0.09821887803261922,-0.049101523946270986,-0.04911287202475212,-0.049110405790960154,-0.049112953410152954
113_CT_1,THERMAL,2020-07-15 16:00:00,0.0,0.0,0.0,0.0,0.0,0.0,0.0
113_CT_2,THERMAL,2020-07-15 16:00:00,0.0,0.0,0.0,0.0,0.0,0.0,0.0
113_CT_3,THERMAL,2020-07-15 16:00:00,0.0,0.0,0.0,0.0,0.0,0.0,0.0
113_CT_4,THERMAL,2020-07-15 16:00:00,0.0,0.0,0.0,0.0,0.0,0.0,0.0
115_STEAM_1,THERMAL,2020-07-15 16:00:00,0.0,0.0,0.0,0.0,0.0,0.0,0.0
115_STEAM_2,THERMAL,2020-07-15 16:00:00,0.0,0.0,0.0,0.0,0.0,0.0,0.0
115_STEAM_3,THERMAL,2020-07-15 16:00:00,-0.08669443746094242,0.08669443746094242,0.04334721895491771,-0.02167037676671507,-0.0216754035173454,-0.0216727866702211,-0.021675870506660855
116_STEAM_1,THERMAL,2020-07-15 16:00:00,-0.10445650398205945,0.10445650398205945,0.05222825213969821,-0.026110743771056988,-0.02611530179440877,-0.02611485955476378,-0.026115598861829913
118_CC_1,THERMAL,2020-07-15 16:00:00,-0.09250433645044165,0.09250433645044165,0.04625216849768851,-0.02312218573795155,-0.02312589765213613,-0.023129029140515733,-0.02312722391983824
122_WIND_1,WIND,2020-07-15 16:00:00,0.8897568536225394,1.055137300300731,0.9736182732069492,0.9724470769616351,-0.027559197501109356,-0.02757096147858107,-0.027560064359405324
123_CT_1,THERMAL,2020-07-15 16:00:00,-0.05906925615087866,0.05906925615087866,0.029534628596950472,-0.014763217553439713,-0.014766789302641891,-0.014770863782402145,-0.014768385512394908
123_CT_4,THERMAL,2020-07-15 16:00:00,-0.040511045307954144,0.040511045307954144,0.020255523429806663,-0.010127974528930349,-0.01012998378970783,-0.010123117225448418,-0.010129969763867552
123_CT_5,THERMAL,2020-07-15 16:00:00,0.0,0.0,0.0,0.0,0.0,0.0,0.0
123_STEAM_2,THERMAL,2020-07-15 16:00:00,-0.12061955431556559,0.12061955431556559,0.06030977907147725,-0.030154282426347823,-0.03016116050021031,-0.030142699571100273,-0.03016141181790718
123_STEAM_3,THERMAL,2020-07-15 16:00:00,-0.14650231252025625,0.14650231252025625,0.07325115655574764,-0.03662004074595948,-0.03662736867598415,-0.036626351352022635,-0.03662855174628998
201_CT_1,THERMAL,2020-07-15 16:00:00,0.0,0.0,0.0,0.0,0.0,0.0,0.0
201_CT_2,THERMAL,2020-07-15 16:00:00,0.0,0.0,0.0,0.0,0.0,0.0,0.0
201_STEAM_3,THERMAL,2020-07-15 16:00:00,-0.07201090790375227,0.07201090790375227,0.036005454083635605,-0.018000160749025884,-0.018002909788680063,-0.01800403877958978,-0.018003798586456534
202_CT_1,THERMAL,2020-07-15 16:00:00,0.0,0.0,0.0,0.0,0.0,0.0,0.0
202_CT_2,THERMAL,2020-07-15 16:00:00,-0.024484761298882204,0.024484761298882204,0.01224244368562101,-0.00608908262219722,-0.006134443528576412,-0.006121697603257564,-0.006139537544851007
202_STEAM_3,THERMAL,2020-07-15 16:00:00,-0.07575775887304285,0.07575775887304285,0.03787887996818091,-0.018934591428048292,-0.01893929275535282,-0.018943399113937165,-0.018940475575704576
202_STEAM_4,THERMAL,2020-07-15 16:00:00,-0.08629659928980649,0.08629659928980649,0.04314830084287185,-0.02156841969370707,-0.02157176545235498,-0.021582203224811414,-0.021574210918933016
207_CT_1,THERMAL,2020-07-15 16:00:00,-0.07722912338758776,0.07722912338758776,0.038614561816196116,-0.019305323274298167,-0.01930809131093489,-0.019306387065906483,-0.01930932173644823
207_CT_2,THERMAL,2020-07-15 16:00:00,-0.0743427072621409,0.0743427072621409,0.037171353812883216,-0.018582592766420852,-0.018586917047410292,-0.018585979414702247,-0.018587218033607505
212_CSP_1,THERMAL,2020-07-15 16:00:00,-0.13860300886836163,0.13860300886836163,0.06930150468087422,-0.03464570314138926,-0.03465217479188787,-0.034652342074571685,-0.034652788860512804
213_CC_3,THERMAL,2020-07-15 16:00:00,-0.13060953717494644,0.13060953717494644,0.0653047689497731,-0.032646544637620956,-0.0326537023737577,-0.03265385180432556,-0.032655438359242214
213_CT_1,THERMAL,2020-07-15 16:00:00,0.0,0.0,0.0,0.0,0.0,0.0,0.0
213_CT_2,THERMAL,2020-07-15 16:00:00,0.0,0.0,0.0,0.0,0.0,0.0,0.0
215_CT_4,THERMAL,2020-07-15 16:00:00,0.0,0.0,0.0,0.0,0.0,0.0,0.0
215_CT_5,THERMAL,2020-07-15 16:00:00,0.0,0.0,0.0,0.0,0.0,0.0,0.0
216_STEAM_1,THERMAL,2020-07-15 16:00:00,-0.10272482854605292,0.10272482854605292,0.051362414479304654,-0.025678547499136173,-0.025683148379806814,-0.025679320253579663,-0.025683812413530273
218_CC_1,THERMAL,2020-07-15 16:00:00,-0.10997666360875802,0.10997666360875802,0.05498833212265146,-0.02748928303847442,-0.02749433068257323,-0.027496562862536322,-0.02749648702517405
221_CC_1,THERMAL,2020-07-15 16:00:00,-0.10429029295651178,0.10429029295651178,0.05214514675294762,-0.02606823802738567,-0.026073456011694307,-0.026073051527581104,-0.0260755473898507
223_CT_4,THERMAL,2020-07-15 16:00:00,0.0,0.0,0.0,0.0,0.0,0.0,0.0
223_CT_5,THERMAL,2020-07-15 16:00:00,0.0,0.0,0.0,0.0,0.0,0.0,0.0
223_CT_6,THERMAL,2020-07-15 16:00:00,0.0,0.0,0.0,0.0,0.0,0.0,0.0
223_STEAM_1,THERMAL,2020-07-15 16:00:00,-0.09337655619919147,0.09337655619919147,0.0466882782620645,-0.02334112331299809,-0.02334509422778072,-0.023343936286452704,-0.023346402371959948
223_STEAM_2,THERMAL,2020-07-15 16:00:00,-0.09982812158999883,0.09982812158999883,0.049914060993952215,-0.024953651259098597,-0.02495805119554681,-0.02495668976599008,-0.02495972936936335
223_STEAM_3,THERMAL,2020-07-15 16:00:00,-0.19935194342406987,0.19935194342406987,0.09967597208911756,-0.049830855943375996,-0.04984046371812484,-0.04983839147623126,-0.04984223228633778
301_CT_1,THERMAL,2020-07-15 16:00:00,0.0,0.0,0.0,0.0,0.0,0.0,0.0
301_CT_2,THERMAL,2020-07-15 16:00:00,0.0,0.0,0.0,0.0,0.0,0.0,0.0
301_CT_3,THERMAL,2020-07-15 16:00:00,-0.056674553535308536,0.056674553535308536,0.028337277014811552,-0.014165691308690845,-0.014168392583229411,-0.014170521728633145,-0.014169947914755137
301_CT_4,THERMAL,2020-07-15 16:00:00,-0.06532647361245715,0.06532647361245715,0.032663237395621075,-0.016327825034305146,-0.016330719541209224,-0.016336444117183435,-0.016331484919759342
302_CT_1,THERMAL,2020-07-15 16:00:00,0.0,0.0,0.0,0.0,0.0,0.0,0.0
302_CT_2,THERMAL,2020-07-15 16:00:00,0.0,0.0,0.0,0.0,0.0,0.0,0.0
302_CT_3,THERMAL,2020-07-15 16:00:00,0.0,0.0,0.0,0.0,0.0,0.0,0.0
302_CT_4,THERMAL,2020-07-15 16:00:00,0.0,0.0,0.0,0.0,0.0,0.0,0.0
303_WIND_1,WIND,2020-07-15 16:00:00,0.8857145271409459,1.0571398263090945,0.9726868179588232,-0.02856533783354287,0.9714271767250202,-0.02857204086309828,-0.028575270887433127
307_CT_1,THERMAL,2020-07-15 16:00:00,0.0,0.0,0.0,0.0,0.0,0.0,0.0
307_CT_2,THERMAL,2020-07-15 16:00:00,0.0,0.0,0.0,0.0,0.0,0.0,0.0
309_WIND_1,WIND,2020-07-15 16:00:00,0.9010973702581082,1.0494560664068455,0.9762166097999417,-0.024721736086857904,-0.024728090281181225,0.9752767183324769,-0.024729521706329503
313_CC_1,THERMAL,2020-07-15 16:00:00,-0.14372477464163633,0.14372477464163633,0.07186238753298516,-0.03592641282209241,-0.03593269005118044,-0.03593288200698641,-0.035932789761377065
315_CT_6,THERMAL,2020-07-15 16:00:00,-0.07724559068559635,0.07724559068559635,0.03862279573046194,-0.01930681905862521,-0.01931189936307501,-0.01931297826463555,-0.01931389399926057
315_CT_7,THERMAL,2020-07-15 16:00:00,-0.05927487302992096,0.05927487302992096,0.029637436898506758,-0.014815675414883982,-0.014817839869633458,-0.0148222625672512,-0.014819095178152315
315_CT_8,THERMAL,2020-07-15 16:00:00,-0.07998783417086464,0.07998783417086464,0.039993917301216764,-0.01999349247598407,-0.019998190447387914,-0.019997290390383272,-0.019998860857109377
315_STEAM_1,THERMAL,2020-07-15 16:00:00,0.0,0.0,0.0,0.0,0.0,0.0,0.0
315_STEAM_2,THERMAL,2020-07-15 16:00:00,0.0,0.0,0.0,0.0,0.0,0.0,0.0
315_STEAM_3,THERMAL,2020-07-15 16:00:00,0.0,0.0,0.0,0.0,0.0,0.0,0.0
315_STEAM_4,THERMAL,2020-07-15 16:00:00,0.0,0.0,0.0,0.0,0.0,0.0,0.0
315_STEAM_5,THERMAL,2020-07-15 16:00:00,0.0,0.0,0.0,0.0,0.0,0.0,0.0
316_STEAM_1,THERMAL,2020-07-15 16:00:00,-0.09036933973272923,0.09036933973272923,0.04518467008077173,-0.022588811466445646,-0.022592317258308126,-0.022594693235738594,-0.022593517772236865
317_WIND_1,WIND,2020-07-15 16:00:00,0.8333559337559456,1.0833088757994735,0.9610449369838158,-0.04165721856158555,-0.04166601564328509,-0.04165323681689337,0.9583324047777096
318_CC_1,THERMAL,2020-07-15 16:00:00,-0.12129895688468743,0.12129895688468743,0.060649478629164116,-0.03032062088316201,-0.03032603650945359,-0.030326011373413397,-0.030326288118658434
321_CC_1,THERMAL,2020-07-15 16:00:00,-0.11885578873064093,0.11885578873064093,0.059427894776420506,-0.029708192237782427,-0.029714966209851035,-0.02971499427921742,-0.029717636003790047
322_CT_5,THERMAL,2020-07-15 16:00:00,0.0,0.0,0.0,0.0,0.0,0.0,0.0
322_CT_6,THERMAL,2020-07-15 16:00:00,0.0,0.0,0.0,0.0,0.0,0.0,0.0
323_CC_1,THERMAL,2020-07-15 16:00:00,-0.10479772277753495,0.10479772277753495,0.05239886191548008,-0.026193192288927913,-0.02620047309821133,-0.026202949226798555,-0.02620110816359715
323_CC_2,THERMAL,2020-07-15 16:00:00,-0.21467732820447966,0.21467732820447966,0.10733866443561745,-0.05366217927984862,-0.053671161725775796,-0.05367319590790576,-0.05367079129094949
101_CT_1,THERMAL,2020-07-15 17:00:00,0.0,0.0,0.0,0.0,0.0,0.0,0.0
101_CT_2,THERMAL,2020-07-15 17:00:00,0.0,0.0,0.0,0.0,0.0,0.0,0.0
101_STEAM_3,THERMAL,2020-07-15 17:00:00,0.030872488700114047,0.09108624316411484,0.0597941153917195,0.005363171932339199,-0.014737559722729388,0.05561619399977524,-0.015369317509271008
101_STEAM_4,THERMAL,2020-07-15 17:00:00,-0.05449929498151784,0.09136785180730489,0.06387424069833063,-0.011465571027571673,0.008876052320051786,-0.06146800236683969,0.009558226092841734
102_CT_1,THERMAL,2020-07-15 17:00:00,0.0,0.0,0.0,0.0,0.0,0.0,0.0
102_CT_2,THERMAL,2020-07-15 17:00:00,0.0,0.0,0.0,0.0,0.0,0.0,0.0
102_STEAM_3,THERMAL,2020-07-15 17:00:00,-0.09409563857733375,0.09409563857733375,0.04704781943828319,-0.0235208495191667,-0.0235244048247297,-0.023524424261753274,-0.023525959971684083
102_STEAM_4,THERMAL,2020-07-15 17:00:00,-0.08634672495936854,0.08634672495936854,0.043173362633886374,-0.021583750213590134,-0.021586685824812962,-0.02158861450385452,-0.021587674417110927
107_CC_1,THERMAL,2020-07-15 17:00:00,-0.29987616113908394,0.29987616113908394,0.14993808109306742,-0.07495893742109161,-0.07496939109061318,-0.07497582033192618,-0.07497201229545297
113_CT_1,THERMAL,2020-07-15 17:00:00,0.0,0.0,0.0,0.0,0.0,0.0,0.0
113_CT_2,THERMAL,2020-07-15 17:00:00,0.0,0.0,0.0,0.0,0.0,0.0,0.0
113_CT_3,THERMAL,2020-07-15 17:00:00,0.0,0.0,0.0,0.0,0.0,0.0,0.0
113_CT_4,THERMAL,2020-07-15 17:00:00,0.0,0.0,0.0,0.0,0.0,0.0,0.0
115_STEAM_1,THERMAL,2020-07-15 17:00:00,0.0,0.0,0.0,0.0,0.0,0.0,0.0
115_STEAM_2,THERMAL,2020-07-15 17:00:00,0.0,0.0,0.0,0.0,0.0,0.0,0.0
115_STEAM_3,THERMAL,2020-07-15 17:00:00,-0.10438256866312079,0.10438256866312079,0.05219128441180025,-0.02609314412030529,-0.02609657165275093,-0.02609628278246734,-0.02609657010759723
116_STEAM_1,THERMAL,2020-07-15 17:00:00,-0.12829095216343653,0.12829095216343653,0.06414547981696875,-0.03207482746146095,-0.032082567058451195,-0.032054385295098964,-0.03207917234842541
118_CC_1,THERMAL,2020-07-15 17:00:00,-0.1371779044351053,0.1371779044351053,0.06858895711968174,-0.03428257150555036,-0.0342848135307936,-0.03431537916518668,-0.034295140233574654
122_WIND_1,WIND,2020-07-15 17:00:00,0.8901872421591303,1.0549152225883873,0.973713086706343,0.9725512323737588,-0.027453160001816634,-0.027455239536928744,-0.02745559067588317
123_CT_1,THERMAL,2020-07-15 17:00:00,0.0,0.0,0.0,0.0,0.0,0.0,0.0
123_CT_4,THERMAL,2020-07-15 17:00:00,0.0,0.0,0.0,0.0,0.0,0.0,0.0
123_CT_5,THERMAL,2020-07-15 17:00:00,0.0,0.0,0.0,0.0,0.0,0.0,0.0
123_STEAM_2,THERMAL,2020-07-15 17:00:00,-0.10948003274092843,0.10948003274092843,0.054740016888074235,-0.02736378691181144,-0.027370383151843813,-0.027373536923853248,-0.027372325753419934
123_STEAM_3,THERMAL,2020-07-15 17:00:00,-0.10421405076406956,0.10421405076406956,0.052107026293285355,-0.026048216636566743,-0.026055750054115312,-0.02604969258200196,-0.026060391491385552
201_CT_1,THERMAL,2020-07-15 17:00:00,0.0,0.0,0.0,0.0,0.0,0.0,0.0
201_CT_2,THERMAL,2020-07-15 17:00:00,0.0,0.0,0.0,0.0,0.0,0.0,0.0
201_STEAM_3,THERMAL,2020-07-15 17:00:00,-0.08563754011090799,0.08563754011090799,0.04281877011776693,-0.021407466215647753,-0.021409499546591076,-0.02141036974267374,-0.02141020460599542
202_CT_1,THERMAL,2020-07-15 17:00:00,0.0,0.0,0.0,0.0,0.0,0.0,0.0
202_CT_2,THERMAL,2020-07-15 17:00:00,0.0,0.0,0.0,0.0,0.0,0.0,0.0
202_STEAM_3,THERMAL,2020-07-15 17:00:00,-0.0809818701795429,0.0809818701795429,0.04049093532958735,-0.020242039922794434,-0.02024531555291678,-0.02024804545940706,-0.02024646924442463
202_STEAM_4,THERMAL,2020-07-15 17:00:00,-0.09241484368156477,0.09241484368156477,0.046207422003138265,-0.023100430175541586,-0.02310415073779512,-0.023105208627060447,-0.023105054141167616
207_CT_1,THERMAL,2020-07-15 17:00:00,0.0412259365786527,0.07333386907281692,0.055284774209484036,0.0043226189831415684,-0.015251330720521775,0.05295728384259324,-0.0008026355265603337
207_CT_2,THERMAL,2020-07-15 17:00:00,-0.05302258322497072,0.07758098510624928,0.0577671701810554,-0.007196170335253208,0.012279200940639279,-0.0559447306859982,-0.0021608831443585877
212_CSP_1,THERMAL,2020-07-15 17:00:00,-0.14071856418302656,0.14071856418302656,0.07035928256717917,-0.035173124264045286,-0.035179210219369206,-0.03518338534681753,-0.035182844352794534
213_CC_3,THERMAL,2020-07-15 17:00:00,-0.15250050923377548,0.15250050923377548,0.0762502548473088,-0.03812008583298545,-0.038125902427058156,-0.03812715766278174,-0.03812736331095013
213_CT_1,THERMAL,2020-07-15 17:00:00,0.0,0.0,0.0,0.0,0.0,0.0,0.0
213_CT_2,THERMAL,2020-07-15 17:00:00,0.0,0.0,0.0,0.0,0.0,0.0,0.0
215_CT_4,THERMAL,2020-07-15 17:00:00,0.0,0.0,0.0,0.0,0.0,0.0,0.0
215_CT_5,THERMAL,2020-07-15 17:00:00,0.0,0.0,0.0,0.0,0.0,0.0,0.0
216_STEAM_1,THERMAL,2020-07-15 17:00:00,-0.11363477583322884,0.11363477583322884,0.05681738810064205,-0.028405112408425415,-0.028409780906848592,-0.028408564403354042,-0.0284113181146008
218_CC_1,THERMAL,2020-07-15 17:00:00,-0.14148884091770128,0.14148884091770128,0.07074442105960116,-0.03536482154169751,-0.03537187761389016,-0.03537557747692244,-0.03537656428519117
221_CC_1,THERMAL,2020-07-15 17:00:00,-0.14182805875566298,0.14182805875566298,0.07091402947175439,-0.03545594558946408,-0.03545662270631034,-0.03545540462135266,-0.03546008583853592
223_CT_4,THERMAL,2020-07-15 17:00:00,0.0,0.0,0.0,0.0,0.0,0.0,0.0
223_CT_5,THERMAL,2020-07-15 17:00:00,0.0,0.0,0.0,0.0,0.0,0.0,0.0
223_CT_6,THERMAL,2020-07-15 17:00:00,0.0,0.0,0.0,0.0,0.0,0.0,0.0
223_STEAM_1,THERMAL,2020-07-15 17:00:00,-0.1314945490452002,0.1314945490452002,0.06574727483596816,-0.032868255475807,-0.03287443528819756,-0.03287518741604334,-0.032876670865152294
223_STEAM_2,THERMAL,2020-07-15 17:00:00,-0.12689711674964246,0.12689711674964246,0.0634485586584004,-0.0317196596772986,-0.03172367528728881,-0.0317274560487002,-0.031726325736354845
223_STEAM_3,THERMAL,2020-07-15 17:00:00,-0.1376890326642149,0.1376890326642149,0.06884451694162867,-0.03441578574999593,-0.034420745902621785,-0.03442823390225502,-0.03442426710934217
301_CT_1,THERMAL,2020-07-15 17:00:00,0.0,0.0,0.0,0.0,0.0,0.0,0.0
301_CT_2,THERMAL,2020-07-15 17:00:00,0.0,0.0,0.0,0.0,0.0,0.0,0.0
301_CT_3,THERMAL,2020-07-15 17:00:00,0.0,0.0,0.0,0.0,0.0,0.0,0.0
301_CT_4,THERMAL,2020-07-15 17:00:00,0.0,0.0,0.0,0.0,0.0,0.0,0.0
302_CT_1,THERMAL,2020-07-15 17:00:00,0.0,0.0,0.0,0.0,0.0,0.0,0.0
302_CT_2,THERMAL,2020-07-15 17:00:00,0.0,0.0,0.0,0.0,0.0,0.0,0.0
302_CT_3,THERMAL,2020-07-15 17:00:00,0.0,0.0,0.0,0.0,0.0,0.0,0.0
302_CT_4,THERMAL,2020-07-15 17:00:00,0.0,0.0,0.0,0.0,0.0,0.0,0.0
303_WIND_1,WIND,2020-07-15 17:00:00,0.888292677021436,1.0558555757230632,0.9732768795652027,-0.027921627970646234,0.9720741263722497,-0.027931127730150607,-0.027928693650016784
307_CT_1,THERMAL,2020-07-15 17:00:00,0.0,0.0,0.0,0.0,0.0,0.0,0.0
307_CT_2,THERMAL,2020-07-15 17:00:00,0.0,0.0,0.0,0.0,0.0,0.0,0.0
309_WIND_1,WIND,2020-07-15 17:00:00,0.8933581321022775,1.053312989106872,0.9744302146627427,-0.026655884464542146,-0.026659291376573857,0.9733355606045748,-0.02666225266118127
313_CC_1,THERMAL,2020-07-15 17:00:00,-0.12451700346967062,0.12451700346967062,0.06225850217836191,-0.03113021938895888,-0.03113287627848249,-0.031123042836339376,-0.03113086496588988
315_CT_6,THERMAL,2020-07-15 17:00:00,-0.07519256054237124,0.07519256054237124,0.037596280396999804,-0.018795612010775883,-0.018798280001023588,-0.018799648447878584,-0.01879902008269319
315_CT_7,THERMAL,2020-07-15 17:00:00,-0.08472036160803921,0.08472036160803921,0.04236018590634715,-0.02117184718319958,-0.02117404089185026,-0.021197857095602908,-0.02117661643738646
315_CT_8,THERMAL,2020-07-15 17:00:00,-0.08284356339580239,0.08284356339580239,0.04142183909824358,-0.020731747852255185,-0.020732301926595666,-0.020651230791082976,-0.020728282825868558
315_STEAM_1,THERMAL,2020-07-15 17:00:00,0.0,0.0,0.0,0.0,0.0,0.0,0.0
315_STEAM_2,THERMAL,2020-07-15 17:00:00,0.0,0.0,0.0,0.0,0.0,0.0,0.0
315_STEAM_3,THERMAL,2020-07-15 17:00:00,0.0,0.0,0.0,0.0,0.0,0.0,0.0
315_STEAM_4,THERMAL,2020-07-15 17:00:00,0.0,0.0,0.0,0.0,0.0,0.0,0.0
315_STEAM_5,THERMAL,2020-07-15 17:00:00,0.0,0.0,0.0,0.0,0.0,0.0,0.0
316_STEAM_1,THERMAL,2020-07-15 17:00:00,-0.11850615080417674,0.11850615080417674,0.05925307550400802,-0.02962388338360694,-0.029627722608830065,-0.029626143442851527,-0.02962840136888821
317_WIND_1,WIND,2020-07-15 17:00:00,0.8662426930270629,1.0668728204419482,0.9682914167890498,-0.033433071040329665,-0.03343845109828747,-0.03344354156882545,0.9665577567345055
318_CC_1,THERMAL,2020-07-15 17:00:00,-0.1593570005526269,0.1593570005526269,0.07967850047644079,-0.039834366766003826,-0.039840632924255215,-0.03984094933921911,-0.039841051523148735
321_CC_1,THERMAL,2020-07-15 17:00:00,-0.16827763408011243,0.16827763408011243,0.0841388174676237,-0.0420635843149767,-0.04206881183716549,-0.04207553947332432,-0.04206969845464591
322_CT_5,THERMAL,2020-07-15 17:00:00,0.0,0.0,0.0,0.0,0.0,0.0,0.0
322_CT_6,THERMAL,2020-07-15 17:00:00,0.0,0.0,0.0,0.0,0.0,0.0,0.0
323_CC_1,THERMAL,2020-07-15 17:00:00,-0.1433338365470201,0.1433338365470201,0.07166691851923782,-0.03582965185390195,-0.03583265015718473,-0.03583793709687333,-0.035833597439060075
323_CC_2,THERMAL,2020-07-15 17:00:00,-0.13675944558555778,0.13675944558555778,0.06837972304317834,-0.03418497505396194,-0.03419048671062552,-0.03419132148156612,-0.03419266233940419
101_CT_1,THERMAL,2020-07-15 18:00:00,0.0,0.0,0.0,0.0,0.0,0.0,0.0
101_CT_2,THERMAL,2020-07-15 18:00:00,0.0,0.0,0.0,0.0,0.0,0.0,0.0
101_STEAM_3,THERMAL,2020-07-15 18:00:00,0.14709115581281873,0.3233206007432657,0.24289097549761457,-0.02887854835542527,-0.05291817380299725,0.2352058782780422,-0.006318000306800966
101_STEAM_4,THERMAL,2020-07-15 18:00:00,-0.16693566200795784,0.3133768979314984,0.2460607611600739,0.023740563086778806,0.0480113308268966,-0.24015627996972813,0.0014687240480949033
102_CT_1,THERMAL,2020-07-15 18:00:00,0.0,0.0,0.0,0.0,0.0,0.0,0.0
102_CT_2,THERMAL,2020-07-15 18:00:00,0.0,0.0,0.0,0.0,0.0,0.0,0.0
102_STEAM_3,THERMAL,2020-07-15 18:00:00,-0.09483233009347909,0.09483233009347909,0.04741616522137353,-0.023704737776538698,-0.02370815175867233,-0.023709766831291557,-0.02370967372697651
102_STEAM_4,THERMAL,2020-07-15 18:00:00,-0.08723502354613777,0.08723502354613777,0.04361751205084518,-0.021805478433637393,-0.021807758104295027,-0.021812188829761103,-0.02180959817844425
107_CC_1,THERMAL,2020-07-15 18:00:00,-0.19148130019561274,0.19148130019561274,0.09574065081892583,-0.047871068039775366,-0.047875435338512906,-0.04786053242910393,-0.047874264388220546
113_CT_1,THERMAL,2020-07-15 18:00:00,0.0,0.0,0.0,0.0,0.0,0.0,0.0
113_CT_2,THERMAL,2020-07-15 18:00:00,0.0,0.0,0.0,0.0,0.0,0.0,0.0
113_CT_3,THERMAL,2020-07-15 18:00:00,0.0,0.0,0.0,0.0,0.0,0.0,0.0
113_CT_4,THERMAL,2020-07-15 18:00:00,0.0,0.0,0.0,0.0,0.0,0.0,0.0
115_STEAM_1,THERMAL,2020-07-15 18:00:00,0.0,0.0,0.0,0.0,0.0,0.0,0.0
115_STEAM_2,THERMAL,2020-07-15 18:00:00,0.0,0.0,0.0,0.0,0.0,0.0,0.0
115_STEAM_3,THERMAL,2020-07-15 18:00:00,-0.09723131167873747,0.09723131167873747,0.048615656088340294,-0.024305440289383085,-0.024307796821173955,-0.024306246140876286,-0.02431182842730415
116_STEAM_1,THERMAL,2020-07-15 18:00:00,-0.14170713366857401,0.14170713366857401,0.0708535676138357,-0.03542205415156019,-0.03542321478607985,-0.03543545668775594,-0.035426408043178044
118_CC_1,THERMAL,2020-07-15 18:00:00,-0.1759616507838922,0.1759616507838922,0.08798082580141454,-0.04398494147906984,-0.04399423712424766,-0.04399485094300992,-0.043987621237564785
122_WIND_1,WIND,2020-07-15 18:00:00,0.846635822266053,1.0766818437933545,0.963949069681377,0.9616588330297038,-0.03833389665020759,-0.03834962654169516,-0.038339487571748
123_CT_1,THERMAL,2020-07-15 18:00:00,0.0,0.0,0.0,0.0,0.0,0.0,0.0
123_CT_4,THERMAL,2020-07-15 18:00:00,0.0,0.0,0.0,0.0,0.0,0.0,0.0
123_CT_5,THERMAL,2020-07-15 18:00:00,0.0,0.0,0.0,0.0,0.0,0.0,0.0
123_STEAM_2,THERMAL,2020-07-15 18:00:00,-0.12263232872266681,0.12263232872266681,0.06131616636145811,-0.03065125010503711,-0.030654529150724752,-0.030671400416998784,-0.030655149049906173
123_STEAM_3,THERMAL,2020-07-15 18:00:00,-0.14818296907244444,0.14818296907244444,0.07409148468099179,-0.03704414057884109,-0.03704413717035304,-0.03704970880535807,-0.03704498251789224
201_CT_1,THERMAL,2020-07-15 18:00:00,0.0,0.0,0.0,0.0,0.0,0.0,0.0
201_CT_2,THERMAL,2020-07-15 18:00:00,0.0,0.0,0.0,0.0,0.0,0.0,0.0
201_STEAM_3,THERMAL,2020-07-15 18:00:00,-0.09504163626908221,0.09504163626908221,0.04752081846745485,-0.023756934700957133,-0.023758966049503005,-0.0237645104419566,-0.02376122507666547
202_CT_1,THERMAL,2020-07-15 18:00:00,0.0,0.0,0.0,0.0,0.0,0.0,0.0
202_CT_2,THERMAL,2020-07-15 18:00:00,0.0,0.0,0.0,0.0,0.0,0.0,0.0
202_STEAM_3,THERMAL,2020-07-15 18:00:00,-0.09413274281825039,0.09413274281825039,0.04706637150906826,-0.023530719390598198,-0.0235349052559512,-0.02353377065877249,-0.0235333475129285
202_STEAM_4,THERMAL,2020-07-15 18:00:00,-0.09428508692751791,0.09428508692751791,0.047142543850915174,-0.02356767107842278,-0.023569646111673836,-0.02357578733327048,-0.023571982404150815
207_CT_1,THERMAL,2020-07-15 18:00:00,0.0,0.0,0.0,0.0,0.0,0.0,0.0
207_CT_2,THERMAL,2020-07-15 18:00:00,0.0,0.0,0.0,0.0,0.0,0.0,0.0
212_CSP_1,THERMAL,2020-07-15 18:00:00,-0.2067455910740715,0.2067455910740715,0.10337279588904158,-0.05167943933211716,-0.051686806899060356,-0.0516908432598191,-0.05168850158307489
213_CC_3,THERMAL,2020-07-15 18:00:00,-0.15841670159980414,0.15841670159980414,0.07920835132986398,-0.039602466747899134,-0.03960711552136498,-0.03959757498671346,-0.03960954434382657
213_CT_1,THERMAL,2020-07-15 18:00:00,0.0,0.0,0.0,0.0,0.0,0.0,0.0
213_CT_2,THERMAL,2020-07-15 18:00:00,0.0,0.0,0.0,0.0,0.0,0.0,0.0
215_CT_4,THERMAL,2020-07-15 18:00:00,0.0,0.0,0.0,0.0,0.0,0.0,0.0
215_CT_5,THERMAL,2020-07-15 18:00:00,0.0,0.0,0.0,0.0,0.0,0.0,0.0
216_STEAM_1,THERMAL,2020-07-15 18:00:00,-0.11695087913577801,0.11695087913577801,0.05847544311440102,-0.029225165121690377,-0.029233718001454745,-0.029253211742250596,-0.029238784270382286
218_CC_1,THERMAL,2020-07-15 18:00:00,-0.4203255978173348,0.4203255978173348,0.21016283091186763,-0.10505744474008916,-0.10504216288866719,-0.10518133929649753,-0.10504465089208091
221_CC_1,THERMAL,2020-07-15 18:00:00,-0.11874616055609528,0.11874616055609528,0.059373095624429405,-0.029721328122860102,-0.029663148314309495,-0.02968089969783705,-0.029680784421088634
223_CT_4,THERMAL,2020-07-15 18:00:00,0.0,0.0,0.0,0.0,0.0,0.0,0.0
223_CT_5,THERMAL,2020-07-15 18:00:00,0.0,0.0,0.0,0.0,0.0,0.0,0.0
223_CT_6,THERMAL,2020-07-15 18:00:00,0.0,0.0,0.0,0.0,0.0,0.0,0.0
223_STEAM_1,THERMAL,2020-07-15 18:00:00,-0.14199025144381916,0.14199025144381916,0.07099512736720864,-0.03549437522101562,-0.035498238988464215,-0.03550930299572941,-0.035488334238609906
223_STEAM_2,THERMAL,2020-07-15 18:00:00,-0.15232722622108988,0.15232722622108988,0.07616361329195045,-0.03807853071143563,-0.03808428487100002,-0.03807992039341679,-0.03808449024523743
223_STEAM_3,THERMAL,2020-07-15 18:00:00,-0.1852810412873256,0.1852810412873256,0.09264052171479698,-0.046314541156819544,-0.04631499181533094,-0.04633198434156682,-0.046319523973608286
301_CT_1,THERMAL,2020-07-15 18:00:00,0.0,0.0,0.0,0.0,0.0,0.0,0.0
301_CT_2,THERMAL,2020-07-15 18:00:00,0.0,0.0,0.0,0.0,0.0,0.0,0.0
301_CT_3,THERMAL,2020-07-15 18:00:00,0.0,0.0,0.0,0.0,0.0,0.0,0.0
301_CT_4,THERMAL,2020-07-15 18:00:00,0.0,0.0,0.0,0.0,0.0,0.0,0.0
302_CT_1,THERMAL,2020-07-15 18:00:00,0.0,0.0,0.0,0.0,0.0,0.0,0.0
302_CT_2,THERMAL,2020-07-15 18:00:00,0.0,0.0,0.0,0.0,0.0,0.0,0.0
302_CT_3,THERMAL,2020-07-15 18:00:00,0.0,0.0,0.0,0.0,0.0,0.0,0.0
302_CT_4,THERMAL,2020-07-15 18:00:00,0.0,0.0,0.0,0.0,0.0,0.0,0.0
303_WIND_1,WIND,2020-07-15 18:00:00,0.8590742832966385,1.0704727137755208,0.9667016146701471,-0.035246990955887014,0.9647734985360796,-0.03522476522687512,-0.03522745905667906
307_CT_1,THERMAL,2020-07-15 18:00:00,0.0,0.0,0.0,0.0,0.0,0.0,0.0
307_CT_2,THERMAL,2020-07-15 18:00:00,0.0,0.0,0.0,0.0,0.0,0.0,0.0
309_WIND_1,WIND,2020-07-15 18:00:00,0.8490981853283917,1.075454062659342,0.9644921396364522,-0.03772320134148477,-0.03772717454788377,0.9622761239938669,-0.03772756277610672
313_CC_1,THERMAL,2020-07-15 18:00:00,-0.18658148982946668,0.18658148982946668,0.09329074509869534,-0.04664246696055896,-0.04664749290574843,-0.04664251863440683,-0.04664901132875246
315_CT_6,THERMAL,2020-07-15 18:00:00,-0.07610214789296017,0.07610214789296017,0.03805119834353925,-0.01907553914973183,-0.01902488585095441,-0.018947249441983085,-0.019054473450290845
315_CT_7,THERMAL,2020-07-15 18:00:00,0.0,0.0,0.0,0.0,0.0,0.0,0.0
315_CT_8,THERMAL,2020-07-15 18:00:00,-0.06625742994892467,0.06625742994892467,0.03312871709070048,-0.016559421957423198,-0.0165602924353489,-0.016574281207277584,-0.016563434348874986
315_STEAM_1,THERMAL,2020-07-15 18:00:00,0.0,0.0,0.0,0.0,0.0,0.0,0.0
315_STEAM_2,THERMAL,2020-07-15 18:00:00,0.0,0.0,0.0,0.0,0.0,0.0,0.0
315_STEAM_3,THERMAL,2020-07-15 18:00:00,0.0,0.0,0.0,0.0,0.0,0.0,0.0
315_STEAM_4,THERMAL,2020-07-15 18:00:00,0.0,0.0,0.0,0.0,0.0,0.0,0.0
315_STEAM_5,THERMAL,2020-07-15 18:00:00,0.0,0.0,0.0,0.0,0.0,0.0,0.0
316_STEAM_1,THERMAL,2020-07-15 18:00:00,-0.13658587056356372,0.13658587056356372,0.06829293557915465,-0.034141989990478794,-0.034145364379877585,-0.03415063234121196,-0.03414788385199539
317_WIND_1,WIND,2020-07-15 18:00:00,0.8667212588407192,1.0666380190339875,0.9684007866520864,-0.033318753260546785,-0.03331908393895411,-0.033320542897133265,0.9666796389373533
318_CC_1,THERMAL,2020-07-15 18:00:00,-0.1278434719642858,0.1278434719642858,0.06392174697160855,-0.03194737782062673,-0.03195092796591459,-0.031993194441717776,-0.03195197173602671
321_CC_1,THERMAL,2020-07-15 18:00:00,-0.11939150248932766,0.11939150248932766,0.05969575877159113,-0.029867389456331717,-0.02983038377671654,-0.029836621273755082,-0.029857107982524316
322_CT_5,THERMAL,2020-07-15 18:00:00,0.0,0.0,0.0,0.0,0.0,0.0,0.0
322_CT_6,THERMAL,2020-07-15 18:00:00,0.0,0.0,0.0,0.0,0.0,0.0,0.0
323_CC_1,THERMAL,2020-07-15 18:00:00,0.4383075806897203,0.5650258984115073,0.4768884718632807,0.02770123241947786,-0.030136390737786956,0.47396550713113594,-0.033222768123106566
323_CC_2,THERMAL,2020-07-15 18:00:00,-0.28372374862610494,0.5867012537644744,0.44653143359488645,0.011118777890303688,0.06861848260025927,-0.43521250119528965,0.07175149207862172
101_CT_1,THERMAL,2020-07-15 19:00:00,0.0,0.0,0.0,0.0,0.0,0.0,0.0
101_CT_2,THERMAL,2020-07-15 19:00:00,0.0,0.0,0.0,0.0,0.0,0.0,0.0
101_STEAM_3,THERMAL,2020-07-15 19:00:00,0.08122273694710097,0.1833680799081822,0.13712527781194536,-0.011460361476561723,-0.005925245686177907,0.1322954084276416,-0.033687064317801
101_STEAM_4,THERMAL,2020-07-15 19:00:00,-0.0909087396652295,0.17845241956222258,0.1386133528087022,0.008847346652184646,0.0035577978458018935,-0.13468057961372604,0.03136669545051
102_CT_1,THERMAL,2020-07-15 19:00:00,0.0,0.0,0.0,0.0,0.0,0.0,0.0
102_CT_2,THERMAL,2020-07-15 19:00:00,0.0,0.0,0.0,0.0,0.0,0.0,0.0
102_STEAM_3,THERMAL,2020-07-15 19:00:00,-0.05602693438399485,0.05602693438399485,0.028013467336987074,-0.014005360546935908,-0.014008114408953498,-0.014005258084462513,-0.01400820134364293
102_STEAM_4,THERMAL,2020-07-15 19:00:00,-0.0566055631275367,0.0566055631275367,0.02830278158172152,-0.01415143803013913,-0.014150899280626628,-0.014152193323335838,-0.01415103249343511
107_CC_1,THERMAL,2020-07-15 19:00:00,-0.06428416564640549,0.06428416564640549,0.03214208335061922,-0.016068007623302183,-0.016074212422760192,-0.01606826762636393,-0.016073677973979177
113_CT_1,THERMAL,2020-07-15 19:00:00,0.0,0.0,0.0,0.0,0.0,0.0,0.0
113_CT_2,THERMAL,2020-07-15 19:00:00,0.0,0.0,0.0,0.0,0.0,0.0,0.0
113_CT_3,THERMAL,2020-07-15 19:00:00,0.0,0.0,0.0,0.0,0.0,0.0,0.0
113_CT_4,THERMAL,2020-07-15 19:00:00,0.0,0.0,0.0,0.0,0.0,0.0,0.0
115_STEAM_1,THERMAL,2020-07-15 19:00:00,0.0,0.0,0.0,0.0,0.0,0.0,0.0
115_STEAM_2,THERMAL,2020-07-15 19:00:00,0.0,0.0,0.0,0.0,0.0,0.0,0.0
115_STEAM_3,THERMAL,2020-07-15 19:00:00,-0.06921485714177969,0.06921485714177969,0.03460742865302074,-0.01730242024646267,-0.01730555203771711,-0.01730294998820603,-0.01730393486939389
116_STEAM_1,THERMAL,2020-07-15 19:00:00,-0.07945722838915667,0.07945722838915667,0.03972861427059143,-0.01986335626257618,-0.01986473504335784,-0.01986612029203294,-0.019863016791189708
118_CC_1,THERMAL,2020-07-15 19:00:00,-0.0678750764402162,0.0678750764402162,0.03393753850185135,-0.016965496651941914,-0.01696842068354998,-0.016971511635691883,-0.01696964746903243
122_WIND_1,WIND,2020-07-15 19:00:00,0.9281407362565031,1.0359304773187785,0.9825284484592425,0.9820356067876408,-0.017966988368662395,-0.017962603829941415,-0.017965278332533904
123_CT_1,THERMAL,2020-07-15 19:00:00,0.0,0.0,0.0,0.0,0.0,0.0,0.0
123_CT_4,THERMAL,2020-07-15 19:00:00,0.0,0.0,0.0,0.0,0.0,0.0,0.0
123_CT_5,THERMAL,2020-07-15 19:00:00,0.0,0.0,0.0,0.0,0.0,0.0,0.0
123_STEAM_2,THERMAL,2020-07-15 19:00:00,-0.06738107999895149,0.06738107999895149,0.033690541774520494,-0.01684438489988227,-0.016847691424334732,-0.01683702595649117,-0.01685197771824332
123_STEAM_3,THERMAL,2020-07-15 19:00:00,-0.06747092497629788,0.06747092497629788,0.033735462618272635,-0.01686589489067869,-0.01686832736833277,-0.01686981473219351,-0.016866887985092907
201_CT_1,THERMAL,2020-07-15 19:00:00,0.0,0.0,0.0,0.0,0.0,0.0,0.0
201_CT_2,THERMAL,2020-07-15 19:00:00,0.0,0.0,0.0,0.0,0.0,0.0,0.0
201_STEAM_3,THERMAL,2020-07-15 19:00:00,-0.06283509375078487,0.06283509375078487,0.031417550118730354,-0.015710275537025226,-0.01569846147499815,-0.015707868203238662,-0.01571848853552284
202_CT_1,THERMAL,2020-07-15 19:00:00,0.0,0.0,0.0,0.0,0.0,0.0,0.0
202_CT_2,THERMAL,2020-07-15 19:00:00,0.0,0.0,0.0,0.0,0.0,0.0,0.0
202_STEAM_3,THERMAL,2020-07-15 19:00:00,-0.05025348198930882,0.05025348198930882,0.02512674125655266,-0.012563762966548625,-0.012565156275503699,-0.012560351881179672,-0.01256421086607683
202_STEAM_4,THERMAL,2020-07-15 19:00:00,-0.048674508416657866,0.048674508416657866,0.024337254296425002,-0.012167552886962224,-0.01216854916728921,-0.012170313200714693,-0.012168093161691733
207_CT_1,THERMAL,2020-07-15 19:00:00,0.0,0.0,0.0,0.0,0.0,0.0,0.0
207_CT_2,THERMAL,2020-07-15 19:00:00,0.0,0.0,0.0,0.0,0.0,0.0,0.0
212_CSP_1,THERMAL,2020-07-15 19:00:00,-0.05837570623482178,0.05837570623482178,0.029187853156118684,-0.01459336603520256,-0.014594891139738886,-0.014593041389920458,-0.014594407669959874
213_CC_3,THERMAL,2020-07-15 19:00:00,-0.0697245691657236,0.0697245691657236,0.0348626682172653,-0.017456494315778226,-0.017477378377822372,-0.017291893025816574,-0.017498803446306433
213_CT_1,THERMAL,2020-07-15 19:00:00,0.0,0.0,0.0,0.0,0.0,0.0,0.0
213_CT_2,THERMAL,2020-07-15 19:00:00,0.0,0.0,0.0,0.0,0.0,0.0,0.0
215_CT_4,THERMAL,2020-07-15 19:00:00,0.0,0.0,0.0,0.0,0.0,0.0,0.0
215_CT_5,THERMAL,2020-07-15 19:00:00,0.0,0.0,0.0,0.0,0.0,0.0,0.0
216_STEAM_1,THERMAL,2020-07-15 19:00:00,-0.05109905644117344,0.05109905644117344,0.025549572312371052,-0.01276484002928202,-0.012770952563359472,-0.012813613962262105,-0.012749649886269846
218_CC_1,THERMAL,2020-07-15 19:00:00,0.0,0.0,0.0,0.0,0.0,0.0,0.0
221_CC_1,THERMAL,2020-07-15 19:00:00,-0.0681215733165312,0.0681215733165312,0.03406078676209555,-0.017031249348976152,-0.017031093238971673,-0.017028092216657686,-0.017031138511925684
223_CT_4,THERMAL,2020-07-15 19:00:00,0.0,0.0,0.0,0.0,0.0,0.0,0.0
223_CT_5,THERMAL,2020-07-15 19:00:00,0.0,0.0,0.0,0.0,0.0,0.0,0.0
223_CT_6,THERMAL,2020-07-15 19:00:00,0.0,0.0,0.0,0.0,0.0,0.0,0.0
223_STEAM_1,THERMAL,2020-07-15 19:00:00,-0.04296406479213139,0.04296406479213139,0.02148203360407342,-0.010738113189126815,-0.010739473624791909,-0.010747189453030232,-0.010739288525182432
223_STEAM_2,THERMAL,2020-07-15 19:00:00,-0.047444388354816014,0.047444388354816014,0.02372219435079539,-0.01185992963121402,-0.01186057051778697,-0.011863548963994424,-0.011860339241820603
223_STEAM_3,THERMAL,2020-07-15 19:00:00,-0.0575950518400221,0.0575950518400221,0.028797525981551626,-0.014397627046777384,-0.014400230742307119,-0.014398447559022642,-0.014398746491914955
301_CT_1,THERMAL,2020-07-15 19:00:00,0.0,0.0,0.0,0.0,0.0,0.0,0.0
301_CT_2,THERMAL,2020-07-15 19:00:00,0.0,0.0,0.0,0.0,0.0,0.0,0.0
301_CT_3,THERMAL,2020-07-15 19:00:00,0.0,0.0,0.0,0.0,0.0,0.0,0.0
301_CT_4,THERMAL,2020-07-15 19:00:00,0.0,0.0,0.0,0.0,0.0,0.0,0.0
302_CT_1,THERMAL,2020-07-15 19:00:00,0.0,0.0,0.0,0.0,0.0,0.0,0.0
302_CT_2,THERMAL,2020-07-15 19:00:00,0.0,0.0,0.0,0.0,0.0,0.0,0.0
302_CT_3,THERMAL,2020-07-15 19:00:00,0.0,0.0,0.0,0.0,0.0,0.0,0.0
302_CT_4,THERMAL,2020-07-15 19:00:00,0.0,0.0,0.0,0.0,0.0,0.0,0.0
303_WIND_1,WIND,2020-07-15 19:00:00,-0.32281143269896373,1.6614513724580935,0.8809639490464538,-0.3306229460381651,0.6693199698795649,-0.33080879831142695,-0.33069965822893654
307_CT_1,THERMAL,2020-07-15 19:00:00,0.0,0.0,0.0,0.0,0.0,0.0,0.0
307_CT_2,THERMAL,2020-07-15 19:00:00,0.0,0.0,0.0,0.0,0.0,0.0,0.0
309_WIND_1,WIND,2020-07-15 19:00:00,0.918208298559575,1.0408958180192762,0.9801921175044297,-0.020451796937492994,-0.02044371325183425,0.9795520582894257,-0.02044824954052349
313_CC_1,THERMAL,2020-07-15 19:00:00,-0.12978761595990468,0.12978761595990468,0.06489380802060347,-0.03244509850081623,-0.03244790964286404,-0.032447889149920695,-0.03244671866630372
315_CT_6,THERMAL,2020-07-15 19:00:00,-0.06802369202306706,0.06802369202306706,0.034012598922249844,-0.01692767712568087,-0.016941025029994228,-0.01720126303705266,-0.016953726830339303
315_CT_7,THERMAL,2020-07-15 19:00:00,0.0,0.0,0.0,0.0,0.0,0.0,0.0
315_CT_8,THERMAL,2020-07-15 19:00:00,-0.05890668817182699,0.05890668817182699,0.029453366148126225,-0.014730791493857432,-0.014712585045525363,-0.014754399199966073,-0.014708912432478119
315_STEAM_1,THERMAL,2020-07-15 19:00:00,0.0,0.0,0.0,0.0,0.0,0.0,0.0
315_STEAM_2,THERMAL,2020-07-15 19:00:00,0.0,0.0,0.0,0.0,0.0,0.0,0.0
315_STEAM_3,THERMAL,2020-07-15 19:00:00,0.0,0.0,0.0,0.0,0.0,0.0,0.0
315_STEAM_4,THERMAL,2020-07-15 19:00:00,0.0,0.0,0.0,0.0,0.0,0.0,0.0
315_STEAM_5,THERMAL,2020-07-15 19:00:00,0.0,0.0,0.0,0.0,0.0,0.0,0.0
316_STEAM_1,THERMAL,2020-07-15 19:00:00,-0.15246678779811448,0.15246678779811448,0.07623339584034072,-0.038116243478690026,-0.03812320007965292,-0.03810282809537813,-0.038124516144393404
317_WIND_1,WIND,2020-07-15 19:00:00,0.8146475173981633,1.0926766005398854,0.9570334391568167,-0.04633419109114101,-0.0463407639939164,-0.04633958648580361,0.9536620589690243
318_CC_1,THERMAL,2020-07-15 19:00:00,-0.24585641160977068,0.24585641160977068,0.12292926069976301,-0.0613439474636891,-0.061283915881976125,-0.06190353724224895,-0.061325011021856494
321_CC_1,THERMAL,2020-07-15 19:00:00,-0.2647645050041911,0.2647645050041911,0.1323822583784644,-0.066204178163487,-0.06620171849578449,-0.06620159523318891,-0.06615701311173068
322_CT_5,THERMAL,2020-07-15 19:00:00,0.0,0.0,0.0,0.0,0.0,0.0,0.0
322_CT_6,THERMAL,2020-07-15 19:00:00,0.0,0.0,0.0,0.0,0.0,0.0,0.0
323_CC_1,THERMAL,2020-07-15 19:00:00,-0.02219727913548067,0.23028601153745668,0.13061150769595076,-0.024290793271808928,-0.06592709898747583,0.104044366200988,-0.03602375307718392
323_CC_2,THERMAL,2020-07-15 19:00:00,-0.3010928126839571,0.3010928126839571,0.19852220132316234,-0.05660535825959524,-0.015168893469273761,-0.1842412512248528,-0.04507730973023534
101_CT_1,THERMAL,2020-07-15 20:00:00,0.0,0.0,0.0,0.0,0.0,0.0,0.0
101_CT_2,THERMAL,2020-07-15 20:00:00,0.0,0.0,0.0,0.0,0.0,0.0,0.0
101_STEAM_3,THERMAL,2020-07-15 20:00:00,0.14504490547168877,0.20873044495604995,0.17202975571547116,-0.0033058420844481124,-0.02853692765773249,0.16945101999902584,0.007436655214843528
101_STEAM_4,THERMAL,2020-07-15 20:00:00,-0.15844386494838214,0.20897706418705697,0.1749003333494737,-0.0003350098183200678,0.025266599619337415,-0.17273812717500986,-0.010637327574389614
102_CT_1,THERMAL,2020-07-15 20:00:00,0.0,0.0,0.0,0.0,0.0,0.0,0.0
102_CT_2,THERMAL,2020-07-15 20:00:00,0.0,0.0,0.0,0.0,0.0,0.0,0.0
102_STEAM_3,THERMAL,2020-07-15 20:00:00,-0.06151390660491278,0.06151390660491278,0.030756953374580585,-0.01537721695093884,-0.015379682574911901,-0.015377668644826314,-0.01537933843423572
102_STEAM_4,THERMAL,2020-07-15 20:00:00,-0.07094796630813532,0.07094796630813532,0.03547398465155652,-0.01772974316543817,-0.017735283911644584,-0.017743780734447157,-0.01773915849660542
107_CC_1,THERMAL,2020-07-15 20:00:00,-0.09983685522349964,0.09983685522349964,0.049918427778689545,-0.02495598559291612,-0.024960531086449966,-0.024959010756099742,-0.024961327788033817
113_CT_1,THERMAL,2020-07-15 20:00:00,0.0,0.0,0.0,0.0,0.0,0.0,0.0
113_CT_2,THERMAL,2020-07-15 20:00:00,0.0,0.0,0.0,0.0,0.0,0.0,0.0
113_CT_3,THERMAL,2020-07-15 20:00:00,0.0,0.0,0.0,0.0,0.0,0.0,0.0
113_CT_4,THERMAL,2020-07-15 20:00:00,0.0,0.0,0.0,0.0,0.0,0.0,0.0
115_STEAM_1,THERMAL,2020-07-15 20:00:00,0.0,0.0,0.0,0.0,0.0,0.0,0.0
115_STEAM_2,THERMAL,2020-07-15 20:00:00,0.0,0.0,0.0,0.0,0.0,0.0,0.0
115_STEAM_3,THERMAL,2020-07-15 20:00:00,-0.06377535376950674,0.06377535376950674,0.03188767911670789,-0.015948594881429606,-0.015950883200034155,-0.015938415990841115,-0.01593745969720187
116_STEAM_1,THERMAL,2020-07-15 20:00:00,-0.04698162083575114,0.04698162083575114,0.023490810461061693,-0.01174440638803012,-0.011746408850073858,-0.011745293245672861,-0.0117455123519743
118_CC_1,THERMAL,2020-07-15 20:00:00,-0.3360169062733136,0.3360169062733136,0.1680084599942013,-0.0839955318013551,-0.08399364926551245,-0.08404493563243887,-0.0839827895740072
122_WIND_1,WIND,2020-07-15 20:00:00,0.9122612556144615,1.0438753434728045,0.9788059669613913,0.978068299543633,-0.021939465119996227,-0.02193047206573695,-0.02193710674343831
123_CT_1,THERMAL,2020-07-15 20:00:00,0.0,0.0,0.0,0.0,0.0,0.0,0.0
123_CT_4,THERMAL,2020-07-15 20:00:00,0.0,0.0,0.0,0.0,0.0,0.0,0.0
123_CT_5,THERMAL,2020-07-15 20:00:00,0.0,0.0,0.0,0.0,0.0,0.0,0.0
123_STEAM_2,THERMAL,2020-07-15 20:00:00,-0.05604914683067142,0.05604914683067142,0.02802457351162218,-0.014010459675535214,-0.01401273217048718,-0.014012304467796333,-0.014013650516852697
123_STEAM_3,THERMAL,2020-07-15 20:00:00,-0.07683892140057533,0.07683892140057533,0.03841946084722137,-0.019207098380157828,-0.019210576354494968,-0.01920961031719015,-0.019211636348732377
201_CT_1,THERMAL,2020-07-15 20:00:00,0.0,0.0,0.0,0.0,0.0,0.0,0.0
201_CT_2,THERMAL,2020-07-15 20:00:00,0.0,0.0,0.0,0.0,0.0,0.0,0.0
201_STEAM_3,THERMAL,2020-07-15 20:00:00,-0.08011522485322845,0.08011522485322845,0.04005761370555959,-0.02002342021865955,-0.020024617925029298,-0.02003583822153071,-0.02003134848800888
202_CT_1,THERMAL,2020-07-15 20:00:00,0.0,0.0,0.0,0.0,0.0,0.0,0.0
202_CT_2,THERMAL,2020-07-15 20:00:00,0.0,0.0,0.0,0.0,0.0,0.0,0.0
202_STEAM_3,THERMAL,2020-07-15 20:00:00,-0.04880854889969942,0.04880854889969942,0.02440427454053906,-0.012200505628312389,-0.012202587353884513,-0.012202070783328689,-0.012203385134173832
202_STEAM_4,THERMAL,2020-07-15 20:00:00,-0.04878860624758624,0.04878860624758624,0.024394303212525937,-0.012195524161765434,-0.012197579277637711,-0.01219712764237868,-0.012198375165804414
207_CT_1,THERMAL,2020-07-15 20:00:00,0.0,0.0,0.0,0.0,0.0,0.0,0.0
207_CT_2,THERMAL,2020-07-15 20:00:00,0.0,0.0,0.0,0.0,0.0,0.0,0.0
212_CSP_1,THERMAL,2020-07-15 20:00:00,-0.06255072501704446,0.06255072501704446,0.03127536260715588,-0.01563578810375371,-0.015637483386805207,-0.01563915117931125,-0.015638302347174293
213_CC_3,THERMAL,2020-07-15 20:00:00,-0.3360497470751047,0.3360497470751047,0.1680249027943698,-0.08399526225784704,-0.08399476510000925,-0.0840955004220778,-0.08396421929517059
213_CT_1,THERMAL,2020-07-15 20:00:00,0.0,0.0,0.0,0.0,0.0,0.0,0.0
213_CT_2,THERMAL,2020-07-15 20:00:00,0.0,0.0,0.0,0.0,0.0,0.0,0.0
215_CT_4,THERMAL,2020-07-15 20:00:00,0.0,0.0,0.0,0.0,0.0,0.0,0.0
215_CT_5,THERMAL,2020-07-15 20:00:00,0.0,0.0,0.0,0.0,0.0,0.0,0.0
216_STEAM_1,THERMAL,2020-07-15 20:00:00,-0.05915845038005965,0.05915845038005965,0.029579225326046177,-0.014787695527198497,-0.014790607863963412,-0.014788857774369113,-0.014791289214528632
218_CC_1,THERMAL,2020-07-15 20:00:00,0.0,0.0,0.0,0.0,0.0,0.0,0.0
221_CC_1,THERMAL,2020-07-15 20:00:00,-0.05249840921460867,0.05249840921460867,0.02624920481583676,-0.013121869113858875,-0.013124705728376984,-0.013125983388262208,-0.0131258509841106
223_CT_4,THERMAL,2020-07-15 20:00:00,0.0,0.0,0.0,0.0,0.0,0.0,0.0
223_CT_5,THERMAL,2020-07-15 20:00:00,0.0,0.0,0.0,0.0,0.0,0.0,0.0
223_CT_6,THERMAL,2020-07-15 20:00:00,0.0,0.0,0.0,0.0,0.0,0.0,0.0
223_STEAM_1,THERMAL,2020-07-15 20:00:00,-0.07648065850923857,0.07648065850923857,0.03824032967965963,-0.019119024967273624,-0.019123151811366014,-0.019116033171465867,-0.019122448559133073
223_STEAM_2,THERMAL,2020-07-15 20:00:00,-0.07093072341017642,0.07093072341017642,0.03546536179808046,-0.017730557427974202,-0.017732788605752302,-0.017733837010592675,-0.017733540365857243
223_STEAM_3,THERMAL,2020-07-15 20:00:00,-0.06378854121363155,0.06378854121363155,0.03189427072253478,-0.01594527147404512,-0.015948002172932907,-0.015946480687567988,-0.015948786879085533
301_CT_1,THERMAL,2020-07-15 20:00:00,0.0,0.0,0.0,0.0,0.0,0.0,0.0
301_CT_2,THERMAL,2020-07-15 20:00:00,0.0,0.0,0.0,0.0,0.0,0.0,0.0
301_CT_3,THERMAL,2020-07-15 20:00:00,0.0,0.0,0.0,0.0,0.0,0.0,0.0
301_CT_4,THERMAL,2020-07-15 20:00:00,0.0,0.0,0.0,0.0,0.0,0.0,0.0
302_CT_1,THERMAL,2020-07-15 20:00:00,0.0,0.0,0.0,0.0,0.0,0.0,0.0
302_CT_2,THERMAL,2020-07-15 20:00:00,0.0,0.0,0.0,0.0,0.0,0.0,0.0
302_CT_3,THERMAL,2020-07-15 20:00:00,0.0,0.0,0.0,0.0,0.0,0.0,0.0
302_CT_4,THERMAL,2020-07-15 20:00:00,0.0,0.0,0.0,0.0,0.0,0.0,0.0
303_WIND_1,WIND,2020-07-15 20:00:00,-0.5480553361336205,1.773974032987098,0.908315767434023,-0.3869548333723847,0.6129593484267388,-0.38700913255102876,-0.38705071863694585
307_CT_1,THERMAL,2020-07-15 20:00:00,0.0,0.0,0.0,0.0,0.0,0.0,0.0
307_CT_2,THERMAL,2020-07-15 20:00:00,0.0,0.0,0.0,0.0,0.0,0.0,0.0
309_WIND_1,WIND,2020-07-15 20:00:00,0.9590319723650014,1.0204840607233894,0.98991698031365,-0.010240658760548749,-0.010242504842274458,0.9897580165441954,-0.010242880576370747
313_CC_1,THERMAL,2020-07-15 20:00:00,-0.06904155134833947,0.06904155134833947,0.03452077585064584,-0.01725767637403336,-0.017260675775272294,-0.017262551573159257,-0.01726064762587456
315_CT_6,THERMAL,2020-07-15 20:00:00,0.0,0.0,0.0,0.0,0.0,0.0,0.0
315_CT_7,THERMAL,2020-07-15 20:00:00,0.0,0.0,0.0,0.0,0.0,0.0,0.0
315_CT_8,THERMAL,2020-07-15 20:00:00,0.0,0.0,0.0,0.0,0.0,0.0,0.0
315_STEAM_1,THERMAL,2020-07-15 20:00:00,0.0,0.0,0.0,0.0,0.0,0.0,0.0
315_STEAM_2,THERMAL,2020-07-15 20:00:00,0.0,0.0,0.0,0.0,0.0,0.0,0.0
315_STEAM_3,THERMAL,2020-07-15 20:00:00,0.0,0.0,0.0,0.0,0.0,0.0,0.0
315_STEAM_4,THERMAL,2020-07-15 20:00:00,0.0,0.0,0.0,0.0,0.0,0.0,0.0
315_STEAM_5,THERMAL,2020-07-15 20:00:00,0.0,0.0,0.0,0.0,0.0,0.0,0.0
316_STEAM_1,THERMAL,2020-07-15 20:00:00,-0.06061415611958588,0.06061415611958588,0.03030707817748583,-0.015151548714438412,-0.015154442560185277,-0.01515314285303293,-0.01515502199192926
317_WIND_1,WIND,2020-07-15 20:00:00,0.8955672453422961,1.0522119966446541,0.9749388658096859,-0.02610478429865548,-0.026109448833379734,-0.02610814251914384,0.9738896209934752
318_CC_1,THERMAL,2020-07-15 20:00:00,-0.10434945564399925,0.10434945564399925,0.05217473013469488,-0.02608258529964219,-0.026098233500306822,-0.02607792329138303,-0.026090713552667212
321_CC_1,THERMAL,2020-07-15 20:00:00,-0.3361805953551572,0.3361805953551572,0.16809042768371082,-0.0840362933651213,-0.08396978004022654,-0.08421840939579273,-0.08395611255401664
322_CT_5,THERMAL,2020-07-15 20:00:00,0.0,0.0,0.0,0.0,0.0,0.0,0.0
322_CT_6,THERMAL,2020-07-15 20:00:00,0.0,0.0,0.0,0.0,0.0,0.0,0.0
323_CC_1,THERMAL,2020-07-15 20:00:00,0.43320531460362266,0.6022171900397931,0.447715029383389,0.008584035618268298,-0.08450593771808523,0.43292916972016987,0.07619804698326973
323_CC_2,THERMAL,2020-07-15 20:00:00,-0.35729542178147883,0.5850921363473367,0.43042693398013165,0.010540852642178262,0.10335750464075066,-0.41372840476891143,-0.057465374295496315
101_CT_1,THERMAL,2020-07-15 21:00:00,0.0,0.0,0.0,0.0,0.0,0.0,0.0
101_CT_2,THERMAL,2020-07-15 21:00:00,0.0,0.0,0.0,0.0,0.0,0.0,0.0
101_STEAM_3,THERMAL,2020-07-15 21:00:00,0.006121959654493977,0.018392502645471657,0.011648382201661296,-0.0017969556190941208,0.0017402835431396283,0.010516947606843187,-0.004338315876394719
101_STEAM_4,THERMAL,2020-07-15 21:00:00,-0.020272800674462542,0.02218273251465988,0.015100254847501795,-0.0020358496804183442,-0.00519163017627704,-0.014000286737865826,0.0009549659200986685
102_CT_1,THERMAL,2020-07-15 21:00:00,0.0,0.0,0.0,0.0,0.0,0.0,0.0
102_CT_2,THERMAL,2020-07-15 21:00:00,0.0,0.0,0.0,0.0,0.0,0.0,0.0
102_STEAM_3,THERMAL,2020-07-15 21:00:00,-0.054640686182790145,0.054640686182790145,0.027320343259166043,-0.013658126763902823,-0.013660497924608023,-0.013659726329470268,-0.01366233516480903
102_STEAM_4,THERMAL,2020-07-15 21:00:00,-0.06833564034584036,0.06833564034584036,0.03416782033909975,-0.01708112446467605,-0.01708464345194592,-0.01708424607117648,-0.0170856263580419
107_CC_1,THERMAL,2020-07-15 21:00:00,-0.05766951600259786,0.05766951600259786,0.028834758064157636,-0.014416345896862914,-0.014418771765923377,-0.014416673216302467,-0.014417725123509107
113_CT_1,THERMAL,2020-07-15 21:00:00,0.0,0.0,0.0,0.0,0.0,0.0,0.0
113_CT_2,THERMAL,2020-07-15 21:00:00,0.0,0.0,0.0,0.0,0.0,0.0,0.0
113_CT_3,THERMAL,2020-07-15 21:00:00,0.0,0.0,0.0,0.0,0.0,0.0,0.0
113_CT_4,THERMAL,2020-07-15 21:00:00,0.0,0.0,0.0,0.0,0.0,0.0,0.0
115_STEAM_1,THERMAL,2020-07-15 21:00:00,0.0,0.0,0.0,0.0,0.0,0.0,0.0
115_STEAM_2,THERMAL,2020-07-15 21:00:00,0.0,0.0,0.0,0.0,0.0,0.0,0.0
115_STEAM_3,THERMAL,2020-07-15 21:00:00,-0.08036627527522847,0.08036627527522847,0.04018313779319533,-0.020089043865827938,-0.02009268846824594,-0.020090877370182003,-0.020093665570972585
116_STEAM_1,THERMAL,2020-07-15 21:00:00,-0.08374403294897212,0.08374403294897212,0.04187201664535403,-0.020932933930231545,-0.02093712524454583,-0.0209360663999818,-0.02093790737421295
118_CC_1,THERMAL,2020-07-15 21:00:00,0.0,0.0,0.0,0.0,0.0,0.0,0.0
122_WIND_1,WIND,2020-07-15 21:00:00,0.9411009145506178,1.0294552942091164,0.985608179926277,0.9852781043798671,-0.014725541000459641,-0.014725623280360978,-0.014726025548428657
123_CT_1,THERMAL,2020-07-15 21:00:00,0.0,0.0,0.0,0.0,0.0,0.0,0.0
123_CT_4,THERMAL,2020-07-15 21:00:00,0.0,0.0,0.0,0.0,0.0,0.0,0.0
123_CT_5,THERMAL,2020-07-15 21:00:00,0.0,0.0,0.0,0.0,0.0,0.0,0.0
123_STEAM_2,THERMAL,2020-07-15 21:00:00,-0.09883011605631453,0.09883011605631453,0.04941505940253745,-0.02471098040574271,-0.024708623477730618,-0.024697759827375876,-0.024712752345465328
123_STEAM_3,THERMAL,2020-07-15 21:00:00,-0.06289588938312081,0.06289588938312081,0.031447944871737084,-0.01572121823056505,-0.015724005267502672,-0.015725185139922715,-0.01572548074513037
201_CT_1,THERMAL,2020-07-15 21:00:00,0.0,0.0,0.0,0.0,0.0,0.0,0.0
201_CT_2,THERMAL,2020-07-15 21:00:00,0.0,0.0,0.0,0.0,0.0,0.0,0.0
201_STEAM_3,THERMAL,2020-07-15 21:00:00,-0.06253228600410207,0.06253228600410207,0.031266143248672336,-0.015629674809818,-0.015634092723306126,-0.01563435913762551,-0.015634159333352445
202_CT_1,THERMAL,2020-07-15 21:00:00,0.0,0.0,0.0,0.0,0.0,0.0,0.0
202_CT_2,THERMAL,2020-07-15 21:00:00,0.0,0.0,0.0,0.0,0.0,0.0,0.0
202_STEAM_3,THERMAL,2020-07-15 21:00:00,-0.05291460291181667,0.05291460291181667,0.026457301664919938,-0.013226461587452387,-0.013228597492254822,-0.013228402523769693,-0.013231141308339762
202_STEAM_4,THERMAL,2020-07-15 21:00:00,-0.0501894043470033,0.0501894043470033,0.02509470230218776,-0.012546134475783566,-0.012548372604814124,-0.01254604934639267,-0.012548847920012943
207_CT_1,THERMAL,2020-07-15 21:00:00,0.0,0.0,0.0,0.0,0.0,0.0,0.0
207_CT_2,THERMAL,2020-07-15 21:00:00,0.0,0.0,0.0,0.0,0.0,0.0,0.0
212_CSP_1,THERMAL,2020-07-15 21:00:00,-0.0345158621186529,0.0345158621186529,0.017257931353650495,-0.00862697489967501,-0.008628103920336194,-0.008631224186164133,-0.008629559112477566
213_CC_3,THERMAL,2020-07-15 21:00:00,0.0,0.0,0.0,0.0,0.0,0.0,0.0
213_CT_1,THERMAL,2020-07-15 21:00:00,0.0,0.0,0.0,0.0,0.0,0.0,0.0
213_CT_2,THERMAL,2020-07-15 21:00:00,0.0,0.0,0.0,0.0,0.0,0.0,0.0
215_CT_4,THERMAL,2020-07-15 21:00:00,0.0,0.0,0.0,0.0,0.0,0.0,0.0
215_CT_5,THERMAL,2020-07-15 21:00:00,0.0,0.0,0.0,0.0,0.0,0.0,0.0
216_STEAM_1,THERMAL,2020-07-15 21:00:00,-0.10872193904272025,0.10872193904272025,0.054360969775540544,-0.02717633239298234,-0.027182990016075353,-0.027182483058732165,-0.027180133574930387
218_CC_1,THERMAL,2020-07-15 21:00:00,0.0,0.0,0.0,0.0,0.0,0.0,0.0
221_CC_1,THERMAL,2020-07-15 21:00:00,-0.05838708982653559,0.05838708982653559,0.029193545564985945,-0.014592538088579632,-0.014596141583058775,-0.014601191124271828,-0.014597219030625361
223_CT_4,THERMAL,2020-07-15 21:00:00,0.0,0.0,0.0,0.0,0.0,0.0,0.0
223_CT_5,THERMAL,2020-07-15 21:00:00,0.0,0.0,0.0,0.0,0.0,0.0,0.0
223_CT_6,THERMAL,2020-07-15 21:00:00,0.0,0.0,0.0,0.0,0.0,0.0,0.0
223_STEAM_1,THERMAL,2020-07-15 21:00:00,-0.11039423897724308,0.11039423897724308,0.0551971204516919,-0.02759251988812797,-0.027595498418818056,-0.02760619660232344,-0.027600024067973614
223_STEAM_2,THERMAL,2020-07-15 21:00:00,-0.11647251052985602,0.11647251052985602,0.058236257602228565,-0.029114187126313945,-0.029124549744065562,-0.02910658195272553,-0.02912719170675098
223_STEAM_3,THERMAL,2020-07-15 21:00:00,-0.039390521456222856,0.039390521456222856,0.019695269524699716,-0.009832151727437344,-0.009851922443301964,-0.009856823823877647,-0.0098496234616059
301_CT_1,THERMAL,2020-07-15 21:00:00,0.0,0.0,0.0,0.0,0.0,0.0,0.0
301_CT_2,THERMAL,2020-07-15 21:00:00,0.0,0.0,0.0,0.0,0.0,0.0,0.0
301_CT_3,THERMAL,2020-07-15 21:00:00,0.0,0.0,0.0,0.0,0.0,0.0,0.0
301_CT_4,THERMAL,2020-07-15 21:00:00,0.0,0.0,0.0,0.0,0.0,0.0,0.0
302_CT_1,THERMAL,2020-07-15 21:00:00,0.0,0.0,0.0,0.0,0.0,0.0,0.0
302_CT_2,THERMAL,2020-07-15 21:00:00,0.0,0.0,0.0,0.0,0.0,0.0,0.0
302_CT_3,THERMAL,2020-07-15 21:00:00,0.0,0.0,0.0,0.0,0.0,0.0,0.0
302_CT_4,THERMAL,2020-07-15 21:00:00,0.0,0.0,0.0,0.0,0.0,0.0,0.0
303_WIND_1,WIND,2020-07-15 21:00:00,-0.8246592737733718,1.9122824235601172,0.9591498930967528,-0.45616662565668076,0.5438115748933727,-0.45613769794409187,-0.4561665250659719
307_CT_1,THERMAL,2020-07-15 21:00:00,0.0,0.0,0.0,0.0,0.0,0.0,0.0
307_CT_2,THERMAL,2020-07-15 21:00:00,0.0,0.0,0.0,0.0,0.0,0.0,0.0
309_WIND_1,WIND,2020-07-15 21:00:00,0.9625095999524828,1.0187458548355146,0.9907607366638674,-0.009371393169782971,-0.009373193073366703,0.9906277273939987,-0.009373541198366286
313_CC_1,THERMAL,2020-07-15 21:00:00,-0.07202303240630659,0.07202303240630659,0.036011521207192816,-0.0180181234965755,-0.017999448276236174,-0.018011371910203078,-0.017994088723291828
315_CT_6,THERMAL,2020-07-15 21:00:00,0.0,0.0,0.0,0.0,0.0,0.0,0.0
315_CT_7,THERMAL,2020-07-15 21:00:00,0.0,0.0,0.0,0.0,0.0,0.0,0.0
315_CT_8,THERMAL,2020-07-15 21:00:00,0.0,0.0,0.0,0.0,0.0,0.0,0.0
315_STEAM_1,THERMAL,2020-07-15 21:00:00,0.0,0.0,0.0,0.0,0.0,0.0,0.0
315_STEAM_2,THERMAL,2020-07-15 21:00:00,0.0,0.0,0.0,0.0,0.0,0.0,0.0
315_STEAM_3,THERMAL,2020-07-15 21:00:00,0.0,0.0,0.0,0.0,0.0,0.0,0.0
315_STEAM_4,THERMAL,2020-07-15 21:00:00,0.0,0.0,0.0,0.0,0.0,0.0,0.0
315_STEAM_5,THERMAL,2020-07-15 21:00:00,0.0,0.0,0.0,0.0,0.0,0.0,0.0
316_STEAM_1,THERMAL,2020-07-15 21:00:00,-0.141887622559599,0.141887622559599,0.0709438118154562,-0.03546875527045101,-0.035476783001278656,-0.0354665256008182,-0.03547555868705113
317_WIND_1,WIND,2020-07-15 21:00:00,0.6250956882619287,1.1874116124784293,0.9206767144461202,-0.09371770910081878,-0.09373579777449859,-0.09370445523293292,0.906253650370179
318_CC_1,THERMAL,2020-07-15 21:00:00,-0.5079366030754884,0.5079366030754884,0.25396831374833034,-0.12692023267026975,-0.12699033506023508,-0.126998667781008,-0.12702736756397556
321_CC_1,THERMAL,2020-07-15 21:00:00,0.0,0.0,0.0,0.0,0.0,0.0,0.0
322_CT_5,THERMAL,2020-07-15 21:00:00,0.0,0.0,0.0,0.0,0.0,0.0,0.0
322_CT_6,THERMAL,2020-07-15 21:00:00,0.0,0.0,0.0,0.0,0.0,0.0,0.0
323_CC_1,THERMAL,2020-07-15 21:00:00,0.22067081802181907,0.23056713608455962,0.18814513440747824,0.006695834576832267,-0.004948159031370282,0.18484592626913424,0.03407721620722285
323_CC_2,THERMAL,2020-07-15 21:00:00,-0.048719036542716476,0.23516521680202612,0.15443695026449458,0.03646845426137218,0.047905653503743796,-0.1419421266723713,0.008848982364538845
101_CT_1,THERMAL,2020-07-15 22:00:00,0.0,0.0,0.0,0.0,0.0,0.0,0.0
101_CT_2,THERMAL,2020-07-15 22:00:00,0.0,0.0,0.0,0.0,0.0,0.0,0.0
101_STEAM_3,THERMAL,2020-07-15 22:00:00,-0.10941010331702551,0.11439354077369489,0.09344744206246071,-0.013507787313479985,0.002491718728334688,-0.09222643992934654,-0.006167594802533681
101_STEAM_4,THERMAL,2020-07-15 22:00:00,0.08359519675578037,0.10154799570436679,0.08651204155876048,0.006780615460849376,-0.00884574110415326,0.0857909807692242,-0.00013065837013995714
102_CT_1,THERMAL,2020-07-15 22:00:00,0.0,0.0,0.0,0.0,0.0,0.0,0.0
102_CT_2,THERMAL,2020-07-15 22:00:00,0.0,0.0,0.0,0.0,0.0,0.0,0.0
102_STEAM_3,THERMAL,2020-07-15 22:00:00,-0.08711622091011567,0.08711622091011567,0.04355820144440034,-0.021722112258094506,-0.021753908281272008,-0.021838571895345993,-0.021801628475403158
102_STEAM_4,THERMAL,2020-07-15 22:00:00,-0.09357406614875242,0.09357406614875242,0.04678704892159606,-0.02336388053339783,-0.023389843603343397,-0.023414434996070543,-0.02340590701594065
107_CC_1,THERMAL,2020-07-15 22:00:00,-0.31086502395301097,0.31086502395301097,0.15543767399485195,-0.07814363162533677,-0.07810412428762137,-0.07662331857712523,-0.0779939494629276
113_CT_1,THERMAL,2020-07-15 22:00:00,0.0,0.0,0.0,0.0,0.0,0.0,0.0
113_CT_2,THERMAL,2020-07-15 22:00:00,0.0,0.0,0.0,0.0,0.0,0.0,0.0
113_CT_3,THERMAL,2020-07-15 22:00:00,0.0,0.0,0.0,0.0,0.0,0.0,0.0
113_CT_4,THERMAL,2020-07-15 22:00:00,0.0,0.0,0.0,0.0,0.0,0.0,0.0
115_STEAM_1,THERMAL,2020-07-15 22:00:00,0.0,0.0,0.0,0.0,0.0,0.0,0.0
115_STEAM_2,THERMAL,2020-07-15 22:00:00,0.0,0.0,0.0,0.0,0.0,0.0,0.0
115_STEAM_3,THERMAL,2020-07-15 22:00:00,-0.10192242142815383,0.10192242142815383,0.05096161713434477,-0.025534591841167353,-0.025373337001866225,-0.025620345770043018,-0.02539414681507724
116_STEAM_1,THERMAL,2020-07-15 22:00:00,-0.12873449101058188,0.12873449101058188,0.06436730952126132,-0.03213552437048739,-0.03224511096314209,-0.03214485628322028,-0.032208999393732125
118_CC_1,THERMAL,2020-07-15 22:00:00,0.0,0.0,0.0,0.0,0.0,0.0,0.0
122_WIND_1,WIND,2020-07-15 22:00:00,0.9138280614684957,1.0430711488626025,0.9791606747749869,0.9784496051655491,-0.021467649624544727,-0.021639835730610457,-0.02151405834189825
123_CT_1,THERMAL,2020-07-15 22:00:00,0.0,0.0,0.0,0.0,0.0,0.0,0.0
123_CT_4,THERMAL,2020-07-15 22:00:00,0.0,0.0,0.0,0.0,0.0,0.0,0.0
123_CT_5,THERMAL,2020-07-15 22:00:00,0.0,0.0,0.0,0.0,0.0,0.0,0.0
123_STEAM_2,THERMAL,2020-07-15 22:00:00,-0.13652979288462658,0.13652979288462658,0.06826685859562143,-0.034364887189457516,-0.03435638172312158,-0.033731658058319125,-0.03407686591372834
123_STEAM_3,THERMAL,2020-07-15 22:00:00,-0.13445635774075818,0.13445635774075818,0.06722826769841107,-0.03369036852596974,-0.03363822325344501,-0.03354805287465146,-0.03357971308669196
201_CT_1,THERMAL,2020-07-15 22:00:00,0.0,0.0,0.0,0.0,0.0,0.0,0.0
201_CT_2,THERMAL,2020-07-15 22:00:00,0.0,0.0,0.0,0.0,0.0,0.0,0.0
201_STEAM_3,THERMAL,2020-07-15 22:00:00,-0.08813032817116524,0.08813032817116524,0.04406521008144918,-0.022023200643124297,-0.02199470569619595,-0.022082803747172752,-0.022029618084672246
202_CT_1,THERMAL,2020-07-15 22:00:00,0.0,0.0,0.0,0.0,0.0,0.0,0.0
202_CT_2,THERMAL,2020-07-15 22:00:00,0.0,0.0,0.0,0.0,0.0,0.0,0.0
202_STEAM_3,THERMAL,2020-07-15 22:00:00,-0.08952472920949368,0.08952472920949368,0.04476243002440703,-0.02240868819854508,-0.02237412426513269,-0.02242015813897469,-0.022321758606841224
202_STEAM_4,THERMAL,2020-07-15 22:00:00,-0.08581992800620569,0.08581992800620569,0.04291022010641578,-0.021511966061082133,-0.02152037158582787,-0.02133476892131536,-0.021452821437980323
207_CT_1,THERMAL,2020-07-15 22:00:00,0.0,0.0,0.0,0.0,0.0,0.0,0.0
207_CT_2,THERMAL,2020-07-15 22:00:00,0.0,0.0,0.0,0.0,0.0,0.0,0.0
212_CSP_1,THERMAL,2020-07-15 22:00:00,-0.11195258546742828,0.11195258546742828,0.05597632473766716,-0.027941752702285383,-0.027988659584548103,-0.0280248303725692,-0.027997342808025592
213_CC_3,THERMAL,2020-07-15 22:00:00,0.0,0.0,0.0,0.0,0.0,0.0,0.0
213_CT_1,THERMAL,2020-07-15 22:00:00,0.0,0.0,0.0,0.0,0.0,0.0,0.0
213_CT_2,THERMAL,2020-07-15 22:00:00,0.0,0.0,0.0,0.0,0.0,0.0,0.0
215_CT_4,THERMAL,2020-07-15 22:00:00,0.0,0.0,0.0,0.0,0.0,0.0,0.0
215_CT_5,THERMAL,2020-07-15 22:00:00,0.0,0.0,0.0,0.0,0.0,0.0,0.0
216_STEAM_1,THERMAL,2020-07-15 22:00:00,-0.15658876983166778,0.15658876983166778,0.07829488686829324,-0.03918630569795478,-0.039286881869925294,-0.038913617281080004,-0.03920196498270769
218_CC_1,THERMAL,2020-07-15 22:00:00,0.0,0.0,0.0,0.0,0.0,0.0,0.0
221_CC_1,THERMAL,2020-07-15 22:00:00,-0.07122112117641057,0.07122112117641057,0.035611983864569374,-0.018009089060659678,-0.017848050465711085,-0.017564514280909993,-0.017799467369129806
223_CT_4,THERMAL,2020-07-15 22:00:00,0.0,0.0,0.0,0.0,0.0,0.0,0.0
223_CT_5,THERMAL,2020-07-15 22:00:00,0.0,0.0,0.0,0.0,0.0,0.0,0.0
223_CT_6,THERMAL,2020-07-15 22:00:00,0.0,0.0,0.0,0.0,0.0,0.0,0.0
223_STEAM_1,THERMAL,2020-07-15 22:00:00,-0.11110668049514091,0.11110668049514091,0.05555337653360695,-0.02772717225080168,-0.0277708967288115,-0.02780108129419756,-0.027807530221330166
223_STEAM_2,THERMAL,2020-07-15 22:00:00,-0.15172236401032613,0.15172236401032613,0.07586162436961069,-0.037869657716750105,-0.03779885296427993,-0.03814416121545361,-0.037909692113842486
223_STEAM_3,THERMAL,2020-07-15 22:00:00,-0.13580151076342253,0.13580151076342253,0.0679013134391293,-0.03379576387831906,-0.033839853284551746,-0.03413046068734582,-0.0340354329132059
301_CT_1,THERMAL,2020-07-15 22:00:00,0.0,0.0,0.0,0.0,0.0,0.0,0.0
301_CT_2,THERMAL,2020-07-15 22:00:00,0.0,0.0,0.0,0.0,0.0,0.0,0.0
301_CT_3,THERMAL,2020-07-15 22:00:00,0.0,0.0,0.0,0.0,0.0,0.0,0.0
301_CT_4,THERMAL,2020-07-15 22:00:00,0.0,0.0,0.0,0.0,0.0,0.0,0.0
302_CT_1,THERMAL,2020-07-15 22:00:00,0.0,0.0,0.0,0.0,0.0,0.0,0.0
302_CT_2,THERMAL,2020-07-15 22:00:00,0.0,0.0,0.0,0.0,0.0,0.0,0.0
302_CT_3,THERMAL,2020-07-15 22:00:00,0.0,0.0,0.0,0.0,0.0,0.0,0.0
302_CT_4,THERMAL,2020-07-15 22:00:00,0.0,0.0,0.0,0.0,0.0,0.0,0.0
303_WIND_1,WIND,2020-07-15 22:00:00,-0.9411803876594902,1.9703438437162777,0.9854992778782198,-0.485298079431125,0.5145817280283937,-0.48512444399942467,-0.4853395922573343
307_CT_1,THERMAL,2020-07-15 22:00:00,0.0,0.0,0.0,0.0,0.0,0.0,0.0
307_CT_2,THERMAL,2020-07-15 22:00:00,0.0,0.0,0.0,0.0,0.0,0.0,0.0
309_WIND_1,WIND,2020-07-15 22:00:00,0.9124114675263042,1.0434377442821356,0.9786558105430043,-0.02183406902440299,-0.02179736416524003,0.9779246059042199,-0.02188170518827275
313_CC_1,THERMAL,2020-07-15 22:00:00,-0.0861197329804101,0.0861197329804101,0.04305995350310673,-0.021460191639667725,-0.02154813094753283,-0.02157772905365274,-0.021533681339556816
315_CT_6,THERMAL,2020-07-15 22:00:00,0.0,0.0,0.0,0.0,0.0,0.0,0.0
315_CT_7,THERMAL,2020-07-15 22:00:00,0.0,0.0,0.0,0.0,0.0,0.0,0.0
315_CT_8,THERMAL,2020-07-15 22:00:00,0.0,0.0,0.0,0.0,0.0,0.0,0.0
315_STEAM_1,THERMAL,2020-07-15 22:00:00,0.0,0.0,0.0,0.0,0.0,0.0,0.0
315_STEAM_2,THERMAL,2020-07-15 22:00:00,0.0,0.0,0.0,0.0,0.0,0.0,0.0
315_STEAM_3,THERMAL,2020-07-15 22:00:00,0.0,0.0,0.0,0.0,0.0,0.0,0.0
315_STEAM_4,THERMAL,2020-07-15 22:00:00,0.0,0.0,0.0,0.0,0.0,0.0,0.0
315_STEAM_5,THERMAL,2020-07-15 22:00:00,0.0,0.0,0.0,0.0,0.0,0.0,0.0
316_STEAM_1,THERMAL,2020-07-15 22:00:00,-0.12914998835626199,0.12914998835626199,0.06457507113125582,-0.032244569782431176,-0.032296345649378166,-0.03236551502382068,-0.03224355790063196
317_WIND_1,WIND,2020-07-15 22:00:00,0.9174771090665574,1.0412242347769824,0.9800019660482123,-0.020647502329632417,-0.020640224541881302,-0.020585835983698786,0.9793506719217699
318_CC_1,THERMAL,2020-07-15 22:00:00,0.0,0.0,0.0,0.0,0.0,0.0,0.0
321_CC_1,THERMAL,2020-07-15 22:00:00,0.0,0.0,0.0,0.0,0.0,0.0,0.0
322_CT_5,THERMAL,2020-07-15 22:00:00,0.0,0.0,0.0,0.0,0.0,0.0,0.0
322_CT_6,THERMAL,2020-07-15 22:00:00,0.0,0.0,0.0,0.0,0.0,0.0,0.0
323_CC_1,THERMAL,2020-07-15 22:00:00,0.15332779608400737,0.2338729076509114,0.12700490934087144,0.09483697452247464,0.06723125671322228,-0.04027255578345201,0.03153212063176247
323_CC_2,THERMAL,2020-07-15 22:00:00,0.28028697261890223,0.28028697261890223,0.17200567653576,0.014353596925295253,0.04157407812157288,0.14741440322438182,0.07694489434765227
101_CT_1,THERMAL,2020-07-15 23:00:00,0.0,0.0,0.0,0.0,0.0,0.0,0.0
101_CT_2,THERMAL,2020-07-15 23:00:00,0.0,0.0,0.0,0.0,0.0,0.0,0.0
101_STEAM_3,THERMAL,2020-07-15 23:00:00,-0.009182195780844844,0.022157358529468978,0.013425815929061778,-0.012068954191006065,-0.003600822964150846,0.003783511000433948,0.002704070373878119
101_STEAM_4,THERMAL,2020-07-15 23:00:00,0.000941426133071,0.021730873628305024,0.012314953631662736,0.009711025618795083,0.0016251242618929296,-0.005783832086129315,-0.004610891661487698
102_CT_1,THERMAL,2020-07-15 23:00:00,0.0,0.0,0.0,0.0,0.0,0.0,0.0
102_CT_2,THERMAL,2020-07-15 23:00:00,0.0,0.0,0.0,0.0,0.0,0.0,0.0
102_STEAM_3,THERMAL,2020-07-15 23:00:00,-0.09413681420822814,0.09413681420822814,0.047068409453925555,-0.023526852617214822,-0.023530899531425092,-0.023546583934856757,-0.023532478124731467
102_STEAM_4,THERMAL,2020-07-15 23:00:00,-0.08931281963152518,0.08931281963152518,0.04465644081904907,-0.022303872682955056,-0.022320243109751517,-0.022372566211291245,-0.02231613762752736
107_CC_1,THERMAL,2020-07-15 23:00:00,0.3814627717072027,0.3814627717072027,0.19073138609643378,0.09536338310445314,0.09536858298769213,0.09535912684326053,0.09537167877179693
113_CT_1,THERMAL,2020-07-15 23:00:00,0.0,0.0,0.0,0.0,0.0,0.0,0.0
113_CT_2,THERMAL,2020-07-15 23:00:00,0.0,0.0,0.0,0.0,0.0,0.0,0.0
113_CT_3,THERMAL,2020-07-15 23:00:00,0.0,0.0,0.0,0.0,0.0,0.0,0.0
113_CT_4,THERMAL,2020-07-15 23:00:00,0.0,0.0,0.0,0.0,0.0,0.0,0.0
115_STEAM_1,THERMAL,2020-07-15 23:00:00,0.0,0.0,0.0,0.0,0.0,0.0,0.0
115_STEAM_2,THERMAL,2020-07-15 23:00:00,0.0,0.0,0.0,0.0,0.0,0.0,0.0
115_STEAM_3,THERMAL,2020-07-15 23:00:00,-0.21747127465361094,0.21747127465361094,0.10873729799384384,-0.05445957457197287,-0.05458904189234795,-0.05385438841233081,-0.0545682697769593
116_STEAM_1,THERMAL,2020-07-15 23:00:00,-0.16885602456070165,0.16885602456070165,0.08442807008712483,-0.04218922913717282,-0.042197476111077103,-0.04229798717078892,-0.042171332141662805
118_CC_1,THERMAL,2020-07-15 23:00:00,0.0,0.0,0.0,0.0,0.0,0.0,0.0
122_WIND_1,WIND,2020-07-15 23:00:00,0.8957669498964128,1.0521273890003375,0.9749925492667325,0.9739471694483752,-0.026061414512381198,-0.02605810318411983,-0.026060701855461357
123_CT_1,THERMAL,2020-07-15 23:00:00,0.0,0.0,0.0,0.0,0.0,0.0,0.0
123_CT_4,THERMAL,2020-07-15 23:00:00,0.0,0.0,0.0,0.0,0.0,0.0,0.0
123_CT_5,THERMAL,2020-07-15 23:00:00,0.0,0.0,0.0,0.0,0.0,0.0,0.0
123_STEAM_2,THERMAL,2020-07-15 23:00:00,0.16978292487740412,0.16978292487740412,0.08489198060758336,0.0423778635605474,0.04225038585255603,0.042650036139579184,0.04250463932472152
123_STEAM_3,THERMAL,2020-07-15 23:00:00,-0.41253222533375306,0.41253222533375306,0.20626701529865654,-0.10309306555030884,-0.10275314344606934,-0.1036059462798895,-0.10308007005748536
201_CT_1,THERMAL,2020-07-15 23:00:00,0.0,0.0,0.0,0.0,0.0,0.0,0.0
201_CT_2,THERMAL,2020-07-15 23:00:00,0.0,0.0,0.0,0.0,0.0,0.0,0.0
201_STEAM_3,THERMAL,2020-07-15 23:00:00,0.08000043164595076,0.08000043164595076,0.04000024561549072,0.019999741872956833,0.01997018019134078,0.020037934700985693,0.01999257488066745
202_CT_1,THERMAL,2020-07-15 23:00:00,0.0,0.0,0.0,0.0,0.0,0.0,0.0
202_CT_2,THERMAL,2020-07-15 23:00:00,0.0,0.0,0.0,0.0,0.0,0.0,0.0
202_STEAM_3,THERMAL,2020-07-15 23:00:00,-0.04921429039066087,0.10234529141897221,0.07089379327689051,0.011387757723708203,-0.00793495705979283,-0.06784483384502371,0.015177742790447469
202_STEAM_4,THERMAL,2020-07-15 23:00:00,0.04918291045345549,0.09450592338049593,0.06660823501639719,-0.007295486015832908,0.007935531714691274,0.06390888520228444,-0.015366020447687315
207_CT_1,THERMAL,2020-07-15 23:00:00,0.0,0.0,0.0,0.0,0.0,0.0,0.0
207_CT_2,THERMAL,2020-07-15 23:00:00,0.0,0.0,0.0,0.0,0.0,0.0,0.0
212_CSP_1,THERMAL,2020-07-15 23:00:00,-0.06888827853779396,0.06888827853779396,0.034444139903784504,-0.017221354222816676,-0.017219993565576797,-0.01722764976540825,-0.017219280983992242
213_CC_3,THERMAL,2020-07-15 23:00:00,0.0,0.0,0.0,0.0,0.0,0.0,0.0
213_CT_1,THERMAL,2020-07-15 23:00:00,0.0,0.0,0.0,0.0,0.0,0.0,0.0
213_CT_2,THERMAL,2020-07-15 23:00:00,0.0,0.0,0.0,0.0,0.0,0.0,0.0
215_CT_4,THERMAL,2020-07-15 23:00:00,0.0,0.0,0.0,0.0,0.0,0.0,0.0
215_CT_5,THERMAL,2020-07-15 23:00:00,0.0,0.0,0.0,0.0,0.0,0.0,0.0
216_STEAM_1,THERMAL,2020-07-15 23:00:00,-0.1824688030970462,0.1824688030970462,0.09123483902208958,-0.04552756333767677,-0.04550752851382878,-0.04585810082983732,-0.04557561041570332
218_CC_1,THERMAL,2020-07-15 23:00:00,0.0,0.0,0.0,0.0,0.0,0.0,0.0
221_CC_1,THERMAL,2020-07-15 23:00:00,0.39933923060602733,0.39933923060602733,0.1996696158807621,0.09983077313963928,0.09984056788803175,0.09982446399435263,0.09984342558400366
223_CT_4,THERMAL,2020-07-15 23:00:00,0.0,0.0,0.0,0.0,0.0,0.0,0.0
223_CT_5,THERMAL,2020-07-15 23:00:00,0.0,0.0,0.0,0.0,0.0,0.0,0.0
223_CT_6,THERMAL,2020-07-15 23:00:00,0.0,0.0,0.0,0.0,0.0,0.0,0.0
223_STEAM_1,THERMAL,2020-07-15 23:00:00,-0.14121914828018517,0.14121914828018517,0.07060961197987924,-0.03534696063314502,-0.03532187357004643,-0.03524761372326912,-0.0353027003537246
223_STEAM_2,THERMAL,2020-07-15 23:00:00,-0.12769083442026247,0.12769083442026247,0.06384543358933115,-0.031937899732477626,-0.03193728735747858,-0.031883277374951335,-0.03193236995535492
223_STEAM_3,THERMAL,2020-07-15 23:00:00,-0.29679562851104724,0.29679562851104724,0.14839791863873233,-0.07409770115824776,-0.07417601788845851,-0.07418185316780868,-0.07434005629653226
301_CT_1,THERMAL,2020-07-15 23:00:00,0.0,0.0,0.0,0.0,0.0,0.0,0.0
301_CT_2,THERMAL,2020-07-15 23:00:00,0.0,0.0,0.0,0.0,0.0,0.0,0.0
301_CT_3,THERMAL,2020-07-15 23:00:00,0.0,0.0,0.0,0.0,0.0,0.0,0.0
301_CT_4,THERMAL,2020-07-15 23:00:00,0.0,0.0,0.0,0.0,0.0,0.0,0.0
302_CT_1,THERMAL,2020-07-15 23:00:00,0.0,0.0,0.0,0.0,0.0,0.0,0.0
302_CT_2,THERMAL,2020-07-15 23:00:00,0.0,0.0,0.0,0.0,0.0,0.0,0.0
302_CT_3,THERMAL,2020-07-15 23:00:00,0.0,0.0,0.0,0.0,0.0,0.0,0.0
302_CT_4,THERMAL,2020-07-15 23:00:00,0.0,0.0,0.0,0.0,0.0,0.0,0.0
303_WIND_1,WIND,2020-07-15 23:00:00,-1.118168895103346,2.0590176572069074,1.0307805949049953,-0.5294794681783124,0.47042438105178075,-0.5295469344703783,-0.5295668735064359
307_CT_1,THERMAL,2020-07-15 23:00:00,0.0,0.0,0.0,0.0,0.0,0.0,0.0
307_CT_2,THERMAL,2020-07-15 23:00:00,0.0,0.0,0.0,0.0,0.0,0.0,0.0
309_WIND_1,WIND,2020-07-15 23:00:00,0.9371300682219439,1.0314350169303128,0.9846589471665997,-0.015716191499517862,-0.01571813664698407,0.9842825425761283,-0.01571814620768253
313_CC_1,THERMAL,2020-07-15 23:00:00,-0.40693050531575853,0.40693050531575853,0.2034652564480314,-0.10169909809528066,-0.10174000357826718,-0.1017490052498724,-0.10174239839233828
315_CT_6,THERMAL,2020-07-15 23:00:00,0.0,0.0,0.0,0.0,0.0,0.0,0.0
315_CT_7,THERMAL,2020-07-15 23:00:00,0.0,0.0,0.0,0.0,0.0,0.0,0.0
315_CT_8,THERMAL,2020-07-15 23:00:00,0.0,0.0,0.0,0.0,0.0,0.0,0.0
315_STEAM_1,THERMAL,2020-07-15 23:00:00,0.0,0.0,0.0,0.0,0.0,0.0,0.0
315_STEAM_2,THERMAL,2020-07-15 23:00:00,0.0,0.0,0.0,0.0,0.0,0.0,0.0
315_STEAM_3,THERMAL,2020-07-15 23:00:00,0.0,0.0,0.0,0.0,0.0,0.0,0.0
315_STEAM_4,THERMAL,2020-07-15 23:00:00,0.0,0.0,0.0,0.0,0.0,0.0,0.0
315_STEAM_5,THERMAL,2020-07-15 23:00:00,0.0,0.0,0.0,0.0,0.0,0.0,0.0
316_STEAM_1,THERMAL,2020-07-15 23:00:00,-0.21752781354523187,0.21752781354523187,0.10890652965044557,-0.0583510751545947,-0.05450324751079494,-0.050477929540344135,-0.05419556133949809
317_WIND_1,WIND,2020-07-15 23:00:00,-0.06026568019166856,1.5301085286369611,0.8665354453772514,-0.2650654312299441,-0.26508624027157435,-0.2650354329127964,0.7349214242226463
318_CC_1,THERMAL,2020-07-15 23:00:00,0.0,0.0,0.0,0.0,0.0,0.0,0.0
321_CC_1,THERMAL,2020-07-15 23:00:00,0.0,0.0,0.0,0.0,0.0,0.0,0.0
322_CT_5,THERMAL,2020-07-15 23:00:00,0.0,0.0,0.0,0.0,0.0,0.0,0.0
322_CT_6,THERMAL,2020-07-15 23:00:00,0.0,0.0,0.0,0.0,0.0,0.0,0.0
323_CC_1,THERMAL,2020-07-15 23:00:00,0.3742355943431139,0.3742355943431139,0.18711779758881414,0.09355389981497497,0.09356378543765509,0.09355163070744155,0.09356627838304225
323_CC_2,THERMAL,2020-07-15 23:00:00,0.3728189236768678,0.3728189236768678,0.18640946543466613,0.0932081637250386,0.09321978814436538,0.0931739069946711,0.09321706481279274
101_CT_1,THERMAL,2020-07-16 00:00:00,0.0,0.0,0.0,0.0,0.0,0.0,0.0
101_CT_2,THERMAL,2020-07-16 00:00:00,0.0,0.0,0.0,0.0,0.0,0.0,0.0
101_STEAM_3,THERMAL,2020-07-16 00:00:00,0.0,0.0,0.0,0.0,0.0,0.0,0.0
101_STEAM_4,THERMAL,2020-07-16 00:00:00,0.0,0.0,0.0,0.0,0.0,0.0,0.0
102_CT_1,THERMAL,2020-07-16 00:00:00,0.0,0.0,0.0,0.0,0.0,0.0,0.0
102_CT_2,THERMAL,2020-07-16 00:00:00,0.0,0.0,0.0,0.0,0.0,0.0,0.0
102_STEAM_3,THERMAL,2020-07-16 00:00:00,0.0,0.0,0.0,0.0,0.0,0.0,0.0
102_STEAM_4,THERMAL,2020-07-16 00:00:00,0.0,0.0,0.0,0.0,0.0,0.0,0.0
107_CC_1,THERMAL,2020-07-16 00:00:00,0.0,0.0,0.0,0.0,0.0,0.0,0.0
113_CT_1,THERMAL,2020-07-16 00:00:00,0.0,0.0,0.0,0.0,0.0,0.0,0.0
113_CT_2,THERMAL,2020-07-16 00:00:00,0.0,0.0,0.0,0.0,0.0,0.0,0.0
113_CT_3,THERMAL,2020-07-16 00:00:00,0.0,0.0,0.0,0.0,0.0,0.0,0.0
113_CT_4,THERMAL,2020-07-16 00:00:00,0.0,0.0,0.0,0.0,0.0,0.0,0.0
115_STEAM_1,THERMAL,2020-07-16 00:00:00,0.0,0.0,0.0,0.0,0.0,0.0,0.0
115_STEAM_2,THERMAL,2020-07-16 00:00:00,0.0,0.0,0.0,0.0,0.0,0.0,0.0
115_STEAM_3,THERMAL,2020-07-16 00:00:00,0.0,0.0,0.0,0.0,0.0,0.0,0.0
116_STEAM_1,THERMAL,2020-07-16 00:00:00,0.0,0.0,0.0,0.0,0.0,0.0,0.0
118_CC_1,THERMAL,2020-07-16 00:00:00,0.0,0.0,0.0,0.0,0.0,0.0,0.0
122_WIND_1,WIND,2020-07-16 00:00:00,0.0,0.0,0.0,0.0,0.0,0.0,0.0
123_CT_1,THERMAL,2020-07-16 00:00:00,0.0,0.0,0.0,0.0,0.0,0.0,0.0
123_CT_4,THERMAL,2020-07-16 00:00:00,0.0,0.0,0.0,0.0,0.0,0.0,0.0
123_CT_5,THERMAL,2020-07-16 00:00:00,0.0,0.0,0.0,0.0,0.0,0.0,0.0
123_STEAM_2,THERMAL,2020-07-16 00:00:00,0.0,0.0,0.0,0.0,0.0,0.0,0.0
123_STEAM_3,THERMAL,2020-07-16 00:00:00,0.0,0.0,0.0,0.0,0.0,0.0,0.0
201_CT_1,THERMAL,2020-07-16 00:00:00,0.0,0.0,0.0,0.0,0.0,0.0,0.0
201_CT_2,THERMAL,2020-07-16 00:00:00,0.0,0.0,0.0,0.0,0.0,0.0,0.0
201_STEAM_3,THERMAL,2020-07-16 00:00:00,0.0,0.0,0.0,0.0,0.0,0.0,0.0
202_CT_1,THERMAL,2020-07-16 00:00:00,0.0,0.0,0.0,0.0,0.0,0.0,0.0
202_CT_2,THERMAL,2020-07-16 00:00:00,0.0,0.0,0.0,0.0,0.0,0.0,0.0
202_STEAM_3,THERMAL,2020-07-16 00:00:00,0.0,0.0,0.0,0.0,0.0,0.0,0.0
202_STEAM_4,THERMAL,2020-07-16 00:00:00,0.0,0.0,0.0,0.0,0.0,0.0,0.0
207_CT_1,THERMAL,2020-07-16 00:00:00,0.0,0.0,0.0,0.0,0.0,0.0,0.0
207_CT_2,THERMAL,2020-07-16 00:00:00,0.0,0.0,0.0,0.0,0.0,0.0,0.0
212_CSP_1,THERMAL,2020-07-16 00:00:00,0.0,0.0,0.0,0.0,0.0,0.0,0.0
213_CC_3,THERMAL,2020-07-16 00:00:00,0.0,0.0,0.0,0.0,0.0,0.0,0.0
213_CT_1,THERMAL,2020-07-16 00:00:00,0.0,0.0,0.0,0.0,0.0,0.0,0.0
213_CT_2,THERMAL,2020-07-16 00:00:00,0.0,0.0,0.0,0.0,0.0,0.0,0.0
215_CT_4,THERMAL,2020-07-16 00:00:00,0.0,0.0,0.0,0.0,0.0,0.0,0.0
215_CT_5,THERMAL,2020-07-16 00:00:00,0.0,0.0,0.0,0.0,0.0,0.0,0.0
216_STEAM_1,THERMAL,2020-07-16 00:00:00,0.0,0.0,0.0,0.0,0.0,0.0,0.0
218_CC_1,THERMAL,2020-07-16 00:00:00,0.0,0.0,0.0,0.0,0.0,0.0,0.0
221_CC_1,THERMAL,2020-07-16 00:00:00,0.0,0.0,0.0,0.0,0.0,0.0,0.0
223_CT_4,THERMAL,2020-07-16 00:00:00,0.0,0.0,0.0,0.0,0.0,0.0,0.0
223_CT_5,THERMAL,2020-07-16 00:00:00,0.0,0.0,0.0,0.0,0.0,0.0,0.0
223_CT_6,THERMAL,2020-07-16 00:00:00,0.0,0.0,0.0,0.0,0.0,0.0,0.0
223_STEAM_1,THERMAL,2020-07-16 00:00:00,0.0,0.0,0.0,0.0,0.0,0.0,0.0
223_STEAM_2,THERMAL,2020-07-16 00:00:00,0.0,0.0,0.0,0.0,0.0,0.0,0.0
223_STEAM_3,THERMAL,2020-07-16 00:00:00,0.0,0.0,0.0,0.0,0.0,0.0,0.0
301_CT_1,THERMAL,2020-07-16 00:00:00,0.0,0.0,0.0,0.0,0.0,0.0,0.0
301_CT_2,THERMAL,2020-07-16 00:00:00,0.0,0.0,0.0,0.0,0.0,0.0,0.0
301_CT_3,THERMAL,2020-07-16 00:00:00,0.0,0.0,0.0,0.0,0.0,0.0,0.0
301_CT_4,THERMAL,2020-07-16 00:00:00,0.0,0.0,0.0,0.0,0.0,0.0,0.0
302_CT_1,THERMAL,2020-07-16 00:00:00,0.0,0.0,0.0,0.0,0.0,0.0,0.0
302_CT_2,THERMAL,2020-07-16 00:00:00,0.0,0.0,0.0,0.0,0.0,0.0,0.0
302_CT_3,THERMAL,2020-07-16 00:00:00,0.0,0.0,0.0,0.0,0.0,0.0,0.0
302_CT_4,THERMAL,2020-07-16 00:00:00,0.0,0.0,0.0,0.0,0.0,0.0,0.0
303_WIND_1,WIND,2020-07-16 00:00:00,0.0,0.0,0.0,0.0,0.0,0.0,0.0
307_CT_1,THERMAL,2020-07-16 00:00:00,0.0,0.0,0.0,0.0,0.0,0.0,0.0
307_CT_2,THERMAL,2020-07-16 00:00:00,0.0,0.0,0.0,0.0,0.0,0.0,0.0
309_WIND_1,WIND,2020-07-16 00:00:00,0.0,0.0,0.0,0.0,0.0,0.0,0.0
313_CC_1,THERMAL,2020-07-16 00:00:00,0.0,0.0,0.0,0.0,0.0,0.0,0.0
315_CT_6,THERMAL,2020-07-16 00:00:00,0.0,0.0,0.0,0.0,0.0,0.0,0.0
315_CT_7,THERMAL,2020-07-16 00:00:00,0.0,0.0,0.0,0.0,0.0,0.0,0.0
315_CT_8,THERMAL,2020-07-16 00:00:00,0.0,0.0,0.0,0.0,0.0,0.0,0.0
315_STEAM_1,THERMAL,2020-07-16 00:00:00,0.0,0.0,0.0,0.0,0.0,0.0,0.0
315_STEAM_2,THERMAL,2020-07-16 00:00:00,0.0,0.0,0.0,0.0,0.0,0.0,0.0
315_STEAM_3,THERMAL,2020-07-16 00:00:00,0.0,0.0,0.0,0.0,0.0,0.0,0.0
315_STEAM_4,THERMAL,2020-07-16 00:00:00,0.0,0.0,0.0,0.0,0.0,0.0,0.0
315_STEAM_5,THERMAL,2020-07-16 00:00:00,0.0,0.0,0.0,0.0,0.0,0.0,0.0
316_STEAM_1,THERMAL,2020-07-16 00:00:00,0.0,0.0,0.0,0.0,0.0,0.0,0.0
317_WIND_1,WIND,2020-07-16 00:00:00,0.0,0.0,0.0,0.0,0.0,0.0,0.0
318_CC_1,THERMAL,2020-07-16 00:00:00,0.0,0.0,0.0,0.0,0.0,0.0,0.0
321_CC_1,THERMAL,2020-07-16 00:00:00,0.0,0.0,0.0,0.0,0.0,0.0,0.0
322_CT_5,THERMAL,2020-07-16 00:00:00,0.0,0.0,0.0,0.0,0.0,0.0,0.0
322_CT_6,THERMAL,2020-07-16 00:00:00,0.0,0.0,0.0,0.0,0.0,0.0,0.0
323_CC_1,THERMAL,2020-07-16 00:00:00,0.0,0.0,0.0,0.0,0.0,0.0,0.0
323_CC_2,THERMAL,2020-07-16 00:00:00,0.0,0.0,0.0,0.0,0.0,0.0,0.0
101_CT_1,THERMAL,2020-07-16 02:00:00,0.0,0.0,0.0,0.0,0.0,0.0,0.0
101_CT_2,THERMAL,2020-07-16 02:00:00,0.0,0.0,0.0,0.0,0.0,0.0,0.0
101_STEAM_3,THERMAL,2020-07-16 02:00:00,0.0,0.0,0.0,0.0,0.0,0.0,0.0
101_STEAM_4,THERMAL,2020-07-16 02:00:00,0.0,0.0,0.0,0.0,0.0,0.0,0.0
102_CT_1,THERMAL,2020-07-16 02:00:00,0.0,0.0,0.0,0.0,0.0,0.0,0.0
102_CT_2,THERMAL,2020-07-16 02:00:00,0.0,0.0,0.0,0.0,0.0,0.0,0.0
102_STEAM_3,THERMAL,2020-07-16 02:00:00,0.0,0.0,0.0,0.0,0.0,0.0,0.0
102_STEAM_4,THERMAL,2020-07-16 02:00:00,0.0,0.0,0.0,0.0,0.0,0.0,0.0
107_CC_1,THERMAL,2020-07-16 02:00:00,0.0,0.0,0.0,0.0,0.0,0.0,0.0
113_CT_1,THERMAL,2020-07-16 02:00:00,0.0,0.0,0.0,0.0,0.0,0.0,0.0
113_CT_2,THERMAL,2020-07-16 02:00:00,0.0,0.0,0.0,0.0,0.0,0.0,0.0
113_CT_3,THERMAL,2020-07-16 02:00:00,0.0,0.0,0.0,0.0,0.0,0.0,0.0
113_CT_4,THERMAL,2020-07-16 02:00:00,0.0,0.0,0.0,0.0,0.0,0.0,0.0
115_STEAM_1,THERMAL,2020-07-16 02:00:00,0.0,0.0,0.0,0.0,0.0,0.0,0.0
115_STEAM_2,THERMAL,2020-07-16 02:00:00,0.0,0.0,0.0,0.0,0.0,0.0,0.0
115_STEAM_3,THERMAL,2020-07-16 02:00:00,0.0,0.0,0.0,0.0,0.0,0.0,0.0
116_STEAM_1,THERMAL,2020-07-16 02:00:00,0.0,0.0,0.0,0.0,0.0,0.0,0.0
118_CC_1,THERMAL,2020-07-16 02:00:00,0.0,0.0,0.0,0.0,0.0,0.0,0.0
122_WIND_1,WIND,2020-07-16 02:00:00,0.0,0.0,0.0,0.0,0.0,0.0,0.0
123_CT_1,THERMAL,2020-07-16 02:00:00,0.0,0.0,0.0,0.0,0.0,0.0,0.0
123_CT_4,THERMAL,2020-07-16 02:00:00,0.0,0.0,0.0,0.0,0.0,0.0,0.0
123_CT_5,THERMAL,2020-07-16 02:00:00,0.0,0.0,0.0,0.0,0.0,0.0,0.0
123_STEAM_2,THERMAL,2020-07-16 02:00:00,0.0,0.0,0.0,0.0,0.0,0.0,0.0
123_STEAM_3,THERMAL,2020-07-16 02:00:00,0.0,0.0,0.0,0.0,0.0,0.0,0.0
201_CT_1,THERMAL,2020-07-16 02:00:00,0.0,0.0,0.0,0.0,0.0,0.0,0.0
201_CT_2,THERMAL,2020-07-16 02:00:00,0.0,0.0,0.0,0.0,0.0,0.0,0.0
201_STEAM_3,THERMAL,2020-07-16 02:00:00,0.0,0.0,0.0,0.0,0.0,0.0,0.0
202_CT_1,THERMAL,2020-07-16 02:00:00,0.0,0.0,0.0,0.0,0.0,0.0,0.0
202_CT_2,THERMAL,2020-07-16 02:00:00,0.0,0.0,0.0,0.0,0.0,0.0,0.0
202_STEAM_3,THERMAL,2020-07-16 02:00:00,0.0,0.0,0.0,0.0,0.0,0.0,0.0
202_STEAM_4,THERMAL,2020-07-16 02:00:00,0.0,0.0,0.0,0.0,0.0,0.0,0.0
207_CT_1,THERMAL,2020-07-16 02:00:00,0.0,0.0,0.0,0.0,0.0,0.0,0.0
207_CT_2,THERMAL,2020-07-16 02:00:00,0.0,0.0,0.0,0.0,0.0,0.0,0.0
212_CSP_1,THERMAL,2020-07-16 02:00:00,0.0,0.0,0.0,0.0,0.0,0.0,0.0
213_CC_3,THERMAL,2020-07-16 02:00:00,0.0,0.0,0.0,0.0,0.0,0.0,0.0
213_CT_1,THERMAL,2020-07-16 02:00:00,0.0,0.0,0.0,0.0,0.0,0.0,0.0
213_CT_2,THERMAL,2020-07-16 02:00:00,0.0,0.0,0.0,0.0,0.0,0.0,0.0
215_CT_4,THERMAL,2020-07-16 02:00:00,0.0,0.0,0.0,0.0,0.0,0.0,0.0
215_CT_5,THERMAL,2020-07-16 02:00:00,0.0,0.0,0.0,0.0,0.0,0.0,0.0
216_STEAM_1,THERMAL,2020-07-16 02:00:00,0.0,0.0,0.0,0.0,0.0,0.0,0.0
218_CC_1,THERMAL,2020-07-16 02:00:00,0.0,0.0,0.0,0.0,0.0,0.0,0.0
221_CC_1,THERMAL,2020-07-16 02:00:00,0.0,0.0,0.0,0.0,0.0,0.0,0.0
223_CT_4,THERMAL,2020-07-16 02:00:00,0.0,0.0,0.0,0.0,0.0,0.0,0.0
223_CT_5,THERMAL,2020-07-16 02:00:00,0.0,0.0,0.0,0.0,0.0,0.0,0.0
223_CT_6,THERMAL,2020-07-16 02:00:00,0.0,0.0,0.0,0.0,0.0,0.0,0.0
223_STEAM_1,THERMAL,2020-07-16 02:00:00,0.0,0.0,0.0,0.0,0.0,0.0,0.0
223_STEAM_2,THERMAL,2020-07-16 02:00:00,0.0,0.0,0.0,0.0,0.0,0.0,0.0
223_STEAM_3,THERMAL,2020-07-16 02:00:00,0.0,0.0,0.0,0.0,0.0,0.0,0.0
301_CT_1,THERMAL,2020-07-16 02:00:00,0.0,0.0,0.0,0.0,0.0,0.0,0.0
301_CT_2,THERMAL,2020-07-16 02:00:00,0.0,0.0,0.0,0.0,0.0,0.0,0.0
301_CT_3,THERMAL,2020-07-16 02:00:00,0.0,0.0,0.0,0.0,0.0,0.0,0.0
301_CT_4,THERMAL,2020-07-16 02:00:00,0.0,0.0,0.0,0.0,0.0,0.0,0.0
302_CT_1,THERMAL,2020-07-16 02:00:00,0.0,0.0,0.0,0.0,0.0,0.0,0.0
302_CT_2,THERMAL,2020-07-16 02:00:00,0.0,0.0,0.0,0.0,0.0,0.0,0.0
302_CT_3,THERMAL,2020-07-16 02:00:00,0.0,0.0,0.0,0.0,0.0,0.0,0.0
302_CT_4,THERMAL,2020-07-16 02:00:00,0.0,0.0,0.0,0.0,0.0,0.0,0.0
303_WIND_1,WIND,2020-07-16 02:00:00,0.0,0.0,0.0,0.0,0.0,0.0,0.0
307_CT_1,THERMAL,2020-07-16 02:00:00,0.0,0.0,0.0,0.0,0.0,0.0,0.0
307_CT_2,THERMAL,2020-07-16 02:00:00,0.0,0.0,0.0,0.0,0.0,0.0,0.0
309_WIND_1,WIND,2020-07-16 02:00:00,0.0,0.0,0.0,0.0,0.0,0.0,0.0
313_CC_1,THERMAL,2020-07-16 02:00:00,0.0,0.0,0.0,0.0,0.0,0.0,0.0
315_CT_6,THERMAL,2020-07-16 02:00:00,0.0,0.0,0.0,0.0,0.0,0.0,0.0
315_CT_7,THERMAL,2020-07-16 02:00:00,0.0,0.0,0.0,0.0,0.0,0.0,0.0
315_CT_8,THERMAL,2020-07-16 02:00:00,0.0,0.0,0.0,0.0,0.0,0.0,0.0
315_STEAM_1,THERMAL,2020-07-16 02:00:00,0.0,0.0,0.0,0.0,0.0,0.0,0.0
315_STEAM_2,THERMAL,2020-07-16 02:00:00,0.0,0.0,0.0,0.0,0.0,0.0,0.0
315_STEAM_3,THERMAL,2020-07-16 02:00:00,0.0,0.0,0.0,0.0,0.0,0.0,0.0
315_STEAM_4,THERMAL,2020-07-16 02:00:00,0.0,0.0,0.0,0.0,0.0,0.0,0.0
315_STEAM_5,THERMAL,2020-07-16 02:00:00,0.0,0.0,0.0,0.0,0.0,0.0,0.0
316_STEAM_1,THERMAL,2020-07-16 02:00:00,0.0,0.0,0.0,0.0,0.0,0.0,0.0
317_WIND_1,WIND,2020-07-16 02:00:00,0.0,0.0,0.0,0.0,0.0,0.0,0.0
318_CC_1,THERMAL,2020-07-16 02:00:00,0.0,0.0,0.0,0.0,0.0,0.0,0.0
321_CC_1,THERMAL,2020-07-16 02:00:00,0.0,0.0,0.0,0.0,0.0,0.0,0.0
322_CT_5,THERMAL,2020-07-16 02:00:00,0.0,0.0,0.0,0.0,0.0,0.0,0.0
322_CT_6,THERMAL,2020-07-16 02:00:00,0.0,0.0,0.0,0.0,0.0,0.0,0.0
323_CC_1,THERMAL,2020-07-16 02:00:00,0.0,0.0,0.0,0.0,0.0,0.0,0.0
323_CC_2,THERMAL,2020-07-16 02:00:00,0.0,0.0,0.0,0.0,0.0,0.0,0.0
101_CT_1,THERMAL,2020-07-16 04:00:00,0.0,0.0,0.0,0.0,0.0,0.0,0.0
101_CT_2,THERMAL,2020-07-16 04:00:00,0.0,0.0,0.0,0.0,0.0,0.0,0.0
101_STEAM_3,THERMAL,2020-07-16 04:00:00,0.0,0.0,0.0,0.0,0.0,0.0,0.0
101_STEAM_4,THERMAL,2020-07-16 04:00:00,0.0,0.0,0.0,0.0,0.0,0.0,0.0
102_CT_1,THERMAL,2020-07-16 04:00:00,0.0,0.0,0.0,0.0,0.0,0.0,0.0
102_CT_2,THERMAL,2020-07-16 04:00:00,0.0,0.0,0.0,0.0,0.0,0.0,0.0
102_STEAM_3,THERMAL,2020-07-16 04:00:00,0.0,0.0,0.0,0.0,0.0,0.0,0.0
102_STEAM_4,THERMAL,2020-07-16 04:00:00,0.0,0.0,0.0,0.0,0.0,0.0,0.0
107_CC_1,THERMAL,2020-07-16 04:00:00,0.0,0.0,0.0,0.0,0.0,0.0,0.0
113_CT_1,THERMAL,2020-07-16 04:00:00,0.0,0.0,0.0,0.0,0.0,0.0,0.0
113_CT_2,THERMAL,2020-07-16 04:00:00,0.0,0.0,0.0,0.0,0.0,0.0,0.0
113_CT_3,THERMAL,2020-07-16 04:00:00,0.0,0.0,0.0,0.0,0.0,0.0,0.0
113_CT_4,THERMAL,2020-07-16 04:00:00,0.0,0.0,0.0,0.0,0.0,0.0,0.0
115_STEAM_1,THERMAL,2020-07-16 04:00:00,0.0,0.0,0.0,0.0,0.0,0.0,0.0
115_STEAM_2,THERMAL,2020-07-16 04:00:00,0.0,0.0,0.0,0.0,0.0,0.0,0.0
115_STEAM_3,THERMAL,2020-07-16 04:00:00,0.0,0.0,0.0,0.0,0.0,0.0,0.0
116_STEAM_1,THERMAL,2020-07-16 04:00:00,0.0,0.0,0.0,0.0,0.0,0.0,0.0
118_CC_1,THERMAL,2020-07-16 04:00:00,0.0,0.0,0.0,0.0,0.0,0.0,0.0
122_WIND_1,WIND,2020-07-16 04:00:00,0.0,0.0,0.0,0.0,0.0,0.0,0.0
123_CT_1,THERMAL,2020-07-16 04:00:00,0.0,0.0,0.0,0.0,0.0,0.0,0.0
123_CT_4,THERMAL,2020-07-16 04:00:00,0.0,0.0,0.0,0.0,0.0,0.0,0.0
123_CT_5,THERMAL,2020-07-16 04:00:00,0.0,0.0,0.0,0.0,0.0,0.0,0.0
123_STEAM_2,THERMAL,2020-07-16 04:00:00,0.0,0.0,0.0,0.0,0.0,0.0,0.0
123_STEAM_3,THERMAL,2020-07-16 04:00:00,0.0,0.0,0.0,0.0,0.0,0.0,0.0
201_CT_1,THERMAL,2020-07-16 04:00:00,0.0,0.0,0.0,0.0,0.0,0.0,0.0
201_CT_2,THERMAL,2020-07-16 04:00:00,0.0,0.0,0.0,0.0,0.0,0.0,0.0
201_STEAM_3,THERMAL,2020-07-16 04:00:00,0.0,0.0,0.0,0.0,0.0,0.0,0.0
202_CT_1,THERMAL,2020-07-16 04:00:00,0.0,0.0,0.0,0.0,0.0,0.0,0.0
202_CT_2,THERMAL,2020-07-16 04:00:00,0.0,0.0,0.0,0.0,0.0,0.0,0.0
202_STEAM_3,THERMAL,2020-07-16 04:00:00,0.0,0.0,0.0,0.0,0.0,0.0,0.0
202_STEAM_4,THERMAL,2020-07-16 04:00:00,0.0,0.0,0.0,0.0,0.0,0.0,0.0
207_CT_1,THERMAL,2020-07-16 04:00:00,0.0,0.0,0.0,0.0,0.0,0.0,0.0
207_CT_2,THERMAL,2020-07-16 04:00:00,0.0,0.0,0.0,0.0,0.0,0.0,0.0
212_CSP_1,THERMAL,2020-07-16 04:00:00,0.0,0.0,0.0,0.0,0.0,0.0,0.0
213_CC_3,THERMAL,2020-07-16 04:00:00,0.0,0.0,0.0,0.0,0.0,0.0,0.0
213_CT_1,THERMAL,2020-07-16 04:00:00,0.0,0.0,0.0,0.0,0.0,0.0,0.0
213_CT_2,THERMAL,2020-07-16 04:00:00,0.0,0.0,0.0,0.0,0.0,0.0,0.0
215_CT_4,THERMAL,2020-07-16 04:00:00,0.0,0.0,0.0,0.0,0.0,0.0,0.0
215_CT_5,THERMAL,2020-07-16 04:00:00,0.0,0.0,0.0,0.0,0.0,0.0,0.0
216_STEAM_1,THERMAL,2020-07-16 04:00:00,0.0,0.0,0.0,0.0,0.0,0.0,0.0
218_CC_1,THERMAL,2020-07-16 04:00:00,0.0,0.0,0.0,0.0,0.0,0.0,0.0
221_CC_1,THERMAL,2020-07-16 04:00:00,0.0,0.0,0.0,0.0,0.0,0.0,0.0
223_CT_4,THERMAL,2020-07-16 04:00:00,0.0,0.0,0.0,0.0,0.0,0.0,0.0
223_CT_5,THERMAL,2020-07-16 04:00:00,0.0,0.0,0.0,0.0,0.0,0.0,0.0
223_CT_6,THERMAL,2020-07-16 04:00:00,0.0,0.0,0.0,0.0,0.0,0.0,0.0
223_STEAM_1,THERMAL,2020-07-16 04:00:00,0.0,0.0,0.0,0.0,0.0,0.0,0.0
223_STEAM_2,THERMAL,2020-07-16 04:00:00,0.0,0.0,0.0,0.0,0.0,0.0,0.0
223_STEAM_3,THERMAL,2020-07-16 04:00:00,0.0,0.0,0.0,0.0,0.0,0.0,0.0
301_CT_1,THERMAL,2020-07-16 04:00:00,0.0,0.0,0.0,0.0,0.0,0.0,0.0
301_CT_2,THERMAL,2020-07-16 04:00:00,0.0,0.0,0.0,0.0,0.0,0.0,0.0
301_CT_3,THERMAL,2020-07-16 04:00:00,0.0,0.0,0.0,0.0,0.0,0.0,0.0
301_CT_4,THERMAL,2020-07-16 04:00:00,0.0,0.0,0.0,0.0,0.0,0.0,0.0
302_CT_1,THERMAL,2020-07-16 04:00:00,0.0,0.0,0.0,0.0,0.0,0.0,0.0
302_CT_2,THERMAL,2020-07-16 04:00:00,0.0,0.0,0.0,0.0,0.0,0.0,0.0
302_CT_3,THERMAL,2020-07-16 04:00:00,0.0,0.0,0.0,0.0,0.0,0.0,0.0
302_CT_4,THERMAL,2020-07-16 04:00:00,0.0,0.0,0.0,0.0,0.0,0.0,0.0
303_WIND_1,WIND,2020-07-16 04:00:00,0.0,0.0,0.0,0.0,0.0,0.0,0.0
307_CT_1,THERMAL,2020-07-16 04:00:00,0.0,0.0,0.0,0.0,0.0,0.0,0.0
307_CT_2,THERMAL,2020-07-16 04:00:00,0.0,0.0,0.0,0.0,0.0,0.0,0.0
309_WIND_1,WIND,2020-07-16 04:00:00,0.0,0.0,0.0,0.0,0.0,0.0,0.0
313_CC_1,THERMAL,2020-07-16 04:00:00,0.0,0.0,0.0,0.0,0.0,0.0,0.0
315_CT_6,THERMAL,2020-07-16 04:00:00,0.0,0.0,0.0,0.0,0.0,0.0,0.0
315_CT_7,THERMAL,2020-07-16 04:00:00,0.0,0.0,0.0,0.0,0.0,0.0,0.0
315_CT_8,THERMAL,2020-07-16 04:00:00,0.0,0.0,0.0,0.0,0.0,0.0,0.0
315_STEAM_1,THERMAL,2020-07-16 04:00:00,0.0,0.0,0.0,0.0,0.0,0.0,0.0
315_STEAM_2,THERMAL,2020-07-16 04:00:00,0.0,0.0,0.0,0.0,0.0,0.0,0.0
315_STEAM_3,THERMAL,2020-07-16 04:00:00,0.0,0.0,0.0,0.0,0.0,0.0,0.0
315_STEAM_4,THERMAL,2020-07-16 04:00:00,0.0,0.0,0.0,0.0,0.0,0.0,0.0
315_STEAM_5,THERMAL,2020-07-16 04:00:00,0.0,0.0,0.0,0.0,0.0,0.0,0.0
316_STEAM_1,THERMAL,2020-07-16 04:00:00,0.0,0.0,0.0,0.0,0.0,0.0,0.0
317_WIND_1,WIND,2020-07-16 04:00:00,0.0,0.0,0.0,0.0,0.0,0.0,0.0
318_CC_1,THERMAL,2020-07-16 04:00:00,0.0,0.0,0.0,0.0,0.0,0.0,0.0
321_CC_1,THERMAL,2020-07-16 04:00:00,0.0,0.0,0.0,0.0,0.0,0.0,0.0
322_CT_5,THERMAL,2020-07-16 04:00:00,0.0,0.0,0.0,0.0,0.0,0.0,0.0
322_CT_6,THERMAL,2020-07-16 04:00:00,0.0,0.0,0.0,0.0,0.0,0.0,0.0
323_CC_1,THERMAL,2020-07-16 04:00:00,0.0,0.0,0.0,0.0,0.0,0.0,0.0
323_CC_2,THERMAL,2020-07-16 04:00:00,0.0,0.0,0.0,0.0,0.0,0.0,0.0
101_CT_1,THERMAL,2020-07-16 06:00:00,0.0,0.0,0.0,0.0,0.0,0.0,0.0
101_CT_2,THERMAL,2020-07-16 06:00:00,0.0,0.0,0.0,0.0,0.0,0.0,0.0
101_STEAM_3,THERMAL,2020-07-16 06:00:00,0.0,0.0,0.0,0.0,0.0,0.0,0.0
101_STEAM_4,THERMAL,2020-07-16 06:00:00,0.0,0.0,0.0,0.0,0.0,0.0,0.0
102_CT_1,THERMAL,2020-07-16 06:00:00,0.0,0.0,0.0,0.0,0.0,0.0,0.0
102_CT_2,THERMAL,2020-07-16 06:00:00,0.0,0.0,0.0,0.0,0.0,0.0,0.0
102_STEAM_3,THERMAL,2020-07-16 06:00:00,0.0,0.0,0.0,0.0,0.0,0.0,0.0
102_STEAM_4,THERMAL,2020-07-16 06:00:00,0.0,0.0,0.0,0.0,0.0,0.0,0.0
107_CC_1,THERMAL,2020-07-16 06:00:00,0.0,0.0,0.0,0.0,0.0,0.0,0.0
113_CT_1,THERMAL,2020-07-16 06:00:00,0.0,0.0,0.0,0.0,0.0,0.0,0.0
113_CT_2,THERMAL,2020-07-16 06:00:00,0.0,0.0,0.0,0.0,0.0,0.0,0.0
113_CT_3,THERMAL,2020-07-16 06:00:00,0.0,0.0,0.0,0.0,0.0,0.0,0.0
113_CT_4,THERMAL,2020-07-16 06:00:00,0.0,0.0,0.0,0.0,0.0,0.0,0.0
115_STEAM_1,THERMAL,2020-07-16 06:00:00,0.0,0.0,0.0,0.0,0.0,0.0,0.0
115_STEAM_2,THERMAL,2020-07-16 06:00:00,0.0,0.0,0.0,0.0,0.0,0.0,0.0
115_STEAM_3,THERMAL,2020-07-16 06:00:00,0.0,0.0,0.0,0.0,0.0,0.0,0.0
116_STEAM_1,THERMAL,2020-07-16 06:00:00,0.0,0.0,0.0,0.0,0.0,0.0,0.0
118_CC_1,THERMAL,2020-07-16 06:00:00,0.0,0.0,0.0,0.0,0.0,0.0,0.0
122_WIND_1,WIND,2020-07-16 06:00:00,0.0,0.0,0.0,0.0,0.0,0.0,0.0
123_CT_1,THERMAL,2020-07-16 06:00:00,0.0,0.0,0.0,0.0,0.0,0.0,0.0
123_CT_4,THERMAL,2020-07-16 06:00:00,0.0,0.0,0.0,0.0,0.0,0.0,0.0
123_CT_5,THERMAL,2020-07-16 06:00:00,0.0,0.0,0.0,0.0,0.0,0.0,0.0
123_STEAM_2,THERMAL,2020-07-16 06:00:00,0.0,0.0,0.0,0.0,0.0,0.0,0.0
123_STEAM_3,THERMAL,2020-07-16 06:00:00,0.0,0.0,0.0,0.0,0.0,0.0,0.0
201_CT_1,THERMAL,2020-07-16 06:00:00,0.0,0.0,0.0,0.0,0.0,0.0,0.0
201_CT_2,THERMAL,2020-07-16 06:00:00,0.0,0.0,0.0,0.0,0.0,0.0,0.0
201_STEAM_3,THERMAL,2020-07-16 06:00:00,0.0,0.0,0.0,0.0,0.0,0.0,0.0
202_CT_1,THERMAL,2020-07-16 06:00:00,0.0,0.0,0.0,0.0,0.0,0.0,0.0
202_CT_2,THERMAL,2020-07-16 06:00:00,0.0,0.0,0.0,0.0,0.0,0.0,0.0
202_STEAM_3,THERMAL,2020-07-16 06:00:00,0.0,0.0,0.0,0.0,0.0,0.0,0.0
202_STEAM_4,THERMAL,2020-07-16 06:00:00,0.0,0.0,0.0,0.0,0.0,0.0,0.0
207_CT_1,THERMAL,2020-07-16 06:00:00,0.0,0.0,0.0,0.0,0.0,0.0,0.0
207_CT_2,THERMAL,2020-07-16 06:00:00,0.0,0.0,0.0,0.0,0.0,0.0,0.0
212_CSP_1,THERMAL,2020-07-16 06:00:00,0.0,0.0,0.0,0.0,0.0,0.0,0.0
213_CC_3,THERMAL,2020-07-16 06:00:00,0.0,0.0,0.0,0.0,0.0,0.0,0.0
213_CT_1,THERMAL,2020-07-16 06:00:00,0.0,0.0,0.0,0.0,0.0,0.0,0.0
213_CT_2,THERMAL,2020-07-16 06:00:00,0.0,0.0,0.0,0.0,0.0,0.0,0.0
215_CT_4,THERMAL,2020-07-16 06:00:00,0.0,0.0,0.0,0.0,0.0,0.0,0.0
215_CT_5,THERMAL,2020-07-16 06:00:00,0.0,0.0,0.0,0.0,0.0,0.0,0.0
216_STEAM_1,THERMAL,2020-07-16 06:00:00,0.0,0.0,0.0,0.0,0.0,0.0,0.0
218_CC_1,THERMAL,2020-07-16 06:00:00,0.0,0.0,0.0,0.0,0.0,0.0,0.0
221_CC_1,THERMAL,2020-07-16 06:00:00,0.0,0.0,0.0,0.0,0.0,0.0,0.0
223_CT_4,THERMAL,2020-07-16 06:00:00,0.0,0.0,0.0,0.0,0.0,0.0,0.0
223_CT_5,THERMAL,2020-07-16 06:00:00,0.0,0.0,0.0,0.0,0.0,0.0,0.0
223_CT_6,THERMAL,2020-07-16 06:00:00,0.0,0.0,0.0,0.0,0.0,0.0,0.0
223_STEAM_1,THERMAL,2020-07-16 06:00:00,0.0,0.0,0.0,0.0,0.0,0.0,0.0
223_STEAM_2,THERMAL,2020-07-16 06:00:00,0.0,0.0,0.0,0.0,0.0,0.0,0.0
223_STEAM_3,THERMAL,2020-07-16 06:00:00,0.0,0.0,0.0,0.0,0.0,0.0,0.0
301_CT_1,THERMAL,2020-07-16 06:00:00,0.0,0.0,0.0,0.0,0.0,0.0,0.0
301_CT_2,THERMAL,2020-07-16 06:00:00,0.0,0.0,0.0,0.0,0.0,0.0,0.0
301_CT_3,THERMAL,2020-07-16 06:00:00,0.0,0.0,0.0,0.0,0.0,0.0,0.0
301_CT_4,THERMAL,2020-07-16 06:00:00,0.0,0.0,0.0,0.0,0.0,0.0,0.0
302_CT_1,THERMAL,2020-07-16 06:00:00,0.0,0.0,0.0,0.0,0.0,0.0,0.0
302_CT_2,THERMAL,2020-07-16 06:00:00,0.0,0.0,0.0,0.0,0.0,0.0,0.0
302_CT_3,THERMAL,2020-07-16 06:00:00,0.0,0.0,0.0,0.0,0.0,0.0,0.0
302_CT_4,THERMAL,2020-07-16 06:00:00,0.0,0.0,0.0,0.0,0.0,0.0,0.0
303_WIND_1,WIND,2020-07-16 06:00:00,0.0,0.0,0.0,0.0,0.0,0.0,0.0
307_CT_1,THERMAL,2020-07-16 06:00:00,0.0,0.0,0.0,0.0,0.0,0.0,0.0
307_CT_2,THERMAL,2020-07-16 06:00:00,0.0,0.0,0.0,0.0,0.0,0.0,0.0
309_WIND_1,WIND,2020-07-16 06:00:00,0.0,0.0,0.0,0.0,0.0,0.0,0.0
313_CC_1,THERMAL,2020-07-16 06:00:00,0.0,0.0,0.0,0.0,0.0,0.0,0.0
315_CT_6,THERMAL,2020-07-16 06:00:00,0.0,0.0,0.0,0.0,0.0,0.0,0.0
315_CT_7,THERMAL,2020-07-16 06:00:00,0.0,0.0,0.0,0.0,0.0,0.0,0.0
315_CT_8,THERMAL,2020-07-16 06:00:00,0.0,0.0,0.0,0.0,0.0,0.0,0.0
315_STEAM_1,THERMAL,2020-07-16 06:00:00,0.0,0.0,0.0,0.0,0.0,0.0,0.0
315_STEAM_2,THERMAL,2020-07-16 06:00:00,0.0,0.0,0.0,0.0,0.0,0.0,0.0
315_STEAM_3,THERMAL,2020-07-16 06:00:00,0.0,0.0,0.0,0.0,0.0,0.0,0.0
315_STEAM_4,THERMAL,2020-07-16 06:00:00,0.0,0.0,0.0,0.0,0.0,0.0,0.0
315_STEAM_5,THERMAL,2020-07-16 06:00:00,0.0,0.0,0.0,0.0,0.0,0.0,0.0
316_STEAM_1,THERMAL,2020-07-16 06:00:00,0.0,0.0,0.0,0.0,0.0,0.0,0.0
317_WIND_1,WIND,2020-07-16 06:00:00,0.0,0.0,0.0,0.0,0.0,0.0,0.0
318_CC_1,THERMAL,2020-07-16 06:00:00,0.0,0.0,0.0,0.0,0.0,0.0,0.0
321_CC_1,THERMAL,2020-07-16 06:00:00,0.0,0.0,0.0,0.0,0.0,0.0,0.0
322_CT_5,THERMAL,2020-07-16 06:00:00,0.0,0.0,0.0,0.0,0.0,0.0,0.0
322_CT_6,THERMAL,2020-07-16 06:00:00,0.0,0.0,0.0,0.0,0.0,0.0,0.0
323_CC_1,THERMAL,2020-07-16 06:00:00,0.0,0.0,0.0,0.0,0.0,0.0,0.0
323_CC_2,THERMAL,2020-07-16 06:00:00,0.0,0.0,0.0,0.0,0.0,0.0,0.0
101_CT_1,THERMAL,2020-07-16 08:00:00,0.0,0.0,0.0,0.0,0.0,0.0,0.0
101_CT_2,THERMAL,2020-07-16 08:00:00,0.0,0.0,0.0,0.0,0.0,0.0,0.0
101_STEAM_3,THERMAL,2020-07-16 08:00:00,0.0,0.0,0.0,0.0,0.0,0.0,0.0
101_STEAM_4,THERMAL,2020-07-16 08:00:00,0.0,0.0,0.0,0.0,0.0,0.0,0.0
102_CT_1,THERMAL,2020-07-16 08:00:00,0.0,0.0,0.0,0.0,0.0,0.0,0.0
102_CT_2,THERMAL,2020-07-16 08:00:00,0.0,0.0,0.0,0.0,0.0,0.0,0.0
102_STEAM_3,THERMAL,2020-07-16 08:00:00,0.0,0.0,0.0,0.0,0.0,0.0,0.0
102_STEAM_4,THERMAL,2020-07-16 08:00:00,0.0,0.0,0.0,0.0,0.0,0.0,0.0
107_CC_1,THERMAL,2020-07-16 08:00:00,0.0,0.0,0.0,0.0,0.0,0.0,0.0
113_CT_1,THERMAL,2020-07-16 08:00:00,0.0,0.0,0.0,0.0,0.0,0.0,0.0
113_CT_2,THERMAL,2020-07-16 08:00:00,0.0,0.0,0.0,0.0,0.0,0.0,0.0
113_CT_3,THERMAL,2020-07-16 08:00:00,0.0,0.0,0.0,0.0,0.0,0.0,0.0
113_CT_4,THERMAL,2020-07-16 08:00:00,0.0,0.0,0.0,0.0,0.0,0.0,0.0
115_STEAM_1,THERMAL,2020-07-16 08:00:00,0.0,0.0,0.0,0.0,0.0,0.0,0.0
115_STEAM_2,THERMAL,2020-07-16 08:00:00,0.0,0.0,0.0,0.0,0.0,0.0,0.0
115_STEAM_3,THERMAL,2020-07-16 08:00:00,0.0,0.0,0.0,0.0,0.0,0.0,0.0
116_STEAM_1,THERMAL,2020-07-16 08:00:00,0.0,0.0,0.0,0.0,0.0,0.0,0.0
118_CC_1,THERMAL,2020-07-16 08:00:00,0.0,0.0,0.0,0.0,0.0,0.0,0.0
122_WIND_1,WIND,2020-07-16 08:00:00,0.0,0.0,0.0,0.0,0.0,0.0,0.0
123_CT_1,THERMAL,2020-07-16 08:00:00,0.0,0.0,0.0,0.0,0.0,0.0,0.0
123_CT_4,THERMAL,2020-07-16 08:00:00,0.0,0.0,0.0,0.0,0.0,0.0,0.0
123_CT_5,THERMAL,2020-07-16 08:00:00,0.0,0.0,0.0,0.0,0.0,0.0,0.0
123_STEAM_2,THERMAL,2020-07-16 08:00:00,0.0,0.0,0.0,0.0,0.0,0.0,0.0
123_STEAM_3,THERMAL,2020-07-16 08:00:00,0.0,0.0,0.0,0.0,0.0,0.0,0.0
201_CT_1,THERMAL,2020-07-16 08:00:00,0.0,0.0,0.0,0.0,0.0,0.0,0.0
201_CT_2,THERMAL,2020-07-16 08:00:00,0.0,0.0,0.0,0.0,0.0,0.0,0.0
201_STEAM_3,THERMAL,2020-07-16 08:00:00,0.0,0.0,0.0,0.0,0.0,0.0,0.0
202_CT_1,THERMAL,2020-07-16 08:00:00,0.0,0.0,0.0,0.0,0.0,0.0,0.0
202_CT_2,THERMAL,2020-07-16 08:00:00,0.0,0.0,0.0,0.0,0.0,0.0,0.0
202_STEAM_3,THERMAL,2020-07-16 08:00:00,0.0,0.0,0.0,0.0,0.0,0.0,0.0
202_STEAM_4,THERMAL,2020-07-16 08:00:00,0.0,0.0,0.0,0.0,0.0,0.0,0.0
207_CT_1,THERMAL,2020-07-16 08:00:00,0.0,0.0,0.0,0.0,0.0,0.0,0.0
207_CT_2,THERMAL,2020-07-16 08:00:00,0.0,0.0,0.0,0.0,0.0,0.0,0.0
212_CSP_1,THERMAL,2020-07-16 08:00:00,0.0,0.0,0.0,0.0,0.0,0.0,0.0
213_CC_3,THERMAL,2020-07-16 08:00:00,0.0,0.0,0.0,0.0,0.0,0.0,0.0
213_CT_1,THERMAL,2020-07-16 08:00:00,0.0,0.0,0.0,0.0,0.0,0.0,0.0
213_CT_2,THERMAL,2020-07-16 08:00:00,0.0,0.0,0.0,0.0,0.0,0.0,0.0
215_CT_4,THERMAL,2020-07-16 08:00:00,0.0,0.0,0.0,0.0,0.0,0.0,0.0
215_CT_5,THERMAL,2020-07-16 08:00:00,0.0,0.0,0.0,0.0,0.0,0.0,0.0
216_STEAM_1,THERMAL,2020-07-16 08:00:00,0.0,0.0,0.0,0.0,0.0,0.0,0.0
218_CC_1,THERMAL,2020-07-16 08:00:00,0.0,0.0,0.0,0.0,0.0,0.0,0.0
221_CC_1,THERMAL,2020-07-16 08:00:00,0.0,0.0,0.0,0.0,0.0,0.0,0.0
223_CT_4,THERMAL,2020-07-16 08:00:00,0.0,0.0,0.0,0.0,0.0,0.0,0.0
223_CT_5,THERMAL,2020-07-16 08:00:00,0.0,0.0,0.0,0.0,0.0,0.0,0.0
223_CT_6,THERMAL,2020-07-16 08:00:00,0.0,0.0,0.0,0.0,0.0,0.0,0.0
223_STEAM_1,THERMAL,2020-07-16 08:00:00,0.0,0.0,0.0,0.0,0.0,0.0,0.0
223_STEAM_2,THERMAL,2020-07-16 08:00:00,0.0,0.0,0.0,0.0,0.0,0.0,0.0
223_STEAM_3,THERMAL,2020-07-16 08:00:00,0.0,0.0,0.0,0.0,0.0,0.0,0.0
301_CT_1,THERMAL,2020-07-16 08:00:00,0.0,0.0,0.0,0.0,0.0,0.0,0.0
301_CT_2,THERMAL,2020-07-16 08:00:00,0.0,0.0,0.0,0.0,0.0,0.0,0.0
301_CT_3,THERMAL,2020-07-16 08:00:00,0.0,0.0,0.0,0.0,0.0,0.0,0.0
301_CT_4,THERMAL,2020-07-16 08:00:00,0.0,0.0,0.0,0.0,0.0,0.0,0.0
302_CT_1,THERMAL,2020-07-16 08:00:00,0.0,0.0,0.0,0.0,0.0,0.0,0.0
302_CT_2,THERMAL,2020-07-16 08:00:00,0.0,0.0,0.0,0.0,0.0,0.0,0.0
302_CT_3,THERMAL,2020-07-16 08:00:00,0.0,0.0,0.0,0.0,0.0,0.0,0.0
302_CT_4,THERMAL,2020-07-16 08:00:00,0.0,0.0,0.0,0.0,0.0,0.0,0.0
303_WIND_1,WIND,2020-07-16 08:00:00,0.0,0.0,0.0,0.0,0.0,0.0,0.0
307_CT_1,THERMAL,2020-07-16 08:00:00,0.0,0.0,0.0,0.0,0.0,0.0,0.0
307_CT_2,THERMAL,2020-07-16 08:00:00,0.0,0.0,0.0,0.0,0.0,0.0,0.0
309_WIND_1,WIND,2020-07-16 08:00:00,0.0,0.0,0.0,0.0,0.0,0.0,0.0
313_CC_1,THERMAL,2020-07-16 08:00:00,0.0,0.0,0.0,0.0,0.0,0.0,0.0
315_CT_6,THERMAL,2020-07-16 08:00:00,0.0,0.0,0.0,0.0,0.0,0.0,0.0
315_CT_7,THERMAL,2020-07-16 08:00:00,0.0,0.0,0.0,0.0,0.0,0.0,0.0
315_CT_8,THERMAL,2020-07-16 08:00:00,0.0,0.0,0.0,0.0,0.0,0.0,0.0
315_STEAM_1,THERMAL,2020-07-16 08:00:00,0.0,0.0,0.0,0.0,0.0,0.0,0.0
315_STEAM_2,THERMAL,2020-07-16 08:00:00,0.0,0.0,0.0,0.0,0.0,0.0,0.0
315_STEAM_3,THERMAL,2020-07-16 08:00:00,0.0,0.0,0.0,0.0,0.0,0.0,0.0
315_STEAM_4,THERMAL,2020-07-16 08:00:00,0.0,0.0,0.0,0.0,0.0,0.0,0.0
315_STEAM_5,THERMAL,2020-07-16 08:00:00,0.0,0.0,0.0,0.0,0.0,0.0,0.0
316_STEAM_1,THERMAL,2020-07-16 08:00:00,0.0,0.0,0.0,0.0,0.0,0.0,0.0
317_WIND_1,WIND,2020-07-16 08:00:00,0.0,0.0,0.0,0.0,0.0,0.0,0.0
318_CC_1,THERMAL,2020-07-16 08:00:00,0.0,0.0,0.0,0.0,0.0,0.0,0.0
321_CC_1,THERMAL,2020-07-16 08:00:00,0.0,0.0,0.0,0.0,0.0,0.0,0.0
322_CT_5,THERMAL,2020-07-16 08:00:00,0.0,0.0,0.0,0.0,0.0,0.0,0.0
322_CT_6,THERMAL,2020-07-16 08:00:00,0.0,0.0,0.0,0.0,0.0,0.0,0.0
323_CC_1,THERMAL,2020-07-16 08:00:00,0.0,0.0,0.0,0.0,0.0,0.0,0.0
323_CC_2,THERMAL,2020-07-16 08:00:00,0.0,0.0,0.0,0.0,0.0,0.0,0.0
101_CT_1,THERMAL,2020-07-16 10:00:00,0.0,0.0,0.0,0.0,0.0,0.0,0.0
101_CT_2,THERMAL,2020-07-16 10:00:00,0.0,0.0,0.0,0.0,0.0,0.0,0.0
101_STEAM_3,THERMAL,2020-07-16 10:00:00,0.0,0.0,0.0,0.0,0.0,0.0,0.0
101_STEAM_4,THERMAL,2020-07-16 10:00:00,0.0,0.0,0.0,0.0,0.0,0.0,0.0
102_CT_1,THERMAL,2020-07-16 10:00:00,0.0,0.0,0.0,0.0,0.0,0.0,0.0
102_CT_2,THERMAL,2020-07-16 10:00:00,0.0,0.0,0.0,0.0,0.0,0.0,0.0
102_STEAM_3,THERMAL,2020-07-16 10:00:00,0.0,0.0,0.0,0.0,0.0,0.0,0.0
102_STEAM_4,THERMAL,2020-07-16 10:00:00,0.0,0.0,0.0,0.0,0.0,0.0,0.0
107_CC_1,THERMAL,2020-07-16 10:00:00,0.0,0.0,0.0,0.0,0.0,0.0,0.0
113_CT_1,THERMAL,2020-07-16 10:00:00,0.0,0.0,0.0,0.0,0.0,0.0,0.0
113_CT_2,THERMAL,2020-07-16 10:00:00,0.0,0.0,0.0,0.0,0.0,0.0,0.0
113_CT_3,THERMAL,2020-07-16 10:00:00,0.0,0.0,0.0,0.0,0.0,0.0,0.0
113_CT_4,THERMAL,2020-07-16 10:00:00,0.0,0.0,0.0,0.0,0.0,0.0,0.0
115_STEAM_1,THERMAL,2020-07-16 10:00:00,0.0,0.0,0.0,0.0,0.0,0.0,0.0
115_STEAM_2,THERMAL,2020-07-16 10:00:00,0.0,0.0,0.0,0.0,0.0,0.0,0.0
115_STEAM_3,THERMAL,2020-07-16 10:00:00,0.0,0.0,0.0,0.0,0.0,0.0,0.0
116_STEAM_1,THERMAL,2020-07-16 10:00:00,0.0,0.0,0.0,0.0,0.0,0.0,0.0
118_CC_1,THERMAL,2020-07-16 10:00:00,0.0,0.0,0.0,0.0,0.0,0.0,0.0
122_WIND_1,WIND,2020-07-16 10:00:00,0.0,0.0,0.0,0.0,0.0,0.0,0.0
123_CT_1,THERMAL,2020-07-16 10:00:00,0.0,0.0,0.0,0.0,0.0,0.0,0.0
123_CT_4,THERMAL,2020-07-16 10:00:00,0.0,0.0,0.0,0.0,0.0,0.0,0.0
123_CT_5,THERMAL,2020-07-16 10:00:00,0.0,0.0,0.0,0.0,0.0,0.0,0.0
123_STEAM_2,THERMAL,2020-07-16 10:00:00,0.0,0.0,0.0,0.0,0.0,0.0,0.0
123_STEAM_3,THERMAL,2020-07-16 10:00:00,0.0,0.0,0.0,0.0,0.0,0.0,0.0
201_CT_1,THERMAL,2020-07-16 10:00:00,0.0,0.0,0.0,0.0,0.0,0.0,0.0
201_CT_2,THERMAL,2020-07-16 10:00:00,0.0,0.0,0.0,0.0,0.0,0.0,0.0
201_STEAM_3,THERMAL,2020-07-16 10:00:00,0.0,0.0,0.0,0.0,0.0,0.0,0.0
202_CT_1,THERMAL,2020-07-16 10:00:00,0.0,0.0,0.0,0.0,0.0,0.0,0.0
202_CT_2,THERMAL,2020-07-16 10:00:00,0.0,0.0,0.0,0.0,0.0,0.0,0.0
202_STEAM_3,THERMAL,2020-07-16 10:00:00,0.0,0.0,0.0,0.0,0.0,0.0,0.0
202_STEAM_4,THERMAL,2020-07-16 10:00:00,0.0,0.0,0.0,0.0,0.0,0.0,0.0
207_CT_1,THERMAL,2020-07-16 10:00:00,0.0,0.0,0.0,0.0,0.0,0.0,0.0
207_CT_2,THERMAL,2020-07-16 10:00:00,0.0,0.0,0.0,0.0,0.0,0.0,0.0
212_CSP_1,THERMAL,2020-07-16 10:00:00,0.0,0.0,0.0,0.0,0.0,0.0,0.0
213_CC_3,THERMAL,2020-07-16 10:00:00,0.0,0.0,0.0,0.0,0.0,0.0,0.0
213_CT_1,THERMAL,2020-07-16 10:00:00,0.0,0.0,0.0,0.0,0.0,0.0,0.0
213_CT_2,THERMAL,2020-07-16 10:00:00,0.0,0.0,0.0,0.0,0.0,0.0,0.0
215_CT_4,THERMAL,2020-07-16 10:00:00,0.0,0.0,0.0,0.0,0.0,0.0,0.0
215_CT_5,THERMAL,2020-07-16 10:00:00,0.0,0.0,0.0,0.0,0.0,0.0,0.0
216_STEAM_1,THERMAL,2020-07-16 10:00:00,0.0,0.0,0.0,0.0,0.0,0.0,0.0
218_CC_1,THERMAL,2020-07-16 10:00:00,0.0,0.0,0.0,0.0,0.0,0.0,0.0
221_CC_1,THERMAL,2020-07-16 10:00:00,0.0,0.0,0.0,0.0,0.0,0.0,0.0
223_CT_4,THERMAL,2020-07-16 10:00:00,0.0,0.0,0.0,0.0,0.0,0.0,0.0
223_CT_5,THERMAL,2020-07-16 10:00:00,0.0,0.0,0.0,0.0,0.0,0.0,0.0
223_CT_6,THERMAL,2020-07-16 10:00:00,0.0,0.0,0.0,0.0,0.0,0.0,0.0
223_STEAM_1,THERMAL,2020-07-16 10:00:00,0.0,0.0,0.0,0.0,0.0,0.0,0.0
223_STEAM_2,THERMAL,2020-07-16 10:00:00,0.0,0.0,0.0,0.0,0.0,0.0,0.0
223_STEAM_3,THERMAL,2020-07-16 10:00:00,0.0,0.0,0.0,0.0,0.0,0.0,0.0
301_CT_1,THERMAL,2020-07-16 10:00:00,0.0,0.0,0.0,0.0,0.0,0.0,0.0
301_CT_2,THERMAL,2020-07-16 10:00:00,0.0,0.0,0.0,0.0,0.0,0.0,0.0
301_CT_3,THERMAL,2020-07-16 10:00:00,0.0,0.0,0.0,0.0,0.0,0.0,0.0
301_CT_4,THERMAL,2020-07-16 10:00:00,0.0,0.0,0.0,0.0,0.0,0.0,0.0
302_CT_1,THERMAL,2020-07-16 10:00:00,0.0,0.0,0.0,0.0,0.0,0.0,0.0
302_CT_2,THERMAL,2020-07-16 10:00:00,0.0,0.0,0.0,0.0,0.0,0.0,0.0
302_CT_3,THERMAL,2020-07-16 10:00:00,0.0,0.0,0.0,0.0,0.0,0.0,0.0
302_CT_4,THERMAL,2020-07-16 10:00:00,0.0,0.0,0.0,0.0,0.0,0.0,0.0
303_WIND_1,WIND,2020-07-16 10:00:00,0.0,0.0,0.0,0.0,0.0,0.0,0.0
307_CT_1,THERMAL,2020-07-16 10:00:00,0.0,0.0,0.0,0.0,0.0,0.0,0.0
307_CT_2,THERMAL,2020-07-16 10:00:00,0.0,0.0,0.0,0.0,0.0,0.0,0.0
309_WIND_1,WIND,2020-07-16 10:00:00,0.0,0.0,0.0,0.0,0.0,0.0,0.0
313_CC_1,THERMAL,2020-07-16 10:00:00,0.0,0.0,0.0,0.0,0.0,0.0,0.0
315_CT_6,THERMAL,2020-07-16 10:00:00,0.0,0.0,0.0,0.0,0.0,0.0,0.0
315_CT_7,THERMAL,2020-07-16 10:00:00,0.0,0.0,0.0,0.0,0.0,0.0,0.0
315_CT_8,THERMAL,2020-07-16 10:00:00,0.0,0.0,0.0,0.0,0.0,0.0,0.0
315_STEAM_1,THERMAL,2020-07-16 10:00:00,0.0,0.0,0.0,0.0,0.0,0.0,0.0
315_STEAM_2,THERMAL,2020-07-16 10:00:00,0.0,0.0,0.0,0.0,0.0,0.0,0.0
315_STEAM_3,THERMAL,2020-07-16 10:00:00,0.0,0.0,0.0,0.0,0.0,0.0,0.0
315_STEAM_4,THERMAL,2020-07-16 10:00:00,0.0,0.0,0.0,0.0,0.0,0.0,0.0
315_STEAM_5,THERMAL,2020-07-16 10:00:00,0.0,0.0,0.0,0.0,0.0,0.0,0.0
316_STEAM_1,THERMAL,2020-07-16 10:00:00,0.0,0.0,0.0,0.0,0.0,0.0,0.0
317_WIND_1,WIND,2020-07-16 10:00:00,0.0,0.0,0.0,0.0,0.0,0.0,0.0
318_CC_1,THERMAL,2020-07-16 10:00:00,0.0,0.0,0.0,0.0,0.0,0.0,0.0
321_CC_1,THERMAL,2020-07-16 10:00:00,0.0,0.0,0.0,0.0,0.0,0.0,0.0
322_CT_5,THERMAL,2020-07-16 10:00:00,0.0,0.0,0.0,0.0,0.0,0.0,0.0
322_CT_6,THERMAL,2020-07-16 10:00:00,0.0,0.0,0.0,0.0,0.0,0.0,0.0
323_CC_1,THERMAL,2020-07-16 10:00:00,0.0,0.0,0.0,0.0,0.0,0.0,0.0
323_CC_2,THERMAL,2020-07-16 10:00:00,0.0,0.0,0.0,0.0,0.0,0.0,0.0
101_CT_1,THERMAL,2020-07-16 12:00:00,0.0,0.0,0.0,0.0,0.0,0.0,0.0
101_CT_2,THERMAL,2020-07-16 12:00:00,0.0,0.0,0.0,0.0,0.0,0.0,0.0
101_STEAM_3,THERMAL,2020-07-16 12:00:00,0.0,0.0,0.0,0.0,0.0,0.0,0.0
101_STEAM_4,THERMAL,2020-07-16 12:00:00,0.0,0.0,0.0,0.0,0.0,0.0,0.0
102_CT_1,THERMAL,2020-07-16 12:00:00,0.0,0.0,0.0,0.0,0.0,0.0,0.0
102_CT_2,THERMAL,2020-07-16 12:00:00,0.0,0.0,0.0,0.0,0.0,0.0,0.0
102_STEAM_3,THERMAL,2020-07-16 12:00:00,0.0,0.0,0.0,0.0,0.0,0.0,0.0
102_STEAM_4,THERMAL,2020-07-16 12:00:00,0.0,0.0,0.0,0.0,0.0,0.0,0.0
107_CC_1,THERMAL,2020-07-16 12:00:00,0.0,0.0,0.0,0.0,0.0,0.0,0.0
113_CT_1,THERMAL,2020-07-16 12:00:00,0.0,0.0,0.0,0.0,0.0,0.0,0.0
113_CT_2,THERMAL,2020-07-16 12:00:00,0.0,0.0,0.0,0.0,0.0,0.0,0.0
113_CT_3,THERMAL,2020-07-16 12:00:00,0.0,0.0,0.0,0.0,0.0,0.0,0.0
113_CT_4,THERMAL,2020-07-16 12:00:00,0.0,0.0,0.0,0.0,0.0,0.0,0.0
115_STEAM_1,THERMAL,2020-07-16 12:00:00,0.0,0.0,0.0,0.0,0.0,0.0,0.0
115_STEAM_2,THERMAL,2020-07-16 12:00:00,0.0,0.0,0.0,0.0,0.0,0.0,0.0
115_STEAM_3,THERMAL,2020-07-16 12:00:00,0.0,0.0,0.0,0.0,0.0,0.0,0.0
116_STEAM_1,THERMAL,2020-07-16 12:00:00,0.0,0.0,0.0,0.0,0.0,0.0,0.0
118_CC_1,THERMAL,2020-07-16 12:00:00,0.0,0.0,0.0,0.0,0.0,0.0,0.0
122_WIND_1,WIND,2020-07-16 12:00:00,0.0,0.0,0.0,0.0,0.0,0.0,0.0
123_CT_1,THERMAL,2020-07-16 12:00:00,0.0,0.0,0.0,0.0,0.0,0.0,0.0
123_CT_4,THERMAL,2020-07-16 12:00:00,0.0,0.0,0.0,0.0,0.0,0.0,0.0
123_CT_5,THERMAL,2020-07-16 12:00:00,0.0,0.0,0.0,0.0,0.0,0.0,0.0
123_STEAM_2,THERMAL,2020-07-16 12:00:00,0.0,0.0,0.0,0.0,0.0,0.0,0.0
123_STEAM_3,THERMAL,2020-07-16 12:00:00,0.0,0.0,0.0,0.0,0.0,0.0,0.0
201_CT_1,THERMAL,2020-07-16 12:00:00,0.0,0.0,0.0,0.0,0.0,0.0,0.0
201_CT_2,THERMAL,2020-07-16 12:00:00,0.0,0.0,0.0,0.0,0.0,0.0,0.0
201_STEAM_3,THERMAL,2020-07-16 12:00:00,0.0,0.0,0.0,0.0,0.0,0.0,0.0
202_CT_1,THERMAL,2020-07-16 12:00:00,0.0,0.0,0.0,0.0,0.0,0.0,0.0
202_CT_2,THERMAL,2020-07-16 12:00:00,0.0,0.0,0.0,0.0,0.0,0.0,0.0
202_STEAM_3,THERMAL,2020-07-16 12:00:00,0.0,0.0,0.0,0.0,0.0,0.0,0.0
202_STEAM_4,THERMAL,2020-07-16 12:00:00,0.0,0.0,0.0,0.0,0.0,0.0,0.0
207_CT_1,THERMAL,2020-07-16 12:00:00,0.0,0.0,0.0,0.0,0.0,0.0,0.0
207_CT_2,THERMAL,2020-07-16 12:00:00,0.0,0.0,0.0,0.0,0.0,0.0,0.0
212_CSP_1,THERMAL,2020-07-16 12:00:00,0.0,0.0,0.0,0.0,0.0,0.0,0.0
213_CC_3,THERMAL,2020-07-16 12:00:00,0.0,0.0,0.0,0.0,0.0,0.0,0.0
213_CT_1,THERMAL,2020-07-16 12:00:00,0.0,0.0,0.0,0.0,0.0,0.0,0.0
213_CT_2,THERMAL,2020-07-16 12:00:00,0.0,0.0,0.0,0.0,0.0,0.0,0.0
215_CT_4,THERMAL,2020-07-16 12:00:00,0.0,0.0,0.0,0.0,0.0,0.0,0.0
215_CT_5,THERMAL,2020-07-16 12:00:00,0.0,0.0,0.0,0.0,0.0,0.0,0.0
216_STEAM_1,THERMAL,2020-07-16 12:00:00,0.0,0.0,0.0,0.0,0.0,0.0,0.0
218_CC_1,THERMAL,2020-07-16 12:00:00,0.0,0.0,0.0,0.0,0.0,0.0,0.0
221_CC_1,THERMAL,2020-07-16 12:00:00,0.0,0.0,0.0,0.0,0.0,0.0,0.0
223_CT_4,THERMAL,2020-07-16 12:00:00,0.0,0.0,0.0,0.0,0.0,0.0,0.0
223_CT_5,THERMAL,2020-07-16 12:00:00,0.0,0.0,0.0,0.0,0.0,0.0,0.0
223_CT_6,THERMAL,2020-07-16 12:00:00,0.0,0.0,0.0,0.0,0.0,0.0,0.0
223_STEAM_1,THERMAL,2020-07-16 12:00:00,0.0,0.0,0.0,0.0,0.0,0.0,0.0
223_STEAM_2,THERMAL,2020-07-16 12:00:00,0.0,0.0,0.0,0.0,0.0,0.0,0.0
223_STEAM_3,THERMAL,2020-07-16 12:00:00,0.0,0.0,0.0,0.0,0.0,0.0,0.0
301_CT_1,THERMAL,2020-07-16 12:00:00,0.0,0.0,0.0,0.0,0.0,0.0,0.0
301_CT_2,THERMAL,2020-07-16 12:00:00,0.0,0.0,0.0,0.0,0.0,0.0,0.0
301_CT_3,THERMAL,2020-07-16 12:00:00,0.0,0.0,0.0,0.0,0.0,0.0,0.0
301_CT_4,THERMAL,2020-07-16 12:00:00,0.0,0.0,0.0,0.0,0.0,0.0,0.0
302_CT_1,THERMAL,2020-07-16 12:00:00,0.0,0.0,0.0,0.0,0.0,0.0,0.0
302_CT_2,THERMAL,2020-07-16 12:00:00,0.0,0.0,0.0,0.0,0.0,0.0,0.0
302_CT_3,THERMAL,2020-07-16 12:00:00,0.0,0.0,0.0,0.0,0.0,0.0,0.0
302_CT_4,THERMAL,2020-07-16 12:00:00,0.0,0.0,0.0,0.0,0.0,0.0,0.0
303_WIND_1,WIND,2020-07-16 12:00:00,0.0,0.0,0.0,0.0,0.0,0.0,0.0
307_CT_1,THERMAL,2020-07-16 12:00:00,0.0,0.0,0.0,0.0,0.0,0.0,0.0
307_CT_2,THERMAL,2020-07-16 12:00:00,0.0,0.0,0.0,0.0,0.0,0.0,0.0
309_WIND_1,WIND,2020-07-16 12:00:00,0.0,0.0,0.0,0.0,0.0,0.0,0.0
313_CC_1,THERMAL,2020-07-16 12:00:00,0.0,0.0,0.0,0.0,0.0,0.0,0.0
315_CT_6,THERMAL,2020-07-16 12:00:00,0.0,0.0,0.0,0.0,0.0,0.0,0.0
315_CT_7,THERMAL,2020-07-16 12:00:00,0.0,0.0,0.0,0.0,0.0,0.0,0.0
315_CT_8,THERMAL,2020-07-16 12:00:00,0.0,0.0,0.0,0.0,0.0,0.0,0.0
315_STEAM_1,THERMAL,2020-07-16 12:00:00,0.0,0.0,0.0,0.0,0.0,0.0,0.0
315_STEAM_2,THERMAL,2020-07-16 12:00:00,0.0,0.0,0.0,0.0,0.0,0.0,0.0
315_STEAM_3,THERMAL,2020-07-16 12:00:00,0.0,0.0,0.0,0.0,0.0,0.0,0.0
315_STEAM_4,THERMAL,2020-07-16 12:00:00,0.0,0.0,0.0,0.0,0.0,0.0,0.0
315_STEAM_5,THERMAL,2020-07-16 12:00:00,0.0,0.0,0.0,0.0,0.0,0.0,0.0
316_STEAM_1,THERMAL,2020-07-16 12:00:00,0.0,0.0,0.0,0.0,0.0,0.0,0.0
317_WIND_1,WIND,2020-07-16 12:00:00,0.0,0.0,0.0,0.0,0.0,0.0,0.0
318_CC_1,THERMAL,2020-07-16 12:00:00,0.0,0.0,0.0,0.0,0.0,0.0,0.0
321_CC_1,THERMAL,2020-07-16 12:00:00,0.0,0.0,0.0,0.0,0.0,0.0,0.0
322_CT_5,THERMAL,2020-07-16 12:00:00,0.0,0.0,0.0,0.0,0.0,0.0,0.0
322_CT_6,THERMAL,2020-07-16 12:00:00,0.0,0.0,0.0,0.0,0.0,0.0,0.0
323_CC_1,THERMAL,2020-07-16 12:00:00,0.0,0.0,0.0,0.0,0.0,0.0,0.0
323_CC_2,THERMAL,2020-07-16 12:00:00,0.0,0.0,0.0,0.0,0.0,0.0,0.0
101_CT_1,THERMAL,2020-07-16 14:00:00,0.0,0.0,0.0,0.0,0.0,0.0,0.0
101_CT_2,THERMAL,2020-07-16 14:00:00,0.0,0.0,0.0,0.0,0.0,0.0,0.0
101_STEAM_3,THERMAL,2020-07-16 14:00:00,0.0,0.0,0.0,0.0,0.0,0.0,0.0
101_STEAM_4,THERMAL,2020-07-16 14:00:00,0.0,0.0,0.0,0.0,0.0,0.0,0.0
102_CT_1,THERMAL,2020-07-16 14:00:00,0.0,0.0,0.0,0.0,0.0,0.0,0.0
102_CT_2,THERMAL,2020-07-16 14:00:00,0.0,0.0,0.0,0.0,0.0,0.0,0.0
102_STEAM_3,THERMAL,2020-07-16 14:00:00,0.0,0.0,0.0,0.0,0.0,0.0,0.0
102_STEAM_4,THERMAL,2020-07-16 14:00:00,0.0,0.0,0.0,0.0,0.0,0.0,0.0
107_CC_1,THERMAL,2020-07-16 14:00:00,0.0,0.0,0.0,0.0,0.0,0.0,0.0
113_CT_1,THERMAL,2020-07-16 14:00:00,0.0,0.0,0.0,0.0,0.0,0.0,0.0
113_CT_2,THERMAL,2020-07-16 14:00:00,0.0,0.0,0.0,0.0,0.0,0.0,0.0
113_CT_3,THERMAL,2020-07-16 14:00:00,0.0,0.0,0.0,0.0,0.0,0.0,0.0
113_CT_4,THERMAL,2020-07-16 14:00:00,0.0,0.0,0.0,0.0,0.0,0.0,0.0
115_STEAM_1,THERMAL,2020-07-16 14:00:00,0.0,0.0,0.0,0.0,0.0,0.0,0.0
115_STEAM_2,THERMAL,2020-07-16 14:00:00,0.0,0.0,0.0,0.0,0.0,0.0,0.0
115_STEAM_3,THERMAL,2020-07-16 14:00:00,0.0,0.0,0.0,0.0,0.0,0.0,0.0
116_STEAM_1,THERMAL,2020-07-16 14:00:00,0.0,0.0,0.0,0.0,0.0,0.0,0.0
118_CC_1,THERMAL,2020-07-16 14:00:00,0.0,0.0,0.0,0.0,0.0,0.0,0.0
122_WIND_1,WIND,2020-07-16 14:00:00,0.0,0.0,0.0,0.0,0.0,0.0,0.0
123_CT_1,THERMAL,2020-07-16 14:00:00,0.0,0.0,0.0,0.0,0.0,0.0,0.0
123_CT_4,THERMAL,2020-07-16 14:00:00,0.0,0.0,0.0,0.0,0.0,0.0,0.0
123_CT_5,THERMAL,2020-07-16 14:00:00,0.0,0.0,0.0,0.0,0.0,0.0,0.0
123_STEAM_2,THERMAL,2020-07-16 14:00:00,0.0,0.0,0.0,0.0,0.0,0.0,0.0
123_STEAM_3,THERMAL,2020-07-16 14:00:00,0.0,0.0,0.0,0.0,0.0,0.0,0.0
201_CT_1,THERMAL,2020-07-16 14:00:00,0.0,0.0,0.0,0.0,0.0,0.0,0.0
201_CT_2,THERMAL,2020-07-16 14:00:00,0.0,0.0,0.0,0.0,0.0,0.0,0.0
201_STEAM_3,THERMAL,2020-07-16 14:00:00,0.0,0.0,0.0,0.0,0.0,0.0,0.0
202_CT_1,THERMAL,2020-07-16 14:00:00,0.0,0.0,0.0,0.0,0.0,0.0,0.0
202_CT_2,THERMAL,2020-07-16 14:00:00,0.0,0.0,0.0,0.0,0.0,0.0,0.0
202_STEAM_3,THERMAL,2020-07-16 14:00:00,0.0,0.0,0.0,0.0,0.0,0.0,0.0
202_STEAM_4,THERMAL,2020-07-16 14:00:00,0.0,0.0,0.0,0.0,0.0,0.0,0.0
207_CT_1,THERMAL,2020-07-16 14:00:00,0.0,0.0,0.0,0.0,0.0,0.0,0.0
207_CT_2,THERMAL,2020-07-16 14:00:00,0.0,0.0,0.0,0.0,0.0,0.0,0.0
212_CSP_1,THERMAL,2020-07-16 14:00:00,0.0,0.0,0.0,0.0,0.0,0.0,0.0
213_CC_3,THERMAL,2020-07-16 14:00:00,0.0,0.0,0.0,0.0,0.0,0.0,0.0
213_CT_1,THERMAL,2020-07-16 14:00:00,0.0,0.0,0.0,0.0,0.0,0.0,0.0
213_CT_2,THERMAL,2020-07-16 14:00:00,0.0,0.0,0.0,0.0,0.0,0.0,0.0
215_CT_4,THERMAL,2020-07-16 14:00:00,0.0,0.0,0.0,0.0,0.0,0.0,0.0
215_CT_5,THERMAL,2020-07-16 14:00:00,0.0,0.0,0.0,0.0,0.0,0.0,0.0
216_STEAM_1,THERMAL,2020-07-16 14:00:00,0.0,0.0,0.0,0.0,0.0,0.0,0.0
218_CC_1,THERMAL,2020-07-16 14:00:00,0.0,0.0,0.0,0.0,0.0,0.0,0.0
221_CC_1,THERMAL,2020-07-16 14:00:00,0.0,0.0,0.0,0.0,0.0,0.0,0.0
223_CT_4,THERMAL,2020-07-16 14:00:00,0.0,0.0,0.0,0.0,0.0,0.0,0.0
223_CT_5,THERMAL,2020-07-16 14:00:00,0.0,0.0,0.0,0.0,0.0,0.0,0.0
223_CT_6,THERMAL,2020-07-16 14:00:00,0.0,0.0,0.0,0.0,0.0,0.0,0.0
223_STEAM_1,THERMAL,2020-07-16 14:00:00,0.0,0.0,0.0,0.0,0.0,0.0,0.0
223_STEAM_2,THERMAL,2020-07-16 14:00:00,0.0,0.0,0.0,0.0,0.0,0.0,0.0
223_STEAM_3,THERMAL,2020-07-16 14:00:00,0.0,0.0,0.0,0.0,0.0,0.0,0.0
301_CT_1,THERMAL,2020-07-16 14:00:00,0.0,0.0,0.0,0.0,0.0,0.0,0.0
301_CT_2,THERMAL,2020-07-16 14:00:00,0.0,0.0,0.0,0.0,0.0,0.0,0.0
301_CT_3,THERMAL,2020-07-16 14:00:00,0.0,0.0,0.0,0.0,0.0,0.0,0.0
301_CT_4,THERMAL,2020-07-16 14:00:00,0.0,0.0,0.0,0.0,0.0,0.0,0.0
302_CT_1,THERMAL,2020-07-16 14:00:00,0.0,0.0,0.0,0.0,0.0,0.0,0.0
302_CT_2,THERMAL,2020-07-16 14:00:00,0.0,0.0,0.0,0.0,0.0,0.0,0.0
302_CT_3,THERMAL,2020-07-16 14:00:00,0.0,0.0,0.0,0.0,0.0,0.0,0.0
302_CT_4,THERMAL,2020-07-16 14:00:00,0.0,0.0,0.0,0.0,0.0,0.0,0.0
303_WIND_1,WIND,2020-07-16 14:00:00,0.0,0.0,0.0,0.0,0.0,0.0,0.0
307_CT_1,THERMAL,2020-07-16 14:00:00,0.0,0.0,0.0,0.0,0.0,0.0,0.0
307_CT_2,THERMAL,2020-07-16 14:00:00,0.0,0.0,0.0,0.0,0.0,0.0,0.0
309_WIND_1,WIND,2020-07-16 14:00:00,0.0,0.0,0.0,0.0,0.0,0.0,0.0
313_CC_1,THERMAL,2020-07-16 14:00:00,0.0,0.0,0.0,0.0,0.0,0.0,0.0
315_CT_6,THERMAL,2020-07-16 14:00:00,0.0,0.0,0.0,0.0,0.0,0.0,0.0
315_CT_7,THERMAL,2020-07-16 14:00:00,0.0,0.0,0.0,0.0,0.0,0.0,0.0
315_CT_8,THERMAL,2020-07-16 14:00:00,0.0,0.0,0.0,0.0,0.0,0.0,0.0
315_STEAM_1,THERMAL,2020-07-16 14:00:00,0.0,0.0,0.0,0.0,0.0,0.0,0.0
315_STEAM_2,THERMAL,2020-07-16 14:00:00,0.0,0.0,0.0,0.0,0.0,0.0,0.0
315_STEAM_3,THERMAL,2020-07-16 14:00:00,0.0,0.0,0.0,0.0,0.0,0.0,0.0
315_STEAM_4,THERMAL,2020-07-16 14:00:00,0.0,0.0,0.0,0.0,0.0,0.0,0.0
315_STEAM_5,THERMAL,2020-07-16 14:00:00,0.0,0.0,0.0,0.0,0.0,0.0,0.0
316_STEAM_1,THERMAL,2020-07-16 14:00:00,0.0,0.0,0.0,0.0,0.0,0.0,0.0
317_WIND_1,WIND,2020-07-16 14:00:00,0.0,0.0,0.0,0.0,0.0,0.0,0.0
318_CC_1,THERMAL,2020-07-16 14:00:00,0.0,0.0,0.0,0.0,0.0,0.0,0.0
321_CC_1,THERMAL,2020-07-16 14:00:00,0.0,0.0,0.0,0.0,0.0,0.0,0.0
322_CT_5,THERMAL,2020-07-16 14:00:00,0.0,0.0,0.0,0.0,0.0,0.0,0.0
322_CT_6,THERMAL,2020-07-16 14:00:00,0.0,0.0,0.0,0.0,0.0,0.0,0.0
323_CC_1,THERMAL,2020-07-16 14:00:00,0.0,0.0,0.0,0.0,0.0,0.0,0.0
323_CC_2,THERMAL,2020-07-16 14:00:00,0.0,0.0,0.0,0.0,0.0,0.0,0.0
101_CT_1,THERMAL,2020-07-16 16:00:00,0.0,0.0,0.0,0.0,0.0,0.0,0.0
101_CT_2,THERMAL,2020-07-16 16:00:00,0.0,0.0,0.0,0.0,0.0,0.0,0.0
101_STEAM_3,THERMAL,2020-07-16 16:00:00,0.0,0.0,0.0,0.0,0.0,0.0,0.0
101_STEAM_4,THERMAL,2020-07-16 16:00:00,0.0,0.0,0.0,0.0,0.0,0.0,0.0
102_CT_1,THERMAL,2020-07-16 16:00:00,0.0,0.0,0.0,0.0,0.0,0.0,0.0
102_CT_2,THERMAL,2020-07-16 16:00:00,0.0,0.0,0.0,0.0,0.0,0.0,0.0
102_STEAM_3,THERMAL,2020-07-16 16:00:00,0.0,0.0,0.0,0.0,0.0,0.0,0.0
102_STEAM_4,THERMAL,2020-07-16 16:00:00,0.0,0.0,0.0,0.0,0.0,0.0,0.0
107_CC_1,THERMAL,2020-07-16 16:00:00,0.0,0.0,0.0,0.0,0.0,0.0,0.0
113_CT_1,THERMAL,2020-07-16 16:00:00,0.0,0.0,0.0,0.0,0.0,0.0,0.0
113_CT_2,THERMAL,2020-07-16 16:00:00,0.0,0.0,0.0,0.0,0.0,0.0,0.0
113_CT_3,THERMAL,2020-07-16 16:00:00,0.0,0.0,0.0,0.0,0.0,0.0,0.0
113_CT_4,THERMAL,2020-07-16 16:00:00,0.0,0.0,0.0,0.0,0.0,0.0,0.0
115_STEAM_1,THERMAL,2020-07-16 16:00:00,0.0,0.0,0.0,0.0,0.0,0.0,0.0
115_STEAM_2,THERMAL,2020-07-16 16:00:00,0.0,0.0,0.0,0.0,0.0,0.0,0.0
115_STEAM_3,THERMAL,2020-07-16 16:00:00,0.0,0.0,0.0,0.0,0.0,0.0,0.0
116_STEAM_1,THERMAL,2020-07-16 16:00:00,0.0,0.0,0.0,0.0,0.0,0.0,0.0
118_CC_1,THERMAL,2020-07-16 16:00:00,0.0,0.0,0.0,0.0,0.0,0.0,0.0
122_WIND_1,WIND,2020-07-16 16:00:00,0.0,0.0,0.0,0.0,0.0,0.0,0.0
123_CT_1,THERMAL,2020-07-16 16:00:00,0.0,0.0,0.0,0.0,0.0,0.0,0.0
123_CT_4,THERMAL,2020-07-16 16:00:00,0.0,0.0,0.0,0.0,0.0,0.0,0.0
123_CT_5,THERMAL,2020-07-16 16:00:00,0.0,0.0,0.0,0.0,0.0,0.0,0.0
123_STEAM_2,THERMAL,2020-07-16 16:00:00,0.0,0.0,0.0,0.0,0.0,0.0,0.0
123_STEAM_3,THERMAL,2020-07-16 16:00:00,0.0,0.0,0.0,0.0,0.0,0.0,0.0
201_CT_1,THERMAL,2020-07-16 16:00:00,0.0,0.0,0.0,0.0,0.0,0.0,0.0
201_CT_2,THERMAL,2020-07-16 16:00:00,0.0,0.0,0.0,0.0,0.0,0.0,0.0
201_STEAM_3,THERMAL,2020-07-16 16:00:00,0.0,0.0,0.0,0.0,0.0,0.0,0.0
202_CT_1,THERMAL,2020-07-16 16:00:00,0.0,0.0,0.0,0.0,0.0,0.0,0.0
202_CT_2,THERMAL,2020-07-16 16:00:00,0.0,0.0,0.0,0.0,0.0,0.0,0.0
202_STEAM_3,THERMAL,2020-07-16 16:00:00,0.0,0.0,0.0,0.0,0.0,0.0,0.0
202_STEAM_4,THERMAL,2020-07-16 16:00:00,0.0,0.0,0.0,0.0,0.0,0.0,0.0
207_CT_1,THERMAL,2020-07-16 16:00:00,0.0,0.0,0.0,0.0,0.0,0.0,0.0
207_CT_2,THERMAL,2020-07-16 16:00:00,0.0,0.0,0.0,0.0,0.0,0.0,0.0
212_CSP_1,THERMAL,2020-07-16 16:00:00,0.0,0.0,0.0,0.0,0.0,0.0,0.0
213_CC_3,THERMAL,2020-07-16 16:00:00,0.0,0.0,0.0,0.0,0.0,0.0,0.0
213_CT_1,THERMAL,2020-07-16 16:00:00,0.0,0.0,0.0,0.0,0.0,0.0,0.0
213_CT_2,THERMAL,2020-07-16 16:00:00,0.0,0.0,0.0,0.0,0.0,0.0,0.0
215_CT_4,THERMAL,2020-07-16 16:00:00,0.0,0.0,0.0,0.0,0.0,0.0,0.0
215_CT_5,THERMAL,2020-07-16 16:00:00,0.0,0.0,0.0,0.0,0.0,0.0,0.0
216_STEAM_1,THERMAL,2020-07-16 16:00:00,0.0,0.0,0.0,0.0,0.0,0.0,0.0
218_CC_1,THERMAL,2020-07-16 16:00:00,0.0,0.0,0.0,0.0,0.0,0.0,0.0
221_CC_1,THERMAL,2020-07-16 16:00:00,0.0,0.0,0.0,0.0,0.0,0.0,0.0
223_CT_4,THERMAL,2020-07-16 16:00:00,0.0,0.0,0.0,0.0,0.0,0.0,0.0
223_CT_5,THERMAL,2020-07-16 16:00:00,0.0,0.0,0.0,0.0,0.0,0.0,0.0
223_CT_6,THERMAL,2020-07-16 16:00:00,0.0,0.0,0.0,0.0,0.0,0.0,0.0
223_STEAM_1,THERMAL,2020-07-16 16:00:00,0.0,0.0,0.0,0.0,0.0,0.0,0.0
223_STEAM_2,THERMAL,2020-07-16 16:00:00,0.0,0.0,0.0,0.0,0.0,0.0,0.0
223_STEAM_3,THERMAL,2020-07-16 16:00:00,0.0,0.0,0.0,0.0,0.0,0.0,0.0
301_CT_1,THERMAL,2020-07-16 16:00:00,0.0,0.0,0.0,0.0,0.0,0.0,0.0
301_CT_2,THERMAL,2020-07-16 16:00:00,0.0,0.0,0.0,0.0,0.0,0.0,0.0
301_CT_3,THERMAL,2020-07-16 16:00:00,0.0,0.0,0.0,0.0,0.0,0.0,0.0
301_CT_4,THERMAL,2020-07-16 16:00:00,0.0,0.0,0.0,0.0,0.0,0.0,0.0
302_CT_1,THERMAL,2020-07-16 16:00:00,0.0,0.0,0.0,0.0,0.0,0.0,0.0
302_CT_2,THERMAL,2020-07-16 16:00:00,0.0,0.0,0.0,0.0,0.0,0.0,0.0
302_CT_3,THERMAL,2020-07-16 16:00:00,0.0,0.0,0.0,0.0,0.0,0.0,0.0
302_CT_4,THERMAL,2020-07-16 16:00:00,0.0,0.0,0.0,0.0,0.0,0.0,0.0
303_WIND_1,WIND,2020-07-16 16:00:00,0.0,0.0,0.0,0.0,0.0,0.0,0.0
307_CT_1,THERMAL,2020-07-16 16:00:00,0.0,0.0,0.0,0.0,0.0,0.0,0.0
307_CT_2,THERMAL,2020-07-16 16:00:00,0.0,0.0,0.0,0.0,0.0,0.0,0.0
309_WIND_1,WIND,2020-07-16 16:00:00,0.0,0.0,0.0,0.0,0.0,0.0,0.0
313_CC_1,THERMAL,2020-07-16 16:00:00,0.0,0.0,0.0,0.0,0.0,0.0,0.0
315_CT_6,THERMAL,2020-07-16 16:00:00,0.0,0.0,0.0,0.0,0.0,0.0,0.0
315_CT_7,THERMAL,2020-07-16 16:00:00,0.0,0.0,0.0,0.0,0.0,0.0,0.0
315_CT_8,THERMAL,2020-07-16 16:00:00,0.0,0.0,0.0,0.0,0.0,0.0,0.0
315_STEAM_1,THERMAL,2020-07-16 16:00:00,0.0,0.0,0.0,0.0,0.0,0.0,0.0
315_STEAM_2,THERMAL,2020-07-16 16:00:00,0.0,0.0,0.0,0.0,0.0,0.0,0.0
315_STEAM_3,THERMAL,2020-07-16 16:00:00,0.0,0.0,0.0,0.0,0.0,0.0,0.0
315_STEAM_4,THERMAL,2020-07-16 16:00:00,0.0,0.0,0.0,0.0,0.0,0.0,0.0
315_STEAM_5,THERMAL,2020-07-16 16:00:00,0.0,0.0,0.0,0.0,0.0,0.0,0.0
316_STEAM_1,THERMAL,2020-07-16 16:00:00,0.0,0.0,0.0,0.0,0.0,0.0,0.0
317_WIND_1,WIND,2020-07-16 16:00:00,0.0,0.0,0.0,0.0,0.0,0.0,0.0
318_CC_1,THERMAL,2020-07-16 16:00:00,0.0,0.0,0.0,0.0,0.0,0.0,0.0
321_CC_1,THERMAL,2020-07-16 16:00:00,0.0,0.0,0.0,0.0,0.0,0.0,0.0
322_CT_5,THERMAL,2020-07-16 16:00:00,0.0,0.0,0.0,0.0,0.0,0.0,0.0
322_CT_6,THERMAL,2020-07-16 16:00:00,0.0,0.0,0.0,0.0,0.0,0.0,0.0
323_CC_1,THERMAL,2020-07-16 16:00:00,0.0,0.0,0.0,0.0,0.0,0.0,0.0
323_CC_2,THERMAL,2020-07-16 16:00:00,0.0,0.0,0.0,0.0,0.0,0.0,0.0
101_CT_1,THERMAL,2020-07-16 18:00:00,0.0,0.0,0.0,0.0,0.0,0.0,0.0
101_CT_2,THERMAL,2020-07-16 18:00:00,0.0,0.0,0.0,0.0,0.0,0.0,0.0
101_STEAM_3,THERMAL,2020-07-16 18:00:00,0.0,0.0,0.0,0.0,0.0,0.0,0.0
101_STEAM_4,THERMAL,2020-07-16 18:00:00,0.0,0.0,0.0,0.0,0.0,0.0,0.0
102_CT_1,THERMAL,2020-07-16 18:00:00,0.0,0.0,0.0,0.0,0.0,0.0,0.0
102_CT_2,THERMAL,2020-07-16 18:00:00,0.0,0.0,0.0,0.0,0.0,0.0,0.0
102_STEAM_3,THERMAL,2020-07-16 18:00:00,0.0,0.0,0.0,0.0,0.0,0.0,0.0
102_STEAM_4,THERMAL,2020-07-16 18:00:00,0.0,0.0,0.0,0.0,0.0,0.0,0.0
107_CC_1,THERMAL,2020-07-16 18:00:00,0.0,0.0,0.0,0.0,0.0,0.0,0.0
113_CT_1,THERMAL,2020-07-16 18:00:00,0.0,0.0,0.0,0.0,0.0,0.0,0.0
113_CT_2,THERMAL,2020-07-16 18:00:00,0.0,0.0,0.0,0.0,0.0,0.0,0.0
113_CT_3,THERMAL,2020-07-16 18:00:00,0.0,0.0,0.0,0.0,0.0,0.0,0.0
113_CT_4,THERMAL,2020-07-16 18:00:00,0.0,0.0,0.0,0.0,0.0,0.0,0.0
115_STEAM_1,THERMAL,2020-07-16 18:00:00,0.0,0.0,0.0,0.0,0.0,0.0,0.0
115_STEAM_2,THERMAL,2020-07-16 18:00:00,0.0,0.0,0.0,0.0,0.0,0.0,0.0
115_STEAM_3,THERMAL,2020-07-16 18:00:00,0.0,0.0,0.0,0.0,0.0,0.0,0.0
116_STEAM_1,THERMAL,2020-07-16 18:00:00,0.0,0.0,0.0,0.0,0.0,0.0,0.0
118_CC_1,THERMAL,2020-07-16 18:00:00,0.0,0.0,0.0,0.0,0.0,0.0,0.0
122_WIND_1,WIND,2020-07-16 18:00:00,0.0,0.0,0.0,0.0,0.0,0.0,0.0
123_CT_1,THERMAL,2020-07-16 18:00:00,0.0,0.0,0.0,0.0,0.0,0.0,0.0
123_CT_4,THERMAL,2020-07-16 18:00:00,0.0,0.0,0.0,0.0,0.0,0.0,0.0
123_CT_5,THERMAL,2020-07-16 18:00:00,0.0,0.0,0.0,0.0,0.0,0.0,0.0
123_STEAM_2,THERMAL,2020-07-16 18:00:00,0.0,0.0,0.0,0.0,0.0,0.0,0.0
123_STEAM_3,THERMAL,2020-07-16 18:00:00,0.0,0.0,0.0,0.0,0.0,0.0,0.0
201_CT_1,THERMAL,2020-07-16 18:00:00,0.0,0.0,0.0,0.0,0.0,0.0,0.0
201_CT_2,THERMAL,2020-07-16 18:00:00,0.0,0.0,0.0,0.0,0.0,0.0,0.0
201_STEAM_3,THERMAL,2020-07-16 18:00:00,0.0,0.0,0.0,0.0,0.0,0.0,0.0
202_CT_1,THERMAL,2020-07-16 18:00:00,0.0,0.0,0.0,0.0,0.0,0.0,0.0
202_CT_2,THERMAL,2020-07-16 18:00:00,0.0,0.0,0.0,0.0,0.0,0.0,0.0
202_STEAM_3,THERMAL,2020-07-16 18:00:00,0.0,0.0,0.0,0.0,0.0,0.0,0.0
202_STEAM_4,THERMAL,2020-07-16 18:00:00,0.0,0.0,0.0,0.0,0.0,0.0,0.0
207_CT_1,THERMAL,2020-07-16 18:00:00,0.0,0.0,0.0,0.0,0.0,0.0,0.0
207_CT_2,THERMAL,2020-07-16 18:00:00,0.0,0.0,0.0,0.0,0.0,0.0,0.0
212_CSP_1,THERMAL,2020-07-16 18:00:00,0.0,0.0,0.0,0.0,0.0,0.0,0.0
213_CC_3,THERMAL,2020-07-16 18:00:00,0.0,0.0,0.0,0.0,0.0,0.0,0.0
213_CT_1,THERMAL,2020-07-16 18:00:00,0.0,0.0,0.0,0.0,0.0,0.0,0.0
213_CT_2,THERMAL,2020-07-16 18:00:00,0.0,0.0,0.0,0.0,0.0,0.0,0.0
215_CT_4,THERMAL,2020-07-16 18:00:00,0.0,0.0,0.0,0.0,0.0,0.0,0.0
215_CT_5,THERMAL,2020-07-16 18:00:00,0.0,0.0,0.0,0.0,0.0,0.0,0.0
216_STEAM_1,THERMAL,2020-07-16 18:00:00,0.0,0.0,0.0,0.0,0.0,0.0,0.0
218_CC_1,THERMAL,2020-07-16 18:00:00,0.0,0.0,0.0,0.0,0.0,0.0,0.0
221_CC_1,THERMAL,2020-07-16 18:00:00,0.0,0.0,0.0,0.0,0.0,0.0,0.0
223_CT_4,THERMAL,2020-07-16 18:00:00,0.0,0.0,0.0,0.0,0.0,0.0,0.0
223_CT_5,THERMAL,2020-07-16 18:00:00,0.0,0.0,0.0,0.0,0.0,0.0,0.0
223_CT_6,THERMAL,2020-07-16 18:00:00,0.0,0.0,0.0,0.0,0.0,0.0,0.0
223_STEAM_1,THERMAL,2020-07-16 18:00:00,0.0,0.0,0.0,0.0,0.0,0.0,0.0
223_STEAM_2,THERMAL,2020-07-16 18:00:00,0.0,0.0,0.0,0.0,0.0,0.0,0.0
223_STEAM_3,THERMAL,2020-07-16 18:00:00,0.0,0.0,0.0,0.0,0.0,0.0,0.0
301_CT_1,THERMAL,2020-07-16 18:00:00,0.0,0.0,0.0,0.0,0.0,0.0,0.0
301_CT_2,THERMAL,2020-07-16 18:00:00,0.0,0.0,0.0,0.0,0.0,0.0,0.0
301_CT_3,THERMAL,2020-07-16 18:00:00,0.0,0.0,0.0,0.0,0.0,0.0,0.0
301_CT_4,THERMAL,2020-07-16 18:00:00,0.0,0.0,0.0,0.0,0.0,0.0,0.0
302_CT_1,THERMAL,2020-07-16 18:00:00,0.0,0.0,0.0,0.0,0.0,0.0,0.0
302_CT_2,THERMAL,2020-07-16 18:00:00,0.0,0.0,0.0,0.0,0.0,0.0,0.0
302_CT_3,THERMAL,2020-07-16 18:00:00,0.0,0.0,0.0,0.0,0.0,0.0,0.0
302_CT_4,THERMAL,2020-07-16 18:00:00,0.0,0.0,0.0,0.0,0.0,0.0,0.0
303_WIND_1,WIND,2020-07-16 18:00:00,0.0,0.0,0.0,0.0,0.0,0.0,0.0
307_CT_1,THERMAL,2020-07-16 18:00:00,0.0,0.0,0.0,0.0,0.0,0.0,0.0
307_CT_2,THERMAL,2020-07-16 18:00:00,0.0,0.0,0.0,0.0,0.0,0.0,0.0
309_WIND_1,WIND,2020-07-16 18:00:00,0.0,0.0,0.0,0.0,0.0,0.0,0.0
313_CC_1,THERMAL,2020-07-16 18:00:00,0.0,0.0,0.0,0.0,0.0,0.0,0.0
315_CT_6,THERMAL,2020-07-16 18:00:00,0.0,0.0,0.0,0.0,0.0,0.0,0.0
315_CT_7,THERMAL,2020-07-16 18:00:00,0.0,0.0,0.0,0.0,0.0,0.0,0.0
315_CT_8,THERMAL,2020-07-16 18:00:00,0.0,0.0,0.0,0.0,0.0,0.0,0.0
315_STEAM_1,THERMAL,2020-07-16 18:00:00,0.0,0.0,0.0,0.0,0.0,0.0,0.0
315_STEAM_2,THERMAL,2020-07-16 18:00:00,0.0,0.0,0.0,0.0,0.0,0.0,0.0
315_STEAM_3,THERMAL,2020-07-16 18:00:00,0.0,0.0,0.0,0.0,0.0,0.0,0.0
315_STEAM_4,THERMAL,2020-07-16 18:00:00,0.0,0.0,0.0,0.0,0.0,0.0,0.0
315_STEAM_5,THERMAL,2020-07-16 18:00:00,0.0,0.0,0.0,0.0,0.0,0.0,0.0
316_STEAM_1,THERMAL,2020-07-16 18:00:00,0.0,0.0,0.0,0.0,0.0,0.0,0.0
317_WIND_1,WIND,2020-07-16 18:00:00,0.0,0.0,0.0,0.0,0.0,0.0,0.0
318_CC_1,THERMAL,2020-07-16 18:00:00,0.0,0.0,0.0,0.0,0.0,0.0,0.0
321_CC_1,THERMAL,2020-07-16 18:00:00,0.0,0.0,0.0,0.0,0.0,0.0,0.0
322_CT_5,THERMAL,2020-07-16 18:00:00,0.0,0.0,0.0,0.0,0.0,0.0,0.0
322_CT_6,THERMAL,2020-07-16 18:00:00,0.0,0.0,0.0,0.0,0.0,0.0,0.0
323_CC_1,THERMAL,2020-07-16 18:00:00,0.0,0.0,0.0,0.0,0.0,0.0,0.0
323_CC_2,THERMAL,2020-07-16 18:00:00,0.0,0.0,0.0,0.0,0.0,0.0,0.0
101_CT_1,THERMAL,2020-07-16 20:00:00,0.0,0.0,0.0,0.0,0.0,0.0,0.0
101_CT_2,THERMAL,2020-07-16 20:00:00,0.0,0.0,0.0,0.0,0.0,0.0,0.0
101_STEAM_3,THERMAL,2020-07-16 20:00:00,0.0,0.0,0.0,0.0,0.0,0.0,0.0
101_STEAM_4,THERMAL,2020-07-16 20:00:00,0.0,0.0,0.0,0.0,0.0,0.0,0.0
102_CT_1,THERMAL,2020-07-16 20:00:00,0.0,0.0,0.0,0.0,0.0,0.0,0.0
102_CT_2,THERMAL,2020-07-16 20:00:00,0.0,0.0,0.0,0.0,0.0,0.0,0.0
102_STEAM_3,THERMAL,2020-07-16 20:00:00,0.0,0.0,0.0,0.0,0.0,0.0,0.0
102_STEAM_4,THERMAL,2020-07-16 20:00:00,0.0,0.0,0.0,0.0,0.0,0.0,0.0
107_CC_1,THERMAL,2020-07-16 20:00:00,0.0,0.0,0.0,0.0,0.0,0.0,0.0
113_CT_1,THERMAL,2020-07-16 20:00:00,0.0,0.0,0.0,0.0,0.0,0.0,0.0
113_CT_2,THERMAL,2020-07-16 20:00:00,0.0,0.0,0.0,0.0,0.0,0.0,0.0
113_CT_3,THERMAL,2020-07-16 20:00:00,0.0,0.0,0.0,0.0,0.0,0.0,0.0
113_CT_4,THERMAL,2020-07-16 20:00:00,0.0,0.0,0.0,0.0,0.0,0.0,0.0
115_STEAM_1,THERMAL,2020-07-16 20:00:00,0.0,0.0,0.0,0.0,0.0,0.0,0.0
115_STEAM_2,THERMAL,2020-07-16 20:00:00,0.0,0.0,0.0,0.0,0.0,0.0,0.0
115_STEAM_3,THERMAL,2020-07-16 20:00:00,0.0,0.0,0.0,0.0,0.0,0.0,0.0
116_STEAM_1,THERMAL,2020-07-16 20:00:00,0.0,0.0,0.0,0.0,0.0,0.0,0.0
118_CC_1,THERMAL,2020-07-16 20:00:00,0.0,0.0,0.0,0.0,0.0,0.0,0.0
122_WIND_1,WIND,2020-07-16 20:00:00,0.0,0.0,0.0,0.0,0.0,0.0,0.0
123_CT_1,THERMAL,2020-07-16 20:00:00,0.0,0.0,0.0,0.0,0.0,0.0,0.0
123_CT_4,THERMAL,2020-07-16 20:00:00,0.0,0.0,0.0,0.0,0.0,0.0,0.0
123_CT_5,THERMAL,2020-07-16 20:00:00,0.0,0.0,0.0,0.0,0.0,0.0,0.0
123_STEAM_2,THERMAL,2020-07-16 20:00:00,0.0,0.0,0.0,0.0,0.0,0.0,0.0
123_STEAM_3,THERMAL,2020-07-16 20:00:00,0.0,0.0,0.0,0.0,0.0,0.0,0.0
201_CT_1,THERMAL,2020-07-16 20:00:00,0.0,0.0,0.0,0.0,0.0,0.0,0.0
201_CT_2,THERMAL,2020-07-16 20:00:00,0.0,0.0,0.0,0.0,0.0,0.0,0.0
201_STEAM_3,THERMAL,2020-07-16 20:00:00,0.0,0.0,0.0,0.0,0.0,0.0,0.0
202_CT_1,THERMAL,2020-07-16 20:00:00,0.0,0.0,0.0,0.0,0.0,0.0,0.0
202_CT_2,THERMAL,2020-07-16 20:00:00,0.0,0.0,0.0,0.0,0.0,0.0,0.0
202_STEAM_3,THERMAL,2020-07-16 20:00:00,0.0,0.0,0.0,0.0,0.0,0.0,0.0
202_STEAM_4,THERMAL,2020-07-16 20:00:00,0.0,0.0,0.0,0.0,0.0,0.0,0.0
207_CT_1,THERMAL,2020-07-16 20:00:00,0.0,0.0,0.0,0.0,0.0,0.0,0.0
207_CT_2,THERMAL,2020-07-16 20:00:00,0.0,0.0,0.0,0.0,0.0,0.0,0.0
212_CSP_1,THERMAL,2020-07-16 20:00:00,0.0,0.0,0.0,0.0,0.0,0.0,0.0
213_CC_3,THERMAL,2020-07-16 20:00:00,0.0,0.0,0.0,0.0,0.0,0.0,0.0
213_CT_1,THERMAL,2020-07-16 20:00:00,0.0,0.0,0.0,0.0,0.0,0.0,0.0
213_CT_2,THERMAL,2020-07-16 20:00:00,0.0,0.0,0.0,0.0,0.0,0.0,0.0
215_CT_4,THERMAL,2020-07-16 20:00:00,0.0,0.0,0.0,0.0,0.0,0.0,0.0
215_CT_5,THERMAL,2020-07-16 20:00:00,0.0,0.0,0.0,0.0,0.0,0.0,0.0
216_STEAM_1,THERMAL,2020-07-16 20:00:00,0.0,0.0,0.0,0.0,0.0,0.0,0.0
218_CC_1,THERMAL,2020-07-16 20:00:00,0.0,0.0,0.0,0.0,0.0,0.0,0.0
221_CC_1,THERMAL,2020-07-16 20:00:00,0.0,0.0,0.0,0.0,0.0,0.0,0.0
223_CT_4,THERMAL,2020-07-16 20:00:00,0.0,0.0,0.0,0.0,0.0,0.0,0.0
223_CT_5,THERMAL,2020-07-16 20:00:00,0.0,0.0,0.0,0.0,0.0,0.0,0.0
223_CT_6,THERMAL,2020-07-16 20:00:00,0.0,0.0,0.0,0.0,0.0,0.0,0.0
223_STEAM_1,THERMAL,2020-07-16 20:00:00,0.0,0.0,0.0,0.0,0.0,0.0,0.0
223_STEAM_2,THERMAL,2020-07-16 20:00:00,0.0,0.0,0.0,0.0,0.0,0.0,0.0
223_STEAM_3,THERMAL,2020-07-16 20:00:00,0.0,0.0,0.0,0.0,0.0,0.0,0.0
301_CT_1,THERMAL,2020-07-16 20:00:00,0.0,0.0,0.0,0.0,0.0,0.0,0.0
301_CT_2,THERMAL,2020-07-16 20:00:00,0.0,0.0,0.0,0.0,0.0,0.0,0.0
301_CT_3,THERMAL,2020-07-16 20:00:00,0.0,0.0,0.0,0.0,0.0,0.0,0.0
301_CT_4,THERMAL,2020-07-16 20:00:00,0.0,0.0,0.0,0.0,0.0,0.0,0.0
302_CT_1,THERMAL,2020-07-16 20:00:00,0.0,0.0,0.0,0.0,0.0,0.0,0.0
302_CT_2,THERMAL,2020-07-16 20:00:00,0.0,0.0,0.0,0.0,0.0,0.0,0.0
302_CT_3,THERMAL,2020-07-16 20:00:00,0.0,0.0,0.0,0.0,0.0,0.0,0.0
302_CT_4,THERMAL,2020-07-16 20:00:00,0.0,0.0,0.0,0.0,0.0,0.0,0.0
303_WIND_1,WIND,2020-07-16 20:00:00,0.0,0.0,0.0,0.0,0.0,0.0,0.0
307_CT_1,THERMAL,2020-07-16 20:00:00,0.0,0.0,0.0,0.0,0.0,0.0,0.0
307_CT_2,THERMAL,2020-07-16 20:00:00,0.0,0.0,0.0,0.0,0.0,0.0,0.0
309_WIND_1,WIND,2020-07-16 20:00:00,0.0,0.0,0.0,0.0,0.0,0.0,0.0
313_CC_1,THERMAL,2020-07-16 20:00:00,0.0,0.0,0.0,0.0,0.0,0.0,0.0
315_CT_6,THERMAL,2020-07-16 20:00:00,0.0,0.0,0.0,0.0,0.0,0.0,0.0
315_CT_7,THERMAL,2020-07-16 20:00:00,0.0,0.0,0.0,0.0,0.0,0.0,0.0
315_CT_8,THERMAL,2020-07-16 20:00:00,0.0,0.0,0.0,0.0,0.0,0.0,0.0
315_STEAM_1,THERMAL,2020-07-16 20:00:00,0.0,0.0,0.0,0.0,0.0,0.0,0.0
315_STEAM_2,THERMAL,2020-07-16 20:00:00,0.0,0.0,0.0,0.0,0.0,0.0,0.0
315_STEAM_3,THERMAL,2020-07-16 20:00:00,0.0,0.0,0.0,0.0,0.0,0.0,0.0
315_STEAM_4,THERMAL,2020-07-16 20:00:00,0.0,0.0,0.0,0.0,0.0,0.0,0.0
315_STEAM_5,THERMAL,2020-07-16 20:00:00,0.0,0.0,0.0,0.0,0.0,0.0,0.0
316_STEAM_1,THERMAL,2020-07-16 20:00:00,0.0,0.0,0.0,0.0,0.0,0.0,0.0
317_WIND_1,WIND,2020-07-16 20:00:00,0.0,0.0,0.0,0.0,0.0,0.0,0.0
318_CC_1,THERMAL,2020-07-16 20:00:00,0.0,0.0,0.0,0.0,0.0,0.0,0.0
321_CC_1,THERMAL,2020-07-16 20:00:00,0.0,0.0,0.0,0.0,0.0,0.0,0.0
322_CT_5,THERMAL,2020-07-16 20:00:00,0.0,0.0,0.0,0.0,0.0,0.0,0.0
322_CT_6,THERMAL,2020-07-16 20:00:00,0.0,0.0,0.0,0.0,0.0,0.0,0.0
323_CC_1,THERMAL,2020-07-16 20:00:00,0.0,0.0,0.0,0.0,0.0,0.0,0.0
323_CC_2,THERMAL,2020-07-16 20:00:00,0.0,0.0,0.0,0.0,0.0,0.0,0.0
101_CT_1,THERMAL,2020-07-16 22:00:00,0.0,0.0,0.0,0.0,0.0,0.0,0.0
101_CT_2,THERMAL,2020-07-16 22:00:00,0.0,0.0,0.0,0.0,0.0,0.0,0.0
101_STEAM_3,THERMAL,2020-07-16 22:00:00,0.0,0.0,0.0,0.0,0.0,0.0,0.0
101_STEAM_4,THERMAL,2020-07-16 22:00:00,0.0,0.0,0.0,0.0,0.0,0.0,0.0
102_CT_1,THERMAL,2020-07-16 22:00:00,0.0,0.0,0.0,0.0,0.0,0.0,0.0
102_CT_2,THERMAL,2020-07-16 22:00:00,0.0,0.0,0.0,0.0,0.0,0.0,0.0
102_STEAM_3,THERMAL,2020-07-16 22:00:00,0.0,0.0,0.0,0.0,0.0,0.0,0.0
102_STEAM_4,THERMAL,2020-07-16 22:00:00,0.0,0.0,0.0,0.0,0.0,0.0,0.0
107_CC_1,THERMAL,2020-07-16 22:00:00,0.0,0.0,0.0,0.0,0.0,0.0,0.0
113_CT_1,THERMAL,2020-07-16 22:00:00,0.0,0.0,0.0,0.0,0.0,0.0,0.0
113_CT_2,THERMAL,2020-07-16 22:00:00,0.0,0.0,0.0,0.0,0.0,0.0,0.0
113_CT_3,THERMAL,2020-07-16 22:00:00,0.0,0.0,0.0,0.0,0.0,0.0,0.0
113_CT_4,THERMAL,2020-07-16 22:00:00,0.0,0.0,0.0,0.0,0.0,0.0,0.0
115_STEAM_1,THERMAL,2020-07-16 22:00:00,0.0,0.0,0.0,0.0,0.0,0.0,0.0
115_STEAM_2,THERMAL,2020-07-16 22:00:00,0.0,0.0,0.0,0.0,0.0,0.0,0.0
115_STEAM_3,THERMAL,2020-07-16 22:00:00,0.0,0.0,0.0,0.0,0.0,0.0,0.0
116_STEAM_1,THERMAL,2020-07-16 22:00:00,0.0,0.0,0.0,0.0,0.0,0.0,0.0
118_CC_1,THERMAL,2020-07-16 22:00:00,0.0,0.0,0.0,0.0,0.0,0.0,0.0
122_WIND_1,WIND,2020-07-16 22:00:00,0.0,0.0,0.0,0.0,0.0,0.0,0.0
123_CT_1,THERMAL,2020-07-16 22:00:00,0.0,0.0,0.0,0.0,0.0,0.0,0.0
123_CT_4,THERMAL,2020-07-16 22:00:00,0.0,0.0,0.0,0.0,0.0,0.0,0.0
123_CT_5,THERMAL,2020-07-16 22:00:00,0.0,0.0,0.0,0.0,0.0,0.0,0.0
123_STEAM_2,THERMAL,2020-07-16 22:00:00,0.0,0.0,0.0,0.0,0.0,0.0,0.0
123_STEAM_3,THERMAL,2020-07-16 22:00:00,0.0,0.0,0.0,0.0,0.0,0.0,0.0
201_CT_1,THERMAL,2020-07-16 22:00:00,0.0,0.0,0.0,0.0,0.0,0.0,0.0
201_CT_2,THERMAL,2020-07-16 22:00:00,0.0,0.0,0.0,0.0,0.0,0.0,0.0
201_STEAM_3,THERMAL,2020-07-16 22:00:00,0.0,0.0,0.0,0.0,0.0,0.0,0.0
202_CT_1,THERMAL,2020-07-16 22:00:00,0.0,0.0,0.0,0.0,0.0,0.0,0.0
202_CT_2,THERMAL,2020-07-16 22:00:00,0.0,0.0,0.0,0.0,0.0,0.0,0.0
202_STEAM_3,THERMAL,2020-07-16 22:00:00,0.0,0.0,0.0,0.0,0.0,0.0,0.0
202_STEAM_4,THERMAL,2020-07-16 22:00:00,0.0,0.0,0.0,0.0,0.0,0.0,0.0
207_CT_1,THERMAL,2020-07-16 22:00:00,0.0,0.0,0.0,0.0,0.0,0.0,0.0
207_CT_2,THERMAL,2020-07-16 22:00:00,0.0,0.0,0.0,0.0,0.0,0.0,0.0
212_CSP_1,THERMAL,2020-07-16 22:00:00,0.0,0.0,0.0,0.0,0.0,0.0,0.0
213_CC_3,THERMAL,2020-07-16 22:00:00,0.0,0.0,0.0,0.0,0.0,0.0,0.0
213_CT_1,THERMAL,2020-07-16 22:00:00,0.0,0.0,0.0,0.0,0.0,0.0,0.0
213_CT_2,THERMAL,2020-07-16 22:00:00,0.0,0.0,0.0,0.0,0.0,0.0,0.0
215_CT_4,THERMAL,2020-07-16 22:00:00,0.0,0.0,0.0,0.0,0.0,0.0,0.0
215_CT_5,THERMAL,2020-07-16 22:00:00,0.0,0.0,0.0,0.0,0.0,0.0,0.0
216_STEAM_1,THERMAL,2020-07-16 22:00:00,0.0,0.0,0.0,0.0,0.0,0.0,0.0
218_CC_1,THERMAL,2020-07-16 22:00:00,0.0,0.0,0.0,0.0,0.0,0.0,0.0
221_CC_1,THERMAL,2020-07-16 22:00:00,0.0,0.0,0.0,0.0,0.0,0.0,0.0
223_CT_4,THERMAL,2020-07-16 22:00:00,0.0,0.0,0.0,0.0,0.0,0.0,0.0
223_CT_5,THERMAL,2020-07-16 22:00:00,0.0,0.0,0.0,0.0,0.0,0.0,0.0
223_CT_6,THERMAL,2020-07-16 22:00:00,0.0,0.0,0.0,0.0,0.0,0.0,0.0
223_STEAM_1,THERMAL,2020-07-16 22:00:00,0.0,0.0,0.0,0.0,0.0,0.0,0.0
223_STEAM_2,THERMAL,2020-07-16 22:00:00,0.0,0.0,0.0,0.0,0.0,0.0,0.0
223_STEAM_3,THERMAL,2020-07-16 22:00:00,0.0,0.0,0.0,0.0,0.0,0.0,0.0
301_CT_1,THERMAL,2020-07-16 22:00:00,0.0,0.0,0.0,0.0,0.0,0.0,0.0
301_CT_2,THERMAL,2020-07-16 22:00:00,0.0,0.0,0.0,0.0,0.0,0.0,0.0
301_CT_3,THERMAL,2020-07-16 22:00:00,0.0,0.0,0.0,0.0,0.0,0.0,0.0
301_CT_4,THERMAL,2020-07-16 22:00:00,0.0,0.0,0.0,0.0,0.0,0.0,0.0
302_CT_1,THERMAL,2020-07-16 22:00:00,0.0,0.0,0.0,0.0,0.0,0.0,0.0
302_CT_2,THERMAL,2020-07-16 22:00:00,0.0,0.0,0.0,0.0,0.0,0.0,0.0
302_CT_3,THERMAL,2020-07-16 22:00:00,0.0,0.0,0.0,0.0,0.0,0.0,0.0
302_CT_4,THERMAL,2020-07-16 22:00:00,0.0,0.0,0.0,0.0,0.0,0.0,0.0
303_WIND_1,WIND,2020-07-16 22:00:00,0.0,0.0,0.0,0.0,0.0,0.0,0.0
307_CT_1,THERMAL,2020-07-16 22:00:00,0.0,0.0,0.0,0.0,0.0,0.0,0.0
307_CT_2,THERMAL,2020-07-16 22:00:00,0.0,0.0,0.0,0.0,0.0,0.0,0.0
309_WIND_1,WIND,2020-07-16 22:00:00,0.0,0.0,0.0,0.0,0.0,0.0,0.0
313_CC_1,THERMAL,2020-07-16 22:00:00,0.0,0.0,0.0,0.0,0.0,0.0,0.0
315_CT_6,THERMAL,2020-07-16 22:00:00,0.0,0.0,0.0,0.0,0.0,0.0,0.0
315_CT_7,THERMAL,2020-07-16 22:00:00,0.0,0.0,0.0,0.0,0.0,0.0,0.0
315_CT_8,THERMAL,2020-07-16 22:00:00,0.0,0.0,0.0,0.0,0.0,0.0,0.0
315_STEAM_1,THERMAL,2020-07-16 22:00:00,0.0,0.0,0.0,0.0,0.0,0.0,0.0
315_STEAM_2,THERMAL,2020-07-16 22:00:00,0.0,0.0,0.0,0.0,0.0,0.0,0.0
315_STEAM_3,THERMAL,2020-07-16 22:00:00,0.0,0.0,0.0,0.0,0.0,0.0,0.0
315_STEAM_4,THERMAL,2020-07-16 22:00:00,0.0,0.0,0.0,0.0,0.0,0.0,0.0
315_STEAM_5,THERMAL,2020-07-16 22:00:00,0.0,0.0,0.0,0.0,0.0,0.0,0.0
316_STEAM_1,THERMAL,2020-07-16 22:00:00,0.0,0.0,0.0,0.0,0.0,0.0,0.0
317_WIND_1,WIND,2020-07-16 22:00:00,0.0,0.0,0.0,0.0,0.0,0.0,0.0
318_CC_1,THERMAL,2020-07-16 22:00:00,0.0,0.0,0.0,0.0,0.0,0.0,0.0
321_CC_1,THERMAL,2020-07-16 22:00:00,0.0,0.0,0.0,0.0,0.0,0.0,0.0
322_CT_5,THERMAL,2020-07-16 22:00:00,0.0,0.0,0.0,0.0,0.0,0.0,0.0
322_CT_6,THERMAL,2020-07-16 22:00:00,0.0,0.0,0.0,0.0,0.0,0.0,0.0
323_CC_1,THERMAL,2020-07-16 22:00:00,0.0,0.0,0.0,0.0,0.0,0.0,0.0
323_CC_2,THERMAL,2020-07-16 22:00:00,0.0,0.0,0.0,0.0,0.0,0.0,0.0
