alpha,rho_mean,rho_max,dam_obj,daruc_obj,aruc_obj,dam_cost_total,daruc_cost_total,aruc_cost_total,dam_curtail_mwh,daruc_curtail_mwh,aruc_curtail_mwh,dam_curtail_pct,daruc_curtail_pct,aruc_curtail_pct,dam_unit_hours,daruc_unit_hours,aruc_unit_hours,elapsed_s
0.8,1.0022967531572948,42.05337171322362,519079.9631713543,520427.21789612476,520427.2191324062,519079.9631714047,519079.9632186432,519079.963417568,2860.5277449291993,6917.34007617357,10386.529821049653,15.296469787236166,36.989986785059436,55.541233565572654,1169,1171,1157,7.3066511154174805
0.9,1.2717568317449277,48.33086526776368,519079.9631713543,521107.420327895,521107.42044424335,519079.9631714047,519079.9632323099,519079.9632160683,2860.5277449291993,6647.127233210767,10811.529773577282,15.296469787236166,35.545042719814575,57.81389075092591,1169,1173,1155,5.908483028411865
0.95,1.5725989366261646,55.08426396894928,519079.9631713543,521842.9192790551,521842.91918223625,519079.9631714047,519079.9633176326,519079.9632106388,2860.5277449291993,7286.618037607361,9890.254481333453,15.296469787236166,38.964674564325826,52.887436288627484,1169,1172,1158,6.984510898590088
0.99,2.6161640383270965,78.05533038355696,519079.9631713543,524448.9253464534,524448.9255527152,519079.9631714047,519079.9632234004,519079.96325074974,2860.5277449291993,7912.040669311458,9168.126328803415,15.296469787236166,42.30907785042374,49.02590707001758,1169,1172,1164,8.643470287322998
