time,2020-07-15 00:00:00,2020-07-15 00:00:00,2020-07-15 00:00:00,2020-07-15 00:00:00,2020-07-15 01:00:00,2020-07-15 01:00:00,2020-07-15 01:00:00,2020-07-15 01:00:00,2020-07-15 02:00:00,2020-07-15 02:00:00,2020-07-15 02:00:00,2020-07-15 02:00:00,2020-07-15 03:00:00,2020-07-15 03:00:00,2020-07-15 03:00:00,2020-07-15 03:00:00,2020-07-15 04:00:00,2020-07-15 04:00:00,2020-07-15 04:00:00,2020-07-15 04:00:00,2020-07-15 05:00:00,2020-07-15 05:00:00,2020-07-15 05:00:00,2020-07-15 05:00:00,2020-07-15 06:00:00,2020-07-15 06:00:00,2020-07-15 06:00:00,2020-07-15 06:00:00,2020-07-15 07:00:00,2020-07-15 07:00:00,2020-07-15 07:00:00,2020-07-15 07:00:00,2020-07-15 08:00:00,2020-07-15 08:00:00,2020-07-15 08:00:00,2020-07-15 08:00:00,2020-07-15 09:00:00,2020-07-15 09:00:00,2020-07-15 09:00:00,2020-07-15 09:00:00,2020-07-15 10:00:00,2020-07-15 10:00:00,2020-07-15 10:00:00,2020-07-15 10:00:00,2020-07-15 11:00:00,2020-07-15 11:00:00,2020-07-15 11:00:00,2020-07-15 11:00:00,2020-07-15 12:00:00,2020-07-15 12:00:00,2020-07-15 12:00:00,2020-07-15 12:00:00,2020-07-15 13:00:00,2020-07-15 13:00:00,2020-07-15 13:00:00,2020-07-15 13:00:00,2020-07-15 14:00:00,2020-07-15 14:00:00,2020-07-15 14:00:00,2020-07-15 14:00:00,2020-07-15 15:00:00,2020-07-15 15:00:00,2020-07-15 15:00:00,2020-07-15 15:00:00,2020-07-15 16:00:00,2020-07-15 16:00:00,2020-07-15 16:00:00,2020-07-15 16:00:00,2020-07-15 17:00:00,2020-07-15 17:00:00,2020-07-15 17:00:00,2020-07-15 17:00:00,2020-07-15 18:00:00,2020-07-15 18:00:00,2020-07-15 18:00:00,2020-07-15 18:00:00,2020-07-15 19:00:00,2020-07-15 19:00:00,2020-07-15 19:00:00,2020-07-15 19:00:00,2020-07-15 20:00:00,2020-07-15 20:00:00,2020-07-15 20:00:00,2020-07-15 20:00:00,2020-07-15 21:00:00,2020-07-15 21:00:00,2020-07-15 21:00:00,2020-07-15 21:00:00,2020-07-15 22:00:00,2020-07-15 22:00:00,2020-07-15 22:00:00,2020-07-15 22:00:00,2020-07-15 23:00:00,2020-07-15 23:00:00,2020-07-15 23:00:00,2020-07-15 23:00:00,2020-07-16 00:00:00,2020-07-16 00:00:00,2020-07-16 00:00:00,2020-07-16 00:00:00,2020-07-16 02:00:00,2020-07-16 02:00:00,2020-07-16 02:00:00,2020-07-16 02:00:00,2020-07-16 04:00:00,2020-07-16 04:00:00,2020-07-16 04:00:00,2020-07-16 04:00:00,2020-07-16 06:00:00,2020-07-16 06:00:00,2020-07-16 06:00:00,2020-07-16 06:00:00,2020-07-16 08:00:00,2020-07-16 08:00:00,2020-07-16 08:00:00,2020-07-16 08:00:00,2020-07-16 10:00:00,2020-07-16 10:00:00,2020-07-16 10:00:00,2020-07-16 10:00:00,2020-07-16 12:00:00,2020-07-16 12:00:00,2020-07-16 12:00:00,2020-07-16 12:00:00,2020-07-16 14:00:00,2020-07-16 14:00:00,2020-07-16 14:00:00,2020-07-16 14:00:00,2020-07-16 16:00:00,2020-07-16 16:00:00,2020-07-16 16:00:00,2020-07-16 16:00:00,2020-07-16 18:00:00,2020-07-16 18:00:00,2020-07-16 18:00:00,2020-07-16 18:00:00,2020-07-16 20:00:00,2020-07-16 20:00:00,2020-07-16 20:00:00,2020-07-16 20:00:00,2020-07-16 22:00:00,2020-07-16 22:00:00,2020-07-16 22:00:00,2020-07-16 22:00:00
k,0,1,2,3,0,1,2,3,0,1,2,3,0,1,2,3,0,1,2,3,0,1,2,3,0,1,2,3,0,1,2,3,0,1,2,3,0,1,2,3,0,1,2,3,0,1,2,3,0,1,2,3,0,1,2,3,0,1,2,3,0,1,2,3,0,1,2,3,0,1,2,3,0,1,2,3,0,1,2,3,0,1,2,3,0,1,2,3,0,1,2,3,0,1,2,3,0,1,2,3,0,1,2,3,0,1,2,3,0,1,2,3,0,1,2,3,0,1,2,3,0,1,2,3,0,1,2,3,0,1,2,3,0,1,2,3,0,1,2,3,0,1,2,3
101_CT_1,0.0,0.0,0.0,0.0,0.0,0.0,0.0,0.0,0.0,0.0,0.0,0.0,0.0,0.0,0.0,0.0,0.0,0.0,0.0,0.0,0.0,0.0,0.0,0.0,0.0,0.0,0.0,0.0,0.0,0.0,0.0,0.0,0.0,0.0,0.0,0.0,0.0,0.0,0.0,0.0,0.0,0.0,0.0,0.0,0.0,0.0,0.0,0.0,0.0,0.0,0.0,0.0,0.0,0.0,0.0,0.0,0.0,0.0,0.0,0.0,0.0,0.0,0.0,0.0,0.0,0.0,0.0,0.0,0.0,0.0,0.0,0.0,0.0,0.0,0.0,0.0,0.0,0.0,0.0,0.0,0.0,0.0,0.0,0.0,0.0,0.0,0.0,0.0,0.0,0.0,0.0,0.0,0.0,0.0,0.0,0.0,0.0,0.0,0.0,0.0,0.0,0.0,0.0,0.0,0.0,0.0,0.0,0.0,0.0,0.0,0.0,0.0,0.0,0.0,0.0,0.0,0.0,0.0,0.0,0.0,0.0,0.0,0.0,0.0,0.0,0.0,0.0,0.0,0.0,0.0,0.0,0.0,0.0,0.0,0.0,0.0,0.0,0.0,0.0,0.0,0.0,0.0,0.0,0.0
101_CT_2,0.0,0.0,0.0,0.0,0.0,0.0,0.0,0.0,0.0,0.0,0.0,0.0,0.0,0.0,0.0,0.0,0.0,0.0,0.0,0.0,0.0,0.0,0.0,0.0,0.0,0.0,0.0,0.0,0.0,0.0,0.0,0.0,0.0,0.0,0.0,0.0,0.0,0.0,0.0,0.0,0.0,0.0,0.0,0.0,0.0,0.0,0.0,0.0,0.0,0.0,0.0,0.0,0.0,0.0,0.0,0.0,0.0,0.0,0.0,0.0,0.0,0.0,0.0,0.0,0.0,0.0,0.0,0.0,0.0,0.0,0.0,0.0,0.0,0.0,0.0,0.0,0.0,0.0,0.0,0.0,0.0,0.0,0.0,0.0,0.0,0.0,0.0,0.0,0.0,0.0,0.0,0.0,0.0,0.0,0.0,0.0,0.0,0.0,0.0,0.0,0.0,0.0,0.0,0.0,0.0,0.0,0.0,0.0,0.0,0.0,0.0,0.0,0.0,0.0,0.0,0.0,0.0,0.0,0.0,0.0,0.0,0.0,0.0,0.0,0.0,0.0,0.0,0.0,0.0,0.0,0.0,0.0,0.0,0.0,0.0,0.0,0.0,0.0,0.0,0.0,0.0,0.0,0.0,0.0
101_STEAM_3,-0.0064951100239822234,-0.006493768106197526,-0.006499787953901336,-0.006494081679422458,-0.0020222921648262522,-0.0020223297464755674,-0.002022591592875005,-0.002022243058747051,-0.0003290118618341838,-0.0003290147118394573,-0.00032903027207881533,-0.00032901997157724113,-0.0004489983090236752,-0.00044900008465552523,-0.0004490076806956492,-0.0004489989102262899,-0.0012933103433376463,-0.0012933449927653676,-0.0012934288682108336,-0.0012933323325076639,-0.0058674271342648646,-0.0058737796849636726,-0.005858347898847876,-0.005861232738130078,-0.010288938887438537,-0.01028996218409256,-0.010288131526561495,-0.010288358520075475,-0.019031674795357962,-0.019032760257430014,-0.01904102621191779,-0.019031915526641976,-0.0328999368954558,-0.032899854810693574,-0.03289980422206582,-0.03289994301780389,-0.02986488909999055,-0.029864928258791945,-0.02986484644166998,-0.029864912489961808,-0.03806191798709878,-0.03806255566077554,-0.03806565381714755,-0.0380673637770665,-0.04287877246053835,-0.04288030601238385,-0.04287719478469332,-0.04287904059033092,-0.04653695848897217,-0.04654234966864906,-0.04653504682669851,-0.04653803926585325,-0.05666594531652845,-0.05667080889414189,-0.056664701406805795,-0.056667992094006275,-0.05353645743690792,-0.053536233867115646,-0.05353818402636301,-0.053538552819193175,-0.03475578627020119,-0.034755227210050324,-0.03476756488395405,-0.0347593645797252,-0.03392390997824998,-0.03392358476160848,-0.03392757896044851,-0.033925460951434255,-0.030739277038027212,-0.03073753289608172,-0.030741289977173514,-0.03073798472065114,-0.025785165339361316,-0.02578489662422548,-0.02578750160083909,-0.02578528278093007,-0.02206164614633266,-0.022061624895565485,-0.02206139892665615,-0.02206168712380507,-0.01677377180164001,-0.016773781670094592,-0.016774350756589285,-0.01677387107827539,-0.019345534171856027,-0.019345603674692104,-0.019345574066627153,-0.019345598093598402,-0.011135256828000595,-0.011135816593278336,-0.011135650155529642,-0.011136887755546599,-0.007324275589626885,-0.007324761250614639,-0.007324863868199083,-0.007324744403621866,0.0,0.0,0.0,0.0,0.0,0.0,0.0,0.0,0.0,0.0,0.0,0.0,0.0,0.0,0.0,0.0,0.0,0.0,0.0,0.0,0.0,0.0,0.0,0.0,0.0,0.0,0.0,0.0,0.0,0.0,0.0,0.0,0.0,0.0,0.0,0.0,0.0,0.0,0.0,0.0,0.0,0.0,0.0,0.0,0.0,0.0,0.0,0.0
101_STEAM_4,-0.006495110023000524,-0.006493768105216118,-0.006499787952918879,-0.0064940816784415075,-0.0020222921648508983,-0.002022329746500182,-0.0020225915928997317,-0.002022243058771715,-0.0003290118618342389,-0.0003290147118395071,-0.0003290302720789194,-0.00032901997157730044,-0.00044899830902668666,-0.00044900008465853356,-0.0004490076806986839,-0.0004489989102293233,-0.0012933103433488994,-0.0012933449927766307,-0.0012934288682221345,-0.001293332332518956,-0.005867427134265572,-0.005873779684964295,-0.005858347898848643,-0.005861232738130078,-0.008564715422900437,-0.008566055628006553,-0.008564741974362411,-0.008564930766998569,-0.019031674795355485,-0.01903276025742977,-0.01904102621190322,-0.019031915526641976,-0.03289993689444913,-0.03289985480968716,-0.03289980422106,-0.03289994301681872,-0.029958680279211877,-0.029958718048881172,-0.029958635175105996,-0.029958702837286674,-0.03806191798709878,-0.03806255566077554,-0.03806565381714755,-0.0380673637770665,-0.042878772446615976,-0.04288030599846082,-0.04287719477077201,-0.042879040576378355,-0.04612283232381412,-0.046128200039542544,-0.046120992715216635,-0.0461239123469681,-0.05666594531652845,-0.05667080889414189,-0.056664701406805795,-0.056667992094006275,-0.05353652288211862,-0.05353630079612548,-0.05353825152298275,-0.05353862130906633,-0.034757374448558906,-0.034756825951188716,-0.03476890273766342,-0.03476090985403006,-0.03392390997824998,-0.03392358476160848,-0.03392757896044851,-0.033925460951434255,-0.030711683300089856,-0.030709346279096245,-0.030715065694802868,-0.030710036793865407,-0.025785165339099414,-0.025784896623963716,-0.02578750160057719,-0.025785282780665757,-0.022061645765497295,-0.02206162451468835,-0.022061398546567745,-0.02206168674305702,-0.01677376985699286,-0.016773779725514637,-0.016774348812088502,-0.016773869133704874,-0.01934558878642445,-0.019345658289168614,-0.019345628682073707,-0.01934565270874509,-0.011135256828000595,-0.011135816593278336,-0.011135650155529642,-0.011136887755546599,-0.007324275590676508,-0.007324761251664272,-0.007324863869249132,-0.007324744404673279,0.0,0.0,0.0,0.0,0.0,0.0,0.0,0.0,0.0,0.0,0.0,0.0,0.0,0.0,0.0,0.0,0.0,0.0,0.0,0.0,0.0,0.0,0.0,0.0,0.0,0.0,0.0,0.0,0.0,0.0,0.0,0.0,0.0,0.0,0.0,0.0,0.0,0.0,0.0,0.0,0.0,0.0,0.0,0.0,0.0,0.0,0.0,0.0
102_CT_1,0.0,0.0,0.0,0.0,0.0,0.0,0.0,0.0,0.0,0.0,0.0,0.0,0.0,0.0,0.0,0.0,0.0,0.0,0.0,0.0,0.0,0.0,0.0,0.0,0.0,0.0,0.0,0.0,0.0,0.0,0.0,0.0,0.0,0.0,0.0,0.0,0.0,0.0,0.0,0.0,-0.004475747408757613,-0.004476764294174415,-0.004475532970283025,-0.004474204285009649,0.0,0.0,0.0,0.0,0.0,0.0,0.0,0.0,0.0,0.0,0.0,0.0,0.0,0.0,0.0,0.0,-0.001685004215536627,-0.001685004665739509,-0.001684997243239228,-0.001684850943452652,0.0,0.0,0.0,0.0,0.0,0.0,0.0,0.0,0.0,0.0,0.0,0.0,0.0,0.0,0.0,0.0,0.0,0.0,0.0,0.0,0.0,0.0,0.0,0.0,0.0,0.0,0.0,0.0,0.0,0.0,0.0,0.0,0.0,0.0,0.0,0.0,0.0,0.0,0.0,0.0,0.0,0.0,0.0,0.0,0.0,0.0,0.0,0.0,0.0,0.0,0.0,0.0,0.0,0.0,0.0,0.0,0.0,0.0,0.0,0.0,0.0,0.0,0.0,0.0,0.0,0.0,0.0,0.0,0.0,0.0,0.0,0.0,0.0,0.0,0.0,0.0,0.0,0.0,0.0,0.0
102_CT_2,0.0,0.0,0.0,0.0,0.0,0.0,0.0,0.0,0.0,0.0,0.0,0.0,0.0,0.0,0.0,0.0,0.0,0.0,0.0,0.0,0.0,0.0,0.0,0.0,0.0,0.0,0.0,0.0,0.0,0.0,0.0,0.0,0.0,0.0,0.0,0.0,0.0,0.0,0.0,0.0,0.0,0.0,0.0,0.0,0.0,0.0,0.0,0.0,0.0,0.0,0.0,0.0,0.0,0.0,0.0,0.0,0.0,0.0,0.0,0.0,-0.0016850042154841482,-0.001685004665687044,-0.0016849972431865201,-0.0016848509434001736,0.0,0.0,0.0,0.0,0.0,0.0,0.0,0.0,0.0,0.0,0.0,0.0,0.0,0.0,0.0,0.0,0.0,0.0,0.0,0.0,0.0,0.0,0.0,0.0,0.0,0.0,0.0,0.0,0.0,0.0,0.0,0.0,0.0,0.0,0.0,0.0,0.0,0.0,0.0,0.0,0.0,0.0,0.0,0.0,0.0,0.0,0.0,0.0,0.0,0.0,0.0,0.0,0.0,0.0,0.0,0.0,0.0,0.0,0.0,0.0,0.0,0.0,0.0,0.0,0.0,0.0,0.0,0.0,0.0,0.0,0.0,0.0,0.0,0.0,0.0,0.0,0.0,0.0,0.0,0.0
102_STEAM_3,-0.035553043927779776,-0.03554166503965711,-0.035608765924020735,-0.03557212394032215,-0.008374687120128649,-0.008359058916659917,-0.008728976266348276,-0.008472390416830192,0.03181908400473313,0.03181423460719107,0.03203868878534433,0.03189769807372079,-0.028454867135967246,-0.028465853787064094,-0.028695277763880478,-0.02853533972258417,-0.023533505019131776,-0.023537217044986347,-0.023567346598642347,-0.02354545326934592,-0.026012095160996666,-0.026015121732627284,-0.02600027319267073,-0.026014662651422476,-0.018397235833223807,-0.018397488671959783,-0.018399059975259036,-0.01839819830372828,-0.012448091109115184,-0.012447598464303267,-0.012451837512157615,-0.012448187426831204,-0.012672685857604865,-0.012672659054218882,-0.012672632750542645,-0.012672686478423114,-0.005509421237675199,-0.00550941847572417,-0.005509460671067501,-0.005509421551635855,-0.021236139402044135,-0.021236191021089312,-0.021236210894923113,-0.021236275479856355,-3.2008144190687204e-09,-3.200699927319306e-09,-3.201043430323125e-09,-3.2002608541851163e-09,-1.7676850261327814e-09,-1.7684376185655992e-09,-1.766326418461972e-09,-1.767117288804683e-09,-1.97105826105215e-09,-1.9710121312854767e-09,-1.9687893537678747e-09,-1.969951298039233e-09,-5.375599965162792e-10,-5.377108203141745e-10,-5.374273248648365e-10,-5.374617377497663e-10,-0.009751358403946586,-0.009751368656409243,-0.009751079957226905,-0.009751284865965973,-2.1551727069635263e-10,-2.1531366967142418e-10,-2.1547830186818828e-10,-2.1494183650762902e-10,-1.1133926468417326e-09,-1.113058478718898e-09,-1.1122983645250883e-09,-1.1122700443743558e-09,-1.8480750818561376e-09,-1.8477977203890106e-09,-1.8426399295279339e-09,-1.8470638764456057e-09,-1.7244505823299505e-10,-1.7238940830388572e-10,-1.7252987927207641e-10,-1.724508262164464e-10,-0.00014890058851325938,-0.00014890126310670992,-0.00014890108992904327,-0.00014889938021601668,-0.005167009211605039,-0.005167060354602182,-0.005166987738274398,-0.005166980869937674,-0.006935194435560343,-0.006935246155621577,-0.006935143158550927,-0.006935193456153557,-0.010307250228050124,-0.010307256031097944,-0.010308405446718294,-0.01030815047131105,0.0,0.0,0.0,0.0,0.0,0.0,0.0,0.0,0.0,0.0,0.0,0.0,0.0,0.0,0.0,0.0,0.0,0.0,0.0,0.0,0.0,0.0,0.0,0.0,0.0,0.0,0.0,0.0,0.0,0.0,0.0,0.0,0.0,0.0,0.0,0.0,0.0,0.0,0.0,0.0,0.0,0.0,0.0,0.0,0.0,0.0,0.0,0.0
102_STEAM_4,-0.03624191907126084,-0.03623051613768541,-0.036298015422217667,-0.03626082070500385,-0.008374687120128649,-0.008359058916659917,-0.008728976266348276,-0.008472390416830192,0.03183736368731874,0.03183236082232305,0.03206225122710982,0.03191796548674686,-0.027835067378243383,-0.027801453094047357,-0.02841126838910224,-0.027949648548383818,-0.023533505019131776,-0.023537217044986347,-0.023567346598642347,-0.02354545326934592,-0.026012095155062427,-0.02601512172669172,-0.02600027318674769,-0.02601466264549292,-0.018404855015580757,-0.018405108539940263,-0.018406681098657396,-0.018405818369690536,-0.012448091109115184,-0.012447598464303267,-0.012451837512157615,-0.012448187426831204,-0.01264118656156904,-0.012641159552795267,-0.012641133872560495,-0.012641187222135612,-0.0055094212354872,-0.005509418473536198,-0.005509460668879251,-0.005509421549448715,-0.02130834586338226,-0.021308397815614222,-0.021308417545487846,-0.021308482398588343,-3.195808756517593e-09,-3.1956596258098102e-09,-3.1960543100950645e-09,-3.195267064447292e-09,-1.7676849983772058e-09,-1.7684375075432968e-09,-1.766326196417367e-09,-1.7671172888044638e-09,-1.9710583443188767e-09,-1.9710121312854767e-09,-1.9687893537678747e-09,-1.969951298039427e-09,-5.375797862416931e-10,-5.377310818843739e-10,-5.374467537677674e-10,-5.374812889387135e-10,-0.0097515922315691,-0.009751602484402017,-0.009751313774210235,-0.009751518690805249,-2.155941258852323e-10,-2.1538984484870127e-10,-2.1555479623458496e-10,-2.1501587529890797e-10,-1.1068803300881074e-09,-1.1065943994470473e-09,-1.1056228155226222e-09,-1.105783832487149e-09,-1.8478936714139138e-09,-1.8475911911508547e-09,-1.8424167746999842e-09,-1.846850712534429e-09,-1.7260434748145315e-10,-1.725898590709818e-10,-1.7275181285469898e-10,-1.7265067119220687e-10,-0.00014890058850770826,-0.0001489012631011588,-0.00014890108992349216,-0.000148899380210451,-0.00516817718095311,-0.005168228352428264,-0.005168155701959276,-0.005168148881315492,-0.006935298013903524,-0.006935349735762375,-0.006935246740602752,-0.006935297037402868,-0.010277328113333484,-0.010277332363970965,-0.010278467883196862,-0.01027822041710169,0.0,0.0,0.0,0.0,0.0,0.0,0.0,0.0,0.0,0.0,0.0,0.0,0.0,0.0,0.0,0.0,0.0,0.0,0.0,0.0,0.0,0.0,0.0,0.0,0.0,0.0,0.0,0.0,0.0,0.0,0.0,0.0,0.0,0.0,0.0,0.0,0.0,0.0,0.0,0.0,0.0,0.0,0.0,0.0,0.0,0.0,0.0,0.0
107_CC_1,0.2546868967953513,0.2546569413602777,0.2547465109354814,0.2547141141241218,0.19920327697229845,0.19920784933732105,0.19921840097247667,0.19924852126078305,0.11666847521078194,0.11666884146103218,0.1166602851271552,0.11666648525488153,0.20347492393332772,0.20347421321479553,0.20348901662208974,0.20347969889886966,0.16552236798851827,0.16552305154414804,0.1655282729278671,0.16552542292094893,0.2089548775495652,0.20895161175575172,0.20896170735321107,0.20895698245275837,0.18544329098985735,0.18544300771953393,0.18544351439567297,0.1854431479892659,-1.2916987335298558e-07,-1.3011015531638748e-07,-1.311263613246183e-07,-1.293587381619306e-07,-7.127515055938005e-08,-7.123732381764114e-08,-7.133217483357157e-08,-7.128449618578055e-08,-4.581772161671438e-08,-4.5841404450186474e-08,-4.5846110019454045e-08,-4.579696537651638e-08,-8.894584957452878e-09,-8.903418668992913e-09,-8.886948066333389e-09,-8.886708999134796e-09,-6.625866388887403e-08,-6.629019311255036e-08,-6.62603216738944e-08,-6.625962939678364e-08,-0.04353954447112973,-0.0435451604515249,-0.04354028742470639,-0.043545023026493636,-0.04364350684417184,-0.043643550119199404,-0.043643140658765844,-0.04364336776436641,-0.025685787161374152,-0.025685722105146525,-0.02568559187662922,-0.025685816414975124,-0.028696229329668754,-0.028696251375933346,-0.02869545360496062,-0.02869598240587393,-0.02642673389412864,-0.02642723898054339,-0.026427444521954335,-0.02642856053454075,-0.007105956755719567,-0.007105916064535811,-0.007106083496986049,-0.007106023359148432,-4.923991170358022e-08,-4.9235943100356394e-08,-4.925648777742708e-08,-4.921880818519416e-08,-4.557508148650413e-09,-4.557137667227096e-09,-4.561384603363194e-09,-4.557346570837496e-09,-2.8965985554574303e-08,-2.897023110293162e-08,-2.897666284695788e-08,-2.8965412703104448e-08,-3.8778989575050105e-08,-3.877418769393515e-08,-3.874738574438652e-08,-3.875322652007635e-08,-3.897326239510335e-08,-3.8977517324845223e-08,-3.901508138781651e-08,-3.898481318970269e-08,0.11417548600759031,0.11417616968423061,0.11417904485806307,0.11417800472794236,0.0,0.0,0.0,0.0,0.0,0.0,0.0,0.0,0.0,0.0,0.0,0.0,0.0,0.0,0.0,0.0,0.0,0.0,0.0,0.0,0.0,0.0,0.0,0.0,0.0,0.0,0.0,0.0,0.0,0.0,0.0,0.0,0.0,0.0,0.0,0.0,0.0,0.0,0.0,0.0,0.0,0.0,0.0,0.0,0.0,0.0,0.0,0.0
113_CT_1,0.0,0.0,0.0,0.0,0.0,0.0,0.0,0.0,0.0,0.0,0.0,0.0,0.0,0.0,0.0,0.0,0.0,0.0,0.0,0.0,0.0,0.0,0.0,0.0,0.0,0.0,0.0,0.0,0.0,0.0,0.0,0.0,0.0,0.0,0.0,0.0,0.0,0.0,0.0,0.0,0.0,0.0,0.0,0.0,0.0,0.0,0.0,0.0,0.0,0.0,0.0,0.0,0.0,0.0,0.0,0.0,0.0,0.0,0.0,0.0,0.0,0.0,0.0,0.0,0.0,0.0,0.0,0.0,0.0,0.0,0.0,0.0,0.0,0.0,0.0,0.0,0.0,0.0,0.0,0.0,0.0,0.0,0.0,0.0,0.0,0.0,0.0,0.0,0.0,0.0,0.0,0.0,0.0,0.0,0.0,0.0,0.0,0.0,0.0,0.0,0.0,0.0,0.0,0.0,0.0,0.0,0.0,0.0,0.0,0.0,0.0,0.0,0.0,0.0,0.0,0.0,0.0,0.0,0.0,0.0,0.0,0.0,0.0,0.0,0.0,0.0,0.0,0.0,0.0,0.0,0.0,0.0,0.0,0.0,0.0,0.0,0.0,0.0,0.0,0.0,0.0,0.0,0.0,0.0
113_CT_2,0.0,0.0,0.0,0.0,0.0,0.0,0.0,0.0,0.0,0.0,0.0,0.0,0.0,0.0,0.0,0.0,0.0,0.0,0.0,0.0,0.0,0.0,0.0,0.0,0.0,0.0,0.0,0.0,0.0,0.0,0.0,0.0,0.0,0.0,0.0,0.0,0.0,0.0,0.0,0.0,0.0,0.0,0.0,0.0,0.0,0.0,0.0,0.0,0.0,0.0,0.0,0.0,0.0,0.0,0.0,0.0,0.0,0.0,0.0,0.0,0.0,0.0,0.0,0.0,0.0,0.0,0.0,0.0,0.0,0.0,0.0,0.0,0.0,0.0,0.0,0.0,0.0,0.0,0.0,0.0,0.0,0.0,0.0,0.0,0.0,0.0,0.0,0.0,0.0,0.0,0.0,0.0,0.0,0.0,0.0,0.0,0.0,0.0,0.0,0.0,0.0,0.0,0.0,0.0,0.0,0.0,0.0,0.0,0.0,0.0,0.0,0.0,0.0,0.0,0.0,0.0,0.0,0.0,0.0,0.0,0.0,0.0,0.0,0.0,0.0,0.0,0.0,0.0,0.0,0.0,0.0,0.0,0.0,0.0,0.0,0.0,0.0,0.0,0.0,0.0,0.0,0.0,0.0,0.0
113_CT_3,0.0,0.0,0.0,0.0,0.0,0.0,0.0,0.0,0.0,0.0,0.0,0.0,0.0,0.0,0.0,0.0,0.0,0.0,0.0,0.0,0.0,0.0,0.0,0.0,0.0,0.0,0.0,0.0,0.0,0.0,0.0,0.0,0.0,0.0,0.0,0.0,0.0,0.0,0.0,0.0,0.0,0.0,0.0,0.0,0.0,0.0,0.0,0.0,0.0,0.0,0.0,0.0,0.0,0.0,0.0,0.0,0.0,0.0,0.0,0.0,0.0,0.0,0.0,0.0,0.0,0.0,0.0,0.0,0.0,0.0,0.0,0.0,0.0,0.0,0.0,0.0,0.0,0.0,0.0,0.0,0.0,0.0,0.0,0.0,0.0,0.0,0.0,0.0,0.0,0.0,0.0,0.0,0.0,0.0,0.0,0.0,0.0,0.0,0.0,0.0,0.0,0.0,0.0,0.0,0.0,0.0,0.0,0.0,0.0,0.0,0.0,0.0,0.0,0.0,0.0,0.0,0.0,0.0,0.0,0.0,0.0,0.0,0.0,0.0,0.0,0.0,0.0,0.0,0.0,0.0,0.0,0.0,0.0,0.0,0.0,0.0,0.0,0.0,0.0,0.0,0.0,0.0,0.0,0.0
113_CT_4,0.0,0.0,0.0,0.0,0.0,0.0,0.0,0.0,0.0,0.0,0.0,0.0,0.0,0.0,0.0,0.0,0.0,0.0,0.0,0.0,0.0,0.0,0.0,0.0,0.0,0.0,0.0,0.0,0.0,0.0,0.0,0.0,0.0,0.0,0.0,0.0,0.0,0.0,0.0,0.0,0.0,0.0,0.0,0.0,0.0,0.0,0.0,0.0,0.0,0.0,0.0,0.0,0.0,0.0,0.0,0.0,0.0,0.0,0.0,0.0,0.0,0.0,0.0,0.0,0.0,0.0,0.0,0.0,0.0,0.0,0.0,0.0,0.0,0.0,0.0,0.0,0.0,0.0,0.0,0.0,0.0,0.0,0.0,0.0,0.0,0.0,0.0,0.0,0.0,0.0,0.0,0.0,0.0,0.0,0.0,0.0,0.0,0.0,0.0,0.0,0.0,0.0,0.0,0.0,0.0,0.0,0.0,0.0,0.0,0.0,0.0,0.0,0.0,0.0,0.0,0.0,0.0,0.0,0.0,0.0,0.0,0.0,0.0,0.0,0.0,0.0,0.0,0.0,0.0,0.0,0.0,0.0,0.0,0.0,0.0,0.0,0.0,0.0,0.0,0.0,0.0,0.0,0.0,0.0
115_STEAM_1,0.0,0.0,0.0,0.0,0.0,0.0,0.0,0.0,0.0,0.0,0.0,0.0,0.0,0.0,0.0,0.0,0.0,0.0,0.0,0.0,0.0,0.0,0.0,0.0,0.0,0.0,0.0,0.0,0.0,0.0,0.0,0.0,0.0,0.0,0.0,0.0,0.0,0.0,0.0,0.0,0.0,0.0,0.0,0.0,0.0,0.0,0.0,0.0,0.0,0.0,0.0,0.0,0.0,0.0,0.0,0.0,0.0,0.0,0.0,0.0,0.0038387026647096686,0.0038380907641893808,0.0038734713081662875,0.003854081802880323,-0.00258423833707961,-0.0025841800648049983,-0.002582931655458809,-0.0025811869831866008,1.264560391060948e-06,1.264608762288508e-06,1.2641917053052287e-06,1.2646580075553768e-06,1.890139587901185e-07,1.8899053286572376e-07,1.8919175825971024e-07,1.8901456447318168e-07,-0.0017808622672025876,-0.0017812777642985493,-0.0017818833582667476,-0.0017771157327391108,0.0,0.0,0.0,0.0,0.0,0.0,0.0,0.0,0.0,0.0,0.0,0.0,0.0,0.0,0.0,0.0,0.0,0.0,0.0,0.0,0.0,0.0,0.0,0.0,0.0,0.0,0.0,0.0,0.0,0.0,0.0,0.0,0.0,0.0,0.0,0.0,0.0,0.0,0.0,0.0,0.0,0.0,0.0,0.0,0.0,0.0,0.0,0.0,0.0,0.0,0.0,0.0,0.0,0.0,0.0,0.0,0.0,0.0,0.0,0.0,0.0,0.0,0.0,0.0
115_STEAM_2,0.0,0.0,0.0,0.0,0.0,0.0,0.0,0.0,0.0,0.0,0.0,0.0,0.0,0.0,0.0,0.0,0.0,0.0,0.0,0.0,0.0,0.0,0.0,0.0,0.0,0.0,0.0,0.0,0.0,0.0,0.0,0.0,0.0,0.0,0.0,0.0,0.0,0.0,0.0,0.0,0.0,0.0,0.0,0.0,0.0,0.0,0.0,0.0,0.0,0.0,0.0,0.0,0.0,0.0,0.0,0.0,0.0,0.0,0.0,0.0,0.0,0.0,0.0,0.0,0.0,0.0,0.0,0.0,0.0,0.0,0.0,0.0,0.0,0.0,0.0,0.0,0.0,0.0,0.0,0.0,0.0,0.0,0.0,0.0,0.0,0.0,0.0,0.0,0.0,0.0,0.0,0.0,0.0,0.0,0.0,0.0,0.0,0.0,0.0,0.0,0.0,0.0,0.0,0.0,0.0,0.0,0.0,0.0,0.0,0.0,0.0,0.0,0.0,0.0,0.0,0.0,0.0,0.0,0.0,0.0,0.0,0.0,0.0,0.0,0.0,0.0,0.0,0.0,0.0,0.0,0.0,0.0,0.0,0.0,0.0,0.0,0.0,0.0,0.0,0.0,0.0,0.0,0.0,0.0
115_STEAM_3,6.35625626577152e-07,6.358776423187606e-07,6.353694077532168e-07,6.35455068138578e-07,7.203844301639784e-07,7.203704952551959e-07,7.206843273266372e-07,7.204952313048695e-07,4.603592409502255e-07,4.6034801559624583e-07,4.602581138435369e-07,4.6031067689516855e-07,4.2513718737091644e-07,4.2513768194751833e-07,4.2542297107317495e-07,4.252627602690685e-07,4.1746097474704147e-07,4.1752609980516553e-07,4.1782909465659657e-07,4.176275793669487e-07,5.480938601968391e-07,5.480767576448997e-07,5.481742868518324e-07,5.481000217430096e-07,-0.0932112807863898,-0.09322270405821209,-0.09324099938459929,-0.09323377479754837,-0.10765927321726187,-0.10764802770276816,-0.10765984050471156,-0.1076605875786701,-0.14598185373659053,-0.14598165662564666,-0.14598227415775256,-0.14598240022823603,-0.10576947474860926,-0.10576952476431845,-0.10577026539508472,-0.10576903309914112,-0.11402237709838492,-0.11402168902025533,-0.11402161850381942,-0.11402188887834988,-0.1115988123871394,-0.11159897157501542,-0.11159886685465681,-0.11159945422689288,-0.10741696175680887,-0.10741845947548123,-0.1074150698456422,-0.10741753947620582,-0.12117759566817674,-0.12117662938891116,-0.12117828514180573,-0.12117783058188449,-0.10952614524718204,-0.10952267848660124,-0.10952663500209447,-0.10952798699181368,-0.018368290540614618,-0.018368302732555186,-0.018367746438477273,-0.018368142195038815,-0.06950543816133642,-0.06950583564168519,-0.06950360394519683,-0.06950615464659124,-0.06730723347899496,-0.06730792772530396,-0.06730750034993327,-0.06730836491514555,-0.06230900230707803,-0.06230875359336552,-0.062312072378963634,-0.06230934322213897,-0.0574773112863049,-0.05747727873865405,-0.057477411904145015,-0.05747784603416045,-0.049817791953956955,-0.04981839027854276,-0.049819759492129356,-0.049818144879187946,-0.07532559666865035,-0.07532707064251937,-0.075326899696876,-0.07532663990234294,-0.059987822266654,-0.0599886672136154,-0.05999032535902793,-0.059989132690915374,-0.05738536403616745,-0.057391709494420934,-0.0574250428445815,-0.05740207805925862,0.0,0.0,0.0,0.0,0.0,0.0,0.0,0.0,0.0,0.0,0.0,0.0,0.0,0.0,0.0,0.0,0.0,0.0,0.0,0.0,0.0,0.0,0.0,0.0,0.0,0.0,0.0,0.0,0.0,0.0,0.0,0.0,0.0,0.0,0.0,0.0,0.0,0.0,0.0,0.0,0.0,0.0,0.0,0.0,0.0,0.0,0.0,0.0
116_STEAM_1,1.1755192316220686e-06,1.1760282938033662e-06,1.174647983326338e-06,1.175115073284598e-06,1.1384366552791292e-06,1.138403188383208e-06,1.1390721184056929e-06,1.138609594112667e-06,6.202542252031762e-07,6.20239467785666e-07,6.19823704361977e-07,6.200627616444294e-07,5.675756557521616e-07,5.675701355567497e-07,5.681864645445955e-07,5.677851481741178e-07,7.179714572869145e-07,7.182470803668295e-07,7.189115143191316e-07,7.182878701486041e-07,9.956055164184185e-07,9.95410729953683e-07,9.953458421918526e-07,9.94765561392964e-07,-0.09321787422789654,-0.09322292414480993,-0.09323001437650369,-0.09322606547445068,-0.10764747649920847,-0.10765193727336386,-0.10770473973353933,-0.10764939886499439,-0.014742642558601249,-0.014742640539902374,-0.014742642946009799,-0.014742643562276718,-1.0221356339101817e-06,-1.0220868186250343e-06,-1.022067835254603e-06,-1.021996568614383e-06,-0.025856317324256084,-0.02585631903298813,-0.025856313607268255,-0.025856415274085113,-1.9659737141020095e-06,-1.965787458590995e-06,-1.96585760292578e-06,-1.965639855642967e-06,-0.04200664709924007,-0.042007047663203956,-0.0420064042042978,-0.04200675796591589,-6.852029126314108e-07,-6.851138478758401e-07,-6.85281372092561e-07,-6.85216713243603e-07,-1.4941039183646865e-07,-1.4934990910653312e-07,-1.494418995218183e-07,-1.4944730100303254e-07,-0.01835864954785532,-0.018358659298860547,-0.01835810645664826,-0.018358479990201376,-0.0695056880989689,-0.06950569168550033,-0.06950516001316553,-0.06950554326330505,-0.06730646514424793,-0.06730656369542426,-0.06730650707319485,-0.06730663872104377,-0.062308318460618684,-0.06230809223001965,-0.06231044817529274,-0.06230855526823443,-0.05747726146928134,-0.057477221684048035,-0.05747735956136424,-0.05747778779450706,-0.04981780684771099,-0.04981813600814561,-0.049818845397562095,-0.049817923488637735,-0.01531379984655995,-0.01531394351884749,-0.015313851819244162,-0.015313839205005257,-0.059987997791149716,-0.05998846660285398,-0.05998912835876191,-0.059988624192324445,-0.05739272939660117,-0.057395092902592176,-0.05740492257280683,-0.05739875492114102,0.0,0.0,0.0,0.0,0.0,0.0,0.0,0.0,0.0,0.0,0.0,0.0,0.0,0.0,0.0,0.0,0.0,0.0,0.0,0.0,0.0,0.0,0.0,0.0,0.0,0.0,0.0,0.0,0.0,0.0,0.0,0.0,0.0,0.0,0.0,0.0,0.0,0.0,0.0,0.0,0.0,0.0,0.0,0.0,0.0,0.0,0.0,0.0
118_CC_1,0.0,0.0,0.0,0.0,0.0,0.0,0.0,0.0,0.0,0.0,0.0,0.0,0.0,0.0,0.0,0.0,0.0,0.0,0.0,0.0,0.0,0.0,0.0,0.0,0.0,0.0,0.0,0.0,0.0,0.0,0.0,0.0,0.0,0.0,0.0,0.0,-0.17832191805382674,-0.1783249386589807,-0.17836471244712193,-0.1783484656175765,-0.22681781820024954,-0.22682071854452057,-0.22681399401211522,-0.22681463380218134,-0.18224093334010572,-0.18224290396515053,-0.1822419060192111,-0.18224231567353724,-0.2136784517287701,-0.21368315001917937,-0.21367254981305983,-0.21367893851174266,-0.04268254360656809,-0.04268204092142991,-0.042680948751787184,-0.042681248719910386,-0.0668238128222064,-0.06682339101618684,-0.06682390088490875,-0.06682409193248301,-0.0433088490721103,-0.04330891359561195,-0.043307325942319785,-0.043308602448603836,-0.13826388353787378,-0.13826426128873964,-0.13826135166621611,-0.13826458526719437,-0.13389147726487338,-0.13389196746391796,-0.13389217547702525,-0.13389274874613352,-0.12394796083005288,-0.12394745944146834,-0.1239566516346784,-0.12394848591030344,-0.11433671400712708,-0.114336614357401,-0.11433702801490497,-0.11433744966585385,-0.08399444320718966,-0.08399482541210457,-0.0839970216367043,-0.08399524566099352,0.0,0.0,0.0,0.0,0.0,0.0,0.0,0.0,0.0,0.0,0.0,0.0,0.0,0.0,0.0,0.0,0.0,0.0,0.0,0.0,0.0,0.0,0.0,0.0,0.0,0.0,0.0,0.0,0.0,0.0,0.0,0.0,0.0,0.0,0.0,0.0,0.0,0.0,0.0,0.0,0.0,0.0,0.0,0.0,0.0,0.0,0.0,0.0,0.0,0.0,0.0,0.0,0.0,0.0,0.0,0.0,0.0,0.0,0.0,0.0
122_WIND_1,0.5924742515631838,-0.4075868029652554,-0.4073973623501743,-0.4074713366206365,0.6048812263183692,-0.39511794754623963,-0.39512239425130957,-0.3951147276008974,0.5544451703149149,-0.44555484968998105,-0.4455523899020122,-0.4455538216890859,0.544529417028929,-0.4554704938965308,-0.4554752214470277,-0.4554714716529085,0.40087239112552564,-0.5991289129060293,-0.5991254757807365,-0.5991267211862072,0.42120983570855935,-0.5787875973221235,-0.5787934334668314,-0.5787917088967486,0.33147898014122124,-0.6685179165605524,-0.6685177707634224,-0.668519703492282,0.25521399837605685,-0.7447623606636071,-0.7446270017723435,-0.7447810524644423,0.10219587604250946,-0.8978041979478188,-0.8978041896219722,-0.8978039707978511,0.5103197113148693,-0.48967898304900714,-0.48967187161923853,-0.4896757429778766,0.489841454394344,-0.5101539356603553,-0.5101557319703467,-0.5101524996609814,0.4678428874141902,-0.5321449246744487,-0.5321554889230669,-0.5321399756561616,0.4336530021781174,-0.5663394634888572,-0.5663466292991579,-0.5663432623199528,0.30293995078677294,-0.6970557975395648,-0.6970597416272959,-0.6970573759793267,0.29654841448312386,-0.703455393147876,-0.7034473956521765,-0.7034463173509717,0.9101932459290734,-0.08980674288891133,-0.08980540255769043,-0.08980591951627957,0.4373628201119022,-0.562636632340844,-0.5626355701094123,-0.5626341180767689,0.4330886265251068,-0.5669122082856388,-0.5669101806145758,-0.5669121685673961,0.47724054010345984,-0.5227596502150198,-0.5227592526035636,-0.5227598991293384,0.5419202405447883,-0.4580797933958185,-0.4580781990230207,-0.4580801045711986,0.5813648449955432,-0.4186353532447391,-0.41863555366563876,-0.4186352793522812,0.3442873928980217,-0.6557126385996586,-0.6557128800935779,-0.655713000272172,0.4967380139613544,-0.5032611754636032,-0.5032592470330322,-0.5032591429842801,0.3845811837107256,-0.6154177048780172,-0.6154121821349641,-0.6154160087883378,0.0,0.0,0.0,0.0,0.0,0.0,0.0,0.0,0.0,0.0,0.0,0.0,0.0,0.0,0.0,0.0,0.0,0.0,0.0,0.0,0.0,0.0,0.0,0.0,0.0,0.0,0.0,0.0,0.0,0.0,0.0,0.0,0.0,0.0,0.0,0.0,0.0,0.0,0.0,0.0,0.0,0.0,0.0,0.0,0.0,0.0,0.0,0.0
123_CT_1,0.0,0.0,0.0,0.0,0.0,0.0,0.0,0.0,0.0,0.0,0.0,0.0,0.0,0.0,0.0,0.0,0.0,0.0,0.0,0.0,0.0,0.0,0.0,0.0,0.0,0.0,0.0,0.0,0.0,0.0,0.0,0.0,0.0,0.0,0.0,0.0,0.0,0.0,0.0,0.0,0.0,0.0,0.0,0.0,0.0,0.0,0.0,0.0,0.0,0.0,0.0,0.0,0.0,0.0,0.0,0.0,0.0,0.0,0.0,0.0,0.0,0.0,0.0,0.0,0.0,0.0,0.0,0.0,0.0,0.0,0.0,0.0,0.0,0.0,0.0,0.0,0.0,0.0,0.0,0.0,0.0,0.0,0.0,0.0,0.0,0.0,0.0,0.0,0.0,0.0,0.0,0.0,0.0,0.0,0.0,0.0,0.0,0.0,0.0,0.0,0.0,0.0,0.0,0.0,0.0,0.0,0.0,0.0,0.0,0.0,0.0,0.0,0.0,0.0,0.0,0.0,0.0,0.0,0.0,0.0,0.0,0.0,0.0,0.0,0.0,0.0,0.0,0.0,0.0,0.0,0.0,0.0,0.0,0.0,0.0,0.0,0.0,0.0,0.0,0.0,0.0,0.0,0.0,0.0
123_CT_4,0.0,0.0,0.0,0.0,0.0,0.0,0.0,0.0,0.0,0.0,0.0,0.0,0.0,0.0,0.0,0.0,0.0,0.0,0.0,0.0,0.0,0.0,0.0,0.0,0.0,0.0,0.0,0.0,0.0,0.0,0.0,0.0,0.0,0.0,0.0,0.0,0.0,0.0,0.0,0.0,0.0,0.0,0.0,0.0,0.0,0.0,0.0,0.0,0.0,0.0,0.0,0.0,0.0,0.0,0.0,0.0,-2.1605674689784848e-08,-2.1592312375986182e-08,-2.1613937871165512e-08,-2.1613463861922855e-08,-0.005598835361112096,-0.00559882670157982,-0.005598521848314856,-0.005598766380822201,-1.194735784193567e-08,-1.19462085836332e-08,-1.192074002026442e-08,-1.1930790828151142e-08,0.0,0.0,0.0,0.0,0.0,0.0,0.0,0.0,0.0,0.0,0.0,0.0,0.0,0.0,0.0,0.0,0.0,0.0,0.0,0.0,0.0,0.0,0.0,0.0,0.0,0.0,0.0,0.0,0.0,0.0,0.0,0.0,0.0,0.0,0.0,0.0,0.0,0.0,0.0,0.0,0.0,0.0,0.0,0.0,0.0,0.0,0.0,0.0,0.0,0.0,0.0,0.0,0.0,0.0,0.0,0.0,0.0,0.0,0.0,0.0,0.0,0.0,0.0,0.0,0.0,0.0,0.0,0.0,0.0,0.0,0.0,0.0,0.0,0.0,0.0,0.0
123_CT_5,0.0,0.0,0.0,0.0,0.0,0.0,0.0,0.0,0.0,0.0,0.0,0.0,0.0,0.0,0.0,0.0,0.0,0.0,0.0,0.0,0.0,0.0,0.0,0.0,0.0,0.0,0.0,0.0,0.0,0.0,0.0,0.0,0.0,0.0,0.0,0.0,0.0,0.0,0.0,0.0,0.0,0.0,0.0,0.0,0.0,0.0,0.0,0.0,0.0,0.0,0.0,0.0,0.0,0.0,0.0,0.0,0.0,0.0,0.0,0.0,0.0,0.0,0.0,0.0,0.0,0.0,0.0,0.0,0.0,0.0,0.0,0.0,0.0,0.0,0.0,0.0,0.0,0.0,0.0,0.0,0.0,0.0,0.0,0.0,0.0,0.0,0.0,0.0,0.0,0.0,0.0,0.0,0.0,0.0,0.0,0.0,0.0,0.0,0.0,0.0,0.0,0.0,0.0,0.0,0.0,0.0,0.0,0.0,0.0,0.0,0.0,0.0,0.0,0.0,0.0,0.0,0.0,0.0,0.0,0.0,0.0,0.0,0.0,0.0,0.0,0.0,0.0,0.0,0.0,0.0,0.0,0.0,0.0,0.0,0.0,0.0,0.0,0.0,0.0,0.0,0.0,0.0,0.0,0.0
123_STEAM_2,8.677246312815967e-06,8.679130230504484e-06,8.674678402265101e-06,8.675882493566991e-06,4.274333477993775e-06,4.274281335314711e-06,4.275512553775229e-06,4.274813178004511e-06,1.4849621037260619e-06,1.4849427129037807e-06,1.4848603999695342e-06,1.4848908363223955e-06,1.2758481883201611e-06,1.2758257558198594e-06,1.276392018301209e-06,1.2760337895277684e-06,6.940678256323052e-06,6.9411048573275735e-06,6.94356998875989e-06,6.941764385894733e-06,8.521084712054261e-06,8.52113186577963e-06,8.521606296163498e-06,8.52112656864668e-06,2.675095953369455e-05,2.675777587002326e-05,2.6772953939602218e-05,2.676503426224618e-05,-3.08770968404648e-07,-3.0694863051294874e-07,-3.01070047115104e-07,-3.0867101104610806e-07,-1.446317859921109e-07,-1.4461428610168525e-07,-1.4464935871316698e-07,-1.4463801714826312e-07,-8.833929582285904e-08,-8.833019282672439e-08,-8.834666154200477e-08,-8.833208510871646e-08,-1.8614618846335418e-08,-1.8609992546991805e-08,-1.8614318086918047e-08,-1.861443778956251e-08,-1.2828877848924947e-07,-1.282758536058637e-07,-1.2828895723515643e-07,-1.282806088162596e-07,-8.45838311613889e-08,-8.457800237948732e-08,-8.457764000269208e-08,-8.458267068745887e-08,-8.221973107902514e-08,-8.220955094451199e-08,-8.222140213121065e-08,-8.221903093625436e-08,-2.347519806322751e-08,-2.346504268668781e-08,-2.3481523392376857e-08,-2.3481613293802517e-08,-0.014677623171248322,-0.014677631643161881,-0.014677244537770084,-0.014677507651770097,-1.1729153426287553e-08,-1.1728216287032467e-08,-1.1728103377350863e-08,-1.1727358274665924e-08,-6.315655401888697e-08,-6.315746882491112e-08,-6.317430711888505e-08,-6.316217738557779e-08,-1.226995363090566e-07,-1.2269306082224318e-07,-1.22712529693203e-07,-1.2269527473161715e-07,-1.1728199911242854e-08,-1.1728158166857128e-08,-1.17283756040365e-08,-1.1728908889122308e-08,-8.037412058126137e-08,-8.038075252625454e-08,-8.039581578245247e-08,-8.03627026739557e-08,-8.063786510748017e-08,-8.064997567003296e-08,-8.062999645730429e-08,-8.0628921476593e-08,-9.901148623203682e-08,-9.902568781638976e-08,-9.899939179547346e-08,-9.900863658850986e-08,1.2939442628367992e-05,1.2945279280529576e-05,1.2981795575406352e-05,1.296015993158367e-05,0.0,0.0,0.0,0.0,0.0,0.0,0.0,0.0,0.0,0.0,0.0,0.0,0.0,0.0,0.0,0.0,0.0,0.0,0.0,0.0,0.0,0.0,0.0,0.0,0.0,0.0,0.0,0.0,0.0,0.0,0.0,0.0,0.0,0.0,0.0,0.0,0.0,0.0,0.0,0.0,0.0,0.0,0.0,0.0,0.0,0.0,0.0,0.0
123_STEAM_3,1.3374626503415143e-05,1.3377176112827627e-05,1.3369795828666042e-05,1.3372596679093028e-05,5.98094623027734e-06,5.980924846937796e-06,5.98195504863952e-06,5.981495414794692e-06,1.7126404229239611e-06,1.7126992113425388e-06,1.7117994062232356e-06,1.712590768705838e-06,1.4256199222240085e-06,1.4255416780351027e-06,1.4264566381427812e-06,1.4260289806021486e-06,1.621068695048522e-05,1.6211158351708832e-05,1.6225640879774517e-05,1.6218246585347416e-05,1.7023269362148596e-05,1.7028539237573526e-05,1.70216770465359e-05,1.702573688134488e-05,-6.792472567296315e-06,-6.7939060262034445e-06,-6.793194760490451e-06,-6.793609632949136e-06,-2.4082295219107763e-07,-2.395404856692096e-07,-2.3606035970402672e-07,-2.4064712096851294e-07,-1.355697186733451e-07,-1.3555328171044323e-07,-1.3560673561840986e-07,-1.3557421196761782e-07,-8.70266803065789e-08,-8.705311671519667e-08,-8.70482583792409e-08,-8.701301263531503e-08,-1.9345982704699338e-08,-1.9364938985688696e-08,-1.932820214989306e-08,-1.932878118624809e-08,-1.3031463363954998e-07,-1.3031955958808794e-07,-1.3031432644083907e-07,-1.3029547835420973e-07,-8.446593591227014e-08,-8.447704225034158e-08,-8.441085252997027e-08,-8.444405299680223e-08,-8.067979129222635e-08,-8.068360513036055e-08,-8.058243583519697e-08,-8.062279350820943e-08,-2.6638924177646572e-08,-2.6654600748798885e-08,-2.6632801297665765e-08,-2.663187575681495e-08,-0.039901366011695916,-0.03990138963446477,-0.039900245361884856,-0.03990092013021202,-1.1929642163011067e-08,-1.1925067711082704e-08,-1.1933520394080688e-08,-1.1920219139531071e-08,-6.371906742552861e-08,-6.371529546955002e-08,-6.37529922187241e-08,-6.37223140427167e-08,-1.2779120694972335e-07,-1.277899603913113e-07,-1.2781279679074942e-07,-1.2778802280018994e-07,-1.1976149960624127e-08,-1.1975582414613939e-08,-1.1981572178854094e-08,-1.197593270812456e-08,-7.95747574500183e-08,-7.958271652785953e-08,-7.960824355279783e-08,-7.958050762905046e-08,-8.011402186092198e-08,-8.01192122645844e-08,-8.010163909943913e-08,-8.01088945464332e-08,-1.0843535891424949e-07,-1.0843692244133507e-07,-1.0846503073480562e-07,-1.0844045027204677e-07,-0.02833766490808287,-0.02833762408986118,-0.0283393636518241,-0.02833738332111114,0.0,0.0,0.0,0.0,0.0,0.0,0.0,0.0,0.0,0.0,0.0,0.0,0.0,0.0,0.0,0.0,0.0,0.0,0.0,0.0,0.0,0.0,0.0,0.0,0.0,0.0,0.0,0.0,0.0,0.0,0.0,0.0,0.0,0.0,0.0,0.0,0.0,0.0,0.0,0.0,0.0,0.0,0.0,0.0,0.0,0.0,0.0,0.0
201_CT_1,0.0,0.0,0.0,0.0,0.0,0.0,0.0,0.0,0.0,0.0,0.0,0.0,0.0,0.0,0.0,0.0,0.0,0.0,0.0,0.0,0.0,0.0,0.0,0.0,0.0,0.0,0.0,0.0,0.0,0.0,0.0,0.0,0.0,0.0,0.0,0.0,0.0,0.0,0.0,0.0,-1.4533340038369591e-08,-1.4544184870346477e-08,-1.4527892833182676e-08,-1.4437770172370658e-08,0.0,0.0,0.0,0.0,0.0,0.0,0.0,0.0,0.0,0.0,0.0,0.0,0.0,0.0,0.0,0.0,-0.0017624146525341347,-0.0017624149029831088,-0.0017623889050716601,-0.0017623044273196301,0.0,0.0,0.0,0.0,0.0,0.0,0.0,0.0,0.0,0.0,0.0,0.0,0.0,0.0,0.0,0.0,0.0,0.0,0.0,0.0,0.0,0.0,0.0,0.0,0.0,0.0,0.0,0.0,0.0,0.0,0.0,0.0,0.0,0.0,0.0,0.0,0.0,0.0,0.0,0.0,0.0,0.0,0.0,0.0,0.0,0.0,0.0,0.0,0.0,0.0,0.0,0.0,0.0,0.0,0.0,0.0,0.0,0.0,0.0,0.0,0.0,0.0,0.0,0.0,0.0,0.0,0.0,0.0,0.0,0.0,0.0,0.0,0.0,0.0,0.0,0.0,0.0,0.0,0.0,0.0
201_CT_2,0.0,0.0,0.0,0.0,0.0,0.0,0.0,0.0,0.0,0.0,0.0,0.0,0.0,0.0,0.0,0.0,0.0,0.0,0.0,0.0,0.0,0.0,0.0,0.0,0.0,0.0,0.0,0.0,0.0,0.0,0.0,0.0,0.0,0.0,0.0,0.0,0.0,0.0,0.0,0.0,0.0,0.0,0.0,0.0,0.0,0.0,0.0,0.0,0.0,0.0,0.0,0.0,0.0,0.0,0.0,0.0,0.0,0.0,0.0,0.0,-0.001766542893705779,-0.0017665431395604905,-0.0017665170729969648,-0.0017664320913337317,0.0,0.0,0.0,0.0,0.0,0.0,0.0,0.0,0.0,0.0,0.0,0.0,0.0,0.0,0.0,0.0,0.0,0.0,0.0,0.0,0.0,0.0,0.0,0.0,0.0,0.0,0.0,0.0,0.0,0.0,0.0,0.0,0.0,0.0,0.0,0.0,0.0,0.0,0.0,0.0,0.0,0.0,0.0,0.0,0.0,0.0,0.0,0.0,0.0,0.0,0.0,0.0,0.0,0.0,0.0,0.0,0.0,0.0,0.0,0.0,0.0,0.0,0.0,0.0,0.0,0.0,0.0,0.0,0.0,0.0,0.0,0.0,0.0,0.0,0.0,0.0,0.0,0.0,0.0,0.0
201_STEAM_3,0.00015687875419240216,0.00015688262543447906,0.0001568801714015855,0.00015687627335832414,8.806846143460945e-06,8.806741761402392e-06,8.808563627393795e-06,8.80771801216737e-06,2.6359264047592923e-06,2.635968376629716e-06,2.6358309985763384e-06,2.6360403149722076e-06,2.0159590434498664e-06,2.0159447073897496e-06,2.016653993353046e-06,2.016279750545593e-06,0.004357359577122202,0.004357385737857322,0.004358177485823456,0.004357695635688665,0.019431028248047405,0.019431420083836692,0.019431300857908784,0.019431554817784503,0.04609708897426043,0.046107598511135384,0.04611564990117256,0.046111598016544034,-1.980222795461284e-07,-1.9692054947784143e-07,-1.950340575707088e-07,-1.9795287464984817e-07,-1.1348698131241619e-07,-1.134754153975237e-07,-1.1346708839177211e-07,-1.1348361648708273e-07,-7.20475981375035e-08,-7.2049472721325e-08,-7.20527366659951e-08,-7.203680872591813e-08,-1.3572315854526451e-08,-1.357064521867457e-08,-1.3571852752747304e-08,-1.3571683215732534e-08,-1.056561076129281e-07,-1.0565626884506685e-07,-1.0565811381368917e-07,-1.0564354785128835e-07,-1.2489757317268868e-07,-1.2489599465759227e-07,-1.248852834478953e-07,-1.2488987950868274e-07,-1.1723625889525913e-07,-1.172266419491308e-07,-1.1723305193278577e-07,-1.1723114373172572e-07,-2.8285456088461558e-08,-2.8281068154001332e-08,-2.828974687840713e-08,-2.8289158382863505e-08,-0.007075466054260238,-0.007075472427237661,-0.0070752789136370176,-0.007075410117681745,-1.59884500361418e-08,-1.5987657586702397e-08,-1.5985876955504352e-08,-1.5985963805430087e-08,-8.647004469879709e-08,-8.646173790816114e-08,-8.6467600746154e-08,-8.64579469172316e-08,-8.421105857081557e-08,-8.420601221859059e-08,-8.41398800632831e-08,-8.419509788580018e-08,-8.118920175048672e-09,-8.118793054512352e-09,-8.120853767223934e-09,-8.119413633732024e-09,-5.4385871292583765e-08,-5.439648707861178e-08,-5.439971551002287e-08,-5.436594663675214e-08,-6.265859439635868e-08,-6.267780099100673e-08,-6.264522145471574e-08,-6.26395107395879e-08,-6.598281487857349e-08,-6.599657900729916e-08,-6.594921386771091e-08,-6.597130309778515e-08,0.02837640117179735,0.028382745123746278,0.028408935410132674,0.028389939848407705,0.0,0.0,0.0,0.0,0.0,0.0,0.0,0.0,0.0,0.0,0.0,0.0,0.0,0.0,0.0,0.0,0.0,0.0,0.0,0.0,0.0,0.0,0.0,0.0,0.0,0.0,0.0,0.0,0.0,0.0,0.0,0.0,0.0,0.0,0.0,0.0,0.0,0.0,0.0,0.0,0.0,0.0,0.0,0.0,0.0,0.0,0.0,0.0
202_CT_1,0.0,0.0,0.0,0.0,0.0,0.0,0.0,0.0,0.0,0.0,0.0,0.0,0.0,0.0,0.0,0.0,0.0,0.0,0.0,0.0,0.0,0.0,0.0,0.0,0.0,0.0,0.0,0.0,0.0,0.0,0.0,0.0,0.0,0.0,0.0,0.0,0.0,0.0,0.0,0.0,-1.4819521887421416e-08,-1.4824828059589734e-08,-1.4822800764591193e-08,-1.4766467286494091e-08,0.0,0.0,0.0,0.0,0.0,0.0,0.0,0.0,0.0,0.0,0.0,0.0,0.012561904892260022,0.012561312974228703,0.01256155299422998,0.012562980843385398,-0.001984591248278593,-0.001984591387208412,-0.001984553856287874,-0.0019844754295826354,-1.7802334092986705e-08,-1.7797010518072476e-08,-1.778596706025759e-08,-1.7762017055619346e-08,0.0,0.0,0.0,0.0,0.0,0.0,0.0,0.0,0.0,0.0,0.0,0.0,0.0,0.0,0.0,0.0,0.0,0.0,0.0,0.0,0.0,0.0,0.0,0.0,0.0,0.0,0.0,0.0,0.0,0.0,0.0,0.0,0.0,0.0,0.0,0.0,0.0,0.0,0.0,0.0,0.0,0.0,0.0,0.0,0.0,0.0,0.0,0.0,0.0,0.0,0.0,0.0,0.0,0.0,0.0,0.0,0.0,0.0,0.0,0.0,0.0,0.0,0.0,0.0,0.0,0.0,0.0,0.0,0.0,0.0,0.0,0.0,0.0,0.0,0.0,0.0
202_CT_2,0.0,0.0,0.0,0.0,0.0,0.0,0.0,0.0,0.0,0.0,0.0,0.0,0.0,0.0,0.0,0.0,0.0,0.0,0.0,0.0,0.0,0.0,0.0,0.0,0.0,0.0,0.0,0.0,0.0,0.0,0.0,0.0,0.0,0.0,0.0,0.0,0.0,0.0,0.0,0.0,-1.4389318625518399e-08,-1.4396857470067026e-08,-1.4388620628302817e-08,-1.4335827468280548e-08,0.0,0.0,0.0,0.0,0.0,0.0,0.0,0.0,0.0,0.0,0.0,0.0,0.0,0.0,0.0,0.0,-0.001984591248278593,-0.001984591387208412,-0.001984553856287874,-0.0019844754295826354,0.0,0.0,0.0,0.0,0.0,0.0,0.0,0.0,0.0,0.0,0.0,0.0,0.0,0.0,0.0,0.0,0.0,0.0,0.0,0.0,0.0,0.0,0.0,0.0,0.0,0.0,0.0,0.0,0.0,0.0,0.0,0.0,0.0,0.0,0.0,0.0,0.0,0.0,0.0,0.0,0.0,0.0,0.0,0.0,0.0,0.0,0.0,0.0,0.0,0.0,0.0,0.0,0.0,0.0,0.0,0.0,0.0,0.0,0.0,0.0,0.0,0.0,0.0,0.0,0.0,0.0,0.0,0.0,0.0,0.0,0.0,0.0,0.0,0.0,0.0,0.0,0.0,0.0,0.0,0.0
202_STEAM_3,0.04853813996948131,0.04853267089021575,0.048551549487486245,0.04854331617934799,1.0856581691024042e-05,1.0856403831860466e-05,1.0859226175990187e-05,1.0857176452415767e-05,3.056421551337983e-06,3.056350787051929e-06,3.056588257209678e-06,3.0562375273851856e-06,2.2766087883319353e-06,2.276464308016952e-06,2.2778209547197383e-06,2.2767523049495635e-06,0.04114376968487357,0.0411446438890785,0.0411524996279902,0.041146136625711316,0.051834689092884856,0.0518369484530259,0.05183307201618051,0.051834170234002566,0.046052334357173985,0.046111392053696354,0.04618879206274018,0.046153260482433546,-1.8874001861053404e-07,-1.878653160996124e-07,-1.850783514807764e-07,-1.88607934588035e-07,-1.1415536128406835e-07,-1.1413401229370772e-07,-1.1414856727921768e-07,-1.1415308835236852e-07,-7.053040104731956e-08,-7.052940603768931e-08,-7.053169892579092e-08,-7.052086060380658e-08,-1.3840645074481017e-08,-1.3839505819124298e-08,-1.383986791836378e-08,-1.3839666807191407e-08,-1.0331501007487809e-07,-1.0331027905374768e-07,-1.0331618049974622e-07,-1.0330076456527577e-07,-1.1941584063257515e-07,-1.194086077793699e-07,-1.1941221278455316e-07,-1.1941074435893313e-07,-1.1638485516995978e-07,-1.1637580632495315e-07,-1.1638169805650023e-07,-1.1637980712225435e-07,-2.760940570611936e-08,-2.760480288799272e-08,-2.7613436870410624e-08,-2.7612957309715126e-08,-0.007595135777227757,-0.007595142602328131,-0.007594927077058666,-0.007595071954295021,-1.545656355683711e-08,-1.545608523112474e-08,-1.5454023949423856e-08,-1.5455088471885235e-08,-8.640481994994223e-08,-8.63936215067529e-08,-8.642457782759294e-08,-8.63955908175154e-08,-8.423166453219721e-08,-8.422721112233411e-08,-8.416597407912008e-08,-8.42170816972922e-08,-8.163761500146194e-09,-8.163202391830993e-09,-8.164997900017568e-09,-8.16384338865974e-09,-5.327432879564942e-08,-5.3282092307704865e-08,-5.328409186100558e-08,-5.325840982745475e-08,-6.290417381102114e-08,-6.291502663435127e-08,-6.289382811304351e-08,-6.288987251028918e-08,-6.876432573355018e-08,-6.877703978558358e-08,-6.873749525126982e-08,-6.875531240201435e-08,0.019418412719902776,0.019432441239911256,0.01953208332577841,0.019458610919220364,0.0,0.0,0.0,0.0,0.0,0.0,0.0,0.0,0.0,0.0,0.0,0.0,0.0,0.0,0.0,0.0,0.0,0.0,0.0,0.0,0.0,0.0,0.0,0.0,0.0,0.0,0.0,0.0,0.0,0.0,0.0,0.0,0.0,0.0,0.0,0.0,0.0,0.0,0.0,0.0,0.0,0.0,0.0,0.0,0.0,0.0,0.0,0.0
202_STEAM_4,0.04855269202194812,0.04854722263188792,0.04856609417079055,0.04855786730822089,1.0856581691206907e-05,1.0856403832082324e-05,1.0859226176113935e-05,1.0857176452595717e-05,3.0564233053491887e-06,3.0563525351289057e-06,3.0565900121638423e-06,3.0562392693985617e-06,2.2764584389656006e-06,2.276313758973774e-06,2.277672221297484e-06,2.2766018680054836e-06,0.04114376968484998,0.041144643889054935,0.04115249962796638,0.04114613662570257,0.05183468909286909,0.05183694845301011,0.05183307201616469,0.051834170234002566,0.046052334357173985,0.046111392053696354,0.04618879206274018,0.046153260482433546,-1.8874001389905769e-07,-1.878653189497526e-07,-1.8507833026966786e-07,-1.8860793067529662e-07,-1.1418724065375706e-07,-1.1416589968144171e-07,-1.1418042754317332e-07,-1.1418494531910795e-07,-7.053040104731956e-08,-7.052940603768931e-08,-7.053169892579092e-08,-7.052086060373088e-08,-1.3843278356961974e-08,-1.3842144541698076e-08,-1.384250092328898e-08,-1.384229763346862e-08,-1.0331501010263366e-07,-1.0331027899823653e-07,-1.0331618005565701e-07,-1.0330076456523788e-07,-1.1941584071584188e-07,-1.194086077793699e-07,-1.1941221322864237e-07,-1.1941074435815428e-07,-1.1638485522547093e-07,-1.1637580632495315e-07,-1.1638169805650023e-07,-1.163798071224455e-07,-2.760940570611936e-08,-2.760480288799272e-08,-2.7613436870410624e-08,-2.7612957309715126e-08,-0.00758904544278563,-0.007589052264247109,-0.007588836998039805,-0.007588981717909252,-1.5456563612348262e-08,-1.545608521724695e-08,-1.545402406044616e-08,-1.5455088471778776e-08,-7.817475126831393e-08,-7.817457584047283e-08,-7.815736946525931e-08,-7.816343017565688e-08,-8.4229970831462e-08,-8.422551747711005e-08,-8.416425822943552e-08,-8.421540157791056e-08,-8.164631998264227e-09,-8.164516090980456e-09,-8.166485709892868e-09,-8.165164151387929e-09,-5.327432878177163e-08,-5.3282092307704865e-08,-5.328409186100558e-08,-5.3258409827440626e-08,-6.360478161152289e-08,-6.36155247076899e-08,-6.35940040952117e-08,-6.359026493506752e-08,-6.876432567803903e-08,-6.877703978558358e-08,-6.873749525126982e-08,-6.87553124018961e-08,0.019418412719838653,0.019432441239847133,0.01953208332571374,0.019458610919156308,0.0,0.0,0.0,0.0,0.0,0.0,0.0,0.0,0.0,0.0,0.0,0.0,0.0,0.0,0.0,0.0,0.0,0.0,0.0,0.0,0.0,0.0,0.0,0.0,0.0,0.0,0.0,0.0,0.0,0.0,0.0,0.0,0.0,0.0,0.0,0.0,0.0,0.0,0.0,0.0,0.0,0.0,0.0,0.0,0.0,0.0,0.0,0.0
207_CT_1,2.981432551903944e-06,2.982309465254399e-06,2.9795500359509914e-06,2.9806014162471743e-06,1.5208070466237928e-06,1.5208040244121958e-06,1.5207862665508203e-06,1.5208412197393992e-06,7.149212259973509e-07,7.149220488656167e-07,7.148965805148952e-07,7.149160447700889e-07,6.518864332987298e-07,6.518839232642293e-07,6.519349078020991e-07,6.518965550112479e-07,1.3755261948987296e-06,1.375552559762579e-06,1.3756770620411245e-06,1.3756060858848955e-06,1.8458111832944653e-06,1.8458205244883184e-06,1.8458156266679667e-06,1.8457865564527066e-06,1.4596861418747498e-06,1.4598152404121656e-06,1.4600148001697733e-06,1.45985087459011e-06,0.038196631258397035,0.03820302878765747,0.03822893673465111,0.03819755476607916,0.051798552719703767,0.05179864709312043,0.05179854512934057,0.05179860698010014,0.037529114473372566,0.037532603964751554,0.03753337225144593,0.03753113337154156,-1.433831263442098e-08,-1.4336477838217121e-08,-1.4338555232029648e-08,-1.4337337465775212e-08,0.03959314211599668,0.039605359194493706,0.03959171417371543,0.03960648983321256,0.03282783188044586,0.03283555039678382,0.03282212440065324,0.03283037121248865,0.00895065550273838,0.008952680105185407,0.00894862138157082,0.008950765628031397,-2.7596806756458037e-08,-2.7593123397284813e-08,-2.7603393348840655e-08,-2.760004103134812e-08,-0.004965660433899996,-0.004965665712989398,-0.004965542075645701,-0.00496561894564412,-1.5637042688476654e-08,-1.5635999606189444e-08,-1.5632452277092312e-08,-1.5632920165510214e-08,0.012147344006540543,0.012145428900957017,0.012153299521788674,0.012148338757183318,0.0,0.0,0.0,0.0,0.0,0.0,0.0,0.0,0.0,0.0,0.0,0.0,0.0,0.0,0.0,0.0,0.0,0.0,0.0,0.0,0.0,0.0,0.0,0.0,0.0,0.0,0.0,0.0,0.0,0.0,0.0,0.0,0.0,0.0,0.0,0.0,0.0,0.0,0.0,0.0,0.0,0.0,0.0,0.0,0.0,0.0,0.0,0.0,0.0,0.0,0.0,0.0,0.0,0.0,0.0,0.0,0.0,0.0,0.0,0.0,0.0,0.0,0.0,0.0,0.0,0.0,0.0,0.0,0.0,0.0,0.0,0.0
207_CT_2,2.9814332508293643e-06,2.9823101660057607e-06,2.97955072888975e-06,2.980602113650469e-06,1.5208081714563142e-06,1.5208051494472318e-06,1.5207873912740495e-06,1.520842342817397e-06,7.190117304321114e-07,7.190125587985501e-07,7.189829577002706e-07,7.190053593863188e-07,6.518864331745886e-07,6.518839230858831e-07,6.519349076478438e-07,6.518965550112479e-07,1.3737747312149662e-06,1.3738010286978224e-06,1.3739451854032254e-06,1.3738606324821079e-06,1.8458430331644297e-06,1.8458523743873014e-06,1.845847482982667e-06,1.8458184398713193e-06,1.4596861419163831e-06,1.4598152404676767e-06,1.4600148001697733e-06,1.4598508745898217e-06,0.038196690109042475,0.038202869717646915,0.038228862729429824,0.03819771843555592,0.051798552719703767,0.05179864709312043,0.05179854512934057,0.05179860698010014,0.03752911443221049,0.03753260397041064,0.037533372339591864,0.03753113340940337,-1.4338334491936777e-08,-1.4336499765121857e-08,-1.4338577214445536e-08,-1.4337359317113118e-08,0.03959314211599668,0.039605359194493706,0.03959171417371543,0.039606489833218066,0.03282783188044719,0.03283555039682401,0.03282212440058485,0.03283037121245908,0.00895065550273838,0.008952680105185407,0.00894862138157082,0.008950765628031397,-2.7596806756458037e-08,-2.7593123397284813e-08,-2.7603393348840655e-08,-2.760004103139922e-08,-0.004965425503314247,-0.0049654307819278765,-0.004965307154485676,-0.004965384018432645,-1.56370853210408e-08,-1.5636042197120226e-08,-1.5632494854145307e-08,-1.5632962634025896e-08,0.0,0.0,0.0,0.0,0.0,0.0,0.0,0.0,0.0,0.0,0.0,0.0,0.0,0.0,0.0,0.0,0.0,0.0,0.0,0.0,0.0,0.0,0.0,0.0,0.0,0.0,0.0,0.0,0.0,0.0,0.0,0.0,0.0,0.0,0.0,0.0,0.0,0.0,0.0,0.0,0.0,0.0,0.0,0.0,0.0,0.0,0.0,0.0,0.0,0.0,0.0,0.0,0.0,0.0,0.0,0.0,0.0,0.0,0.0,0.0,0.0,0.0,0.0,0.0,0.0,0.0,0.0,0.0,0.0,0.0,0.0,0.0,0.0,0.0,0.0,0.0
212_CSP_1,-3.746625820699734e-07,-3.748395014380179e-07,-3.743780663256757e-07,-3.744820709458334e-07,-2.4052345093394933e-07,-2.405248684667072e-07,-2.405135308691797e-07,-2.4052847808256076e-07,-2.351809688105888e-07,-2.3518157932223005e-07,-2.351892103291675e-07,-2.3518515413697553e-07,-2.269943769776727e-07,-2.269950091227102e-07,-2.2698615254057586e-07,-2.2699125701045715e-07,-1.4676658871559667e-07,-1.4676657988932362e-07,-1.467748749206521e-07,-1.4676872585207895e-07,-1.646209204508864e-07,-1.646208034333796e-07,-1.6462221630320073e-07,-1.6461803261839756e-07,-1.1073601735578364e-07,-1.1073348482604217e-07,-1.1073218519896955e-07,-1.1073456580663447e-07,-9.183313409710792e-08,-9.174276183188113e-08,-9.139877921171546e-08,-9.182457166610747e-08,-9.91171557052084e-08,-9.911565168607694e-08,-9.912406095935467e-08,-9.911836489703873e-08,-7.410330482571226e-08,-7.410349400771565e-08,-7.410008251440559e-08,-7.409421756811166e-08,-1.4837251205435109e-08,-1.48403571653688e-08,-1.4833854145024361e-08,-1.4832848145879269e-08,-1.0570136577126021e-07,-1.0569277253402731e-07,-1.0569766217827237e-07,-1.0568369023292359e-07,-1.0924328674999373e-07,-1.0923152204966868e-07,-1.0923835880305433e-07,-1.0923640402206592e-07,-1.0048802889794928e-07,-1.0048110565819002e-07,-1.0046783227579681e-07,-1.0047224918638586e-07,-2.813710386906365e-08,-2.8139996111065102e-08,-2.8136642349352314e-08,-2.8135397057320123e-08,-0.02581150911430502,-0.025811534786153223,-0.025810776308057726,-0.02581126509346657,-1.4699539141460605e-08,-1.4698931738443832e-08,-1.4700147321633494e-08,-1.469859705714371e-08,-8.145079000154709e-08,-8.145004315451843e-08,-8.145943475312833e-08,-8.145165821370412e-08,-8.9718858120591e-08,-8.971925391509927e-08,-8.972280918229103e-08,-8.972170769680007e-08,-8.995919786869422e-09,-8.995725719884717e-09,-8.998588540976016e-09,-8.995448885454927e-09,-5.8600618635384905e-08,-5.860074459018705e-08,-5.8607841690871965e-08,-5.860304273845845e-08,-6.436498412032421e-08,-6.436580984869877e-08,-6.436582955515746e-08,-6.436688422739805e-08,-6.964523646679766e-08,-6.964456567004618e-08,-6.964486765070887e-08,-6.964276461204699e-08,-1.2119640868668569e-07,-1.211960669600387e-07,-1.2119311110225794e-07,-1.211946784940944e-07,0.0,0.0,0.0,0.0,0.0,0.0,0.0,0.0,0.0,0.0,0.0,0.0,0.0,0.0,0.0,0.0,0.0,0.0,0.0,0.0,0.0,0.0,0.0,0.0,0.0,0.0,0.0,0.0,0.0,0.0,0.0,0.0,0.0,0.0,0.0,0.0,0.0,0.0,0.0,0.0,0.0,0.0,0.0,0.0,0.0,0.0,0.0,0.0
213_CC_3,0.0,0.0,0.0,0.0,0.0,0.0,0.0,0.0,0.0,0.0,0.0,0.0,0.0,0.0,0.0,0.0,0.0,0.0,0.0,0.0,0.0,0.0,0.0,0.0,0.0,0.0,0.0,0.0,0.0,0.0,0.0,0.0,0.0,0.0,0.0,0.0,0.0,0.0,0.0,0.0,0.0,0.0,0.0,0.0,-0.18814563369959625,-0.18816422943690925,-0.18816209985503551,-0.1881913287389089,-1.2206337318687588e-07,-1.2208613098252385e-07,-1.2197217102993818e-07,-1.2202833232634409e-07,-1.053847517029638e-07,-1.0537558647882861e-07,-1.053168627862533e-07,-1.0533723849231149e-07,-3.0820156760036355e-08,-3.0826813102180495e-08,-3.0818967378110074e-08,-3.0816168149563734e-08,-0.03519934536870528,-0.03519938289584823,-0.03519826420212491,-0.03519907651604514,-1.5084392623876397e-08,-1.5081845994302512e-08,-1.5085769966560747e-08,-1.507996154704641e-08,-8.081574857499643e-08,-8.081420344030477e-08,-8.083147218229669e-08,-8.081827410867483e-08,-1.0376826664604266e-07,-1.0375599979184358e-07,-1.0384431625709567e-07,-1.0374708540874994e-07,-9.771281117565422e-09,-9.770805609043975e-09,-9.775481313312184e-09,-9.771282992474279e-09,-0.0839948922645404,-0.08399495627294268,-0.08399550538661793,-0.08399510844690647,0.0,0.0,0.0,0.0,0.0,0.0,0.0,0.0,0.0,0.0,0.0,0.0,0.0,0.0,0.0,0.0,0.0,0.0,0.0,0.0,0.0,0.0,0.0,0.0,0.0,0.0,0.0,0.0,0.0,0.0,0.0,0.0,0.0,0.0,0.0,0.0,0.0,0.0,0.0,0.0,0.0,0.0,0.0,0.0,0.0,0.0,0.0,0.0,0.0,0.0,0.0,0.0,0.0,0.0,0.0,0.0,0.0,0.0,0.0,0.0
213_CT_1,0.0,0.0,0.0,0.0,0.0,0.0,0.0,0.0,0.0,0.0,0.0,0.0,0.0,0.0,0.0,0.0,0.0,0.0,0.0,0.0,0.0,0.0,0.0,0.0,0.0,0.0,0.0,0.0,0.0,0.0,0.0,0.0,0.0,0.0,0.0,0.0,0.0,0.0,0.0,0.0,0.0,0.0,0.0,0.0,0.0,0.0,0.0,0.0,0.0,0.0,0.0,0.0,0.0,0.0,0.0,0.0,0.0,0.0,0.0,0.0,0.0,0.0,0.0,0.0,0.0,0.0,0.0,0.0,0.0,0.0,0.0,0.0,0.0,0.0,0.0,0.0,0.0,0.0,0.0,0.0,0.0,0.0,0.0,0.0,0.0,0.0,0.0,0.0,0.0,0.0,0.0,0.0,0.0,0.0,0.0,0.0,0.0,0.0,0.0,0.0,0.0,0.0,0.0,0.0,0.0,0.0,0.0,0.0,0.0,0.0,0.0,0.0,0.0,0.0,0.0,0.0,0.0,0.0,0.0,0.0,0.0,0.0,0.0,0.0,0.0,0.0,0.0,0.0,0.0,0.0,0.0,0.0,0.0,0.0,0.0,0.0,0.0,0.0,0.0,0.0,0.0,0.0,0.0,0.0
213_CT_2,0.0,0.0,0.0,0.0,0.0,0.0,0.0,0.0,0.0,0.0,0.0,0.0,0.0,0.0,0.0,0.0,0.0,0.0,0.0,0.0,0.0,0.0,0.0,0.0,0.0,0.0,0.0,0.0,0.0,0.0,0.0,0.0,0.0,0.0,0.0,0.0,0.0,0.0,0.0,0.0,0.0,0.0,0.0,0.0,0.0,0.0,0.0,0.0,0.0,0.0,0.0,0.0,0.0,0.0,0.0,0.0,0.0,0.0,0.0,0.0,0.0,0.0,0.0,0.0,0.0,0.0,0.0,0.0,0.0,0.0,0.0,0.0,0.0,0.0,0.0,0.0,0.0,0.0,0.0,0.0,0.0,0.0,0.0,0.0,0.0,0.0,0.0,0.0,0.0,0.0,0.0,0.0,0.0,0.0,0.0,0.0,0.0,0.0,0.0,0.0,0.0,0.0,0.0,0.0,0.0,0.0,0.0,0.0,0.0,0.0,0.0,0.0,0.0,0.0,0.0,0.0,0.0,0.0,0.0,0.0,0.0,0.0,0.0,0.0,0.0,0.0,0.0,0.0,0.0,0.0,0.0,0.0,0.0,0.0,0.0,0.0,0.0,0.0,0.0,0.0,0.0,0.0,0.0,0.0
215_CT_4,0.0,0.0,0.0,0.0,0.0,0.0,0.0,0.0,0.0,0.0,0.0,0.0,0.0,0.0,0.0,0.0,0.0,0.0,0.0,0.0,0.0,0.0,0.0,0.0,0.0,0.0,0.0,0.0,0.0,0.0,0.0,0.0,0.0,0.0,0.0,0.0,0.0,0.0,0.0,0.0,0.0,0.0,0.0,0.0,0.0,0.0,0.0,0.0,0.0,0.0,0.0,0.0,0.0,0.0,0.0,0.0,0.0,0.0,0.0,0.0,0.0,0.0,0.0,0.0,0.0,0.0,0.0,0.0,0.0,0.0,0.0,0.0,0.0,0.0,0.0,0.0,0.0,0.0,0.0,0.0,0.0,0.0,0.0,0.0,0.0,0.0,0.0,0.0,0.0,0.0,0.0,0.0,0.0,0.0,0.0,0.0,0.0,0.0,0.0,0.0,0.0,0.0,0.0,0.0,0.0,0.0,0.0,0.0,0.0,0.0,0.0,0.0,0.0,0.0,0.0,0.0,0.0,0.0,0.0,0.0,0.0,0.0,0.0,0.0,0.0,0.0,0.0,0.0,0.0,0.0,0.0,0.0,0.0,0.0,0.0,0.0,0.0,0.0,0.0,0.0,0.0,0.0,0.0,0.0
215_CT_5,0.0,0.0,0.0,0.0,0.0,0.0,0.0,0.0,0.0,0.0,0.0,0.0,0.0,0.0,0.0,0.0,0.0,0.0,0.0,0.0,0.0,0.0,0.0,0.0,0.0,0.0,0.0,0.0,0.0,0.0,0.0,0.0,0.0,0.0,0.0,0.0,0.0,0.0,0.0,0.0,0.0,0.0,0.0,0.0,0.0,0.0,0.0,0.0,0.0,0.0,0.0,0.0,0.0,0.0,0.0,0.0,0.0,0.0,0.0,0.0,0.0,0.0,0.0,0.0,0.0,0.0,0.0,0.0,0.0,0.0,0.0,0.0,0.0,0.0,0.0,0.0,0.0,0.0,0.0,0.0,0.0,0.0,0.0,0.0,0.0,0.0,0.0,0.0,0.0,0.0,0.0,0.0,0.0,0.0,0.0,0.0,0.0,0.0,0.0,0.0,0.0,0.0,0.0,0.0,0.0,0.0,0.0,0.0,0.0,0.0,0.0,0.0,0.0,0.0,0.0,0.0,0.0,0.0,0.0,0.0,0.0,0.0,0.0,0.0,0.0,0.0,0.0,0.0,0.0,0.0,0.0,0.0,0.0,0.0,0.0,0.0,0.0,0.0,0.0,0.0,0.0,0.0,0.0,0.0
216_STEAM_1,-0.00046888952846702026,-0.00046864298815102456,-0.00047010067347308393,-0.00046926596883432826,1.8828729838438196e-05,1.8828432179041066e-05,1.883429787596924e-05,1.8830175251785283e-05,3.4607315990142773e-06,3.460672487021199e-06,3.4598228135784836e-06,3.4602826821892807e-06,2.5158348910259143e-06,2.5157294880617798e-06,2.51674550888481e-06,2.515858473741779e-06,-5.22465503915992e-06,-5.2341323140692175e-06,-5.316391032073042e-06,-5.264795033650337e-06,-6.070495231713657e-06,-6.076270603783129e-06,-6.080034431032999e-06,-6.086767524393703e-06,-6.034722999093134e-07,-6.036277405696566e-07,-6.03807685184421e-07,-6.036923103579934e-07,-1.6307186379016514e-07,-1.6268075320180486e-07,-1.615095617246709e-07,-1.6303641716264323e-07,-1.1033372232516214e-07,-1.103201431318368e-07,-1.103462023976931e-07,-1.1033743538732425e-07,-7.429169718298212e-08,-7.42863697222873e-08,-7.429616921683646e-08,-7.428515533058646e-08,-1.4797981506831093e-08,-1.4794760194725143e-08,-1.4797524983123367e-08,-1.4797833741150035e-08,-1.0922901405585606e-07,-1.0921984550105179e-07,-1.0922420257131193e-07,-1.092157791903282e-07,-8.89045436158753e-08,-8.889772917797245e-08,-8.889795344302343e-08,-8.890280525909218e-08,-8.544573909530229e-08,-8.543608309707906e-08,-8.544498619755814e-08,-8.54443933751903e-08,-2.3962522965881305e-08,-2.3954971339890108e-08,-2.3967114959333458e-08,-2.3967507399240753e-08,-0.01494303220263421,-0.01494304136863428,-0.014942635661875592,-0.014942911049648852,-1.1876208794170395e-08,-1.1875105648817552e-08,-1.1875348704393218e-08,-1.1873981730332126e-08,-6.309325240039243e-08,-6.309359745770848e-08,-6.309127953407767e-08,-6.309108465314274e-08,-9.134129652643708e-08,-9.133782818970815e-08,-9.134271694577478e-08,-9.134178277975238e-08,-8.724253597325315e-09,-8.724220290634577e-09,-8.724260203152312e-09,-8.724800449002937e-09,-5.9367581073388465e-08,-5.937369751407573e-08,-5.938611569167307e-08,-5.936598248469514e-08,-6.575351962911924e-08,-6.576070266106626e-08,-6.574931199487821e-08,-6.574784992377789e-08,-7.289312009550741e-08,-7.289932490994744e-08,-7.288248671244446e-08,-7.288959151468816e-08,-4.7344462006382315e-07,-4.7352240201137263e-07,-4.737337107041384e-07,-4.736010320381628e-07,0.0,0.0,0.0,0.0,0.0,0.0,0.0,0.0,0.0,0.0,0.0,0.0,0.0,0.0,0.0,0.0,0.0,0.0,0.0,0.0,0.0,0.0,0.0,0.0,0.0,0.0,0.0,0.0,0.0,0.0,0.0,0.0,0.0,0.0,0.0,0.0,0.0,0.0,0.0,0.0,0.0,0.0,0.0,0.0,0.0,0.0,0.0,0.0
218_CC_1,0.0,0.0,0.0,0.0,0.0,0.0,0.0,0.0,0.0,0.0,0.0,0.0,0.0,0.0,0.0,0.0,0.0,0.0,0.0,0.0,0.0,0.0,0.0,0.0,0.0,0.0,0.0,0.0,0.0,0.0,0.0,0.0,0.0,0.0,0.0,0.0,0.0,0.0,0.0,0.0,0.0,0.0,0.0,0.0,-0.18815016649110328,-0.18816272536232925,-0.18816276996714,-0.18818315885325976,-8.663342165871057e-08,-8.66429674672986e-08,-8.65906821800877e-08,-8.661659834777538e-08,-8.218087499400895e-08,-8.217886771078042e-08,-8.210754565141087e-08,-8.213444542410848e-08,-2.4387658004165758e-08,-2.43939717314845e-08,-2.438612023425435e-08,-2.438468130668155e-08,-0.032225426162582615,-0.03222546382793834,-0.03222444217771692,-0.03222520466336833,-1.1532990895624096e-08,-1.1529733834336753e-08,-1.1535372657078824e-08,-1.152642502297555e-08,-5.982311002128426e-08,-5.98219034309011e-08,-5.983580786406151e-08,-5.982475815093725e-08,-0.10505505432256768,-0.10505494766208479,-0.10505688302676708,-0.10505521454313593,0.0,0.0,0.0,0.0,0.0,0.0,0.0,0.0,0.0,0.0,0.0,0.0,0.0,0.0,0.0,0.0,0.0,0.0,0.0,0.0,0.0,0.0,0.0,0.0,0.0,0.0,0.0,0.0,0.0,0.0,0.0,0.0,0.0,0.0,0.0,0.0,0.0,0.0,0.0,0.0,0.0,0.0,0.0,0.0,0.0,0.0,0.0,0.0,0.0,0.0,0.0,0.0,0.0,0.0,0.0,0.0,0.0,0.0,0.0,0.0,0.0,0.0,0.0,0.0,0.0,0.0,0.0,0.0
221_CC_1,1.0306255064040926e-05,1.0308427059846359e-05,1.0301390479305894e-05,1.0304245529983872e-05,3.9774761371180745e-06,3.977554271950012e-06,3.9775683546849905e-06,3.97817685972442e-06,1.3693565980021916e-06,1.3693698437400315e-06,1.3692323745928547e-06,1.369374320190202e-06,1.1637949921539104e-06,1.1637839070210987e-06,1.1639097579063673e-06,1.1638692236651147e-06,8.816533821509598e-06,8.816489458496335e-06,8.8169526479831e-06,8.816814432781376e-06,1.0362706800437493e-05,1.036260867715022e-05,1.036288599731705e-05,1.0362692419143132e-05,0.06804260748345303,0.06804270840281523,0.06804279406312919,0.068042715888848,0.09915435898652603,0.09913358983461529,0.09913608450524514,0.09915303110294979,-1.243133597172985e-07,-1.2426564333090084e-07,-1.2440726937512636e-07,-1.2433168271613286e-07,-7.511677657667803e-08,-7.516330113865877e-08,-7.515355715526084e-08,-7.507026730548565e-08,-1.568402574481098e-08,-1.569411112178898e-08,-1.5674210374072572e-08,-1.5673740848952015e-08,-1.086862702059932e-07,-1.0871779787535729e-07,-1.0869591982043403e-07,-1.0869540748697939e-07,-8.647896765356933e-08,-8.648876015371343e-08,-8.644045124128752e-08,-8.646508459255519e-08,-8.350487579189547e-08,-8.350254843136895e-08,-8.340284463059788e-08,-8.343931807708763e-08,-2.4789104657862993e-08,-2.4794451380927285e-08,-2.4788104013850898e-08,-2.4786304903541687e-08,-0.03482179520659601,-0.034821832951751897,-0.034820723987768254,-0.034821528583215286,-1.0627015489816927e-08,-1.0623629864703332e-08,-1.0631739932875917e-08,-1.0620079941515254e-08,-6.09194727996254e-08,-6.091767079663413e-08,-6.094007787282862e-08,-6.092264967911272e-08,-9.795952782276629e-08,-9.795110367250004e-08,-9.805577905197538e-08,-9.794951217167043e-08,-9.143155899060673e-09,-9.142638868198105e-09,-9.148193758079515e-09,-9.143146494998426e-09,-5.8054955121011886e-08,-5.805784608625686e-08,-5.807433911542148e-08,-5.805898619481868e-08,-6.905947225188669e-08,-6.90517089063647e-08,-6.900195348436e-08,-6.90125444031709e-08,-7.988083750021246e-08,-7.990550743297575e-08,-8.005384044551533e-08,-7.995690820081078e-08,0.11416889669453822,0.11416976310309856,0.11417317354995848,0.11417221316870618,0.0,0.0,0.0,0.0,0.0,0.0,0.0,0.0,0.0,0.0,0.0,0.0,0.0,0.0,0.0,0.0,0.0,0.0,0.0,0.0,0.0,0.0,0.0,0.0,0.0,0.0,0.0,0.0,0.0,0.0,0.0,0.0,0.0,0.0,0.0,0.0,0.0,0.0,0.0,0.0,0.0,0.0,0.0,0.0,0.0,0.0,0.0,0.0
223_CT_4,0.0,0.0,0.0,0.0,0.0,0.0,0.0,0.0,0.0,0.0,0.0,0.0,0.0,0.0,0.0,0.0,0.0,0.0,0.0,0.0,0.0,0.0,0.0,0.0,0.0,0.0,0.0,0.0,0.0,0.0,0.0,0.0,0.0,0.0,0.0,0.0,0.0,0.0,0.0,0.0,0.0,0.0,0.0,0.0,0.0,0.0,0.0,0.0,0.0,0.0,0.0,0.0,0.0,0.0,0.0,0.0,0.0,0.0,0.0,0.0,0.0,0.0,0.0,0.0,0.0,0.0,0.0,0.0,0.0,0.0,0.0,0.0,0.0,0.0,0.0,0.0,0.0,0.0,0.0,0.0,0.0,0.0,0.0,0.0,0.0,0.0,0.0,0.0,0.0,0.0,0.0,0.0,0.0,0.0,0.0,0.0,0.0,0.0,0.0,0.0,0.0,0.0,0.0,0.0,0.0,0.0,0.0,0.0,0.0,0.0,0.0,0.0,0.0,0.0,0.0,0.0,0.0,0.0,0.0,0.0,0.0,0.0,0.0,0.0,0.0,0.0,0.0,0.0,0.0,0.0,0.0,0.0,0.0,0.0,0.0,0.0,0.0,0.0,0.0,0.0,0.0,0.0,0.0,0.0
223_CT_5,0.0,0.0,0.0,0.0,0.0,0.0,0.0,0.0,0.0,0.0,0.0,0.0,0.0,0.0,0.0,0.0,0.0,0.0,0.0,0.0,0.0,0.0,0.0,0.0,0.0,0.0,0.0,0.0,0.0,0.0,0.0,0.0,0.0,0.0,0.0,0.0,0.0,0.0,0.0,0.0,0.0,0.0,0.0,0.0,0.0,0.0,0.0,0.0,0.0,0.0,0.0,0.0,0.0,0.0,0.0,0.0,0.0,0.0,0.0,0.0,0.0,0.0,0.0,0.0,0.0,0.0,0.0,0.0,0.0,0.0,0.0,0.0,0.0,0.0,0.0,0.0,0.0,0.0,0.0,0.0,0.0,0.0,0.0,0.0,0.0,0.0,0.0,0.0,0.0,0.0,0.0,0.0,0.0,0.0,0.0,0.0,0.0,0.0,0.0,0.0,0.0,0.0,0.0,0.0,0.0,0.0,0.0,0.0,0.0,0.0,0.0,0.0,0.0,0.0,0.0,0.0,0.0,0.0,0.0,0.0,0.0,0.0,0.0,0.0,0.0,0.0,0.0,0.0,0.0,0.0,0.0,0.0,0.0,0.0,0.0,0.0,0.0,0.0,0.0,0.0,0.0,0.0,0.0,0.0
223_CT_6,0.0,0.0,0.0,0.0,0.0,0.0,0.0,0.0,0.0,0.0,0.0,0.0,0.0,0.0,0.0,0.0,0.0,0.0,0.0,0.0,0.0,0.0,0.0,0.0,0.0,0.0,0.0,0.0,0.0,0.0,0.0,0.0,0.0,0.0,0.0,0.0,0.0,0.0,0.0,0.0,0.0,0.0,0.0,0.0,0.0,0.0,0.0,0.0,0.0,0.0,0.0,0.0,0.0,0.0,0.0,0.0,0.0,0.0,0.0,0.0,0.0,0.0,0.0,0.0,0.0,0.0,0.0,0.0,0.0,0.0,0.0,0.0,0.0,0.0,0.0,0.0,0.0,0.0,0.0,0.0,0.0,0.0,0.0,0.0,0.0,0.0,0.0,0.0,0.0,0.0,0.0,0.0,0.0,0.0,0.0,0.0,0.0,0.0,0.0,0.0,0.0,0.0,0.0,0.0,0.0,0.0,0.0,0.0,0.0,0.0,0.0,0.0,0.0,0.0,0.0,0.0,0.0,0.0,0.0,0.0,0.0,0.0,0.0,0.0,0.0,0.0,0.0,0.0,0.0,0.0,0.0,0.0,0.0,0.0,0.0,0.0,0.0,0.0,0.0,0.0,0.0,0.0,0.0,0.0
223_STEAM_1,-0.12802186005601726,-0.12800916924997635,-0.128050947810474,-0.12803449040230977,-0.11853126456686679,-0.11855006856483288,-0.11818067645075381,-0.1184611434470033,-0.10741732718900814,-0.10741255424502585,-0.10763792126182747,-0.10749695147748363,-0.10239587821382892,-0.10240690302027654,-0.10198988819672888,-0.10229980892010157,-0.06979707747418373,-0.06977875895742999,-0.06976185347293973,-0.0697844065906355,-0.009366056591366146,-0.00936664888473482,-0.009366883340308892,-0.009366218580651934,-9.114118049713404e-07,-9.11498885702855e-07,-9.11570894324143e-07,-9.11499342140426e-07,-1.9703076368159934e-07,-1.9664580206242444e-07,-1.9527918605563227e-07,-1.969919164154808e-07,-1.2543521073150504e-07,-1.2542393509535548e-07,-1.2543810043908034e-07,-1.2543922044722937e-07,-8.134966389405918e-08,-8.134346840549256e-08,-8.13514726694109e-08,-8.134322347501587e-08,-1.677339894756713e-08,-1.6769741262301352e-08,-1.6772889299687677e-08,-1.677324686221362e-08,-1.2044313679737684e-07,-1.2043048158716374e-07,-1.2043908848013984e-07,-1.2042889874131945e-07,-1.1454890302964316e-07,-1.1453996973109781e-07,-1.145386754330957e-07,-1.1454493390181691e-07,-1.0541195749613763e-07,-1.0540035533246339e-07,-1.0541126860275085e-07,-1.0541006523063376e-07,-2.9028668413477732e-08,-2.9019539771191205e-08,-2.9034136428407464e-08,-2.903469925812557e-08,-0.01613809049770326,-0.016138099873918288,-0.016137644399702555,-0.016137946987934863,-1.540065169836069e-08,-1.5399494041057338e-08,-1.539954896934148e-08,-1.539831580988573e-08,-8.364342179992559e-08,-8.364459330723051e-08,-8.364257619852822e-08,-8.364212960555053e-08,-1.0793638871575695e-07,-1.0793349869420155e-07,-1.0793669158459807e-07,-1.0793339240511854e-07,-1.0575623488051633e-08,-1.0575558540004693e-08,-1.05762847368851e-08,-1.057607030461021e-08,-7.098124402138417e-08,-7.098715257281007e-08,-7.099904641982846e-08,-7.097975243226953e-08,-7.767287909193761e-08,-7.76813477742481e-08,-7.766844667354028e-08,-7.767120862543674e-08,-8.843391363644315e-08,-8.844034293797876e-08,-8.842397081210152e-08,-8.84307829332259e-08,-9.756441470409146e-07,-9.756555309805961e-07,-9.757690236110208e-07,-9.756494532088844e-07,0.0,0.0,0.0,0.0,0.0,0.0,0.0,0.0,0.0,0.0,0.0,0.0,0.0,0.0,0.0,0.0,0.0,0.0,0.0,0.0,0.0,0.0,0.0,0.0,0.0,0.0,0.0,0.0,0.0,0.0,0.0,0.0,0.0,0.0,0.0,0.0,0.0,0.0,0.0,0.0,0.0,0.0,0.0,0.0,0.0,0.0,0.0,0.0
223_STEAM_2,-0.12802186005600755,-0.12800916924996503,-0.12805094781044846,-0.12803449040233875,-0.11853123013813151,-0.11855003849732479,-0.11818066187151288,-0.11846123359206161,-0.10741732718899995,-0.10741255424501792,-0.10763792126181992,-0.10749695147748363,-0.10239585833290174,-0.10240691175962559,-0.10199000705206568,-0.10229983536944262,-0.06912512068214263,-0.06910605162102504,-0.06908797688450663,-0.06911224020747167,-0.009366056591550308,-0.009366648884919114,-0.009366883340493619,-0.009366218580830494,-9.114118048603181e-07,-9.11498885702855e-07,-9.11570894324143e-07,-9.114993421531919e-07,-1.970307996985776e-07,-1.9664580233229433e-07,-1.9527921645204687e-07,-1.9699192543646876e-07,-1.2543564058341655e-07,-1.2542436503642302e-07,-1.2543853191815278e-07,-1.2543965053563906e-07,-8.134966389405918e-08,-8.134346840549256e-08,-8.13514726694109e-08,-8.134322347501587e-08,-1.677339894756713e-08,-1.6769741262301352e-08,-1.6772889299687677e-08,-1.677324686221362e-08,-1.20443136852888e-07,-1.2043048158716374e-07,-1.2043908848013984e-07,-1.2042889874081682e-07,-1.1454890325168776e-07,-1.1453996884291939e-07,-1.1453867321264966e-07,-1.1454493403139325e-07,-1.0541195749613763e-07,-1.0540035533246339e-07,-1.0541126860275085e-07,-1.0541006523063376e-07,-2.9028634329630876e-08,-2.9019505465299744e-08,-2.9034102677627516e-08,-2.903466496587028e-08,-0.01613809074295136,-0.016138100119166665,-0.01613764464494305,-0.016137947233231514,-1.540065169836069e-08,-1.5399494013301762e-08,-1.539954896934148e-08,-1.5398315809887887e-08,-8.372733129598598e-08,-8.372928733679785e-08,-8.372500115427783e-08,-8.372687888423117e-08,-1.0793630311756175e-07,-1.0793341298498405e-07,-1.0793660587538056e-07,-1.0793330642976444e-07,-1.060270543584707e-08,-1.0602604516574132e-08,-1.060335552693914e-08,-1.0603181940958294e-08,-7.098124402138417e-08,-7.098715257281007e-08,-7.099904641982846e-08,-7.097975243226953e-08,-7.767287927612636e-08,-7.768134782321264e-08,-7.766844645264976e-08,-7.767120862487816e-08,-8.843391308133164e-08,-8.84403425494007e-08,-8.84239701459677e-08,-8.843078251541252e-08,-9.756454954913022e-07,-9.756568796723428e-07,-9.757703753589495e-07,-9.756508021116195e-07,0.0,0.0,0.0,0.0,0.0,0.0,0.0,0.0,0.0,0.0,0.0,0.0,0.0,0.0,0.0,0.0,0.0,0.0,0.0,0.0,0.0,0.0,0.0,0.0,0.0,0.0,0.0,0.0,0.0,0.0,0.0,0.0,0.0,0.0,0.0,0.0,0.0,0.0,0.0,0.0,0.0,0.0,0.0,0.0,0.0,0.0,0.0,0.0
223_STEAM_3,2.24577445699925e-05,2.2460511726940524e-05,2.2455953576638876e-05,2.245655305018922e-05,7.514387949880685e-06,7.514354608106899e-06,7.515666233359752e-06,7.515066160601591e-06,1.928490137137473e-06,1.9285633143795167e-06,1.92749983085605e-06,1.9284244464541583e-06,1.5829863735383753e-06,1.5828820154606404e-06,1.5839195564026909e-06,1.583429721378473e-06,5.058899028576036e-05,5.05894059986689e-05,5.060727698413814e-05,5.059778710294637e-05,-0.10078535481795758,-0.10084362930651003,-0.10070839313694613,-0.10071868948735963,-4.014327924295458e-06,-4.015566622772582e-06,-4.014890217618472e-06,-4.015204437788282e-06,-2.3962117978726383e-07,-2.3798116877138398e-07,-2.3301542562137456e-07,-2.3945535994741853e-07,-1.2617824951544065e-07,-1.2616302957901837e-07,-1.2621529599243786e-07,-1.2618099335200168e-07,-8.144788810060533e-08,-8.147268770741789e-08,-8.146858743174334e-08,-8.143505393271836e-08,-1.7975662625069333e-08,-1.7997063617158915e-08,-1.7956343079106318e-08,-1.795699738955223e-08,-1.247118559533078e-07,-1.247285235095319e-07,-1.2470634391803515e-07,-1.2469010877301511e-07,-1.1441798675182469e-07,-1.1443254566145811e-07,-1.1434476299143626e-07,-1.1438910120850936e-07,-1.0565080821312023e-07,-1.0565311381327547e-07,-1.0552422402554384e-07,-1.0557469637937511e-07,-3.059334208188602e-08,-3.060696318613054e-08,-3.058833186742049e-08,-3.0586717008415465e-08,-0.039263535683069395,-0.039263555620324464,-0.03926245860017419,-0.039263082609012255,-1.5659358032493742e-08,-1.5654817220323025e-08,-1.5662556140938477e-08,-1.565009883082878e-08,-8.499127757133351e-08,-8.498267700662865e-08,-8.50231836047044e-08,-8.49889521365661e-08,-1.1635143537525039e-07,-1.1634983032582369e-07,-1.1639058872248143e-07,-1.1635042494338667e-07,-1.0798017480162514e-08,-1.0797402194562267e-08,-1.0803948402582364e-08,-1.0797839639876947e-08,-7.302911958495528e-08,-7.303868287955595e-08,-7.307500293762814e-08,-7.303943265147652e-08,-7.976465199455163e-08,-7.976792976149838e-08,-7.975255478243071e-08,-7.975792631978268e-08,-9.632674569104438e-08,-9.632733477538125e-08,-9.635300557420123e-08,-9.632999791304913e-08,-1.438243008466955e-06,-1.4381937852858684e-06,-1.4385632463032039e-06,-1.4380223000697405e-06,0.0,0.0,0.0,0.0,0.0,0.0,0.0,0.0,0.0,0.0,0.0,0.0,0.0,0.0,0.0,0.0,0.0,0.0,0.0,0.0,0.0,0.0,0.0,0.0,0.0,0.0,0.0,0.0,0.0,0.0,0.0,0.0,0.0,0.0,0.0,0.0,0.0,0.0,0.0,0.0,0.0,0.0,0.0,0.0,0.0,0.0,0.0,0.0
301_CT_1,0.0,0.0,0.0,0.0,0.0,0.0,0.0,0.0,0.0,0.0,0.0,0.0,0.0,0.0,0.0,0.0,0.0,0.0,0.0,0.0,0.0,0.0,0.0,0.0,0.0,0.0,0.0,0.0,0.0,0.0,0.0,0.0,0.0,0.0,0.0,0.0,0.0,0.0,0.0,0.0,0.0,0.0,0.0,0.0,0.0,0.0,0.0,0.0,0.0,0.0,0.0,0.0,0.0,0.0,0.0,0.0,0.0,0.0,0.0,0.0,-0.0013410327556984958,-0.0013417317050168215,-0.001357685418674509,-0.0013761789331804323,0.0,0.0,0.0,0.0,0.0,0.0,0.0,0.0,0.0,0.0,0.0,0.0,0.0,0.0,0.0,0.0,0.0,0.0,0.0,0.0,0.0,0.0,0.0,0.0,0.0,0.0,0.0,0.0,0.0,0.0,0.0,0.0,0.0,0.0,0.0,0.0,0.0,0.0,0.0,0.0,0.0,0.0,0.0,0.0,0.0,0.0,0.0,0.0,0.0,0.0,0.0,0.0,0.0,0.0,0.0,0.0,0.0,0.0,0.0,0.0,0.0,0.0,0.0,0.0,0.0,0.0,0.0,0.0,0.0,0.0,0.0,0.0,0.0,0.0,0.0,0.0,0.0,0.0,0.0,0.0
301_CT_2,0.0,0.0,0.0,0.0,0.0,0.0,0.0,0.0,0.0,0.0,0.0,0.0,0.0,0.0,0.0,0.0,0.0,0.0,0.0,0.0,0.0,0.0,0.0,0.0,0.0,0.0,0.0,0.0,0.0,0.0,0.0,0.0,0.0,0.0,0.0,0.0,0.0,0.0,0.0,0.0,0.0,0.0,0.0,0.0,0.0,0.0,0.0,0.0,0.0,0.0,0.0,0.0,0.0,0.0,0.0,0.0,0.0,0.0,0.0,0.0,-0.001223912361883045,-0.0012237812006680518,-0.0012282049727230793,-0.0012237279705180227,0.0,0.0,0.0,0.0,0.0,0.0,0.0,0.0,0.0,0.0,0.0,0.0,0.0,0.0,0.0,0.0,0.0,0.0,0.0,0.0,0.0,0.0,0.0,0.0,0.0,0.0,0.0,0.0,0.0,0.0,0.0,0.0,0.0,0.0,0.0,0.0,0.0,0.0,0.0,0.0,0.0,0.0,0.0,0.0,0.0,0.0,0.0,0.0,0.0,0.0,0.0,0.0,0.0,0.0,0.0,0.0,0.0,0.0,0.0,0.0,0.0,0.0,0.0,0.0,0.0,0.0,0.0,0.0,0.0,0.0,0.0,0.0,0.0,0.0,0.0,0.0,0.0,0.0,0.0,0.0
301_CT_3,0.0,0.0,0.0,0.0,0.0,0.0,0.0,0.0,0.0,0.0,0.0,0.0,0.0,0.0,0.0,0.0,0.0,0.0,0.0,0.0,0.0,0.0,0.0,0.0,0.0,0.0,0.0,0.0,0.0,0.0,0.0,0.0,0.0,0.0,0.0,0.0,0.0,0.0,0.0,0.0,0.0,0.0,0.0,0.0,0.0,0.0,0.0,0.0,0.0,0.0,0.0,0.0,-2.99351524568614e-07,-2.993305254217482e-07,-2.993640069171022e-07,-2.993458581625178e-07,-6.951456249515431e-08,-6.950333392152785e-08,-6.952602127352492e-08,-6.952316244575471e-08,-0.005385930781935902,-0.005385937140474709,-0.00538577832453363,-0.005385884476556216,-1.267932658310933e-07,-1.2679092885325982e-07,-1.2677482125189599e-07,-1.2678098841471822e-07,0.0,0.0,0.0,0.0,0.0,0.0,0.0,0.0,0.0,0.0,0.0,0.0,0.0,0.0,0.0,0.0,0.0,0.0,0.0,0.0,0.0,0.0,0.0,0.0,0.0,0.0,0.0,0.0,0.0,0.0,0.0,0.0,0.0,0.0,0.0,0.0,0.0,0.0,0.0,0.0,0.0,0.0,0.0,0.0,0.0,0.0,0.0,0.0,0.0,0.0,0.0,0.0,0.0,0.0,0.0,0.0,0.0,0.0,0.0,0.0,0.0,0.0,0.0,0.0,0.0,0.0,0.0,0.0,0.0,0.0,0.0,0.0,0.0,0.0,0.0,0.0
301_CT_4,0.0,0.0,0.0,0.0,0.0,0.0,0.0,0.0,0.0,0.0,0.0,0.0,0.0,0.0,0.0,0.0,0.0,0.0,0.0,0.0,0.0,0.0,0.0,0.0,0.0,0.0,0.0,0.0,0.0,0.0,0.0,0.0,0.0,0.0,0.0,0.0,0.0,0.0,0.0,0.0,-5.19453369762779e-08,-5.194274604880533e-08,-5.194302099553738e-08,-5.1939941043088935e-08,0.03958776329118624,0.03960836558787717,0.0395867753797452,0.03960858001383673,-4.4810119241567303e-07,-4.480706184417649e-07,-4.4810327382016624e-07,-4.480693676860118e-07,-2.9965424316880096e-07,-2.996334952931612e-07,-2.9966641146295103e-07,-2.996483735214798e-07,-6.951456249515431e-08,-6.950333392152785e-08,-6.952602127352492e-08,-6.952316244575471e-08,-0.005385930781935902,-0.005385937140474709,-0.00538577832453363,-0.005385884476556216,-1.26765325014766e-07,-1.2676299018798964e-07,-1.267468897614421e-07,-1.267530601961399e-07,0.0,0.0,0.0,0.0,0.0,0.0,0.0,0.0,0.0,0.0,0.0,0.0,0.0,0.0,0.0,0.0,0.0,0.0,0.0,0.0,0.0,0.0,0.0,0.0,0.0,0.0,0.0,0.0,0.0,0.0,0.0,0.0,0.0,0.0,0.0,0.0,0.0,0.0,0.0,0.0,0.0,0.0,0.0,0.0,0.0,0.0,0.0,0.0,0.0,0.0,0.0,0.0,0.0,0.0,0.0,0.0,0.0,0.0,0.0,0.0,0.0,0.0,0.0,0.0,0.0,0.0,0.0,0.0,0.0,0.0,0.0,0.0,0.0,0.0,0.0,0.0
302_CT_1,0.0,0.0,0.0,0.0,0.0,0.0,0.0,0.0,0.0,0.0,0.0,0.0,0.0,0.0,0.0,0.0,0.0,0.0,0.0,0.0,0.0,0.0,0.0,0.0,0.0,0.0,0.0,0.0,0.0,0.0,0.0,0.0,0.0,0.0,0.0,0.0,0.0,0.0,0.0,0.0,0.0,0.0,0.0,0.0,0.0,0.0,0.0,0.0,0.0,0.0,0.0,0.0,0.0,0.0,0.0,0.0,0.0,0.0,0.0,0.0,-0.0012729114219617588,-0.0012725759148151175,-0.001280137069719245,-0.001263793284162567,0.0,0.0,0.0,0.0,0.0,0.0,0.0,0.0,0.0,0.0,0.0,0.0,0.0,0.0,0.0,0.0,0.0,0.0,0.0,0.0,0.0,0.0,0.0,0.0,0.0,0.0,0.0,0.0,0.0,0.0,0.0,0.0,0.0,0.0,0.0,0.0,0.0,0.0,0.0,0.0,0.0,0.0,0.0,0.0,0.0,0.0,0.0,0.0,0.0,0.0,0.0,0.0,0.0,0.0,0.0,0.0,0.0,0.0,0.0,0.0,0.0,0.0,0.0,0.0,0.0,0.0,0.0,0.0,0.0,0.0,0.0,0.0,0.0,0.0,0.0,0.0,0.0,0.0,0.0,0.0
302_CT_2,0.0,0.0,0.0,0.0,0.0,0.0,0.0,0.0,0.0,0.0,0.0,0.0,0.0,0.0,0.0,0.0,0.0,0.0,0.0,0.0,0.0,0.0,0.0,0.0,0.0,0.0,0.0,0.0,0.0,0.0,0.0,0.0,0.0,0.0,0.0,0.0,0.0,0.0,0.0,0.0,0.0,0.0,0.0,0.0,0.0,0.0,0.0,0.0,0.0,0.0,0.0,0.0,0.0,0.0,0.0,0.0,0.0,0.0,0.0,0.0,-0.001272911421967629,-0.0012725759147031168,-0.001280137070369003,-0.0012637932841862288,0.0,0.0,0.0,0.0,0.0,0.0,0.0,0.0,0.0,0.0,0.0,0.0,0.0,0.0,0.0,0.0,0.0,0.0,0.0,0.0,0.0,0.0,0.0,0.0,0.0,0.0,0.0,0.0,0.0,0.0,0.0,0.0,0.0,0.0,0.0,0.0,0.0,0.0,0.0,0.0,0.0,0.0,0.0,0.0,0.0,0.0,0.0,0.0,0.0,0.0,0.0,0.0,0.0,0.0,0.0,0.0,0.0,0.0,0.0,0.0,0.0,0.0,0.0,0.0,0.0,0.0,0.0,0.0,0.0,0.0,0.0,0.0,0.0,0.0,0.0,0.0,0.0,0.0,0.0,0.0
302_CT_3,0.0,0.0,0.0,0.0,0.0,0.0,0.0,0.0,0.0,0.0,0.0,0.0,0.0,0.0,0.0,0.0,0.0,0.0,0.0,0.0,0.0,0.0,0.0,0.0,0.0,0.0,0.0,0.0,0.0,0.0,0.0,0.0,0.0,0.0,0.0,0.0,0.0,0.0,0.0,0.0,0.0,0.0,0.0,0.0,0.0,0.0,0.0,0.0,0.0,0.0,0.0,0.0,0.0,0.0,0.0,0.0,0.0,0.0,0.0,0.0,0.0,0.0,0.0,0.0,0.0,0.0,0.0,0.0,0.0,0.0,0.0,0.0,0.0,0.0,0.0,0.0,0.0,0.0,0.0,0.0,0.0,0.0,0.0,0.0,0.0,0.0,0.0,0.0,0.0,0.0,0.0,0.0,0.0,0.0,0.0,0.0,0.0,0.0,0.0,0.0,0.0,0.0,0.0,0.0,0.0,0.0,0.0,0.0,0.0,0.0,0.0,0.0,0.0,0.0,0.0,0.0,0.0,0.0,0.0,0.0,0.0,0.0,0.0,0.0,0.0,0.0,0.0,0.0,0.0,0.0,0.0,0.0,0.0,0.0,0.0,0.0,0.0,0.0,0.0,0.0,0.0,0.0,0.0,0.0
302_CT_4,0.0,0.0,0.0,0.0,0.0,0.0,0.0,0.0,0.0,0.0,0.0,0.0,0.0,0.0,0.0,0.0,0.0,0.0,0.0,0.0,0.0,0.0,0.0,0.0,0.0,0.0,0.0,0.0,0.0,0.0,0.0,0.0,0.0,0.0,0.0,0.0,0.0,0.0,0.0,0.0,0.0,0.0,0.0,0.0,0.0,0.0,0.0,0.0,0.0,0.0,0.0,0.0,0.0,0.0,0.0,0.0,0.0,0.0,0.0,0.0,0.0,0.0,0.0,0.0,0.0,0.0,0.0,0.0,0.0,0.0,0.0,0.0,0.0,0.0,0.0,0.0,0.0,0.0,0.0,0.0,0.0,0.0,0.0,0.0,0.0,0.0,0.0,0.0,0.0,0.0,0.0,0.0,0.0,0.0,0.0,0.0,0.0,0.0,0.0,0.0,0.0,0.0,0.0,0.0,0.0,0.0,0.0,0.0,0.0,0.0,0.0,0.0,0.0,0.0,0.0,0.0,0.0,0.0,0.0,0.0,0.0,0.0,0.0,0.0,0.0,0.0,0.0,0.0,0.0,0.0,0.0,0.0,0.0,0.0,0.0,0.0,0.0,0.0,0.0,0.0,0.0,0.0,0.0,0.0
303_WIND_1,-0.5085620696359703,0.49148849795101146,-0.5086644317326545,-0.5086070669365027,-0.5463107414104309,0.4536902920999335,-0.5463142428571786,-0.5463048482130964,-0.519301679103477,0.48069828675654236,-0.519299191763622,-0.5193006468545266,-0.4860442290809699,0.513955847458595,-0.4860489032220201,-0.48604515532498926,-0.34763563742443093,0.6523639269124386,-0.3476363678150882,-0.34763594353350424,-0.3610706580701084,0.6389298526803744,-0.361071532150568,-0.3610713018432641,-0.2658723423668814,0.7341265573673255,-0.2658729107274098,-0.2658717310903855,-0.1655504714447784,0.8344306870079876,-0.16566344363259589,-0.16555372567633786,-2.5446758789016144e-07,0.9999997454716185,-2.5443863904683894e-07,-2.5444980040376543e-07,-1.6921123613400368e-07,0.9999998308009337,-1.690838224988056e-07,-1.6922923621347858e-07,-4.107618023496684e-08,0.9999999588860158,-4.1033938913415113e-08,-4.104327881665458e-08,-2.538915666594477e-07,0.9999997461353205,-2.538634937820916e-07,-2.5386177169161113e-07,-3.3457713888296325e-07,0.9999996654601455,-3.3453055792165287e-07,-3.345539517420326e-07,-2.1976507413867807e-07,0.9999997802710396,-2.197042334728394e-07,-2.1972069421491067e-07,-6.608354752302148e-08,0.9999999339104555,-6.607205804698424e-08,-6.607277110237546e-08,-0.06993666911987839,0.9300633436992563,-0.06993565627736764,-0.06993601067716312,-8.007419660671644e-08,0.9999999199415259,-8.009587482149527e-08,-8.003882019705699e-08,-4.265590503038652e-07,0.9999995734722051,-4.266800264218773e-07,-4.2654962018191564e-07,-6.061358304165765e-07,0.9999993938580727,-6.061328008399869e-07,-6.061477790655736e-07,-0.03893050155386302,0.9610695123854285,-0.03893032073024827,-0.0389306284040995,-0.07257468791089705,0.9274254254382404,-0.07257418692059225,-0.07257453909962272,-0.1261868416189751,0.8738135371453066,-0.12618668604457461,-0.12618647696810928,-0.20143804757704764,0.7985619761006255,-0.20143887853874176,-0.20143859677308457,-0.31080398231686956,0.6891959154887513,-0.3108054468546939,-0.3108043366030133,0.0,0.0,0.0,0.0,0.0,0.0,0.0,0.0,0.0,0.0,0.0,0.0,0.0,0.0,0.0,0.0,0.0,0.0,0.0,0.0,0.0,0.0,0.0,0.0,0.0,0.0,0.0,0.0,0.0,0.0,0.0,0.0,0.0,0.0,0.0,0.0,0.0,0.0,0.0,0.0,0.0,0.0,0.0,0.0,0.0,0.0,0.0,0.0
307_CT_1,0.0,0.0,0.0,0.0,0.0,0.0,0.0,0.0,0.0,0.0,0.0,0.0,0.0,0.0,0.0,0.0,0.0,0.0,0.0,0.0,0.0,0.0,0.0,0.0,0.0,0.0,0.0,0.0,0.0,0.0,0.0,0.0,0.0,0.0,0.0,0.0,0.0,0.0,0.0,0.0,0.0,0.0,0.0,0.0,0.0,0.0,0.0,0.0,0.0,0.0,0.0,0.0,0.0,0.0,0.0,0.0,0.0,0.0,0.0,0.0,0.0,0.0,0.0,0.0,0.0,0.0,0.0,0.0,0.0,0.0,0.0,0.0,0.0,0.0,0.0,0.0,0.0,0.0,0.0,0.0,0.0,0.0,0.0,0.0,0.0,0.0,0.0,0.0,0.0,0.0,0.0,0.0,0.0,0.0,0.0,0.0,0.0,0.0,0.0,0.0,0.0,0.0,0.0,0.0,0.0,0.0,0.0,0.0,0.0,0.0,0.0,0.0,0.0,0.0,0.0,0.0,0.0,0.0,0.0,0.0,0.0,0.0,0.0,0.0,0.0,0.0,0.0,0.0,0.0,0.0,0.0,0.0,0.0,0.0,0.0,0.0,0.0,0.0,0.0,0.0,0.0,0.0,0.0,0.0
307_CT_2,0.0,0.0,0.0,0.0,0.0,0.0,0.0,0.0,0.0,0.0,0.0,0.0,0.0,0.0,0.0,0.0,0.0,0.0,0.0,0.0,0.0,0.0,0.0,0.0,0.0,0.0,0.0,0.0,0.0,0.0,0.0,0.0,0.0,0.0,0.0,0.0,0.0,0.0,0.0,0.0,0.0,0.0,0.0,0.0,0.0,0.0,0.0,0.0,0.0,0.0,0.0,0.0,0.0,0.0,0.0,0.0,0.0,0.0,0.0,0.0,0.0,0.0,0.0,0.0,0.0,0.0,0.0,0.0,0.0,0.0,0.0,0.0,0.0,0.0,0.0,0.0,0.0,0.0,0.0,0.0,0.0,0.0,0.0,0.0,0.0,0.0,0.0,0.0,0.0,0.0,0.0,0.0,0.0,0.0,0.0,0.0,0.0,0.0,0.0,0.0,0.0,0.0,0.0,0.0,0.0,0.0,0.0,0.0,0.0,0.0,0.0,0.0,0.0,0.0,0.0,0.0,0.0,0.0,0.0,0.0,0.0,0.0,0.0,0.0,0.0,0.0,0.0,0.0,0.0,0.0,0.0,0.0,0.0,0.0,0.0,0.0,0.0,0.0,0.0,0.0,0.0,0.0,0.0,0.0
309_WIND_1,-1.4906832088712463e-06,-1.491401158792982e-06,0.9999985104269751,-1.4898885585214988e-06,-3.427366799257925e-07,-3.4274033566816797e-07,0.9999996572867307,-3.427458135912085e-07,-3.407547066736072e-07,-3.407548290201845e-07,0.9999996592408262,-3.407587628436842e-07,-3.2435763397398176e-07,-3.2435875541025894e-07,0.9999996756587004,-3.2435608256817943e-07,-2.159781367083724e-07,-2.1597673760531677e-07,0.9999997840194266,-2.1597916032936103e-07,-2.472470653769321e-07,-2.4724819525090425e-07,0.999999752754066,-2.4724337565110247e-07,-1.7185033085453938e-07,-1.7184656031510315e-07,0.9999998281548801,-1.7184895804051808e-07,-1.6285719539599341e-07,-1.6266384550434054e-07,0.9999998384134399,-1.6285267485970736e-07,-2.3057392783965014e-07,-2.3057433962136997e-07,0.9999997694250755,-2.305741306220595e-07,-1.721355457617868e-07,-1.721483658956302e-07,0.9999998278690947,-1.721224919580902e-07,-4.6940783149374e-08,-4.695160982226554e-08,0.9999999530684991,-4.6928484330262246e-08,-2.6129811209196774e-07,-2.6129301022859153e-07,0.999999738708838,-2.612584665315293e-07,-3.9058358974886076e-07,-3.905551992922085e-07,0.999999609421466,-3.905597251447675e-07,-2.3177003427576892e-07,-2.3175930041752224e-07,0.9999997682586024,-2.3174109551138308e-07,-6.562922422181927e-08,-6.56308103419434e-08,0.9999999343685553,-6.562966625621273e-08,-0.020444252264602558,-0.020444254341120127,0.9795560564216758,-0.020444092390973726,-1.1748897033037053e-07,-1.1748334044492381e-07,0.9999998825047458,-1.1747627569134687e-07,-6.158611910445089e-07,-6.158512607656874e-07,0.9999993841268418,-6.158501297353404e-07,-7.907935593021165e-07,-7.907960446473794e-07,0.999999209239443,-7.907885459128922e-07,-7.983094951757863e-08,-7.98305606064531e-08,0.9999999201658358,-7.982923033579108e-08,-1.0060595642125136e-06,-1.0060602617101289e-06,0.9999989939120538,-1.0060691059902373e-06,-3.3321935610786113e-07,-3.33218980186345e-07,0.999999666780143,-3.3322173540687366e-07,-1.277942271116217e-06,-1.2779277421826052e-06,0.9999987220652145,-1.2779186920958978e-06,-0.019475463136471305,-0.01947547422462992,0.980524426644843,-0.01947550474185655,0.0,0.0,0.0,0.0,0.0,0.0,0.0,0.0,0.0,0.0,0.0,0.0,0.0,0.0,0.0,0.0,0.0,0.0,0.0,0.0,0.0,0.0,0.0,0.0,0.0,0.0,0.0,0.0,0.0,0.0,0.0,0.0,0.0,0.0,0.0,0.0,0.0,0.0,0.0,0.0,0.0,0.0,0.0,0.0,0.0,0.0,0.0,0.0
313_CC_1,-0.09461335370425339,-0.09461308003193236,-0.09454522908507101,-0.09459876413875136,1.8181363393710015e-06,1.8181054148858067e-06,1.818860805968825e-06,1.8184117948108175e-06,8.267226442315589e-07,8.267522981775244e-07,8.260439745555459e-07,8.266108267684818e-07,7.578461466151154e-07,7.577915557277493e-07,7.58417630919439e-07,7.58119318008527e-07,-0.11691295537413876,-0.11694356039611364,-0.1169429368151631,-0.11692325171765867,-0.20895787468409732,-0.20888437920612668,-0.20907469977462512,-0.20903086046630737,-0.1854383589788149,-0.18544334095535686,-0.1854457438374233,-0.18544427722104384,-2.3497677456241206e-05,-2.3461055723705826e-05,-2.335418557208868e-05,-2.3493962631003098e-05,-3.9910863014469555e-07,-3.9909394677906107e-07,-3.9915549532310024e-07,-3.991126861173832e-07,-2.061928670027413e-07,-2.0621457808012167e-07,-2.0621032437162512e-07,-2.061622816532916e-07,-7.059174145229719e-08,-7.06024545493733e-08,-7.056661122106789e-08,-7.056220715878816e-08,-3.895147379084918e-07,-3.8948095015811646e-07,-3.895206717174915e-07,-3.8944978374903085e-07,-5.635356303823613e-07,-5.63504839679041e-07,-5.634914925778389e-07,-5.635120377229633e-07,-3.092491537293185e-07,-3.0922913918374206e-07,-3.091641289643121e-07,-3.0918537842285165e-07,-1.0519749005233336e-07,-1.0518108561896611e-07,-1.052080507157882e-07,-1.0520583471627763e-07,-0.03873602304214441,-0.038736073243964664,-0.038734736673303516,-0.038735742287475554,-2.0724601601518344e-07,-2.0724035115771144e-07,-2.072398328500924e-07,-2.072360628228701e-07,-1.1980655766352655e-06,-1.1980695217017612e-06,-1.1981365894975227e-06,-1.1980923827597982e-06,-2.0447451278826634e-06,-2.0447377150345503e-06,-2.045027174712999e-06,-2.0447419674444767e-06,-4.001826894306504e-07,-4.001792895946821e-07,-4.002139974979002e-07,-4.00188025089025e-07,-0.015180537116386672,-0.015180581307884689,-0.015180724747777985,-0.015180574039299061,-7.902551258931467e-07,-7.902689683758624e-07,-7.902407914706089e-07,-7.902552023110218e-07,-0.09307116344785715,-0.09307142040878452,-0.0930728567420025,-0.0930718082458016,-0.11417608884261343,-0.11417639644238037,-0.11418636151072814,-0.11417621527102564,0.0,0.0,0.0,0.0,0.0,0.0,0.0,0.0,0.0,0.0,0.0,0.0,0.0,0.0,0.0,0.0,0.0,0.0,0.0,0.0,0.0,0.0,0.0,0.0,0.0,0.0,0.0,0.0,0.0,0.0,0.0,0.0,0.0,0.0,0.0,0.0,0.0,0.0,0.0,0.0,0.0,0.0,0.0,0.0,0.0,0.0,0.0,0.0
315_CT_6,0.0,0.0,0.0,0.0,0.0,0.0,0.0,0.0,0.0,0.0,0.0,0.0,0.0,0.0,0.0,0.0,0.0,0.0,0.0,0.0,0.0,0.0,0.0,0.0,0.0,0.0,0.0,0.0,0.0,0.0,0.0,0.0,0.0,0.0,0.0,0.0,0.0,0.0,0.0,0.0,0.0,0.0,0.0,0.0,0.0,0.0,0.0,0.0,0.0,0.0,0.0,0.0,0.0,0.0,0.0,0.0,-5.518476148215583e-08,-5.517325030941984e-08,-5.519153652812677e-08,-5.5191187441019296e-08,-0.005016026618344812,-0.005016031234005852,-0.005015907876179174,-0.005015980315136466,-6.047740237110862e-08,-6.047577121648298e-08,-6.047162952972591e-08,-6.047066919987536e-08,-3.427305207229379e-07,-3.426850095585853e-07,-3.4275692214204466e-07,-3.4268417857941586e-07,-4.445810138919981e-07,-4.4459959308573715e-07,-4.439950211931887e-07,-4.443715580150729e-07,-5.265509911422939e-08,-5.265804978171751e-08,-5.266570224371492e-08,-5.266206475614021e-08,0.0,0.0,0.0,0.0,0.0,0.0,0.0,0.0,0.0,0.0,0.0,0.0,0.0,0.0,0.0,0.0,0.0,0.0,0.0,0.0,0.0,0.0,0.0,0.0,0.0,0.0,0.0,0.0,0.0,0.0,0.0,0.0,0.0,0.0,0.0,0.0,0.0,0.0,0.0,0.0,0.0,0.0,0.0,0.0,0.0,0.0,0.0,0.0,0.0,0.0,0.0,0.0,0.0,0.0,0.0,0.0,0.0,0.0,0.0,0.0,0.0,0.0,0.0,0.0
315_CT_7,1.754131792394345e-06,1.7547844741710123e-06,1.7528882112450563e-06,1.753620752704289e-06,1.2021452734688161e-06,1.2021305814498649e-06,1.2022766566147548e-06,1.2022332310983444e-06,6.72758507354654e-07,6.727609246791239e-07,6.727040620962152e-07,6.727429496705349e-07,6.102475050903481e-07,6.102531388442636e-07,6.104584348068951e-07,6.103051282193691e-07,8.749328746759427e-07,8.749911400381033e-07,8.75395345289034e-07,8.751339747638834e-07,1.109889803189101e-06,1.1099544382417481e-06,1.1098683487377722e-06,1.1098568249733802e-06,7.762577531764549e-07,7.762783373340765e-07,7.764988595083392e-07,7.762536292039471e-07,0.006531814876059416,0.006530703635003243,0.006527709247402544,0.006532611038858085,-3.8530629836003545e-07,-3.850880454541288e-07,-3.8492506249368953e-07,-3.8515406546381344e-07,-1.743619232142325e-07,-1.7436187297197957e-07,-1.7412289504307842e-07,-1.7423983511129146e-07,-3.8845995735705175e-08,-3.8841683458590155e-08,-3.8840256823508326e-08,-3.8842032794983674e-08,-2.547003304876066e-07,-2.5473929188653876e-07,-2.5455510097959105e-07,-2.5457489963656344e-07,-3.177523614084826e-07,-3.17731672801568e-07,-3.177083173472607e-07,-3.1772971247346044e-07,-2.3393107212355426e-07,-2.338952449828566e-07,-2.339167346902571e-07,-2.3393212757830665e-07,-5.5184761789021865e-08,-5.5173250631799553e-08,-5.5191536748003804e-08,-5.519118775222837e-08,-0.005016026621746894,-0.0050160312374078544,-0.005015907879580244,-0.005015980318547241,-6.047740230465277e-08,-6.047577128348623e-08,-6.047162967964145e-08,-6.04706692016443e-08,-3.4273052034035534e-07,-3.4268500834456374e-07,-3.4275692190649147e-07,-3.4268417858218947e-07,0.0,0.0,0.0,0.0,0.0,0.0,0.0,0.0,0.0,0.0,0.0,0.0,0.0,0.0,0.0,0.0,0.0,0.0,0.0,0.0,0.0,0.0,0.0,0.0,0.0,0.0,0.0,0.0,0.0,0.0,0.0,0.0,0.0,0.0,0.0,0.0,0.0,0.0,0.0,0.0,0.0,0.0,0.0,0.0,0.0,0.0,0.0,0.0,0.0,0.0,0.0,0.0,0.0,0.0,0.0,0.0,0.0,0.0,0.0,0.0,0.0,0.0,0.0,0.0,0.0,0.0,0.0,0.0,0.0,0.0,0.0,0.0
315_CT_8,1.7541301313453307e-06,1.7547828104061978e-06,1.7528865639836291e-06,1.7536190922100536e-06,1.1963873215602299e-06,1.1963730525891343e-06,1.1965099220083747e-06,1.1964677621198357e-06,6.727585073584348e-07,6.727609246829101e-07,6.727040621000003e-07,6.727429496743215e-07,6.105519053681856e-07,6.105576069688399e-07,6.107629928813102e-07,6.106096339750649e-07,8.749480121022076e-07,8.750062805193249e-07,8.754105074309535e-07,8.751491240097975e-07,1.1100163377299089e-06,1.1100812599870673e-06,1.1099949752149724e-06,1.1099836801899667e-06,7.762577531764549e-07,7.762783373340765e-07,7.764988595083392e-07,7.762536292039471e-07,0.006531814876059416,0.006530703635003243,0.006527709247402544,0.006532611038858085,-3.8530629836003545e-07,-3.850880454541288e-07,-3.8492506249368953e-07,-3.8515406546381344e-07,-1.7436192321426026e-07,-1.7436187297200638e-07,-1.741228950431064e-07,-1.7423983511131947e-07,-3.884605666929517e-08,-3.884174439224224e-08,-3.884031767636045e-08,-3.8842093674039615e-08,-2.547003304874967e-07,-2.547392918864284e-07,-2.545551009794823e-07,-2.5457489963645465e-07,-3.177523614084826e-07,-3.17731672801568e-07,-3.177083173472607e-07,-3.1772971247346044e-07,-2.3393107212355426e-07,-2.338952449828566e-07,-2.339167346902571e-07,-2.3393212757830665e-07,-5.518476178753336e-08,-5.51732506303107e-08,-5.51915367465146e-08,-5.519118775073968e-08,-0.005084889235487337,-0.005084893953753543,-0.005084768085582428,-0.0050848417007418245,-6.047740230465277e-08,-6.047577128348623e-08,-6.047162967964145e-08,-6.04706692016443e-08,-3.4269959273680963e-07,-3.426540957247521e-07,-3.4272597768352157e-07,-3.426532686710518e-07,0.0,0.0,0.0,0.0,0.0,0.0,0.0,0.0,0.0,0.0,0.0,0.0,0.0,0.0,0.0,0.0,0.0,0.0,0.0,0.0,0.0,0.0,0.0,0.0,0.0,0.0,0.0,0.0,0.0,0.0,0.0,0.0,0.0,0.0,0.0,0.0,0.0,0.0,0.0,0.0,0.0,0.0,0.0,0.0,0.0,0.0,0.0,0.0,0.0,0.0,0.0,0.0,0.0,0.0,0.0,0.0,0.0,0.0,0.0,0.0,0.0,0.0,0.0,0.0,0.0,0.0,0.0,0.0,0.0,0.0,0.0,0.0
315_STEAM_1,0.0,0.0,0.0,0.0,0.0,0.0,0.0,0.0,0.0,0.0,0.0,0.0,0.0,0.0,0.0,0.0,0.0,0.0,0.0,0.0,0.0,0.0,0.0,0.0,0.0,0.0,0.0,0.0,0.0,0.0,0.0,0.0,0.0,0.0,0.0,0.0,0.0,0.0,0.0,0.0,0.0,0.0,0.0,0.0,0.0,0.0,0.0,0.0,0.0,0.0,0.0,0.0,0.0,0.0,0.0,0.0,0.0,0.0,0.0,0.0,0.0,0.0,0.0,0.0,0.0,0.0,0.0,0.0,0.0,0.0,0.0,0.0,0.0,0.0,0.0,0.0,0.0,0.0,0.0,0.0,0.0,0.0,0.0,0.0,0.0,0.0,0.0,0.0,0.0,0.0,0.0,0.0,0.0,0.0,0.0,0.0,0.0,0.0,0.0,0.0,0.0,0.0,0.0,0.0,0.0,0.0,0.0,0.0,0.0,0.0,0.0,0.0,0.0,0.0,0.0,0.0,0.0,0.0,0.0,0.0,0.0,0.0,0.0,0.0,0.0,0.0,0.0,0.0,0.0,0.0,0.0,0.0,0.0,0.0,0.0,0.0,0.0,0.0,0.0,0.0,0.0,0.0,0.0,0.0
315_STEAM_2,0.0,0.0,0.0,0.0,0.0,0.0,0.0,0.0,0.0,0.0,0.0,0.0,0.0,0.0,0.0,0.0,0.0,0.0,0.0,0.0,0.0,0.0,0.0,0.0,0.0,0.0,0.0,0.0,0.0,0.0,0.0,0.0,0.0,0.0,0.0,0.0,0.0,0.0,0.0,0.0,0.0,0.0,0.0,0.0,0.0,0.0,0.0,0.0,0.0,0.0,0.0,0.0,0.0,0.0,0.0,0.0,0.0,0.0,0.0,0.0,0.0,0.0,0.0,0.0,0.0,0.0,0.0,0.0,0.0,0.0,0.0,0.0,0.0,0.0,0.0,0.0,0.0,0.0,0.0,0.0,0.0,0.0,0.0,0.0,0.0,0.0,0.0,0.0,0.0,0.0,0.0,0.0,0.0,0.0,0.0,0.0,0.0,0.0,0.0,0.0,0.0,0.0,0.0,0.0,0.0,0.0,0.0,0.0,0.0,0.0,0.0,0.0,0.0,0.0,0.0,0.0,0.0,0.0,0.0,0.0,0.0,0.0,0.0,0.0,0.0,0.0,0.0,0.0,0.0,0.0,0.0,0.0,0.0,0.0,0.0,0.0,0.0,0.0,0.0,0.0,0.0,0.0,0.0,0.0
315_STEAM_3,0.0,0.0,0.0,0.0,0.0,0.0,0.0,0.0,0.0,0.0,0.0,0.0,0.0,0.0,0.0,0.0,0.0,0.0,0.0,0.0,0.0,0.0,0.0,0.0,0.0,0.0,0.0,0.0,0.0,0.0,0.0,0.0,0.0,0.0,0.0,0.0,0.0,0.0,0.0,0.0,0.0,0.0,0.0,0.0,0.0,0.0,0.0,0.0,0.0,0.0,0.0,0.0,0.0,0.0,0.0,0.0,0.0,0.0,0.0,0.0,0.0,0.0,0.0,0.0,0.0,0.0,0.0,0.0,0.0,0.0,0.0,0.0,0.0,0.0,0.0,0.0,0.0,0.0,0.0,0.0,0.0,0.0,0.0,0.0,0.0,0.0,0.0,0.0,0.0,0.0,0.0,0.0,0.0,0.0,0.0,0.0,0.0,0.0,0.0,0.0,0.0,0.0,0.0,0.0,0.0,0.0,0.0,0.0,0.0,0.0,0.0,0.0,0.0,0.0,0.0,0.0,0.0,0.0,0.0,0.0,0.0,0.0,0.0,0.0,0.0,0.0,0.0,0.0,0.0,0.0,0.0,0.0,0.0,0.0,0.0,0.0,0.0,0.0,0.0,0.0,0.0,0.0,0.0,0.0
315_STEAM_4,0.0,0.0,0.0,0.0,0.0,0.0,0.0,0.0,0.0,0.0,0.0,0.0,0.0,0.0,0.0,0.0,0.0,0.0,0.0,0.0,0.0,0.0,0.0,0.0,0.0,0.0,0.0,0.0,0.0,0.0,0.0,0.0,0.0,0.0,0.0,0.0,0.0,0.0,0.0,0.0,0.0,0.0,0.0,0.0,0.0,0.0,0.0,0.0,0.0,0.0,0.0,0.0,0.0,0.0,0.0,0.0,0.0,0.0,0.0,0.0,0.0,0.0,0.0,0.0,0.0,0.0,0.0,0.0,0.0,0.0,0.0,0.0,0.0,0.0,0.0,0.0,0.0,0.0,0.0,0.0,0.0,0.0,0.0,0.0,0.0,0.0,0.0,0.0,0.0,0.0,0.0,0.0,0.0,0.0,0.0,0.0,0.0,0.0,0.0,0.0,0.0,0.0,0.0,0.0,0.0,0.0,0.0,0.0,0.0,0.0,0.0,0.0,0.0,0.0,0.0,0.0,0.0,0.0,0.0,0.0,0.0,0.0,0.0,0.0,0.0,0.0,0.0,0.0,0.0,0.0,0.0,0.0,0.0,0.0,0.0,0.0,0.0,0.0,0.0,0.0,0.0,0.0,0.0,0.0
315_STEAM_5,0.0,0.0,0.0,0.0,0.0,0.0,0.0,0.0,0.0,0.0,0.0,0.0,0.0,0.0,0.0,0.0,0.0,0.0,0.0,0.0,0.0,0.0,0.0,0.0,0.0,0.0,0.0,0.0,0.0,0.0,0.0,0.0,0.0,0.0,0.0,0.0,0.0,0.0,0.0,0.0,0.0,0.0,0.0,0.0,0.0,0.0,0.0,0.0,0.0,0.0,0.0,0.0,0.0,0.0,0.0,0.0,0.0,0.0,0.0,0.0,0.0,0.0,0.0,0.0,0.0,0.0,0.0,0.0,0.0,0.0,0.0,0.0,0.0,0.0,0.0,0.0,0.0,0.0,0.0,0.0,0.0,0.0,0.0,0.0,0.0,0.0,0.0,0.0,0.0,0.0,0.0,0.0,0.0,0.0,0.0,0.0,0.0,0.0,0.0,0.0,0.0,0.0,0.0,0.0,0.0,0.0,0.0,0.0,0.0,0.0,0.0,0.0,0.0,0.0,0.0,0.0,0.0,0.0,0.0,0.0,0.0,0.0,0.0,0.0,0.0,0.0,0.0,0.0,0.0,0.0,0.0,0.0,0.0,0.0,0.0,0.0,0.0,0.0,0.0,0.0,0.0,0.0,0.0,0.0
316_STEAM_1,2.1367584737141954e-06,2.137471443286465e-06,2.1358943493865468e-06,2.136227005430773e-06,1.67989635674326e-06,1.6798691411246125e-06,1.6805264717589807e-06,1.6801108247760208e-06,8.598500669254605e-07,8.59835126987285e-07,8.597099006024678e-07,8.597714224758528e-07,7.727121900198849e-07,7.726600057544886e-07,7.731711977321254e-07,7.728334919827308e-07,1.1799004342449848e-06,1.179968541098475e-06,1.1809203144252933e-06,1.1802288234562566e-06,1.648846700119666e-06,1.6488373032474968e-06,1.648970109791037e-06,1.6488208638160982e-06,-0.029789546537889566,-0.029895671314040917,-0.030032021898910077,-0.02996964867064217,-2.6477557719728484e-05,-2.6500802561280068e-05,-2.6610929187320664e-05,-2.6481130525705773e-05,-3.441538397597199e-07,-3.4411086224928056e-07,-3.4417752958759706e-07,-3.4416196892353037e-07,-1.812464758832455e-07,-1.812364740505501e-07,-1.8125282919001506e-07,-1.8122609751781064e-07,-4.2917309373002865e-08,-4.290645860827169e-08,-4.291705746339858e-08,-4.291678007189451e-08,-2.995650512649384e-07,-2.99539129611226e-07,-2.9954935421017126e-07,-2.9953109646509546e-07,-3.292974891100364e-07,-3.292688073308625e-07,-3.2929807058934557e-07,-3.292983452668167e-07,-2.469692645390431e-07,-2.469381026326545e-07,-2.4698395284517005e-07,-2.469691942987349e-07,-6.325109680460628e-08,-6.322464718433451e-08,-6.326649781840388e-08,-6.326749364686446e-08,-0.016185277678385568,-0.016185286169601243,-0.016184836935058344,-0.016185140936072373,-6.838272198494977e-08,-6.838183300161838e-08,-6.837690791350326e-08,-6.838148720689246e-08,-3.6585470242211926e-07,-3.6585943347100525e-07,-3.658345741897051e-07,-3.6584846619693945e-07,-5.332601565877226e-07,-5.332425263016027e-07,-5.333107211402677e-07,-5.3326054534954e-07,-6.337954300272841e-08,-6.337949653989483e-08,-6.337932756395048e-08,-6.338175470979157e-08,-5.405322790474898e-07,-5.405746746622864e-07,-5.406473947422441e-07,-5.405220730735093e-07,-3.6903796557519186e-07,-3.6905782513363405e-07,-3.6903216926731375e-07,-3.6902530726596044e-07,-7.114430823351725e-07,-7.115043515470987e-07,-7.114116171713647e-07,-7.114420728442911e-07,-0.057343400311936354,-0.05737039821945708,-0.057548897548493905,-0.057420288538343627,0.0,0.0,0.0,0.0,0.0,0.0,0.0,0.0,0.0,0.0,0.0,0.0,0.0,0.0,0.0,0.0,0.0,0.0,0.0,0.0,0.0,0.0,0.0,0.0,0.0,0.0,0.0,0.0,0.0,0.0,0.0,0.0,0.0,0.0,0.0,0.0,0.0,0.0,0.0,0.0,0.0,0.0,0.0,0.0,0.0,0.0,0.0,0.0
317_WIND_1,-4.328795776054051e-06,-4.333304204351407e-06,-4.320768283605503e-06,0.99999567318748,-4.497239132206232e-07,-4.4972784518648723e-07,-4.4967671897211403e-07,0.9999995502645644,-4.589265358845296e-07,-4.589274027466672e-07,-4.5893175126821006e-07,0.999999541069081,-4.372193087576193e-07,-4.3722091280784525e-07,-4.3719243336681757e-07,0.9999995627873842,-2.907930940487802e-07,-2.9078988372788217e-07,-2.9079631147510554e-07,0.9999997092078567,-3.317140695457965e-07,-3.31710718448619e-07,-3.317043990591628e-07,0.9999996682922713,-2.3289693729111605e-07,-2.3288829531509236e-07,-2.3288480832661662e-07,0.9999997671054864,-2.5705976813839015e-07,-2.5691021754425947e-07,-2.5479447174348024e-07,0.9999997430754409,-1.7910664373843588e-07,-1.7910763894235515e-07,-1.791093673375599e-07,0.9999998208989712,-1.3317202274265583e-07,-1.3318135039241952e-07,-1.3313131219661045e-07,0.9999998668310763,-3.2190784482466483e-08,-3.222587530160581e-08,-3.2155277551737527e-08,0.9999999678384699,-2.0328943528546972e-07,-2.032796508899537e-07,-2.0326712402152225e-07,0.9999997967369354,-2.3483968791815357e-07,-2.3481543287573459e-07,-2.347982430705997e-07,0.9999997651809296,-1.8028409698445103e-07,-1.802509537185415e-07,-1.802264684158672e-07,0.9999998197567425,-5.455420071243111e-08,-5.4556474893274753e-08,-5.454191231990535e-08,0.9999999454564303,-0.07060317555161877,-0.07060315848907095,-0.07060213499695855,0.9293975205919157,-4.387262153571214e-08,-4.386027274705384e-08,-4.3889675893638014e-08,0.9999999561559703,-2.3173886276595113e-07,-2.3171310115088772e-07,-2.318463394601622e-07,0.9999997682672116,-3.321194226302282e-07,-3.321239399056708e-07,-3.321195620742401e-07,0.9999996678710944,-3.572952156360998e-08,-3.572864937240183e-08,-3.572747431235257e-08,0.9999999642726954,-2.6109199668944427e-07,-2.6109484529968086e-07,-2.61103814125363e-07,0.9999997388974401,-2.1694934115856768e-07,-2.1694726282106558e-07,-2.1695631780005442e-07,0.9999997830452804,-3.333001696859128e-07,-3.333036939778822e-07,-3.3330796611608093e-07,0.9999996666995854,-6.106113694670512e-07,-6.106105292502662e-07,-6.105851859672384e-07,0.999999389395975,0.0,0.0,0.0,0.0,0.0,0.0,0.0,0.0,0.0,0.0,0.0,0.0,0.0,0.0,0.0,0.0,0.0,0.0,0.0,0.0,0.0,0.0,0.0,0.0,0.0,0.0,0.0,0.0,0.0,0.0,0.0,0.0,0.0,0.0,0.0,0.0,0.0,0.0,0.0,0.0,0.0,0.0,0.0,0.0,0.0,0.0,0.0,0.0
318_CC_1,0.0,0.0,0.0,0.0,0.0,0.0,0.0,0.0,0.0,0.0,0.0,0.0,0.0,0.0,0.0,0.0,0.0,0.0,0.0,0.0,0.0,0.0,0.0,0.0,0.0,0.0,0.0,0.0,0.0,0.0,0.0,0.0,0.0,0.0,0.0,0.0,-0.17830858491845875,-0.1783175387512883,-0.17840235066448606,-0.17836855432491303,-4.817415855118412e-08,-4.81747617353534e-08,-4.8153672160822225e-08,-4.8150633985125924e-08,-2.587166597622925e-07,-2.5900641698051174e-07,-2.584548282058563e-07,-2.584228468100983e-07,-2.7146563230662224e-07,-2.714771052403364e-07,-2.71395860451662e-07,-2.7144711505696384e-07,-2.108967608327461e-07,-2.108812378054381e-07,-2.1074921807695546e-07,-2.1079316764764547e-07,-7.649875777282489e-08,-7.647843780489438e-08,-7.650916344914549e-08,-7.650621827579974e-08,-0.0389123227934548,-0.038912368058029,-0.038911071245812945,-0.03891204955356667,-4.2690978974135874e-08,-4.268855940958716e-08,-4.269058617722976e-08,-4.268808187454319e-08,-2.475367413268259e-07,-2.4754390770542756e-07,-2.475571379001451e-07,-2.475531220151606e-07,-3.8748803987687097e-07,-3.87432238846408e-07,-3.870605955746953e-07,-3.872153879157793e-07,-4.1318802157519485e-08,-4.131778352789439e-08,-4.132877773344035e-08,-4.132109859757158e-08,-2.727043930672579e-07,-2.724183321700657e-07,-2.7114271627937114e-07,-2.7223092132034453e-07,-0.12700254375159958,-0.12700288072318394,-0.1270046916699341,-0.12700427739359663,0.0,0.0,0.0,0.0,0.0,0.0,0.0,0.0,0.0,0.0,0.0,0.0,0.0,0.0,0.0,0.0,0.0,0.0,0.0,0.0,0.0,0.0,0.0,0.0,0.0,0.0,0.0,0.0,0.0,0.0,0.0,0.0,0.0,0.0,0.0,0.0,0.0,0.0,0.0,0.0,0.0,0.0,0.0,0.0,0.0,0.0,0.0,0.0,0.0,0.0,0.0,0.0,0.0,0.0,0.0,0.0
321_CC_1,0.0,0.0,0.0,0.0,0.0,0.0,0.0,0.0,0.0,0.0,0.0,0.0,0.0,0.0,0.0,0.0,0.0,0.0,0.0,0.0,0.0,0.0,0.0,0.0,0.0,0.0,0.0,0.0,0.0,0.0,0.0,0.0,0.0,0.0,0.0,0.0,-0.17832187538936867,-0.17832492531024058,-0.17836483944607284,-0.17834851452765585,-4.526600261289815e-08,-4.527298491652232e-08,-4.5246072666316195e-08,-4.524398798925576e-08,-2.6968015198747253e-07,-2.697384626770827e-07,-2.6968126753956767e-07,-2.69663949515838e-07,-2.8705546883944777e-07,-2.8706129384659107e-07,-2.8699151499722575e-07,-2.8703451050617826e-07,-2.122599926934754e-07,-2.1224737878355882e-07,-2.1214240319977762e-07,-2.1217894302266776e-07,-7.347866914919621e-08,-7.346309960354347e-08,-7.348744990309797e-08,-7.348500077936779e-08,-0.031057303118092294,-0.031057339202233636,-0.031056386283384807,-0.03105713559188605,-4.8779808192733753e-08,-4.8778188377340825e-08,-4.877777781686632e-08,-4.877884315190296e-08,-2.693393125197119e-07,-2.6933759711411653e-07,-2.6939037356399353e-07,-2.693515068408337e-07,-4.2875600891889576e-07,-4.2873835726098264e-07,-4.2901247399029785e-07,-4.2873809112360204e-07,-4.199653669267889e-08,-4.199610759147987e-08,-4.2001206512765066e-08,-4.199801369608868e-08,-0.0839939924926954,-0.08399464639347193,-0.0839985233666658,-0.08399548595547147,0.0,0.0,0.0,0.0,0.0,0.0,0.0,0.0,0.0,0.0,0.0,0.0,0.0,0.0,0.0,0.0,0.0,0.0,0.0,0.0,0.0,0.0,0.0,0.0,0.0,0.0,0.0,0.0,0.0,0.0,0.0,0.0,0.0,0.0,0.0,0.0,0.0,0.0,0.0,0.0,0.0,0.0,0.0,0.0,0.0,0.0,0.0,0.0,0.0,0.0,0.0,0.0,0.0,0.0,0.0,0.0,0.0,0.0,0.0,0.0
322_CT_5,0.0,0.0,0.0,0.0,0.0,0.0,0.0,0.0,0.0,0.0,0.0,0.0,0.0,0.0,0.0,0.0,0.0,0.0,0.0,0.0,0.0,0.0,0.0,0.0,0.0,0.0,0.0,0.0,0.0,0.0,0.0,0.0,0.0,0.0,0.0,0.0,0.0,0.0,0.0,0.0,0.0,0.0,0.0,0.0,0.0,0.0,0.0,0.0,0.0,0.0,0.0,0.0,0.0,0.0,0.0,0.0,0.0,0.0,0.0,0.0,0.0,0.0,0.0,0.0,0.0,0.0,0.0,0.0,0.0,0.0,0.0,0.0,0.0,0.0,0.0,0.0,0.0,0.0,0.0,0.0,0.0,0.0,0.0,0.0,0.0,0.0,0.0,0.0,0.0,0.0,0.0,0.0,0.0,0.0,0.0,0.0,0.0,0.0,0.0,0.0,0.0,0.0,0.0,0.0,0.0,0.0,0.0,0.0,0.0,0.0,0.0,0.0,0.0,0.0,0.0,0.0,0.0,0.0,0.0,0.0,0.0,0.0,0.0,0.0,0.0,0.0,0.0,0.0,0.0,0.0,0.0,0.0,0.0,0.0,0.0,0.0,0.0,0.0,0.0,0.0,0.0,0.0,0.0,0.0
322_CT_6,0.0,0.0,0.0,0.0,0.0,0.0,0.0,0.0,0.0,0.0,0.0,0.0,0.0,0.0,0.0,0.0,0.0,0.0,0.0,0.0,0.0,0.0,0.0,0.0,0.0,0.0,0.0,0.0,0.0,0.0,0.0,0.0,0.0,0.0,0.0,0.0,0.0,0.0,0.0,0.0,0.0,0.0,0.0,0.0,0.0,0.0,0.0,0.0,0.0,0.0,0.0,0.0,0.0,0.0,0.0,0.0,0.0,0.0,0.0,0.0,0.0,0.0,0.0,0.0,0.0,0.0,0.0,0.0,0.0,0.0,0.0,0.0,0.0,0.0,0.0,0.0,0.0,0.0,0.0,0.0,0.0,0.0,0.0,0.0,0.0,0.0,0.0,0.0,0.0,0.0,0.0,0.0,0.0,0.0,0.0,0.0,0.0,0.0,0.0,0.0,0.0,0.0,0.0,0.0,0.0,0.0,0.0,0.0,0.0,0.0,0.0,0.0,0.0,0.0,0.0,0.0,0.0,0.0,0.0,0.0,0.0,0.0,0.0,0.0,0.0,0.0,0.0,0.0,0.0,0.0,0.0,0.0,0.0,0.0,0.0,0.0,0.0,0.0,0.0,0.0,0.0,0.0,0.0,0.0
323_CC_1,1.1580805137078878e-06,1.1585752408011748e-06,1.157029959086051e-06,1.1576220444007265e-06,9.157469632728219e-07,9.157663805456293e-07,9.157800673414009e-07,9.15876305957138e-07,5.236451735788683e-07,5.236493853500183e-07,5.235777715642397e-07,5.236412396018273e-07,4.817317583670255e-07,4.817274175109235e-07,4.817601187418961e-07,4.817522857217876e-07,6.35194227940599e-07,6.351891575620341e-07,6.352132222312027e-07,6.352208737130418e-07,8.642788628198236e-07,8.642724050662503e-07,8.642821772101119e-07,8.642756565751327e-07,5.188184942772622e-07,5.188514853315951e-07,5.18871932086995e-07,5.188696849813246e-07,2.1991247287522775e-05,2.1988422317598122e-05,2.1971026670009053e-05,2.1990562717275962e-05,0.023024421072682322,0.023024154809730968,0.02302448608615837,0.02302457061066031,0.06309472976012054,0.06309816035058202,0.06317641607431224,0.06314681818955212,-7.94783748814254e-08,-7.948986646688638e-08,-7.946290558891178e-08,-7.946057736750458e-08,0.08464094998505323,0.084630513643837,0.08465553039460705,0.08464924874556,-1.200847230986568e-06,-1.2009021879144655e-06,-1.2005069569553939e-06,-1.2007497418401111e-06,-5.42888643484396e-07,-5.428209433055997e-07,-5.426717653023161e-07,-5.427033115354533e-07,-1.0144940210121689e-07,-1.0141710404809601e-07,-1.0148191176284627e-07,-1.014754777073497e-07,-0.04081584523027215,-0.04081589522621876,-0.04081450015286059,-0.04081557361218849,-0.03160817888189105,-0.03160816451313092,-0.031608060707096985,-0.031608133224126804,-0.05405535202081617,-0.05405541594467744,-0.05405553431123611,-0.0540555941143173,-0.0360216117642167,-0.036022326863014875,-0.03601151982150563,-0.03602064349063308,-0.11389673064542316,-0.11389662014184748,-0.11389708154249334,-0.11389742858822191,-0.0540712645563281,-0.05407017575466638,-0.054065278782153836,-0.054069669679540744,0.02423871827691792,0.024238975070240663,0.024237836871531193,0.024238955213660436,-0.023053308921090032,-0.023052328993871996,-0.023051250262465572,-0.02305153620939513,3.4239384654236744e-07,3.424121329914543e-07,3.424446436501851e-07,3.424651045530565e-07,0.0,0.0,0.0,0.0,0.0,0.0,0.0,0.0,0.0,0.0,0.0,0.0,0.0,0.0,0.0,0.0,0.0,0.0,0.0,0.0,0.0,0.0,0.0,0.0,0.0,0.0,0.0,0.0,0.0,0.0,0.0,0.0,0.0,0.0,0.0,0.0,0.0,0.0,0.0,0.0,0.0,0.0,0.0,0.0,0.0,0.0,0.0,0.0
323_CC_2,1.1580805399092062e-06,1.158575230696878e-06,1.1570299979010291e-06,1.1576220444007265e-06,9.157469645779362e-07,9.157663795758611e-07,9.157800699916983e-07,9.158763059708224e-07,5.236161902723802e-07,5.236203975444705e-07,5.235487970009646e-07,5.23612263759794e-07,4.816814484000465e-07,4.816771075341405e-07,4.817097948866047e-07,4.817019611229825e-07,6.352135817874924e-07,6.352085037284114e-07,6.352325938727129e-07,6.352402248243153e-07,8.642788625802137e-07,8.642724039991184e-07,8.642821811063637e-07,8.642756565751327e-07,5.18667756410629e-07,5.187007143803157e-07,5.187211096213673e-07,5.187189050772755e-07,2.1991247287522775e-05,2.1988422317598122e-05,2.1971026670009053e-05,2.1990562717275962e-05,0.023024422092478902,0.023024155829056037,0.02302448710706262,0.023024571630896714,0.06309472975077235,0.0630981603412093,0.06317641606471014,0.06314681818021212,-7.947837421529158e-08,-7.948986424644033e-08,-7.946289937166284e-08,-7.946057736608727e-08,0.08464094999237948,0.08463051365103347,0.0846555304020189,0.08464924875283379,-1.2011087104912832e-06,-1.201163677855277e-06,-1.2007685041837135e-06,-1.2010112082957994e-06,-5.285598302373629e-07,-5.284871948951775e-07,-5.284164137364655e-07,-5.284173634057896e-07,-1.0144940210121689e-07,-1.0141710404809601e-07,-1.0148191176284627e-07,-1.014754777073497e-07,-0.04081584674188743,-0.04081589673790009,-0.04081450166403089,-0.040815575124234345,-0.03161955342190548,-0.031619540227155296,-0.0316194337098441,-0.031619510624847406,-0.05411442836329293,-0.05411445365197387,-0.05411486441700353,-0.05411468187158739,-0.03602161176386187,-0.03602232687100648,-0.036011519764169275,-0.03602064349103699,-0.11389673064542316,-0.11389662014184748,-0.11389708154249334,-0.11389742858822191,-0.05407126455779576,-0.054070175756162464,-0.05406527878374057,-0.05406966968103867,0.024331512510295868,0.024333104493165482,0.02433605090936314,0.024334191387005932,-0.02305539962122727,-0.023054419955960248,-0.023053355155545407,-0.023053624635180694,3.4239461938986154e-07,3.424129063517411e-07,3.4244541923511655e-07,3.42465879570808e-07,0.0,0.0,0.0,0.0,0.0,0.0,0.0,0.0,0.0,0.0,0.0,0.0,0.0,0.0,0.0,0.0,0.0,0.0,0.0,0.0,0.0,0.0,0.0,0.0,0.0,0.0,0.0,0.0,0.0,0.0,0.0,0.0,0.0,0.0,0.0,0.0,0.0,0.0,0.0,0.0,0.0,0.0,0.0,0.0,0.0,0.0,0.0,0.0
