gen_id,gen_type,time,Z_row_sum,Z_row_abs_sum,Z_row_norm,Z_k0,Z_k1,Z_k2,Z_k3
101_CT_1,THERMAL,2020-07-15 00:00:00,0.0,0.0,0.0,0.0,0.0,0.0,0.0
101_CT_2,THERMAL,2020-07-15 00:00:00,0.0,0.0,0.0,0.0,0.0,0.0,0.0
101_STEAM_3,THERMAL,2020-07-15 00:00:00,-0.008407235973601929,0.020987891638862926,0.015222018622379914,0.0032332418419348187,-0.014697563806232428,0.002059922763552971,0.0009971632271427104
101_STEAM_4,THERMAL,2020-07-15 00:00:00,0.009655097267088767,0.018124456476040614,0.014275463427998352,-0.0031788537835209176,0.013889776871564691,-0.0008445034055671125,-0.00021132241538789425
102_CT_1,THERMAL,2020-07-15 00:00:00,0.0,0.0,0.0,0.0,0.0,0.0,0.0
102_CT_2,THERMAL,2020-07-15 00:00:00,0.0,0.0,0.0,0.0,0.0,0.0,0.0
102_STEAM_3,THERMAL,2020-07-15 00:00:00,-0.14397336284732504,0.14397336284732504,0.08319577385527849,-0.03639465666090658,-0.002692803668476129,-0.05912083598449458,-0.045765066533447765
102_STEAM_4,THERMAL,2020-07-15 00:00:00,-0.13015092982697551,0.13015092982697551,0.07520902124572523,-0.03290069760103026,-0.0024329829465142283,-0.05344460789137395,-0.04137264138805706
107_CC_1,THERMAL,2020-07-15 00:00:00,2.4011622146529903e-07,2.4011622146529903e-07,1.2052985661896667e-07,6.40763544446088e-08,6.193543056198791e-08,5.089761145882221e-08,6.320682499988011e-08
113_CT_1,THERMAL,2020-07-15 00:00:00,0.0,0.0,0.0,0.0,0.0,0.0,0.0
113_CT_2,THERMAL,2020-07-15 00:00:00,0.0,0.0,0.0,0.0,0.0,0.0,0.0
113_CT_3,THERMAL,2020-07-15 00:00:00,0.0,0.0,0.0,0.0,0.0,0.0,0.0
113_CT_4,THERMAL,2020-07-15 00:00:00,0.0,0.0,0.0,0.0,0.0,0.0,0.0
115_STEAM_1,THERMAL,2020-07-15 00:00:00,0.0,0.0,0.0,0.0,0.0,0.0,0.0
115_STEAM_2,THERMAL,2020-07-15 00:00:00,0.0,0.0,0.0,0.0,0.0,0.0,0.0
115_STEAM_3,THERMAL,2020-07-15 00:00:00,8.301106470773736e-07,8.724841562233057e-07,5.661428621879953e-07,1.8655267708389545e-07,5.117102920282335e-07,-2.1186754572966038e-08,1.530344325382107e-07
116_STEAM_1,THERMAL,2020-07-15 00:00:00,-0.0815214425361569,1.2122292798107297,0.7370583947763031,-0.05466609883318918,0.5653539186372865,-0.44658010496777134,-0.14562915737248283
118_CC_1,THERMAL,2020-07-15 00:00:00,3.392170794457357e-07,3.392170794457357e-07,1.7263605634015168e-07,7.225870990446026e-08,1.0930106308926213e-07,8.900832071390141e-08,6.864898573811193e-08
122_WIND_1,WIND,2020-07-15 00:00:00,1.0,1.0,1.0,1.0,0.0,0.0,0.0
123_CT_1,THERMAL,2020-07-15 00:00:00,0.0,0.0,0.0,0.0,0.0,0.0,0.0
123_CT_4,THERMAL,2020-07-15 00:00:00,0.0,0.0,0.0,0.0,0.0,0.0,0.0
123_CT_5,THERMAL,2020-07-15 00:00:00,0.0,0.0,0.0,0.0,0.0,0.0,0.0
123_STEAM_2,THERMAL,2020-07-15 00:00:00,2.5946444449004297e-07,2.5946444449004297e-07,1.3151238237578794e-07,5.939202374349861e-08,8.311786925396802e-08,5.528897784046194e-08,6.166557365211438e-08
123_STEAM_3,THERMAL,2020-07-15 00:00:00,0.34441619879352653,0.8627240526035161,0.6026196159320565,0.057942094102519714,0.5456280315960016,-0.2489561648626406,-0.010197762042354196
201_CT_1,THERMAL,2020-07-15 00:00:00,0.0,0.0,0.0,0.0,0.0,0.0,0.0
201_CT_2,THERMAL,2020-07-15 00:00:00,0.0,0.0,0.0,0.0,0.0,0.0,0.0
201_STEAM_3,THERMAL,2020-07-15 00:00:00,1.619112197719068e-07,1.7892523663395596e-07,9.980663766480253e-08,6.189446399851306e-08,4.5059508568812134e-08,-8.507008431024587e-09,6.346425563560618e-08
202_CT_1,THERMAL,2020-07-15 00:00:00,0.0,0.0,0.0,0.0,0.0,0.0,0.0
202_CT_2,THERMAL,2020-07-15 00:00:00,0.0,0.0,0.0,0.0,0.0,0.0,0.0
202_STEAM_3,THERMAL,2020-07-15 00:00:00,1.8552368019652413e-07,1.8552368019652413e-07,9.89498202808121e-08,4.792615113320647e-08,3.8895665889280994e-08,2.578984874710667e-08,7.291201442693e-08
202_STEAM_4,THERMAL,2020-07-15 00:00:00,2.673629796095553e-07,2.673629796095553e-07,1.3634478146699642e-07,6.497192875158692e-08,4.715328396514158e-08,8.453746653649151e-08,7.070030035633528e-08
207_CT_1,THERMAL,2020-07-15 00:00:00,0.0,0.0,0.0,0.0,0.0,0.0,0.0
207_CT_2,THERMAL,2020-07-15 00:00:00,0.0,0.0,0.0,0.0,0.0,0.0,0.0
212_CSP_1,THERMAL,2020-07-15 00:00:00,-1.759008570798004,1.759008570798004,0.8795662786956596,-0.440273347522933,-0.43145612369293085,-0.4458453523326664,-0.4414337472494739
213_CC_3,THERMAL,2020-07-15 00:00:00,1.6575306781141756e-07,1.6575306781141756e-07,8.466392905099705e-08,3.896929245961189e-08,3.0983167587095295e-08,5.499044597456759e-08,4.081016179014278e-08
213_CT_1,THERMAL,2020-07-15 00:00:00,0.0,0.0,0.0,0.0,0.0,0.0,0.0
213_CT_2,THERMAL,2020-07-15 00:00:00,0.0,0.0,0.0,0.0,0.0,0.0,0.0
215_CT_4,THERMAL,2020-07-15 00:00:00,0.0,0.0,0.0,0.0,0.0,0.0,0.0
215_CT_5,THERMAL,2020-07-15 00:00:00,0.0,0.0,0.0,0.0,0.0,0.0,0.0
216_STEAM_1,THERMAL,2020-07-15 00:00:00,-0.9664444628845025,0.9664444628845025,0.4977554290714886,-0.2369709538457947,-0.3367578050426483,-0.17304902465887206,-0.2196666793371874
218_CC_1,THERMAL,2020-07-15 00:00:00,0.0,0.0,0.0,0.0,0.0,0.0,0.0
221_CC_1,THERMAL,2020-07-15 00:00:00,2.7216701941723574e-07,2.7216701941723574e-07,1.3620936870001475e-07,6.888338566213292e-08,6.36743999749001e-08,7.18384569609043e-08,6.777077681929843e-08
223_CT_4,THERMAL,2020-07-15 00:00:00,0.0,0.0,0.0,0.0,0.0,0.0,0.0
223_CT_5,THERMAL,2020-07-15 00:00:00,0.0,0.0,0.0,0.0,0.0,0.0,0.0
223_CT_6,THERMAL,2020-07-15 00:00:00,0.0,0.0,0.0,0.0,0.0,0.0,0.0
223_STEAM_1,THERMAL,2020-07-15 00:00:00,-0.9360161989822985,0.9360161989822985,0.5344452329551088,-0.2220610514596405,-0.43945164075567633,-0.08468387214152795,-0.1898196346254537
223_STEAM_2,THERMAL,2020-07-15 00:00:00,-0.9360162074975968,0.9360162074975968,0.5344452790116783,-0.22206094514822905,-0.4394517345750125,-0.08468384355321579,-0.18981968422113948
223_STEAM_3,THERMAL,2020-07-15 00:00:00,0.5306934502102523,1.5095595845411791,0.8253026932344965,0.16887018996511438,-0.4894330671654634,0.5849140696856701,0.2663422577249312
301_CT_1,THERMAL,2020-07-15 00:00:00,0.0,0.0,0.0,0.0,0.0,0.0,0.0
301_CT_2,THERMAL,2020-07-15 00:00:00,0.0,0.0,0.0,0.0,0.0,0.0,0.0
301_CT_3,THERMAL,2020-07-15 00:00:00,0.0,0.0,0.0,0.0,0.0,0.0,0.0
301_CT_4,THERMAL,2020-07-15 00:00:00,0.0,0.0,0.0,0.0,0.0,0.0,0.0
302_CT_1,THERMAL,2020-07-15 00:00:00,0.0,0.0,0.0,0.0,0.0,0.0,0.0
302_CT_2,THERMAL,2020-07-15 00:00:00,0.0,0.0,0.0,0.0,0.0,0.0,0.0
302_CT_3,THERMAL,2020-07-15 00:00:00,0.0,0.0,0.0,0.0,0.0,0.0,0.0
302_CT_4,THERMAL,2020-07-15 00:00:00,0.0,0.0,0.0,0.0,0.0,0.0,0.0
303_WIND_1,WIND,2020-07-15 00:00:00,1.0,1.0,1.0,0.0,1.0,0.0,0.0
307_CT_1,THERMAL,2020-07-15 00:00:00,0.0,0.0,0.0,0.0,0.0,0.0,0.0
307_CT_2,THERMAL,2020-07-15 00:00:00,0.0,0.0,0.0,0.0,0.0,0.0,0.0
309_WIND_1,WIND,2020-07-15 00:00:00,1.0,1.0,1.0,0.0,0.0,1.0,0.0
313_CC_1,THERMAL,2020-07-15 00:00:00,6.661338147750939e-16,6.661338147750939e-16,6.661338147750939e-16,6.661338147750939e-16,0.0,0.0,0.0
315_CT_6,THERMAL,2020-07-15 00:00:00,0.0,0.0,0.0,0.0,0.0,0.0,0.0
315_CT_7,THERMAL,2020-07-15 00:00:00,0.0,0.0,0.0,0.0,0.0,0.0,0.0
315_CT_8,THERMAL,2020-07-15 00:00:00,0.0,0.0,0.0,0.0,0.0,0.0,0.0
315_STEAM_1,THERMAL,2020-07-15 00:00:00,0.0,0.0,0.0,0.0,0.0,0.0,0.0
315_STEAM_2,THERMAL,2020-07-15 00:00:00,0.0,0.0,0.0,0.0,0.0,0.0,0.0
315_STEAM_3,THERMAL,2020-07-15 00:00:00,0.0,0.0,0.0,0.0,0.0,0.0,0.0
315_STEAM_4,THERMAL,2020-07-15 00:00:00,0.0,0.0,0.0,0.0,0.0,0.0,0.0
315_STEAM_5,THERMAL,2020-07-15 00:00:00,0.0,0.0,0.0,0.0,0.0,0.0,0.0
316_STEAM_1,THERMAL,2020-07-15 00:00:00,-1.9340301472921432e-10,6.1793354311372054e-09,3.989674869409676e-09,2.7011107794905342e-09,-2.90845114658822e-09,2.9185542871346115e-10,-2.779180763449896e-10
317_WIND_1,WIND,2020-07-15 00:00:00,1.0,1.0,1.0,0.0,0.0,0.0,1.0
318_CC_1,THERMAL,2020-07-15 00:00:00,2.220446049250313e-15,4.884981308350689e-15,3.688882027804963e-15,-4.440892098500626e-16,-8.881784197001252e-16,3.552713678800501e-15,0.0
321_CC_1,THERMAL,2020-07-15 00:00:00,0.0,0.0,0.0,0.0,0.0,0.0,0.0
322_CT_5,THERMAL,2020-07-15 00:00:00,0.0,0.0,0.0,0.0,0.0,0.0,0.0
322_CT_6,THERMAL,2020-07-15 00:00:00,0.0,0.0,0.0,0.0,0.0,0.0,0.0
323_CC_1,THERMAL,2020-07-15 00:00:00,0.039101835456453765,0.039101835456453765,0.021077841857063025,0.009402461492837508,0.016044440738309452,0.005212465694983671,0.008442467530323133
323_CC_2,THERMAL,2020-07-15 00:00:00,0.037669108186259084,0.037669108186259084,0.02030553727646625,0.009057949826733927,0.015456564887556989,0.0050214487047326554,0.008133144767235517
101_CT_1,THERMAL,2020-07-15 01:00:00,0.0,0.0,0.0,0.0,0.0,0.0,0.0
101_CT_2,THERMAL,2020-07-15 01:00:00,0.0,0.0,0.0,0.0,0.0,0.0,0.0
101_STEAM_3,THERMAL,2020-07-15 01:00:00,-0.005385391854590669,0.006735492089410841,0.003957264799771327,-0.0014059969013409741,-0.0012328059578743842,0.000675050117410086,-0.003421639112785396
101_STEAM_4,THERMAL,2020-07-15 01:00:00,-0.00806369659564612,0.00806369659564612,0.005261170710407109,-0.0013162953206656207,-0.00033451552133493737,-0.004830147190140071,-0.001582738563505491
102_CT_1,THERMAL,2020-07-15 01:00:00,0.0,0.0,0.0,0.0,0.0,0.0,0.0
102_CT_2,THERMAL,2020-07-15 01:00:00,0.0,0.0,0.0,0.0,0.0,0.0,0.0
102_STEAM_3,THERMAL,2020-07-15 01:00:00,-0.37356435727608694,0.37356435727608694,0.20490633906560915,-0.06775107178907303,-0.03961382350133924,-0.11902727087429943,-0.14717219111137522
102_STEAM_4,THERMAL,2020-07-15 01:00:00,-0.3735643824669753,0.3735643824669753,0.20490636306545554,-0.06775106984508339,-0.03961380184314378,-0.11902731612553952,-0.14717219465320863
107_CC_1,THERMAL,2020-07-15 01:00:00,5.636877964494649e-09,5.636877964494649e-09,3.074700317441593e-09,2.0094288455396736e-09,2.023362810632534e-09,9.351488472475467e-10,6.689374610748942e-10
113_CT_1,THERMAL,2020-07-15 01:00:00,0.0,0.0,0.0,0.0,0.0,0.0,0.0
113_CT_2,THERMAL,2020-07-15 01:00:00,0.0,0.0,0.0,0.0,0.0,0.0,0.0
113_CT_3,THERMAL,2020-07-15 01:00:00,0.0,0.0,0.0,0.0,0.0,0.0,0.0
113_CT_4,THERMAL,2020-07-15 01:00:00,0.0,0.0,0.0,0.0,0.0,0.0,0.0
115_STEAM_1,THERMAL,2020-07-15 01:00:00,0.0,0.0,0.0,0.0,0.0,0.0,0.0
115_STEAM_2,THERMAL,2020-07-15 01:00:00,0.0,0.0,0.0,0.0,0.0,0.0,0.0
115_STEAM_3,THERMAL,2020-07-15 01:00:00,-2.161706633361862e-09,3.2736447305154593e-09,2.1661588929755115e-09,-7.089888676148348e-10,2.678448574044978e-10,2.881241911723009e-10,-2.0086868143238258e-09
116_STEAM_1,THERMAL,2020-07-15 01:00:00,1.1213396752971834e-08,7.503103772993536e-08,4.798353979876353e-08,-4.3078691724929286e-09,4.352287752418249e-09,3.876992948903535e-08,-2.7600951315988835e-08
118_CC_1,THERMAL,2020-07-15 01:00:00,4.752166815801481e-10,2.333827870940697e-09,1.2123015218834853e-09,6.52435216963454e-10,7.520870592969686e-10,-3.120685931889966e-10,-6.172370014912779e-10
122_WIND_1,WIND,2020-07-15 01:00:00,1.0,1.0,1.0,1.0,0.0,0.0,0.0
123_CT_1,THERMAL,2020-07-15 01:00:00,0.0,0.0,0.0,0.0,0.0,0.0,0.0
123_CT_4,THERMAL,2020-07-15 01:00:00,0.0,0.0,0.0,0.0,0.0,0.0,0.0
123_CT_5,THERMAL,2020-07-15 01:00:00,0.0,0.0,0.0,0.0,0.0,0.0,0.0
123_STEAM_2,THERMAL,2020-07-15 01:00:00,-6.0505381147413245e-09,9.031514469390881e-09,6.8813922844858825e-09,8.758533898145515e-10,6.146347875102265e-10,-6.7517147428475255e-09,-7.893115492185772e-10
123_STEAM_3,THERMAL,2020-07-15 01:00:00,1.536190198809992e-08,2.6122613390342747e-08,1.7837997492304853e-08,-4.2465542193781403e-10,4.112765239483451e-09,1.662949244973788e-08,-4.955700279183599e-09
201_CT_1,THERMAL,2020-07-15 01:00:00,0.0,0.0,0.0,0.0,0.0,0.0,0.0
201_CT_2,THERMAL,2020-07-15 01:00:00,0.0,0.0,0.0,0.0,0.0,0.0,0.0
201_STEAM_3,THERMAL,2020-07-15 01:00:00,1.7647679836934793e-08,1.7647679836934793e-08,9.485418102319526e-09,4.5503735224272646e-09,3.862186792602529e-09,7.036966120921306e-09,2.1981534009836945e-09
202_CT_1,THERMAL,2020-07-15 01:00:00,0.0,0.0,0.0,0.0,0.0,0.0,0.0
202_CT_2,THERMAL,2020-07-15 01:00:00,0.0,0.0,0.0,0.0,0.0,0.0,0.0
202_STEAM_3,THERMAL,2020-07-15 01:00:00,1.5228987673200292e-08,1.5228987673200292e-08,7.946749454714548e-09,4.014436312884417e-09,3.814516525549573e-09,5.297567711463556e-09,2.102467123302746e-09
202_STEAM_4,THERMAL,2020-07-15 01:00:00,1.522898775882333e-08,1.522898775882333e-08,7.946749499501277e-09,4.014436364927743e-09,3.814516546393497e-09,5.297567724201259e-09,2.1024671233008296e-09
207_CT_1,THERMAL,2020-07-15 01:00:00,0.0,0.0,0.0,0.0,0.0,0.0,0.0
207_CT_2,THERMAL,2020-07-15 01:00:00,0.0,0.0,0.0,0.0,0.0,0.0,0.0
212_CSP_1,THERMAL,2020-07-15 01:00:00,-1.4675429252274517,1.4675429252274517,0.7337792757165849,-0.36530188013961573,-0.3655797310126041,-0.3670904387411067,-0.3695708753341252
213_CC_3,THERMAL,2020-07-15 01:00:00,3.105004503277422e-08,3.105004503277422e-08,1.557616832449552e-08,7.937710044814139e-09,7.210036123694863e-09,8.720435928921688e-09,7.181862935343529e-09
213_CT_1,THERMAL,2020-07-15 01:00:00,0.0,0.0,0.0,0.0,0.0,0.0,0.0
213_CT_2,THERMAL,2020-07-15 01:00:00,0.0,0.0,0.0,0.0,0.0,0.0,0.0
215_CT_4,THERMAL,2020-07-15 01:00:00,0.0,0.0,0.0,0.0,0.0,0.0,0.0
215_CT_5,THERMAL,2020-07-15 01:00:00,0.0,0.0,0.0,0.0,0.0,0.0,0.0
216_STEAM_1,THERMAL,2020-07-15 01:00:00,-0.5959712832861779,0.5959712832861779,0.32760687150594414,-0.09244422873080638,-0.0829329658851391,-0.16874733741917503,-0.25184675125105743
218_CC_1,THERMAL,2020-07-15 01:00:00,0.0,0.0,0.0,0.0,0.0,0.0,0.0
221_CC_1,THERMAL,2020-07-15 01:00:00,-1.1274355602109013e-09,1.3097804092676566e-08,8.063968595730721e-09,2.621244332701167e-09,2.659021891560087e-09,-7.1126198264437335e-09,7.04918041971578e-10
223_CT_4,THERMAL,2020-07-15 01:00:00,0.0,0.0,0.0,0.0,0.0,0.0,0.0
223_CT_5,THERMAL,2020-07-15 01:00:00,0.0,0.0,0.0,0.0,0.0,0.0,0.0
223_CT_6,THERMAL,2020-07-15 01:00:00,0.0,0.0,0.0,0.0,0.0,0.0,0.0
223_STEAM_1,THERMAL,2020-07-15 01:00:00,-0.8086314684839273,0.8086314684839273,0.4210125163120965,-0.24417171107418312,-0.2695590121988204,-0.17471232944980897,-0.12018841576111478
223_STEAM_2,THERMAL,2020-07-15 01:00:00,-0.8086177579612456,0.8086177579612456,0.42100763869726454,-0.24417227559365762,-0.26956159883032116,-0.1746965168331267,-0.12018736670414007
223_STEAM_3,THERMAL,2020-07-15 01:00:00,0.4413411699198436,0.4413411699198436,0.2323860139255419,0.08431450799419671,0.06842822112696112,0.12745624341215134,0.16114219738653446
301_CT_1,THERMAL,2020-07-15 01:00:00,0.0,0.0,0.0,0.0,0.0,0.0,0.0
301_CT_2,THERMAL,2020-07-15 01:00:00,0.0,0.0,0.0,0.0,0.0,0.0,0.0
301_CT_3,THERMAL,2020-07-15 01:00:00,0.0,0.0,0.0,0.0,0.0,0.0,0.0
301_CT_4,THERMAL,2020-07-15 01:00:00,0.0,0.0,0.0,0.0,0.0,0.0,0.0
302_CT_1,THERMAL,2020-07-15 01:00:00,0.0,0.0,0.0,0.0,0.0,0.0,0.0
302_CT_2,THERMAL,2020-07-15 01:00:00,0.0,0.0,0.0,0.0,0.0,0.0,0.0
302_CT_3,THERMAL,2020-07-15 01:00:00,0.0,0.0,0.0,0.0,0.0,0.0,0.0
302_CT_4,THERMAL,2020-07-15 01:00:00,0.0,0.0,0.0,0.0,0.0,0.0,0.0
303_WIND_1,WIND,2020-07-15 01:00:00,1.0,1.0,1.0,0.0,1.0,0.0,0.0
307_CT_1,THERMAL,2020-07-15 01:00:00,0.0,0.0,0.0,0.0,0.0,0.0,0.0
307_CT_2,THERMAL,2020-07-15 01:00:00,0.0,0.0,0.0,0.0,0.0,0.0,0.0
309_WIND_1,WIND,2020-07-15 01:00:00,1.0,1.0,1.0,0.0,0.0,1.0,0.0
313_CC_1,THERMAL,2020-07-15 01:00:00,8.881784197001252e-16,2.6645352591003757e-15,1.9100999153570945e-15,-6.661338147750939e-16,-2.220446049250313e-16,1.7763568394002505e-15,0.0
315_CT_6,THERMAL,2020-07-15 01:00:00,0.0,0.0,0.0,0.0,0.0,0.0,0.0
315_CT_7,THERMAL,2020-07-15 01:00:00,0.0,0.0,0.0,0.0,0.0,0.0,0.0
315_CT_8,THERMAL,2020-07-15 01:00:00,0.0,0.0,0.0,0.0,0.0,0.0,0.0
315_STEAM_1,THERMAL,2020-07-15 01:00:00,0.0,0.0,0.0,0.0,0.0,0.0,0.0
315_STEAM_2,THERMAL,2020-07-15 01:00:00,0.0,0.0,0.0,0.0,0.0,0.0,0.0
315_STEAM_3,THERMAL,2020-07-15 01:00:00,0.0,0.0,0.0,0.0,0.0,0.0,0.0
315_STEAM_4,THERMAL,2020-07-15 01:00:00,0.0,0.0,0.0,0.0,0.0,0.0,0.0
315_STEAM_5,THERMAL,2020-07-15 01:00:00,0.0,0.0,0.0,0.0,0.0,0.0,0.0
316_STEAM_1,THERMAL,2020-07-15 01:00:00,-8.599396675626487e-09,8.599396675626487e-09,5.685285036843417e-09,-4.55038007274311e-10,-3.2599800636745613e-10,-4.759400873410868e-09,-3.058959788573852e-09
317_WIND_1,WIND,2020-07-15 01:00:00,1.0,1.0,1.0,0.0,0.0,0.0,1.0
318_CC_1,THERMAL,2020-07-15 01:00:00,1.5543122344752192e-15,2.4424906541753444e-15,1.8444410139024814e-15,2.220446049250313e-16,-4.440892098500626e-16,1.7763568394002505e-15,0.0
321_CC_1,THERMAL,2020-07-15 01:00:00,0.0,0.0,0.0,0.0,0.0,0.0,0.0
322_CT_5,THERMAL,2020-07-15 01:00:00,0.0,0.0,0.0,0.0,0.0,0.0,0.0
322_CT_6,THERMAL,2020-07-15 01:00:00,0.0,0.0,0.0,0.0,0.0,0.0,0.0
323_CC_1,THERMAL,2020-07-15 01:00:00,-3.380182176180435e-10,1.2532599529944063e-09,7.465480368917896e-10,2.4511685337357316e-10,2.1250401431460821e-10,-1.3746116805577328e-10,-6.581779172504516e-10
323_CC_2,THERMAL,2020-07-15 01:00:00,-3.336780081226049e-10,1.5928524753955961e-09,9.328382368244138e-10,3.757456191709857e-10,2.5384161446551e-10,-7.983555893633879e-10,-1.6490965239571267e-10
101_CT_1,THERMAL,2020-07-15 02:00:00,0.0,0.0,0.0,0.0,0.0,0.0,0.0
101_CT_2,THERMAL,2020-07-15 02:00:00,0.0,0.0,0.0,0.0,0.0,0.0,0.0
101_STEAM_3,THERMAL,2020-07-15 02:00:00,-3.243805463903011e-10,3.243805463903011e-10,1.8704417382641966e-10,-6.949537845293042e-11,-5.431021735159921e-11,-1.598322493124065e-10,-4.074270127336496e-11
101_STEAM_4,THERMAL,2020-07-15 02:00:00,-2.1241732463100502e-10,2.1241732463100502e-10,1.150572623371108e-10,-4.18671379776938e-11,-3.003128864985153e-11,-8.910961780791601e-11,-5.140928019554368e-11
102_CT_1,THERMAL,2020-07-15 02:00:00,0.0,0.0,0.0,0.0,0.0,0.0,0.0
102_CT_2,THERMAL,2020-07-15 02:00:00,0.0,0.0,0.0,0.0,0.0,0.0,0.0
102_STEAM_3,THERMAL,2020-07-15 02:00:00,-0.1661994876607039,0.1661994876607039,0.0888187470465837,-0.020194019746502756,-0.040665805151730794,-0.0644817196576466,-0.04085794310482375
102_STEAM_4,THERMAL,2020-07-15 02:00:00,-0.09621001448421854,0.09621001448421854,0.05570383089847218,-0.04099427586561877,-0.026028785174082913,-0.00196514865211439,-0.02722180479240246
107_CC_1,THERMAL,2020-07-15 02:00:00,-3.422331798535233e-09,3.422331798535233e-09,1.7573036537445695e-09,-1.0224514568335508e-09,-9.621619057043063e-10,-5.146088000174132e-10,-9.231096359799627e-10
113_CT_1,THERMAL,2020-07-15 02:00:00,0.0,0.0,0.0,0.0,0.0,0.0,0.0
113_CT_2,THERMAL,2020-07-15 02:00:00,0.0,0.0,0.0,0.0,0.0,0.0,0.0
113_CT_3,THERMAL,2020-07-15 02:00:00,0.0,0.0,0.0,0.0,0.0,0.0,0.0
113_CT_4,THERMAL,2020-07-15 02:00:00,0.0,0.0,0.0,0.0,0.0,0.0,0.0
115_STEAM_1,THERMAL,2020-07-15 02:00:00,0.0,0.0,0.0,0.0,0.0,0.0,0.0
115_STEAM_2,THERMAL,2020-07-15 02:00:00,0.0,0.0,0.0,0.0,0.0,0.0,0.0
115_STEAM_3,THERMAL,2020-07-15 02:00:00,-1.597707953496456e-08,1.597707953496456e-08,9.23222329501152e-09,-2.640749507953899e-09,-2.622945749486405e-09,-8.00171040538089e-09,-2.7116738721433653e-09
116_STEAM_1,THERMAL,2020-07-15 02:00:00,-3.387241352340958e-07,3.387241352340958e-07,1.6945465380321203e-07,-8.743306423308894e-08,-8.65520717319157e-08,-8.01775925651782e-08,-8.456140670391297e-08
118_CC_1,THERMAL,2020-07-15 02:00:00,-1.7873427148782894e-09,3.6560239246495285e-09,1.852445613263823e-09,-8.42904412934331e-10,-1.1433127777848995e-09,9.343406048856195e-10,-7.354661290446783e-10
122_WIND_1,WIND,2020-07-15 02:00:00,1.0,1.0,1.0,1.0,0.0,0.0,0.0
123_CT_1,THERMAL,2020-07-15 02:00:00,0.0,0.0,0.0,0.0,0.0,0.0,0.0
123_CT_4,THERMAL,2020-07-15 02:00:00,0.0,0.0,0.0,0.0,0.0,0.0,0.0
123_CT_5,THERMAL,2020-07-15 02:00:00,0.0,0.0,0.0,0.0,0.0,0.0,0.0
123_STEAM_2,THERMAL,2020-07-15 02:00:00,-7.496038499366163e-09,7.496038499366163e-09,3.798429772220156e-09,-1.650470093927936e-09,-1.7306783783865853e-09,-2.4057333902760547e-09,-1.7091566367755872e-09
123_STEAM_3,THERMAL,2020-07-15 02:00:00,-1.591868935665343e-07,1.591868935665343e-07,7.962954597848547e-08,-4.106952866678171e-08,-4.0866030115438434e-08,-3.827808470191485e-08,-3.8973250082399313e-08
201_CT_1,THERMAL,2020-07-15 02:00:00,0.0,0.0,0.0,0.0,0.0,0.0,0.0
201_CT_2,THERMAL,2020-07-15 02:00:00,0.0,0.0,0.0,0.0,0.0,0.0,0.0
201_STEAM_3,THERMAL,2020-07-15 02:00:00,-5.932230078929591e-09,5.932230078929591e-09,3.4357649914759978e-09,-1.942754901396171e-09,-2.206795912673698e-09,-4.980904577678302e-12,-1.7776983602820435e-09
202_CT_1,THERMAL,2020-07-15 02:00:00,0.0,0.0,0.0,0.0,0.0,0.0,0.0
202_CT_2,THERMAL,2020-07-15 02:00:00,0.0,0.0,0.0,0.0,0.0,0.0,0.0
202_STEAM_3,THERMAL,2020-07-15 02:00:00,-1.0442085693823548e-08,1.0442085693823548e-08,5.500760186323495e-09,-2.910934711548133e-09,-2.963628093331365e-09,-1.1500512552152922e-09,-3.417471633728757e-09
202_STEAM_4,THERMAL,2020-07-15 02:00:00,-9.840305254865234e-09,9.840305254865234e-09,5.256972506333051e-09,-2.960593996131241e-09,-3.2359665221211324e-09,-8.835957733389496e-10,-2.760148963273912e-09
207_CT_1,THERMAL,2020-07-15 02:00:00,0.0,0.0,0.0,0.0,0.0,0.0,0.0
207_CT_2,THERMAL,2020-07-15 02:00:00,0.0,0.0,0.0,0.0,0.0,0.0,0.0
212_CSP_1,THERMAL,2020-07-15 02:00:00,-1.2585176362659278,1.2585176362659278,0.6292593935079454,-0.3153483198155024,-0.31443690185700124,-0.3144920601048824,-0.31424035448854193
213_CC_3,THERMAL,2020-07-15 02:00:00,1.2925436085751925e-10,3.7020844409165898e-09,2.2044489160942003e-09,-7.067852969555588e-10,-7.716123295864463e-10,1.9156694008870545e-09,-3.0801741348753013e-10
213_CT_1,THERMAL,2020-07-15 02:00:00,0.0,0.0,0.0,0.0,0.0,0.0,0.0
213_CT_2,THERMAL,2020-07-15 02:00:00,0.0,0.0,0.0,0.0,0.0,0.0,0.0
215_CT_4,THERMAL,2020-07-15 02:00:00,0.0,0.0,0.0,0.0,0.0,0.0,0.0
215_CT_5,THERMAL,2020-07-15 02:00:00,0.0,0.0,0.0,0.0,0.0,0.0,0.0
216_STEAM_1,THERMAL,2020-07-15 02:00:00,-0.6879784316678503,0.6879784316678503,0.3439905962415521,-0.17282836238898053,-0.17165757095320322,-0.1718400255023802,-0.1716524728232864
218_CC_1,THERMAL,2020-07-15 02:00:00,0.0,0.0,0.0,0.0,0.0,0.0,0.0
221_CC_1,THERMAL,2020-07-15 02:00:00,-3.9203461075120995e-09,3.9203461075120995e-09,2.433522519248152e-09,-4.682811916012497e-10,-4.4602521676040396e-10,-2.205041482739034e-09,-8.009982164114114e-10
223_CT_4,THERMAL,2020-07-15 02:00:00,0.0,0.0,0.0,0.0,0.0,0.0,0.0
223_CT_5,THERMAL,2020-07-15 02:00:00,0.0,0.0,0.0,0.0,0.0,0.0,0.0
223_CT_6,THERMAL,2020-07-15 02:00:00,0.0,0.0,0.0,0.0,0.0,0.0,0.0
223_STEAM_1,THERMAL,2020-07-15 02:00:00,-0.6878974175367113,0.6878974175367113,0.3439511575477939,-0.1730527420363317,-0.1717624395767394,-0.1717661731094684,-0.17131606281417178
223_STEAM_2,THERMAL,2020-07-15 02:00:00,-0.687897328778669,0.687897328778669,0.34395111354726043,-0.17305280208876717,-0.171762440399881,-0.17176609974573642,-0.17131598654428448
223_STEAM_3,THERMAL,2020-07-15 02:00:00,-0.41529911567789096,0.41529911567789096,0.20765128844261088,-0.10452933112448015,-0.10368591040958819,-0.10368864063821981,-0.1033952335056028
301_CT_1,THERMAL,2020-07-15 02:00:00,0.0,0.0,0.0,0.0,0.0,0.0,0.0
301_CT_2,THERMAL,2020-07-15 02:00:00,0.0,0.0,0.0,0.0,0.0,0.0,0.0
301_CT_3,THERMAL,2020-07-15 02:00:00,0.0,0.0,0.0,0.0,0.0,0.0,0.0
301_CT_4,THERMAL,2020-07-15 02:00:00,0.0,0.0,0.0,0.0,0.0,0.0,0.0
302_CT_1,THERMAL,2020-07-15 02:00:00,0.0,0.0,0.0,0.0,0.0,0.0,0.0
302_CT_2,THERMAL,2020-07-15 02:00:00,0.0,0.0,0.0,0.0,0.0,0.0,0.0
302_CT_3,THERMAL,2020-07-15 02:00:00,0.0,0.0,0.0,0.0,0.0,0.0,0.0
302_CT_4,THERMAL,2020-07-15 02:00:00,0.0,0.0,0.0,0.0,0.0,0.0,0.0
303_WIND_1,WIND,2020-07-15 02:00:00,1.0,1.0,1.0,0.0,1.0,0.0,0.0
307_CT_1,THERMAL,2020-07-15 02:00:00,0.0,0.0,0.0,0.0,0.0,0.0,0.0
307_CT_2,THERMAL,2020-07-15 02:00:00,0.0,0.0,0.0,0.0,0.0,0.0,0.0
309_WIND_1,WIND,2020-07-15 02:00:00,1.0,1.0,1.0,0.0,0.0,1.0,0.0
313_CC_1,THERMAL,2020-07-15 02:00:00,-1.9984014443252818e-15,1.9984014443252818e-15,1.790180836524724e-15,-2.220446049250313e-16,0.0,-1.7763568394002505e-15,0.0
315_CT_6,THERMAL,2020-07-15 02:00:00,0.0,0.0,0.0,0.0,0.0,0.0,0.0
315_CT_7,THERMAL,2020-07-15 02:00:00,0.0,0.0,0.0,0.0,0.0,0.0,0.0
315_CT_8,THERMAL,2020-07-15 02:00:00,0.0,0.0,0.0,0.0,0.0,0.0,0.0
315_STEAM_1,THERMAL,2020-07-15 02:00:00,0.0,0.0,0.0,0.0,0.0,0.0,0.0
315_STEAM_2,THERMAL,2020-07-15 02:00:00,0.0,0.0,0.0,0.0,0.0,0.0,0.0
315_STEAM_3,THERMAL,2020-07-15 02:00:00,0.0,0.0,0.0,0.0,0.0,0.0,0.0
315_STEAM_4,THERMAL,2020-07-15 02:00:00,0.0,0.0,0.0,0.0,0.0,0.0,0.0
315_STEAM_5,THERMAL,2020-07-15 02:00:00,0.0,0.0,0.0,0.0,0.0,0.0,0.0
316_STEAM_1,THERMAL,2020-07-15 02:00:00,-8.29778907390131e-09,8.29778907390131e-09,4.5935153516521e-09,-2.43389230991653e-09,-2.457232417540922e-09,-4.1184478050126927e-10,-2.994819565942588e-09
317_WIND_1,WIND,2020-07-15 02:00:00,1.0,1.0,1.0,0.0,0.0,0.0,1.0
318_CC_1,THERMAL,2020-07-15 02:00:00,6.661338147750939e-16,6.661338147750939e-16,6.661338147750939e-16,6.661338147750939e-16,0.0,0.0,0.0
321_CC_1,THERMAL,2020-07-15 02:00:00,0.0,0.0,0.0,0.0,0.0,0.0,0.0
322_CT_5,THERMAL,2020-07-15 02:00:00,0.0,0.0,0.0,0.0,0.0,0.0,0.0
322_CT_6,THERMAL,2020-07-15 02:00:00,0.0,0.0,0.0,0.0,0.0,0.0,0.0
323_CC_1,THERMAL,2020-07-15 02:00:00,-1.6201862732380211e-09,1.6201862732380211e-09,1.0439903062533263e-09,-3.8699001673292895e-10,-2.1365216037169654e-10,-9.426531858448627e-10,-7.689091028853304e-11
323_CC_2,THERMAL,2020-07-15 02:00:00,-8.731617278593022e-10,8.731617278593022e-10,4.762232462346631e-10,-3.5305045661304195e-10,-2.2131146030515714e-10,-2.14685927588546e-10,-8.411388335255718e-11
101_CT_1,THERMAL,2020-07-15 03:00:00,0.0,0.0,0.0,0.0,0.0,0.0,0.0
101_CT_2,THERMAL,2020-07-15 03:00:00,0.0,0.0,0.0,0.0,0.0,0.0,0.0
101_STEAM_3,THERMAL,2020-07-15 03:00:00,-0.0002045114584957333,0.0002045114584957333,0.00010226833348110263,-5.248531154665208e-05,-5.069971031651196e-05,-5.090826764562612e-05,-5.041816898694314e-05
101_STEAM_4,THERMAL,2020-07-15 03:00:00,-0.0001719819048273976,0.0001719819048273976,8.600155110332504e-05,-4.4137022117795755e-05,-4.263534733195732e-05,-4.281064264767947e-05,-4.239889272996506e-05
102_CT_1,THERMAL,2020-07-15 03:00:00,0.0,0.0,0.0,0.0,0.0,0.0,0.0
102_CT_2,THERMAL,2020-07-15 03:00:00,0.0,0.0,0.0,0.0,0.0,0.0,0.0
102_STEAM_3,THERMAL,2020-07-15 03:00:00,-0.13732119940302379,0.13732119940302379,0.06884729919675346,-0.03003822374402046,-0.035494986795638894,-0.035185488664024156,-0.03660250019934027
102_STEAM_4,THERMAL,2020-07-15 03:00:00,-0.16946833813104106,0.16946833813104106,0.08496457716094981,-0.03707011945932184,-0.04380435165705432,-0.04342293264644592,-0.04517093436821898
107_CC_1,THERMAL,2020-07-15 03:00:00,-3.148575423155315e-09,3.309559538082802e-09,1.8715433495609447e-09,-1.0512621884117834e-09,-1.1879617289878297e-09,8.049205746374355e-11,-9.898435632194454e-10
113_CT_1,THERMAL,2020-07-15 03:00:00,0.0,0.0,0.0,0.0,0.0,0.0,0.0
113_CT_2,THERMAL,2020-07-15 03:00:00,0.0,0.0,0.0,0.0,0.0,0.0,0.0
113_CT_3,THERMAL,2020-07-15 03:00:00,0.0,0.0,0.0,0.0,0.0,0.0,0.0
113_CT_4,THERMAL,2020-07-15 03:00:00,0.0,0.0,0.0,0.0,0.0,0.0,0.0
115_STEAM_1,THERMAL,2020-07-15 03:00:00,0.0,0.0,0.0,0.0,0.0,0.0,0.0
115_STEAM_2,THERMAL,2020-07-15 03:00:00,0.0,0.0,0.0,0.0,0.0,0.0,0.0
115_STEAM_3,THERMAL,2020-07-15 03:00:00,-1.1371767063368223e-08,1.1371767063368223e-08,5.796715853173155e-09,-3.0278918261572585e-09,-3.084428601418665e-09,-1.891754308758209e-09,-3.367692327034091e-09
116_STEAM_1,THERMAL,2020-07-15 03:00:00,-9.823950644190162e-07,9.823950644190162e-07,4.912547488921556e-07,-2.5128042424604757e-07,-2.4666807907358645e-07,-2.4223291017477777e-07,-2.4221365092460444e-07
118_CC_1,THERMAL,2020-07-15 03:00:00,-2.079058919528258e-09,2.508770297120215e-09,1.3475575641434576e-09,-7.830420756249623e-10,-8.426876973999242e-10,2.148556887959785e-10,-6.681848352993499e-10
122_WIND_1,WIND,2020-07-15 03:00:00,1.0,1.0,1.0,1.0,0.0,0.0,0.0
123_CT_1,THERMAL,2020-07-15 03:00:00,0.0,0.0,0.0,0.0,0.0,0.0,0.0
123_CT_4,THERMAL,2020-07-15 03:00:00,0.0,0.0,0.0,0.0,0.0,0.0,0.0
123_CT_5,THERMAL,2020-07-15 03:00:00,0.0,0.0,0.0,0.0,0.0,0.0,0.0
123_STEAM_2,THERMAL,2020-07-15 03:00:00,-5.865204921900675e-09,5.865204921900675e-09,3.2710910983042347e-09,-1.840783969697668e-09,-2.0972765746307687e-09,-2.369224816334281e-10,-1.6902218959388108e-09
123_STEAM_3,THERMAL,2020-07-15 03:00:00,-1.6031485211604514e-07,1.6031485211604514e-07,8.023168686990925e-08,-4.171273570996448e-08,-4.130526143342195e-08,-3.7298475419333954e-08,-3.9998379553324766e-08
201_CT_1,THERMAL,2020-07-15 03:00:00,0.0,0.0,0.0,0.0,0.0,0.0,0.0
201_CT_2,THERMAL,2020-07-15 03:00:00,0.0,0.0,0.0,0.0,0.0,0.0,0.0
201_STEAM_3,THERMAL,2020-07-15 03:00:00,-6.108952388382037e-09,6.108952388382037e-09,3.3457245724885553e-09,-1.8852747696307404e-09,-2.125758902238317e-09,-3.7067859892658817e-10,-1.7272401175863917e-09
202_CT_1,THERMAL,2020-07-15 03:00:00,0.0,0.0,0.0,0.0,0.0,0.0,0.0
202_CT_2,THERMAL,2020-07-15 03:00:00,0.0,0.0,0.0,0.0,0.0,0.0,0.0
202_STEAM_3,THERMAL,2020-07-15 03:00:00,-1.2297263668933959e-08,1.2297263668933959e-08,6.187966894868824e-09,-3.0916483169870527e-09,-3.2099443280973736e-09,-2.5209356935851664e-09,-3.474735330264367e-09
202_STEAM_4,THERMAL,2020-07-15 03:00:00,-1.0622261949346657e-08,1.0622261949346657e-08,5.45579635189272e-09,-2.848855993699326e-09,-2.882884579969021e-09,-1.6145651370857689e-09,-3.2759562385925416e-09
207_CT_1,THERMAL,2020-07-15 03:00:00,0.0,0.0,0.0,0.0,0.0,0.0,0.0
207_CT_2,THERMAL,2020-07-15 03:00:00,0.0,0.0,0.0,0.0,0.0,0.0,0.0
212_CSP_1,THERMAL,2020-07-15 03:00:00,-1.2236599984559557,1.2236599984559557,0.6118331787545956,-0.3075856524299243,-0.3054527654923187,-0.30558988752647664,-0.30503169300723615
213_CC_3,THERMAL,2020-07-15 03:00:00,-3.6624055814103377e-09,3.6624055814103377e-09,2.1105140727917934e-09,-6.894822490721708e-10,-5.429849903038075e-10,-1.8198456075424474e-09,-6.100927344919117e-10
213_CT_1,THERMAL,2020-07-15 03:00:00,0.0,0.0,0.0,0.0,0.0,0.0,0.0
213_CT_2,THERMAL,2020-07-15 03:00:00,0.0,0.0,0.0,0.0,0.0,0.0,0.0
215_CT_4,THERMAL,2020-07-15 03:00:00,0.0,0.0,0.0,0.0,0.0,0.0,0.0
215_CT_5,THERMAL,2020-07-15 03:00:00,0.0,0.0,0.0,0.0,0.0,0.0,0.0
216_STEAM_1,THERMAL,2020-07-15 03:00:00,-0.6684249313389042,0.6684249313389042,0.3342224629999672,-0.16929335196121514,-0.1664418431808179,-0.16673107316103586,-0.16595866303583529
218_CC_1,THERMAL,2020-07-15 03:00:00,0.0,0.0,0.0,0.0,0.0,0.0,0.0
221_CC_1,THERMAL,2020-07-15 03:00:00,-1.904541789717703e-09,2.5382606448874213e-09,1.3483914411862503e-09,-8.760077108149744e-10,-8.232428072574294e-10,3.168594275848591e-10,-5.221506992301585e-10
223_CT_4,THERMAL,2020-07-15 03:00:00,0.0,0.0,0.0,0.0,0.0,0.0,0.0
223_CT_5,THERMAL,2020-07-15 03:00:00,0.0,0.0,0.0,0.0,0.0,0.0,0.0
223_CT_6,THERMAL,2020-07-15 03:00:00,0.0,0.0,0.0,0.0,0.0,0.0,0.0
223_STEAM_1,THERMAL,2020-07-15 03:00:00,-0.6684622571397654,0.6684622571397654,0.3342401633585541,-0.16919762703783073,-0.1665797824463087,-0.16667555821290914,-0.1660092894427167
223_STEAM_2,THERMAL,2020-07-15 03:00:00,-0.6684622186014659,0.6684622186014659,0.3342401446793523,-0.16919768475714989,-0.16657972852463573,-0.1666755598722578,-0.16600924544742246
223_STEAM_3,THERMAL,2020-07-15 03:00:00,-0.4638233470773045,0.4638233470773045,0.23191902620851718,-0.11752040543485287,-0.11555289857668694,-0.1156254881319132,-0.11512455493385149
301_CT_1,THERMAL,2020-07-15 03:00:00,0.0,0.0,0.0,0.0,0.0,0.0,0.0
301_CT_2,THERMAL,2020-07-15 03:00:00,0.0,0.0,0.0,0.0,0.0,0.0,0.0
301_CT_3,THERMAL,2020-07-15 03:00:00,0.0,0.0,0.0,0.0,0.0,0.0,0.0
301_CT_4,THERMAL,2020-07-15 03:00:00,0.0,0.0,0.0,0.0,0.0,0.0,0.0
302_CT_1,THERMAL,2020-07-15 03:00:00,0.0,0.0,0.0,0.0,0.0,0.0,0.0
302_CT_2,THERMAL,2020-07-15 03:00:00,0.0,0.0,0.0,0.0,0.0,0.0,0.0
302_CT_3,THERMAL,2020-07-15 03:00:00,0.0,0.0,0.0,0.0,0.0,0.0,0.0
302_CT_4,THERMAL,2020-07-15 03:00:00,0.0,0.0,0.0,0.0,0.0,0.0,0.0
303_WIND_1,WIND,2020-07-15 03:00:00,1.0,1.0,1.0,0.0,1.0,0.0,0.0
307_CT_1,THERMAL,2020-07-15 03:00:00,0.0,0.0,0.0,0.0,0.0,0.0,0.0
307_CT_2,THERMAL,2020-07-15 03:00:00,0.0,0.0,0.0,0.0,0.0,0.0,0.0
309_WIND_1,WIND,2020-07-15 03:00:00,1.0,1.0,1.0,0.0,0.0,1.0,0.0
313_CC_1,THERMAL,2020-07-15 03:00:00,1.7763568394002505e-15,1.7763568394002505e-15,1.7763568394002505e-15,0.0,0.0,1.7763568394002505e-15,0.0
315_CT_6,THERMAL,2020-07-15 03:00:00,0.0,0.0,0.0,0.0,0.0,0.0,0.0
315_CT_7,THERMAL,2020-07-15 03:00:00,0.0,0.0,0.0,0.0,0.0,0.0,0.0
315_CT_8,THERMAL,2020-07-15 03:00:00,0.0,0.0,0.0,0.0,0.0,0.0,0.0
315_STEAM_1,THERMAL,2020-07-15 03:00:00,0.0,0.0,0.0,0.0,0.0,0.0,0.0
315_STEAM_2,THERMAL,2020-07-15 03:00:00,0.0,0.0,0.0,0.0,0.0,0.0,0.0
315_STEAM_3,THERMAL,2020-07-15 03:00:00,0.0,0.0,0.0,0.0,0.0,0.0,0.0
315_STEAM_4,THERMAL,2020-07-15 03:00:00,0.0,0.0,0.0,0.0,0.0,0.0,0.0
315_STEAM_5,THERMAL,2020-07-15 03:00:00,0.0,0.0,0.0,0.0,0.0,0.0,0.0
316_STEAM_1,THERMAL,2020-07-15 03:00:00,-1.358015644024555e-08,1.358015644024555e-08,6.898749544011086e-09,-3.066539799867485e-09,-2.818652311553649e-09,-4.4123007469920594e-09,-3.2826635818323557e-09
317_WIND_1,WIND,2020-07-15 03:00:00,1.0,1.0,1.0,0.0,0.0,0.0,1.0
318_CC_1,THERMAL,2020-07-15 03:00:00,-2.220446049250313e-16,2.220446049250313e-16,2.220446049250313e-16,0.0,-2.220446049250313e-16,0.0,0.0
321_CC_1,THERMAL,2020-07-15 03:00:00,-1.2256862191861728e-13,1.2256862191861728e-13,1.2256862191861728e-13,0.0,0.0,-1.2256862191861728e-13,0.0
322_CT_5,THERMAL,2020-07-15 03:00:00,0.0,0.0,0.0,0.0,0.0,0.0,0.0
322_CT_6,THERMAL,2020-07-15 03:00:00,0.0,0.0,0.0,0.0,0.0,0.0,0.0
323_CC_1,THERMAL,2020-07-15 03:00:00,-1.8657307706867777e-09,1.8657307706867777e-09,9.733544479754094e-10,-3.9911660103123326e-10,-3.803670426233542e-10,-7.066462264223565e-10,-3.7960090060983347e-10
323_CC_2,THERMAL,2020-07-15 03:00:00,-1.2730476726723979e-09,1.2730476726723979e-09,6.40809860844752e-10,-2.8895344435361435e-10,-2.993554578839418e-10,-3.817133982234618e-10,-3.0302537221138014e-10
101_CT_1,THERMAL,2020-07-15 04:00:00,0.0,0.0,0.0,0.0,0.0,0.0,0.0
101_CT_2,THERMAL,2020-07-15 04:00:00,0.0,0.0,0.0,0.0,0.0,0.0,0.0
101_STEAM_3,THERMAL,2020-07-15 04:00:00,-0.003992727639728877,0.003992727639728877,0.002421987099508946,-0.0011161246700683496,-0.000471576531996896,-0.0003348074154076817,-0.00207021902225595
101_STEAM_4,THERMAL,2020-07-15 04:00:00,-0.006409700096962905,0.006409700096962905,0.003778355031400786,-0.001834831649139579,-0.0008923722031557826,-0.0031321087107915226,-0.0005503875338760197
102_CT_1,THERMAL,2020-07-15 04:00:00,0.0,0.0,0.0,0.0,0.0,0.0,0.0
102_CT_2,THERMAL,2020-07-15 04:00:00,0.0,0.0,0.0,0.0,0.0,0.0,0.0
102_STEAM_3,THERMAL,2020-07-15 04:00:00,-0.2863415206950776,0.2863415206950776,0.15236766024441142,-0.07654338419867922,-0.030398751955902636,-0.10275458630541623,-0.07664479823507954
102_STEAM_4,THERMAL,2020-07-15 04:00:00,-0.28634043950752697,0.28634043950752697,0.1523669083295349,-0.0765433408404808,-0.030398785711106158,-0.10275343180160301,-0.07664488115433699
107_CC_1,THERMAL,2020-07-15 04:00:00,2.6089673222109495e-08,3.203661038704515e-08,1.7115524687905857e-08,1.0317982579444163e-08,1.0359597402143095e-08,-2.973468582467831e-09,8.385561822990068e-09
113_CT_1,THERMAL,2020-07-15 04:00:00,0.0,0.0,0.0,0.0,0.0,0.0,0.0
113_CT_2,THERMAL,2020-07-15 04:00:00,0.0,0.0,0.0,0.0,0.0,0.0,0.0
113_CT_3,THERMAL,2020-07-15 04:00:00,0.0,0.0,0.0,0.0,0.0,0.0,0.0
113_CT_4,THERMAL,2020-07-15 04:00:00,0.0,0.0,0.0,0.0,0.0,0.0,0.0
115_STEAM_1,THERMAL,2020-07-15 04:00:00,0.0,0.0,0.0,0.0,0.0,0.0,0.0
115_STEAM_2,THERMAL,2020-07-15 04:00:00,0.0,0.0,0.0,0.0,0.0,0.0,0.0
115_STEAM_3,THERMAL,2020-07-15 04:00:00,1.8853050483937448e-08,5.8110780883748404e-08,3.610049022033898e-08,7.56170009941215e-09,2.9293832359833516e-08,-1.9628865199905476e-08,1.6263832245972593e-09
116_STEAM_1,THERMAL,2020-07-15 04:00:00,-0.5072649797416808,0.9253270733669265,0.492316572825434,-0.12966309899545875,0.20903104681262286,-0.36331651469998727,-0.22331641285885762
118_CC_1,THERMAL,2020-07-15 04:00:00,5.3231529019506363e-08,5.3231529019506363e-08,2.8353416119948027e-08,1.3185385006053707e-08,2.067894477875143e-08,6.954234521572289e-09,1.2412964713128937e-08
122_WIND_1,WIND,2020-07-15 04:00:00,1.0,1.0,1.0,1.0,0.0,0.0,0.0
123_CT_1,THERMAL,2020-07-15 04:00:00,0.0,0.0,0.0,0.0,0.0,0.0,0.0
123_CT_4,THERMAL,2020-07-15 04:00:00,0.0,0.0,0.0,0.0,0.0,0.0,0.0
123_CT_5,THERMAL,2020-07-15 04:00:00,0.0,0.0,0.0,0.0,0.0,0.0,0.0
123_STEAM_2,THERMAL,2020-07-15 04:00:00,2.300620873311921e-08,3.6784651120154945e-08,1.9628025804444597e-08,9.209043916325044e-09,1.4760672795155472e-08,-6.889221193517869e-09,5.9257132151565635e-09
123_STEAM_3,THERMAL,2020-07-15 04:00:00,-0.07158175537256449,0.12665309299077288,0.06737845445452531,-0.018184451803535562,0.027535668809104186,-0.04984453959958124,-0.031088432778551875
201_CT_1,THERMAL,2020-07-15 04:00:00,0.0,0.0,0.0,0.0,0.0,0.0,0.0
201_CT_2,THERMAL,2020-07-15 04:00:00,0.0,0.0,0.0,0.0,0.0,0.0,0.0
201_STEAM_3,THERMAL,2020-07-15 04:00:00,2.5763642748853593e-08,2.5763642748853593e-08,1.4334982002550633e-08,9.338123135860243e-09,3.5881754789635067e-09,3.0262201633490804e-09,9.811123970680763e-09
202_CT_1,THERMAL,2020-07-15 04:00:00,0.0,0.0,0.0,0.0,0.0,0.0,0.0
202_CT_2,THERMAL,2020-07-15 04:00:00,0.0,0.0,0.0,0.0,0.0,0.0,0.0
202_STEAM_3,THERMAL,2020-07-15 04:00:00,1.0834705963118661e-08,2.455436599332903e-08,1.256699975750783e-08,4.441501679694532e-09,5.337366491013779e-09,-6.8598300151051835e-09,7.915667807515534e-09
202_STEAM_4,THERMAL,2020-07-15 04:00:00,1.9287844318232423e-08,2.0920445083986468e-08,1.2003977821713694e-08,8.457248665907863e-09,4.39533937244953e-09,-8.163003828770225e-10,7.251556662752053e-09
207_CT_1,THERMAL,2020-07-15 04:00:00,0.0,0.0,0.0,0.0,0.0,0.0,0.0
207_CT_2,THERMAL,2020-07-15 04:00:00,0.0,0.0,0.0,0.0,0.0,0.0,0.0
212_CSP_1,THERMAL,2020-07-15 04:00:00,-0.9613446325526824,0.9613446325526824,0.4806809906859468,-0.24012675981694898,-0.24263172308673642,-0.23864128472342028,-0.23994486492557673
213_CC_3,THERMAL,2020-07-15 04:00:00,2.2630677812311434e-08,2.2630677812311434e-08,1.1492066624465074e-08,5.4754100142773154e-09,4.674678422134093e-09,5.155788684874096e-09,7.3248006910259295e-09
213_CT_1,THERMAL,2020-07-15 04:00:00,0.0,0.0,0.0,0.0,0.0,0.0,0.0
213_CT_2,THERMAL,2020-07-15 04:00:00,0.0,0.0,0.0,0.0,0.0,0.0,0.0
215_CT_4,THERMAL,2020-07-15 04:00:00,0.0,0.0,0.0,0.0,0.0,0.0,0.0
215_CT_5,THERMAL,2020-07-15 04:00:00,0.0,0.0,0.0,0.0,0.0,0.0,0.0
216_STEAM_1,THERMAL,2020-07-15 04:00:00,-0.5256269285286274,0.5256269285286274,0.26282100801832714,-0.13031076778173234,-0.131515901744777,-0.13083586464424446,-0.13296439435787355
218_CC_1,THERMAL,2020-07-15 04:00:00,0.0,0.0,0.0,0.0,0.0,0.0,0.0
221_CC_1,THERMAL,2020-07-15 04:00:00,2.568280274075707e-08,3.276684453836853e-08,1.7275965949452248e-08,9.640527709464664e-09,1.0567063890576378e-08,-3.542020898805731e-09,9.017232039521758e-09
223_CT_4,THERMAL,2020-07-15 04:00:00,0.0,0.0,0.0,0.0,0.0,0.0,0.0
223_CT_5,THERMAL,2020-07-15 04:00:00,0.0,0.0,0.0,0.0,0.0,0.0,0.0
223_CT_6,THERMAL,2020-07-15 04:00:00,0.0,0.0,0.0,0.0,0.0,0.0,0.0
223_STEAM_1,THERMAL,2020-07-15 04:00:00,-0.4832710197613851,0.4832710197613851,0.25193279603531815,-0.11930833497016714,-0.17760012466822278,-0.08036822549100467,-0.1059943346319905
223_STEAM_2,THERMAL,2020-07-15 04:00:00,-0.48327058586529964,0.48327058586529964,0.25193264633516954,-0.11930830411214076,-0.17760008473930083,-0.08036777493332611,-0.10599442208053195
223_STEAM_3,THERMAL,2020-07-15 04:00:00,-0.43637871184352867,0.7279875349070501,0.49964051132355164,-0.09989434016988741,-0.46708863221605046,0.1458044115317607,-0.015200150989351518
301_CT_1,THERMAL,2020-07-15 04:00:00,0.0,0.0,0.0,0.0,0.0,0.0,0.0
301_CT_2,THERMAL,2020-07-15 04:00:00,0.0,0.0,0.0,0.0,0.0,0.0,0.0
301_CT_3,THERMAL,2020-07-15 04:00:00,0.0,0.0,0.0,0.0,0.0,0.0,0.0
301_CT_4,THERMAL,2020-07-15 04:00:00,0.0,0.0,0.0,0.0,0.0,0.0,0.0
302_CT_1,THERMAL,2020-07-15 04:00:00,0.0,0.0,0.0,0.0,0.0,0.0,0.0
302_CT_2,THERMAL,2020-07-15 04:00:00,0.0,0.0,0.0,0.0,0.0,0.0,0.0
302_CT_3,THERMAL,2020-07-15 04:00:00,0.0,0.0,0.0,0.0,0.0,0.0,0.0
302_CT_4,THERMAL,2020-07-15 04:00:00,0.0,0.0,0.0,0.0,0.0,0.0,0.0
303_WIND_1,WIND,2020-07-15 04:00:00,1.0,1.0,1.0,0.0,1.0,0.0,0.0
307_CT_1,THERMAL,2020-07-15 04:00:00,0.0,0.0,0.0,0.0,0.0,0.0,0.0
307_CT_2,THERMAL,2020-07-15 04:00:00,0.0,0.0,0.0,0.0,0.0,0.0,0.0
309_WIND_1,WIND,2020-07-15 04:00:00,1.0,1.0,1.0,0.0,0.0,1.0,0.0
313_CC_1,THERMAL,2020-07-15 04:00:00,-2.220446049250313e-16,2.220446049250313e-16,2.220446049250313e-16,0.0,-2.220446049250313e-16,0.0,0.0
315_CT_6,THERMAL,2020-07-15 04:00:00,0.0,0.0,0.0,0.0,0.0,0.0,0.0
315_CT_7,THERMAL,2020-07-15 04:00:00,0.0,0.0,0.0,0.0,0.0,0.0,0.0
315_CT_8,THERMAL,2020-07-15 04:00:00,0.0,0.0,0.0,0.0,0.0,0.0,0.0
315_STEAM_1,THERMAL,2020-07-15 04:00:00,0.0,0.0,0.0,0.0,0.0,0.0,0.0
315_STEAM_2,THERMAL,2020-07-15 04:00:00,0.0,0.0,0.0,0.0,0.0,0.0,0.0
315_STEAM_3,THERMAL,2020-07-15 04:00:00,0.0,0.0,0.0,0.0,0.0,0.0,0.0
315_STEAM_4,THERMAL,2020-07-15 04:00:00,0.0,0.0,0.0,0.0,0.0,0.0,0.0
315_STEAM_5,THERMAL,2020-07-15 04:00:00,0.0,0.0,0.0,0.0,0.0,0.0,0.0
316_STEAM_1,THERMAL,2020-07-15 04:00:00,1.0399517028941204e-08,1.1105139700345375e-08,1.0036655343537396e-08,7.470617457983053e-10,-3.5281133570208567e-10,1.0002592976121605e-08,2.6736427233788733e-12
317_WIND_1,WIND,2020-07-15 04:00:00,1.0,1.0,1.0,0.0,0.0,0.0,1.0
318_CC_1,THERMAL,2020-07-15 04:00:00,3.3306690738754696e-16,3.3306690738754696e-16,2.482534153247273e-16,1.1102230246251565e-16,2.220446049250313e-16,0.0,0.0
321_CC_1,THERMAL,2020-07-15 04:00:00,0.0,0.0,0.0,0.0,0.0,0.0,0.0
322_CT_5,THERMAL,2020-07-15 04:00:00,0.0,0.0,0.0,0.0,0.0,0.0,0.0
322_CT_6,THERMAL,2020-07-15 04:00:00,0.0,0.0,0.0,0.0,0.0,0.0,0.0
323_CC_1,THERMAL,2020-07-15 04:00:00,0.02629269197763899,0.02629269197763899,0.014362289849907086,0.006511261804414434,0.011177675920090568,0.0033205242724964707,0.005283229980637516
323_CC_2,THERMAL,2020-07-15 04:00:00,0.025530073847972283,0.025530073847972283,0.013945707187321498,0.006322398829837852,0.010853458012578966,0.0032242180913964373,0.00512999891415903
101_CT_1,THERMAL,2020-07-15 05:00:00,0.0,0.0,0.0,0.0,0.0,0.0,0.0
101_CT_2,THERMAL,2020-07-15 05:00:00,0.0,0.0,0.0,0.0,0.0,0.0,0.0
101_STEAM_3,THERMAL,2020-07-15 05:00:00,0.011319253131641838,0.20808528681469585,0.13982761380507122,-0.008330918223065132,-0.08621512015284265,0.10970226997316884,-0.003836978465619229
101_STEAM_4,THERMAL,2020-07-15 05:00:00,-0.11815140079588153,0.15721786759682266,0.11289277064198798,-0.026120411027106116,-0.10802034776389886,-0.003543875405347126,0.019533233400470567
102_CT_1,THERMAL,2020-07-15 05:00:00,0.0,0.0,0.0,0.0,0.0,0.0,0.0
102_CT_2,THERMAL,2020-07-15 05:00:00,0.0,0.0,0.0,0.0,0.0,0.0,0.0
102_STEAM_3,THERMAL,2020-07-15 05:00:00,-0.5022838978894895,0.5022838978894895,0.25560908326752235,-0.12911701761062339,-0.08818962387697005,-0.15434972257422785,-0.13062753382766823
102_STEAM_4,THERMAL,2020-07-15 05:00:00,-0.5022802148786966,0.5022802148786966,0.25560686243767666,-0.12911666079401599,-0.08818955648266136,-0.15434593010593822,-0.130628067496081
107_CC_1,THERMAL,2020-07-15 05:00:00,1.2506821791463668e-08,1.28732238112994e-08,7.626282931149666e-09,4.963698341242662e-09,2.5140360904174486e-09,-1.8320100991786603e-10,5.212288369721424e-09
113_CT_1,THERMAL,2020-07-15 05:00:00,0.0,0.0,0.0,0.0,0.0,0.0,0.0
113_CT_2,THERMAL,2020-07-15 05:00:00,0.0,0.0,0.0,0.0,0.0,0.0,0.0
113_CT_3,THERMAL,2020-07-15 05:00:00,0.0,0.0,0.0,0.0,0.0,0.0,0.0
113_CT_4,THERMAL,2020-07-15 05:00:00,0.0,0.0,0.0,0.0,0.0,0.0,0.0
115_STEAM_1,THERMAL,2020-07-15 05:00:00,0.0,0.0,0.0,0.0,0.0,0.0,0.0
115_STEAM_2,THERMAL,2020-07-15 05:00:00,0.0,0.0,0.0,0.0,0.0,0.0,0.0
115_STEAM_3,THERMAL,2020-07-15 05:00:00,-1.833525023842851e-08,2.5113419819596014e-08,1.655082418146982e-08,-3.2832198071375274e-09,3.3890847905837518e-09,-1.5609101566838035e-08,-2.8320136550367015e-09
116_STEAM_1,THERMAL,2020-07-15 05:00:00,-1.1970132141572625,1.1970132141572625,0.6911535326846776,-0.3347339758746052,-0.027093634406397227,-0.5074393646193611,-0.327746239256899
118_CC_1,THERMAL,2020-07-15 05:00:00,-1.4478459032732344e-09,7.454441004368376e-09,4.9574521599211475e-09,4.0668979295332974e-10,5.150186943581048e-10,-4.451143453820805e-09,2.081589063236136e-09
122_WIND_1,WIND,2020-07-15 05:00:00,1.0,1.0,1.0,1.0,0.0,0.0,0.0
123_CT_1,THERMAL,2020-07-15 05:00:00,0.0,0.0,0.0,0.0,0.0,0.0,0.0
123_CT_4,THERMAL,2020-07-15 05:00:00,0.0,0.0,0.0,0.0,0.0,0.0,0.0
123_CT_5,THERMAL,2020-07-15 05:00:00,0.0,0.0,0.0,0.0,0.0,0.0,0.0
123_STEAM_2,THERMAL,2020-07-15 05:00:00,-6.3941668537945665e-09,2.0855509439400513e-08,1.4274337289289079e-08,1.9316764854337976e-09,2.231500095817296e-09,-1.362483814659754e-08,3.06749471155188e-09
123_STEAM_3,THERMAL,2020-07-15 05:00:00,-1.4348921136688061e-07,1.4348921136688061e-07,7.490768583200667e-08,-2.52628482577677e-08,-2.892559569644959e-08,-3.602060161256304e-08,-5.3280165800100275e-08
201_CT_1,THERMAL,2020-07-15 05:00:00,0.0,0.0,0.0,0.0,0.0,0.0,0.0
201_CT_2,THERMAL,2020-07-15 05:00:00,0.0,0.0,0.0,0.0,0.0,0.0,0.0
201_STEAM_3,THERMAL,2020-07-15 05:00:00,1.3224246499793177e-08,1.3224246499793177e-08,8.260283824058342e-09,2.674728383222913e-09,7.77619746372693e-10,7.408688329491042e-09,2.3632100407065292e-09
202_CT_1,THERMAL,2020-07-15 05:00:00,0.0,0.0,0.0,0.0,0.0,0.0,0.0
202_CT_2,THERMAL,2020-07-15 05:00:00,0.0,0.0,0.0,0.0,0.0,0.0,0.0
202_STEAM_3,THERMAL,2020-07-15 05:00:00,1.0635557995479727e-08,1.5384332743696166e-08,8.61893950726847e-09,3.181210530822638e-09,-2.3743873741082183e-09,7.175593648758259e-09,2.6531411900070496e-09
202_STEAM_4,THERMAL,2020-07-15 05:00:00,-5.655030517998231e-10,5.844159877260293e-09,3.68962788705913e-09,1.4611398621689077e-09,-2.8436121620293627e-11,-3.1763953429097644e-09,1.1781885505613272e-09
207_CT_1,THERMAL,2020-07-15 05:00:00,0.0,0.0,0.0,0.0,0.0,0.0,0.0
207_CT_2,THERMAL,2020-07-15 05:00:00,0.0,0.0,0.0,0.0,0.0,0.0,0.0
212_CSP_1,THERMAL,2020-07-15 05:00:00,-1.792635620844352,1.792635620844352,0.9017976498788794,-0.4570959340969021,-0.37045092373254995,-0.5087193811830595,-0.45636938183184034
213_CC_3,THERMAL,2020-07-15 05:00:00,6.466667826759835e-09,9.804090609338704e-09,5.038109024931779e-09,3.292095485107893e-09,2.296435042126177e-09,-1.6687113912894347e-09,2.546848690815199e-09
213_CT_1,THERMAL,2020-07-15 05:00:00,0.0,0.0,0.0,0.0,0.0,0.0,0.0
213_CT_2,THERMAL,2020-07-15 05:00:00,0.0,0.0,0.0,0.0,0.0,0.0,0.0
215_CT_4,THERMAL,2020-07-15 05:00:00,0.0,0.0,0.0,0.0,0.0,0.0,0.0
215_CT_5,THERMAL,2020-07-15 05:00:00,0.0,0.0,0.0,0.0,0.0,0.0,0.0
216_STEAM_1,THERMAL,2020-07-15 05:00:00,-0.845000922411705,0.845000922411705,0.43197853725031354,-0.19327105302492487,-0.2814544941462258,-0.15790537521678605,-0.21237000002376832
218_CC_1,THERMAL,2020-07-15 05:00:00,0.0,0.0,0.0,0.0,0.0,0.0,0.0
221_CC_1,THERMAL,2020-07-15 05:00:00,1.599094292073549e-08,1.599094292073549e-08,8.47904798093374e-09,3.5510356877210825e-09,3.464347031467696e-09,6.358924053984083e-09,2.6166361475626265e-09
223_CT_4,THERMAL,2020-07-15 05:00:00,0.0,0.0,0.0,0.0,0.0,0.0,0.0
223_CT_5,THERMAL,2020-07-15 05:00:00,0.0,0.0,0.0,0.0,0.0,0.0,0.0
223_CT_6,THERMAL,2020-07-15 05:00:00,0.0,0.0,0.0,0.0,0.0,0.0,0.0
223_STEAM_1,THERMAL,2020-07-15 05:00:00,-0.8101298854797775,0.8101298854797775,0.4238570426943192,-0.18128537481480161,-0.3004181874444,-0.12810642207070141,-0.2003199011498744
223_STEAM_2,THERMAL,2020-07-15 05:00:00,-0.8101528373915061,0.8101528373915061,0.42386331109522735,-0.18128589786522914,-0.3004159977878103,-0.12813012881157473,-0.20032081292689194
223_STEAM_3,THERMAL,2020-07-15 05:00:00,-0.5677616513001313,0.6153570849530434,0.39632762634005286,-0.09877359305454969,-0.3589409291285053,0.02379771682645604,-0.13384484594353244
301_CT_1,THERMAL,2020-07-15 05:00:00,0.0,0.0,0.0,0.0,0.0,0.0,0.0
301_CT_2,THERMAL,2020-07-15 05:00:00,0.0,0.0,0.0,0.0,0.0,0.0,0.0
301_CT_3,THERMAL,2020-07-15 05:00:00,0.0,0.0,0.0,0.0,0.0,0.0,0.0
301_CT_4,THERMAL,2020-07-15 05:00:00,0.0,0.0,0.0,0.0,0.0,0.0,0.0
302_CT_1,THERMAL,2020-07-15 05:00:00,0.0,0.0,0.0,0.0,0.0,0.0,0.0
302_CT_2,THERMAL,2020-07-15 05:00:00,0.0,0.0,0.0,0.0,0.0,0.0,0.0
302_CT_3,THERMAL,2020-07-15 05:00:00,0.0,0.0,0.0,0.0,0.0,0.0,0.0
302_CT_4,THERMAL,2020-07-15 05:00:00,0.0,0.0,0.0,0.0,0.0,0.0,0.0
303_WIND_1,WIND,2020-07-15 05:00:00,1.0,1.0,1.0,0.0,1.0,0.0,0.0
307_CT_1,THERMAL,2020-07-15 05:00:00,0.0,0.0,0.0,0.0,0.0,0.0,0.0
307_CT_2,THERMAL,2020-07-15 05:00:00,0.0,0.0,0.0,0.0,0.0,0.0,0.0
309_WIND_1,WIND,2020-07-15 05:00:00,1.0,1.0,1.0,0.0,0.0,1.0,0.0
313_CC_1,THERMAL,2020-07-15 05:00:00,1.7763568394002505e-15,1.7763568394002505e-15,1.7763568394002505e-15,0.0,0.0,1.7763568394002505e-15,0.0
315_CT_6,THERMAL,2020-07-15 05:00:00,0.0,0.0,0.0,0.0,0.0,0.0,0.0
315_CT_7,THERMAL,2020-07-15 05:00:00,0.0,0.0,0.0,0.0,0.0,0.0,0.0
315_CT_8,THERMAL,2020-07-15 05:00:00,0.0,0.0,0.0,0.0,0.0,0.0,0.0
315_STEAM_1,THERMAL,2020-07-15 05:00:00,0.0,0.0,0.0,0.0,0.0,0.0,0.0
315_STEAM_2,THERMAL,2020-07-15 05:00:00,0.0,0.0,0.0,0.0,0.0,0.0,0.0
315_STEAM_3,THERMAL,2020-07-15 05:00:00,0.0,0.0,0.0,0.0,0.0,0.0,0.0
315_STEAM_4,THERMAL,2020-07-15 05:00:00,0.0,0.0,0.0,0.0,0.0,0.0,0.0
315_STEAM_5,THERMAL,2020-07-15 05:00:00,0.0,0.0,0.0,0.0,0.0,0.0,0.0
316_STEAM_1,THERMAL,2020-07-15 05:00:00,5.278969562404375e-09,1.242312949271008e-08,8.970792610328418e-09,2.435833756919692e-10,-3.5720799651528523e-09,8.216008318129298e-09,3.914578337359606e-10
317_WIND_1,WIND,2020-07-15 05:00:00,1.0,1.0,1.0,0.0,0.0,0.0,1.0
318_CC_1,THERMAL,2020-07-15 05:00:00,1.7763568394002505e-15,1.7763568394002505e-15,1.7763568394002505e-15,0.0,0.0,1.7763568394002505e-15,0.0
321_CC_1,THERMAL,2020-07-15 05:00:00,0.0,0.0,0.0,0.0,0.0,0.0,0.0
322_CT_5,THERMAL,2020-07-15 05:00:00,0.0,0.0,0.0,0.0,0.0,0.0,0.0
322_CT_6,THERMAL,2020-07-15 05:00:00,0.0,0.0,0.0,0.0,0.0,0.0,0.0
323_CC_1,THERMAL,2020-07-15 05:00:00,1.5775003508041383,1.5775003508041383,0.8020453159403756,0.37202939354783354,0.5080656393317178,0.306553895314744,0.39085142260984285
323_CC_2,THERMAL,2020-07-15 05:00:00,1.5565901473429067,1.5565901473429067,0.7914131782892964,0.3671014496782046,0.5013231953030004,0.3024863634473631,0.38567913891433864
101_CT_1,THERMAL,2020-07-15 06:00:00,0.0,0.0,0.0,0.0,0.0,0.0,0.0
101_CT_2,THERMAL,2020-07-15 06:00:00,0.0,0.0,0.0,0.0,0.0,0.0,0.0
101_STEAM_3,THERMAL,2020-07-15 06:00:00,-0.02531285099584135,0.03234454319642133,0.02048401611078806,-0.004213517859677662,-0.018885069570720336,0.0035158461002899877,-0.005730109665733341
101_STEAM_4,THERMAL,2020-07-15 06:00:00,-0.029238357633869623,0.037366807770517714,0.02366532055873102,-0.0048600165002441464,-0.02181799045622801,0.0040642250683240455,-0.006624575745721511
102_CT_1,THERMAL,2020-07-15 06:00:00,0.0,0.0,0.0,0.0,0.0,0.0,0.0
102_CT_2,THERMAL,2020-07-15 06:00:00,0.0,0.0,0.0,0.0,0.0,0.0,0.0
102_STEAM_3,THERMAL,2020-07-15 06:00:00,-0.23316098907289817,0.23316098907289817,0.12144726295883226,-0.06291541975718584,-0.03173992081801502,-0.07904459963820365,-0.05946104885949365
102_STEAM_4,THERMAL,2020-07-15 06:00:00,-0.25237224481572523,0.25237224481572523,0.1314543550717782,-0.06809821407675198,-0.03435509109979695,-0.08556051201248493,-0.06435842762669138
107_CC_1,THERMAL,2020-07-15 06:00:00,1.0173507072473761e-07,1.0173507072473761e-07,5.293574373935445e-08,2.646817032214699e-08,1.3297193124373052e-08,3.251640023904656e-08,2.9453307039171e-08
113_CT_1,THERMAL,2020-07-15 06:00:00,0.0,0.0,0.0,0.0,0.0,0.0,0.0
113_CT_2,THERMAL,2020-07-15 06:00:00,0.0,0.0,0.0,0.0,0.0,0.0,0.0
113_CT_3,THERMAL,2020-07-15 06:00:00,0.0,0.0,0.0,0.0,0.0,0.0,0.0
113_CT_4,THERMAL,2020-07-15 06:00:00,0.0,0.0,0.0,0.0,0.0,0.0,0.0
115_STEAM_1,THERMAL,2020-07-15 06:00:00,0.0,0.0,0.0,0.0,0.0,0.0,0.0
115_STEAM_2,THERMAL,2020-07-15 06:00:00,0.0,0.0,0.0,0.0,0.0,0.0,0.0
115_STEAM_3,THERMAL,2020-07-15 06:00:00,-3.312592097990059e-07,4.0797579310721766e-07,2.2047096903101108e-07,-9.634263820057498e-08,3.835829165410587e-08,-1.5267816522168687e-07,-1.2059669803084991e-07
116_STEAM_1,THERMAL,2020-07-15 06:00:00,-1.3597765573191767e-07,1.3597765573191767e-07,9.864046569881921e-08,-9.735659056708812e-09,-5.393183677426805e-10,-9.229863007220729e-08,-3.34040482352589e-08
118_CC_1,THERMAL,2020-07-15 06:00:00,1.7768593861112942,1.7768593861112942,0.8959104138109298,0.42851290487653726,0.5343444528000871,0.3737706475097564,0.4402313809249134
122_WIND_1,WIND,2020-07-15 06:00:00,1.0,1.0,1.0,1.0,0.0,0.0,0.0
123_CT_1,THERMAL,2020-07-15 06:00:00,0.0,0.0,0.0,0.0,0.0,0.0,0.0
123_CT_4,THERMAL,2020-07-15 06:00:00,0.0,0.0,0.0,0.0,0.0,0.0,0.0
123_CT_5,THERMAL,2020-07-15 06:00:00,0.0,0.0,0.0,0.0,0.0,0.0,0.0
123_STEAM_2,THERMAL,2020-07-15 06:00:00,-1.6120110843798918e-07,8.44139841606353e-07,5.40184861829748e-07,1.0171563114003135e-07,1.240650679967814e-07,-5.026704750221711e-07,1.1568866744736915e-07
123_STEAM_3,THERMAL,2020-07-15 06:00:00,-2.4287518270749473,2.4287518270749473,1.2554734354211385,-0.6503745603394964,-0.35867234801174064,-0.8015028738698078,-0.6182020448539025
201_CT_1,THERMAL,2020-07-15 06:00:00,0.0,0.0,0.0,0.0,0.0,0.0,0.0
201_CT_2,THERMAL,2020-07-15 06:00:00,0.0,0.0,0.0,0.0,0.0,0.0,0.0
201_STEAM_3,THERMAL,2020-07-15 06:00:00,5.7867711375114996e-08,8.823312422595626e-08,5.141350517280963e-08,1.3296325818146215e-08,-1.5182706425420633e-08,4.488980565042766e-08,1.4864286331961753e-08
202_CT_1,THERMAL,2020-07-15 06:00:00,0.0,0.0,0.0,0.0,0.0,0.0,0.0
202_CT_2,THERMAL,2020-07-15 06:00:00,0.0,0.0,0.0,0.0,0.0,0.0,0.0
202_STEAM_3,THERMAL,2020-07-15 06:00:00,-2.683411638273596e-07,9.58525843821144e-06,6.2106128261692796e-06,7.600657993545035e-07,-4.926799801019399e-06,3.698756652070756e-06,1.9963618576678013e-07
202_STEAM_4,THERMAL,2020-07-15 06:00:00,-5.735331791946832e-07,7.902816495629452e-06,5.186122853432359e-06,6.951018375334073e-07,-4.2381748374120676e-06,2.9062997835005433e-06,6.324003718343386e-08
207_CT_1,THERMAL,2020-07-15 06:00:00,0.0,0.0,0.0,0.0,0.0,0.0,0.0
207_CT_2,THERMAL,2020-07-15 06:00:00,0.0,0.0,0.0,0.0,0.0,0.0,0.0
212_CSP_1,THERMAL,2020-07-15 06:00:00,-1.8758831808651164,1.8758831808651164,0.9506173828120498,-0.48995591976167985,-0.34827775948769535,-0.5633273537623626,-0.47432214785337856
213_CC_3,THERMAL,2020-07-15 06:00:00,4.625315288868606e-08,4.625315288868606e-08,2.7146364552768133e-08,1.0040870135341606e-08,1.5034187228479823e-09,2.1322627219433343e-08,1.3386236811063135e-08
213_CT_1,THERMAL,2020-07-15 06:00:00,0.0,0.0,0.0,0.0,0.0,0.0,0.0
213_CT_2,THERMAL,2020-07-15 06:00:00,0.0,0.0,0.0,0.0,0.0,0.0,0.0
215_CT_4,THERMAL,2020-07-15 06:00:00,0.0,0.0,0.0,0.0,0.0,0.0,0.0
215_CT_5,THERMAL,2020-07-15 06:00:00,0.0,0.0,0.0,0.0,0.0,0.0,0.0
216_STEAM_1,THERMAL,2020-07-15 06:00:00,-0.8960779054432979,0.8960779054432979,0.4514203776717906,-0.2165193696080605,-0.26703811582294956,-0.19038859704397293,-0.22213182296831496
218_CC_1,THERMAL,2020-07-15 06:00:00,0.0,0.0,0.0,0.0,0.0,0.0,0.0
221_CC_1,THERMAL,2020-07-15 06:00:00,6.51847480576878e-08,6.51847480576878e-08,3.5161018004538434e-08,1.875567612330542e-08,6.478997338632553e-09,2.4694156053328697e-08,1.525591854242113e-08
223_CT_4,THERMAL,2020-07-15 06:00:00,0.0,0.0,0.0,0.0,0.0,0.0,0.0
223_CT_5,THERMAL,2020-07-15 06:00:00,0.0,0.0,0.0,0.0,0.0,0.0,0.0
223_CT_6,THERMAL,2020-07-15 06:00:00,0.0,0.0,0.0,0.0,0.0,0.0,0.0
223_STEAM_1,THERMAL,2020-07-15 06:00:00,-0.842904657753572,0.842904657753572,0.43532905285506945,-0.1959145239510267,-0.29578053273064664,-0.14423070230374346,-0.2069788987681552
223_STEAM_2,THERMAL,2020-07-15 06:00:00,-0.8429861756786352,0.8429861756786352,0.4353540386334427,-0.19590666732398565,-0.29577388525272785,-0.14431828551776693,-0.20698733758415472
223_STEAM_3,THERMAL,2020-07-15 06:00:00,-1.5936250299749717,1.5936250299749717,0.9646620927015742,-0.3245438157691616,-0.8225733624315485,-0.0668366996756351,-0.37967115209862656
301_CT_1,THERMAL,2020-07-15 06:00:00,0.0,0.0,0.0,0.0,0.0,0.0,0.0
301_CT_2,THERMAL,2020-07-15 06:00:00,0.0,0.0,0.0,0.0,0.0,0.0,0.0
301_CT_3,THERMAL,2020-07-15 06:00:00,0.0,0.0,0.0,0.0,0.0,0.0,0.0
301_CT_4,THERMAL,2020-07-15 06:00:00,0.0,0.0,0.0,0.0,0.0,0.0,0.0
302_CT_1,THERMAL,2020-07-15 06:00:00,0.0,0.0,0.0,0.0,0.0,0.0,0.0
302_CT_2,THERMAL,2020-07-15 06:00:00,0.0,0.0,0.0,0.0,0.0,0.0,0.0
302_CT_3,THERMAL,2020-07-15 06:00:00,0.0,0.0,0.0,0.0,0.0,0.0,0.0
302_CT_4,THERMAL,2020-07-15 06:00:00,0.0,0.0,0.0,0.0,0.0,0.0,0.0
303_WIND_1,WIND,2020-07-15 06:00:00,1.0,1.0,1.0,0.0,1.0,0.0,0.0
307_CT_1,THERMAL,2020-07-15 06:00:00,0.0,0.0,0.0,0.0,0.0,0.0,0.0
307_CT_2,THERMAL,2020-07-15 06:00:00,0.0,0.0,0.0,0.0,0.0,0.0,0.0
309_WIND_1,WIND,2020-07-15 06:00:00,1.0,1.0,1.0,0.0,0.0,1.0,0.0
313_CC_1,THERMAL,2020-07-15 06:00:00,-1.7763568394002505e-15,1.7763568394002505e-15,1.2560739669470201e-15,-8.881784197001252e-16,-8.881784197001252e-16,0.0,0.0
315_CT_6,THERMAL,2020-07-15 06:00:00,0.0,0.0,0.0,0.0,0.0,0.0,0.0
315_CT_7,THERMAL,2020-07-15 06:00:00,0.0,0.0,0.0,0.0,0.0,0.0,0.0
315_CT_8,THERMAL,2020-07-15 06:00:00,0.0,0.0,0.0,0.0,0.0,0.0,0.0
315_STEAM_1,THERMAL,2020-07-15 06:00:00,0.0,0.0,0.0,0.0,0.0,0.0,0.0
315_STEAM_2,THERMAL,2020-07-15 06:00:00,0.0,0.0,0.0,0.0,0.0,0.0,0.0
315_STEAM_3,THERMAL,2020-07-15 06:00:00,0.0,0.0,0.0,0.0,0.0,0.0,0.0
315_STEAM_4,THERMAL,2020-07-15 06:00:00,0.0,0.0,0.0,0.0,0.0,0.0,0.0
315_STEAM_5,THERMAL,2020-07-15 06:00:00,0.0,0.0,0.0,0.0,0.0,0.0,0.0
316_STEAM_1,THERMAL,2020-07-15 06:00:00,-0.009681819242844482,0.5276661672617677,0.34135410918671655,0.04392408927467184,-0.2686739932523061,0.2057186823427033,0.009349402392086502
317_WIND_1,WIND,2020-07-15 06:00:00,1.0,1.0,1.0,0.0,0.0,0.0,1.0
318_CC_1,THERMAL,2020-07-15 06:00:00,-1.5543122344752192e-15,1.5543122344752192e-15,1.1102230246251565e-15,-6.661338147750939e-16,-8.881784197001252e-16,0.0,0.0
321_CC_1,THERMAL,2020-07-15 06:00:00,0.0,0.0,0.0,0.0,0.0,0.0,0.0
322_CT_5,THERMAL,2020-07-15 06:00:00,0.0,0.0,0.0,0.0,0.0,0.0,0.0
322_CT_6,THERMAL,2020-07-15 06:00:00,0.0,0.0,0.0,0.0,0.0,0.0,0.0
323_CC_1,THERMAL,2020-07-15 06:00:00,1.6265400072763567,1.6265400072763567,0.8558672050517915,0.37041802007119484,0.6146474280609064,0.24404667632389554,0.39742788282036
323_CC_2,THERMAL,2020-07-15 06:00:00,1.6265968444362553,1.6265968444362553,0.855874684679711,0.37044549135884663,0.6146051850670471,0.24408756564672984,0.3974586023636316
101_CT_1,THERMAL,2020-07-15 07:00:00,0.0,0.0,0.0,0.0,0.0,0.0,0.0
101_CT_2,THERMAL,2020-07-15 07:00:00,0.0,0.0,0.0,0.0,0.0,0.0,0.0
101_STEAM_3,THERMAL,2020-07-15 07:00:00,0.00384071150971081,0.08525338133672981,0.04878746106767296,0.015684267551508813,-0.0407063349135095,0.01993976508630535,0.008923013785406149
101_STEAM_4,THERMAL,2020-07-15 07:00:00,-0.08866468822299546,0.08866468822299546,0.04694059222005542,-0.030491865551462882,-0.018556217325403468,-0.011305526004294464,-0.028311079341834643
102_CT_1,THERMAL,2020-07-15 07:00:00,0.0,0.0,0.0,0.0,0.0,0.0,0.0
102_CT_2,THERMAL,2020-07-15 07:00:00,0.0,0.0,0.0,0.0,0.0,0.0,0.0
102_STEAM_3,THERMAL,2020-07-15 07:00:00,-0.23471501567462996,0.23471501567462996,0.12576926078775894,-0.06481740400209163,-0.023401584103419415,-0.0862563555738407,-0.060239671995278216
102_STEAM_4,THERMAL,2020-07-15 07:00:00,-0.18615289577142397,0.18615289577142397,0.09974771305511335,-0.05140697017842599,-0.018559956636195807,-0.06840966987746899,-0.04777629907933319
107_CC_1,THERMAL,2020-07-15 07:00:00,3.862639614572249e-07,3.862639614572249e-07,1.9414547819085604e-07,8.305420040599643e-08,9.386973420788536e-08,9.86985781992189e-08,1.1064144864412421e-07
113_CT_1,THERMAL,2020-07-15 07:00:00,0.0,0.0,0.0,0.0,0.0,0.0,0.0
113_CT_2,THERMAL,2020-07-15 07:00:00,0.0,0.0,0.0,0.0,0.0,0.0,0.0
113_CT_3,THERMAL,2020-07-15 07:00:00,0.0,0.0,0.0,0.0,0.0,0.0,0.0
113_CT_4,THERMAL,2020-07-15 07:00:00,0.0,0.0,0.0,0.0,0.0,0.0,0.0
115_STEAM_1,THERMAL,2020-07-15 07:00:00,0.0,0.0,0.0,0.0,0.0,0.0,0.0
115_STEAM_2,THERMAL,2020-07-15 07:00:00,0.0,0.0,0.0,0.0,0.0,0.0,0.0
115_STEAM_3,THERMAL,2020-07-15 07:00:00,-7.424727145394055e-08,1.1722231186911242e-07,5.978563649820726e-08,-2.7944454972228527e-08,2.148752020758593e-08,-3.8015324221873925e-08,-2.9775012467424035e-08
116_STEAM_1,THERMAL,2020-07-15 07:00:00,-1.4553300609738299e-07,1.690787865338899e-07,1.0114712626429521e-07,-3.578737328702175e-08,1.1772890218253451e-08,-8.748030566607667e-08,-3.403821736253802e-08
118_CC_1,THERMAL,2020-07-15 07:00:00,1.8555082487905272,1.8555082487905272,0.9913784963947025,0.416421510923628,0.7364608839999178,0.2507936018491783,0.4518322520178031
122_WIND_1,WIND,2020-07-15 07:00:00,1.0,1.0,1.0,1.0,0.0,0.0,0.0
123_CT_1,THERMAL,2020-07-15 07:00:00,0.0,0.0,0.0,0.0,0.0,0.0,0.0
123_CT_4,THERMAL,2020-07-15 07:00:00,0.0,0.0,0.0,0.0,0.0,0.0,0.0
123_CT_5,THERMAL,2020-07-15 07:00:00,0.0,0.0,0.0,0.0,0.0,0.0,0.0
123_STEAM_2,THERMAL,2020-07-15 07:00:00,-9.459032183111936e-07,1.2642119434668963e-06,6.608116741506452e-07,-3.841206261956387e-07,1.5915436257785132e-07,-4.047305139920354e-07,-3.162064407013708e-07
123_STEAM_3,THERMAL,2020-07-15 07:00:00,-8.483571059039988e-07,8.483571059039988e-07,4.6649860530884174e-07,-2.3305195906431209e-07,-6.192777224356405e-08,-3.330776259247159e-07,-2.2029974867140675e-07
201_CT_1,THERMAL,2020-07-15 07:00:00,0.0,0.0,0.0,0.0,0.0,0.0,0.0
201_CT_2,THERMAL,2020-07-15 07:00:00,0.0,0.0,0.0,0.0,0.0,0.0,0.0
201_STEAM_3,THERMAL,2020-07-15 07:00:00,-0.015236632865137224,0.43095927044765014,0.2812152034079355,0.034379939592267705,-0.22309795165639368,0.16760916270158877,0.005872216497399984
202_CT_1,THERMAL,2020-07-15 07:00:00,0.0,0.0,0.0,0.0,0.0,0.0,0.0
202_CT_2,THERMAL,2020-07-15 07:00:00,0.0,0.0,0.0,0.0,0.0,0.0,0.0
202_STEAM_3,THERMAL,2020-07-15 07:00:00,-0.4054795391421962,0.4054795391421962,0.24737765324450553,-0.08210980729618911,-0.21194041876665792,-0.014930493823692714,-0.09649881925565645
202_STEAM_4,THERMAL,2020-07-15 07:00:00,-0.40555036201506056,0.40555036201506056,0.2473760265446285,-0.08211014392550198,-0.21193138900375952,-0.015006410625920452,-0.0965024184598786
207_CT_1,THERMAL,2020-07-15 07:00:00,0.0,0.0,0.0,0.0,0.0,0.0,0.0
207_CT_2,THERMAL,2020-07-15 07:00:00,0.0,0.0,0.0,0.0,0.0,0.0,0.0
212_CSP_1,THERMAL,2020-07-15 07:00:00,-2.208032834465867,2.208032834465867,1.1362054274297455,-0.588426185059671,-0.34253750778799663,-0.7157765852138205,-0.5612925564043787
213_CC_3,THERMAL,2020-07-15 07:00:00,3.063525463719678e-08,3.063525463719678e-08,1.7336305838974843e-08,1.1962048018787641e-08,2.2280026712451217e-09,5.284018556039882e-09,1.1161185391124133e-08
213_CT_1,THERMAL,2020-07-15 07:00:00,0.0,0.0,0.0,0.0,0.0,0.0,0.0
213_CT_2,THERMAL,2020-07-15 07:00:00,0.0,0.0,0.0,0.0,0.0,0.0,0.0
215_CT_4,THERMAL,2020-07-15 07:00:00,0.0,0.0,0.0,0.0,0.0,0.0,0.0
215_CT_5,THERMAL,2020-07-15 07:00:00,0.0,0.0,0.0,0.0,0.0,0.0,0.0
216_STEAM_1,THERMAL,2020-07-15 07:00:00,-1.1358613676351492,1.1358613676351492,0.5703936087133321,-0.29113597769655175,-0.24265738330655173,-0.31625181152820314,-0.2858161951038427
218_CC_1,THERMAL,2020-07-15 07:00:00,0.0,0.0,0.0,0.0,0.0,0.0,0.0
221_CC_1,THERMAL,2020-07-15 07:00:00,5.6935350284628176e-08,1.0081428454845834e-07,5.8035623031741766e-08,7.838447002583848e-09,4.781186468960641e-08,-2.193946713191508e-08,2.3224505724353002e-08
223_CT_4,THERMAL,2020-07-15 07:00:00,0.0,0.0,0.0,0.0,0.0,0.0,0.0
223_CT_5,THERMAL,2020-07-15 07:00:00,0.0,0.0,0.0,0.0,0.0,0.0,0.0
223_CT_6,THERMAL,2020-07-15 07:00:00,0.0,0.0,0.0,0.0,0.0,0.0,0.0
223_STEAM_1,THERMAL,2020-07-15 07:00:00,-1.0652028372439397,1.0652028372439397,0.5335490151995499,-0.2619447009435816,-0.2911093570592811,-0.24694527516577125,-0.2652035040753057
223_STEAM_2,THERMAL,2020-07-15 07:00:00,-1.0651439650290049,1.0651439650290049,0.5335224044005101,-0.26193872659560746,-0.2911154130424043,-0.24687754771327697,-0.26521227767771616
223_STEAM_3,THERMAL,2020-07-15 07:00:00,-2.1975792730117565,2.1975792730117565,1.139387384074396,-0.5084085933241371,-0.7845380874258243,-0.36558614246693466,-0.5390464497948603
301_CT_1,THERMAL,2020-07-15 07:00:00,0.0,0.0,0.0,0.0,0.0,0.0,0.0
301_CT_2,THERMAL,2020-07-15 07:00:00,0.0,0.0,0.0,0.0,0.0,0.0,0.0
301_CT_3,THERMAL,2020-07-15 07:00:00,0.0,0.0,0.0,0.0,0.0,0.0,0.0
301_CT_4,THERMAL,2020-07-15 07:00:00,0.0,0.0,0.0,0.0,0.0,0.0,0.0
302_CT_1,THERMAL,2020-07-15 07:00:00,0.0,0.0,0.0,0.0,0.0,0.0,0.0
302_CT_2,THERMAL,2020-07-15 07:00:00,0.0,0.0,0.0,0.0,0.0,0.0,0.0
302_CT_3,THERMAL,2020-07-15 07:00:00,0.0,0.0,0.0,0.0,0.0,0.0,0.0
302_CT_4,THERMAL,2020-07-15 07:00:00,0.0,0.0,0.0,0.0,0.0,0.0,0.0
303_WIND_1,WIND,2020-07-15 07:00:00,1.0,1.0,1.0,0.0,1.0,0.0,0.0
307_CT_1,THERMAL,2020-07-15 07:00:00,0.0,0.0,0.0,0.0,0.0,0.0,0.0
307_CT_2,THERMAL,2020-07-15 07:00:00,0.0,0.0,0.0,0.0,0.0,0.0,0.0
309_WIND_1,WIND,2020-07-15 07:00:00,1.0,1.0,1.0,0.0,0.0,1.0,0.0
313_CC_1,THERMAL,2020-07-15 07:00:00,3.398586299316476e-09,1.0773064220439964e-08,6.107768314988148e-09,-3.012602833862843e-09,2.387606556908395e-09,4.698218702969825e-09,-6.746361266989015e-10
315_CT_6,THERMAL,2020-07-15 07:00:00,0.0,0.0,0.0,0.0,0.0,0.0,0.0
315_CT_7,THERMAL,2020-07-15 07:00:00,0.0,0.0,0.0,0.0,0.0,0.0,0.0
315_CT_8,THERMAL,2020-07-15 07:00:00,0.0,0.0,0.0,0.0,0.0,0.0,0.0
315_STEAM_1,THERMAL,2020-07-15 07:00:00,0.0,0.0,0.0,0.0,0.0,0.0,0.0
315_STEAM_2,THERMAL,2020-07-15 07:00:00,0.0,0.0,0.0,0.0,0.0,0.0,0.0
315_STEAM_3,THERMAL,2020-07-15 07:00:00,0.0,0.0,0.0,0.0,0.0,0.0,0.0
315_STEAM_4,THERMAL,2020-07-15 07:00:00,0.0,0.0,0.0,0.0,0.0,0.0,0.0
315_STEAM_5,THERMAL,2020-07-15 07:00:00,0.0,0.0,0.0,0.0,0.0,0.0,0.0
316_STEAM_1,THERMAL,2020-07-15 07:00:00,-0.4209570643799624,0.9615060161207475,0.6507768773824381,-0.021602925605820777,-0.5856073740710428,0.27027447587039255,-0.08402124057349135
317_WIND_1,WIND,2020-07-15 07:00:00,1.0,1.0,1.0,0.0,0.0,0.0,1.0
318_CC_1,THERMAL,2020-07-15 07:00:00,4.6629367034256575e-15,4.6629367034256575e-15,3.6687789788066426e-15,2.220446049250313e-16,8.881784197001252e-16,3.552713678800501e-15,0.0
321_CC_1,THERMAL,2020-07-15 07:00:00,0.0,0.0,0.0,0.0,0.0,0.0,0.0
322_CT_5,THERMAL,2020-07-15 07:00:00,0.0,0.0,0.0,0.0,0.0,0.0,0.0
322_CT_6,THERMAL,2020-07-15 07:00:00,0.0,0.0,0.0,0.0,0.0,0.0,0.0
323_CC_1,THERMAL,2020-07-15 07:00:00,1.7846255902795356,1.7846255902795356,0.986684308374379,0.38895623395240597,0.7746454894343549,0.1893756124366064,0.4316482544561683
323_CC_2,THERMAL,2020-07-15 07:00:00,1.784603461684918,1.784603461684918,0.9866825029189539,0.388951929221546,0.7746523248799475,0.1893539766116099,0.43164523097181456
101_CT_1,THERMAL,2020-07-15 08:00:00,0.0,0.0,0.0,0.0,0.0,0.0,0.0
101_CT_2,THERMAL,2020-07-15 08:00:00,0.0,0.0,0.0,0.0,0.0,0.0,0.0
101_STEAM_3,THERMAL,2020-07-15 08:00:00,-0.5345253376079789,0.5345253376079789,0.433840199172942,-0.027713684601265887,-0.02650435051572142,-0.42909707808921116,-0.051210224401780476
101_STEAM_4,THERMAL,2020-07-15 08:00:00,0.2946756975241301,0.44370311856818273,0.37221946586233895,-0.03253398070228708,-0.03337741905036906,0.3691894080461564,-0.008602310769370207
102_CT_1,THERMAL,2020-07-15 08:00:00,0.0,0.0,0.0,0.0,0.0,0.0,0.0
102_CT_2,THERMAL,2020-07-15 08:00:00,0.0,0.0,0.0,0.0,0.0,0.0,0.0
102_STEAM_3,THERMAL,2020-07-15 08:00:00,-0.5133357814854694,0.5133357814854694,0.25666789129784723,-0.12831966286430563,-0.1283380148115416,-0.12833657648400632,-0.12834152732561585
102_STEAM_4,THERMAL,2020-07-15 08:00:00,-0.5834387533133708,0.5834387533133708,0.29171937728583736,-0.1458434968564784,-0.14586443105128022,-0.14586250774676301,-0.14586831765884914
107_CC_1,THERMAL,2020-07-15 08:00:00,-3.3272799746137545,3.3272799746137545,1.6636399908927602,-0.8317279353831608,-0.8318478484874303,-0.8318344945231999,-0.8318696962199632
113_CT_1,THERMAL,2020-07-15 08:00:00,-1.376676550535194e-13,1.376676550535194e-13,1.376676550535194e-13,0.0,0.0,-1.376676550535194e-13,0.0
113_CT_2,THERMAL,2020-07-15 08:00:00,0.0,0.0,0.0,0.0,0.0,0.0,0.0
113_CT_3,THERMAL,2020-07-15 08:00:00,0.0,0.0,0.0,0.0,0.0,0.0,0.0
113_CT_4,THERMAL,2020-07-15 08:00:00,0.0,0.0,0.0,0.0,0.0,0.0,0.0
115_STEAM_1,THERMAL,2020-07-15 08:00:00,0.0,0.0,0.0,0.0,0.0,0.0,0.0
115_STEAM_2,THERMAL,2020-07-15 08:00:00,0.0,0.0,0.0,0.0,0.0,0.0,0.0
115_STEAM_3,THERMAL,2020-07-15 08:00:00,-0.8584447367900213,0.8584447367900213,0.42922236932008323,-0.2145873633833515,-0.21461830431431306,-0.21461526021633048,-0.21462380887602628
116_STEAM_1,THERMAL,2020-07-15 08:00:00,-0.7139194315951546,0.7139194315951546,0.3569597165716956,-0.17845991747273704,-0.17848543683318097,-0.17848381476529163,-0.17849026252394495
118_CC_1,THERMAL,2020-07-15 08:00:00,-0.33366244255874467,0.33366244255874467,0.16683138745505607,-0.08321498039799646,-0.08345027193676913,-0.08348811018325719,-0.08350908004072188
122_WIND_1,WIND,2020-07-15 08:00:00,1.0,1.0,1.0,1.0,0.0,0.0,0.0
123_CT_1,THERMAL,2020-07-15 08:00:00,0.0,0.0,0.0,0.0,0.0,0.0,0.0
123_CT_4,THERMAL,2020-07-15 08:00:00,0.0,0.0,0.0,0.0,0.0,0.0,0.0
123_CT_5,THERMAL,2020-07-15 08:00:00,0.0,0.0,0.0,0.0,0.0,0.0,0.0
123_STEAM_2,THERMAL,2020-07-15 08:00:00,-1.1167680880163615,1.1167680880163615,0.5583840452249916,-0.27916076687006763,-0.2792006844533401,-0.27919823113914255,-0.27920840555381127
123_STEAM_3,THERMAL,2020-07-15 08:00:00,-0.7815253428293781,0.7815253428293781,0.39076267225650124,-0.19535970278799653,-0.19538783441049556,-0.1953848310248283,-0.19539297460605776
201_CT_1,THERMAL,2020-07-15 08:00:00,0.0,0.0,0.0,0.0,0.0,0.0,0.0
201_CT_2,THERMAL,2020-07-15 08:00:00,0.0,0.0,0.0,0.0,0.0,0.0,0.0
201_STEAM_3,THERMAL,2020-07-15 08:00:00,-0.7947932322203453,0.7947932322203453,0.3973966169673621,-0.1986762739853899,-0.19870482766605146,-0.19870200735178845,-0.19871012321711545
202_CT_1,THERMAL,2020-07-15 08:00:00,0.0,0.0,0.0,0.0,0.0,0.0,0.0
202_CT_2,THERMAL,2020-07-15 08:00:00,0.0,0.0,0.0,0.0,0.0,0.0,0.0
202_STEAM_3,THERMAL,2020-07-15 08:00:00,-0.752582449969744,0.752582449969744,0.37629122579785185,-0.18812470887747673,-0.18815168478042743,-0.1881492854018587,-0.18815677090998117
202_STEAM_4,THERMAL,2020-07-15 08:00:00,-0.7309127050233213,0.7309127050233213,0.36545635330051346,-0.18270788800010052,-0.18273410882597552,-0.18273169821257085,-0.1827390099846744
207_CT_1,THERMAL,2020-07-15 08:00:00,0.0,0.0,0.0,0.0,0.0,0.0,0.0
207_CT_2,THERMAL,2020-07-15 08:00:00,0.0,0.0,0.0,0.0,0.0,0.0,0.0
212_CSP_1,THERMAL,2020-07-15 08:00:00,-0.23337369769361913,0.23337369769361913,0.11668684909821075,-0.058336956398610695,-0.05834531960070066,-0.05834453018727359,-0.05834689150703418
213_CC_3,THERMAL,2020-07-15 08:00:00,2.617934169807225,2.617934169807225,1.308967087742596,0.6544105824785946,0.6545042667048246,0.6544971037472784,0.6545222168765272
213_CT_1,THERMAL,2020-07-15 08:00:00,0.0,0.0,0.0,0.0,0.0,0.0,0.0
213_CT_2,THERMAL,2020-07-15 08:00:00,0.0,0.0,0.0,0.0,0.0,0.0,0.0
215_CT_4,THERMAL,2020-07-15 08:00:00,0.0,0.0,0.0,0.0,0.0,0.0,0.0
215_CT_5,THERMAL,2020-07-15 08:00:00,0.0,0.0,0.0,0.0,0.0,0.0,0.0
216_STEAM_1,THERMAL,2020-07-15 08:00:00,-0.8549825310531393,0.8549825310531393,0.4274912664493512,-0.21372190890864817,-0.21375277648711366,-0.2137495836057024,-0.21375826205167506
218_CC_1,THERMAL,2020-07-15 08:00:00,-1.2434497875801753e-13,1.2434497875801753e-13,1.2434497875801753e-13,0.0,0.0,-1.2434497875801753e-13,0.0
221_CC_1,THERMAL,2020-07-15 08:00:00,3.784680256355804,3.784680256355804,1.8923401324179128,0.9460621293985625,0.9461977422507122,0.9461958648914397,0.9462245198150894
223_CT_4,THERMAL,2020-07-15 08:00:00,0.0,0.0,0.0,0.0,0.0,0.0,0.0
223_CT_5,THERMAL,2020-07-15 08:00:00,0.0,0.0,0.0,0.0,0.0,0.0,0.0
223_CT_6,THERMAL,2020-07-15 08:00:00,0.0,0.0,0.0,0.0,0.0,0.0,0.0
223_STEAM_1,THERMAL,2020-07-15 08:00:00,-1.0528098403388748,1.0528098403388748,0.5264049212719288,-0.2631742913799987,-0.2632128381607113,-0.2632042392110687,-0.2632184715870961
223_STEAM_2,THERMAL,2020-07-15 08:00:00,-1.0534055923518124,1.0534055923518124,0.526702797308629,-0.26332227543179576,-0.2633601758429047,-0.2633560441928857,-0.2633670968842262
223_STEAM_3,THERMAL,2020-07-15 08:00:00,-2.1392644229655056,2.1392644229655056,1.0696322138586747,-0.5347554914259103,-0.5348325149181283,-0.5348291993818179,-0.5348472172396491
301_CT_1,THERMAL,2020-07-15 08:00:00,0.0,0.0,0.0,0.0,0.0,0.0,0.0
301_CT_2,THERMAL,2020-07-15 08:00:00,0.0,0.0,0.0,0.0,0.0,0.0,0.0
301_CT_3,THERMAL,2020-07-15 08:00:00,0.0,0.0,0.0,0.0,0.0,0.0,0.0
301_CT_4,THERMAL,2020-07-15 08:00:00,0.0,0.0,0.0,0.0,0.0,0.0,0.0
302_CT_1,THERMAL,2020-07-15 08:00:00,0.0,0.0,0.0,0.0,0.0,0.0,0.0
302_CT_2,THERMAL,2020-07-15 08:00:00,0.0,0.0,0.0,0.0,0.0,0.0,0.0
302_CT_3,THERMAL,2020-07-15 08:00:00,0.0,0.0,0.0,0.0,0.0,0.0,0.0
302_CT_4,THERMAL,2020-07-15 08:00:00,0.0,0.0,0.0,0.0,0.0,0.0,0.0
303_WIND_1,WIND,2020-07-15 08:00:00,1.0,1.0,1.0,0.0,1.0,0.0,0.0
307_CT_1,THERMAL,2020-07-15 08:00:00,0.0,0.0,0.0,0.0,0.0,0.0,0.0
307_CT_2,THERMAL,2020-07-15 08:00:00,0.0,0.0,0.0,0.0,0.0,0.0,0.0
309_WIND_1,WIND,2020-07-15 08:00:00,1.0,1.0,1.0,0.0,0.0,1.0,0.0
313_CC_1,THERMAL,2020-07-15 08:00:00,-0.37876401719370667,0.37876401719370667,0.18938200900627583,-0.09468052793506487,-0.09469428437193184,-0.09469252059988875,-0.09469668428682118
315_CT_6,THERMAL,2020-07-15 08:00:00,0.0,0.0,0.0,0.0,0.0,0.0,0.0
315_CT_7,THERMAL,2020-07-15 08:00:00,0.0,0.0,0.0,0.0,0.0,0.0,0.0
315_CT_8,THERMAL,2020-07-15 08:00:00,0.0,0.0,0.0,0.0,0.0,0.0,0.0
315_STEAM_1,THERMAL,2020-07-15 08:00:00,0.0,0.0,0.0,0.0,0.0,0.0,0.0
315_STEAM_2,THERMAL,2020-07-15 08:00:00,0.0,0.0,0.0,0.0,0.0,0.0,0.0
315_STEAM_3,THERMAL,2020-07-15 08:00:00,0.0,0.0,0.0,0.0,0.0,0.0,0.0
315_STEAM_4,THERMAL,2020-07-15 08:00:00,0.0,0.0,0.0,0.0,0.0,0.0,0.0
315_STEAM_5,THERMAL,2020-07-15 08:00:00,0.0,0.0,0.0,0.0,0.0,0.0,0.0
316_STEAM_1,THERMAL,2020-07-15 08:00:00,-1.9447080576061286,1.9447080576061286,0.9723540309287518,-0.4861227016161389,-0.48619352878784516,-0.48618599194776735,-0.4862058352543773
317_WIND_1,WIND,2020-07-15 08:00:00,1.0,1.0,1.0,0.0,0.0,0.0,1.0
318_CC_1,THERMAL,2020-07-15 08:00:00,-8.881784197001252e-16,8.881784197001252e-16,8.881784197001252e-16,-8.881784197001252e-16,0.0,0.0,0.0
321_CC_1,THERMAL,2020-07-15 08:00:00,-1.2434497875801753e-13,1.2434497875801753e-13,1.2434497875801753e-13,0.0,0.0,-1.2434497875801753e-13,0.0
322_CT_5,THERMAL,2020-07-15 08:00:00,0.0,0.0,0.0,0.0,0.0,0.0,0.0
322_CT_6,THERMAL,2020-07-15 08:00:00,0.0,0.0,0.0,0.0,0.0,0.0,0.0
323_CC_1,THERMAL,2020-07-15 08:00:00,4.020688093206024,4.020688093206024,2.0103440512481785,1.0050554599501043,1.0051968531037687,1.0052063638138726,1.0052294163382784
323_CC_2,THERMAL,2020-07-15 08:00:00,3.980518218332417,3.980518218332417,1.9902591136030843,0.9950163434515038,0.9951577932469142,0.995157263766373,0.9951868178676259
101_CT_1,THERMAL,2020-07-15 09:00:00,0.0,0.0,0.0,0.0,0.0,0.0,0.0
101_CT_2,THERMAL,2020-07-15 09:00:00,0.0,0.0,0.0,0.0,0.0,0.0,0.0
101_STEAM_3,THERMAL,2020-07-15 09:00:00,0.43934983738527744,0.595053178496036,0.4999336812464376,0.02076548671836781,-0.035511473344952194,0.4964360212222889,-0.042340197210427116
101_STEAM_4,THERMAL,2020-07-15 09:00:00,-0.556859821588186,0.5955186498501656,0.5283712244166998,-0.050430443973277006,0.0062150049892492065,-0.5257587917458988,0.013114409141740568
102_CT_1,THERMAL,2020-07-15 09:00:00,0.0,0.0,0.0,0.0,0.0,0.0,0.0
102_CT_2,THERMAL,2020-07-15 09:00:00,0.0,0.0,0.0,0.0,0.0,0.0,0.0
102_STEAM_3,THERMAL,2020-07-15 09:00:00,-0.20369308723544796,0.20369308723544796,0.10184654391528934,-0.05091671312262869,-0.05092512261068227,-0.050924383155421804,-0.0509268683467152
102_STEAM_4,THERMAL,2020-07-15 09:00:00,-0.21450320954834018,0.21450320954834018,0.10725160508896095,-0.053618886721751136,-0.053627802515120226,-0.05362691563765232,-0.0536296046738165
107_CC_1,THERMAL,2020-07-15 09:00:00,-0.21994404028415948,0.21994404028415948,0.1099720205066554,-0.05497835231891779,-0.054987426545863194,-0.05498930664174928,-0.05498895477762923
113_CT_1,THERMAL,2020-07-15 09:00:00,0.0,0.0,0.0,0.0,0.0,0.0,0.0
113_CT_2,THERMAL,2020-07-15 09:00:00,0.0,0.0,0.0,0.0,0.0,0.0,0.0
113_CT_3,THERMAL,2020-07-15 09:00:00,0.0,0.0,0.0,0.0,0.0,0.0,0.0
113_CT_4,THERMAL,2020-07-15 09:00:00,0.0,0.0,0.0,0.0,0.0,0.0,0.0
115_STEAM_1,THERMAL,2020-07-15 09:00:00,0.0,0.0,0.0,0.0,0.0,0.0,0.0
115_STEAM_2,THERMAL,2020-07-15 09:00:00,0.0,0.0,0.0,0.0,0.0,0.0,0.0
115_STEAM_3,THERMAL,2020-07-15 09:00:00,-0.2383543683305019,0.2383543683305019,0.11917718451643773,-0.05958085320601547,-0.05959071347305134,-0.05959007072753053,-0.05959273092390454
116_STEAM_1,THERMAL,2020-07-15 09:00:00,-0.2524429778732663,0.2524429778732663,0.12622148929851698,-0.063102653203709,-0.06311352185254093,-0.06311197769021959,-0.06311482512679677
118_CC_1,THERMAL,2020-07-15 09:00:00,-0.24316950935343268,0.24316950935343268,0.1215847550357279,-0.0607844571708509,-0.06079462220734655,-0.06079390585298938,-0.06079652412224584
122_WIND_1,WIND,2020-07-15 09:00:00,1.0,1.0,1.0,1.0,0.0,0.0,0.0
123_CT_1,THERMAL,2020-07-15 09:00:00,0.0,0.0,0.0,0.0,0.0,0.0,0.0
123_CT_4,THERMAL,2020-07-15 09:00:00,0.0,0.0,0.0,0.0,0.0,0.0,0.0
123_CT_5,THERMAL,2020-07-15 09:00:00,0.0,0.0,0.0,0.0,0.0,0.0,0.0
123_STEAM_2,THERMAL,2020-07-15 09:00:00,-0.22915201909794264,0.22915201909794264,0.11457600988889123,-0.0572805154860182,-0.057289957599789165,-0.05728961884986461,-0.05729192716227067
123_STEAM_3,THERMAL,2020-07-15 09:00:00,-0.26517377175688606,0.26517377175688606,0.1325868862701655,-0.06628478139898086,-0.06629584853020631,-0.06629524861979164,-0.06629789320790727
201_CT_1,THERMAL,2020-07-15 09:00:00,0.0,0.0,0.0,0.0,0.0,0.0,0.0
201_CT_2,THERMAL,2020-07-15 09:00:00,0.0,0.0,0.0,0.0,0.0,0.0,0.0
201_STEAM_3,THERMAL,2020-07-15 09:00:00,-0.2574559233438753,0.2574559233438753,0.12872796204591852,-0.06435578059338143,-0.06436651380705449,-0.06436500274795565,-0.06436862619548374
202_CT_1,THERMAL,2020-07-15 09:00:00,0.0,0.0,0.0,0.0,0.0,0.0,0.0
202_CT_2,THERMAL,2020-07-15 09:00:00,0.0,0.0,0.0,0.0,0.0,0.0,0.0
202_STEAM_3,THERMAL,2020-07-15 09:00:00,-0.20604039730161605,0.20604039730161605,0.10302019895251562,-0.051503449454004924,-0.05151193861482817,-0.05151128205227806,-0.05151372718050489
202_STEAM_4,THERMAL,2020-07-15 09:00:00,-0.20594402289737002,0.20594402289737002,0.10297201175028073,-0.05147935785872371,-0.051487841871175166,-0.05148719298502202,-0.051489630182449106
207_CT_1,THERMAL,2020-07-15 09:00:00,0.0,0.0,0.0,0.0,0.0,0.0,0.0
207_CT_2,THERMAL,2020-07-15 09:00:00,0.0,0.0,0.0,0.0,0.0,0.0,0.0
212_CSP_1,THERMAL,2020-07-15 09:00:00,-0.2902125439642472,0.2902125439642472,0.14510627240484653,-0.07254383208586379,-0.07255584443207796,-0.07255455874118866,-0.07255830870511681
213_CC_3,THERMAL,2020-07-15 09:00:00,-0.4124782280072297,0.4124782280072297,0.20623911460340813,-0.103106258496372,-0.10312328307825913,-0.10312201382969377,-0.1031266726029048
213_CT_1,THERMAL,2020-07-15 09:00:00,0.0,0.0,0.0,0.0,0.0,0.0,0.0
213_CT_2,THERMAL,2020-07-15 09:00:00,0.0,0.0,0.0,0.0,0.0,0.0,0.0
215_CT_4,THERMAL,2020-07-15 09:00:00,0.0,0.0,0.0,0.0,0.0,0.0,0.0
215_CT_5,THERMAL,2020-07-15 09:00:00,0.0,0.0,0.0,0.0,0.0,0.0,0.0
216_STEAM_1,THERMAL,2020-07-15 09:00:00,-0.2583991021103566,0.2583991021103566,0.12919955143812747,-0.06459131478215852,-0.06460244000929527,-0.06460135613973605,-0.06460399117916675
218_CC_1,THERMAL,2020-07-15 09:00:00,6.661338147750939e-16,1.1102230246251565e-15,9.155133597044475e-16,-2.220446049250313e-16,8.881784197001252e-16,0.0,0.0
221_CC_1,THERMAL,2020-07-15 09:00:00,-0.3402453743419265,0.3402453743419265,0.1701226876701483,-0.08505030547782644,-0.08506432883143633,-0.08506354387155746,-0.08506719616110624
223_CT_4,THERMAL,2020-07-15 09:00:00,0.0,0.0,0.0,0.0,0.0,0.0,0.0
223_CT_5,THERMAL,2020-07-15 09:00:00,0.0,0.0,0.0,0.0,0.0,0.0,0.0
223_CT_6,THERMAL,2020-07-15 09:00:00,0.0,0.0,0.0,0.0,0.0,0.0,0.0
223_STEAM_1,THERMAL,2020-07-15 09:00:00,-0.24694372430703665,0.24694372430703665,0.12347186251523681,-0.06172796281440318,-0.06173811740595814,-0.061737349715724754,-0.06174029437095056
223_STEAM_2,THERMAL,2020-07-15 09:00:00,-0.26317595332338717,0.26317595332338717,0.13158797704701433,-0.06578553159127709,-0.06579655759733471,-0.06579520603041722,-0.06579865810435814
223_STEAM_3,THERMAL,2020-07-15 09:00:00,-0.2493520385628602,0.2493520385628602,0.1246760196489097,-0.06232991787861453,-0.06234035116122971,-0.06233944604403163,-0.062342323478984336
301_CT_1,THERMAL,2020-07-15 09:00:00,0.0,0.0,0.0,0.0,0.0,0.0,0.0
301_CT_2,THERMAL,2020-07-15 09:00:00,0.0,0.0,0.0,0.0,0.0,0.0,0.0
301_CT_3,THERMAL,2020-07-15 09:00:00,0.0,0.0,0.0,0.0,0.0,0.0,0.0
301_CT_4,THERMAL,2020-07-15 09:00:00,0.0,0.0,0.0,0.0,0.0,0.0,0.0
302_CT_1,THERMAL,2020-07-15 09:00:00,0.0,0.0,0.0,0.0,0.0,0.0,0.0
302_CT_2,THERMAL,2020-07-15 09:00:00,0.0,0.0,0.0,0.0,0.0,0.0,0.0
302_CT_3,THERMAL,2020-07-15 09:00:00,0.0,0.0,0.0,0.0,0.0,0.0,0.0
302_CT_4,THERMAL,2020-07-15 09:00:00,0.0,0.0,0.0,0.0,0.0,0.0,0.0
303_WIND_1,WIND,2020-07-15 09:00:00,1.0,1.0,1.0,0.0,1.0,0.0,0.0
307_CT_1,THERMAL,2020-07-15 09:00:00,0.0,0.0,0.0,0.0,0.0,0.0,0.0
307_CT_2,THERMAL,2020-07-15 09:00:00,0.0,0.0,0.0,0.0,0.0,0.0,0.0
309_WIND_1,WIND,2020-07-15 09:00:00,1.0,1.0,1.0,0.0,0.0,1.0,0.0
313_CC_1,THERMAL,2020-07-15 09:00:00,-0.27705811386133117,0.27705811386133117,0.13852905733399293,-0.06925563610687346,-0.06926719317676477,-0.06926588465005423,-0.06926939992763871
315_CT_6,THERMAL,2020-07-15 09:00:00,0.0,0.0,0.0,0.0,0.0,0.0,0.0
315_CT_7,THERMAL,2020-07-15 09:00:00,0.0,0.0,0.0,0.0,0.0,0.0,0.0
315_CT_8,THERMAL,2020-07-15 09:00:00,0.0,0.0,0.0,0.0,0.0,0.0,0.0
315_STEAM_1,THERMAL,2020-07-15 09:00:00,0.0,0.0,0.0,0.0,0.0,0.0,0.0
315_STEAM_2,THERMAL,2020-07-15 09:00:00,0.0,0.0,0.0,0.0,0.0,0.0,0.0
315_STEAM_3,THERMAL,2020-07-15 09:00:00,0.0,0.0,0.0,0.0,0.0,0.0,0.0
315_STEAM_4,THERMAL,2020-07-15 09:00:00,0.0,0.0,0.0,0.0,0.0,0.0,0.0
315_STEAM_5,THERMAL,2020-07-15 09:00:00,0.0,0.0,0.0,0.0,0.0,0.0,0.0
316_STEAM_1,THERMAL,2020-07-15 09:00:00,-0.2419026827728094,0.2419026827728094,0.12095134174182624,-0.060467843410215605,-0.06047782689464265,-0.0604770953342566,-0.06047991713369456
317_WIND_1,WIND,2020-07-15 09:00:00,1.0,1.0,1.0,0.0,0.0,0.0,1.0
318_CC_1,THERMAL,2020-07-15 09:00:00,-1.3322676295501878e-15,2.220446049250313e-15,1.831026719408895e-15,0.0,4.440892098500626e-16,-1.7763568394002505e-15,0.0
321_CC_1,THERMAL,2020-07-15 09:00:00,-0.19507604444243848,0.19507604444243848,0.09753802251558516,-0.048762520215855254,-0.04877068872444834,-0.04877074924424285,-0.048772086257892026
322_CT_5,THERMAL,2020-07-15 09:00:00,0.0,0.0,0.0,0.0,0.0,0.0,0.0
322_CT_6,THERMAL,2020-07-15 09:00:00,0.0,0.0,0.0,0.0,0.0,0.0,0.0
323_CC_1,THERMAL,2020-07-15 09:00:00,1.291713883864441,1.291713883864441,0.9498397191032482,0.06905052518287347,0.07574566221375534,0.9154968654033357,0.23142083106447658
323_CC_2,THERMAL,2020-07-15 09:00:00,0.13651323305506097,1.253437205691816,0.6998432318482786,0.2881213554664841,0.28127874708107203,-0.5584619863183775,0.12557511682588235
101_CT_1,THERMAL,2020-07-15 10:00:00,0.0,0.0,0.0,0.0,0.0,0.0,0.0
101_CT_2,THERMAL,2020-07-15 10:00:00,0.0,0.0,0.0,0.0,0.0,0.0,0.0
101_STEAM_3,THERMAL,2020-07-15 10:00:00,-0.22217501291342928,0.37713187365824735,0.269661862408301,-0.005095901817075421,-0.039328383909805975,-0.2552291575589569,0.07747843037240902
101_STEAM_4,THERMAL,2020-07-15 10:00:00,0.01406298557421154,0.3924494144482172,0.2458350542546796,-0.04721688892490833,-0.012619858194850453,0.20325620001121436,-0.12935646731724404
102_CT_1,THERMAL,2020-07-15 10:00:00,0.0,0.0,0.0,0.0,0.0,0.0,0.0
102_CT_2,THERMAL,2020-07-15 10:00:00,0.0,0.0,0.0,0.0,0.0,0.0,0.0
102_STEAM_3,THERMAL,2020-07-15 10:00:00,-0.20915021315079613,0.20915021315079613,0.10457510688083192,-0.05228078288744953,-0.052289474157269034,-0.05228883907965454,-0.052291117026423035
102_STEAM_4,THERMAL,2020-07-15 10:00:00,-0.2667990813366331,0.2667990813366331,0.13339954105762508,-0.06669114853824953,-0.0667022758254201,-0.06670132022330666,-0.0667043367496568
107_CC_1,THERMAL,2020-07-15 10:00:00,-0.24704155709362902,0.24704155709362902,0.1235207789043619,-0.06175246705099191,-0.061762775373292556,-0.061761649080640524,-0.06176466558870402
113_CT_1,THERMAL,2020-07-15 10:00:00,-1.1457501614131615e-13,1.1457501614131615e-13,1.1457501614131615e-13,0.0,0.0,-1.1457501614131615e-13,0.0
113_CT_2,THERMAL,2020-07-15 10:00:00,0.0,0.0,0.0,0.0,0.0,0.0,0.0
113_CT_3,THERMAL,2020-07-15 10:00:00,0.0,0.0,0.0,0.0,0.0,0.0,0.0
113_CT_4,THERMAL,2020-07-15 10:00:00,0.0,0.0,0.0,0.0,0.0,0.0,0.0
115_STEAM_1,THERMAL,2020-07-15 10:00:00,0.0,0.0,0.0,0.0,0.0,0.0,0.0
115_STEAM_2,THERMAL,2020-07-15 10:00:00,0.0,0.0,0.0,0.0,0.0,0.0,0.0
115_STEAM_3,THERMAL,2020-07-15 10:00:00,-0.2867776412188328,0.2867776412188328,0.14338882102588574,-0.07168516067128006,-0.07169708646420281,-0.07169609840682334,-0.07169929567652662
116_STEAM_1,THERMAL,2020-07-15 10:00:00,-0.2774220942021555,0.2774220942021555,0.13871104750864777,-0.06934653015910164,-0.06935797961362544,-0.0693572450798392,-0.06936033934958924
118_CC_1,THERMAL,2020-07-15 10:00:00,-0.2651887467094604,0.2651887467094604,0.13259437374141253,-0.0662886484486438,-0.0662997316572298,-0.06629856991829897,-0.06630179668528786
122_WIND_1,WIND,2020-07-15 10:00:00,1.0,1.0,1.0,1.0,0.0,0.0,0.0
123_CT_1,THERMAL,2020-07-15 10:00:00,0.0,0.0,0.0,0.0,0.0,0.0,0.0
123_CT_4,THERMAL,2020-07-15 10:00:00,0.0,0.0,0.0,0.0,0.0,0.0,0.0
123_CT_5,THERMAL,2020-07-15 10:00:00,0.0,0.0,0.0,0.0,0.0,0.0,0.0
123_STEAM_2,THERMAL,2020-07-15 10:00:00,-0.2481644330625144,0.2481644330625144,0.12408221689191315,-0.06203308162744192,-0.06204342863431389,-0.062042655606875385,-0.062045267193883195
123_STEAM_3,THERMAL,2020-07-15 10:00:00,-0.2609008854467396,0.2609008854467396,0.1304504431047976,-0.06521675996151055,-0.06522751941162408,-0.06522695302329495,-0.06522965305031003
201_CT_1,THERMAL,2020-07-15 10:00:00,0.0,0.0,0.0,0.0,0.0,0.0,0.0
201_CT_2,THERMAL,2020-07-15 10:00:00,0.0,0.0,0.0,0.0,0.0,0.0,0.0
201_STEAM_3,THERMAL,2020-07-15 10:00:00,-0.2701110614227488,0.2701110614227488,0.13505553111374222,-0.06751895183051876,-0.06753025598732432,-0.0675293755068056,-0.06753247809810015
202_CT_1,THERMAL,2020-07-15 10:00:00,0.0,0.0,0.0,0.0,0.0,0.0,0.0
202_CT_2,THERMAL,2020-07-15 10:00:00,0.0,0.0,0.0,0.0,0.0,0.0,0.0
202_STEAM_3,THERMAL,2020-07-15 10:00:00,-0.2497100269954758,0.2497100269954758,0.12485501386647899,-0.06241938865474944,-0.06242973104688532,-0.06242906458633346,-0.062431842707507575
202_STEAM_4,THERMAL,2020-07-15 10:00:00,-0.261779972730458,0.261779972730458,0.13088998675377767,-0.06543646966652267,-0.06544740731156184,-0.06544653565766012,-0.06544956009471338
207_CT_1,THERMAL,2020-07-15 10:00:00,0.0,0.0,0.0,0.0,0.0,0.0,0.0
207_CT_2,THERMAL,2020-07-15 10:00:00,0.0,0.0,0.0,0.0,0.0,0.0,0.0
212_CSP_1,THERMAL,2020-07-15 10:00:00,-0.24821081774953518,0.24821081774953518,0.12410540923171381,-0.062044780964746415,-0.06205518586084935,-0.06205386804668578,-0.06205698287725365
213_CC_3,THERMAL,2020-07-15 10:00:00,-0.2479894180204878,0.2479894180204878,0.12399470938467004,-0.0619891798302179,-0.061999489817480935,-0.06199910298617439,-0.06200164538661458
213_CT_1,THERMAL,2020-07-15 10:00:00,0.0,0.0,0.0,0.0,0.0,0.0,0.0
213_CT_2,THERMAL,2020-07-15 10:00:00,0.0,0.0,0.0,0.0,0.0,0.0,0.0
215_CT_4,THERMAL,2020-07-15 10:00:00,0.0,0.0,0.0,0.0,0.0,0.0,0.0
215_CT_5,THERMAL,2020-07-15 10:00:00,0.0,0.0,0.0,0.0,0.0,0.0,0.0
216_STEAM_1,THERMAL,2020-07-15 10:00:00,-0.3348498915814123,0.3348498915814123,0.16742494630275026,-0.08370128620572004,-0.08371509987476244,-0.08371557365321358,-0.08371793184771627
218_CC_1,THERMAL,2020-07-15 10:00:00,-0.2771477852283931,0.2771477852283931,0.1385738930128872,-0.06927808013119385,-0.06928957288609094,-0.0692884044876223,-0.06929172772348603
221_CC_1,THERMAL,2020-07-15 10:00:00,-0.2503846949418652,0.2503846949418652,0.12519234783916794,-0.06258803115351697,-0.06259840887666268,-0.06259781328839509,-0.06260044162329045
223_CT_4,THERMAL,2020-07-15 10:00:00,0.0,0.0,0.0,0.0,0.0,0.0,0.0
223_CT_5,THERMAL,2020-07-15 10:00:00,0.0,0.0,0.0,0.0,0.0,0.0,0.0
223_CT_6,THERMAL,2020-07-15 10:00:00,0.0,0.0,0.0,0.0,0.0,0.0,0.0
223_STEAM_1,THERMAL,2020-07-15 10:00:00,-0.3165724088058354,0.3165724088058354,0.15828620487326636,-0.07913275193799607,-0.07914581798516096,-0.07914529874198628,-0.07914854014069211
223_STEAM_2,THERMAL,2020-07-15 10:00:00,-0.29150311631697995,0.29150311631697995,0.14575155858830335,-0.07286632373550694,-0.07287847932942171,-0.072877456417757,-0.07288085683429431
223_STEAM_3,THERMAL,2020-07-15 10:00:00,-0.28931393811900896,0.28931393811900896,0.1446569694852639,-0.07231906065011007,-0.0723310686348606,-0.07233043816641782,-0.07233337066762044
301_CT_1,THERMAL,2020-07-15 10:00:00,0.0,0.0,0.0,0.0,0.0,0.0,0.0
301_CT_2,THERMAL,2020-07-15 10:00:00,0.0,0.0,0.0,0.0,0.0,0.0,0.0
301_CT_3,THERMAL,2020-07-15 10:00:00,0.0,0.0,0.0,0.0,0.0,0.0,0.0
301_CT_4,THERMAL,2020-07-15 10:00:00,0.0,0.0,0.0,0.0,0.0,0.0,0.0
302_CT_1,THERMAL,2020-07-15 10:00:00,0.0,0.0,0.0,0.0,0.0,0.0,0.0
302_CT_2,THERMAL,2020-07-15 10:00:00,0.0,0.0,0.0,0.0,0.0,0.0,0.0
302_CT_3,THERMAL,2020-07-15 10:00:00,0.0,0.0,0.0,0.0,0.0,0.0,0.0
302_CT_4,THERMAL,2020-07-15 10:00:00,0.0,0.0,0.0,0.0,0.0,0.0,0.0
303_WIND_1,WIND,2020-07-15 10:00:00,1.0,1.0,1.0,0.0,1.0,0.0,0.0
307_CT_1,THERMAL,2020-07-15 10:00:00,0.0,0.0,0.0,0.0,0.0,0.0,0.0
307_CT_2,THERMAL,2020-07-15 10:00:00,0.0,0.0,0.0,0.0,0.0,0.0,0.0
309_WIND_1,WIND,2020-07-15 10:00:00,1.0,1.0,1.0,0.0,0.0,1.0,0.0
313_CC_1,THERMAL,2020-07-15 10:00:00,-0.29129749855020687,0.29129749855020687,0.14564874970117092,-0.07281497601877085,-0.07282708070174682,-0.07282598016375275,-0.07282946166593647
315_CT_6,THERMAL,2020-07-15 10:00:00,0.0,0.0,0.0,0.0,0.0,0.0,0.0
315_CT_7,THERMAL,2020-07-15 10:00:00,0.0,0.0,0.0,0.0,0.0,0.0,0.0
315_CT_8,THERMAL,2020-07-15 10:00:00,0.0,0.0,0.0,0.0,0.0,0.0,0.0
315_STEAM_1,THERMAL,2020-07-15 10:00:00,0.0,0.0,0.0,0.0,0.0,0.0,0.0
315_STEAM_2,THERMAL,2020-07-15 10:00:00,0.0,0.0,0.0,0.0,0.0,0.0,0.0
315_STEAM_3,THERMAL,2020-07-15 10:00:00,0.0,0.0,0.0,0.0,0.0,0.0,0.0
315_STEAM_4,THERMAL,2020-07-15 10:00:00,0.0,0.0,0.0,0.0,0.0,0.0,0.0
315_STEAM_5,THERMAL,2020-07-15 10:00:00,0.0,0.0,0.0,0.0,0.0,0.0,0.0
316_STEAM_1,THERMAL,2020-07-15 10:00:00,-0.2768666097485529,0.2768666097485529,0.13843330528089742,-0.06920770583942115,-0.06921934939932362,-0.06921808379932592,-0.06922147071048221
317_WIND_1,WIND,2020-07-15 10:00:00,1.0,1.0,1.0,0.0,0.0,0.0,1.0
318_CC_1,THERMAL,2020-07-15 10:00:00,8.881784197001252e-16,8.881784197001252e-16,8.881784197001252e-16,0.0,8.881784197001252e-16,0.0,0.0
321_CC_1,THERMAL,2020-07-15 10:00:00,-0.2649278941622663,0.2649278941622663,0.13246394747963136,-0.06622339084392159,-0.0662348243001647,-0.06623292166814565,-0.06623675735003436
322_CT_5,THERMAL,2020-07-15 10:00:00,0.0,0.0,0.0,0.0,0.0,0.0,0.0
322_CT_6,THERMAL,2020-07-15 10:00:00,0.0,0.0,0.0,0.0,0.0,0.0,0.0
323_CC_1,THERMAL,2020-07-15 10:00:00,0.5535293022650891,1.3832478484498822,0.7529231485945208,0.23605979885301487,0.5544568524348756,-0.41485927309239656,0.1778719240695952
323_CC_2,THERMAL,2020-07-15 10:00:00,1.5866925116682025,1.6255456460301032,1.0581485179325876,0.2990879486965534,-0.01942656718095037,0.9498954782291591,0.35713565192344027
101_CT_1,THERMAL,2020-07-15 11:00:00,0.0,0.0,0.0,0.0,0.0,0.0,0.0
101_CT_2,THERMAL,2020-07-15 11:00:00,0.0,0.0,0.0,0.0,0.0,0.0,0.0
101_STEAM_3,THERMAL,2020-07-15 11:00:00,-0.3214678381990345,0.3214678381990345,0.1984809239601796,-0.04727667755768705,-0.17171948336888,-0.08603375269154512,-0.016437924580922376
101_STEAM_4,THERMAL,2020-07-15 11:00:00,0.27108631190029175,0.27108631190029175,0.17872121865662338,0.0344908470609937,0.1591780297426033,0.0734742226209848,0.003943212475709935
102_CT_1,THERMAL,2020-07-15 11:00:00,0.0,0.0,0.0,0.0,0.0,0.0,0.0
102_CT_2,THERMAL,2020-07-15 11:00:00,0.0,0.0,0.0,0.0,0.0,0.0,0.0
102_STEAM_3,THERMAL,2020-07-15 11:00:00,-0.1307298856491752,0.1307298856491752,0.06536494290187576,-0.03267974668081819,-0.032683284996557926,-0.03268311751128561,-0.032683736460513486
102_STEAM_4,THERMAL,2020-07-15 11:00:00,-0.11625699885841903,0.11625699885841903,0.05812849951198029,-0.029062067496753774,-0.029065517605676217,-0.029063516276640833,-0.02906589747934821
107_CC_1,THERMAL,2020-07-15 11:00:00,-0.19347216473737114,0.19347216473737114,0.09673608248350354,-0.04836399901063748,-0.048369199801427065,-0.04836904990888158,-0.04836991601642501
113_CT_1,THERMAL,2020-07-15 11:00:00,-1.1812772982011666e-13,1.1812772982011666e-13,1.1812772982011666e-13,0.0,0.0,-1.1812772982011666e-13,0.0
113_CT_2,THERMAL,2020-07-15 11:00:00,0.0,0.0,0.0,0.0,0.0,0.0,0.0
113_CT_3,THERMAL,2020-07-15 11:00:00,0.0,0.0,0.0,0.0,0.0,0.0,0.0
113_CT_4,THERMAL,2020-07-15 11:00:00,0.0,0.0,0.0,0.0,0.0,0.0,0.0
115_STEAM_1,THERMAL,2020-07-15 11:00:00,0.0,0.0,0.0,0.0,0.0,0.0,0.0
115_STEAM_2,THERMAL,2020-07-15 11:00:00,0.0,0.0,0.0,0.0,0.0,0.0,0.0
115_STEAM_3,THERMAL,2020-07-15 11:00:00,-0.16611638117401611,0.16611638117401611,0.08305819068774618,-0.04152558791419714,-0.04153000750487923,-0.04153005158215883,-0.04153073417278091
116_STEAM_1,THERMAL,2020-07-15 11:00:00,-0.13966512374744022,0.13966512374744022,0.06983256195626135,-0.03491337047205878,-0.03491713082404768,-0.03491698562729262,-0.034917636824041136
118_CC_1,THERMAL,2020-07-15 11:00:00,-0.13398615712605366,0.13398615712605366,0.06699307864840641,-0.033493635575697844,-0.03349715183295743,-0.033497620595564825,-0.03349774912183358
122_WIND_1,WIND,2020-07-15 11:00:00,1.0,1.0,1.0,1.0,0.0,0.0,0.0
123_CT_1,THERMAL,2020-07-15 11:00:00,0.0,0.0,0.0,0.0,0.0,0.0,0.0
123_CT_4,THERMAL,2020-07-15 11:00:00,0.0,0.0,0.0,0.0,0.0,0.0,0.0
123_CT_5,THERMAL,2020-07-15 11:00:00,0.0,0.0,0.0,0.0,0.0,0.0,0.0
123_STEAM_2,THERMAL,2020-07-15 11:00:00,-0.14471135890088146,0.14471135890088146,0.07235567954452088,-0.036174687620453616,-0.03617839780129728,-0.03617917388710268,-0.03617909959202789
123_STEAM_3,THERMAL,2020-07-15 11:00:00,-0.15105392661045647,0.15105392661045647,0.07552696339539038,-0.037760327893698875,-0.037764431339390114,-0.03776416999956922,-0.037764997377798266
201_CT_1,THERMAL,2020-07-15 11:00:00,0.0,0.0,0.0,0.0,0.0,0.0,0.0
201_CT_2,THERMAL,2020-07-15 11:00:00,0.0,0.0,0.0,0.0,0.0,0.0,0.0
201_STEAM_3,THERMAL,2020-07-15 11:00:00,-0.14267715055404612,0.14267715055404612,0.07133857536435022,-0.035666251030928686,-0.0356700151709044,-0.03567029488868023,-0.03567058946353279
202_CT_1,THERMAL,2020-07-15 11:00:00,0.0,0.0,0.0,0.0,0.0,0.0,0.0
202_CT_2,THERMAL,2020-07-15 11:00:00,0.0,0.0,0.0,0.0,0.0,0.0,0.0
202_STEAM_3,THERMAL,2020-07-15 11:00:00,-0.1452134182587274,0.1452134182587274,0.07260670921626963,-0.03630032058991073,-0.036304269260271305,-0.03630400642636289,-0.036304821982182475
202_STEAM_4,THERMAL,2020-07-15 11:00:00,-0.14531397158735523,0.14531397158735523,0.07265698588128225,-0.03632546962441907,-0.03632944664678339,-0.03632900857197896,-0.03633004674417381
207_CT_1,THERMAL,2020-07-15 11:00:00,0.0,0.0,0.0,0.0,0.0,0.0,0.0
207_CT_2,THERMAL,2020-07-15 11:00:00,0.0,0.0,0.0,0.0,0.0,0.0,0.0
212_CSP_1,THERMAL,2020-07-15 11:00:00,-0.17767357779745835,0.17767357779745835,0.08883678900317135,-0.044414697800680525,-0.0444194936546074,-0.044419299600090056,-0.044420086742080374
213_CC_3,THERMAL,2020-07-15 11:00:00,-0.11434444789412954,0.11434444789412954,0.05717222436232642,-0.028582526071435854,-0.028584587763766045,-0.02859176899121607,-0.028585565067711562
213_CT_1,THERMAL,2020-07-15 11:00:00,0.0,0.0,0.0,0.0,0.0,0.0,0.0
213_CT_2,THERMAL,2020-07-15 11:00:00,0.0,0.0,0.0,0.0,0.0,0.0,0.0
215_CT_4,THERMAL,2020-07-15 11:00:00,0.0,0.0,0.0,0.0,0.0,0.0,0.0
215_CT_5,THERMAL,2020-07-15 11:00:00,0.0,0.0,0.0,0.0,0.0,0.0,0.0
216_STEAM_1,THERMAL,2020-07-15 11:00:00,-0.1566176218924235,0.1566176218924235,0.0783088110382353,-0.03915116218212522,-0.03915541499886599,-0.03915508670789691,-0.03915595800353537
218_CC_1,THERMAL,2020-07-15 11:00:00,-0.1801212032649404,0.1801212032649404,0.09006060174473075,-0.04502643815785046,-0.045031126447473646,-0.04503176041659174,-0.04503187824302457
221_CC_1,THERMAL,2020-07-15 11:00:00,-0.14319283894467577,0.14319283894467577,0.0715964195967694,-0.0357948024457051,-0.035798289408499606,-0.035800450262076566,-0.035799296828394514
223_CT_4,THERMAL,2020-07-15 11:00:00,0.0,0.0,0.0,0.0,0.0,0.0,0.0
223_CT_5,THERMAL,2020-07-15 11:00:00,0.0,0.0,0.0,0.0,0.0,0.0,0.0
223_CT_6,THERMAL,2020-07-15 11:00:00,0.0,0.0,0.0,0.0,0.0,0.0,0.0
223_STEAM_1,THERMAL,2020-07-15 11:00:00,-0.15548478252176448,0.15548478252176448,0.077742391353106,-0.038867941399356454,-0.0388721114706061,-0.0388720676956229,-0.03887266195617902
223_STEAM_2,THERMAL,2020-07-15 11:00:00,-0.17171511761615252,0.17171511761615252,0.08585756158992387,-0.042920664795351504,-0.0429211202705555,-0.042947361382127625,-0.042925971168117895
223_STEAM_3,THERMAL,2020-07-15 11:00:00,-0.16095419868903194,0.16095419868903194,0.08047709943953911,-0.04023523592354428,-0.04023966252429112,-0.04023907870460519,-0.04024022153659134
301_CT_1,THERMAL,2020-07-15 11:00:00,0.0,0.0,0.0,0.0,0.0,0.0,0.0
301_CT_2,THERMAL,2020-07-15 11:00:00,0.0,0.0,0.0,0.0,0.0,0.0,0.0
301_CT_3,THERMAL,2020-07-15 11:00:00,0.0,0.0,0.0,0.0,0.0,0.0,0.0
301_CT_4,THERMAL,2020-07-15 11:00:00,0.0,0.0,0.0,0.0,0.0,0.0,0.0
302_CT_1,THERMAL,2020-07-15 11:00:00,0.0,0.0,0.0,0.0,0.0,0.0,0.0
302_CT_2,THERMAL,2020-07-15 11:00:00,0.0,0.0,0.0,0.0,0.0,0.0,0.0
302_CT_3,THERMAL,2020-07-15 11:00:00,0.0,0.0,0.0,0.0,0.0,0.0,0.0
302_CT_4,THERMAL,2020-07-15 11:00:00,0.0,0.0,0.0,0.0,0.0,0.0,0.0
303_WIND_1,WIND,2020-07-15 11:00:00,1.0,1.0,1.0,0.0,1.0,0.0,0.0
307_CT_1,THERMAL,2020-07-15 11:00:00,0.0,0.0,0.0,0.0,0.0,0.0,0.0
307_CT_2,THERMAL,2020-07-15 11:00:00,0.0,0.0,0.0,0.0,0.0,0.0,0.0
309_WIND_1,WIND,2020-07-15 11:00:00,1.0,1.0,1.0,0.0,0.0,1.0,0.0
313_CC_1,THERMAL,2020-07-15 11:00:00,-0.15282847931948967,0.15282847931948967,0.07641423975184555,-0.03820389576809147,-0.038207979897975974,-0.038208030637257195,-0.038208573016165044
315_CT_6,THERMAL,2020-07-15 11:00:00,1.1494277751822324e-14,1.1494277751822324e-14,6.642979895389354e-15,4.038436252074007e-15,3.840677775812651e-15,3.615163723935666e-15,0.0
315_CT_7,THERMAL,2020-07-15 11:00:00,0.0,0.0,0.0,0.0,0.0,0.0,0.0
315_CT_8,THERMAL,2020-07-15 11:00:00,-0.08484390887010043,0.08484390887010043,0.04242195843295336,-0.021210482896524205,-0.02122617200825234,-0.02120352742766058,-0.021203726537663316
315_STEAM_1,THERMAL,2020-07-15 11:00:00,0.0,0.0,0.0,0.0,0.0,0.0,0.0
315_STEAM_2,THERMAL,2020-07-15 11:00:00,0.0,0.0,0.0,0.0,0.0,0.0,0.0
315_STEAM_3,THERMAL,2020-07-15 11:00:00,0.0,0.0,0.0,0.0,0.0,0.0,0.0
315_STEAM_4,THERMAL,2020-07-15 11:00:00,0.0,0.0,0.0,0.0,0.0,0.0,0.0
315_STEAM_5,THERMAL,2020-07-15 11:00:00,0.0,0.0,0.0,0.0,0.0,0.0,0.0
316_STEAM_1,THERMAL,2020-07-15 11:00:00,-0.16415271550063165,0.16415271550063165,0.08207635786051781,-0.04103454108600446,-0.04103904934406177,-0.041039195316036725,-0.04103992975452868
317_WIND_1,WIND,2020-07-15 11:00:00,1.0,1.0,1.0,0.0,0.0,0.0,1.0
318_CC_1,THERMAL,2020-07-15 11:00:00,4.440892098500626e-16,3.1086244689504383e-15,2.220446049250313e-15,-1.3322676295501878e-15,1.7763568394002505e-15,0.0,0.0
321_CC_1,THERMAL,2020-07-15 11:00:00,-0.1388694203873184,0.1388694203873184,0.06943471027631541,-0.03471448885906625,-0.034718163564300575,-0.034717887861077656,-0.03471888010287392
322_CT_5,THERMAL,2020-07-15 11:00:00,0.0,0.0,0.0,0.0,0.0,0.0,0.0
322_CT_6,THERMAL,2020-07-15 11:00:00,0.0,0.0,0.0,0.0,0.0,0.0,0.0
323_CC_1,THERMAL,2020-07-15 11:00:00,-0.3701318149425268,0.3701318149425268,0.2228983391239801,-0.09103113275314278,-0.07574330577679245,-0.1882316858817248,-0.015125690530866763
323_CC_2,THERMAL,2020-07-15 11:00:00,-0.1694918088565059,0.2761392613168921,0.150429597586708,-0.04376069545485528,-0.0591932164594704,0.0533237262301931,-0.1198616231723733
101_CT_1,THERMAL,2020-07-15 12:00:00,0.0,0.0,0.0,0.0,0.0,0.0,0.0
101_CT_2,THERMAL,2020-07-15 12:00:00,0.0,0.0,0.0,0.0,0.0,0.0,0.0
101_STEAM_3,THERMAL,2020-07-15 12:00:00,-0.16117276352755508,0.7021230372148781,0.37171710027304355,-0.11103772701697245,0.27047513684366153,-0.18572146461131567,-0.1348887087429285
101_STEAM_4,THERMAL,2020-07-15 12:00:00,0.11874274202125633,0.6808004227203888,0.36765962728317486,0.10023958029395208,-0.2810288403495662,0.17515013815380964,0.12438186392306082
102_CT_1,THERMAL,2020-07-15 12:00:00,0.0,0.0,0.0,0.0,0.0,0.0,0.0
102_CT_2,THERMAL,2020-07-15 12:00:00,0.0,0.0,0.0,0.0,0.0,0.0,0.0
102_STEAM_3,THERMAL,2020-07-15 12:00:00,-0.13386266237592895,0.13386266237592895,0.06693133128110912,-0.033462650960755624,-0.03346626311823986,-0.033466647947615336,-0.03346710034931814
102_STEAM_4,THERMAL,2020-07-15 12:00:00,-0.1304870616536219,0.1304870616536219,0.06524353091517394,-0.03261886936853553,-0.032622374744050386,-0.03262262829258589,-0.032623189248450105
107_CC_1,THERMAL,2020-07-15 12:00:00,-0.18493026880746852,0.18493026880746852,0.09246513453037916,-0.046228443243609085,-0.046233375082165296,-0.04623386289575038,-0.04623458758594375
113_CT_1,THERMAL,2020-07-15 12:00:00,-1.2878587085651816e-13,1.2878587085651816e-13,1.2878587085651816e-13,0.0,0.0,-1.2878587085651816e-13,0.0
113_CT_2,THERMAL,2020-07-15 12:00:00,0.0,0.0,0.0,0.0,0.0,0.0,0.0
113_CT_3,THERMAL,2020-07-15 12:00:00,0.0,0.0,0.0,0.0,0.0,0.0,0.0
113_CT_4,THERMAL,2020-07-15 12:00:00,0.0,0.0,0.0,0.0,0.0,0.0,0.0
115_STEAM_1,THERMAL,2020-07-15 12:00:00,0.0,0.0,0.0,0.0,0.0,0.0,0.0
115_STEAM_2,THERMAL,2020-07-15 12:00:00,0.0,0.0,0.0,0.0,0.0,0.0,0.0
115_STEAM_3,THERMAL,2020-07-15 12:00:00,-0.1547407189473248,0.1547407189473248,0.07737035957837869,-0.03868174567967153,-0.03868590941623218,-0.03868619886101321,-0.03868686499040789
116_STEAM_1,THERMAL,2020-07-15 12:00:00,-0.1555830426151178,0.1555830426151178,0.07779152141314795,-0.038892303302097586,-0.03889647791333406,-0.03889680970912934,-0.038897451690556806
118_CC_1,THERMAL,2020-07-15 12:00:00,-0.13333201439619208,0.13333201439619208,0.06666600729072447,-0.03333000523656393,-0.033333574820671785,-0.033334006983178455,-0.033334427355777914
122_WIND_1,WIND,2020-07-15 12:00:00,1.0,1.0,1.0,1.0,0.0,0.0,0.0
123_CT_1,THERMAL,2020-07-15 12:00:00,0.0,0.0,0.0,0.0,0.0,0.0,0.0
123_CT_4,THERMAL,2020-07-15 12:00:00,0.0,0.0,0.0,0.0,0.0,0.0,0.0
123_CT_5,THERMAL,2020-07-15 12:00:00,0.0,0.0,0.0,0.0,0.0,0.0,0.0
123_STEAM_2,THERMAL,2020-07-15 12:00:00,-0.14742296470602176,0.14742296470602176,0.07371148245417938,-0.03685244740561222,-0.03685639558129594,-0.03685678313589413,-0.03685733858321946
123_STEAM_3,THERMAL,2020-07-15 12:00:00,-0.13797651620195558,0.13797651620195558,0.06898825819837284,-0.03449100587067688,-0.03449466671133372,-0.03449525987758406,-0.03449558374236092
201_CT_1,THERMAL,2020-07-15 12:00:00,0.0,0.0,0.0,0.0,0.0,0.0,0.0
201_CT_2,THERMAL,2020-07-15 12:00:00,0.0,0.0,0.0,0.0,0.0,0.0,0.0
201_STEAM_3,THERMAL,2020-07-15 12:00:00,-0.14946177050192583,0.14946177050192583,0.07473088535328448,-0.03736210701942533,-0.037366119993336167,-0.03736647598096088,-0.03736706750820345
202_CT_1,THERMAL,2020-07-15 12:00:00,0.0,0.0,0.0,0.0,0.0,0.0,0.0
202_CT_2,THERMAL,2020-07-15 12:00:00,0.0,0.0,0.0,0.0,0.0,0.0,0.0
202_STEAM_3,THERMAL,2020-07-15 12:00:00,-0.131573914762056,0.131573914762056,0.06578695747003936,-0.03289055819240794,-0.03289410662824066,-0.03289434209029274,-0.032894907851114645
202_STEAM_4,THERMAL,2020-07-15 12:00:00,-0.13814500142693795,0.13814500142693795,0.06907250080638024,-0.034533193494540426,-0.03453692555465393,-0.034537125939043456,-0.03453775643870014
207_CT_1,THERMAL,2020-07-15 12:00:00,0.0,0.0,0.0,0.0,0.0,0.0,0.0
207_CT_2,THERMAL,2020-07-15 12:00:00,0.0,0.0,0.0,0.0,0.0,0.0,0.0
212_CSP_1,THERMAL,2020-07-15 12:00:00,-0.20367314847772028,0.20367314847772028,0.10183657436924223,-0.05091391421470881,-0.050919450545709566,-0.050919210280078175,-0.050920573437223726
213_CC_3,THERMAL,2020-07-15 12:00:00,-0.15488616184940335,0.15488616184940335,0.07744308101769198,-0.03871837508937137,-0.03872265896037064,-0.03872184367775944,-0.03872328412190189
213_CT_1,THERMAL,2020-07-15 12:00:00,0.0,0.0,0.0,0.0,0.0,0.0,0.0
213_CT_2,THERMAL,2020-07-15 12:00:00,0.0,0.0,0.0,0.0,0.0,0.0,0.0
215_CT_4,THERMAL,2020-07-15 12:00:00,0.0,0.0,0.0,0.0,0.0,0.0,0.0
215_CT_5,THERMAL,2020-07-15 12:00:00,0.0,0.0,0.0,0.0,0.0,0.0,0.0
216_STEAM_1,THERMAL,2020-07-15 12:00:00,-0.17039308431384065,0.17039308431384065,0.0851965422704047,-0.04259452514839057,-0.042599109480153,-0.042599291725204935,-0.04260015796009214
218_CC_1,THERMAL,2020-07-15 12:00:00,-0.14871124739131777,0.14871124739131777,0.07435562379616725,-0.03717451616538314,-0.037178502452757556,-0.037178786475692505,-0.03717944229748457
221_CC_1,THERMAL,2020-07-15 12:00:00,-0.16234802210045526,0.16234802210045526,0.08117401115784208,-0.0405834465213748,-0.040587807761346184,-0.04058795904547097,-0.04058880877226331
223_CT_4,THERMAL,2020-07-15 12:00:00,0.0,0.0,0.0,0.0,0.0,0.0,0.0
223_CT_5,THERMAL,2020-07-15 12:00:00,0.0,0.0,0.0,0.0,0.0,0.0,0.0
223_CT_6,THERMAL,2020-07-15 12:00:00,0.0,0.0,0.0,0.0,0.0,0.0,0.0
223_STEAM_1,THERMAL,2020-07-15 12:00:00,-0.1605573758995104,0.1605573758995104,0.0802786880546718,-0.04013584933716041,-0.04014018153420196,-0.040140224685114134,-0.04014112034303391
223_STEAM_2,THERMAL,2020-07-15 12:00:00,-0.16213257364688666,0.16213257364688666,0.08106628692779545,-0.040529649033699267,-0.040534017127266786,-0.040533948329001035,-0.04053495915691958
223_STEAM_3,THERMAL,2020-07-15 12:00:00,-0.15026665843896908,0.15026665843896908,0.07513332932566116,-0.03756326349773831,-0.03756726620024686,-0.03756783342379677,-0.037568295317187125
301_CT_1,THERMAL,2020-07-15 12:00:00,0.0,0.0,0.0,0.0,0.0,0.0,0.0
301_CT_2,THERMAL,2020-07-15 12:00:00,0.0,0.0,0.0,0.0,0.0,0.0,0.0
301_CT_3,THERMAL,2020-07-15 12:00:00,0.0,0.0,0.0,0.0,0.0,0.0,0.0
301_CT_4,THERMAL,2020-07-15 12:00:00,0.0,0.0,0.0,0.0,0.0,0.0,0.0
302_CT_1,THERMAL,2020-07-15 12:00:00,0.0,0.0,0.0,0.0,0.0,0.0,0.0
302_CT_2,THERMAL,2020-07-15 12:00:00,0.0,0.0,0.0,0.0,0.0,0.0,0.0
302_CT_3,THERMAL,2020-07-15 12:00:00,0.0,0.0,0.0,0.0,0.0,0.0,0.0
302_CT_4,THERMAL,2020-07-15 12:00:00,0.0,0.0,0.0,0.0,0.0,0.0,0.0
303_WIND_1,WIND,2020-07-15 12:00:00,1.0,1.0,1.0,0.0,1.0,0.0,0.0
307_CT_1,THERMAL,2020-07-15 12:00:00,0.0,0.0,0.0,0.0,0.0,0.0,0.0
307_CT_2,THERMAL,2020-07-15 12:00:00,0.0,0.0,0.0,0.0,0.0,0.0,0.0
309_WIND_1,WIND,2020-07-15 12:00:00,1.0,1.0,1.0,0.0,0.0,1.0,0.0
313_CC_1,THERMAL,2020-07-15 12:00:00,-0.16305316989915625,0.16305316989915625,0.08152658506007236,-0.04075967202782538,-0.040764047280536175,-0.04076438388804604,-0.040765066702748654
315_CT_6,THERMAL,2020-07-15 12:00:00,2.060157600070056e-14,2.060157600070056e-14,1.1925076149060712e-14,7.126244039312724e-15,7.299716386910404e-15,6.175615574477433e-15,0.0
315_CT_7,THERMAL,2020-07-15 12:00:00,0.0,0.0,0.0,0.0,0.0,0.0,0.0
315_CT_8,THERMAL,2020-07-15 12:00:00,-0.12895257352597145,0.12895257352597145,0.06447628820571014,-0.03223723868957364,-0.03224751110753907,-0.03222835944169851,-0.03223946428716023
315_STEAM_1,THERMAL,2020-07-15 12:00:00,0.0,0.0,0.0,0.0,0.0,0.0,0.0
315_STEAM_2,THERMAL,2020-07-15 12:00:00,0.0,0.0,0.0,0.0,0.0,0.0,0.0
315_STEAM_3,THERMAL,2020-07-15 12:00:00,0.0,0.0,0.0,0.0,0.0,0.0,0.0
315_STEAM_4,THERMAL,2020-07-15 12:00:00,0.0,0.0,0.0,0.0,0.0,0.0,0.0
315_STEAM_5,THERMAL,2020-07-15 12:00:00,0.0,0.0,0.0,0.0,0.0,0.0,0.0
316_STEAM_1,THERMAL,2020-07-15 12:00:00,-0.15343587825224725,0.15343587825224725,0.07671793923143806,-0.038355542221424566,-0.03835964038238071,-0.03836006222301336,-0.03836063342542862
317_WIND_1,WIND,2020-07-15 12:00:00,1.0,1.0,1.0,0.0,0.0,0.0,1.0
318_CC_1,THERMAL,2020-07-15 12:00:00,-0.12206511860236563,0.12206511860236563,0.06103270537893633,-0.030529326691017822,-0.030605069779882754,-0.0304174460223976,-0.03051327610906746
321_CC_1,THERMAL,2020-07-15 12:00:00,-0.13263397021966525,0.13263397021966525,0.06631698519857213,-0.03315556741721215,-0.03315911873077937,-0.033159343093366545,-0.03315994097830718
322_CT_5,THERMAL,2020-07-15 12:00:00,0.0,0.0,0.0,0.0,0.0,0.0,0.0
322_CT_6,THERMAL,2020-07-15 12:00:00,0.0,0.0,0.0,0.0,0.0,0.0,0.0
323_CC_1,THERMAL,2020-07-15 12:00:00,0.47286776669953123,0.7634928493587142,0.5555867791533344,-0.12303711637925652,-0.022275424950334966,0.5348875144827971,0.08329279354632556
323_CC_2,THERMAL,2020-07-15 12:00:00,-0.8198128261810241,0.8926717840431081,0.6488269938780606,0.03642947893104198,-0.0644003006370859,-0.6217473540014389,-0.17009465047354136
101_CT_1,THERMAL,2020-07-15 13:00:00,2.220446049250313e-16,2.220446049250313e-16,2.220446049250313e-16,0.0,2.220446049250313e-16,0.0,0.0
101_CT_2,THERMAL,2020-07-15 13:00:00,0.0,0.0,0.0,0.0,0.0,0.0,0.0
101_STEAM_3,THERMAL,2020-07-15 13:00:00,-1.8389835724756827,2.4847953995223637,2.0438631469625927,0.04529990487435237,0.27760600864898805,-2.0193946114676216,-0.14249487453140175
101_STEAM_4,THERMAL,2020-07-15 13:00:00,1.759032199694827,2.485067910688977,2.02623335653492,-0.06547764475224233,-0.29754021074483267,1.9994428177599086,0.12260723743199332
102_CT_1,THERMAL,2020-07-15 13:00:00,0.0,0.0,0.0,0.0,0.0,0.0,0.0
102_CT_2,THERMAL,2020-07-15 13:00:00,0.0,0.0,0.0,0.0,0.0,0.0,0.0
102_STEAM_3,THERMAL,2020-07-15 13:00:00,-0.2430794659915703,0.2430794659915703,0.12153973315723371,-0.06076449853327115,-0.06077126319360282,-0.06077130736716363,-0.060772396897532686
102_STEAM_4,THERMAL,2020-07-15 13:00:00,-0.2244917650095367,0.2244917650095367,0.11224588265019295,-0.056118039437278444,-0.05612432475539997,-0.05612419271981928,-0.05612520809703899
107_CC_1,THERMAL,2020-07-15 13:00:00,-0.3576429679817164,0.3576429679817164,0.17882148422749924,-0.08940284391769371,-0.08941267164746947,-0.08941312672693869,-0.08941432568961455
113_CT_1,THERMAL,2020-07-15 13:00:00,-7.37188088351104e-14,4.1300296516055823e-13,2.9665292178527486e-13,0.0,1.6964207816272392e-13,-2.433608869978343e-13,0.0
113_CT_2,THERMAL,2020-07-15 13:00:00,0.0,0.0,0.0,0.0,0.0,0.0,0.0
113_CT_3,THERMAL,2020-07-15 13:00:00,0.0,0.0,0.0,0.0,0.0,0.0,0.0
113_CT_4,THERMAL,2020-07-15 13:00:00,0.0,0.0,0.0,0.0,0.0,0.0,0.0
115_STEAM_1,THERMAL,2020-07-15 13:00:00,0.0,0.0,0.0,0.0,0.0,0.0,0.0
115_STEAM_2,THERMAL,2020-07-15 13:00:00,0.0,0.0,0.0,0.0,0.0,0.0,0.0
115_STEAM_3,THERMAL,2020-07-15 13:00:00,-0.2772974333463042,0.2772974333463042,0.1386487168554019,-0.06931828874304102,-0.06932605336936604,-0.06932575318049672,-0.06932733805340041
116_STEAM_1,THERMAL,2020-07-15 13:00:00,-0.27412241599863946,0.27412241599863946,0.13706120818382925,-0.06852449017109441,-0.0685321112624333,-0.06853250901909647,-0.06853330554601529
118_CC_1,THERMAL,2020-07-15 13:00:00,-0.22115390465147378,0.22115390465147378,0.11057695270225466,-0.05528661388086231,-0.05529190766149483,-0.05528191254601467,-0.055293470563101965
122_WIND_1,WIND,2020-07-15 13:00:00,1.0,1.0,1.0,1.0,0.0,0.0,0.0
123_CT_1,THERMAL,2020-07-15 13:00:00,-6.217248937900877e-14,2.753353101070388e-13,1.995932757225581e-13,0.0,1.0658141036401503e-13,-1.687538997430238e-13,0.0
123_CT_4,THERMAL,2020-07-15 13:00:00,0.0,0.0,0.0,0.0,0.0,0.0,0.0
123_CT_5,THERMAL,2020-07-15 13:00:00,0.0,0.0,0.0,0.0,0.0,0.0,0.0
123_STEAM_2,THERMAL,2020-07-15 13:00:00,-0.24373585506920792,0.24373585506920792,0.12186792769535743,-0.06092860951837098,-0.06093550985071694,-0.06093520755933923,-0.06093652814078075
123_STEAM_3,THERMAL,2020-07-15 13:00:00,-0.29423621037866293,0.29423621037866293,0.14711810538563186,-0.07355251401022045,-0.07356069317494018,-0.07356110229778068,-0.07356190089572161
201_CT_1,THERMAL,2020-07-15 13:00:00,0.0,0.0,0.0,0.0,0.0,0.0,0.0
201_CT_2,THERMAL,2020-07-15 13:00:00,0.0,0.0,0.0,0.0,0.0,0.0,0.0
201_STEAM_3,THERMAL,2020-07-15 13:00:00,-0.270534226979723,0.270534226979723,0.13526711366765357,-0.06762761686817975,-0.06763512746316902,-0.06763510698581321,-0.06763637566256103
202_CT_1,THERMAL,2020-07-15 13:00:00,0.0,0.0,0.0,0.0,0.0,0.0,0.0
202_CT_2,THERMAL,2020-07-15 13:00:00,0.0,0.0,0.0,0.0,0.0,0.0,0.0
202_STEAM_3,THERMAL,2020-07-15 13:00:00,-0.2815877909209002,0.2815877909209002,0.14079389564407754,-0.070390796966211,-0.07039851786254678,-0.07039856020519225,-0.07039991588695017
202_STEAM_4,THERMAL,2020-07-15 13:00:00,-0.2770949704620559,0.2770949704620559,0.13854748541214865,-0.0692676703700554,-0.06927547792469094,-0.06927524039036398,-0.0692765817769456
207_CT_1,THERMAL,2020-07-15 13:00:00,0.0,0.0,0.0,0.0,0.0,0.0,0.0
207_CT_2,THERMAL,2020-07-15 13:00:00,0.0,0.0,0.0,0.0,0.0,0.0,0.0
212_CSP_1,THERMAL,2020-07-15 13:00:00,-0.3099038368979355,0.3099038368979355,0.1549519186521702,-0.07746916563902584,-0.07747791610372445,-0.07747757316056436,-0.07747918199462085
213_CC_3,THERMAL,2020-07-15 13:00:00,-0.19926533676691793,0.19926533676691793,0.09963266851329887,-0.049811988252281836,-0.049817375149423526,-0.04981751744928431,-0.049818455915928254
213_CT_1,THERMAL,2020-07-15 13:00:00,0.0,0.0,0.0,0.0,0.0,0.0,0.0
213_CT_2,THERMAL,2020-07-15 13:00:00,0.0,0.0,0.0,0.0,0.0,0.0,0.0
215_CT_4,THERMAL,2020-07-15 13:00:00,0.0,0.0,0.0,0.0,0.0,0.0,0.0
215_CT_5,THERMAL,2020-07-15 13:00:00,0.0,0.0,0.0,0.0,0.0,0.0,0.0
216_STEAM_1,THERMAL,2020-07-15 13:00:00,-0.28458898298091423,0.28458898298091423,0.1422944916758192,-0.07114104143447975,-0.07114910838102873,-0.07114859073351454,-0.07115024243189122
218_CC_1,THERMAL,2020-07-15 13:00:00,-0.25407655713764,0.25407655713764,0.1270382787391479,-0.06351348837333326,-0.06352062775681944,-0.06352073830930038,-0.06352170269818694
221_CC_1,THERMAL,2020-07-15 13:00:00,-0.1965535885537875,0.1965535885537875,0.09827679440525244,-0.04913410152789055,-0.049139460757455566,-0.049139553285428406,-0.049140472983012974
223_CT_4,THERMAL,2020-07-15 13:00:00,-5.950795411990839e-14,2.779998453661392e-13,2.010287425060586e-13,0.0,1.092459456231154e-13,-1.687538997430238e-13,0.0
223_CT_5,THERMAL,2020-07-15 13:00:00,0.0,0.0,0.0,0.0,0.0,0.0,0.0
223_CT_6,THERMAL,2020-07-15 13:00:00,0.0,0.0,0.0,0.0,0.0,0.0,0.0
223_STEAM_1,THERMAL,2020-07-15 13:00:00,-0.30133064194465053,0.30133064194465053,0.15066532116481132,-0.0753261605152458,-0.07533446253400417,-0.07533415221263817,-0.07533586668276243
223_STEAM_2,THERMAL,2020-07-15 13:00:00,-0.31008755225309015,0.31008755225309015,0.15504377633198382,-0.077515048382198,-0.07752365786530785,-0.07752373790165967,-0.07752510810392464
223_STEAM_3,THERMAL,2020-07-15 13:00:00,-0.3222549710853625,0.3222549710853625,0.1611274857504128,-0.0805567669759526,-0.08056579901142058,-0.08056521470395239,-0.0805671903940369
301_CT_1,THERMAL,2020-07-15 13:00:00,0.0,0.0,0.0,0.0,0.0,0.0,0.0
301_CT_2,THERMAL,2020-07-15 13:00:00,0.0,0.0,0.0,0.0,0.0,0.0,0.0
301_CT_3,THERMAL,2020-07-15 13:00:00,0.0,0.0,0.0,0.0,0.0,0.0,0.0
301_CT_4,THERMAL,2020-07-15 13:00:00,0.0,0.0,0.0,0.0,0.0,0.0,0.0
302_CT_1,THERMAL,2020-07-15 13:00:00,0.0,0.0,0.0,0.0,0.0,0.0,0.0
302_CT_2,THERMAL,2020-07-15 13:00:00,0.0,0.0,0.0,0.0,0.0,0.0,0.0
302_CT_3,THERMAL,2020-07-15 13:00:00,0.0,0.0,0.0,0.0,0.0,0.0,0.0
302_CT_4,THERMAL,2020-07-15 13:00:00,0.0,0.0,0.0,0.0,0.0,0.0,0.0
303_WIND_1,WIND,2020-07-15 13:00:00,1.0,1.0,1.0,0.0,1.0,0.0,0.0
307_CT_1,THERMAL,2020-07-15 13:00:00,0.0,0.0,0.0,0.0,0.0,0.0,0.0
307_CT_2,THERMAL,2020-07-15 13:00:00,0.0,0.0,0.0,0.0,0.0,0.0,0.0
309_WIND_1,WIND,2020-07-15 13:00:00,1.0,1.0,1.0,0.0,0.0,1.0,0.0
313_CC_1,THERMAL,2020-07-15 13:00:00,-0.27992685333880746,0.27992685333880746,0.13996342685514115,-0.06997552382152072,-0.06998337710668778,-0.06998339589556934,-0.0699845565150296
315_CT_6,THERMAL,2020-07-15 13:00:00,-0.17147428042189433,0.17147428042189433,0.08573714032650634,-0.042864756940267465,-0.042869369024089395,-0.042869860334354214,-0.04287029412318325
315_CT_7,THERMAL,2020-07-15 13:00:00,0.0,0.0,0.0,0.0,0.0,0.0,0.0
315_CT_8,THERMAL,2020-07-15 13:00:00,-0.13579393767843376,0.13579393767843376,0.0678969689263842,-0.03394554686304575,-0.033949193972148066,-0.03394926518912048,-0.03394993165411947
315_STEAM_1,THERMAL,2020-07-15 13:00:00,0.0,0.0,0.0,0.0,0.0,0.0,0.0
315_STEAM_2,THERMAL,2020-07-15 13:00:00,0.0,0.0,0.0,0.0,0.0,0.0,0.0
315_STEAM_3,THERMAL,2020-07-15 13:00:00,0.0,0.0,0.0,0.0,0.0,0.0,0.0
315_STEAM_4,THERMAL,2020-07-15 13:00:00,0.0,0.0,0.0,0.0,0.0,0.0,0.0
315_STEAM_5,THERMAL,2020-07-15 13:00:00,0.0,0.0,0.0,0.0,0.0,0.0,0.0
316_STEAM_1,THERMAL,2020-07-15 13:00:00,-0.2728071094866717,0.2728071094866717,0.1364035549177764,-0.06819589713929552,-0.06820370655595553,-0.06820289139969304,-0.06820461439172758
317_WIND_1,WIND,2020-07-15 13:00:00,1.0,1.0,1.0,0.0,0.0,0.0,1.0
318_CC_1,THERMAL,2020-07-15 13:00:00,-0.20711207913569754,0.20711207913569754,0.10355603971942083,-0.051773265713833005,-0.051778691612756944,-0.051779999579778746,-0.05178012222932885
321_CC_1,THERMAL,2020-07-15 13:00:00,-0.2076370035508949,0.2076370035508949,0.10381850191118301,-0.05190470273967662,-0.05191043002508522,-0.05191047031465246,-0.0519114004714806
322_CT_5,THERMAL,2020-07-15 13:00:00,0.0,0.0,0.0,0.0,0.0,0.0,0.0
322_CT_6,THERMAL,2020-07-15 13:00:00,0.0,0.0,0.0,0.0,0.0,0.0,0.0
323_CC_1,THERMAL,2020-07-15 13:00:00,0.6598169235792095,1.6618754496104053,0.8373249752746289,0.37586964173511295,0.41133921740205703,-0.5010292630155979,0.3736373274576374
323_CC_2,THERMAL,2020-07-15 13:00:00,1.8379241872245438,1.8379241872245438,1.1986468696168402,0.24861753487709837,0.21308181871508416,1.1254580361916047,0.25076679744075653
101_CT_1,THERMAL,2020-07-15 14:00:00,1.1102230246251565e-16,1.1102230246251565e-16,1.1102230246251565e-16,0.0,1.1102230246251565e-16,0.0,0.0
101_CT_2,THERMAL,2020-07-15 14:00:00,0.0,0.0,0.0,0.0,0.0,0.0,0.0
101_STEAM_3,THERMAL,2020-07-15 14:00:00,-0.2092275232511986,0.6816174461630502,0.3956836067127398,0.07594092676446654,-0.10887684138634485,-0.3365456433207795,0.1602540346914592
101_STEAM_4,THERMAL,2020-07-15 14:00:00,0.1546631512301302,0.6817972648327243,0.3894026879147084,-0.08977242715630493,0.09528949633180922,0.322940711699618,-0.17379462964499215
102_CT_1,THERMAL,2020-07-15 14:00:00,0.0,0.0,0.0,0.0,0.0,0.0,0.0
102_CT_2,THERMAL,2020-07-15 14:00:00,0.0,0.0,0.0,0.0,0.0,0.0,0.0
102_STEAM_3,THERMAL,2020-07-15 14:00:00,-0.12041986075010923,0.12041986075010923,0.06020993045251862,-0.030102373239471958,-0.030105565863949524,-0.030105595708991295,-0.03010632593769645
102_STEAM_4,THERMAL,2020-07-15 14:00:00,-0.11819137877696234,0.11819137877696234,0.059095689463615,-0.02954532259417264,-0.029548488092639102,-0.02954837145522049,-0.0295491966349301
107_CC_1,THERMAL,2020-07-15 14:00:00,-0.18748452746693486,0.18748452746693486,0.09374226385389706,-0.04686710249016146,-0.046872108273881885,-0.04687205455832455,-0.04687326214456697
113_CT_1,THERMAL,2020-07-15 14:00:00,-4.440892098500626e-16,4.440892098500626e-16,4.440892098500626e-16,0.0,0.0,-4.440892098500626e-16,0.0
113_CT_2,THERMAL,2020-07-15 14:00:00,0.0,0.0,0.0,0.0,0.0,0.0,0.0
113_CT_3,THERMAL,2020-07-15 14:00:00,0.0,0.0,0.0,0.0,0.0,0.0,0.0
113_CT_4,THERMAL,2020-07-15 14:00:00,0.0,0.0,0.0,0.0,0.0,0.0,0.0
115_STEAM_1,THERMAL,2020-07-15 14:00:00,0.0,0.0,0.0,0.0,0.0,0.0,0.0
115_STEAM_2,THERMAL,2020-07-15 14:00:00,0.0,0.0,0.0,0.0,0.0,0.0,0.0
115_STEAM_3,THERMAL,2020-07-15 14:00:00,-0.14394020714683647,0.14394020714683647,0.07197010366986496,-0.035981926142748755,-0.03598546728487939,-0.035986040916272444,-0.03598677280293588
116_STEAM_1,THERMAL,2020-07-15 14:00:00,-0.14508214255766472,0.14508214255766472,0.0725410713724527,-0.03626740747631496,-0.03627123839400026,-0.03627132286121615,-0.03627217382613334
118_CC_1,THERMAL,2020-07-15 14:00:00,-0.11730671935220989,0.11730671935220989,0.05865335975100097,-0.029324185637015443,-0.02932735550687493,-0.029327112286420487,-0.029328065921899026
122_WIND_1,WIND,2020-07-15 14:00:00,1.0,1.0,1.0,1.0,0.0,0.0,0.0
123_CT_1,THERMAL,2020-07-15 14:00:00,-1.6653345369377348e-16,2.7755575615628914e-16,2.2887833992611187e-16,5.551115123125783e-17,-2.220446049250313e-16,0.0,0.0
123_CT_4,THERMAL,2020-07-15 14:00:00,0.0,0.0,0.0,0.0,0.0,0.0,0.0
123_CT_5,THERMAL,2020-07-15 14:00:00,0.0,0.0,0.0,0.0,0.0,0.0,0.0
123_STEAM_2,THERMAL,2020-07-15 14:00:00,-0.13542661383413382,0.13542661383413382,0.0677133070052457,-0.03385371810633564,-0.03385730545092125,-0.033857412057692216,-0.03385817821918472
123_STEAM_3,THERMAL,2020-07-15 14:00:00,-0.16649768575725812,0.16649768575725812,0.08324884298458225,-0.041620872855262725,-0.041625248681313565,-0.0416252070750005,-0.041626357145681324
201_CT_1,THERMAL,2020-07-15 14:00:00,0.0,0.0,0.0,0.0,0.0,0.0,0.0
201_CT_2,THERMAL,2020-07-15 14:00:00,0.0,0.0,0.0,0.0,0.0,0.0,0.0
201_STEAM_3,THERMAL,2020-07-15 14:00:00,-0.13366259135749325,0.13366259135749325,0.06683129576254405,-0.03341286078356265,-0.03341639905062688,-0.03341603479018218,-0.03341729673312156
202_CT_1,THERMAL,2020-07-15 14:00:00,0.0,0.0,0.0,0.0,0.0,0.0,0.0
202_CT_2,THERMAL,2020-07-15 14:00:00,0.0,0.0,0.0,0.0,0.0,0.0,0.0
202_STEAM_3,THERMAL,2020-07-15 14:00:00,-0.13455841450394757,0.13455841450394757,0.06727920733724471,-0.03363673563211411,-0.033640297851632465,-0.033640241094462606,-0.033641139925738375
202_STEAM_4,THERMAL,2020-07-15 14:00:00,-0.12843487132108078,0.12843487132108078,0.06421743574211726,-0.03210597573094098,-0.032109391229305013,-0.03210932499272724,-0.032110179368107554
207_CT_1,THERMAL,2020-07-15 14:00:00,0.0,0.0,0.0,0.0,0.0,0.0,0.0
207_CT_2,THERMAL,2020-07-15 14:00:00,0.0,0.0,0.0,0.0,0.0,0.0,0.0
212_CSP_1,THERMAL,2020-07-15 14:00:00,-0.1982531971461684,0.1982531971461684,0.09912659869909317,-0.049559068720064214,-0.049564533435122016,-0.0495640655108982,-0.04956552948008398
213_CC_3,THERMAL,2020-07-15 14:00:00,-0.12987815743688227,0.12987815743688227,0.06493907880288943,-0.0324667242787422,-0.03247029225338682,-0.03247015203036341,-0.03247098887438985
213_CT_1,THERMAL,2020-07-15 14:00:00,0.0,0.0,0.0,0.0,0.0,0.0,0.0
213_CT_2,THERMAL,2020-07-15 14:00:00,0.0,0.0,0.0,0.0,0.0,0.0,0.0
215_CT_4,THERMAL,2020-07-15 14:00:00,0.0,0.0,0.0,0.0,0.0,0.0,0.0
215_CT_5,THERMAL,2020-07-15 14:00:00,0.0,0.0,0.0,0.0,0.0,0.0,0.0
216_STEAM_1,THERMAL,2020-07-15 14:00:00,-0.1393538888833037,0.1393538888833037,0.06967694453123305,-0.034835473648223925,-0.03483918792305385,-0.034839181178911716,-0.03484004613311419
218_CC_1,THERMAL,2020-07-15 14:00:00,-0.15848202487176075,0.15848202487176075,0.07924101253706708,-0.03961711445063987,-0.03962136933217408,-0.03962122732250961,-0.039622313766437184
221_CC_1,THERMAL,2020-07-15 14:00:00,-0.13006125351772657,0.13006125351772657,0.06503062684282443,-0.03251250025789254,-0.03251602244242768,-0.032515984530167685,-0.03251674628723867
223_CT_4,THERMAL,2020-07-15 14:00:00,0.0,0.0,0.0,0.0,0.0,0.0,0.0
223_CT_5,THERMAL,2020-07-15 14:00:00,0.0,0.0,0.0,0.0,0.0,0.0,0.0
223_CT_6,THERMAL,2020-07-15 14:00:00,0.0,0.0,0.0,0.0,0.0,0.0,0.0
223_STEAM_1,THERMAL,2020-07-15 14:00:00,-0.15991511836595723,0.15991511836595723,0.07995755928573599,-0.0399753371375101,-0.039979567784581865,-0.03997963865763014,-0.03998057478623513
223_STEAM_2,THERMAL,2020-07-15 14:00:00,-0.14773561547987699,0.14773561547987699,0.07386780783456667,-0.0369307198120591,-0.036934791456742305,-0.03693459547228213,-0.03693550873879344
223_STEAM_3,THERMAL,2020-07-15 14:00:00,-0.14734148569192818,0.14734148569192818,0.0736707429394418,-0.036832230169049573,-0.03683616141365231,-0.036836038447134456,-0.03683705566209184
301_CT_1,THERMAL,2020-07-15 14:00:00,0.0,0.0,0.0,0.0,0.0,0.0,0.0
301_CT_2,THERMAL,2020-07-15 14:00:00,0.0,0.0,0.0,0.0,0.0,0.0,0.0
301_CT_3,THERMAL,2020-07-15 14:00:00,0.0,0.0,0.0,0.0,0.0,0.0,0.0
301_CT_4,THERMAL,2020-07-15 14:00:00,0.0,0.0,0.0,0.0,0.0,0.0,0.0
302_CT_1,THERMAL,2020-07-15 14:00:00,0.0,0.0,0.0,0.0,0.0,0.0,0.0
302_CT_2,THERMAL,2020-07-15 14:00:00,0.0,0.0,0.0,0.0,0.0,0.0,0.0
302_CT_3,THERMAL,2020-07-15 14:00:00,0.0,0.0,0.0,0.0,0.0,0.0,0.0
302_CT_4,THERMAL,2020-07-15 14:00:00,0.0,0.0,0.0,0.0,0.0,0.0,0.0
303_WIND_1,WIND,2020-07-15 14:00:00,1.0,1.0,1.0,0.0,1.0,0.0,0.0
307_CT_1,THERMAL,2020-07-15 14:00:00,0.0,0.0,0.0,0.0,0.0,0.0,0.0
307_CT_2,THERMAL,2020-07-15 14:00:00,0.0,0.0,0.0,0.0,0.0,0.0,0.0
309_WIND_1,WIND,2020-07-15 14:00:00,1.0,1.0,1.0,0.0,0.0,1.0,0.0
313_CC_1,THERMAL,2020-07-15 14:00:00,-0.14602034503182668,0.14602034503182668,0.07301017260898895,-0.0365019605969783,-0.036505817279944175,-0.03650582551819781,-0.03650674163670639
315_CT_6,THERMAL,2020-07-15 14:00:00,-0.10400067876058625,0.10400067876058625,0.05200033947345352,-0.025998597156424847,-0.026002747529643138,-0.0259998477391771,-0.025999486335341156
315_CT_7,THERMAL,2020-07-15 14:00:00,0.0,0.0,0.0,0.0,0.0,0.0,0.0
315_CT_8,THERMAL,2020-07-15 14:00:00,-0.11038495308720386,0.11038495308720386,0.05519247666341564,-0.027594626867952204,-0.027599150382525934,-0.02759478085577713,-0.0275963949809486
315_STEAM_1,THERMAL,2020-07-15 14:00:00,0.0,0.0,0.0,0.0,0.0,0.0,0.0
315_STEAM_2,THERMAL,2020-07-15 14:00:00,0.0,0.0,0.0,0.0,0.0,0.0,0.0
315_STEAM_3,THERMAL,2020-07-15 14:00:00,0.0,0.0,0.0,0.0,0.0,0.0,0.0
315_STEAM_4,THERMAL,2020-07-15 14:00:00,0.0,0.0,0.0,0.0,0.0,0.0,0.0
315_STEAM_5,THERMAL,2020-07-15 14:00:00,0.0,0.0,0.0,0.0,0.0,0.0,0.0
316_STEAM_1,THERMAL,2020-07-15 14:00:00,-0.1392611974248667,0.1392611974248667,0.06963059880201415,-0.03481231092460346,-0.03481591475234547,-0.03481606751746469,-0.03481690423045308
317_WIND_1,WIND,2020-07-15 14:00:00,1.0,1.0,1.0,0.0,0.0,0.0,1.0
318_CC_1,THERMAL,2020-07-15 14:00:00,-0.12445671123572187,0.12445671123572187,0.06222835820966803,-0.031115446377886435,-0.03112826225822829,-0.03110803903042836,-0.031104963569178783
321_CC_1,THERMAL,2020-07-15 14:00:00,-0.14767510574367884,0.14767510574367884,0.07383755296815389,-0.036915567828829765,-0.03691945698320254,-0.03691967344937197,-0.03692040748227456
322_CT_5,THERMAL,2020-07-15 14:00:00,-0.10838887627409809,0.10838887627409809,0.05419443820639464,-0.027094896065998575,-0.02709778702515009,-0.027097737925445564,-0.02709845525750386
322_CT_6,THERMAL,2020-07-15 14:00:00,0.0,0.0,0.0,0.0,0.0,0.0,0.0
323_CC_1,THERMAL,2020-07-15 14:00:00,-0.15146464458354342,0.1937844632420131,0.11165376381811241,-0.024096862425058388,-0.08854538739491342,-0.05998230409280645,0.021159909329234828
323_CC_2,THERMAL,2020-07-15 14:00:00,-0.17175736161922509,0.18720268238247556,0.11878009013311074,-0.05659058220214529,0.007722660381625233,-0.02085119130388271,-0.10203824849482232
101_CT_1,THERMAL,2020-07-15 15:00:00,0.0,0.0,0.0,0.0,0.0,0.0,0.0
101_CT_2,THERMAL,2020-07-15 15:00:00,0.0,0.0,0.0,0.0,0.0,0.0,0.0
101_STEAM_3,THERMAL,2020-07-15 15:00:00,-0.0753742065398903,0.1620311303533933,0.11581492176069651,0.015640651849112,-0.007598607057467541,-0.11110406138917427,0.027687810057639504
101_STEAM_4,THERMAL,2020-07-15 15:00:00,0.05221383555239814,0.16221803492661657,0.11262834536744928,-0.021624129155989207,0.0018594221472619,0.10535651309224546,-0.033377970531120016
102_CT_1,THERMAL,2020-07-15 15:00:00,0.0,0.0,0.0,0.0,0.0,0.0,0.0
102_CT_2,THERMAL,2020-07-15 15:00:00,0.0,0.0,0.0,0.0,0.0,0.0,0.0
102_STEAM_3,THERMAL,2020-07-15 15:00:00,-0.032209109187464634,0.032209109187464634,0.016104554617421118,-0.008051535028696433,-0.008052480461222478,-0.008052434063630765,-0.008052659633914959
102_STEAM_4,THERMAL,2020-07-15 15:00:00,-0.035850483882323654,0.035850483882323654,0.01792524196748791,-0.008961797259559534,-0.008962848297634496,-0.008962785393087147,-0.008963052932042477
107_CC_1,THERMAL,2020-07-15 15:00:00,-0.08743595605102984,0.08743595605102984,0.043717978096181165,-0.021856879318830735,-0.021859419887449327,-0.021859570457065658,-0.02186008638768412
113_CT_1,THERMAL,2020-07-15 15:00:00,1.1102230246251565e-16,1.1102230246251565e-16,7.850462293418876e-17,5.551115123125783e-17,5.551115123125783e-17,0.0,0.0
113_CT_2,THERMAL,2020-07-15 15:00:00,0.0,0.0,0.0,0.0,0.0,0.0,0.0
113_CT_3,THERMAL,2020-07-15 15:00:00,0.0,0.0,0.0,0.0,0.0,0.0,0.0
113_CT_4,THERMAL,2020-07-15 15:00:00,0.0,0.0,0.0,0.0,0.0,0.0,0.0
115_STEAM_1,THERMAL,2020-07-15 15:00:00,0.0,0.0,0.0,0.0,0.0,0.0,0.0
115_STEAM_2,THERMAL,2020-07-15 15:00:00,0.0,0.0,0.0,0.0,0.0,0.0,0.0
115_STEAM_3,THERMAL,2020-07-15 15:00:00,-0.03389591930819237,0.03389591930819237,0.016947959679156258,-0.008473201554872634,-0.008474199030020113,-0.008474119009358017,-0.008474399713941608
116_STEAM_1,THERMAL,2020-07-15 15:00:00,-0.031324922015851894,0.031324922015851894,0.015662461032178263,-0.00783049253867274,-0.00783139943172495,-0.007831403957915928,-0.007831626087538275
118_CC_1,THERMAL,2020-07-15 15:00:00,-0.03577778704681235,0.03577778704681235,0.017888893549815623,-0.008943622985390087,-0.008944690922813026,-0.008944597513979247,-0.00894487562462999
122_WIND_1,WIND,2020-07-15 15:00:00,1.0,1.0,1.0,1.0,0.0,0.0,0.0
123_CT_1,THERMAL,2020-07-15 15:00:00,1.7607443281164592e-16,1.7607443281164592e-16,1.239720590273754e-16,1.0148132334464322e-16,7.112366251504909e-17,3.469446951953614e-18,0.0
123_CT_4,THERMAL,2020-07-15 15:00:00,0.0,0.0,0.0,0.0,0.0,0.0,0.0
123_CT_5,THERMAL,2020-07-15 15:00:00,-0.025989432391672,0.025989432391672,0.012994716234559079,-0.006496693325309434,-0.006497114641352235,-0.006498027569234569,-0.006497596855775761
123_STEAM_2,THERMAL,2020-07-15 15:00:00,-0.04018613333713976,0.04018613333713976,0.020093066698447085,-0.010045603037703077,-0.010046797977721345,-0.010046718488164963,-0.010047013833550372
123_STEAM_3,THERMAL,2020-07-15 15:00:00,-0.03758986908352217,0.03758986908352217,0.018794934569265412,-0.009396603921474567,-0.009397712875261366,-0.009397639421437454,-0.009397912865348787
201_CT_1,THERMAL,2020-07-15 15:00:00,0.0,0.0,0.0,0.0,0.0,0.0,0.0
201_CT_2,THERMAL,2020-07-15 15:00:00,0.0,0.0,0.0,0.0,0.0,0.0,0.0
201_STEAM_3,THERMAL,2020-07-15 15:00:00,-0.05630878240688639,0.05630878240688639,0.02815439124525709,-0.014075895374752567,-0.01407756837145685,-0.014077441553192571,-0.014077877107484395
202_CT_1,THERMAL,2020-07-15 15:00:00,2.7755575615628914e-17,2.7755575615628914e-17,2.7755575615628914e-17,2.7755575615628914e-17,0.0,0.0,0.0
202_CT_2,THERMAL,2020-07-15 15:00:00,0.0,0.0,0.0,0.0,0.0,0.0,0.0
202_STEAM_3,THERMAL,2020-07-15 15:00:00,-0.04890572435858409,0.04890572435858409,0.024452862216301868,-0.012225287870870263,-0.01222674565249867,-0.012226671122085142,-0.01222701971313002
202_STEAM_4,THERMAL,2020-07-15 15:00:00,-0.05858253369256633,0.05858253369256633,0.02929126688878327,-0.01464429083868771,-0.014646010839363378,-0.01464591724475145,-0.014646314769763786
207_CT_1,THERMAL,2020-07-15 15:00:00,0.0,0.0,0.0,0.0,0.0,0.0,0.0
207_CT_2,THERMAL,2020-07-15 15:00:00,0.0,0.0,0.0,0.0,0.0,0.0,0.0
212_CSP_1,THERMAL,2020-07-15 15:00:00,-0.07153599299584629,0.07153599299584629,0.03576799654999919,-0.01788235344428979,-0.017884414996123033,-0.01788439758189586,-0.017884826973537604
213_CC_3,THERMAL,2020-07-15 15:00:00,-0.06882871149514208,0.06882871149514208,0.03441435579976746,-0.01720558099660896,-0.0172074847568513,-0.017207581648607473,-0.017208064093074345
213_CT_1,THERMAL,2020-07-15 15:00:00,0.0,0.0,0.0,0.0,0.0,0.0,0.0
213_CT_2,THERMAL,2020-07-15 15:00:00,0.0,0.0,0.0,0.0,0.0,0.0,0.0
215_CT_4,THERMAL,2020-07-15 15:00:00,0.0,0.0,0.0,0.0,0.0,0.0,0.0
215_CT_5,THERMAL,2020-07-15 15:00:00,0.0,0.0,0.0,0.0,0.0,0.0,0.0
216_STEAM_1,THERMAL,2020-07-15 15:00:00,-0.054752711821064115,0.054752711821064115,0.02737635595054601,-0.01368691552487944,-0.01368852075179594,-0.013688469294965255,-0.013688806249423483
218_CC_1,THERMAL,2020-07-15 15:00:00,-0.04907091823547922,0.04907091823547922,0.024535459154200013,-0.012266614116580365,-0.012268017298814327,-0.012267898875550465,-0.012268387944534059
221_CC_1,THERMAL,2020-07-15 15:00:00,-0.04972632935556828,0.04972632935556828,0.024863164715817426,-0.012430440260535747,-0.012431809825545814,-0.012431797846103265,-0.012432281423383457
223_CT_4,THERMAL,2020-07-15 15:00:00,0.0,0.0,0.0,0.0,0.0,0.0,0.0
223_CT_5,THERMAL,2020-07-15 15:00:00,0.0,0.0,0.0,0.0,0.0,0.0,0.0
223_CT_6,THERMAL,2020-07-15 15:00:00,0.0,0.0,0.0,0.0,0.0,0.0,0.0
223_STEAM_1,THERMAL,2020-07-15 15:00:00,-0.07656552144932349,0.07656552144932349,0.038282760780331715,-0.019139620418607183,-0.019141864837885,-0.0191417763609521,-0.019142259831879213
223_STEAM_2,THERMAL,2020-07-15 15:00:00,-0.07810295885736238,0.07810295885736238,0.0390514794866524,-0.019523934799527066,-0.019526242553024202,-0.019526099670031882,-0.01952668183477922
223_STEAM_3,THERMAL,2020-07-15 15:00:00,-0.07164600870193118,0.07164600870193118,0.03582300440654163,-0.01790981865401453,-0.017911966735141727,-0.017911804404235454,-0.017912418908539465
301_CT_1,THERMAL,2020-07-15 15:00:00,0.0,0.0,0.0,0.0,0.0,0.0,0.0
301_CT_2,THERMAL,2020-07-15 15:00:00,0.0,0.0,0.0,0.0,0.0,0.0,0.0
301_CT_3,THERMAL,2020-07-15 15:00:00,0.0,0.0,0.0,0.0,0.0,0.0,0.0
301_CT_4,THERMAL,2020-07-15 15:00:00,0.0,0.0,0.0,0.0,0.0,0.0,0.0
302_CT_1,THERMAL,2020-07-15 15:00:00,0.0,0.0,0.0,0.0,0.0,0.0,0.0
302_CT_2,THERMAL,2020-07-15 15:00:00,0.0,0.0,0.0,0.0,0.0,0.0,0.0
302_CT_3,THERMAL,2020-07-15 15:00:00,0.0,0.0,0.0,0.0,0.0,0.0,0.0
302_CT_4,THERMAL,2020-07-15 15:00:00,0.0,0.0,0.0,0.0,0.0,0.0,0.0
303_WIND_1,WIND,2020-07-15 15:00:00,1.0,1.0,1.0,0.0,1.0,0.0,0.0
307_CT_1,THERMAL,2020-07-15 15:00:00,0.012746272837562569,0.012746272837562569,0.00686279425293433,0.0012275942647640955,0.002907139961248703,0.004479256907394401,0.004132281704155369
307_CT_2,THERMAL,2020-07-15 15:00:00,0.014240364919542557,0.014240364919542557,0.007600341838597634,0.005625633467821081,0.0038113785207645663,0.0022362403281665734,0.002567112602790337
309_WIND_1,WIND,2020-07-15 15:00:00,1.0,1.0,1.0,0.0,0.0,1.0,0.0
313_CC_1,THERMAL,2020-07-15 15:00:00,-0.010662416623114224,0.010662416623114224,0.005331208319478317,-0.002665358591391831,-0.0026656735617562877,-0.00266564850725004,-0.0026657359627160655
315_CT_6,THERMAL,2020-07-15 15:00:00,-0.2141634894179744,0.2141634894179744,0.10708174486573187,-0.053537536951149566,-0.05354313443043313,-0.05353851496677875,-0.05354430306961295
315_CT_7,THERMAL,2020-07-15 15:00:00,0.0,0.0,0.0,0.0,0.0,0.0,0.0
315_CT_8,THERMAL,2020-07-15 15:00:00,-0.2149947296272835,0.2149947296272835,0.10749736520472701,-0.05374380391556958,-0.05374523256576657,-0.05375546378845708,-0.053750229357490256
315_STEAM_1,THERMAL,2020-07-15 15:00:00,0.0,0.0,0.0,0.0,0.0,0.0,0.0
315_STEAM_2,THERMAL,2020-07-15 15:00:00,0.0,0.0,0.0,0.0,0.0,0.0,0.0
315_STEAM_3,THERMAL,2020-07-15 15:00:00,0.0,0.0,0.0,0.0,0.0,0.0,0.0
315_STEAM_4,THERMAL,2020-07-15 15:00:00,0.0,0.0,0.0,0.0,0.0,0.0,0.0
315_STEAM_5,THERMAL,2020-07-15 15:00:00,0.0,0.0,0.0,0.0,0.0,0.0,0.0
316_STEAM_1,THERMAL,2020-07-15 15:00:00,-0.09246550168616692,0.09246550168616692,0.04623275091114016,-0.023114244207866896,-0.02311698331900469,-0.02311680463464061,-0.023117469524654728
317_WIND_1,WIND,2020-07-15 15:00:00,1.0,1.0,1.0,0.0,0.0,0.0,1.0
318_CC_1,THERMAL,2020-07-15 15:00:00,-1.029825464000939,1.029825464000939,0.5149127327272218,-0.25743464481575695,-0.2574637178595983,-0.25745582636336284,-0.2574712749622209
321_CC_1,THERMAL,2020-07-15 15:00:00,-1.1751195773043235,1.1751195773043235,0.5875597894998955,-0.2937547663989284,-0.29378979387239623,-0.29377882453648585,-0.2937961924965131
322_CT_5,THERMAL,2020-07-15 15:00:00,-0.17095712939247568,0.17095712939247568,0.085478564826576,-0.04273526006181469,-0.042740339738060074,-0.04274022162423441,-0.0427413079683665
322_CT_6,THERMAL,2020-07-15 15:00:00,0.0,0.0,0.0,0.0,0.0,0.0,0.0
323_CC_1,THERMAL,2020-07-15 15:00:00,-0.02682346969211212,0.02682346969211212,0.013411734878520782,-0.006705314914091976,-0.006705520113810879,-0.006706458913069835,-0.006706175751139428
323_CC_2,THERMAL,2020-07-15 15:00:00,-0.024528683351442333,0.024528683351442333,0.012264341731455223,-0.006131639299276414,-0.006131627967286937,-0.006133034128121639,-0.006132381956757344
101_CT_1,THERMAL,2020-07-15 16:00:00,0.0,0.0,0.0,0.0,0.0,0.0,0.0
101_CT_2,THERMAL,2020-07-15 16:00:00,0.0,0.0,0.0,0.0,0.0,0.0,0.0
101_STEAM_3,THERMAL,2020-07-15 16:00:00,0.2518571725927636,0.4409615631354697,0.3041175194958109,0.057368308441527294,-0.07158196116069701,0.28904105942258934,-0.022970234110656067
101_STEAM_4,THERMAL,2020-07-15 16:00:00,-0.28153975021706457,0.4351784445363985,0.3063615614656541,-0.0657187683219321,0.06019822097980912,-0.2926403290547994,0.016621126179857827
102_CT_1,THERMAL,2020-07-15 16:00:00,0.0,0.0,0.0,0.0,0.0,0.0,0.0
102_CT_2,THERMAL,2020-07-15 16:00:00,0.0,0.0,0.0,0.0,0.0,0.0,0.0
102_STEAM_3,THERMAL,2020-07-15 16:00:00,-1.46593106853821e-08,1.46593106853821e-08,7.509012443222457e-09,-3.156360728340246e-09,-2.680092314744087e-09,-4.8103971916901855e-09,-4.012460450607581e-09
102_STEAM_4,THERMAL,2020-07-15 16:00:00,-1.320457726835594e-08,1.320457726835594e-08,7.181680010979226e-09,-2.5413761650661115e-09,-1.6778873290768104e-09,-5.476195719111843e-09,-3.509118055101175e-09
107_CC_1,THERMAL,2020-07-15 16:00:00,-6.794036520754576e-08,6.794036520754576e-08,3.9008162126845546e-08,-1.3408998800201744e-08,-5.541243019990816e-09,-3.194871833755997e-08,-1.704140504979323e-08
113_CT_1,THERMAL,2020-07-15 16:00:00,0.0,0.0,0.0,0.0,0.0,0.0,0.0
113_CT_2,THERMAL,2020-07-15 16:00:00,0.0,0.0,0.0,0.0,0.0,0.0,0.0
113_CT_3,THERMAL,2020-07-15 16:00:00,0.0,0.0,0.0,0.0,0.0,0.0,0.0
113_CT_4,THERMAL,2020-07-15 16:00:00,0.0,0.0,0.0,0.0,0.0,0.0,0.0
115_STEAM_1,THERMAL,2020-07-15 16:00:00,0.0,0.0,0.0,0.0,0.0,0.0,0.0
115_STEAM_2,THERMAL,2020-07-15 16:00:00,0.0,0.0,0.0,0.0,0.0,0.0,0.0
115_STEAM_3,THERMAL,2020-07-15 16:00:00,-7.695366614440226e-09,7.695366614440226e-09,4.224667064789385e-09,-2.7288088455534876e-09,-1.3287568823017182e-09,-8.141562979346872e-10,-2.823644588650332e-09
116_STEAM_1,THERMAL,2020-07-15 16:00:00,-9.637137621136053e-09,9.637137621136053e-09,4.941434950301472e-09,-3.0129639894127536e-09,-1.6890712162265231e-09,-2.0743287088009765e-09,-2.860773706695799e-09
118_CC_1,THERMAL,2020-07-15 16:00:00,-1.0228885834447363e-08,1.0723828143806566e-08,6.115147072388382e-09,-3.043100660349296e-09,2.4747115467960157e-10,-4.189211644245461e-09,-3.244044684532208e-09
122_WIND_1,WIND,2020-07-15 16:00:00,1.0,1.0,1.0,1.0,0.0,0.0,0.0
123_CT_1,THERMAL,2020-07-15 16:00:00,1.957275617419005e-16,3.009503388024068e-16,1.8419618062902397e-16,1.3690049324346258e-16,-5.261138853025316e-17,1.1143845702869108e-16,0.0
123_CT_4,THERMAL,2020-07-15 16:00:00,0.0,0.0,0.0,0.0,0.0,0.0,0.0
123_CT_5,THERMAL,2020-07-15 16:00:00,-1.7873131224521918e-08,2.700323888861925e-08,1.4871794331554015e-08,-5.468044043454026e-09,4.565053832048667e-09,-1.2120878634530417e-08,-4.849262378586141e-09
123_STEAM_2,THERMAL,2020-07-15 16:00:00,-1.684996812058817e-08,1.684996812058817e-08,9.181008763991363e-09,-4.197470593325647e-09,-1.9363709524711226e-09,-7.017121106400737e-09,-3.699005468390665e-09
123_STEAM_3,THERMAL,2020-07-15 16:00:00,-1.5153998532431534e-08,1.5153998532431534e-08,8.412486970323785e-09,-2.746473715120601e-09,-1.7996553136612192e-09,-6.668598118153568e-09,-3.939271385496146e-09
201_CT_1,THERMAL,2020-07-15 16:00:00,0.0,0.0,0.0,0.0,0.0,0.0,0.0
201_CT_2,THERMAL,2020-07-15 16:00:00,0.0,0.0,0.0,0.0,0.0,0.0,0.0
201_STEAM_3,THERMAL,2020-07-15 16:00:00,-8.239320705172821e-08,8.239320705172821e-08,4.264663445934434e-08,-1.910405811322846e-08,-1.2650407776870765e-08,-2.7727328655302586e-08,-2.2911412506326393e-08
202_CT_1,THERMAL,2020-07-15 16:00:00,0.0,0.0,0.0,0.0,0.0,0.0,0.0
202_CT_2,THERMAL,2020-07-15 16:00:00,0.0,0.0,0.0,0.0,0.0,0.0,0.0
202_STEAM_3,THERMAL,2020-07-15 16:00:00,-7.9614400877478e-08,7.9614400877478e-08,4.248906387272818e-08,-1.6551192724209115e-08,-1.1374561326128404e-08,-3.159496761290027e-08,-2.0093679214240213e-08
202_STEAM_4,THERMAL,2020-07-15 16:00:00,-9.818381973983117e-08,9.818381973983117e-08,5.139200816710217e-08,-2.2005488901014517e-08,-1.5566238043028872e-08,-3.6538072485772114e-08,-2.4074020310015658e-08
207_CT_1,THERMAL,2020-07-15 16:00:00,0.0,0.0,0.0,0.0,0.0,0.0,0.0
207_CT_2,THERMAL,2020-07-15 16:00:00,0.0,0.0,0.0,0.0,0.0,0.0,0.0
212_CSP_1,THERMAL,2020-07-15 16:00:00,-1.3756695696190952e-07,1.3756695696190952e-07,6.941096314998975e-08,-3.839391493620781e-08,-3.5238612028365424e-08,-2.6571677302911212e-08,-3.736275269442506e-08
213_CC_3,THERMAL,2020-07-15 16:00:00,-2.4036801139574196e-07,2.4036801139574196e-07,1.276431945328454e-07,-5.966914873312135e-08,-2.5908032608157328e-08,-8.376138360688401e-08,-7.102944644757927e-08
213_CT_1,THERMAL,2020-07-15 16:00:00,0.0,0.0,0.0,0.0,0.0,0.0,0.0
213_CT_2,THERMAL,2020-07-15 16:00:00,0.0,0.0,0.0,0.0,0.0,0.0,0.0
215_CT_4,THERMAL,2020-07-15 16:00:00,0.0,0.0,0.0,0.0,0.0,0.0,0.0
215_CT_5,THERMAL,2020-07-15 16:00:00,0.0,0.0,0.0,0.0,0.0,0.0,0.0
216_STEAM_1,THERMAL,2020-07-15 16:00:00,-4.920769498956236e-08,4.920769498956236e-08,2.5702286133959494e-08,-1.1618348949582469e-08,-7.97632759841349e-09,-1.8236833376761297e-08,-1.137618506480511e-08
218_CC_1,THERMAL,2020-07-15 16:00:00,-2.809171094842558e-08,2.809171094842558e-08,1.4313199744490051e-08,-7.888729225413726e-09,-4.9038282323721205e-09,-6.76751721329083e-09,-8.531636277348903e-09
221_CC_1,THERMAL,2020-07-15 16:00:00,-3.250461357466488e-08,3.250461357466488e-08,1.7286832200417856e-08,-1.0645476722359604e-08,-3.439897255930191e-09,-7.788123035368244e-09,-1.0631116561006842e-08
223_CT_4,THERMAL,2020-07-15 16:00:00,0.0,0.0,0.0,0.0,0.0,0.0,0.0
223_CT_5,THERMAL,2020-07-15 16:00:00,0.0,0.0,0.0,0.0,0.0,0.0,0.0
223_CT_6,THERMAL,2020-07-15 16:00:00,0.0,0.0,0.0,0.0,0.0,0.0,0.0
223_STEAM_1,THERMAL,2020-07-15 16:00:00,-1.5532905524889802e-05,1.5532905524889802e-05,7.808352485981496e-06,-4.005670702556218e-06,-3.245662382383377e-06,-4.3626256084143745e-06,-3.918946831535832e-06
223_STEAM_2,THERMAL,2020-07-15 16:00:00,-1.2326524671050133e-05,1.2326524671050133e-05,6.199385041218274e-06,-3.1692352363774442e-06,-2.563630765479227e-06,-3.494253853284066e-06,-3.099404815909396e-06
223_STEAM_3,THERMAL,2020-07-15 16:00:00,-0.8077106701381529,0.8077106701381529,0.4067639253496466,-0.20812400499526418,-0.16409852114599133,-0.2316725156902537,-0.20381562830664368
301_CT_1,THERMAL,2020-07-15 16:00:00,0.0,0.0,0.0,0.0,0.0,0.0,0.0
301_CT_2,THERMAL,2020-07-15 16:00:00,0.0,0.0,0.0,0.0,0.0,0.0,0.0
301_CT_3,THERMAL,2020-07-15 16:00:00,0.0,0.0,0.0,0.0,0.0,0.0,0.0
301_CT_4,THERMAL,2020-07-15 16:00:00,0.0,0.0,0.0,0.0,0.0,0.0,0.0
302_CT_1,THERMAL,2020-07-15 16:00:00,0.0,0.0,0.0,0.0,0.0,0.0,0.0
302_CT_2,THERMAL,2020-07-15 16:00:00,0.0,0.0,0.0,0.0,0.0,0.0,0.0
302_CT_3,THERMAL,2020-07-15 16:00:00,0.0,0.0,0.0,0.0,0.0,0.0,0.0
302_CT_4,THERMAL,2020-07-15 16:00:00,0.0,0.0,0.0,0.0,0.0,0.0,0.0
303_WIND_1,WIND,2020-07-15 16:00:00,1.0,1.0,1.0,0.0,1.0,0.0,0.0
307_CT_1,THERMAL,2020-07-15 16:00:00,0.00513587529124748,0.20770019715520874,0.13479604966475398,-0.017042416551466794,0.10641803622322811,-0.08089206159873415,-0.00334768278177969
307_CT_2,THERMAL,2020-07-15 16:00:00,0.005140053039982518,0.2078764922851759,0.13491030383603553,-0.01705699637612787,0.10650827266257921,-0.08096054447675131,-0.0033506787697175125
309_WIND_1,WIND,2020-07-15 16:00:00,1.0,1.0,1.0,0.0,0.0,1.0,0.0
313_CC_1,THERMAL,2020-07-15 16:00:00,-2.3173212171973848e-09,2.7850479634201367e-09,1.5728894731114048e-09,-7.007252555979449e-10,2.3386337311137595e-10,-1.253995129957275e-09,-5.964642047535409e-10
315_CT_6,THERMAL,2020-07-15 16:00:00,2.7755575615628914e-17,2.7755575615628914e-17,2.7755575615628914e-17,0.0,2.7755575615628914e-17,0.0,0.0
315_CT_7,THERMAL,2020-07-15 16:00:00,0.0,0.0,0.0,0.0,0.0,0.0,0.0
315_CT_8,THERMAL,2020-07-15 16:00:00,0.0,0.0,0.0,0.0,0.0,0.0,0.0
315_STEAM_1,THERMAL,2020-07-15 16:00:00,0.0,0.0,0.0,0.0,0.0,0.0,0.0
315_STEAM_2,THERMAL,2020-07-15 16:00:00,0.0,0.0,0.0,0.0,0.0,0.0,0.0
315_STEAM_3,THERMAL,2020-07-15 16:00:00,0.0,0.0,0.0,0.0,0.0,0.0,0.0
315_STEAM_4,THERMAL,2020-07-15 16:00:00,0.0,0.0,0.0,0.0,0.0,0.0,0.0
315_STEAM_5,THERMAL,2020-07-15 16:00:00,0.0,0.0,0.0,0.0,0.0,0.0,0.0
316_STEAM_1,THERMAL,2020-07-15 16:00:00,-0.7014462985279084,0.7014462985279084,0.3510764896802575,-0.1773410833421447,-0.16309760339382434,-0.18501853991789163,-0.17598907187404778
317_WIND_1,WIND,2020-07-15 16:00:00,1.0,1.0,1.0,0.0,0.0,0.0,1.0
318_CC_1,THERMAL,2020-07-15 16:00:00,-1.2264681476925448,1.2264681476925448,0.6373055162480199,-0.28236087887887096,-0.4420397979740658,-0.2010557428214943,-0.3010117280181137
321_CC_1,THERMAL,2020-07-15 16:00:00,-1.2449394127737001,1.2449394127737001,0.641509013972148,-0.289716745847846,-0.4323007095438608,-0.21679313816439993,-0.3061288192175935
322_CT_5,THERMAL,2020-07-15 16:00:00,0.0,0.0,0.0,0.0,0.0,0.0,0.0
322_CT_6,THERMAL,2020-07-15 16:00:00,0.0,0.0,0.0,0.0,0.0,0.0,0.0
323_CC_1,THERMAL,2020-07-15 16:00:00,-2.304059537315725e-08,2.520762130291796e-08,1.5136567998416263e-08,-5.7017089428363e-09,1.0835129648803529e-09,-1.2798664388621272e-08,-5.623735006580031e-09
323_CC_2,THERMAL,2020-07-15 16:00:00,-1.5612623645824163e-08,1.606672947214993e-08,9.69428765837809e-09,-6.639545297930075e-09,2.2705291316288218e-10,-2.6606210187385854e-09,-6.539510242318386e-09
101_CT_1,THERMAL,2020-07-15 17:00:00,0.0,0.0,0.0,0.0,0.0,0.0,0.0
101_CT_2,THERMAL,2020-07-15 17:00:00,0.0,0.0,0.0,0.0,0.0,0.0,0.0
101_STEAM_3,THERMAL,2020-07-15 17:00:00,0.5529471434387468,0.9687290208787845,0.7750818447561985,-0.08738295956760395,-0.12050797915241493,0.76065358565481,0.00018449650395569383
101_STEAM_4,THERMAL,2020-07-15 17:00:00,-0.5937919679038004,0.9684282947504121,0.7825355794437864,0.07697990861153042,0.11033825481177548,-0.7708148306004644,-0.010295300726641844
102_CT_1,THERMAL,2020-07-15 17:00:00,0.0,0.0,0.0,0.0,0.0,0.0,0.0
102_CT_2,THERMAL,2020-07-15 17:00:00,0.0,0.0,0.0,0.0,0.0,0.0,0.0
102_STEAM_3,THERMAL,2020-07-15 17:00:00,-0.00028313396588631746,0.00028313396588631746,0.00014156761629963838,-7.102018386617726e-05,-7.086715256499065e-05,-7.044305174441767e-05,-7.080357771073188e-05
102_STEAM_4,THERMAL,2020-07-15 17:00:00,-0.0002726023974525016,0.0002726023974525016,0.00013630281434830473,-6.796952057619432e-05,-6.796261613101207e-05,-6.872512681233012e-05,-6.794513393296509e-05
107_CC_1,THERMAL,2020-07-15 17:00:00,-0.000703981187284673,0.000703981187284673,0.000352150649274825,-0.00017610730115480422,-0.00018124250541706743,-0.00016736609174117234,-0.00017926528897162905
113_CT_1,THERMAL,2020-07-15 17:00:00,0.0,0.0,0.0,0.0,0.0,0.0,0.0
113_CT_2,THERMAL,2020-07-15 17:00:00,0.0,0.0,0.0,0.0,0.0,0.0,0.0
113_CT_3,THERMAL,2020-07-15 17:00:00,0.0,0.0,0.0,0.0,0.0,0.0,0.0
113_CT_4,THERMAL,2020-07-15 17:00:00,0.0,0.0,0.0,0.0,0.0,0.0,0.0
115_STEAM_1,THERMAL,2020-07-15 17:00:00,0.0,0.0,0.0,0.0,0.0,0.0,0.0
115_STEAM_2,THERMAL,2020-07-15 17:00:00,0.0,0.0,0.0,0.0,0.0,0.0,0.0
115_STEAM_3,THERMAL,2020-07-15 17:00:00,-0.0001980317445064868,0.0001980317445064868,9.901773178509682e-05,-4.908372158607399e-05,-4.9362226160920564e-05,-4.9744662227180214e-05,-4.984113453231204e-05
116_STEAM_1,THERMAL,2020-07-15 17:00:00,-0.0002232166231432602,0.0002232166231432602,0.00011161610196455019,-5.613435028495317e-05,-5.639920201927495e-05,-5.4690435482118716e-05,-5.5992635356913364e-05
118_CC_1,THERMAL,2020-07-15 17:00:00,-0.00015283097005960405,0.00015283097005960405,7.6425888036052e-05,-3.7765101747133656e-05,-3.781541082470419e-05,-3.9292898292409006e-05,-3.7957559195357204e-05
122_WIND_1,WIND,2020-07-15 17:00:00,1.0,1.0,1.0,1.0,0.0,0.0,0.0
123_CT_1,THERMAL,2020-07-15 17:00:00,0.0,0.0,0.0,0.0,0.0,0.0,0.0
123_CT_4,THERMAL,2020-07-15 17:00:00,0.0,0.0,0.0,0.0,0.0,0.0,0.0
123_CT_5,THERMAL,2020-07-15 17:00:00,0.0,0.0,0.0,0.0,0.0,0.0,0.0
123_STEAM_2,THERMAL,2020-07-15 17:00:00,-0.00030031788342168534,0.00030031788342168534,0.00015017308765620486,-7.488533072019798e-05,-7.591572355958309e-05,-7.347285686609695e-05,-7.604397227580729e-05
123_STEAM_3,THERMAL,2020-07-15 17:00:00,-0.0002932761512482558,0.0002932761512482558,0.00014664559653222972,-7.249753168192541e-05,-7.310446377228885e-05,-7.452559592380226e-05,-7.314855987023929e-05
201_CT_1,THERMAL,2020-07-15 17:00:00,0.0,0.0,0.0,0.0,0.0,0.0,0.0
201_CT_2,THERMAL,2020-07-15 17:00:00,0.0,0.0,0.0,0.0,0.0,0.0,0.0
201_STEAM_3,THERMAL,2020-07-15 17:00:00,-0.0010798173376847236,0.0010798173376847236,0.0005400084912128139,-0.00026807639890069623,-0.0002663929298999945,-0.0002788706340413061,-0.0002664773748427267
202_CT_1,THERMAL,2020-07-15 17:00:00,0.0,0.0,0.0,0.0,0.0,0.0,0.0
202_CT_2,THERMAL,2020-07-15 17:00:00,0.0,0.0,0.0,0.0,0.0,0.0,0.0
202_STEAM_3,THERMAL,2020-07-15 17:00:00,-0.0010672204879416888,0.0010672204879416888,0.0005336134833781263,-0.00026723241454193757,-0.00026782075185293754,-0.00026685892743599977,-0.000265308394110814
202_STEAM_4,THERMAL,2020-07-15 17:00:00,-0.0010660964994158684,0.0010660964994158684,0.000533051486505048,-0.0002669508279517201,-0.00026753851988448583,-0.0002665785899284548,-0.00026502856165120753
207_CT_1,THERMAL,2020-07-15 17:00:00,0.0,0.0,0.0,0.0,0.0,0.0,0.0
207_CT_2,THERMAL,2020-07-15 17:00:00,0.0,0.0,0.0,0.0,0.0,0.0,0.0
212_CSP_1,THERMAL,2020-07-15 17:00:00,-0.002575092855240254,0.002575092855240254,0.0012875657157264432,-0.0006460968253318988,-0.0006456143629314237,-0.000637677890640731,-0.0006457037763362003
213_CC_3,THERMAL,2020-07-15 17:00:00,-0.0021843672086950053,0.0021843672086950053,0.0010922559935412745,-0.0005436616341478739,-0.0005553984758523978,-0.000538072787143129,-0.0005472343115516048
213_CT_1,THERMAL,2020-07-15 17:00:00,0.0,0.0,0.0,0.0,0.0,0.0,0.0
213_CT_2,THERMAL,2020-07-15 17:00:00,0.0,0.0,0.0,0.0,0.0,0.0,0.0
215_CT_4,THERMAL,2020-07-15 17:00:00,0.0,0.0,0.0,0.0,0.0,0.0,0.0
215_CT_5,THERMAL,2020-07-15 17:00:00,0.0,0.0,0.0,0.0,0.0,0.0,0.0
216_STEAM_1,THERMAL,2020-07-15 17:00:00,-0.0007435617263506934,0.0007435617263506934,0.00037182146944285773,-0.0001875217090534509,-0.00018777142274040148,-0.0001811486896410308,-0.00018711990491581017
218_CC_1,THERMAL,2020-07-15 17:00:00,-0.0005822461047341376,0.0005822461047341376,0.00029124909162370075,-0.00014401243983774847,-0.00014229093637774248,-0.0001529054643203409,-0.00014303726419830572
221_CC_1,THERMAL,2020-07-15 17:00:00,-0.0004836748385860653,0.0004836748385860653,0.00024184153014656507,-0.00011971266181198814,-0.00012129496296653386,-0.00012148842277781569,-0.0001211787910297276
223_CT_4,THERMAL,2020-07-15 17:00:00,0.0,0.0,0.0,0.0,0.0,0.0,0.0
223_CT_5,THERMAL,2020-07-15 17:00:00,0.0,0.0,0.0,0.0,0.0,0.0,0.0
223_CT_6,THERMAL,2020-07-15 17:00:00,0.0,0.0,0.0,0.0,0.0,0.0,0.0
223_STEAM_1,THERMAL,2020-07-15 17:00:00,-0.5275025068319111,0.5275025068319111,0.26375126497476387,-0.13185544933845839,-0.13193735437581106,-0.13183230543272062,-0.1318773976849211
223_STEAM_2,THERMAL,2020-07-15 17:00:00,-0.4978289063906024,0.4978289063906024,0.24891446385582627,-0.12443899212234578,-0.12451475567404317,-0.1244164488203494,-0.12445870977386403
223_STEAM_3,THERMAL,2020-07-15 17:00:00,-0.7794576679716162,0.7794576679716162,0.3897288738689921,-0.1948288581909896,-0.1950020009557707,-0.19476007096515602,-0.19486673785969985
301_CT_1,THERMAL,2020-07-15 17:00:00,0.0,0.0,0.0,0.0,0.0,0.0,0.0
301_CT_2,THERMAL,2020-07-15 17:00:00,0.0,0.0,0.0,0.0,0.0,0.0,0.0
301_CT_3,THERMAL,2020-07-15 17:00:00,0.0,0.0,0.0,0.0,0.0,0.0,0.0
301_CT_4,THERMAL,2020-07-15 17:00:00,0.0,0.0,0.0,0.0,0.0,0.0,0.0
302_CT_1,THERMAL,2020-07-15 17:00:00,0.0,0.0,0.0,0.0,0.0,0.0,0.0
302_CT_2,THERMAL,2020-07-15 17:00:00,0.0,0.0,0.0,0.0,0.0,0.0,0.0
302_CT_3,THERMAL,2020-07-15 17:00:00,0.0,0.0,0.0,0.0,0.0,0.0,0.0
302_CT_4,THERMAL,2020-07-15 17:00:00,0.0,0.0,0.0,0.0,0.0,0.0,0.0
303_WIND_1,WIND,2020-07-15 17:00:00,1.0,1.0,1.0,0.0,1.0,0.0,0.0
307_CT_1,THERMAL,2020-07-15 17:00:00,0.23831487014381686,0.23831487014381686,0.11916229632486043,0.059428262221414695,0.060418642297177284,0.05892354921856393,0.05954441640666095
307_CT_2,THERMAL,2020-07-15 17:00:00,0.2383138876495003,0.2383138876495003,0.11916180896459208,0.059427834914267764,0.06041877660013031,0.05892313055980001,0.05954414557530223
309_WIND_1,WIND,2020-07-15 17:00:00,1.0,1.0,1.0,0.0,0.0,1.0,0.0
313_CC_1,THERMAL,2020-07-15 17:00:00,-4.123815471958911e-05,4.123815471958911e-05,2.0621422305621375e-05,-1.048777631451614e-05,-1.0371915189377745e-05,-1.0062543662314738e-05,-1.0315919553380485e-05
315_CT_6,THERMAL,2020-07-15 17:00:00,-5.551115123125783e-17,1.6653345369377348e-16,1.2412670766236366e-16,5.551115123125783e-17,-1.1102230246251565e-16,0.0,0.0
315_CT_7,THERMAL,2020-07-15 17:00:00,0.0,0.0,0.0,0.0,0.0,0.0,0.0
315_CT_8,THERMAL,2020-07-15 17:00:00,0.0,0.0,0.0,0.0,0.0,0.0,0.0
315_STEAM_1,THERMAL,2020-07-15 17:00:00,0.0,0.0,0.0,0.0,0.0,0.0,0.0
315_STEAM_2,THERMAL,2020-07-15 17:00:00,0.0,0.0,0.0,0.0,0.0,0.0,0.0
315_STEAM_3,THERMAL,2020-07-15 17:00:00,0.0,0.0,0.0,0.0,0.0,0.0,0.0
315_STEAM_4,THERMAL,2020-07-15 17:00:00,0.0,0.0,0.0,0.0,0.0,0.0,0.0
315_STEAM_5,THERMAL,2020-07-15 17:00:00,0.0,0.0,0.0,0.0,0.0,0.0,0.0
316_STEAM_1,THERMAL,2020-07-15 17:00:00,-0.6741477434292503,0.6741477434292503,0.3370739809473809,-0.16849200293603572,-0.16875345191252367,-0.16838036126902667,-0.16852192731166427
317_WIND_1,WIND,2020-07-15 17:00:00,1.0,1.0,1.0,0.0,0.0,0.0,1.0
318_CC_1,THERMAL,2020-07-15 17:00:00,-1.322711682160037,1.322711682160037,0.6616492661721698,-0.3278824749486984,-0.3460759705331702,-0.3187252637664413,-0.3300279729117272
321_CC_1,THERMAL,2020-07-15 17:00:00,-1.3398256334866039,1.3398256334866039,0.6699159483352326,-0.3346515201578697,-0.3365623397724873,-0.33372387828384564,-0.33488789527240137
322_CT_5,THERMAL,2020-07-15 17:00:00,0.0,0.0,0.0,0.0,0.0,0.0,0.0
322_CT_6,THERMAL,2020-07-15 17:00:00,0.0,0.0,0.0,0.0,0.0,0.0,0.0
323_CC_1,THERMAL,2020-07-15 17:00:00,0.38127709244720254,0.38127709244720254,0.1909661678443248,0.09387907892399636,0.10400960217860661,0.08844276380530827,0.0949456475392913
323_CC_2,THERMAL,2020-07-15 17:00:00,0.3366638206307544,0.3366638206307544,0.16857274320064078,0.0828763883202496,0.09124574006665748,0.07876205456805005,0.08377963767579724
101_CT_1,THERMAL,2020-07-15 18:00:00,0.0,0.0,0.0,0.0,0.0,0.0,0.0
101_CT_2,THERMAL,2020-07-15 18:00:00,0.0,0.0,0.0,0.0,0.0,0.0,0.0
101_STEAM_3,THERMAL,2020-07-15 18:00:00,0.06244663090420363,0.3615169357148341,0.2290126948934394,-0.053071782290426514,-0.052777727557703,0.2119817833095189,-0.04368564255718574
101_STEAM_4,THERMAL,2020-07-15 18:00:00,-0.11330256184169737,0.31595660715451546,0.22273143981661708,0.042400365373066226,0.02728740494244255,-0.21462958449810643,0.03163925234090028
102_CT_1,THERMAL,2020-07-15 18:00:00,0.0,0.0,0.0,0.0,0.0,0.0,0.0
102_CT_2,THERMAL,2020-07-15 18:00:00,0.0,0.0,0.0,0.0,0.0,0.0,0.0
102_STEAM_3,THERMAL,2020-07-15 18:00:00,-2.1906720480424606e-10,2.0698715404316004e-08,1.2000798328297288e-08,-3.723835129143538e-09,-2.2234730168158023e-09,1.0239824099755879e-08,-4.5115831586007846e-09
102_STEAM_4,THERMAL,2020-07-15 18:00:00,-1.267725467371439e-08,1.267725467371439e-08,7.494346331406018e-09,-1.1889312867552349e-09,-1.2716454556027657e-09,-5.795482760362347e-09,-4.421195170994043e-09
107_CC_1,THERMAL,2020-07-15 18:00:00,-2.6145159931417775e-08,3.5279693949491515e-08,2.4243678981015142e-08,-1.9253993954748694e-09,4.567267009036868e-09,-2.3020286121777644e-08,-5.76674142320213e-09
113_CT_1,THERMAL,2020-07-15 18:00:00,0.0,0.0,0.0,0.0,0.0,0.0,0.0
113_CT_2,THERMAL,2020-07-15 18:00:00,0.0,0.0,0.0,0.0,0.0,0.0,0.0
113_CT_3,THERMAL,2020-07-15 18:00:00,0.0,0.0,0.0,0.0,0.0,0.0,0.0
113_CT_4,THERMAL,2020-07-15 18:00:00,0.0,0.0,0.0,0.0,0.0,0.0,0.0
115_STEAM_1,THERMAL,2020-07-15 18:00:00,0.0,0.0,0.0,0.0,0.0,0.0,0.0
115_STEAM_2,THERMAL,2020-07-15 18:00:00,0.0,0.0,0.0,0.0,0.0,0.0,0.0
115_STEAM_3,THERMAL,2020-07-15 18:00:00,-1.632209507285732e-08,1.986429760414988e-08,1.4899385118248476e-08,-1.5063581493279798e-09,1.77110126564628e-09,-1.4579282670013072e-08,-2.0075555191625466e-09
116_STEAM_1,THERMAL,2020-07-15 18:00:00,-1.0174740864562347e-08,1.0174740864562347e-08,5.902836773223664e-09,-3.820141980526159e-09,-1.9927393068996935e-11,-3.471940956956132e-09,-2.8627305340110585e-09
118_CC_1,THERMAL,2020-07-15 18:00:00,4.416224444368391e-09,1.5304560560637902e-08,1.0043365041517666e-08,-4.340796611046471e-09,9.179919047141993e-10,8.942400597788946e-09,-1.1033714470882838e-09
122_WIND_1,WIND,2020-07-15 18:00:00,1.0,1.0,1.0,1.0,0.0,0.0,0.0
123_CT_1,THERMAL,2020-07-15 18:00:00,0.0,0.0,0.0,0.0,0.0,0.0,0.0
123_CT_4,THERMAL,2020-07-15 18:00:00,0.0,0.0,0.0,0.0,0.0,0.0,0.0
123_CT_5,THERMAL,2020-07-15 18:00:00,0.0,0.0,0.0,0.0,0.0,0.0,0.0
123_STEAM_2,THERMAL,2020-07-15 18:00:00,1.0999080636738488e-08,3.384521475146374e-08,2.35735112023057e-08,-1.9901622572149336e-09,-3.215264388067851e-09,2.2422147694101113e-08,-6.217640412079841e-09
123_STEAM_3,THERMAL,2020-07-15 18:00:00,-2.6642922688187645e-08,2.8983607667361702e-08,2.2607852185105186e-08,-1.0466258970609488e-09,1.1703424895870285e-09,-2.2055786530472687e-08,-4.710852750241036e-09
201_CT_1,THERMAL,2020-07-15 18:00:00,0.0,0.0,0.0,0.0,0.0,0.0,0.0
201_CT_2,THERMAL,2020-07-15 18:00:00,0.0,0.0,0.0,0.0,0.0,0.0,0.0
201_STEAM_3,THERMAL,2020-07-15 18:00:00,-6.077343237284393e-08,1.209482086458027e-07,6.086686365285418e-08,-3.412835247740276e-08,-2.4795991815373952e-08,3.0087388136479376e-08,-3.193647621654661e-08
202_CT_1,THERMAL,2020-07-15 18:00:00,0.0,0.0,0.0,0.0,0.0,0.0,0.0
202_CT_2,THERMAL,2020-07-15 18:00:00,0.0,0.0,0.0,0.0,0.0,0.0,0.0
202_STEAM_3,THERMAL,2020-07-15 18:00:00,-9.633813863718185e-08,9.633813863718185e-08,4.882975299481575e-08,-2.3309705971431978e-08,-2.1807624460809748e-08,-2.0431393393233837e-08,-3.07894148117063e-08
202_STEAM_4,THERMAL,2020-07-15 18:00:00,-9.633813921673597e-08,9.633813921673597e-08,4.8829753261478004e-08,-2.3309706359096598e-08,-2.1807624507199975e-08,-2.0431393538705062e-08,-3.0789414811734336e-08
207_CT_1,THERMAL,2020-07-15 18:00:00,0.0,0.0,0.0,0.0,0.0,0.0,0.0
207_CT_2,THERMAL,2020-07-15 18:00:00,0.0,0.0,0.0,0.0,0.0,0.0,0.0
212_CSP_1,THERMAL,2020-07-15 18:00:00,-3.2694529955190983e-06,3.2694529955190983e-06,1.6364752702886172e-06,-8.343840800506541e-07,-7.557720742568108e-07,-8.575948484690343e-07,-8.217019927425989e-07
213_CC_3,THERMAL,2020-07-15 18:00:00,-0.22768532144468706,0.22768532144468706,0.11384991306903045,-0.05707925478080966,-0.055922355479515184,-0.05771248452173161,-0.0569712266626306
213_CT_1,THERMAL,2020-07-15 18:00:00,0.0,0.0,0.0,0.0,0.0,0.0,0.0
213_CT_2,THERMAL,2020-07-15 18:00:00,0.0,0.0,0.0,0.0,0.0,0.0,0.0
215_CT_4,THERMAL,2020-07-15 18:00:00,0.0,0.0,0.0,0.0,0.0,0.0,0.0
215_CT_5,THERMAL,2020-07-15 18:00:00,0.0,0.0,0.0,0.0,0.0,0.0,0.0
216_STEAM_1,THERMAL,2020-07-15 18:00:00,-7.298769194949152e-08,7.298769194949152e-08,4.144824986210423e-08,-9.955079871559747e-09,-1.0980316988984384e-08,-3.4498624401635425e-08,-1.7553670687311955e-08
218_CC_1,THERMAL,2020-07-15 18:00:00,4.440892098500626e-16,1.3322676295501878e-15,9.930136612989092e-16,-4.440892098500626e-16,8.881784197001252e-16,0.0,0.0
221_CC_1,THERMAL,2020-07-15 18:00:00,-5.3144826887151245e-09,3.2878702040176484e-08,1.759896555890352e-08,-8.839514009650884e-09,2.9283757640996555e-09,1.0853733911631025e-08,-1.0257078354794921e-08
223_CT_4,THERMAL,2020-07-15 18:00:00,0.0,0.0,0.0,0.0,0.0,0.0,0.0
223_CT_5,THERMAL,2020-07-15 18:00:00,0.0,0.0,0.0,0.0,0.0,0.0,0.0
223_CT_6,THERMAL,2020-07-15 18:00:00,0.0,0.0,0.0,0.0,0.0,0.0,0.0
223_STEAM_1,THERMAL,2020-07-15 18:00:00,-0.5787079655182421,0.5787079655182421,0.28936023220749807,-0.14492005380741452,-0.14319578519616658,-0.1458424575884787,-0.1447496689261824
223_STEAM_2,THERMAL,2020-07-15 18:00:00,-0.578715908067307,0.578715908067307,0.2893642488306232,-0.14492211404813954,-0.14319335331627672,-0.14585015617118602,-0.1447502845317047
223_STEAM_3,THERMAL,2020-07-15 18:00:00,-1.301400193687743,1.301400193687743,0.6507005578923275,-0.325204523044627,-0.3259608617111498,-0.3248966196927139,-0.3253381892392524
301_CT_1,THERMAL,2020-07-15 18:00:00,0.0,0.0,0.0,0.0,0.0,0.0,0.0
301_CT_2,THERMAL,2020-07-15 18:00:00,0.0,0.0,0.0,0.0,0.0,0.0,0.0
301_CT_3,THERMAL,2020-07-15 18:00:00,0.0,0.0,0.0,0.0,0.0,0.0,0.0
301_CT_4,THERMAL,2020-07-15 18:00:00,0.0,0.0,0.0,0.0,0.0,0.0,0.0
302_CT_1,THERMAL,2020-07-15 18:00:00,0.0,0.0,0.0,0.0,0.0,0.0,0.0
302_CT_2,THERMAL,2020-07-15 18:00:00,0.0,0.0,0.0,0.0,0.0,0.0,0.0
302_CT_3,THERMAL,2020-07-15 18:00:00,0.0,0.0,0.0,0.0,0.0,0.0,0.0
302_CT_4,THERMAL,2020-07-15 18:00:00,0.0,0.0,0.0,0.0,0.0,0.0,0.0
303_WIND_1,WIND,2020-07-15 18:00:00,1.0,1.0,1.0,0.0,1.0,0.0,0.0
307_CT_1,THERMAL,2020-07-15 18:00:00,0.051918603338695676,0.18067998450060102,0.12391785332832365,-0.0034765292011948723,0.10750280471967381,-0.06090416137975781,0.008796489199974538
307_CT_2,THERMAL,2020-07-15 18:00:00,0.051917314547860006,0.18068198071133817,0.12391904635433604,-0.003475991836171116,0.10750294482460461,-0.06090634124556797,0.008796702804994484
309_WIND_1,WIND,2020-07-15 18:00:00,1.0,1.0,1.0,0.0,0.0,1.0,0.0
313_CC_1,THERMAL,2020-07-15 18:00:00,-3.861486517644041e-09,7.769306363138527e-09,4.987624108518676e-09,-6.537579366749924e-10,1.9539099227472434e-09,-4.492621386020801e-09,-6.690171176954908e-10
315_CT_6,THERMAL,2020-07-15 18:00:00,1.1102230246251565e-16,1.1102230246251565e-16,1.1102230246251565e-16,0.0,1.1102230246251565e-16,0.0,0.0
315_CT_7,THERMAL,2020-07-15 18:00:00,0.0,0.0,0.0,0.0,0.0,0.0,0.0
315_CT_8,THERMAL,2020-07-15 18:00:00,0.0,0.0,0.0,0.0,0.0,0.0,0.0
315_STEAM_1,THERMAL,2020-07-15 18:00:00,0.0,0.0,0.0,0.0,0.0,0.0,0.0
315_STEAM_2,THERMAL,2020-07-15 18:00:00,0.0,0.0,0.0,0.0,0.0,0.0,0.0
315_STEAM_3,THERMAL,2020-07-15 18:00:00,0.0,0.0,0.0,0.0,0.0,0.0,0.0
315_STEAM_4,THERMAL,2020-07-15 18:00:00,0.0,0.0,0.0,0.0,0.0,0.0,0.0
315_STEAM_5,THERMAL,2020-07-15 18:00:00,0.0,0.0,0.0,0.0,0.0,0.0,0.0
316_STEAM_1,THERMAL,2020-07-15 18:00:00,-0.5298201137309001,0.5298201137309001,0.268425830676019,-0.12655933747488524,-0.1662358813994561,-0.106054678436732,-0.13097021641982676
317_WIND_1,WIND,2020-07-15 18:00:00,1.0,1.0,1.0,0.0,0.0,0.0,1.0
318_CC_1,THERMAL,2020-07-15 18:00:00,-0.2859360270712673,1.0180409008727282,0.6975053289593981,0.021271848433347174,-0.6040617234613501,0.34478058846738335,-0.0479267405106477
321_CC_1,THERMAL,2020-07-15 18:00:00,-0.7412203706224584,0.7981570039277744,0.5101685616228561,-0.13766398010762249,-0.4588103394959224,0.028468316652658032,-0.17321436767157147
322_CT_5,THERMAL,2020-07-15 18:00:00,0.0,0.0,0.0,0.0,0.0,0.0,0.0
322_CT_6,THERMAL,2020-07-15 18:00:00,0.0,0.0,0.0,0.0,0.0,0.0,0.0
323_CC_1,THERMAL,2020-07-15 18:00:00,0.0972552177651303,0.6440672900201945,0.4346820213411803,-0.034345692613367895,0.36129099558997185,-0.2390603435141642,0.009370258302690537
323_CC_2,THERMAL,2020-07-15 18:00:00,0.0932543772610662,0.6179042533295437,0.41700466272051917,-0.03295200047929975,0.34657470612580604,-0.229372937554939,0.009004609169498908
101_CT_1,THERMAL,2020-07-15 19:00:00,0.0,0.0,0.0,0.0,0.0,0.0,0.0
101_CT_2,THERMAL,2020-07-15 19:00:00,0.0,0.0,0.0,0.0,0.0,0.0,0.0
101_STEAM_3,THERMAL,2020-07-15 19:00:00,-0.14475934764994164,0.21135517301837473,0.12867414271001046,-0.08792899443670953,0.008045261459641002,-0.09012826589744866,0.02525265122457553
101_STEAM_4,THERMAL,2020-07-15 19:00:00,0.1442699580919219,0.21151906565335726,0.12858097970085441,0.08755905125702405,-0.008425378456201142,0.09033546061561554,-0.02519917532451654
102_CT_1,THERMAL,2020-07-15 19:00:00,0.0,0.0,0.0,0.0,0.0,0.0,0.0
102_CT_2,THERMAL,2020-07-15 19:00:00,0.0,0.0,0.0,0.0,0.0,0.0,0.0
102_STEAM_3,THERMAL,2020-07-15 19:00:00,-0.00421662920626838,0.00421662920626838,0.0021716902027057667,-0.0013118895831575883,-0.0013062559098545035,-0.000724060524742498,-0.0008744231885137904
102_STEAM_4,THERMAL,2020-07-15 19:00:00,-0.003727038096368345,0.003727038096368345,0.0019195701214085596,-0.0011595882574871874,-0.001154681537461344,-0.0006398336646114,-0.0007729346368084135
107_CC_1,THERMAL,2020-07-15 19:00:00,-3.8568129755338684e-07,3.8568129755338684e-07,2.190734155803346e-07,-1.1242990582971402e-07,-1.6652299850150598e-07,-2.2321534842717483e-08,-8.440685837944934e-08
113_CT_1,THERMAL,2020-07-15 19:00:00,0.0,0.0,0.0,0.0,0.0,0.0,0.0
113_CT_2,THERMAL,2020-07-15 19:00:00,0.0,0.0,0.0,0.0,0.0,0.0,0.0
113_CT_3,THERMAL,2020-07-15 19:00:00,0.0,0.0,0.0,0.0,0.0,0.0,0.0
113_CT_4,THERMAL,2020-07-15 19:00:00,0.0,0.0,0.0,0.0,0.0,0.0,0.0
115_STEAM_1,THERMAL,2020-07-15 19:00:00,0.0,0.0,0.0,0.0,0.0,0.0,0.0
115_STEAM_2,THERMAL,2020-07-15 19:00:00,0.0,0.0,0.0,0.0,0.0,0.0,0.0
115_STEAM_3,THERMAL,2020-07-15 19:00:00,-0.46159523458493823,0.46159523458493823,0.2315425907966105,-0.12039842184676719,-0.1273507907046137,-0.10286672535524977,-0.11097929667830755
116_STEAM_1,THERMAL,2020-07-15 19:00:00,-1.649873601363981e-06,1.649873601363981e-06,8.264272823956384e-07,-4.28392526119481e-07,-4.4228692008818626e-07,-3.77926360872749e-07,-4.0126779428356465e-07
118_CC_1,THERMAL,2020-07-15 19:00:00,-0.38900454056750816,0.38900454056750816,0.19992692475286275,-0.10571667659332418,-0.12907255573845378,-0.06606559273371992,-0.08814971550201027
122_WIND_1,WIND,2020-07-15 19:00:00,1.0,1.0,1.0,1.0,0.0,0.0,0.0
123_CT_1,THERMAL,2020-07-15 19:00:00,0.0,0.0,0.0,0.0,0.0,0.0,0.0
123_CT_4,THERMAL,2020-07-15 19:00:00,0.0,0.0,0.0,0.0,0.0,0.0,0.0
123_CT_5,THERMAL,2020-07-15 19:00:00,0.0,0.0,0.0,0.0,0.0,0.0,0.0
123_STEAM_2,THERMAL,2020-07-15 19:00:00,-8.17779038072355e-07,8.17779038072355e-07,4.122675006219837e-07,-2.1147204254390317e-07,-2.43989132231448e-07,-1.7498424087492026e-07,-1.8733362242208365e-07
123_STEAM_3,THERMAL,2020-07-15 19:00:00,-7.102356898059961e-07,7.102356898059961e-07,3.57486693469869e-07,-1.889533252086295e-07,-2.0182251669886853e-07,-1.4681188531540101e-07,-1.7264796258309697e-07
201_CT_1,THERMAL,2020-07-15 19:00:00,0.0,0.0,0.0,0.0,0.0,0.0,0.0
201_CT_2,THERMAL,2020-07-15 19:00:00,0.0,0.0,0.0,0.0,0.0,0.0,0.0
201_STEAM_3,THERMAL,2020-07-15 19:00:00,-2.1765752379106632e-06,2.1765752379106632e-06,1.139187672814021e-06,-6.006872231845151e-07,-7.767096237842885e-07,-3.15024061281477e-07,-4.841543296603828e-07
202_CT_1,THERMAL,2020-07-15 19:00:00,0.0,0.0,0.0,0.0,0.0,0.0,0.0
202_CT_2,THERMAL,2020-07-15 19:00:00,0.0,0.0,0.0,0.0,0.0,0.0,0.0
202_STEAM_3,THERMAL,2020-07-15 19:00:00,-1.609191457980569e-06,1.609191457980569e-06,8.282224336540031e-07,-4.355057078307288e-07,-5.388160953381076e-07,-2.703463247814118e-07,-3.645233300303209e-07
202_STEAM_4,THERMAL,2020-07-15 19:00:00,-1.6091914579881571e-06,1.6091914579881571e-06,8.282224337374977e-07,-4.3550570782886616e-07,-5.388160955886063e-07,-2.7034632453869516e-07,-3.645233300319893e-07
207_CT_1,THERMAL,2020-07-15 19:00:00,0.0,0.0,0.0,0.0,0.0,0.0,0.0
207_CT_2,THERMAL,2020-07-15 19:00:00,0.0,0.0,0.0,0.0,0.0,0.0,0.0
212_CSP_1,THERMAL,2020-07-15 19:00:00,-1.364811082052684e-06,1.364811082052684e-06,6.826692862670771e-07,-3.521944575979319e-07,-3.377357677969428e-07,-3.2746836087227393e-07,-3.4741249578553545e-07
213_CC_3,THERMAL,2020-07-15 19:00:00,-0.34862547769248514,0.9245948328266587,0.5748957307410361,-0.1612917017552149,-0.475318453504357,0.2801813043253478,0.0078033732417389316
213_CT_1,THERMAL,2020-07-15 19:00:00,0.0,0.0,0.0,0.0,0.0,0.0,0.0
213_CT_2,THERMAL,2020-07-15 19:00:00,0.0,0.0,0.0,0.0,0.0,0.0,0.0
215_CT_4,THERMAL,2020-07-15 19:00:00,0.0,0.0,0.0,0.0,0.0,0.0,0.0
215_CT_5,THERMAL,2020-07-15 19:00:00,0.0,0.0,0.0,0.0,0.0,0.0,0.0
216_STEAM_1,THERMAL,2020-07-15 19:00:00,-9.63991405483088e-07,9.63991405483088e-07,4.858517862526956e-07,-2.5181112128791483e-07,-2.835142761670184e-07,-2.004495716079191e-07,-2.282164364202357e-07
218_CC_1,THERMAL,2020-07-15 19:00:00,-6.661338147750939e-16,6.661338147750939e-16,4.965068306494546e-16,-2.220446049250313e-16,-4.440892098500626e-16,0.0,0.0
221_CC_1,THERMAL,2020-07-15 19:00:00,-0.6501134562860853,0.7242106296152693,0.44046020496430466,-0.2056102143536802,-0.37194556079537544,0.03704858666459199,-0.10960626780162169
223_CT_4,THERMAL,2020-07-15 19:00:00,0.0,0.0,0.0,0.0,0.0,0.0,0.0
223_CT_5,THERMAL,2020-07-15 19:00:00,0.0,0.0,0.0,0.0,0.0,0.0,0.0
223_CT_6,THERMAL,2020-07-15 19:00:00,0.0,0.0,0.0,0.0,0.0,0.0,0.0
223_STEAM_1,THERMAL,2020-07-15 19:00:00,-1.3378434743980458e-05,1.3378434743980458e-05,6.812559487763023e-06,-3.574560061853421e-06,-4.254155417033316e-06,-2.5141328928725952e-06,-3.035586372221126e-06
223_STEAM_2,THERMAL,2020-07-15 19:00:00,-1.226669860146805e-05,1.226669860146805e-05,6.286329831247634e-06,-3.3224714740372974e-06,-3.999455874053611e-06,-2.1131521449333663e-06,-2.831619108443775e-06
223_STEAM_3,THERMAL,2020-07-15 19:00:00,-0.32608605746840846,0.32608605746840846,0.16609262374068948,-0.08741478835944827,-0.10327098717972683,-0.06015363611780611,-0.07524664581142726
301_CT_1,THERMAL,2020-07-15 19:00:00,0.0,0.0,0.0,0.0,0.0,0.0,0.0
301_CT_2,THERMAL,2020-07-15 19:00:00,0.0,0.0,0.0,0.0,0.0,0.0,0.0
301_CT_3,THERMAL,2020-07-15 19:00:00,0.0,0.0,0.0,0.0,0.0,0.0,0.0
301_CT_4,THERMAL,2020-07-15 19:00:00,0.0,0.0,0.0,0.0,0.0,0.0,0.0
302_CT_1,THERMAL,2020-07-15 19:00:00,0.0,0.0,0.0,0.0,0.0,0.0,0.0
302_CT_2,THERMAL,2020-07-15 19:00:00,0.0,0.0,0.0,0.0,0.0,0.0,0.0
302_CT_3,THERMAL,2020-07-15 19:00:00,0.0,0.0,0.0,0.0,0.0,0.0,0.0
302_CT_4,THERMAL,2020-07-15 19:00:00,0.0,0.0,0.0,0.0,0.0,0.0,0.0
303_WIND_1,WIND,2020-07-15 19:00:00,1.0,1.0,1.0,0.0,1.0,0.0,0.0
307_CT_1,THERMAL,2020-07-15 19:00:00,0.06827321890215124,0.13057770835850907,0.08694002036308136,0.004698598666645404,0.07960811023472406,-0.03115224472817892,0.015118754728960702
307_CT_2,THERMAL,2020-07-15 19:00:00,0.0682732245217029,0.1305777078976436,0.08694001821419572,0.004698601656170365,0.079608108684701,-0.031152241687970355,0.015118755868801882
309_WIND_1,WIND,2020-07-15 19:00:00,1.0,1.0,1.0,0.0,0.0,1.0,0.0
313_CC_1,THERMAL,2020-07-15 19:00:00,-6.521993510332765e-10,1.8299594626924305e-09,9.574173338147881e-10,-2.898412621021862e-10,-6.049118983497692e-10,5.88880055829577e-10,-3.463262464108981e-10
315_CT_6,THERMAL,2020-07-15 19:00:00,0.0,0.0,0.0,0.0,0.0,0.0,0.0
315_CT_7,THERMAL,2020-07-15 19:00:00,0.0,0.0,0.0,0.0,0.0,0.0,0.0
315_CT_8,THERMAL,2020-07-15 19:00:00,0.0,0.0,0.0,0.0,0.0,0.0,0.0
315_STEAM_1,THERMAL,2020-07-15 19:00:00,0.0,0.0,0.0,0.0,0.0,0.0,0.0
315_STEAM_2,THERMAL,2020-07-15 19:00:00,0.0,0.0,0.0,0.0,0.0,0.0,0.0
315_STEAM_3,THERMAL,2020-07-15 19:00:00,0.0,0.0,0.0,0.0,0.0,0.0,0.0
315_STEAM_4,THERMAL,2020-07-15 19:00:00,0.0,0.0,0.0,0.0,0.0,0.0,0.0
315_STEAM_5,THERMAL,2020-07-15 19:00:00,0.0,0.0,0.0,0.0,0.0,0.0,0.0
316_STEAM_1,THERMAL,2020-07-15 19:00:00,-0.3545384612362588,0.3545384612362588,0.20448815666430553,-0.06863726848669216,-0.16869101079229387,-0.028784283718461534,-0.08842589823881127
317_WIND_1,WIND,2020-07-15 19:00:00,1.0,1.0,1.0,0.0,0.0,0.0,1.0
318_CC_1,THERMAL,2020-07-15 19:00:00,-0.33776613106285513,0.7370901432776794,0.5038334245435837,0.0032227991483899654,-0.4569092729755787,0.19643920695902217,-0.08051886419468858
321_CC_1,THERMAL,2020-07-15 19:00:00,-0.5332289297017195,0.6631151682378463,0.4284083826019251,-0.07093479874281639,-0.3964621963866186,0.0649431192680634,-0.13077505384034796
322_CT_5,THERMAL,2020-07-15 19:00:00,0.0,0.0,0.0,0.0,0.0,0.0,0.0
322_CT_6,THERMAL,2020-07-15 19:00:00,0.0,0.0,0.0,0.0,0.0,0.0,0.0
323_CC_1,THERMAL,2020-07-15 19:00:00,-0.3601411895707286,1.4230103730186567,0.8423995533799837,-0.09405351806260587,0.5314345917239641,-0.6227559282281652,-0.17476633500392172
323_CC_2,THERMAL,2020-07-15 19:00:00,-0.36697697527602846,1.4494226878903202,0.8581197823063457,-0.09571127597691342,0.5412228563071458,-0.6345181328013778,-0.17797042280488304
101_CT_1,THERMAL,2020-07-15 20:00:00,0.0,0.0,0.0,0.0,0.0,0.0,0.0
101_CT_2,THERMAL,2020-07-15 20:00:00,0.0,0.0,0.0,0.0,0.0,0.0,0.0
101_STEAM_3,THERMAL,2020-07-15 20:00:00,0.01263642332552874,0.04079327387911737,0.02489183670020138,-0.014078425276794315,0.002337507048992219,0.019896139434637625,0.004481202118693211
101_STEAM_4,THERMAL,2020-07-15 20:00:00,-0.04304873348096812,0.057624461418590026,0.030966883462886896,0.0072878639688109545,-0.015994141997955378,-0.0226630493132869,-0.011679406138536798
102_CT_1,THERMAL,2020-07-15 20:00:00,0.0,0.0,0.0,0.0,0.0,0.0,0.0
102_CT_2,THERMAL,2020-07-15 20:00:00,0.0,0.0,0.0,0.0,0.0,0.0,0.0
102_STEAM_3,THERMAL,2020-07-15 20:00:00,-1.6366952355244385e-08,1.6366952355244385e-08,8.24114015404407e-09,-4.72533073780923e-09,-3.450601082644056e-09,-3.836103323884288e-09,-4.354917210906812e-09
102_STEAM_4,THERMAL,2020-07-15 20:00:00,-1.4531896880773303e-08,1.4531896880773303e-08,7.29224142317883e-09,-3.839377593628512e-09,-3.161079398239508e-09,-3.968510853269436e-09,-3.562929035635846e-09
107_CC_1,THERMAL,2020-07-15 20:00:00,-3.745009181106132e-08,3.745009181106132e-08,2.0482782707012196e-08,-8.268733919791771e-09,-4.741317893852681e-09,-1.6095233146273813e-08,-8.344806851143051e-09
113_CT_1,THERMAL,2020-07-15 20:00:00,0.0,0.0,0.0,0.0,0.0,0.0,0.0
113_CT_2,THERMAL,2020-07-15 20:00:00,0.0,0.0,0.0,0.0,0.0,0.0,0.0
113_CT_3,THERMAL,2020-07-15 20:00:00,0.0,0.0,0.0,0.0,0.0,0.0,0.0
113_CT_4,THERMAL,2020-07-15 20:00:00,0.0,0.0,0.0,0.0,0.0,0.0,0.0
115_STEAM_1,THERMAL,2020-07-15 20:00:00,0.0,0.0,0.0,0.0,0.0,0.0,0.0
115_STEAM_2,THERMAL,2020-07-15 20:00:00,0.0,0.0,0.0,0.0,0.0,0.0,0.0
115_STEAM_3,THERMAL,2020-07-15 20:00:00,-2.5176411119487095e-09,4.583809237429481e-09,2.305543059391769e-09,-1.3574443791242174e-09,-1.1102520014460993e-09,1.0330840627403859e-09,-1.0830287941187787e-09
116_STEAM_1,THERMAL,2020-07-15 20:00:00,-4.132290798034724e-09,5.524417212180602e-09,2.8746260618959983e-09,-1.68185748661287e-09,-1.5659601948492252e-09,6.960632070729389e-10,-1.580536323645568e-09
118_CC_1,THERMAL,2020-07-15 20:00:00,-1.4758074088008627e-10,5.6900414534843105e-09,3.2515076461697875e-09,-8.92196871937756e-10,-8.66701488355659e-10,2.7712303563021123e-09,-1.1599127368887837e-09
122_WIND_1,WIND,2020-07-15 20:00:00,1.0,1.0,1.0,1.0,0.0,0.0,0.0
123_CT_1,THERMAL,2020-07-15 20:00:00,0.0,0.0,0.0,0.0,0.0,0.0,0.0
123_CT_4,THERMAL,2020-07-15 20:00:00,0.0,0.0,0.0,0.0,0.0,0.0,0.0
123_CT_5,THERMAL,2020-07-15 20:00:00,0.0,0.0,0.0,0.0,0.0,0.0,0.0
123_STEAM_2,THERMAL,2020-07-15 20:00:00,-1.1654899511743321e-08,1.1654899511743321e-08,5.988114426929993e-09,-3.4452872776924437e-09,-2.595906933855474e-09,-1.9431589670659832e-09,-3.6705463331294206e-09
123_STEAM_3,THERMAL,2020-07-15 20:00:00,-1.643708025904709e-08,1.643708025904709e-08,9.115433731044802e-09,-3.4839533480379714e-09,-2.243656704870034e-09,-7.425100978508681e-09,-3.2843692276304042e-09
201_CT_1,THERMAL,2020-07-15 20:00:00,0.0,0.0,0.0,0.0,0.0,0.0,0.0
201_CT_2,THERMAL,2020-07-15 20:00:00,0.0,0.0,0.0,0.0,0.0,0.0,0.0
201_STEAM_3,THERMAL,2020-07-15 20:00:00,-0.16489113161554295,0.16489113161554295,0.08250104169568288,-0.04080400935262962,-0.043583611755768026,-0.03938115604648207,-0.04112235446066322
202_CT_1,THERMAL,2020-07-15 20:00:00,0.0,0.0,0.0,0.0,0.0,0.0,0.0
202_CT_2,THERMAL,2020-07-15 20:00:00,0.0,0.0,0.0,0.0,0.0,0.0,0.0
202_STEAM_3,THERMAL,2020-07-15 20:00:00,-0.1657457583363553,0.1657457583363553,0.08290732253046028,-0.041104449811123586,-0.04330149291455783,-0.03998206898850741,-0.04135774662216646
202_STEAM_4,THERMAL,2020-07-15 20:00:00,-0.16574598723626843,0.16574598723626843,0.0829074317541519,-0.04110448903883339,-0.04330143298630733,-0.039982276114186935,-0.04135778909694077
207_CT_1,THERMAL,2020-07-15 20:00:00,0.0,0.0,0.0,0.0,0.0,0.0,0.0
207_CT_2,THERMAL,2020-07-15 20:00:00,0.0,0.0,0.0,0.0,0.0,0.0,0.0
212_CSP_1,THERMAL,2020-07-15 20:00:00,-0.62911619188709,0.62911619188709,0.31457883383474994,-0.1577578273172638,-0.15445995285772474,-0.15948165617707266,-0.15741675553502876
213_CC_3,THERMAL,2020-07-15 20:00:00,-0.23347637124190715,0.23347637124190715,0.12303922059668033,-0.05306727949329826,-0.0886927462444077,-0.03467411267713594,-0.05704223282706524
213_CT_1,THERMAL,2020-07-15 20:00:00,0.0,0.0,0.0,0.0,0.0,0.0,0.0
213_CT_2,THERMAL,2020-07-15 20:00:00,0.0,0.0,0.0,0.0,0.0,0.0,0.0
215_CT_4,THERMAL,2020-07-15 20:00:00,0.0,0.0,0.0,0.0,0.0,0.0,0.0
215_CT_5,THERMAL,2020-07-15 20:00:00,0.0,0.0,0.0,0.0,0.0,0.0,0.0
216_STEAM_1,THERMAL,2020-07-15 20:00:00,-0.34343568429599314,0.34343568429599314,0.17172377060719024,-0.08603873182217409,-0.08474793711782375,-0.08673433725168644,-0.08591467810430886
218_CC_1,THERMAL,2020-07-15 20:00:00,-8.881784197001252e-16,8.881784197001252e-16,8.881784197001252e-16,0.0,0.0,-8.881784197001252e-16,0.0
221_CC_1,THERMAL,2020-07-15 20:00:00,-0.42069446628914275,0.42069446628914275,0.2103775404259796,-0.10562624897139355,-0.10239174491936665,-0.10736162771157076,-0.1053148446868118
223_CT_4,THERMAL,2020-07-15 20:00:00,0.0,0.0,0.0,0.0,0.0,0.0,0.0
223_CT_5,THERMAL,2020-07-15 20:00:00,0.0,0.0,0.0,0.0,0.0,0.0,0.0
223_CT_6,THERMAL,2020-07-15 20:00:00,0.0,0.0,0.0,0.0,0.0,0.0,0.0
223_STEAM_1,THERMAL,2020-07-15 20:00:00,-0.329405318397898,0.329405318397898,0.1649509866486247,-0.08111019953389215,-0.08941095893752068,-0.07683863877632258,-0.08204552115016259
223_STEAM_2,THERMAL,2020-07-15 20:00:00,-0.32940616692685987,0.32940616692685987,0.16495137295122864,-0.08111028138196574,-0.08941078409431794,-0.07683950935095385,-0.08204559209962232
223_STEAM_3,THERMAL,2020-07-15 20:00:00,-0.7359300090938397,0.7359300090938397,0.3688986996445615,-0.18039087346056903,-0.20444775655958702,-0.1679985053134807,-0.18309287376020292
301_CT_1,THERMAL,2020-07-15 20:00:00,0.0,0.0,0.0,0.0,0.0,0.0,0.0
301_CT_2,THERMAL,2020-07-15 20:00:00,0.0,0.0,0.0,0.0,0.0,0.0,0.0
301_CT_3,THERMAL,2020-07-15 20:00:00,0.0,0.0,0.0,0.0,0.0,0.0,0.0
301_CT_4,THERMAL,2020-07-15 20:00:00,0.0,0.0,0.0,0.0,0.0,0.0,0.0
302_CT_1,THERMAL,2020-07-15 20:00:00,0.0,0.0,0.0,0.0,0.0,0.0,0.0
302_CT_2,THERMAL,2020-07-15 20:00:00,0.0,0.0,0.0,0.0,0.0,0.0,0.0
302_CT_3,THERMAL,2020-07-15 20:00:00,0.0,0.0,0.0,0.0,0.0,0.0,0.0
302_CT_4,THERMAL,2020-07-15 20:00:00,0.0,0.0,0.0,0.0,0.0,0.0,0.0
303_WIND_1,WIND,2020-07-15 20:00:00,1.0,1.0,1.0,0.0,1.0,0.0,0.0
307_CT_1,THERMAL,2020-07-15 20:00:00,0.03241326418428194,0.08422053306643824,0.058073309787270766,0.0005319578165720318,0.051604563671364456,-0.025903634441078148,0.006180377137423601
307_CT_2,THERMAL,2020-07-15 20:00:00,0.03241331879584837,0.08422055140191488,0.058073295995141584,0.0005319838365309693,0.051604554654969104,-0.025903616303033263,0.006180396607381556
309_WIND_1,WIND,2020-07-15 20:00:00,1.0,1.0,1.0,0.0,0.0,1.0,0.0
313_CC_1,THERMAL,2020-07-15 20:00:00,-7.423237787863574e-10,9.038814349283658e-10,4.838480298577653e-10,-3.0407143469801667e-10,8.077882807100423e-11,-2.7413715741886335e-10,-2.4489401474048156e-10
315_CT_6,THERMAL,2020-07-15 20:00:00,0.0,0.0,0.0,0.0,0.0,0.0,0.0
315_CT_7,THERMAL,2020-07-15 20:00:00,0.0,0.0,0.0,0.0,0.0,0.0,0.0
315_CT_8,THERMAL,2020-07-15 20:00:00,0.0,0.0,0.0,0.0,0.0,0.0,0.0
315_STEAM_1,THERMAL,2020-07-15 20:00:00,0.0,0.0,0.0,0.0,0.0,0.0,0.0
315_STEAM_2,THERMAL,2020-07-15 20:00:00,0.0,0.0,0.0,0.0,0.0,0.0,0.0
315_STEAM_3,THERMAL,2020-07-15 20:00:00,0.0,0.0,0.0,0.0,0.0,0.0,0.0
315_STEAM_4,THERMAL,2020-07-15 20:00:00,0.0,0.0,0.0,0.0,0.0,0.0,0.0
315_STEAM_5,THERMAL,2020-07-15 20:00:00,0.0,0.0,0.0,0.0,0.0,0.0,0.0
316_STEAM_1,THERMAL,2020-07-15 20:00:00,-0.29836488587481064,0.29836488587481064,0.15244191781025915,-0.07032091759461989,-0.09905191475203157,-0.055475214672837,-0.07351683885532218
317_WIND_1,WIND,2020-07-15 20:00:00,1.0,1.0,1.0,0.0,0.0,0.0,1.0
318_CC_1,THERMAL,2020-07-15 20:00:00,-0.16556539081812163,0.4788594685452326,0.33159784471080045,0.002238818755388561,-0.2918727911318994,0.1544082201081669,-0.0303396385497777
321_CC_1,THERMAL,2020-07-15 20:00:00,-0.17637803728962667,0.1805842343042028,0.11626441832493609,-0.03379695312943665,-0.10319660111102247,0.0021030985072880704,-0.04148758155645562
322_CT_5,THERMAL,2020-07-15 20:00:00,0.0,0.0,0.0,0.0,0.0,0.0,0.0
322_CT_6,THERMAL,2020-07-15 20:00:00,0.0,0.0,0.0,0.0,0.0,0.0,0.0
323_CC_1,THERMAL,2020-07-15 20:00:00,0.05550632871575594,0.2721438056900522,0.18461168759479182,-0.010892208631420451,0.1562481910814919,-0.09742652985572767,0.007576876121412159
323_CC_2,THERMAL,2020-07-15 20:00:00,0.06823490174389721,0.3345332969008792,0.2269346692643886,-0.01338770156363104,0.19206907057815803,-0.11976149601485994,0.00931502874423016
101_CT_1,THERMAL,2020-07-15 21:00:00,0.0,0.0,0.0,0.0,0.0,0.0,0.0
101_CT_2,THERMAL,2020-07-15 21:00:00,0.0,0.0,0.0,0.0,0.0,0.0,0.0
101_STEAM_3,THERMAL,2020-07-15 21:00:00,0.06663027954818507,0.09399282059683452,0.06304227220095487,-0.013681270524324725,0.02111087418335319,0.05778829547476909,0.001412380414387521
101_STEAM_4,THERMAL,2020-07-15 21:00:00,-0.06737394641934673,0.09372810283002037,0.06304162042721906,0.013177078205336819,-0.021410784903886752,-0.05779603728342329,-0.0013442024373734977
102_CT_1,THERMAL,2020-07-15 21:00:00,0.0,0.0,0.0,0.0,0.0,0.0,0.0
102_CT_2,THERMAL,2020-07-15 21:00:00,0.0,0.0,0.0,0.0,0.0,0.0,0.0
102_STEAM_3,THERMAL,2020-07-15 21:00:00,-0.037699054538092594,0.037699054538092594,0.01885658793892775,-0.009374487882739369,-0.009025111419115384,-0.009612557067495753,-0.009686898168742086
102_STEAM_4,THERMAL,2020-07-15 21:00:00,-0.0373386318903773,0.0373386318903773,0.018676328201232432,-0.009287825859386145,-0.008936531362404992,-0.009524084032319746,-0.00959019063626641
107_CC_1,THERMAL,2020-07-15 21:00:00,-1.4216987568278337e-06,1.4216987568278337e-06,7.110822938093426e-07,-3.630326870229794e-07,-3.441216704924699e-07,-3.4894383471595347e-07,-3.656005645964308e-07
113_CT_1,THERMAL,2020-07-15 21:00:00,0.0,0.0,0.0,0.0,0.0,0.0,0.0
113_CT_2,THERMAL,2020-07-15 21:00:00,0.0,0.0,0.0,0.0,0.0,0.0,0.0
113_CT_3,THERMAL,2020-07-15 21:00:00,0.0,0.0,0.0,0.0,0.0,0.0,0.0
113_CT_4,THERMAL,2020-07-15 21:00:00,0.0,0.0,0.0,0.0,0.0,0.0,0.0
115_STEAM_1,THERMAL,2020-07-15 21:00:00,0.0,0.0,0.0,0.0,0.0,0.0,0.0
115_STEAM_2,THERMAL,2020-07-15 21:00:00,0.0,0.0,0.0,0.0,0.0,0.0,0.0
115_STEAM_3,THERMAL,2020-07-15 21:00:00,-3.739888369520311e-05,3.739888369520311e-05,1.8795423373871235e-05,-9.211924365426505e-06,-7.883513863493619e-06,-1.0419724180588119e-05,-9.883721285694864e-06
116_STEAM_1,THERMAL,2020-07-15 21:00:00,-5.299803133820703e-06,5.299803133820703e-06,2.6576183059468757e-06,-1.32229905569492e-06,-1.2038374162526289e-06,-1.2903388568741292e-06,-1.4833278049990249e-06
118_CC_1,THERMAL,2020-07-15 21:00:00,-1.0946865199928086,1.0946865199928086,0.5585197670557375,-0.2669475716092453,-0.1862529949874896,-0.331720951462934,-0.3097650019331398
122_WIND_1,WIND,2020-07-15 21:00:00,1.0,1.0,1.0,1.0,0.0,0.0,0.0
123_CT_1,THERMAL,2020-07-15 21:00:00,0.0,0.0,0.0,0.0,0.0,0.0,0.0
123_CT_4,THERMAL,2020-07-15 21:00:00,0.0,0.0,0.0,0.0,0.0,0.0,0.0
123_CT_5,THERMAL,2020-07-15 21:00:00,0.0,0.0,0.0,0.0,0.0,0.0,0.0
123_STEAM_2,THERMAL,2020-07-15 21:00:00,-2.810850721954809e-06,2.810850721954809e-06,1.4090272092087308e-06,-6.750676816436041e-07,-6.418782503847531e-07,-7.76599085261509e-07,-7.173057046649426e-07
123_STEAM_3,THERMAL,2020-07-15 21:00:00,-2.3023487100634257e-06,2.3023487100634257e-06,1.1545685688812751e-06,-5.621082441731318e-07,-5.180196095411205e-07,-6.411660047334067e-07,-5.81054851615767e-07
201_CT_1,THERMAL,2020-07-15 21:00:00,0.0,0.0,0.0,0.0,0.0,0.0,0.0
201_CT_2,THERMAL,2020-07-15 21:00:00,0.0,0.0,0.0,0.0,0.0,0.0,0.0
201_STEAM_3,THERMAL,2020-07-15 21:00:00,-0.24699201527033302,0.24699201527033302,0.12390338479909402,-0.0633212993179047,-0.069285075194733,-0.05723001480460943,-0.057155625953085896
202_CT_1,THERMAL,2020-07-15 21:00:00,0.0,0.0,0.0,0.0,0.0,0.0,0.0
202_CT_2,THERMAL,2020-07-15 21:00:00,0.0,0.0,0.0,0.0,0.0,0.0,0.0
202_STEAM_3,THERMAL,2020-07-15 21:00:00,-0.0002551577073329781,0.0002551577073329781,0.0001277848099656673,-6.502488322147792e-05,-6.911694604333553e-05,-6.126577058959489e-05,-5.9750107478569734e-05
202_STEAM_4,THERMAL,2020-07-15 21:00:00,-0.0002192069480927874,0.0002192069480927874,0.00010981099760719301,-5.5967080372796744e-05,-5.980854405468416e-05,-5.1888593194856315e-05,-5.1542730470450196e-05
207_CT_1,THERMAL,2020-07-15 21:00:00,0.0,0.0,0.0,0.0,0.0,0.0,0.0
207_CT_2,THERMAL,2020-07-15 21:00:00,0.0,0.0,0.0,0.0,0.0,0.0,0.0
212_CSP_1,THERMAL,2020-07-15 21:00:00,-0.7343208878040608,0.7343208878040608,0.36717512676962966,-0.18413522460547949,-0.18107190512198612,-0.1856233574872288,-0.1834904005893664
213_CC_3,THERMAL,2020-07-15 21:00:00,0.0,0.0,0.0,0.0,0.0,0.0,0.0
213_CT_1,THERMAL,2020-07-15 21:00:00,0.0,0.0,0.0,0.0,0.0,0.0,0.0
213_CT_2,THERMAL,2020-07-15 21:00:00,0.0,0.0,0.0,0.0,0.0,0.0,0.0
215_CT_4,THERMAL,2020-07-15 21:00:00,0.0,0.0,0.0,0.0,0.0,0.0,0.0
215_CT_5,THERMAL,2020-07-15 21:00:00,0.0,0.0,0.0,0.0,0.0,0.0,0.0
216_STEAM_1,THERMAL,2020-07-15 21:00:00,-7.222458976128433e-06,7.222458976128433e-06,3.612779876021798e-06,-1.84120763635498e-06,-1.8730041999592828e-06,-1.747447405442415e-06,-1.7607997343717556e-06
218_CC_1,THERMAL,2020-07-15 21:00:00,3.3306690738754696e-16,3.3306690738754696e-16,2.482534153247273e-16,2.220446049250313e-16,1.1102230246251565e-16,0.0,0.0
221_CC_1,THERMAL,2020-07-15 21:00:00,-0.911167828053821,0.911167828053821,0.46876524218412763,-0.245058575405118,-0.3106795481168108,-0.17805238039666005,-0.17737732413523222
223_CT_4,THERMAL,2020-07-15 21:00:00,0.0,0.0,0.0,0.0,0.0,0.0,0.0
223_CT_5,THERMAL,2020-07-15 21:00:00,0.0,0.0,0.0,0.0,0.0,0.0,0.0
223_CT_6,THERMAL,2020-07-15 21:00:00,0.0,0.0,0.0,0.0,0.0,0.0,0.0
223_STEAM_1,THERMAL,2020-07-15 21:00:00,-0.5060784567759262,0.5060784567759262,0.2534208720815048,-0.1286602468806026,-0.13697678139709688,-0.12023428132000114,-0.12020714717822559
223_STEAM_2,THERMAL,2020-07-15 21:00:00,-0.5060779655110481,0.5060779655110481,0.25342065639247896,-0.12866033532412693,-0.1369769995618648,-0.12023380641280601,-0.12020682421225042
223_STEAM_3,THERMAL,2020-07-15 21:00:00,-1.1299868690342403,1.1299868690342403,0.5665553461502412,-0.2885226888527146,-0.3143361562934934,-0.26310448436008604,-0.2640235395279463
301_CT_1,THERMAL,2020-07-15 21:00:00,0.0,0.0,0.0,0.0,0.0,0.0,0.0
301_CT_2,THERMAL,2020-07-15 21:00:00,0.0,0.0,0.0,0.0,0.0,0.0,0.0
301_CT_3,THERMAL,2020-07-15 21:00:00,0.0,0.0,0.0,0.0,0.0,0.0,0.0
301_CT_4,THERMAL,2020-07-15 21:00:00,0.0,0.0,0.0,0.0,0.0,0.0,0.0
302_CT_1,THERMAL,2020-07-15 21:00:00,0.0,0.0,0.0,0.0,0.0,0.0,0.0
302_CT_2,THERMAL,2020-07-15 21:00:00,0.0,0.0,0.0,0.0,0.0,0.0,0.0
302_CT_3,THERMAL,2020-07-15 21:00:00,0.0,0.0,0.0,0.0,0.0,0.0,0.0
302_CT_4,THERMAL,2020-07-15 21:00:00,0.0,0.0,0.0,0.0,0.0,0.0,0.0
303_WIND_1,WIND,2020-07-15 21:00:00,1.0,1.0,1.0,0.0,1.0,0.0,0.0
307_CT_1,THERMAL,2020-07-15 21:00:00,0.0,0.0,0.0,0.0,0.0,0.0,0.0
307_CT_2,THERMAL,2020-07-15 21:00:00,0.0,0.0,0.0,0.0,0.0,0.0,0.0
309_WIND_1,WIND,2020-07-15 21:00:00,1.0,1.0,1.0,0.0,0.0,1.0,0.0
313_CC_1,THERMAL,2020-07-15 21:00:00,-1.4467260898933905e-09,1.4467260898933905e-09,8.126787911196139e-10,-5.782465617443222e-10,-2.522034803220663e-10,-4.986282498009587e-10,-1.1764779802604328e-10
315_CT_6,THERMAL,2020-07-15 21:00:00,0.0,0.0,0.0,0.0,0.0,0.0,0.0
315_CT_7,THERMAL,2020-07-15 21:00:00,0.0,0.0,0.0,0.0,0.0,0.0,0.0
315_CT_8,THERMAL,2020-07-15 21:00:00,0.0,0.0,0.0,0.0,0.0,0.0,0.0
315_STEAM_1,THERMAL,2020-07-15 21:00:00,0.0,0.0,0.0,0.0,0.0,0.0,0.0
315_STEAM_2,THERMAL,2020-07-15 21:00:00,0.0,0.0,0.0,0.0,0.0,0.0,0.0
315_STEAM_3,THERMAL,2020-07-15 21:00:00,0.0,0.0,0.0,0.0,0.0,0.0,0.0
315_STEAM_4,THERMAL,2020-07-15 21:00:00,0.0,0.0,0.0,0.0,0.0,0.0,0.0
315_STEAM_5,THERMAL,2020-07-15 21:00:00,0.0,0.0,0.0,0.0,0.0,0.0,0.0
316_STEAM_1,THERMAL,2020-07-15 21:00:00,-0.39352694445882597,0.39352694445882597,0.20752686311115154,-0.07693368394916844,-0.14200695968646412,-0.057776694240438964,-0.11680960658275442
317_WIND_1,WIND,2020-07-15 21:00:00,1.0,1.0,1.0,0.0,0.0,0.0,1.0
318_CC_1,THERMAL,2020-07-15 21:00:00,1.3117304919340713,1.5308138486201623,0.864920430442923,0.27307429481860734,-0.10954167834304551,0.6082985035814898,0.5398993718770196
321_CC_1,THERMAL,2020-07-15 21:00:00,0.0,0.0,0.0,0.0,0.0,0.0,0.0
322_CT_5,THERMAL,2020-07-15 21:00:00,0.0,0.0,0.0,0.0,0.0,0.0,0.0
322_CT_6,THERMAL,2020-07-15 21:00:00,0.0,0.0,0.0,0.0,0.0,0.0,0.0
323_CC_1,THERMAL,2020-07-15 21:00:00,0.20186405263536406,0.8291872160461771,0.4907691088661607,0.09022836760399486,0.4252972667367757,-0.19318736442656356,-0.12047421727884293
323_CC_2,THERMAL,2020-07-15 21:00:00,0.08555511777809824,0.3513893089218225,0.20797698639458487,0.038238437764383765,0.18023377558557663,-0.08186240667990499,-0.05105468889195716
101_CT_1,THERMAL,2020-07-15 22:00:00,0.0,0.0,0.0,0.0,0.0,0.0,0.0
101_CT_2,THERMAL,2020-07-15 22:00:00,0.0,0.0,0.0,0.0,0.0,0.0,0.0
101_STEAM_3,THERMAL,2020-07-15 22:00:00,0.016207235088251466,0.05174765273760246,0.034723438974964,-0.012984896256759408,0.0022073634321508476,0.03177008048077612,-0.004785312567916092
101_STEAM_4,THERMAL,2020-07-15 22:00:00,-0.01684604559400157,0.05170221352583291,0.0345304291252482,0.012472487988923052,-0.0025618860690855014,-0.03171224349083174,0.004955595976992616
102_CT_1,THERMAL,2020-07-15 22:00:00,0.0,0.0,0.0,0.0,0.0,0.0,0.0
102_CT_2,THERMAL,2020-07-15 22:00:00,0.0,0.0,0.0,0.0,0.0,0.0,0.0
102_STEAM_3,THERMAL,2020-07-15 22:00:00,-0.03591574126611015,0.03591574126611015,0.017982809202135845,-0.008821630256402535,-0.008283723568815238,-0.009293720815758189,-0.009516666625134186
102_STEAM_4,THERMAL,2020-07-15 22:00:00,-0.03616113363851124,0.03616113363851124,0.0181056154925142,-0.008882705965504945,-0.008341033305314993,-0.009355653444421685,-0.009581740923269622
107_CC_1,THERMAL,2020-07-15 22:00:00,-0.7512566900428125,0.7512566900428125,0.3789597517602366,-0.18335508583154825,-0.1487921359677824,-0.21315563972753182,-0.20595382851594998
113_CT_1,THERMAL,2020-07-15 22:00:00,0.0,0.0,0.0,0.0,0.0,0.0,0.0
113_CT_2,THERMAL,2020-07-15 22:00:00,0.0,0.0,0.0,0.0,0.0,0.0,0.0
113_CT_3,THERMAL,2020-07-15 22:00:00,0.0,0.0,0.0,0.0,0.0,0.0,0.0
113_CT_4,THERMAL,2020-07-15 22:00:00,0.0,0.0,0.0,0.0,0.0,0.0,0.0
115_STEAM_1,THERMAL,2020-07-15 22:00:00,0.0,0.0,0.0,0.0,0.0,0.0,0.0
115_STEAM_2,THERMAL,2020-07-15 22:00:00,0.0,0.0,0.0,0.0,0.0,0.0,0.0
115_STEAM_3,THERMAL,2020-07-15 22:00:00,-0.37861041242790283,0.37861041242790283,0.19186710378371252,-0.09066429204278903,-0.07076711180654127,-0.1094913539731115,-0.10768765460546102
116_STEAM_1,THERMAL,2020-07-15 22:00:00,-0.37154459621657204,0.37154459621657204,0.18694525812598398,-0.09034234062938196,-0.07685301789548404,-0.10291596665937552,-0.1014332710323305
118_CC_1,THERMAL,2020-07-15 22:00:00,-0.859255026169635,0.8785834690545231,0.5208719672369928,-0.17578347641466263,0.009664221442444054,-0.3534881399330301,-0.33964763126438635
122_WIND_1,WIND,2020-07-15 22:00:00,1.0,1.0,1.0,1.0,0.0,0.0,0.0
123_CT_1,THERMAL,2020-07-15 22:00:00,0.0,0.0,0.0,0.0,0.0,0.0,0.0
123_CT_4,THERMAL,2020-07-15 22:00:00,0.0,0.0,0.0,0.0,0.0,0.0,0.0
123_CT_5,THERMAL,2020-07-15 22:00:00,0.0,0.0,0.0,0.0,0.0,0.0,0.0
123_STEAM_2,THERMAL,2020-07-15 22:00:00,-0.36936545212333466,0.36936545212333466,0.18550416400217282,-0.09036777333060342,-0.0789114992002119,-0.10081641619039106,-0.0992697634021283
123_STEAM_3,THERMAL,2020-07-15 22:00:00,-0.8221473081664019,0.8221473081664019,0.41176381223234554,-0.2030829646038752,-0.18709551987185036,-0.21730363042924417,-0.21466519326143213
201_CT_1,THERMAL,2020-07-15 22:00:00,0.0,0.0,0.0,0.0,0.0,0.0,0.0
201_CT_2,THERMAL,2020-07-15 22:00:00,0.0,0.0,0.0,0.0,0.0,0.0,0.0
201_STEAM_3,THERMAL,2020-07-15 22:00:00,-0.1697020534877757,0.1697020534877757,0.08519622207746688,-0.0436058938116059,-0.048187905584883034,-0.0389562163221171,-0.03895203776916966
202_CT_1,THERMAL,2020-07-15 22:00:00,0.0,0.0,0.0,0.0,0.0,0.0,0.0
202_CT_2,THERMAL,2020-07-15 22:00:00,0.0,0.0,0.0,0.0,0.0,0.0,0.0
202_STEAM_3,THERMAL,2020-07-15 22:00:00,-0.17089692918735722,0.17089692918735722,0.08567501751699658,-0.04370579373193861,-0.047395876463467566,-0.039924427465631226,-0.03987083152631983
202_STEAM_4,THERMAL,2020-07-15 22:00:00,-0.17089676564176282,0.17089676564176282,0.08567494498510667,-0.043705736373221955,-0.047395947103630966,-0.03992433261965252,-0.039870749545257385
207_CT_1,THERMAL,2020-07-15 22:00:00,0.0,0.0,0.0,0.0,0.0,0.0,0.0
207_CT_2,THERMAL,2020-07-15 22:00:00,0.0,0.0,0.0,0.0,0.0,0.0,0.0
212_CSP_1,THERMAL,2020-07-15 22:00:00,-0.3868173178317855,0.3868173178317855,0.19344618016531687,-0.09749408847887886,-0.09944941666018903,-0.09516980647330886,-0.0947040062194088
213_CC_3,THERMAL,2020-07-15 22:00:00,0.0,0.0,0.0,0.0,0.0,0.0,0.0
213_CT_1,THERMAL,2020-07-15 22:00:00,0.0,0.0,0.0,0.0,0.0,0.0,0.0
213_CT_2,THERMAL,2020-07-15 22:00:00,0.0,0.0,0.0,0.0,0.0,0.0,0.0
215_CT_4,THERMAL,2020-07-15 22:00:00,0.0,0.0,0.0,0.0,0.0,0.0,0.0
215_CT_5,THERMAL,2020-07-15 22:00:00,0.0,0.0,0.0,0.0,0.0,0.0,0.0
216_STEAM_1,THERMAL,2020-07-15 22:00:00,-0.3518408842244242,0.3518408842244242,0.17598914205727306,-0.08890294592281212,-0.09155340114051586,-0.08590354913192666,-0.08548098802916959
218_CC_1,THERMAL,2020-07-15 22:00:00,0.0,0.0,0.0,0.0,0.0,0.0,0.0
221_CC_1,THERMAL,2020-07-15 22:00:00,-0.05487601114212798,0.7958232416002613,0.4352830146896366,-0.08981802845624176,-0.3355315979149529,0.1753065092372621,0.1951671059918046
223_CT_4,THERMAL,2020-07-15 22:00:00,0.0,0.0,0.0,0.0,0.0,0.0,0.0
223_CT_5,THERMAL,2020-07-15 22:00:00,0.0,0.0,0.0,0.0,0.0,0.0,0.0
223_CT_6,THERMAL,2020-07-15 22:00:00,0.0,0.0,0.0,0.0,0.0,0.0,0.0
223_STEAM_1,THERMAL,2020-07-15 22:00:00,-1.9566297809911286e-06,1.9566297809911286e-06,9.816287820282863e-07,-5.001022367719736e-07,-5.504852916874759e-07,-4.5413477599099685e-07,-4.5190747654068207e-07
223_STEAM_2,THERMAL,2020-07-15 22:00:00,-2.1218781614959592e-06,2.1218781614959592e-06,1.0636894729363075e-06,-5.404263454137555e-07,-5.879112068248526e-07,-5.060870043196359e-07,-4.874536049377153e-07
223_STEAM_3,THERMAL,2020-07-15 22:00:00,-1.962999542681239e-06,1.962999542681239e-06,9.8671814041985e-07,-5.060214127716733e-07,-5.671386478223184e-07,-4.4401955889838973e-07,-4.4581992318885737e-07
301_CT_1,THERMAL,2020-07-15 22:00:00,0.0,0.0,0.0,0.0,0.0,0.0,0.0
301_CT_2,THERMAL,2020-07-15 22:00:00,0.0,0.0,0.0,0.0,0.0,0.0,0.0
301_CT_3,THERMAL,2020-07-15 22:00:00,0.0,0.0,0.0,0.0,0.0,0.0,0.0
301_CT_4,THERMAL,2020-07-15 22:00:00,0.0,0.0,0.0,0.0,0.0,0.0,0.0
302_CT_1,THERMAL,2020-07-15 22:00:00,0.0,0.0,0.0,0.0,0.0,0.0,0.0
302_CT_2,THERMAL,2020-07-15 22:00:00,0.0,0.0,0.0,0.0,0.0,0.0,0.0
302_CT_3,THERMAL,2020-07-15 22:00:00,0.0,0.0,0.0,0.0,0.0,0.0,0.0
302_CT_4,THERMAL,2020-07-15 22:00:00,0.0,0.0,0.0,0.0,0.0,0.0,0.0
303_WIND_1,WIND,2020-07-15 22:00:00,1.0,1.0,1.0,0.0,1.0,0.0,0.0
307_CT_1,THERMAL,2020-07-15 22:00:00,0.0,0.0,0.0,0.0,0.0,0.0,0.0
307_CT_2,THERMAL,2020-07-15 22:00:00,0.0,0.0,0.0,0.0,0.0,0.0,0.0
309_WIND_1,WIND,2020-07-15 22:00:00,1.0,1.0,1.0,0.0,0.0,1.0,0.0
313_CC_1,THERMAL,2020-07-15 22:00:00,-7.236794806594032e-10,2.143215524926437e-09,1.2412522533694864e-09,-5.249187751132922e-10,7.097680221335168e-10,-8.718075150682125e-10,-3.672121261141527e-11
315_CT_6,THERMAL,2020-07-15 22:00:00,0.0,0.0,0.0,0.0,0.0,0.0,0.0
315_CT_7,THERMAL,2020-07-15 22:00:00,0.0,0.0,0.0,0.0,0.0,0.0,0.0
315_CT_8,THERMAL,2020-07-15 22:00:00,0.0,0.0,0.0,0.0,0.0,0.0,0.0
315_STEAM_1,THERMAL,2020-07-15 22:00:00,0.0,0.0,0.0,0.0,0.0,0.0,0.0
315_STEAM_2,THERMAL,2020-07-15 22:00:00,0.0,0.0,0.0,0.0,0.0,0.0,0.0
315_STEAM_3,THERMAL,2020-07-15 22:00:00,0.0,0.0,0.0,0.0,0.0,0.0,0.0
315_STEAM_4,THERMAL,2020-07-15 22:00:00,0.0,0.0,0.0,0.0,0.0,0.0,0.0
315_STEAM_5,THERMAL,2020-07-15 22:00:00,0.0,0.0,0.0,0.0,0.0,0.0,0.0
316_STEAM_1,THERMAL,2020-07-15 22:00:00,-0.26187659285916043,0.26187659285916043,0.13898150615169796,-0.04553346812377401,-0.08980950189292769,-0.03906519114756657,-0.08746843169489218
317_WIND_1,WIND,2020-07-15 22:00:00,1.0,1.0,1.0,0.0,0.0,0.0,1.0
318_CC_1,THERMAL,2020-07-15 22:00:00,0.8539136173081945,0.8539136173081945,0.498068907706489,0.1805411052362913,0.017530134668519826,0.3351885308374385,0.3206538465659449
321_CC_1,THERMAL,2020-07-15 22:00:00,0.0,0.0,0.0,0.0,0.0,0.0,0.0
322_CT_5,THERMAL,2020-07-15 22:00:00,0.0,0.0,0.0,0.0,0.0,0.0,0.0
322_CT_6,THERMAL,2020-07-15 22:00:00,0.0,0.0,0.0,0.0,0.0,0.0,0.0
323_CC_1,THERMAL,2020-07-15 22:00:00,0.3378941498536778,0.5332431177615771,0.34249543216159456,0.12403907407971282,0.31152955972791463,-0.055787427618431806,-0.04188705633551784
323_CC_2,THERMAL,2020-07-15 22:00:00,0.0,0.0,0.0,0.0,0.0,0.0,0.0
101_CT_1,THERMAL,2020-07-15 23:00:00,0.0,0.0,0.0,0.0,0.0,0.0,0.0
101_CT_2,THERMAL,2020-07-15 23:00:00,0.0,0.0,0.0,0.0,0.0,0.0,0.0
101_STEAM_3,THERMAL,2020-07-15 23:00:00,0.0608537343754061,0.11466595827511836,0.0745094141010415,-0.010683367007536915,-0.016222744942319213,0.06960389731207378,0.01815594901318845
101_STEAM_4,THERMAL,2020-07-15 23:00:00,-0.061347341028050145,0.11370201479314962,0.07436640845898489,0.010128765943055618,0.01604857093949412,-0.06964601679175003,-0.017878661118849854
102_CT_1,THERMAL,2020-07-15 23:00:00,0.0,0.0,0.0,0.0,0.0,0.0,0.0
102_CT_2,THERMAL,2020-07-15 23:00:00,0.0,0.0,0.0,0.0,0.0,0.0,0.0
102_STEAM_3,THERMAL,2020-07-15 23:00:00,-0.04674336751827703,0.04674336751827703,0.023388177068455526,-0.012014873835735906,-0.01221809401077717,-0.011188998063574429,-0.011321401608189528
102_STEAM_4,THERMAL,2020-07-15 23:00:00,-0.04477919315569337,0.04477919315569337,0.022405782825291286,-0.011514772151227592,-0.01170857372572251,-0.010703252103629657,-0.010852595175113609
107_CC_1,THERMAL,2020-07-15 23:00:00,-0.10634160178787459,0.11939839711452345,0.08081340570456455,-0.044484709699266434,-0.06713974824837332,-0.0012455415035592665,0.006528397663324434
113_CT_1,THERMAL,2020-07-15 23:00:00,0.0,0.0,0.0,0.0,0.0,0.0,0.0
113_CT_2,THERMAL,2020-07-15 23:00:00,0.0,0.0,0.0,0.0,0.0,0.0,0.0
113_CT_3,THERMAL,2020-07-15 23:00:00,0.0,0.0,0.0,0.0,0.0,0.0,0.0
113_CT_4,THERMAL,2020-07-15 23:00:00,0.0,0.0,0.0,0.0,0.0,0.0,0.0
115_STEAM_1,THERMAL,2020-07-15 23:00:00,0.0,0.0,0.0,0.0,0.0,0.0,0.0
115_STEAM_2,THERMAL,2020-07-15 23:00:00,0.0,0.0,0.0,0.0,0.0,0.0,0.0
115_STEAM_3,THERMAL,2020-07-15 23:00:00,-0.3211523873378889,0.3211523873378889,0.16123911824832754,-0.07299957937375379,-0.07520976507292582,-0.08108831328535526,-0.09185472960585404
116_STEAM_1,THERMAL,2020-07-15 23:00:00,-0.32172464792027594,0.32172464792027594,0.1610738593145413,-0.07604871767976118,-0.07844618586803176,-0.08010183112045333,-0.08712791325202969
118_CC_1,THERMAL,2020-07-15 23:00:00,-5.407978845519631e-08,6.221005447117842e-08,4.5460384028871834e-08,-3.789380809138265e-09,4.065133007991051e-09,-4.388853636072554e-08,-1.0467004293323559e-08
122_WIND_1,WIND,2020-07-15 23:00:00,1.0,1.0,1.0,1.0,0.0,0.0,0.0
123_CT_1,THERMAL,2020-07-15 23:00:00,0.0,0.0,0.0,0.0,0.0,0.0,0.0
123_CT_4,THERMAL,2020-07-15 23:00:00,0.0,0.0,0.0,0.0,0.0,0.0,0.0
123_CT_5,THERMAL,2020-07-15 23:00:00,0.0,0.0,0.0,0.0,0.0,0.0,0.0
123_STEAM_2,THERMAL,2020-07-15 23:00:00,-0.31379955024674294,0.31379955024674294,0.1571835864249768,-0.07902637966440229,-0.08568628595686079,-0.07282269046988166,-0.07626419415559822
123_STEAM_3,THERMAL,2020-07-15 23:00:00,-0.718776379406068,0.718776379406068,0.3596968906603682,-0.18079880606551346,-0.19114554275032314,-0.17109247908552838,-0.17573955150470294
201_CT_1,THERMAL,2020-07-15 23:00:00,0.0,0.0,0.0,0.0,0.0,0.0,0.0
201_CT_2,THERMAL,2020-07-15 23:00:00,0.0,0.0,0.0,0.0,0.0,0.0,0.0
201_STEAM_3,THERMAL,2020-07-15 23:00:00,-0.142755984814605,0.142755984814605,0.07803649632537929,-0.04642990280465836,-0.05528000952021664,-0.024747334903789664,-0.01629873758594034
202_CT_1,THERMAL,2020-07-15 23:00:00,0.0,0.0,0.0,0.0,0.0,0.0,0.0
202_CT_2,THERMAL,2020-07-15 23:00:00,0.0,0.0,0.0,0.0,0.0,0.0,0.0
202_STEAM_3,THERMAL,2020-07-15 23:00:00,-0.14814167463649966,0.14814167463649966,0.07772699673078655,-0.04501386840723431,-0.05170568748589334,-0.028844939186412566,-0.022577179556959464
202_STEAM_4,THERMAL,2020-07-15 23:00:00,-0.1481416974222573,0.1481416974222573,0.07772707289091,-0.04501404646179764,-0.05170576220036498,-0.028844816966440534,-0.02257707179365416
207_CT_1,THERMAL,2020-07-15 23:00:00,0.0,0.0,0.0,0.0,0.0,0.0,0.0
207_CT_2,THERMAL,2020-07-15 23:00:00,0.0,0.0,0.0,0.0,0.0,0.0,0.0
212_CSP_1,THERMAL,2020-07-15 23:00:00,-0.43306698664836285,0.43306698664836285,0.21680807225954474,-0.11156739355730227,-0.11538416729720313,-0.10431597633704381,-0.10179944945681363
213_CC_3,THERMAL,2020-07-15 23:00:00,0.0,0.0,0.0,0.0,0.0,0.0,0.0
213_CT_1,THERMAL,2020-07-15 23:00:00,0.0,0.0,0.0,0.0,0.0,0.0,0.0
213_CT_2,THERMAL,2020-07-15 23:00:00,0.0,0.0,0.0,0.0,0.0,0.0,0.0
215_CT_4,THERMAL,2020-07-15 23:00:00,0.0,0.0,0.0,0.0,0.0,0.0,0.0
215_CT_5,THERMAL,2020-07-15 23:00:00,0.0,0.0,0.0,0.0,0.0,0.0,0.0
216_STEAM_1,THERMAL,2020-07-15 23:00:00,-0.3132561761814248,0.3132561761814248,0.15834277548059147,-0.08577392555455865,-0.09317771103145395,-0.06982880961891924,-0.06447572997649297
218_CC_1,THERMAL,2020-07-15 23:00:00,0.0,0.0,0.0,0.0,0.0,0.0,0.0
221_CC_1,THERMAL,2020-07-15 23:00:00,6.634436597837829e-08,6.634436597837829e-08,3.6374187518978406e-08,1.9780953097736642e-08,1.2847898633872035e-08,2.6816646681027123e-08,6.8988675657424905e-09
223_CT_4,THERMAL,2020-07-15 23:00:00,0.0,0.0,0.0,0.0,0.0,0.0,0.0
223_CT_5,THERMAL,2020-07-15 23:00:00,0.0,0.0,0.0,0.0,0.0,0.0,0.0
223_CT_6,THERMAL,2020-07-15 23:00:00,0.0,0.0,0.0,0.0,0.0,0.0,0.0
223_STEAM_1,THERMAL,2020-07-15 23:00:00,-2.9008410105810233e-08,2.9008410105810233e-08,1.4655583864661883e-08,-6.7778009570859184e-09,-8.556126241861221e-09,-7.8727401131485e-09,-5.8017427937145965e-09
223_STEAM_2,THERMAL,2020-07-15 23:00:00,-2.90095210642429e-08,2.90095210642429e-08,1.465614505550565e-08,-6.777918256712138e-09,-8.556442564570972e-09,-7.873123166754961e-09,-5.802037076204825e-09
223_STEAM_3,THERMAL,2020-07-15 23:00:00,-3.62233529940886e-08,3.62233529940886e-08,1.854860418550394e-08,-8.968844333878678e-09,-1.2307182828408259e-08,-7.938703028287364e-09,-7.008622803514296e-09
301_CT_1,THERMAL,2020-07-15 23:00:00,0.0,0.0,0.0,0.0,0.0,0.0,0.0
301_CT_2,THERMAL,2020-07-15 23:00:00,0.0,0.0,0.0,0.0,0.0,0.0,0.0
301_CT_3,THERMAL,2020-07-15 23:00:00,0.0,0.0,0.0,0.0,0.0,0.0,0.0
301_CT_4,THERMAL,2020-07-15 23:00:00,0.0,0.0,0.0,0.0,0.0,0.0,0.0
302_CT_1,THERMAL,2020-07-15 23:00:00,0.0,0.0,0.0,0.0,0.0,0.0,0.0
302_CT_2,THERMAL,2020-07-15 23:00:00,0.0,0.0,0.0,0.0,0.0,0.0,0.0
302_CT_3,THERMAL,2020-07-15 23:00:00,0.0,0.0,0.0,0.0,0.0,0.0,0.0
302_CT_4,THERMAL,2020-07-15 23:00:00,0.0,0.0,0.0,0.0,0.0,0.0,0.0
303_WIND_1,WIND,2020-07-15 23:00:00,1.0,1.0,1.0,0.0,1.0,0.0,0.0
307_CT_1,THERMAL,2020-07-15 23:00:00,0.0,0.0,0.0,0.0,0.0,0.0,0.0
307_CT_2,THERMAL,2020-07-15 23:00:00,0.0,0.0,0.0,0.0,0.0,0.0,0.0
309_WIND_1,WIND,2020-07-15 23:00:00,1.0,1.0,1.0,0.0,0.0,1.0,0.0
313_CC_1,THERMAL,2020-07-15 23:00:00,-0.8469682732461071,0.8469682732461071,0.48271160068902186,-0.17933228835452542,-0.036363340064278216,-0.32737410838518866,-0.30389853644211484
315_CT_6,THERMAL,2020-07-15 23:00:00,0.0,0.0,0.0,0.0,0.0,0.0,0.0
315_CT_7,THERMAL,2020-07-15 23:00:00,0.0,0.0,0.0,0.0,0.0,0.0,0.0
315_CT_8,THERMAL,2020-07-15 23:00:00,0.0,0.0,0.0,0.0,0.0,0.0,0.0
315_STEAM_1,THERMAL,2020-07-15 23:00:00,0.0,0.0,0.0,0.0,0.0,0.0,0.0
315_STEAM_2,THERMAL,2020-07-15 23:00:00,0.0,0.0,0.0,0.0,0.0,0.0,0.0
315_STEAM_3,THERMAL,2020-07-15 23:00:00,0.0,0.0,0.0,0.0,0.0,0.0,0.0
315_STEAM_4,THERMAL,2020-07-15 23:00:00,0.0,0.0,0.0,0.0,0.0,0.0,0.0
315_STEAM_5,THERMAL,2020-07-15 23:00:00,0.0,0.0,0.0,0.0,0.0,0.0,0.0
316_STEAM_1,THERMAL,2020-07-15 23:00:00,-0.2376206939103167,0.2376206939103167,0.12793227165045518,-0.03411079494056746,-0.07643181069262833,-0.03817294616970868,-0.08890514210741222
317_WIND_1,WIND,2020-07-15 23:00:00,1.0,1.0,1.0,0.0,0.0,0.0,1.0
318_CC_1,THERMAL,2020-07-15 23:00:00,0.14376229718401617,0.14376229718401617,0.08733781485921847,0.024684665053699595,0.0017768701789817598,0.05041419342453146,0.06688656852680334
321_CC_1,THERMAL,2020-07-15 23:00:00,0.0,0.0,0.0,0.0,0.0,0.0,0.0
322_CT_5,THERMAL,2020-07-15 23:00:00,0.0,0.0,0.0,0.0,0.0,0.0,0.0
322_CT_6,THERMAL,2020-07-15 23:00:00,0.0,0.0,0.0,0.0,0.0,0.0,0.0
323_CC_1,THERMAL,2020-07-15 23:00:00,5.677789776015394e-09,5.677789776015394e-09,4.177544980506371e-09,1.094079493668687e-09,2.5561530669904187e-10,4.011116772062451e-09,3.169782035852143e-10
323_CC_2,THERMAL,2020-07-15 23:00:00,0.0,0.0,0.0,0.0,0.0,0.0,0.0
101_CT_1,THERMAL,2020-07-16 00:00:00,0.0,0.0,0.0,0.0,0.0,0.0,0.0
101_CT_2,THERMAL,2020-07-16 00:00:00,0.0,0.0,0.0,0.0,0.0,0.0,0.0
101_STEAM_3,THERMAL,2020-07-16 00:00:00,0.0,0.0,0.0,0.0,0.0,0.0,0.0
101_STEAM_4,THERMAL,2020-07-16 00:00:00,0.0,0.0,0.0,0.0,0.0,0.0,0.0
102_CT_1,THERMAL,2020-07-16 00:00:00,0.0,0.0,0.0,0.0,0.0,0.0,0.0
102_CT_2,THERMAL,2020-07-16 00:00:00,0.0,0.0,0.0,0.0,0.0,0.0,0.0
102_STEAM_3,THERMAL,2020-07-16 00:00:00,0.0,0.0,0.0,0.0,0.0,0.0,0.0
102_STEAM_4,THERMAL,2020-07-16 00:00:00,0.0,0.0,0.0,0.0,0.0,0.0,0.0
107_CC_1,THERMAL,2020-07-16 00:00:00,0.0,0.0,0.0,0.0,0.0,0.0,0.0
113_CT_1,THERMAL,2020-07-16 00:00:00,0.0,0.0,0.0,0.0,0.0,0.0,0.0
113_CT_2,THERMAL,2020-07-16 00:00:00,0.0,0.0,0.0,0.0,0.0,0.0,0.0
113_CT_3,THERMAL,2020-07-16 00:00:00,0.0,0.0,0.0,0.0,0.0,0.0,0.0
113_CT_4,THERMAL,2020-07-16 00:00:00,0.0,0.0,0.0,0.0,0.0,0.0,0.0
115_STEAM_1,THERMAL,2020-07-16 00:00:00,0.0,0.0,0.0,0.0,0.0,0.0,0.0
115_STEAM_2,THERMAL,2020-07-16 00:00:00,0.0,0.0,0.0,0.0,0.0,0.0,0.0
115_STEAM_3,THERMAL,2020-07-16 00:00:00,0.0,0.0,0.0,0.0,0.0,0.0,0.0
116_STEAM_1,THERMAL,2020-07-16 00:00:00,0.0,0.0,0.0,0.0,0.0,0.0,0.0
118_CC_1,THERMAL,2020-07-16 00:00:00,0.0,0.0,0.0,0.0,0.0,0.0,0.0
122_WIND_1,WIND,2020-07-16 00:00:00,0.0,0.0,0.0,0.0,0.0,0.0,0.0
123_CT_1,THERMAL,2020-07-16 00:00:00,0.0,0.0,0.0,0.0,0.0,0.0,0.0
123_CT_4,THERMAL,2020-07-16 00:00:00,0.0,0.0,0.0,0.0,0.0,0.0,0.0
123_CT_5,THERMAL,2020-07-16 00:00:00,0.0,0.0,0.0,0.0,0.0,0.0,0.0
123_STEAM_2,THERMAL,2020-07-16 00:00:00,0.0,0.0,0.0,0.0,0.0,0.0,0.0
123_STEAM_3,THERMAL,2020-07-16 00:00:00,0.0,0.0,0.0,0.0,0.0,0.0,0.0
201_CT_1,THERMAL,2020-07-16 00:00:00,0.0,0.0,0.0,0.0,0.0,0.0,0.0
201_CT_2,THERMAL,2020-07-16 00:00:00,0.0,0.0,0.0,0.0,0.0,0.0,0.0
201_STEAM_3,THERMAL,2020-07-16 00:00:00,0.0,0.0,0.0,0.0,0.0,0.0,0.0
202_CT_1,THERMAL,2020-07-16 00:00:00,0.0,0.0,0.0,0.0,0.0,0.0,0.0
202_CT_2,THERMAL,2020-07-16 00:00:00,0.0,0.0,0.0,0.0,0.0,0.0,0.0
202_STEAM_3,THERMAL,2020-07-16 00:00:00,0.0,0.0,0.0,0.0,0.0,0.0,0.0
202_STEAM_4,THERMAL,2020-07-16 00:00:00,0.0,0.0,0.0,0.0,0.0,0.0,0.0
207_CT_1,THERMAL,2020-07-16 00:00:00,0.0,0.0,0.0,0.0,0.0,0.0,0.0
207_CT_2,THERMAL,2020-07-16 00:00:00,0.0,0.0,0.0,0.0,0.0,0.0,0.0
212_CSP_1,THERMAL,2020-07-16 00:00:00,0.0,0.0,0.0,0.0,0.0,0.0,0.0
213_CC_3,THERMAL,2020-07-16 00:00:00,0.0,0.0,0.0,0.0,0.0,0.0,0.0
213_CT_1,THERMAL,2020-07-16 00:00:00,0.0,0.0,0.0,0.0,0.0,0.0,0.0
213_CT_2,THERMAL,2020-07-16 00:00:00,0.0,0.0,0.0,0.0,0.0,0.0,0.0
215_CT_4,THERMAL,2020-07-16 00:00:00,0.0,0.0,0.0,0.0,0.0,0.0,0.0
215_CT_5,THERMAL,2020-07-16 00:00:00,0.0,0.0,0.0,0.0,0.0,0.0,0.0
216_STEAM_1,THERMAL,2020-07-16 00:00:00,0.0,0.0,0.0,0.0,0.0,0.0,0.0
218_CC_1,THERMAL,2020-07-16 00:00:00,0.0,0.0,0.0,0.0,0.0,0.0,0.0
221_CC_1,THERMAL,2020-07-16 00:00:00,0.0,0.0,0.0,0.0,0.0,0.0,0.0
223_CT_4,THERMAL,2020-07-16 00:00:00,0.0,0.0,0.0,0.0,0.0,0.0,0.0
223_CT_5,THERMAL,2020-07-16 00:00:00,0.0,0.0,0.0,0.0,0.0,0.0,0.0
223_CT_6,THERMAL,2020-07-16 00:00:00,0.0,0.0,0.0,0.0,0.0,0.0,0.0
223_STEAM_1,THERMAL,2020-07-16 00:00:00,0.0,0.0,0.0,0.0,0.0,0.0,0.0
223_STEAM_2,THERMAL,2020-07-16 00:00:00,0.0,0.0,0.0,0.0,0.0,0.0,0.0
223_STEAM_3,THERMAL,2020-07-16 00:00:00,0.0,0.0,0.0,0.0,0.0,0.0,0.0
301_CT_1,THERMAL,2020-07-16 00:00:00,0.0,0.0,0.0,0.0,0.0,0.0,0.0
301_CT_2,THERMAL,2020-07-16 00:00:00,0.0,0.0,0.0,0.0,0.0,0.0,0.0
301_CT_3,THERMAL,2020-07-16 00:00:00,0.0,0.0,0.0,0.0,0.0,0.0,0.0
301_CT_4,THERMAL,2020-07-16 00:00:00,0.0,0.0,0.0,0.0,0.0,0.0,0.0
302_CT_1,THERMAL,2020-07-16 00:00:00,0.0,0.0,0.0,0.0,0.0,0.0,0.0
302_CT_2,THERMAL,2020-07-16 00:00:00,0.0,0.0,0.0,0.0,0.0,0.0,0.0
302_CT_3,THERMAL,2020-07-16 00:00:00,0.0,0.0,0.0,0.0,0.0,0.0,0.0
302_CT_4,THERMAL,2020-07-16 00:00:00,0.0,0.0,0.0,0.0,0.0,0.0,0.0
303_WIND_1,WIND,2020-07-16 00:00:00,0.0,0.0,0.0,0.0,0.0,0.0,0.0
307_CT_1,THERMAL,2020-07-16 00:00:00,0.0,0.0,0.0,0.0,0.0,0.0,0.0
307_CT_2,THERMAL,2020-07-16 00:00:00,0.0,0.0,0.0,0.0,0.0,0.0,0.0
309_WIND_1,WIND,2020-07-16 00:00:00,0.0,0.0,0.0,0.0,0.0,0.0,0.0
313_CC_1,THERMAL,2020-07-16 00:00:00,0.0,0.0,0.0,0.0,0.0,0.0,0.0
315_CT_6,THERMAL,2020-07-16 00:00:00,0.0,0.0,0.0,0.0,0.0,0.0,0.0
315_CT_7,THERMAL,2020-07-16 00:00:00,0.0,0.0,0.0,0.0,0.0,0.0,0.0
315_CT_8,THERMAL,2020-07-16 00:00:00,0.0,0.0,0.0,0.0,0.0,0.0,0.0
315_STEAM_1,THERMAL,2020-07-16 00:00:00,0.0,0.0,0.0,0.0,0.0,0.0,0.0
315_STEAM_2,THERMAL,2020-07-16 00:00:00,0.0,0.0,0.0,0.0,0.0,0.0,0.0
315_STEAM_3,THERMAL,2020-07-16 00:00:00,0.0,0.0,0.0,0.0,0.0,0.0,0.0
315_STEAM_4,THERMAL,2020-07-16 00:00:00,0.0,0.0,0.0,0.0,0.0,0.0,0.0
315_STEAM_5,THERMAL,2020-07-16 00:00:00,0.0,0.0,0.0,0.0,0.0,0.0,0.0
316_STEAM_1,THERMAL,2020-07-16 00:00:00,0.0,0.0,0.0,0.0,0.0,0.0,0.0
317_WIND_1,WIND,2020-07-16 00:00:00,0.0,0.0,0.0,0.0,0.0,0.0,0.0
318_CC_1,THERMAL,2020-07-16 00:00:00,0.0,0.0,0.0,0.0,0.0,0.0,0.0
321_CC_1,THERMAL,2020-07-16 00:00:00,0.0,0.0,0.0,0.0,0.0,0.0,0.0
322_CT_5,THERMAL,2020-07-16 00:00:00,0.0,0.0,0.0,0.0,0.0,0.0,0.0
322_CT_6,THERMAL,2020-07-16 00:00:00,0.0,0.0,0.0,0.0,0.0,0.0,0.0
323_CC_1,THERMAL,2020-07-16 00:00:00,0.0,0.0,0.0,0.0,0.0,0.0,0.0
323_CC_2,THERMAL,2020-07-16 00:00:00,0.0,0.0,0.0,0.0,0.0,0.0,0.0
101_CT_1,THERMAL,2020-07-16 02:00:00,0.0,0.0,0.0,0.0,0.0,0.0,0.0
101_CT_2,THERMAL,2020-07-16 02:00:00,0.0,0.0,0.0,0.0,0.0,0.0,0.0
101_STEAM_3,THERMAL,2020-07-16 02:00:00,0.0,0.0,0.0,0.0,0.0,0.0,0.0
101_STEAM_4,THERMAL,2020-07-16 02:00:00,0.0,0.0,0.0,0.0,0.0,0.0,0.0
102_CT_1,THERMAL,2020-07-16 02:00:00,0.0,0.0,0.0,0.0,0.0,0.0,0.0
102_CT_2,THERMAL,2020-07-16 02:00:00,0.0,0.0,0.0,0.0,0.0,0.0,0.0
102_STEAM_3,THERMAL,2020-07-16 02:00:00,0.0,0.0,0.0,0.0,0.0,0.0,0.0
102_STEAM_4,THERMAL,2020-07-16 02:00:00,0.0,0.0,0.0,0.0,0.0,0.0,0.0
107_CC_1,THERMAL,2020-07-16 02:00:00,0.0,0.0,0.0,0.0,0.0,0.0,0.0
113_CT_1,THERMAL,2020-07-16 02:00:00,0.0,0.0,0.0,0.0,0.0,0.0,0.0
113_CT_2,THERMAL,2020-07-16 02:00:00,0.0,0.0,0.0,0.0,0.0,0.0,0.0
113_CT_3,THERMAL,2020-07-16 02:00:00,0.0,0.0,0.0,0.0,0.0,0.0,0.0
113_CT_4,THERMAL,2020-07-16 02:00:00,0.0,0.0,0.0,0.0,0.0,0.0,0.0
115_STEAM_1,THERMAL,2020-07-16 02:00:00,0.0,0.0,0.0,0.0,0.0,0.0,0.0
115_STEAM_2,THERMAL,2020-07-16 02:00:00,0.0,0.0,0.0,0.0,0.0,0.0,0.0
115_STEAM_3,THERMAL,2020-07-16 02:00:00,0.0,0.0,0.0,0.0,0.0,0.0,0.0
116_STEAM_1,THERMAL,2020-07-16 02:00:00,0.0,0.0,0.0,0.0,0.0,0.0,0.0
118_CC_1,THERMAL,2020-07-16 02:00:00,0.0,0.0,0.0,0.0,0.0,0.0,0.0
122_WIND_1,WIND,2020-07-16 02:00:00,0.0,0.0,0.0,0.0,0.0,0.0,0.0
123_CT_1,THERMAL,2020-07-16 02:00:00,0.0,0.0,0.0,0.0,0.0,0.0,0.0
123_CT_4,THERMAL,2020-07-16 02:00:00,0.0,0.0,0.0,0.0,0.0,0.0,0.0
123_CT_5,THERMAL,2020-07-16 02:00:00,0.0,0.0,0.0,0.0,0.0,0.0,0.0
123_STEAM_2,THERMAL,2020-07-16 02:00:00,0.0,0.0,0.0,0.0,0.0,0.0,0.0
123_STEAM_3,THERMAL,2020-07-16 02:00:00,0.0,0.0,0.0,0.0,0.0,0.0,0.0
201_CT_1,THERMAL,2020-07-16 02:00:00,0.0,0.0,0.0,0.0,0.0,0.0,0.0
201_CT_2,THERMAL,2020-07-16 02:00:00,0.0,0.0,0.0,0.0,0.0,0.0,0.0
201_STEAM_3,THERMAL,2020-07-16 02:00:00,0.0,0.0,0.0,0.0,0.0,0.0,0.0
202_CT_1,THERMAL,2020-07-16 02:00:00,0.0,0.0,0.0,0.0,0.0,0.0,0.0
202_CT_2,THERMAL,2020-07-16 02:00:00,0.0,0.0,0.0,0.0,0.0,0.0,0.0
202_STEAM_3,THERMAL,2020-07-16 02:00:00,0.0,0.0,0.0,0.0,0.0,0.0,0.0
202_STEAM_4,THERMAL,2020-07-16 02:00:00,0.0,0.0,0.0,0.0,0.0,0.0,0.0
207_CT_1,THERMAL,2020-07-16 02:00:00,0.0,0.0,0.0,0.0,0.0,0.0,0.0
207_CT_2,THERMAL,2020-07-16 02:00:00,0.0,0.0,0.0,0.0,0.0,0.0,0.0
212_CSP_1,THERMAL,2020-07-16 02:00:00,0.0,0.0,0.0,0.0,0.0,0.0,0.0
213_CC_3,THERMAL,2020-07-16 02:00:00,0.0,0.0,0.0,0.0,0.0,0.0,0.0
213_CT_1,THERMAL,2020-07-16 02:00:00,0.0,0.0,0.0,0.0,0.0,0.0,0.0
213_CT_2,THERMAL,2020-07-16 02:00:00,0.0,0.0,0.0,0.0,0.0,0.0,0.0
215_CT_4,THERMAL,2020-07-16 02:00:00,0.0,0.0,0.0,0.0,0.0,0.0,0.0
215_CT_5,THERMAL,2020-07-16 02:00:00,0.0,0.0,0.0,0.0,0.0,0.0,0.0
216_STEAM_1,THERMAL,2020-07-16 02:00:00,0.0,0.0,0.0,0.0,0.0,0.0,0.0
218_CC_1,THERMAL,2020-07-16 02:00:00,0.0,0.0,0.0,0.0,0.0,0.0,0.0
221_CC_1,THERMAL,2020-07-16 02:00:00,0.0,0.0,0.0,0.0,0.0,0.0,0.0
223_CT_4,THERMAL,2020-07-16 02:00:00,0.0,0.0,0.0,0.0,0.0,0.0,0.0
223_CT_5,THERMAL,2020-07-16 02:00:00,0.0,0.0,0.0,0.0,0.0,0.0,0.0
223_CT_6,THERMAL,2020-07-16 02:00:00,0.0,0.0,0.0,0.0,0.0,0.0,0.0
223_STEAM_1,THERMAL,2020-07-16 02:00:00,0.0,0.0,0.0,0.0,0.0,0.0,0.0
223_STEAM_2,THERMAL,2020-07-16 02:00:00,0.0,0.0,0.0,0.0,0.0,0.0,0.0
223_STEAM_3,THERMAL,2020-07-16 02:00:00,0.0,0.0,0.0,0.0,0.0,0.0,0.0
301_CT_1,THERMAL,2020-07-16 02:00:00,0.0,0.0,0.0,0.0,0.0,0.0,0.0
301_CT_2,THERMAL,2020-07-16 02:00:00,0.0,0.0,0.0,0.0,0.0,0.0,0.0
301_CT_3,THERMAL,2020-07-16 02:00:00,0.0,0.0,0.0,0.0,0.0,0.0,0.0
301_CT_4,THERMAL,2020-07-16 02:00:00,0.0,0.0,0.0,0.0,0.0,0.0,0.0
302_CT_1,THERMAL,2020-07-16 02:00:00,0.0,0.0,0.0,0.0,0.0,0.0,0.0
302_CT_2,THERMAL,2020-07-16 02:00:00,0.0,0.0,0.0,0.0,0.0,0.0,0.0
302_CT_3,THERMAL,2020-07-16 02:00:00,0.0,0.0,0.0,0.0,0.0,0.0,0.0
302_CT_4,THERMAL,2020-07-16 02:00:00,0.0,0.0,0.0,0.0,0.0,0.0,0.0
303_WIND_1,WIND,2020-07-16 02:00:00,0.0,0.0,0.0,0.0,0.0,0.0,0.0
307_CT_1,THERMAL,2020-07-16 02:00:00,0.0,0.0,0.0,0.0,0.0,0.0,0.0
307_CT_2,THERMAL,2020-07-16 02:00:00,0.0,0.0,0.0,0.0,0.0,0.0,0.0
309_WIND_1,WIND,2020-07-16 02:00:00,0.0,0.0,0.0,0.0,0.0,0.0,0.0
313_CC_1,THERMAL,2020-07-16 02:00:00,0.0,0.0,0.0,0.0,0.0,0.0,0.0
315_CT_6,THERMAL,2020-07-16 02:00:00,0.0,0.0,0.0,0.0,0.0,0.0,0.0
315_CT_7,THERMAL,2020-07-16 02:00:00,0.0,0.0,0.0,0.0,0.0,0.0,0.0
315_CT_8,THERMAL,2020-07-16 02:00:00,0.0,0.0,0.0,0.0,0.0,0.0,0.0
315_STEAM_1,THERMAL,2020-07-16 02:00:00,0.0,0.0,0.0,0.0,0.0,0.0,0.0
315_STEAM_2,THERMAL,2020-07-16 02:00:00,0.0,0.0,0.0,0.0,0.0,0.0,0.0
315_STEAM_3,THERMAL,2020-07-16 02:00:00,0.0,0.0,0.0,0.0,0.0,0.0,0.0
315_STEAM_4,THERMAL,2020-07-16 02:00:00,0.0,0.0,0.0,0.0,0.0,0.0,0.0
315_STEAM_5,THERMAL,2020-07-16 02:00:00,0.0,0.0,0.0,0.0,0.0,0.0,0.0
316_STEAM_1,THERMAL,2020-07-16 02:00:00,0.0,0.0,0.0,0.0,0.0,0.0,0.0
317_WIND_1,WIND,2020-07-16 02:00:00,0.0,0.0,0.0,0.0,0.0,0.0,0.0
318_CC_1,THERMAL,2020-07-16 02:00:00,0.0,0.0,0.0,0.0,0.0,0.0,0.0
321_CC_1,THERMAL,2020-07-16 02:00:00,0.0,0.0,0.0,0.0,0.0,0.0,0.0
322_CT_5,THERMAL,2020-07-16 02:00:00,0.0,0.0,0.0,0.0,0.0,0.0,0.0
322_CT_6,THERMAL,2020-07-16 02:00:00,0.0,0.0,0.0,0.0,0.0,0.0,0.0
323_CC_1,THERMAL,2020-07-16 02:00:00,0.0,0.0,0.0,0.0,0.0,0.0,0.0
323_CC_2,THERMAL,2020-07-16 02:00:00,0.0,0.0,0.0,0.0,0.0,0.0,0.0
101_CT_1,THERMAL,2020-07-16 04:00:00,0.0,0.0,0.0,0.0,0.0,0.0,0.0
101_CT_2,THERMAL,2020-07-16 04:00:00,0.0,0.0,0.0,0.0,0.0,0.0,0.0
101_STEAM_3,THERMAL,2020-07-16 04:00:00,0.0,0.0,0.0,0.0,0.0,0.0,0.0
101_STEAM_4,THERMAL,2020-07-16 04:00:00,0.0,0.0,0.0,0.0,0.0,0.0,0.0
102_CT_1,THERMAL,2020-07-16 04:00:00,0.0,0.0,0.0,0.0,0.0,0.0,0.0
102_CT_2,THERMAL,2020-07-16 04:00:00,0.0,0.0,0.0,0.0,0.0,0.0,0.0
102_STEAM_3,THERMAL,2020-07-16 04:00:00,0.0,0.0,0.0,0.0,0.0,0.0,0.0
102_STEAM_4,THERMAL,2020-07-16 04:00:00,0.0,0.0,0.0,0.0,0.0,0.0,0.0
107_CC_1,THERMAL,2020-07-16 04:00:00,0.0,0.0,0.0,0.0,0.0,0.0,0.0
113_CT_1,THERMAL,2020-07-16 04:00:00,0.0,0.0,0.0,0.0,0.0,0.0,0.0
113_CT_2,THERMAL,2020-07-16 04:00:00,0.0,0.0,0.0,0.0,0.0,0.0,0.0
113_CT_3,THERMAL,2020-07-16 04:00:00,0.0,0.0,0.0,0.0,0.0,0.0,0.0
113_CT_4,THERMAL,2020-07-16 04:00:00,0.0,0.0,0.0,0.0,0.0,0.0,0.0
115_STEAM_1,THERMAL,2020-07-16 04:00:00,0.0,0.0,0.0,0.0,0.0,0.0,0.0
115_STEAM_2,THERMAL,2020-07-16 04:00:00,0.0,0.0,0.0,0.0,0.0,0.0,0.0
115_STEAM_3,THERMAL,2020-07-16 04:00:00,0.0,0.0,0.0,0.0,0.0,0.0,0.0
116_STEAM_1,THERMAL,2020-07-16 04:00:00,0.0,0.0,0.0,0.0,0.0,0.0,0.0
118_CC_1,THERMAL,2020-07-16 04:00:00,0.0,0.0,0.0,0.0,0.0,0.0,0.0
122_WIND_1,WIND,2020-07-16 04:00:00,0.0,0.0,0.0,0.0,0.0,0.0,0.0
123_CT_1,THERMAL,2020-07-16 04:00:00,0.0,0.0,0.0,0.0,0.0,0.0,0.0
123_CT_4,THERMAL,2020-07-16 04:00:00,0.0,0.0,0.0,0.0,0.0,0.0,0.0
123_CT_5,THERMAL,2020-07-16 04:00:00,0.0,0.0,0.0,0.0,0.0,0.0,0.0
123_STEAM_2,THERMAL,2020-07-16 04:00:00,0.0,0.0,0.0,0.0,0.0,0.0,0.0
123_STEAM_3,THERMAL,2020-07-16 04:00:00,0.0,0.0,0.0,0.0,0.0,0.0,0.0
201_CT_1,THERMAL,2020-07-16 04:00:00,0.0,0.0,0.0,0.0,0.0,0.0,0.0
201_CT_2,THERMAL,2020-07-16 04:00:00,0.0,0.0,0.0,0.0,0.0,0.0,0.0
201_STEAM_3,THERMAL,2020-07-16 04:00:00,0.0,0.0,0.0,0.0,0.0,0.0,0.0
202_CT_1,THERMAL,2020-07-16 04:00:00,0.0,0.0,0.0,0.0,0.0,0.0,0.0
202_CT_2,THERMAL,2020-07-16 04:00:00,0.0,0.0,0.0,0.0,0.0,0.0,0.0
202_STEAM_3,THERMAL,2020-07-16 04:00:00,0.0,0.0,0.0,0.0,0.0,0.0,0.0
202_STEAM_4,THERMAL,2020-07-16 04:00:00,0.0,0.0,0.0,0.0,0.0,0.0,0.0
207_CT_1,THERMAL,2020-07-16 04:00:00,0.0,0.0,0.0,0.0,0.0,0.0,0.0
207_CT_2,THERMAL,2020-07-16 04:00:00,0.0,0.0,0.0,0.0,0.0,0.0,0.0
212_CSP_1,THERMAL,2020-07-16 04:00:00,0.0,0.0,0.0,0.0,0.0,0.0,0.0
213_CC_3,THERMAL,2020-07-16 04:00:00,0.0,0.0,0.0,0.0,0.0,0.0,0.0
213_CT_1,THERMAL,2020-07-16 04:00:00,0.0,0.0,0.0,0.0,0.0,0.0,0.0
213_CT_2,THERMAL,2020-07-16 04:00:00,0.0,0.0,0.0,0.0,0.0,0.0,0.0
215_CT_4,THERMAL,2020-07-16 04:00:00,0.0,0.0,0.0,0.0,0.0,0.0,0.0
215_CT_5,THERMAL,2020-07-16 04:00:00,0.0,0.0,0.0,0.0,0.0,0.0,0.0
216_STEAM_1,THERMAL,2020-07-16 04:00:00,0.0,0.0,0.0,0.0,0.0,0.0,0.0
218_CC_1,THERMAL,2020-07-16 04:00:00,0.0,0.0,0.0,0.0,0.0,0.0,0.0
221_CC_1,THERMAL,2020-07-16 04:00:00,0.0,0.0,0.0,0.0,0.0,0.0,0.0
223_CT_4,THERMAL,2020-07-16 04:00:00,0.0,0.0,0.0,0.0,0.0,0.0,0.0
223_CT_5,THERMAL,2020-07-16 04:00:00,0.0,0.0,0.0,0.0,0.0,0.0,0.0
223_CT_6,THERMAL,2020-07-16 04:00:00,0.0,0.0,0.0,0.0,0.0,0.0,0.0
223_STEAM_1,THERMAL,2020-07-16 04:00:00,0.0,0.0,0.0,0.0,0.0,0.0,0.0
223_STEAM_2,THERMAL,2020-07-16 04:00:00,0.0,0.0,0.0,0.0,0.0,0.0,0.0
223_STEAM_3,THERMAL,2020-07-16 04:00:00,0.0,0.0,0.0,0.0,0.0,0.0,0.0
301_CT_1,THERMAL,2020-07-16 04:00:00,0.0,0.0,0.0,0.0,0.0,0.0,0.0
301_CT_2,THERMAL,2020-07-16 04:00:00,0.0,0.0,0.0,0.0,0.0,0.0,0.0
301_CT_3,THERMAL,2020-07-16 04:00:00,0.0,0.0,0.0,0.0,0.0,0.0,0.0
301_CT_4,THERMAL,2020-07-16 04:00:00,0.0,0.0,0.0,0.0,0.0,0.0,0.0
302_CT_1,THERMAL,2020-07-16 04:00:00,0.0,0.0,0.0,0.0,0.0,0.0,0.0
302_CT_2,THERMAL,2020-07-16 04:00:00,0.0,0.0,0.0,0.0,0.0,0.0,0.0
302_CT_3,THERMAL,2020-07-16 04:00:00,0.0,0.0,0.0,0.0,0.0,0.0,0.0
302_CT_4,THERMAL,2020-07-16 04:00:00,0.0,0.0,0.0,0.0,0.0,0.0,0.0
303_WIND_1,WIND,2020-07-16 04:00:00,0.0,0.0,0.0,0.0,0.0,0.0,0.0
307_CT_1,THERMAL,2020-07-16 04:00:00,0.0,0.0,0.0,0.0,0.0,0.0,0.0
307_CT_2,THERMAL,2020-07-16 04:00:00,0.0,0.0,0.0,0.0,0.0,0.0,0.0
309_WIND_1,WIND,2020-07-16 04:00:00,0.0,0.0,0.0,0.0,0.0,0.0,0.0
313_CC_1,THERMAL,2020-07-16 04:00:00,0.0,0.0,0.0,0.0,0.0,0.0,0.0
315_CT_6,THERMAL,2020-07-16 04:00:00,0.0,0.0,0.0,0.0,0.0,0.0,0.0
315_CT_7,THERMAL,2020-07-16 04:00:00,0.0,0.0,0.0,0.0,0.0,0.0,0.0
315_CT_8,THERMAL,2020-07-16 04:00:00,0.0,0.0,0.0,0.0,0.0,0.0,0.0
315_STEAM_1,THERMAL,2020-07-16 04:00:00,0.0,0.0,0.0,0.0,0.0,0.0,0.0
315_STEAM_2,THERMAL,2020-07-16 04:00:00,0.0,0.0,0.0,0.0,0.0,0.0,0.0
315_STEAM_3,THERMAL,2020-07-16 04:00:00,0.0,0.0,0.0,0.0,0.0,0.0,0.0
315_STEAM_4,THERMAL,2020-07-16 04:00:00,0.0,0.0,0.0,0.0,0.0,0.0,0.0
315_STEAM_5,THERMAL,2020-07-16 04:00:00,0.0,0.0,0.0,0.0,0.0,0.0,0.0
316_STEAM_1,THERMAL,2020-07-16 04:00:00,0.0,0.0,0.0,0.0,0.0,0.0,0.0
317_WIND_1,WIND,2020-07-16 04:00:00,0.0,0.0,0.0,0.0,0.0,0.0,0.0
318_CC_1,THERMAL,2020-07-16 04:00:00,0.0,0.0,0.0,0.0,0.0,0.0,0.0
321_CC_1,THERMAL,2020-07-16 04:00:00,0.0,0.0,0.0,0.0,0.0,0.0,0.0
322_CT_5,THERMAL,2020-07-16 04:00:00,0.0,0.0,0.0,0.0,0.0,0.0,0.0
322_CT_6,THERMAL,2020-07-16 04:00:00,0.0,0.0,0.0,0.0,0.0,0.0,0.0
323_CC_1,THERMAL,2020-07-16 04:00:00,0.0,0.0,0.0,0.0,0.0,0.0,0.0
323_CC_2,THERMAL,2020-07-16 04:00:00,0.0,0.0,0.0,0.0,0.0,0.0,0.0
101_CT_1,THERMAL,2020-07-16 06:00:00,0.0,0.0,0.0,0.0,0.0,0.0,0.0
101_CT_2,THERMAL,2020-07-16 06:00:00,0.0,0.0,0.0,0.0,0.0,0.0,0.0
101_STEAM_3,THERMAL,2020-07-16 06:00:00,0.0,0.0,0.0,0.0,0.0,0.0,0.0
101_STEAM_4,THERMAL,2020-07-16 06:00:00,0.0,0.0,0.0,0.0,0.0,0.0,0.0
102_CT_1,THERMAL,2020-07-16 06:00:00,0.0,0.0,0.0,0.0,0.0,0.0,0.0
102_CT_2,THERMAL,2020-07-16 06:00:00,0.0,0.0,0.0,0.0,0.0,0.0,0.0
102_STEAM_3,THERMAL,2020-07-16 06:00:00,0.0,0.0,0.0,0.0,0.0,0.0,0.0
102_STEAM_4,THERMAL,2020-07-16 06:00:00,0.0,0.0,0.0,0.0,0.0,0.0,0.0
107_CC_1,THERMAL,2020-07-16 06:00:00,0.0,0.0,0.0,0.0,0.0,0.0,0.0
113_CT_1,THERMAL,2020-07-16 06:00:00,0.0,0.0,0.0,0.0,0.0,0.0,0.0
113_CT_2,THERMAL,2020-07-16 06:00:00,0.0,0.0,0.0,0.0,0.0,0.0,0.0
113_CT_3,THERMAL,2020-07-16 06:00:00,0.0,0.0,0.0,0.0,0.0,0.0,0.0
113_CT_4,THERMAL,2020-07-16 06:00:00,0.0,0.0,0.0,0.0,0.0,0.0,0.0
115_STEAM_1,THERMAL,2020-07-16 06:00:00,0.0,0.0,0.0,0.0,0.0,0.0,0.0
115_STEAM_2,THERMAL,2020-07-16 06:00:00,0.0,0.0,0.0,0.0,0.0,0.0,0.0
115_STEAM_3,THERMAL,2020-07-16 06:00:00,0.0,0.0,0.0,0.0,0.0,0.0,0.0
116_STEAM_1,THERMAL,2020-07-16 06:00:00,0.0,0.0,0.0,0.0,0.0,0.0,0.0
118_CC_1,THERMAL,2020-07-16 06:00:00,0.0,0.0,0.0,0.0,0.0,0.0,0.0
122_WIND_1,WIND,2020-07-16 06:00:00,0.0,0.0,0.0,0.0,0.0,0.0,0.0
123_CT_1,THERMAL,2020-07-16 06:00:00,0.0,0.0,0.0,0.0,0.0,0.0,0.0
123_CT_4,THERMAL,2020-07-16 06:00:00,0.0,0.0,0.0,0.0,0.0,0.0,0.0
123_CT_5,THERMAL,2020-07-16 06:00:00,0.0,0.0,0.0,0.0,0.0,0.0,0.0
123_STEAM_2,THERMAL,2020-07-16 06:00:00,0.0,0.0,0.0,0.0,0.0,0.0,0.0
123_STEAM_3,THERMAL,2020-07-16 06:00:00,0.0,0.0,0.0,0.0,0.0,0.0,0.0
201_CT_1,THERMAL,2020-07-16 06:00:00,0.0,0.0,0.0,0.0,0.0,0.0,0.0
201_CT_2,THERMAL,2020-07-16 06:00:00,0.0,0.0,0.0,0.0,0.0,0.0,0.0
201_STEAM_3,THERMAL,2020-07-16 06:00:00,0.0,0.0,0.0,0.0,0.0,0.0,0.0
202_CT_1,THERMAL,2020-07-16 06:00:00,0.0,0.0,0.0,0.0,0.0,0.0,0.0
202_CT_2,THERMAL,2020-07-16 06:00:00,0.0,0.0,0.0,0.0,0.0,0.0,0.0
202_STEAM_3,THERMAL,2020-07-16 06:00:00,0.0,0.0,0.0,0.0,0.0,0.0,0.0
202_STEAM_4,THERMAL,2020-07-16 06:00:00,0.0,0.0,0.0,0.0,0.0,0.0,0.0
207_CT_1,THERMAL,2020-07-16 06:00:00,0.0,0.0,0.0,0.0,0.0,0.0,0.0
207_CT_2,THERMAL,2020-07-16 06:00:00,0.0,0.0,0.0,0.0,0.0,0.0,0.0
212_CSP_1,THERMAL,2020-07-16 06:00:00,0.0,0.0,0.0,0.0,0.0,0.0,0.0
213_CC_3,THERMAL,2020-07-16 06:00:00,0.0,0.0,0.0,0.0,0.0,0.0,0.0
213_CT_1,THERMAL,2020-07-16 06:00:00,0.0,0.0,0.0,0.0,0.0,0.0,0.0
213_CT_2,THERMAL,2020-07-16 06:00:00,0.0,0.0,0.0,0.0,0.0,0.0,0.0
215_CT_4,THERMAL,2020-07-16 06:00:00,0.0,0.0,0.0,0.0,0.0,0.0,0.0
215_CT_5,THERMAL,2020-07-16 06:00:00,0.0,0.0,0.0,0.0,0.0,0.0,0.0
216_STEAM_1,THERMAL,2020-07-16 06:00:00,0.0,0.0,0.0,0.0,0.0,0.0,0.0
218_CC_1,THERMAL,2020-07-16 06:00:00,0.0,0.0,0.0,0.0,0.0,0.0,0.0
221_CC_1,THERMAL,2020-07-16 06:00:00,0.0,0.0,0.0,0.0,0.0,0.0,0.0
223_CT_4,THERMAL,2020-07-16 06:00:00,0.0,0.0,0.0,0.0,0.0,0.0,0.0
223_CT_5,THERMAL,2020-07-16 06:00:00,0.0,0.0,0.0,0.0,0.0,0.0,0.0
223_CT_6,THERMAL,2020-07-16 06:00:00,0.0,0.0,0.0,0.0,0.0,0.0,0.0
223_STEAM_1,THERMAL,2020-07-16 06:00:00,0.0,0.0,0.0,0.0,0.0,0.0,0.0
223_STEAM_2,THERMAL,2020-07-16 06:00:00,0.0,0.0,0.0,0.0,0.0,0.0,0.0
223_STEAM_3,THERMAL,2020-07-16 06:00:00,0.0,0.0,0.0,0.0,0.0,0.0,0.0
301_CT_1,THERMAL,2020-07-16 06:00:00,0.0,0.0,0.0,0.0,0.0,0.0,0.0
301_CT_2,THERMAL,2020-07-16 06:00:00,0.0,0.0,0.0,0.0,0.0,0.0,0.0
301_CT_3,THERMAL,2020-07-16 06:00:00,0.0,0.0,0.0,0.0,0.0,0.0,0.0
301_CT_4,THERMAL,2020-07-16 06:00:00,0.0,0.0,0.0,0.0,0.0,0.0,0.0
302_CT_1,THERMAL,2020-07-16 06:00:00,0.0,0.0,0.0,0.0,0.0,0.0,0.0
302_CT_2,THERMAL,2020-07-16 06:00:00,0.0,0.0,0.0,0.0,0.0,0.0,0.0
302_CT_3,THERMAL,2020-07-16 06:00:00,0.0,0.0,0.0,0.0,0.0,0.0,0.0
302_CT_4,THERMAL,2020-07-16 06:00:00,0.0,0.0,0.0,0.0,0.0,0.0,0.0
303_WIND_1,WIND,2020-07-16 06:00:00,0.0,0.0,0.0,0.0,0.0,0.0,0.0
307_CT_1,THERMAL,2020-07-16 06:00:00,0.0,0.0,0.0,0.0,0.0,0.0,0.0
307_CT_2,THERMAL,2020-07-16 06:00:00,0.0,0.0,0.0,0.0,0.0,0.0,0.0
309_WIND_1,WIND,2020-07-16 06:00:00,0.0,0.0,0.0,0.0,0.0,0.0,0.0
313_CC_1,THERMAL,2020-07-16 06:00:00,0.0,0.0,0.0,0.0,0.0,0.0,0.0
315_CT_6,THERMAL,2020-07-16 06:00:00,0.0,0.0,0.0,0.0,0.0,0.0,0.0
315_CT_7,THERMAL,2020-07-16 06:00:00,0.0,0.0,0.0,0.0,0.0,0.0,0.0
315_CT_8,THERMAL,2020-07-16 06:00:00,0.0,0.0,0.0,0.0,0.0,0.0,0.0
315_STEAM_1,THERMAL,2020-07-16 06:00:00,0.0,0.0,0.0,0.0,0.0,0.0,0.0
315_STEAM_2,THERMAL,2020-07-16 06:00:00,0.0,0.0,0.0,0.0,0.0,0.0,0.0
315_STEAM_3,THERMAL,2020-07-16 06:00:00,0.0,0.0,0.0,0.0,0.0,0.0,0.0
315_STEAM_4,THERMAL,2020-07-16 06:00:00,0.0,0.0,0.0,0.0,0.0,0.0,0.0
315_STEAM_5,THERMAL,2020-07-16 06:00:00,0.0,0.0,0.0,0.0,0.0,0.0,0.0
316_STEAM_1,THERMAL,2020-07-16 06:00:00,0.0,0.0,0.0,0.0,0.0,0.0,0.0
317_WIND_1,WIND,2020-07-16 06:00:00,0.0,0.0,0.0,0.0,0.0,0.0,0.0
318_CC_1,THERMAL,2020-07-16 06:00:00,0.0,0.0,0.0,0.0,0.0,0.0,0.0
321_CC_1,THERMAL,2020-07-16 06:00:00,0.0,0.0,0.0,0.0,0.0,0.0,0.0
322_CT_5,THERMAL,2020-07-16 06:00:00,0.0,0.0,0.0,0.0,0.0,0.0,0.0
322_CT_6,THERMAL,2020-07-16 06:00:00,0.0,0.0,0.0,0.0,0.0,0.0,0.0
323_CC_1,THERMAL,2020-07-16 06:00:00,0.0,0.0,0.0,0.0,0.0,0.0,0.0
323_CC_2,THERMAL,2020-07-16 06:00:00,0.0,0.0,0.0,0.0,0.0,0.0,0.0
101_CT_1,THERMAL,2020-07-16 08:00:00,0.0,0.0,0.0,0.0,0.0,0.0,0.0
101_CT_2,THERMAL,2020-07-16 08:00:00,0.0,0.0,0.0,0.0,0.0,0.0,0.0
101_STEAM_3,THERMAL,2020-07-16 08:00:00,0.0,0.0,0.0,0.0,0.0,0.0,0.0
101_STEAM_4,THERMAL,2020-07-16 08:00:00,0.0,0.0,0.0,0.0,0.0,0.0,0.0
102_CT_1,THERMAL,2020-07-16 08:00:00,0.0,0.0,0.0,0.0,0.0,0.0,0.0
102_CT_2,THERMAL,2020-07-16 08:00:00,0.0,0.0,0.0,0.0,0.0,0.0,0.0
102_STEAM_3,THERMAL,2020-07-16 08:00:00,0.0,0.0,0.0,0.0,0.0,0.0,0.0
102_STEAM_4,THERMAL,2020-07-16 08:00:00,0.0,0.0,0.0,0.0,0.0,0.0,0.0
107_CC_1,THERMAL,2020-07-16 08:00:00,0.0,0.0,0.0,0.0,0.0,0.0,0.0
113_CT_1,THERMAL,2020-07-16 08:00:00,0.0,0.0,0.0,0.0,0.0,0.0,0.0
113_CT_2,THERMAL,2020-07-16 08:00:00,0.0,0.0,0.0,0.0,0.0,0.0,0.0
113_CT_3,THERMAL,2020-07-16 08:00:00,0.0,0.0,0.0,0.0,0.0,0.0,0.0
113_CT_4,THERMAL,2020-07-16 08:00:00,0.0,0.0,0.0,0.0,0.0,0.0,0.0
115_STEAM_1,THERMAL,2020-07-16 08:00:00,0.0,0.0,0.0,0.0,0.0,0.0,0.0
115_STEAM_2,THERMAL,2020-07-16 08:00:00,0.0,0.0,0.0,0.0,0.0,0.0,0.0
115_STEAM_3,THERMAL,2020-07-16 08:00:00,0.0,0.0,0.0,0.0,0.0,0.0,0.0
116_STEAM_1,THERMAL,2020-07-16 08:00:00,0.0,0.0,0.0,0.0,0.0,0.0,0.0
118_CC_1,THERMAL,2020-07-16 08:00:00,0.0,0.0,0.0,0.0,0.0,0.0,0.0
122_WIND_1,WIND,2020-07-16 08:00:00,0.0,0.0,0.0,0.0,0.0,0.0,0.0
123_CT_1,THERMAL,2020-07-16 08:00:00,0.0,0.0,0.0,0.0,0.0,0.0,0.0
123_CT_4,THERMAL,2020-07-16 08:00:00,0.0,0.0,0.0,0.0,0.0,0.0,0.0
123_CT_5,THERMAL,2020-07-16 08:00:00,0.0,0.0,0.0,0.0,0.0,0.0,0.0
123_STEAM_2,THERMAL,2020-07-16 08:00:00,0.0,0.0,0.0,0.0,0.0,0.0,0.0
123_STEAM_3,THERMAL,2020-07-16 08:00:00,0.0,0.0,0.0,0.0,0.0,0.0,0.0
201_CT_1,THERMAL,2020-07-16 08:00:00,0.0,0.0,0.0,0.0,0.0,0.0,0.0
201_CT_2,THERMAL,2020-07-16 08:00:00,0.0,0.0,0.0,0.0,0.0,0.0,0.0
201_STEAM_3,THERMAL,2020-07-16 08:00:00,0.0,0.0,0.0,0.0,0.0,0.0,0.0
202_CT_1,THERMAL,2020-07-16 08:00:00,0.0,0.0,0.0,0.0,0.0,0.0,0.0
202_CT_2,THERMAL,2020-07-16 08:00:00,0.0,0.0,0.0,0.0,0.0,0.0,0.0
202_STEAM_3,THERMAL,2020-07-16 08:00:00,0.0,0.0,0.0,0.0,0.0,0.0,0.0
202_STEAM_4,THERMAL,2020-07-16 08:00:00,0.0,0.0,0.0,0.0,0.0,0.0,0.0
207_CT_1,THERMAL,2020-07-16 08:00:00,0.0,0.0,0.0,0.0,0.0,0.0,0.0
207_CT_2,THERMAL,2020-07-16 08:00:00,0.0,0.0,0.0,0.0,0.0,0.0,0.0
212_CSP_1,THERMAL,2020-07-16 08:00:00,0.0,0.0,0.0,0.0,0.0,0.0,0.0
213_CC_3,THERMAL,2020-07-16 08:00:00,0.0,0.0,0.0,0.0,0.0,0.0,0.0
213_CT_1,THERMAL,2020-07-16 08:00:00,0.0,0.0,0.0,0.0,0.0,0.0,0.0
213_CT_2,THERMAL,2020-07-16 08:00:00,0.0,0.0,0.0,0.0,0.0,0.0,0.0
215_CT_4,THERMAL,2020-07-16 08:00:00,0.0,0.0,0.0,0.0,0.0,0.0,0.0
215_CT_5,THERMAL,2020-07-16 08:00:00,0.0,0.0,0.0,0.0,0.0,0.0,0.0
216_STEAM_1,THERMAL,2020-07-16 08:00:00,0.0,0.0,0.0,0.0,0.0,0.0,0.0
218_CC_1,THERMAL,2020-07-16 08:00:00,0.0,0.0,0.0,0.0,0.0,0.0,0.0
221_CC_1,THERMAL,2020-07-16 08:00:00,0.0,0.0,0.0,0.0,0.0,0.0,0.0
223_CT_4,THERMAL,2020-07-16 08:00:00,0.0,0.0,0.0,0.0,0.0,0.0,0.0
223_CT_5,THERMAL,2020-07-16 08:00:00,0.0,0.0,0.0,0.0,0.0,0.0,0.0
223_CT_6,THERMAL,2020-07-16 08:00:00,0.0,0.0,0.0,0.0,0.0,0.0,0.0
223_STEAM_1,THERMAL,2020-07-16 08:00:00,0.0,0.0,0.0,0.0,0.0,0.0,0.0
223_STEAM_2,THERMAL,2020-07-16 08:00:00,0.0,0.0,0.0,0.0,0.0,0.0,0.0
223_STEAM_3,THERMAL,2020-07-16 08:00:00,0.0,0.0,0.0,0.0,0.0,0.0,0.0
301_CT_1,THERMAL,2020-07-16 08:00:00,0.0,0.0,0.0,0.0,0.0,0.0,0.0
301_CT_2,THERMAL,2020-07-16 08:00:00,0.0,0.0,0.0,0.0,0.0,0.0,0.0
301_CT_3,THERMAL,2020-07-16 08:00:00,0.0,0.0,0.0,0.0,0.0,0.0,0.0
301_CT_4,THERMAL,2020-07-16 08:00:00,0.0,0.0,0.0,0.0,0.0,0.0,0.0
302_CT_1,THERMAL,2020-07-16 08:00:00,0.0,0.0,0.0,0.0,0.0,0.0,0.0
302_CT_2,THERMAL,2020-07-16 08:00:00,0.0,0.0,0.0,0.0,0.0,0.0,0.0
302_CT_3,THERMAL,2020-07-16 08:00:00,0.0,0.0,0.0,0.0,0.0,0.0,0.0
302_CT_4,THERMAL,2020-07-16 08:00:00,0.0,0.0,0.0,0.0,0.0,0.0,0.0
303_WIND_1,WIND,2020-07-16 08:00:00,0.0,0.0,0.0,0.0,0.0,0.0,0.0
307_CT_1,THERMAL,2020-07-16 08:00:00,0.0,0.0,0.0,0.0,0.0,0.0,0.0
307_CT_2,THERMAL,2020-07-16 08:00:00,0.0,0.0,0.0,0.0,0.0,0.0,0.0
309_WIND_1,WIND,2020-07-16 08:00:00,0.0,0.0,0.0,0.0,0.0,0.0,0.0
313_CC_1,THERMAL,2020-07-16 08:00:00,0.0,0.0,0.0,0.0,0.0,0.0,0.0
315_CT_6,THERMAL,2020-07-16 08:00:00,0.0,0.0,0.0,0.0,0.0,0.0,0.0
315_CT_7,THERMAL,2020-07-16 08:00:00,0.0,0.0,0.0,0.0,0.0,0.0,0.0
315_CT_8,THERMAL,2020-07-16 08:00:00,0.0,0.0,0.0,0.0,0.0,0.0,0.0
315_STEAM_1,THERMAL,2020-07-16 08:00:00,0.0,0.0,0.0,0.0,0.0,0.0,0.0
315_STEAM_2,THERMAL,2020-07-16 08:00:00,0.0,0.0,0.0,0.0,0.0,0.0,0.0
315_STEAM_3,THERMAL,2020-07-16 08:00:00,0.0,0.0,0.0,0.0,0.0,0.0,0.0
315_STEAM_4,THERMAL,2020-07-16 08:00:00,0.0,0.0,0.0,0.0,0.0,0.0,0.0
315_STEAM_5,THERMAL,2020-07-16 08:00:00,0.0,0.0,0.0,0.0,0.0,0.0,0.0
316_STEAM_1,THERMAL,2020-07-16 08:00:00,0.0,0.0,0.0,0.0,0.0,0.0,0.0
317_WIND_1,WIND,2020-07-16 08:00:00,0.0,0.0,0.0,0.0,0.0,0.0,0.0
318_CC_1,THERMAL,2020-07-16 08:00:00,0.0,0.0,0.0,0.0,0.0,0.0,0.0
321_CC_1,THERMAL,2020-07-16 08:00:00,0.0,0.0,0.0,0.0,0.0,0.0,0.0
322_CT_5,THERMAL,2020-07-16 08:00:00,0.0,0.0,0.0,0.0,0.0,0.0,0.0
322_CT_6,THERMAL,2020-07-16 08:00:00,0.0,0.0,0.0,0.0,0.0,0.0,0.0
323_CC_1,THERMAL,2020-07-16 08:00:00,0.0,0.0,0.0,0.0,0.0,0.0,0.0
323_CC_2,THERMAL,2020-07-16 08:00:00,0.0,0.0,0.0,0.0,0.0,0.0,0.0
101_CT_1,THERMAL,2020-07-16 10:00:00,0.0,0.0,0.0,0.0,0.0,0.0,0.0
101_CT_2,THERMAL,2020-07-16 10:00:00,0.0,0.0,0.0,0.0,0.0,0.0,0.0
101_STEAM_3,THERMAL,2020-07-16 10:00:00,0.0,0.0,0.0,0.0,0.0,0.0,0.0
101_STEAM_4,THERMAL,2020-07-16 10:00:00,0.0,0.0,0.0,0.0,0.0,0.0,0.0
102_CT_1,THERMAL,2020-07-16 10:00:00,0.0,0.0,0.0,0.0,0.0,0.0,0.0
102_CT_2,THERMAL,2020-07-16 10:00:00,0.0,0.0,0.0,0.0,0.0,0.0,0.0
102_STEAM_3,THERMAL,2020-07-16 10:00:00,0.0,0.0,0.0,0.0,0.0,0.0,0.0
102_STEAM_4,THERMAL,2020-07-16 10:00:00,0.0,0.0,0.0,0.0,0.0,0.0,0.0
107_CC_1,THERMAL,2020-07-16 10:00:00,0.0,0.0,0.0,0.0,0.0,0.0,0.0
113_CT_1,THERMAL,2020-07-16 10:00:00,0.0,0.0,0.0,0.0,0.0,0.0,0.0
113_CT_2,THERMAL,2020-07-16 10:00:00,0.0,0.0,0.0,0.0,0.0,0.0,0.0
113_CT_3,THERMAL,2020-07-16 10:00:00,0.0,0.0,0.0,0.0,0.0,0.0,0.0
113_CT_4,THERMAL,2020-07-16 10:00:00,0.0,0.0,0.0,0.0,0.0,0.0,0.0
115_STEAM_1,THERMAL,2020-07-16 10:00:00,0.0,0.0,0.0,0.0,0.0,0.0,0.0
115_STEAM_2,THERMAL,2020-07-16 10:00:00,0.0,0.0,0.0,0.0,0.0,0.0,0.0
115_STEAM_3,THERMAL,2020-07-16 10:00:00,0.0,0.0,0.0,0.0,0.0,0.0,0.0
116_STEAM_1,THERMAL,2020-07-16 10:00:00,0.0,0.0,0.0,0.0,0.0,0.0,0.0
118_CC_1,THERMAL,2020-07-16 10:00:00,0.0,0.0,0.0,0.0,0.0,0.0,0.0
122_WIND_1,WIND,2020-07-16 10:00:00,0.0,0.0,0.0,0.0,0.0,0.0,0.0
123_CT_1,THERMAL,2020-07-16 10:00:00,0.0,0.0,0.0,0.0,0.0,0.0,0.0
123_CT_4,THERMAL,2020-07-16 10:00:00,0.0,0.0,0.0,0.0,0.0,0.0,0.0
123_CT_5,THERMAL,2020-07-16 10:00:00,0.0,0.0,0.0,0.0,0.0,0.0,0.0
123_STEAM_2,THERMAL,2020-07-16 10:00:00,0.0,0.0,0.0,0.0,0.0,0.0,0.0
123_STEAM_3,THERMAL,2020-07-16 10:00:00,0.0,0.0,0.0,0.0,0.0,0.0,0.0
201_CT_1,THERMAL,2020-07-16 10:00:00,0.0,0.0,0.0,0.0,0.0,0.0,0.0
201_CT_2,THERMAL,2020-07-16 10:00:00,0.0,0.0,0.0,0.0,0.0,0.0,0.0
201_STEAM_3,THERMAL,2020-07-16 10:00:00,0.0,0.0,0.0,0.0,0.0,0.0,0.0
202_CT_1,THERMAL,2020-07-16 10:00:00,0.0,0.0,0.0,0.0,0.0,0.0,0.0
202_CT_2,THERMAL,2020-07-16 10:00:00,0.0,0.0,0.0,0.0,0.0,0.0,0.0
202_STEAM_3,THERMAL,2020-07-16 10:00:00,0.0,0.0,0.0,0.0,0.0,0.0,0.0
202_STEAM_4,THERMAL,2020-07-16 10:00:00,0.0,0.0,0.0,0.0,0.0,0.0,0.0
207_CT_1,THERMAL,2020-07-16 10:00:00,0.0,0.0,0.0,0.0,0.0,0.0,0.0
207_CT_2,THERMAL,2020-07-16 10:00:00,0.0,0.0,0.0,0.0,0.0,0.0,0.0
212_CSP_1,THERMAL,2020-07-16 10:00:00,0.0,0.0,0.0,0.0,0.0,0.0,0.0
213_CC_3,THERMAL,2020-07-16 10:00:00,0.0,0.0,0.0,0.0,0.0,0.0,0.0
213_CT_1,THERMAL,2020-07-16 10:00:00,0.0,0.0,0.0,0.0,0.0,0.0,0.0
213_CT_2,THERMAL,2020-07-16 10:00:00,0.0,0.0,0.0,0.0,0.0,0.0,0.0
215_CT_4,THERMAL,2020-07-16 10:00:00,0.0,0.0,0.0,0.0,0.0,0.0,0.0
215_CT_5,THERMAL,2020-07-16 10:00:00,0.0,0.0,0.0,0.0,0.0,0.0,0.0
216_STEAM_1,THERMAL,2020-07-16 10:00:00,0.0,0.0,0.0,0.0,0.0,0.0,0.0
218_CC_1,THERMAL,2020-07-16 10:00:00,0.0,0.0,0.0,0.0,0.0,0.0,0.0
221_CC_1,THERMAL,2020-07-16 10:00:00,0.0,0.0,0.0,0.0,0.0,0.0,0.0
223_CT_4,THERMAL,2020-07-16 10:00:00,0.0,0.0,0.0,0.0,0.0,0.0,0.0
223_CT_5,THERMAL,2020-07-16 10:00:00,0.0,0.0,0.0,0.0,0.0,0.0,0.0
223_CT_6,THERMAL,2020-07-16 10:00:00,0.0,0.0,0.0,0.0,0.0,0.0,0.0
223_STEAM_1,THERMAL,2020-07-16 10:00:00,0.0,0.0,0.0,0.0,0.0,0.0,0.0
223_STEAM_2,THERMAL,2020-07-16 10:00:00,0.0,0.0,0.0,0.0,0.0,0.0,0.0
223_STEAM_3,THERMAL,2020-07-16 10:00:00,0.0,0.0,0.0,0.0,0.0,0.0,0.0
301_CT_1,THERMAL,2020-07-16 10:00:00,0.0,0.0,0.0,0.0,0.0,0.0,0.0
301_CT_2,THERMAL,2020-07-16 10:00:00,0.0,0.0,0.0,0.0,0.0,0.0,0.0
301_CT_3,THERMAL,2020-07-16 10:00:00,0.0,0.0,0.0,0.0,0.0,0.0,0.0
301_CT_4,THERMAL,2020-07-16 10:00:00,0.0,0.0,0.0,0.0,0.0,0.0,0.0
302_CT_1,THERMAL,2020-07-16 10:00:00,0.0,0.0,0.0,0.0,0.0,0.0,0.0
302_CT_2,THERMAL,2020-07-16 10:00:00,0.0,0.0,0.0,0.0,0.0,0.0,0.0
302_CT_3,THERMAL,2020-07-16 10:00:00,0.0,0.0,0.0,0.0,0.0,0.0,0.0
302_CT_4,THERMAL,2020-07-16 10:00:00,0.0,0.0,0.0,0.0,0.0,0.0,0.0
303_WIND_1,WIND,2020-07-16 10:00:00,0.0,0.0,0.0,0.0,0.0,0.0,0.0
307_CT_1,THERMAL,2020-07-16 10:00:00,0.0,0.0,0.0,0.0,0.0,0.0,0.0
307_CT_2,THERMAL,2020-07-16 10:00:00,0.0,0.0,0.0,0.0,0.0,0.0,0.0
309_WIND_1,WIND,2020-07-16 10:00:00,0.0,0.0,0.0,0.0,0.0,0.0,0.0
313_CC_1,THERMAL,2020-07-16 10:00:00,0.0,0.0,0.0,0.0,0.0,0.0,0.0
315_CT_6,THERMAL,2020-07-16 10:00:00,0.0,0.0,0.0,0.0,0.0,0.0,0.0
315_CT_7,THERMAL,2020-07-16 10:00:00,0.0,0.0,0.0,0.0,0.0,0.0,0.0
315_CT_8,THERMAL,2020-07-16 10:00:00,0.0,0.0,0.0,0.0,0.0,0.0,0.0
315_STEAM_1,THERMAL,2020-07-16 10:00:00,0.0,0.0,0.0,0.0,0.0,0.0,0.0
315_STEAM_2,THERMAL,2020-07-16 10:00:00,0.0,0.0,0.0,0.0,0.0,0.0,0.0
315_STEAM_3,THERMAL,2020-07-16 10:00:00,0.0,0.0,0.0,0.0,0.0,0.0,0.0
315_STEAM_4,THERMAL,2020-07-16 10:00:00,0.0,0.0,0.0,0.0,0.0,0.0,0.0
315_STEAM_5,THERMAL,2020-07-16 10:00:00,0.0,0.0,0.0,0.0,0.0,0.0,0.0
316_STEAM_1,THERMAL,2020-07-16 10:00:00,0.0,0.0,0.0,0.0,0.0,0.0,0.0
317_WIND_1,WIND,2020-07-16 10:00:00,0.0,0.0,0.0,0.0,0.0,0.0,0.0
318_CC_1,THERMAL,2020-07-16 10:00:00,0.0,0.0,0.0,0.0,0.0,0.0,0.0
321_CC_1,THERMAL,2020-07-16 10:00:00,0.0,0.0,0.0,0.0,0.0,0.0,0.0
322_CT_5,THERMAL,2020-07-16 10:00:00,0.0,0.0,0.0,0.0,0.0,0.0,0.0
322_CT_6,THERMAL,2020-07-16 10:00:00,0.0,0.0,0.0,0.0,0.0,0.0,0.0
323_CC_1,THERMAL,2020-07-16 10:00:00,0.0,0.0,0.0,0.0,0.0,0.0,0.0
323_CC_2,THERMAL,2020-07-16 10:00:00,0.0,0.0,0.0,0.0,0.0,0.0,0.0
101_CT_1,THERMAL,2020-07-16 12:00:00,0.0,0.0,0.0,0.0,0.0,0.0,0.0
101_CT_2,THERMAL,2020-07-16 12:00:00,0.0,0.0,0.0,0.0,0.0,0.0,0.0
101_STEAM_3,THERMAL,2020-07-16 12:00:00,0.0,0.0,0.0,0.0,0.0,0.0,0.0
101_STEAM_4,THERMAL,2020-07-16 12:00:00,0.0,0.0,0.0,0.0,0.0,0.0,0.0
102_CT_1,THERMAL,2020-07-16 12:00:00,0.0,0.0,0.0,0.0,0.0,0.0,0.0
102_CT_2,THERMAL,2020-07-16 12:00:00,0.0,0.0,0.0,0.0,0.0,0.0,0.0
102_STEAM_3,THERMAL,2020-07-16 12:00:00,0.0,0.0,0.0,0.0,0.0,0.0,0.0
102_STEAM_4,THERMAL,2020-07-16 12:00:00,0.0,0.0,0.0,0.0,0.0,0.0,0.0
107_CC_1,THERMAL,2020-07-16 12:00:00,0.0,0.0,0.0,0.0,0.0,0.0,0.0
113_CT_1,THERMAL,2020-07-16 12:00:00,0.0,0.0,0.0,0.0,0.0,0.0,0.0
113_CT_2,THERMAL,2020-07-16 12:00:00,0.0,0.0,0.0,0.0,0.0,0.0,0.0
113_CT_3,THERMAL,2020-07-16 12:00:00,0.0,0.0,0.0,0.0,0.0,0.0,0.0
113_CT_4,THERMAL,2020-07-16 12:00:00,0.0,0.0,0.0,0.0,0.0,0.0,0.0
115_STEAM_1,THERMAL,2020-07-16 12:00:00,0.0,0.0,0.0,0.0,0.0,0.0,0.0
115_STEAM_2,THERMAL,2020-07-16 12:00:00,0.0,0.0,0.0,0.0,0.0,0.0,0.0
115_STEAM_3,THERMAL,2020-07-16 12:00:00,0.0,0.0,0.0,0.0,0.0,0.0,0.0
116_STEAM_1,THERMAL,2020-07-16 12:00:00,0.0,0.0,0.0,0.0,0.0,0.0,0.0
118_CC_1,THERMAL,2020-07-16 12:00:00,0.0,0.0,0.0,0.0,0.0,0.0,0.0
122_WIND_1,WIND,2020-07-16 12:00:00,0.0,0.0,0.0,0.0,0.0,0.0,0.0
123_CT_1,THERMAL,2020-07-16 12:00:00,0.0,0.0,0.0,0.0,0.0,0.0,0.0
123_CT_4,THERMAL,2020-07-16 12:00:00,0.0,0.0,0.0,0.0,0.0,0.0,0.0
123_CT_5,THERMAL,2020-07-16 12:00:00,0.0,0.0,0.0,0.0,0.0,0.0,0.0
123_STEAM_2,THERMAL,2020-07-16 12:00:00,0.0,0.0,0.0,0.0,0.0,0.0,0.0
123_STEAM_3,THERMAL,2020-07-16 12:00:00,0.0,0.0,0.0,0.0,0.0,0.0,0.0
201_CT_1,THERMAL,2020-07-16 12:00:00,0.0,0.0,0.0,0.0,0.0,0.0,0.0
201_CT_2,THERMAL,2020-07-16 12:00:00,0.0,0.0,0.0,0.0,0.0,0.0,0.0
201_STEAM_3,THERMAL,2020-07-16 12:00:00,0.0,0.0,0.0,0.0,0.0,0.0,0.0
202_CT_1,THERMAL,2020-07-16 12:00:00,0.0,0.0,0.0,0.0,0.0,0.0,0.0
202_CT_2,THERMAL,2020-07-16 12:00:00,0.0,0.0,0.0,0.0,0.0,0.0,0.0
202_STEAM_3,THERMAL,2020-07-16 12:00:00,0.0,0.0,0.0,0.0,0.0,0.0,0.0
202_STEAM_4,THERMAL,2020-07-16 12:00:00,0.0,0.0,0.0,0.0,0.0,0.0,0.0
207_CT_1,THERMAL,2020-07-16 12:00:00,0.0,0.0,0.0,0.0,0.0,0.0,0.0
207_CT_2,THERMAL,2020-07-16 12:00:00,0.0,0.0,0.0,0.0,0.0,0.0,0.0
212_CSP_1,THERMAL,2020-07-16 12:00:00,0.0,0.0,0.0,0.0,0.0,0.0,0.0
213_CC_3,THERMAL,2020-07-16 12:00:00,0.0,0.0,0.0,0.0,0.0,0.0,0.0
213_CT_1,THERMAL,2020-07-16 12:00:00,0.0,0.0,0.0,0.0,0.0,0.0,0.0
213_CT_2,THERMAL,2020-07-16 12:00:00,0.0,0.0,0.0,0.0,0.0,0.0,0.0
215_CT_4,THERMAL,2020-07-16 12:00:00,0.0,0.0,0.0,0.0,0.0,0.0,0.0
215_CT_5,THERMAL,2020-07-16 12:00:00,0.0,0.0,0.0,0.0,0.0,0.0,0.0
216_STEAM_1,THERMAL,2020-07-16 12:00:00,0.0,0.0,0.0,0.0,0.0,0.0,0.0
218_CC_1,THERMAL,2020-07-16 12:00:00,0.0,0.0,0.0,0.0,0.0,0.0,0.0
221_CC_1,THERMAL,2020-07-16 12:00:00,0.0,0.0,0.0,0.0,0.0,0.0,0.0
223_CT_4,THERMAL,2020-07-16 12:00:00,0.0,0.0,0.0,0.0,0.0,0.0,0.0
223_CT_5,THERMAL,2020-07-16 12:00:00,0.0,0.0,0.0,0.0,0.0,0.0,0.0
223_CT_6,THERMAL,2020-07-16 12:00:00,0.0,0.0,0.0,0.0,0.0,0.0,0.0
223_STEAM_1,THERMAL,2020-07-16 12:00:00,0.0,0.0,0.0,0.0,0.0,0.0,0.0
223_STEAM_2,THERMAL,2020-07-16 12:00:00,0.0,0.0,0.0,0.0,0.0,0.0,0.0
223_STEAM_3,THERMAL,2020-07-16 12:00:00,0.0,0.0,0.0,0.0,0.0,0.0,0.0
301_CT_1,THERMAL,2020-07-16 12:00:00,0.0,0.0,0.0,0.0,0.0,0.0,0.0
301_CT_2,THERMAL,2020-07-16 12:00:00,0.0,0.0,0.0,0.0,0.0,0.0,0.0
301_CT_3,THERMAL,2020-07-16 12:00:00,0.0,0.0,0.0,0.0,0.0,0.0,0.0
301_CT_4,THERMAL,2020-07-16 12:00:00,0.0,0.0,0.0,0.0,0.0,0.0,0.0
302_CT_1,THERMAL,2020-07-16 12:00:00,0.0,0.0,0.0,0.0,0.0,0.0,0.0
302_CT_2,THERMAL,2020-07-16 12:00:00,0.0,0.0,0.0,0.0,0.0,0.0,0.0
302_CT_3,THERMAL,2020-07-16 12:00:00,0.0,0.0,0.0,0.0,0.0,0.0,0.0
302_CT_4,THERMAL,2020-07-16 12:00:00,0.0,0.0,0.0,0.0,0.0,0.0,0.0
303_WIND_1,WIND,2020-07-16 12:00:00,0.0,0.0,0.0,0.0,0.0,0.0,0.0
307_CT_1,THERMAL,2020-07-16 12:00:00,0.0,0.0,0.0,0.0,0.0,0.0,0.0
307_CT_2,THERMAL,2020-07-16 12:00:00,0.0,0.0,0.0,0.0,0.0,0.0,0.0
309_WIND_1,WIND,2020-07-16 12:00:00,0.0,0.0,0.0,0.0,0.0,0.0,0.0
313_CC_1,THERMAL,2020-07-16 12:00:00,0.0,0.0,0.0,0.0,0.0,0.0,0.0
315_CT_6,THERMAL,2020-07-16 12:00:00,0.0,0.0,0.0,0.0,0.0,0.0,0.0
315_CT_7,THERMAL,2020-07-16 12:00:00,0.0,0.0,0.0,0.0,0.0,0.0,0.0
315_CT_8,THERMAL,2020-07-16 12:00:00,0.0,0.0,0.0,0.0,0.0,0.0,0.0
315_STEAM_1,THERMAL,2020-07-16 12:00:00,0.0,0.0,0.0,0.0,0.0,0.0,0.0
315_STEAM_2,THERMAL,2020-07-16 12:00:00,0.0,0.0,0.0,0.0,0.0,0.0,0.0
315_STEAM_3,THERMAL,2020-07-16 12:00:00,0.0,0.0,0.0,0.0,0.0,0.0,0.0
315_STEAM_4,THERMAL,2020-07-16 12:00:00,0.0,0.0,0.0,0.0,0.0,0.0,0.0
315_STEAM_5,THERMAL,2020-07-16 12:00:00,0.0,0.0,0.0,0.0,0.0,0.0,0.0
316_STEAM_1,THERMAL,2020-07-16 12:00:00,0.0,0.0,0.0,0.0,0.0,0.0,0.0
317_WIND_1,WIND,2020-07-16 12:00:00,0.0,0.0,0.0,0.0,0.0,0.0,0.0
318_CC_1,THERMAL,2020-07-16 12:00:00,0.0,0.0,0.0,0.0,0.0,0.0,0.0
321_CC_1,THERMAL,2020-07-16 12:00:00,0.0,0.0,0.0,0.0,0.0,0.0,0.0
322_CT_5,THERMAL,2020-07-16 12:00:00,0.0,0.0,0.0,0.0,0.0,0.0,0.0
322_CT_6,THERMAL,2020-07-16 12:00:00,0.0,0.0,0.0,0.0,0.0,0.0,0.0
323_CC_1,THERMAL,2020-07-16 12:00:00,0.0,0.0,0.0,0.0,0.0,0.0,0.0
323_CC_2,THERMAL,2020-07-16 12:00:00,0.0,0.0,0.0,0.0,0.0,0.0,0.0
101_CT_1,THERMAL,2020-07-16 14:00:00,0.0,0.0,0.0,0.0,0.0,0.0,0.0
101_CT_2,THERMAL,2020-07-16 14:00:00,0.0,0.0,0.0,0.0,0.0,0.0,0.0
101_STEAM_3,THERMAL,2020-07-16 14:00:00,0.0,0.0,0.0,0.0,0.0,0.0,0.0
101_STEAM_4,THERMAL,2020-07-16 14:00:00,0.0,0.0,0.0,0.0,0.0,0.0,0.0
102_CT_1,THERMAL,2020-07-16 14:00:00,0.0,0.0,0.0,0.0,0.0,0.0,0.0
102_CT_2,THERMAL,2020-07-16 14:00:00,0.0,0.0,0.0,0.0,0.0,0.0,0.0
102_STEAM_3,THERMAL,2020-07-16 14:00:00,0.0,0.0,0.0,0.0,0.0,0.0,0.0
102_STEAM_4,THERMAL,2020-07-16 14:00:00,0.0,0.0,0.0,0.0,0.0,0.0,0.0
107_CC_1,THERMAL,2020-07-16 14:00:00,0.0,0.0,0.0,0.0,0.0,0.0,0.0
113_CT_1,THERMAL,2020-07-16 14:00:00,0.0,0.0,0.0,0.0,0.0,0.0,0.0
113_CT_2,THERMAL,2020-07-16 14:00:00,0.0,0.0,0.0,0.0,0.0,0.0,0.0
113_CT_3,THERMAL,2020-07-16 14:00:00,0.0,0.0,0.0,0.0,0.0,0.0,0.0
113_CT_4,THERMAL,2020-07-16 14:00:00,0.0,0.0,0.0,0.0,0.0,0.0,0.0
115_STEAM_1,THERMAL,2020-07-16 14:00:00,0.0,0.0,0.0,0.0,0.0,0.0,0.0
115_STEAM_2,THERMAL,2020-07-16 14:00:00,0.0,0.0,0.0,0.0,0.0,0.0,0.0
115_STEAM_3,THERMAL,2020-07-16 14:00:00,0.0,0.0,0.0,0.0,0.0,0.0,0.0
116_STEAM_1,THERMAL,2020-07-16 14:00:00,0.0,0.0,0.0,0.0,0.0,0.0,0.0
118_CC_1,THERMAL,2020-07-16 14:00:00,0.0,0.0,0.0,0.0,0.0,0.0,0.0
122_WIND_1,WIND,2020-07-16 14:00:00,0.0,0.0,0.0,0.0,0.0,0.0,0.0
123_CT_1,THERMAL,2020-07-16 14:00:00,0.0,0.0,0.0,0.0,0.0,0.0,0.0
123_CT_4,THERMAL,2020-07-16 14:00:00,0.0,0.0,0.0,0.0,0.0,0.0,0.0
123_CT_5,THERMAL,2020-07-16 14:00:00,0.0,0.0,0.0,0.0,0.0,0.0,0.0
123_STEAM_2,THERMAL,2020-07-16 14:00:00,0.0,0.0,0.0,0.0,0.0,0.0,0.0
123_STEAM_3,THERMAL,2020-07-16 14:00:00,0.0,0.0,0.0,0.0,0.0,0.0,0.0
201_CT_1,THERMAL,2020-07-16 14:00:00,0.0,0.0,0.0,0.0,0.0,0.0,0.0
201_CT_2,THERMAL,2020-07-16 14:00:00,0.0,0.0,0.0,0.0,0.0,0.0,0.0
201_STEAM_3,THERMAL,2020-07-16 14:00:00,0.0,0.0,0.0,0.0,0.0,0.0,0.0
202_CT_1,THERMAL,2020-07-16 14:00:00,0.0,0.0,0.0,0.0,0.0,0.0,0.0
202_CT_2,THERMAL,2020-07-16 14:00:00,0.0,0.0,0.0,0.0,0.0,0.0,0.0
202_STEAM_3,THERMAL,2020-07-16 14:00:00,0.0,0.0,0.0,0.0,0.0,0.0,0.0
202_STEAM_4,THERMAL,2020-07-16 14:00:00,0.0,0.0,0.0,0.0,0.0,0.0,0.0
207_CT_1,THERMAL,2020-07-16 14:00:00,0.0,0.0,0.0,0.0,0.0,0.0,0.0
207_CT_2,THERMAL,2020-07-16 14:00:00,0.0,0.0,0.0,0.0,0.0,0.0,0.0
212_CSP_1,THERMAL,2020-07-16 14:00:00,0.0,0.0,0.0,0.0,0.0,0.0,0.0
213_CC_3,THERMAL,2020-07-16 14:00:00,0.0,0.0,0.0,0.0,0.0,0.0,0.0
213_CT_1,THERMAL,2020-07-16 14:00:00,0.0,0.0,0.0,0.0,0.0,0.0,0.0
213_CT_2,THERMAL,2020-07-16 14:00:00,0.0,0.0,0.0,0.0,0.0,0.0,0.0
215_CT_4,THERMAL,2020-07-16 14:00:00,0.0,0.0,0.0,0.0,0.0,0.0,0.0
215_CT_5,THERMAL,2020-07-16 14:00:00,0.0,0.0,0.0,0.0,0.0,0.0,0.0
216_STEAM_1,THERMAL,2020-07-16 14:00:00,0.0,0.0,0.0,0.0,0.0,0.0,0.0
218_CC_1,THERMAL,2020-07-16 14:00:00,0.0,0.0,0.0,0.0,0.0,0.0,0.0
221_CC_1,THERMAL,2020-07-16 14:00:00,0.0,0.0,0.0,0.0,0.0,0.0,0.0
223_CT_4,THERMAL,2020-07-16 14:00:00,0.0,0.0,0.0,0.0,0.0,0.0,0.0
223_CT_5,THERMAL,2020-07-16 14:00:00,0.0,0.0,0.0,0.0,0.0,0.0,0.0
223_CT_6,THERMAL,2020-07-16 14:00:00,0.0,0.0,0.0,0.0,0.0,0.0,0.0
223_STEAM_1,THERMAL,2020-07-16 14:00:00,0.0,0.0,0.0,0.0,0.0,0.0,0.0
223_STEAM_2,THERMAL,2020-07-16 14:00:00,0.0,0.0,0.0,0.0,0.0,0.0,0.0
223_STEAM_3,THERMAL,2020-07-16 14:00:00,0.0,0.0,0.0,0.0,0.0,0.0,0.0
301_CT_1,THERMAL,2020-07-16 14:00:00,0.0,0.0,0.0,0.0,0.0,0.0,0.0
301_CT_2,THERMAL,2020-07-16 14:00:00,0.0,0.0,0.0,0.0,0.0,0.0,0.0
301_CT_3,THERMAL,2020-07-16 14:00:00,0.0,0.0,0.0,0.0,0.0,0.0,0.0
301_CT_4,THERMAL,2020-07-16 14:00:00,0.0,0.0,0.0,0.0,0.0,0.0,0.0
302_CT_1,THERMAL,2020-07-16 14:00:00,0.0,0.0,0.0,0.0,0.0,0.0,0.0
302_CT_2,THERMAL,2020-07-16 14:00:00,0.0,0.0,0.0,0.0,0.0,0.0,0.0
302_CT_3,THERMAL,2020-07-16 14:00:00,0.0,0.0,0.0,0.0,0.0,0.0,0.0
302_CT_4,THERMAL,2020-07-16 14:00:00,0.0,0.0,0.0,0.0,0.0,0.0,0.0
303_WIND_1,WIND,2020-07-16 14:00:00,0.0,0.0,0.0,0.0,0.0,0.0,0.0
307_CT_1,THERMAL,2020-07-16 14:00:00,0.0,0.0,0.0,0.0,0.0,0.0,0.0
307_CT_2,THERMAL,2020-07-16 14:00:00,0.0,0.0,0.0,0.0,0.0,0.0,0.0
309_WIND_1,WIND,2020-07-16 14:00:00,0.0,0.0,0.0,0.0,0.0,0.0,0.0
313_CC_1,THERMAL,2020-07-16 14:00:00,0.0,0.0,0.0,0.0,0.0,0.0,0.0
315_CT_6,THERMAL,2020-07-16 14:00:00,0.0,0.0,0.0,0.0,0.0,0.0,0.0
315_CT_7,THERMAL,2020-07-16 14:00:00,0.0,0.0,0.0,0.0,0.0,0.0,0.0
315_CT_8,THERMAL,2020-07-16 14:00:00,0.0,0.0,0.0,0.0,0.0,0.0,0.0
315_STEAM_1,THERMAL,2020-07-16 14:00:00,0.0,0.0,0.0,0.0,0.0,0.0,0.0
315_STEAM_2,THERMAL,2020-07-16 14:00:00,0.0,0.0,0.0,0.0,0.0,0.0,0.0
315_STEAM_3,THERMAL,2020-07-16 14:00:00,0.0,0.0,0.0,0.0,0.0,0.0,0.0
315_STEAM_4,THERMAL,2020-07-16 14:00:00,0.0,0.0,0.0,0.0,0.0,0.0,0.0
315_STEAM_5,THERMAL,2020-07-16 14:00:00,0.0,0.0,0.0,0.0,0.0,0.0,0.0
316_STEAM_1,THERMAL,2020-07-16 14:00:00,0.0,0.0,0.0,0.0,0.0,0.0,0.0
317_WIND_1,WIND,2020-07-16 14:00:00,0.0,0.0,0.0,0.0,0.0,0.0,0.0
318_CC_1,THERMAL,2020-07-16 14:00:00,0.0,0.0,0.0,0.0,0.0,0.0,0.0
321_CC_1,THERMAL,2020-07-16 14:00:00,0.0,0.0,0.0,0.0,0.0,0.0,0.0
322_CT_5,THERMAL,2020-07-16 14:00:00,0.0,0.0,0.0,0.0,0.0,0.0,0.0
322_CT_6,THERMAL,2020-07-16 14:00:00,0.0,0.0,0.0,0.0,0.0,0.0,0.0
323_CC_1,THERMAL,2020-07-16 14:00:00,0.0,0.0,0.0,0.0,0.0,0.0,0.0
323_CC_2,THERMAL,2020-07-16 14:00:00,0.0,0.0,0.0,0.0,0.0,0.0,0.0
101_CT_1,THERMAL,2020-07-16 16:00:00,0.0,0.0,0.0,0.0,0.0,0.0,0.0
101_CT_2,THERMAL,2020-07-16 16:00:00,0.0,0.0,0.0,0.0,0.0,0.0,0.0
101_STEAM_3,THERMAL,2020-07-16 16:00:00,0.0,0.0,0.0,0.0,0.0,0.0,0.0
101_STEAM_4,THERMAL,2020-07-16 16:00:00,0.0,0.0,0.0,0.0,0.0,0.0,0.0
102_CT_1,THERMAL,2020-07-16 16:00:00,0.0,0.0,0.0,0.0,0.0,0.0,0.0
102_CT_2,THERMAL,2020-07-16 16:00:00,0.0,0.0,0.0,0.0,0.0,0.0,0.0
102_STEAM_3,THERMAL,2020-07-16 16:00:00,0.0,0.0,0.0,0.0,0.0,0.0,0.0
102_STEAM_4,THERMAL,2020-07-16 16:00:00,0.0,0.0,0.0,0.0,0.0,0.0,0.0
107_CC_1,THERMAL,2020-07-16 16:00:00,0.0,0.0,0.0,0.0,0.0,0.0,0.0
113_CT_1,THERMAL,2020-07-16 16:00:00,0.0,0.0,0.0,0.0,0.0,0.0,0.0
113_CT_2,THERMAL,2020-07-16 16:00:00,0.0,0.0,0.0,0.0,0.0,0.0,0.0
113_CT_3,THERMAL,2020-07-16 16:00:00,0.0,0.0,0.0,0.0,0.0,0.0,0.0
113_CT_4,THERMAL,2020-07-16 16:00:00,0.0,0.0,0.0,0.0,0.0,0.0,0.0
115_STEAM_1,THERMAL,2020-07-16 16:00:00,0.0,0.0,0.0,0.0,0.0,0.0,0.0
115_STEAM_2,THERMAL,2020-07-16 16:00:00,0.0,0.0,0.0,0.0,0.0,0.0,0.0
115_STEAM_3,THERMAL,2020-07-16 16:00:00,0.0,0.0,0.0,0.0,0.0,0.0,0.0
116_STEAM_1,THERMAL,2020-07-16 16:00:00,0.0,0.0,0.0,0.0,0.0,0.0,0.0
118_CC_1,THERMAL,2020-07-16 16:00:00,0.0,0.0,0.0,0.0,0.0,0.0,0.0
122_WIND_1,WIND,2020-07-16 16:00:00,0.0,0.0,0.0,0.0,0.0,0.0,0.0
123_CT_1,THERMAL,2020-07-16 16:00:00,0.0,0.0,0.0,0.0,0.0,0.0,0.0
123_CT_4,THERMAL,2020-07-16 16:00:00,0.0,0.0,0.0,0.0,0.0,0.0,0.0
123_CT_5,THERMAL,2020-07-16 16:00:00,0.0,0.0,0.0,0.0,0.0,0.0,0.0
123_STEAM_2,THERMAL,2020-07-16 16:00:00,0.0,0.0,0.0,0.0,0.0,0.0,0.0
123_STEAM_3,THERMAL,2020-07-16 16:00:00,0.0,0.0,0.0,0.0,0.0,0.0,0.0
201_CT_1,THERMAL,2020-07-16 16:00:00,0.0,0.0,0.0,0.0,0.0,0.0,0.0
201_CT_2,THERMAL,2020-07-16 16:00:00,0.0,0.0,0.0,0.0,0.0,0.0,0.0
201_STEAM_3,THERMAL,2020-07-16 16:00:00,0.0,0.0,0.0,0.0,0.0,0.0,0.0
202_CT_1,THERMAL,2020-07-16 16:00:00,0.0,0.0,0.0,0.0,0.0,0.0,0.0
202_CT_2,THERMAL,2020-07-16 16:00:00,0.0,0.0,0.0,0.0,0.0,0.0,0.0
202_STEAM_3,THERMAL,2020-07-16 16:00:00,0.0,0.0,0.0,0.0,0.0,0.0,0.0
202_STEAM_4,THERMAL,2020-07-16 16:00:00,0.0,0.0,0.0,0.0,0.0,0.0,0.0
207_CT_1,THERMAL,2020-07-16 16:00:00,0.0,0.0,0.0,0.0,0.0,0.0,0.0
207_CT_2,THERMAL,2020-07-16 16:00:00,0.0,0.0,0.0,0.0,0.0,0.0,0.0
212_CSP_1,THERMAL,2020-07-16 16:00:00,0.0,0.0,0.0,0.0,0.0,0.0,0.0
213_CC_3,THERMAL,2020-07-16 16:00:00,0.0,0.0,0.0,0.0,0.0,0.0,0.0
213_CT_1,THERMAL,2020-07-16 16:00:00,0.0,0.0,0.0,0.0,0.0,0.0,0.0
213_CT_2,THERMAL,2020-07-16 16:00:00,0.0,0.0,0.0,0.0,0.0,0.0,0.0
215_CT_4,THERMAL,2020-07-16 16:00:00,0.0,0.0,0.0,0.0,0.0,0.0,0.0
215_CT_5,THERMAL,2020-07-16 16:00:00,0.0,0.0,0.0,0.0,0.0,0.0,0.0
216_STEAM_1,THERMAL,2020-07-16 16:00:00,0.0,0.0,0.0,0.0,0.0,0.0,0.0
218_CC_1,THERMAL,2020-07-16 16:00:00,0.0,0.0,0.0,0.0,0.0,0.0,0.0
221_CC_1,THERMAL,2020-07-16 16:00:00,0.0,0.0,0.0,0.0,0.0,0.0,0.0
223_CT_4,THERMAL,2020-07-16 16:00:00,0.0,0.0,0.0,0.0,0.0,0.0,0.0
223_CT_5,THERMAL,2020-07-16 16:00:00,0.0,0.0,0.0,0.0,0.0,0.0,0.0
223_CT_6,THERMAL,2020-07-16 16:00:00,0.0,0.0,0.0,0.0,0.0,0.0,0.0
223_STEAM_1,THERMAL,2020-07-16 16:00:00,0.0,0.0,0.0,0.0,0.0,0.0,0.0
223_STEAM_2,THERMAL,2020-07-16 16:00:00,0.0,0.0,0.0,0.0,0.0,0.0,0.0
223_STEAM_3,THERMAL,2020-07-16 16:00:00,0.0,0.0,0.0,0.0,0.0,0.0,0.0
301_CT_1,THERMAL,2020-07-16 16:00:00,0.0,0.0,0.0,0.0,0.0,0.0,0.0
301_CT_2,THERMAL,2020-07-16 16:00:00,0.0,0.0,0.0,0.0,0.0,0.0,0.0
301_CT_3,THERMAL,2020-07-16 16:00:00,0.0,0.0,0.0,0.0,0.0,0.0,0.0
301_CT_4,THERMAL,2020-07-16 16:00:00,0.0,0.0,0.0,0.0,0.0,0.0,0.0
302_CT_1,THERMAL,2020-07-16 16:00:00,0.0,0.0,0.0,0.0,0.0,0.0,0.0
302_CT_2,THERMAL,2020-07-16 16:00:00,0.0,0.0,0.0,0.0,0.0,0.0,0.0
302_CT_3,THERMAL,2020-07-16 16:00:00,0.0,0.0,0.0,0.0,0.0,0.0,0.0
302_CT_4,THERMAL,2020-07-16 16:00:00,0.0,0.0,0.0,0.0,0.0,0.0,0.0
303_WIND_1,WIND,2020-07-16 16:00:00,0.0,0.0,0.0,0.0,0.0,0.0,0.0
307_CT_1,THERMAL,2020-07-16 16:00:00,0.0,0.0,0.0,0.0,0.0,0.0,0.0
307_CT_2,THERMAL,2020-07-16 16:00:00,0.0,0.0,0.0,0.0,0.0,0.0,0.0
309_WIND_1,WIND,2020-07-16 16:00:00,0.0,0.0,0.0,0.0,0.0,0.0,0.0
313_CC_1,THERMAL,2020-07-16 16:00:00,0.0,0.0,0.0,0.0,0.0,0.0,0.0
315_CT_6,THERMAL,2020-07-16 16:00:00,0.0,0.0,0.0,0.0,0.0,0.0,0.0
315_CT_7,THERMAL,2020-07-16 16:00:00,0.0,0.0,0.0,0.0,0.0,0.0,0.0
315_CT_8,THERMAL,2020-07-16 16:00:00,0.0,0.0,0.0,0.0,0.0,0.0,0.0
315_STEAM_1,THERMAL,2020-07-16 16:00:00,0.0,0.0,0.0,0.0,0.0,0.0,0.0
315_STEAM_2,THERMAL,2020-07-16 16:00:00,0.0,0.0,0.0,0.0,0.0,0.0,0.0
315_STEAM_3,THERMAL,2020-07-16 16:00:00,0.0,0.0,0.0,0.0,0.0,0.0,0.0
315_STEAM_4,THERMAL,2020-07-16 16:00:00,0.0,0.0,0.0,0.0,0.0,0.0,0.0
315_STEAM_5,THERMAL,2020-07-16 16:00:00,0.0,0.0,0.0,0.0,0.0,0.0,0.0
316_STEAM_1,THERMAL,2020-07-16 16:00:00,0.0,0.0,0.0,0.0,0.0,0.0,0.0
317_WIND_1,WIND,2020-07-16 16:00:00,0.0,0.0,0.0,0.0,0.0,0.0,0.0
318_CC_1,THERMAL,2020-07-16 16:00:00,0.0,0.0,0.0,0.0,0.0,0.0,0.0
321_CC_1,THERMAL,2020-07-16 16:00:00,0.0,0.0,0.0,0.0,0.0,0.0,0.0
322_CT_5,THERMAL,2020-07-16 16:00:00,0.0,0.0,0.0,0.0,0.0,0.0,0.0
322_CT_6,THERMAL,2020-07-16 16:00:00,0.0,0.0,0.0,0.0,0.0,0.0,0.0
323_CC_1,THERMAL,2020-07-16 16:00:00,0.0,0.0,0.0,0.0,0.0,0.0,0.0
323_CC_2,THERMAL,2020-07-16 16:00:00,0.0,0.0,0.0,0.0,0.0,0.0,0.0
101_CT_1,THERMAL,2020-07-16 18:00:00,0.0,0.0,0.0,0.0,0.0,0.0,0.0
101_CT_2,THERMAL,2020-07-16 18:00:00,0.0,0.0,0.0,0.0,0.0,0.0,0.0
101_STEAM_3,THERMAL,2020-07-16 18:00:00,0.0,0.0,0.0,0.0,0.0,0.0,0.0
101_STEAM_4,THERMAL,2020-07-16 18:00:00,0.0,0.0,0.0,0.0,0.0,0.0,0.0
102_CT_1,THERMAL,2020-07-16 18:00:00,0.0,0.0,0.0,0.0,0.0,0.0,0.0
102_CT_2,THERMAL,2020-07-16 18:00:00,0.0,0.0,0.0,0.0,0.0,0.0,0.0
102_STEAM_3,THERMAL,2020-07-16 18:00:00,0.0,0.0,0.0,0.0,0.0,0.0,0.0
102_STEAM_4,THERMAL,2020-07-16 18:00:00,0.0,0.0,0.0,0.0,0.0,0.0,0.0
107_CC_1,THERMAL,2020-07-16 18:00:00,0.0,0.0,0.0,0.0,0.0,0.0,0.0
113_CT_1,THERMAL,2020-07-16 18:00:00,0.0,0.0,0.0,0.0,0.0,0.0,0.0
113_CT_2,THERMAL,2020-07-16 18:00:00,0.0,0.0,0.0,0.0,0.0,0.0,0.0
113_CT_3,THERMAL,2020-07-16 18:00:00,0.0,0.0,0.0,0.0,0.0,0.0,0.0
113_CT_4,THERMAL,2020-07-16 18:00:00,0.0,0.0,0.0,0.0,0.0,0.0,0.0
115_STEAM_1,THERMAL,2020-07-16 18:00:00,0.0,0.0,0.0,0.0,0.0,0.0,0.0
115_STEAM_2,THERMAL,2020-07-16 18:00:00,0.0,0.0,0.0,0.0,0.0,0.0,0.0
115_STEAM_3,THERMAL,2020-07-16 18:00:00,0.0,0.0,0.0,0.0,0.0,0.0,0.0
116_STEAM_1,THERMAL,2020-07-16 18:00:00,0.0,0.0,0.0,0.0,0.0,0.0,0.0
118_CC_1,THERMAL,2020-07-16 18:00:00,0.0,0.0,0.0,0.0,0.0,0.0,0.0
122_WIND_1,WIND,2020-07-16 18:00:00,0.0,0.0,0.0,0.0,0.0,0.0,0.0
123_CT_1,THERMAL,2020-07-16 18:00:00,0.0,0.0,0.0,0.0,0.0,0.0,0.0
123_CT_4,THERMAL,2020-07-16 18:00:00,0.0,0.0,0.0,0.0,0.0,0.0,0.0
123_CT_5,THERMAL,2020-07-16 18:00:00,0.0,0.0,0.0,0.0,0.0,0.0,0.0
123_STEAM_2,THERMAL,2020-07-16 18:00:00,0.0,0.0,0.0,0.0,0.0,0.0,0.0
123_STEAM_3,THERMAL,2020-07-16 18:00:00,0.0,0.0,0.0,0.0,0.0,0.0,0.0
201_CT_1,THERMAL,2020-07-16 18:00:00,0.0,0.0,0.0,0.0,0.0,0.0,0.0
201_CT_2,THERMAL,2020-07-16 18:00:00,0.0,0.0,0.0,0.0,0.0,0.0,0.0
201_STEAM_3,THERMAL,2020-07-16 18:00:00,0.0,0.0,0.0,0.0,0.0,0.0,0.0
202_CT_1,THERMAL,2020-07-16 18:00:00,0.0,0.0,0.0,0.0,0.0,0.0,0.0
202_CT_2,THERMAL,2020-07-16 18:00:00,0.0,0.0,0.0,0.0,0.0,0.0,0.0
202_STEAM_3,THERMAL,2020-07-16 18:00:00,0.0,0.0,0.0,0.0,0.0,0.0,0.0
202_STEAM_4,THERMAL,2020-07-16 18:00:00,0.0,0.0,0.0,0.0,0.0,0.0,0.0
207_CT_1,THERMAL,2020-07-16 18:00:00,0.0,0.0,0.0,0.0,0.0,0.0,0.0
207_CT_2,THERMAL,2020-07-16 18:00:00,0.0,0.0,0.0,0.0,0.0,0.0,0.0
212_CSP_1,THERMAL,2020-07-16 18:00:00,0.0,0.0,0.0,0.0,0.0,0.0,0.0
213_CC_3,THERMAL,2020-07-16 18:00:00,0.0,0.0,0.0,0.0,0.0,0.0,0.0
213_CT_1,THERMAL,2020-07-16 18:00:00,0.0,0.0,0.0,0.0,0.0,0.0,0.0
213_CT_2,THERMAL,2020-07-16 18:00:00,0.0,0.0,0.0,0.0,0.0,0.0,0.0
215_CT_4,THERMAL,2020-07-16 18:00:00,0.0,0.0,0.0,0.0,0.0,0.0,0.0
215_CT_5,THERMAL,2020-07-16 18:00:00,0.0,0.0,0.0,0.0,0.0,0.0,0.0
216_STEAM_1,THERMAL,2020-07-16 18:00:00,0.0,0.0,0.0,0.0,0.0,0.0,0.0
218_CC_1,THERMAL,2020-07-16 18:00:00,0.0,0.0,0.0,0.0,0.0,0.0,0.0
221_CC_1,THERMAL,2020-07-16 18:00:00,0.0,0.0,0.0,0.0,0.0,0.0,0.0
223_CT_4,THERMAL,2020-07-16 18:00:00,0.0,0.0,0.0,0.0,0.0,0.0,0.0
223_CT_5,THERMAL,2020-07-16 18:00:00,0.0,0.0,0.0,0.0,0.0,0.0,0.0
223_CT_6,THERMAL,2020-07-16 18:00:00,0.0,0.0,0.0,0.0,0.0,0.0,0.0
223_STEAM_1,THERMAL,2020-07-16 18:00:00,0.0,0.0,0.0,0.0,0.0,0.0,0.0
223_STEAM_2,THERMAL,2020-07-16 18:00:00,0.0,0.0,0.0,0.0,0.0,0.0,0.0
223_STEAM_3,THERMAL,2020-07-16 18:00:00,0.0,0.0,0.0,0.0,0.0,0.0,0.0
301_CT_1,THERMAL,2020-07-16 18:00:00,0.0,0.0,0.0,0.0,0.0,0.0,0.0
301_CT_2,THERMAL,2020-07-16 18:00:00,0.0,0.0,0.0,0.0,0.0,0.0,0.0
301_CT_3,THERMAL,2020-07-16 18:00:00,0.0,0.0,0.0,0.0,0.0,0.0,0.0
301_CT_4,THERMAL,2020-07-16 18:00:00,0.0,0.0,0.0,0.0,0.0,0.0,0.0
302_CT_1,THERMAL,2020-07-16 18:00:00,0.0,0.0,0.0,0.0,0.0,0.0,0.0
302_CT_2,THERMAL,2020-07-16 18:00:00,0.0,0.0,0.0,0.0,0.0,0.0,0.0
302_CT_3,THERMAL,2020-07-16 18:00:00,0.0,0.0,0.0,0.0,0.0,0.0,0.0
302_CT_4,THERMAL,2020-07-16 18:00:00,0.0,0.0,0.0,0.0,0.0,0.0,0.0
303_WIND_1,WIND,2020-07-16 18:00:00,0.0,0.0,0.0,0.0,0.0,0.0,0.0
307_CT_1,THERMAL,2020-07-16 18:00:00,0.0,0.0,0.0,0.0,0.0,0.0,0.0
307_CT_2,THERMAL,2020-07-16 18:00:00,0.0,0.0,0.0,0.0,0.0,0.0,0.0
309_WIND_1,WIND,2020-07-16 18:00:00,0.0,0.0,0.0,0.0,0.0,0.0,0.0
313_CC_1,THERMAL,2020-07-16 18:00:00,0.0,0.0,0.0,0.0,0.0,0.0,0.0
315_CT_6,THERMAL,2020-07-16 18:00:00,0.0,0.0,0.0,0.0,0.0,0.0,0.0
315_CT_7,THERMAL,2020-07-16 18:00:00,0.0,0.0,0.0,0.0,0.0,0.0,0.0
315_CT_8,THERMAL,2020-07-16 18:00:00,0.0,0.0,0.0,0.0,0.0,0.0,0.0
315_STEAM_1,THERMAL,2020-07-16 18:00:00,0.0,0.0,0.0,0.0,0.0,0.0,0.0
315_STEAM_2,THERMAL,2020-07-16 18:00:00,0.0,0.0,0.0,0.0,0.0,0.0,0.0
315_STEAM_3,THERMAL,2020-07-16 18:00:00,0.0,0.0,0.0,0.0,0.0,0.0,0.0
315_STEAM_4,THERMAL,2020-07-16 18:00:00,0.0,0.0,0.0,0.0,0.0,0.0,0.0
315_STEAM_5,THERMAL,2020-07-16 18:00:00,0.0,0.0,0.0,0.0,0.0,0.0,0.0
316_STEAM_1,THERMAL,2020-07-16 18:00:00,0.0,0.0,0.0,0.0,0.0,0.0,0.0
317_WIND_1,WIND,2020-07-16 18:00:00,0.0,0.0,0.0,0.0,0.0,0.0,0.0
318_CC_1,THERMAL,2020-07-16 18:00:00,0.0,0.0,0.0,0.0,0.0,0.0,0.0
321_CC_1,THERMAL,2020-07-16 18:00:00,0.0,0.0,0.0,0.0,0.0,0.0,0.0
322_CT_5,THERMAL,2020-07-16 18:00:00,0.0,0.0,0.0,0.0,0.0,0.0,0.0
322_CT_6,THERMAL,2020-07-16 18:00:00,0.0,0.0,0.0,0.0,0.0,0.0,0.0
323_CC_1,THERMAL,2020-07-16 18:00:00,0.0,0.0,0.0,0.0,0.0,0.0,0.0
323_CC_2,THERMAL,2020-07-16 18:00:00,0.0,0.0,0.0,0.0,0.0,0.0,0.0
101_CT_1,THERMAL,2020-07-16 20:00:00,0.0,0.0,0.0,0.0,0.0,0.0,0.0
101_CT_2,THERMAL,2020-07-16 20:00:00,0.0,0.0,0.0,0.0,0.0,0.0,0.0
101_STEAM_3,THERMAL,2020-07-16 20:00:00,0.0,0.0,0.0,0.0,0.0,0.0,0.0
101_STEAM_4,THERMAL,2020-07-16 20:00:00,0.0,0.0,0.0,0.0,0.0,0.0,0.0
102_CT_1,THERMAL,2020-07-16 20:00:00,0.0,0.0,0.0,0.0,0.0,0.0,0.0
102_CT_2,THERMAL,2020-07-16 20:00:00,0.0,0.0,0.0,0.0,0.0,0.0,0.0
102_STEAM_3,THERMAL,2020-07-16 20:00:00,0.0,0.0,0.0,0.0,0.0,0.0,0.0
102_STEAM_4,THERMAL,2020-07-16 20:00:00,0.0,0.0,0.0,0.0,0.0,0.0,0.0
107_CC_1,THERMAL,2020-07-16 20:00:00,0.0,0.0,0.0,0.0,0.0,0.0,0.0
113_CT_1,THERMAL,2020-07-16 20:00:00,0.0,0.0,0.0,0.0,0.0,0.0,0.0
113_CT_2,THERMAL,2020-07-16 20:00:00,0.0,0.0,0.0,0.0,0.0,0.0,0.0
113_CT_3,THERMAL,2020-07-16 20:00:00,0.0,0.0,0.0,0.0,0.0,0.0,0.0
113_CT_4,THERMAL,2020-07-16 20:00:00,0.0,0.0,0.0,0.0,0.0,0.0,0.0
115_STEAM_1,THERMAL,2020-07-16 20:00:00,0.0,0.0,0.0,0.0,0.0,0.0,0.0
115_STEAM_2,THERMAL,2020-07-16 20:00:00,0.0,0.0,0.0,0.0,0.0,0.0,0.0
115_STEAM_3,THERMAL,2020-07-16 20:00:00,0.0,0.0,0.0,0.0,0.0,0.0,0.0
116_STEAM_1,THERMAL,2020-07-16 20:00:00,0.0,0.0,0.0,0.0,0.0,0.0,0.0
118_CC_1,THERMAL,2020-07-16 20:00:00,0.0,0.0,0.0,0.0,0.0,0.0,0.0
122_WIND_1,WIND,2020-07-16 20:00:00,0.0,0.0,0.0,0.0,0.0,0.0,0.0
123_CT_1,THERMAL,2020-07-16 20:00:00,0.0,0.0,0.0,0.0,0.0,0.0,0.0
123_CT_4,THERMAL,2020-07-16 20:00:00,0.0,0.0,0.0,0.0,0.0,0.0,0.0
123_CT_5,THERMAL,2020-07-16 20:00:00,0.0,0.0,0.0,0.0,0.0,0.0,0.0
123_STEAM_2,THERMAL,2020-07-16 20:00:00,0.0,0.0,0.0,0.0,0.0,0.0,0.0
123_STEAM_3,THERMAL,2020-07-16 20:00:00,0.0,0.0,0.0,0.0,0.0,0.0,0.0
201_CT_1,THERMAL,2020-07-16 20:00:00,0.0,0.0,0.0,0.0,0.0,0.0,0.0
201_CT_2,THERMAL,2020-07-16 20:00:00,0.0,0.0,0.0,0.0,0.0,0.0,0.0
201_STEAM_3,THERMAL,2020-07-16 20:00:00,0.0,0.0,0.0,0.0,0.0,0.0,0.0
202_CT_1,THERMAL,2020-07-16 20:00:00,0.0,0.0,0.0,0.0,0.0,0.0,0.0
202_CT_2,THERMAL,2020-07-16 20:00:00,0.0,0.0,0.0,0.0,0.0,0.0,0.0
202_STEAM_3,THERMAL,2020-07-16 20:00:00,0.0,0.0,0.0,0.0,0.0,0.0,0.0
202_STEAM_4,THERMAL,2020-07-16 20:00:00,0.0,0.0,0.0,0.0,0.0,0.0,0.0
207_CT_1,THERMAL,2020-07-16 20:00:00,0.0,0.0,0.0,0.0,0.0,0.0,0.0
207_CT_2,THERMAL,2020-07-16 20:00:00,0.0,0.0,0.0,0.0,0.0,0.0,0.0
212_CSP_1,THERMAL,2020-07-16 20:00:00,0.0,0.0,0.0,0.0,0.0,0.0,0.0
213_CC_3,THERMAL,2020-07-16 20:00:00,0.0,0.0,0.0,0.0,0.0,0.0,0.0
213_CT_1,THERMAL,2020-07-16 20:00:00,0.0,0.0,0.0,0.0,0.0,0.0,0.0
213_CT_2,THERMAL,2020-07-16 20:00:00,0.0,0.0,0.0,0.0,0.0,0.0,0.0
215_CT_4,THERMAL,2020-07-16 20:00:00,0.0,0.0,0.0,0.0,0.0,0.0,0.0
215_CT_5,THERMAL,2020-07-16 20:00:00,0.0,0.0,0.0,0.0,0.0,0.0,0.0
216_STEAM_1,THERMAL,2020-07-16 20:00:00,0.0,0.0,0.0,0.0,0.0,0.0,0.0
218_CC_1,THERMAL,2020-07-16 20:00:00,0.0,0.0,0.0,0.0,0.0,0.0,0.0
221_CC_1,THERMAL,2020-07-16 20:00:00,0.0,0.0,0.0,0.0,0.0,0.0,0.0
223_CT_4,THERMAL,2020-07-16 20:00:00,0.0,0.0,0.0,0.0,0.0,0.0,0.0
223_CT_5,THERMAL,2020-07-16 20:00:00,0.0,0.0,0.0,0.0,0.0,0.0,0.0
223_CT_6,THERMAL,2020-07-16 20:00:00,0.0,0.0,0.0,0.0,0.0,0.0,0.0
223_STEAM_1,THERMAL,2020-07-16 20:00:00,0.0,0.0,0.0,0.0,0.0,0.0,0.0
223_STEAM_2,THERMAL,2020-07-16 20:00:00,0.0,0.0,0.0,0.0,0.0,0.0,0.0
223_STEAM_3,THERMAL,2020-07-16 20:00:00,0.0,0.0,0.0,0.0,0.0,0.0,0.0
301_CT_1,THERMAL,2020-07-16 20:00:00,0.0,0.0,0.0,0.0,0.0,0.0,0.0
301_CT_2,THERMAL,2020-07-16 20:00:00,0.0,0.0,0.0,0.0,0.0,0.0,0.0
301_CT_3,THERMAL,2020-07-16 20:00:00,0.0,0.0,0.0,0.0,0.0,0.0,0.0
301_CT_4,THERMAL,2020-07-16 20:00:00,0.0,0.0,0.0,0.0,0.0,0.0,0.0
302_CT_1,THERMAL,2020-07-16 20:00:00,0.0,0.0,0.0,0.0,0.0,0.0,0.0
302_CT_2,THERMAL,2020-07-16 20:00:00,0.0,0.0,0.0,0.0,0.0,0.0,0.0
302_CT_3,THERMAL,2020-07-16 20:00:00,0.0,0.0,0.0,0.0,0.0,0.0,0.0
302_CT_4,THERMAL,2020-07-16 20:00:00,0.0,0.0,0.0,0.0,0.0,0.0,0.0
303_WIND_1,WIND,2020-07-16 20:00:00,0.0,0.0,0.0,0.0,0.0,0.0,0.0
307_CT_1,THERMAL,2020-07-16 20:00:00,0.0,0.0,0.0,0.0,0.0,0.0,0.0
307_CT_2,THERMAL,2020-07-16 20:00:00,0.0,0.0,0.0,0.0,0.0,0.0,0.0
309_WIND_1,WIND,2020-07-16 20:00:00,0.0,0.0,0.0,0.0,0.0,0.0,0.0
313_CC_1,THERMAL,2020-07-16 20:00:00,0.0,0.0,0.0,0.0,0.0,0.0,0.0
315_CT_6,THERMAL,2020-07-16 20:00:00,0.0,0.0,0.0,0.0,0.0,0.0,0.0
315_CT_7,THERMAL,2020-07-16 20:00:00,0.0,0.0,0.0,0.0,0.0,0.0,0.0
315_CT_8,THERMAL,2020-07-16 20:00:00,0.0,0.0,0.0,0.0,0.0,0.0,0.0
315_STEAM_1,THERMAL,2020-07-16 20:00:00,0.0,0.0,0.0,0.0,0.0,0.0,0.0
315_STEAM_2,THERMAL,2020-07-16 20:00:00,0.0,0.0,0.0,0.0,0.0,0.0,0.0
315_STEAM_3,THERMAL,2020-07-16 20:00:00,0.0,0.0,0.0,0.0,0.0,0.0,0.0
315_STEAM_4,THERMAL,2020-07-16 20:00:00,0.0,0.0,0.0,0.0,0.0,0.0,0.0
315_STEAM_5,THERMAL,2020-07-16 20:00:00,0.0,0.0,0.0,0.0,0.0,0.0,0.0
316_STEAM_1,THERMAL,2020-07-16 20:00:00,0.0,0.0,0.0,0.0,0.0,0.0,0.0
317_WIND_1,WIND,2020-07-16 20:00:00,0.0,0.0,0.0,0.0,0.0,0.0,0.0
318_CC_1,THERMAL,2020-07-16 20:00:00,0.0,0.0,0.0,0.0,0.0,0.0,0.0
321_CC_1,THERMAL,2020-07-16 20:00:00,0.0,0.0,0.0,0.0,0.0,0.0,0.0
322_CT_5,THERMAL,2020-07-16 20:00:00,0.0,0.0,0.0,0.0,0.0,0.0,0.0
322_CT_6,THERMAL,2020-07-16 20:00:00,0.0,0.0,0.0,0.0,0.0,0.0,0.0
323_CC_1,THERMAL,2020-07-16 20:00:00,0.0,0.0,0.0,0.0,0.0,0.0,0.0
323_CC_2,THERMAL,2020-07-16 20:00:00,0.0,0.0,0.0,0.0,0.0,0.0,0.0
101_CT_1,THERMAL,2020-07-16 22:00:00,0.0,0.0,0.0,0.0,0.0,0.0,0.0
101_CT_2,THERMAL,2020-07-16 22:00:00,0.0,0.0,0.0,0.0,0.0,0.0,0.0
101_STEAM_3,THERMAL,2020-07-16 22:00:00,0.0,0.0,0.0,0.0,0.0,0.0,0.0
101_STEAM_4,THERMAL,2020-07-16 22:00:00,0.0,0.0,0.0,0.0,0.0,0.0,0.0
102_CT_1,THERMAL,2020-07-16 22:00:00,0.0,0.0,0.0,0.0,0.0,0.0,0.0
102_CT_2,THERMAL,2020-07-16 22:00:00,0.0,0.0,0.0,0.0,0.0,0.0,0.0
102_STEAM_3,THERMAL,2020-07-16 22:00:00,0.0,0.0,0.0,0.0,0.0,0.0,0.0
102_STEAM_4,THERMAL,2020-07-16 22:00:00,0.0,0.0,0.0,0.0,0.0,0.0,0.0
107_CC_1,THERMAL,2020-07-16 22:00:00,0.0,0.0,0.0,0.0,0.0,0.0,0.0
113_CT_1,THERMAL,2020-07-16 22:00:00,0.0,0.0,0.0,0.0,0.0,0.0,0.0
113_CT_2,THERMAL,2020-07-16 22:00:00,0.0,0.0,0.0,0.0,0.0,0.0,0.0
113_CT_3,THERMAL,2020-07-16 22:00:00,0.0,0.0,0.0,0.0,0.0,0.0,0.0
113_CT_4,THERMAL,2020-07-16 22:00:00,0.0,0.0,0.0,0.0,0.0,0.0,0.0
115_STEAM_1,THERMAL,2020-07-16 22:00:00,0.0,0.0,0.0,0.0,0.0,0.0,0.0
115_STEAM_2,THERMAL,2020-07-16 22:00:00,0.0,0.0,0.0,0.0,0.0,0.0,0.0
115_STEAM_3,THERMAL,2020-07-16 22:00:00,0.0,0.0,0.0,0.0,0.0,0.0,0.0
116_STEAM_1,THERMAL,2020-07-16 22:00:00,0.0,0.0,0.0,0.0,0.0,0.0,0.0
118_CC_1,THERMAL,2020-07-16 22:00:00,0.0,0.0,0.0,0.0,0.0,0.0,0.0
122_WIND_1,WIND,2020-07-16 22:00:00,0.0,0.0,0.0,0.0,0.0,0.0,0.0
123_CT_1,THERMAL,2020-07-16 22:00:00,0.0,0.0,0.0,0.0,0.0,0.0,0.0
123_CT_4,THERMAL,2020-07-16 22:00:00,0.0,0.0,0.0,0.0,0.0,0.0,0.0
123_CT_5,THERMAL,2020-07-16 22:00:00,0.0,0.0,0.0,0.0,0.0,0.0,0.0
123_STEAM_2,THERMAL,2020-07-16 22:00:00,0.0,0.0,0.0,0.0,0.0,0.0,0.0
123_STEAM_3,THERMAL,2020-07-16 22:00:00,0.0,0.0,0.0,0.0,0.0,0.0,0.0
201_CT_1,THERMAL,2020-07-16 22:00:00,0.0,0.0,0.0,0.0,0.0,0.0,0.0
201_CT_2,THERMAL,2020-07-16 22:00:00,0.0,0.0,0.0,0.0,0.0,0.0,0.0
201_STEAM_3,THERMAL,2020-07-16 22:00:00,0.0,0.0,0.0,0.0,0.0,0.0,0.0
202_CT_1,THERMAL,2020-07-16 22:00:00,0.0,0.0,0.0,0.0,0.0,0.0,0.0
202_CT_2,THERMAL,2020-07-16 22:00:00,0.0,0.0,0.0,0.0,0.0,0.0,0.0
202_STEAM_3,THERMAL,2020-07-16 22:00:00,0.0,0.0,0.0,0.0,0.0,0.0,0.0
202_STEAM_4,THERMAL,2020-07-16 22:00:00,0.0,0.0,0.0,0.0,0.0,0.0,0.0
207_CT_1,THERMAL,2020-07-16 22:00:00,0.0,0.0,0.0,0.0,0.0,0.0,0.0
207_CT_2,THERMAL,2020-07-16 22:00:00,0.0,0.0,0.0,0.0,0.0,0.0,0.0
212_CSP_1,THERMAL,2020-07-16 22:00:00,0.0,0.0,0.0,0.0,0.0,0.0,0.0
213_CC_3,THERMAL,2020-07-16 22:00:00,0.0,0.0,0.0,0.0,0.0,0.0,0.0
213_CT_1,THERMAL,2020-07-16 22:00:00,0.0,0.0,0.0,0.0,0.0,0.0,0.0
213_CT_2,THERMAL,2020-07-16 22:00:00,0.0,0.0,0.0,0.0,0.0,0.0,0.0
215_CT_4,THERMAL,2020-07-16 22:00:00,0.0,0.0,0.0,0.0,0.0,0.0,0.0
215_CT_5,THERMAL,2020-07-16 22:00:00,0.0,0.0,0.0,0.0,0.0,0.0,0.0
216_STEAM_1,THERMAL,2020-07-16 22:00:00,0.0,0.0,0.0,0.0,0.0,0.0,0.0
218_CC_1,THERMAL,2020-07-16 22:00:00,0.0,0.0,0.0,0.0,0.0,0.0,0.0
221_CC_1,THERMAL,2020-07-16 22:00:00,0.0,0.0,0.0,0.0,0.0,0.0,0.0
223_CT_4,THERMAL,2020-07-16 22:00:00,0.0,0.0,0.0,0.0,0.0,0.0,0.0
223_CT_5,THERMAL,2020-07-16 22:00:00,0.0,0.0,0.0,0.0,0.0,0.0,0.0
223_CT_6,THERMAL,2020-07-16 22:00:00,0.0,0.0,0.0,0.0,0.0,0.0,0.0
223_STEAM_1,THERMAL,2020-07-16 22:00:00,0.0,0.0,0.0,0.0,0.0,0.0,0.0
223_STEAM_2,THERMAL,2020-07-16 22:00:00,0.0,0.0,0.0,0.0,0.0,0.0,0.0
223_STEAM_3,THERMAL,2020-07-16 22:00:00,0.0,0.0,0.0,0.0,0.0,0.0,0.0
301_CT_1,THERMAL,2020-07-16 22:00:00,0.0,0.0,0.0,0.0,0.0,0.0,0.0
301_CT_2,THERMAL,2020-07-16 22:00:00,0.0,0.0,0.0,0.0,0.0,0.0,0.0
301_CT_3,THERMAL,2020-07-16 22:00:00,0.0,0.0,0.0,0.0,0.0,0.0,0.0
301_CT_4,THERMAL,2020-07-16 22:00:00,0.0,0.0,0.0,0.0,0.0,0.0,0.0
302_CT_1,THERMAL,2020-07-16 22:00:00,0.0,0.0,0.0,0.0,0.0,0.0,0.0
302_CT_2,THERMAL,2020-07-16 22:00:00,0.0,0.0,0.0,0.0,0.0,0.0,0.0
302_CT_3,THERMAL,2020-07-16 22:00:00,0.0,0.0,0.0,0.0,0.0,0.0,0.0
302_CT_4,THERMAL,2020-07-16 22:00:00,0.0,0.0,0.0,0.0,0.0,0.0,0.0
303_WIND_1,WIND,2020-07-16 22:00:00,0.0,0.0,0.0,0.0,0.0,0.0,0.0
307_CT_1,THERMAL,2020-07-16 22:00:00,0.0,0.0,0.0,0.0,0.0,0.0,0.0
307_CT_2,THERMAL,2020-07-16 22:00:00,0.0,0.0,0.0,0.0,0.0,0.0,0.0
309_WIND_1,WIND,2020-07-16 22:00:00,0.0,0.0,0.0,0.0,0.0,0.0,0.0
313_CC_1,THERMAL,2020-07-16 22:00:00,0.0,0.0,0.0,0.0,0.0,0.0,0.0
315_CT_6,THERMAL,2020-07-16 22:00:00,0.0,0.0,0.0,0.0,0.0,0.0,0.0
315_CT_7,THERMAL,2020-07-16 22:00:00,0.0,0.0,0.0,0.0,0.0,0.0,0.0
315_CT_8,THERMAL,2020-07-16 22:00:00,0.0,0.0,0.0,0.0,0.0,0.0,0.0
315_STEAM_1,THERMAL,2020-07-16 22:00:00,0.0,0.0,0.0,0.0,0.0,0.0,0.0
315_STEAM_2,THERMAL,2020-07-16 22:00:00,0.0,0.0,0.0,0.0,0.0,0.0,0.0
315_STEAM_3,THERMAL,2020-07-16 22:00:00,0.0,0.0,0.0,0.0,0.0,0.0,0.0
315_STEAM_4,THERMAL,2020-07-16 22:00:00,0.0,0.0,0.0,0.0,0.0,0.0,0.0
315_STEAM_5,THERMAL,2020-07-16 22:00:00,0.0,0.0,0.0,0.0,0.0,0.0,0.0
316_STEAM_1,THERMAL,2020-07-16 22:00:00,0.0,0.0,0.0,0.0,0.0,0.0,0.0
317_WIND_1,WIND,2020-07-16 22:00:00,0.0,0.0,0.0,0.0,0.0,0.0,0.0
318_CC_1,THERMAL,2020-07-16 22:00:00,0.0,0.0,0.0,0.0,0.0,0.0,0.0
321_CC_1,THERMAL,2020-07-16 22:00:00,0.0,0.0,0.0,0.0,0.0,0.0,0.0
322_CT_5,THERMAL,2020-07-16 22:00:00,0.0,0.0,0.0,0.0,0.0,0.0,0.0
322_CT_6,THERMAL,2020-07-16 22:00:00,0.0,0.0,0.0,0.0,0.0,0.0,0.0
323_CC_1,THERMAL,2020-07-16 22:00:00,0.0,0.0,0.0,0.0,0.0,0.0,0.0
323_CC_2,THERMAL,2020-07-16 22:00:00,0.0,0.0,0.0,0.0,0.0,0.0,0.0
