line,period,flow_nominal,margin_rho_norm,worst_case_abs_flow,Fmax,loading_nominal_pct,loading_worst_case_pct,binding
A1,2020-07-15 00:00:00,175.0,0.0,175.0,175.0,100.0,100.0,True
A1,2020-07-15 01:00:00,175.0,0.0,175.0,175.0,100.0,100.0,True
A1,2020-07-15 02:00:00,162.98,12.02,175.0,175.0,93.1,100.0,True
A1,2020-07-15 03:00:00,160.98,14.02,175.0,175.0,92.0,100.0,True
A1,2020-07-15 04:00:00,175.0,0.0,175.0,175.0,100.0,100.0,True
A1,2020-07-15 05:00:00,163.33,0.0,163.33,175.0,93.3,93.3,False
A1,2020-07-15 06:00:00,43.69,0.0,43.69,175.0,25.0,25.0,False
A1,2020-07-15 07:00:00,-86.59,255.24,341.82,175.0,49.5,195.3,True
A1,2020-07-15 08:00:00,60.77,109.43,170.2,175.0,34.7,97.3,False
A1,2020-07-15 09:00:00,95.74,76.93,172.67,175.0,54.7,98.7,False
A1,2020-07-15 10:00:00,99.34,75.66,175.0,175.0,56.8,100.0,True
A1,2020-07-15 11:00:00,98.91,76.09,175.0,175.0,56.5,100.0,True
A1,2020-07-15 12:00:00,127.83,47.17,175.0,175.0,73.0,100.0,True
A1,2020-07-15 13:00:00,107.58,67.42,175.0,175.0,61.5,100.0,True
A1,2020-07-15 14:00:00,105.44,69.56,175.0,175.0,60.3,100.0,True
A1,2020-07-15 15:00:00,46.31,114.89,161.2,175.0,26.5,92.1,False
A1,2020-07-15 16:00:00,66.46,108.54,175.0,175.0,38.0,100.0,True
A1,2020-07-15 17:00:00,175.0,0.0,175.0,175.0,100.0,100.0,True
A1,2020-07-15 18:00:00,175.0,0.0,175.0,175.0,100.0,100.0,True
A1,2020-07-15 19:00:00,174.84,0.16,175.0,175.0,99.9,100.0,True
A1,2020-07-15 20:00:00,173.71,1.29,175.0,175.0,99.3,100.0,True
A1,2020-07-15 21:00:00,-3.24,172.67,175.91,175.0,1.9,100.5,True
A1,2020-07-15 22:00:00,169.01,5.99,175.0,175.0,96.6,100.0,True
A1,2020-07-15 23:00:00,167.04,0.0,167.04,175.0,95.5,95.5,False
A1,2020-07-16 00:00:00,175.0,0.0,175.0,175.0,100.0,100.0,True
A1,2020-07-16 02:00:00,175.0,0.0,175.0,175.0,100.0,100.0,True
A1,2020-07-16 04:00:00,168.26,0.0,168.26,175.0,96.1,96.1,False
A1,2020-07-16 06:00:00,159.79,0.0,159.79,175.0,91.3,91.3,False
A1,2020-07-16 08:00:00,172.0,0.0,172.0,175.0,98.3,98.3,False
A1,2020-07-16 10:00:00,175.0,0.0,175.0,175.0,100.0,100.0,True
A1,2020-07-16 12:00:00,175.0,0.0,175.0,175.0,100.0,100.0,True
A1,2020-07-16 14:00:00,175.0,0.0,175.0,175.0,100.0,100.0,True
A1,2020-07-16 16:00:00,175.0,0.0,175.0,175.0,100.0,100.0,True
A1,2020-07-16 18:00:00,175.0,0.0,175.0,175.0,100.0,100.0,True
A1,2020-07-16 20:00:00,170.49,0.0,170.49,175.0,97.4,97.4,False
A1,2020-07-16 22:00:00,140.62,0.0,140.62,175.0,80.4,80.4,False
A2,2020-07-15 00:00:00,86.62,0.0,86.62,175.0,49.5,49.5,False
A2,2020-07-15 01:00:00,89.76,0.0,89.76,175.0,51.3,51.3,False
A2,2020-07-15 02:00:00,100.26,0.0,100.26,175.0,57.3,57.3,False
A2,2020-07-15 03:00:00,100.0,0.0,100.0,175.0,57.1,57.1,False
A2,2020-07-15 04:00:00,96.61,0.0,96.61,175.0,55.2,55.2,False
A2,2020-07-15 05:00:00,89.08,0.0,89.08,175.0,50.9,50.9,False
A2,2020-07-15 06:00:00,6.51,0.0,6.51,175.0,3.7,3.7,False
A2,2020-07-15 07:00:00,-42.41,0.0,42.41,175.0,24.2,24.2,False
A2,2020-07-15 08:00:00,44.63,0.0,44.63,175.0,25.5,25.5,False
A2,2020-07-15 09:00:00,49.68,0.0,49.68,175.0,28.4,28.4,False
A2,2020-07-15 10:00:00,50.72,0.0,50.72,175.0,29.0,29.0,False
A2,2020-07-15 11:00:00,45.4,0.0,45.4,175.0,25.9,25.9,False
A2,2020-07-15 12:00:00,54.53,0.0,54.53,175.0,31.2,31.2,False
A2,2020-07-15 13:00:00,40.38,0.0,40.38,175.0,23.1,23.1,False
A2,2020-07-15 14:00:00,47.43,0.0,47.43,175.0,27.1,27.1,False
A2,2020-07-15 15:00:00,30.52,0.0,30.52,175.0,17.4,17.4,False
A2,2020-07-15 16:00:00,19.97,0.0,19.97,175.0,11.4,11.4,False
A2,2020-07-15 17:00:00,84.1,0.0,84.1,175.0,48.1,48.1,False
A2,2020-07-15 18:00:00,86.45,0.0,86.45,175.0,49.4,49.4,False
A2,2020-07-15 19:00:00,92.46,0.0,92.46,175.0,52.8,52.8,False
A2,2020-07-15 20:00:00,98.34,0.0,98.34,175.0,56.2,56.2,False
A2,2020-07-15 21:00:00,-31.42,0.0,31.42,175.0,18.0,18.0,False
A2,2020-07-15 22:00:00,105.13,0.0,105.13,175.0,60.1,60.1,False
A2,2020-07-15 23:00:00,83.56,0.0,83.56,175.0,47.8,47.8,False
A2,2020-07-16 00:00:00,88.88,0.0,88.88,175.0,50.8,50.8,False
A2,2020-07-16 02:00:00,63.32,0.0,63.32,175.0,36.2,36.2,False
A2,2020-07-16 04:00:00,97.4,0.0,97.4,175.0,55.7,55.7,False
A2,2020-07-16 06:00:00,99.02,0.0,99.02,175.0,56.6,56.6,False
A2,2020-07-16 08:00:00,116.61,0.0,116.61,175.0,66.6,66.6,False
A2,2020-07-16 10:00:00,93.56,0.0,93.56,175.0,53.5,53.5,False
A2,2020-07-16 12:00:00,87.53,0.0,87.53,175.0,50.0,50.0,False
A2,2020-07-16 14:00:00,80.64,0.0,80.64,175.0,46.1,46.1,False
A2,2020-07-16 16:00:00,82.48,0.0,82.48,175.0,47.1,47.1,False
A2,2020-07-16 18:00:00,86.95,0.0,86.95,175.0,49.7,49.7,False
A2,2020-07-16 20:00:00,88.41,0.0,88.41,175.0,50.5,50.5,False
A2,2020-07-16 22:00:00,64.47,0.0,64.47,175.0,36.8,36.8,False
A3,2020-07-15 00:00:00,163.32,0.0,163.32,175.0,93.3,93.3,False
A3,2020-07-15 01:00:00,165.0,0.0,165.0,175.0,94.3,94.3,False
A3,2020-07-15 02:00:00,174.75,0.25,175.0,175.0,99.9,100.0,True
A3,2020-07-15 03:00:00,172.14,2.86,175.0,175.0,98.4,100.0,True
A3,2020-07-15 04:00:00,164.29,0.0,164.29,175.0,93.9,93.9,False
A3,2020-07-15 05:00:00,153.54,0.0,153.54,175.0,87.7,87.7,False
A3,2020-07-15 06:00:00,67.43,107.57,175.0,175.0,38.5,100.0,True
A3,2020-07-15 07:00:00,-0.63,175.63,176.26,175.0,0.4,100.7,True
A3,2020-07-15 08:00:00,100.9,74.1,175.0,175.0,57.7,100.0,True
A3,2020-07-15 09:00:00,109.78,65.22,175.0,175.0,62.7,100.0,True
A3,2020-07-15 10:00:00,110.29,64.43,174.72,175.0,63.0,99.8,True
A3,2020-07-15 11:00:00,107.35,65.98,173.33,175.0,61.3,99.0,False
A3,2020-07-15 12:00:00,126.94,45.33,172.27,175.0,72.5,98.4,False
A3,2020-07-15 13:00:00,110.68,60.59,171.26,175.0,63.2,97.9,False
A3,2020-07-15 14:00:00,119.11,51.08,170.19,175.0,68.1,97.3,False
A3,2020-07-15 15:00:00,102.59,72.41,175.0,175.0,58.6,100.0,True
A3,2020-07-15 16:00:00,92.09,78.52,170.61,175.0,52.6,97.5,False
A3,2020-07-15 17:00:00,171.19,3.0,174.19,175.0,97.8,99.5,True
A3,2020-07-15 18:00:00,173.59,1.2,174.8,175.0,99.2,99.9,True
A3,2020-07-15 19:00:00,174.36,0.64,175.0,175.0,99.6,100.0,True
A3,2020-07-15 20:00:00,174.87,0.13,175.0,175.0,99.9,100.0,True
A3,2020-07-15 21:00:00,34.91,140.09,175.0,175.0,19.9,100.0,True
A3,2020-07-15 22:00:00,175.0,0.0,175.0,175.0,100.0,100.0,True
A3,2020-07-15 23:00:00,152.76,22.24,175.0,175.0,87.3,100.0,True
A3,2020-07-16 00:00:00,167.54,0.0,167.54,175.0,95.7,95.7,False
A3,2020-07-16 02:00:00,134.15,0.0,134.15,175.0,76.7,76.7,False
A3,2020-07-16 04:00:00,175.0,0.0,175.0,175.0,100.0,100.0,True
A3,2020-07-16 06:00:00,175.0,0.0,175.0,175.0,100.0,100.0,True
A3,2020-07-16 08:00:00,175.0,0.0,175.0,175.0,100.0,100.0,True
A3,2020-07-16 10:00:00,173.16,0.0,173.16,175.0,99.0,99.0,False
A3,2020-07-16 12:00:00,168.42,0.0,168.42,175.0,96.2,96.2,False
A3,2020-07-16 14:00:00,166.63,0.0,166.63,175.0,95.2,95.2,False
A3,2020-07-16 16:00:00,168.26,0.0,168.26,175.0,96.1,96.1,False
A3,2020-07-16 18:00:00,172.44,0.0,172.44,175.0,98.5,98.5,False
A3,2020-07-16 20:00:00,175.0,0.0,175.0,175.0,100.0,100.0,True
A3,2020-07-16 22:00:00,163.79,0.0,163.79,175.0,93.6,93.6,False
A4,2020-07-15 00:00:00,116.9,0.0,116.9,175.0,66.8,66.8,False
A4,2020-07-15 01:00:00,118.75,0.0,118.75,175.0,67.9,67.9,False
A4,2020-07-15 02:00:00,128.21,0.0,128.21,175.0,73.3,73.3,False
A4,2020-07-15 03:00:00,126.46,0.0,126.46,175.0,72.3,72.3,False
A4,2020-07-15 04:00:00,119.5,0.0,119.5,175.0,68.3,68.3,False
A4,2020-07-15 05:00:00,111.23,0.0,111.23,175.0,63.6,63.6,False
A4,2020-07-15 06:00:00,43.34,0.0,43.34,175.0,24.8,24.8,False
A4,2020-07-15 07:00:00,-5.35,0.0,5.35,175.0,3.1,3.1,False
A4,2020-07-15 08:00:00,72.11,0.0,72.11,175.0,41.2,41.2,False
A4,2020-07-15 09:00:00,76.94,0.0,76.94,175.0,44.0,44.0,False
A4,2020-07-15 10:00:00,77.09,0.0,77.09,175.0,44.1,44.1,False
A4,2020-07-15 11:00:00,73.95,0.0,73.95,175.0,42.3,42.3,False
A4,2020-07-15 12:00:00,87.36,0.0,87.36,175.0,49.9,49.9,False
A4,2020-07-15 13:00:00,74.57,0.0,74.57,175.0,42.6,42.6,False
A4,2020-07-15 14:00:00,81.77,0.0,81.77,175.0,46.7,46.7,False
A4,2020-07-15 15:00:00,70.7,0.0,70.7,175.0,40.4,40.4,False
A4,2020-07-15 16:00:00,60.32,0.0,60.32,175.0,34.5,34.5,False
A4,2020-07-15 17:00:00,120.61,0.0,120.61,175.0,68.9,68.9,False
A4,2020-07-15 18:00:00,122.85,0.0,122.85,175.0,70.2,70.2,False
A4,2020-07-15 19:00:00,124.58,0.0,124.58,175.0,71.2,71.2,False
A4,2020-07-15 20:00:00,126.22,0.0,126.22,175.0,72.1,72.1,False
A4,2020-07-15 21:00:00,16.14,0.0,16.14,175.0,9.2,9.2,False
A4,2020-07-15 22:00:00,128.31,0.0,128.31,175.0,73.3,73.3,False
A4,2020-07-15 23:00:00,109.23,0.0,109.23,175.0,62.4,62.4,False
A4,2020-07-16 00:00:00,120.18,0.0,120.18,175.0,68.7,68.7,False
A4,2020-07-16 02:00:00,92.42,0.0,92.42,175.0,52.8,52.8,False
A4,2020-07-16 04:00:00,127.35,0.0,127.35,175.0,72.8,72.8,False
A4,2020-07-16 06:00:00,127.8,0.0,127.8,175.0,73.0,73.0,False
A4,2020-07-16 08:00:00,129.87,0.0,129.87,175.0,74.2,74.2,False
A4,2020-07-16 10:00:00,123.87,0.0,123.87,175.0,70.8,70.8,False
A4,2020-07-16 12:00:00,119.19,0.0,119.19,175.0,68.1,68.1,False
A4,2020-07-16 14:00:00,116.55,0.0,116.55,175.0,66.6,66.6,False
A4,2020-07-16 16:00:00,118.12,0.0,118.12,175.0,67.5,67.5,False
A4,2020-07-16 18:00:00,122.08,0.0,122.08,175.0,69.8,69.8,False
A4,2020-07-16 20:00:00,124.73,0.0,124.73,175.0,71.3,71.3,False
A4,2020-07-16 22:00:00,114.85,0.0,114.85,175.0,65.6,65.6,False
A5,2020-07-15 00:00:00,105.75,0.0,105.75,175.0,60.4,60.4,False
A5,2020-07-15 01:00:00,106.66,0.0,106.66,175.0,60.9,60.9,False
A5,2020-07-15 02:00:00,113.88,0.0,113.88,175.0,65.1,65.1,False
A5,2020-07-15 03:00:00,112.22,0.0,112.22,175.0,64.1,64.1,False
A5,2020-07-15 04:00:00,106.14,0.0,106.14,175.0,60.7,60.7,False
A5,2020-07-15 05:00:00,99.76,0.0,99.76,175.0,57.0,57.0,False
A5,2020-07-15 06:00:00,48.23,0.0,48.23,175.0,27.6,27.6,False
A5,2020-07-15 07:00:00,9.79,0.0,9.79,175.0,5.6,5.6,False
A5,2020-07-15 08:00:00,70.91,0.0,70.91,175.0,40.5,40.5,False
A5,2020-07-15 09:00:00,75.39,0.0,75.39,175.0,43.1,43.1,False
A5,2020-07-15 10:00:00,75.89,0.0,75.89,175.0,43.4,43.4,False
A5,2020-07-15 11:00:00,74.27,0.0,74.27,175.0,42.4,42.4,False
A5,2020-07-15 12:00:00,86.31,0.0,86.31,175.0,49.3,49.3,False
A5,2020-07-15 13:00:00,76.65,0.0,76.65,175.0,43.8,43.8,False
A5,2020-07-15 14:00:00,82.66,0.0,82.66,175.0,47.2,47.2,False
A5,2020-07-15 15:00:00,74.86,0.0,74.86,175.0,42.8,42.8,False
A5,2020-07-15 16:00:00,66.48,0.0,66.48,175.0,38.0,38.0,False
A5,2020-07-15 17:00:00,113.97,0.0,113.97,175.0,65.1,65.1,False
A5,2020-07-15 18:00:00,115.3,0.0,115.3,175.0,65.9,65.9,False
A5,2020-07-15 19:00:00,115.61,0.0,115.61,175.0,66.1,66.1,False
A5,2020-07-15 20:00:00,115.68,0.0,115.68,175.0,66.1,66.1,False
A5,2020-07-15 21:00:00,29.86,0.0,29.86,175.0,17.1,17.1,False
A5,2020-07-15 22:00:00,114.96,0.0,114.96,175.0,65.7,65.7,False
A5,2020-07-15 23:00:00,99.53,0.0,99.53,175.0,56.9,56.9,False
A5,2020-07-16 00:00:00,108.8,0.0,108.8,175.0,62.2,62.2,False
A5,2020-07-16 02:00:00,85.82,0.0,85.82,175.0,49.0,49.0,False
A5,2020-07-16 04:00:00,114.17,0.0,114.17,175.0,65.2,65.2,False
A5,2020-07-16 06:00:00,115.41,0.0,115.41,175.0,66.0,66.0,False
A5,2020-07-16 08:00:00,115.5,0.0,115.5,175.0,66.0,66.0,False
A5,2020-07-16 10:00:00,114.93,0.0,114.93,175.0,65.7,65.7,False
A5,2020-07-16 12:00:00,112.33,0.0,112.33,175.0,64.2,64.2,False
A5,2020-07-16 14:00:00,111.42,0.0,111.42,175.0,63.7,63.7,False
A5,2020-07-16 16:00:00,112.32,0.0,112.32,175.0,64.2,64.2,False
A5,2020-07-16 18:00:00,114.63,0.0,114.63,175.0,65.5,65.5,False
A5,2020-07-16 20:00:00,115.93,0.0,115.93,175.0,66.2,66.2,False
A5,2020-07-16 22:00:00,109.0,0.0,109.0,175.0,62.3,62.3,False
A6,2020-07-15 00:00:00,53.84,0.0,53.84,175.0,30.8,30.8,False
A6,2020-07-15 01:00:00,53.66,0.0,53.66,175.0,30.7,30.7,False
A6,2020-07-15 02:00:00,52.69,0.0,52.69,175.0,30.1,30.1,False
A6,2020-07-15 03:00:00,49.54,0.0,49.54,175.0,28.3,28.3,False
A6,2020-07-15 04:00:00,43.12,0.0,43.12,175.0,24.6,24.6,False
A6,2020-07-15 05:00:00,37.14,0.0,37.14,175.0,21.2,21.2,False
A6,2020-07-15 06:00:00,38.65,0.0,38.65,175.0,22.1,22.1,False
A6,2020-07-15 07:00:00,14.33,0.0,14.33,175.0,8.2,8.2,False
A6,2020-07-15 08:00:00,20.91,0.0,20.91,175.0,11.9,11.9,False
A6,2020-07-15 09:00:00,21.56,0.0,21.56,175.0,12.3,12.3,False
A6,2020-07-15 10:00:00,17.53,0.0,17.53,175.0,10.0,10.0,False
A6,2020-07-15 11:00:00,18.11,0.0,18.11,175.0,10.3,10.3,False
A6,2020-07-15 12:00:00,27.99,0.0,27.99,175.0,16.0,16.0,False
A6,2020-07-15 13:00:00,24.38,0.0,24.38,175.0,13.9,13.9,False
A6,2020-07-15 14:00:00,24.25,0.0,24.25,175.0,13.9,13.9,False
A6,2020-07-15 15:00:00,26.23,0.0,26.23,175.0,15.0,15.0,False
A6,2020-07-15 16:00:00,27.89,0.0,27.89,175.0,15.9,15.9,False
A6,2020-07-15 17:00:00,42.77,0.0,42.77,175.0,24.4,24.4,False
A6,2020-07-15 18:00:00,45.31,0.0,45.31,175.0,25.9,25.9,False
A6,2020-07-15 19:00:00,39.57,0.0,39.57,175.0,22.6,22.6,False
A6,2020-07-15 20:00:00,34.83,0.0,34.83,175.0,19.9,19.9,False
A6,2020-07-15 21:00:00,40.25,0.0,40.25,175.0,23.0,23.0,False
A6,2020-07-15 22:00:00,34.81,0.0,34.81,175.0,19.9,19.9,False
A6,2020-07-15 23:00:00,39.52,0.0,39.52,175.0,22.6,22.6,False
A6,2020-07-16 00:00:00,54.79,0.0,54.79,175.0,31.3,31.3,False
A6,2020-07-16 02:00:00,48.81,0.0,48.81,175.0,27.9,27.9,False
A6,2020-07-16 04:00:00,53.39,0.0,53.39,175.0,30.5,30.5,False
A6,2020-07-16 06:00:00,44.35,0.0,44.35,175.0,25.3,25.3,False
A6,2020-07-16 08:00:00,11.83,0.0,11.83,175.0,6.8,6.8,False
A6,2020-07-16 10:00:00,35.08,0.0,35.08,175.0,20.0,20.0,False
A6,2020-07-16 12:00:00,31.86,0.0,31.86,175.0,18.2,18.2,False
A6,2020-07-16 14:00:00,36.63,0.0,36.63,175.0,20.9,20.9,False
A6,2020-07-16 16:00:00,38.04,0.0,38.04,175.0,21.7,21.7,False
A6,2020-07-16 18:00:00,41.97,0.0,41.97,175.0,24.0,24.0,False
A6,2020-07-16 20:00:00,49.63,0.0,49.63,175.0,28.4,28.4,False
A6,2020-07-16 22:00:00,78.29,0.0,78.29,175.0,44.7,44.7,False
A7,2020-07-15 00:00:00,-70.5,0.0,70.5,400.0,17.6,17.6,False
A7,2020-07-15 01:00:00,-62.01,0.0,62.01,400.0,15.5,15.5,False
A7,2020-07-15 02:00:00,-48.43,0.0,48.43,400.0,12.1,12.1,False
A7,2020-07-15 03:00:00,-45.58,0.0,45.58,400.0,11.4,11.4,False
A7,2020-07-15 04:00:00,-44.13,0.0,44.13,400.0,11.0,11.0,False
A7,2020-07-15 05:00:00,-51.55,0.0,51.55,400.0,12.9,12.9,False
A7,2020-07-15 06:00:00,-138.6,0.0,138.6,400.0,34.7,34.7,False
A7,2020-07-15 07:00:00,-171.41,0.0,171.41,400.0,42.9,42.9,False
A7,2020-07-15 08:00:00,-103.28,0.0,103.28,400.0,25.8,25.8,False
A7,2020-07-15 09:00:00,-108.68,0.0,108.68,400.0,27.2,27.2,False
A7,2020-07-15 10:00:00,-111.67,0.0,111.67,400.0,27.9,27.9,False
A7,2020-07-15 11:00:00,-125.25,0.0,125.25,400.0,31.3,31.3,False
A7,2020-07-15 12:00:00,-134.2,0.0,134.2,400.0,33.6,33.6,False
A7,2020-07-15 13:00:00,-149.87,0.0,149.87,400.0,37.5,37.5,False
A7,2020-07-15 14:00:00,-146.23,0.0,146.23,400.0,36.6,36.6,False
A7,2020-07-15 15:00:00,-165.73,0.0,165.73,400.0,41.4,41.4,False
A7,2020-07-15 16:00:00,-175.91,0.0,175.91,400.0,44.0,44.0,False
A7,2020-07-15 17:00:00,-125.13,0.0,125.13,400.0,31.3,31.3,False
A7,2020-07-15 18:00:00,-118.64,0.0,118.64,400.0,29.7,29.7,False
A7,2020-07-15 19:00:00,-102.32,0.0,102.32,400.0,25.6,25.6,False
A7,2020-07-15 20:00:00,-84.3,0.0,84.3,400.0,21.1,21.1,False
A7,2020-07-15 21:00:00,-200.86,0.0,200.86,400.0,50.2,50.2,False
A7,2020-07-15 22:00:00,-53.75,0.0,53.75,400.0,13.4,13.4,False
A7,2020-07-15 23:00:00,-70.52,0.0,70.52,400.0,17.6,17.6,False
A7,2020-07-16 00:00:00,-72.94,0.0,72.94,400.0,18.2,18.2,False
A7,2020-07-16 02:00:00,-86.45,0.0,86.45,400.0,21.6,21.6,False
A7,2020-07-16 04:00:00,-61.25,0.0,61.25,400.0,15.3,15.3,False
A7,2020-07-16 06:00:00,-67.5,0.0,67.5,400.0,16.9,16.9,False
A7,2020-07-16 08:00:00,-35.7,0.0,35.7,400.0,8.9,8.9,False
A7,2020-07-16 10:00:00,-100.01,0.0,100.01,400.0,25.0,25.0,False
A7,2020-07-16 12:00:00,-116.47,0.0,116.47,400.0,29.1,29.1,False
A7,2020-07-16 14:00:00,-134.8,0.0,134.8,400.0,33.7,33.7,False
A7,2020-07-16 16:00:00,-129.75,0.0,129.75,400.0,32.4,32.4,False
A7,2020-07-16 18:00:00,-117.47,0.0,117.47,400.0,29.4,29.4,False
A7,2020-07-16 20:00:00,-108.0,0.0,108.0,400.0,27.0,27.0,False
A7,2020-07-16 22:00:00,-137.12,0.0,137.12,400.0,34.3,34.3,False
A8,2020-07-15 00:00:00,71.02,0.0,71.02,175.0,40.6,40.6,False
A8,2020-07-15 01:00:00,74.95,0.0,74.95,175.0,42.8,42.8,False
A8,2020-07-15 02:00:00,85.21,0.0,85.21,175.0,48.7,48.7,False
A8,2020-07-15 03:00:00,83.48,0.0,83.48,175.0,47.7,47.7,False
A8,2020-07-15 04:00:00,75.85,0.0,75.85,175.0,43.3,43.3,False
A8,2020-07-15 05:00:00,65.41,0.0,65.41,175.0,37.4,37.4,False
A8,2020-07-15 06:00:00,-1.37,0.0,1.37,175.0,0.8,0.8,False
A8,2020-07-15 07:00:00,-51.45,0.0,51.45,175.0,29.4,29.4,False
A8,2020-07-15 08:00:00,18.23,0.0,18.23,175.0,10.4,10.4,False
A8,2020-07-15 09:00:00,18.64,0.0,18.64,175.0,10.6,10.6,False
A8,2020-07-15 10:00:00,15.44,0.0,15.44,175.0,8.8,8.8,False
A8,2020-07-15 11:00:00,9.21,0.0,9.21,175.0,5.3,5.3,False
A8,2020-07-15 12:00:00,18.78,0.0,18.78,175.0,10.7,10.7,False
A8,2020-07-15 13:00:00,4.29,0.0,4.29,175.0,2.5,2.5,False
A8,2020-07-15 14:00:00,9.93,0.0,9.93,175.0,5.7,5.7,False
A8,2020-07-15 15:00:00,-0.64,0.0,0.64,175.0,0.4,0.4,False
A8,2020-07-15 16:00:00,-10.18,0.0,10.18,175.0,5.8,5.8,False
A8,2020-07-15 17:00:00,48.71,0.0,48.71,175.0,27.8,27.8,False
A8,2020-07-15 18:00:00,53.66,0.0,53.66,175.0,30.7,30.7,False
A8,2020-07-15 19:00:00,57.21,0.0,57.21,175.0,32.7,32.7,False
A8,2020-07-15 20:00:00,61.85,0.0,61.85,175.0,35.3,35.3,False
A8,2020-07-15 21:00:00,-36.97,0.0,36.97,175.0,21.1,21.1,False
A8,2020-07-15 22:00:00,73.68,0.0,73.68,175.0,42.1,42.1,False
A8,2020-07-15 23:00:00,58.88,0.0,58.88,175.0,33.6,33.6,False
A8,2020-07-16 00:00:00,72.7,0.0,72.7,175.0,41.5,41.5,False
A8,2020-07-16 02:00:00,47.9,0.0,47.9,175.0,27.4,27.4,False
A8,2020-07-16 04:00:00,80.53,0.0,80.53,175.0,46.0,46.0,False
A8,2020-07-16 06:00:00,74.07,0.0,74.07,175.0,42.3,42.3,False
A8,2020-07-16 08:00:00,68.38,0.0,68.38,175.0,39.1,39.1,False
A8,2020-07-16 10:00:00,55.15,0.0,55.15,175.0,31.5,31.5,False
A8,2020-07-16 12:00:00,44.94,0.0,44.94,175.0,25.7,25.7,False
A8,2020-07-16 14:00:00,39.63,0.0,39.63,175.0,22.6,22.6,False
A8,2020-07-16 16:00:00,43.08,0.0,43.08,175.0,24.6,24.6,False
A8,2020-07-16 18:00:00,51.8,0.0,51.8,175.0,29.6,29.6,False
A8,2020-07-16 20:00:00,60.89,0.0,60.89,175.0,34.8,34.8,False
A8,2020-07-16 22:00:00,61.19,0.0,61.19,175.0,35.0,35.0,False
A9,2020-07-15 00:00:00,119.06,0.0,119.06,175.0,68.0,68.0,False
A9,2020-07-15 01:00:00,122.73,0.0,122.73,175.0,70.1,70.1,False
A9,2020-07-15 02:00:00,133.25,0.0,133.25,175.0,76.1,76.1,False
A9,2020-07-15 03:00:00,130.67,0.0,130.67,175.0,74.7,74.7,False
A9,2020-07-15 04:00:00,122.16,0.0,122.16,175.0,69.8,69.8,False
A9,2020-07-15 05:00:00,109.36,0.0,109.36,175.0,62.5,62.5,False
A9,2020-07-15 06:00:00,24.46,0.0,24.46,175.0,14.0,14.0,False
A9,2020-07-15 07:00:00,-44.79,0.0,44.79,175.0,25.6,25.6,False
A9,2020-07-15 08:00:00,49.09,0.0,49.09,175.0,28.1,28.1,False
A9,2020-07-15 09:00:00,53.71,0.0,53.71,175.0,30.7,30.7,False
A9,2020-07-15 10:00:00,51.0,0.0,51.0,175.0,29.1,29.1,False
A9,2020-07-15 11:00:00,45.09,0.0,45.09,175.0,25.8,25.8,False
A9,2020-07-15 12:00:00,60.97,0.0,60.97,175.0,34.8,34.8,False
A9,2020-07-15 13:00:00,43.11,0.0,43.11,175.0,24.6,24.6,False
A9,2020-07-15 14:00:00,50.03,0.0,50.03,175.0,28.6,28.6,False
A9,2020-07-15 15:00:00,34.04,0.0,34.04,175.0,19.5,19.5,False
A9,2020-07-15 16:00:00,24.34,0.0,24.34,175.0,13.9,13.9,False
A9,2020-07-15 17:00:00,101.96,0.0,101.96,175.0,58.3,58.3,False
A9,2020-07-15 18:00:00,106.96,0.0,106.96,175.0,61.1,61.1,False
A9,2020-07-15 19:00:00,109.47,0.0,109.47,175.0,62.6,62.6,False
A9,2020-07-15 20:00:00,112.86,0.0,112.86,175.0,64.5,64.5,False
A9,2020-07-15 21:00:00,-16.05,0.0,16.05,175.0,9.2,9.2,False
A9,2020-07-15 22:00:00,122.33,0.0,122.33,175.0,69.9,69.9,False
A9,2020-07-15 23:00:00,104.22,0.0,104.22,175.0,59.6,59.6,False
A9,2020-07-16 00:00:00,121.75,0.0,121.75,175.0,69.6,69.6,False
A9,2020-07-16 02:00:00,91.24,0.0,91.24,175.0,52.1,52.1,False
A9,2020-07-16 04:00:00,129.83,0.0,129.83,175.0,74.2,74.2,False
A9,2020-07-16 06:00:00,123.21,0.0,123.21,175.0,70.4,70.4,False
A9,2020-07-16 08:00:00,115.74,0.0,115.74,175.0,66.1,66.1,False
A9,2020-07-16 10:00:00,106.99,0.0,106.99,175.0,61.1,61.1,False
A9,2020-07-16 12:00:00,96.94,0.0,96.94,175.0,55.4,55.4,False
A9,2020-07-16 14:00:00,92.59,0.0,92.59,175.0,52.9,52.9,False
A9,2020-07-16 16:00:00,96.02,0.0,96.02,175.0,54.9,54.9,False
A9,2020-07-16 18:00:00,104.76,0.0,104.76,175.0,59.9,59.9,False
A9,2020-07-16 20:00:00,113.51,0.0,113.51,175.0,64.9,64.9,False
A9,2020-07-16 22:00:00,112.1,0.0,112.1,175.0,64.1,64.1,False
A10,2020-07-15 00:00:00,26.3,0.0,26.3,175.0,15.0,15.0,False
A10,2020-07-15 01:00:00,31.09,0.0,31.09,175.0,17.8,17.8,False
A10,2020-07-15 02:00:00,39.88,0.0,39.88,175.0,22.8,22.8,False
A10,2020-07-15 03:00:00,38.2,0.0,38.2,175.0,21.8,21.8,False
A10,2020-07-15 04:00:00,30.92,0.0,30.92,175.0,17.7,17.7,False
A10,2020-07-15 05:00:00,20.21,0.0,20.21,175.0,11.6,11.6,False
A10,2020-07-15 06:00:00,-32.6,0.0,32.6,175.0,18.6,18.6,False
A10,2020-07-15 07:00:00,-76.42,0.0,76.42,175.0,43.7,43.7,False
A10,2020-07-15 08:00:00,-25.74,0.0,25.74,175.0,14.7,14.7,False
A10,2020-07-15 09:00:00,-28.82,0.0,28.82,175.0,16.5,16.5,False
A10,2020-07-15 10:00:00,-34.42,0.0,34.42,175.0,19.7,19.7,False
A10,2020-07-15 11:00:00,-41.83,0.0,41.83,175.0,23.9,23.9,False
A10,2020-07-15 12:00:00,-36.18,0.0,36.18,175.0,20.7,20.7,False
A10,2020-07-15 13:00:00,-49.54,0.0,49.54,175.0,28.3,28.3,False
A10,2020-07-15 14:00:00,-46.25,0.0,46.25,175.0,26.4,26.4,False
A10,2020-07-15 15:00:00,-54.19,0.0,54.19,175.0,31.0,31.0,False
A10,2020-07-15 16:00:00,-61.05,0.0,61.05,175.0,34.9,34.9,False
A10,2020-07-15 17:00:00,-13.24,0.0,13.24,175.0,7.6,7.6,False
A10,2020-07-15 18:00:00,-6.88,0.0,6.88,175.0,3.9,3.9,False
A10,2020-07-15 19:00:00,-3.14,0.0,3.14,175.0,1.8,1.8,False
A10,2020-07-15 20:00:00,2.51,0.0,2.51,175.0,1.4,1.4,False
A10,2020-07-15 21:00:00,-67.75,0.0,67.75,175.0,38.7,38.7,False
A10,2020-07-15 22:00:00,19.71,0.0,19.71,175.0,11.3,11.3,False
A10,2020-07-15 23:00:00,11.62,0.0,11.62,175.0,6.6,6.6,False
A10,2020-07-16 00:00:00,26.49,0.0,26.49,175.0,15.1,15.1,False
A10,2020-07-16 02:00:00,8.28,0.0,8.28,175.0,4.7,4.7,False
A10,2020-07-16 04:00:00,33.17,0.0,33.17,175.0,19.0,19.0,False
A10,2020-07-16 06:00:00,21.65,0.0,21.65,175.0,12.4,12.4,False
A10,2020-07-16 08:00:00,7.81,0.0,7.81,175.0,4.5,4.5,False
A10,2020-07-16 10:00:00,-6.29,0.0,6.29,175.0,3.6,3.6,False
A10,2020-07-16 12:00:00,-19.18,0.0,19.18,175.0,11.0,11.0,False
A10,2020-07-16 14:00:00,-25.1,0.0,25.1,175.0,14.3,14.3,False
A10,2020-07-16 16:00:00,-20.71,0.0,20.71,175.0,11.8,11.8,False
A10,2020-07-16 18:00:00,-9.56,0.0,9.56,175.0,5.5,5.5,False
A10,2020-07-16 20:00:00,3.58,0.0,3.58,175.0,2.0,2.0,False
A10,2020-07-16 22:00:00,14.6,0.0,14.6,175.0,8.3,8.3,False
A11,2020-07-15 00:00:00,16.33,0.0,16.33,175.0,9.3,9.3,False
A11,2020-07-15 01:00:00,19.81,0.0,19.81,175.0,11.3,11.3,False
A11,2020-07-15 02:00:00,16.35,0.0,16.35,175.0,9.3,9.3,False
A11,2020-07-15 03:00:00,21.5,0.0,21.5,175.0,12.3,12.3,False
A11,2020-07-15 04:00:00,26.26,0.0,26.26,175.0,15.0,15.0,False
A11,2020-07-15 05:00:00,43.02,0.0,43.02,175.0,24.6,24.6,False
A11,2020-07-15 06:00:00,69.6,0.0,69.6,175.0,39.8,39.8,False
A11,2020-07-15 07:00:00,161.18,0.0,161.18,175.0,92.1,92.1,False
A11,2020-07-15 08:00:00,159.68,0.0,159.68,175.0,91.2,91.2,False
A11,2020-07-15 09:00:00,153.82,0.0,153.82,175.0,87.9,87.9,False
A11,2020-07-15 10:00:00,157.1,0.0,157.1,175.0,89.8,89.8,False
A11,2020-07-15 11:00:00,155.51,18.87,174.38,175.0,88.9,99.6,True
A11,2020-07-15 12:00:00,132.96,41.96,174.92,175.0,76.0,100.0,True
A11,2020-07-15 13:00:00,156.94,17.08,174.02,175.0,89.7,99.4,True
A11,2020-07-15 14:00:00,165.02,0.0,165.02,175.0,94.3,94.3,False
A11,2020-07-15 15:00:00,168.62,0.0,168.62,175.0,96.4,96.4,False
A11,2020-07-15 16:00:00,167.1,0.0,167.1,175.0,95.5,95.5,False
A11,2020-07-15 17:00:00,126.39,0.0,126.39,175.0,72.2,72.2,False
A11,2020-07-15 18:00:00,131.75,0.0,131.75,175.0,75.3,75.3,False
A11,2020-07-15 19:00:00,144.56,0.0,144.56,175.0,82.6,82.6,False
A11,2020-07-15 20:00:00,155.0,0.0,155.0,175.0,88.6,88.6,False
A11,2020-07-15 21:00:00,113.64,0.0,113.64,175.0,64.9,64.9,False
A11,2020-07-15 22:00:00,93.55,0.0,93.55,175.0,53.5,53.5,False
A11,2020-07-15 23:00:00,82.66,0.0,82.66,175.0,47.2,47.2,False
A11,2020-07-16 00:00:00,29.33,0.0,29.33,175.0,16.8,16.8,False
A11,2020-07-16 02:00:00,43.12,0.0,43.12,175.0,24.6,24.6,False
A11,2020-07-16 04:00:00,28.99,0.0,28.99,175.0,16.6,16.6,False
A11,2020-07-16 06:00:00,29.53,0.0,29.53,175.0,16.9,16.9,False
A11,2020-07-16 08:00:00,151.05,0.0,151.05,175.0,86.3,86.3,False
A11,2020-07-16 10:00:00,133.76,0.0,133.76,175.0,76.4,76.4,False
A11,2020-07-16 12:00:00,155.4,0.0,155.4,175.0,88.8,88.8,False
A11,2020-07-16 14:00:00,145.63,0.0,145.63,175.0,83.2,83.2,False
A11,2020-07-16 16:00:00,142.04,0.0,142.04,175.0,81.2,81.2,False
A11,2020-07-16 18:00:00,141.07,0.0,141.07,175.0,80.6,80.6,False
A11,2020-07-16 20:00:00,125.91,0.0,125.91,175.0,72.0,72.0,False
A11,2020-07-16 22:00:00,-81.58,0.0,81.58,175.0,46.6,46.6,False
AB1,2020-07-15 00:00:00,80.17,0.0,80.17,175.0,45.8,45.8,False
AB1,2020-07-15 01:00:00,80.26,0.0,80.26,175.0,45.9,45.9,False
AB1,2020-07-15 02:00:00,85.15,0.0,85.15,175.0,48.7,48.7,False
AB1,2020-07-15 03:00:00,79.99,0.0,79.99,175.0,45.7,45.7,False
AB1,2020-07-15 04:00:00,74.12,0.0,74.12,175.0,42.4,42.4,False
AB1,2020-07-15 05:00:00,53.41,0.0,53.41,175.0,30.5,30.5,False
AB1,2020-07-15 06:00:00,33.6,0.0,33.6,175.0,19.2,19.2,False
AB1,2020-07-15 07:00:00,66.49,0.0,66.49,175.0,38.0,38.0,False
AB1,2020-07-15 08:00:00,106.26,0.0,106.26,175.0,60.7,60.7,False
AB1,2020-07-15 09:00:00,58.6,0.0,58.6,175.0,33.5,33.5,False
AB1,2020-07-15 10:00:00,53.09,0.0,53.09,175.0,30.3,30.3,False
AB1,2020-07-15 11:00:00,40.48,0.0,40.48,175.0,23.1,23.1,False
AB1,2020-07-15 12:00:00,30.72,0.0,30.72,175.0,17.6,17.6,False
AB1,2020-07-15 13:00:00,36.98,0.0,36.98,175.0,21.1,21.1,False
AB1,2020-07-15 14:00:00,71.2,0.0,71.2,175.0,40.7,40.7,False
AB1,2020-07-15 15:00:00,67.56,0.0,67.56,175.0,38.6,38.6,False
AB1,2020-07-15 16:00:00,70.49,0.0,70.49,175.0,40.3,40.3,False
AB1,2020-07-15 17:00:00,111.21,0.0,111.21,175.0,63.6,63.6,False
AB1,2020-07-15 18:00:00,110.48,0.0,110.48,175.0,63.1,63.1,False
AB1,2020-07-15 19:00:00,100.8,0.0,100.8,175.0,57.6,57.6,False
AB1,2020-07-15 20:00:00,95.49,0.0,95.49,175.0,54.6,54.6,False
AB1,2020-07-15 21:00:00,59.14,0.0,59.14,175.0,33.8,33.8,False
AB1,2020-07-15 22:00:00,80.91,0.0,80.91,175.0,46.2,46.2,False
AB1,2020-07-15 23:00:00,98.6,0.0,98.6,175.0,56.3,56.3,False
AB1,2020-07-16 00:00:00,64.54,0.0,64.54,175.0,36.9,36.9,False
AB1,2020-07-16 02:00:00,55.2,0.0,55.2,175.0,31.5,31.5,False
AB1,2020-07-16 04:00:00,66.07,0.0,66.07,175.0,37.8,37.8,False
AB1,2020-07-16 06:00:00,53.81,0.0,53.81,175.0,30.7,30.7,False
AB1,2020-07-16 08:00:00,104.45,0.0,104.45,175.0,59.7,59.7,False
AB1,2020-07-16 10:00:00,109.33,0.0,109.33,175.0,62.5,62.5,False
AB1,2020-07-16 12:00:00,78.26,0.0,78.26,175.0,44.7,44.7,False
AB1,2020-07-16 14:00:00,83.43,0.0,83.43,175.0,47.7,47.7,False
AB1,2020-07-16 16:00:00,90.21,0.0,90.21,175.0,51.6,51.6,False
AB1,2020-07-16 18:00:00,99.3,0.0,99.3,175.0,56.7,56.7,False
AB1,2020-07-16 20:00:00,125.34,0.0,125.34,175.0,71.6,71.6,False
AB1,2020-07-16 22:00:00,-5.59,0.0,5.59,175.0,3.2,3.2,False
A12-1,2020-07-15 00:00:00,-40.06,0.0,40.06,175.0,22.9,22.9,False
A12-1,2020-07-15 01:00:00,-35.33,0.0,35.33,175.0,20.2,20.2,False
A12-1,2020-07-15 02:00:00,-35.01,0.0,35.01,175.0,20.0,20.0,False
A12-1,2020-07-15 03:00:00,-32.4,0.0,32.4,175.0,18.5,18.5,False
A12-1,2020-07-15 04:00:00,-30.96,0.0,30.96,175.0,17.7,17.7,False
A12-1,2020-07-15 05:00:00,-26.15,0.0,26.15,175.0,14.9,14.9,False
A12-1,2020-07-15 06:00:00,-21.6,0.0,21.6,175.0,12.3,12.3,False
A12-1,2020-07-15 07:00:00,16.32,0.0,16.32,175.0,9.3,9.3,False
A12-1,2020-07-15 08:00:00,16.44,0.0,16.44,175.0,9.4,9.4,False
A12-1,2020-07-15 09:00:00,8.79,0.0,8.79,175.0,5.0,5.0,False
A12-1,2020-07-15 10:00:00,6.4,0.0,6.4,175.0,3.7,3.7,False
A12-1,2020-07-15 11:00:00,1.09,0.0,1.09,175.0,0.6,0.6,False
A12-1,2020-07-15 12:00:00,-13.97,0.0,13.97,175.0,8.0,8.0,False
A12-1,2020-07-15 13:00:00,-5.8,0.0,5.8,175.0,3.3,3.3,False
A12-1,2020-07-15 14:00:00,-3.0,0.0,3.0,175.0,1.7,1.7,False
A12-1,2020-07-15 15:00:00,-3.03,0.0,3.03,175.0,1.7,1.7,False
A12-1,2020-07-15 16:00:00,-3.7,0.0,3.7,175.0,2.1,2.1,False
A12-1,2020-07-15 17:00:00,-18.11,0.0,18.11,175.0,10.3,10.3,False
A12-1,2020-07-15 18:00:00,-11.79,0.0,11.79,175.0,6.7,6.7,False
A12-1,2020-07-15 19:00:00,-2.31,0.0,2.31,175.0,1.3,1.3,False
A12-1,2020-07-15 20:00:00,7.44,0.0,7.44,175.0,4.3,4.3,False
A12-1,2020-07-15 21:00:00,-14.83,0.0,14.83,175.0,8.5,8.5,False
A12-1,2020-07-15 22:00:00,-10.24,0.0,10.24,175.0,5.9,5.9,False
A12-1,2020-07-15 23:00:00,-12.69,0.0,12.69,175.0,7.3,7.3,False
A12-1,2020-07-16 00:00:00,-35.36,0.0,35.36,175.0,20.2,20.2,False
A12-1,2020-07-16 02:00:00,-27.32,0.0,27.32,175.0,15.6,15.6,False
A12-1,2020-07-16 04:00:00,-33.82,0.0,33.82,175.0,19.3,19.3,False
A12-1,2020-07-16 06:00:00,-42.04,0.0,42.04,175.0,24.0,24.0,False
A12-1,2020-07-16 08:00:00,11.52,0.0,11.52,175.0,6.6,6.6,False
A12-1,2020-07-16 10:00:00,-9.21,0.0,9.21,175.0,5.3,5.3,False
A12-1,2020-07-16 12:00:00,-5.99,0.0,5.99,175.0,3.4,3.4,False
A12-1,2020-07-16 14:00:00,-15.11,0.0,15.11,175.0,8.6,8.6,False
A12-1,2020-07-16 16:00:00,-14.35,0.0,14.35,175.0,8.2,8.2,False
A12-1,2020-07-16 18:00:00,-8.4,0.0,8.4,175.0,4.8,4.8,False
A12-1,2020-07-16 20:00:00,-7.83,0.0,7.83,175.0,4.5,4.5,False
A12-1,2020-07-16 22:00:00,-102.11,0.0,102.11,175.0,58.3,58.3,False
A13-2,2020-07-15 00:00:00,-42.02,0.0,42.02,175.0,24.0,24.0,False
A13-2,2020-07-15 01:00:00,-38.36,0.0,38.36,175.0,21.9,21.9,False
A13-2,2020-07-15 02:00:00,-40.13,0.0,40.13,175.0,22.9,22.9,False
A13-2,2020-07-15 03:00:00,-37.64,0.0,37.64,175.0,21.5,21.5,False
A13-2,2020-07-15 04:00:00,-35.82,0.0,35.82,175.0,20.5,20.5,False
A13-2,2020-07-15 05:00:00,-29.42,0.0,29.42,175.0,16.8,16.8,False
A13-2,2020-07-15 06:00:00,-10.02,0.0,10.02,175.0,5.7,5.7,False
A13-2,2020-07-15 07:00:00,36.01,0.0,36.01,175.0,20.6,20.6,False
A13-2,2020-07-15 08:00:00,22.44,0.0,22.44,175.0,12.8,12.8,False
A13-2,2020-07-15 09:00:00,14.9,0.0,14.9,175.0,8.5,8.5,False
A13-2,2020-07-15 10:00:00,12.92,0.0,12.92,175.0,7.4,7.4,False
A13-2,2020-07-15 11:00:00,9.33,0.0,9.33,175.0,5.3,5.3,False
A13-2,2020-07-15 12:00:00,-5.99,0.0,5.99,175.0,3.4,3.4,False
A13-2,2020-07-15 13:00:00,4.98,0.0,4.98,175.0,2.8,2.8,False
A13-2,2020-07-15 14:00:00,6.9,0.0,6.9,175.0,3.9,3.9,False
A13-2,2020-07-15 15:00:00,10.02,0.0,10.02,175.0,5.7,5.7,False
A13-2,2020-07-15 16:00:00,11.08,0.0,11.08,175.0,6.3,6.3,False
A13-2,2020-07-15 17:00:00,-13.93,0.0,13.93,175.0,8.0,8.0,False
A13-2,2020-07-15 18:00:00,-8.55,0.0,8.55,175.0,4.9,4.9,False
A13-2,2020-07-15 19:00:00,-0.88,0.0,0.88,175.0,0.5,0.5,False
A13-2,2020-07-15 20:00:00,6.84,0.0,6.84,175.0,3.9,3.9,False
A13-2,2020-07-15 21:00:00,5.75,0.0,5.75,175.0,3.3,3.3,False
A13-2,2020-07-15 22:00:00,-14.39,0.0,14.39,175.0,8.2,8.2,False
A13-2,2020-07-15 23:00:00,-13.77,0.0,13.77,175.0,7.9,7.9,False
A13-2,2020-07-16 00:00:00,-37.29,0.0,37.29,175.0,21.3,21.3,False
A13-2,2020-07-16 02:00:00,-25.73,0.0,25.73,175.0,14.7,14.7,False
A13-2,2020-07-16 04:00:00,-37.48,0.0,37.48,175.0,21.4,21.4,False
A13-2,2020-07-16 06:00:00,-44.79,0.0,44.79,175.0,25.6,25.6,False
A13-2,2020-07-16 08:00:00,5.75,0.0,5.75,175.0,3.3,3.3,False
A13-2,2020-07-16 10:00:00,-7.89,0.0,7.89,175.0,4.5,4.5,False
A13-2,2020-07-16 12:00:00,-2.44,0.0,2.44,175.0,1.4,1.4,False
A13-2,2020-07-16 14:00:00,-9.43,0.0,9.43,175.0,5.4,5.4,False
A13-2,2020-07-16 16:00:00,-9.38,0.0,9.38,175.0,5.4,5.4,False
A13-2,2020-07-16 18:00:00,-5.16,0.0,5.16,175.0,2.9,2.9,False
A13-2,2020-07-16 20:00:00,-5.99,0.0,5.99,175.0,3.4,3.4,False
A13-2,2020-07-16 22:00:00,-96.85,0.0,96.85,175.0,55.3,55.3,False
A14,2020-07-15 00:00:00,-8.36,0.0,8.36,400.0,2.1,2.1,False
A14,2020-07-15 01:00:00,-3.33,0.0,3.33,400.0,0.8,0.8,False
A14,2020-07-15 02:00:00,2.96,0.0,2.96,400.0,0.7,0.7,False
A14,2020-07-15 03:00:00,2.69,0.0,2.69,400.0,0.7,0.7,False
A14,2020-07-15 04:00:00,-0.8,0.0,0.8,400.0,0.2,0.2,False
A14,2020-07-15 05:00:00,-7.73,0.0,7.73,400.0,1.9,1.9,False
A14,2020-07-15 06:00:00,-42.63,0.0,42.63,400.0,10.7,10.7,False
A14,2020-07-15 07:00:00,-59.45,0.0,59.45,400.0,14.9,14.9,False
A14,2020-07-15 08:00:00,-24.85,0.0,24.85,400.0,6.2,6.2,False
A14,2020-07-15 09:00:00,-32.08,0.0,32.08,400.0,8.0,8.0,False
A14,2020-07-15 10:00:00,-38.37,0.0,38.37,400.0,9.6,9.6,False
A14,2020-07-15 11:00:00,-46.78,0.0,46.78,400.0,11.7,11.7,False
A14,2020-07-15 12:00:00,-49.65,0.0,49.65,400.0,12.4,12.4,False
A14,2020-07-15 13:00:00,-56.12,0.0,56.12,400.0,14.0,14.0,False
A14,2020-07-15 14:00:00,-51.69,0.0,51.69,400.0,12.9,12.9,False
A14,2020-07-15 15:00:00,-57.76,0.0,57.76,400.0,14.4,14.4,False
A14,2020-07-15 16:00:00,-62.02,0.0,62.02,400.0,15.5,15.5,False
A14,2020-07-15 17:00:00,-33.14,0.0,33.14,400.0,8.3,8.3,False
A14,2020-07-15 18:00:00,-25.91,0.0,25.91,400.0,6.5,6.5,False
A14,2020-07-15 19:00:00,-20.35,0.0,20.35,400.0,5.1,5.1,False
A14,2020-07-15 20:00:00,-12.53,0.0,12.53,400.0,3.1,3.1,False
A14,2020-07-15 21:00:00,-66.76,0.0,66.76,400.0,16.7,16.7,False
A14,2020-07-15 22:00:00,-4.26,0.0,4.26,400.0,1.1,1.1,False
A14,2020-07-15 23:00:00,-8.95,0.0,8.95,400.0,2.2,2.2,False
A14,2020-07-16 00:00:00,-7.54,0.0,7.54,400.0,1.9,1.9,False
A14,2020-07-16 02:00:00,-15.88,0.0,15.88,400.0,4.0,4.0,False
A14,2020-07-16 04:00:00,-2.15,0.0,2.15,400.0,0.5,0.5,False
A14,2020-07-16 06:00:00,-14.24,0.0,14.24,400.0,3.6,3.6,False
A14,2020-07-16 08:00:00,-5.33,0.0,5.33,400.0,1.3,1.3,False
A14,2020-07-16 10:00:00,-25.45,0.0,25.45,400.0,6.4,6.4,False
A14,2020-07-16 12:00:00,-35.5,0.0,35.5,400.0,8.9,8.9,False
A14,2020-07-16 14:00:00,-42.88,0.0,42.88,400.0,10.7,10.7,False
A14,2020-07-16 16:00:00,-39.2,0.0,39.2,400.0,9.8,9.8,False
A14,2020-07-16 18:00:00,-27.45,0.0,27.45,400.0,6.9,6.9,False
A14,2020-07-16 20:00:00,-15.68,0.0,15.68,400.0,3.9,3.9,False
A14,2020-07-16 22:00:00,-42.01,0.0,42.01,400.0,10.5,10.5,False
A15,2020-07-15 00:00:00,-7.42,0.0,7.42,400.0,1.9,1.9,False
A15,2020-07-15 01:00:00,1.06,0.0,1.06,400.0,0.3,0.3,False
A15,2020-07-15 02:00:00,6.42,0.0,6.42,400.0,1.6,1.6,False
A15,2020-07-15 03:00:00,4.39,0.0,4.39,400.0,1.1,1.1,False
A15,2020-07-15 04:00:00,-6.26,0.0,6.26,400.0,1.6,1.6,False
A15,2020-07-15 05:00:00,-16.63,0.0,16.63,400.0,4.2,4.2,False
A15,2020-07-15 06:00:00,-45.25,0.0,45.25,400.0,11.3,11.3,False
A15,2020-07-15 07:00:00,-72.8,0.0,72.8,400.0,18.2,18.2,False
A15,2020-07-15 08:00:00,-43.12,0.0,43.12,400.0,10.8,10.8,False
A15,2020-07-15 09:00:00,-52.04,0.0,52.04,400.0,13.0,13.0,False
A15,2020-07-15 10:00:00,-63.17,0.0,63.17,400.0,15.8,15.8,False
A15,2020-07-15 11:00:00,-73.22,0.0,73.22,400.0,18.3,18.3,False
A15,2020-07-15 12:00:00,-73.96,0.0,73.96,400.0,18.5,18.5,False
A15,2020-07-15 13:00:00,-82.36,0.0,82.36,400.0,20.6,20.6,False
A15,2020-07-15 14:00:00,-81.94,0.0,81.94,400.0,20.5,20.5,False
A15,2020-07-15 15:00:00,-85.04,0.0,85.04,400.0,21.3,21.3,False
A15,2020-07-15 16:00:00,-87.36,0.0,87.36,400.0,21.8,21.8,False
A15,2020-07-15 17:00:00,-55.48,0.0,55.48,400.0,13.9,13.9,False
A15,2020-07-15 18:00:00,-42.41,0.0,42.41,400.0,10.6,10.6,False
A15,2020-07-15 19:00:00,-36.24,0.0,36.24,400.0,9.1,9.1,False
A15,2020-07-15 20:00:00,-27.21,0.0,27.21,400.0,6.8,6.8,False
A15,2020-07-15 21:00:00,-70.4,0.0,70.4,400.0,17.6,17.6,False
A15,2020-07-15 22:00:00,-18.29,0.0,18.29,400.0,4.6,4.6,False
A15,2020-07-15 23:00:00,-16.87,0.0,16.87,400.0,4.2,4.2,False
A15,2020-07-16 00:00:00,-4.56,0.0,4.56,400.0,1.1,1.1,False
A15,2020-07-16 02:00:00,-13.04,0.0,13.04,400.0,3.3,3.3,False
A15,2020-07-16 04:00:00,-0.25,0.0,0.25,400.0,0.1,0.1,False
A15,2020-07-16 06:00:00,-28.33,0.0,28.33,400.0,7.1,7.1,False
A15,2020-07-16 08:00:00,-39.7,0.0,39.7,400.0,9.9,9.9,False
A15,2020-07-16 10:00:00,-47.78,0.0,47.78,400.0,11.9,11.9,False
A15,2020-07-16 12:00:00,-61.22,0.0,61.22,400.0,15.3,15.3,False
A15,2020-07-16 14:00:00,-69.98,0.0,69.98,400.0,17.5,17.5,False
A15,2020-07-16 16:00:00,-63.54,0.0,63.54,400.0,15.9,15.9,False
A15,2020-07-16 18:00:00,-45.28,0.0,45.28,400.0,11.3,11.3,False
A15,2020-07-16 20:00:00,-24.51,0.0,24.51,400.0,6.1,6.1,False
A15,2020-07-16 22:00:00,-40.64,0.0,40.64,400.0,10.2,10.2,False
A16,2020-07-15 00:00:00,-4.5,0.0,4.5,400.0,1.1,1.1,False
A16,2020-07-15 01:00:00,2.63,0.0,2.63,400.0,0.7,0.7,False
A16,2020-07-15 02:00:00,13.02,0.0,13.02,400.0,3.3,3.3,False
A16,2020-07-15 03:00:00,12.98,0.0,12.98,400.0,3.2,3.2,False
A16,2020-07-15 04:00:00,8.73,0.0,8.73,400.0,2.2,2.2,False
A16,2020-07-15 05:00:00,-1.3,0.0,1.3,400.0,0.3,0.3,False
A16,2020-07-15 06:00:00,-65.37,0.0,65.37,400.0,16.3,16.3,False
A16,2020-07-15 07:00:00,-98.12,0.0,98.12,400.0,24.5,24.5,False
A16,2020-07-15 08:00:00,-36.65,0.0,36.65,400.0,9.2,9.2,False
A16,2020-07-15 09:00:00,-44.09,0.0,44.09,400.0,11.0,11.0,False
A16,2020-07-15 10:00:00,-51.16,0.0,51.16,400.0,12.8,12.8,False
A16,2020-07-15 11:00:00,-62.96,0.0,62.96,400.0,15.7,15.7,False
A16,2020-07-15 12:00:00,-65.34,0.0,65.34,400.0,16.3,16.3,False
A16,2020-07-15 13:00:00,-77.29,0.0,77.29,400.0,19.3,19.3,False
A16,2020-07-15 14:00:00,-71.14,0.0,71.14,400.0,17.8,17.8,False
A16,2020-07-15 15:00:00,-83.41,0.0,83.41,400.0,20.9,20.9,False
A16,2020-07-15 16:00:00,-91.04,0.0,91.04,400.0,22.8,22.8,False
A16,2020-07-15 17:00:00,-41.35,0.0,41.35,400.0,10.3,10.3,False
A16,2020-07-15 18:00:00,-32.28,0.0,32.28,400.0,8.1,8.1,False
A16,2020-07-15 19:00:00,-23.15,0.0,23.15,400.0,5.8,5.8,False
A16,2020-07-15 20:00:00,-11.36,0.0,11.36,400.0,2.8,2.8,False
A16,2020-07-15 21:00:00,-107.19,0.0,107.19,400.0,26.8,26.8,False
A16,2020-07-15 22:00:00,3.89,0.0,3.89,400.0,1.0,1.0,False
A16,2020-07-15 23:00:00,-6.83,0.0,6.83,400.0,1.7,1.7,False
A16,2020-07-16 00:00:00,-3.75,0.0,3.75,400.0,0.9,0.9,False
A16,2020-07-16 02:00:00,-19.0,0.0,19.0,400.0,4.8,4.8,False
A16,2020-07-16 04:00:00,5.05,0.0,5.05,400.0,1.3,1.3,False
A16,2020-07-16 06:00:00,-8.85,0.0,8.85,400.0,2.2,2.2,False
A16,2020-07-16 08:00:00,6.0,0.0,6.0,400.0,1.5,1.5,False
A16,2020-07-16 10:00:00,-28.03,0.0,28.03,400.0,7.0,7.0,False
A16,2020-07-16 12:00:00,-42.48,0.0,42.48,400.0,10.6,10.6,False
A16,2020-07-16 14:00:00,-54.03,0.0,54.03,400.0,13.5,13.5,False
A16,2020-07-16 16:00:00,-48.97,0.0,48.97,400.0,12.2,12.2,False
A16,2020-07-16 18:00:00,-33.81,0.0,33.81,400.0,8.5,8.5,False
A16,2020-07-16 20:00:00,-19.3,0.0,19.3,400.0,4.8,4.8,False
A16,2020-07-16 22:00:00,-52.34,0.0,52.34,400.0,13.1,13.1,False
A17,2020-07-15 00:00:00,-3.56,0.0,3.56,400.0,0.9,0.9,False
A17,2020-07-15 01:00:00,7.03,0.0,7.03,400.0,1.8,1.8,False
A17,2020-07-15 02:00:00,16.48,0.0,16.48,400.0,4.1,4.1,False
A17,2020-07-15 03:00:00,14.69,0.0,14.69,400.0,3.7,3.7,False
A17,2020-07-15 04:00:00,3.28,0.0,3.28,400.0,0.8,0.8,False
A17,2020-07-15 05:00:00,-10.2,0.0,10.2,400.0,2.5,2.5,False
A17,2020-07-15 06:00:00,-67.99,0.0,67.99,400.0,17.0,17.0,False
A17,2020-07-15 07:00:00,-111.47,0.0,111.47,400.0,27.9,27.9,False
A17,2020-07-15 08:00:00,-54.92,0.0,54.92,400.0,13.7,13.7,False
A17,2020-07-15 09:00:00,-64.04,0.0,64.04,400.0,16.0,16.0,False
A17,2020-07-15 10:00:00,-75.96,0.0,75.96,400.0,19.0,19.0,False
A17,2020-07-15 11:00:00,-89.4,0.0,89.4,400.0,22.4,22.4,False
A17,2020-07-15 12:00:00,-89.65,0.0,89.65,400.0,22.4,22.4,False
A17,2020-07-15 13:00:00,-103.54,0.0,103.54,400.0,25.9,25.9,False
A17,2020-07-15 14:00:00,-101.39,0.0,101.39,400.0,25.3,25.3,False
A17,2020-07-15 15:00:00,-110.69,0.0,110.69,400.0,27.7,27.7,False
A17,2020-07-15 16:00:00,-116.38,0.0,116.38,400.0,29.1,29.1,False
A17,2020-07-15 17:00:00,-63.69,0.0,63.69,400.0,15.9,15.9,False
A17,2020-07-15 18:00:00,-48.78,0.0,48.78,400.0,12.2,12.2,False
A17,2020-07-15 19:00:00,-39.04,0.0,39.04,400.0,9.8,9.8,False
A17,2020-07-15 20:00:00,-26.03,0.0,26.03,400.0,6.5,6.5,False
A17,2020-07-15 21:00:00,-110.82,0.0,110.82,400.0,27.7,27.7,False
A17,2020-07-15 22:00:00,-10.14,0.0,10.14,400.0,2.5,2.5,False
A17,2020-07-15 23:00:00,-14.75,0.0,14.75,400.0,3.7,3.7,False
A17,2020-07-16 00:00:00,-0.76,0.0,0.76,400.0,0.2,0.2,False
A17,2020-07-16 02:00:00,-16.17,0.0,16.17,400.0,4.0,4.0,False
A17,2020-07-16 04:00:00,6.94,0.0,6.94,400.0,1.7,1.7,False
A17,2020-07-16 06:00:00,-22.93,0.0,22.93,400.0,5.7,5.7,False
A17,2020-07-16 08:00:00,-28.36,0.0,28.36,400.0,7.1,7.1,False
A17,2020-07-16 10:00:00,-50.36,0.0,50.36,400.0,12.6,12.6,False
A17,2020-07-16 12:00:00,-68.2,0.0,68.2,400.0,17.0,17.0,False
A17,2020-07-16 14:00:00,-81.14,0.0,81.14,400.0,20.3,20.3,False
A17,2020-07-16 16:00:00,-73.31,0.0,73.31,400.0,18.3,18.3,False
A17,2020-07-16 18:00:00,-51.64,0.0,51.64,400.0,12.9,12.9,False
A17,2020-07-16 20:00:00,-28.12,0.0,28.12,400.0,7.0,7.0,False
A17,2020-07-16 22:00:00,-50.97,0.0,50.97,400.0,12.7,12.7,False
A18,2020-07-15 00:00:00,52.98,0.0,52.98,500.0,10.6,10.6,False
A18,2020-07-15 01:00:00,59.36,0.0,59.36,500.0,11.9,11.9,False
A18,2020-07-15 02:00:00,64.37,0.0,64.37,500.0,12.9,12.9,False
A18,2020-07-15 03:00:00,57.69,0.0,57.69,500.0,11.5,11.5,False
A18,2020-07-15 04:00:00,40.65,0.0,40.65,500.0,8.1,8.1,False
A18,2020-07-15 05:00:00,20.09,0.0,20.09,500.0,4.0,4.0,False
A18,2020-07-15 06:00:00,-0.55,0.0,0.55,500.0,0.1,0.1,False
A18,2020-07-15 07:00:00,-42.93,0.0,42.93,500.0,8.6,8.6,False
A18,2020-07-15 08:00:00,-10.11,0.0,10.11,500.0,2.0,2.0,False
A18,2020-07-15 09:00:00,-27.53,0.0,27.53,500.0,5.5,5.5,False
A18,2020-07-15 10:00:00,-47.71,0.0,47.71,500.0,9.5,9.5,False
A18,2020-07-15 11:00:00,-61.46,0.0,61.46,500.0,12.3,12.3,False
A18,2020-07-15 12:00:00,-55.26,0.0,55.26,500.0,11.1,11.1,False
A18,2020-07-15 13:00:00,-64.68,0.0,64.68,500.0,12.9,12.9,False
A18,2020-07-15 14:00:00,-54.48,0.0,54.48,500.0,10.9,10.9,False
A18,2020-07-15 15:00:00,-51.78,0.0,51.78,500.0,10.4,10.4,False
A18,2020-07-15 16:00:00,-51.33,0.0,51.33,500.0,10.3,10.3,False
A18,2020-07-15 17:00:00,-1.73,0.0,1.73,500.0,0.3,0.3,False
A18,2020-07-15 18:00:00,17.01,0.0,17.01,500.0,3.4,3.4,False
A18,2020-07-15 19:00:00,11.91,0.0,11.91,500.0,2.4,2.4,False
A18,2020-07-15 20:00:00,10.56,0.0,10.56,500.0,2.1,2.1,False
A18,2020-07-15 21:00:00,-13.96,0.0,13.96,500.0,2.8,2.8,False
A18,2020-07-15 22:00:00,15.85,0.0,15.85,500.0,3.2,3.2,False
A18,2020-07-15 23:00:00,28.86,0.0,28.86,500.0,5.8,5.8,False
A18,2020-07-16 00:00:00,50.13,0.0,50.13,500.0,10.0,10.0,False
A18,2020-07-16 02:00:00,36.03,0.0,36.03,500.0,7.2,7.2,False
A18,2020-07-16 04:00:00,53.2,0.0,53.2,500.0,10.6,10.6,False
A18,2020-07-16 06:00:00,16.13,0.0,16.13,500.0,3.2,3.2,False
A18,2020-07-16 08:00:00,-31.94,0.0,31.94,500.0,6.4,6.4,False
A18,2020-07-16 10:00:00,-11.94,0.0,11.94,500.0,2.4,2.4,False
A18,2020-07-16 12:00:00,-35.01,0.0,35.01,500.0,7.0,7.0,False
A18,2020-07-16 14:00:00,-34.64,0.0,34.64,500.0,6.9,6.9,False
A18,2020-07-16 16:00:00,-26.3,0.0,26.3,500.0,5.3,5.3,False
A18,2020-07-16 18:00:00,2.58,0.0,2.58,500.0,0.5,0.5,False
A18,2020-07-16 20:00:00,40.46,0.0,40.46,500.0,8.1,8.1,False
A18,2020-07-16 22:00:00,42.05,0.0,42.05,500.0,8.4,8.4,False
A19,2020-07-15 00:00:00,-71.66,0.0,71.66,500.0,14.3,14.3,False
A19,2020-07-15 01:00:00,-65.94,0.0,65.94,500.0,13.2,13.2,False
A19,2020-07-15 02:00:00,-54.38,0.0,54.38,500.0,10.9,10.9,False
A19,2020-07-15 03:00:00,-47.95,0.0,47.95,500.0,9.6,9.6,False
A19,2020-07-15 04:00:00,-38.7,0.0,38.7,500.0,7.7,7.7,False
A19,2020-07-15 05:00:00,-34.68,0.0,34.68,500.0,6.9,6.9,False
A19,2020-07-15 06:00:00,-109.06,0.0,109.06,500.0,21.8,21.8,False
A19,2020-07-15 07:00:00,-112.86,0.0,112.86,500.0,22.6,22.6,False
A19,2020-07-15 08:00:00,-54.21,0.0,54.21,500.0,10.8,10.8,False
A19,2020-07-15 09:00:00,-52.14,0.0,52.14,500.0,10.4,10.4,False
A19,2020-07-15 10:00:00,-45.39,0.0,45.39,500.0,9.1,9.1,False
A19,2020-07-15 11:00:00,-51.73,0.0,51.73,500.0,10.3,10.3,False
A19,2020-07-15 12:00:00,-63.96,0.0,63.96,500.0,12.8,12.8,False
A19,2020-07-15 13:00:00,-72.27,0.0,72.27,500.0,14.5,14.5,False
A19,2020-07-15 14:00:00,-72.07,0.0,72.07,500.0,14.4,14.4,False
A19,2020-07-15 15:00:00,-91.84,0.0,91.84,500.0,18.4,18.4,False
A19,2020-07-15 16:00:00,-104.18,0.0,104.18,500.0,20.8,20.8,False
A19,2020-07-15 17:00:00,-78.66,0.0,78.66,500.0,15.7,15.7,False
A19,2020-07-15 18:00:00,-81.15,0.0,81.15,500.0,16.2,16.2,False
A19,2020-07-15 19:00:00,-61.46,0.0,61.46,500.0,12.3,12.3,False
A19,2020-07-15 20:00:00,-40.57,0.0,40.57,500.0,8.1,8.1,False
A19,2020-07-15 21:00:00,-159.99,0.0,159.99,500.0,32.0,32.0,False
A19,2020-07-15 22:00:00,-22.37,0.0,22.37,500.0,4.5,4.5,False
A19,2020-07-15 23:00:00,-50.17,0.0,50.17,500.0,10.0,10.0,False
A19,2020-07-16 00:00:00,-67.33,0.0,67.33,500.0,13.5,13.5,False
A19,2020-07-16 02:00:00,-76.01,0.0,76.01,500.0,15.2,15.2,False
A19,2020-07-16 04:00:00,-56.33,0.0,56.33,500.0,11.3,11.3,False
A19,2020-07-16 06:00:00,-45.16,0.0,45.16,500.0,9.0,9.0,False
A19,2020-07-16 08:00:00,26.25,0.0,26.25,500.0,5.3,5.3,False
A19,2020-07-16 10:00:00,-47.59,0.0,47.59,500.0,9.5,9.5,False
A19,2020-07-16 12:00:00,-48.87,0.0,48.87,500.0,9.8,9.8,False
A19,2020-07-16 14:00:00,-68.06,0.0,68.06,500.0,13.6,13.6,False
A19,2020-07-16 16:00:00,-67.71,0.0,67.71,500.0,13.5,13.5,False
A19,2020-07-16 18:00:00,-69.79,0.0,69.79,500.0,14.0,14.0,False
A19,2020-07-16 20:00:00,-81.38,0.0,81.38,500.0,16.3,16.3,False
A19,2020-07-16 22:00:00,-141.45,0.0,141.45,500.0,28.3,28.3,False
A20,2020-07-15 00:00:00,51.33,0.0,51.33,500.0,10.3,10.3,False
A20,2020-07-15 01:00:00,51.67,0.0,51.67,500.0,10.3,10.3,False
A20,2020-07-15 02:00:00,58.31,0.0,58.31,500.0,11.7,11.7,False
A20,2020-07-15 03:00:00,54.7,0.0,54.7,500.0,10.9,10.9,False
A20,2020-07-15 04:00:00,50.19,0.0,50.19,500.0,10.0,10.0,False
A20,2020-07-15 05:00:00,35.66,0.0,35.66,500.0,7.1,7.1,False
A20,2020-07-15 06:00:00,4.03,0.0,4.03,500.0,0.8,0.8,False
A20,2020-07-15 07:00:00,-19.57,0.0,19.57,500.0,3.9,3.9,False
A20,2020-07-15 08:00:00,21.86,0.0,21.86,500.0,4.4,4.4,False
A20,2020-07-15 09:00:00,7.38,0.0,7.38,500.0,1.5,1.5,False
A20,2020-07-15 10:00:00,-4.3,0.0,4.3,500.0,0.9,0.9,False
A20,2020-07-15 11:00:00,-15.19,0.0,15.19,500.0,3.0,3.0,False
A20,2020-07-15 12:00:00,-12.71,0.0,12.71,500.0,2.5,2.5,False
A20,2020-07-15 13:00:00,-18.75,0.0,18.75,500.0,3.8,3.8,False
A20,2020-07-15 14:00:00,-1.54,0.0,1.54,500.0,0.3,0.3,False
A20,2020-07-15 15:00:00,-4.03,0.0,4.03,500.0,0.8,0.8,False
A20,2020-07-15 16:00:00,-6.99,0.0,6.99,500.0,1.4,1.4,False
A20,2020-07-15 17:00:00,37.37,0.0,37.37,500.0,7.5,7.5,False
A20,2020-07-15 18:00:00,45.89,0.0,45.89,500.0,9.2,9.2,False
A20,2020-07-15 19:00:00,39.71,0.0,39.71,500.0,7.9,7.9,False
A20,2020-07-15 20:00:00,36.24,0.0,36.24,500.0,7.2,7.2,False
A20,2020-07-15 21:00:00,-7.6,0.0,7.6,500.0,1.5,1.5,False
A20,2020-07-15 22:00:00,40.41,0.0,40.41,500.0,8.1,8.1,False
A20,2020-07-15 23:00:00,42.72,0.0,42.72,500.0,8.5,8.5,False
A20,2020-07-16 00:00:00,44.91,0.0,44.91,500.0,9.0,9.0,False
A20,2020-07-16 02:00:00,31.07,0.0,31.07,500.0,6.2,6.2,False
A20,2020-07-16 04:00:00,49.88,0.0,49.88,500.0,10.0,10.0,False
A20,2020-07-16 06:00:00,40.78,0.0,40.78,500.0,8.2,8.2,False
A20,2020-07-16 08:00:00,28.2,0.0,28.2,500.0,5.6,5.6,False
A20,2020-07-16 10:00:00,27.13,0.0,27.13,500.0,5.4,5.4,False
A20,2020-07-16 12:00:00,9.99,0.0,9.99,500.0,2.0,2.0,False
A20,2020-07-16 14:00:00,12.8,0.0,12.8,500.0,2.6,2.6,False
A20,2020-07-16 16:00:00,16.3,0.0,16.3,500.0,3.3,3.3,False
A20,2020-07-16 18:00:00,33.77,0.0,33.77,500.0,6.8,6.8,False
A20,2020-07-16 20:00:00,55.91,0.0,55.91,500.0,11.2,11.2,False
A20,2020-07-16 22:00:00,39.64,0.0,39.64,500.0,7.9,7.9,False
A21,2020-07-15 00:00:00,-68.13,0.0,68.13,500.0,13.6,13.6,False
A21,2020-07-15 01:00:00,-49.47,0.0,49.47,500.0,9.9,9.9,False
A21,2020-07-15 02:00:00,-41.4,0.0,41.4,500.0,8.3,8.3,False
A21,2020-07-15 03:00:00,-41.55,0.0,41.55,500.0,8.3,8.3,False
A21,2020-07-15 04:00:00,-59.14,0.0,59.14,500.0,11.8,11.8,False
A21,2020-07-15 05:00:00,-68.05,0.0,68.05,500.0,13.6,13.6,False
A21,2020-07-15 06:00:00,-118.88,0.0,118.88,500.0,23.8,23.8,False
A21,2020-07-15 07:00:00,-162.92,0.0,162.92,500.0,32.6,32.6,False
A21,2020-07-15 08:00:00,-122.72,0.0,122.72,500.0,24.5,24.5,False
A21,2020-07-15 09:00:00,-126.95,0.0,126.95,500.0,25.4,25.4,False
A21,2020-07-15 10:00:00,-138.4,0.0,138.4,500.0,27.7,27.7,False
A21,2020-07-15 11:00:00,-150.88,0.0,150.88,500.0,30.2,30.2,False
A21,2020-07-15 12:00:00,-155.13,0.0,155.13,500.0,31.0,31.0,False
A21,2020-07-15 13:00:00,-170.69,0.0,170.69,500.0,34.1,34.1,False
A21,2020-07-15 14:00:00,-185.52,0.0,185.52,500.0,37.1,37.1,False
A21,2020-07-15 15:00:00,-194.17,0.0,194.17,500.0,38.8,38.8,False
A21,2020-07-15 16:00:00,-199.2,0.0,199.2,500.0,39.8,39.8,False
A21,2020-07-15 17:00:00,-162.43,0.0,162.43,500.0,32.5,32.5,False
A21,2020-07-15 18:00:00,-143.04,0.0,143.04,500.0,28.6,28.6,False
A21,2020-07-15 19:00:00,-121.05,0.0,121.05,500.0,24.2,24.2,False
A21,2020-07-15 20:00:00,-95.6,0.0,95.6,500.0,19.1,19.1,False
A21,2020-07-15 21:00:00,-173.62,0.0,173.62,500.0,34.7,34.7,False
A21,2020-07-15 22:00:00,-74.99,0.0,74.99,500.0,15.0,15.0,False
A21,2020-07-15 23:00:00,-79.86,0.0,79.86,500.0,16.0,16.0,False
A21,2020-07-16 00:00:00,-56.14,0.0,56.14,500.0,11.2,11.2,False
A21,2020-07-16 02:00:00,-65.39,0.0,65.39,500.0,13.1,13.1,False
A21,2020-07-16 04:00:00,-49.23,0.0,49.23,500.0,9.8,9.8,False
A21,2020-07-16 06:00:00,-97.99,0.0,97.99,500.0,19.6,19.6,False
A21,2020-07-16 08:00:00,-102.61,0.0,102.61,500.0,20.5,20.5,False
A21,2020-07-16 10:00:00,-131.31,0.0,131.31,500.0,26.3,26.3,False
A21,2020-07-16 12:00:00,-145.3,0.0,145.3,500.0,29.1,29.1,False
A21,2020-07-16 14:00:00,-169.7,0.0,169.7,500.0,33.9,33.9,False
A21,2020-07-16 16:00:00,-158.98,0.0,158.98,500.0,31.8,31.8,False
A21,2020-07-16 18:00:00,-136.64,0.0,136.64,500.0,27.3,27.3,False
A21,2020-07-16 20:00:00,-114.48,0.0,114.48,500.0,22.9,22.9,False
A21,2020-07-16 22:00:00,-136.3,0.0,136.3,500.0,27.3,27.3,False
A22,2020-07-15 00:00:00,-104.28,0.0,104.28,500.0,20.9,20.9,False
A22,2020-07-15 01:00:00,-83.66,0.0,83.66,500.0,16.7,16.7,False
A22,2020-07-15 02:00:00,-78.33,0.0,78.33,500.0,15.7,15.7,False
A22,2020-07-15 03:00:00,-76.51,0.0,76.51,500.0,15.3,15.3,False
A22,2020-07-15 04:00:00,-93.63,0.0,93.63,500.0,18.7,18.7,False
A22,2020-07-15 05:00:00,-95.55,0.0,95.55,500.0,19.1,19.1,False
A22,2020-07-15 06:00:00,-134.78,0.0,134.78,500.0,27.0,27.0,False
A22,2020-07-15 07:00:00,-170.85,0.0,170.85,500.0,34.2,34.2,False
A22,2020-07-15 08:00:00,-148.89,0.0,148.89,500.0,29.8,29.8,False
A22,2020-07-15 09:00:00,-145.62,0.0,145.62,500.0,29.1,29.1,False
A22,2020-07-15 10:00:00,-151.94,0.0,151.94,500.0,30.4,30.4,False
A22,2020-07-15 11:00:00,-159.84,0.0,159.84,500.0,32.0,32.0,False
A22,2020-07-15 12:00:00,-165.95,0.0,165.95,500.0,33.2,33.2,False
A22,2020-07-15 13:00:00,-179.96,0.0,179.96,500.0,36.0,36.0,False
A22,2020-07-15 14:00:00,-206.0,0.0,206.0,500.0,41.2,41.2,False
A22,2020-07-15 15:00:00,-214.26,0.0,214.26,500.0,42.9,42.9,False
A22,2020-07-15 16:00:00,-218.24,0.0,218.24,500.0,43.6,43.6,False
A22,2020-07-15 17:00:00,-201.72,0.0,201.72,500.0,40.3,40.3,False
A22,2020-07-15 18:00:00,-184.8,0.0,184.8,500.0,37.0,37.0,False
A22,2020-07-15 19:00:00,-156.87,0.0,156.87,500.0,31.4,31.4,False
A22,2020-07-15 20:00:00,-126.58,0.0,126.58,500.0,25.3,25.3,False
A22,2020-07-15 21:00:00,-189.39,0.0,189.39,500.0,37.9,37.9,False
A22,2020-07-15 22:00:00,-105.91,0.0,105.91,500.0,21.2,21.2,False
A22,2020-07-15 23:00:00,-112.61,0.0,112.61,500.0,22.5,22.5,False
A22,2020-07-16 00:00:00,-87.36,0.0,87.36,500.0,17.5,17.5,False
A22,2020-07-16 02:00:00,-90.05,0.0,90.05,500.0,18.0,18.0,False
A22,2020-07-16 04:00:00,-82.41,0.0,82.41,500.0,16.5,16.5,False
A22,2020-07-16 06:00:00,-131.75,0.0,131.75,500.0,26.4,26.4,False
A22,2020-07-16 08:00:00,-129.96,0.0,129.96,500.0,26.0,26.0,False
A22,2020-07-16 10:00:00,-161.37,0.0,161.37,500.0,32.3,32.3,False
A22,2020-07-16 12:00:00,-167.51,0.0,167.51,500.0,33.5,33.5,False
A22,2020-07-16 14:00:00,-196.27,0.0,196.27,500.0,39.3,39.3,False
A22,2020-07-16 16:00:00,-186.25,0.0,186.25,500.0,37.2,37.2,False
A22,2020-07-16 18:00:00,-170.98,0.0,170.98,500.0,34.2,34.2,False
A22,2020-07-16 20:00:00,-158.49,0.0,158.49,500.0,31.7,31.7,False
A22,2020-07-16 22:00:00,-173.83,0.0,173.83,500.0,34.8,34.8,False
AB2,2020-07-15 00:00:00,59.29,0.0,59.29,500.0,11.9,11.9,False
AB2,2020-07-15 01:00:00,53.02,0.0,53.02,500.0,10.6,10.6,False
AB2,2020-07-15 02:00:00,62.51,0.0,62.51,500.0,12.5,12.5,False
AB2,2020-07-15 03:00:00,50.3,0.0,50.3,500.0,10.1,10.1,False
AB2,2020-07-15 04:00:00,43.59,0.0,43.59,500.0,8.7,8.7,False
AB2,2020-07-15 05:00:00,1.56,0.0,1.56,500.0,0.3,0.3,False
AB2,2020-07-15 06:00:00,-17.71,0.0,17.71,500.0,3.5,3.5,False
AB2,2020-07-15 07:00:00,-61.32,0.0,61.32,500.0,12.3,12.3,False
AB2,2020-07-15 08:00:00,-25.0,0.0,25.0,500.0,5.0,5.0,False
AB2,2020-07-15 09:00:00,-74.29,0.0,74.29,500.0,14.9,14.9,False
AB2,2020-07-15 10:00:00,-111.64,0.0,111.64,500.0,22.3,22.3,False
AB2,2020-07-15 11:00:00,-139.75,0.0,139.75,500.0,28.0,28.0,False
AB2,2020-07-15 12:00:00,-136.67,0.0,136.67,500.0,27.3,27.3,False
AB2,2020-07-15 13:00:00,-146.0,0.0,146.0,500.0,29.2,29.2,False
AB2,2020-07-15 14:00:00,-97.68,0.0,97.68,500.0,19.5,19.5,False
AB2,2020-07-15 15:00:00,-90.68,0.0,90.68,500.0,18.1,18.1,False
AB2,2020-07-15 16:00:00,-86.24,0.0,86.24,500.0,17.2,17.2,False
AB2,2020-07-15 17:00:00,-4.92,0.0,4.92,500.0,1.0,1.0,False
AB2,2020-07-15 18:00:00,15.28,0.0,15.28,500.0,3.1,3.1,False
AB2,2020-07-15 19:00:00,-17.16,0.0,17.16,500.0,3.4,3.4,False
AB2,2020-07-15 20:00:00,-41.33,0.0,41.33,500.0,8.3,8.3,False
AB2,2020-07-15 21:00:00,-22.38,0.0,22.38,500.0,4.5,4.5,False
AB2,2020-07-15 22:00:00,-17.59,0.0,17.59,500.0,3.5,3.5,False
AB2,2020-07-15 23:00:00,18.13,0.0,18.13,500.0,3.6,3.6,False
AB2,2020-07-16 00:00:00,27.61,0.0,27.61,500.0,5.5,5.5,False
AB2,2020-07-16 02:00:00,10.91,0.0,10.91,500.0,2.2,2.2,False
AB2,2020-07-16 04:00:00,33.39,0.0,33.39,500.0,6.7,6.7,False
AB2,2020-07-16 06:00:00,11.61,0.0,11.61,500.0,2.3,2.3,False
AB2,2020-07-16 08:00:00,-77.6,0.0,77.6,500.0,15.5,15.5,False
AB2,2020-07-16 10:00:00,-53.9,0.0,53.9,500.0,10.8,10.8,False
AB2,2020-07-16 12:00:00,-108.16,0.0,108.16,500.0,21.6,21.6,False
AB2,2020-07-16 14:00:00,-86.09,0.0,86.09,500.0,17.2,17.2,False
AB2,2020-07-16 16:00:00,-77.44,0.0,77.44,500.0,15.5,15.5,False
AB2,2020-07-16 18:00:00,-29.02,0.0,29.02,500.0,5.8,5.8,False
AB2,2020-07-16 20:00:00,41.58,0.0,41.58,500.0,8.3,8.3,False
AB2,2020-07-16 22:00:00,76.39,0.0,76.39,500.0,15.3,15.3,False
A23,2020-07-15 00:00:00,-182.52,0.0,182.52,500.0,36.5,36.5,False
A23,2020-07-15 01:00:00,-171.23,0.0,171.23,500.0,34.2,34.2,False
A23,2020-07-15 02:00:00,-157.38,0.0,157.38,500.0,31.5,31.5,False
A23,2020-07-15 03:00:00,-151.01,0.0,151.01,500.0,30.2,30.2,False
A23,2020-07-15 04:00:00,-143.44,0.0,143.44,500.0,28.7,28.7,False
A23,2020-07-15 05:00:00,-145.79,0.0,145.79,500.0,29.2,29.2,False
A23,2020-07-15 06:00:00,-223.68,0.0,223.68,500.0,44.7,44.7,False
A23,2020-07-15 07:00:00,-236.6,0.0,236.6,500.0,47.3,47.3,False
A23,2020-07-15 08:00:00,-190.88,0.0,190.88,500.0,38.2,38.2,False
A23,2020-07-15 09:00:00,-199.31,0.0,199.31,500.0,39.9,39.9,False
A23,2020-07-15 10:00:00,-201.22,0.0,201.22,500.0,40.2,40.2,False
A23,2020-07-15 11:00:00,-215.87,0.0,215.87,500.0,43.2,43.2,False
A23,2020-07-15 12:00:00,-236.88,0.0,236.88,500.0,47.4,47.4,False
A23,2020-07-15 13:00:00,-250.76,0.0,250.76,500.0,50.2,50.2,False
A23,2020-07-15 14:00:00,-254.37,0.0,254.37,500.0,50.9,50.9,False
A23,2020-07-15 15:00:00,-274.89,0.0,274.89,500.0,55.0,55.0,False
A23,2020-07-15 16:00:00,-285.05,0.0,285.05,500.0,57.0,57.0,False
A23,2020-07-15 17:00:00,-257.6,0.0,257.6,500.0,51.5,51.5,False
A23,2020-07-15 18:00:00,-252.89,0.0,252.89,500.0,50.6,50.6,False
A23,2020-07-15 19:00:00,-228.27,0.0,228.27,500.0,45.7,45.7,False
A23,2020-07-15 20:00:00,-199.39,0.0,199.39,500.0,39.9,39.9,False
A23,2020-07-15 21:00:00,-299.23,0.0,299.23,500.0,59.8,59.8,False
A23,2020-07-15 22:00:00,-155.61,0.0,155.61,500.0,31.1,31.1,False
A23,2020-07-15 23:00:00,-173.21,0.0,173.21,500.0,34.6,34.6,False
A23,2020-07-16 00:00:00,-182.23,0.0,182.23,500.0,36.4,36.4,False
A23,2020-07-16 02:00:00,-184.44,0.0,184.44,500.0,36.9,36.9,False
A23,2020-07-16 04:00:00,-169.31,0.0,169.31,500.0,33.9,33.9,False
A23,2020-07-16 06:00:00,-176.37,0.0,176.37,500.0,35.3,35.3,False
A23,2020-07-16 08:00:00,-124.66,0.0,124.66,500.0,24.9,24.9,False
A23,2020-07-16 10:00:00,-217.93,0.0,217.93,500.0,43.6,43.6,False
A23,2020-07-16 12:00:00,-233.95,0.0,233.95,500.0,46.8,46.8,False
A23,2020-07-16 14:00:00,-260.33,0.0,260.33,500.0,52.1,52.1,False
A23,2020-07-16 16:00:00,-254.99,0.0,254.99,500.0,51.0,51.0,False
A23,2020-07-16 18:00:00,-244.42,0.0,244.42,500.0,48.9,48.9,False
A23,2020-07-16 20:00:00,-239.11,0.0,239.11,500.0,47.8,47.8,False
A23,2020-07-16 22:00:00,-273.95,0.0,273.95,500.0,54.8,54.8,False
A24,2020-07-15 00:00:00,106.92,0.0,106.92,500.0,21.4,21.4,False
A24,2020-07-15 01:00:00,116.16,0.0,116.16,500.0,23.2,23.2,False
A24,2020-07-15 02:00:00,108.68,0.0,108.68,500.0,21.7,21.7,False
A24,2020-07-15 03:00:00,100.31,0.0,100.31,500.0,20.1,20.1,False
A24,2020-07-15 04:00:00,75.71,0.0,75.71,500.0,15.1,15.1,False
A24,2020-07-15 05:00:00,59.47,0.0,59.47,500.0,11.9,11.9,False
A24,2020-07-15 06:00:00,127.88,0.0,127.88,500.0,25.6,25.6,False
A24,2020-07-15 07:00:00,72.48,0.0,72.48,500.0,14.5,14.5,False
A24,2020-07-15 08:00:00,62.04,0.0,62.04,500.0,12.4,12.4,False
A24,2020-07-15 09:00:00,52.0,0.0,52.0,500.0,10.4,10.4,False
A24,2020-07-15 10:00:00,26.91,0.0,26.91,500.0,5.4,5.4,False
A24,2020-07-15 11:00:00,31.19,0.0,31.19,500.0,6.2,6.2,False
A24,2020-07-15 12:00:00,57.05,0.0,57.05,500.0,11.4,11.4,False
A24,2020-07-15 13:00:00,54.37,0.0,54.37,500.0,10.9,10.9,False
A24,2020-07-15 14:00:00,34.69,0.0,34.69,500.0,6.9,6.9,False
A24,2020-07-15 15:00:00,50.66,0.0,50.66,500.0,10.1,10.1,False
A24,2020-07-15 16:00:00,56.86,0.0,56.86,500.0,11.4,11.4,False
A24,2020-07-15 17:00:00,66.34,0.0,66.34,500.0,13.3,13.3,False
A24,2020-07-15 18:00:00,78.37,0.0,78.37,500.0,15.7,15.7,False
A24,2020-07-15 19:00:00,69.47,0.0,69.47,500.0,13.9,13.9,False
A24,2020-07-15 20:00:00,82.79,0.0,82.79,500.0,16.6,16.6,False
A24,2020-07-15 21:00:00,124.95,0.0,124.95,500.0,25.0,25.0,False
A24,2020-07-15 22:00:00,76.15,0.0,76.15,500.0,15.2,15.2,False
A24,2020-07-15 23:00:00,88.29,0.0,88.29,500.0,17.7,17.7,False
A24,2020-07-16 00:00:00,149.02,0.0,149.02,500.0,29.8,29.8,False
A24,2020-07-16 02:00:00,142.51,0.0,142.51,500.0,28.5,28.5,False
A24,2020-07-16 04:00:00,144.82,0.0,144.82,500.0,29.0,29.0,False
A24,2020-07-16 06:00:00,74.63,0.0,74.63,500.0,14.9,14.9,False
A24,2020-07-16 08:00:00,-6.33,0.0,6.33,500.0,1.3,1.3,False
A24,2020-07-16 10:00:00,64.46,0.0,64.46,500.0,12.9,12.9,False
A24,2020-07-16 12:00:00,64.67,0.0,64.67,500.0,12.9,12.9,False
A24,2020-07-16 14:00:00,68.98,0.0,68.98,500.0,13.8,13.8,False
A24,2020-07-16 16:00:00,76.19,0.0,76.19,500.0,15.2,15.2,False
A24,2020-07-16 18:00:00,95.39,0.0,95.39,500.0,19.1,19.1,False
A24,2020-07-16 20:00:00,121.13,0.0,121.13,500.0,24.2,24.2,False
A24,2020-07-16 22:00:00,152.6,0.0,152.6,500.0,30.5,30.5,False
A25-1,2020-07-15 00:00:00,-149.35,0.0,149.35,500.0,29.9,29.9,False
A25-1,2020-07-15 01:00:00,-145.18,0.0,145.18,500.0,29.0,29.0,False
A25-1,2020-07-15 02:00:00,-132.81,0.0,132.81,500.0,26.6,26.6,False
A25-1,2020-07-15 03:00:00,-127.23,0.0,127.23,500.0,25.4,25.4,False
A25-1,2020-07-15 04:00:00,-101.53,0.0,101.53,500.0,20.3,20.3,False
A25-1,2020-07-15 05:00:00,-116.3,0.0,116.3,500.0,23.3,23.3,False
A25-1,2020-07-15 06:00:00,-149.68,0.0,149.68,500.0,29.9,29.9,False
A25-1,2020-07-15 07:00:00,-145.22,0.0,145.22,500.0,29.0,29.0,False
A25-1,2020-07-15 08:00:00,-117.33,0.0,117.33,500.0,23.5,23.5,False
A25-1,2020-07-15 09:00:00,-131.21,0.0,131.21,500.0,26.2,26.2,False
A25-1,2020-07-15 10:00:00,-126.67,0.0,126.67,500.0,25.3,25.3,False
A25-1,2020-07-15 11:00:00,-142.14,0.0,142.14,500.0,28.4,28.4,False
A25-1,2020-07-15 12:00:00,-166.38,0.0,166.38,500.0,33.3,33.3,False
A25-1,2020-07-15 13:00:00,-177.7,0.0,177.7,500.0,35.5,35.5,False
A25-1,2020-07-15 14:00:00,-162.58,0.0,162.58,500.0,32.5,32.5,False
A25-1,2020-07-15 15:00:00,-180.69,0.0,180.69,500.0,36.1,36.1,False
A25-1,2020-07-15 16:00:00,-187.11,0.0,187.11,500.0,37.4,37.4,False
A25-1,2020-07-15 17:00:00,-165.51,0.0,165.51,500.0,33.1,33.1,False
A25-1,2020-07-15 18:00:00,-174.39,0.0,174.39,500.0,34.9,34.9,False
A25-1,2020-07-15 19:00:00,-169.04,0.0,169.04,500.0,33.8,33.8,False
A25-1,2020-07-15 20:00:00,-160.17,0.0,160.17,500.0,32.0,32.0,False
A25-1,2020-07-15 21:00:00,-199.17,0.0,199.17,500.0,39.8,39.8,False
A25-1,2020-07-15 22:00:00,-120.69,0.0,120.69,500.0,24.1,24.1,False
A25-1,2020-07-15 23:00:00,-126.69,0.0,126.69,500.0,25.3,25.3,False
A25-1,2020-07-16 00:00:00,-174.93,0.0,174.93,500.0,35.0,35.0,False
A25-1,2020-07-16 02:00:00,-173.0,0.0,173.0,500.0,34.6,34.6,False
A25-1,2020-07-16 04:00:00,-165.44,0.0,165.44,500.0,33.1,33.1,False
A25-1,2020-07-16 06:00:00,-101.85,0.0,101.85,500.0,20.4,20.4,False
A25-1,2020-07-16 08:00:00,-61.65,0.0,61.65,500.0,12.3,12.3,False
A25-1,2020-07-16 10:00:00,-145.01,0.0,145.01,500.0,29.0,29.0,False
A25-1,2020-07-16 12:00:00,-165.36,0.0,165.36,500.0,33.1,33.1,False
A25-1,2020-07-16 14:00:00,-182.54,0.0,182.54,500.0,36.5,36.5,False
A25-1,2020-07-16 16:00:00,-179.55,0.0,179.55,500.0,35.9,35.9,False
A25-1,2020-07-16 18:00:00,-172.68,0.0,172.68,500.0,34.5,34.5,False
A25-1,2020-07-16 20:00:00,-167.02,0.0,167.02,500.0,33.4,33.4,False
A25-1,2020-07-16 22:00:00,-176.53,0.0,176.53,500.0,35.3,35.3,False
A25-2,2020-07-15 00:00:00,-149.35,0.0,149.35,500.0,29.9,29.9,False
A25-2,2020-07-15 01:00:00,-145.18,0.0,145.18,500.0,29.0,29.0,False
A25-2,2020-07-15 02:00:00,-132.81,0.0,132.81,500.0,26.6,26.6,False
A25-2,2020-07-15 03:00:00,-127.23,0.0,127.23,500.0,25.4,25.4,False
A25-2,2020-07-15 04:00:00,-101.53,0.0,101.53,500.0,20.3,20.3,False
A25-2,2020-07-15 05:00:00,-116.3,0.0,116.3,500.0,23.3,23.3,False
A25-2,2020-07-15 06:00:00,-149.68,0.0,149.68,500.0,29.9,29.9,False
A25-2,2020-07-15 07:00:00,-145.22,0.0,145.22,500.0,29.0,29.0,False
A25-2,2020-07-15 08:00:00,-117.33,0.0,117.33,500.0,23.5,23.5,False
A25-2,2020-07-15 09:00:00,-131.21,0.0,131.21,500.0,26.2,26.2,False
A25-2,2020-07-15 10:00:00,-126.67,0.0,126.67,500.0,25.3,25.3,False
A25-2,2020-07-15 11:00:00,-142.14,0.0,142.14,500.0,28.4,28.4,False
A25-2,2020-07-15 12:00:00,-166.38,0.0,166.38,500.0,33.3,33.3,False
A25-2,2020-07-15 13:00:00,-177.7,0.0,177.7,500.0,35.5,35.5,False
A25-2,2020-07-15 14:00:00,-162.58,0.0,162.58,500.0,32.5,32.5,False
A25-2,2020-07-15 15:00:00,-180.69,0.0,180.69,500.0,36.1,36.1,False
A25-2,2020-07-15 16:00:00,-187.11,0.0,187.11,500.0,37.4,37.4,False
A25-2,2020-07-15 17:00:00,-165.51,0.0,165.51,500.0,33.1,33.1,False
A25-2,2020-07-15 18:00:00,-174.39,0.0,174.39,500.0,34.9,34.9,False
A25-2,2020-07-15 19:00:00,-169.04,0.0,169.04,500.0,33.8,33.8,False
A25-2,2020-07-15 20:00:00,-160.17,0.0,160.17,500.0,32.0,32.0,False
A25-2,2020-07-15 21:00:00,-199.17,0.0,199.17,500.0,39.8,39.8,False
A25-2,2020-07-15 22:00:00,-120.69,0.0,120.69,500.0,24.1,24.1,False
A25-2,2020-07-15 23:00:00,-126.69,0.0,126.69,500.0,25.3,25.3,False
A25-2,2020-07-16 00:00:00,-174.93,0.0,174.93,500.0,35.0,35.0,False
A25-2,2020-07-16 02:00:00,-173.0,0.0,173.0,500.0,34.6,34.6,False
A25-2,2020-07-16 04:00:00,-165.44,0.0,165.44,500.0,33.1,33.1,False
A25-2,2020-07-16 06:00:00,-101.85,0.0,101.85,500.0,20.4,20.4,False
A25-2,2020-07-16 08:00:00,-61.65,0.0,61.65,500.0,12.3,12.3,False
A25-2,2020-07-16 10:00:00,-145.01,0.0,145.01,500.0,29.0,29.0,False
A25-2,2020-07-16 12:00:00,-165.36,0.0,165.36,500.0,33.1,33.1,False
A25-2,2020-07-16 14:00:00,-182.54,0.0,182.54,500.0,36.5,36.5,False
A25-2,2020-07-16 16:00:00,-179.55,0.0,179.55,500.0,35.9,35.9,False
A25-2,2020-07-16 18:00:00,-172.68,0.0,172.68,500.0,34.5,34.5,False
A25-2,2020-07-16 20:00:00,-167.02,0.0,167.02,500.0,33.4,33.4,False
A25-2,2020-07-16 22:00:00,-176.53,0.0,176.53,500.0,35.3,35.3,False
A26,2020-07-15 00:00:00,76.33,0.0,76.33,500.0,15.3,15.3,False
A26,2020-07-15 01:00:00,67.9,0.0,67.9,500.0,13.6,13.6,False
A26,2020-07-15 02:00:00,54.43,0.0,54.43,500.0,10.9,10.9,False
A26,2020-07-15 03:00:00,51.52,0.0,51.52,500.0,10.3,10.3,False
A26,2020-07-15 04:00:00,50.1,0.0,50.1,500.0,10.0,10.0,False
A26,2020-07-15 05:00:00,57.11,0.0,57.11,500.0,11.4,11.4,False
A26,2020-07-15 06:00:00,140.21,0.0,140.21,500.0,28.0,28.0,False
A26,2020-07-15 07:00:00,169.64,0.0,169.64,500.0,33.9,33.9,False
A26,2020-07-15 08:00:00,106.11,0.0,106.11,500.0,21.2,21.2,False
A26,2020-07-15 09:00:00,112.18,0.0,112.18,500.0,22.4,22.4,False
A26,2020-07-15 10:00:00,115.23,0.0,115.23,500.0,23.0,23.0,False
A26,2020-07-15 11:00:00,128.7,0.0,128.7,500.0,25.7,25.7,False
A26,2020-07-15 12:00:00,138.44,0.0,138.44,500.0,27.7,27.7,False
A26,2020-07-15 13:00:00,153.41,0.0,153.41,500.0,30.7,30.7,False
A26,2020-07-15 14:00:00,149.96,0.0,149.96,500.0,30.0,30.0,False
A26,2020-07-15 15:00:00,168.18,0.0,168.18,500.0,33.6,33.6,False
A26,2020-07-15 16:00:00,178.36,0.0,178.36,500.0,35.7,35.7,False
A26,2020-07-15 17:00:00,131.02,0.0,131.02,500.0,26.2,26.2,False
A26,2020-07-15 18:00:00,124.6,0.0,124.6,500.0,24.9,24.9,False
A26,2020-07-15 19:00:00,108.37,0.0,108.37,500.0,21.7,21.7,False
A26,2020-07-15 20:00:00,90.42,0.0,90.42,500.0,18.1,18.1,False
A26,2020-07-15 21:00:00,200.87,0.0,200.87,500.0,40.2,40.2,False
A26,2020-07-15 22:00:00,59.91,0.0,59.91,500.0,12.0,12.0,False
A26,2020-07-15 23:00:00,76.04,0.0,76.04,500.0,15.2,15.2,False
A26,2020-07-16 00:00:00,78.85,0.0,78.85,500.0,15.8,15.8,False
A26,2020-07-16 02:00:00,91.55,0.0,91.55,500.0,18.3,18.3,False
A26,2020-07-16 04:00:00,67.29,0.0,67.29,500.0,13.5,13.5,False
A26,2020-07-16 06:00:00,73.45,0.0,73.45,500.0,14.7,14.7,False
A26,2020-07-16 08:00:00,42.05,0.0,42.05,500.0,8.4,8.4,False
A26,2020-07-16 10:00:00,106.06,0.0,106.06,500.0,21.2,21.2,False
A26,2020-07-16 12:00:00,122.37,0.0,122.37,500.0,24.5,24.5,False
A26,2020-07-16 14:00:00,140.58,0.0,140.58,500.0,28.1,28.1,False
A26,2020-07-16 16:00:00,135.58,0.0,135.58,500.0,27.1,27.1,False
A26,2020-07-16 18:00:00,123.42,0.0,123.42,500.0,24.7,24.7,False
A26,2020-07-16 20:00:00,113.94,0.0,113.94,500.0,22.8,22.8,False
A26,2020-07-16 22:00:00,142.17,0.0,142.17,500.0,28.4,28.4,False
A27,2020-07-15 00:00:00,-236.21,0.0,236.21,500.0,47.2,47.2,False
A27,2020-07-15 01:00:00,-231.22,0.0,231.22,500.0,46.2,46.2,False
A27,2020-07-15 02:00:00,-211.12,0.0,211.12,500.0,42.2,42.2,False
A27,2020-07-15 03:00:00,-198.18,0.0,198.18,500.0,39.6,39.6,False
A27,2020-07-15 04:00:00,-159.05,0.0,159.05,500.0,31.8,31.8,False
A27,2020-07-15 05:00:00,-163.0,0.0,163.0,500.0,32.6,32.6,False
A27,2020-07-15 06:00:00,-217.51,0.0,217.51,500.0,43.5,43.5,False
A27,2020-07-15 07:00:00,-187.62,0.0,187.62,500.0,37.5,37.5,False
A27,2020-07-15 08:00:00,-139.36,0.0,139.36,500.0,27.9,27.9,False
A27,2020-07-15 09:00:00,-183.63,0.0,183.63,500.0,36.7,36.7,False
A27,2020-07-15 10:00:00,-187.86,0.0,187.86,500.0,37.6,37.6,False
A27,2020-07-15 11:00:00,-204.34,0.0,204.34,500.0,40.9,40.9,False
A27,2020-07-15 12:00:00,-237.78,0.0,237.78,500.0,47.6,47.6,False
A27,2020-07-15 13:00:00,-250.57,0.0,250.57,500.0,50.1,50.1,False
A27,2020-07-15 14:00:00,-236.65,0.0,236.65,500.0,47.3,47.3,False
A27,2020-07-15 15:00:00,-268.22,0.0,268.22,500.0,53.6,53.6,False
A27,2020-07-15 16:00:00,-284.29,0.0,284.29,500.0,56.9,56.9,False
A27,2020-07-15 17:00:00,-267.99,0.0,267.99,500.0,53.6,53.6,False
A27,2020-07-15 18:00:00,-283.45,0.0,283.45,500.0,56.7,56.7,False
A27,2020-07-15 19:00:00,-260.19,0.0,260.19,500.0,52.0,52.0,False
A27,2020-07-15 20:00:00,-254.87,0.0,254.87,500.0,51.0,51.0,False
A27,2020-07-15 21:00:00,-318.2,0.0,318.2,500.0,63.6,63.6,False
A27,2020-07-15 22:00:00,-163.44,0.0,163.44,500.0,32.7,32.7,False
A27,2020-07-15 23:00:00,-198.07,0.0,198.07,500.0,39.6,39.6,False
A27,2020-07-16 00:00:00,-266.2,0.0,266.2,500.0,53.2,53.2,False
A27,2020-07-16 02:00:00,-259.07,0.0,259.07,500.0,51.8,51.8,False
A27,2020-07-16 04:00:00,-243.29,0.0,243.29,500.0,48.7,48.7,False
A27,2020-07-16 06:00:00,-135.7,0.0,135.7,500.0,27.1,27.1,False
A27,2020-07-16 08:00:00,-36.68,0.0,36.68,500.0,7.3,7.3,False
A27,2020-07-16 10:00:00,-208.52,0.0,208.52,500.0,41.7,41.7,False
A27,2020-07-16 12:00:00,-229.79,0.0,229.79,500.0,46.0,46.0,False
A27,2020-07-16 14:00:00,-258.08,0.0,258.08,500.0,51.6,51.6,False
A27,2020-07-16 16:00:00,-257.09,0.0,257.09,500.0,51.4,51.4,False
A27,2020-07-16 18:00:00,-252.71,0.0,252.71,500.0,50.5,50.5,False
A27,2020-07-16 20:00:00,-258.66,0.0,258.66,500.0,51.7,51.7,False
A27,2020-07-16 22:00:00,-293.05,0.0,293.05,500.0,58.6,58.6,False
A28,2020-07-15 00:00:00,209.14,0.0,209.14,500.0,41.8,41.8,False
A28,2020-07-15 01:00:00,227.52,0.0,227.52,500.0,45.5,45.5,False
A28,2020-07-15 02:00:00,214.92,0.0,214.92,500.0,43.0,43.0,False
A28,2020-07-15 03:00:00,199.99,0.0,199.99,500.0,40.0,40.0,False
A28,2020-07-15 04:00:00,142.93,0.0,142.93,500.0,28.6,28.6,False
A28,2020-07-15 05:00:00,125.21,0.0,125.21,500.0,25.0,25.0,False
A28,2020-07-15 06:00:00,188.56,0.0,188.56,500.0,37.7,37.7,False
A28,2020-07-15 07:00:00,115.59,0.0,115.59,500.0,23.1,23.1,False
A28,2020-07-15 08:00:00,93.72,0.0,93.72,500.0,18.7,18.7,False
A28,2020-07-15 09:00:00,98.21,0.0,98.21,500.0,19.6,19.6,False
A28,2020-07-15 10:00:00,72.75,0.0,72.75,500.0,14.6,14.6,False
A28,2020-07-15 11:00:00,74.27,0.0,74.27,500.0,14.9,14.9,False
A28,2020-07-15 12:00:00,108.38,0.0,108.38,500.0,21.7,21.7,False
A28,2020-07-15 13:00:00,102.72,0.0,102.72,500.0,20.5,20.5,False
A28,2020-07-15 14:00:00,76.21,0.0,76.21,500.0,15.2,15.2,False
A28,2020-07-15 15:00:00,103.45,0.0,103.45,500.0,20.7,20.7,False
A28,2020-07-15 16:00:00,116.69,0.0,116.69,500.0,23.3,23.3,False
A28,2020-07-15 17:00:00,136.63,0.0,136.63,500.0,27.3,27.3,False
A28,2020-07-15 18:00:00,172.52,0.0,172.52,500.0,34.5,34.5,False
A28,2020-07-15 19:00:00,167.47,0.0,167.47,500.0,33.5,33.5,False
A28,2020-07-15 20:00:00,161.93,0.0,161.93,500.0,32.4,32.4,False
A28,2020-07-15 21:00:00,227.14,0.0,227.14,500.0,45.4,45.4,False
A28,2020-07-15 22:00:00,120.81,0.0,120.81,500.0,24.2,24.2,False
A28,2020-07-15 23:00:00,155.54,0.0,155.54,500.0,31.1,31.1,False
A28,2020-07-16 00:00:00,232.9,0.0,232.9,500.0,46.6,46.6,False
A28,2020-07-16 02:00:00,220.78,0.0,220.78,500.0,44.2,44.2,False
A28,2020-07-16 04:00:00,219.65,0.0,219.65,500.0,43.9,43.9,False
A28,2020-07-16 06:00:00,118.45,0.0,118.45,500.0,23.7,23.7,False
A28,2020-07-16 08:00:00,-20.19,0.0,20.19,500.0,4.0,4.0,False
A28,2020-07-16 10:00:00,119.3,0.0,119.3,500.0,23.9,23.9,False
A28,2020-07-16 12:00:00,117.25,0.0,117.25,500.0,23.5,23.5,False
A28,2020-07-16 14:00:00,119.82,0.0,119.82,500.0,24.0,24.0,False
A28,2020-07-16 16:00:00,133.93,0.0,133.93,500.0,26.8,26.8,False
A28,2020-07-16 18:00:00,165.79,0.0,165.79,500.0,33.2,33.2,False
A28,2020-07-16 20:00:00,211.49,0.0,211.49,500.0,42.3,42.3,False
A28,2020-07-16 22:00:00,255.96,0.0,255.96,500.0,51.2,51.2,False
A29,2020-07-15 00:00:00,-21.29,0.0,21.29,500.0,4.3,4.3,False
A29,2020-07-15 01:00:00,-28.98,0.0,28.98,500.0,5.8,5.8,False
A29,2020-07-15 02:00:00,-23.09,0.0,23.09,500.0,4.6,4.6,False
A29,2020-07-15 03:00:00,-20.09,0.0,20.09,500.0,4.0,4.0,False
A29,2020-07-15 04:00:00,5.75,0.0,5.75,500.0,1.2,1.2,False
A29,2020-07-15 05:00:00,-1.64,0.0,1.64,500.0,0.3,0.3,False
A29,2020-07-15 06:00:00,-48.54,0.0,48.54,500.0,9.7,9.7,False
A29,2020-07-15 07:00:00,-25.63,0.0,25.63,500.0,5.1,5.1,False
A29,2020-07-15 08:00:00,-5.83,0.0,5.83,500.0,1.2,1.2,False
A29,2020-07-15 09:00:00,-86.52,0.0,86.52,500.0,17.3,17.3,False
A29,2020-07-15 10:00:00,-100.76,0.0,100.76,500.0,20.2,20.2,False
A29,2020-07-15 11:00:00,-109.37,0.0,109.37,500.0,21.9,21.9,False
A29,2020-07-15 12:00:00,-130.33,0.0,130.33,500.0,26.1,26.1,False
A29,2020-07-15 13:00:00,-132.34,0.0,132.34,500.0,26.5,26.5,False
A29,2020-07-15 14:00:00,-110.56,0.0,110.56,500.0,22.1,22.1,False
A29,2020-07-15 15:00:00,-122.03,0.0,122.03,500.0,24.4,24.4,False
A29,2020-07-15 16:00:00,-123.89,0.0,123.89,500.0,24.8,24.8,False
A29,2020-07-15 17:00:00,-109.14,0.0,109.14,500.0,21.8,21.8,False
A29,2020-07-15 18:00:00,-123.91,0.0,123.91,500.0,24.8,24.8,False
A29,2020-07-15 19:00:00,-107.35,0.0,107.35,500.0,21.5,21.5,False
A29,2020-07-15 20:00:00,-94.61,0.0,94.61,500.0,18.9,18.9,False
A29,2020-07-15 21:00:00,-138.23,0.0,138.23,500.0,27.6,27.6,False
A29,2020-07-15 22:00:00,-1.58,0.0,1.58,500.0,0.3,0.3,False
A29,2020-07-15 23:00:00,5.0,0.0,5.0,500.0,1.0,1.0,False
A29,2020-07-16 00:00:00,-62.03,0.0,62.03,500.0,12.4,12.4,False
A29,2020-07-16 02:00:00,-66.37,0.0,66.37,500.0,13.3,13.3,False
A29,2020-07-16 04:00:00,-65.85,0.0,65.85,500.0,13.2,13.2,False
A29,2020-07-16 06:00:00,5.24,0.0,5.24,500.0,1.0,1.0,False
A29,2020-07-16 08:00:00,49.96,0.0,49.96,500.0,10.0,10.0,False
A29,2020-07-16 10:00:00,-135.19,0.0,135.19,500.0,27.0,27.0,False
A29,2020-07-16 12:00:00,-139.55,0.0,139.55,500.0,27.9,27.9,False
A29,2020-07-16 14:00:00,-140.2,0.0,140.2,500.0,28.0,28.0,False
A29,2020-07-16 16:00:00,-144.41,0.0,144.41,500.0,28.9,28.9,False
A29,2020-07-16 18:00:00,-158.76,0.0,158.76,500.0,31.8,31.8,False
A29,2020-07-16 20:00:00,-172.9,0.0,172.9,500.0,34.6,34.6,False
A29,2020-07-16 22:00:00,-197.42,0.0,197.42,500.0,39.5,39.5,False
A30,2020-07-15 00:00:00,-220.74,0.0,220.74,500.0,44.1,44.1,False
A30,2020-07-15 01:00:00,-208.12,0.0,208.12,500.0,41.6,41.6,False
A30,2020-07-15 02:00:00,-194.03,0.0,194.03,500.0,38.8,38.8,False
A30,2020-07-15 03:00:00,-184.02,0.0,184.02,500.0,36.8,36.8,False
A30,2020-07-15 04:00:00,-170.78,0.0,170.78,500.0,34.2,34.2,False
A30,2020-07-15 05:00:00,-166.92,0.0,166.92,500.0,33.4,33.4,False
A30,2020-07-15 06:00:00,-170.58,0.0,170.58,500.0,34.1,34.1,False
A30,2020-07-15 07:00:00,-160.22,0.0,160.22,500.0,32.0,32.0,False
A30,2020-07-15 08:00:00,-136.36,0.0,136.36,500.0,27.3,27.3,False
A30,2020-07-15 09:00:00,-100.61,0.0,100.61,500.0,20.1,20.1,False
A30,2020-07-15 10:00:00,-90.67,0.0,90.67,500.0,18.1,18.1,False
A30,2020-07-15 11:00:00,-98.41,0.0,98.41,500.0,19.7,19.7,False
A30,2020-07-15 12:00:00,-111.7,0.0,111.7,500.0,22.3,22.3,False
A30,2020-07-15 13:00:00,-121.77,0.0,121.77,500.0,24.4,24.4,False
A30,2020-07-15 14:00:00,-129.82,0.0,129.82,500.0,26.0,26.0,False
A30,2020-07-15 15:00:00,-148.65,0.0,148.65,500.0,29.7,29.7,False
A30,2020-07-15 16:00:00,-162.85,0.0,162.85,500.0,32.6,32.6,False
A30,2020-07-15 17:00:00,-164.75,0.0,164.75,500.0,32.9,32.9,False
A30,2020-07-15 18:00:00,-165.49,0.0,165.49,500.0,33.1,33.1,False
A30,2020-07-15 19:00:00,-158.89,0.0,158.89,500.0,31.8,31.8,False
A30,2020-07-15 20:00:00,-166.38,0.0,166.38,500.0,33.3,33.3,False
A30,2020-07-15 21:00:00,-179.97,0.0,179.97,500.0,36.0,36.0,False
A30,2020-07-15 22:00:00,-168.02,0.0,168.02,500.0,33.6,33.6,False
A30,2020-07-15 23:00:00,-208.59,0.0,208.59,500.0,41.7,41.7,False
A30,2020-07-16 00:00:00,-210.08,0.0,210.08,500.0,42.0,42.0,False
A30,2020-07-16 02:00:00,-197.8,0.0,197.8,500.0,39.6,39.6,False
A30,2020-07-16 04:00:00,-183.48,0.0,183.48,500.0,36.7,36.7,False
A30,2020-07-16 06:00:00,-146.88,0.0,146.88,500.0,29.4,29.4,False
A30,2020-07-16 08:00:00,-92.99,0.0,92.99,500.0,18.6,18.6,False
A30,2020-07-16 10:00:00,-79.38,0.0,79.38,500.0,15.9,15.9,False
A30,2020-07-16 12:00:00,-96.14,0.0,96.14,500.0,19.2,19.2,False
A30,2020-07-16 14:00:00,-123.67,0.0,123.67,500.0,24.7,24.7,False
A30,2020-07-16 16:00:00,-118.52,0.0,118.52,500.0,23.7,23.7,False
A30,2020-07-16 18:00:00,-99.89,0.0,99.89,500.0,20.0,20.0,False
A30,2020-07-16 20:00:00,-91.7,0.0,91.7,500.0,18.3,18.3,False
A30,2020-07-16 22:00:00,-100.68,0.0,100.68,500.0,20.1,20.1,False
A31-1,2020-07-15 00:00:00,-103.71,0.0,103.71,500.0,20.7,20.7,False
A31-1,2020-07-15 01:00:00,-102.74,0.0,102.74,500.0,20.5,20.5,False
A31-1,2020-07-15 02:00:00,-97.8,0.0,97.8,500.0,19.6,19.6,False
A31-1,2020-07-15 03:00:00,-96.36,0.0,96.36,500.0,19.3,19.3,False
A31-1,2020-07-15 04:00:00,-84.88,0.0,84.88,500.0,17.0,17.0,False
A31-1,2020-07-15 05:00:00,-94.18,0.0,94.18,500.0,18.8,18.8,False
A31-1,2020-07-15 06:00:00,-122.06,0.0,122.06,500.0,24.4,24.4,False
A31-1,2020-07-15 07:00:00,-119.65,0.0,119.65,500.0,23.9,23.9,False
A31-1,2020-07-15 08:00:00,-119.19,0.0,119.19,500.0,23.8,23.8,False
A31-1,2020-07-15 09:00:00,-51.07,0.0,51.07,500.0,10.2,10.2,False
A31-1,2020-07-15 10:00:00,-14.22,0.0,14.22,500.0,2.8,2.8,False
A31-1,2020-07-15 11:00:00,-25.05,0.0,25.05,500.0,5.0,5.0,False
A31-1,2020-07-15 12:00:00,-42.91,0.0,42.91,500.0,8.6,8.6,False
A31-1,2020-07-15 13:00:00,-48.62,0.0,48.62,500.0,9.7,9.7,False
A31-1,2020-07-15 14:00:00,-32.9,0.0,32.9,500.0,6.6,6.6,False
A31-1,2020-07-15 15:00:00,-39.73,0.0,39.73,500.0,7.9,7.9,False
A31-1,2020-07-15 16:00:00,-38.8,0.0,38.8,500.0,7.8,7.8,False
A31-1,2020-07-15 17:00:00,-28.54,0.0,28.54,500.0,5.7,5.7,False
A31-1,2020-07-15 18:00:00,-29.72,0.0,29.72,500.0,5.9,5.9,False
A31-1,2020-07-15 19:00:00,-46.02,0.0,46.02,500.0,9.2,9.2,False
A31-1,2020-07-15 20:00:00,-50.17,0.0,50.17,500.0,10.0,10.0,False
A31-1,2020-07-15 21:00:00,-64.42,0.0,64.42,500.0,12.9,12.9,False
A31-1,2020-07-15 22:00:00,-112.94,0.0,112.94,500.0,22.6,22.6,False
A31-1,2020-07-15 23:00:00,-101.12,0.0,101.12,500.0,20.2,20.2,False
A31-1,2020-07-16 00:00:00,-127.51,0.0,127.51,500.0,25.5,25.5,False
A31-1,2020-07-16 02:00:00,-124.41,0.0,124.41,500.0,24.9,24.9,False
A31-1,2020-07-16 04:00:00,-127.72,0.0,127.72,500.0,25.5,25.5,False
A31-1,2020-07-16 06:00:00,-107.86,0.0,107.86,500.0,21.6,21.6,False
A31-1,2020-07-16 08:00:00,-102.27,0.0,102.27,500.0,20.5,20.5,False
A31-1,2020-07-16 10:00:00,-34.12,0.0,34.12,500.0,6.8,6.8,False
A31-1,2020-07-16 12:00:00,-49.0,0.0,49.0,500.0,9.8,9.8,False
A31-1,2020-07-16 14:00:00,-55.54,0.0,55.54,500.0,11.1,11.1,False
A31-1,2020-07-16 16:00:00,-53.35,0.0,53.35,500.0,10.7,10.7,False
A31-1,2020-07-16 18:00:00,-49.62,0.0,49.62,500.0,9.9,9.9,False
A31-1,2020-07-16 20:00:00,-42.19,0.0,42.19,500.0,8.4,8.4,False
A31-1,2020-07-16 22:00:00,-33.11,0.0,33.11,500.0,6.6,6.6,False
A31-2,2020-07-15 00:00:00,-103.71,0.0,103.71,500.0,20.7,20.7,False
A31-2,2020-07-15 01:00:00,-102.74,0.0,102.74,500.0,20.5,20.5,False
A31-2,2020-07-15 02:00:00,-97.8,0.0,97.8,500.0,19.6,19.6,False
A31-2,2020-07-15 03:00:00,-96.36,0.0,96.36,500.0,19.3,19.3,False
A31-2,2020-07-15 04:00:00,-84.88,0.0,84.88,500.0,17.0,17.0,False
A31-2,2020-07-15 05:00:00,-94.18,0.0,94.18,500.0,18.8,18.8,False
A31-2,2020-07-15 06:00:00,-122.06,0.0,122.06,500.0,24.4,24.4,False
A31-2,2020-07-15 07:00:00,-119.65,0.0,119.65,500.0,23.9,23.9,False
A31-2,2020-07-15 08:00:00,-119.19,0.0,119.19,500.0,23.8,23.8,False
A31-2,2020-07-15 09:00:00,-51.07,0.0,51.07,500.0,10.2,10.2,False
A31-2,2020-07-15 10:00:00,-14.22,0.0,14.22,500.0,2.8,2.8,False
A31-2,2020-07-15 11:00:00,-25.05,0.0,25.05,500.0,5.0,5.0,False
A31-2,2020-07-15 12:00:00,-42.91,0.0,42.91,500.0,8.6,8.6,False
A31-2,2020-07-15 13:00:00,-48.62,0.0,48.62,500.0,9.7,9.7,False
A31-2,2020-07-15 14:00:00,-32.9,0.0,32.9,500.0,6.6,6.6,False
A31-2,2020-07-15 15:00:00,-39.73,0.0,39.73,500.0,7.9,7.9,False
A31-2,2020-07-15 16:00:00,-38.8,0.0,38.8,500.0,7.8,7.8,False
A31-2,2020-07-15 17:00:00,-28.54,0.0,28.54,500.0,5.7,5.7,False
A31-2,2020-07-15 18:00:00,-29.72,0.0,29.72,500.0,5.9,5.9,False
A31-2,2020-07-15 19:00:00,-46.02,0.0,46.02,500.0,9.2,9.2,False
A31-2,2020-07-15 20:00:00,-50.17,0.0,50.17,500.0,10.0,10.0,False
A31-2,2020-07-15 21:00:00,-64.42,0.0,64.42,500.0,12.9,12.9,False
A31-2,2020-07-15 22:00:00,-112.94,0.0,112.94,500.0,22.6,22.6,False
A31-2,2020-07-15 23:00:00,-101.12,0.0,101.12,500.0,20.2,20.2,False
A31-2,2020-07-16 00:00:00,-127.51,0.0,127.51,500.0,25.5,25.5,False
A31-2,2020-07-16 02:00:00,-124.41,0.0,124.41,500.0,24.9,24.9,False
A31-2,2020-07-16 04:00:00,-127.72,0.0,127.72,500.0,25.5,25.5,False
A31-2,2020-07-16 06:00:00,-107.86,0.0,107.86,500.0,21.6,21.6,False
A31-2,2020-07-16 08:00:00,-102.27,0.0,102.27,500.0,20.5,20.5,False
A31-2,2020-07-16 10:00:00,-34.12,0.0,34.12,500.0,6.8,6.8,False
A31-2,2020-07-16 12:00:00,-49.0,0.0,49.0,500.0,9.8,9.8,False
A31-2,2020-07-16 14:00:00,-55.54,0.0,55.54,500.0,11.1,11.1,False
A31-2,2020-07-16 16:00:00,-53.35,0.0,53.35,500.0,10.7,10.7,False
A31-2,2020-07-16 18:00:00,-49.62,0.0,49.62,500.0,9.9,9.9,False
A31-2,2020-07-16 20:00:00,-42.19,0.0,42.19,500.0,8.4,8.4,False
A31-2,2020-07-16 22:00:00,-33.11,0.0,33.11,500.0,6.6,6.6,False
A32-1,2020-07-15 00:00:00,52.66,0.0,52.66,500.0,10.5,10.5,False
A32-1,2020-07-15 01:00:00,64.45,0.0,64.45,500.0,12.9,12.9,False
A32-1,2020-07-15 02:00:00,59.21,0.0,59.21,500.0,11.8,11.8,False
A32-1,2020-07-15 03:00:00,51.72,0.0,51.72,500.0,10.3,10.3,False
A32-1,2020-07-15 04:00:00,22.4,0.0,22.4,500.0,4.5,4.5,False
A32-1,2020-07-15 05:00:00,10.59,0.0,10.59,500.0,2.1,2.1,False
A32-1,2020-07-15 06:00:00,40.76,0.0,40.76,500.0,8.2,8.2,False
A32-1,2020-07-15 07:00:00,0.13,0.0,0.13,500.0,0.0,0.0,False
A32-1,2020-07-15 08:00:00,-16.99,0.0,16.99,500.0,3.4,3.4,False
A32-1,2020-07-15 09:00:00,-19.67,0.0,19.67,500.0,3.9,3.9,False
A32-1,2020-07-15 10:00:00,-36.44,0.0,36.44,500.0,7.3,7.3,False
A32-1,2020-07-15 11:00:00,-39.55,0.0,39.55,500.0,7.9,7.9,False
A32-1,2020-07-15 12:00:00,-26.62,0.0,26.62,500.0,5.3,5.3,False
A32-1,2020-07-15 13:00:00,-32.02,0.0,32.02,500.0,6.4,6.4,False
A32-1,2020-07-15 14:00:00,-47.06,0.0,47.06,500.0,9.4,9.4,False
A32-1,2020-07-15 15:00:00,-33.74,0.0,33.74,500.0,6.7,6.7,False
A32-1,2020-07-15 16:00:00,-26.11,0.0,26.11,500.0,5.2,5.2,False
A32-1,2020-07-15 17:00:00,-15.36,0.0,15.36,500.0,3.1,3.1,False
A32-1,2020-07-15 18:00:00,5.94,0.0,5.94,500.0,1.2,1.2,False
A32-1,2020-07-15 19:00:00,5.71,0.0,5.71,500.0,1.1,1.1,False
A32-1,2020-07-15 20:00:00,6.67,0.0,6.67,500.0,1.3,1.3,False
A32-1,2020-07-15 21:00:00,48.62,0.0,48.62,500.0,9.7,9.7,False
A32-1,2020-07-15 22:00:00,-1.96,0.0,1.96,500.0,0.4,0.4,False
A32-1,2020-07-15 23:00:00,20.19,0.0,20.19,500.0,4.0,4.0,False
A32-1,2020-07-16 00:00:00,62.65,0.0,62.65,500.0,12.5,12.5,False
A32-1,2020-07-16 02:00:00,59.64,0.0,59.64,500.0,11.9,11.9,False
A32-1,2020-07-16 04:00:00,56.92,0.0,56.92,500.0,11.4,11.4,False
A32-1,2020-07-16 06:00:00,-2.19,0.0,2.19,500.0,0.4,0.4,False
A32-1,2020-07-16 08:00:00,-80.71,0.0,80.71,500.0,16.1,16.1,False
A32-1,2020-07-16 10:00:00,-20.01,0.0,20.01,500.0,4.0,4.0,False
A32-1,2020-07-16 12:00:00,-27.91,0.0,27.91,500.0,5.6,5.6,False
A32-1,2020-07-16 14:00:00,-29.98,0.0,29.98,500.0,6.0,6.0,False
A32-1,2020-07-16 16:00:00,-20.59,0.0,20.59,500.0,4.1,4.1,False
A32-1,2020-07-16 18:00:00,1.23,0.0,1.23,500.0,0.2,0.2,False
A32-1,2020-07-16 20:00:00,31.97,0.0,31.97,500.0,6.4,6.4,False
A32-1,2020-07-16 22:00:00,66.0,0.0,66.0,500.0,13.2,13.2,False
A32-2,2020-07-15 00:00:00,52.66,0.0,52.66,500.0,10.5,10.5,False
A32-2,2020-07-15 01:00:00,64.45,0.0,64.45,500.0,12.9,12.9,False
A32-2,2020-07-15 02:00:00,59.21,0.0,59.21,500.0,11.8,11.8,False
A32-2,2020-07-15 03:00:00,51.72,0.0,51.72,500.0,10.3,10.3,False
A32-2,2020-07-15 04:00:00,22.4,0.0,22.4,500.0,4.5,4.5,False
A32-2,2020-07-15 05:00:00,10.59,0.0,10.59,500.0,2.1,2.1,False
A32-2,2020-07-15 06:00:00,40.76,0.0,40.76,500.0,8.2,8.2,False
A32-2,2020-07-15 07:00:00,0.13,0.0,0.13,500.0,0.0,0.0,False
A32-2,2020-07-15 08:00:00,-16.99,0.0,16.99,500.0,3.4,3.4,False
A32-2,2020-07-15 09:00:00,-19.67,0.0,19.67,500.0,3.9,3.9,False
A32-2,2020-07-15 10:00:00,-36.44,0.0,36.44,500.0,7.3,7.3,False
A32-2,2020-07-15 11:00:00,-39.55,0.0,39.55,500.0,7.9,7.9,False
A32-2,2020-07-15 12:00:00,-26.62,0.0,26.62,500.0,5.3,5.3,False
A32-2,2020-07-15 13:00:00,-32.02,0.0,32.02,500.0,6.4,6.4,False
A32-2,2020-07-15 14:00:00,-47.06,0.0,47.06,500.0,9.4,9.4,False
A32-2,2020-07-15 15:00:00,-33.74,0.0,33.74,500.0,6.7,6.7,False
A32-2,2020-07-15 16:00:00,-26.11,0.0,26.11,500.0,5.2,5.2,False
A32-2,2020-07-15 17:00:00,-15.36,0.0,15.36,500.0,3.1,3.1,False
A32-2,2020-07-15 18:00:00,5.94,0.0,5.94,500.0,1.2,1.2,False
A32-2,2020-07-15 19:00:00,5.71,0.0,5.71,500.0,1.1,1.1,False
A32-2,2020-07-15 20:00:00,6.67,0.0,6.67,500.0,1.3,1.3,False
A32-2,2020-07-15 21:00:00,48.62,0.0,48.62,500.0,9.7,9.7,False
A32-2,2020-07-15 22:00:00,-1.96,0.0,1.96,500.0,0.4,0.4,False
A32-2,2020-07-15 23:00:00,20.19,0.0,20.19,500.0,4.0,4.0,False
A32-2,2020-07-16 00:00:00,62.65,0.0,62.65,500.0,12.5,12.5,False
A32-2,2020-07-16 02:00:00,59.64,0.0,59.64,500.0,11.9,11.9,False
A32-2,2020-07-16 04:00:00,56.92,0.0,56.92,500.0,11.4,11.4,False
A32-2,2020-07-16 06:00:00,-2.19,0.0,2.19,500.0,0.4,0.4,False
A32-2,2020-07-16 08:00:00,-80.71,0.0,80.71,500.0,16.1,16.1,False
A32-2,2020-07-16 10:00:00,-20.01,0.0,20.01,500.0,4.0,4.0,False
A32-2,2020-07-16 12:00:00,-27.91,0.0,27.91,500.0,5.6,5.6,False
A32-2,2020-07-16 14:00:00,-29.98,0.0,29.98,500.0,6.0,6.0,False
A32-2,2020-07-16 16:00:00,-20.59,0.0,20.59,500.0,4.1,4.1,False
A32-2,2020-07-16 18:00:00,1.23,0.0,1.23,500.0,0.2,0.2,False
A32-2,2020-07-16 20:00:00,31.97,0.0,31.97,500.0,6.4,6.4,False
A32-2,2020-07-16 22:00:00,66.0,0.0,66.0,500.0,13.2,13.2,False
A33-1,2020-07-15 00:00:00,15.1,0.0,15.1,500.0,3.0,3.0,False
A33-1,2020-07-15 01:00:00,28.71,0.0,28.71,500.0,5.7,5.7,False
A33-1,2020-07-15 02:00:00,24.21,0.0,24.21,500.0,4.8,4.8,False
A33-1,2020-07-15 03:00:00,16.71,0.0,16.71,500.0,3.3,3.3,False
A33-1,2020-07-15 04:00:00,-13.17,0.0,13.17,500.0,2.6,2.6,False
A33-1,2020-07-15 05:00:00,-27.01,0.0,27.01,500.0,5.4,5.4,False
A33-1,2020-07-15 06:00:00,2.67,0.0,2.67,500.0,0.5,0.5,False
A33-1,2020-07-15 07:00:00,-40.39,0.0,40.39,500.0,8.1,8.1,False
A33-1,2020-07-15 08:00:00,-62.55,0.0,62.55,500.0,12.5,12.5,False
A33-1,2020-07-15 09:00:00,-68.81,0.0,68.81,500.0,13.8,13.8,False
A33-1,2020-07-15 10:00:00,-88.45,0.0,88.45,500.0,17.7,17.7,False
A33-1,2020-07-15 11:00:00,-94.28,0.0,94.28,500.0,18.9,18.9,False
A33-1,2020-07-15 12:00:00,-84.38,0.0,84.38,500.0,16.9,16.9,False
A33-1,2020-07-15 13:00:00,-91.51,0.0,91.51,500.0,18.3,18.3,False
A33-1,2020-07-15 14:00:00,-107.83,0.0,107.83,500.0,21.6,21.6,False
A33-1,2020-07-15 15:00:00,-94.55,0.0,94.55,500.0,18.9,18.9,False
A33-1,2020-07-15 16:00:00,-86.2,0.0,86.2,500.0,17.2,17.2,False
A33-1,2020-07-15 17:00:00,-75.39,0.0,75.39,500.0,15.1,15.1,False
A33-1,2020-07-15 18:00:00,-51.73,0.0,51.73,500.0,10.3,10.3,False
A33-1,2020-07-15 19:00:00,-50.35,0.0,50.35,500.0,10.1,10.1,False
A33-1,2020-07-15 20:00:00,-46.77,0.0,46.77,500.0,9.4,9.4,False
A33-1,2020-07-15 21:00:00,2.68,0.0,2.68,500.0,0.5,0.5,False
A33-1,2020-07-15 22:00:00,-46.96,0.0,46.96,500.0,9.4,9.4,False
A33-1,2020-07-15 23:00:00,-21.35,0.0,21.35,500.0,4.3,4.3,False
A33-1,2020-07-16 00:00:00,23.74,0.0,23.74,500.0,4.7,4.7,False
A33-1,2020-07-16 02:00:00,23.0,0.0,23.0,500.0,4.6,4.6,False
A33-1,2020-07-16 04:00:00,18.63,0.0,18.63,500.0,3.7,3.7,False
A33-1,2020-07-16 06:00:00,-46.48,0.0,46.48,500.0,9.3,9.3,False
A33-1,2020-07-16 08:00:00,-131.57,0.0,131.57,500.0,26.3,26.3,False
A33-1,2020-07-16 10:00:00,-77.24,0.0,77.24,500.0,15.4,15.4,False
A33-1,2020-07-16 12:00:00,-89.97,0.0,89.97,500.0,18.0,18.0,False
A33-1,2020-07-16 14:00:00,-94.39,0.0,94.39,500.0,18.9,18.9,False
A33-1,2020-07-16 16:00:00,-83.37,0.0,83.37,500.0,16.7,16.7,False
A33-1,2020-07-16 18:00:00,-57.38,0.0,57.38,500.0,11.5,11.5,False
A33-1,2020-07-16 20:00:00,-21.08,0.0,21.08,500.0,4.2,4.2,False
A33-1,2020-07-16 22:00:00,21.43,0.0,21.43,500.0,4.3,4.3,False
A33-2,2020-07-15 00:00:00,15.1,0.0,15.1,500.0,3.0,3.0,False
A33-2,2020-07-15 01:00:00,28.71,0.0,28.71,500.0,5.7,5.7,False
A33-2,2020-07-15 02:00:00,24.21,0.0,24.21,500.0,4.8,4.8,False
A33-2,2020-07-15 03:00:00,16.71,0.0,16.71,500.0,3.3,3.3,False
A33-2,2020-07-15 04:00:00,-13.17,0.0,13.17,500.0,2.6,2.6,False
A33-2,2020-07-15 05:00:00,-27.01,0.0,27.01,500.0,5.4,5.4,False
A33-2,2020-07-15 06:00:00,2.67,0.0,2.67,500.0,0.5,0.5,False
A33-2,2020-07-15 07:00:00,-40.39,0.0,40.39,500.0,8.1,8.1,False
A33-2,2020-07-15 08:00:00,-62.55,0.0,62.55,500.0,12.5,12.5,False
A33-2,2020-07-15 09:00:00,-68.81,0.0,68.81,500.0,13.8,13.8,False
A33-2,2020-07-15 10:00:00,-88.45,0.0,88.45,500.0,17.7,17.7,False
A33-2,2020-07-15 11:00:00,-94.28,0.0,94.28,500.0,18.9,18.9,False
A33-2,2020-07-15 12:00:00,-84.38,0.0,84.38,500.0,16.9,16.9,False
A33-2,2020-07-15 13:00:00,-91.51,0.0,91.51,500.0,18.3,18.3,False
A33-2,2020-07-15 14:00:00,-107.83,0.0,107.83,500.0,21.6,21.6,False
A33-2,2020-07-15 15:00:00,-94.55,0.0,94.55,500.0,18.9,18.9,False
A33-2,2020-07-15 16:00:00,-86.2,0.0,86.2,500.0,17.2,17.2,False
A33-2,2020-07-15 17:00:00,-75.39,0.0,75.39,500.0,15.1,15.1,False
A33-2,2020-07-15 18:00:00,-51.73,0.0,51.73,500.0,10.3,10.3,False
A33-2,2020-07-15 19:00:00,-50.35,0.0,50.35,500.0,10.1,10.1,False
A33-2,2020-07-15 20:00:00,-46.77,0.0,46.77,500.0,9.4,9.4,False
A33-2,2020-07-15 21:00:00,2.68,0.0,2.68,500.0,0.5,0.5,False
A33-2,2020-07-15 22:00:00,-46.96,0.0,46.96,500.0,9.4,9.4,False
A33-2,2020-07-15 23:00:00,-21.35,0.0,21.35,500.0,4.3,4.3,False
A33-2,2020-07-16 00:00:00,23.74,0.0,23.74,500.0,4.7,4.7,False
A33-2,2020-07-16 02:00:00,23.0,0.0,23.0,500.0,4.6,4.6,False
A33-2,2020-07-16 04:00:00,18.63,0.0,18.63,500.0,3.7,3.7,False
A33-2,2020-07-16 06:00:00,-46.48,0.0,46.48,500.0,9.3,9.3,False
A33-2,2020-07-16 08:00:00,-131.57,0.0,131.57,500.0,26.3,26.3,False
A33-2,2020-07-16 10:00:00,-77.24,0.0,77.24,500.0,15.4,15.4,False
A33-2,2020-07-16 12:00:00,-89.97,0.0,89.97,500.0,18.0,18.0,False
A33-2,2020-07-16 14:00:00,-94.39,0.0,94.39,500.0,18.9,18.9,False
A33-2,2020-07-16 16:00:00,-83.37,0.0,83.37,500.0,16.7,16.7,False
A33-2,2020-07-16 18:00:00,-57.38,0.0,57.38,500.0,11.5,11.5,False
A33-2,2020-07-16 20:00:00,-21.08,0.0,21.08,500.0,4.2,4.2,False
A33-2,2020-07-16 22:00:00,21.43,0.0,21.43,500.0,4.3,4.3,False
A34,2020-07-15 00:00:00,-296.81,0.0,296.81,500.0,59.4,59.4,False
A34,2020-07-15 01:00:00,-276.12,0.0,276.12,500.0,55.2,55.2,False
A34,2020-07-15 02:00:00,-257.46,0.0,257.46,500.0,51.5,51.5,False
A34,2020-07-15 03:00:00,-243.17,0.0,243.17,500.0,48.6,48.6,False
A34,2020-07-15 04:00:00,-232.43,0.0,232.43,500.0,46.5,46.5,False
A34,2020-07-15 05:00:00,-221.39,0.0,221.39,500.0,44.3,44.3,False
A34,2020-07-15 06:00:00,-206.73,0.0,206.73,500.0,41.3,41.3,False
A34,2020-07-15 07:00:00,-196.37,0.0,196.37,500.0,39.3,39.3,False
A34,2020-07-15 08:00:00,-163.78,0.0,163.78,500.0,32.8,32.8,False
A34,2020-07-15 09:00:00,-118.02,0.0,118.02,500.0,23.6,23.6,False
A34,2020-07-15 10:00:00,-113.82,0.0,113.82,500.0,22.8,22.8,False
A34,2020-07-15 11:00:00,-119.87,0.0,119.87,500.0,24.0,24.0,False
A34,2020-07-15 12:00:00,-129.23,0.0,129.23,500.0,25.8,25.8,False
A34,2020-07-15 13:00:00,-142.19,0.0,142.19,500.0,28.4,28.4,False
A34,2020-07-15 14:00:00,-165.11,0.0,165.11,500.0,33.0,33.0,False
A34,2020-07-15 15:00:00,-189.22,0.0,189.22,500.0,37.8,37.8,False
A34,2020-07-15 16:00:00,-211.11,0.0,211.11,500.0,42.2,42.2,False
A34,2020-07-15 17:00:00,-221.01,0.0,221.01,500.0,44.2,44.2,False
A34,2020-07-15 18:00:00,-218.67,0.0,218.67,500.0,43.7,43.7,False
A34,2020-07-15 19:00:00,-205.65,0.0,205.65,500.0,41.1,41.1,False
A34,2020-07-15 20:00:00,-218.25,0.0,218.25,500.0,43.6,43.6,False
A34,2020-07-15 21:00:00,-224.8,0.0,224.8,500.0,45.0,45.0,False
A34,2020-07-15 22:00:00,-215.93,0.0,215.93,500.0,43.2,43.2,False
A34,2020-07-15 23:00:00,-284.46,0.0,284.46,500.0,56.9,56.9,False
A34,2020-07-16 00:00:00,-262.86,0.0,262.86,500.0,52.6,52.6,False
A34,2020-07-16 02:00:00,-244.19,0.0,244.19,500.0,48.8,48.8,False
A34,2020-07-16 04:00:00,-220.92,0.0,220.92,500.0,44.2,44.2,False
A34,2020-07-16 06:00:00,-186.64,0.0,186.64,500.0,37.3,37.3,False
A34,2020-07-16 08:00:00,-114.77,0.0,114.77,500.0,23.0,23.0,False
A34,2020-07-16 10:00:00,-81.69,0.0,81.69,500.0,16.3,16.3,False
A34,2020-07-16 12:00:00,-101.0,0.0,101.0,500.0,20.2,20.2,False
A34,2020-07-16 14:00:00,-140.85,0.0,140.85,500.0,28.2,28.2,False
A34,2020-07-16 16:00:00,-132.87,0.0,132.87,500.0,26.6,26.6,False
A34,2020-07-16 18:00:00,-102.59,0.0,102.59,500.0,20.5,20.5,False
A34,2020-07-16 20:00:00,-89.87,0.0,89.87,500.0,18.0,18.0,False
A34,2020-07-16 22:00:00,-102.16,0.0,102.16,500.0,20.4,20.4,False
AB3,2020-07-15 00:00:00,145.88,0.0,145.88,500.0,29.2,29.2,False
AB3,2020-07-15 01:00:00,120.42,0.0,120.42,500.0,24.1,24.1,False
AB3,2020-07-15 02:00:00,124.69,0.0,124.69,500.0,24.9,24.9,False
AB3,2020-07-15 03:00:00,111.44,0.0,111.44,500.0,22.3,22.3,False
AB3,2020-07-15 04:00:00,121.91,0.0,121.91,500.0,24.4,24.4,False
AB3,2020-07-15 05:00:00,83.82,0.0,83.82,500.0,16.8,16.8,False
AB3,2020-07-15 06:00:00,103.57,0.0,103.57,500.0,20.7,20.7,False
AB3,2020-07-15 07:00:00,92.24,0.0,92.24,500.0,18.4,18.4,False
AB3,2020-07-15 08:00:00,105.45,0.0,105.45,500.0,21.1,21.1,False
AB3,2020-07-15 09:00:00,56.38,0.0,56.38,500.0,11.3,11.3,False
AB3,2020-07-15 10:00:00,2.68,0.0,2.68,500.0,0.5,0.5,False
AB3,2020-07-15 11:00:00,-27.5,0.0,27.5,500.0,5.5,5.5,False
AB3,2020-07-15 12:00:00,-19.83,0.0,19.83,500.0,4.0,4.0,False
AB3,2020-07-15 13:00:00,-15.23,0.0,15.23,500.0,3.0,3.0,False
AB3,2020-07-15 14:00:00,54.68,0.0,54.68,500.0,10.9,10.9,False
AB3,2020-07-15 15:00:00,70.02,0.0,70.02,500.0,14.0,14.0,False
AB3,2020-07-15 16:00:00,77.71,0.0,77.71,500.0,15.5,15.5,False
AB3,2020-07-15 17:00:00,149.16,0.0,149.16,500.0,29.8,29.8,False
AB3,2020-07-15 18:00:00,177.75,0.0,177.75,500.0,35.5,35.5,False
AB3,2020-07-15 19:00:00,120.34,0.0,120.34,500.0,24.1,24.1,False
AB3,2020-07-15 20:00:00,68.65,0.0,68.65,500.0,13.7,13.7,False
AB3,2020-07-15 21:00:00,147.35,0.0,147.35,500.0,29.5,29.5,False
AB3,2020-07-15 22:00:00,72.52,0.0,72.52,500.0,14.5,14.5,False
AB3,2020-07-15 23:00:00,112.81,0.0,112.81,500.0,22.6,22.6,False
AB3,2020-07-16 00:00:00,100.08,0.0,100.08,500.0,20.0,20.0,False
AB3,2020-07-16 02:00:00,87.46,0.0,87.46,500.0,17.5,17.5,False
AB3,2020-07-16 04:00:00,101.57,0.0,101.57,500.0,20.3,20.3,False
AB3,2020-07-16 06:00:00,126.64,0.0,126.64,500.0,25.3,25.3,False
AB3,2020-07-16 08:00:00,2.93,0.0,2.93,500.0,0.6,0.6,False
AB3,2020-07-16 10:00:00,51.78,0.0,51.78,500.0,10.4,10.4,False
AB3,2020-07-16 12:00:00,6.35,0.0,6.35,500.0,1.3,1.3,False
AB3,2020-07-16 14:00:00,54.46,0.0,54.46,500.0,10.9,10.9,False
AB3,2020-07-16 16:00:00,52.95,0.0,52.95,500.0,10.6,10.6,False
AB3,2020-07-16 18:00:00,120.65,0.0,120.65,500.0,24.1,24.1,False
AB3,2020-07-16 20:00:00,183.92,0.0,183.92,500.0,36.8,36.8,False
AB3,2020-07-16 22:00:00,232.68,0.0,232.68,500.0,46.5,46.5,False
B1,2020-07-15 00:00:00,1.03,0.0,1.03,175.0,0.6,0.6,False
B1,2020-07-15 01:00:00,0.18,0.0,0.18,175.0,0.1,0.1,False
B1,2020-07-15 02:00:00,0.66,0.0,0.66,175.0,0.4,0.4,False
B1,2020-07-15 03:00:00,-0.35,0.0,0.35,175.0,0.2,0.2,False
B1,2020-07-15 04:00:00,-0.93,0.0,0.93,175.0,0.5,0.5,False
B1,2020-07-15 05:00:00,-11.99,0.0,11.99,175.0,6.9,6.9,False
B1,2020-07-15 06:00:00,-19.96,0.0,19.96,175.0,11.4,11.4,False
B1,2020-07-15 07:00:00,-15.32,0.0,15.32,175.0,8.8,8.8,False
B1,2020-07-15 08:00:00,-23.12,0.0,23.12,175.0,13.2,13.2,False
B1,2020-07-15 09:00:00,-40.02,0.0,40.02,175.0,22.9,22.9,False
B1,2020-07-15 10:00:00,-24.28,0.0,24.28,175.0,13.9,13.9,False
B1,2020-07-15 11:00:00,-23.85,0.0,23.85,175.0,13.6,13.6,False
B1,2020-07-15 12:00:00,-23.59,0.0,23.59,175.0,13.5,13.5,False
B1,2020-07-15 13:00:00,-23.6,0.0,23.6,175.0,13.5,13.5,False
B1,2020-07-15 14:00:00,-24.42,0.0,24.42,175.0,14.0,14.0,False
B1,2020-07-15 15:00:00,-27.13,0.0,27.13,175.0,15.5,15.5,False
B1,2020-07-15 16:00:00,-35.07,0.0,35.07,175.0,20.0,20.0,False
B1,2020-07-15 17:00:00,-18.11,0.0,18.11,175.0,10.3,10.3,False
B1,2020-07-15 18:00:00,-22.66,0.0,22.66,175.0,13.0,13.0,False
B1,2020-07-15 19:00:00,-25.64,0.0,25.64,175.0,14.6,14.6,False
B1,2020-07-15 20:00:00,-27.86,0.0,27.86,175.0,15.9,15.9,False
B1,2020-07-15 21:00:00,-14.92,0.0,14.92,175.0,8.5,8.5,False
B1,2020-07-15 22:00:00,-26.26,0.0,26.26,175.0,15.0,15.0,False
B1,2020-07-15 23:00:00,-9.72,0.0,9.72,175.0,5.6,5.6,False
B1,2020-07-16 00:00:00,-2.77,0.0,2.77,175.0,1.6,1.6,False
B1,2020-07-16 02:00:00,-4.64,0.0,4.64,175.0,2.7,2.7,False
B1,2020-07-16 04:00:00,-2.95,0.0,2.95,175.0,1.7,1.7,False
B1,2020-07-16 06:00:00,-1.94,0.0,1.94,175.0,1.1,1.1,False
B1,2020-07-16 08:00:00,-19.37,0.0,19.37,175.0,11.1,11.1,False
B1,2020-07-16 10:00:00,-15.64,0.0,15.64,175.0,8.9,8.9,False
B1,2020-07-16 12:00:00,-22.75,0.0,22.75,175.0,13.0,13.0,False
B1,2020-07-16 14:00:00,-24.63,0.0,24.63,175.0,14.1,14.1,False
B1,2020-07-16 16:00:00,-19.81,0.0,19.81,175.0,11.3,11.3,False
B1,2020-07-16 18:00:00,-23.61,0.0,23.61,175.0,13.5,13.5,False
B1,2020-07-16 20:00:00,-21.47,0.0,21.47,175.0,12.3,12.3,False
B1,2020-07-16 22:00:00,-66.8,0.0,66.8,175.0,38.2,38.2,False
B2,2020-07-15 00:00:00,-41.34,0.0,41.34,175.0,23.6,23.6,False
B2,2020-07-15 01:00:00,-38.35,0.0,38.35,175.0,21.9,21.9,False
B2,2020-07-15 02:00:00,-38.6,0.0,38.6,175.0,22.1,22.1,False
B2,2020-07-15 03:00:00,-36.16,0.0,36.16,175.0,20.7,20.7,False
B2,2020-07-15 04:00:00,-34.59,0.0,34.59,175.0,19.8,19.8,False
B2,2020-07-15 05:00:00,-24.29,0.0,24.29,175.0,13.9,13.9,False
B2,2020-07-15 06:00:00,-7.18,0.0,7.18,175.0,4.1,4.1,False
B2,2020-07-15 07:00:00,-17.72,0.0,17.72,175.0,10.1,10.1,False
B2,2020-07-15 08:00:00,-17.33,0.0,17.33,175.0,9.9,9.9,False
B2,2020-07-15 09:00:00,-1.75,0.0,1.75,175.0,1.0,1.0,False
B2,2020-07-15 10:00:00,-13.04,0.0,13.04,175.0,7.5,7.5,False
B2,2020-07-15 11:00:00,-14.99,0.0,14.99,175.0,8.6,8.6,False
B2,2020-07-15 12:00:00,-17.4,0.0,17.4,175.0,9.9,9.9,False
B2,2020-07-15 13:00:00,-18.38,0.0,18.38,175.0,10.5,10.5,False
B2,2020-07-15 14:00:00,-23.76,0.0,23.76,175.0,13.6,13.6,False
B2,2020-07-15 15:00:00,-5.54,0.0,5.54,175.0,3.2,3.2,False
B2,2020-07-15 16:00:00,-11.93,0.0,11.93,175.0,6.8,6.8,False
B2,2020-07-15 17:00:00,-37.49,0.0,37.49,175.0,21.4,21.4,False
B2,2020-07-15 18:00:00,-26.51,0.0,26.51,175.0,15.2,15.2,False
B2,2020-07-15 19:00:00,-19.35,0.0,19.35,175.0,11.1,11.1,False
B2,2020-07-15 20:00:00,-13.08,0.0,13.08,175.0,7.5,7.5,False
B2,2020-07-15 21:00:00,-23.53,0.0,23.53,175.0,13.4,13.4,False
B2,2020-07-15 22:00:00,-11.69,0.0,11.69,175.0,6.7,6.7,False
B2,2020-07-15 23:00:00,-31.82,0.0,31.82,175.0,18.2,18.2,False
B2,2020-07-16 00:00:00,-32.39,0.0,32.39,175.0,18.5,18.5,False
B2,2020-07-16 02:00:00,-26.67,0.0,26.67,175.0,15.2,15.2,False
B2,2020-07-16 04:00:00,-30.34,0.0,30.34,175.0,17.3,17.3,False
B2,2020-07-16 06:00:00,-35.6,0.0,35.6,175.0,20.3,20.3,False
B2,2020-07-16 08:00:00,-27.85,0.0,27.85,175.0,15.9,15.9,False
B2,2020-07-16 10:00:00,-39.67,0.0,39.67,175.0,22.7,22.7,False
B2,2020-07-16 12:00:00,-28.06,0.0,28.06,175.0,16.0,16.0,False
B2,2020-07-16 14:00:00,-32.94,0.0,32.94,175.0,18.8,18.8,False
B2,2020-07-16 16:00:00,-36.08,0.0,36.08,175.0,20.6,20.6,False
B2,2020-07-16 18:00:00,-25.93,0.0,25.93,175.0,14.8,14.8,False
B2,2020-07-16 20:00:00,-26.66,0.0,26.66,175.0,15.2,15.2,False
B2,2020-07-16 22:00:00,-14.49,0.0,14.49,175.0,8.3,8.3,False
B3,2020-07-15 00:00:00,6.21,0.0,6.21,175.0,3.6,3.6,False
B3,2020-07-15 01:00:00,7.38,0.0,7.38,175.0,4.2,4.2,False
B3,2020-07-15 02:00:00,9.2,0.0,9.2,175.0,5.3,5.3,False
B3,2020-07-15 03:00:00,8.71,0.0,8.71,175.0,5.0,5.0,False
B3,2020-07-15 04:00:00,8.7,0.0,8.7,175.0,5.0,5.0,False
B3,2020-07-15 05:00:00,9.19,0.0,9.19,175.0,5.2,5.2,False
B3,2020-07-15 06:00:00,22.33,0.0,22.33,175.0,12.8,12.8,False
B3,2020-07-15 07:00:00,25.68,0.0,25.68,175.0,14.7,14.7,False
B3,2020-07-15 08:00:00,45.54,0.0,45.54,175.0,26.0,26.0,False
B3,2020-07-15 09:00:00,29.76,0.0,29.76,175.0,17.0,17.0,False
B3,2020-07-15 10:00:00,21.66,0.0,21.66,175.0,12.4,12.4,False
B3,2020-07-15 11:00:00,18.75,0.0,18.75,175.0,10.7,10.7,False
B3,2020-07-15 12:00:00,14.99,0.0,14.99,175.0,8.6,8.6,False
B3,2020-07-15 13:00:00,15.62,0.0,15.62,175.0,8.9,8.9,False
B3,2020-07-15 14:00:00,28.55,0.0,28.55,175.0,16.3,16.3,False
B3,2020-07-15 15:00:00,52.72,0.0,52.72,175.0,30.1,30.1,False
B3,2020-07-15 16:00:00,47.33,0.0,47.33,175.0,27.0,27.0,False
B3,2020-07-15 17:00:00,34.4,0.0,34.4,175.0,19.7,19.7,False
B3,2020-07-15 18:00:00,32.06,0.0,32.06,175.0,18.3,18.3,False
B3,2020-07-15 19:00:00,30.55,0.0,30.55,175.0,17.5,17.5,False
B3,2020-07-15 20:00:00,30.97,0.0,30.97,175.0,17.7,17.7,False
B3,2020-07-15 21:00:00,17.65,0.0,17.65,175.0,10.1,10.1,False
B3,2020-07-15 22:00:00,40.8,0.0,40.8,175.0,23.3,23.3,False
B3,2020-07-15 23:00:00,27.86,0.0,27.86,175.0,15.9,15.9,False
B3,2020-07-16 00:00:00,3.92,0.0,3.92,175.0,2.2,2.2,False
B3,2020-07-16 02:00:00,4.97,0.0,4.97,175.0,2.8,2.8,False
B3,2020-07-16 04:00:00,6.61,0.0,6.61,175.0,3.8,3.8,False
B3,2020-07-16 06:00:00,2.25,0.0,2.25,175.0,1.3,1.3,False
B3,2020-07-16 08:00:00,45.13,0.0,45.13,175.0,25.8,25.8,False
B3,2020-07-16 10:00:00,42.12,0.0,42.12,175.0,24.1,24.1,False
B3,2020-07-16 12:00:00,29.02,0.0,29.02,175.0,16.6,16.6,False
B3,2020-07-16 14:00:00,30.0,0.0,30.0,175.0,17.1,17.1,False
B3,2020-07-16 16:00:00,28.9,0.0,28.9,175.0,16.5,16.5,False
B3,2020-07-16 18:00:00,28.67,0.0,28.67,175.0,16.4,16.4,False
B3,2020-07-16 20:00:00,37.37,0.0,37.37,175.0,21.4,21.4,False
B3,2020-07-16 22:00:00,8.91,0.0,8.91,175.0,5.1,5.1,False
B4,2020-07-15 00:00:00,-5.07,0.0,5.07,175.0,2.9,2.9,False
B4,2020-07-15 01:00:00,-3.55,0.0,3.55,175.0,2.0,2.0,False
B4,2020-07-15 02:00:00,-2.27,0.0,2.27,175.0,1.3,1.3,False
B4,2020-07-15 03:00:00,-2.09,0.0,2.09,175.0,1.2,1.2,False
B4,2020-07-15 04:00:00,-1.74,0.0,1.74,175.0,1.0,1.0,False
B4,2020-07-15 05:00:00,1.09,0.0,1.09,175.0,0.6,0.6,False
B4,2020-07-15 06:00:00,13.53,0.0,13.53,175.0,7.7,7.7,False
B4,2020-07-15 07:00:00,13.4,0.0,13.4,175.0,7.7,7.7,False
B4,2020-07-15 08:00:00,27.68,0.0,27.68,175.0,15.8,15.8,False
B4,2020-07-15 09:00:00,20.38,0.0,20.38,175.0,11.6,11.6,False
B4,2020-07-15 10:00:00,11.6,0.0,11.6,175.0,6.6,6.6,False
B4,2020-07-15 11:00:00,9.04,0.0,9.04,175.0,5.2,5.2,False
B4,2020-07-15 12:00:00,5.86,0.0,5.86,175.0,3.3,3.3,False
B4,2020-07-15 13:00:00,6.02,0.0,6.02,175.0,3.4,3.4,False
B4,2020-07-15 14:00:00,13.96,0.0,13.96,175.0,8.0,8.0,False
B4,2020-07-15 15:00:00,34.14,0.0,34.14,175.0,19.5,19.5,False
B4,2020-07-15 16:00:00,29.72,0.0,29.72,175.0,17.0,17.0,False
B4,2020-07-15 17:00:00,15.25,0.0,15.25,175.0,8.7,8.7,False
B4,2020-07-15 18:00:00,16.02,0.0,16.02,175.0,9.2,9.2,False
B4,2020-07-15 19:00:00,16.53,0.0,16.53,175.0,9.4,9.4,False
B4,2020-07-15 20:00:00,18.25,0.0,18.25,175.0,10.4,10.4,False
B4,2020-07-15 21:00:00,6.38,0.0,6.38,175.0,3.6,3.6,False
B4,2020-07-15 22:00:00,25.7,0.0,25.7,175.0,14.7,14.7,False
B4,2020-07-15 23:00:00,12.26,0.0,12.26,175.0,7.0,7.0,False
B4,2020-07-16 00:00:00,-4.72,0.0,4.72,175.0,2.7,2.7,False
B4,2020-07-16 02:00:00,-2.72,0.0,2.72,175.0,1.6,1.6,False
B4,2020-07-16 04:00:00,-2.3,0.0,2.3,175.0,1.3,1.3,False
B4,2020-07-16 06:00:00,-6.65,0.0,6.65,175.0,3.8,3.8,False
B4,2020-07-16 08:00:00,25.23,0.0,25.23,175.0,14.4,14.4,False
B4,2020-07-16 10:00:00,20.37,0.0,20.37,175.0,11.6,11.6,False
B4,2020-07-16 12:00:00,13.46,0.0,13.46,175.0,7.7,7.7,False
B4,2020-07-16 14:00:00,13.17,0.0,13.17,175.0,7.5,7.5,False
B4,2020-07-16 16:00:00,11.57,0.0,11.57,175.0,6.6,6.6,False
B4,2020-07-16 18:00:00,13.69,0.0,13.69,175.0,7.8,7.8,False
B4,2020-07-16 20:00:00,19.84,0.0,19.84,175.0,11.3,11.3,False
B4,2020-07-16 22:00:00,5.39,0.0,5.39,175.0,3.1,3.1,False
B5,2020-07-15 00:00:00,7.94,0.0,7.94,175.0,4.5,4.5,False
B5,2020-07-15 01:00:00,8.52,0.0,8.52,175.0,4.9,4.9,False
B5,2020-07-15 02:00:00,9.57,0.0,9.57,175.0,5.5,5.5,False
B5,2020-07-15 03:00:00,9.23,0.0,9.23,175.0,5.3,5.3,False
B5,2020-07-15 04:00:00,9.17,0.0,9.17,175.0,5.2,5.2,False
B5,2020-07-15 05:00:00,10.21,0.0,10.21,175.0,5.8,5.8,False
B5,2020-07-15 06:00:00,20.41,0.0,20.41,175.0,11.7,11.7,False
B5,2020-07-15 07:00:00,23.25,0.0,23.25,175.0,13.3,13.3,False
B5,2020-07-15 08:00:00,37.22,0.0,37.22,175.0,21.3,21.3,False
B5,2020-07-15 09:00:00,27.62,0.0,27.62,175.0,15.8,15.8,False
B5,2020-07-15 10:00:00,21.54,0.0,21.54,175.0,12.3,12.3,False
B5,2020-07-15 11:00:00,19.87,0.0,19.87,175.0,11.4,11.4,False
B5,2020-07-15 12:00:00,17.48,0.0,17.48,175.0,10.0,10.0,False
B5,2020-07-15 13:00:00,18.19,0.0,18.19,175.0,10.4,10.4,False
B5,2020-07-15 14:00:00,27.36,0.0,27.36,175.0,15.6,15.6,False
B5,2020-07-15 15:00:00,44.29,0.0,44.29,175.0,25.3,25.3,False
B5,2020-07-15 16:00:00,41.03,0.0,41.03,175.0,23.4,23.4,False
B5,2020-07-15 17:00:00,30.74,0.0,30.74,175.0,17.6,17.6,False
B5,2020-07-15 18:00:00,29.07,0.0,29.07,175.0,16.6,16.6,False
B5,2020-07-15 19:00:00,27.98,0.0,27.98,175.0,16.0,16.0,False
B5,2020-07-15 20:00:00,28.05,0.0,28.05,175.0,16.0,16.0,False
B5,2020-07-15 21:00:00,18.42,0.0,18.42,175.0,10.5,10.5,False
B5,2020-07-15 22:00:00,33.72,0.0,33.72,175.0,19.3,19.3,False
B5,2020-07-15 23:00:00,23.58,0.0,23.58,175.0,13.5,13.5,False
B5,2020-07-16 00:00:00,6.35,0.0,6.35,175.0,3.6,3.6,False
B5,2020-07-16 02:00:00,6.95,0.0,6.95,175.0,4.0,4.0,False
B5,2020-07-16 04:00:00,7.83,0.0,7.83,175.0,4.5,4.5,False
B5,2020-07-16 06:00:00,5.46,0.0,5.46,175.0,3.1,3.1,False
B5,2020-07-16 08:00:00,36.63,0.0,36.63,175.0,20.9,20.9,False
B5,2020-07-16 10:00:00,35.25,0.0,35.25,175.0,20.1,20.1,False
B5,2020-07-16 12:00:00,27.36,0.0,27.36,175.0,15.6,15.6,False
B5,2020-07-16 14:00:00,28.59,0.0,28.59,175.0,16.3,16.3,False
B5,2020-07-16 16:00:00,27.52,0.0,27.52,175.0,15.7,15.7,False
B5,2020-07-16 18:00:00,27.09,0.0,27.09,175.0,15.5,15.5,False
B5,2020-07-16 20:00:00,32.16,0.0,32.16,175.0,18.4,18.4,False
B5,2020-07-16 22:00:00,14.29,0.0,14.29,175.0,8.2,8.2,False
B6,2020-07-15 00:00:00,23.61,0.0,23.61,175.0,13.5,13.5,False
B6,2020-07-15 01:00:00,23.11,0.0,23.11,175.0,13.2,13.2,False
B6,2020-07-15 02:00:00,27.28,0.0,27.28,175.0,15.6,15.6,False
B6,2020-07-15 03:00:00,23.77,0.0,23.77,175.0,13.6,13.6,False
B6,2020-07-15 04:00:00,22.18,0.0,22.18,175.0,12.7,12.7,False
B6,2020-07-15 05:00:00,8.04,0.0,8.04,175.0,4.6,4.6,False
B6,2020-07-15 06:00:00,1.59,0.0,1.59,175.0,0.9,0.9,False
B6,2020-07-15 07:00:00,19.97,0.0,19.97,175.0,11.4,11.4,False
B6,2020-07-15 08:00:00,38.49,0.0,38.49,175.0,22.0,22.0,False
B6,2020-07-15 09:00:00,-8.49,0.0,8.49,175.0,4.8,4.8,False
B6,2020-07-15 10:00:00,-6.41,0.0,6.41,175.0,3.7,3.7,False
B6,2020-07-15 11:00:00,-10.42,0.0,10.42,175.0,6.0,6.0,False
B6,2020-07-15 12:00:00,-15.26,0.0,15.26,175.0,8.7,8.7,False
B6,2020-07-15 13:00:00,-14.17,0.0,14.17,175.0,8.1,8.1,False
B6,2020-07-15 14:00:00,8.05,0.0,8.05,175.0,4.6,4.6,False
B6,2020-07-15 15:00:00,14.77,0.0,14.77,175.0,8.4,8.4,False
B6,2020-07-15 16:00:00,16.77,0.0,16.77,175.0,9.6,9.6,False
B6,2020-07-15 17:00:00,34.12,0.0,34.12,175.0,19.5,19.5,False
B6,2020-07-15 18:00:00,18.04,0.0,18.04,175.0,10.3,10.3,False
B6,2020-07-15 19:00:00,7.57,0.0,7.57,175.0,4.3,4.3,False
B6,2020-07-15 20:00:00,2.17,0.0,2.17,175.0,1.2,1.2,False
B6,2020-07-15 21:00:00,8.15,0.0,8.15,175.0,4.7,4.7,False
B6,2020-07-15 22:00:00,22.03,0.0,22.03,175.0,12.6,12.6,False
B6,2020-07-15 23:00:00,37.62,0.0,37.62,175.0,21.5,21.5,False
B6,2020-07-16 00:00:00,9.65,0.0,9.65,175.0,5.5,5.5,False
B6,2020-07-16 02:00:00,6.32,0.0,6.32,175.0,3.6,3.6,False
B6,2020-07-16 04:00:00,13.37,0.0,13.37,175.0,7.6,7.6,False
B6,2020-07-16 06:00:00,9.25,0.0,9.25,175.0,5.3,5.3,False
B6,2020-07-16 08:00:00,47.56,0.0,47.56,175.0,27.2,27.2,False
B6,2020-07-16 10:00:00,52.98,0.0,52.98,175.0,30.3,30.3,False
B6,2020-07-16 12:00:00,13.04,0.0,13.04,175.0,7.5,7.5,False
B6,2020-07-16 14:00:00,17.47,0.0,17.47,175.0,10.0,10.0,False
B6,2020-07-16 16:00:00,20.83,0.0,20.83,175.0,11.9,11.9,False
B6,2020-07-16 18:00:00,10.12,0.0,10.12,175.0,5.8,5.8,False
B6,2020-07-16 20:00:00,29.65,0.0,29.65,175.0,16.9,16.9,False
B6,2020-07-16 22:00:00,-16.44,0.0,16.44,175.0,9.4,9.4,False
B7,2020-07-15 00:00:00,-87.73,0.0,87.73,400.0,21.9,21.9,False
B7,2020-07-15 01:00:00,-78.6,0.0,78.6,400.0,19.7,19.7,False
B7,2020-07-15 02:00:00,-74.63,0.0,74.63,400.0,18.7,18.7,False
B7,2020-07-15 03:00:00,-72.32,0.0,72.32,400.0,18.1,18.1,False
B7,2020-07-15 04:00:00,-73.36,0.0,73.36,400.0,18.3,18.3,False
B7,2020-07-15 05:00:00,-70.36,0.0,70.36,400.0,17.6,17.6,False
B7,2020-07-15 06:00:00,-70.44,0.0,70.44,400.0,17.6,17.6,False
B7,2020-07-15 07:00:00,-72.98,0.0,72.98,400.0,18.2,18.2,False
B7,2020-07-15 08:00:00,-65.86,0.0,65.86,400.0,16.5,16.5,False
B7,2020-07-15 09:00:00,-58.89,0.0,58.89,400.0,14.7,14.7,False
B7,2020-07-15 10:00:00,-85.35,0.0,85.35,400.0,21.3,21.3,False
B7,2020-07-15 11:00:00,-103.18,0.0,103.18,400.0,25.8,25.8,False
B7,2020-07-15 12:00:00,-117.6,0.0,117.6,400.0,29.4,29.4,False
B7,2020-07-15 13:00:00,-117.06,0.0,117.06,400.0,29.3,29.3,False
B7,2020-07-15 14:00:00,-117.51,0.0,117.51,400.0,29.4,29.4,False
B7,2020-07-15 15:00:00,-111.05,0.0,111.05,400.0,27.8,27.8,False
B7,2020-07-15 16:00:00,-116.04,0.0,116.04,400.0,29.0,29.0,False
B7,2020-07-15 17:00:00,-118.48,0.0,118.48,400.0,29.6,29.6,False
B7,2020-07-15 18:00:00,-85.3,0.0,85.3,400.0,21.3,21.3,False
B7,2020-07-15 19:00:00,-72.81,0.0,72.81,400.0,18.2,18.2,False
B7,2020-07-15 20:00:00,-58.96,0.0,58.96,400.0,14.7,14.7,False
B7,2020-07-15 21:00:00,-95.54,0.0,95.54,400.0,23.9,23.9,False
B7,2020-07-15 22:00:00,-70.62,0.0,70.62,400.0,17.7,17.7,False
B7,2020-07-15 23:00:00,-78.28,0.0,78.28,400.0,19.6,19.6,False
B7,2020-07-16 00:00:00,-75.62,0.0,75.62,400.0,18.9,18.9,False
B7,2020-07-16 02:00:00,-68.28,0.0,68.28,400.0,17.1,17.1,False
B7,2020-07-16 04:00:00,-68.08,0.0,68.08,400.0,17.0,17.0,False
B7,2020-07-16 06:00:00,-95.89,0.0,95.89,400.0,24.0,24.0,False
B7,2020-07-16 08:00:00,-96.86,0.0,96.86,400.0,24.2,24.2,False
B7,2020-07-16 10:00:00,-127.95,0.0,127.95,400.0,32.0,32.0,False
B7,2020-07-16 12:00:00,-121.89,0.0,121.89,400.0,30.5,30.5,False
B7,2020-07-16 14:00:00,-135.75,0.0,135.75,400.0,33.9,33.9,False
B7,2020-07-16 16:00:00,-134.47,0.0,134.47,400.0,33.6,33.6,False
B7,2020-07-16 18:00:00,-94.24,0.0,94.24,400.0,23.6,23.6,False
B7,2020-07-16 20:00:00,-71.61,0.0,71.61,400.0,17.9,17.9,False
B7,2020-07-16 22:00:00,-120.91,0.0,120.91,400.0,30.2,30.2,False
B8,2020-07-15 00:00:00,-50.82,0.0,50.82,175.0,29.0,29.0,False
B8,2020-07-15 01:00:00,-47.06,0.0,47.06,175.0,26.9,26.9,False
B8,2020-07-15 02:00:00,-44.4,0.0,44.4,175.0,25.4,25.4,False
B8,2020-07-15 03:00:00,-43.56,0.0,43.56,175.0,24.9,24.9,False
B8,2020-07-15 04:00:00,-42.55,0.0,42.55,175.0,24.3,24.3,False
B8,2020-07-15 05:00:00,-39.78,0.0,39.78,175.0,22.7,22.7,False
B8,2020-07-15 06:00:00,-26.58,0.0,26.58,175.0,15.2,15.2,False
B8,2020-07-15 07:00:00,-27.4,0.0,27.4,175.0,15.7,15.7,False
B8,2020-07-15 08:00:00,-21.8,0.0,21.8,175.0,12.5,12.5,False
B8,2020-07-15 09:00:00,-32.75,0.0,32.75,175.0,18.7,18.7,False
B8,2020-07-15 10:00:00,-44.69,0.0,44.69,175.0,25.5,25.5,False
B8,2020-07-15 11:00:00,-50.17,0.0,50.17,175.0,28.7,28.7,False
B8,2020-07-15 12:00:00,-56.74,0.0,56.74,175.0,32.4,32.4,False
B8,2020-07-15 13:00:00,-57.66,0.0,57.66,175.0,33.0,33.0,False
B8,2020-07-15 14:00:00,-52.74,0.0,52.74,175.0,30.1,30.1,False
B8,2020-07-15 15:00:00,-32.38,0.0,32.38,175.0,18.5,18.5,False
B8,2020-07-15 16:00:00,-36.6,0.0,36.6,175.0,20.9,20.9,False
B8,2020-07-15 17:00:00,-53.21,0.0,53.21,175.0,30.4,30.4,False
B8,2020-07-15 18:00:00,-49.66,0.0,49.66,175.0,28.4,28.4,False
B8,2020-07-15 19:00:00,-47.34,0.0,47.34,175.0,27.0,27.0,False
B8,2020-07-15 20:00:00,-42.58,0.0,42.58,175.0,24.3,24.3,False
B8,2020-07-15 21:00:00,-44.19,0.0,44.19,175.0,25.3,25.3,False
B8,2020-07-15 22:00:00,-26.36,0.0,26.36,175.0,15.1,15.1,False
B8,2020-07-15 23:00:00,-35.17,0.0,35.17,175.0,20.1,20.1,False
B8,2020-07-16 00:00:00,-48.54,0.0,48.54,175.0,27.7,27.7,False
B8,2020-07-16 02:00:00,-42.93,0.0,42.93,175.0,24.5,24.5,False
B8,2020-07-16 04:00:00,-43.04,0.0,43.04,175.0,24.6,24.6,False
B8,2020-07-16 06:00:00,-53.25,0.0,53.25,175.0,30.4,30.4,False
B8,2020-07-16 08:00:00,-30.27,0.0,30.27,175.0,17.3,17.3,False
B8,2020-07-16 10:00:00,-42.65,0.0,42.65,175.0,24.4,24.4,False
B8,2020-07-16 12:00:00,-55.4,0.0,55.4,175.0,31.7,31.7,False
B8,2020-07-16 14:00:00,-59.61,0.0,59.61,175.0,34.1,34.1,False
B8,2020-07-16 16:00:00,-60.83,0.0,60.83,175.0,34.8,34.8,False
B8,2020-07-16 18:00:00,-54.56,0.0,54.56,175.0,31.2,31.2,False
B8,2020-07-16 20:00:00,-41.48,0.0,41.48,175.0,23.7,23.7,False
B8,2020-07-16 22:00:00,-45.8,0.0,45.8,175.0,26.2,26.2,False
B9,2020-07-15 00:00:00,-37.92,0.0,37.92,175.0,21.7,21.7,False
B9,2020-07-15 01:00:00,-34.61,0.0,34.61,175.0,19.8,19.8,False
B9,2020-07-15 02:00:00,-31.46,0.0,31.46,175.0,18.0,18.0,False
B9,2020-07-15 03:00:00,-31.32,0.0,31.32,175.0,17.9,17.9,False
B9,2020-07-15 04:00:00,-30.7,0.0,30.7,175.0,17.5,17.5,False
B9,2020-07-15 05:00:00,-30.25,0.0,30.25,175.0,17.3,17.3,False
B9,2020-07-15 06:00:00,-16.23,0.0,16.23,175.0,9.3,9.3,False
B9,2020-07-15 07:00:00,-13.39,0.0,13.39,175.0,7.7,7.7,False
B9,2020-07-15 08:00:00,-2.04,0.0,2.04,175.0,1.2,1.2,False
B9,2020-07-15 09:00:00,-21.35,0.0,21.35,175.0,12.2,12.2,False
B9,2020-07-15 10:00:00,-32.49,0.0,32.49,175.0,18.6,18.6,False
B9,2020-07-15 11:00:00,-38.2,0.0,38.2,175.0,21.8,21.8,False
B9,2020-07-15 12:00:00,-45.24,0.0,45.24,175.0,25.9,25.9,False
B9,2020-07-15 13:00:00,-45.62,0.0,45.62,175.0,26.1,26.1,False
B9,2020-07-15 14:00:00,-35.6,0.0,35.6,175.0,20.3,20.3,False
B9,2020-07-15 15:00:00,-11.21,0.0,11.21,175.0,6.4,6.4,False
B9,2020-07-15 16:00:00,-16.4,0.0,16.4,175.0,9.4,9.4,False
B9,2020-07-15 17:00:00,-31.52,0.0,31.52,175.0,18.0,18.0,False
B9,2020-07-15 18:00:00,-31.2,0.0,31.2,175.0,17.8,17.8,False
B9,2020-07-15 19:00:00,-30.98,0.0,30.98,175.0,17.7,17.7,False
B9,2020-07-15 20:00:00,-27.65,0.0,27.65,175.0,15.8,15.8,False
B9,2020-07-15 21:00:00,-30.87,0.0,30.87,175.0,17.6,17.6,False
B9,2020-07-15 22:00:00,-9.4,0.0,9.4,175.0,5.4,5.4,False
B9,2020-07-15 23:00:00,-17.87,0.0,17.87,175.0,10.2,10.2,False
B9,2020-07-16 00:00:00,-38.36,0.0,38.36,175.0,21.9,21.9,False
B9,2020-07-16 02:00:00,-33.81,0.0,33.81,175.0,19.3,19.3,False
B9,2020-07-16 04:00:00,-32.72,0.0,32.72,175.0,18.7,18.7,False
B9,2020-07-16 06:00:00,-42.71,0.0,42.71,175.0,24.4,24.4,False
B9,2020-07-16 08:00:00,-8.38,0.0,8.38,175.0,4.8,4.8,False
B9,2020-07-16 10:00:00,-18.59,0.0,18.59,175.0,10.6,10.6,False
B9,2020-07-16 12:00:00,-37.29,0.0,37.29,175.0,21.3,21.3,False
B9,2020-07-16 14:00:00,-40.07,0.0,40.07,175.0,22.9,22.9,False
B9,2020-07-16 16:00:00,-40.81,0.0,40.81,175.0,23.3,23.3,False
B9,2020-07-16 18:00:00,-37.06,0.0,37.06,175.0,21.2,21.2,False
B9,2020-07-16 20:00:00,-21.71,0.0,21.71,175.0,12.4,12.4,False
B9,2020-07-16 22:00:00,-40.41,0.0,40.41,175.0,23.1,23.1,False
B10,2020-07-15 00:00:00,-71.27,0.0,71.27,175.0,40.7,40.7,False
B10,2020-07-15 01:00:00,-66.51,0.0,66.51,175.0,38.0,38.0,False
B10,2020-07-15 02:00:00,-62.84,0.0,62.84,175.0,35.9,35.9,False
B10,2020-07-15 03:00:00,-62.02,0.0,62.02,175.0,35.4,35.4,False
B10,2020-07-15 04:00:00,-60.83,0.0,60.83,175.0,34.8,34.8,False
B10,2020-07-15 05:00:00,-60.23,0.0,60.23,175.0,34.4,34.4,False
B10,2020-07-15 06:00:00,-51.97,0.0,51.97,175.0,29.7,29.7,False
B10,2020-07-15 07:00:00,-53.22,0.0,53.22,175.0,30.4,30.4,False
B10,2020-07-15 08:00:00,-51.34,0.0,51.34,175.0,29.3,29.3,False
B10,2020-07-15 09:00:00,-67.09,0.0,67.09,175.0,38.3,38.3,False
B10,2020-07-15 10:00:00,-78.92,0.0,78.92,175.0,45.1,45.1,False
B10,2020-07-15 11:00:00,-86.05,0.0,86.05,175.0,49.2,49.2,False
B10,2020-07-15 12:00:00,-94.0,0.0,94.0,175.0,53.7,53.7,False
B10,2020-07-15 13:00:00,-95.88,0.0,95.88,175.0,54.8,54.8,False
B10,2020-07-15 14:00:00,-92.09,0.0,92.09,175.0,52.6,52.6,False
B10,2020-07-15 15:00:00,-75.9,0.0,75.9,175.0,43.4,43.4,False
B10,2020-07-15 16:00:00,-78.81,0.0,78.81,175.0,45.0,45.0,False
B10,2020-07-15 17:00:00,-90.14,0.0,90.14,175.0,51.5,51.5,False
B10,2020-07-15 18:00:00,-86.64,0.0,86.64,175.0,49.5,49.5,False
B10,2020-07-15 19:00:00,-84.33,0.0,84.33,175.0,48.2,48.2,False
B10,2020-07-15 20:00:00,-78.62,0.0,78.62,175.0,44.9,44.9,False
B10,2020-07-15 21:00:00,-74.51,0.0,74.51,175.0,42.6,42.6,False
B10,2020-07-15 22:00:00,-56.8,0.0,56.8,175.0,32.5,32.5,False
B10,2020-07-15 23:00:00,-58.95,0.0,58.95,175.0,33.7,33.7,False
B10,2020-07-16 00:00:00,-69.23,0.0,69.23,175.0,39.6,39.6,False
B10,2020-07-16 02:00:00,-62.67,0.0,62.67,175.0,35.8,35.8,False
B10,2020-07-16 04:00:00,-61.98,0.0,61.98,175.0,35.4,35.4,False
B10,2020-07-16 06:00:00,-75.22,0.0,75.22,175.0,43.0,43.0,False
B10,2020-07-16 08:00:00,-60.05,0.0,60.05,175.0,34.3,34.3,False
B10,2020-07-16 10:00:00,-75.5,0.0,75.5,175.0,43.1,43.1,False
B10,2020-07-16 12:00:00,-94.25,0.0,94.25,175.0,53.9,53.9,False
B10,2020-07-16 14:00:00,-100.33,0.0,100.33,175.0,57.3,57.3,False
B10,2020-07-16 16:00:00,-100.67,0.0,100.67,175.0,57.5,57.5,False
B10,2020-07-16 18:00:00,-93.36,0.0,93.36,175.0,53.3,53.3,False
B10,2020-07-16 20:00:00,-75.55,0.0,75.55,175.0,43.2,43.2,False
B10,2020-07-16 22:00:00,-75.54,0.0,75.54,175.0,43.2,43.2,False
B11,2020-07-15 00:00:00,-29.27,0.0,29.27,175.0,16.7,16.7,False
B11,2020-07-15 01:00:00,-25.44,0.0,25.44,175.0,14.5,14.5,False
B11,2020-07-15 02:00:00,-23.03,0.0,23.03,175.0,13.2,13.2,False
B11,2020-07-15 03:00:00,-21.96,0.0,21.96,175.0,12.6,12.6,False
B11,2020-07-15 04:00:00,-20.82,0.0,20.82,175.0,11.9,11.9,False
B11,2020-07-15 05:00:00,-21.2,0.0,21.2,175.0,12.1,12.1,False
B11,2020-07-15 06:00:00,-22.66,0.0,22.66,175.0,12.9,12.9,False
B11,2020-07-15 07:00:00,-26.14,0.0,26.14,175.0,14.9,14.9,False
B11,2020-07-15 08:00:00,-4.63,0.0,4.63,175.0,2.6,2.6,False
B11,2020-07-15 09:00:00,4.42,0.0,4.42,175.0,2.5,2.5,False
B11,2020-07-15 10:00:00,-12.81,0.0,12.81,175.0,7.3,7.3,False
B11,2020-07-15 11:00:00,-19.8,0.0,19.8,175.0,11.3,11.3,False
B11,2020-07-15 12:00:00,-32.61,0.0,32.61,175.0,18.6,18.6,False
B11,2020-07-15 13:00:00,-34.42,0.0,34.42,175.0,19.7,19.7,False
B11,2020-07-15 14:00:00,-33.09,0.0,33.09,175.0,18.9,18.9,False
B11,2020-07-15 15:00:00,-0.67,0.0,0.67,175.0,0.4,0.4,False
B11,2020-07-15 16:00:00,-0.35,0.0,0.35,175.0,0.2,0.2,False
B11,2020-07-15 17:00:00,-27.37,0.0,27.37,175.0,15.6,15.6,False
B11,2020-07-15 18:00:00,-19.43,0.0,19.43,175.0,11.1,11.1,False
B11,2020-07-15 19:00:00,-26.72,0.0,26.72,175.0,15.3,15.3,False
B11,2020-07-15 20:00:00,-21.54,0.0,21.54,175.0,12.3,12.3,False
B11,2020-07-15 21:00:00,-85.42,0.0,85.42,175.0,48.8,48.8,False
B11,2020-07-15 22:00:00,-83.69,0.0,83.69,175.0,47.8,47.8,False
B11,2020-07-15 23:00:00,-76.3,0.0,76.3,175.0,43.6,43.6,False
B11,2020-07-16 00:00:00,-69.94,0.0,69.94,175.0,40.0,40.0,False
B11,2020-07-16 02:00:00,-64.41,0.0,64.41,175.0,36.8,36.8,False
B11,2020-07-16 04:00:00,-64.65,0.0,64.65,175.0,36.9,36.9,False
B11,2020-07-16 06:00:00,-74.63,0.0,74.63,175.0,42.6,42.6,False
B11,2020-07-16 08:00:00,-89.37,0.0,89.37,175.0,51.1,51.1,False
B11,2020-07-16 10:00:00,-102.29,0.0,102.29,175.0,58.4,58.4,False
B11,2020-07-16 12:00:00,-112.25,0.0,112.25,175.0,64.1,64.1,False
B11,2020-07-16 14:00:00,-118.96,0.0,118.96,175.0,68.0,68.0,False
B11,2020-07-16 16:00:00,-118.29,0.0,118.29,175.0,67.6,67.6,False
B11,2020-07-16 18:00:00,-111.19,0.0,111.19,175.0,63.5,63.5,False
B11,2020-07-16 20:00:00,-99.48,0.0,99.48,175.0,56.8,56.8,False
B11,2020-07-16 22:00:00,-82.98,0.0,82.98,175.0,47.4,47.4,False
B12-1,2020-07-15 00:00:00,-73.09,0.0,73.09,175.0,41.8,41.8,False
B12-1,2020-07-15 01:00:00,-67.99,0.0,67.99,175.0,38.9,38.9,False
B12-1,2020-07-15 02:00:00,-65.08,0.0,65.08,175.0,37.2,37.2,False
B12-1,2020-07-15 03:00:00,-63.45,0.0,63.45,175.0,36.3,36.3,False
B12-1,2020-07-15 04:00:00,-61.82,0.0,61.82,175.0,35.3,35.3,False
B12-1,2020-07-15 05:00:00,-61.1,0.0,61.1,175.0,34.9,34.9,False
B12-1,2020-07-15 06:00:00,-62.07,0.0,62.07,175.0,35.5,35.5,False
B12-1,2020-07-15 07:00:00,-68.54,0.0,68.54,175.0,39.2,39.2,False
B12-1,2020-07-15 08:00:00,-66.01,0.0,66.01,175.0,37.7,37.7,False
B12-1,2020-07-15 09:00:00,-63.03,0.0,63.03,175.0,36.0,36.0,False
B12-1,2020-07-15 10:00:00,-76.66,0.0,76.66,175.0,43.8,43.8,False
B12-1,2020-07-15 11:00:00,-84.04,0.0,84.04,175.0,48.0,48.0,False
B12-1,2020-07-15 12:00:00,-94.27,0.0,94.27,175.0,53.9,53.9,False
B12-1,2020-07-15 13:00:00,-97.18,0.0,97.18,175.0,55.5,55.5,False
B12-1,2020-07-15 14:00:00,-101.31,0.0,101.31,175.0,57.9,57.9,False
B12-1,2020-07-15 15:00:00,-84.39,0.0,84.39,175.0,48.2,48.2,False
B12-1,2020-07-15 16:00:00,-84.6,0.0,84.6,175.0,48.3,48.3,False
B12-1,2020-07-15 17:00:00,-101.04,0.0,101.04,175.0,57.7,57.7,False
B12-1,2020-07-15 18:00:00,-92.08,0.0,92.08,175.0,52.6,52.6,False
B12-1,2020-07-15 19:00:00,-92.44,0.0,92.44,175.0,52.8,52.8,False
B12-1,2020-07-15 20:00:00,-85.23,0.0,85.23,175.0,48.7,48.7,False
B12-1,2020-07-15 21:00:00,-109.55,0.0,109.55,175.0,62.6,62.6,False
B12-1,2020-07-15 22:00:00,-105.5,0.0,105.5,175.0,60.3,60.3,False
B12-1,2020-07-15 23:00:00,-98.51,0.0,98.51,175.0,56.3,56.3,False
B12-1,2020-07-16 00:00:00,-89.74,0.0,89.74,175.0,51.3,51.3,False
B12-1,2020-07-16 02:00:00,-82.35,0.0,82.35,175.0,47.1,47.1,False
B12-1,2020-07-16 04:00:00,-82.98,0.0,82.98,175.0,47.4,47.4,False
B12-1,2020-07-16 06:00:00,-95.88,0.0,95.88,175.0,54.8,54.8,False
B12-1,2020-07-16 08:00:00,-114.69,0.0,114.69,175.0,65.5,65.5,False
B12-1,2020-07-16 10:00:00,-132.15,0.0,132.15,175.0,75.5,75.5,False
B12-1,2020-07-16 12:00:00,-142.59,0.0,142.59,175.0,81.5,81.5,False
B12-1,2020-07-16 14:00:00,-151.59,0.0,151.59,175.0,86.6,86.6,False
B12-1,2020-07-16 16:00:00,-151.1,0.0,151.1,175.0,86.3,86.3,False
B12-1,2020-07-16 18:00:00,-140.98,0.0,140.98,175.0,80.6,80.6,False
B12-1,2020-07-16 20:00:00,-126.88,0.0,126.88,175.0,72.5,72.5,False
B12-1,2020-07-16 22:00:00,-104.03,0.0,104.03,175.0,59.4,59.4,False
B13-2,2020-07-15 00:00:00,-54.27,0.0,54.27,175.0,31.0,31.0,False
B13-2,2020-07-15 01:00:00,-50.27,0.0,50.27,175.0,28.7,28.7,False
B13-2,2020-07-15 02:00:00,-47.44,0.0,47.44,175.0,27.1,27.1,False
B13-2,2020-07-15 03:00:00,-46.57,0.0,46.57,175.0,26.6,26.6,False
B13-2,2020-07-15 04:00:00,-45.48,0.0,45.48,175.0,26.0,26.0,False
B13-2,2020-07-15 05:00:00,-47.24,0.0,47.24,175.0,27.0,27.0,False
B13-2,2020-07-15 06:00:00,-51.19,0.0,51.19,175.0,29.3,29.3,False
B13-2,2020-07-15 07:00:00,-54.2,0.0,54.2,175.0,31.0,31.0,False
B13-2,2020-07-15 08:00:00,-49.24,0.0,49.24,175.0,28.1,28.1,False
B13-2,2020-07-15 09:00:00,-50.73,0.0,50.73,175.0,29.0,29.0,False
B13-2,2020-07-15 10:00:00,-61.53,0.0,61.53,175.0,35.2,35.2,False
B13-2,2020-07-15 11:00:00,-68.06,0.0,68.06,175.0,38.9,38.9,False
B13-2,2020-07-15 12:00:00,-77.43,0.0,77.43,175.0,44.2,44.2,False
B13-2,2020-07-15 13:00:00,-79.75,0.0,79.75,175.0,45.6,45.6,False
B13-2,2020-07-15 14:00:00,-81.02,0.0,81.02,175.0,46.3,46.3,False
B13-2,2020-07-15 15:00:00,-66.78,0.0,66.78,175.0,38.2,38.2,False
B13-2,2020-07-15 16:00:00,-65.8,0.0,65.8,175.0,37.6,37.6,False
B13-2,2020-07-15 17:00:00,-76.8,0.0,76.8,175.0,43.9,43.9,False
B13-2,2020-07-15 18:00:00,-71.31,0.0,71.31,175.0,40.8,40.8,False
B13-2,2020-07-15 19:00:00,-73.94,0.0,73.94,175.0,42.3,42.3,False
B13-2,2020-07-15 20:00:00,-68.86,0.0,68.86,175.0,39.3,39.3,False
B13-2,2020-07-15 21:00:00,-92.71,0.0,92.71,175.0,53.0,53.0,False
B13-2,2020-07-15 22:00:00,-90.43,0.0,90.43,175.0,51.7,51.7,False
B13-2,2020-07-15 23:00:00,-80.13,0.0,80.13,175.0,45.8,45.8,False
B13-2,2020-07-16 00:00:00,-73.72,0.0,73.72,175.0,42.1,42.1,False
B13-2,2020-07-16 02:00:00,-68.28,0.0,68.28,175.0,39.0,39.0,False
B13-2,2020-07-16 04:00:00,-67.89,0.0,67.89,175.0,38.8,38.8,False
B13-2,2020-07-16 06:00:00,-78.65,0.0,78.65,175.0,44.9,44.9,False
B13-2,2020-07-16 08:00:00,-94.61,0.0,94.61,175.0,54.1,54.1,False
B13-2,2020-07-16 10:00:00,-107.84,0.0,107.84,175.0,61.6,61.6,False
B13-2,2020-07-16 12:00:00,-121.05,0.0,121.05,175.0,69.2,69.2,False
B13-2,2020-07-16 14:00:00,-127.98,0.0,127.98,175.0,73.1,73.1,False
B13-2,2020-07-16 16:00:00,-126.86,0.0,126.86,175.0,72.5,72.5,False
B13-2,2020-07-16 18:00:00,-120.12,0.0,120.12,175.0,68.6,68.6,False
B13-2,2020-07-16 20:00:00,-106.51,0.0,106.51,175.0,60.9,60.9,False
B13-2,2020-07-16 22:00:00,-90.6,0.0,90.6,175.0,51.8,51.8,False
B14,2020-07-15 00:00:00,-62.98,0.0,62.98,400.0,15.7,15.7,False
B14,2020-07-15 01:00:00,-57.51,0.0,57.51,400.0,14.4,14.4,False
B14,2020-07-15 02:00:00,-53.37,0.0,53.37,400.0,13.3,13.3,False
B14,2020-07-15 03:00:00,-52.69,0.0,52.69,400.0,13.2,13.2,False
B14,2020-07-15 04:00:00,-52.18,0.0,52.18,400.0,13.0,13.0,False
B14,2020-07-15 05:00:00,-53.96,0.0,53.96,400.0,13.5,13.5,False
B14,2020-07-15 06:00:00,-52.45,0.0,52.45,400.0,13.1,13.1,False
B14,2020-07-15 07:00:00,-52.37,0.0,52.37,400.0,13.1,13.1,False
B14,2020-07-15 08:00:00,-46.62,0.0,46.62,400.0,11.7,11.7,False
B14,2020-07-15 09:00:00,-64.89,0.0,64.89,400.0,16.2,16.2,False
B14,2020-07-15 10:00:00,-83.27,0.0,83.27,400.0,20.8,20.8,False
B14,2020-07-15 11:00:00,-93.07,0.0,93.07,400.0,23.3,23.3,False
B14,2020-07-15 12:00:00,-103.5,0.0,103.5,400.0,25.9,25.9,False
B14,2020-07-15 13:00:00,-105.27,0.0,105.27,400.0,26.3,26.3,False
B14,2020-07-15 14:00:00,-100.94,0.0,100.94,400.0,25.2,25.2,False
B14,2020-07-15 15:00:00,-85.6,0.0,85.6,400.0,21.4,21.4,False
B14,2020-07-15 16:00:00,-88.08,0.0,88.08,400.0,22.0,22.0,False
B14,2020-07-15 17:00:00,-92.81,0.0,92.81,400.0,23.2,23.2,False
B14,2020-07-15 18:00:00,-84.94,0.0,84.94,400.0,21.2,21.2,False
B14,2020-07-15 19:00:00,-85.76,0.0,85.76,400.0,21.4,21.4,False
B14,2020-07-15 20:00:00,-79.2,0.0,79.2,400.0,19.8,19.8,False
B14,2020-07-15 21:00:00,-90.22,0.0,90.22,400.0,22.6,22.6,False
B14,2020-07-15 22:00:00,-61.7,0.0,61.7,400.0,15.4,15.4,False
B14,2020-07-15 23:00:00,-62.82,0.0,62.82,400.0,15.7,15.7,False
B14,2020-07-16 00:00:00,-62.6,0.0,62.6,400.0,15.7,15.7,False
B14,2020-07-16 02:00:00,-56.5,0.0,56.5,400.0,14.1,14.1,False
B14,2020-07-16 04:00:00,-55.02,0.0,55.02,400.0,13.8,13.8,False
B14,2020-07-16 06:00:00,-72.28,0.0,72.28,400.0,18.1,18.1,False
B14,2020-07-16 08:00:00,-66.99,0.0,66.99,400.0,16.7,16.7,False
B14,2020-07-16 10:00:00,-84.4,0.0,84.4,400.0,21.1,21.1,False
B14,2020-07-16 12:00:00,-116.1,0.0,116.1,400.0,29.0,29.0,False
B14,2020-07-16 14:00:00,-123.69,0.0,123.69,400.0,30.9,30.9,False
B14,2020-07-16 16:00:00,-122.69,0.0,122.69,400.0,30.7,30.7,False
B14,2020-07-16 18:00:00,-110.13,0.0,110.13,400.0,27.5,27.5,False
B14,2020-07-16 20:00:00,-82.78,0.0,82.78,400.0,20.7,20.7,False
B14,2020-07-16 22:00:00,-85.24,0.0,85.24,400.0,21.3,21.3,False
B15,2020-07-15 00:00:00,-137.57,0.0,137.57,400.0,34.4,34.4,False
B15,2020-07-15 01:00:00,-129.3,0.0,129.3,400.0,32.3,32.3,False
B15,2020-07-15 02:00:00,-120.28,0.0,120.28,400.0,30.1,30.1,False
B15,2020-07-15 03:00:00,-120.51,0.0,120.51,400.0,30.1,30.1,False
B15,2020-07-15 04:00:00,-118.38,0.0,118.38,400.0,29.6,29.6,False
B15,2020-07-15 05:00:00,-127.93,0.0,127.93,400.0,32.0,32.0,False
B15,2020-07-15 06:00:00,-127.29,0.0,127.29,400.0,31.8,31.8,False
B15,2020-07-15 07:00:00,-122.51,0.0,122.51,400.0,30.6,30.6,False
B15,2020-07-15 08:00:00,-115.85,0.0,115.85,400.0,29.0,29.0,False
B15,2020-07-15 09:00:00,-160.25,0.0,160.25,400.0,40.1,40.1,False
B15,2020-07-15 10:00:00,-172.72,0.0,172.72,400.0,43.2,43.2,False
B15,2020-07-15 11:00:00,-186.86,0.0,186.86,400.0,46.7,46.7,False
B15,2020-07-15 12:00:00,-205.01,0.0,205.01,400.0,51.3,51.3,False
B15,2020-07-15 13:00:00,-209.5,0.0,209.5,400.0,52.4,52.4,False
B15,2020-07-15 14:00:00,-197.7,0.0,197.7,400.0,49.4,49.4,False
B15,2020-07-15 15:00:00,-170.36,0.0,170.36,400.0,42.6,42.6,False
B15,2020-07-15 16:00:00,-169.86,0.0,169.86,400.0,42.5,42.5,False
B15,2020-07-15 17:00:00,-181.16,0.0,181.16,400.0,45.3,45.3,False
B15,2020-07-15 18:00:00,-185.95,0.0,185.95,400.0,46.5,46.5,False
B15,2020-07-15 19:00:00,-189.24,0.0,189.24,400.0,47.3,47.3,False
B15,2020-07-15 20:00:00,-181.95,0.0,181.95,400.0,45.5,45.5,False
B15,2020-07-15 21:00:00,-174.96,0.0,174.96,400.0,43.7,43.7,False
B15,2020-07-15 22:00:00,-162.84,0.0,162.84,400.0,40.7,40.7,False
B15,2020-07-15 23:00:00,-137.85,0.0,137.85,400.0,34.5,34.5,False
B15,2020-07-16 00:00:00,-161.58,0.0,161.58,400.0,40.4,40.4,False
B15,2020-07-16 02:00:00,-150.59,0.0,150.59,400.0,37.6,37.6,False
B15,2020-07-16 04:00:00,-145.73,0.0,145.73,400.0,36.4,36.4,False
B15,2020-07-16 06:00:00,-169.71,0.0,169.71,400.0,42.4,42.4,False
B15,2020-07-16 08:00:00,-152.99,0.0,152.99,400.0,38.2,38.2,False
B15,2020-07-16 10:00:00,-178.2,0.0,178.2,400.0,44.6,44.6,False
B15,2020-07-16 12:00:00,-223.64,0.0,223.64,400.0,55.9,55.9,False
B15,2020-07-16 14:00:00,-234.26,0.0,234.26,400.0,58.6,58.6,False
B15,2020-07-16 16:00:00,-231.68,0.0,231.68,400.0,57.9,57.9,False
B15,2020-07-16 18:00:00,-228.57,0.0,228.57,400.0,57.1,57.1,False
B15,2020-07-16 20:00:00,-192.82,0.0,192.82,400.0,48.2,48.2,False
B15,2020-07-16 22:00:00,-195.18,0.0,195.18,400.0,48.8,48.8,False
B16,2020-07-15 00:00:00,-99.95,0.0,99.95,400.0,25.0,25.0,False
B16,2020-07-15 01:00:00,-92.32,0.0,92.32,400.0,23.1,23.1,False
B16,2020-07-15 02:00:00,-88.02,0.0,88.02,400.0,22.0,22.0,False
B16,2020-07-15 03:00:00,-85.84,0.0,85.84,400.0,21.5,21.5,False
B16,2020-07-15 04:00:00,-84.29,0.0,84.29,400.0,21.1,21.1,False
B16,2020-07-15 05:00:00,-81.17,0.0,81.17,400.0,20.3,20.3,False
B16,2020-07-15 06:00:00,-73.82,0.0,73.82,400.0,18.5,18.5,False
B16,2020-07-15 07:00:00,-80.54,0.0,80.54,400.0,20.1,20.1,False
B16,2020-07-15 08:00:00,-79.58,0.0,79.58,400.0,19.9,19.9,False
B16,2020-07-15 09:00:00,-89.05,0.0,89.05,400.0,22.3,22.3,False
B16,2020-07-15 10:00:00,-112.99,0.0,112.99,400.0,28.2,28.2,False
B16,2020-07-15 11:00:00,-124.45,0.0,124.45,400.0,31.1,31.1,False
B16,2020-07-15 12:00:00,-136.58,0.0,136.58,400.0,34.1,34.1,False
B16,2020-07-15 13:00:00,-139.52,0.0,139.52,400.0,34.9,34.9,False
B16,2020-07-15 14:00:00,-140.8,0.0,140.8,400.0,35.2,35.2,False
B16,2020-07-15 15:00:00,-120.2,0.0,120.2,400.0,30.1,30.1,False
B16,2020-07-15 16:00:00,-125.01,0.0,125.01,400.0,31.3,31.3,False
B16,2020-07-15 17:00:00,-140.43,0.0,140.43,400.0,35.1,35.1,False
B16,2020-07-15 18:00:00,-125.74,0.0,125.74,400.0,31.4,31.4,False
B16,2020-07-15 19:00:00,-122.1,0.0,122.1,400.0,30.5,30.5,False
B16,2020-07-15 20:00:00,-111.34,0.0,111.34,400.0,27.8,27.8,False
B16,2020-07-15 21:00:00,-123.3,0.0,123.3,400.0,30.8,30.8,False
B16,2020-07-15 22:00:00,-91.3,0.0,91.3,400.0,22.8,22.8,False
B16,2020-07-15 23:00:00,-98.92,0.0,98.92,400.0,24.7,24.7,False
B16,2020-07-16 00:00:00,-94.07,0.0,94.07,400.0,23.5,23.5,False
B16,2020-07-16 02:00:00,-84.15,0.0,84.15,400.0,21.0,21.0,False
B16,2020-07-16 04:00:00,-84.68,0.0,84.68,400.0,21.2,21.2,False
B16,2020-07-16 06:00:00,-106.12,0.0,106.12,400.0,26.5,26.5,False
B16,2020-07-16 08:00:00,-106.44,0.0,106.44,400.0,26.6,26.6,False
B16,2020-07-16 10:00:00,-132.15,0.0,132.15,400.0,33.0,33.0,False
B16,2020-07-16 12:00:00,-158.42,0.0,158.42,400.0,39.6,39.6,False
B16,2020-07-16 14:00:00,-170.07,0.0,170.07,400.0,42.5,42.5,False
B16,2020-07-16 16:00:00,-170.3,0.0,170.3,400.0,42.6,42.6,False
B16,2020-07-16 18:00:00,-151.11,0.0,151.11,400.0,37.8,37.8,False
B16,2020-07-16 20:00:00,-122.79,0.0,122.79,400.0,30.7,30.7,False
B16,2020-07-16 22:00:00,-111.61,0.0,111.61,400.0,27.9,27.9,False
B17,2020-07-15 00:00:00,-174.55,0.0,174.55,400.0,43.6,43.6,False
B17,2020-07-15 01:00:00,-164.11,0.0,164.11,400.0,41.0,41.0,False
B17,2020-07-15 02:00:00,-154.94,0.0,154.94,400.0,38.7,38.7,False
B17,2020-07-15 03:00:00,-153.66,0.0,153.66,400.0,38.4,38.4,False
B17,2020-07-15 04:00:00,-150.49,0.0,150.49,400.0,37.6,37.6,False
B17,2020-07-15 05:00:00,-155.15,0.0,155.15,400.0,38.8,38.8,False
B17,2020-07-15 06:00:00,-148.66,0.0,148.66,400.0,37.2,37.2,False
B17,2020-07-15 07:00:00,-150.68,0.0,150.68,400.0,37.7,37.7,False
B17,2020-07-15 08:00:00,-148.8,0.0,148.8,400.0,37.2,37.2,False
B17,2020-07-15 09:00:00,-184.41,0.0,184.41,400.0,46.1,46.1,False
B17,2020-07-15 10:00:00,-202.44,0.0,202.44,400.0,50.6,50.6,False
B17,2020-07-15 11:00:00,-218.24,0.0,218.24,400.0,54.6,54.6,False
B17,2020-07-15 12:00:00,-238.1,0.0,238.1,400.0,59.5,59.5,False
B17,2020-07-15 13:00:00,-243.75,0.0,243.75,400.0,60.9,60.9,False
B17,2020-07-15 14:00:00,-237.56,0.0,237.56,400.0,59.4,59.4,False
B17,2020-07-15 15:00:00,-204.96,0.0,204.96,400.0,51.2,51.2,False
B17,2020-07-15 16:00:00,-206.78,0.0,206.78,400.0,51.7,51.7,False
B17,2020-07-15 17:00:00,-228.78,0.0,228.78,400.0,57.2,57.2,False
B17,2020-07-15 18:00:00,-226.75,0.0,226.75,400.0,56.7,56.7,False
B17,2020-07-15 19:00:00,-225.57,0.0,225.57,400.0,56.4,56.4,False
B17,2020-07-15 20:00:00,-214.09,0.0,214.09,400.0,53.5,53.5,False
B17,2020-07-15 21:00:00,-208.04,0.0,208.04,400.0,52.0,52.0,False
B17,2020-07-15 22:00:00,-192.44,0.0,192.44,400.0,48.1,48.1,False
B17,2020-07-15 23:00:00,-173.95,0.0,173.95,400.0,43.5,43.5,False
B17,2020-07-16 00:00:00,-193.04,0.0,193.04,400.0,48.3,48.3,False
B17,2020-07-16 02:00:00,-178.23,0.0,178.23,400.0,44.6,44.6,False
B17,2020-07-16 04:00:00,-175.38,0.0,175.38,400.0,43.8,43.8,False
B17,2020-07-16 06:00:00,-203.55,0.0,203.55,400.0,50.9,50.9,False
B17,2020-07-16 08:00:00,-192.45,0.0,192.45,400.0,48.1,48.1,False
B17,2020-07-16 10:00:00,-225.95,0.0,225.95,400.0,56.5,56.5,False
B17,2020-07-16 12:00:00,-265.97,0.0,265.97,400.0,66.5,66.5,False
B17,2020-07-16 14:00:00,-280.64,0.0,280.64,400.0,70.2,70.2,False
B17,2020-07-16 16:00:00,-279.3,0.0,279.3,400.0,69.8,69.8,False
B17,2020-07-16 18:00:00,-269.55,0.0,269.55,400.0,67.4,67.4,False
B17,2020-07-16 20:00:00,-232.84,0.0,232.84,400.0,58.2,58.2,False
B17,2020-07-16 22:00:00,-221.56,0.0,221.56,400.0,55.4,55.4,False
B18,2020-07-15 00:00:00,-116.07,0.0,116.07,500.0,23.2,23.2,False
B18,2020-07-15 01:00:00,-109.06,0.0,109.06,500.0,21.8,21.8,False
B18,2020-07-15 02:00:00,-98.78,0.0,98.78,500.0,19.8,19.8,False
B18,2020-07-15 03:00:00,-100.19,0.0,100.19,500.0,20.0,20.0,False
B18,2020-07-15 04:00:00,-97.2,0.0,97.2,500.0,19.4,19.4,False
B18,2020-07-15 05:00:00,-110.95,0.0,110.95,500.0,22.2,22.2,False
B18,2020-07-15 06:00:00,-106.64,0.0,106.64,500.0,21.3,21.3,False
B18,2020-07-15 07:00:00,-95.73,0.0,95.73,500.0,19.1,19.1,False
B18,2020-07-15 08:00:00,-86.77,0.0,86.77,500.0,17.4,17.4,False
B18,2020-07-15 09:00:00,-186.58,0.0,186.58,500.0,37.3,37.3,False
B18,2020-07-15 10:00:00,-213.6,0.0,213.6,500.0,42.7,42.7,False
B18,2020-07-15 11:00:00,-225.02,0.0,225.02,500.0,45.0,45.0,False
B18,2020-07-15 12:00:00,-243.24,0.0,243.24,500.0,48.6,48.6,False
B18,2020-07-15 13:00:00,-248.97,0.0,248.97,500.0,49.8,49.8,False
B18,2020-07-15 14:00:00,-230.12,0.0,230.12,500.0,46.0,46.0,False
B18,2020-07-15 15:00:00,-184.82,0.0,184.82,500.0,37.0,37.0,False
B18,2020-07-15 16:00:00,-185.26,0.0,185.26,500.0,37.1,37.1,False
B18,2020-07-15 17:00:00,-193.25,0.0,193.25,500.0,38.7,38.7,False
B18,2020-07-15 18:00:00,-217.19,0.0,217.19,500.0,43.4,43.4,False
B18,2020-07-15 19:00:00,-237.55,0.0,237.55,500.0,47.5,47.5,False
B18,2020-07-15 20:00:00,-233.96,0.0,233.96,500.0,46.8,46.8,False
B18,2020-07-15 21:00:00,-197.01,0.0,197.01,500.0,39.4,39.4,False
B18,2020-07-15 22:00:00,-131.3,0.0,131.3,500.0,26.3,26.3,False
B18,2020-07-15 23:00:00,-114.59,0.0,114.59,500.0,22.9,22.9,False
B18,2020-07-16 00:00:00,-136.15,0.0,136.15,500.0,27.2,27.2,False
B18,2020-07-16 02:00:00,-124.79,0.0,124.79,500.0,25.0,25.0,False
B18,2020-07-16 04:00:00,-118.57,0.0,118.57,500.0,23.7,23.7,False
B18,2020-07-16 06:00:00,-137.16,0.0,137.16,500.0,27.4,27.4,False
B18,2020-07-16 08:00:00,-105.89,0.0,105.89,500.0,21.2,21.2,False
B18,2020-07-16 10:00:00,-126.02,0.0,126.02,500.0,25.2,25.2,False
B18,2020-07-16 12:00:00,-260.45,0.0,260.45,500.0,52.1,52.1,False
B18,2020-07-16 14:00:00,-268.05,0.0,268.05,500.0,53.6,53.6,False
B18,2020-07-16 16:00:00,-265.26,0.0,265.26,500.0,53.1,53.1,False
B18,2020-07-16 18:00:00,-277.55,0.0,277.55,500.0,55.5,55.5,False
B18,2020-07-16 20:00:00,-201.14,0.0,201.14,500.0,40.2,40.2,False
B18,2020-07-16 22:00:00,-160.94,0.0,160.94,500.0,32.2,32.2,False
B19,2020-07-15 00:00:00,-52.68,0.0,52.68,500.0,10.5,10.5,False
B19,2020-07-15 01:00:00,-46.66,0.0,46.66,500.0,9.3,9.3,False
B19,2020-07-15 02:00:00,-48.61,0.0,48.61,500.0,9.7,9.7,False
B19,2020-07-15 03:00:00,-44.27,0.0,44.27,500.0,8.9,8.9,False
B19,2020-07-15 04:00:00,-45.24,0.0,45.24,500.0,9.0,9.0,False
B19,2020-07-15 05:00:00,-29.73,0.0,29.73,500.0,5.9,5.9,False
B19,2020-07-15 06:00:00,-21.24,0.0,21.24,500.0,4.2,4.2,False
B19,2020-07-15 07:00:00,-35.41,0.0,35.41,500.0,7.1,7.1,False
B19,2020-07-15 08:00:00,-42.25,0.0,42.25,500.0,8.5,8.5,False
B19,2020-07-15 09:00:00,29.15,0.0,29.15,500.0,5.8,5.8,False
B19,2020-07-15 10:00:00,13.77,0.0,13.77,500.0,2.8,2.8,False
B19,2020-07-15 11:00:00,4.04,0.0,4.04,500.0,0.8,0.8,False
B19,2020-07-15 12:00:00,-1.08,0.0,1.08,500.0,0.2,0.2,False
B19,2020-07-15 13:00:00,0.64,0.0,0.64,500.0,0.1,0.1,False
B19,2020-07-15 14:00:00,-15.35,0.0,15.35,500.0,3.1,3.1,False
B19,2020-07-15 15:00:00,-23.44,0.0,23.44,500.0,4.7,4.7,False
B19,2020-07-15 16:00:00,-30.27,0.0,30.27,500.0,6.1,6.1,False
B19,2020-07-15 17:00:00,-45.88,0.0,45.88,500.0,9.2,9.2,False
B19,2020-07-15 18:00:00,0.55,0.0,0.55,500.0,0.1,0.1,False
B19,2020-07-15 19:00:00,23.65,0.0,23.65,500.0,4.7,4.7,False
B19,2020-07-15 20:00:00,37.31,0.0,37.31,500.0,7.5,7.5,False
B19,2020-07-15 21:00:00,-16.52,0.0,16.52,500.0,3.3,3.3,False
B19,2020-07-15 22:00:00,-27.85,0.0,27.85,500.0,5.6,5.6,False
B19,2020-07-15 23:00:00,-52.68,0.0,52.68,500.0,10.5,10.5,False
B19,2020-07-16 00:00:00,-26.43,0.0,26.43,500.0,5.3,5.3,False
B19,2020-07-16 02:00:00,-20.96,0.0,20.96,500.0,4.2,4.2,False
B19,2020-07-16 04:00:00,-27.16,0.0,27.16,500.0,5.4,5.4,False
B19,2020-07-16 06:00:00,-47.18,0.0,47.18,500.0,9.4,9.4,False
B19,2020-07-16 08:00:00,-73.9,0.0,73.9,500.0,14.8,14.8,False
B19,2020-07-16 10:00:00,-96.58,0.0,96.58,500.0,19.3,19.3,False
B19,2020-07-16 12:00:00,-19.97,0.0,19.97,500.0,4.0,4.0,False
B19,2020-07-16 14:00:00,-31.49,0.0,31.49,500.0,6.3,6.3,False
B19,2020-07-16 16:00:00,-33.56,0.0,33.56,500.0,6.7,6.7,False
B19,2020-07-16 18:00:00,10.37,0.0,10.37,500.0,2.1,2.1,False
B19,2020-07-16 20:00:00,-10.37,0.0,10.37,500.0,2.1,2.1,False
B19,2020-07-16 22:00:00,-40.96,0.0,40.96,500.0,8.2,8.2,False
B20,2020-07-15 00:00:00,14.48,0.0,14.48,500.0,2.9,2.9,False
B20,2020-07-15 01:00:00,16.58,0.0,16.58,500.0,3.3,3.3,False
B20,2020-07-15 02:00:00,18.32,0.0,18.32,500.0,3.7,3.7,False
B20,2020-07-15 03:00:00,18.49,0.0,18.49,500.0,3.7,3.7,False
B20,2020-07-15 04:00:00,18.65,0.0,18.65,500.0,3.7,3.7,False
B20,2020-07-15 05:00:00,18.5,0.0,18.5,500.0,3.7,3.7,False
B20,2020-07-15 06:00:00,24.34,0.0,24.34,500.0,4.9,4.9,False
B20,2020-07-15 07:00:00,27.01,0.0,27.01,500.0,5.4,5.4,False
B20,2020-07-15 08:00:00,34.37,0.0,34.37,500.0,6.9,6.9,False
B20,2020-07-15 09:00:00,-19.69,0.0,19.69,500.0,3.9,3.9,False
B20,2020-07-15 10:00:00,-57.06,0.0,57.06,500.0,11.4,11.4,False
B20,2020-07-15 11:00:00,-60.9,0.0,60.9,500.0,12.2,12.2,False
B20,2020-07-15 12:00:00,-65.58,0.0,65.58,500.0,13.1,13.1,False
B20,2020-07-15 13:00:00,-66.56,0.0,66.56,500.0,13.3,13.3,False
B20,2020-07-15 14:00:00,-60.79,0.0,60.79,500.0,12.2,12.2,False
B20,2020-07-15 15:00:00,-36.5,0.0,36.5,500.0,7.3,7.3,False
B20,2020-07-15 16:00:00,-42.15,0.0,42.15,500.0,8.4,8.4,False
B20,2020-07-15 17:00:00,-38.63,0.0,38.63,500.0,7.7,7.7,False
B20,2020-07-15 18:00:00,-40.42,0.0,40.42,500.0,8.1,8.1,False
B20,2020-07-15 19:00:00,-56.47,0.0,56.47,500.0,11.3,11.3,False
B20,2020-07-15 20:00:00,-54.14,0.0,54.14,500.0,10.8,10.8,False
B20,2020-07-15 21:00:00,-48.72,0.0,48.72,500.0,9.7,9.7,False
B20,2020-07-15 22:00:00,45.69,0.0,45.69,500.0,9.1,9.1,False
B20,2020-07-15 23:00:00,16.71,0.0,16.71,500.0,3.3,3.3,False
B20,2020-07-16 00:00:00,37.06,0.0,37.06,500.0,7.4,7.4,False
B20,2020-07-16 02:00:00,39.86,0.0,39.86,500.0,8.0,8.0,False
B20,2020-07-16 04:00:00,40.17,0.0,40.17,500.0,8.0,8.0,False
B20,2020-07-16 06:00:00,33.34,0.0,33.34,500.0,6.7,6.7,False
B20,2020-07-16 08:00:00,44.62,0.0,44.62,500.0,8.9,8.9,False
B20,2020-07-16 10:00:00,38.14,0.0,38.14,500.0,7.6,7.6,False
B20,2020-07-16 12:00:00,-72.25,0.0,72.25,500.0,14.4,14.4,False
B20,2020-07-16 14:00:00,-74.54,0.0,74.54,500.0,14.9,14.9,False
B20,2020-07-16 16:00:00,-74.52,0.0,74.52,500.0,14.9,14.9,False
B20,2020-07-16 18:00:00,-70.28,0.0,70.28,500.0,14.1,14.1,False
B20,2020-07-16 20:00:00,-8.56,0.0,8.56,500.0,1.7,1.7,False
B20,2020-07-16 22:00:00,31.47,0.0,31.47,500.0,6.3,6.3,False
B21,2020-07-15 00:00:00,-217.42,0.0,217.42,500.0,43.5,43.5,False
B21,2020-07-15 01:00:00,-200.87,0.0,200.87,500.0,40.2,40.2,False
B21,2020-07-15 02:00:00,-184.54,0.0,184.54,500.0,36.9,36.9,False
B21,2020-07-15 03:00:00,-183.6,0.0,183.6,500.0,36.7,36.7,False
B21,2020-07-15 04:00:00,-178.48,0.0,178.48,500.0,35.7,35.7,False
B21,2020-07-15 05:00:00,-192.15,0.0,192.15,500.0,38.4,38.4,False
B21,2020-07-15 06:00:00,-186.9,0.0,186.9,500.0,37.4,37.4,False
B21,2020-07-15 07:00:00,-183.42,0.0,183.42,500.0,36.7,36.7,False
B21,2020-07-15 08:00:00,-182.36,0.0,182.36,500.0,36.5,36.5,False
B21,2020-07-15 09:00:00,-149.18,0.0,149.18,500.0,29.8,29.8,False
B21,2020-07-15 10:00:00,-142.38,0.0,142.38,500.0,28.5,28.5,False
B21,2020-07-15 11:00:00,-167.94,0.0,167.94,500.0,33.6,33.6,False
B21,2020-07-15 12:00:00,-201.96,0.0,201.96,500.0,40.4,40.4,False
B21,2020-07-15 13:00:00,-210.21,0.0,210.21,500.0,42.0,42.0,False
B21,2020-07-15 14:00:00,-178.19,0.0,178.19,500.0,35.6,35.6,False
B21,2020-07-15 15:00:00,-189.1,0.0,189.1,500.0,37.8,37.8,False
B21,2020-07-15 16:00:00,-196.75,0.0,196.75,500.0,39.3,39.3,False
B21,2020-07-15 17:00:00,-197.87,0.0,197.87,500.0,39.6,39.6,False
B21,2020-07-15 18:00:00,-178.25,0.0,178.25,500.0,35.6,35.6,False
B21,2020-07-15 19:00:00,-164.4,0.0,164.4,500.0,32.9,32.9,False
B21,2020-07-15 20:00:00,-148.03,0.0,148.03,500.0,29.6,29.6,False
B21,2020-07-15 21:00:00,-219.28,0.0,219.28,500.0,43.9,43.9,False
B21,2020-07-15 22:00:00,-207.13,0.0,207.13,500.0,41.4,41.4,False
B21,2020-07-15 23:00:00,-219.04,0.0,219.04,500.0,43.8,43.8,False
B21,2020-07-16 00:00:00,-197.59,0.0,197.59,500.0,39.5,39.5,False
B21,2020-07-16 02:00:00,-173.78,0.0,173.78,500.0,34.8,34.8,False
B21,2020-07-16 04:00:00,-167.31,0.0,167.31,500.0,33.5,33.5,False
B21,2020-07-16 06:00:00,-212.55,0.0,212.55,500.0,42.5,42.5,False
B21,2020-07-16 08:00:00,-196.42,0.0,196.42,500.0,39.3,39.3,False
B21,2020-07-16 10:00:00,-248.35,0.0,248.35,500.0,49.7,49.7,False
B21,2020-07-16 12:00:00,-223.26,0.0,223.26,500.0,44.7,44.7,False
B21,2020-07-16 14:00:00,-246.15,0.0,246.15,500.0,49.2,49.2,False
B21,2020-07-16 16:00:00,-242.29,0.0,242.29,500.0,48.5,48.5,False
B21,2020-07-16 18:00:00,-233.79,0.0,233.79,500.0,46.8,46.8,False
B21,2020-07-16 20:00:00,-223.04,0.0,223.04,500.0,44.6,44.6,False
B21,2020-07-16 22:00:00,-253.26,0.0,253.26,500.0,50.7,50.7,False
B22,2020-07-15 00:00:00,-250.4,0.0,250.4,500.0,50.1,50.1,False
B22,2020-07-15 01:00:00,-233.1,0.0,233.1,500.0,46.6,46.6,False
B22,2020-07-15 02:00:00,-215.85,0.0,215.85,500.0,43.2,43.2,False
B22,2020-07-15 03:00:00,-214.9,0.0,214.9,500.0,43.0,43.0,False
B22,2020-07-15 04:00:00,-209.28,0.0,209.28,500.0,41.9,41.9,False
B22,2020-07-15 05:00:00,-224.44,0.0,224.44,500.0,44.9,44.9,False
B22,2020-07-15 06:00:00,-221.81,0.0,221.81,500.0,44.4,44.4,False
B22,2020-07-15 07:00:00,-219.4,0.0,219.4,500.0,43.9,43.9,False
B22,2020-07-15 08:00:00,-222.29,0.0,222.29,500.0,44.5,44.5,False
B22,2020-07-15 09:00:00,-155.47,0.0,155.47,500.0,31.1,31.1,False
B22,2020-07-15 10:00:00,-127.26,0.0,127.26,500.0,25.5,25.5,False
B22,2020-07-15 11:00:00,-153.64,0.0,153.64,500.0,30.7,30.7,False
B22,2020-07-15 12:00:00,-189.0,0.0,189.0,500.0,37.8,37.8,False
B22,2020-07-15 13:00:00,-197.65,0.0,197.65,500.0,39.5,39.5,False
B22,2020-07-15 14:00:00,-165.13,0.0,165.13,500.0,33.0,33.0,False
B22,2020-07-15 15:00:00,-190.7,0.0,190.7,500.0,38.1,38.1,False
B22,2020-07-15 16:00:00,-196.11,0.0,196.11,500.0,39.2,39.2,False
B22,2020-07-15 17:00:00,-199.3,0.0,199.3,500.0,39.9,39.9,False
B22,2020-07-15 18:00:00,-176.43,0.0,176.43,500.0,35.3,35.3,False
B22,2020-07-15 19:00:00,-152.14,0.0,152.14,500.0,30.4,30.4,False
B22,2020-07-15 20:00:00,-135.17,0.0,135.17,500.0,27.0,27.0,False
B22,2020-07-15 21:00:00,-217.6,0.0,217.6,500.0,43.5,43.5,False
B22,2020-07-15 22:00:00,-256.15,0.0,256.15,500.0,51.2,51.2,False
B22,2020-07-15 23:00:00,-253.44,0.0,253.44,500.0,50.7,50.7,False
B22,2020-07-16 00:00:00,-240.75,0.0,240.75,500.0,48.2,48.2,False
B22,2020-07-16 02:00:00,-215.75,0.0,215.75,500.0,43.2,43.2,False
B22,2020-07-16 04:00:00,-208.7,0.0,208.7,500.0,41.7,41.7,False
B22,2020-07-16 06:00:00,-255.38,0.0,255.38,500.0,51.1,51.1,False
B22,2020-07-16 08:00:00,-243.62,0.0,243.62,500.0,48.7,48.7,False
B22,2020-07-16 10:00:00,-297.94,0.0,297.94,500.0,59.6,59.6,False
B22,2020-07-16 12:00:00,-209.06,0.0,209.06,500.0,41.8,41.8,False
B22,2020-07-16 14:00:00,-233.31,0.0,233.31,500.0,46.7,46.7,False
B22,2020-07-16 16:00:00,-229.03,0.0,229.03,500.0,45.8,45.8,False
B22,2020-07-16 18:00:00,-221.89,0.0,221.89,500.0,44.4,44.4,False
B22,2020-07-16 20:00:00,-243.95,0.0,243.95,500.0,48.8,48.8,False
B22,2020-07-16 22:00:00,-299.73,0.0,299.73,500.0,59.9,59.9,False
B23,2020-07-15 00:00:00,-163.18,0.0,163.18,500.0,32.6,32.6,False
B23,2020-07-15 01:00:00,-151.18,0.0,151.18,500.0,30.2,30.2,False
B23,2020-07-15 02:00:00,-149.34,0.0,149.34,500.0,29.9,29.9,False
B23,2020-07-15 03:00:00,-143.37,0.0,143.37,500.0,28.7,28.7,False
B23,2020-07-15 04:00:00,-142.55,0.0,142.55,500.0,28.5,28.5,False
B23,2020-07-15 05:00:00,-127.85,0.0,127.85,500.0,25.6,25.6,False
B23,2020-07-15 06:00:00,-123.81,0.0,123.81,500.0,24.8,24.8,False
B23,2020-07-15 07:00:00,-145.25,0.0,145.25,500.0,29.1,29.1,False
B23,2020-07-15 08:00:00,-167.38,0.0,167.38,500.0,33.5,33.5,False
B23,2020-07-15 09:00:00,-104.47,0.0,104.47,500.0,20.9,20.9,False
B23,2020-07-15 10:00:00,-128.01,0.0,128.01,500.0,25.6,25.6,False
B23,2020-07-15 11:00:00,-145.58,0.0,145.58,500.0,29.1,29.1,False
B23,2020-07-15 12:00:00,-158.3,0.0,158.3,500.0,31.7,31.7,False
B23,2020-07-15 13:00:00,-160.57,0.0,160.57,500.0,32.1,32.1,False
B23,2020-07-15 14:00:00,-184.16,0.0,184.16,500.0,36.8,36.8,False
B23,2020-07-15 15:00:00,-193.85,0.0,193.85,500.0,38.8,38.8,False
B23,2020-07-15 16:00:00,-200.18,0.0,200.18,500.0,40.0,40.0,False
B23,2020-07-15 17:00:00,-215.78,0.0,215.78,500.0,43.2,43.2,False
B23,2020-07-15 18:00:00,-161.97,0.0,161.97,500.0,32.4,32.4,False
B23,2020-07-15 19:00:00,-133.99,0.0,133.99,500.0,26.8,26.8,False
B23,2020-07-15 20:00:00,-112.25,0.0,112.25,500.0,22.4,22.4,False
B23,2020-07-15 21:00:00,-149.08,0.0,149.08,500.0,29.8,29.8,False
B23,2020-07-15 22:00:00,-154.35,0.0,154.35,500.0,30.9,30.9,False
B23,2020-07-15 23:00:00,-168.05,0.0,168.05,500.0,33.6,33.6,False
B23,2020-07-16 00:00:00,-131.73,0.0,131.73,500.0,26.3,26.3,False
B23,2020-07-16 02:00:00,-118.1,0.0,118.1,500.0,23.6,23.6,False
B23,2020-07-16 04:00:00,-124.16,0.0,124.16,500.0,24.8,24.8,False
B23,2020-07-16 06:00:00,-159.73,0.0,159.73,500.0,31.9,31.9,False
B23,2020-07-16 08:00:00,-209.1,0.0,209.1,500.0,41.8,41.8,False
B23,2020-07-16 10:00:00,-251.99,0.0,251.99,500.0,50.4,50.4,False
B23,2020-07-16 12:00:00,-190.92,0.0,190.92,500.0,38.2,38.2,False
B23,2020-07-16 14:00:00,-212.92,0.0,212.92,500.0,42.6,42.6,False
B23,2020-07-16 16:00:00,-213.93,0.0,213.93,500.0,42.8,42.8,False
B23,2020-07-16 18:00:00,-158.91,0.0,158.91,500.0,31.8,31.8,False
B23,2020-07-16 20:00:00,-161.49,0.0,161.49,500.0,32.3,32.3,False
B23,2020-07-16 22:00:00,-166.95,0.0,166.95,500.0,33.4,33.4,False
B24,2020-07-15 00:00:00,-122.74,0.0,122.74,500.0,24.5,24.5,False
B24,2020-07-15 01:00:00,-115.54,0.0,115.54,500.0,23.1,23.1,False
B24,2020-07-15 02:00:00,-95.74,0.0,95.74,500.0,19.1,19.1,False
B24,2020-07-15 03:00:00,-104.17,0.0,104.17,500.0,20.8,20.8,False
B24,2020-07-15 04:00:00,-103.86,0.0,103.86,500.0,20.8,20.8,False
B24,2020-07-15 05:00:00,-147.61,0.0,147.61,500.0,29.5,29.5,False
B24,2020-07-15 06:00:00,-161.8,0.0,161.8,500.0,32.4,32.4,False
B24,2020-07-15 07:00:00,-132.23,0.0,132.23,500.0,26.4,26.4,False
B24,2020-07-15 08:00:00,-110.71,0.0,110.71,500.0,22.1,22.1,False
B24,2020-07-15 09:00:00,-188.78,0.0,188.78,500.0,37.8,37.8,False
B24,2020-07-15 10:00:00,-172.88,0.0,172.88,500.0,34.6,34.6,False
B24,2020-07-15 11:00:00,-192.12,0.0,192.12,500.0,38.4,38.4,False
B24,2020-07-15 12:00:00,-216.5,0.0,216.5,500.0,43.3,43.3,False
B24,2020-07-15 13:00:00,-227.66,0.0,227.66,500.0,45.5,45.5,False
B24,2020-07-15 14:00:00,-168.01,0.0,168.01,500.0,33.6,33.6,False
B24,2020-07-15 15:00:00,-154.35,0.0,154.35,500.0,30.9,30.9,False
B24,2020-07-15 16:00:00,-151.56,0.0,151.56,500.0,30.3,30.3,False
B24,2020-07-15 17:00:00,-116.08,0.0,116.08,500.0,23.2,23.2,False
B24,2020-07-15 18:00:00,-153.65,0.0,153.65,500.0,30.7,30.7,False
B24,2020-07-15 19:00:00,-176.41,0.0,176.41,500.0,35.3,35.3,False
B24,2020-07-15 20:00:00,-183.13,0.0,183.13,500.0,36.6,36.6,False
B24,2020-07-15 21:00:00,-182.62,0.0,182.62,500.0,36.5,36.5,False
B24,2020-07-15 22:00:00,-171.36,0.0,171.36,500.0,34.3,34.3,False
B24,2020-07-15 23:00:00,-117.32,0.0,117.32,500.0,23.5,23.5,False
B24,2020-07-16 00:00:00,-141.2,0.0,141.2,500.0,28.2,28.2,False
B24,2020-07-16 02:00:00,-134.7,0.0,134.7,500.0,26.9,26.9,False
B24,2020-07-16 04:00:00,-113.14,0.0,113.14,500.0,22.6,22.6,False
B24,2020-07-16 06:00:00,-177.99,0.0,177.99,500.0,35.6,35.6,False
B24,2020-07-16 08:00:00,-112.02,0.0,112.02,500.0,22.4,22.4,False
B24,2020-07-16 10:00:00,-117.24,0.0,117.24,500.0,23.4,23.4,False
B24,2020-07-16 12:00:00,-201.09,0.0,201.09,500.0,40.2,40.2,False
B24,2020-07-16 14:00:00,-201.95,0.0,201.95,500.0,40.4,40.4,False
B24,2020-07-16 16:00:00,-192.19,0.0,192.19,500.0,38.4,38.4,False
B24,2020-07-16 18:00:00,-227.09,0.0,227.09,500.0,45.4,45.4,False
B24,2020-07-16 20:00:00,-196.49,0.0,196.49,500.0,39.3,39.3,False
B24,2020-07-16 22:00:00,-234.09,0.0,234.09,500.0,46.8,46.8,False
B25-1,2020-07-15 00:00:00,-44.19,0.0,44.19,500.0,8.8,8.8,False
B25-1,2020-07-15 01:00:00,-41.49,0.0,41.49,500.0,8.3,8.3,False
B25-1,2020-07-15 02:00:00,-41.58,0.0,41.58,500.0,8.3,8.3,False
B25-1,2020-07-15 03:00:00,-40.98,0.0,40.98,500.0,8.2,8.2,False
B25-1,2020-07-15 04:00:00,-43.55,0.0,43.55,500.0,8.7,8.7,False
B25-1,2020-07-15 05:00:00,-41.77,0.0,41.77,500.0,8.4,8.4,False
B25-1,2020-07-15 06:00:00,-47.27,0.0,47.27,500.0,9.5,9.5,False
B25-1,2020-07-15 07:00:00,-90.44,0.0,90.44,500.0,18.1,18.1,False
B25-1,2020-07-15 08:00:00,-92.82,0.0,92.82,500.0,18.6,18.6,False
B25-1,2020-07-15 09:00:00,-82.0,0.0,82.0,500.0,16.4,16.4,False
B25-1,2020-07-15 10:00:00,-128.54,0.0,128.54,500.0,25.7,25.7,False
B25-1,2020-07-15 11:00:00,-148.28,0.0,148.28,500.0,29.7,29.7,False
B25-1,2020-07-15 12:00:00,-148.12,0.0,148.12,500.0,29.6,29.6,False
B25-1,2020-07-15 13:00:00,-150.05,0.0,150.05,500.0,30.0,30.0,False
B25-1,2020-07-15 14:00:00,-162.19,0.0,162.19,500.0,32.4,32.4,False
B25-1,2020-07-15 15:00:00,-163.36,0.0,163.36,500.0,32.7,32.7,False
B25-1,2020-07-15 16:00:00,-164.62,0.0,164.62,500.0,32.9,32.9,False
B25-1,2020-07-15 17:00:00,-143.55,0.0,143.55,500.0,28.7,28.7,False
B25-1,2020-07-15 18:00:00,-92.05,0.0,92.05,500.0,18.4,18.4,False
B25-1,2020-07-15 19:00:00,-86.68,0.0,86.68,500.0,17.3,17.3,False
B25-1,2020-07-15 20:00:00,-81.89,0.0,81.89,500.0,16.4,16.4,False
B25-1,2020-07-15 21:00:00,-75.95,0.0,75.95,500.0,15.2,15.2,False
B25-1,2020-07-15 22:00:00,-62.9,0.0,62.9,500.0,12.6,12.6,False
B25-1,2020-07-15 23:00:00,-66.68,0.0,66.68,500.0,13.3,13.3,False
B25-1,2020-07-16 00:00:00,-40.51,0.0,40.51,500.0,8.1,8.1,False
B25-1,2020-07-16 02:00:00,-41.63,0.0,41.63,500.0,8.3,8.3,False
B25-1,2020-07-16 04:00:00,-41.14,0.0,41.14,500.0,8.2,8.2,False
B25-1,2020-07-16 06:00:00,-46.19,0.0,46.19,500.0,9.2,9.2,False
B25-1,2020-07-16 08:00:00,-142.84,0.0,142.84,500.0,28.6,28.6,False
B25-1,2020-07-16 10:00:00,-160.38,0.0,160.38,500.0,32.1,32.1,False
B25-1,2020-07-16 12:00:00,-155.24,0.0,155.24,500.0,31.0,31.0,False
B25-1,2020-07-16 14:00:00,-159.23,0.0,159.23,500.0,31.8,31.8,False
B25-1,2020-07-16 16:00:00,-158.29,0.0,158.29,500.0,31.7,31.7,False
B25-1,2020-07-16 18:00:00,-87.47,0.0,87.47,500.0,17.5,17.5,False
B25-1,2020-07-16 20:00:00,-41.32,0.0,41.32,500.0,8.3,8.3,False
B25-1,2020-07-16 22:00:00,-9.08,0.0,9.08,500.0,1.8,1.8,False
B25-2,2020-07-15 00:00:00,-44.19,0.0,44.19,500.0,8.8,8.8,False
B25-2,2020-07-15 01:00:00,-41.49,0.0,41.49,500.0,8.3,8.3,False
B25-2,2020-07-15 02:00:00,-41.58,0.0,41.58,500.0,8.3,8.3,False
B25-2,2020-07-15 03:00:00,-40.98,0.0,40.98,500.0,8.2,8.2,False
B25-2,2020-07-15 04:00:00,-43.55,0.0,43.55,500.0,8.7,8.7,False
B25-2,2020-07-15 05:00:00,-41.77,0.0,41.77,500.0,8.4,8.4,False
B25-2,2020-07-15 06:00:00,-47.27,0.0,47.27,500.0,9.5,9.5,False
B25-2,2020-07-15 07:00:00,-90.44,0.0,90.44,500.0,18.1,18.1,False
B25-2,2020-07-15 08:00:00,-92.82,0.0,92.82,500.0,18.6,18.6,False
B25-2,2020-07-15 09:00:00,-82.0,0.0,82.0,500.0,16.4,16.4,False
B25-2,2020-07-15 10:00:00,-128.54,0.0,128.54,500.0,25.7,25.7,False
B25-2,2020-07-15 11:00:00,-148.28,0.0,148.28,500.0,29.7,29.7,False
B25-2,2020-07-15 12:00:00,-148.12,0.0,148.12,500.0,29.6,29.6,False
B25-2,2020-07-15 13:00:00,-150.05,0.0,150.05,500.0,30.0,30.0,False
B25-2,2020-07-15 14:00:00,-162.19,0.0,162.19,500.0,32.4,32.4,False
B25-2,2020-07-15 15:00:00,-163.36,0.0,163.36,500.0,32.7,32.7,False
B25-2,2020-07-15 16:00:00,-164.62,0.0,164.62,500.0,32.9,32.9,False
B25-2,2020-07-15 17:00:00,-143.55,0.0,143.55,500.0,28.7,28.7,False
B25-2,2020-07-15 18:00:00,-92.05,0.0,92.05,500.0,18.4,18.4,False
B25-2,2020-07-15 19:00:00,-86.68,0.0,86.68,500.0,17.3,17.3,False
B25-2,2020-07-15 20:00:00,-81.89,0.0,81.89,500.0,16.4,16.4,False
B25-2,2020-07-15 21:00:00,-75.95,0.0,75.95,500.0,15.2,15.2,False
B25-2,2020-07-15 22:00:00,-62.9,0.0,62.9,500.0,12.6,12.6,False
B25-2,2020-07-15 23:00:00,-66.68,0.0,66.68,500.0,13.3,13.3,False
B25-2,2020-07-16 00:00:00,-40.51,0.0,40.51,500.0,8.1,8.1,False
B25-2,2020-07-16 02:00:00,-41.63,0.0,41.63,500.0,8.3,8.3,False
B25-2,2020-07-16 04:00:00,-41.14,0.0,41.14,500.0,8.2,8.2,False
B25-2,2020-07-16 06:00:00,-46.19,0.0,46.19,500.0,9.2,9.2,False
B25-2,2020-07-16 08:00:00,-142.84,0.0,142.84,500.0,28.6,28.6,False
B25-2,2020-07-16 10:00:00,-160.38,0.0,160.38,500.0,32.1,32.1,False
B25-2,2020-07-16 12:00:00,-155.24,0.0,155.24,500.0,31.0,31.0,False
B25-2,2020-07-16 14:00:00,-159.23,0.0,159.23,500.0,31.8,31.8,False
B25-2,2020-07-16 16:00:00,-158.29,0.0,158.29,500.0,31.7,31.7,False
B25-2,2020-07-16 18:00:00,-87.47,0.0,87.47,500.0,17.5,17.5,False
B25-2,2020-07-16 20:00:00,-41.32,0.0,41.32,500.0,8.3,8.3,False
B25-2,2020-07-16 22:00:00,-9.08,0.0,9.08,500.0,1.8,1.8,False
B26,2020-07-15 00:00:00,93.55,0.0,93.55,500.0,18.7,18.7,False
B26,2020-07-15 01:00:00,84.49,0.0,84.49,500.0,16.9,16.9,False
B26,2020-07-15 02:00:00,80.63,0.0,80.63,500.0,16.1,16.1,False
B26,2020-07-15 03:00:00,78.26,0.0,78.26,500.0,15.7,15.7,False
B26,2020-07-15 04:00:00,79.34,0.0,79.34,500.0,15.9,15.9,False
B26,2020-07-15 05:00:00,75.92,0.0,75.92,500.0,15.2,15.2,False
B26,2020-07-15 06:00:00,72.05,0.0,72.05,500.0,14.4,14.4,False
B26,2020-07-15 07:00:00,71.2,0.0,71.2,500.0,14.2,14.2,False
B26,2020-07-15 08:00:00,68.69,0.0,68.69,500.0,13.7,13.7,False
B26,2020-07-15 09:00:00,62.38,0.0,62.38,500.0,12.5,12.5,False
B26,2020-07-15 10:00:00,88.92,0.0,88.92,500.0,17.8,17.8,False
B26,2020-07-15 11:00:00,106.63,0.0,106.63,500.0,21.3,21.3,False
B26,2020-07-15 12:00:00,121.84,0.0,121.84,500.0,24.4,24.4,False
B26,2020-07-15 13:00:00,120.61,0.0,120.61,500.0,24.1,24.1,False
B26,2020-07-15 14:00:00,121.23,0.0,121.23,500.0,24.2,24.2,False
B26,2020-07-15 15:00:00,113.5,0.0,113.5,500.0,22.7,22.7,False
B26,2020-07-15 16:00:00,118.48,0.0,118.48,500.0,23.7,23.7,False
B26,2020-07-15 17:00:00,124.37,0.0,124.37,500.0,24.9,24.9,False
B26,2020-07-15 18:00:00,91.26,0.0,91.26,500.0,18.3,18.3,False
B26,2020-07-15 19:00:00,78.86,0.0,78.86,500.0,15.8,15.8,False
B26,2020-07-15 20:00:00,65.08,0.0,65.08,500.0,13.0,13.0,False
B26,2020-07-15 21:00:00,95.54,0.0,95.54,500.0,19.1,19.1,False
B26,2020-07-15 22:00:00,76.78,0.0,76.78,500.0,15.4,15.4,False
B26,2020-07-15 23:00:00,83.8,0.0,83.8,500.0,16.8,16.8,False
B26,2020-07-16 00:00:00,81.53,0.0,81.53,500.0,16.3,16.3,False
B26,2020-07-16 02:00:00,73.39,0.0,73.39,500.0,14.7,14.7,False
B26,2020-07-16 04:00:00,74.12,0.0,74.12,500.0,14.8,14.8,False
B26,2020-07-16 06:00:00,101.83,0.0,101.83,500.0,20.4,20.4,False
B26,2020-07-16 08:00:00,103.21,0.0,103.21,500.0,20.6,20.6,False
B26,2020-07-16 10:00:00,134.0,0.0,134.0,500.0,26.8,26.8,False
B26,2020-07-16 12:00:00,127.8,0.0,127.8,500.0,25.6,25.6,False
B26,2020-07-16 14:00:00,141.53,0.0,141.53,500.0,28.3,28.3,False
B26,2020-07-16 16:00:00,140.3,0.0,140.3,500.0,28.1,28.1,False
B26,2020-07-16 18:00:00,100.19,0.0,100.19,500.0,20.0,20.0,False
B26,2020-07-16 20:00:00,77.55,0.0,77.55,500.0,15.5,15.5,False
B26,2020-07-16 22:00:00,125.96,0.0,125.96,500.0,25.2,25.2,False
B27,2020-07-15 00:00:00,-24.53,0.0,24.53,500.0,4.9,4.9,False
B27,2020-07-15 01:00:00,-14.58,0.0,14.58,500.0,2.9,2.9,False
B27,2020-07-15 02:00:00,-24.94,0.0,24.94,500.0,5.0,5.0,False
B27,2020-07-15 03:00:00,-15.83,0.0,15.83,500.0,3.2,3.2,False
B27,2020-07-15 04:00:00,-24.14,0.0,24.14,500.0,4.8,4.8,False
B27,2020-07-15 05:00:00,10.84,0.0,10.84,500.0,2.2,2.2,False
B27,2020-07-15 06:00:00,0.7,0.0,0.7,500.0,0.1,0.1,False
B27,2020-07-15 07:00:00,-45.82,0.0,45.82,500.0,9.2,9.2,False
B27,2020-07-15 08:00:00,-53.58,0.0,53.58,500.0,10.7,10.7,False
B27,2020-07-15 09:00:00,10.93,0.0,10.93,500.0,2.2,2.2,False
B27,2020-07-15 10:00:00,-65.7,0.0,65.7,500.0,13.1,13.1,False
B27,2020-07-15 11:00:00,-84.4,0.0,84.4,500.0,16.9,16.9,False
B27,2020-07-15 12:00:00,-75.94,0.0,75.94,500.0,15.2,15.2,False
B27,2020-07-15 13:00:00,-75.51,0.0,75.51,500.0,15.1,15.1,False
B27,2020-07-15 14:00:00,-142.04,0.0,142.04,500.0,28.4,28.4,False
B27,2020-07-15 15:00:00,-155.17,0.0,155.17,500.0,31.0,31.0,False
B27,2020-07-15 16:00:00,-161.23,0.0,161.23,500.0,32.2,32.2,False
B27,2020-07-15 17:00:00,-160.35,0.0,160.35,500.0,32.1,32.1,False
B27,2020-07-15 18:00:00,-56.06,0.0,56.06,500.0,11.2,11.2,False
B27,2020-07-15 19:00:00,-17.59,0.0,17.59,500.0,3.5,3.5,False
B27,2020-07-15 20:00:00,10.81,0.0,10.81,500.0,2.2,2.2,False
B27,2020-07-15 21:00:00,-30.39,0.0,30.39,500.0,6.1,6.1,False
B27,2020-07-15 22:00:00,14.78,0.0,14.78,500.0,3.0,3.0,False
B27,2020-07-15 23:00:00,-31.31,0.0,31.31,500.0,6.3,6.3,False
B27,2020-07-16 00:00:00,5.17,0.0,5.17,500.0,1.0,1.0,False
B27,2020-07-16 02:00:00,4.2,0.0,4.2,500.0,0.8,0.8,False
B27,2020-07-16 04:00:00,-9.01,0.0,9.01,500.0,1.8,1.8,False
B27,2020-07-16 06:00:00,2.49,0.0,2.49,500.0,0.5,0.5,False
B27,2020-07-16 08:00:00,-129.47,0.0,129.47,500.0,25.9,25.9,False
B27,2020-07-16 10:00:00,-160.45,0.0,160.45,500.0,32.1,32.1,False
B27,2020-07-16 12:00:00,-98.96,0.0,98.96,500.0,19.8,19.8,False
B27,2020-07-16 14:00:00,-121.35,0.0,121.35,500.0,24.3,24.3,False
B27,2020-07-16 16:00:00,-123.46,0.0,123.46,500.0,24.7,24.7,False
B27,2020-07-16 18:00:00,3.44,0.0,3.44,500.0,0.7,0.7,False
B27,2020-07-16 20:00:00,1.68,0.0,1.68,500.0,0.3,0.3,False
B27,2020-07-16 22:00:00,13.29,0.0,13.29,500.0,2.7,2.7,False
B28,2020-07-15 00:00:00,-212.67,0.0,212.67,500.0,42.5,42.5,False
B28,2020-07-15 01:00:00,-200.36,0.0,200.36,500.0,40.1,40.1,False
B28,2020-07-15 02:00:00,-166.47,0.0,166.47,500.0,33.3,33.3,False
B28,2020-07-15 03:00:00,-177.17,0.0,177.17,500.0,35.4,35.4,False
B28,2020-07-15 04:00:00,-166.81,0.0,166.81,500.0,33.4,33.4,False
B28,2020-07-15 05:00:00,-231.07,0.0,231.07,500.0,46.2,46.2,False
B28,2020-07-15 06:00:00,-231.46,0.0,231.46,500.0,46.3,46.3,False
B28,2020-07-15 07:00:00,-178.92,0.0,178.92,500.0,35.8,35.8,False
B28,2020-07-15 08:00:00,-135.38,0.0,135.38,500.0,27.1,27.1,False
B28,2020-07-15 09:00:00,-234.95,0.0,234.95,500.0,47.0,47.0,False
B28,2020-07-15 10:00:00,-170.37,0.0,170.37,500.0,34.1,34.1,False
B28,2020-07-15 11:00:00,-191.02,0.0,191.02,500.0,38.2,38.2,False
B28,2020-07-15 12:00:00,-241.11,0.0,241.11,500.0,48.2,48.2,False
B28,2020-07-15 13:00:00,-256.41,0.0,256.41,500.0,51.3,51.3,False
B28,2020-07-15 14:00:00,-143.94,0.0,143.94,500.0,28.8,28.8,False
B28,2020-07-15 15:00:00,-127.06,0.0,127.06,500.0,25.4,25.4,False
B28,2020-07-15 16:00:00,-124.27,0.0,124.27,500.0,24.9,24.9,False
B28,2020-07-15 17:00:00,-106.95,0.0,106.95,500.0,21.4,21.4,False
B28,2020-07-15 18:00:00,-191.23,0.0,191.23,500.0,38.2,38.2,False
B28,2020-07-15 19:00:00,-222.0,0.0,222.0,500.0,44.4,44.4,False
B28,2020-07-15 20:00:00,-231.25,0.0,231.25,500.0,46.3,46.3,False
B28,2020-07-15 21:00:00,-261.15,0.0,261.15,500.0,52.2,52.2,False
B28,2020-07-15 22:00:00,-253.67,0.0,253.67,500.0,50.7,50.7,False
B28,2020-07-15 23:00:00,-207.7,0.0,207.7,500.0,41.5,41.5,False
B28,2020-07-16 00:00:00,-273.23,0.0,273.23,500.0,54.6,54.6,False
B28,2020-07-16 02:00:00,-247.55,0.0,247.55,500.0,49.5,49.5,False
B28,2020-07-16 04:00:00,-219.22,0.0,219.22,500.0,43.8,43.8,False
B28,2020-07-16 06:00:00,-246.1,0.0,246.1,500.0,49.2,49.2,False
B28,2020-07-16 08:00:00,-109.42,0.0,109.42,500.0,21.9,21.9,False
B28,2020-07-16 10:00:00,-136.82,0.0,136.82,500.0,27.4,27.4,False
B28,2020-07-16 12:00:00,-229.03,0.0,229.03,500.0,45.8,45.8,False
B28,2020-07-16 14:00:00,-234.85,0.0,234.85,500.0,47.0,47.0,False
B28,2020-07-16 16:00:00,-223.46,0.0,223.46,500.0,44.7,44.7,False
B28,2020-07-16 18:00:00,-324.58,0.0,324.58,500.0,64.9,64.9,False
B28,2020-07-16 20:00:00,-285.43,0.0,285.43,500.0,57.1,57.1,False
B28,2020-07-16 22:00:00,-326.73,0.0,326.73,500.0,65.3,65.3,False
B29,2020-07-15 00:00:00,110.01,0.0,110.01,500.0,22.0,22.0,False
B29,2020-07-15 01:00:00,95.84,0.0,95.84,500.0,19.2,19.2,False
B29,2020-07-15 02:00:00,90.01,0.0,90.01,500.0,18.0,18.0,False
B29,2020-07-15 03:00:00,86.33,0.0,86.33,500.0,17.3,17.3,False
B29,2020-07-15 04:00:00,87.96,0.0,87.96,500.0,17.6,17.6,False
B29,2020-07-15 05:00:00,85.87,0.0,85.87,500.0,17.2,17.2,False
B29,2020-07-15 06:00:00,99.62,0.0,99.62,500.0,19.9,19.9,False
B29,2020-07-15 07:00:00,54.63,0.0,54.63,500.0,10.9,10.9,False
B29,2020-07-15 08:00:00,55.29,0.0,55.29,500.0,11.1,11.1,False
B29,2020-07-15 09:00:00,68.75,0.0,68.75,500.0,13.8,13.8,False
B29,2020-07-15 10:00:00,-58.44,0.0,58.44,500.0,11.7,11.7,False
B29,2020-07-15 11:00:00,-106.27,0.0,106.27,500.0,21.3,21.3,False
B29,2020-07-15 12:00:00,-92.41,0.0,92.41,500.0,18.5,18.5,False
B29,2020-07-15 13:00:00,-86.9,0.0,86.9,500.0,17.4,17.4,False
B29,2020-07-15 14:00:00,-84.47,0.0,84.47,500.0,16.9,16.9,False
B29,2020-07-15 15:00:00,-80.8,0.0,80.8,500.0,16.2,16.2,False
B29,2020-07-15 16:00:00,-79.42,0.0,79.42,500.0,15.9,15.9,False
B29,2020-07-15 17:00:00,-14.24,0.0,14.24,500.0,2.8,2.8,False
B29,2020-07-15 18:00:00,115.93,0.0,115.93,500.0,23.2,23.2,False
B29,2020-07-15 19:00:00,98.89,0.0,98.89,500.0,19.8,19.8,False
B29,2020-07-15 20:00:00,77.76,0.0,77.76,500.0,15.6,15.6,False
B29,2020-07-15 21:00:00,115.96,0.0,115.96,500.0,23.2,23.2,False
B29,2020-07-15 22:00:00,81.92,0.0,81.92,500.0,16.4,16.4,False
B29,2020-07-15 23:00:00,76.45,0.0,76.45,500.0,15.3,15.3,False
B29,2020-07-16 00:00:00,95.39,0.0,95.39,500.0,19.1,19.1,False
B29,2020-07-16 02:00:00,83.74,0.0,83.74,500.0,16.7,16.7,False
B29,2020-07-16 04:00:00,83.34,0.0,83.34,500.0,16.7,16.7,False
B29,2020-07-16 06:00:00,116.82,0.0,116.82,500.0,23.4,23.4,False
B29,2020-07-16 08:00:00,-125.4,0.0,125.4,500.0,25.1,25.1,False
B29,2020-07-16 10:00:00,-107.31,0.0,107.31,500.0,21.5,21.5,False
B29,2020-07-16 12:00:00,-91.49,0.0,91.49,500.0,18.3,18.3,False
B29,2020-07-16 14:00:00,-67.94,0.0,67.94,500.0,13.6,13.6,False
B29,2020-07-16 16:00:00,-71.24,0.0,71.24,500.0,14.2,14.2,False
B29,2020-07-16 18:00:00,118.78,0.0,118.78,500.0,23.8,23.8,False
B29,2020-07-16 20:00:00,169.96,0.0,169.96,500.0,34.0,34.0,False
B29,2020-07-16 22:00:00,220.5,0.0,220.5,500.0,44.1,44.1,False
B30,2020-07-15 00:00:00,5.52,0.0,5.52,500.0,1.1,1.1,False
B30,2020-07-15 01:00:00,4.11,0.0,4.11,500.0,0.8,0.8,False
B30,2020-07-15 02:00:00,3.74,0.0,3.74,500.0,0.7,0.7,False
B30,2020-07-15 03:00:00,3.34,0.0,3.34,500.0,0.7,0.7,False
B30,2020-07-15 04:00:00,3.84,0.0,3.84,500.0,0.8,0.8,False
B30,2020-07-15 05:00:00,3.23,0.0,3.23,500.0,0.6,0.6,False
B30,2020-07-15 06:00:00,3.04,0.0,3.04,500.0,0.6,0.6,False
B30,2020-07-15 07:00:00,-6.43,0.0,6.43,500.0,1.3,1.3,False
B30,2020-07-15 08:00:00,-6.25,0.0,6.25,500.0,1.2,1.2,False
B30,2020-07-15 09:00:00,-4.94,0.0,4.94,500.0,1.0,1.0,False
B30,2020-07-15 10:00:00,-8.14,0.0,8.14,500.0,1.6,1.6,False
B30,2020-07-15 11:00:00,-9.08,0.0,9.08,500.0,1.8,1.8,False
B30,2020-07-15 12:00:00,-7.6,0.0,7.6,500.0,1.5,1.5,False
B30,2020-07-15 13:00:00,-7.39,0.0,7.39,500.0,1.5,1.5,False
B30,2020-07-15 14:00:00,-6.62,0.0,6.62,500.0,1.3,1.3,False
B30,2020-07-15 15:00:00,-6.82,0.0,6.82,500.0,1.4,1.4,False
B30,2020-07-15 16:00:00,-6.54,0.0,6.54,500.0,1.3,1.3,False
B30,2020-07-15 17:00:00,-2.84,0.0,2.84,500.0,0.6,0.6,False
B30,2020-07-15 18:00:00,-0.21,0.0,0.21,500.0,0.0,0.0,False
B30,2020-07-15 19:00:00,-2.19,0.0,2.19,500.0,0.4,0.4,False
B30,2020-07-15 20:00:00,-4.42,0.0,4.42,500.0,0.9,0.9,False
B30,2020-07-15 21:00:00,1.0,0.0,1.0,500.0,0.2,0.2,False
B30,2020-07-15 22:00:00,-0.78,0.0,0.78,500.0,0.2,0.2,False
B30,2020-07-15 23:00:00,-0.48,0.0,0.48,500.0,0.1,0.1,False
B30,2020-07-16 00:00:00,3.95,0.0,3.95,500.0,0.8,0.8,False
B30,2020-07-16 02:00:00,2.82,0.0,2.82,500.0,0.6,0.6,False
B30,2020-07-16 04:00:00,3.19,0.0,3.19,500.0,0.6,0.6,False
B30,2020-07-16 06:00:00,6.37,0.0,6.37,500.0,1.3,1.3,False
B30,2020-07-16 08:00:00,-7.5,0.0,7.5,500.0,1.5,1.5,False
B30,2020-07-16 10:00:00,-7.41,0.0,7.41,500.0,1.5,1.5,False
B30,2020-07-16 12:00:00,-7.02,0.0,7.02,500.0,1.4,1.4,False
B30,2020-07-16 14:00:00,-4.74,0.0,4.74,500.0,0.9,0.9,False
B30,2020-07-16 16:00:00,-5.1,0.0,5.1,500.0,1.0,1.0,False
B30,2020-07-16 18:00:00,-0.64,0.0,0.64,500.0,0.1,0.1,False
B30,2020-07-16 20:00:00,9.69,0.0,9.69,500.0,1.9,1.9,False
B30,2020-07-16 22:00:00,20.42,0.0,20.42,500.0,4.1,4.1,False
B31-1,2020-07-15 00:00:00,-37.74,0.0,37.74,500.0,7.5,7.5,False
B31-1,2020-07-15 01:00:00,-39.67,0.0,39.67,500.0,7.9,7.9,False
B31-1,2020-07-15 02:00:00,-39.29,0.0,39.29,500.0,7.9,7.9,False
B31-1,2020-07-15 03:00:00,-39.76,0.0,39.76,500.0,8.0,8.0,False
B31-1,2020-07-15 04:00:00,-37.4,0.0,37.4,500.0,7.5,7.5,False
B31-1,2020-07-15 05:00:00,-39.28,0.0,39.28,500.0,7.9,7.9,False
B31-1,2020-07-15 06:00:00,-37.64,0.0,37.64,500.0,7.5,7.5,False
B31-1,2020-07-15 07:00:00,-67.59,0.0,67.59,500.0,13.5,13.5,False
B31-1,2020-07-15 08:00:00,-78.73,0.0,78.73,500.0,15.7,15.7,False
B31-1,2020-07-15 09:00:00,-79.05,0.0,79.05,500.0,15.8,15.8,False
B31-1,2020-07-15 10:00:00,-32.05,0.0,32.05,500.0,6.4,6.4,False
B31-1,2020-07-15 11:00:00,-12.22,0.0,12.22,500.0,2.4,2.4,False
B31-1,2020-07-15 12:00:00,-11.89,0.0,11.89,500.0,2.4,2.4,False
B31-1,2020-07-15 13:00:00,-11.63,0.0,11.63,500.0,2.3,2.3,False
B31-1,2020-07-15 14:00:00,-8.28,0.0,8.28,500.0,1.7,1.7,False
B31-1,2020-07-15 15:00:00,-8.27,0.0,8.27,500.0,1.7,1.7,False
B31-1,2020-07-15 16:00:00,-7.16,0.0,7.16,500.0,1.4,1.4,False
B31-1,2020-07-15 17:00:00,-26.63,0.0,26.63,500.0,5.3,5.3,False
B31-1,2020-07-15 18:00:00,-79.38,0.0,79.38,500.0,15.9,15.9,False
B31-1,2020-07-15 19:00:00,-83.67,0.0,83.67,500.0,16.7,16.7,False
B31-1,2020-07-15 20:00:00,-87.28,0.0,87.28,500.0,17.5,17.5,False
B31-1,2020-07-15 21:00:00,-55.79,0.0,55.79,500.0,11.2,11.2,False
B31-1,2020-07-15 22:00:00,-65.4,0.0,65.4,500.0,13.1,13.1,False
B31-1,2020-07-15 23:00:00,-58.81,0.0,58.81,500.0,11.8,11.8,False
B31-1,2020-07-16 00:00:00,-40.55,0.0,40.55,500.0,8.1,8.1,False
B31-1,2020-07-16 02:00:00,-39.67,0.0,39.67,500.0,7.9,7.9,False
B31-1,2020-07-16 04:00:00,-39.42,0.0,39.42,500.0,7.9,7.9,False
B31-1,2020-07-16 06:00:00,-36.06,0.0,36.06,500.0,7.2,7.2,False
B31-1,2020-07-16 08:00:00,1.04,0.0,1.04,500.0,0.2,0.2,False
B31-1,2020-07-16 10:00:00,-7.36,0.0,7.36,500.0,1.5,1.5,False
B31-1,2020-07-16 12:00:00,-12.85,0.0,12.85,500.0,2.6,2.6,False
B31-1,2020-07-16 14:00:00,-10.11,0.0,10.11,500.0,2.0,2.0,False
B31-1,2020-07-16 16:00:00,-10.83,0.0,10.83,500.0,2.2,2.2,False
B31-1,2020-07-16 18:00:00,-83.76,0.0,83.76,500.0,16.8,16.8,False
B31-1,2020-07-16 20:00:00,-42.58,0.0,42.58,500.0,8.5,8.5,False
B31-1,2020-07-16 22:00:00,3.92,0.0,3.92,500.0,0.8,0.8,False
B31-2,2020-07-15 00:00:00,-37.74,0.0,37.74,500.0,7.5,7.5,False
B31-2,2020-07-15 01:00:00,-39.67,0.0,39.67,500.0,7.9,7.9,False
B31-2,2020-07-15 02:00:00,-39.29,0.0,39.29,500.0,7.9,7.9,False
B31-2,2020-07-15 03:00:00,-39.76,0.0,39.76,500.0,8.0,8.0,False
B31-2,2020-07-15 04:00:00,-37.4,0.0,37.4,500.0,7.5,7.5,False
B31-2,2020-07-15 05:00:00,-39.28,0.0,39.28,500.0,7.9,7.9,False
B31-2,2020-07-15 06:00:00,-37.64,0.0,37.64,500.0,7.5,7.5,False
B31-2,2020-07-15 07:00:00,-67.59,0.0,67.59,500.0,13.5,13.5,False
B31-2,2020-07-15 08:00:00,-78.73,0.0,78.73,500.0,15.7,15.7,False
B31-2,2020-07-15 09:00:00,-79.05,0.0,79.05,500.0,15.8,15.8,False
B31-2,2020-07-15 10:00:00,-32.05,0.0,32.05,500.0,6.4,6.4,False
B31-2,2020-07-15 11:00:00,-12.22,0.0,12.22,500.0,2.4,2.4,False
B31-2,2020-07-15 12:00:00,-11.89,0.0,11.89,500.0,2.4,2.4,False
B31-2,2020-07-15 13:00:00,-11.63,0.0,11.63,500.0,2.3,2.3,False
B31-2,2020-07-15 14:00:00,-8.28,0.0,8.28,500.0,1.7,1.7,False
B31-2,2020-07-15 15:00:00,-8.27,0.0,8.27,500.0,1.7,1.7,False
B31-2,2020-07-15 16:00:00,-7.16,0.0,7.16,500.0,1.4,1.4,False
B31-2,2020-07-15 17:00:00,-26.63,0.0,26.63,500.0,5.3,5.3,False
B31-2,2020-07-15 18:00:00,-79.38,0.0,79.38,500.0,15.9,15.9,False
B31-2,2020-07-15 19:00:00,-83.67,0.0,83.67,500.0,16.7,16.7,False
B31-2,2020-07-15 20:00:00,-87.28,0.0,87.28,500.0,17.5,17.5,False
B31-2,2020-07-15 21:00:00,-55.79,0.0,55.79,500.0,11.2,11.2,False
B31-2,2020-07-15 22:00:00,-65.4,0.0,65.4,500.0,13.1,13.1,False
B31-2,2020-07-15 23:00:00,-58.81,0.0,58.81,500.0,11.8,11.8,False
B31-2,2020-07-16 00:00:00,-40.55,0.0,40.55,500.0,8.1,8.1,False
B31-2,2020-07-16 02:00:00,-39.67,0.0,39.67,500.0,7.9,7.9,False
B31-2,2020-07-16 04:00:00,-39.42,0.0,39.42,500.0,7.9,7.9,False
B31-2,2020-07-16 06:00:00,-36.06,0.0,36.06,500.0,7.2,7.2,False
B31-2,2020-07-16 08:00:00,1.04,0.0,1.04,500.0,0.2,0.2,False
B31-2,2020-07-16 10:00:00,-7.36,0.0,7.36,500.0,1.5,1.5,False
B31-2,2020-07-16 12:00:00,-12.85,0.0,12.85,500.0,2.6,2.6,False
B31-2,2020-07-16 14:00:00,-10.11,0.0,10.11,500.0,2.0,2.0,False
B31-2,2020-07-16 16:00:00,-10.83,0.0,10.83,500.0,2.2,2.2,False
B31-2,2020-07-16 18:00:00,-83.76,0.0,83.76,500.0,16.8,16.8,False
B31-2,2020-07-16 20:00:00,-42.58,0.0,42.58,500.0,8.5,8.5,False
B31-2,2020-07-16 22:00:00,3.92,0.0,3.92,500.0,0.8,0.8,False
B32-1,2020-07-15 00:00:00,-158.08,0.0,158.08,500.0,31.6,31.6,False
B32-1,2020-07-15 01:00:00,-149.14,0.0,149.14,500.0,29.8,29.8,False
B32-1,2020-07-15 02:00:00,-130.42,0.0,130.42,500.0,26.1,26.1,False
B32-1,2020-07-15 03:00:00,-135.02,0.0,135.02,500.0,27.0,27.0,False
B32-1,2020-07-15 04:00:00,-129.0,0.0,129.0,500.0,25.8,25.8,False
B32-1,2020-07-15 05:00:00,-161.49,0.0,161.49,500.0,32.3,32.3,False
B32-1,2020-07-15 06:00:00,-163.63,0.0,163.63,500.0,32.7,32.7,False
B32-1,2020-07-15 07:00:00,-140.64,0.0,140.64,500.0,28.1,28.1,False
B32-1,2020-07-15 08:00:00,-126.16,0.0,126.16,500.0,25.2,25.2,False
B32-1,2020-07-15 09:00:00,-179.92,0.0,179.92,500.0,36.0,36.0,False
B32-1,2020-07-15 10:00:00,-151.44,0.0,151.44,500.0,30.3,30.3,False
B32-1,2020-07-15 11:00:00,-165.42,0.0,165.42,500.0,33.1,33.1,False
B32-1,2020-07-15 12:00:00,-194.04,0.0,194.04,500.0,38.8,38.8,False
B32-1,2020-07-15 13:00:00,-203.53,0.0,203.53,500.0,40.7,40.7,False
B32-1,2020-07-15 14:00:00,-150.84,0.0,150.84,500.0,30.2,30.2,False
B32-1,2020-07-15 15:00:00,-143.11,0.0,143.11,500.0,28.6,28.6,False
B32-1,2020-07-15 16:00:00,-141.48,0.0,141.48,500.0,28.3,28.3,False
B32-1,2020-07-15 17:00:00,-132.94,0.0,132.94,500.0,26.6,26.6,False
B32-1,2020-07-15 18:00:00,-171.63,0.0,171.63,500.0,34.3,34.3,False
B32-1,2020-07-15 19:00:00,-184.74,0.0,184.74,500.0,36.9,36.9,False
B32-1,2020-07-15 20:00:00,-185.6,0.0,185.6,500.0,37.1,37.1,False
B32-1,2020-07-15 21:00:00,-192.42,0.0,192.42,500.0,38.5,38.5,False
B32-1,2020-07-15 22:00:00,-186.05,0.0,186.05,500.0,37.2,37.2,False
B32-1,2020-07-15 23:00:00,-157.85,0.0,157.85,500.0,31.6,31.6,False
B32-1,2020-07-16 00:00:00,-185.93,0.0,185.93,500.0,37.2,37.2,False
B32-1,2020-07-16 02:00:00,-169.26,0.0,169.26,500.0,33.9,33.9,False
B32-1,2020-07-16 04:00:00,-155.06,0.0,155.06,500.0,31.0,31.0,False
B32-1,2020-07-16 06:00:00,-175.75,0.0,175.75,500.0,35.1,35.1,False
B32-1,2020-07-16 08:00:00,-117.99,0.0,117.99,500.0,23.6,23.6,False
B32-1,2020-07-16 10:00:00,-141.11,0.0,141.11,500.0,28.2,28.2,False
B32-1,2020-07-16 12:00:00,-194.46,0.0,194.46,500.0,38.9,38.9,False
B32-1,2020-07-16 14:00:00,-202.25,0.0,202.25,500.0,40.5,40.5,False
B32-1,2020-07-16 16:00:00,-196.06,0.0,196.06,500.0,39.2,39.2,False
B32-1,2020-07-16 18:00:00,-241.46,0.0,241.46,500.0,48.3,48.3,False
B32-1,2020-07-16 20:00:00,-213.41,0.0,213.41,500.0,42.7,42.7,False
B32-1,2020-07-16 22:00:00,-222.31,0.0,222.31,500.0,44.5,44.5,False
B32-2,2020-07-15 00:00:00,-158.08,0.0,158.08,500.0,31.6,31.6,False
B32-2,2020-07-15 01:00:00,-149.14,0.0,149.14,500.0,29.8,29.8,False
B32-2,2020-07-15 02:00:00,-130.42,0.0,130.42,500.0,26.1,26.1,False
B32-2,2020-07-15 03:00:00,-135.02,0.0,135.02,500.0,27.0,27.0,False
B32-2,2020-07-15 04:00:00,-129.0,0.0,129.0,500.0,25.8,25.8,False
B32-2,2020-07-15 05:00:00,-161.49,0.0,161.49,500.0,32.3,32.3,False
B32-2,2020-07-15 06:00:00,-163.63,0.0,163.63,500.0,32.7,32.7,False
B32-2,2020-07-15 07:00:00,-140.64,0.0,140.64,500.0,28.1,28.1,False
B32-2,2020-07-15 08:00:00,-126.16,0.0,126.16,500.0,25.2,25.2,False
B32-2,2020-07-15 09:00:00,-179.92,0.0,179.92,500.0,36.0,36.0,False
B32-2,2020-07-15 10:00:00,-151.44,0.0,151.44,500.0,30.3,30.3,False
B32-2,2020-07-15 11:00:00,-165.42,0.0,165.42,500.0,33.1,33.1,False
B32-2,2020-07-15 12:00:00,-194.04,0.0,194.04,500.0,38.8,38.8,False
B32-2,2020-07-15 13:00:00,-203.53,0.0,203.53,500.0,40.7,40.7,False
B32-2,2020-07-15 14:00:00,-150.84,0.0,150.84,500.0,30.2,30.2,False
B32-2,2020-07-15 15:00:00,-143.11,0.0,143.11,500.0,28.6,28.6,False
B32-2,2020-07-15 16:00:00,-141.48,0.0,141.48,500.0,28.3,28.3,False
B32-2,2020-07-15 17:00:00,-132.94,0.0,132.94,500.0,26.6,26.6,False
B32-2,2020-07-15 18:00:00,-171.63,0.0,171.63,500.0,34.3,34.3,False
B32-2,2020-07-15 19:00:00,-184.74,0.0,184.74,500.0,36.9,36.9,False
B32-2,2020-07-15 20:00:00,-185.6,0.0,185.6,500.0,37.1,37.1,False
B32-2,2020-07-15 21:00:00,-192.42,0.0,192.42,500.0,38.5,38.5,False
B32-2,2020-07-15 22:00:00,-186.05,0.0,186.05,500.0,37.2,37.2,False
B32-2,2020-07-15 23:00:00,-157.85,0.0,157.85,500.0,31.6,31.6,False
B32-2,2020-07-16 00:00:00,-185.93,0.0,185.93,500.0,37.2,37.2,False
B32-2,2020-07-16 02:00:00,-169.26,0.0,169.26,500.0,33.9,33.9,False
B32-2,2020-07-16 04:00:00,-155.06,0.0,155.06,500.0,31.0,31.0,False
B32-2,2020-07-16 06:00:00,-175.75,0.0,175.75,500.0,35.1,35.1,False
B32-2,2020-07-16 08:00:00,-117.99,0.0,117.99,500.0,23.6,23.6,False
B32-2,2020-07-16 10:00:00,-141.11,0.0,141.11,500.0,28.2,28.2,False
B32-2,2020-07-16 12:00:00,-194.46,0.0,194.46,500.0,38.9,38.9,False
B32-2,2020-07-16 14:00:00,-202.25,0.0,202.25,500.0,40.5,40.5,False
B32-2,2020-07-16 16:00:00,-196.06,0.0,196.06,500.0,39.2,39.2,False
B32-2,2020-07-16 18:00:00,-241.46,0.0,241.46,500.0,48.3,48.3,False
B32-2,2020-07-16 20:00:00,-213.41,0.0,213.41,500.0,42.7,42.7,False
B32-2,2020-07-16 22:00:00,-222.31,0.0,222.31,500.0,44.5,44.5,False
B33-1,2020-07-15 00:00:00,-195.52,0.0,195.52,500.0,39.1,39.1,False
B33-1,2020-07-15 01:00:00,-184.62,0.0,184.62,500.0,36.9,36.9,False
B33-1,2020-07-15 02:00:00,-164.67,0.0,164.67,500.0,32.9,32.9,False
B33-1,2020-07-15 03:00:00,-168.72,0.0,168.72,500.0,33.7,33.7,False
B33-1,2020-07-15 04:00:00,-162.11,0.0,162.11,500.0,32.4,32.4,False
B33-1,2020-07-15 05:00:00,-194.81,0.0,194.81,500.0,39.0,39.0,False
B33-1,2020-07-15 06:00:00,-197.74,0.0,197.74,500.0,39.5,39.5,False
B33-1,2020-07-15 07:00:00,-176.57,0.0,176.57,500.0,35.3,35.3,False
B33-1,2020-07-15 08:00:00,-167.91,0.0,167.91,500.0,33.6,33.6,False
B33-1,2020-07-15 09:00:00,-224.6,0.0,224.6,500.0,44.9,44.9,False
B33-1,2020-07-15 10:00:00,-198.82,0.0,198.82,500.0,39.8,39.8,False
B33-1,2020-07-15 11:00:00,-215.37,0.0,215.37,500.0,43.1,43.1,False
B33-1,2020-07-15 12:00:00,-246.63,0.0,246.63,500.0,49.3,49.3,False
B33-1,2020-07-15 13:00:00,-257.31,0.0,257.31,500.0,51.5,51.5,False
B33-1,2020-07-15 14:00:00,-207.17,0.0,207.17,500.0,41.4,41.4,False
B33-1,2020-07-15 15:00:00,-199.74,0.0,199.74,500.0,39.9,39.9,False
B33-1,2020-07-15 16:00:00,-197.95,0.0,197.95,500.0,39.6,39.6,False
B33-1,2020-07-15 17:00:00,-189.99,0.0,189.99,500.0,38.0,38.0,False
B33-1,2020-07-15 18:00:00,-226.26,0.0,226.26,500.0,45.3,45.3,False
B33-1,2020-07-15 19:00:00,-237.77,0.0,237.77,500.0,47.6,47.6,False
B33-1,2020-07-15 20:00:00,-235.98,0.0,235.98,500.0,47.2,47.2,False
B33-1,2020-07-15 21:00:00,-236.15,0.0,236.15,500.0,47.2,47.2,False
B33-1,2020-07-15 22:00:00,-228.83,0.0,228.83,500.0,45.8,45.8,False
B33-1,2020-07-15 23:00:00,-196.85,0.0,196.85,500.0,39.4,39.4,False
B33-1,2020-07-16 00:00:00,-221.67,0.0,221.67,500.0,44.3,44.3,False
B33-1,2020-07-16 02:00:00,-202.18,0.0,202.18,500.0,40.4,40.4,False
B33-1,2020-07-16 04:00:00,-188.09,0.0,188.09,500.0,37.6,37.6,False
B33-1,2020-07-16 06:00:00,-213.89,0.0,213.89,500.0,42.8,42.8,False
B33-1,2020-07-16 08:00:00,-163.68,0.0,163.68,500.0,32.7,32.7,False
B33-1,2020-07-16 10:00:00,-193.4,0.0,193.4,500.0,38.7,38.7,False
B33-1,2020-07-16 12:00:00,-251.86,0.0,251.86,500.0,50.4,50.4,False
B33-1,2020-07-16 14:00:00,-263.09,0.0,263.09,500.0,52.6,52.6,False
B33-1,2020-07-16 16:00:00,-256.56,0.0,256.56,500.0,51.3,51.3,False
B33-1,2020-07-16 18:00:00,-298.31,0.0,298.31,500.0,59.7,59.7,False
B33-1,2020-07-16 20:00:00,-264.27,0.0,264.27,500.0,52.9,52.9,False
B33-1,2020-07-16 22:00:00,-264.73,0.0,264.73,500.0,52.9,52.9,False
B33-2,2020-07-15 00:00:00,-195.52,0.0,195.52,500.0,39.1,39.1,False
B33-2,2020-07-15 01:00:00,-184.62,0.0,184.62,500.0,36.9,36.9,False
B33-2,2020-07-15 02:00:00,-164.67,0.0,164.67,500.0,32.9,32.9,False
B33-2,2020-07-15 03:00:00,-168.72,0.0,168.72,500.0,33.7,33.7,False
B33-2,2020-07-15 04:00:00,-162.11,0.0,162.11,500.0,32.4,32.4,False
B33-2,2020-07-15 05:00:00,-194.81,0.0,194.81,500.0,39.0,39.0,False
B33-2,2020-07-15 06:00:00,-197.74,0.0,197.74,500.0,39.5,39.5,False
B33-2,2020-07-15 07:00:00,-176.57,0.0,176.57,500.0,35.3,35.3,False
B33-2,2020-07-15 08:00:00,-167.91,0.0,167.91,500.0,33.6,33.6,False
B33-2,2020-07-15 09:00:00,-224.6,0.0,224.6,500.0,44.9,44.9,False
B33-2,2020-07-15 10:00:00,-198.82,0.0,198.82,500.0,39.8,39.8,False
B33-2,2020-07-15 11:00:00,-215.37,0.0,215.37,500.0,43.1,43.1,False
B33-2,2020-07-15 12:00:00,-246.63,0.0,246.63,500.0,49.3,49.3,False
B33-2,2020-07-15 13:00:00,-257.31,0.0,257.31,500.0,51.5,51.5,False
B33-2,2020-07-15 14:00:00,-207.17,0.0,207.17,500.0,41.4,41.4,False
B33-2,2020-07-15 15:00:00,-199.74,0.0,199.74,500.0,39.9,39.9,False
B33-2,2020-07-15 16:00:00,-197.95,0.0,197.95,500.0,39.6,39.6,False
B33-2,2020-07-15 17:00:00,-189.99,0.0,189.99,500.0,38.0,38.0,False
B33-2,2020-07-15 18:00:00,-226.26,0.0,226.26,500.0,45.3,45.3,False
B33-2,2020-07-15 19:00:00,-237.77,0.0,237.77,500.0,47.6,47.6,False
B33-2,2020-07-15 20:00:00,-235.98,0.0,235.98,500.0,47.2,47.2,False
B33-2,2020-07-15 21:00:00,-236.15,0.0,236.15,500.0,47.2,47.2,False
B33-2,2020-07-15 22:00:00,-228.83,0.0,228.83,500.0,45.8,45.8,False
B33-2,2020-07-15 23:00:00,-196.85,0.0,196.85,500.0,39.4,39.4,False
B33-2,2020-07-16 00:00:00,-221.67,0.0,221.67,500.0,44.3,44.3,False
B33-2,2020-07-16 02:00:00,-202.18,0.0,202.18,500.0,40.4,40.4,False
B33-2,2020-07-16 04:00:00,-188.09,0.0,188.09,500.0,37.6,37.6,False
B33-2,2020-07-16 06:00:00,-213.89,0.0,213.89,500.0,42.8,42.8,False
B33-2,2020-07-16 08:00:00,-163.68,0.0,163.68,500.0,32.7,32.7,False
B33-2,2020-07-16 10:00:00,-193.4,0.0,193.4,500.0,38.7,38.7,False
B33-2,2020-07-16 12:00:00,-251.86,0.0,251.86,500.0,50.4,50.4,False
B33-2,2020-07-16 14:00:00,-263.09,0.0,263.09,500.0,52.6,52.6,False
B33-2,2020-07-16 16:00:00,-256.56,0.0,256.56,500.0,51.3,51.3,False
B33-2,2020-07-16 18:00:00,-298.31,0.0,298.31,500.0,59.7,59.7,False
B33-2,2020-07-16 20:00:00,-264.27,0.0,264.27,500.0,52.9,52.9,False
B33-2,2020-07-16 22:00:00,-264.73,0.0,264.73,500.0,52.9,52.9,False
B34,2020-07-15 00:00:00,0.3,0.0,0.3,500.0,0.1,0.1,False
B34,2020-07-15 01:00:00,1.78,0.0,1.78,500.0,0.4,0.4,False
B34,2020-07-15 02:00:00,2.26,0.0,2.26,500.0,0.5,0.5,False
B34,2020-07-15 03:00:00,2.59,0.0,2.59,500.0,0.5,0.5,False
B34,2020-07-15 04:00:00,2.13,0.0,2.13,500.0,0.4,0.4,False
B34,2020-07-15 05:00:00,2.33,0.0,2.33,500.0,0.5,0.5,False
B34,2020-07-15 06:00:00,-1.43,0.0,1.43,500.0,0.3,0.3,False
B34,2020-07-15 07:00:00,4.66,0.0,4.66,500.0,0.9,0.9,False
B34,2020-07-15 08:00:00,9.07,0.0,9.07,500.0,1.8,1.8,False
B34,2020-07-15 09:00:00,8.44,0.0,8.44,500.0,1.7,1.7,False
B34,2020-07-15 10:00:00,11.71,0.0,11.71,500.0,2.3,2.3,False
B34,2020-07-15 11:00:00,12.53,0.0,12.53,500.0,2.5,2.5,False
B34,2020-07-15 12:00:00,11.84,0.0,11.84,500.0,2.4,2.4,False
B34,2020-07-15 13:00:00,10.93,0.0,10.93,500.0,2.2,2.2,False
B34,2020-07-15 14:00:00,10.34,0.0,10.34,500.0,2.1,2.1,False
B34,2020-07-15 15:00:00,9.27,0.0,9.27,500.0,1.9,1.9,False
B34,2020-07-15 16:00:00,8.99,0.0,8.99,500.0,1.8,1.8,False
B34,2020-07-15 17:00:00,8.73,0.0,8.73,500.0,1.7,1.7,False
B34,2020-07-15 18:00:00,6.17,0.0,6.17,500.0,1.2,1.2,False
B34,2020-07-15 19:00:00,8.24,0.0,8.24,500.0,1.6,1.6,False
B34,2020-07-15 20:00:00,10.54,0.0,10.54,500.0,2.1,2.1,False
B34,2020-07-15 21:00:00,-1.0,0.0,1.0,500.0,0.2,0.2,False
B34,2020-07-15 22:00:00,6.93,0.0,6.93,500.0,1.4,1.4,False
B34,2020-07-15 23:00:00,6.0,0.0,6.0,500.0,1.2,1.2,False
B34,2020-07-16 00:00:00,1.96,0.0,1.96,500.0,0.4,0.4,False
B34,2020-07-16 02:00:00,2.28,0.0,2.28,500.0,0.5,0.5,False
B34,2020-07-16 04:00:00,2.84,0.0,2.84,500.0,0.6,0.6,False
B34,2020-07-16 06:00:00,-0.43,0.0,0.43,500.0,0.1,0.1,False
B34,2020-07-16 08:00:00,13.85,0.0,13.85,500.0,2.8,2.8,False
B34,2020-07-16 10:00:00,13.46,0.0,13.46,500.0,2.7,2.7,False
B34,2020-07-16 12:00:00,12.92,0.0,12.92,500.0,2.6,2.6,False
B34,2020-07-16 14:00:00,10.53,0.0,10.53,500.0,2.1,2.1,False
B34,2020-07-16 16:00:00,10.93,0.0,10.93,500.0,2.2,2.2,False
B34,2020-07-16 18:00:00,6.59,0.0,6.59,500.0,1.3,1.3,False
B34,2020-07-16 20:00:00,-3.75,0.0,3.75,500.0,0.7,0.7,False
B34,2020-07-16 22:00:00,-15.37,0.0,15.37,500.0,3.1,3.1,False
C1,2020-07-15 00:00:00,39.07,0.0,39.07,175.0,22.3,22.3,False
C1,2020-07-15 01:00:00,37.59,0.0,37.59,175.0,21.5,21.5,False
C1,2020-07-15 02:00:00,35.65,0.0,35.65,175.0,20.4,20.4,False
C1,2020-07-15 03:00:00,34.43,0.0,34.43,175.0,19.7,19.7,False
C1,2020-07-15 04:00:00,29.53,0.0,29.53,175.0,16.9,16.9,False
C1,2020-07-15 05:00:00,33.44,0.0,33.44,175.0,19.1,19.1,False
C1,2020-07-15 06:00:00,35.21,0.0,35.21,175.0,20.1,20.1,False
C1,2020-07-15 07:00:00,37.81,0.0,37.81,175.0,21.6,21.6,False
C1,2020-07-15 08:00:00,41.94,0.0,41.94,175.0,24.0,24.0,False
C1,2020-07-15 09:00:00,41.54,0.0,41.54,175.0,23.7,23.7,False
C1,2020-07-15 10:00:00,39.65,0.0,39.65,175.0,22.7,22.7,False
C1,2020-07-15 11:00:00,42.82,0.0,42.82,175.0,24.5,24.5,False
C1,2020-07-15 12:00:00,47.67,0.0,47.67,175.0,27.2,27.2,False
C1,2020-07-15 13:00:00,49.36,0.0,49.36,175.0,28.2,28.2,False
C1,2020-07-15 14:00:00,47.84,0.0,47.84,175.0,27.3,27.3,False
C1,2020-07-15 15:00:00,27.4,0.0,27.4,175.0,15.7,15.7,False
C1,2020-07-15 16:00:00,23.05,0.0,23.05,175.0,13.2,13.2,False
C1,2020-07-15 17:00:00,30.48,0.0,30.48,175.0,17.4,17.4,False
C1,2020-07-15 18:00:00,29.6,0.0,29.6,175.0,16.9,16.9,False
C1,2020-07-15 19:00:00,26.12,0.0,26.12,175.0,14.9,14.9,False
C1,2020-07-15 20:00:00,13.47,0.0,13.47,175.0,7.7,7.7,False
C1,2020-07-15 21:00:00,22.27,0.0,22.27,175.0,12.7,12.7,False
C1,2020-07-15 22:00:00,13.61,0.0,13.61,175.0,7.8,7.8,False
C1,2020-07-15 23:00:00,6.82,0.0,6.82,175.0,3.9,3.9,False
C1,2020-07-16 00:00:00,49.53,0.0,49.53,175.0,28.3,28.3,False
C1,2020-07-16 02:00:00,48.88,0.0,48.88,175.0,27.9,27.9,False
C1,2020-07-16 04:00:00,49.75,0.0,49.75,175.0,28.4,28.4,False
C1,2020-07-16 06:00:00,52.07,0.0,52.07,175.0,29.8,29.8,False
C1,2020-07-16 08:00:00,54.94,0.0,54.94,175.0,31.4,31.4,False
C1,2020-07-16 10:00:00,57.09,0.0,57.09,175.0,32.6,32.6,False
C1,2020-07-16 12:00:00,58.6,0.0,58.6,175.0,33.5,33.5,False
C1,2020-07-16 14:00:00,59.26,0.0,59.26,175.0,33.9,33.9,False
C1,2020-07-16 16:00:00,58.28,0.0,58.28,175.0,33.3,33.3,False
C1,2020-07-16 18:00:00,56.42,0.0,56.42,175.0,32.2,32.2,False
C1,2020-07-16 20:00:00,54.61,0.0,54.61,175.0,31.2,31.2,False
C1,2020-07-16 22:00:00,51.41,0.0,51.41,175.0,29.4,29.4,False
C2,2020-07-15 00:00:00,-109.64,0.0,109.64,175.0,62.6,62.6,False
C2,2020-07-15 01:00:00,-105.77,0.0,105.77,175.0,60.4,60.4,False
C2,2020-07-15 02:00:00,-101.21,0.0,101.21,175.0,57.8,57.8,False
C2,2020-07-15 03:00:00,-98.18,0.0,98.18,175.0,56.1,56.1,False
C2,2020-07-15 04:00:00,-87.98,0.0,87.98,175.0,50.3,50.3,False
C2,2020-07-15 05:00:00,-95.97,0.0,95.97,175.0,54.8,54.8,False
C2,2020-07-15 06:00:00,-99.34,0.0,99.34,175.0,56.8,56.8,False
C2,2020-07-15 07:00:00,-104.73,0.0,104.73,175.0,59.8,59.8,False
C2,2020-07-15 08:00:00,-116.02,0.0,116.02,175.0,66.3,66.3,False
C2,2020-07-15 09:00:00,-115.62,0.0,115.62,175.0,66.1,66.1,False
C2,2020-07-15 10:00:00,-113.09,0.0,113.09,175.0,64.6,64.6,False
C2,2020-07-15 11:00:00,-121.49,0.0,121.49,175.0,69.4,69.4,False
C2,2020-07-15 12:00:00,-133.48,0.0,133.48,175.0,76.3,76.3,False
C2,2020-07-15 13:00:00,-138.28,0.0,138.28,175.0,79.0,79.0,False
C2,2020-07-15 14:00:00,-136.32,0.0,136.32,175.0,77.9,77.9,False
C2,2020-07-15 15:00:00,-101.6,0.0,101.6,175.0,58.1,58.1,False
C2,2020-07-15 16:00:00,-95.94,0.0,95.94,175.0,54.8,54.8,False
C2,2020-07-15 17:00:00,-99.21,0.0,99.21,175.0,56.7,56.7,False
C2,2020-07-15 18:00:00,-95.95,0.0,95.95,175.0,54.8,54.8,False
C2,2020-07-15 19:00:00,-88.38,0.0,88.38,175.0,50.5,50.5,False
C2,2020-07-15 20:00:00,-62.01,0.0,62.01,175.0,35.4,35.4,False
C2,2020-07-15 21:00:00,-76.85,0.0,76.85,175.0,43.9,43.9,False
C2,2020-07-15 22:00:00,-59.88,0.0,59.88,175.0,34.2,34.2,False
C2,2020-07-15 23:00:00,-44.54,0.0,44.54,175.0,25.5,25.5,False
C2,2020-07-16 00:00:00,-131.93,0.0,131.93,175.0,75.4,75.4,False
C2,2020-07-16 02:00:00,-129.22,0.0,129.22,175.0,73.8,73.8,False
C2,2020-07-16 04:00:00,-131.63,0.0,131.63,175.0,75.2,75.2,False
C2,2020-07-16 06:00:00,-138.87,0.0,138.87,175.0,79.4,79.4,False
C2,2020-07-16 08:00:00,-147.1,0.0,147.1,175.0,84.1,84.1,False
C2,2020-07-16 10:00:00,-154.66,0.0,154.66,175.0,88.4,88.4,False
C2,2020-07-16 12:00:00,-161.72,0.0,161.72,175.0,92.4,92.4,False
C2,2020-07-16 14:00:00,-165.31,0.0,165.31,175.0,94.5,94.5,False
C2,2020-07-16 16:00:00,-160.9,0.0,160.9,175.0,91.9,91.9,False
C2,2020-07-16 18:00:00,-153.07,0.0,153.07,175.0,87.5,87.5,False
C2,2020-07-16 20:00:00,-148.2,0.0,148.2,175.0,84.7,84.7,False
C2,2020-07-16 22:00:00,-137.8,0.0,137.8,175.0,78.7,78.7,False
C3,2020-07-15 00:00:00,22.4,0.0,22.4,175.0,12.8,12.8,False
C3,2020-07-15 01:00:00,22.1,0.0,22.1,175.0,12.6,12.6,False
C3,2020-07-15 02:00:00,20.19,0.0,20.19,175.0,11.5,11.5,False
C3,2020-07-15 03:00:00,18.54,0.0,18.54,175.0,10.6,10.6,False
C3,2020-07-15 04:00:00,11.5,0.0,11.5,175.0,6.6,6.6,False
C3,2020-07-15 05:00:00,13.9,0.0,13.9,175.0,7.9,7.9,False
C3,2020-07-15 06:00:00,13.81,0.0,13.81,175.0,7.9,7.9,False
C3,2020-07-15 07:00:00,13.91,0.0,13.91,175.0,7.9,7.9,False
C3,2020-07-15 08:00:00,11.56,0.0,11.56,175.0,6.6,6.6,False
C3,2020-07-15 09:00:00,5.62,0.0,5.62,175.0,3.2,3.2,False
C3,2020-07-15 10:00:00,0.54,0.0,0.54,175.0,0.3,0.3,False
C3,2020-07-15 11:00:00,1.28,0.0,1.28,175.0,0.7,0.7,False
C3,2020-07-15 12:00:00,4.42,0.0,4.42,175.0,2.5,2.5,False
C3,2020-07-15 13:00:00,5.53,0.0,5.53,175.0,3.2,3.2,False
C3,2020-07-15 14:00:00,3.29,0.0,3.29,175.0,1.9,1.9,False
C3,2020-07-15 15:00:00,4.18,0.0,4.18,175.0,2.4,2.4,False
C3,2020-07-15 16:00:00,-8.62,0.0,8.62,175.0,4.9,4.9,False
C3,2020-07-15 17:00:00,-11.48,0.0,11.48,175.0,6.6,6.6,False
C3,2020-07-15 18:00:00,-8.64,0.0,8.64,175.0,4.9,4.9,False
C3,2020-07-15 19:00:00,-11.13,0.0,11.13,175.0,6.4,6.4,False
C3,2020-07-15 20:00:00,-22.31,0.0,22.31,175.0,12.8,12.8,False
C3,2020-07-15 21:00:00,-3.97,0.0,3.97,175.0,2.3,2.3,False
C3,2020-07-15 22:00:00,-12.05,0.0,12.05,175.0,6.9,6.9,False
C3,2020-07-15 23:00:00,-14.66,0.0,14.66,175.0,8.4,8.4,False
C3,2020-07-16 00:00:00,34.0,0.0,34.0,175.0,19.4,19.4,False
C3,2020-07-16 02:00:00,34.88,0.0,34.88,175.0,19.9,19.9,False
C3,2020-07-16 04:00:00,32.96,0.0,32.96,175.0,18.8,18.8,False
C3,2020-07-16 06:00:00,28.1,0.0,28.1,175.0,16.1,16.1,False
C3,2020-07-16 08:00:00,21.71,0.0,21.71,175.0,12.4,12.4,False
C3,2020-07-16 10:00:00,17.71,0.0,17.71,175.0,10.1,10.1,False
C3,2020-07-16 12:00:00,16.01,0.0,16.01,175.0,9.1,9.1,False
C3,2020-07-16 14:00:00,15.54,0.0,15.54,175.0,8.9,8.9,False
C3,2020-07-16 16:00:00,16.78,0.0,16.78,175.0,9.6,9.6,False
C3,2020-07-16 18:00:00,19.43,0.0,19.43,175.0,11.1,11.1,False
C3,2020-07-16 20:00:00,23.65,0.0,23.65,175.0,13.5,13.5,False
C3,2020-07-16 22:00:00,30.02,0.0,30.02,175.0,17.2,17.2,False
C4,2020-07-15 00:00:00,-20.5,0.0,20.5,175.0,11.7,11.7,False
C4,2020-07-15 01:00:00,-19.81,0.0,19.81,175.0,11.3,11.3,False
C4,2020-07-15 02:00:00,-19.87,0.0,19.87,175.0,11.4,11.4,False
C4,2020-07-15 03:00:00,-19.86,0.0,19.86,175.0,11.3,11.3,False
C4,2020-07-15 04:00:00,-21.92,0.0,21.92,175.0,12.5,12.5,False
C4,2020-07-15 05:00:00,-21.08,0.0,21.08,175.0,12.0,12.0,False
C4,2020-07-15 06:00:00,-21.12,0.0,21.12,175.0,12.1,12.1,False
C4,2020-07-15 07:00:00,-21.34,0.0,21.34,175.0,12.2,12.2,False
C4,2020-07-15 08:00:00,-24.27,0.0,24.27,175.0,13.9,13.9,False
C4,2020-07-15 09:00:00,-26.35,0.0,26.35,175.0,15.1,15.1,False
C4,2020-07-15 10:00:00,-29.19,0.0,29.19,175.0,16.7,16.7,False
C4,2020-07-15 11:00:00,-30.71,0.0,30.71,175.0,17.5,17.5,False
C4,2020-07-15 12:00:00,-31.57,0.0,31.57,175.0,18.0,18.0,False
C4,2020-07-15 13:00:00,-32.56,0.0,32.56,175.0,18.6,18.6,False
C4,2020-07-15 14:00:00,-34.35,0.0,34.35,175.0,19.6,19.6,False
C4,2020-07-15 15:00:00,-27.02,0.0,27.02,175.0,15.4,15.4,False
C4,2020-07-15 16:00:00,-34.9,0.0,34.9,175.0,19.9,19.9,False
C4,2020-07-15 17:00:00,-37.57,0.0,37.57,175.0,21.5,21.5,False
C4,2020-07-15 18:00:00,-35.35,0.0,35.35,175.0,20.2,20.2,False
C4,2020-07-15 19:00:00,-35.76,0.0,35.76,175.0,20.4,20.4,False
C4,2020-07-15 20:00:00,-38.98,0.0,38.98,175.0,22.3,22.3,False
C4,2020-07-15 21:00:00,-30.76,0.0,30.76,175.0,17.6,17.6,False
C4,2020-07-15 22:00:00,-33.66,0.0,33.66,175.0,19.2,19.2,False
C4,2020-07-15 23:00:00,-33.31,0.0,33.31,175.0,19.0,19.0,False
C4,2020-07-16 00:00:00,-17.59,0.0,17.59,175.0,10.1,10.1,False
C4,2020-07-16 02:00:00,-16.1,0.0,16.1,175.0,9.2,9.2,False
C4,2020-07-16 04:00:00,-17.15,0.0,17.15,175.0,9.8,9.8,False
C4,2020-07-16 06:00:00,-20.9,0.0,20.9,175.0,11.9,11.9,False
C4,2020-07-16 08:00:00,-24.91,0.0,24.91,175.0,14.2,14.2,False
C4,2020-07-16 10:00:00,-29.09,0.0,29.09,175.0,16.6,16.6,False
C4,2020-07-16 12:00:00,-33.41,0.0,33.41,175.0,19.1,19.1,False
C4,2020-07-16 14:00:00,-35.7,0.0,35.7,175.0,20.4,20.4,False
C4,2020-07-16 16:00:00,-33.04,0.0,33.04,175.0,18.9,18.9,False
C4,2020-07-16 18:00:00,-28.42,0.0,28.42,175.0,16.2,16.2,False
C4,2020-07-16 20:00:00,-26.11,0.0,26.11,175.0,14.9,14.9,False
C4,2020-07-16 22:00:00,-20.73,0.0,20.73,175.0,11.8,11.8,False
C5,2020-07-15 00:00:00,15.71,0.0,15.71,175.0,9.0,9.0,False
C5,2020-07-15 01:00:00,15.41,0.0,15.41,175.0,8.8,8.8,False
C5,2020-07-15 02:00:00,14.14,0.0,14.14,175.0,8.1,8.1,False
C5,2020-07-15 03:00:00,13.08,0.0,13.08,175.0,7.5,7.5,False
C5,2020-07-15 04:00:00,8.66,0.0,8.66,175.0,5.0,5.0,False
C5,2020-07-15 05:00:00,10.29,0.0,10.29,175.0,5.9,5.9,False
C5,2020-07-15 06:00:00,10.98,0.0,10.98,175.0,6.3,6.3,False
C5,2020-07-15 07:00:00,11.72,0.0,11.72,175.0,6.7,6.7,False
C5,2020-07-15 08:00:00,9.75,0.0,9.75,175.0,5.6,5.6,False
C5,2020-07-15 09:00:00,6.04,0.0,6.04,175.0,3.5,3.5,False
C5,2020-07-15 10:00:00,2.99,0.0,2.99,175.0,1.7,1.7,False
C5,2020-07-15 11:00:00,3.68,0.0,3.68,175.0,2.1,2.1,False
C5,2020-07-15 12:00:00,5.72,0.0,5.72,175.0,3.3,3.3,False
C5,2020-07-15 13:00:00,6.66,0.0,6.66,175.0,3.8,3.8,False
C5,2020-07-15 14:00:00,5.31,0.0,5.31,175.0,3.0,3.0,False
C5,2020-07-15 15:00:00,7.19,0.0,7.19,175.0,4.1,4.1,False
C5,2020-07-15 16:00:00,-1.51,0.0,1.51,175.0,0.9,0.9,False
C5,2020-07-15 17:00:00,-4.59,0.0,4.59,175.0,2.6,2.6,False
C5,2020-07-15 18:00:00,-3.01,0.0,3.01,175.0,1.7,1.7,False
C5,2020-07-15 19:00:00,-4.65,0.0,4.65,175.0,2.7,2.7,False
C5,2020-07-15 20:00:00,-11.81,0.0,11.81,175.0,6.7,6.7,False
C5,2020-07-15 21:00:00,0.44,0.0,0.44,175.0,0.3,0.3,False
C5,2020-07-15 22:00:00,-5.74,0.0,5.74,175.0,3.3,3.3,False
C5,2020-07-15 23:00:00,-7.48,0.0,7.48,175.0,4.3,4.3,False
C5,2020-07-16 00:00:00,23.06,0.0,23.06,175.0,13.2,13.2,False
C5,2020-07-16 02:00:00,23.63,0.0,23.63,175.0,13.5,13.5,False
C5,2020-07-16 04:00:00,22.35,0.0,22.35,175.0,12.8,12.8,False
C5,2020-07-16 06:00:00,19.66,0.0,19.66,175.0,11.2,11.2,False
C5,2020-07-16 08:00:00,15.93,0.0,15.93,175.0,9.1,9.1,False
C5,2020-07-16 10:00:00,13.84,0.0,13.84,175.0,7.9,7.9,False
C5,2020-07-16 12:00:00,13.16,0.0,13.16,175.0,7.5,7.5,False
C5,2020-07-16 14:00:00,13.08,0.0,13.08,175.0,7.5,7.5,False
C5,2020-07-16 16:00:00,13.63,0.0,13.63,175.0,7.8,7.8,False
C5,2020-07-16 18:00:00,14.87,0.0,14.87,175.0,8.5,8.5,False
C5,2020-07-16 20:00:00,17.31,0.0,17.31,175.0,9.9,9.9,False
C5,2020-07-16 22:00:00,20.99,0.0,20.99,175.0,12.0,12.0,False
C6,2020-07-15 00:00:00,128.76,46.24,175.0,175.0,73.6,100.0,True
C6,2020-07-15 01:00:00,124.29,50.71,175.0,175.0,71.0,100.0,True
C6,2020-07-15 02:00:00,116.27,58.73,175.0,175.0,66.4,100.0,True
C6,2020-07-15 03:00:00,110.89,64.11,175.0,175.0,63.4,100.0,True
C6,2020-07-15 04:00:00,87.16,87.84,175.0,175.0,49.8,100.0,True
C6,2020-07-15 05:00:00,102.52,72.48,175.0,175.0,58.6,100.0,True
C6,2020-07-15 06:00:00,108.71,66.29,175.0,175.0,62.1,100.0,True
C6,2020-07-15 07:00:00,117.46,57.54,175.0,175.0,67.1,100.0,True
C6,2020-07-15 08:00:00,125.33,49.67,175.0,175.0,71.6,100.0,True
C6,2020-07-15 09:00:00,116.78,0.0,116.78,175.0,66.7,66.7,False
C6,2020-07-15 10:00:00,103.89,0.0,103.89,175.0,59.4,59.4,False
C6,2020-07-15 11:00:00,113.55,0.0,113.55,175.0,64.9,64.9,False
C6,2020-07-15 12:00:00,131.1,0.0,131.1,175.0,74.9,74.9,False
C6,2020-07-15 13:00:00,136.89,0.0,136.89,175.0,78.2,78.2,False
C6,2020-07-15 14:00:00,128.62,46.38,175.0,175.0,73.5,100.0,True
C6,2020-07-15 15:00:00,79.93,95.07,175.0,175.0,45.7,100.0,True
C6,2020-07-15 16:00:00,55.6,119.4,175.0,175.0,31.8,100.0,True
C6,2020-07-15 17:00:00,56.92,118.08,175.0,175.0,32.5,100.0,True
C6,2020-07-15 18:00:00,58.44,116.56,175.0,175.0,33.4,100.0,True
C6,2020-07-15 19:00:00,44.75,130.25,175.0,175.0,25.6,100.0,True
C6,2020-07-15 20:00:00,-8.24,183.24,191.48,175.0,4.7,109.4,True
C6,2020-07-15 21:00:00,44.11,130.89,175.0,175.0,25.2,100.0,True
C6,2020-07-15 22:00:00,5.83,169.17,175.0,175.0,3.3,100.0,True
C6,2020-07-15 23:00:00,-17.77,192.77,210.55,175.0,10.2,120.3,True
C6,2020-07-16 00:00:00,175.0,0.0,175.0,175.0,100.0,100.0,True
C6,2020-07-16 02:00:00,175.0,0.0,175.0,175.0,100.0,100.0,True
C6,2020-07-16 04:00:00,175.0,0.0,175.0,175.0,100.0,100.0,True
C6,2020-07-16 06:00:00,175.0,0.0,175.0,175.0,100.0,100.0,True
C6,2020-07-16 08:00:00,175.0,0.0,175.0,175.0,100.0,100.0,True
C6,2020-07-16 10:00:00,175.0,0.0,175.0,175.0,100.0,100.0,True
C6,2020-07-16 12:00:00,175.0,0.0,175.0,175.0,100.0,100.0,True
C6,2020-07-16 14:00:00,175.0,0.0,175.0,175.0,100.0,100.0,True
C6,2020-07-16 16:00:00,175.0,0.0,175.0,175.0,100.0,100.0,True
C6,2020-07-16 18:00:00,175.0,0.0,175.0,175.0,100.0,100.0,True
C6,2020-07-16 20:00:00,175.0,0.0,175.0,175.0,100.0,100.0,True
C6,2020-07-16 22:00:00,175.0,0.0,175.0,175.0,100.0,100.0,True
C7,2020-07-15 00:00:00,114.9,0.0,114.9,400.0,28.7,28.7,False
C7,2020-07-15 01:00:00,118.73,0.0,118.73,400.0,29.7,29.7,False
C7,2020-07-15 02:00:00,111.3,0.0,111.3,400.0,27.8,27.8,False
C7,2020-07-15 03:00:00,99.34,0.0,99.34,400.0,24.8,24.8,False
C7,2020-07-15 04:00:00,55.36,0.0,55.36,400.0,13.8,13.8,False
C7,2020-07-15 05:00:00,51.1,0.0,51.1,400.0,12.8,12.8,False
C7,2020-07-15 06:00:00,88.54,0.0,88.54,400.0,22.1,22.1,False
C7,2020-07-15 07:00:00,91.67,0.0,91.67,400.0,22.9,22.9,False
C7,2020-07-15 08:00:00,57.45,0.0,57.45,400.0,14.4,14.4,False
C7,2020-07-15 09:00:00,12.26,0.0,12.26,400.0,3.1,3.1,False
C7,2020-07-15 10:00:00,-22.63,0.0,22.63,400.0,5.7,5.7,False
C7,2020-07-15 11:00:00,-47.14,0.0,47.14,400.0,11.8,11.8,False
C7,2020-07-15 12:00:00,-72.9,0.0,72.9,400.0,18.2,18.2,False
C7,2020-07-15 13:00:00,-77.41,0.0,77.41,400.0,19.4,19.4,False
C7,2020-07-15 14:00:00,-60.4,0.0,60.4,400.0,15.1,15.1,False
C7,2020-07-15 15:00:00,-81.72,0.0,81.72,400.0,20.4,20.4,False
C7,2020-07-15 16:00:00,-111.94,0.0,111.94,400.0,28.0,28.0,False
C7,2020-07-15 17:00:00,-105.94,0.0,105.94,400.0,26.5,26.5,False
C7,2020-07-15 18:00:00,-92.15,0.0,92.15,400.0,23.0,23.0,False
C7,2020-07-15 19:00:00,-110.61,0.0,110.61,400.0,27.7,27.7,False
C7,2020-07-15 20:00:00,-167.77,0.0,167.77,400.0,41.9,41.9,False
C7,2020-07-15 21:00:00,-65.41,0.0,65.41,400.0,16.4,16.4,False
C7,2020-07-15 22:00:00,-113.71,0.0,113.71,400.0,28.4,28.4,False
C7,2020-07-15 23:00:00,-110.39,0.0,110.39,400.0,27.6,27.6,False
C7,2020-07-16 00:00:00,165.79,0.0,165.79,400.0,41.4,41.4,False
C7,2020-07-16 02:00:00,166.16,0.0,166.16,400.0,41.5,41.5,False
C7,2020-07-16 04:00:00,184.9,0.0,184.9,400.0,46.2,46.2,False
C7,2020-07-16 06:00:00,136.8,0.0,136.8,400.0,34.2,34.2,False
C7,2020-07-16 08:00:00,120.95,0.0,120.95,400.0,30.2,30.2,False
C7,2020-07-16 10:00:00,74.24,0.0,74.24,400.0,18.6,18.6,False
C7,2020-07-16 12:00:00,51.01,0.0,51.01,400.0,12.8,12.8,False
C7,2020-07-16 14:00:00,31.69,0.0,31.69,400.0,7.9,7.9,False
C7,2020-07-16 16:00:00,61.89,0.0,61.89,400.0,15.5,15.5,False
C7,2020-07-16 18:00:00,41.62,0.0,41.62,400.0,10.4,10.4,False
C7,2020-07-16 20:00:00,160.74,0.0,160.74,400.0,40.2,40.2,False
C7,2020-07-16 22:00:00,163.84,0.0,163.84,400.0,41.0,41.0,False
C8,2020-07-15 00:00:00,-55.34,0.0,55.34,175.0,31.6,31.6,False
C8,2020-07-15 01:00:00,-53.24,0.0,53.24,175.0,30.4,30.4,False
C8,2020-07-15 02:00:00,-52.85,0.0,52.85,175.0,30.2,30.2,False
C8,2020-07-15 03:00:00,-52.7,0.0,52.7,175.0,30.1,30.1,False
C8,2020-07-15 04:00:00,-55.97,0.0,55.97,175.0,32.0,32.0,False
C8,2020-07-15 05:00:00,-56.15,0.0,56.15,175.0,32.1,32.1,False
C8,2020-07-15 06:00:00,-56.1,0.0,56.1,175.0,32.1,32.1,False
C8,2020-07-15 07:00:00,-57.1,0.0,57.1,175.0,32.6,32.6,False
C8,2020-07-15 08:00:00,-68.0,0.0,68.0,175.0,38.9,38.9,False
C8,2020-07-15 09:00:00,-74.36,0.0,74.36,175.0,42.5,42.5,False
C8,2020-07-15 10:00:00,-80.27,0.0,80.27,175.0,45.9,45.9,False
C8,2020-07-15 11:00:00,-84.82,0.0,84.82,175.0,48.5,48.5,False
C8,2020-07-15 12:00:00,-88.67,0.0,88.67,175.0,50.7,50.7,False
C8,2020-07-15 13:00:00,-90.81,0.0,90.81,175.0,51.9,51.9,False
C8,2020-07-15 14:00:00,-93.89,0.0,93.89,175.0,53.6,53.6,False
C8,2020-07-15 15:00:00,-85.36,0.0,85.36,175.0,48.8,48.8,False
C8,2020-07-15 16:00:00,-91.51,0.0,91.51,175.0,52.3,52.3,False
C8,2020-07-15 17:00:00,-94.38,0.0,94.38,175.0,53.9,53.9,False
C8,2020-07-15 18:00:00,-88.61,0.0,88.61,175.0,50.6,50.6,False
C8,2020-07-15 19:00:00,-87.95,0.0,87.95,175.0,50.3,50.3,False
C8,2020-07-15 20:00:00,-89.45,0.0,89.45,175.0,51.1,51.1,False
C8,2020-07-15 21:00:00,-70.88,0.0,70.88,175.0,40.5,40.5,False
C8,2020-07-15 22:00:00,-75.56,0.0,75.56,175.0,43.2,43.2,False
C8,2020-07-15 23:00:00,-70.95,0.0,70.95,175.0,40.5,40.5,False
C8,2020-07-16 00:00:00,-52.61,0.0,52.61,175.0,30.1,30.1,False
C8,2020-07-16 02:00:00,-48.85,0.0,48.85,175.0,27.9,27.9,False
C8,2020-07-16 04:00:00,-52.58,0.0,52.58,175.0,30.0,30.0,False
C8,2020-07-16 06:00:00,-62.99,0.0,62.99,175.0,36.0,36.0,False
C8,2020-07-16 08:00:00,-75.18,0.0,75.18,175.0,43.0,43.0,False
C8,2020-07-16 10:00:00,-85.71,0.0,85.71,175.0,49.0,49.0,False
C8,2020-07-16 12:00:00,-94.96,0.0,94.96,175.0,54.3,54.3,False
C8,2020-07-16 14:00:00,-99.54,0.0,99.54,175.0,56.9,56.9,False
C8,2020-07-16 16:00:00,-93.7,0.0,93.7,175.0,53.5,53.5,False
C8,2020-07-16 18:00:00,-83.2,0.0,83.2,175.0,47.5,47.5,False
C8,2020-07-16 20:00:00,-75.9,0.0,75.9,175.0,43.4,43.4,False
C8,2020-07-16 22:00:00,-60.94,0.0,60.94,175.0,34.8,34.8,False
C9,2020-07-15 00:00:00,-11.26,0.0,11.26,175.0,6.4,6.4,False
C9,2020-07-15 01:00:00,-10.22,0.0,10.22,175.0,5.8,5.8,False
C9,2020-07-15 02:00:00,-11.7,0.0,11.7,175.0,6.7,6.7,False
C9,2020-07-15 03:00:00,-13.21,0.0,13.21,175.0,7.6,7.6,False
C9,2020-07-15 04:00:00,-21.41,0.0,21.41,175.0,12.2,12.2,False
C9,2020-07-15 05:00:00,-19.98,0.0,19.98,175.0,11.4,11.4,False
C9,2020-07-15 06:00:00,-19.82,0.0,19.82,175.0,11.3,11.3,False
C9,2020-07-15 07:00:00,-20.33,0.0,20.33,175.0,11.6,11.6,False
C9,2020-07-15 08:00:00,-30.52,0.0,30.52,175.0,17.4,17.4,False
C9,2020-07-15 09:00:00,-40.59,0.0,40.59,175.0,23.2,23.2,False
C9,2020-07-15 10:00:00,-48.61,0.0,48.61,175.0,27.8,27.8,False
C9,2020-07-15 11:00:00,-50.77,0.0,50.77,175.0,29.0,29.0,False
C9,2020-07-15 12:00:00,-50.53,0.0,50.53,175.0,28.9,28.9,False
C9,2020-07-15 13:00:00,-50.5,0.0,50.5,175.0,28.9,28.9,False
C9,2020-07-15 14:00:00,-53.98,0.0,53.98,175.0,30.8,30.8,False
C9,2020-07-15 15:00:00,-51.9,0.0,51.9,175.0,29.7,29.7,False
C9,2020-07-15 16:00:00,-63.04,0.0,63.04,175.0,36.0,36.0,False
C9,2020-07-15 17:00:00,-66.22,0.0,66.22,175.0,37.8,37.8,False
C9,2020-07-15 18:00:00,-59.98,0.0,59.98,175.0,34.3,34.3,False
C9,2020-07-15 19:00:00,-61.45,0.0,61.45,175.0,35.1,35.1,False
C9,2020-07-15 20:00:00,-70.99,0.0,70.99,175.0,40.6,40.6,False
C9,2020-07-15 21:00:00,-42.46,0.0,42.46,175.0,24.3,24.3,False
C9,2020-07-15 22:00:00,-52.51,0.0,52.51,175.0,30.0,30.0,False
C9,2020-07-15 23:00:00,-50.99,0.0,50.99,175.0,29.1,29.1,False
C9,2020-07-16 00:00:00,0.17,0.0,0.17,175.0,0.1,0.1,False
C9,2020-07-16 02:00:00,3.25,0.0,3.25,175.0,1.9,1.9,False
C9,2020-07-16 04:00:00,-1.28,0.0,1.28,175.0,0.7,0.7,False
C9,2020-07-16 06:00:00,-12.52,0.0,12.52,175.0,7.2,7.2,False
C9,2020-07-16 08:00:00,-26.78,0.0,26.78,175.0,15.3,15.3,False
C9,2020-07-16 10:00:00,-36.86,0.0,36.86,175.0,21.1,21.1,False
C9,2020-07-16 12:00:00,-43.28,0.0,43.28,175.0,24.7,24.7,False
C9,2020-07-16 14:00:00,-45.94,0.0,45.94,175.0,26.3,26.3,False
C9,2020-07-16 16:00:00,-41.65,0.0,41.65,175.0,23.8,23.8,False
C9,2020-07-16 18:00:00,-33.37,0.0,33.37,175.0,19.1,19.1,False
C9,2020-07-16 20:00:00,-24.35,0.0,24.35,175.0,13.9,13.9,False
C9,2020-07-16 22:00:00,-8.77,0.0,8.77,175.0,5.0,5.0,False
C10,2020-07-15 00:00:00,-43.44,0.0,43.44,175.0,24.8,24.8,False
C10,2020-07-15 01:00:00,-41.09,0.0,41.09,175.0,23.5,23.5,False
C10,2020-07-15 02:00:00,-41.44,0.0,41.44,175.0,23.7,23.7,False
C10,2020-07-15 03:00:00,-42.31,0.0,42.31,175.0,24.2,24.2,False
C10,2020-07-15 04:00:00,-48.91,0.0,48.91,175.0,28.0,28.0,False
C10,2020-07-15 05:00:00,-49.51,0.0,49.51,175.0,28.3,28.3,False
C10,2020-07-15 06:00:00,-51.97,0.0,51.97,175.0,29.7,29.7,False
C10,2020-07-15 07:00:00,-55.5,0.0,55.5,175.0,31.7,31.7,False
C10,2020-07-15 08:00:00,-68.26,0.0,68.26,175.0,39.0,39.0,False
C10,2020-07-15 09:00:00,-79.27,0.0,79.27,175.0,45.3,45.3,False
C10,2020-07-15 10:00:00,-87.89,0.0,87.89,175.0,50.2,50.2,False
C10,2020-07-15 11:00:00,-92.87,0.0,92.87,175.0,53.1,53.1,False
C10,2020-07-15 12:00:00,-95.67,0.0,95.67,175.0,54.7,54.7,False
C10,2020-07-15 13:00:00,-97.43,0.0,97.43,175.0,55.7,55.7,False
C10,2020-07-15 14:00:00,-100.98,0.0,100.98,175.0,57.7,57.7,False
C10,2020-07-15 15:00:00,-97.97,0.0,97.97,175.0,56.0,56.0,False
C10,2020-07-15 16:00:00,-103.51,0.0,103.51,175.0,59.1,59.1,False
C10,2020-07-15 17:00:00,-104.06,0.0,104.06,175.0,59.5,59.5,False
C10,2020-07-15 18:00:00,-95.9,0.0,95.9,175.0,54.8,54.8,False
C10,2020-07-15 19:00:00,-95.5,0.0,95.5,175.0,54.6,54.6,False
C10,2020-07-15 20:00:00,-99.44,0.0,99.44,175.0,56.8,56.8,False
C10,2020-07-15 21:00:00,-73.28,0.0,73.28,175.0,41.9,41.9,False
C10,2020-07-15 22:00:00,-77.59,0.0,77.59,175.0,44.3,44.3,False
C10,2020-07-15 23:00:00,-72.01,0.0,72.01,175.0,41.2,41.2,False
C10,2020-07-16 00:00:00,-36.34,0.0,36.34,175.0,20.8,20.8,False
C10,2020-07-16 02:00:00,-32.3,0.0,32.3,175.0,18.5,18.5,False
C10,2020-07-16 04:00:00,-37.69,0.0,37.69,175.0,21.5,21.5,False
C10,2020-07-16 06:00:00,-52.72,0.0,52.72,175.0,30.1,30.1,False
C10,2020-07-16 08:00:00,-71.13,0.0,71.13,175.0,40.6,40.6,False
C10,2020-07-16 10:00:00,-85.15,0.0,85.15,175.0,48.7,48.7,False
C10,2020-07-16 12:00:00,-95.01,0.0,95.01,175.0,54.3,54.3,False
C10,2020-07-16 14:00:00,-99.39,0.0,99.39,175.0,56.8,56.8,False
C10,2020-07-16 16:00:00,-92.96,0.0,92.96,175.0,53.1,53.1,False
C10,2020-07-16 18:00:00,-80.83,0.0,80.83,175.0,46.2,46.2,False
C10,2020-07-16 20:00:00,-69.2,0.0,69.2,175.0,39.5,39.5,False
C10,2020-07-16 22:00:00,-48.68,0.0,48.68,175.0,27.8,27.8,False
C11,2020-07-15 00:00:00,-54.84,0.0,54.84,175.0,31.3,31.3,False
C11,2020-07-15 01:00:00,-52.41,0.0,52.41,175.0,29.9,29.9,False
C11,2020-07-15 02:00:00,-51.57,0.0,51.57,175.0,29.5,29.5,False
C11,2020-07-15 03:00:00,-51.39,0.0,51.39,175.0,29.4,29.4,False
C11,2020-07-15 04:00:00,-53.4,0.0,53.4,175.0,30.5,30.5,False
C11,2020-07-15 05:00:00,-55.41,0.0,55.41,175.0,31.7,31.7,False
C11,2020-07-15 06:00:00,-57.98,0.0,57.98,175.0,33.1,33.1,False
C11,2020-07-15 07:00:00,-61.63,0.0,61.63,175.0,35.2,35.2,False
C11,2020-07-15 08:00:00,-71.93,0.0,71.93,175.0,41.1,41.1,False
C11,2020-07-15 09:00:00,-32.77,0.0,32.77,175.0,18.7,18.7,False
C11,2020-07-15 10:00:00,-37.24,0.0,37.24,175.0,21.3,21.3,False
C11,2020-07-15 11:00:00,-42.37,0.0,42.37,175.0,24.2,24.2,False
C11,2020-07-15 12:00:00,-57.92,0.0,57.92,175.0,33.1,33.1,False
C11,2020-07-15 13:00:00,-60.39,0.0,60.39,175.0,34.5,34.5,False
C11,2020-07-15 14:00:00,-59.5,0.0,59.5,175.0,34.0,34.0,False
C11,2020-07-15 15:00:00,13.15,0.0,13.15,175.0,7.5,7.5,False
C11,2020-07-15 16:00:00,16.05,0.0,16.05,175.0,9.2,9.2,False
C11,2020-07-15 17:00:00,18.1,0.0,18.1,175.0,10.3,10.3,False
C11,2020-07-15 18:00:00,24.14,0.0,24.14,175.0,13.8,13.8,False
C11,2020-07-15 19:00:00,26.01,0.0,26.01,175.0,14.9,14.9,False
C11,2020-07-15 20:00:00,28.96,0.0,28.96,175.0,16.5,16.5,False
C11,2020-07-15 21:00:00,-67.76,0.0,67.76,175.0,38.7,38.7,False
C11,2020-07-15 22:00:00,-66.54,0.0,66.54,175.0,38.0,38.0,False
C11,2020-07-15 23:00:00,-59.76,0.0,59.76,175.0,34.1,34.1,False
C11,2020-07-16 00:00:00,-55.07,0.0,55.07,175.0,31.5,31.5,False
C11,2020-07-16 02:00:00,-51.81,0.0,51.81,175.0,29.6,29.6,False
C11,2020-07-16 04:00:00,-55.67,0.0,55.67,175.0,31.8,31.8,False
C11,2020-07-16 06:00:00,-67.0,0.0,67.0,175.0,38.3,38.3,False
C11,2020-07-16 08:00:00,29.46,0.0,29.46,175.0,16.8,16.8,False
C11,2020-07-16 10:00:00,-38.91,0.0,38.91,175.0,22.2,22.2,False
C11,2020-07-16 12:00:00,10.1,0.0,10.1,175.0,5.8,5.8,False
C11,2020-07-16 14:00:00,6.16,0.0,6.16,175.0,3.5,3.5,False
C11,2020-07-16 16:00:00,11.56,0.0,11.56,175.0,6.6,6.6,False
C11,2020-07-16 18:00:00,-21.68,0.0,21.68,175.0,12.4,12.4,False
C11,2020-07-16 20:00:00,30.0,0.0,30.0,175.0,17.1,17.1,False
C11,2020-07-16 22:00:00,-64.45,0.0,64.45,175.0,36.8,36.8,False
C12-1,2020-07-15 00:00:00,-90.29,0.0,90.29,175.0,51.6,51.6,False
C12-1,2020-07-15 01:00:00,-86.75,0.0,86.75,175.0,49.6,49.6,False
C12-1,2020-07-15 02:00:00,-84.83,0.0,84.83,175.0,48.5,48.5,False
C12-1,2020-07-15 03:00:00,-83.79,0.0,83.79,175.0,47.9,47.9,False
C12-1,2020-07-15 04:00:00,-84.21,0.0,84.21,175.0,48.1,48.1,False
C12-1,2020-07-15 05:00:00,-87.22,0.0,87.22,175.0,49.8,49.8,False
C12-1,2020-07-15 06:00:00,-90.94,0.0,90.94,175.0,52.0,52.0,False
C12-1,2020-07-15 07:00:00,-96.07,0.0,96.07,175.0,54.9,54.9,False
C12-1,2020-07-15 08:00:00,-108.47,0.0,108.47,175.0,62.0,62.0,False
C12-1,2020-07-15 09:00:00,-92.0,0.0,92.0,175.0,52.6,52.6,False
C12-1,2020-07-15 10:00:00,-97.32,0.0,97.32,175.0,55.6,55.6,False
C12-1,2020-07-15 11:00:00,-104.97,0.0,104.97,175.0,60.0,60.0,False
C12-1,2020-07-15 12:00:00,-117.89,0.0,117.89,175.0,67.4,67.4,False
C12-1,2020-07-15 13:00:00,-122.19,0.0,122.19,175.0,69.8,69.8,False
C12-1,2020-07-15 14:00:00,-123.33,0.0,123.33,175.0,70.5,70.5,False
C12-1,2020-07-15 15:00:00,-82.59,0.0,82.59,175.0,47.2,47.2,False
C12-1,2020-07-15 16:00:00,-78.05,0.0,78.05,175.0,44.6,44.6,False
C12-1,2020-07-15 17:00:00,-75.02,0.0,75.02,175.0,42.9,42.9,False
C12-1,2020-07-15 18:00:00,-67.62,0.0,67.62,175.0,38.6,38.6,False
C12-1,2020-07-15 19:00:00,-64.45,0.0,64.45,175.0,36.8,36.8,False
C12-1,2020-07-15 20:00:00,-57.77,0.0,57.77,175.0,33.0,33.0,False
C12-1,2020-07-15 21:00:00,-101.12,0.0,101.12,175.0,57.8,57.8,False
C12-1,2020-07-15 22:00:00,-96.73,0.0,96.73,175.0,55.3,55.3,False
C12-1,2020-07-15 23:00:00,-87.25,0.0,87.25,175.0,49.9,49.9,False
C12-1,2020-07-16 00:00:00,-94.17,0.0,94.17,175.0,53.8,53.8,False
C12-1,2020-07-16 02:00:00,-89.78,0.0,89.78,175.0,51.3,51.3,False
C12-1,2020-07-16 04:00:00,-94.02,0.0,94.02,175.0,53.7,53.7,False
C12-1,2020-07-16 06:00:00,-107.82,0.0,107.82,175.0,61.6,61.6,False
C12-1,2020-07-16 08:00:00,-68.59,0.0,68.59,175.0,39.2,39.2,False
C12-1,2020-07-16 10:00:00,-111.43,0.0,111.43,175.0,63.7,63.7,False
C12-1,2020-07-16 12:00:00,-95.08,0.0,95.08,175.0,54.3,54.3,False
C12-1,2020-07-16 14:00:00,-101.23,0.0,101.23,175.0,57.8,57.8,False
C12-1,2020-07-16 16:00:00,-93.47,0.0,93.47,175.0,53.4,53.4,False
C12-1,2020-07-16 18:00:00,-101.1,0.0,101.1,175.0,57.8,57.8,False
C12-1,2020-07-16 20:00:00,-69.88,0.0,69.88,175.0,39.9,39.9,False
C12-1,2020-07-16 22:00:00,-105.78,0.0,105.78,175.0,60.4,60.4,False
C13-2,2020-07-15 00:00:00,-37.42,0.0,37.42,175.0,21.4,21.4,False
C13-2,2020-07-15 01:00:00,-35.19,0.0,35.19,175.0,20.1,20.1,False
C13-2,2020-07-15 02:00:00,-35.09,0.0,35.09,175.0,20.1,20.1,False
C13-2,2020-07-15 03:00:00,-35.71,0.0,35.71,175.0,20.4,20.4,False
C13-2,2020-07-15 04:00:00,-40.06,0.0,40.06,175.0,22.9,22.9,False
C13-2,2020-07-15 05:00:00,-41.93,0.0,41.93,175.0,24.0,24.0,False
C13-2,2020-07-15 06:00:00,-45.77,0.0,45.77,175.0,26.2,26.2,False
C13-2,2020-07-15 07:00:00,-50.54,0.0,50.54,175.0,28.9,28.9,False
C13-2,2020-07-15 08:00:00,-60.82,0.0,60.82,175.0,34.8,34.8,False
C13-2,2020-07-15 09:00:00,-47.13,0.0,47.13,175.0,26.9,26.9,False
C13-2,2020-07-15 10:00:00,-53.28,0.0,53.28,175.0,30.4,30.4,False
C13-2,2020-07-15 11:00:00,-57.92,0.0,57.92,175.0,33.1,33.1,False
C13-2,2020-07-15 12:00:00,-66.42,0.0,66.42,175.0,38.0,38.0,False
C13-2,2020-07-15 13:00:00,-68.17,0.0,68.17,175.0,39.0,39.0,False
C13-2,2020-07-15 14:00:00,-68.86,0.0,68.86,175.0,39.4,39.4,False
C13-2,2020-07-15 15:00:00,-35.85,0.0,35.85,175.0,20.5,20.5,False
C13-2,2020-07-15 16:00:00,-33.53,0.0,33.53,175.0,19.2,19.2,False
C13-2,2020-07-15 17:00:00,-30.44,0.0,30.44,175.0,17.4,17.4,False
C13-2,2020-07-15 18:00:00,-23.51,0.0,23.51,175.0,13.4,13.4,False
C13-2,2020-07-15 19:00:00,-22.22,0.0,22.22,175.0,12.7,12.7,False
C13-2,2020-07-15 20:00:00,-21.88,0.0,21.88,175.0,12.5,12.5,False
C13-2,2020-07-15 21:00:00,-59.34,0.0,59.34,175.0,33.9,33.9,False
C13-2,2020-07-15 22:00:00,-58.57,0.0,58.57,175.0,33.5,33.5,False
C13-2,2020-07-15 23:00:00,-52.23,0.0,52.23,175.0,29.8,29.8,False
C13-2,2020-07-16 00:00:00,-34.07,0.0,34.07,175.0,19.5,19.5,False
C13-2,2020-07-16 02:00:00,-31.04,0.0,31.04,175.0,17.7,17.7,False
C13-2,2020-07-16 04:00:00,-35.6,0.0,35.6,175.0,20.3,20.3,False
C13-2,2020-07-16 06:00:00,-48.64,0.0,48.64,175.0,27.8,27.8,False
C13-2,2020-07-16 08:00:00,-9.79,0.0,9.79,175.0,5.6,5.6,False
C13-2,2020-07-16 10:00:00,-50.39,0.0,50.39,175.0,28.8,28.8,False
C13-2,2020-07-16 12:00:00,-29.32,0.0,29.32,175.0,16.8,16.8,False
C13-2,2020-07-16 14:00:00,-32.54,0.0,32.54,175.0,18.6,18.6,False
C13-2,2020-07-16 16:00:00,-27.48,0.0,27.48,175.0,15.7,15.7,False
C13-2,2020-07-16 18:00:00,-39.37,0.0,39.37,175.0,22.5,22.5,False
C13-2,2020-07-16 20:00:00,-7.38,0.0,7.38,175.0,4.2,4.2,False
C13-2,2020-07-16 22:00:00,-44.98,0.0,44.98,175.0,25.7,25.7,False
C14,2020-07-15 00:00:00,22.88,0.0,22.88,400.0,5.7,5.7,False
C14,2020-07-15 01:00:00,25.06,0.0,25.06,400.0,6.3,6.3,False
C14,2020-07-15 02:00:00,21.84,0.0,21.84,400.0,5.5,5.5,False
C14,2020-07-15 03:00:00,16.87,0.0,16.87,400.0,4.2,4.2,False
C14,2020-07-15 04:00:00,-0.93,0.0,0.93,400.0,0.2,0.2,False
C14,2020-07-15 05:00:00,-3.71,0.0,3.71,400.0,0.9,0.9,False
C14,2020-07-15 06:00:00,-5.18,0.0,5.18,400.0,1.3,1.3,False
C14,2020-07-15 07:00:00,-9.84,0.0,9.84,400.0,2.5,2.5,False
C14,2020-07-15 08:00:00,-27.45,0.0,27.45,400.0,6.9,6.9,False
C14,2020-07-15 09:00:00,-42.21,0.0,42.21,400.0,10.6,10.6,False
C14,2020-07-15 10:00:00,-57.56,0.0,57.56,400.0,14.4,14.4,False
C14,2020-07-15 11:00:00,-64.77,0.0,64.77,400.0,16.2,16.2,False
C14,2020-07-15 12:00:00,-69.39,0.0,69.39,400.0,17.3,17.3,False
C14,2020-07-15 13:00:00,-69.38,0.0,69.38,400.0,17.3,17.3,False
C14,2020-07-15 14:00:00,-68.36,0.0,68.36,400.0,17.1,17.1,False
C14,2020-07-15 15:00:00,-63.45,0.0,63.45,400.0,15.9,15.9,False
C14,2020-07-15 16:00:00,-72.9,0.0,72.9,400.0,18.2,18.2,False
C14,2020-07-15 17:00:00,-71.1,0.0,71.1,400.0,17.8,17.8,False
C14,2020-07-15 18:00:00,-60.32,0.0,60.32,400.0,15.1,15.1,False
C14,2020-07-15 19:00:00,-63.93,0.0,63.93,400.0,16.0,16.0,False
C14,2020-07-15 20:00:00,-80.68,0.0,80.68,400.0,20.2,20.2,False
C14,2020-07-15 21:00:00,-51.97,0.0,51.97,400.0,13.0,13.0,False
C14,2020-07-15 22:00:00,-63.75,0.0,63.75,400.0,15.9,15.9,False
C14,2020-07-15 23:00:00,-57.06,0.0,57.06,400.0,14.3,14.3,False
C14,2020-07-16 00:00:00,43.69,0.0,43.69,400.0,10.9,10.9,False
C14,2020-07-16 02:00:00,47.68,0.0,47.68,400.0,11.9,11.9,False
C14,2020-07-16 04:00:00,39.31,0.0,39.31,400.0,9.8,9.8,False
C14,2020-07-16 06:00:00,14.53,0.0,14.53,400.0,3.6,3.6,False
C14,2020-07-16 08:00:00,8.62,0.0,8.62,400.0,2.2,2.2,False
C14,2020-07-16 10:00:00,-22.05,0.0,22.05,400.0,5.5,5.5,False
C14,2020-07-16 12:00:00,-19.69,0.0,19.69,400.0,4.9,4.9,False
C14,2020-07-16 14:00:00,-23.32,0.0,23.32,400.0,5.8,5.8,False
C14,2020-07-16 16:00:00,-15.05,0.0,15.05,400.0,3.8,3.8,False
C14,2020-07-16 18:00:00,-18.69,0.0,18.69,400.0,4.7,4.7,False
C14,2020-07-16 20:00:00,24.05,0.0,24.05,400.0,6.0,6.0,False
C14,2020-07-16 22:00:00,25.84,0.0,25.84,400.0,6.5,6.5,False
C15,2020-07-15 00:00:00,10.43,0.0,10.43,400.0,2.6,2.6,False
C15,2020-07-15 01:00:00,12.52,0.0,12.52,400.0,3.1,3.1,False
C15,2020-07-15 02:00:00,8.24,0.0,8.24,400.0,2.1,2.1,False
C15,2020-07-15 03:00:00,3.94,0.0,3.94,400.0,1.0,1.0,False
C15,2020-07-15 04:00:00,-15.98,0.0,15.98,400.0,4.0,4.0,False
C15,2020-07-15 05:00:00,-13.09,0.0,13.09,400.0,3.3,3.3,False
C15,2020-07-15 06:00:00,-24.45,0.0,24.45,400.0,6.1,6.1,False
C15,2020-07-15 07:00:00,-34.8,0.0,34.8,400.0,8.7,8.7,False
C15,2020-07-15 08:00:00,-55.54,0.0,55.54,400.0,13.9,13.9,False
C15,2020-07-15 09:00:00,-69.26,0.0,69.26,400.0,17.3,17.3,False
C15,2020-07-15 10:00:00,-87.97,0.0,87.97,400.0,22.0,22.0,False
C15,2020-07-15 11:00:00,-88.92,0.0,88.92,400.0,22.2,22.2,False
C15,2020-07-15 12:00:00,-84.53,0.0,84.53,400.0,21.1,21.1,False
C15,2020-07-15 13:00:00,-82.19,0.0,82.19,400.0,20.5,20.5,False
C15,2020-07-15 14:00:00,-92.28,0.0,92.28,400.0,23.1,23.1,False
C15,2020-07-15 15:00:00,-88.33,0.0,88.33,400.0,22.1,22.1,False
C15,2020-07-15 16:00:00,-97.48,0.0,97.48,400.0,24.4,24.4,False
C15,2020-07-15 17:00:00,-94.53,0.0,94.53,400.0,23.6,23.6,False
C15,2020-07-15 18:00:00,-76.38,0.0,76.38,400.0,19.1,19.1,False
C15,2020-07-15 19:00:00,-76.95,0.0,76.95,400.0,19.2,19.2,False
C15,2020-07-15 20:00:00,-93.63,0.0,93.63,400.0,23.4,23.4,False
C15,2020-07-15 21:00:00,-64.72,0.0,64.72,400.0,16.2,16.2,False
C15,2020-07-15 22:00:00,-75.35,0.0,75.35,400.0,18.8,18.8,False
C15,2020-07-15 23:00:00,-70.69,0.0,70.69,400.0,17.7,17.7,False
C15,2020-07-16 00:00:00,39.58,0.0,39.58,400.0,9.9,9.9,False
C15,2020-07-16 02:00:00,45.0,0.0,45.0,400.0,11.2,11.2,False
C15,2020-07-16 04:00:00,32.14,0.0,32.14,400.0,8.0,8.0,False
C15,2020-07-16 06:00:00,2.88,0.0,2.88,400.0,0.7,0.7,False
C15,2020-07-16 08:00:00,-7.39,0.0,7.39,400.0,1.8,1.8,False
C15,2020-07-16 10:00:00,-49.88,0.0,49.88,400.0,12.5,12.5,False
C15,2020-07-16 12:00:00,-42.11,0.0,42.11,400.0,10.5,10.5,False
C15,2020-07-16 14:00:00,-43.44,0.0,43.44,400.0,10.9,10.9,False
C15,2020-07-16 16:00:00,-38.12,0.0,38.12,400.0,9.5,9.5,False
C15,2020-07-16 18:00:00,-26.97,0.0,26.97,400.0,6.7,6.7,False
C15,2020-07-16 20:00:00,-0.93,0.0,0.93,400.0,0.2,0.2,False
C15,2020-07-16 22:00:00,12.86,0.0,12.86,400.0,3.2,3.2,False
C16,2020-07-15 00:00:00,-80.98,0.0,80.98,400.0,20.2,20.2,False
C16,2020-07-15 01:00:00,-76.21,0.0,76.21,400.0,19.1,19.1,False
C16,2020-07-15 02:00:00,-75.87,0.0,75.87,400.0,19.0,19.0,False
C16,2020-07-15 03:00:00,-77.57,0.0,77.57,400.0,19.4,19.4,False
C16,2020-07-15 04:00:00,-87.65,0.0,87.65,400.0,21.9,21.9,False
C16,2020-07-15 05:00:00,-92.68,0.0,92.68,400.0,23.2,23.2,False
C16,2020-07-15 06:00:00,-93.91,0.0,93.91,400.0,23.5,23.5,False
C16,2020-07-15 07:00:00,-99.27,0.0,99.27,400.0,24.8,24.8,False
C16,2020-07-15 08:00:00,-121.07,0.0,121.07,400.0,30.3,30.3,False
C16,2020-07-15 09:00:00,-130.36,0.0,130.36,400.0,32.6,32.6,False
C16,2020-07-15 10:00:00,-144.07,0.0,144.07,400.0,36.0,36.0,False
C16,2020-07-15 11:00:00,-157.18,0.0,157.18,400.0,39.3,39.3,False
C16,2020-07-15 12:00:00,-170.5,0.0,170.5,400.0,42.6,42.6,False
C16,2020-07-15 13:00:00,-175.5,0.0,175.5,400.0,43.9,43.9,False
C16,2020-07-15 14:00:00,-175.35,0.0,175.35,400.0,43.8,43.8,False
C16,2020-07-15 15:00:00,-155.27,0.0,155.27,400.0,38.8,38.8,False
C16,2020-07-15 16:00:00,-160.35,0.0,160.35,400.0,40.1,40.1,False
C16,2020-07-15 17:00:00,-158.68,0.0,158.68,400.0,39.7,39.7,False
C16,2020-07-15 18:00:00,-146.96,0.0,146.96,400.0,36.7,36.7,False
C16,2020-07-15 19:00:00,-146.89,0.0,146.89,400.0,36.7,36.7,False
C16,2020-07-15 20:00:00,-151.17,0.0,151.17,400.0,37.8,37.8,False
C16,2020-07-15 21:00:00,-134.02,0.0,134.02,400.0,33.5,33.5,False
C16,2020-07-15 22:00:00,-138.71,0.0,138.71,400.0,34.7,34.7,False
C16,2020-07-15 23:00:00,-125.87,0.0,125.87,400.0,31.5,31.5,False
C16,2020-07-16 00:00:00,-74.37,0.0,74.37,400.0,18.6,18.6,False
C16,2020-07-16 02:00:00,-67.69,0.0,67.69,400.0,16.9,16.9,False
C16,2020-07-16 04:00:00,-75.43,0.0,75.43,400.0,18.9,18.9,False
C16,2020-07-16 06:00:00,-101.71,0.0,101.71,400.0,25.4,25.4,False
C16,2020-07-16 08:00:00,-106.88,0.0,106.88,400.0,26.7,26.7,False
C16,2020-07-16 10:00:00,-141.94,0.0,141.94,400.0,35.5,35.5,False
C16,2020-07-16 12:00:00,-148.86,0.0,148.86,400.0,37.2,37.2,False
C16,2020-07-16 14:00:00,-158.26,0.0,158.26,400.0,39.6,39.6,False
C16,2020-07-16 16:00:00,-144.66,0.0,144.66,400.0,36.2,36.2,False
C16,2020-07-16 18:00:00,-139.96,0.0,139.96,400.0,35.0,35.0,False
C16,2020-07-16 20:00:00,-98.72,0.0,98.72,400.0,24.7,24.7,False
C16,2020-07-16 22:00:00,-93.58,0.0,93.58,400.0,23.4,23.4,False
C17,2020-07-15 00:00:00,-93.43,0.0,93.43,400.0,23.4,23.4,False
C17,2020-07-15 01:00:00,-88.75,0.0,88.75,400.0,22.2,22.2,False
C17,2020-07-15 02:00:00,-89.46,0.0,89.46,400.0,22.4,22.4,False
C17,2020-07-15 03:00:00,-90.51,0.0,90.51,400.0,22.6,22.6,False
C17,2020-07-15 04:00:00,-102.7,0.0,102.7,400.0,25.7,25.7,False
C17,2020-07-15 05:00:00,-102.05,0.0,102.05,400.0,25.5,25.5,False
C17,2020-07-15 06:00:00,-113.19,0.0,113.19,400.0,28.3,28.3,False
C17,2020-07-15 07:00:00,-124.24,0.0,124.24,400.0,31.1,31.1,False
C17,2020-07-15 08:00:00,-149.16,0.0,149.16,400.0,37.3,37.3,False
C17,2020-07-15 09:00:00,-157.42,0.0,157.42,400.0,39.4,39.4,False
C17,2020-07-15 10:00:00,-174.48,0.0,174.48,400.0,43.6,43.6,False
C17,2020-07-15 11:00:00,-181.33,0.0,181.33,400.0,45.3,45.3,False
C17,2020-07-15 12:00:00,-185.64,0.0,185.64,400.0,46.4,46.4,False
C17,2020-07-15 13:00:00,-188.31,0.0,188.31,400.0,47.1,47.1,False
C17,2020-07-15 14:00:00,-199.27,0.0,199.27,400.0,49.8,49.8,False
C17,2020-07-15 15:00:00,-180.15,0.0,180.15,400.0,45.0,45.0,False
C17,2020-07-15 16:00:00,-184.93,0.0,184.93,400.0,46.2,46.2,False
C17,2020-07-15 17:00:00,-182.11,0.0,182.11,400.0,45.5,45.5,False
C17,2020-07-15 18:00:00,-163.03,0.0,163.03,400.0,40.8,40.8,False
C17,2020-07-15 19:00:00,-159.92,0.0,159.92,400.0,40.0,40.0,False
C17,2020-07-15 20:00:00,-164.12,0.0,164.12,400.0,41.0,41.0,False
C17,2020-07-15 21:00:00,-146.77,0.0,146.77,400.0,36.7,36.7,False
C17,2020-07-15 22:00:00,-150.31,0.0,150.31,400.0,37.6,37.6,False
C17,2020-07-15 23:00:00,-139.5,0.0,139.5,400.0,34.9,34.9,False
C17,2020-07-16 00:00:00,-78.47,0.0,78.47,400.0,19.6,19.6,False
C17,2020-07-16 02:00:00,-70.38,0.0,70.38,400.0,17.6,17.6,False
C17,2020-07-16 04:00:00,-82.61,0.0,82.61,400.0,20.7,20.7,False
C17,2020-07-16 06:00:00,-113.36,0.0,113.36,400.0,28.3,28.3,False
C17,2020-07-16 08:00:00,-122.89,0.0,122.89,400.0,30.7,30.7,False
C17,2020-07-16 10:00:00,-169.78,0.0,169.78,400.0,42.4,42.4,False
C17,2020-07-16 12:00:00,-171.28,0.0,171.28,400.0,42.8,42.8,False
C17,2020-07-16 14:00:00,-178.37,0.0,178.37,400.0,44.6,44.6,False
C17,2020-07-16 16:00:00,-167.72,0.0,167.72,400.0,41.9,41.9,False
C17,2020-07-16 18:00:00,-148.24,0.0,148.24,400.0,37.1,37.1,False
C17,2020-07-16 20:00:00,-123.69,0.0,123.69,400.0,30.9,30.9,False
C17,2020-07-16 22:00:00,-106.56,0.0,106.56,400.0,26.6,26.6,False
C18,2020-07-15 00:00:00,-84.53,0.0,84.53,500.0,16.9,16.9,False
C18,2020-07-15 01:00:00,-84.01,0.0,84.01,500.0,16.8,16.8,False
C18,2020-07-15 02:00:00,-87.42,0.0,87.42,500.0,17.5,17.5,False
C18,2020-07-15 03:00:00,-88.28,0.0,88.28,500.0,17.7,17.7,False
C18,2020-07-15 04:00:00,-99.59,0.0,99.59,500.0,19.9,19.9,False
C18,2020-07-15 05:00:00,-89.89,0.0,89.89,500.0,18.0,18.0,False
C18,2020-07-15 06:00:00,-130.66,0.0,130.66,500.0,26.1,26.1,False
C18,2020-07-15 07:00:00,-140.24,0.0,140.24,500.0,28.0,28.0,False
C18,2020-07-15 08:00:00,-154.95,0.0,154.95,500.0,31.0,31.0,False
C18,2020-07-15 09:00:00,-151.2,0.0,151.2,500.0,30.2,30.2,False
C18,2020-07-15 10:00:00,-164.12,0.0,164.12,500.0,32.8,32.8,False
C18,2020-07-15 11:00:00,-155.83,0.0,155.83,500.0,31.2,31.2,False
C18,2020-07-15 12:00:00,-141.92,0.0,141.92,500.0,28.4,28.4,False
C18,2020-07-15 13:00:00,-137.69,0.0,137.69,500.0,27.5,27.5,False
C18,2020-07-15 14:00:00,-161.52,0.0,161.52,500.0,32.3,32.3,False
C18,2020-07-15 15:00:00,-155.62,0.0,155.62,500.0,31.1,31.1,False
C18,2020-07-15 16:00:00,-161.15,0.0,161.15,500.0,32.2,32.2,False
C18,2020-07-15 17:00:00,-161.21,0.0,161.21,500.0,32.2,32.2,False
C18,2020-07-15 18:00:00,-144.06,0.0,144.06,500.0,28.8,28.8,False
C18,2020-07-15 19:00:00,-140.55,0.0,140.55,500.0,28.1,28.1,False
C18,2020-07-15 20:00:00,-148.56,0.0,148.56,500.0,29.7,29.7,False
C18,2020-07-15 21:00:00,-138.17,0.0,138.17,500.0,27.6,27.6,False
C18,2020-07-15 22:00:00,-137.57,0.0,137.57,500.0,27.5,27.5,False
C18,2020-07-15 23:00:00,-137.52,0.0,137.52,500.0,27.5,27.5,False
C18,2020-07-16 00:00:00,-58.95,0.0,58.95,500.0,11.8,11.8,False
C18,2020-07-16 02:00:00,-43.08,0.0,43.08,500.0,8.6,8.6,False
C18,2020-07-16 04:00:00,-92.78,0.0,92.78,500.0,18.6,18.6,False
C18,2020-07-16 06:00:00,-110.11,0.0,110.11,500.0,22.0,22.0,False
C18,2020-07-16 08:00:00,-114.12,0.0,114.12,500.0,22.8,22.8,False
C18,2020-07-16 10:00:00,-149.84,0.0,149.84,500.0,30.0,30.0,False
C18,2020-07-16 12:00:00,-136.07,0.0,136.07,500.0,27.2,27.2,False
C18,2020-07-16 14:00:00,-133.35,0.0,133.35,500.0,26.7,26.7,False
C18,2020-07-16 16:00:00,-135.4,0.0,135.4,500.0,27.1,27.1,False
C18,2020-07-16 18:00:00,-113.12,0.0,113.12,500.0,22.6,22.6,False
C18,2020-07-16 20:00:00,-123.87,0.0,123.87,500.0,24.8,24.8,False
C18,2020-07-16 22:00:00,-107.64,0.0,107.64,500.0,21.5,21.5,False
C19,2020-07-15 00:00:00,20.61,0.0,20.61,500.0,4.1,4.1,False
C19,2020-07-15 01:00:00,26.97,0.0,26.97,500.0,5.4,5.4,False
C19,2020-07-15 02:00:00,27.39,0.0,27.39,500.0,5.5,5.5,False
C19,2020-07-15 03:00:00,21.64,0.0,21.64,500.0,4.3,4.3,False
C19,2020-07-15 04:00:00,5.04,0.0,5.04,500.0,1.0,1.0,False
C19,2020-07-15 05:00:00,-12.07,0.0,12.07,500.0,2.4,2.4,False
C19,2020-07-15 06:00:00,29.96,0.0,29.96,500.0,6.0,6.0,False
C19,2020-07-15 07:00:00,32.91,0.0,32.91,500.0,6.6,6.6,False
C19,2020-07-15 08:00:00,3.6,0.0,3.6,500.0,0.7,0.7,False
C19,2020-07-15 09:00:00,-24.86,0.0,24.86,500.0,5.0,5.0,False
C19,2020-07-15 10:00:00,-41.07,0.0,41.07,500.0,8.2,8.2,False
C19,2020-07-15 11:00:00,-69.56,0.0,69.56,500.0,13.9,13.9,False
C19,2020-07-15 12:00:00,-102.21,0.0,102.21,500.0,20.4,20.4,False
C19,2020-07-15 13:00:00,-110.73,0.0,110.73,500.0,22.1,22.1,False
C19,2020-07-15 14:00:00,-85.92,0.0,85.92,500.0,17.2,17.2,False
C19,2020-07-15 15:00:00,-65.56,0.0,65.56,500.0,13.1,13.1,False
C19,2020-07-15 16:00:00,-74.54,0.0,74.54,500.0,14.9,14.9,False
C19,2020-07-15 17:00:00,-74.47,0.0,74.47,500.0,14.9,14.9,False
C19,2020-07-15 18:00:00,-69.18,0.0,69.18,500.0,13.8,13.8,False
C19,2020-07-15 19:00:00,-76.31,0.0,76.31,500.0,15.3,15.3,False
C19,2020-07-15 20:00:00,-89.42,0.0,89.42,500.0,17.9,17.9,False
C19,2020-07-15 21:00:00,-47.82,0.0,47.82,500.0,9.6,9.6,False
C19,2020-07-15 22:00:00,-71.05,0.0,71.05,500.0,14.2,14.2,False
C19,2020-07-15 23:00:00,-50.93,0.0,50.93,500.0,10.2,10.2,False
C19,2020-07-16 00:00:00,22.36,0.0,22.36,500.0,4.5,4.5,False
C19,2020-07-16 02:00:00,17.98,0.0,17.98,500.0,3.6,3.6,False
C19,2020-07-16 04:00:00,50.63,0.0,50.63,500.0,10.1,10.1,False
C19,2020-07-16 06:00:00,16.98,0.0,16.98,500.0,3.4,3.4,False
C19,2020-07-16 08:00:00,9.51,0.0,9.51,500.0,1.9,1.9,False
C19,2020-07-16 10:00:00,-20.21,0.0,20.21,500.0,4.0,4.0,False
C19,2020-07-16 12:00:00,-38.38,0.0,38.38,500.0,7.7,7.7,False
C19,2020-07-16 14:00:00,-54.01,0.0,54.01,500.0,10.8,10.8,False
C19,2020-07-16 16:00:00,-30.14,0.0,30.14,500.0,6.0,6.0,False
C19,2020-07-16 18:00:00,-51.49,0.0,51.49,500.0,10.3,10.3,False
C19,2020-07-16 20:00:00,43.25,0.0,43.25,500.0,8.7,8.7,False
C19,2020-07-16 22:00:00,34.85,0.0,34.85,500.0,7.0,7.0,False
C20,2020-07-15 00:00:00,-62.73,0.0,62.73,500.0,12.5,12.5,False
C20,2020-07-15 01:00:00,-62.07,0.0,62.07,500.0,12.4,12.4,False
C20,2020-07-15 02:00:00,-63.64,0.0,63.64,500.0,12.7,12.7,False
C20,2020-07-15 03:00:00,-65.65,0.0,65.65,500.0,13.1,13.1,False
C20,2020-07-15 04:00:00,-73.26,0.0,73.26,500.0,14.7,14.7,False
C20,2020-07-15 05:00:00,-73.48,0.0,73.48,500.0,14.7,14.7,False
C20,2020-07-15 06:00:00,-96.93,0.0,96.93,500.0,19.4,19.4,False
C20,2020-07-15 07:00:00,-96.54,0.0,96.54,500.0,19.3,19.3,False
C20,2020-07-15 08:00:00,-105.79,0.0,105.79,500.0,21.2,21.2,False
C20,2020-07-15 09:00:00,-103.86,0.0,103.86,500.0,20.8,20.8,False
C20,2020-07-15 10:00:00,-110.9,0.0,110.9,500.0,22.2,22.2,False
C20,2020-07-15 11:00:00,-113.56,0.0,113.56,500.0,22.7,22.7,False
C20,2020-07-15 12:00:00,-115.43,0.0,115.43,500.0,23.1,23.1,False
C20,2020-07-15 13:00:00,-115.27,0.0,115.27,500.0,23.1,23.1,False
C20,2020-07-15 14:00:00,-119.66,0.0,119.66,500.0,23.9,23.9,False
C20,2020-07-15 15:00:00,-112.08,0.0,112.08,500.0,22.4,22.4,False
C20,2020-07-15 16:00:00,-118.13,0.0,118.13,500.0,23.6,23.6,False
C20,2020-07-15 17:00:00,-120.21,0.0,120.21,500.0,24.0,24.0,False
C20,2020-07-15 18:00:00,-115.94,0.0,115.94,500.0,23.2,23.2,False
C20,2020-07-15 19:00:00,-117.75,0.0,117.75,500.0,23.6,23.6,False
C20,2020-07-15 20:00:00,-125.89,0.0,125.89,500.0,25.2,25.2,False
C20,2020-07-15 21:00:00,-115.86,0.0,115.86,500.0,23.2,23.2,False
C20,2020-07-15 22:00:00,-117.28,0.0,117.28,500.0,23.5,23.5,False
C20,2020-07-15 23:00:00,-113.68,0.0,113.68,500.0,22.7,22.7,False
C20,2020-07-16 00:00:00,-51.76,0.0,51.76,500.0,10.4,10.4,False
C20,2020-07-16 02:00:00,-38.38,0.0,38.38,500.0,7.7,7.7,False
C20,2020-07-16 04:00:00,-80.23,0.0,80.23,500.0,16.0,16.0,False
C20,2020-07-16 06:00:00,-89.74,0.0,89.74,500.0,17.9,17.9,False
C20,2020-07-16 08:00:00,-86.1,0.0,86.1,500.0,17.2,17.2,False
C20,2020-07-16 10:00:00,-101.13,0.0,101.13,500.0,20.2,20.2,False
C20,2020-07-16 12:00:00,-96.84,0.0,96.84,500.0,19.4,19.4,False
C20,2020-07-16 14:00:00,-98.15,0.0,98.15,500.0,19.6,19.6,False
C20,2020-07-16 16:00:00,-95.04,0.0,95.04,500.0,19.0,19.0,False
C20,2020-07-16 18:00:00,-98.64,0.0,98.64,500.0,19.7,19.7,False
C20,2020-07-16 20:00:00,-80.16,0.0,80.16,500.0,16.0,16.0,False
C20,2020-07-16 22:00:00,-84.93,0.0,84.93,500.0,17.0,17.0,False
C21,2020-07-15 00:00:00,-26.1,0.0,26.1,500.0,5.2,5.2,False
C21,2020-07-15 01:00:00,-20.05,0.0,20.05,500.0,4.0,4.0,False
C21,2020-07-15 02:00:00,-23.58,0.0,23.58,500.0,4.7,4.7,False
C21,2020-07-15 03:00:00,-26.85,0.0,26.85,500.0,5.4,5.4,False
C21,2020-07-15 04:00:00,-51.39,0.0,51.39,500.0,10.3,10.3,False
C21,2020-07-15 05:00:00,-47.22,0.0,47.22,500.0,9.4,9.4,False
C21,2020-07-15 06:00:00,-42.32,0.0,42.32,500.0,8.5,8.5,False
C21,2020-07-15 07:00:00,-60.72,0.0,60.72,500.0,12.1,12.1,False
C21,2020-07-15 08:00:00,-101.73,0.0,101.73,500.0,20.3,20.3,False
C21,2020-07-15 09:00:00,-126.32,0.0,126.32,500.0,25.3,25.3,False
C21,2020-07-15 10:00:00,-155.12,0.0,155.12,500.0,31.0,31.0,False
C21,2020-07-15 11:00:00,-160.14,0.0,160.14,500.0,32.0,32.0,False
C21,2020-07-15 12:00:00,-158.98,0.0,158.98,500.0,31.8,31.8,False
C21,2020-07-15 13:00:00,-158.78,0.0,158.78,500.0,31.8,31.8,False
C21,2020-07-15 14:00:00,-175.61,0.0,175.61,500.0,35.1,35.1,False
C21,2020-07-15 15:00:00,-158.85,0.0,158.85,500.0,31.8,31.8,False
C21,2020-07-15 16:00:00,-166.73,0.0,166.73,500.0,33.3,33.3,False
C21,2020-07-15 17:00:00,-162.32,0.0,162.32,500.0,32.5,32.5,False
C21,2020-07-15 18:00:00,-129.43,0.0,129.43,500.0,25.9,25.9,False
C21,2020-07-15 19:00:00,-125.17,0.0,125.17,500.0,25.0,25.0,False
C21,2020-07-15 20:00:00,-137.99,0.0,137.99,500.0,27.6,27.6,False
C21,2020-07-15 21:00:00,-95.63,0.0,95.63,500.0,19.1,19.1,False
C21,2020-07-15 22:00:00,-114.53,0.0,114.53,500.0,22.9,22.9,False
C21,2020-07-15 23:00:00,-102.03,0.0,102.03,500.0,20.4,20.4,False
C21,2020-07-16 00:00:00,6.96,0.0,6.96,500.0,1.4,1.4,False
C21,2020-07-16 02:00:00,7.9,0.0,7.9,500.0,1.6,1.6,False
C21,2020-07-16 04:00:00,23.73,0.0,23.73,500.0,4.7,4.7,False
C21,2020-07-16 06:00:00,-26.68,0.0,26.68,500.0,5.3,5.3,False
C21,2020-07-16 08:00:00,-50.54,0.0,50.54,500.0,10.1,10.1,False
C21,2020-07-16 10:00:00,-124.59,0.0,124.59,500.0,24.9,24.9,False
C21,2020-07-16 12:00:00,-122.45,0.0,122.45,500.0,24.5,24.5,False
C21,2020-07-16 14:00:00,-129.45,0.0,129.45,500.0,25.9,25.9,False
C21,2020-07-16 16:00:00,-116.63,0.0,116.63,500.0,23.3,23.3,False
C21,2020-07-16 18:00:00,-82.52,0.0,82.52,500.0,16.5,16.5,False
C21,2020-07-16 20:00:00,-50.41,0.0,50.41,500.0,10.1,10.1,False
C21,2020-07-16 22:00:00,-13.82,0.0,13.82,500.0,2.8,2.8,False
C22,2020-07-15 00:00:00,5.51,0.0,5.51,500.0,1.1,1.1,False
C22,2020-07-15 01:00:00,11.9,0.0,11.9,500.0,2.4,2.4,False
C22,2020-07-15 02:00:00,8.82,0.0,8.82,500.0,1.8,1.8,False
C22,2020-07-15 03:00:00,6.28,0.0,6.28,500.0,1.3,1.3,False
C22,2020-07-15 04:00:00,-16.88,0.0,16.88,500.0,3.4,3.4,False
C22,2020-07-15 05:00:00,-12.11,0.0,12.11,500.0,2.4,2.4,False
C22,2020-07-15 06:00:00,6.29,0.0,6.29,500.0,1.3,1.3,False
C22,2020-07-15 07:00:00,-14.43,0.0,14.43,500.0,2.9,2.9,False
C22,2020-07-15 08:00:00,-55.06,0.0,55.06,500.0,11.0,11.0,False
C22,2020-07-15 09:00:00,-83.54,0.0,83.54,500.0,16.7,16.7,False
C22,2020-07-15 10:00:00,-111.76,0.0,111.76,500.0,22.4,22.4,False
C22,2020-07-15 11:00:00,-115.89,0.0,115.89,500.0,23.2,23.2,False
C22,2020-07-15 12:00:00,-113.56,0.0,113.56,500.0,22.7,22.7,False
C22,2020-07-15 13:00:00,-113.43,0.0,113.43,500.0,22.7,22.7,False
C22,2020-07-15 14:00:00,-129.77,0.0,129.77,500.0,26.0,26.0,False
C22,2020-07-15 15:00:00,-115.27,0.0,115.27,500.0,23.1,23.1,False
C22,2020-07-15 16:00:00,-120.72,0.0,120.72,500.0,24.1,24.1,False
C22,2020-07-15 17:00:00,-114.65,0.0,114.65,500.0,22.9,22.9,False
C22,2020-07-15 18:00:00,-80.34,0.0,80.34,500.0,16.1,16.1,False
C22,2020-07-15 19:00:00,-74.59,0.0,74.59,500.0,14.9,14.9,False
C22,2020-07-15 20:00:00,-84.39,0.0,84.39,500.0,16.9,16.9,False
C22,2020-07-15 21:00:00,-42.69,0.0,42.69,500.0,8.5,8.5,False
C22,2020-07-15 22:00:00,-62.99,0.0,62.99,500.0,12.6,12.6,False
C22,2020-07-15 23:00:00,-51.04,0.0,51.04,500.0,10.2,10.2,False
C22,2020-07-16 00:00:00,36.32,0.0,36.32,500.0,7.3,7.3,False
C22,2020-07-16 02:00:00,29.99,0.0,29.99,500.0,6.0,6.0,False
C22,2020-07-16 04:00:00,70.72,0.0,70.72,500.0,14.1,14.1,False
C22,2020-07-16 06:00:00,19.77,0.0,19.77,500.0,4.0,4.0,False
C22,2020-07-16 08:00:00,-8.84,0.0,8.84,500.0,1.8,1.8,False
C22,2020-07-16 10:00:00,-83.12,0.0,83.12,500.0,16.6,16.6,False
C22,2020-07-16 12:00:00,-83.09,0.0,83.09,500.0,16.6,16.6,False
C22,2020-07-16 14:00:00,-90.18,0.0,90.18,500.0,18.0,18.0,False
C22,2020-07-16 16:00:00,-77.6,0.0,77.6,500.0,15.5,15.5,False
C22,2020-07-16 18:00:00,-37.59,0.0,37.59,500.0,7.5,7.5,False
C22,2020-07-16 20:00:00,-11.97,0.0,11.97,500.0,2.4,2.4,False
C22,2020-07-16 22:00:00,31.45,0.0,31.45,500.0,6.3,6.3,False
C23,2020-07-15 00:00:00,-61.28,0.0,61.28,500.0,12.3,12.3,False
C23,2020-07-15 01:00:00,-51.12,0.0,51.12,500.0,10.2,10.2,False
C23,2020-07-15 02:00:00,-49.34,0.0,49.34,500.0,9.9,9.9,False
C23,2020-07-15 03:00:00,-54.84,0.0,54.84,500.0,11.0,11.0,False
C23,2020-07-15 04:00:00,-74.55,0.0,74.55,500.0,14.9,14.9,False
C23,2020-07-15 05:00:00,-94.99,0.0,94.99,500.0,19.0,19.0,False
C23,2020-07-15 06:00:00,-59.14,0.0,59.14,500.0,11.8,11.8,False
C23,2020-07-15 07:00:00,-63.73,0.0,63.73,500.0,12.7,12.7,False
C23,2020-07-15 08:00:00,-106.47,0.0,106.47,500.0,21.3,21.3,False
C23,2020-07-15 09:00:00,-145.06,0.0,145.06,500.0,29.0,29.0,False
C23,2020-07-15 10:00:00,-169.2,0.0,169.2,500.0,33.8,33.8,False
C23,2020-07-15 11:00:00,-205.82,0.0,205.82,500.0,41.2,41.2,False
C23,2020-07-15 12:00:00,-245.03,0.0,245.03,500.0,49.0,49.0,False
C23,2020-07-15 13:00:00,-257.7,0.0,257.7,500.0,51.5,51.5,False
C23,2020-07-15 14:00:00,-235.96,0.0,235.96,500.0,47.2,47.2,False
C23,2020-07-15 15:00:00,-214.51,0.0,214.51,500.0,42.9,42.9,False
C23,2020-07-15 16:00:00,-219.0,0.0,219.0,500.0,43.8,43.8,False
C23,2020-07-15 17:00:00,-213.85,0.0,213.85,500.0,42.8,42.8,False
C23,2020-07-15 18:00:00,-199.14,0.0,199.14,500.0,39.8,39.8,False
C23,2020-07-15 19:00:00,-203.33,0.0,203.33,500.0,40.7,40.7,False
C23,2020-07-15 20:00:00,-211.82,0.0,211.82,500.0,42.4,42.4,False
C23,2020-07-15 21:00:00,-152.98,0.0,152.98,500.0,30.6,30.6,False
C23,2020-07-15 22:00:00,-170.92,0.0,170.92,500.0,34.2,34.2,False
C23,2020-07-15 23:00:00,-140.63,0.0,140.63,500.0,28.1,28.1,False
C23,2020-07-16 00:00:00,-59.85,0.0,59.85,500.0,12.0,12.0,False
C23,2020-07-16 02:00:00,-59.62,0.0,59.62,500.0,11.9,11.9,False
C23,2020-07-16 04:00:00,-32.44,0.0,32.44,500.0,6.5,6.5,False
C23,2020-07-16 06:00:00,-83.72,0.0,83.72,500.0,16.7,16.7,False
C23,2020-07-16 08:00:00,-111.98,0.0,111.98,500.0,22.4,22.4,False
C23,2020-07-16 10:00:00,-158.84,0.0,158.84,500.0,31.8,31.8,False
C23,2020-07-16 12:00:00,-190.17,0.0,190.17,500.0,38.0,38.0,False
C23,2020-07-16 14:00:00,-211.98,0.0,211.98,500.0,42.4,42.4,False
C23,2020-07-16 16:00:00,-179.69,0.0,179.69,500.0,35.9,35.9,False
C23,2020-07-16 18:00:00,-185.46,0.0,185.46,500.0,37.1,37.1,False
C23,2020-07-16 20:00:00,-77.63,0.0,77.63,500.0,15.5,15.5,False
C23,2020-07-16 22:00:00,-62.39,0.0,62.39,500.0,12.5,12.5,False
C24,2020-07-15 00:00:00,-48.77,0.0,48.77,500.0,9.8,9.8,False
C24,2020-07-15 01:00:00,-48.81,0.0,48.81,500.0,9.8,9.8,False
C24,2020-07-15 02:00:00,-53.81,0.0,53.81,500.0,10.8,10.8,False
C24,2020-07-15 03:00:00,-53.87,0.0,53.87,500.0,10.8,10.8,False
C24,2020-07-15 04:00:00,-65.37,0.0,65.37,500.0,13.1,13.1,False
C24,2020-07-15 05:00:00,-51.94,0.0,51.94,500.0,10.4,10.4,False
C24,2020-07-15 06:00:00,-99.22,0.0,99.22,500.0,19.8,19.8,False
C24,2020-07-15 07:00:00,-105.09,0.0,105.09,500.0,21.0,21.0,False
C24,2020-07-15 08:00:00,-69.9,0.0,69.9,500.0,14.0,14.0,False
C24,2020-07-15 09:00:00,-43.37,0.0,43.37,500.0,8.7,8.7,False
C24,2020-07-15 10:00:00,-53.85,0.0,53.85,500.0,10.8,10.8,False
C24,2020-07-15 11:00:00,-23.76,0.0,23.76,500.0,4.8,4.8,False
C24,2020-07-15 12:00:00,68.05,0.0,68.05,500.0,13.6,13.6,False
C24,2020-07-15 13:00:00,77.55,0.0,77.55,500.0,15.5,15.5,False
C24,2020-07-15 14:00:00,25.97,0.0,25.97,500.0,5.2,5.2,False
C24,2020-07-15 15:00:00,0.81,0.0,0.81,500.0,0.2,0.2,False
C24,2020-07-15 16:00:00,-12.22,0.0,12.22,500.0,2.4,2.4,False
C24,2020-07-15 17:00:00,-13.51,0.0,13.51,500.0,2.7,2.7,False
C24,2020-07-15 18:00:00,4.36,0.0,4.36,500.0,0.9,0.9,False
C24,2020-07-15 19:00:00,6.61,0.0,6.61,500.0,1.3,1.3,False
C24,2020-07-15 20:00:00,-51.51,0.0,51.51,500.0,10.3,10.3,False
C24,2020-07-15 21:00:00,-73.83,0.0,73.83,500.0,14.8,14.8,False
C24,2020-07-15 22:00:00,-114.44,0.0,114.44,500.0,22.9,22.9,False
C24,2020-07-15 23:00:00,-120.21,0.0,120.21,500.0,24.0,24.0,False
C24,2020-07-16 00:00:00,-19.82,0.0,19.82,500.0,4.0,4.0,False
C24,2020-07-16 02:00:00,-15.56,0.0,15.56,500.0,3.1,3.1,False
C24,2020-07-16 04:00:00,-29.01,0.0,29.01,500.0,5.8,5.8,False
C24,2020-07-16 06:00:00,-28.01,0.0,28.01,500.0,5.6,5.6,False
C24,2020-07-16 08:00:00,-45.7,0.0,45.7,500.0,9.1,9.1,False
C24,2020-07-16 10:00:00,-60.51,0.0,60.51,500.0,12.1,12.1,False
C24,2020-07-16 12:00:00,-17.11,0.0,17.11,500.0,3.4,3.4,False
C24,2020-07-16 14:00:00,4.79,0.0,4.79,500.0,1.0,1.0,False
C24,2020-07-16 16:00:00,-24.75,0.0,24.75,500.0,4.9,4.9,False
C24,2020-07-16 18:00:00,47.04,0.0,47.04,500.0,9.4,9.4,False
C24,2020-07-16 20:00:00,-86.5,0.0,86.5,500.0,17.3,17.3,False
C24,2020-07-16 22:00:00,-72.99,0.0,72.99,500.0,14.6,14.6,False
C25-1,2020-07-15 00:00:00,13.86,0.0,13.86,500.0,2.8,2.8,False
C25-1,2020-07-15 01:00:00,18.89,0.0,18.89,500.0,3.8,3.8,False
C25-1,2020-07-15 02:00:00,18.76,0.0,18.76,500.0,3.8,3.8,False
C25-1,2020-07-15 03:00:00,13.04,0.0,13.04,500.0,2.6,2.6,False
C25-1,2020-07-15 04:00:00,-5.75,0.0,5.75,500.0,1.1,1.1,False
C25-1,2020-07-15 05:00:00,-17.25,0.0,17.25,500.0,3.4,3.4,False
C25-1,2020-07-15 06:00:00,20.79,0.0,20.79,500.0,4.2,4.2,False
C25-1,2020-07-15 07:00:00,19.75,0.0,19.75,500.0,4.0,4.0,False
C25-1,2020-07-15 08:00:00,-26.78,0.0,26.78,500.0,5.4,5.4,False
C25-1,2020-07-15 09:00:00,-71.02,0.0,71.02,500.0,14.2,14.2,False
C25-1,2020-07-15 10:00:00,-89.72,0.0,89.72,500.0,17.9,17.9,False
C25-1,2020-07-15 11:00:00,-123.65,0.0,123.65,500.0,24.7,24.7,False
C25-1,2020-07-15 12:00:00,-118.58,0.0,118.58,500.0,23.7,23.7,False
C25-1,2020-07-15 13:00:00,-127.81,0.0,127.81,500.0,25.6,25.6,False
C25-1,2020-07-15 14:00:00,-106.2,0.0,106.2,500.0,21.2,21.2,False
C25-1,2020-07-15 15:00:00,-101.41,0.0,101.41,500.0,20.3,20.3,False
C25-1,2020-07-15 16:00:00,-106.34,0.0,106.34,500.0,21.3,21.3,False
C25-1,2020-07-15 17:00:00,-100.92,0.0,100.92,500.0,20.2,20.2,False
C25-1,2020-07-15 18:00:00,-97.77,0.0,97.77,500.0,19.6,19.6,False
C25-1,2020-07-15 19:00:00,-105.74,0.0,105.74,500.0,21.1,21.1,False
C25-1,2020-07-15 20:00:00,-140.0,0.0,140.0,500.0,28.0,28.0,False
C25-1,2020-07-15 21:00:00,-81.71,0.0,81.71,500.0,16.3,16.3,False
C25-1,2020-07-15 22:00:00,-82.35,0.0,82.35,500.0,16.5,16.5,False
C25-1,2020-07-15 23:00:00,-69.38,0.0,69.38,500.0,13.9,13.9,False
C25-1,2020-07-16 00:00:00,24.56,0.0,24.56,500.0,4.9,4.9,False
C25-1,2020-07-16 02:00:00,26.53,0.0,26.53,500.0,5.3,5.3,False
C25-1,2020-07-16 04:00:00,37.98,0.0,37.98,500.0,7.6,7.6,False
C25-1,2020-07-16 06:00:00,-0.96,0.0,0.96,500.0,0.2,0.2,False
C25-1,2020-07-16 08:00:00,-6.09,0.0,6.09,500.0,1.2,1.2,False
C25-1,2020-07-16 10:00:00,-14.0,0.0,14.0,500.0,2.8,2.8,False
C25-1,2020-07-16 12:00:00,-58.03,0.0,58.03,500.0,11.6,11.6,False
C25-1,2020-07-16 14:00:00,-83.67,0.0,83.67,500.0,16.7,16.7,False
C25-1,2020-07-16 16:00:00,-46.93,0.0,46.93,500.0,9.4,9.4,False
C25-1,2020-07-16 18:00:00,-80.26,0.0,80.26,500.0,16.1,16.1,False
C25-1,2020-07-16 20:00:00,34.77,0.0,34.77,500.0,7.0,7.0,False
C25-1,2020-07-16 22:00:00,38.05,0.0,38.05,500.0,7.6,7.6,False
C25-2,2020-07-15 00:00:00,13.86,0.0,13.86,500.0,2.8,2.8,False
C25-2,2020-07-15 01:00:00,18.89,0.0,18.89,500.0,3.8,3.8,False
C25-2,2020-07-15 02:00:00,18.76,0.0,18.76,500.0,3.8,3.8,False
C25-2,2020-07-15 03:00:00,13.04,0.0,13.04,500.0,2.6,2.6,False
C25-2,2020-07-15 04:00:00,-5.75,0.0,5.75,500.0,1.1,1.1,False
C25-2,2020-07-15 05:00:00,-17.25,0.0,17.25,500.0,3.4,3.4,False
C25-2,2020-07-15 06:00:00,20.79,0.0,20.79,500.0,4.2,4.2,False
C25-2,2020-07-15 07:00:00,19.75,0.0,19.75,500.0,4.0,4.0,False
C25-2,2020-07-15 08:00:00,-26.78,0.0,26.78,500.0,5.4,5.4,False
C25-2,2020-07-15 09:00:00,-71.02,0.0,71.02,500.0,14.2,14.2,False
C25-2,2020-07-15 10:00:00,-89.72,0.0,89.72,500.0,17.9,17.9,False
C25-2,2020-07-15 11:00:00,-123.65,0.0,123.65,500.0,24.7,24.7,False
C25-2,2020-07-15 12:00:00,-118.58,0.0,118.58,500.0,23.7,23.7,False
C25-2,2020-07-15 13:00:00,-127.81,0.0,127.81,500.0,25.6,25.6,False
C25-2,2020-07-15 14:00:00,-106.2,0.0,106.2,500.0,21.2,21.2,False
C25-2,2020-07-15 15:00:00,-101.41,0.0,101.41,500.0,20.3,20.3,False
C25-2,2020-07-15 16:00:00,-106.34,0.0,106.34,500.0,21.3,21.3,False
C25-2,2020-07-15 17:00:00,-100.92,0.0,100.92,500.0,20.2,20.2,False
C25-2,2020-07-15 18:00:00,-97.77,0.0,97.77,500.0,19.6,19.6,False
C25-2,2020-07-15 19:00:00,-105.74,0.0,105.74,500.0,21.1,21.1,False
C25-2,2020-07-15 20:00:00,-140.0,0.0,140.0,500.0,28.0,28.0,False
C25-2,2020-07-15 21:00:00,-81.71,0.0,81.71,500.0,16.3,16.3,False
C25-2,2020-07-15 22:00:00,-82.35,0.0,82.35,500.0,16.5,16.5,False
C25-2,2020-07-15 23:00:00,-69.38,0.0,69.38,500.0,13.9,13.9,False
C25-2,2020-07-16 00:00:00,24.56,0.0,24.56,500.0,4.9,4.9,False
C25-2,2020-07-16 02:00:00,26.53,0.0,26.53,500.0,5.3,5.3,False
C25-2,2020-07-16 04:00:00,37.98,0.0,37.98,500.0,7.6,7.6,False
C25-2,2020-07-16 06:00:00,-0.96,0.0,0.96,500.0,0.2,0.2,False
C25-2,2020-07-16 08:00:00,-6.09,0.0,6.09,500.0,1.2,1.2,False
C25-2,2020-07-16 10:00:00,-14.0,0.0,14.0,500.0,2.8,2.8,False
C25-2,2020-07-16 12:00:00,-58.03,0.0,58.03,500.0,11.6,11.6,False
C25-2,2020-07-16 14:00:00,-83.67,0.0,83.67,500.0,16.7,16.7,False
C25-2,2020-07-16 16:00:00,-46.93,0.0,46.93,500.0,9.4,9.4,False
C25-2,2020-07-16 18:00:00,-80.26,0.0,80.26,500.0,16.1,16.1,False
C25-2,2020-07-16 20:00:00,34.77,0.0,34.77,500.0,7.0,7.0,False
C25-2,2020-07-16 22:00:00,38.05,0.0,38.05,500.0,7.6,7.6,False
C26,2020-07-15 00:00:00,-109.08,0.0,109.08,500.0,21.8,21.8,False
C26,2020-07-15 01:00:00,-112.84,0.0,112.84,500.0,22.6,22.6,False
C26,2020-07-15 02:00:00,-105.3,0.0,105.3,500.0,21.1,21.1,False
C26,2020-07-15 03:00:00,-93.41,0.0,93.41,500.0,18.7,18.7,False
C26,2020-07-15 04:00:00,-49.39,0.0,49.39,500.0,9.9,9.9,False
C26,2020-07-15 05:00:00,-45.53,0.0,45.53,500.0,9.1,9.1,False
C26,2020-07-15 06:00:00,-86.93,0.0,86.93,500.0,17.4,17.4,False
C26,2020-07-15 07:00:00,-93.45,0.0,93.45,500.0,18.7,18.7,False
C26,2020-07-15 08:00:00,-54.62,0.0,54.62,500.0,10.9,10.9,False
C26,2020-07-15 09:00:00,-8.77,0.0,8.77,500.0,1.8,1.8,False
C26,2020-07-15 10:00:00,26.2,0.0,26.2,500.0,5.2,5.2,False
C26,2020-07-15 11:00:00,50.58,0.0,50.58,500.0,10.1,10.1,False
C26,2020-07-15 12:00:00,77.14,0.0,77.14,500.0,15.4,15.4,False
C26,2020-07-15 13:00:00,80.95,0.0,80.95,500.0,16.2,16.2,False
C26,2020-07-15 14:00:00,64.13,0.0,64.13,500.0,12.8,12.8,False
C26,2020-07-15 15:00:00,84.18,0.0,84.18,500.0,16.8,16.8,False
C26,2020-07-15 16:00:00,114.39,0.0,114.39,500.0,22.9,22.9,False
C26,2020-07-15 17:00:00,111.84,0.0,111.84,500.0,22.4,22.4,False
C26,2020-07-15 18:00:00,98.11,0.0,98.11,500.0,19.6,19.6,False
C26,2020-07-15 19:00:00,116.66,0.0,116.66,500.0,23.3,23.3,False
C26,2020-07-15 20:00:00,173.89,0.0,173.89,500.0,34.8,34.8,False
C26,2020-07-15 21:00:00,65.41,0.0,65.41,500.0,13.1,13.1,False
C26,2020-07-15 22:00:00,119.86,0.0,119.86,500.0,24.0,24.0,False
C26,2020-07-15 23:00:00,115.92,0.0,115.92,500.0,23.2,23.2,False
C26,2020-07-16 00:00:00,-159.88,0.0,159.88,500.0,32.0,32.0,False
C26,2020-07-16 02:00:00,-161.06,0.0,161.06,500.0,32.2,32.2,False
C26,2020-07-16 04:00:00,-178.87,0.0,178.87,500.0,35.8,35.8,False
C26,2020-07-16 06:00:00,-130.85,0.0,130.85,500.0,26.2,26.2,False
C26,2020-07-16 08:00:00,-114.6,0.0,114.6,500.0,22.9,22.9,False
C26,2020-07-16 10:00:00,-68.18,0.0,68.18,500.0,13.6,13.6,False
C26,2020-07-16 12:00:00,-45.1,0.0,45.1,500.0,9.0,9.0,False
C26,2020-07-16 14:00:00,-25.91,0.0,25.91,500.0,5.2,5.2,False
C26,2020-07-16 16:00:00,-56.06,0.0,56.06,500.0,11.2,11.2,False
C26,2020-07-16 18:00:00,-35.67,0.0,35.67,500.0,7.1,7.1,False
C26,2020-07-16 20:00:00,-154.8,0.0,154.8,500.0,31.0,31.0,False
C26,2020-07-16 22:00:00,-158.79,0.0,158.79,500.0,31.8,31.8,False
C27,2020-07-15 00:00:00,-133.25,0.0,133.25,500.0,26.6,26.6,False
C27,2020-07-15 01:00:00,-113.37,0.0,113.37,500.0,22.7,22.7,False
C27,2020-07-15 02:00:00,-104.77,0.0,104.77,500.0,21.0,21.0,False
C27,2020-07-15 03:00:00,-115.64,0.0,115.64,500.0,23.1,23.1,False
C27,2020-07-15 04:00:00,-137.62,0.0,137.62,500.0,27.5,27.5,False
C27,2020-07-15 05:00:00,-200.29,0.0,200.29,500.0,40.1,40.1,False
C27,2020-07-15 06:00:00,-91.75,0.0,91.75,500.0,18.4,18.4,False
C27,2020-07-15 07:00:00,-69.95,0.0,69.95,500.0,14.0,14.0,False
C27,2020-07-15 08:00:00,-87.12,0.0,87.12,500.0,17.4,17.4,False
C27,2020-07-15 09:00:00,-102.79,0.0,102.79,500.0,20.6,20.6,False
C27,2020-07-15 10:00:00,-127.31,0.0,127.31,500.0,25.5,25.5,False
C27,2020-07-15 11:00:00,-207.2,0.0,207.2,500.0,41.4,41.4,False
C27,2020-07-15 12:00:00,-246.61,0.0,246.61,500.0,49.3,49.3,False
C27,2020-07-15 13:00:00,-277.85,0.0,277.85,500.0,55.6,55.6,False
C27,2020-07-15 14:00:00,-253.53,0.0,253.53,500.0,50.7,50.7,False
C27,2020-07-15 15:00:00,-244.55,0.0,244.55,500.0,48.9,48.9,False
C27,2020-07-15 16:00:00,-254.95,0.0,254.95,500.0,51.0,51.0,False
C27,2020-07-15 17:00:00,-251.13,0.0,251.13,500.0,50.2,50.2,False
C27,2020-07-15 18:00:00,-257.79,0.0,257.79,500.0,51.6,51.6,False
C27,2020-07-15 19:00:00,-278.78,0.0,278.78,500.0,55.8,55.8,False
C27,2020-07-15 20:00:00,-336.51,0.0,336.51,500.0,67.3,67.3,False
C27,2020-07-15 21:00:00,-255.72,0.0,255.72,500.0,51.1,51.1,False
C27,2020-07-15 22:00:00,-317.13,0.0,317.13,500.0,63.4,63.4,False
C27,2020-07-15 23:00:00,-250.75,0.0,250.75,500.0,50.1,50.1,False
C27,2020-07-16 00:00:00,-172.75,0.0,172.75,500.0,34.5,34.5,False
C27,2020-07-16 02:00:00,-169.38,0.0,169.38,500.0,33.9,33.9,False
C27,2020-07-16 04:00:00,-129.05,0.0,129.05,500.0,25.8,25.8,False
C27,2020-07-16 06:00:00,-184.87,0.0,184.87,500.0,37.0,37.0,False
C27,2020-07-16 08:00:00,-149.71,0.0,149.71,500.0,29.9,29.9,False
C27,2020-07-16 10:00:00,-154.44,0.0,154.44,500.0,30.9,30.9,False
C27,2020-07-16 12:00:00,-218.51,0.0,218.51,500.0,43.7,43.7,False
C27,2020-07-16 14:00:00,-252.69,0.0,252.69,500.0,50.5,50.5,False
C27,2020-07-16 16:00:00,-204.57,0.0,204.57,500.0,40.9,40.9,False
C27,2020-07-16 18:00:00,-227.33,0.0,227.33,500.0,45.5,45.5,False
C27,2020-07-16 20:00:00,-77.73,0.0,77.73,500.0,15.5,15.5,False
C27,2020-07-16 22:00:00,-94.69,0.0,94.69,500.0,18.9,18.9,False
C28,2020-07-15 00:00:00,40.16,0.0,40.16,500.0,8.0,8.0,False
C28,2020-07-15 01:00:00,32.33,0.0,32.33,500.0,6.5,6.5,False
C28,2020-07-15 02:00:00,21.16,0.0,21.16,500.0,4.2,4.2,False
C28,2020-07-15 03:00:00,26.62,0.0,26.62,500.0,5.3,5.3,False
C28,2020-07-15 04:00:00,15.78,0.0,15.78,500.0,3.2,3.2,False
C28,2020-07-15 05:00:00,69.92,0.0,69.92,500.0,14.0,14.0,False
C28,2020-07-15 06:00:00,-4.81,0.0,4.81,500.0,1.0,1.0,False
C28,2020-07-15 07:00:00,-39.32,0.0,39.32,500.0,7.9,7.9,False
C28,2020-07-15 08:00:00,-38.85,0.0,38.85,500.0,7.8,7.8,False
C28,2020-07-15 09:00:00,-10.26,0.0,10.26,500.0,2.1,2.1,False
C28,2020-07-15 10:00:00,-22.91,0.0,22.91,500.0,4.6,4.6,False
C28,2020-07-15 11:00:00,45.43,0.0,45.43,500.0,9.1,9.1,False
C28,2020-07-15 12:00:00,134.25,0.0,134.25,500.0,26.8,26.8,False
C28,2020-07-15 13:00:00,161.39,0.0,161.39,500.0,32.3,32.3,False
C28,2020-07-15 14:00:00,72.9,0.0,72.9,500.0,14.6,14.6,False
C28,2020-07-15 15:00:00,61.38,0.0,61.38,500.0,12.3,12.3,False
C28,2020-07-15 16:00:00,56.58,0.0,56.58,500.0,11.3,11.3,False
C28,2020-07-15 17:00:00,57.58,0.0,57.58,500.0,11.5,11.5,False
C28,2020-07-15 18:00:00,101.62,0.0,101.62,500.0,20.3,20.3,False
C28,2020-07-15 19:00:00,122.15,0.0,122.15,500.0,24.4,24.4,False
C28,2020-07-15 20:00:00,115.63,0.0,115.63,500.0,23.1,23.1,False
C28,2020-07-15 21:00:00,83.2,0.0,83.2,500.0,16.6,16.6,False
C28,2020-07-15 22:00:00,85.81,0.0,85.81,500.0,17.2,17.2,False
C28,2020-07-15 23:00:00,49.49,0.0,49.49,500.0,9.9,9.9,False
C28,2020-07-16 00:00:00,109.83,0.0,109.83,500.0,22.0,22.0,False
C28,2020-07-16 02:00:00,113.72,0.0,113.72,500.0,22.7,22.7,False
C28,2020-07-16 04:00:00,83.84,0.0,83.84,500.0,16.8,16.8,False
C28,2020-07-16 06:00:00,80.35,0.0,80.35,500.0,16.1,16.1,False
C28,2020-07-16 08:00:00,81.34,0.0,81.34,500.0,16.3,16.3,False
C28,2020-07-16 10:00:00,15.7,0.0,15.7,500.0,3.1,3.1,False
C28,2020-07-16 12:00:00,85.13,0.0,85.13,500.0,17.0,17.0,False
C28,2020-07-16 14:00:00,116.26,0.0,116.26,500.0,23.3,23.3,False
C28,2020-07-16 16:00:00,75.22,0.0,75.22,500.0,15.0,15.0,False
C28,2020-07-16 18:00:00,171.97,0.0,171.97,500.0,34.4,34.4,False
C28,2020-07-16 20:00:00,3.41,0.0,3.41,500.0,0.7,0.7,False
C28,2020-07-16 22:00:00,61.74,0.0,61.74,500.0,12.3,12.3,False
C29,2020-07-15 00:00:00,398.97,101.03,500.0,500.0,79.8,100.0,True
C29,2020-07-15 01:00:00,387.45,112.55,500.0,500.0,77.5,100.0,True
C29,2020-07-15 02:00:00,375.93,124.07,500.0,500.0,75.2,100.0,True
C29,2020-07-15 03:00:00,365.64,134.36,500.0,500.0,73.1,100.0,True
C29,2020-07-15 04:00:00,318.92,181.08,500.0,500.0,63.8,100.0,True
C29,2020-07-15 05:00:00,362.5,137.5,500.0,500.0,72.5,100.0,True
C29,2020-07-15 06:00:00,427.17,0.0,427.17,500.0,85.4,85.4,False
C29,2020-07-15 07:00:00,390.54,0.0,390.54,500.0,78.1,78.1,False
C29,2020-07-15 08:00:00,304.75,0.0,304.75,500.0,60.9,60.9,False
C29,2020-07-15 09:00:00,167.56,0.0,167.56,500.0,33.5,33.5,False
C29,2020-07-15 10:00:00,127.65,0.0,127.65,500.0,25.5,25.5,False
C29,2020-07-15 11:00:00,58.34,0.0,58.34,500.0,11.7,11.7,False
C29,2020-07-15 12:00:00,69.49,0.0,69.49,500.0,13.9,13.9,False
C29,2020-07-15 13:00:00,95.55,0.0,95.55,500.0,19.1,19.1,False
C29,2020-07-15 14:00:00,157.03,0.0,157.03,500.0,31.4,31.4,False
C29,2020-07-15 15:00:00,200.75,0.0,200.75,500.0,40.2,40.2,False
C29,2020-07-15 16:00:00,210.88,0.0,210.88,500.0,42.2,42.2,False
C29,2020-07-15 17:00:00,208.53,0.0,208.53,500.0,41.7,41.7,False
C29,2020-07-15 18:00:00,216.09,0.0,216.09,500.0,43.2,43.2,False
C29,2020-07-15 19:00:00,210.17,0.0,210.17,500.0,42.0,42.0,False
C29,2020-07-15 20:00:00,208.64,0.0,208.64,500.0,41.7,41.7,False
C29,2020-07-15 21:00:00,341.99,0.0,341.99,500.0,68.4,68.4,False
C29,2020-07-15 22:00:00,310.61,0.0,310.61,500.0,62.1,62.1,False
C29,2020-07-15 23:00:00,259.41,240.59,500.0,500.0,51.9,100.0,True
C29,2020-07-16 00:00:00,500.0,0.0,500.0,500.0,100.0,100.0,True
C29,2020-07-16 02:00:00,500.0,0.0,500.0,500.0,100.0,100.0,True
C29,2020-07-16 04:00:00,500.0,0.0,500.0,500.0,100.0,100.0,True
C29,2020-07-16 06:00:00,391.44,0.0,391.44,500.0,78.3,78.3,False
C29,2020-07-16 08:00:00,314.86,0.0,314.86,500.0,63.0,63.0,False
C29,2020-07-16 10:00:00,299.68,0.0,299.68,500.0,59.9,59.9,False
C29,2020-07-16 12:00:00,293.19,0.0,293.19,500.0,58.6,58.6,False
C29,2020-07-16 14:00:00,304.39,0.0,304.39,500.0,60.9,60.9,False
C29,2020-07-16 16:00:00,326.15,0.0,326.15,500.0,65.2,65.2,False
C29,2020-07-16 18:00:00,262.22,0.0,262.22,500.0,52.4,52.4,False
C29,2020-07-16 20:00:00,454.69,0.0,454.69,500.0,90.9,90.9,False
C29,2020-07-16 22:00:00,490.64,0.0,490.64,500.0,98.1,98.1,False
C30,2020-07-15 00:00:00,31.03,0.0,31.03,500.0,6.2,6.2,False
C30,2020-07-15 01:00:00,29.5,0.0,29.5,500.0,5.9,5.9,False
C30,2020-07-15 02:00:00,28.71,0.0,28.71,500.0,5.7,5.7,False
C30,2020-07-15 03:00:00,28.7,0.0,28.7,500.0,5.7,5.7,False
C30,2020-07-15 04:00:00,27.83,0.0,27.83,500.0,5.6,5.6,False
C30,2020-07-15 05:00:00,32.51,0.0,32.51,500.0,6.5,6.5,False
C30,2020-07-15 06:00:00,30.06,0.0,30.06,500.0,6.0,6.0,False
C30,2020-07-15 07:00:00,25.74,0.0,25.74,500.0,5.1,5.1,False
C30,2020-07-15 08:00:00,13.49,0.0,13.49,500.0,2.7,2.7,False
C30,2020-07-15 09:00:00,0.97,0.0,0.97,500.0,0.2,0.2,False
C30,2020-07-15 10:00:00,0.41,0.0,0.41,500.0,0.1,0.1,False
C30,2020-07-15 11:00:00,-0.19,0.0,0.19,500.0,0.0,0.0,False
C30,2020-07-15 12:00:00,-19.85,0.0,19.85,500.0,4.0,4.0,False
C30,2020-07-15 13:00:00,-37.51,0.0,37.51,500.0,7.5,7.5,False
C30,2020-07-15 14:00:00,-23.33,0.0,23.33,500.0,4.7,4.7,False
C30,2020-07-15 15:00:00,-21.35,0.0,21.35,500.0,4.3,4.3,False
C30,2020-07-15 16:00:00,-19.91,0.0,19.91,500.0,4.0,4.0,False
C30,2020-07-15 17:00:00,-2.33,0.0,2.33,500.0,0.5,0.5,False
C30,2020-07-15 18:00:00,-2.17,0.0,2.17,500.0,0.4,0.4,False
C30,2020-07-15 19:00:00,-1.46,0.0,1.46,500.0,0.3,0.3,False
C30,2020-07-15 20:00:00,3.25,0.0,3.25,500.0,0.7,0.7,False
C30,2020-07-15 21:00:00,22.54,0.0,22.54,500.0,4.5,4.5,False
C30,2020-07-15 22:00:00,38.0,0.0,38.0,500.0,7.6,7.6,False
C30,2020-07-15 23:00:00,32.02,0.0,32.02,500.0,6.4,6.4,False
C30,2020-07-16 00:00:00,37.19,0.0,37.19,500.0,7.4,7.4,False
C30,2020-07-16 02:00:00,36.5,0.0,36.5,500.0,7.3,7.3,False
C30,2020-07-16 04:00:00,35.38,0.0,35.38,500.0,7.1,7.1,False
C30,2020-07-16 06:00:00,32.6,0.0,32.6,500.0,6.5,6.5,False
C30,2020-07-16 08:00:00,27.76,0.0,27.76,500.0,5.6,5.6,False
C30,2020-07-16 10:00:00,27.57,0.0,27.57,500.0,5.5,5.5,False
C30,2020-07-16 12:00:00,20.4,0.0,20.4,500.0,4.1,4.1,False
C30,2020-07-16 14:00:00,16.08,0.0,16.08,500.0,3.2,3.2,False
C30,2020-07-16 16:00:00,22.18,0.0,22.18,500.0,4.4,4.4,False
C30,2020-07-16 18:00:00,9.15,0.0,9.15,500.0,1.8,1.8,False
C30,2020-07-16 20:00:00,32.37,0.0,32.37,500.0,6.5,6.5,False
C30,2020-07-16 22:00:00,34.17,0.0,34.17,500.0,6.8,6.8,False
C31-1,2020-07-15 00:00:00,-23.56,0.0,23.56,500.0,4.7,4.7,False
C31-1,2020-07-15 01:00:00,-27.75,0.0,27.75,500.0,5.5,5.5,False
C31-1,2020-07-15 02:00:00,-27.12,0.0,27.12,500.0,5.4,5.4,False
C31-1,2020-07-15 03:00:00,-21.45,0.0,21.45,500.0,4.3,4.3,False
C31-1,2020-07-15 04:00:00,-2.19,0.0,2.19,500.0,0.4,0.4,False
C31-1,2020-07-15 05:00:00,6.55,0.0,6.55,500.0,1.3,1.3,False
C31-1,2020-07-15 06:00:00,-34.21,0.0,34.21,500.0,6.8,6.8,False
C31-1,2020-07-15 07:00:00,-34.4,0.0,34.4,500.0,6.9,6.9,False
C31-1,2020-07-15 08:00:00,-81.74,0.0,81.74,500.0,16.3,16.3,False
C31-1,2020-07-15 09:00:00,-92.92,0.0,92.92,500.0,18.6,18.6,False
C31-1,2020-07-15 10:00:00,-75.31,0.0,75.31,500.0,15.1,15.1,False
C31-1,2020-07-15 11:00:00,-41.7,0.0,41.7,500.0,8.3,8.3,False
C31-1,2020-07-15 12:00:00,-58.78,0.0,58.78,500.0,11.8,11.8,False
C31-1,2020-07-15 13:00:00,-65.18,0.0,65.18,500.0,13.0,13.0,False
C31-1,2020-07-15 14:00:00,-48.16,0.0,48.16,500.0,9.6,9.6,False
C31-1,2020-07-15 15:00:00,-55.2,0.0,55.2,500.0,11.0,11.0,False
C31-1,2020-07-15 16:00:00,-51.01,0.0,51.01,500.0,10.2,10.2,False
C31-1,2020-07-15 17:00:00,-42.52,0.0,42.52,500.0,8.5,8.5,False
C31-1,2020-07-15 18:00:00,-45.68,0.0,45.68,500.0,9.1,9.1,False
C31-1,2020-07-15 19:00:00,-37.98,0.0,37.98,500.0,7.6,7.6,False
C31-1,2020-07-15 20:00:00,-6.01,0.0,6.01,500.0,1.2,1.2,False
C31-1,2020-07-15 21:00:00,-34.15,0.0,34.15,500.0,6.8,6.8,False
C31-1,2020-07-15 22:00:00,69.5,0.0,69.5,500.0,13.9,13.9,False
C31-1,2020-07-15 23:00:00,58.9,0.0,58.9,500.0,11.8,11.8,False
C31-1,2020-07-16 00:00:00,-37.24,0.0,37.24,500.0,7.4,7.4,False
C31-1,2020-07-16 02:00:00,-39.68,0.0,39.68,500.0,7.9,7.9,False
C31-1,2020-07-16 04:00:00,-49.63,0.0,49.63,500.0,9.9,9.9,False
C31-1,2020-07-16 06:00:00,-9.4,0.0,9.4,500.0,1.9,1.9,False
C31-1,2020-07-16 08:00:00,-1.43,0.0,1.43,500.0,0.3,0.3,False
C31-1,2020-07-16 10:00:00,6.26,0.0,6.26,500.0,1.3,1.3,False
C31-1,2020-07-16 12:00:00,-37.54,0.0,37.54,500.0,7.5,7.5,False
C31-1,2020-07-16 14:00:00,-72.03,0.0,72.03,500.0,14.4,14.4,False
C31-1,2020-07-16 16:00:00,-43.32,0.0,43.32,500.0,8.7,8.7,False
C31-1,2020-07-16 18:00:00,-95.87,0.0,95.87,500.0,19.2,19.2,False
C31-1,2020-07-16 20:00:00,-45.01,0.0,45.01,500.0,9.0,9.0,False
C31-1,2020-07-16 22:00:00,-50.08,0.0,50.08,500.0,10.0,10.0,False
C31-2,2020-07-15 00:00:00,-23.56,0.0,23.56,500.0,4.7,4.7,False
C31-2,2020-07-15 01:00:00,-27.75,0.0,27.75,500.0,5.5,5.5,False
C31-2,2020-07-15 02:00:00,-27.12,0.0,27.12,500.0,5.4,5.4,False
C31-2,2020-07-15 03:00:00,-21.45,0.0,21.45,500.0,4.3,4.3,False
C31-2,2020-07-15 04:00:00,-2.19,0.0,2.19,500.0,0.4,0.4,False
C31-2,2020-07-15 05:00:00,6.55,0.0,6.55,500.0,1.3,1.3,False
C31-2,2020-07-15 06:00:00,-34.21,0.0,34.21,500.0,6.8,6.8,False
C31-2,2020-07-15 07:00:00,-34.4,0.0,34.4,500.0,6.9,6.9,False
C31-2,2020-07-15 08:00:00,-81.74,0.0,81.74,500.0,16.3,16.3,False
C31-2,2020-07-15 09:00:00,-92.92,0.0,92.92,500.0,18.6,18.6,False
C31-2,2020-07-15 10:00:00,-75.31,0.0,75.31,500.0,15.1,15.1,False
C31-2,2020-07-15 11:00:00,-41.7,0.0,41.7,500.0,8.3,8.3,False
C31-2,2020-07-15 12:00:00,-58.78,0.0,58.78,500.0,11.8,11.8,False
C31-2,2020-07-15 13:00:00,-65.18,0.0,65.18,500.0,13.0,13.0,False
C31-2,2020-07-15 14:00:00,-48.16,0.0,48.16,500.0,9.6,9.6,False
C31-2,2020-07-15 15:00:00,-55.2,0.0,55.2,500.0,11.0,11.0,False
C31-2,2020-07-15 16:00:00,-51.01,0.0,51.01,500.0,10.2,10.2,False
C31-2,2020-07-15 17:00:00,-42.52,0.0,42.52,500.0,8.5,8.5,False
C31-2,2020-07-15 18:00:00,-45.68,0.0,45.68,500.0,9.1,9.1,False
C31-2,2020-07-15 19:00:00,-37.98,0.0,37.98,500.0,7.6,7.6,False
C31-2,2020-07-15 20:00:00,-6.01,0.0,6.01,500.0,1.2,1.2,False
C31-2,2020-07-15 21:00:00,-34.15,0.0,34.15,500.0,6.8,6.8,False
C31-2,2020-07-15 22:00:00,69.5,0.0,69.5,500.0,13.9,13.9,False
C31-2,2020-07-15 23:00:00,58.9,0.0,58.9,500.0,11.8,11.8,False
C31-2,2020-07-16 00:00:00,-37.24,0.0,37.24,500.0,7.4,7.4,False
C31-2,2020-07-16 02:00:00,-39.68,0.0,39.68,500.0,7.9,7.9,False
C31-2,2020-07-16 04:00:00,-49.63,0.0,49.63,500.0,9.9,9.9,False
C31-2,2020-07-16 06:00:00,-9.4,0.0,9.4,500.0,1.9,1.9,False
C31-2,2020-07-16 08:00:00,-1.43,0.0,1.43,500.0,0.3,0.3,False
C31-2,2020-07-16 10:00:00,6.26,0.0,6.26,500.0,1.3,1.3,False
C31-2,2020-07-16 12:00:00,-37.54,0.0,37.54,500.0,7.5,7.5,False
C31-2,2020-07-16 14:00:00,-72.03,0.0,72.03,500.0,14.4,14.4,False
C31-2,2020-07-16 16:00:00,-43.32,0.0,43.32,500.0,8.7,8.7,False
C31-2,2020-07-16 18:00:00,-95.87,0.0,95.87,500.0,19.2,19.2,False
C31-2,2020-07-16 20:00:00,-45.01,0.0,45.01,500.0,9.0,9.0,False
C31-2,2020-07-16 22:00:00,-50.08,0.0,50.08,500.0,10.0,10.0,False
C32-1,2020-07-15 00:00:00,-18.32,0.0,18.32,500.0,3.7,3.7,False
C32-1,2020-07-15 01:00:00,-20.46,0.0,20.46,500.0,4.1,4.1,False
C32-1,2020-07-15 02:00:00,-25.42,0.0,25.42,500.0,5.1,5.1,False
C32-1,2020-07-15 03:00:00,-22.57,0.0,22.57,500.0,4.5,4.5,False
C32-1,2020-07-15 04:00:00,-29.44,0.0,29.44,500.0,5.9,5.9,False
C32-1,2020-07-15 05:00:00,-3.91,0.0,3.91,500.0,0.8,0.8,False
C32-1,2020-07-15 06:00:00,-44.02,0.0,44.02,500.0,8.8,8.8,False
C32-1,2020-07-15 07:00:00,-64.68,0.0,64.68,500.0,12.9,12.9,False
C32-1,2020-07-15 08:00:00,-70.87,0.0,70.87,500.0,14.2,14.2,False
C32-1,2020-07-15 09:00:00,-61.32,0.0,61.32,500.0,12.3,12.3,False
C32-1,2020-07-15 10:00:00,-71.34,0.0,71.34,500.0,14.3,14.3,False
C32-1,2020-07-15 11:00:00,-40.97,0.0,40.97,500.0,8.2,8.2,False
C32-1,2020-07-15 12:00:00,0.36,0.0,0.36,500.0,0.1,0.1,False
C32-1,2020-07-15 13:00:00,12.02,0.0,12.02,500.0,2.4,2.4,False
C32-1,2020-07-15 14:00:00,-33.66,0.0,33.66,500.0,6.7,6.7,False
C32-1,2020-07-15 15:00:00,-38.88,0.0,38.88,500.0,7.8,7.8,False
C32-1,2020-07-15 16:00:00,-39.18,0.0,39.18,500.0,7.8,7.8,False
C32-1,2020-07-15 17:00:00,-36.43,0.0,36.43,500.0,7.3,7.3,False
C32-1,2020-07-15 18:00:00,-10.02,0.0,10.02,500.0,2.0,2.0,False
C32-1,2020-07-15 19:00:00,1.62,0.0,1.62,500.0,0.3,0.3,False
C32-1,2020-07-15 20:00:00,0.51,0.0,0.51,500.0,0.1,0.1,False
C32-1,2020-07-15 21:00:00,-7.46,0.0,7.46,500.0,1.5,1.5,False
C32-1,2020-07-15 22:00:00,-3.89,0.0,3.89,500.0,0.8,0.8,False
C32-1,2020-07-15 23:00:00,-17.29,0.0,17.29,500.0,3.5,3.5,False
C32-1,2020-07-16 00:00:00,16.37,0.0,16.37,500.0,3.3,3.3,False
C32-1,2020-07-16 02:00:00,20.49,0.0,20.49,500.0,4.1,4.1,False
C32-1,2020-07-16 04:00:00,2.96,0.0,2.96,500.0,0.6,0.6,False
C32-1,2020-07-16 06:00:00,-7.0,0.0,7.0,500.0,1.4,1.4,False
C32-1,2020-07-16 08:00:00,-16.22,0.0,16.22,500.0,3.2,3.2,False
C32-1,2020-07-16 10:00:00,-57.02,0.0,57.02,500.0,11.4,11.4,False
C32-1,2020-07-16 12:00:00,-28.44,0.0,28.44,500.0,5.7,5.7,False
C32-1,2020-07-16 14:00:00,-15.76,0.0,15.76,500.0,3.2,3.2,False
C32-1,2020-07-16 16:00:00,-32.35,0.0,32.35,500.0,6.5,6.5,False
C32-1,2020-07-16 18:00:00,23.29,0.0,23.29,500.0,4.7,4.7,False
C32-1,2020-07-16 20:00:00,-54.88,0.0,54.88,500.0,11.0,11.0,False
C32-1,2020-07-16 22:00:00,-14.66,0.0,14.66,500.0,2.9,2.9,False
C32-2,2020-07-15 00:00:00,-18.32,0.0,18.32,500.0,3.7,3.7,False
C32-2,2020-07-15 01:00:00,-20.46,0.0,20.46,500.0,4.1,4.1,False
C32-2,2020-07-15 02:00:00,-25.42,0.0,25.42,500.0,5.1,5.1,False
C32-2,2020-07-15 03:00:00,-22.57,0.0,22.57,500.0,4.5,4.5,False
C32-2,2020-07-15 04:00:00,-29.44,0.0,29.44,500.0,5.9,5.9,False
C32-2,2020-07-15 05:00:00,-3.91,0.0,3.91,500.0,0.8,0.8,False
C32-2,2020-07-15 06:00:00,-44.02,0.0,44.02,500.0,8.8,8.8,False
C32-2,2020-07-15 07:00:00,-64.68,0.0,64.68,500.0,12.9,12.9,False
C32-2,2020-07-15 08:00:00,-70.87,0.0,70.87,500.0,14.2,14.2,False
C32-2,2020-07-15 09:00:00,-61.32,0.0,61.32,500.0,12.3,12.3,False
C32-2,2020-07-15 10:00:00,-71.34,0.0,71.34,500.0,14.3,14.3,False
C32-2,2020-07-15 11:00:00,-40.97,0.0,40.97,500.0,8.2,8.2,False
C32-2,2020-07-15 12:00:00,0.36,0.0,0.36,500.0,0.1,0.1,False
C32-2,2020-07-15 13:00:00,12.02,0.0,12.02,500.0,2.4,2.4,False
C32-2,2020-07-15 14:00:00,-33.66,0.0,33.66,500.0,6.7,6.7,False
C32-2,2020-07-15 15:00:00,-38.88,0.0,38.88,500.0,7.8,7.8,False
C32-2,2020-07-15 16:00:00,-39.18,0.0,39.18,500.0,7.8,7.8,False
C32-2,2020-07-15 17:00:00,-36.43,0.0,36.43,500.0,7.3,7.3,False
C32-2,2020-07-15 18:00:00,-10.02,0.0,10.02,500.0,2.0,2.0,False
C32-2,2020-07-15 19:00:00,1.62,0.0,1.62,500.0,0.3,0.3,False
C32-2,2020-07-15 20:00:00,0.51,0.0,0.51,500.0,0.1,0.1,False
C32-2,2020-07-15 21:00:00,-7.46,0.0,7.46,500.0,1.5,1.5,False
C32-2,2020-07-15 22:00:00,-3.89,0.0,3.89,500.0,0.8,0.8,False
C32-2,2020-07-15 23:00:00,-17.29,0.0,17.29,500.0,3.5,3.5,False
C32-2,2020-07-16 00:00:00,16.37,0.0,16.37,500.0,3.3,3.3,False
C32-2,2020-07-16 02:00:00,20.49,0.0,20.49,500.0,4.1,4.1,False
C32-2,2020-07-16 04:00:00,2.96,0.0,2.96,500.0,0.6,0.6,False
C32-2,2020-07-16 06:00:00,-7.0,0.0,7.0,500.0,1.4,1.4,False
C32-2,2020-07-16 08:00:00,-16.22,0.0,16.22,500.0,3.2,3.2,False
C32-2,2020-07-16 10:00:00,-57.02,0.0,57.02,500.0,11.4,11.4,False
C32-2,2020-07-16 12:00:00,-28.44,0.0,28.44,500.0,5.7,5.7,False
C32-2,2020-07-16 14:00:00,-15.76,0.0,15.76,500.0,3.2,3.2,False
C32-2,2020-07-16 16:00:00,-32.35,0.0,32.35,500.0,6.5,6.5,False
C32-2,2020-07-16 18:00:00,23.29,0.0,23.29,500.0,4.7,4.7,False
C32-2,2020-07-16 20:00:00,-54.88,0.0,54.88,500.0,11.0,11.0,False
C32-2,2020-07-16 22:00:00,-14.66,0.0,14.66,500.0,2.9,2.9,False
C33-1,2020-07-15 00:00:00,-46.32,0.0,46.32,500.0,9.3,9.3,False
C33-1,2020-07-15 01:00:00,-47.23,0.0,47.23,500.0,9.4,9.4,False
C33-1,2020-07-15 02:00:00,-51.75,0.0,51.75,500.0,10.4,10.4,False
C33-1,2020-07-15 03:00:00,-48.81,0.0,48.81,500.0,9.8,9.8,False
C33-1,2020-07-15 04:00:00,-56.71,0.0,56.71,500.0,11.3,11.3,False
C33-1,2020-07-15 05:00:00,-32.21,0.0,32.21,500.0,6.4,6.4,False
C33-1,2020-07-15 06:00:00,-73.69,0.0,73.69,500.0,14.7,14.7,False
C33-1,2020-07-15 07:00:00,-96.26,0.0,96.26,500.0,19.3,19.3,False
C33-1,2020-07-15 08:00:00,-107.67,0.0,107.67,500.0,21.5,21.5,False
C33-1,2020-07-15 09:00:00,-101.56,0.0,101.56,500.0,20.3,20.3,False
C33-1,2020-07-15 10:00:00,-114.22,0.0,114.22,500.0,22.8,22.8,False
C33-1,2020-07-15 11:00:00,-86.5,0.0,86.5,500.0,17.3,17.3,False
C33-1,2020-07-15 12:00:00,-47.48,0.0,47.48,500.0,9.5,9.5,False
C33-1,2020-07-15 13:00:00,-37.07,0.0,37.07,500.0,7.4,7.4,False
C33-1,2020-07-15 14:00:00,-83.8,0.0,83.8,500.0,16.8,16.8,False
C33-1,2020-07-15 15:00:00,-88.44,0.0,88.44,500.0,17.7,17.7,False
C33-1,2020-07-15 16:00:00,-87.26,0.0,87.26,500.0,17.5,17.5,False
C33-1,2020-07-15 17:00:00,-83.41,0.0,83.41,500.0,16.7,16.7,False
C33-1,2020-07-15 18:00:00,-53.91,0.0,53.91,500.0,10.8,10.8,False
C33-1,2020-07-15 19:00:00,-41.31,0.0,41.31,500.0,8.3,8.3,False
C33-1,2020-07-15 20:00:00,-40.91,0.0,40.91,500.0,8.2,8.2,False
C33-1,2020-07-15 21:00:00,-42.15,0.0,42.15,500.0,8.4,8.4,False
C33-1,2020-07-15 22:00:00,-37.88,0.0,37.88,500.0,7.6,7.6,False
C33-1,2020-07-15 23:00:00,-47.82,0.0,47.82,500.0,9.6,9.6,False
C33-1,2020-07-16 00:00:00,-11.76,0.0,11.76,500.0,2.4,2.4,False
C33-1,2020-07-16 02:00:00,-5.98,0.0,5.98,500.0,1.2,1.2,False
C33-1,2020-07-16 04:00:00,-25.47,0.0,25.47,500.0,5.1,5.1,False
C33-1,2020-07-16 06:00:00,-41.24,0.0,41.24,500.0,8.2,8.2,False
C33-1,2020-07-16 08:00:00,-57.37,0.0,57.37,500.0,11.5,11.5,False
C33-1,2020-07-16 10:00:00,-103.79,0.0,103.79,500.0,20.8,20.8,False
C33-1,2020-07-16 12:00:00,-79.52,0.0,79.52,500.0,15.9,15.9,False
C33-1,2020-07-16 14:00:00,-68.86,0.0,68.86,500.0,13.8,13.8,False
C33-1,2020-07-16 16:00:00,-82.68,0.0,82.68,500.0,16.5,16.5,False
C33-1,2020-07-16 18:00:00,-21.92,0.0,21.92,500.0,4.4,4.4,False
C33-1,2020-07-16 20:00:00,-95.77,0.0,95.77,500.0,19.2,19.2,False
C33-1,2020-07-16 22:00:00,-47.59,0.0,47.59,500.0,9.5,9.5,False
C33-2,2020-07-15 00:00:00,-46.32,0.0,46.32,500.0,9.3,9.3,False
C33-2,2020-07-15 01:00:00,-47.23,0.0,47.23,500.0,9.4,9.4,False
C33-2,2020-07-15 02:00:00,-51.75,0.0,51.75,500.0,10.4,10.4,False
C33-2,2020-07-15 03:00:00,-48.81,0.0,48.81,500.0,9.8,9.8,False
C33-2,2020-07-15 04:00:00,-56.71,0.0,56.71,500.0,11.3,11.3,False
C33-2,2020-07-15 05:00:00,-32.21,0.0,32.21,500.0,6.4,6.4,False
C33-2,2020-07-15 06:00:00,-73.69,0.0,73.69,500.0,14.7,14.7,False
C33-2,2020-07-15 07:00:00,-96.26,0.0,96.26,500.0,19.3,19.3,False
C33-2,2020-07-15 08:00:00,-107.67,0.0,107.67,500.0,21.5,21.5,False
C33-2,2020-07-15 09:00:00,-101.56,0.0,101.56,500.0,20.3,20.3,False
C33-2,2020-07-15 10:00:00,-114.22,0.0,114.22,500.0,22.8,22.8,False
C33-2,2020-07-15 11:00:00,-86.5,0.0,86.5,500.0,17.3,17.3,False
C33-2,2020-07-15 12:00:00,-47.48,0.0,47.48,500.0,9.5,9.5,False
C33-2,2020-07-15 13:00:00,-37.07,0.0,37.07,500.0,7.4,7.4,False
C33-2,2020-07-15 14:00:00,-83.8,0.0,83.8,500.0,16.8,16.8,False
C33-2,2020-07-15 15:00:00,-88.44,0.0,88.44,500.0,17.7,17.7,False
C33-2,2020-07-15 16:00:00,-87.26,0.0,87.26,500.0,17.5,17.5,False
C33-2,2020-07-15 17:00:00,-83.41,0.0,83.41,500.0,16.7,16.7,False
C33-2,2020-07-15 18:00:00,-53.91,0.0,53.91,500.0,10.8,10.8,False
C33-2,2020-07-15 19:00:00,-41.31,0.0,41.31,500.0,8.3,8.3,False
C33-2,2020-07-15 20:00:00,-40.91,0.0,40.91,500.0,8.2,8.2,False
C33-2,2020-07-15 21:00:00,-42.15,0.0,42.15,500.0,8.4,8.4,False
C33-2,2020-07-15 22:00:00,-37.88,0.0,37.88,500.0,7.6,7.6,False
C33-2,2020-07-15 23:00:00,-47.82,0.0,47.82,500.0,9.6,9.6,False
C33-2,2020-07-16 00:00:00,-11.76,0.0,11.76,500.0,2.4,2.4,False
C33-2,2020-07-16 02:00:00,-5.98,0.0,5.98,500.0,1.2,1.2,False
C33-2,2020-07-16 04:00:00,-25.47,0.0,25.47,500.0,5.1,5.1,False
C33-2,2020-07-16 06:00:00,-41.24,0.0,41.24,500.0,8.2,8.2,False
C33-2,2020-07-16 08:00:00,-57.37,0.0,57.37,500.0,11.5,11.5,False
C33-2,2020-07-16 10:00:00,-103.79,0.0,103.79,500.0,20.8,20.8,False
C33-2,2020-07-16 12:00:00,-79.52,0.0,79.52,500.0,15.9,15.9,False
C33-2,2020-07-16 14:00:00,-68.86,0.0,68.86,500.0,13.8,13.8,False
C33-2,2020-07-16 16:00:00,-82.68,0.0,82.68,500.0,16.5,16.5,False
C33-2,2020-07-16 18:00:00,-21.92,0.0,21.92,500.0,4.4,4.4,False
C33-2,2020-07-16 20:00:00,-95.77,0.0,95.77,500.0,19.2,19.2,False
C33-2,2020-07-16 22:00:00,-47.59,0.0,47.59,500.0,9.5,9.5,False
C34,2020-07-15 00:00:00,-25.21,0.0,25.21,500.0,5.0,5.0,False
C34,2020-07-15 01:00:00,-23.61,0.0,23.61,500.0,4.7,4.7,False
C34,2020-07-15 02:00:00,-22.71,0.0,22.71,500.0,4.5,4.5,False
C34,2020-07-15 03:00:00,-22.76,0.0,22.76,500.0,4.6,4.6,False
C34,2020-07-15 04:00:00,-21.85,0.0,21.85,500.0,4.4,4.4,False
C34,2020-07-15 05:00:00,-26.95,0.0,26.95,500.0,5.4,5.4,False
C34,2020-07-15 06:00:00,-28.45,0.0,28.45,500.0,5.7,5.7,False
C34,2020-07-15 07:00:00,-27.51,0.0,27.51,500.0,5.5,5.5,False
C34,2020-07-15 08:00:00,-10.66,0.0,10.66,500.0,2.1,2.1,False
C34,2020-07-15 09:00:00,2.53,0.0,2.53,500.0,0.5,0.5,False
C34,2020-07-15 10:00:00,3.15,0.0,3.15,500.0,0.6,0.6,False
C34,2020-07-15 11:00:00,3.64,0.0,3.64,500.0,0.7,0.7,False
C34,2020-07-15 12:00:00,-22.48,0.0,22.48,500.0,4.5,4.5,False
C34,2020-07-15 13:00:00,-52.67,0.0,52.67,500.0,10.5,10.5,False
C34,2020-07-15 14:00:00,-49.94,0.0,49.94,500.0,10.0,10.0,False
C34,2020-07-15 15:00:00,-53.19,0.0,53.19,500.0,10.6,10.6,False
C34,2020-07-15 16:00:00,-54.65,0.0,54.65,500.0,10.9,10.9,False
C34,2020-07-15 17:00:00,-30.27,0.0,30.27,500.0,6.1,6.1,False
C34,2020-07-15 18:00:00,-30.37,0.0,30.37,500.0,6.1,6.1,False
C34,2020-07-15 19:00:00,-30.99,0.0,30.99,500.0,6.2,6.2,False
C34,2020-07-15 20:00:00,-35.63,0.0,35.63,500.0,7.1,7.1,False
C34,2020-07-15 21:00:00,-22.54,0.0,22.54,500.0,4.5,4.5,False
C34,2020-07-15 22:00:00,-31.85,0.0,31.85,500.0,6.4,6.4,False
C34,2020-07-15 23:00:00,-26.49,0.0,26.49,500.0,5.3,5.3,False
C34,2020-07-16 00:00:00,-31.28,0.0,31.28,500.0,6.3,6.3,False
C34,2020-07-16 02:00:00,-31.4,0.0,31.4,500.0,6.3,6.3,False
C34,2020-07-16 04:00:00,-29.34,0.0,29.34,500.0,5.9,5.9,False
C34,2020-07-16 06:00:00,-26.66,0.0,26.66,500.0,5.3,5.3,False
C34,2020-07-16 08:00:00,-21.41,0.0,21.41,500.0,4.3,4.3,False
C34,2020-07-16 10:00:00,-21.52,0.0,21.52,500.0,4.3,4.3,False
C34,2020-07-16 12:00:00,-14.5,0.0,14.5,500.0,2.9,2.9,False
C34,2020-07-16 14:00:00,-10.3,0.0,10.3,500.0,2.1,2.1,False
C34,2020-07-16 16:00:00,-16.34,0.0,16.34,500.0,3.3,3.3,False
C34,2020-07-16 18:00:00,-3.2,0.0,3.2,500.0,0.6,0.6,False
C34,2020-07-16 20:00:00,-26.42,0.0,26.42,500.0,5.3,5.3,False
C34,2020-07-16 22:00:00,-29.11,0.0,29.11,500.0,5.8,5.8,False
CA-1,2020-07-15 00:00:00,215.13,0.0,215.13,500.0,43.0,43.0,False
CA-1,2020-07-15 01:00:00,225.62,0.0,225.62,500.0,45.1,45.1,False
CA-1,2020-07-15 02:00:00,209.74,0.0,209.74,500.0,41.9,41.9,False
CA-1,2020-07-15 03:00:00,209.94,0.0,209.94,500.0,42.0,42.0,False
CA-1,2020-07-15 04:00:00,146.36,0.0,146.36,500.0,29.3,29.3,False
CA-1,2020-07-15 05:00:00,205.13,0.0,205.13,500.0,41.0,41.0,False
CA-1,2020-07-15 06:00:00,338.37,0.0,338.37,500.0,67.7,67.7,False
CA-1,2020-07-15 07:00:00,331.58,0.0,331.58,500.0,66.3,66.3,False
CA-1,2020-07-15 08:00:00,312.1,0.0,312.1,500.0,62.4,62.4,False
CA-1,2020-07-15 09:00:00,250.04,0.0,250.04,500.0,50.0,50.0,False
CA-1,2020-07-15 10:00:00,171.53,0.0,171.53,500.0,34.3,34.3,False
CA-1,2020-07-15 11:00:00,217.95,0.0,217.95,500.0,43.6,43.6,False
CA-1,2020-07-15 12:00:00,293.59,0.0,293.59,500.0,58.7,58.7,False
CA-1,2020-07-15 13:00:00,314.01,0.0,314.01,500.0,62.8,62.8,False
CA-1,2020-07-15 14:00:00,229.57,0.0,229.57,500.0,45.9,45.9,False
CA-1,2020-07-15 15:00:00,254.08,0.0,254.08,500.0,50.8,50.8,False
CA-1,2020-07-15 16:00:00,243.15,0.0,243.15,500.0,48.6,48.6,False
CA-1,2020-07-15 17:00:00,172.98,0.0,172.98,500.0,34.6,34.6,False
CA-1,2020-07-15 18:00:00,195.5,0.0,195.5,500.0,39.1,39.1,False
CA-1,2020-07-15 19:00:00,230.52,0.0,230.52,500.0,46.1,46.1,False
CA-1,2020-07-15 20:00:00,208.56,0.0,208.56,500.0,41.7,41.7,False
CA-1,2020-07-15 21:00:00,302.37,0.0,302.37,500.0,60.5,60.5,False
CA-1,2020-07-15 22:00:00,257.49,0.0,257.49,500.0,51.5,51.5,False
CA-1,2020-07-15 23:00:00,176.7,0.0,176.7,500.0,35.3,35.3,False
CA-1,2020-07-16 00:00:00,347.93,0.0,347.93,500.0,69.6,69.6,False
CA-1,2020-07-16 02:00:00,355.73,0.0,355.73,500.0,71.1,71.1,False
CA-1,2020-07-16 04:00:00,371.44,0.0,371.44,500.0,74.3,74.3,False
CA-1,2020-07-16 06:00:00,238.73,0.0,238.73,500.0,47.7,47.7,False
CA-1,2020-07-16 08:00:00,219.4,0.0,219.4,500.0,43.9,43.9,False
CA-1,2020-07-16 10:00:00,282.62,0.0,282.62,500.0,56.5,56.5,False
CA-1,2020-07-16 12:00:00,333.61,0.0,333.61,500.0,66.7,66.7,False
CA-1,2020-07-16 14:00:00,341.1,0.0,341.1,500.0,68.2,68.2,False
CA-1,2020-07-16 16:00:00,338.75,0.0,338.75,500.0,67.8,67.8,False
CA-1,2020-07-16 18:00:00,347.97,0.0,347.97,500.0,69.6,69.6,False
CA-1,2020-07-16 20:00:00,334.5,0.0,334.5,500.0,66.9,66.9,False
CA-1,2020-07-16 22:00:00,322.18,0.0,322.18,500.0,64.4,64.4,False
CB-1,2020-07-15 00:00:00,309.69,171.47,481.16,500.0,61.9,96.2,False
CB-1,2020-07-15 01:00:00,313.12,175.22,488.34,500.0,62.6,97.7,False
CB-1,2020-07-15 02:00:00,302.75,182.17,484.92,500.0,60.5,97.0,False
CB-1,2020-07-15 03:00:00,281.51,206.63,488.14,500.0,56.3,97.6,False
CB-1,2020-07-15 04:00:00,190.97,288.23,479.2,500.0,38.2,95.8,False
CB-1,2020-07-15 05:00:00,211.05,0.0,211.05,500.0,42.2,42.2,False
CB-1,2020-07-15 06:00:00,343.81,0.0,343.81,500.0,68.8,68.8,False
CB-1,2020-07-15 07:00:00,292.19,0.0,292.19,500.0,58.4,58.4,False
CB-1,2020-07-15 08:00:00,281.31,0.0,281.31,500.0,56.3,56.3,False
CB-1,2020-07-15 09:00:00,149.59,0.0,149.59,500.0,29.9,29.9,False
CB-1,2020-07-15 10:00:00,60.91,0.0,60.91,500.0,12.2,12.2,False
CB-1,2020-07-15 11:00:00,145.82,0.0,145.82,500.0,29.2,29.2,False
CB-1,2020-07-15 12:00:00,280.03,0.0,280.03,500.0,56.0,56.0,False
CB-1,2020-07-15 13:00:00,311.71,0.0,311.71,500.0,62.3,62.3,False
CB-1,2020-07-15 14:00:00,260.97,0.0,260.97,500.0,52.2,52.2,False
CB-1,2020-07-15 15:00:00,319.74,0.0,319.74,500.0,63.9,63.9,False
CB-1,2020-07-15 16:00:00,329.19,0.0,329.19,500.0,65.8,65.8,False
CB-1,2020-07-15 17:00:00,321.04,0.0,321.04,500.0,64.2,64.2,False
CB-1,2020-07-15 18:00:00,351.15,0.0,351.15,500.0,70.2,70.2,False
CB-1,2020-07-15 19:00:00,334.94,0.0,334.94,500.0,67.0,67.0,False
CB-1,2020-07-15 20:00:00,277.45,0.0,277.45,500.0,55.5,55.5,False
CB-1,2020-07-15 21:00:00,447.18,0.0,447.18,500.0,89.4,89.4,False
CB-1,2020-07-15 22:00:00,267.09,0.0,267.09,500.0,53.4,53.4,False
CB-1,2020-07-15 23:00:00,254.1,0.0,254.1,500.0,50.8,50.8,False
CB-1,2020-07-16 00:00:00,437.6,0.0,437.6,500.0,87.5,87.5,False
CB-1,2020-07-16 02:00:00,449.81,0.0,449.81,500.0,90.0,90.0,False
CB-1,2020-07-16 04:00:00,460.99,0.0,460.99,500.0,92.2,92.2,False
CB-1,2020-07-16 06:00:00,241.65,0.0,241.65,500.0,48.3,48.3,False
CB-1,2020-07-16 08:00:00,113.74,0.0,113.74,500.0,22.7,22.7,False
CB-1,2020-07-16 10:00:00,279.15,0.0,279.15,500.0,55.8,55.8,False
CB-1,2020-07-16 12:00:00,281.96,0.0,281.96,500.0,56.4,56.4,False
CB-1,2020-07-16 14:00:00,351.43,0.0,351.43,500.0,70.3,70.3,False
CB-1,2020-07-16 16:00:00,330.26,0.0,330.26,500.0,66.1,66.1,False
CB-1,2020-07-16 18:00:00,398.25,0.0,398.25,500.0,79.6,79.6,False
CB-1,2020-07-16 20:00:00,341.49,0.0,341.49,500.0,68.3,68.3,False
CB-1,2020-07-16 22:00:00,427.51,0.0,427.51,500.0,85.5,85.5,False
C35,2020-07-15 00:00:00,220.95,0.0,220.95,722.0,30.6,30.6,False
C35,2020-07-15 01:00:00,231.51,0.0,231.51,722.0,32.1,32.1,False
C35,2020-07-15 02:00:00,215.74,0.0,215.74,722.0,29.9,29.9,False
C35,2020-07-15 03:00:00,215.88,0.0,215.88,722.0,29.9,29.9,False
C35,2020-07-15 04:00:00,152.34,0.0,152.34,722.0,21.1,21.1,False
C35,2020-07-15 05:00:00,210.69,0.0,210.69,722.0,29.2,29.2,False
C35,2020-07-15 06:00:00,339.98,0.0,339.98,722.0,47.1,47.1,False
C35,2020-07-15 07:00:00,329.8,0.0,329.8,722.0,45.7,45.7,False
C35,2020-07-15 08:00:00,314.93,0.0,314.93,722.0,43.6,43.6,False
C35,2020-07-15 09:00:00,253.54,0.0,253.54,722.0,35.1,35.1,False
C35,2020-07-15 10:00:00,175.1,0.0,175.1,722.0,24.3,24.3,False
C35,2020-07-15 11:00:00,221.4,0.0,221.4,722.0,30.7,30.7,False
C35,2020-07-15 12:00:00,297.83,0.0,297.83,722.0,41.3,41.3,False
C35,2020-07-15 13:00:00,317.55,0.0,317.55,722.0,44.0,44.0,False
C35,2020-07-15 14:00:00,233.3,0.0,233.3,722.0,32.3,32.3,False
C35,2020-07-15 15:00:00,256.54,0.0,256.54,722.0,35.5,35.5,False
C35,2020-07-15 16:00:00,245.6,0.0,245.6,722.0,34.0,34.0,False
C35,2020-07-15 17:00:00,178.88,0.0,178.88,722.0,24.8,24.8,False
C35,2020-07-15 18:00:00,201.46,0.0,201.46,722.0,27.9,27.9,False
C35,2020-07-15 19:00:00,236.57,0.0,236.57,722.0,32.8,32.8,False
C35,2020-07-15 20:00:00,214.68,0.0,214.68,722.0,29.7,29.7,False
C35,2020-07-15 21:00:00,302.37,0.0,302.37,722.0,41.9,41.9,False
C35,2020-07-15 22:00:00,263.64,0.0,263.64,722.0,36.5,36.5,False
C35,2020-07-15 23:00:00,182.22,0.0,182.22,722.0,25.2,25.2,False
C35,2020-07-16 00:00:00,353.84,0.0,353.84,722.0,49.0,49.0,False
C35,2020-07-16 02:00:00,360.83,0.0,360.83,722.0,50.0,50.0,False
C35,2020-07-16 04:00:00,377.47,0.0,377.47,722.0,52.3,52.3,False
C35,2020-07-16 06:00:00,244.68,0.0,244.68,722.0,33.9,33.9,False
C35,2020-07-16 08:00:00,225.75,0.0,225.75,722.0,31.3,31.3,False
C35,2020-07-16 10:00:00,288.67,0.0,288.67,722.0,40.0,40.0,False
C35,2020-07-16 12:00:00,339.52,0.0,339.52,722.0,47.0,47.0,False
C35,2020-07-16 14:00:00,346.88,0.0,346.88,722.0,48.0,48.0,False
C35,2020-07-16 16:00:00,344.58,0.0,344.58,722.0,47.7,47.7,False
C35,2020-07-16 18:00:00,353.92,0.0,353.92,722.0,49.0,49.0,False
C35,2020-07-16 20:00:00,340.44,0.0,340.44,722.0,47.2,47.2,False
C35,2020-07-16 22:00:00,327.23,0.0,327.23,722.0,45.3,45.3,False
