time,2020-07-15 00:00:00,2020-07-15 00:00:00,2020-07-15 00:00:00,2020-07-15 00:00:00,2020-07-15 01:00:00,2020-07-15 01:00:00,2020-07-15 01:00:00,2020-07-15 01:00:00,2020-07-15 02:00:00,2020-07-15 02:00:00,2020-07-15 02:00:00,2020-07-15 02:00:00,2020-07-15 03:00:00,2020-07-15 03:00:00,2020-07-15 03:00:00,2020-07-15 03:00:00,2020-07-15 04:00:00,2020-07-15 04:00:00,2020-07-15 04:00:00,2020-07-15 04:00:00,2020-07-15 05:00:00,2020-07-15 05:00:00,2020-07-15 05:00:00,2020-07-15 05:00:00,2020-07-15 06:00:00,2020-07-15 06:00:00,2020-07-15 06:00:00,2020-07-15 06:00:00,2020-07-15 07:00:00,2020-07-15 07:00:00,2020-07-15 07:00:00,2020-07-15 07:00:00,2020-07-15 08:00:00,2020-07-15 08:00:00,2020-07-15 08:00:00,2020-07-15 08:00:00,2020-07-15 09:00:00,2020-07-15 09:00:00,2020-07-15 09:00:00,2020-07-15 09:00:00,2020-07-15 10:00:00,2020-07-15 10:00:00,2020-07-15 10:00:00,2020-07-15 10:00:00,2020-07-15 11:00:00,2020-07-15 11:00:00,2020-07-15 11:00:00,2020-07-15 11:00:00,2020-07-15 12:00:00,2020-07-15 12:00:00,2020-07-15 12:00:00,2020-07-15 12:00:00,2020-07-15 13:00:00,2020-07-15 13:00:00,2020-07-15 13:00:00,2020-07-15 13:00:00,2020-07-15 14:00:00,2020-07-15 14:00:00,2020-07-15 14:00:00,2020-07-15 14:00:00,2020-07-15 15:00:00,2020-07-15 15:00:00,2020-07-15 15:00:00,2020-07-15 15:00:00,2020-07-15 16:00:00,2020-07-15 16:00:00,2020-07-15 16:00:00,2020-07-15 16:00:00,2020-07-15 17:00:00,2020-07-15 17:00:00,2020-07-15 17:00:00,2020-07-15 17:00:00,2020-07-15 18:00:00,2020-07-15 18:00:00,2020-07-15 18:00:00,2020-07-15 18:00:00,2020-07-15 19:00:00,2020-07-15 19:00:00,2020-07-15 19:00:00,2020-07-15 19:00:00,2020-07-15 20:00:00,2020-07-15 20:00:00,2020-07-15 20:00:00,2020-07-15 20:00:00,2020-07-15 21:00:00,2020-07-15 21:00:00,2020-07-15 21:00:00,2020-07-15 21:00:00,2020-07-15 22:00:00,2020-07-15 22:00:00,2020-07-15 22:00:00,2020-07-15 22:00:00,2020-07-15 23:00:00,2020-07-15 23:00:00,2020-07-15 23:00:00,2020-07-15 23:00:00,2020-07-16 00:00:00,2020-07-16 00:00:00,2020-07-16 00:00:00,2020-07-16 00:00:00,2020-07-16 02:00:00,2020-07-16 02:00:00,2020-07-16 02:00:00,2020-07-16 02:00:00,2020-07-16 04:00:00,2020-07-16 04:00:00,2020-07-16 04:00:00,2020-07-16 04:00:00,2020-07-16 06:00:00,2020-07-16 06:00:00,2020-07-16 06:00:00,2020-07-16 06:00:00,2020-07-16 08:00:00,2020-07-16 08:00:00,2020-07-16 08:00:00,2020-07-16 08:00:00,2020-07-16 10:00:00,2020-07-16 10:00:00,2020-07-16 10:00:00,2020-07-16 10:00:00,2020-07-16 12:00:00,2020-07-16 12:00:00,2020-07-16 12:00:00,2020-07-16 12:00:00,2020-07-16 14:00:00,2020-07-16 14:00:00,2020-07-16 14:00:00,2020-07-16 14:00:00,2020-07-16 16:00:00,2020-07-16 16:00:00,2020-07-16 16:00:00,2020-07-16 16:00:00,2020-07-16 18:00:00,2020-07-16 18:00:00,2020-07-16 18:00:00,2020-07-16 18:00:00,2020-07-16 20:00:00,2020-07-16 20:00:00,2020-07-16 20:00:00,2020-07-16 20:00:00,2020-07-16 22:00:00,2020-07-16 22:00:00,2020-07-16 22:00:00,2020-07-16 22:00:00
k,0,1,2,3,0,1,2,3,0,1,2,3,0,1,2,3,0,1,2,3,0,1,2,3,0,1,2,3,0,1,2,3,0,1,2,3,0,1,2,3,0,1,2,3,0,1,2,3,0,1,2,3,0,1,2,3,0,1,2,3,0,1,2,3,0,1,2,3,0,1,2,3,0,1,2,3,0,1,2,3,0,1,2,3,0,1,2,3,0,1,2,3,0,1,2,3,0,1,2,3,0,1,2,3,0,1,2,3,0,1,2,3,0,1,2,3,0,1,2,3,0,1,2,3,0,1,2,3,0,1,2,3,0,1,2,3,0,1,2,3,0,1,2,3
101_CT_1,0.0,0.0,0.0,0.0,0.0,0.0,0.0,0.0,0.0,0.0,0.0,0.0,0.0,0.0,0.0,0.0,0.0,0.0,0.0,0.0,0.0,0.0,0.0,0.0,-0.0,0.0,0.0,0.0,0.0,0.0,0.0,0.0,0.0,0.0,0.0,0.0,-0.0,0.0,0.0,0.0,0.0,0.0,0.0,0.0,0.0,0.0,0.0,0.0,0.0,0.0,-0.0,0.0,0.0,0.0,0.0,0.0,0.0,0.0,0.0,0.0,0.005666947627363299,0.005211322694256371,0.005908093762668976,0.005620465976580272,0.0,0.0,0.0,0.0,0.0,0.0,0.0,0.0,0.0,0.0,0.0,0.0,0.0,0.0,0.0,0.0,0.0,0.0,0.0,0.0,0.0,0.0,0.0,0.0,0.0,0.0,0.0,0.0,0.0,0.0,0.0,0.0,0.0,0.0,0.0,0.0,0.0,0.0,0.0,0.0,0.0,0.0,0.0,0.0,0.0,0.0,0.0,0.0,0.0,0.0,0.0,0.0,0.0,0.0,0.0,0.0,0.0,0.0,0.0,0.0,0.0,0.0,0.0,0.0,0.0,0.0,0.0,0.0,0.0,0.0,0.0,0.0,0.0,0.0,0.0,0.0,0.0,0.0,0.0,0.0
101_CT_2,0.0,0.0,0.0,0.0,0.0,0.0,0.0,0.0,0.0,0.0,0.0,0.0,0.0,0.0,0.0,0.0,0.0,0.0,0.0,0.0,0.0,0.0,0.0,0.0,0.0,0.0,0.0,0.0,0.0,0.0,0.0,0.0,0.0,0.0,0.0,0.0,0.0,0.0,0.0,0.0,0.0,0.0,0.0,0.0,0.0,0.0,0.0,0.0,0.0,0.0,0.0,0.0,0.0,0.0,0.0,0.0,0.0,0.0,0.0,0.0,0.005666947630298867,0.005211322696956061,0.005908093765729604,0.005620465979491989,0.0,0.0,0.0,0.0,0.0,0.0,0.0,0.0,0.0,0.0,0.0,0.0,0.0,0.0,0.0,0.0,0.004536458148086581,0.0044786252408719,0.004386577964552378,0.004398711289572672,0.0,0.0,0.0,0.0,0.0,0.0,0.0,0.0,0.0,0.0,0.0,0.0,0.0,0.0,0.0,0.0,0.0,0.0,0.0,0.0,0.0,0.0,0.0,0.0,0.0,0.0,0.0,0.0,0.0,0.0,0.0,0.0,0.0,0.0,0.0,0.0,0.0,0.0,0.0,0.0,0.0,0.0,0.0,0.0,0.0,0.0,0.0,0.0,0.0,0.0,0.0,0.0,0.0,0.0,0.0,0.0,0.0,0.0,0.0,0.0
101_STEAM_3,-0.0026645735365224965,0.000791267103892818,0.0006574852377157388,-1.3494483801756027e-05,-0.0014846298974480901,-0.0006736332006717465,-0.004680208111887068,-0.0003442647752995216,-1.6651296780159828e-08,-5.458230176876648e-09,-2.6543217049290834e-09,9.181596520669261e-09,-1.0304595405378808e-08,-4.692676713636447e-09,-1.9680646614934418e-08,3.783473894171538e-09,-0.0009034627876087066,-0.0005545199062914802,-0.0016297235685268413,-0.0007167618744856645,-0.0003056383788205947,-0.0024955416986153288,0.020363752583276717,0.00037990861654914093,-0.002441110704825149,-0.007264403455661541,0.0002029573422295974,-0.002864693472396664,-0.007900017106450396,-0.013242383795629325,-0.0027976992669259213,-0.006778629182620151,-0.006077059656682603,-0.006182880374093395,0.026669454741881343,-0.002921404294912577,-0.0003896749806781008,0.004111873947544392,-0.10676275093394627,0.0005664843809663932,-0.01594935385312224,0.0071246831054994075,-0.10521637901079761,0.006723557535698025,-0.004024249501259958,0.003070613153555113,0.01851319593830758,0.002866129340950222,-0.008727828578785651,-0.04830442345575797,0.18782687303190804,0.03255491973413551,0.008283732711012301,-0.019828217975996893,0.20687277629272657,-0.00836818889622239,-0.003355654609948845,0.02099613021923468,0.11335726357485103,-0.04219305591743587,-0.006987538762638851,-0.008729168401935708,-0.02804017500599084,-0.010951199333845307,-0.021294377935800857,-0.0016548364610443553,-0.0001112827517023695,0.005701863235833705,0.006655574363845923,-0.011461112556521887,-0.002761159114710924,-0.002856372276652668,0.022445590295662822,-0.0075172740992851105,0.0928113576878648,-0.011892001323533888,0.006317711090985738,0.0058326773910065514,-0.09893866462051215,0.02060033323232759,0.00014705667429365608,0.0029854569048082284,-0.03613615515506755,-0.005493193232528568,-0.005345738610476768,-0.013959121381198257,0.0013565401206155105,-0.007431399526384548,0.009751653678859246,0.004842949439434683,-0.039533657449756114,-0.003914809291642225,-0.0007086763338864576,0.0023388080253410916,-0.021966159687623617,-0.0028837420821526453,0.0,0.0,0.0,0.0,0.0,0.0,0.0,0.0,0.0,0.0,0.0,0.0,0.0,0.0,0.0,0.0,0.0,0.0,0.0,0.0,0.0,0.0,0.0,0.0,0.0,0.0,0.0,0.0,0.0,0.0,0.0,0.0,0.0,0.0,0.0,0.0,0.0,0.0,0.0,0.0,0.0,0.0,0.0,0.0,0.0,0.0,0.0,0.0
101_STEAM_4,0.0007599409734437936,-0.0022463278599789025,-0.002952830833767109,-0.0027292137942675795,-0.00029460843301134983,-0.0006629837956474809,0.002445015926758603,-0.0024278609355941694,-1.5897460100558293e-08,-5.765628616886327e-09,1.9189293190535838e-09,7.587952331589352e-09,-1.0072219931718171e-08,-3.141667442430323e-09,6.291024480716343e-09,2.308447411402583e-09,-0.0008737434224401837,-0.0009246783112869826,8.02317751764669e-05,-0.0007005470139675703,-0.0016235794760418526,0.0008916401140940094,-0.021406514947587343,-0.0004512267127180423,-0.0025154098188868183,-0.007485490758492926,0.0002093047400730259,-0.0029518448119511638,-0.007637797548371902,-0.012803411641836049,-0.002704339689945356,-0.006553447543361986,-0.0041207109730265375,-0.007333015759352914,-0.030809753006507262,-0.0044611980260515285,-0.006303107293759408,-0.010433233445381218,0.10041453790755606,-0.006816660698559856,0.008921535952543405,-0.013907747679058132,0.09841517775254849,-0.0134598731168677,-0.002910496980010696,-0.00976070241669813,-0.025221393169611916,-0.00950953096666772,0.0041537660088814266,0.04397510635666313,-0.19217282409021097,-0.03683656361713159,-0.01499883887827494,0.013358951391469365,-0.2133645029531639,0.0019448317046921295,-0.0029908672046227536,-0.027157510661326732,-0.11551799233080866,0.03900420171267637,-0.012009069113155071,-0.0068990352614597145,0.012358122768931242,-0.003965904379674604,0.013713029954021946,-0.0038034275497530676,-0.003987750635703157,-0.009691959267982105,-0.0070780977109962395,0.01131827443278665,0.0026071631222689996,0.00277282107278604,-0.02281266384980466,0.007412248194350169,-0.09286174343607162,0.011890478431641519,-0.006653025693516572,-0.005901263392564426,0.09892440482776037,-0.020564440824162058,-0.005099757480912862,-0.00753721171825682,0.03179138736896168,0.0011890365571155354,-0.0012073817348042125,0.0017754590303629225,-0.0045344335530510295,0.0006000134597547973,-0.01026691183678477,-0.004952588613639705,0.03952673690329286,0.003978210949938075,-0.0006964067187058874,-0.0032991772031992998,0.02090504233263952,0.00227120503297572,0.0,0.0,0.0,0.0,0.0,0.0,0.0,0.0,0.0,0.0,0.0,0.0,0.0,0.0,0.0,0.0,0.0,0.0,0.0,0.0,0.0,0.0,0.0,0.0,0.0,0.0,0.0,0.0,0.0,0.0,0.0,0.0,0.0,0.0,0.0,0.0,0.0,0.0,0.0,0.0,0.0,0.0,0.0,0.0,0.0,0.0,0.0,0.0
102_CT_1,0.0,0.0,0.0,0.0,0.0,0.0,0.0,0.0,0.0,0.0,0.0,0.0,0.0,0.0,0.0,0.0,0.0,0.0,0.0,0.0,0.0,0.0,0.0,0.0,0.0,0.0,0.0,0.0,0.0,0.0,0.0,0.0,0.0,0.0,0.0,0.0,0.0,0.0,0.0,0.0,0.0,0.0,0.0,0.0,0.0,0.0,0.0,0.0,0.0,0.0,0.0,0.0,0.0,0.0,0.0,0.0,0.0,0.0,0.0,0.0,-2.6087617676090906e-07,1.2035435992737486e-06,-6.698401242088942e-07,-9.598998928483181e-08,0.0,0.0,0.0,0.0,0.0,0.0,0.0,0.0,0.0,0.0,0.0,0.0,0.0,0.0,0.0,0.0,0.0,0.0,0.0,0.0,0.0,0.0,0.0,0.0,-0.0,-0.0,-0.0,0.0,-0.0,-0.0,-0.0,0.0,0.0,0.0,0.0,0.0,0.0,0.0,0.0,0.0,0.0,0.0,0.0,0.0,0.0,0.0,0.0,0.0,0.0,0.0,0.0,0.0,0.0,0.0,0.0,0.0,0.0,0.0,0.0,0.0,0.0,0.0,0.0,0.0,0.0,0.0,0.0,0.0,0.0,0.0,0.0,0.0,0.0,0.0,0.0,0.0,0.0,0.0,0.0,0.0
102_CT_2,0.0,0.0,0.0,0.0,0.0,0.0,0.0,0.0,0.0,0.0,0.0,0.0,0.0,0.0,0.0,0.0,0.0,0.0,0.0,0.0,0.0,0.0,0.0,0.0,0.0,0.0,0.0,0.0,0.0,0.0,0.0,0.0,0.0,0.0,0.0,0.0,-0.0,0.0,-0.0,0.0,0.0,0.0,0.0,0.0,0.0,0.0,0.0,0.0,0.0,0.0,0.0,0.0,0.0,0.0,0.0,0.0,0.0,0.0,0.0,0.0,-2.6089408998453134e-07,1.2035407241650642e-06,-6.698401241178598e-07,-9.598998928487768e-08,0.0,0.0,0.0,0.0,0.0,0.0,0.0,0.0,0.0,0.0,0.0,0.0,0.0,0.0,0.0,0.0,0.0,0.0,-0.0,0.0,-0.0,-0.0,-0.0,0.0,0.0,0.0,0.0,0.0,0.0,0.0,0.0,0.0,0.0,0.0,0.0,0.0,0.0,0.0,0.0,0.0,0.0,0.0,0.0,0.0,0.0,0.0,0.0,0.0,0.0,0.0,0.0,0.0,0.0,0.0,0.0,0.0,0.0,0.0,0.0,0.0,0.0,0.0,0.0,0.0,0.0,0.0,0.0,0.0,0.0,0.0,0.0,0.0,0.0,0.0,0.0,0.0,0.0,0.0,0.0,0.0
102_STEAM_3,-0.04452355112023902,-0.03753813323564912,-0.06607914632443967,-0.08407913992797018,-0.040566968241405245,-0.03379929982451439,-0.06406764941446207,-0.08476273869079858,-0.025392120384717186,-0.01013810216656494,-0.05184476728355522,-0.010705640715638069,-0.016733969613860977,-0.01595422597957774,-0.021819050941538354,-0.03224168875041425,-0.04120011519055498,-0.039287472853363134,-0.042841966270779505,-0.04242466789219307,-0.05271070804985703,-0.06194977253269787,-0.041907192801067916,-0.04037922937185744,-0.04786172116387827,-0.04352038693381022,-0.05008616167792512,-0.04737299452591921,-7.737503637805787e-08,-6.233844676573064e-08,-1.1973141983423474e-07,-6.872906998018264e-08,-7.000082366537264e-08,-5.509098166545101e-08,2.2505850960641283e-08,-7.234355542296163e-08,-0.022832703011470667,-0.022839394841727534,-0.02284084595967717,-0.022841136109286262,-0.022609084873504742,-0.022611296522258684,-0.0226152353102389,-0.022612953158972094,-0.02261272678507679,-0.022615777516026597,-0.022618672715596172,-0.02261786293257402,-0.0202919851347948,-0.020296706504137764,-0.020289655622394546,-0.020292245670344124,-0.02374908328726935,-0.023749422458008908,-0.02376108149170973,-0.023752515848514177,-4.634266123626496e-08,-5.483270920647598e-08,1.517176817511512e-08,-2.5356556742594203e-08,-1.2313734282232147e-08,-1.000174129628384e-08,-7.572038329684005e-09,-9.548103355701585e-09,-1.5772019607007692e-08,-1.2283153938419389e-08,-1.7652411643531707e-08,-1.4745471837494212e-08,-5.297986394037224e-08,-3.8223830711725526e-08,-9.356692487472174e-08,-4.9521548862679684e-08,-5.808988939870474e-08,-4.814705090172566e-08,-1.8657381417597207e-08,-4.168203951800784e-08,-0.00016746178386354245,-0.00012385727251378747,-0.00013381708474028537,-0.00012154698744382022,-0.0008904681843414225,-0.0006853986498236986,-0.0007056199077205317,-0.0006517849949769539,-0.028039517342616144,-0.026090305055734495,-0.029045391153449396,-0.027822993794776638,-0.005909547803946841,-0.005576539414720364,-0.005032795247362571,-0.005096321665762648,-0.030947775980473057,-0.027891385817457984,-0.031778010730191965,-0.02915156657756272,0.0,0.0,0.0,0.0,0.0,0.0,0.0,0.0,0.0,0.0,0.0,0.0,0.0,0.0,0.0,0.0,0.0,0.0,0.0,0.0,0.0,0.0,0.0,0.0,0.0,0.0,0.0,0.0,0.0,0.0,0.0,0.0,0.0,0.0,0.0,0.0,0.0,0.0,0.0,0.0,0.0,0.0,0.0,0.0,0.0,0.0,0.0,0.0
102_STEAM_4,-0.04452355111665049,-0.037538133232057014,-0.06607914633248524,-0.08407913992793294,-0.040566813143805086,-0.03379821678258704,-0.0640801856721871,-0.08476255525777558,-0.028265182489133737,-0.019105635119301356,0.02883864827163357,-0.0008381006256764262,-0.015698494534130743,-0.014968044304386469,-0.020495235731621323,-0.03023373701278047,-0.04120026752318434,-0.0392874097770419,-0.04284269956196529,-0.042424558986267055,-0.05271063159157738,-0.06195664751325891,-0.041920272546313475,-0.04037024031641196,-0.04786172116387709,-0.04352038693380916,-0.050086161677923347,-0.04737299452591794,-6.628942655212411e-08,-8.507366566767871e-08,3.771611178679908e-08,-6.512096694831837e-08,-6.646813671684626e-08,-4.863057556647732e-08,4.963898181387094e-09,-7.863161916869238e-08,-0.022830380135084205,-0.022837071539707723,-0.022838520765021908,-0.022838812325460214,-0.02315018338101995,-0.023152387091675018,-0.02315668873531732,-0.02315411321030607,-0.022748230110464243,-0.022751315541726824,-0.022754478992773608,-0.022753494925408384,-0.020315600459464934,-0.020320414899309358,-0.020313028653594467,-0.02031575982470439,-0.02144562822957602,-0.0214441476045103,-0.021464344038437222,-0.02144902511646723,-5.875500401842252e-08,-2.0531644370769264e-08,2.8293582476912604e-08,-6.351497570244207e-08,-1.1668274374487808e-08,-9.115655369429376e-09,-1.3529062869999109e-08,-1.129708082703257e-08,-1.638135602166635e-08,-1.5108816600606367e-08,-4.9414657921076355e-09,-1.4969436421648796e-08,-5.7685213411540204e-08,-4.1460151423144964e-08,-8.949001306657323e-08,-5.2832578246786145e-08,-5.6058012870563445e-08,-3.689324388003734e-08,-9.435360908368268e-08,-4.5909300951125416e-08,-0.00017349431209132338,-0.00012854903437885194,-0.00013865827123284602,-0.0001257839090380396,-0.0009007975755760524,-0.0006933249094589286,-0.0007138296416887013,-0.0006593400958116783,-0.02798907138899559,-0.026043274359238464,-0.0289932798871691,-0.027772931895373495,-0.005542262485219163,-0.005229970960513142,-0.004719969951260561,-0.004779588767931913,-0.030947748756611635,-0.02789136273367272,-0.031777769920889154,-0.02915162344623209,0.0,0.0,0.0,0.0,0.0,0.0,0.0,0.0,0.0,0.0,0.0,0.0,0.0,0.0,0.0,0.0,0.0,0.0,0.0,0.0,0.0,0.0,0.0,0.0,0.0,0.0,0.0,0.0,0.0,0.0,0.0,0.0,0.0,0.0,0.0,0.0,0.0,0.0,0.0,0.0,0.0,0.0,0.0,0.0,0.0,0.0,0.0,0.0
107_CC_1,3.383618296659563e-08,8.927500960709267e-09,-1.269007059434557e-07,2.065934507432065e-08,6.8150992253413865e-09,1.723781817063418e-08,-5.3697710737106185e-08,3.352491142420216e-08,1.4430995230127396e-08,-1.4954253201598464e-08,-3.523206013111464e-07,2.3389116314803758e-08,1.716062905870551e-08,-8.08342948133145e-10,3.3316837158570145e-07,-3.179268580957911e-08,1.3868312744549634e-08,9.293896664670319e-10,-1.3069721305214443e-08,4.8568825120280555e-09,2.4857135993983093e-07,1.8776161470057673e-07,2.418664304393303e-07,1.5292602661975963e-07,-0.002410437316868297,-0.03137425311546149,0.01258767383436421,-0.005627023234577397,-0.0800288664397029,-0.15514062203779688,-0.048874338227705816,-0.09397859387776307,-3.1693137641733746e-07,-2.8296576103589427e-07,-1.6414223737353925e-08,-3.0042303917603695e-07,-0.10576624818299592,-0.10579708516204425,-0.10580593691419939,-0.10580533390630592,-0.10575344322130176,-0.10576330788854187,-0.10578406754775482,-0.10577172944882915,-0.12485605990656168,-0.12487326096088297,-0.12488356312353988,-0.12488227704882532,-0.18109132707256903,-0.1811244901624749,-0.18108738734073349,-0.18110183768985716,-0.11680156282000376,-0.11679772924076426,-0.11688665381590813,-0.11681984222636718,-3.382759935499635e-07,3.6583148288471534e-08,-7.642549540039738e-07,-3.226554966071515e-07,-6.110196112268929e-08,-5.5592900385578736e-08,-6.852726219808147e-08,-6.390469964343359e-08,-7.6679693372661e-08,-6.92250924361204e-08,-5.6968139094948356e-08,-7.444601317795451e-08,-1.254046083976057e-06,-1.0458381859423937e-06,-1.198087227205491e-06,-1.1952942002000649e-06,-1.5416798482270622e-06,-1.3061903822997323e-06,-1.532430343065272e-06,-1.416893183990021e-06,-1.214624594236824e-06,-9.689169826465616e-07,-1.047925839436914e-06,-9.655377318682e-07,-1.006563941918781e-06,-8.727305363942506e-07,-7.157910273392076e-07,-7.626077668065317e-07,-0.13895050238850384,-0.15672959200106465,-0.12981321524974138,-0.14096526181707786,-0.169860663141556,-0.13980517496550066,-0.08846112133791213,-0.09567376707035935,-0.11036501603869765,-0.11033593559281729,-0.1147201665068136,-0.11996383702871549,0.0,0.0,0.0,0.0,0.0,0.0,0.0,0.0,0.0,0.0,0.0,0.0,0.0,0.0,0.0,0.0,0.0,0.0,0.0,0.0,0.0,0.0,0.0,0.0,0.0,0.0,0.0,0.0,0.0,0.0,0.0,0.0,0.0,0.0,0.0,0.0,0.0,0.0,0.0,0.0,0.0,0.0,0.0,0.0,0.0,0.0,0.0,0.0
113_CT_1,0.0,0.0,0.0,0.0,0.0,0.0,0.0,0.0,0.0,0.0,0.0,0.0,0.0,0.0,0.0,0.0,0.0,0.0,0.0,0.0,0.0,0.0,0.0,0.0,0.0,0.0,0.0,0.0,0.0,0.0,0.0,0.0,0.0,0.0,0.0,0.0,0.0,0.0,0.0,0.0,0.0,0.0,0.0,0.0,0.0,0.0,0.0,0.0,0.0,0.0,0.0,0.0,0.0,0.0,0.0,0.0,0.0,0.0,0.0,0.0,0.0,0.0,0.0,0.0,0.0,0.0,0.0,0.0,0.0,0.0,0.0,0.0,0.0,0.0,0.0,0.0,0.0,0.0,0.0,0.0,0.0,0.0,0.0,0.0,0.0,0.0,0.0,0.0,0.0,0.0,0.0,0.0,0.0,0.0,0.0,0.0,0.0,0.0,0.0,0.0,0.0,0.0,0.0,0.0,0.0,0.0,0.0,0.0,0.0,0.0,0.0,0.0,0.0,0.0,0.0,0.0,0.0,0.0,0.0,0.0,0.0,0.0,0.0,0.0,0.0,0.0,0.0,0.0,0.0,0.0,0.0,0.0,0.0,0.0,0.0,0.0,0.0,0.0,0.0,0.0,0.0,0.0,0.0,0.0
113_CT_2,0.0,0.0,0.0,0.0,0.0,0.0,0.0,0.0,0.0,0.0,0.0,0.0,0.0,0.0,0.0,0.0,0.0,0.0,0.0,0.0,0.0,0.0,0.0,0.0,0.0,0.0,0.0,0.0,0.0,0.0,0.0,0.0,0.0,0.0,0.0,0.0,0.0,0.0,0.0,0.0,0.0,0.0,0.0,0.0,0.0,0.0,0.0,0.0,0.0,0.0,0.0,0.0,0.0,0.0,0.0,0.0,0.0,0.0,0.0,0.0,0.0,0.0,0.0,0.0,0.0,0.0,0.0,0.0,0.0,0.0,0.0,0.0,0.0,0.0,0.0,0.0,0.0,0.0,0.0,0.0,0.0,0.0,0.0,0.0,0.0,0.0,0.0,0.0,0.0,0.0,0.0,0.0,0.0,0.0,0.0,0.0,0.0,0.0,0.0,0.0,0.0,0.0,0.0,0.0,0.0,0.0,0.0,0.0,0.0,0.0,0.0,0.0,0.0,0.0,0.0,0.0,0.0,0.0,0.0,0.0,0.0,0.0,0.0,0.0,0.0,0.0,0.0,0.0,0.0,0.0,0.0,0.0,0.0,0.0,0.0,0.0,0.0,0.0,0.0,0.0,0.0,0.0,0.0,0.0
113_CT_3,0.0,0.0,0.0,0.0,0.0,0.0,0.0,0.0,0.0,0.0,0.0,0.0,0.0,0.0,0.0,0.0,0.0,0.0,0.0,0.0,0.0,0.0,0.0,0.0,0.0,0.0,0.0,0.0,0.0,0.0,0.0,0.0,0.0,0.0,0.0,0.0,0.0,0.0,0.0,0.0,0.0,0.0,0.0,0.0,0.0,0.0,0.0,0.0,0.0,0.0,0.0,0.0,0.0,0.0,0.0,0.0,0.0,0.0,0.0,0.0,0.0,0.0,0.0,0.0,0.0,0.0,0.0,0.0,0.0,0.0,0.0,0.0,0.0,0.0,0.0,0.0,0.0,0.0,0.0,0.0,0.0,0.0,0.0,0.0,0.0,0.0,0.0,0.0,0.0,0.0,0.0,0.0,0.0,0.0,0.0,0.0,0.0,0.0,0.0,0.0,0.0,0.0,0.0,0.0,0.0,0.0,0.0,0.0,0.0,0.0,0.0,0.0,0.0,0.0,0.0,0.0,0.0,0.0,0.0,0.0,0.0,0.0,0.0,0.0,0.0,0.0,0.0,0.0,0.0,0.0,0.0,0.0,0.0,0.0,0.0,0.0,0.0,0.0,0.0,0.0,0.0,0.0,0.0,0.0
113_CT_4,0.0,0.0,0.0,0.0,0.0,0.0,0.0,0.0,0.0,0.0,0.0,0.0,0.0,0.0,0.0,0.0,0.0,0.0,0.0,0.0,0.0,0.0,0.0,0.0,0.0,0.0,0.0,0.0,0.0,0.0,0.0,0.0,0.0,0.0,0.0,0.0,0.0,0.0,0.0,0.0,0.0,0.0,0.0,0.0,0.0,0.0,0.0,0.0,0.0,0.0,0.0,0.0,0.0,0.0,0.0,0.0,0.0,0.0,0.0,0.0,0.0,0.0,0.0,0.0,0.0,0.0,0.0,0.0,0.0,0.0,0.0,0.0,0.0,0.0,0.0,0.0,0.0,0.0,0.0,0.0,0.0,0.0,0.0,0.0,0.0,0.0,0.0,0.0,0.0,0.0,0.0,0.0,0.0,0.0,0.0,0.0,0.0,0.0,0.0,0.0,0.0,0.0,0.0,0.0,0.0,0.0,0.0,0.0,0.0,0.0,0.0,0.0,0.0,0.0,0.0,0.0,0.0,0.0,0.0,0.0,0.0,0.0,0.0,0.0,0.0,0.0,0.0,0.0,0.0,0.0,0.0,0.0,0.0,0.0,0.0,0.0,0.0,0.0,0.0,0.0,0.0,0.0,0.0,0.0
115_STEAM_1,0.0,0.0,0.0,0.0,0.0,0.0,0.0,0.0,0.0,0.0,0.0,0.0,0.0,0.0,0.0,0.0,0.0,0.0,0.0,0.0,0.0,0.0,0.0,0.0,0.0,0.0,0.0,0.0,0.0,0.0,0.0,0.0,0.0,0.0,0.0,0.0,0.0,0.0,0.0,0.0,0.0,0.0,0.0,0.0,0.0,0.0,0.0,0.0,0.0,0.0,0.0,0.0,0.0,0.0,0.0,0.0,0.0,0.0,0.0,0.0,0.0,0.0,0.0,0.0,0.0,0.0,0.0,0.0,0.0,0.0,0.0,0.0,0.0,0.0,0.0,0.0,0.0,0.0,0.0,0.0,0.0,0.0,0.0,0.0,0.0,0.0,0.0,0.0,0.0,0.0,0.0,0.0,0.0,0.0,0.0,0.0,0.0,0.0,0.0,0.0,0.0,0.0,0.0,0.0,0.0,0.0,0.0,0.0,0.0,0.0,0.0,0.0,0.0,0.0,0.0,0.0,0.0,0.0,0.0,0.0,0.0,0.0,0.0,0.0,0.0,0.0,0.0,0.0,0.0,0.0,0.0,0.0,0.0,0.0,0.0,0.0,0.0,0.0,0.0,0.0,0.0,0.0,0.0,0.0
115_STEAM_2,0.0,0.0,0.0,0.0,0.0,0.0,0.0,0.0,0.0,0.0,0.0,0.0,0.0,0.0,0.0,0.0,0.0,0.0,0.0,0.0,0.0,0.0,0.0,0.0,0.0,0.0,0.0,0.0,0.0,0.0,0.0,0.0,0.0,0.0,0.0,0.0,0.0,0.0,0.0,0.0,0.0,0.0,0.0,0.0,0.0,0.0,0.0,0.0,0.0,0.0,0.0,0.0,0.0,0.0,0.0,0.0,0.0,0.0,0.0,0.0,0.0,0.0,0.0,0.0,0.0,0.0,0.0,0.0,0.0,0.0,0.0,0.0,0.0,0.0,0.0,0.0,0.0,0.0,0.0,0.0,0.0,0.0,0.0,0.0,0.0,0.0,0.0,0.0,0.0,0.0,0.0,0.0,0.0,0.0,0.0,0.0,0.0,0.0,0.0,0.0,0.0,0.0,0.0,0.0,0.0,0.0,0.0,0.0,0.0,0.0,0.0,0.0,0.0,0.0,0.0,0.0,0.0,0.0,0.0,0.0,0.0,0.0,0.0,0.0,0.0,0.0,0.0,0.0,0.0,0.0,0.0,0.0,0.0,0.0,0.0,0.0,0.0,0.0,0.0,0.0,0.0,0.0,0.0,0.0
115_STEAM_3,8.75831007718375e-09,-2.55531499293582e-08,3.675703652561424e-08,-1.0062419443195416e-07,-2.6691197918538023e-08,-7.026750392657988e-08,2.4147604715807347e-07,-6.747103365163052e-08,-3.7303515416978314e-08,-5.317625772433009e-08,1.6647198202732547e-07,-4.811596179096807e-08,-2.4441975288970594e-08,-5.428884002885663e-08,1.2358060667375544e-07,-9.821109741944104e-08,-0.02914879764768145,-0.03426374073282831,-0.04614805379089004,-0.07385263990988208,-3.582725169870571e-07,-1.7999625632203475e-06,1.2546944994085152e-06,-1.7546233612324945e-06,-8.046198744504629e-07,-5.617598037854776e-07,-1.1569793056942501e-06,-6.90919409764356e-07,-3.022576516853448e-08,-3.6427063920818625e-08,-1.10048682611108e-07,-2.314076282352663e-08,-5.210999548483597e-08,-4.009720404118415e-08,-6.079902509134348e-08,-4.878243957441986e-08,-0.03406393024187835,-0.03407403485530536,-0.034075549336795685,-0.03407644433511924,-0.03390756929547395,-0.03391072732973788,-0.03391729183044223,-0.03391338071731472,-0.03208945671193891,-0.03209381966661262,-0.03209740347356416,-0.0320966454027186,-0.028670959571589494,-0.028677518192935736,-0.028668017999494477,-0.028671412783761813,-0.0344673171137025,-0.034462771528119704,-0.03450677685063776,-0.034473044470709105,-3.981827517707259e-08,-3.430020822925428e-08,1.5204222769682474e-08,-1.9993234155517063e-08,-8.721826446830838e-09,-7.278959490708559e-09,-2.8191872170069132e-09,-8.695787751501116e-09,-1.2767173207528515e-08,-9.47731362832549e-09,-2.0109588882988305e-08,-1.0305861467969312e-08,-1.4374176268705519e-06,-1.0837122060292081e-06,-1.7240916283522978e-06,-1.432987766587305e-06,-0.03356223711965278,-0.027913851417847746,-0.03942363821327999,-0.03508694225418985,-0.06309412988629615,-0.051669626637733224,-0.06734650429992062,-0.060619483220825505,-0.05441915632762465,-0.04501063703240041,-0.05980630924039586,-0.05375514205832666,-8.425500611619101e-08,-3.946402470508835e-08,-9.027202802738289e-08,-5.7352059673311226e-08,-0.06450908307625941,-0.06030392460458769,-0.06062685792777998,-0.05961655891921364,-0.05073377254327833,-0.04588857053073019,-0.06389007014914783,-0.07411639112662997,0.0,0.0,0.0,0.0,0.0,0.0,0.0,0.0,0.0,0.0,0.0,0.0,0.0,0.0,0.0,0.0,0.0,0.0,0.0,0.0,0.0,0.0,0.0,0.0,0.0,0.0,0.0,0.0,0.0,0.0,0.0,0.0,0.0,0.0,0.0,0.0,0.0,0.0,0.0,0.0,0.0,0.0,0.0,0.0,0.0,0.0,0.0,0.0
116_STEAM_1,-0.05487644492924104,-0.06787084699597157,-0.11146551098851232,-0.19868997714832703,-0.05280807414386063,-0.06386975986175286,-0.11259506372164862,-0.20135817424860103,-0.05917984727956882,-0.06559138989602398,-0.10518161909845292,-0.17949797837623702,-0.05000632668644267,-0.05763132496759643,-0.10094586194722455,-0.1776067548641001,-0.05760239432769709,-0.06419788945115273,-0.07842365384257421,-0.11277781340690543,-0.07819829793893024,-0.11230014601496635,-0.07598857772675949,-0.11661818295249995,-0.0628176804438178,-0.04750762388077345,-0.07075041231203905,-0.061134568754341916,-4.13448538627853e-08,-5.1405100509605006e-08,4.474703485524145e-08,-3.328533091930765e-08,-5.245682033194754e-08,-4.0434788073362427e-08,-2.1476703970790822e-08,-5.6530788745314697e-08,-0.035388234333430385,-0.03539860560552838,-0.035401008880419305,-0.03540128504746864,-0.033708178578966755,-0.03371138961474311,-0.03371743910024826,-0.03371394544080277,-0.033873939135218745,-0.033878510774567494,-0.03388178398220498,-0.03388127414033388,-0.030923858445950917,-0.03093130729476798,-0.03091970149341522,-0.030924018767153113,-0.033195273558961125,-0.03319234583483155,-0.033226982393489646,-0.03320062123510251,-4.269542103196855e-08,-1.707894747848826e-08,-1.6916254286236665e-07,-2.51472938033995e-08,-8.874510543099845e-09,-7.419651559814611e-09,-4.921176355310308e-09,-1.0023155651729293e-08,-1.3441896595800529e-08,-1.0118729854013964e-08,-1.819324224605623e-08,-1.1669899412658228e-08,-1.1786513163802859e-06,-9.412918851592345e-07,-1.244497742858286e-06,-1.1763988642834953e-06,-4.381825010391083e-06,-3.68383122140159e-06,-4.708687693625635e-06,-4.4058393250118615e-06,-6.533233463001942e-06,-5.36343641721615e-06,-6.751017112449631e-06,-6.109608692483549e-06,-0.054201150129740666,-0.04587300735603536,-0.05777750486727151,-0.05274304347007917,-8.287161579190183e-08,-5.016619827880042e-08,-1.224906349683863e-07,-7.502724940292979e-08,-0.06439377059865958,-0.060645114195134686,-0.05985351203687128,-0.059243976562275376,-0.05219157776364508,-0.048497880027434964,-0.06241976188675791,-0.07045803588227056,0.0,0.0,0.0,0.0,0.0,0.0,0.0,0.0,0.0,0.0,0.0,0.0,0.0,0.0,0.0,0.0,0.0,0.0,0.0,0.0,0.0,0.0,0.0,0.0,0.0,0.0,0.0,0.0,0.0,0.0,0.0,0.0,0.0,0.0,0.0,0.0,0.0,0.0,0.0,0.0,0.0,0.0,0.0,0.0,0.0,0.0,0.0,0.0
118_CC_1,0.0,0.0,0.0,0.0,0.0,0.0,0.0,0.0,0.0,0.0,0.0,0.0,0.0,0.0,0.0,0.0,0.0,0.0,0.0,0.0,0.0,0.0,0.0,0.0,0.0,0.0,0.0,0.0,0.0,0.0,0.0,0.0,0.0,-0.0,-0.0,0.0,-0.03162377881371002,-0.031633051123448656,-0.031635288301296915,-0.03163542499278559,-0.04349479804878853,-0.043498831813586714,-0.04350744611789903,-0.04350221448169878,-0.03948077234413755,-0.03948613395680334,-0.039490518555281795,-0.03948958231186563,-0.03861234423192739,-0.038621626530995545,-0.03860696703562372,-0.03861262319072262,-0.04187842986098226,-0.04187535967091029,-0.04191609840955935,-0.04188505688714404,-1.1128947452476723e-07,1.2893343348530095e-07,-2.5968212349786985e-07,-1.0384186022816808e-07,-8.321891509233126e-09,-6.0982886518345936e-09,-6.938204571208295e-08,-8.117695593270858e-09,-1.1230385732474701e-08,-9.506455012076032e-09,-8.236479498435756e-09,-1.2127145230287183e-08,-1.443604812467747e-06,-1.0011880503535409e-06,-1.9168751266285255e-06,-1.493156122319158e-06,-7.891736393705884e-06,-6.072521149036447e-06,-9.596715512039111e-06,-8.356901933894669e-06,-0.07950308607259493,-0.061257781573176295,-0.08862305886415411,-0.07725137163892164,-0.11005879912920491,-0.08520200297003405,-0.12869929724378482,-0.11152705159972325,-4.581288459704069e-08,-3.393587749700444e-08,-1.1555221668402282e-08,-1.8918535963816896e-08,0.0,0.0,0.0,0.0,0.0,0.0,0.0,0.0,0.0,0.0,0.0,0.0,0.0,0.0,0.0,0.0,0.0,0.0,0.0,0.0,0.0,0.0,0.0,0.0,0.0,0.0,0.0,0.0,0.0,0.0,0.0,0.0,0.0,0.0,0.0,0.0,0.0,0.0,0.0,0.0,0.0,0.0,0.0,0.0,0.0,0.0,0.0,0.0,0.0,0.0,0.0,0.0,0.0,0.0,0.0,0.0
122_WIND_1,1.0,0.0,0.0,0.0,1.0,0.0,0.0,0.0,1.0,0.0,0.0,0.0,1.0,0.0,0.0,0.0,1.0,0.0,0.0,0.0,1.0,0.0,0.0,0.0,1.0,0.0,0.0,0.0,1.0,0.0,0.0,0.0,1.0,0.0,0.0,0.0,1.0,0.0,0.0,0.0,1.0,0.0,0.0,0.0,1.0,0.0,0.0,0.0,1.0,0.0,0.0,0.0,1.0,0.0,0.0,0.0,1.0,0.0,0.0,0.0,1.0,0.0,0.0,0.0,1.0,0.0,0.0,0.0,1.0,0.0,0.0,0.0,1.0,0.0,0.0,0.0,1.0,0.0,0.0,0.0,1.0,0.0,0.0,0.0,1.0,0.0,0.0,0.0,1.0,0.0,0.0,0.0,1.0,0.0,0.0,0.0,0.0,0.0,0.0,0.0,0.0,0.0,0.0,0.0,0.0,0.0,0.0,0.0,0.0,0.0,0.0,0.0,0.0,0.0,0.0,0.0,0.0,0.0,0.0,0.0,0.0,0.0,0.0,0.0,0.0,0.0,0.0,0.0,0.0,0.0,0.0,0.0,0.0,0.0,0.0,0.0,0.0,0.0,0.0,0.0,0.0,0.0,0.0,0.0
123_CT_1,0.0,0.0,0.0,0.0,0.0,0.0,0.0,0.0,0.0,0.0,0.0,0.0,0.0,0.0,0.0,0.0,0.0,0.0,0.0,0.0,0.0,0.0,0.0,0.0,0.0,0.0,0.0,0.0,0.0,0.0,0.0,0.0,0.0,0.0,0.0,0.0,0.0,0.0,0.0,0.0,0.0,0.0,0.0,0.0,0.0,0.0,0.0,0.0,0.0,0.0,0.0,0.0,0.0,0.0,0.0,0.0,-0.004199165236380765,0.01018199570620637,-0.011534122312249786,-0.0025292144759492454,-1.2040235422505655e-08,-9.948811004385395e-09,-1.54274686798122e-08,-1.2856139756207463e-08,-1.8508600407099475e-08,-1.5688908416871586e-08,-1.932357846445674e-08,-1.7535656712781807e-08,-1.3605750425220832e-06,-1.0133797820982599e-06,-1.621195633285743e-06,-1.3564175187216662e-06,-2.338469990730657e-06,-1.8745636815609235e-06,-2.9794175025126955e-06,-2.378068867373808e-06,0.0,0.0,0.0,0.0,0.0,0.0,0.0,0.0,0.0,0.0,0.0,0.0,0.0,0.0,0.0,0.0,0.0,0.0,0.0,0.0,0.0,0.0,0.0,0.0,0.0,0.0,0.0,0.0,0.0,0.0,0.0,0.0,0.0,0.0,0.0,0.0,0.0,0.0,0.0,0.0,0.0,0.0,0.0,0.0,0.0,0.0,0.0,0.0,0.0,0.0,0.0,0.0,0.0,0.0,0.0,0.0,0.0,0.0,0.0,0.0,0.0,0.0,0.0,0.0,0.0,0.0,0.0,0.0
123_CT_4,0.0,0.0,0.0,0.0,0.0,0.0,0.0,0.0,0.0,0.0,0.0,0.0,0.0,0.0,0.0,0.0,0.0,0.0,0.0,0.0,0.0,0.0,0.0,0.0,0.0,0.0,0.0,0.0,0.0,0.0,0.0,0.0,0.0,0.0,0.0,0.0,0.0,0.0,0.0,0.0,0.0,0.0,0.0,0.0,0.0,0.0,0.0,0.0,0.0,0.0,0.0,0.0,-0.02267698351960127,-0.022679981147548836,-0.022684354527603826,-0.022679338333386787,-0.004084670820141559,0.009904373078073224,-0.011219705670516382,-0.002460279138238249,-1.2041240420062361e-08,-9.949816050832837e-09,-1.5427468679904777e-08,-1.2856139756307103e-08,-1.850960547094334e-08,-1.568991319088841e-08,-1.9302093047319446e-08,-1.7535656712796e-08,-1.3605753417742266e-06,-1.0133807871133379e-06,-1.6211879302944004e-06,-1.3564175187212772e-06,-2.338469992564002e-06,-1.8745636822225986e-06,-2.979417503801749e-06,-2.3780688673642593e-06,0.0,0.0,0.0,0.0,0.0,0.0,0.0,0.0,0.0,0.0,0.0,0.0,0.0,0.0,0.0,0.0,0.0,0.0,0.0,0.0,0.0,0.0,0.0,0.0,0.0,0.0,0.0,0.0,0.0,0.0,0.0,0.0,0.0,0.0,0.0,0.0,0.0,0.0,0.0,0.0,0.0,0.0,0.0,0.0,0.0,0.0,0.0,0.0,0.0,0.0,0.0,0.0,0.0,0.0,0.0,0.0,0.0,0.0,0.0,0.0,0.0,0.0,0.0,0.0,0.0,0.0,0.0,0.0
123_CT_5,0.0,0.0,0.0,0.0,0.0,0.0,0.0,0.0,0.0,0.0,0.0,0.0,0.0,0.0,0.0,0.0,0.0,0.0,0.0,0.0,0.0,0.0,0.0,0.0,0.0,0.0,0.0,0.0,0.0,0.0,0.0,0.0,0.0,0.0,0.0,0.0,0.0,0.0,0.0,0.0,0.0,0.0,0.0,0.0,0.0,0.0,0.0,0.0,0.0,0.0,0.0,0.0,0.0,0.0,0.0,0.0,-0.004097906183231646,0.009936298512467329,-0.011255991931293483,-0.002468270831358528,-1.2041240420064065e-08,-9.949816050832605e-09,-1.5427468679902888e-08,-1.2856139756303267e-08,-1.850960547094484e-08,-1.568991319088982e-08,-1.9302093047328247e-08,-1.7535656712798043e-08,-1.360575341774599e-06,-1.0133807871136455e-06,-1.6211879302948537e-06,-1.3564175187216662e-06,0.0,0.0,0.0,0.0,0.0,0.0,0.0,0.0,0.0,0.0,0.0,0.0,0.0,0.0,0.0,0.0,0.0,0.0,0.0,0.0,0.0,0.0,0.0,0.0,0.0,0.0,0.0,0.0,0.0,0.0,0.0,0.0,0.0,0.0,0.0,0.0,0.0,0.0,0.0,0.0,0.0,0.0,0.0,0.0,0.0,0.0,0.0,0.0,0.0,0.0,0.0,0.0,0.0,0.0,0.0,0.0,0.0,0.0,0.0,0.0,0.0,0.0,0.0,0.0,0.0,0.0,0.0,0.0,0.0,0.0,0.0,0.0
123_STEAM_2,1.4816037618992084e-08,-3.037934459548808e-09,-9.887495533433821e-08,-1.788947556251761e-08,3.488174397381279e-08,-7.596702503398094e-09,6.95103812386501e-08,-4.307244635463745e-08,-1.6141118441836966e-08,-1.401439031489815e-08,2.217303674001414e-08,-3.878875649532283e-08,1.6003760942336878e-08,-3.549127153912289e-08,9.385907129093004e-08,-5.712776287205575e-08,-2.7954489713495623e-08,-2.3964569703660565e-08,2.0277158938042383e-07,-9.177880641133369e-08,2.2902535022251855e-07,-9.381217404145428e-08,3.8896632366324524e-07,8.498145196671385e-08,-0.09041843388321912,-0.09730375821784835,-0.0868930385324409,-0.09120460689615506,-7.283651354774207e-08,-1.0280929130246363e-07,7.242290989140088e-08,-6.238217157231019e-08,-5.993906043721964e-08,-4.14544542026718e-08,-3.300243802684122e-07,-5.6158640516590364e-08,-0.035709379223259244,-0.03571969003698302,-0.03572349310188434,-0.035722574501817046,-0.03437055439318944,-0.034373852026173,-0.03437993104105935,-0.03437642299273974,-0.030308164813847016,-0.030312293939321305,-0.03031534560571414,-0.03031476711507864,-0.03230436573197937,-0.03231212361821778,-0.032300879802060756,-0.03230443391852302,-0.03515258504043772,-0.03514950418506979,-0.035185818117957623,-0.035158266639451534,-6.168814614682105e-08,-6.374742267389877e-08,3.8093520782211954e-08,-2.6460642128647512e-08,-1.2922292680350722e-08,-1.0526103655372765e-08,-1.3887988595793148e-08,-1.2713409332620126e-08,-1.8404897605961423e-08,-1.5539197290026507e-08,-2.9338459661687466e-08,-1.9081781855923787e-08,-1.3531889024942363e-06,-1.0822402354837557e-06,-1.5554042894925352e-06,-1.302867779328336e-06,-2.34442289759329e-06,-2.0039423287432356e-06,-2.6414819903227963e-06,-2.3027119376809573e-06,-1.8787150015265322e-06,-1.5230874096497488e-06,-1.7769666457420626e-06,-1.6238417071238271e-06,-0.05490046143091819,-0.04762395231667316,-0.05299295309205476,-0.04995060675889259,-7.296407303356359e-07,-7.217570647255478e-07,-7.713595702452114e-07,-7.560016512327122e-07,-0.07074958291916461,-0.06379237849706648,-0.054810652913424684,-0.055701949003585015,-0.05380805668831362,-0.0518677129784042,-0.06017871766974481,-0.06561865304717036,0.0,0.0,0.0,0.0,0.0,0.0,0.0,0.0,0.0,0.0,0.0,0.0,0.0,0.0,0.0,0.0,0.0,0.0,0.0,0.0,0.0,0.0,0.0,0.0,0.0,0.0,0.0,0.0,0.0,0.0,0.0,0.0,0.0,0.0,0.0,0.0,0.0,0.0,0.0,0.0,0.0,0.0,0.0,0.0,0.0,0.0,0.0,0.0
123_STEAM_3,-0.104568826655817,-0.13109641715542886,-0.2190782163791387,-0.39587329573857416,-9.262393123266044e-06,-1.140417934591964e-05,-1.7832448258925382e-05,-3.709909168743987e-05,-1.9456361866953944e-06,-2.2215372910970493e-06,-3.7786952015985247e-06,-4.681295065549077e-06,-2.0993213658714574e-06,-2.3588265592810536e-06,-4.68095153710914e-06,-5.29100161556388e-06,-0.1462980237125309,-0.1620797222503351,-0.17666215041617583,-0.23455853813705754,-0.18937203595684557,-0.3010432161343559,-0.1335334192626896,-0.2059088166367126,-0.21209554930228974,-0.2081253781566763,-0.21416873577649076,-0.21170320349852254,-7.388451983558753e-08,-6.965319876428566e-08,-1.6169539041044345e-07,-8.990979350862822e-08,-7.317121081262812e-08,-8.898940339234358e-08,7.186622917653213e-08,-7.545700425732792e-08,-0.043716926773863185,-0.043729746702509065,-0.04373277706118017,-0.04373303678569326,-0.04287575028381989,-0.04287984790189502,-0.04288757144661964,-0.042883095693222205,-0.041113519337001164,-0.04111907695956862,-0.04112396063084413,-0.04112283793893232,-0.03870132656290662,-0.03871059984104502,-0.0386964255061715,-0.038701514272135855,-0.041251690936786045,-0.04124733273076142,-0.04129424843264573,-0.04125846532346817,-8.340007207063849e-08,-1.8278406566096805e-08,-1.5241773236192065e-07,-6.865469944377296e-08,-1.4050994479042345e-08,-1.1195803173436047e-08,-1.8829569459200002e-08,-1.4528764187715392e-08,-2.196497339568282e-08,-1.8919068089928714e-08,-8.894552205873651e-09,-1.7626038632839773e-08,-1.36777563771565e-06,-1.124175351252532e-06,-1.5874886433314694e-06,-1.3441726460969908e-06,-2.5930843992050256e-06,-2.2120584015627998e-06,-2.902471797492277e-06,-2.5160210143068478e-06,-2.0058868009595224e-06,-1.6702795736175425e-06,-1.8863424097350163e-06,-1.7516526646166738e-06,-0.07963243180786292,-0.07010901666446273,-0.07687707638383245,-0.07296496359559475,-6.980914841828626e-07,-6.330313838676105e-07,-8.148271030128384e-07,-6.825114026250073e-07,-0.15305526351572585,-0.1417116859323599,-0.126970438049272,-0.1284488699804263,-0.12325854849200546,-0.12011394785651286,-0.13420738796546416,-0.14379581813554995,0.0,0.0,0.0,0.0,0.0,0.0,0.0,0.0,0.0,0.0,0.0,0.0,0.0,0.0,0.0,0.0,0.0,0.0,0.0,0.0,0.0,0.0,0.0,0.0,0.0,0.0,0.0,0.0,0.0,0.0,0.0,0.0,0.0,0.0,0.0,0.0,0.0,0.0,0.0,0.0,0.0,0.0,0.0,0.0,0.0,0.0,0.0,0.0
201_CT_1,0.0,0.0,0.0,0.0,0.0,0.0,0.0,0.0,0.0,0.0,0.0,0.0,0.0,0.0,0.0,0.0,0.0,0.0,0.0,0.0,0.0,0.0,0.0,0.0,0.0,0.0,0.0,0.0,0.0,0.0,0.0,0.0,0.0,0.0,0.0,0.0,0.0,0.0,0.0,0.0,0.0,0.0,0.0,0.0,0.0,0.0,0.0,0.0,0.0,0.0,0.0,0.0,0.0,0.0,0.0,0.0,0.0,0.0,0.0,0.0,-1.690625213271949e-07,-1.0245302343907708e-07,-3.7065396530003446e-07,-1.8371077555169329e-07,-5.206605156408278e-07,-1.0391246944504995e-08,-5.207513207594605e-07,-5.55967853838736e-07,0.0,0.0,0.0,0.0,0.0,0.0,0.0,0.0,0.0,0.0,0.0,0.0,0.0,0.0,0.0,0.0,0.0,0.0,0.0,0.0,0.0,0.0,0.0,0.0,0.0,0.0,0.0,0.0,0.0,0.0,0.0,0.0,0.0,0.0,0.0,0.0,0.0,0.0,0.0,0.0,0.0,0.0,0.0,0.0,0.0,0.0,0.0,0.0,0.0,0.0,0.0,0.0,0.0,0.0,0.0,0.0,0.0,0.0,0.0,0.0,0.0,0.0,0.0,0.0,0.0,0.0,0.0,0.0,0.0,0.0,0.0,0.0,0.0,0.0,0.0,0.0
201_CT_2,0.0,0.0,0.0,0.0,0.0,0.0,0.0,0.0,0.0,0.0,0.0,0.0,0.0,0.0,0.0,0.0,0.0,0.0,0.0,0.0,0.0,0.0,0.0,0.0,0.0,0.0,0.0,0.0,0.0,0.0,0.0,0.0,0.0,0.0,0.0,0.0,0.0,0.0,0.0,0.0,0.0,0.0,0.0,0.0,0.0,0.0,0.0,0.0,0.0,0.0,0.0,0.0,0.0,0.0,0.0,0.0,0.0,0.0,0.0,0.0,-1.6906252083943108e-07,-1.0245302391629724e-07,-3.706539643663893e-07,-1.8371077555135916e-07,0.0,0.0,0.0,0.0,0.0,0.0,0.0,0.0,0.0,0.0,0.0,0.0,0.0,0.0,0.0,0.0,0.0,0.0,0.0,0.0,0.0,0.0,0.0,0.0,0.0,0.0,0.0,0.0,0.0,0.0,0.0,0.0,0.0,0.0,0.0,0.0,0.0,0.0,0.0,0.0,0.0,0.0,0.0,0.0,0.0,0.0,0.0,0.0,0.0,0.0,0.0,0.0,0.0,0.0,0.0,0.0,0.0,0.0,0.0,0.0,0.0,0.0,0.0,0.0,0.0,0.0,0.0,0.0,0.0,0.0,0.0,0.0,0.0,0.0,0.0,0.0,0.0,0.0,0.0,0.0
201_STEAM_3,5.449313811300982e-08,1.0386737664402901e-07,1.742071451538152e-07,5.907071415613236e-08,6.728569859615341e-08,1.366934554436483e-07,4.703891409718608e-08,3.269908248599438e-08,2.255545941687309e-08,1.4062803699310678e-09,8.805863660477087e-08,-9.30557444756583e-09,-4.207674958456309e-09,9.313030596702632e-08,2.1893231361147514e-07,1.4498902140039806e-08,-3.26862214740285e-09,6.869204221121943e-08,7.954642122776079e-08,5.7194944706788484e-08,5.882650179478421e-07,9.140847528898988e-08,1.3098931486155152e-06,1.1401387384406854e-06,-0.03239556781484845,-0.06510659990613599,-0.015483755875892902,-0.036023994872040756,-0.04312731147579334,-0.06873505878804853,-0.03016545603312415,-0.046175658800040986,-9.441859285358422e-07,-7.549792359605735e-07,-1.7370189488558402e-06,-9.466090611253174e-07,-0.02744318043018605,-0.027451185975648273,-0.02745363733538797,-0.02745330990953605,-0.02735944710663543,-0.027362104575421653,-0.027366863584469714,-0.027364108189481363,-0.027039031747169776,-0.027042708197405108,-0.02704572585938938,-0.02704507987300862,-0.02909731588545536,-0.02910392121277844,-0.02909397492503829,-0.02909771908745491,-0.028782674797729724,-0.028780106112245685,-0.028810460580562802,-0.028787348638855,-3.9360455014736395e-07,-1.9603329765027766e-07,-4.3740636002098654e-07,-3.205372335194713e-07,-1.454102307452132e-07,-1.318099243918791e-07,-1.5363990296668462e-07,-1.4503842879939303e-07,-1.520704945301432e-07,-1.384029631040784e-07,-1.609972972715923e-07,-1.509529263621765e-07,-3.974372553311456e-06,-3.6318816864500114e-06,-3.823060328089767e-06,-3.7176767721743745e-06,-4.8736226340717614e-06,-4.559700474887629e-06,-4.474947859933742e-06,-4.46617083786929e-06,-2.4288803970809184e-06,-2.1515946130067866e-06,-1.956381125780861e-06,-1.9512716154274e-06,-2.561489120506133e-06,-2.411433384780226e-06,-1.8555414315613028e-06,-1.9966490990080413e-06,-0.032714966541258016,-0.040091048957866735,-0.028907195397542773,-0.03353941165605029,-2.6774042360955264e-07,-1.9556882491222893e-07,-2.2543161981580795e-07,-1.434271427759646e-07,-0.029866950915403007,-0.03272108955355091,-0.02456690590003796,-0.02155581072729137,0.0,0.0,0.0,0.0,0.0,0.0,0.0,0.0,0.0,0.0,0.0,0.0,0.0,0.0,0.0,0.0,0.0,0.0,0.0,0.0,0.0,0.0,0.0,0.0,0.0,0.0,0.0,0.0,0.0,0.0,0.0,0.0,0.0,0.0,0.0,0.0,0.0,0.0,0.0,0.0,0.0,0.0,0.0,0.0,0.0,0.0,0.0,0.0
202_CT_1,0.0,0.0,0.0,0.0,0.0,0.0,0.0,0.0,0.0,0.0,0.0,0.0,0.0,0.0,0.0,0.0,0.0,0.0,0.0,0.0,0.0,0.0,0.0,0.0,0.0,0.0,0.0,0.0,0.0,0.0,0.0,0.0,0.0,0.0,0.0,0.0,-0.005137546444973676,-0.0056702933163242375,-0.017251158598057606,-0.0034088711514134716,0.0,0.0,0.0,0.0,0.0,0.0,0.0,0.0,0.0,0.0,0.0,0.0,0.0,0.0,0.0,0.0,0.0,0.0,0.0,0.0,-1.760166532625612e-07,-1.2920858604884242e-07,-3.135379382894368e-07,-1.8415686150101183e-07,-3.109638581736241e-07,-7.736714750426513e-08,-5.341804428500202e-07,-3.3429518822604047e-07,0.0,0.0,0.0,0.0,0.0,0.0,0.0,0.0,0.0,0.0,0.0,0.0,0.0,0.0,0.0,0.0,0.0,0.0,0.0,0.0,0.0,0.0,0.0,0.0,0.0,0.0,0.0,0.0,0.0,0.0,0.0,0.0,0.0,0.0,0.0,0.0,0.0,0.0,0.0,0.0,0.0,0.0,0.0,0.0,0.0,0.0,0.0,0.0,0.0,0.0,0.0,0.0,0.0,0.0,0.0,0.0,0.0,0.0,0.0,0.0,0.0,0.0,0.0,0.0,0.0,0.0,0.0,0.0,0.0,0.0,0.0,0.0,0.0,0.0,0.0,0.0
202_CT_2,0.0,0.0,0.0,0.0,0.0,0.0,0.0,0.0,0.0,0.0,0.0,0.0,0.0,0.0,0.0,0.0,0.0,0.0,0.0,0.0,0.0,0.0,0.0,0.0,0.0,0.0,0.0,0.0,0.0,0.0,0.0,0.0,0.0,0.0,0.0,0.0,-0.005558460200163096,-0.005108695941385022,0.006565088710131173,-0.0073676244624313976,0.0,0.0,0.0,0.0,0.0,0.0,0.0,0.0,0.0,0.0,0.0,0.0,0.0,0.0,0.0,0.0,0.0,0.0,0.0,0.0,-1.7601665365923393e-07,-1.2920858624563872e-07,-3.135379391151891e-07,-1.8415686150095437e-07,-3.1096486321015574e-07,-7.736815254101822e-08,-5.34180442048236e-07,-3.3429518822964676e-07,0.0,0.0,0.0,0.0,0.0,0.0,0.0,0.0,0.0,0.0,0.0,0.0,0.0,0.0,0.0,0.0,0.0,0.0,0.0,0.0,0.0,0.0,0.0,0.0,0.0,0.0,0.0,0.0,0.0,0.0,0.0,0.0,0.0,0.0,0.0,0.0,0.0,0.0,0.0,0.0,0.0,0.0,0.0,0.0,0.0,0.0,0.0,0.0,0.0,0.0,0.0,0.0,0.0,0.0,0.0,0.0,0.0,0.0,0.0,0.0,0.0,0.0,0.0,0.0,0.0,0.0,0.0,0.0,0.0,0.0,0.0,0.0,0.0,0.0,0.0,0.0
202_STEAM_3,4.972380471519155e-08,9.146401158833301e-08,-1.658585036024793e-07,6.930584919316733e-08,1.0079881017200664e-07,1.46066067385979e-07,-6.798234191352953e-07,-2.041070497064636e-08,-4.6035997029154575e-08,-4.896840875764305e-08,1.2338653542486021e-06,-1.233800197527225e-08,5.385975259525887e-08,2.0045242377815016e-08,3.413449702810598e-07,-7.522444230272546e-08,-2.8076787752048684e-07,-2.944608334245522e-07,-8.791143574020623e-07,3.612144987466767e-08,0.004493358649325304,-0.029776870554352637,0.03943637523141577,0.039462290536098774,-0.03583650837577604,-0.0605496566435057,-0.023057304896102915,-0.03857952489316323,-0.044935234418745765,-0.06610101612991957,-0.03423144972815714,-0.047465245144906465,-9.976671249598033e-07,-8.945254234343651e-07,-8.075212723072548e-07,-1.0040277250601005e-06,-0.02594914602971886,-0.025956838580093955,-0.02595807108850412,-0.025958687405959975,-0.026867499079840276,-0.026870079231376492,-0.02687487323713353,-0.02687211579349988,-0.02781083834427972,-0.027814614262255732,-0.027817789252994052,-0.027817113792336576,-0.028104664153704717,-0.028111136344220966,-0.028101387521631604,-0.028104977625012233,-0.028424565886639393,-0.028422505357911958,-0.028449834730124635,-0.028429104014457054,-3.6455312552163447e-07,-1.971315992917902e-07,-3.116257610511093e-07,-3.0227239615152713e-07,-1.6047779145264755e-07,-1.487167596709808e-07,-1.5297740527150767e-07,-1.5385630218483364e-07,-1.5947793928696111e-07,-1.4487934514573855e-07,-1.729773586479159e-07,-1.577191656360155e-07,-4.271423608761134e-06,-3.904598550757307e-06,-4.211272055049807e-06,-4.00580612443647e-06,-5.136874196516323e-06,-4.815430922522563e-06,-4.768979262293178e-06,-4.734500657833769e-06,-2.4939064095009033e-06,-2.2271089665970387e-06,-1.9697772023103464e-06,-2.013837296358433e-06,-2.5018377404468264e-06,-2.3594182799688017e-06,-1.8875841205221288e-06,-1.971738053799098e-06,-0.03346162977096684,-0.03964072768359442,-0.030272820520709263,-0.03415332673533517,-2.662245925854788e-07,-2.0929620772176504e-07,-1.397465416321299e-07,-1.2357113637129817e-07,-0.02970675064175877,-0.03226185908469451,-0.024978748251973645,-0.022304469913086725,0.0,0.0,0.0,0.0,0.0,0.0,0.0,0.0,0.0,0.0,0.0,0.0,0.0,0.0,0.0,0.0,0.0,0.0,0.0,0.0,0.0,0.0,0.0,0.0,0.0,0.0,0.0,0.0,0.0,0.0,0.0,0.0,0.0,0.0,0.0,0.0,0.0,0.0,0.0,0.0,0.0,0.0,0.0,0.0,0.0,0.0,0.0,0.0
202_STEAM_4,1.0239337736188689e-08,3.694820133026082e-08,-2.878713736231045e-07,6.152054885321136e-08,6.705476001931348e-08,1.5818534247899349e-07,-7.772499315092371e-08,-1.8538004189084636e-09,-4.603599702883567e-08,-4.8968408757491906e-08,1.233865354246792e-06,-1.2338001974952445e-08,5.38597517211692e-08,2.0045241332749213e-08,3.4134496763314503e-07,-7.522444230277492e-08,-2.775287423031637e-07,-3.80135242686648e-07,-7.071801223697037e-07,7.103571185602944e-08,0.005349645736101597,-0.035455727030489166,0.046956330228178814,0.04698594622366567,-0.03583654663745492,-0.060549508824211895,-0.023059587109120372,-0.03857944699292961,-0.04493523441874708,-0.06610101612991455,-0.03423144972816969,-0.04746524514490706,-9.97667122605014e-07,-8.945254271830589e-07,-8.075212632892677e-07,-1.0040277250565375e-06,-0.02774608153489347,-0.02775425019486638,-0.027755939575143662,-0.02775628038918183,-0.02686749661414578,-0.02687007924146914,-0.026874873247235254,-0.026872115803595043,-0.026681325463206364,-0.026684968443968823,-0.02668783698434718,-0.026687253783364673,-0.028104664146144924,-0.02811113633665524,-0.028101387514085974,-0.02810497761745345,-0.028424565893722747,-0.02842250536499591,-0.028449834737211743,-0.028429104021540908,-3.794211753658277e-07,-1.3651441685670201e-07,-5.588179950332739e-07,-3.517327969146748e-07,-1.6047779210217968e-07,-1.4871676003159157e-07,-1.529774066584572e-07,-1.5385630218483364e-07,-1.523751213102614e-07,-1.3828208279841778e-07,-1.6635126210966816e-07,-1.5136856440264163e-07,-4.271423908056497e-06,-3.904599555910163e-06,-4.21126435102567e-06,-4.0058061244389295e-06,-5.1368741976132106e-06,-4.815430923332591e-06,-4.768979264468691e-06,-4.734500657840344e-06,-2.4939064095044397e-06,-2.2271089666002846e-06,-1.9697772023132026e-06,-2.0138372963613356e-06,-2.5018387455071853e-06,-2.359418276594462e-06,-1.887584102622931e-06,-1.9717380537938274e-06,-0.033461629372323026,-0.03964072768023054,-0.0302728205207024,-0.03415332673533494,-2.66224591390612e-07,-2.0929620679354134e-07,-1.39746538603097e-07,-1.23571136371275e-07,-0.029706750641761624,-0.03226185908468925,-0.024978748251962127,-0.02230446991308155,0.0,0.0,0.0,0.0,0.0,0.0,0.0,0.0,0.0,0.0,0.0,0.0,0.0,0.0,0.0,0.0,0.0,0.0,0.0,0.0,0.0,0.0,0.0,0.0,0.0,0.0,0.0,0.0,0.0,0.0,0.0,0.0,0.0,0.0,0.0,0.0,0.0,0.0,0.0,0.0,0.0,0.0,0.0,0.0,0.0,0.0,0.0,0.0
207_CT_1,1.2226166109212031e-07,1.0502208122386181e-07,-3.446300812433148e-08,1.2959009259459323e-07,1.1654365119640408e-07,1.2795846626256156e-07,-1.0072486142438044e-07,8.561050109532624e-08,1.1365473061447443e-07,1.0850457548353344e-07,-8.089051341200962e-08,4.090366940616665e-08,1.236319633891022e-07,1.0964042823185814e-07,-7.325832911380385e-08,9.849075732987624e-08,7.941167320193669e-08,8.326309867008471e-08,4.4521756432812576e-08,1.049366781399578e-07,6.701296433626895e-07,6.631139323156221e-07,8.959588344713357e-07,6.883985498727259e-07,5.008174329412807e-08,3.437481368995243e-08,1.61586927283075e-07,7.466574457323725e-08,3.765630621782196e-07,2.684878224680236e-07,2.7098743691199517e-07,3.8177054800618015e-07,0.05101283294810783,0.05313759008439246,0.04967360226534982,0.05105240545993887,-0.020835624345366927,-0.020841770849049784,-0.020842974214366206,-0.02084328456023546,0.010236592042426579,0.0079140263921057,-0.12270052171318058,-0.019087176095372787,0.014434566147660269,0.018630813439064142,-0.004047096641343284,0.012435772906637218,0.029489742707629524,0.02949656173761367,0.02948387201371051,0.02948995293337737,0.03480432354448253,0.03479923955798962,0.03484490601458623,0.03480974932935205,0.030342095986690847,0.0549410548570569,0.017200643459687814,0.03276438922021764,-2.1946647095588817e-07,-1.9839174376895916e-07,-2.393807239243852e-07,-2.1904523112834567e-07,-2.1542597464874235e-07,-1.935437588519412e-07,-2.3994377363228997e-07,-2.1459597786079368e-07,-0.05794429673946462,0.00765909209966361,-0.01592068187952246,0.00487338357205504,-0.05919755907181479,-0.00697282671691117,0.038189443086813574,0.037524212980675827,-0.0494249723731562,-0.025381180171616745,0.0018964371131187387,-0.00014782863750558318,-0.03627348430889011,-0.022253688001333045,0.035347490486716,0.022912579727737255,0.0,0.0,0.0,0.0,0.0,0.0,0.0,0.0,0.0,0.0,0.0,0.0,0.0,0.0,0.0,0.0,0.0,0.0,0.0,0.0,0.0,0.0,0.0,0.0,0.0,0.0,0.0,0.0,0.0,0.0,0.0,0.0,0.0,0.0,0.0,0.0,0.0,0.0,0.0,0.0,0.0,0.0,0.0,0.0,0.0,0.0,0.0,0.0,0.0,0.0,0.0,0.0,0.0,0.0,0.0,0.0,0.0,0.0,0.0,0.0
207_CT_2,1.3366305682578996e-07,1.1270679442721798e-07,4.3523295827471406e-08,1.1061739633709829e-07,1.1654365119643227e-07,1.279584662625846e-07,-1.0072486142444971e-07,8.561050109533925e-08,1.1365473388663868e-07,1.0850457869068574e-07,-8.089049961853897e-08,4.0903669406177237e-08,1.2363196338913062e-07,1.096404282318812e-07,-7.32583291138614e-08,9.849075732989555e-08,7.941167320195011e-08,8.326309867009986e-08,4.4521756432816626e-08,1.049366781399769e-07,6.701286382719537e-07,6.631129274612801e-07,8.959507939855424e-07,6.88398549872541e-07,5.00817426841277e-08,3.437481435608625e-08,1.6158692495160665e-07,7.466574457324478e-08,3.765630616476117e-07,2.6848782181498734e-07,2.7098743340415793e-07,3.817705480062532e-07,0.05101283294811681,0.05313759008440099,0.04967360226536639,0.051052405459947846,-0.020651045502823595,-0.02065716374143159,-0.020658330336017605,-0.020658638668772728,-0.012702881560625129,-0.01053122545533064,0.12028542757543681,0.016498891678907137,0.014350545823723387,0.010048604316944931,0.03285769182218945,0.01628576022885205,0.031040498649346965,0.031039367339594684,0.03104833199304303,0.031045448904687713,0.034804323546727245,0.03479923956023201,0.03484490601684298,0.03480974933159784,0.030341944708231067,0.05494144312184161,0.017201034345922298,0.0327639980409811,-2.194674759276581e-07,-1.9839274882665517e-07,-2.393628784965931e-07,-2.1904523112853262e-07,-2.1671032481762565e-07,-1.9426923028687258e-07,-2.4572683098961173e-07,-2.1547584803122743e-07,-0.057944296736370346,0.007659092099228625,-0.015920681878695914,0.004873383571767315,-0.05919755907167261,-0.0069728267168977275,0.03818944308672516,0.037524212980582144,-0.04942113213982703,-0.02538357622221439,0.001897102307115621,-0.0001466723790729801,-0.036273484308890415,-0.022253688001333392,0.03534749048671563,0.022912579727737404,0.0,0.0,0.0,0.0,0.0,0.0,0.0,0.0,0.0,0.0,0.0,0.0,0.0,0.0,0.0,0.0,0.0,0.0,0.0,0.0,0.0,0.0,0.0,0.0,0.0,0.0,0.0,0.0,0.0,0.0,0.0,0.0,0.0,0.0,0.0,0.0,0.0,0.0,0.0,0.0,0.0,0.0,0.0,0.0,0.0,0.0,0.0,0.0,0.0,0.0,0.0,0.0,0.0,0.0,0.0,0.0,0.0,0.0,0.0,0.0
212_CSP_1,-0.23296788825745596,-0.23383087162477736,-0.2335951530199738,-0.23527169975975099,-0.2149750629756873,-0.21558355825001596,-0.21650465604198468,-0.2189551256879027,-0.19455321540442017,-0.19569809761046353,-0.19651995183497029,-0.19916580373466575,-0.18536824836726665,-0.18584957056474766,-0.18722451563081163,-0.18994330609154042,-0.1550168218487068,-0.1561207503021571,-0.15067893404529276,-0.14687326514903493,-0.19223374031156396,-0.20119393644358213,-0.18271609713444922,-0.1822377219429055,-0.17302132361628117,-0.1665352837591989,-0.17634872430454368,-0.1723299260847277,-0.19919165341416695,-0.19267071023135518,-0.20278239748742521,-0.19870048201448076,-0.25625233895860555,-0.24709064804204361,-0.2617167764859172,-0.25570409394359,-0.04710530529906176,-0.047119180847724706,-0.04712199448445009,-0.04712264790137581,-0.05078031792096124,-0.05078492551632244,-0.05079517087451768,-0.05078899611616441,-0.048709917596507155,-0.048716478490187204,-0.048722995886246956,-0.04872113911156235,-0.0466414674688705,-0.04665220693047894,-0.04663657593828938,-0.046642111642842,-0.05203204805783924,-0.05202620015051681,-0.05208756050588381,-0.05204064187807062,-4.777227838870246e-07,-4.369823842775844e-07,-4.6240472295622226e-07,-4.674543770610869e-07,-0.074379246522922,-0.06819663233802081,-0.07818718570337868,-0.07413837103167137,-0.0911740984340802,-0.08507534393707222,-0.09499355060027659,-0.09098363078594002,-0.0311587613071016,-0.02955856850290195,-0.030220340334008,-0.02969056673293975,-1.912195792208582e-05,-1.8114983322103928e-05,-1.7803761968693266e-05,-1.7605712851755613e-05,-3.2481254100824586e-06,-3.0893072350268724e-06,-2.9365598024355677e-06,-2.937611442295498e-06,-2.9164162754780065e-06,-2.8458344608073283e-06,-2.436245329251463e-06,-2.5740750362417145e-06,-0.13822664793379927,-0.13733409740325328,-0.13870490912555541,-0.13815009847147122,-1.2758379863697655e-07,-1.1036564961930395e-07,-1.4918524549045742e-07,-1.1597530320962593e-07,-0.10642157718416156,-0.1098684593903883,-0.10042329068297429,-0.09730531108217956,0.0,0.0,0.0,0.0,0.0,0.0,0.0,0.0,0.0,0.0,0.0,0.0,0.0,0.0,0.0,0.0,0.0,0.0,0.0,0.0,0.0,0.0,0.0,0.0,0.0,0.0,0.0,0.0,0.0,0.0,0.0,0.0,0.0,0.0,0.0,0.0,0.0,0.0,0.0,0.0,0.0,0.0,0.0,0.0,0.0,0.0,0.0,0.0
213_CC_3,0.0,0.0,0.0,0.0,-0.0,-0.0,0.0,0.0,0.0,0.0,0.0,0.0,0.0,0.0,0.0,0.0,0.0,0.0,0.0,0.0,0.0,0.0,0.0,0.0,0.0,0.0,0.0,0.0,0.0,0.0,0.0,0.0,0.0,0.0,0.0,0.0,-0.037228542333844095,-0.03723943216520764,-0.03724218288119374,-0.03724228276956415,-0.04719267620245859,-0.04719731356893453,-0.04720543913379954,-0.047200775890926534,-0.04703241692744762,-0.04703882514183417,-0.04704408431252988,-0.047043007567839884,-0.05073333058993024,-0.05074397521938456,-0.05072851836919501,-0.050734732951631355,-0.047491307777644716,-0.0474906107132891,-0.04752174517158825,-0.04749844730868066,-4.6374049675890205e-06,1.2473454502615056e-06,-7.927376199479141e-06,-4.105383422777991e-06,-0.14382078431216155,-0.13172457750381106,-0.15153188819309849,-0.14353570721632047,-0.1416550642871105,-0.1300036583588252,-0.1489306534427719,-0.14127447613495864,-0.13978399359831953,-0.13392055550626925,-0.13242747553765422,-0.13155622161252303,-0.07612508120731265,-0.0735676110144029,-0.06943335380384497,-0.06999470112597683,-8.841913874658676e-06,-7.785957106079781e-06,-6.315330538638488e-06,-6.523621276212786e-06,-2.7831236160180683e-05,-2.6442667241555196e-05,-1.7186995498602586e-05,-1.9410054214167917e-05,-0.03018612983134694,-0.0817253380960801,-0.0035453169910616422,-0.03591106822473789,0.0,0.0,0.0,0.0,0.0,0.0,0.0,0.0,0.0,0.0,0.0,0.0,0.0,0.0,0.0,0.0,0.0,0.0,0.0,0.0,0.0,0.0,0.0,0.0,0.0,0.0,0.0,0.0,0.0,0.0,0.0,0.0,0.0,0.0,0.0,0.0,0.0,0.0,0.0,0.0,0.0,0.0,0.0,0.0,0.0,0.0,0.0,0.0,0.0,0.0,0.0,0.0,0.0,0.0,0.0,0.0
213_CT_1,0.0,0.0,0.0,0.0,0.0,0.0,0.0,0.0,0.0,0.0,0.0,0.0,0.0,0.0,0.0,0.0,0.0,0.0,0.0,0.0,0.0,0.0,0.0,0.0,0.0,0.0,0.0,0.0,0.0,0.0,0.0,0.0,0.0,0.0,0.0,0.0,0.0,0.0,0.0,0.0,0.0,0.0,0.0,0.0,0.0,0.0,0.0,0.0,0.0,0.0,0.0,0.0,0.0,0.0,0.0,0.0,0.0,0.0,0.0,0.0,0.0,0.0,0.0,0.0,0.0,0.0,0.0,0.0,0.0,0.0,0.0,0.0,0.0,0.0,0.0,0.0,0.0,0.0,0.0,0.0,0.0,0.0,0.0,0.0,0.0,0.0,0.0,0.0,0.0,0.0,0.0,0.0,0.0,0.0,0.0,0.0,0.0,0.0,0.0,0.0,0.0,0.0,0.0,0.0,0.0,0.0,0.0,0.0,0.0,0.0,0.0,0.0,0.0,0.0,0.0,0.0,0.0,0.0,0.0,0.0,0.0,0.0,0.0,0.0,0.0,0.0,0.0,0.0,0.0,0.0,0.0,0.0,0.0,0.0,0.0,0.0,0.0,0.0,0.0,0.0,0.0,0.0,0.0,0.0
213_CT_2,0.0,0.0,0.0,0.0,0.0,0.0,0.0,0.0,0.0,0.0,0.0,0.0,0.0,0.0,0.0,0.0,0.0,0.0,0.0,0.0,0.0,0.0,0.0,0.0,-0.0,0.0,0.0,0.0,0.0,0.0,0.0,0.0,0.0,0.0,0.0,0.0,0.0,0.0,0.0,0.0,0.0,0.0,0.0,0.0,0.0,0.0,0.0,0.0,0.0,0.0,0.0,0.0,0.0,0.0,0.0,0.0,0.0,0.0,0.0,0.0,0.0,0.0,0.0,0.0,0.0,0.0,0.0,0.0,0.0,0.0,0.0,0.0,0.0,0.0,0.0,0.0,0.0,0.0,0.0,0.0,0.0,0.0,0.0,0.0,0.0,0.0,0.0,0.0,0.0,0.0,0.0,0.0,0.0,0.0,0.0,0.0,0.0,0.0,0.0,0.0,0.0,0.0,0.0,0.0,0.0,0.0,0.0,0.0,0.0,0.0,0.0,0.0,0.0,0.0,0.0,0.0,0.0,0.0,0.0,0.0,0.0,0.0,0.0,0.0,0.0,0.0,0.0,0.0,0.0,0.0,0.0,0.0,0.0,0.0,0.0,0.0,0.0,0.0,0.0,0.0,0.0,0.0,0.0,0.0
215_CT_4,0.0,0.0,0.0,0.0,0.0,0.0,0.0,0.0,0.0,0.0,0.0,0.0,0.0,0.0,0.0,0.0,0.0,0.0,0.0,0.0,0.0,0.0,0.0,0.0,0.0,0.0,0.0,0.0,0.0,0.0,0.0,0.0,0.0,0.0,0.0,0.0,0.0,0.0,0.0,0.0,0.0,0.0,0.0,0.0,0.0,0.0,0.0,0.0,0.0,0.0,0.0,0.0,0.0,0.0,0.0,0.0,0.0,0.0,0.0,0.0,0.0,0.0,0.0,0.0,0.0,0.0,0.0,0.0,0.0,0.0,0.0,0.0,0.0,0.0,0.0,0.0,0.0,0.0,0.0,0.0,0.0,0.0,0.0,0.0,0.0,0.0,0.0,0.0,0.0,0.0,0.0,0.0,0.0,0.0,0.0,0.0,0.0,0.0,0.0,0.0,0.0,0.0,0.0,0.0,0.0,0.0,0.0,0.0,0.0,0.0,0.0,0.0,0.0,0.0,0.0,0.0,0.0,0.0,0.0,0.0,0.0,0.0,0.0,0.0,0.0,0.0,0.0,0.0,0.0,0.0,0.0,0.0,0.0,0.0,0.0,0.0,0.0,0.0,0.0,0.0,0.0,0.0,0.0,0.0
215_CT_5,0.0,0.0,0.0,0.0,0.0,0.0,0.0,0.0,0.0,0.0,0.0,0.0,0.0,0.0,0.0,0.0,0.0,0.0,0.0,0.0,0.0,0.0,0.0,0.0,0.0,0.0,0.0,0.0,0.0,0.0,0.0,0.0,0.0,0.0,0.0,0.0,0.0,0.0,0.0,0.0,0.0,0.0,0.0,0.0,0.0,0.0,0.0,0.0,0.0,0.0,0.0,0.0,0.0,0.0,0.0,0.0,0.0,0.0,0.0,0.0,0.0,0.0,0.0,0.0,0.0,0.0,0.0,0.0,0.0,0.0,0.0,0.0,0.0,0.0,0.0,0.0,0.0,0.0,0.0,0.0,0.0,0.0,0.0,0.0,0.0,0.0,0.0,0.0,0.0,0.0,0.0,0.0,0.0,0.0,0.0,0.0,0.0,0.0,0.0,0.0,0.0,0.0,0.0,0.0,0.0,0.0,0.0,0.0,0.0,0.0,0.0,0.0,0.0,0.0,0.0,0.0,0.0,0.0,0.0,0.0,0.0,0.0,0.0,0.0,0.0,0.0,0.0,0.0,0.0,0.0,0.0,0.0,0.0,0.0,0.0,0.0,0.0,0.0,0.0,0.0,0.0,0.0,0.0,0.0
216_STEAM_1,-0.08361828143127187,-0.093220219852165,-0.11837445255198453,-0.1739982024409325,-0.07391126338318904,-0.08131295480976986,-0.11572539690479466,-0.17735044986435972,-0.07160307659043431,-0.08356868751663121,-0.10774850482343895,-0.16000301037598574,-0.0642416583031668,-0.07164700044102462,-0.10306404867356678,-0.15876574044237382,-0.08586965834954696,-0.09192352157964373,-0.07749013367464674,-0.07465780409270908,-0.09959983940313058,-0.14985245719584195,-0.05272051532353261,-0.05811855603805339,-0.08452164536863564,-0.10576748074352155,-0.07353220991969867,-0.08688944375964204,-0.1000555461708087,-0.1198891021566506,-0.08971098975669634,-0.10221472737368194,-2.6374329409328823e-07,-2.3813707539233064e-07,-4.5209426779990736e-07,-2.5007230024003923e-07,-0.034580496848325176,-0.03459072033773691,-0.034592514704359534,-0.03459322018902827,-0.03769242127445262,-0.03769582259718919,-0.03770318304999848,-0.03769880571542673,-0.033380862839550496,-0.033385406667671425,-0.033389043894189285,-0.03338828507615325,-0.03267468993850747,-0.03268221100160584,-0.03267122618511964,-0.032675130443458114,-0.036185193434166485,-0.03618137088864722,-0.03622257116385788,-0.03619112820390997,-1.888341679134875e-07,-9.92852175751846e-08,-2.5166838235612943e-07,-1.7325461405347518e-07,-4.7863243313184256e-08,-4.3128442039908066e-08,-4.010689413913582e-08,-4.2991758457748696e-08,-5.739067521215446e-08,-5.051502838249178e-08,-7.525221601412113e-08,-4.7590663827167246e-08,-2.9008554978116052e-06,-2.609040563983367e-06,-2.973705933273507e-06,-2.7511647923295502e-06,-4.712259986189293e-06,-4.350041226341972e-06,-4.564804099771447e-06,-4.375116455829199e-06,-2.657138465670942e-06,-2.3658939553506457e-06,-2.185619089804235e-06,-2.2354203932518225e-06,-3.088221694202975e-06,-2.891880747257769e-06,-2.461808797633314e-06,-2.548331017065431e-06,-0.07185063593063845,-0.07754433242219083,-0.06891904787593928,-0.07249567964786262,-4.574350594976906e-07,-4.1544469342458257e-07,-3.1287038626537367e-07,-3.332399430095176e-07,-0.0584073588238635,-0.061230594383537756,-0.05374005911092117,-0.05147138796059674,0.0,0.0,0.0,0.0,0.0,0.0,0.0,0.0,0.0,0.0,0.0,0.0,0.0,0.0,0.0,0.0,0.0,0.0,0.0,0.0,0.0,0.0,0.0,0.0,0.0,0.0,0.0,0.0,0.0,0.0,0.0,0.0,0.0,0.0,0.0,0.0,0.0,0.0,0.0,0.0,0.0,0.0,0.0,0.0,0.0,0.0,0.0,0.0
218_CC_1,0.0,0.0,0.0,0.0,0.0,0.0,0.0,0.0,0.0,0.0,0.0,0.0,0.0,0.0,0.0,0.0,0.0,0.0,0.0,0.0,0.0,0.0,0.0,0.0,0.0,0.0,0.0,0.0,0.0,0.0,0.0,0.0,0.0,0.0,0.0,0.0,0.0,0.0,0.0,0.0,-0.03252012707726991,-0.032523285935103105,-0.03252888948495064,-0.03252569283795495,-0.045145664508899896,-0.045151775712565234,-0.04515699906678172,-0.04515581441097779,-0.045096635116506745,-0.04510768450590996,-0.04509058257162479,-0.04509658517970505,-0.04482057147028668,-0.04481634921534583,-0.04486448803664178,-0.04482782969847882,-1.8277292823665192e-07,-4.843614376248695e-08,-1.4054596484374415e-07,-1.5970099137216754e-07,-3.179388152751983e-08,-2.6099736372131588e-08,-3.961873584756859e-08,-2.990404047334877e-08,-4.07269189484083e-08,-3.5655691732472405e-08,-3.8796301726762294e-08,-3.967350677310957e-08,-2.0806105545377266e-06,-1.8112009215198732e-06,-2.2010336657427774e-06,-1.977472506605092e-06,0.0,0.0,0.0,0.0,0.0,0.0,0.0,0.0,0.0,0.0,0.0,0.0,0.0,0.0,0.0,0.0,0.0,0.0,0.0,0.0,0.0,0.0,0.0,0.0,0.0,0.0,0.0,0.0,0.0,0.0,0.0,0.0,0.0,0.0,0.0,0.0,0.0,0.0,0.0,0.0,0.0,0.0,0.0,0.0,0.0,0.0,0.0,0.0,0.0,0.0,0.0,0.0,0.0,0.0,0.0,0.0,0.0,0.0,0.0,0.0,0.0,0.0,0.0,0.0,0.0,0.0,0.0,0.0,0.0,0.0,0.0,0.0
221_CC_1,2.9421631797532655e-08,1.958694317849563e-08,1.9981976961958026e-07,2.4958486824198782e-08,4.186764405742756e-08,4.000848480173337e-08,1.2758089817566075e-07,1.3317013014517149e-08,3.996669151185017e-08,-8.479234203662145e-09,2.4943494381091114e-08,2.061013939582693e-08,3.317075060091439e-08,1.1429691973395324e-08,3.76346459564158e-07,-1.4110117638701807e-08,1.3508446417009878e-08,9.811881196419847e-09,1.7198345636515455e-07,1.1268880165420598e-08,2.5258781399806196e-07,2.9834810644224774e-07,-5.5437645585243445e-09,2.4126928376032174e-07,5.637209104086865e-09,3.5385045560332173e-08,2.1471647304593944e-07,4.3120034005058265e-08,-0.04885372432956687,-0.13377020532600997,-0.00427341895382316,-0.05776393984775483,-2.1319116766451107e-07,-5.973869843886919e-08,-3.146360102441827e-07,-1.1779843615434869e-07,-0.047709068526690435,-0.047722973749319886,-0.04772681328273887,-0.047726672200701085,-0.04546748211609202,-0.04547174087608637,-0.045480440910027786,-0.04547524053379076,-0.04323933549082454,-0.04324522803418867,-0.04325001879487039,-0.04324902024945969,-0.043691369438458416,-0.04370148761546464,-0.04368609789336503,-0.043691923657989865,-0.044711178484960534,-0.044709063628220136,-0.04474580785394444,-0.04471813976407167,-3.536867687614631e-07,1.4286241689642765e-07,-4.798316428633598e-07,-3.4352626446310495e-07,-3.285586291923437e-08,-2.8647046956820077e-08,-3.5059655179026095e-08,-3.2648975568965946e-08,-4.455591262608749e-08,-4.0060017414411675e-08,-3.2183213871661565e-08,-4.1531178126106557e-08,-2.3897625276436685e-06,-2.0357977855711695e-06,-2.374130909643668e-06,-2.245312278017122e-06,-3.5751947404794038e-06,-3.162048831217845e-06,-3.640787464842532e-06,-3.3465390864750514e-06,-2.436969420149815e-06,-1.9921918344989464e-06,-1.9682017216027248e-06,-1.8778687078245168e-06,-4.2514521497172275e-06,-3.823606728847739e-06,-3.1884965799102496e-06,-3.277417511157953e-06,-0.11744199467582839,-0.1694286085009703,-0.09061219526031072,-0.12324683166254131,-0.1879083353387779,-0.14489087729896508,-0.05319878118899314,-0.06847690990212969,-0.11579136599306972,-0.12490472862284407,-0.10257829580626185,-0.09748689820043069,0.0,0.0,0.0,0.0,0.0,0.0,0.0,0.0,0.0,0.0,0.0,0.0,0.0,0.0,0.0,0.0,0.0,0.0,0.0,0.0,0.0,0.0,0.0,0.0,0.0,0.0,0.0,0.0,0.0,0.0,0.0,0.0,0.0,0.0,0.0,0.0,0.0,0.0,0.0,0.0,0.0,0.0,0.0,0.0,0.0,0.0,0.0,0.0
223_CT_4,0.0,0.0,0.0,0.0,0.0,0.0,0.0,0.0,0.0,0.0,0.0,0.0,0.0,0.0,0.0,0.0,0.0,0.0,0.0,0.0,0.0,0.0,0.0,0.0,0.0,0.0,0.0,0.0,0.0,0.0,0.0,0.0,0.0,0.0,0.0,0.0,0.0,0.0,0.0,0.0,0.0,0.0,0.0,0.0,0.0,0.0,0.0,0.0,0.0,0.0,0.0,0.0,0.0,0.0,0.0,0.0,0.0,0.0,0.0,0.0,0.0,0.0,0.0,0.0,0.0,0.0,0.0,0.0,0.0,0.0,0.0,0.0,0.0,0.0,0.0,0.0,0.0,0.0,0.0,0.0,0.0,0.0,0.0,0.0,0.0,0.0,0.0,0.0,0.0,0.0,0.0,0.0,0.0,0.0,0.0,0.0,0.0,0.0,0.0,0.0,0.0,0.0,0.0,0.0,0.0,0.0,0.0,0.0,0.0,0.0,0.0,0.0,0.0,0.0,0.0,0.0,0.0,0.0,0.0,0.0,0.0,0.0,0.0,0.0,0.0,0.0,0.0,0.0,0.0,0.0,0.0,0.0,0.0,0.0,0.0,0.0,0.0,0.0,0.0,0.0,0.0,0.0,0.0,0.0
223_CT_5,0.0,0.0,0.0,0.0,0.0,0.0,0.0,0.0,0.0,0.0,0.0,0.0,0.0,0.0,0.0,0.0,0.0,0.0,0.0,0.0,0.0,0.0,0.0,0.0,0.0,0.0,0.0,0.0,0.0,0.0,0.0,0.0,0.0,0.0,0.0,0.0,0.0,0.0,0.0,0.0,0.0,0.0,0.0,0.0,0.0,0.0,0.0,0.0,0.0,0.0,0.0,0.0,0.0,0.0,0.0,0.0,0.0,0.0,0.0,0.0,0.0,0.0,0.0,0.0,0.0,0.0,0.0,0.0,0.0,0.0,0.0,0.0,0.0,0.0,0.0,0.0,0.0,0.0,0.0,0.0,0.0,0.0,0.0,0.0,0.0,0.0,0.0,0.0,0.0,0.0,0.0,0.0,0.0,0.0,0.0,0.0,0.0,0.0,0.0,0.0,0.0,0.0,0.0,0.0,0.0,0.0,0.0,0.0,0.0,0.0,0.0,0.0,0.0,0.0,0.0,0.0,0.0,0.0,0.0,0.0,0.0,0.0,0.0,0.0,0.0,0.0,0.0,0.0,0.0,0.0,0.0,0.0,0.0,0.0,0.0,0.0,0.0,0.0,0.0,0.0,0.0,0.0,0.0,0.0
223_CT_6,0.0,0.0,0.0,0.0,0.0,0.0,0.0,0.0,0.0,0.0,0.0,0.0,0.0,0.0,0.0,0.0,0.0,0.0,0.0,0.0,0.0,0.0,0.0,0.0,0.0,0.0,0.0,0.0,0.0,0.0,0.0,0.0,0.0,0.0,0.0,0.0,0.0,0.0,0.0,0.0,0.0,0.0,0.0,0.0,0.0,0.0,0.0,0.0,0.0,0.0,0.0,0.0,0.0,0.0,0.0,0.0,0.0,0.0,0.0,0.0,0.0,0.0,0.0,0.0,0.0,0.0,0.0,0.0,0.0,0.0,0.0,0.0,0.0,0.0,0.0,0.0,0.0,0.0,0.0,0.0,0.0,0.0,0.0,0.0,0.0,0.0,0.0,0.0,0.0,0.0,0.0,0.0,0.0,0.0,0.0,0.0,0.0,0.0,0.0,0.0,0.0,0.0,0.0,0.0,0.0,0.0,0.0,0.0,0.0,0.0,0.0,0.0,0.0,0.0,0.0,0.0,0.0,0.0,0.0,0.0,0.0,0.0,0.0,0.0,0.0,0.0,0.0,0.0,0.0,0.0,0.0,0.0,0.0,0.0,0.0,0.0,0.0,0.0,0.0,0.0,0.0,0.0,0.0,0.0
223_STEAM_1,-5.30409599746268e-06,-4.713788979386809e-06,2.2574974906872757e-06,-3.812559516694203e-06,-0.08320461984917175,-0.0832402511692415,-0.08261364214005146,-0.08186011242219746,-0.11395800963660041,-0.1173282717671649,-0.10458521222065167,-0.09457686607975296,-0.10231103976647982,-0.10226097143939022,-0.10184065906688422,-0.10113085930884569,-0.032178091452240445,-0.03349463171159166,-0.02208284088099822,-0.011126430404282645,-2.240818659023207e-06,-3.0512605463008497e-06,-9.856976366140943e-07,-6.971750303752498e-07,-0.07984004787889898,-0.11233010162553525,-0.06302765559558132,-0.0834495806084675,-0.09501850717147128,-0.1276153156362338,-0.07817607354732994,-0.09866550778832434,-0.1462019991651537,-0.14535263248500246,-0.14724677230279803,-0.14653505036356562,-0.03489687163145061,-0.0349071880543651,-0.034909001572197784,-0.03490971132097837,-0.03687100899517532,-0.03687442433311945,-0.03688172986058526,-0.03687730834405467,-0.0374259321306995,-0.037430991419199366,-0.03743568907744299,-0.037434478790869495,-0.03502613861192061,-0.03503451305486305,-0.03502178384997556,-0.03502628809385141,-0.03613960033007209,-0.03613628908623317,-0.036174849258157254,-0.036145439595787365,-0.07245918684529086,-0.045304225246343595,-0.0869065921869358,-0.0697432992441121,-0.07191229157470456,-0.06742423510243452,-0.07469515888547062,-0.07175122363863613,-0.07076421550362065,-0.06653685941234834,-0.07335542621376448,-0.07058950953448104,-0.07003767309248408,-0.06811186024385317,-0.06528833088184985,-0.06563551590623275,-0.0654932593379491,-0.06395107923681306,-0.05866840872218133,-0.0597573874903457,-0.06278609983951214,-0.05917765102450563,-0.05099383178424208,-0.052407086623097635,-0.04174447879714406,-0.04083638425978255,-0.03020040446938193,-0.03286518645886673,-0.06828783225687887,-0.07975676798504956,-0.062365376769026794,-0.06957055849951659,-9.037123669042952e-08,-7.991052351668718e-08,-5.297688966445148e-08,-6.011882440114082e-08,-6.887067214091516e-06,-7.5486514649535934e-06,-5.43743867713813e-06,-4.502201485676061e-06,0.0,0.0,0.0,0.0,0.0,0.0,0.0,0.0,0.0,0.0,0.0,0.0,0.0,0.0,0.0,0.0,0.0,0.0,0.0,0.0,0.0,0.0,0.0,0.0,0.0,0.0,0.0,0.0,0.0,0.0,0.0,0.0,0.0,0.0,0.0,0.0,0.0,0.0,0.0,0.0,0.0,0.0,0.0,0.0,0.0,0.0,0.0,0.0
223_STEAM_2,-5.136554689875113e-06,-4.422345539529896e-06,-5.894452206744792e-06,-3.5956868905341096e-06,-0.08317165114631382,-0.08320725203624316,-0.08258048171839208,-0.08182732759873576,-0.11395638094562155,-0.11732579597373213,-0.10458758716853458,-0.09458006647293161,-0.10229239012475241,-0.10224228117827933,-0.1018224016243694,-0.10111169385565809,-0.03217656181296104,-0.03349303981064777,-0.022081792926621758,-0.011125901979025694,-2.2409104526373527e-06,-3.0514017038505863e-06,-9.856081970601808e-07,-6.972008849650949e-07,-0.07984005066591293,-0.11233009885746548,-0.06302767245550456,-0.08344957972713252,-0.09501825188104027,-0.12761574281726668,-0.07817597473179747,-0.09866518857065658,-0.14620260962863424,-0.14535231309436908,-0.14724584091580672,-0.14653469928930335,-0.03540929143318752,-0.035419744343252235,-0.03542166512650757,-0.035422323747138544,-0.03639118310925285,-0.036394543518184164,-0.03640166525911637,-0.03639741490823176,-0.035545111630999215,-0.03554992938013746,-0.03555415322969191,-0.035553224740022885,-0.03721308108613458,-0.03722211204626524,-0.03720833280626756,-0.037213093764440805,-0.0363233853144998,-0.03632014264531769,-0.036358593958764285,-0.036329233976946027,-0.07342014708748239,-0.0459051229533951,-0.08805914040149837,-0.07066831216354139,-0.0719122912598349,-0.06742423502732849,-0.0746951590729481,-0.07175122384109787,-0.0707642155187032,-0.0665368594712686,-0.07335542573493814,-0.07058950954940472,-0.07003767245484328,-0.06811186023446668,-0.06528833072716675,-0.0656355158653907,-0.0654932588276989,-0.06395107857343402,-0.05866840806844529,-0.0597573868525102,-0.06278734081978213,-0.05917881959823677,-0.05099483628881696,-0.05240811990767317,-0.04132562500507768,-0.04042670948514896,-0.029897669533749636,-0.03253571154665252,-0.06828780719975033,-0.07975678661283046,-0.06236532507356792,-0.06957053316820659,-8.998801924474796e-08,-7.825372428449728e-08,-5.8911318100977054e-08,-6.139983550791536e-08,-6.631284829459602e-06,-7.401819619065108e-06,-5.139793363716202e-06,-4.433557994339201e-06,0.0,0.0,0.0,0.0,0.0,0.0,0.0,0.0,0.0,0.0,0.0,0.0,0.0,0.0,0.0,0.0,0.0,0.0,0.0,0.0,0.0,0.0,0.0,0.0,0.0,0.0,0.0,0.0,0.0,0.0,0.0,0.0,0.0,0.0,0.0,0.0,0.0,0.0,0.0,0.0,0.0,0.0,0.0,0.0,0.0,0.0,0.0,0.0
223_STEAM_3,-0.31812116009417757,-0.3747056343901968,0.10659813269472451,0.5651251851976312,-0.29308844429624537,-0.3747615012788008,0.03226411649916372,0.3345383875281558,-0.27931650133162855,-0.35124271658018913,-0.08435691157551162,0.11929771367399138,-0.35579302633756815,-0.4129582048997611,-0.0989562152840221,0.15976953742007496,-0.27678142851699666,-0.2955608011975773,-0.13217725866951024,0.024728964452938026,-0.1320596805972149,-0.25255880110646484,0.010967773005881061,0.03621391904188871,-0.16906921253560847,-0.2690387229313762,-0.11735005936467413,-0.18016739206402652,-0.20620991238009498,-0.3007419043408036,-0.15732878890554783,-0.21672886871344374,-0.32963384396166284,-0.3289010941781989,-0.3315430294821269,-0.33065106315575427,-0.048515141000868844,-0.04852940780862802,-0.04853249733738707,-0.048533011796455076,-0.04947499793840435,-0.04947976127389686,-0.049488635099961265,-0.049483506496421345,-0.04713619853748707,-0.04714259451897851,-0.047148184859024944,-0.04714687584021824,-0.04690063168501557,-0.046912013281636966,-0.046894461614026106,-0.0469006764997678,-0.046600075274499275,-0.04659571940600926,-0.04664567637300898,-0.046607647802194674,-0.2866679201009192,-0.16151754384289402,-0.35315648382047105,-0.27407895761533185,-0.1623581698017776,-0.15228296841442057,-0.16862729610802998,-0.16201483472050174,-0.15981759214022406,-0.15017317388953588,-0.16571869994486566,-0.15942372803985197,-0.15813603490999092,-0.15418562041161446,-0.14675980895321022,-0.14792084456124402,-0.14790307422232885,-0.14474185348350144,-0.13186259839133374,-0.13464965078077423,-0.14419790627143125,-0.1354854163890704,-0.11520992930495266,-0.11875972318592831,-0.1232088877275936,-0.12043785040343355,-0.08668559394247641,-0.09516646024957014,-0.15009209279849167,-0.18258161778948673,-0.13331344160921876,-0.15372199134686387,-1.5492905602876306e-07,-1.0654461035652929e-07,-6.911027661260505e-08,-4.491627721533912e-08,-0.05659300247911929,-0.06352716753051045,-0.04278323332647768,-0.03433148214828699,0.0,0.0,0.0,0.0,0.0,0.0,0.0,0.0,0.0,0.0,0.0,0.0,0.0,0.0,0.0,0.0,0.0,0.0,0.0,0.0,0.0,0.0,0.0,0.0,0.0,0.0,0.0,0.0,0.0,0.0,0.0,0.0,0.0,0.0,0.0,0.0,0.0,0.0,0.0,0.0,0.0,0.0,0.0,0.0,0.0,0.0,0.0,0.0
301_CT_1,0.0,0.0,0.0,0.0,0.0,0.0,0.0,0.0,0.0,0.0,0.0,0.0,0.0,0.0,0.0,0.0,0.0,0.0,0.0,0.0,0.0,0.0,0.0,0.0,0.0,0.0,0.0,0.0,0.0,0.0,0.0,0.0,0.0,0.0,0.0,0.0,-0.0,0.0,0.0,0.0,0.0,0.0,0.0,0.0,0.0,0.0,0.0,0.0,0.0,0.0,0.0,0.0,0.0,0.0,0.0,0.0,0.0,0.0,0.0,0.0,0.0,0.0,0.0,0.0,0.0,0.0,0.0,0.0,0.0,0.0,0.0,0.0,0.0,0.0,0.0,0.0,0.0,0.0,0.0,0.0,0.0,0.0,0.0,0.0,0.0,0.0,0.0,0.0,0.0,0.0,0.0,0.0,0.0,0.0,0.0,0.0,0.0,0.0,0.0,0.0,0.0,0.0,0.0,0.0,0.0,0.0,0.0,0.0,0.0,0.0,0.0,0.0,0.0,0.0,0.0,0.0,0.0,0.0,0.0,0.0,0.0,0.0,0.0,0.0,0.0,0.0,0.0,0.0,0.0,0.0,0.0,0.0,0.0,0.0,0.0,0.0,0.0,0.0,0.0,0.0,0.0,0.0,0.0,0.0
301_CT_2,0.0,0.0,0.0,0.0,0.0,0.0,0.0,0.0,0.0,0.0,0.0,0.0,0.0,0.0,0.0,0.0,0.0,0.0,0.0,0.0,0.0,0.0,0.0,0.0,0.0,0.0,0.0,0.0,0.0,0.0,0.0,0.0,0.0,0.0,0.0,0.0,0.0,0.0,0.0,0.0,0.0,0.0,0.0,0.0,0.0,0.0,0.0,0.0,0.0,0.0,0.0,0.0,0.0,0.0,0.0,0.0,0.0,0.0,0.0,0.0,-0.008553863711933136,-0.010373165623173898,-0.007530703468407094,-0.008711444068207688,0.0,0.0,0.0,0.0,0.0,0.0,0.0,0.0,0.0,0.0,0.0,0.0,0.0,0.0,0.0,0.0,0.0,0.0,0.0,0.0,0.0,0.0,0.0,0.0,0.0,0.0,0.0,0.0,0.0,0.0,0.0,0.0,0.0,0.0,0.0,0.0,0.0,0.0,0.0,0.0,0.0,0.0,0.0,0.0,0.0,0.0,0.0,0.0,0.0,0.0,0.0,0.0,0.0,0.0,0.0,0.0,0.0,0.0,0.0,0.0,0.0,0.0,0.0,0.0,0.0,0.0,0.0,0.0,0.0,0.0,0.0,0.0,0.0,0.0,0.0,0.0,0.0,0.0,0.0,0.0
301_CT_3,0.0,0.0,0.0,0.0,0.0,0.0,0.0,0.0,0.0,0.0,0.0,0.0,0.0,0.0,0.0,0.0,0.0,0.0,0.0,0.0,0.0,0.0,0.0,0.0,0.0,0.0,0.0,0.0,0.0,0.0,0.0,0.0,0.0,0.0,0.0,0.0,0.0,0.0,0.0,0.0,0.0,0.0,0.0,0.0,0.0,0.0,0.0,0.0,0.0,0.0,0.0,0.0,0.0,0.0,0.0,0.0,0.0,0.0,0.0,0.0,0.0,0.0,0.0,0.0,0.0,0.0,0.0,0.0,0.0,0.0,0.0,0.0,0.0,0.0,0.0,0.0,0.0,0.0,0.0,0.0,0.0,0.0,0.0,0.0,0.0,0.0,0.0,0.0,0.0,0.0,0.0,0.0,0.0,0.0,0.0,0.0,0.0,0.0,0.0,0.0,0.0,0.0,0.0,0.0,0.0,0.0,0.0,0.0,0.0,0.0,0.0,0.0,0.0,0.0,0.0,0.0,0.0,0.0,0.0,0.0,0.0,0.0,0.0,0.0,0.0,0.0,0.0,0.0,0.0,0.0,0.0,0.0,0.0,0.0,0.0,0.0,0.0,0.0,0.0,0.0,0.0,0.0,0.0,0.0
301_CT_4,0.0,0.0,0.0,0.0,0.0,0.0,0.0,0.0,0.0,0.0,0.0,0.0,0.0,0.0,0.0,0.0,0.0,0.0,0.0,0.0,0.0,0.0,0.0,0.0,0.0,0.0,0.0,0.0,0.0,0.0,0.0,0.0,0.0,0.0,0.0,0.0,0.0,0.0,0.0,0.0,0.0,0.0,0.0,0.0,0.0,0.0,0.0,0.0,0.0,0.0,0.0,0.0,0.0,0.0,0.0,0.0,0.0,0.0,0.0,0.0,0.0,0.0,0.0,0.0,0.0,0.0,0.0,0.0,0.0,0.0,0.0,0.0,0.0,0.0,0.0,0.0,0.0,0.0,0.0,0.0,0.0,0.0,0.0,0.0,0.0,0.0,0.0,0.0,0.0,0.0,0.0,0.0,0.0,0.0,0.0,0.0,0.0,0.0,0.0,0.0,0.0,0.0,0.0,0.0,0.0,0.0,0.0,0.0,0.0,0.0,0.0,0.0,0.0,0.0,0.0,0.0,0.0,0.0,0.0,0.0,0.0,0.0,0.0,0.0,0.0,0.0,0.0,0.0,0.0,0.0,0.0,0.0,0.0,0.0,0.0,0.0,0.0,0.0,0.0,0.0,0.0,0.0,0.0,0.0
302_CT_1,0.0,0.0,0.0,0.0,0.0,0.0,-5.757980758858139e-10,0.0,0.0,0.0,0.0,0.0,0.0,0.0,0.0,0.0,0.0,0.0,0.0,0.0,0.0,0.0,0.0,0.0,0.0,0.0,0.0,0.0,0.0,0.0,0.0,0.0,0.0,0.0,0.0,0.0,0.0,0.0,0.0,0.0,0.0,0.0,0.0,0.0,0.0,0.0,0.0,0.0,0.0,0.0,0.0,0.0,0.0,0.0,0.0,0.0,0.0,0.0,0.0,0.0,-0.002522587213871065,0.019696855406470818,-0.01399013596269616,-4.57265639510374e-05,0.0,0.0,0.0,0.0,0.0,0.0,0.0,0.0,0.0,0.0,0.0,0.0,0.0,0.0,0.0,0.0,0.0,0.0,0.0,0.0,0.0,0.0,0.0,0.0,0.0,0.0,0.0,0.0,0.0,0.0,0.0,0.0,0.0,0.0,0.0,0.0,0.0,0.0,0.0,0.0,0.0,0.0,0.0,0.0,0.0,0.0,0.0,0.0,0.0,0.0,0.0,0.0,0.0,0.0,0.0,0.0,0.0,0.0,0.0,0.0,0.0,0.0,0.0,0.0,0.0,0.0,0.0,0.0,0.0,0.0,0.0,0.0,0.0,0.0,0.0,0.0,0.0,0.0,0.0,0.0
302_CT_2,0.0,0.0,0.0,0.0,0.0,0.0,0.0,0.0,0.0,0.0,0.0,0.0,0.0,0.0,0.0,0.0,0.0,0.0,0.0,0.0,0.0,0.0,0.0,0.0,0.0,0.0,0.0,0.0,0.0,0.0,0.0,0.0,0.0,0.0,0.0,0.0,0.0,0.0,0.0,0.0,0.0,0.0,0.0,0.0,0.0,0.0,0.0,0.0,0.0,0.0,0.0,0.0,0.0,0.0,0.0,0.0,0.0,0.0,0.0,0.0,-0.0025213365397461465,0.01968183880581526,-0.013979834888710768,-4.667292720530122e-05,-0.005455178388563455,0.014935921893158151,-0.01595524478654187,-0.0031650493206756914,0.0,0.0,0.0,0.0,0.0,0.0,0.0,0.0,0.0,0.0,0.0,0.0,0.0,0.0,0.0,0.0,0.0,0.0,0.0,0.0,0.0,0.0,0.0,0.0,0.0,0.0,0.0,0.0,0.0,0.0,0.0,0.0,0.0,0.0,0.0,0.0,0.0,0.0,0.0,0.0,0.0,0.0,0.0,0.0,0.0,0.0,0.0,0.0,0.0,0.0,0.0,0.0,0.0,0.0,0.0,0.0,0.0,0.0,0.0,0.0,0.0,0.0,0.0,0.0,0.0,0.0,0.0,0.0,0.0,0.0,0.0,0.0,0.0,0.0,0.0,0.0
302_CT_3,0.0,0.0,0.0,0.0,0.0,0.0,0.0,0.0,0.0,0.0,0.0,0.0,0.0,0.0,0.0,0.0,0.0,0.0,0.0,0.0,0.0,0.0,0.0,0.0,0.0,0.0,0.0,0.0,0.0,0.0,0.0,0.0,0.0,0.0,0.0,0.0,0.0,0.0,0.0,0.0,0.0,0.0,0.0,0.0,0.0,0.0,0.0,0.0,0.0,0.0,0.0,0.0,0.0,0.0,0.0,0.0,0.0,0.0,0.0,0.0,0.0,0.0,0.0,0.0,0.0,0.0,0.0,0.0,0.0,0.0,0.0,0.0,0.0,0.0,0.0,0.0,0.0,0.0,0.0,0.0,0.0,0.0,0.0,0.0,0.0,0.0,0.0,0.0,0.0,0.0,0.0,0.0,0.0,0.0,0.0,0.0,0.0,0.0,0.0,0.0,0.0,0.0,0.0,0.0,0.0,0.0,0.0,0.0,0.0,0.0,0.0,0.0,0.0,0.0,0.0,0.0,0.0,0.0,0.0,0.0,0.0,0.0,0.0,0.0,0.0,0.0,0.0,0.0,0.0,0.0,0.0,0.0,0.0,0.0,0.0,0.0,0.0,0.0,0.0,0.0,0.0,0.0,0.0,0.0
302_CT_4,0.0,0.0,0.0,0.0,0.0,0.0,0.0,0.0,0.0,0.0,0.0,0.0,0.0,0.0,0.0,0.0,0.0,0.0,0.0,0.0,0.0,0.0,0.0,0.0,0.0,0.0,0.0,0.0,0.0,0.0,0.0,0.0,0.0,0.0,0.0,0.0,0.0,0.0,0.0,0.0,0.0,0.0,0.0,0.0,0.0,0.0,0.0,0.0,0.0,0.0,0.0,0.0,0.0,0.0,0.0,0.0,0.0,0.0,0.0,0.0,0.0,0.0,0.0,0.0,0.0,0.0,0.0,0.0,0.0,0.0,0.0,0.0,0.0,0.0,0.0,0.0,0.0,0.0,0.0,0.0,0.0,0.0,0.0,0.0,0.0,0.0,0.0,0.0,0.0,0.0,0.0,0.0,0.0,0.0,0.0,0.0,0.0,0.0,0.0,0.0,0.0,0.0,0.0,0.0,0.0,0.0,0.0,0.0,0.0,0.0,0.0,0.0,0.0,0.0,0.0,0.0,0.0,0.0,0.0,0.0,0.0,0.0,0.0,0.0,0.0,0.0,0.0,0.0,0.0,0.0,0.0,0.0,0.0,0.0,0.0,0.0,0.0,0.0,0.0,0.0,0.0,0.0,0.0,0.0
303_WIND_1,0.0,1.0,0.0,0.0,0.0,1.0,0.0,0.0,0.0,1.0,0.0,0.0,0.0,1.0,0.0,0.0,0.0,1.0,0.0,0.0,0.0,1.0,0.0,0.0,0.0,1.0,0.0,0.0,0.0,1.0,0.0,0.0,0.0,1.0,0.0,0.0,0.0,1.0,0.0,0.0,0.0,1.0,0.0,0.0,0.0,1.0,0.0,0.0,0.0,1.0,0.0,0.0,0.0,1.0,0.0,0.0,0.0,1.0,0.0,0.0,0.0,1.0,0.0,0.0,0.0,1.0,0.0,0.0,0.0,1.0,0.0,0.0,0.0,1.0,0.0,0.0,0.0,1.0,0.0,0.0,0.0,1.0,0.0,0.0,0.0,1.0,0.0,0.0,0.0,1.0,0.0,0.0,0.0,1.0,0.0,0.0,0.0,0.0,0.0,0.0,0.0,0.0,0.0,0.0,0.0,0.0,0.0,0.0,0.0,0.0,0.0,0.0,0.0,0.0,0.0,0.0,0.0,0.0,0.0,0.0,0.0,0.0,0.0,0.0,0.0,0.0,0.0,0.0,0.0,0.0,0.0,0.0,0.0,0.0,0.0,0.0,0.0,0.0,0.0,0.0,0.0,0.0,0.0,0.0
307_CT_1,0.0,0.0,0.0,0.0,0.0,0.0,0.0,0.0,0.0,0.0,0.0,0.0,0.0,0.0,0.0,0.0,0.0,0.0,0.0,0.0,0.0,0.0,0.0,0.0,0.0,0.0,0.0,0.0,0.0,0.0,0.0,0.0,0.0,0.0,0.0,0.0,-0.02064609284841364,-0.02065216969179771,-0.020653290902504423,-0.020653677666385463,-0.020635601506792417,-0.02063769673705479,-0.020640824009564573,-0.020639100853346297,-0.020037298139146356,-0.020040022639633115,-0.020042314594733712,-0.020041912657745128,0.03143738208612329,0.03147024052477044,0.031281950807413327,0.031417505247606135,0.03536210862847656,0.03534013250853127,0.03545698536108068,0.0353639000771852,-0.01167596542986832,0.10459034757581538,-0.07172154828613464,0.0012811170040913907,-9.848200448451191e-10,0.0,4.200979025373102e-08,-8.162586360920323e-10,-3.0457365006147726e-09,-9.220798315651279e-10,2.2279634674255275e-09,-7.3220156908121e-10,-1.1080434610386862e-08,4.466894785193887e-09,-4.459875587124424e-09,-7.29190814283649e-09,2.3426706307324224e-09,3.0466379857674852e-09,-1.2768585066445685e-08,-4.07642731522565e-09,-1.204510871096329e-08,7.359108679485537e-09,2.4158368449347073e-08,-1.623657806162116e-08,-6.045901394746006e-09,1.3911024298585181e-08,-3.810234605584929e-09,-8.031798678996889e-09,0.0,0.0,0.0,0.0,0.0,0.0,0.0,0.0,0.0,0.0,0.0,0.0,0.0,0.0,0.0,0.0,0.0,0.0,0.0,0.0,0.0,0.0,0.0,0.0,0.0,0.0,0.0,0.0,0.0,0.0,0.0,0.0,0.0,0.0,0.0,0.0,0.0,0.0,0.0,0.0,0.0,0.0,0.0,0.0,0.0,0.0,0.0,0.0,0.0,0.0,0.0,0.0,0.0,0.0,0.0,0.0,0.0,0.0,0.0,0.0
307_CT_2,0.0,0.0,0.0,0.0,0.0,0.0,0.0,0.0,0.0,0.0,0.0,0.0,0.0,0.0,0.0,0.0,0.0,0.0,0.0,0.0,0.0,0.0,0.0,0.0,0.0,0.0,0.0,0.0,0.0,0.0,0.0,0.0,0.0,0.0,0.0,0.0,0.0,0.0,0.0,0.0,0.0,0.0,0.0,0.0,0.0,0.0,0.0,0.0,0.0,0.0,0.0,0.0,0.0,0.0,0.0,0.0,0.0,0.0,0.0,0.0,-9.858250744639921e-10,0.0,-4.786228553161004e-09,-8.162586360897833e-10,-3.046741521464689e-09,-9.22079112043992e-10,2.227965769276378e-09,-7.322015690795657e-10,-1.1215909743746661e-08,4.465889837911873e-09,-4.452173118206953e-09,-7.291908142839406e-09,2.342681505050716e-09,3.0466453018884188e-09,-1.2768604102421473e-08,-4.076427315224274e-09,-1.2045109442675143e-08,7.359108243518698e-09,2.4158367052083157e-08,-1.6236578061621782e-08,-6.390571692716646e-09,1.7299899574563207e-08,-4.029966591842168e-08,-1.3089518703672986e-09,0.0,0.0,0.0,0.0,0.0,0.0,0.0,0.0,0.0,0.0,0.0,0.0,0.0,0.0,0.0,0.0,0.0,0.0,0.0,0.0,0.0,0.0,0.0,0.0,0.0,0.0,0.0,0.0,0.0,0.0,0.0,0.0,0.0,0.0,0.0,0.0,0.0,0.0,0.0,0.0,0.0,0.0,0.0,0.0,0.0,0.0,0.0,0.0,0.0,0.0,0.0,0.0,0.0,0.0,0.0,0.0,0.0,0.0,0.0,0.0
309_WIND_1,0.0,0.0,1.0,0.0,0.0,0.0,1.0,0.0,0.0,0.0,1.0,0.0,0.0,0.0,1.0,0.0,0.0,0.0,1.0,0.0,0.0,0.0,1.0,0.0,0.0,0.0,1.0,0.0,0.0,0.0,1.0,0.0,0.0,0.0,1.0,0.0,0.0,0.0,1.0,0.0,0.0,0.0,1.0,0.0,0.0,0.0,1.0,0.0,0.0,0.0,1.0,0.0,0.0,0.0,1.0,0.0,0.0,0.0,1.0,0.0,0.0,0.0,1.0,0.0,0.0,0.0,1.0,0.0,0.0,0.0,1.0,0.0,0.0,0.0,1.0,0.0,0.0,0.0,1.0,0.0,0.0,0.0,1.0,0.0,0.0,0.0,1.0,0.0,0.0,0.0,1.0,0.0,0.0,0.0,1.0,0.0,0.0,0.0,0.0,0.0,0.0,0.0,0.0,0.0,0.0,0.0,0.0,0.0,0.0,0.0,0.0,0.0,0.0,0.0,0.0,0.0,0.0,0.0,0.0,0.0,0.0,0.0,0.0,0.0,0.0,0.0,0.0,0.0,0.0,0.0,0.0,0.0,0.0,0.0,0.0,0.0,0.0,0.0,0.0,0.0,0.0,0.0,0.0,0.0
313_CC_1,-0.11488568238428076,-0.022735959845738174,-0.28962717102036084,-0.3903838987718341,-0.11591911844991476,-0.029079815824260002,-0.2918437092522943,-0.40085272048925397,-0.11377382167238614,-0.03999906540845988,-0.27401254131128994,-0.379925525563032,-0.1075531069103628,-0.036486262696953764,-0.2638288784813829,-0.36873027363495314,-0.10075017071253084,-0.04881120212447765,-0.20701984629306303,-0.27349004732704973,-0.2110266901198995,0.20769782233857081,-0.5675347660873751,-0.4789575349734955,-9.207680728984258e-09,1.1984645720275466e-08,-3.0396196670778863e-08,-1.6757279916794116e-08,-8.253607575170463e-09,-3.221263256136808e-09,-1.996051590680281e-08,-6.385542555078879e-09,-1.5369229222628178e-08,-4.632165762075147e-09,-1.9625339575668477e-08,-1.2079088685337764e-08,-0.04679151239176491,-0.04680511369007351,-0.04680915826350207,-0.04680883793593717,-0.04421551117510812,-0.04421984628519632,-0.04422741434565414,-0.04422308838055525,-0.039929019395627326,-0.03993445787100137,-0.03993864473202402,-0.03993780128595607,-0.04084845944656945,-0.040858235440810464,-0.04084318952667765,-0.040848640327626,-0.04170932345514116,-0.041705514506986126,-0.041749894855652205,-0.04171607132591197,-2.0921765653270086e-08,1.4252618418808538e-08,1.6905536256886353e-08,-2.2225263960926106e-08,-1.4903795975129697e-09,-1.3265771814374716e-09,-3.21343884834846e-09,-1.9425105492822412e-09,-1.1769042407294705e-09,-8.273307594564017e-10,-6.322411039150211e-09,-3.3524359861943746e-09,-8.694216278506545e-09,-1.0348070178523017e-09,-3.792227530607928e-08,-1.5931715382271225e-08,-1.1078828965338516e-08,-3.3891041084643803e-09,-2.0472751049993576e-08,-6.861786161007306e-09,-7.1728430539179786e-09,4.822086836029337e-10,-2.0356822156435055e-08,-1.4531142372576463e-08,-1.0028170516207524e-09,2.5624497523857315e-09,-4.531821329104217e-08,-5.388087980436502e-09,-1.1157004209394472e-08,-1.046315811770171e-09,-9.371921905199088e-09,-5.688422864646246e-09,-0.045015061576435755,-0.021709079118699792,-0.07162490821209433,-0.053067942569654414,-0.05774659102376436,0.009590257474107439,-0.1164977521124253,-0.10401610171938938,0.0,0.0,0.0,0.0,0.0,0.0,0.0,0.0,0.0,0.0,0.0,0.0,0.0,0.0,0.0,0.0,0.0,0.0,0.0,0.0,0.0,0.0,0.0,0.0,0.0,0.0,0.0,0.0,0.0,0.0,0.0,0.0,0.0,0.0,0.0,0.0,0.0,0.0,0.0,0.0,0.0,0.0,0.0,0.0,0.0,0.0,0.0,0.0
315_CT_6,0.0,0.0,0.0,0.0,0.0,0.0,0.0,0.0,0.0,0.0,0.0,0.0,0.0,0.0,0.0,0.0,0.0,0.0,0.0,0.0,0.0,0.0,0.0,0.0,0.0,0.0,0.0,0.0,0.0,0.0,0.0,0.0,0.0,0.0,0.0,0.0,0.0,0.0,0.0,0.0,0.0,0.0,0.0,0.0,0.0,0.0,0.0,0.0,-0.021012418175399096,-0.02101621194907299,-0.021014734097628354,-0.021012913734596447,-0.02108205932576458,-0.021080118420628947,-0.021101167429907433,-0.021085634936323303,-0.014783920104104373,-0.07792832596377869,0.017858529389107758,-0.021799304063515892,-0.0226746556413172,-0.029950144044125233,-0.018963282371640425,-0.023518782796794552,-0.022688268105626415,-0.028163650087719958,-0.019900663217971667,-0.02332756127944993,-0.013859701063697195,-0.03073460806142267,-0.012716449395533572,-0.021273910749203803,-0.011249635801563001,-0.029334024072731817,-0.010071924007757829,-0.019229837646715008,-0.011500997776472836,-0.026800952537910254,-0.009298172335541359,-0.017371133428596162,0.0,0.0,0.0,0.0,0.0,0.0,0.0,0.0,0.0,0.0,0.0,0.0,0.0,0.0,0.0,0.0,0.0,0.0,0.0,0.0,0.0,0.0,0.0,0.0,0.0,0.0,0.0,0.0,0.0,0.0,0.0,0.0,0.0,0.0,0.0,0.0,0.0,0.0,0.0,0.0,0.0,0.0,0.0,0.0,0.0,0.0,0.0,0.0,0.0,0.0,0.0,0.0,0.0,0.0,0.0,0.0,0.0,0.0,0.0,0.0,0.0,0.0,0.0,0.0
315_CT_7,0.0,0.0,0.0,0.0,0.0,0.0,0.0,0.0,0.0,0.0,0.0,0.0,0.0,0.0,0.0,0.0,0.0,0.0,0.0,0.0,0.0,0.0,0.0,0.0,0.0,0.0,0.0,0.0,0.0,0.0,0.0,0.0,0.0,0.0,0.0,0.0,0.0,0.0,0.0,0.0,0.0,0.0,0.0,0.0,0.0,0.0,0.0,0.0,-0.01879413127366243,-0.01879843980106064,-0.018790968181114993,-0.018794601201963298,-0.02108205932519908,-0.021080118420064735,-0.021101167429345195,-0.021085634935756672,-0.01478392010410853,-0.0779283259637984,0.017858529389108396,-0.021799304063521065,-0.022674631153332164,-0.029950225149917093,-0.018963151473405417,-0.023518748494753126,-0.022688268105636754,-0.028163650087731442,-0.019900663217981646,-0.023327561279459116,-0.013859701063694451,-0.030734608061412,-0.012716449395552484,-0.021273910749202735,-0.011249456148454361,-0.029334062010184625,-0.010071908638061441,-0.01922985120701941,-0.0115009975773026,-0.02680095008826018,-0.009298179861786472,-0.0173711353808581,0.0,0.0,0.0,0.0,0.0,0.0,0.0,0.0,0.0,0.0,0.0,0.0,0.0,0.0,0.0,0.0,0.0,0.0,0.0,0.0,0.0,0.0,0.0,0.0,0.0,0.0,0.0,0.0,0.0,0.0,0.0,0.0,0.0,0.0,0.0,0.0,0.0,0.0,0.0,0.0,0.0,0.0,0.0,0.0,0.0,0.0,0.0,0.0,0.0,0.0,0.0,0.0,0.0,0.0,0.0,0.0,0.0,0.0,0.0,0.0,0.0,0.0,0.0,0.0
315_CT_8,0.0,0.0,0.0,0.0,0.0,0.0,0.0,0.0,0.0,0.0,0.0,0.0,0.0,0.0,0.0,0.0,0.0,0.0,0.0,0.0,0.0,0.0,0.0,0.0,0.0,0.0,0.0,0.0,0.0,0.0,0.0,0.0,0.0,0.0,0.0,0.0,0.0,0.0,0.0,0.0,0.0,0.0,0.0,0.0,0.0,0.0,0.0,0.0,-0.020907761736401194,-0.020911862147127838,-0.02090942639154848,-0.020908197002123277,-0.020902274340604477,-0.02090016955804021,-0.020922500548981697,-0.02090601710480789,-0.014783920104106868,-0.07792832596378968,0.017858529389106398,-0.02179930406351862,-0.022674655641329502,-0.029950144044127932,-0.018963282371652658,-0.023518782796801148,-0.022688268105628934,-0.028163650087721728,-0.01990066321797483,-0.02332756127945108,-0.013859701063695159,-0.03073460806141355,-0.012716449395553112,-0.021273910749203803,-0.011249444367937157,-0.02933406082933761,-0.010071917460548075,-0.01922985499978428,-0.011500997577302122,-0.026800950088259133,-0.009298179861786132,-0.017371135380857414,-0.007476846168172827,-0.023408742915052176,-0.005289319577227697,-0.013666626689222375,0.0,0.0,0.0,0.0,0.0,0.0,0.0,0.0,0.0,0.0,0.0,0.0,0.0,0.0,0.0,0.0,0.0,0.0,0.0,0.0,0.0,0.0,0.0,0.0,0.0,0.0,0.0,0.0,0.0,0.0,0.0,0.0,0.0,0.0,0.0,0.0,0.0,0.0,0.0,0.0,0.0,0.0,0.0,0.0,0.0,0.0,0.0,0.0,0.0,0.0,0.0,0.0,0.0,0.0,0.0,0.0,0.0,0.0,0.0,0.0
315_STEAM_1,0.0,0.0,0.0,0.0,0.0,0.0,0.0,0.0,0.0,0.0,0.0,0.0,0.0,0.0,0.0,0.0,0.0,0.0,0.0,0.0,0.0,0.0,0.0,0.0,0.0,0.0,0.0,0.0,0.0,0.0,0.0,0.0,0.0,0.0,0.0,0.0,0.0,0.0,0.0,0.0,0.0,0.0,0.0,0.0,0.0,0.0,0.0,0.0,0.0,0.0,0.0,0.0,0.0,0.0,0.0,0.0,0.0,0.0,0.0,0.0,0.0,0.0,0.0,0.0,0.0,0.0,0.0,0.0,0.0,0.0,0.0,0.0,0.0,0.0,0.0,0.0,0.0,0.0,0.0,0.0,0.0,0.0,0.0,0.0,0.0,0.0,0.0,0.0,0.0,0.0,0.0,0.0,0.0,0.0,0.0,0.0,0.0,0.0,0.0,0.0,0.0,0.0,0.0,0.0,0.0,0.0,0.0,0.0,0.0,0.0,0.0,0.0,0.0,0.0,0.0,0.0,0.0,0.0,0.0,0.0,0.0,0.0,0.0,0.0,0.0,0.0,0.0,0.0,0.0,0.0,0.0,0.0,0.0,0.0,0.0,0.0,0.0,0.0,0.0,0.0,0.0,0.0,0.0,0.0
315_STEAM_2,0.0,0.0,0.0,0.0,0.0,0.0,0.0,0.0,0.0,0.0,0.0,0.0,0.0,0.0,0.0,0.0,0.0,0.0,0.0,0.0,0.0,0.0,0.0,0.0,0.0,0.0,0.0,0.0,0.0,0.0,0.0,0.0,0.0,0.0,0.0,0.0,0.0,0.0,0.0,0.0,0.0,0.0,0.0,0.0,0.0,0.0,0.0,0.0,0.0,0.0,0.0,0.0,0.0,0.0,0.0,0.0,3.3852739142664255e-08,3.445975537589481e-08,1.694457933243702e-08,3.546534388464721e-08,-0.0005610255300885254,-0.01120792183278845,0.004908806607200678,-0.0017666700863298134,-0.0016745943476618515,-0.009003617780475577,0.002090165661376993,-0.0025063945907700925,2.4694640806947e-09,7.308230639286654e-09,-5.965015261507909e-10,8.922049448952403e-09,0.0,0.0,0.0,0.0,0.0,0.0,0.0,0.0,0.0,0.0,0.0,0.0,0.0,0.0,0.0,0.0,0.0,0.0,0.0,0.0,0.0,0.0,0.0,0.0,0.0,0.0,0.0,0.0,0.0,0.0,0.0,0.0,0.0,0.0,0.0,0.0,0.0,0.0,0.0,0.0,0.0,0.0,0.0,0.0,0.0,0.0,0.0,0.0,0.0,0.0,0.0,0.0,0.0,0.0,0.0,0.0,0.0,0.0,0.0,0.0,0.0,0.0,0.0,0.0,0.0,0.0,0.0,0.0,0.0,0.0,0.0,0.0
315_STEAM_3,0.0,0.0,0.0,0.0,0.0,0.0,0.0,0.0,0.0,0.0,0.0,0.0,0.0,0.0,0.0,0.0,0.0,0.0,0.0,0.0,0.0,0.0,0.0,0.0,0.0,0.0,0.0,0.0,0.0,0.0,0.0,0.0,0.0,0.0,0.0,0.0,0.0,0.0,0.0,0.0,0.0,0.0,0.0,0.0,0.0,0.0,0.0,0.0,0.0,0.0,0.0,0.0,0.0,0.0,0.0,0.0,0.0,0.0,0.0,0.0,0.0,0.0,0.0,0.0,0.0,0.0,0.0,0.0,0.0,0.0,0.0,0.0,0.0,0.0,0.0,0.0,0.0,0.0,0.0,0.0,0.0,0.0,0.0,0.0,0.0,0.0,0.0,0.0,0.0,0.0,0.0,0.0,0.0,0.0,0.0,0.0,0.0,0.0,0.0,0.0,0.0,0.0,0.0,0.0,0.0,0.0,0.0,0.0,0.0,0.0,0.0,0.0,0.0,0.0,0.0,0.0,0.0,0.0,0.0,0.0,0.0,0.0,0.0,0.0,0.0,0.0,0.0,0.0,0.0,0.0,0.0,0.0,0.0,0.0,0.0,0.0,0.0,0.0,0.0,0.0,0.0,0.0,0.0,0.0
315_STEAM_4,0.0,0.0,0.0,0.0,0.0,0.0,0.0,0.0,0.0,0.0,0.0,0.0,0.0,0.0,0.0,0.0,0.0,0.0,0.0,0.0,0.0,0.0,0.0,0.0,0.0,0.0,0.0,0.0,0.0,0.0,0.0,0.0,0.0,0.0,0.0,0.0,0.0,0.0,0.0,0.0,0.0,0.0,0.0,0.0,0.0,0.0,0.0,0.0,0.0,0.0,0.0,0.0,0.0,0.0,0.0,0.0,0.0,0.0,0.0,0.0,0.0,0.0,0.0,0.0,0.0,0.0,0.0,0.0,0.0,0.0,0.0,0.0,0.0,0.0,0.0,0.0,0.0,0.0,0.0,0.0,0.0,0.0,0.0,0.0,0.0,0.0,0.0,0.0,0.0,0.0,0.0,0.0,0.0,0.0,0.0,0.0,0.0,0.0,0.0,0.0,0.0,0.0,0.0,0.0,0.0,0.0,0.0,0.0,0.0,0.0,0.0,0.0,0.0,0.0,0.0,0.0,0.0,0.0,0.0,0.0,0.0,0.0,0.0,0.0,0.0,0.0,0.0,0.0,0.0,0.0,0.0,0.0,0.0,0.0,0.0,0.0,0.0,0.0,0.0,0.0,0.0,0.0,0.0,0.0
315_STEAM_5,0.0,0.0,0.0,0.0,0.0,0.0,0.0,0.0,0.0,0.0,0.0,0.0,0.0,0.0,0.0,0.0,0.0,0.0,0.0,0.0,0.0,0.0,0.0,0.0,0.0,0.0,0.0,0.0,0.0,0.0,0.0,0.0,0.0,0.0,0.0,0.0,0.0,0.0,0.0,0.0,0.0,0.0,0.0,0.0,0.0,0.0,0.0,0.0,0.0,0.0,0.0,0.0,0.0,0.0,0.0,0.0,0.0,0.0,0.0,0.0,0.0,0.0,0.0,0.0,0.0,0.0,0.0,0.0,0.0,0.0,0.0,0.0,0.0,0.0,0.0,0.0,0.0,0.0,0.0,0.0,0.0,0.0,0.0,0.0,0.0,0.0,0.0,0.0,0.0,0.0,0.0,0.0,0.0,0.0,0.0,0.0,0.0,0.0,0.0,0.0,0.0,0.0,0.0,0.0,0.0,0.0,0.0,0.0,0.0,0.0,0.0,0.0,0.0,0.0,0.0,0.0,0.0,0.0,0.0,0.0,0.0,0.0,0.0,0.0,0.0,0.0,0.0,0.0,0.0,0.0,0.0,0.0,0.0,0.0,0.0,0.0,0.0,0.0,0.0,0.0,0.0,0.0,0.0,0.0
316_STEAM_1,-1.2832933160566995e-08,-2.816752808776357e-08,-5.5850523317246825e-08,-5.7716554563740704e-08,-1.5281119980503632e-08,-2.0695789637592554e-08,6.125312257410087e-08,-6.334627708373706e-08,-2.1834874741610832e-08,-2.0911242737398084e-08,-1.1681722744683043e-07,-5.32954099939901e-08,-1.8684707139682798e-08,-1.6226866559053115e-08,-4.310627590428406e-08,-4.7869633653117794e-08,-5.73085667734326e-08,-1.5491671921306182e-07,-1.4453455337623836e-07,-2.8769473745699496e-07,-4.708576534229181e-08,-2.618482158878166e-07,-2.016121403158877e-07,-3.6681524382858155e-07,-0.05574634377749754,-0.14410166998437712,-0.010038468968111225,-0.06553276681090482,-0.07640451883670965,-0.1545770696613593,-0.03570048671413151,-0.08487663561606301,-0.13230031834910802,-0.16604968415838212,-0.11510855838666295,-0.13623903109398883,-0.03630224574358306,-0.036312989749262836,-0.0363147339795723,-0.03631559223355456,-0.03531907203167736,-0.035322516852180234,-0.03532863278060659,-0.03532512477100251,-0.036693472487267315,-0.036698400321470204,-0.03670357515484346,-0.0367020426598588,-0.03398560031010617,-0.03399362757647717,-0.03398132181015079,-0.0339858739453476,-0.0360612003849059,-0.03605657065266388,-0.03610197328336007,-0.03606720467970256,-0.12009890396462782,-0.08737934972981887,-0.13710048626107219,-0.11652875515827553,-0.07048088639041766,-0.07102256059620554,-0.07032181625619856,-0.07062821918162634,-0.06958812618498911,-0.06923353379420508,-0.06987704664317773,-0.069626230545016,-0.05412129909745511,-0.07204650128510842,-0.0615865939949829,-0.06834093696630392,-0.04621553136126866,-0.0691527977523162,-0.052304648634629684,-0.061880326103757134,-0.04431608858310576,-0.06402044098645487,-0.047246024007047804,-0.056093311505827734,-0.03244970700834035,-0.05772463687038726,-0.035148772251492044,-0.04677829632708901,-0.057590173259240755,-0.08598983565360871,-0.04290718516005865,-0.060745459045882695,-0.03572710399931509,-0.06644399449144861,-0.03806017313673164,-0.052447905677964674,-0.024108119721064858,-0.052742406591142516,-0.025471779177886233,-0.06366158159838595,0.0,0.0,0.0,0.0,0.0,0.0,0.0,0.0,0.0,0.0,0.0,0.0,0.0,0.0,0.0,0.0,0.0,0.0,0.0,0.0,0.0,0.0,0.0,0.0,0.0,0.0,0.0,0.0,0.0,0.0,0.0,0.0,0.0,0.0,0.0,0.0,0.0,0.0,0.0,0.0,0.0,0.0,0.0,0.0,0.0,0.0,0.0,0.0
317_WIND_1,0.0,0.0,0.0,1.0,0.0,0.0,0.0,1.0,0.0,0.0,0.0,1.0,0.0,0.0,0.0,1.0,0.0,0.0,0.0,1.0,0.0,0.0,0.0,1.0,0.0,0.0,0.0,1.0,0.0,0.0,0.0,1.0,0.0,0.0,0.0,1.0,0.0,0.0,0.0,1.0,0.0,0.0,0.0,1.0,0.0,0.0,0.0,1.0,0.0,0.0,0.0,1.0,0.0,0.0,0.0,1.0,0.0,0.0,0.0,1.0,0.0,0.0,0.0,1.0,0.0,0.0,0.0,1.0,0.0,0.0,0.0,1.0,0.0,0.0,0.0,1.0,0.0,0.0,0.0,1.0,0.0,0.0,0.0,1.0,0.0,0.0,0.0,1.0,0.0,0.0,0.0,1.0,0.0,0.0,0.0,1.0,0.0,0.0,0.0,0.0,0.0,0.0,0.0,0.0,0.0,0.0,0.0,0.0,0.0,0.0,0.0,0.0,0.0,0.0,0.0,0.0,0.0,0.0,0.0,0.0,0.0,0.0,0.0,0.0,0.0,0.0,0.0,0.0,0.0,0.0,0.0,0.0,0.0,0.0,0.0,0.0,0.0,0.0,0.0,0.0,0.0,0.0,0.0,0.0
318_CC_1,0.0,0.0,0.0,0.0,0.0,0.0,0.0,0.0,0.0,0.0,0.0,0.0,0.0,0.0,0.0,0.0,0.0,0.0,0.0,0.0,0.0,0.0,0.0,0.0,0.0,0.0,0.0,0.0,0.0,0.0,0.0,0.0,0.0,0.0,0.0,0.0,0.0,0.0,0.0,0.0,0.0,0.0,0.0,0.0,-0.03095405481499668,-0.030958274260050635,-0.0309614033283952,-0.0309608068671359,-0.046001379739639026,-0.04600971547591853,-0.04599902456073606,-0.046003492886584625,-0.050708372827395154,-0.05071170765355424,-0.05072383480133435,-0.050715187587459985,-0.18340937070045313,-0.2826837521640612,-0.13270301591559283,-0.19488003592916944,-0.13471896456033677,-0.152794928464436,-0.12575097442815864,-0.13700058130440315,-0.13388217702532287,-0.14623919460802637,-0.1278200618194414,-0.13549296496883564,-0.08572799171809155,-0.1582519078705748,-0.09802482471194703,-0.13016914697838744,-0.06901033597704198,-0.15213497851967261,-0.07966925736353625,-0.11743675511381055,-0.06988138453667359,-0.13984299293132463,-0.07229019706842799,-0.1058481410235023,-0.04686445014272511,-0.1242383584984888,-0.04829604829585232,-0.08573491563970473,0.010656065475654168,-0.11558386615615199,0.07596779088832202,-0.0033242153583691978,-0.02986572217899887,-0.14518762183524855,-0.031082366969308408,-0.08713063184725663,0.02148873909528337,-0.055576337096593154,0.18956593824422896,0.3014256003271744,0.0,0.0,0.0,0.0,0.0,0.0,0.0,0.0,0.0,0.0,0.0,0.0,0.0,0.0,0.0,0.0,0.0,0.0,0.0,0.0,0.0,0.0,0.0,0.0,0.0,0.0,0.0,0.0,0.0,0.0,0.0,0.0,0.0,0.0,0.0,0.0,0.0,0.0,0.0,0.0,0.0,0.0,0.0,0.0,0.0,0.0,0.0,0.0
321_CC_1,0.0,0.0,0.0,0.0,0.0,0.0,0.0,0.0,0.0,0.0,0.0,0.0,0.0,0.0,0.0,0.0,0.0,0.0,0.0,0.0,0.0,0.0,0.0,0.0,0.0,0.0,0.0,0.0,0.0,0.0,0.0,0.0,-0.06793441152853502,-0.19215865961313747,-0.003980521554053571,-0.08196067948114168,-0.04795612341969659,-0.04797024639361158,-0.04797306633799181,-0.04797376908558618,-0.04464275659408412,-0.044646937450433244,-0.04465526457217095,-0.044650358717891726,-0.04132896210047254,-0.04133459346969195,-0.0413388757656256,-0.04133803419897266,-0.04277592435346089,-0.042786016746137356,-0.04277116766939493,-0.04277629411171341,-0.04733233609179266,-0.04733447233686272,-0.04735067518319713,-0.04733886673137497,-0.18006639667257812,-0.28880292499176646,-0.12419669054327577,-0.1923981204746104,-0.13267241420651482,-0.1570055086311229,-0.12042657654869604,-0.13561800987993716,-0.1319962748338891,-0.149664254354812,-0.12315163069982082,-0.13416989002552118,-0.09129931852568066,-0.15901666931498354,-0.09589425320731418,-0.12776293763485166,-0.07566810075058994,-0.15213313686921548,-0.07874189850189106,-0.11529834885427838,-0.07435831781241609,-0.1397760110957632,-0.07172531924909453,-0.10441745454806577,-0.05091796493257855,-0.12424714634820949,-0.04753702749305799,-0.08429512780390974,-0.025658085021277977,-0.08373230020889799,0.004385816868462289,-0.032092507521843734,0.0,0.0,0.0,0.0,0.0,0.0,0.0,0.0,0.0,0.0,0.0,0.0,0.0,0.0,0.0,0.0,0.0,0.0,0.0,0.0,0.0,0.0,0.0,0.0,0.0,0.0,0.0,0.0,0.0,0.0,0.0,0.0,0.0,0.0,0.0,0.0,0.0,0.0,0.0,0.0,0.0,0.0,0.0,0.0,0.0,0.0,0.0,0.0,0.0,0.0,0.0,0.0,0.0,0.0,0.0,0.0
322_CT_5,0.0,0.0,0.0,0.0,0.0,0.0,0.0,0.0,0.0,0.0,0.0,0.0,0.0,0.0,0.0,0.0,0.0,0.0,0.0,0.0,0.0,0.0,0.0,0.0,0.0,0.0,0.0,0.0,0.0,0.0,0.0,0.0,0.0,0.0,0.0,0.0,0.0,0.0,0.0,0.0,0.0,0.0,0.0,0.0,0.0,0.0,0.0,0.0,0.0,0.0,0.0,0.0,-0.021383986894493806,-0.021382795850113878,-0.021401507017453802,-0.021387336349459413,-0.03489868237366927,-0.04648041423308653,-0.02897529758378389,-0.03623076156838401,-0.023948533265881488,-0.0274333769556095,-0.022206262482884695,-0.024378357970101648,-0.023789924975266538,-0.02625942509795188,-0.022564159438872834,-0.024101705182935196,-0.01679865743844726,-0.027802102910745613,-0.01810624461743643,-0.023133764667727725,-0.013977463025267436,-0.026623990336832437,-0.014964191103112645,-0.020881224133123228,-0.013672756803764119,-0.02449687899833332,-0.013597781437469036,-0.018910325115397624,-0.009468282894075988,-0.02185345933013752,-0.00925056936298213,-0.015363841095863261,0.0,0.0,0.0,0.0,0.0,0.0,0.0,0.0,0.0,0.0,0.0,0.0,0.0,0.0,0.0,0.0,0.0,0.0,0.0,0.0,0.0,0.0,0.0,0.0,0.0,0.0,0.0,0.0,0.0,0.0,0.0,0.0,0.0,0.0,0.0,0.0,0.0,0.0,0.0,0.0,0.0,0.0,0.0,0.0,0.0,0.0,0.0,0.0,0.0,0.0,0.0,0.0,0.0,0.0,0.0,0.0,0.0,0.0,0.0,0.0
322_CT_6,0.0,0.0,0.0,0.0,0.0,0.0,0.0,0.0,0.0,0.0,0.0,0.0,0.0,0.0,0.0,0.0,0.0,0.0,0.0,0.0,0.0,0.0,0.0,0.0,0.0,0.0,0.0,0.0,0.0,0.0,0.0,0.0,0.0,0.0,0.0,0.0,0.0,0.0,0.0,0.0,0.0,0.0,0.0,0.0,0.0,0.0,0.0,0.0,-0.01948988668802777,-0.01949438661145747,-0.0194874396136151,-0.01949012119162524,-0.02103193924080123,-0.021030693753542846,-0.0210492964978949,-0.02103523597319022,-0.03489700038102828,-0.046484201318730094,-0.028968450690581706,-0.03622923837548964,-0.023948533265849715,-0.027433376955572523,-0.022206262482850472,-0.02437835797006734,-0.023789943119831305,-0.02625946950855635,-0.02256426714849987,-0.024101644870686504,0.0,0.0,0.0,0.0,0.0,0.0,0.0,0.0,0.0,0.0,0.0,0.0,0.0,0.0,0.0,0.0,0.0,0.0,0.0,0.0,0.0,0.0,0.0,0.0,0.0,0.0,0.0,0.0,0.0,0.0,0.0,0.0,0.0,0.0,0.0,0.0,0.0,0.0,0.0,0.0,0.0,0.0,0.0,0.0,0.0,0.0,0.0,0.0,0.0,0.0,0.0,0.0,0.0,0.0,0.0,0.0,0.0,0.0,0.0,0.0,0.0,0.0,0.0,0.0,0.0,0.0,0.0,0.0,0.0,0.0,0.0,0.0,0.0,0.0,0.0,0.0
323_CC_1,8.741504483369983e-09,-6.253678510880435e-09,-1.7489831643113248e-08,-9.088826315944946e-09,5.480538030562149e-09,-1.2941876993018607e-08,7.167141260684652e-08,-1.0264088723413981e-08,-2.1849676953848234e-10,-1.0344364100824836e-08,5.173674223688337e-08,-7.57884755919387e-09,1.3579593041910155e-09,-2.6785941600292548e-09,-6.711861546928067e-08,-1.5394213575336846e-09,-1.1447979783242894e-09,-6.232295670777915e-09,1.1359034130217735e-08,4.125020262570553e-10,3.620733045547048e-08,8.646595456139585e-09,2.3540157676040602e-07,-1.8410435834085004e-08,0.10726500825320384,0.29120562526776195,0.011955290684753983,0.12761705605147444,0.024962798327501805,0.272827740525452,-0.10166634087777701,0.05366837731730892,-0.007298569661665944,0.07252422714038313,-0.048483853670919314,0.001593717720087879,-0.04412856910390994,-0.04414160930121591,-0.044143927007370465,-0.044144809798595044,-0.04342418923764202,-0.043428364220907456,-0.043436255823740666,-0.04343161341568618,-0.043426341995812245,-0.04343225950332241,-0.04343701069149253,-0.04343610054233088,-0.013602281866674905,-0.06571929499924604,-0.07772748376249478,0.044312699905838346,0.004120286712025245,0.048909170567634774,-0.48726570164613925,0.012008695797255806,-1.0755098049434656e-06,3.4234345013426856e-06,-3.662430088483352e-06,-4.7341883275252494e-07,-4.7231826489691185e-09,-3.401973766538696e-09,-3.530228607920112e-09,-4.27012672924495e-09,-6.081654737422406e-09,-3.33643457706582e-09,-1.536742040323672e-08,-5.44064901760856e-09,-0.06185698576420777,-0.02570746638124454,-0.10702057622478689,-0.07719544311225089,-0.12698751575614028,-0.06185890460412392,-0.23115444168809973,-0.1712757425846486,-0.12567125586823663,-0.06678624430136043,-0.19878024556920915,-0.1503178895646488,-0.109265193483644,-0.0535027681952695,-0.20041299471024848,-0.14861324604770648,0.00906141357949386,0.2169272541770794,-0.09856983635934846,0.032033569878124966,-0.08348605523918418,-0.07230550414322101,-0.20281197776953852,-0.16521574859831287,-0.029131715350759625,-0.005405012582474395,-0.08499288583125691,-0.12447892040255082,0.0,0.0,0.0,0.0,0.0,0.0,0.0,0.0,0.0,0.0,0.0,0.0,0.0,0.0,0.0,0.0,0.0,0.0,0.0,0.0,0.0,0.0,0.0,0.0,0.0,0.0,0.0,0.0,0.0,0.0,0.0,0.0,0.0,0.0,0.0,0.0,0.0,0.0,0.0,0.0,0.0,0.0,0.0,0.0,0.0,0.0,0.0,0.0
323_CC_2,6.081167495350354e-09,-2.2880294966896015e-09,-2.0365034265457652e-08,-5.362455662083857e-09,-1.425926758831137e-09,-1.1587834934573148e-08,8.774105772839412e-08,-2.880608564477591e-09,-3.057003147494908e-09,-3.79919379613827e-09,3.628158550053243e-08,-1.250638257968633e-09,5.000038601745925e-09,-1.3049223843742876e-09,-1.0112391259458937e-08,-8.930715686289904e-09,-8.101745872264534e-10,-6.242128428231269e-09,1.1368418678406358e-08,4.296884318810991e-10,2.9626477283142878e-08,-3.3448800935557313e-10,8.03822436655573e-08,-1.736147728177528e-08,0.10726501024223263,0.29120562510230497,0.011955371365684031,0.12761704470627946,0.024353394347767593,0.2661756921228646,-0.09918108177838061,0.052363377713192015,-0.005999681114175126,0.059624964596889166,-0.039877085672306994,0.0013127139499559926,-0.04678529234640371,-0.04679898590298498,-0.04680249832814254,-0.04680252248577165,-0.04491454374470438,-0.044918653961806054,-0.04492787820140354,-0.04492217809060621,-0.04325171264865646,-0.043257610861850315,-0.04326232542003616,-0.04326139826282051,-0.01577996183273278,0.036288122838629366,0.04817294449181464,-0.0739517660279133,-0.020528663269022647,-0.06559689748817613,0.4713704284085284,-0.028551306736370338,-1.619919958667125e-06,4.675250461311405e-06,-3.5646023120494414e-06,-1.5322978620065064e-07,-4.849669861717284e-09,-3.3932266358265576e-09,-3.0845418625081996e-09,-4.4127581857997054e-09,-6.0905131056828574e-09,-3.410316691705514e-09,-1.5307277711670807e-08,-5.277568692104158e-09,-0.06311924864257812,-0.026231129037030107,-0.10920439790118344,-0.07876974833734991,-0.1269873073855772,-0.06185896429817953,-0.23115438401133548,-0.17127577426897886,-0.12567000080033314,-0.06678818536410586,-0.19877380839609304,-0.15031769885768034,-0.10926541547621926,-0.053502124996791384,-0.20041409176225677,-0.14861384229822538,0.009076008830774307,0.21692711414136143,-0.09856653749446698,0.03203560726911294,-0.08346056947205349,-0.07228709068760908,-0.20273837673417128,-0.1651622248735044,-0.030337458651632565,-0.005628628367709683,-0.08851066036656291,-0.12963176860949746,0.0,0.0,0.0,0.0,0.0,0.0,0.0,0.0,0.0,0.0,0.0,0.0,0.0,0.0,0.0,0.0,0.0,0.0,0.0,0.0,0.0,0.0,0.0,0.0,0.0,0.0,0.0,0.0,0.0,0.0,0.0,0.0,0.0,0.0,0.0,0.0,0.0,0.0,0.0,0.0,0.0,0.0,0.0,0.0,0.0,0.0,0.0,0.0
