line,period,flow_nominal,margin_rho_norm,worst_case_abs_flow,Fmax,loading_nominal_pct,loading_worst_case_pct,binding
A1,2020-07-15 00:00:00,175.0,0.0,175.0,175.0,100.0,100.0,True
A1,2020-07-15 01:00:00,175.0,0.0,175.0,175.0,100.0,100.0,True
A1,2020-07-15 02:00:00,175.0,0.0,175.0,175.0,100.0,100.0,True
A1,2020-07-15 03:00:00,175.0,0.0,175.0,175.0,100.0,100.0,True
A1,2020-07-15 04:00:00,175.0,0.0,175.0,175.0,100.0,100.0,True
A1,2020-07-15 05:00:00,175.0,0.0,175.0,175.0,100.0,100.0,True
A1,2020-07-15 06:00:00,175.0,0.0,175.0,175.0,100.0,100.0,True
A1,2020-07-15 07:00:00,175.0,0.0,175.0,175.0,100.0,100.0,True
A1,2020-07-15 08:00:00,175.0,0.0,175.0,175.0,100.0,100.0,True
A1,2020-07-15 09:00:00,175.0,0.0,175.0,175.0,100.0,100.0,True
A1,2020-07-15 10:00:00,175.0,0.0,175.0,175.0,100.0,100.0,True
A1,2020-07-15 11:00:00,175.0,0.0,175.0,175.0,100.0,100.0,True
A1,2020-07-15 12:00:00,175.0,0.0,175.0,175.0,100.0,100.0,True
A1,2020-07-15 13:00:00,175.0,0.0,175.0,175.0,100.0,100.0,True
A1,2020-07-15 14:00:00,175.0,0.0,175.0,175.0,100.0,100.0,True
A1,2020-07-15 15:00:00,173.4,0.0,173.4,175.0,99.1,99.1,False
A1,2020-07-15 16:00:00,175.0,0.0,175.0,175.0,100.0,100.0,True
A1,2020-07-15 17:00:00,175.0,0.0,175.0,175.0,100.0,100.0,True
A1,2020-07-15 18:00:00,175.0,0.0,175.0,175.0,100.0,100.0,True
A1,2020-07-15 19:00:00,175.0,0.0,175.0,175.0,100.0,100.0,True
A1,2020-07-15 20:00:00,175.0,0.0,175.0,175.0,100.0,100.0,True
A1,2020-07-15 21:00:00,175.0,0.0,175.0,175.0,100.0,100.0,True
A1,2020-07-15 22:00:00,175.0,0.0,175.0,175.0,100.0,100.0,True
A1,2020-07-15 23:00:00,175.0,0.0,175.0,175.0,100.0,100.0,True
A1,2020-07-16 00:00:00,175.0,0.0,175.0,175.0,100.0,100.0,True
A1,2020-07-16 02:00:00,93.83,0.0,93.83,175.0,53.6,53.6,False
A1,2020-07-16 04:00:00,175.0,0.0,175.0,175.0,100.0,100.0,True
A1,2020-07-16 06:00:00,158.31,0.0,158.31,175.0,90.5,90.5,False
A1,2020-07-16 08:00:00,167.87,0.0,167.87,175.0,95.9,95.9,False
A1,2020-07-16 10:00:00,175.0,0.0,175.0,175.0,100.0,100.0,True
A1,2020-07-16 12:00:00,175.0,0.0,175.0,175.0,100.0,100.0,True
A1,2020-07-16 14:00:00,175.0,0.0,175.0,175.0,100.0,100.0,True
A1,2020-07-16 16:00:00,175.0,0.0,175.0,175.0,100.0,100.0,True
A1,2020-07-16 18:00:00,175.0,0.0,175.0,175.0,100.0,100.0,True
A1,2020-07-16 20:00:00,170.31,0.0,170.31,175.0,97.3,97.3,False
A1,2020-07-16 22:00:00,139.64,0.0,139.64,175.0,79.8,79.8,False
A2,2020-07-15 00:00:00,96.04,0.0,96.04,175.0,54.9,54.9,False
A2,2020-07-15 01:00:00,63.95,0.0,63.95,175.0,36.5,36.5,False
A2,2020-07-15 02:00:00,93.63,0.0,93.63,175.0,53.5,53.5,False
A2,2020-07-15 03:00:00,94.68,0.0,94.68,175.0,54.1,54.1,False
A2,2020-07-15 04:00:00,113.65,0.0,113.65,175.0,64.9,64.9,False
A2,2020-07-15 05:00:00,111.58,0.0,111.58,175.0,63.8,63.8,False
A2,2020-07-15 06:00:00,117.82,0.0,117.82,175.0,67.3,67.3,False
A2,2020-07-15 07:00:00,119.77,0.0,119.77,175.0,68.4,68.4,False
A2,2020-07-15 08:00:00,107.07,0.0,107.07,175.0,61.2,61.2,False
A2,2020-07-15 09:00:00,111.14,0.0,111.14,175.0,63.5,63.5,False
A2,2020-07-15 10:00:00,110.78,0.0,110.78,175.0,63.3,63.3,False
A2,2020-07-15 11:00:00,109.79,0.0,109.79,175.0,62.7,62.7,False
A2,2020-07-15 12:00:00,106.66,0.0,106.66,175.0,60.9,60.9,False
A2,2020-07-15 13:00:00,102.22,0.0,102.22,175.0,58.4,58.4,False
A2,2020-07-15 14:00:00,102.36,0.0,102.36,175.0,58.5,58.5,False
A2,2020-07-15 15:00:00,83.05,0.0,83.05,175.0,47.5,47.5,False
A2,2020-07-15 16:00:00,101.63,0.0,101.63,175.0,58.1,58.1,False
A2,2020-07-15 17:00:00,100.72,0.0,100.72,175.0,57.6,57.6,False
A2,2020-07-15 18:00:00,108.82,0.0,108.82,175.0,62.2,62.2,False
A2,2020-07-15 19:00:00,107.84,0.0,107.84,175.0,61.6,61.6,False
A2,2020-07-15 20:00:00,108.71,0.0,108.71,175.0,62.1,62.1,False
A2,2020-07-15 21:00:00,107.61,0.0,107.61,175.0,61.5,61.5,False
A2,2020-07-15 22:00:00,117.55,0.0,117.55,175.0,67.2,67.2,False
A2,2020-07-15 23:00:00,114.57,0.0,114.57,175.0,65.5,65.5,False
A2,2020-07-16 00:00:00,54.46,0.0,54.46,175.0,31.1,31.1,False
A2,2020-07-16 02:00:00,9.92,0.0,9.92,175.0,5.7,5.7,False
A2,2020-07-16 04:00:00,56.96,0.0,56.96,175.0,32.6,32.6,False
A2,2020-07-16 06:00:00,90.72,0.0,90.72,175.0,51.8,51.8,False
A2,2020-07-16 08:00:00,92.95,0.0,92.95,175.0,53.1,53.1,False
A2,2020-07-16 10:00:00,101.23,0.0,101.23,175.0,57.8,57.8,False
A2,2020-07-16 12:00:00,88.1,0.0,88.1,175.0,50.3,50.3,False
A2,2020-07-16 14:00:00,79.01,0.0,79.01,175.0,45.2,45.2,False
A2,2020-07-16 16:00:00,81.6,0.0,81.6,175.0,46.6,46.6,False
A2,2020-07-16 18:00:00,85.56,0.0,85.56,175.0,48.9,48.9,False
A2,2020-07-16 20:00:00,87.37,0.0,87.37,175.0,49.9,49.9,False
A2,2020-07-16 22:00:00,66.51,0.0,66.51,175.0,38.0,38.0,False
A3,2020-07-15 00:00:00,175.0,0.0,175.0,175.0,100.0,100.0,True
A3,2020-07-15 01:00:00,135.6,0.0,135.6,175.0,77.5,77.5,False
A3,2020-07-15 02:00:00,169.4,0.0,169.4,175.0,96.8,96.8,False
A3,2020-07-15 03:00:00,165.17,0.0,165.17,175.0,94.4,94.4,False
A3,2020-07-15 04:00:00,175.0,0.0,175.0,175.0,100.0,100.0,True
A3,2020-07-15 05:00:00,175.0,0.0,175.0,175.0,100.0,100.0,True
A3,2020-07-15 06:00:00,175.0,0.0,175.0,175.0,100.0,100.0,True
A3,2020-07-15 07:00:00,175.0,0.0,175.0,175.0,100.0,100.0,True
A3,2020-07-15 08:00:00,174.45,0.0,174.45,175.0,99.7,99.7,True
A3,2020-07-15 09:00:00,174.33,0.0,174.33,175.0,99.6,99.6,True
A3,2020-07-15 10:00:00,175.0,0.0,175.0,175.0,100.0,100.0,True
A3,2020-07-15 11:00:00,172.26,0.0,172.26,175.0,98.4,98.4,False
A3,2020-07-15 12:00:00,169.68,0.0,169.68,175.0,97.0,97.0,False
A3,2020-07-15 13:00:00,167.95,0.0,167.95,175.0,96.0,96.0,False
A3,2020-07-15 14:00:00,166.58,0.0,166.58,175.0,95.2,95.2,False
A3,2020-07-15 15:00:00,159.99,0.0,159.99,175.0,91.4,91.4,False
A3,2020-07-15 16:00:00,166.73,0.0,166.73,175.0,95.3,95.3,False
A3,2020-07-15 17:00:00,168.87,0.0,168.87,175.0,96.5,96.5,False
A3,2020-07-15 18:00:00,170.48,0.0,170.48,175.0,97.4,97.4,False
A3,2020-07-15 19:00:00,172.5,0.0,172.5,175.0,98.6,98.6,False
A3,2020-07-15 20:00:00,175.0,0.0,175.0,175.0,100.0,100.0,True
A3,2020-07-15 21:00:00,175.0,0.0,175.0,175.0,100.0,100.0,True
A3,2020-07-15 22:00:00,175.0,0.0,175.0,175.0,100.0,100.0,True
A3,2020-07-15 23:00:00,175.0,0.0,175.0,175.0,100.0,100.0,True
A3,2020-07-16 00:00:00,133.26,0.0,133.26,175.0,76.1,76.1,False
A3,2020-07-16 02:00:00,77.26,0.0,77.26,175.0,44.2,44.2,False
A3,2020-07-16 04:00:00,133.68,0.0,133.68,175.0,76.4,76.4,False
A3,2020-07-16 06:00:00,174.98,0.0,174.98,175.0,100.0,100.0,True
A3,2020-07-16 08:00:00,175.0,0.0,175.0,175.0,100.0,100.0,True
A3,2020-07-16 10:00:00,172.1,0.0,172.1,175.0,98.3,98.3,False
A3,2020-07-16 12:00:00,168.34,0.0,168.34,175.0,96.2,96.2,False
A3,2020-07-16 14:00:00,166.85,0.0,166.85,175.0,95.3,95.3,False
A3,2020-07-16 16:00:00,168.38,0.0,168.38,175.0,96.2,96.2,False
A3,2020-07-16 18:00:00,172.63,0.0,172.63,175.0,98.6,98.6,False
A3,2020-07-16 20:00:00,175.0,0.0,175.0,175.0,100.0,100.0,True
A3,2020-07-16 22:00:00,162.73,0.0,162.73,175.0,93.0,93.0,False
A4,2020-07-15 00:00:00,126.74,0.0,126.74,175.0,72.4,72.4,False
A4,2020-07-15 01:00:00,93.61,0.0,93.61,175.0,53.5,53.5,False
A4,2020-07-15 02:00:00,122.56,0.0,122.56,175.0,70.0,70.0,False
A4,2020-07-15 03:00:00,119.8,0.0,119.8,175.0,68.5,68.5,False
A4,2020-07-15 04:00:00,130.04,0.0,130.04,175.0,74.3,74.3,False
A4,2020-07-15 05:00:00,129.54,0.0,129.54,175.0,74.0,74.0,False
A4,2020-07-15 06:00:00,130.52,0.0,130.52,175.0,74.6,74.6,False
A4,2020-07-15 07:00:00,130.63,0.0,130.63,175.0,74.6,74.6,False
A4,2020-07-15 08:00:00,127.79,0.0,127.79,175.0,73.0,73.0,False
A4,2020-07-15 09:00:00,128.25,0.0,128.25,175.0,73.3,73.3,False
A4,2020-07-15 10:00:00,128.49,0.0,128.49,175.0,73.4,73.4,False
A4,2020-07-15 11:00:00,126.24,0.0,126.24,175.0,72.1,72.1,False
A4,2020-07-15 12:00:00,123.72,0.0,123.72,175.0,70.7,70.7,False
A4,2020-07-15 13:00:00,121.59,0.0,121.59,175.0,69.5,69.5,False
A4,2020-07-15 14:00:00,120.59,0.0,120.59,175.0,68.9,68.9,False
A4,2020-07-15 15:00:00,112.57,0.0,112.57,175.0,64.3,64.3,False
A4,2020-07-15 16:00:00,120.57,0.0,120.57,175.0,68.9,68.9,False
A4,2020-07-15 17:00:00,122.0,0.0,122.0,175.0,69.7,69.7,False
A4,2020-07-15 18:00:00,124.73,0.0,124.73,175.0,71.3,71.3,False
A4,2020-07-15 19:00:00,126.05,0.0,126.05,175.0,72.0,72.0,False
A4,2020-07-15 20:00:00,128.1,0.0,128.1,175.0,73.2,73.2,False
A4,2020-07-15 21:00:00,128.17,0.0,128.17,175.0,73.2,73.2,False
A4,2020-07-15 22:00:00,130.2,0.0,130.2,175.0,74.4,74.4,False
A4,2020-07-15 23:00:00,129.84,0.0,129.84,175.0,74.2,74.2,False
A4,2020-07-16 00:00:00,90.08,0.0,90.08,175.0,51.5,51.5,False
A4,2020-07-16 02:00:00,48.0,0.0,48.0,175.0,27.4,27.4,False
A4,2020-07-16 04:00:00,90.87,0.0,90.87,175.0,51.9,51.9,False
A4,2020-07-16 06:00:00,126.37,0.0,126.37,175.0,72.2,72.2,False
A4,2020-07-16 08:00:00,125.85,0.0,125.85,175.0,71.9,71.9,False
A4,2020-07-16 10:00:00,124.51,0.0,124.51,175.0,71.2,71.2,False
A4,2020-07-16 12:00:00,119.23,0.0,119.23,175.0,68.1,68.1,False
A4,2020-07-16 14:00:00,116.42,0.0,116.42,175.0,66.5,66.5,False
A4,2020-07-16 16:00:00,118.05,0.0,118.05,175.0,67.5,67.5,False
A4,2020-07-16 18:00:00,121.97,0.0,121.97,175.0,69.7,69.7,False
A4,2020-07-16 20:00:00,124.55,0.0,124.55,175.0,71.2,71.2,False
A4,2020-07-16 22:00:00,114.54,0.0,114.54,175.0,65.5,65.5,False
A5,2020-07-15 00:00:00,113.71,0.0,113.71,175.0,65.0,65.0,False
A5,2020-07-15 01:00:00,86.64,0.0,86.64,175.0,49.5,49.5,False
A5,2020-07-15 02:00:00,109.56,0.0,109.56,175.0,62.6,62.6,False
A5,2020-07-15 03:00:00,106.68,0.0,106.68,175.0,61.0,61.0,False
A5,2020-07-15 04:00:00,113.42,0.0,113.42,175.0,64.8,64.8,False
A5,2020-07-15 05:00:00,113.71,0.0,113.71,175.0,65.0,65.0,False
A5,2020-07-15 06:00:00,114.01,0.0,114.01,175.0,65.1,65.1,False
A5,2020-07-15 07:00:00,114.53,0.0,114.53,175.0,65.4,65.4,False
A5,2020-07-15 08:00:00,114.52,0.0,114.52,175.0,65.4,65.4,False
A5,2020-07-15 09:00:00,114.84,0.0,114.84,175.0,65.6,65.6,False
A5,2020-07-15 10:00:00,115.66,0.0,115.66,175.0,66.1,66.1,False
A5,2020-07-15 11:00:00,114.14,0.0,114.14,175.0,65.2,65.2,False
A5,2020-07-15 12:00:00,112.72,0.0,112.72,175.0,64.4,64.4,False
A5,2020-07-15 13:00:00,111.81,0.0,111.81,175.0,63.9,63.9,False
A5,2020-07-15 14:00:00,111.02,0.0,111.02,175.0,63.4,63.4,False
A5,2020-07-15 15:00:00,106.73,0.0,106.73,175.0,61.0,61.0,False
A5,2020-07-15 16:00:00,111.12,0.0,111.12,175.0,63.5,63.5,False
A5,2020-07-15 17:00:00,112.36,0.0,112.36,175.0,64.2,64.2,False
A5,2020-07-15 18:00:00,113.14,0.0,113.14,175.0,64.7,64.7,False
A5,2020-07-15 19:00:00,114.31,0.0,114.31,175.0,65.3,65.3,False
A5,2020-07-15 20:00:00,115.68,0.0,115.68,175.0,66.1,66.1,False
A5,2020-07-15 21:00:00,115.12,0.0,115.12,175.0,65.8,65.8,False
A5,2020-07-15 22:00:00,114.6,0.0,114.6,175.0,65.5,65.5,False
A5,2020-07-15 23:00:00,114.2,0.0,114.2,175.0,65.3,65.3,False
A5,2020-07-16 00:00:00,85.45,0.0,85.45,175.0,48.8,48.8,False
A5,2020-07-16 02:00:00,51.69,0.0,51.69,175.0,29.5,29.5,False
A5,2020-07-16 04:00:00,85.65,0.0,85.65,175.0,48.9,48.9,False
A5,2020-07-16 06:00:00,115.5,0.0,115.5,175.0,66.0,66.0,False
A5,2020-07-16 08:00:00,115.77,0.0,115.77,175.0,66.2,66.2,False
A5,2020-07-16 10:00:00,114.2,0.0,114.2,175.0,65.3,65.3,False
A5,2020-07-16 12:00:00,112.27,0.0,112.27,175.0,64.2,64.2,False
A5,2020-07-16 14:00:00,111.57,0.0,111.57,175.0,63.8,63.8,False
A5,2020-07-16 16:00:00,112.41,0.0,112.41,175.0,64.2,64.2,False
A5,2020-07-16 18:00:00,114.76,0.0,114.76,175.0,65.6,65.6,False
A5,2020-07-16 20:00:00,115.94,0.0,115.94,175.0,66.3,66.3,False
A5,2020-07-16 22:00:00,108.32,0.0,108.32,175.0,61.9,61.9,False
A6,2020-07-15 00:00:00,55.97,0.0,55.97,175.0,32.0,32.0,False
A6,2020-07-15 01:00:00,51.31,0.0,51.31,175.0,29.3,29.3,False
A6,2020-07-15 02:00:00,54.9,0.0,54.9,175.0,31.4,31.4,False
A6,2020-07-15 03:00:00,47.7,0.0,47.7,175.0,27.3,27.3,False
A6,2020-07-15 04:00:00,33.03,0.0,33.03,175.0,18.9,18.9,False
A6,2020-07-15 05:00:00,33.48,0.0,33.48,175.0,19.1,19.1,False
A6,2020-07-15 06:00:00,21.77,0.0,21.77,175.0,12.4,12.4,False
A6,2020-07-15 07:00:00,14.33,0.0,14.33,175.0,8.2,8.2,False
A6,2020-07-15 08:00:00,28.73,0.0,28.73,175.0,16.4,16.4,False
A6,2020-07-15 09:00:00,19.07,0.0,19.07,175.0,10.9,10.9,False
A6,2020-07-15 10:00:00,17.3,0.0,17.3,175.0,9.9,9.9,False
A6,2020-07-15 11:00:00,11.93,0.0,11.93,175.0,6.8,6.8,False
A6,2020-07-15 12:00:00,10.0,0.0,10.0,175.0,5.7,5.7,False
A6,2020-07-15 13:00:00,11.72,0.0,11.72,175.0,6.7,6.7,False
A6,2020-07-15 14:00:00,8.34,0.0,8.34,175.0,4.8,4.8,False
A6,2020-07-15 15:00:00,26.49,0.0,26.49,175.0,15.1,15.1,False
A6,2020-07-15 16:00:00,9.64,0.0,9.64,175.0,5.5,5.5,False
A6,2020-07-15 17:00:00,15.81,0.0,15.81,175.0,9.0,9.0,False
A6,2020-07-15 18:00:00,9.05,0.0,9.05,175.0,5.2,5.2,False
A6,2020-07-15 19:00:00,15.02,0.0,15.02,175.0,8.6,8.6,False
A6,2020-07-15 20:00:00,20.12,0.0,20.12,175.0,11.5,11.5,False
A6,2020-07-15 21:00:00,26.69,0.0,26.69,175.0,15.2,15.2,False
A6,2020-07-15 22:00:00,16.92,0.0,16.92,175.0,9.7,9.7,False
A6,2020-07-15 23:00:00,24.76,0.0,24.76,175.0,14.1,14.1,False
A6,2020-07-16 00:00:00,58.23,0.0,58.23,175.0,33.3,33.3,False
A6,2020-07-16 02:00:00,50.01,0.0,50.01,175.0,28.6,28.6,False
A6,2020-07-16 04:00:00,55.95,0.0,55.95,175.0,32.0,32.0,False
A6,2020-07-16 06:00:00,56.24,0.0,56.24,175.0,32.1,32.1,False
A6,2020-07-16 08:00:00,45.81,0.0,45.81,175.0,26.2,26.2,False
A6,2020-07-16 10:00:00,22.67,0.0,22.67,175.0,13.0,13.0,False
A6,2020-07-16 12:00:00,30.94,0.0,30.94,175.0,17.7,17.7,False
A6,2020-07-16 14:00:00,39.26,0.0,39.26,175.0,22.4,22.4,False
A6,2020-07-16 16:00:00,39.48,0.0,39.48,175.0,22.6,22.6,False
A6,2020-07-16 18:00:00,44.23,0.0,44.23,175.0,25.3,25.3,False
A6,2020-07-16 20:00:00,51.12,0.0,51.12,175.0,29.2,29.2,False
A6,2020-07-16 22:00:00,73.94,0.0,73.94,175.0,42.3,42.3,False
A7,2020-07-15 00:00:00,-63.51,0.0,63.51,400.0,15.9,15.9,False
A7,2020-07-15 01:00:00,-84.72,0.0,84.72,400.0,21.2,21.2,False
A7,2020-07-15 02:00:00,-57.28,0.0,57.28,400.0,14.3,14.3,False
A7,2020-07-15 03:00:00,-49.09,0.0,49.09,400.0,12.3,12.3,False
A7,2020-07-15 04:00:00,-17.38,0.0,17.38,400.0,4.3,4.3,False
A7,2020-07-15 05:00:00,-26.15,0.0,26.15,400.0,6.5,6.5,False
A7,2020-07-15 06:00:00,-15.22,0.0,15.22,400.0,3.8,3.8,False
A7,2020-07-15 07:00:00,-17.45,0.0,17.45,400.0,4.4,4.4,False
A7,2020-07-15 08:00:00,-52.1,0.0,52.1,400.0,13.0,13.0,False
A7,2020-07-15 09:00:00,-47.55,0.0,47.55,400.0,11.9,11.9,False
A7,2020-07-15 10:00:00,-54.11,0.0,54.11,400.0,13.5,13.5,False
A7,2020-07-15 11:00:00,-57.49,0.0,57.49,400.0,14.4,14.4,False
A7,2020-07-15 12:00:00,-66.03,0.0,66.03,400.0,16.5,16.5,False
A7,2020-07-15 13:00:00,-77.91,0.0,77.91,400.0,19.5,19.5,False
A7,2020-07-15 14:00:00,-77.74,0.0,77.74,400.0,19.4,19.4,False
A7,2020-07-15 15:00:00,-116.7,0.0,116.7,400.0,29.2,29.2,False
A7,2020-07-15 16:00:00,-79.63,0.0,79.63,400.0,19.9,19.9,False
A7,2020-07-15 17:00:00,-81.75,0.0,81.75,400.0,20.4,20.4,False
A7,2020-07-15 18:00:00,-60.28,0.0,60.28,400.0,15.1,15.1,False
A7,2020-07-15 19:00:00,-62.58,0.0,62.58,400.0,15.6,15.6,False
A7,2020-07-15 20:00:00,-59.38,0.0,59.38,400.0,14.8,14.8,False
A7,2020-07-15 21:00:00,-54.53,0.0,54.53,400.0,13.6,13.6,False
A7,2020-07-15 22:00:00,-23.7,0.0,23.7,400.0,5.9,5.9,False
A7,2020-07-15 23:00:00,-25.6,0.0,25.6,400.0,6.4,6.4,False
A7,2020-07-16 00:00:00,-109.86,0.0,109.86,400.0,27.5,27.5,False
A7,2020-07-16 02:00:00,-138.43,0.0,138.43,400.0,34.6,34.6,False
A7,2020-07-16 04:00:00,-103.22,0.0,103.22,400.0,25.8,25.8,False
A7,2020-07-16 06:00:00,-87.55,0.0,87.55,400.0,21.9,21.9,False
A7,2020-07-16 08:00:00,-92.96,0.0,92.96,400.0,23.2,23.2,False
A7,2020-07-16 10:00:00,-80.01,0.0,80.01,400.0,20.0,20.0,False
A7,2020-07-16 12:00:00,-114.99,0.0,114.99,400.0,28.7,28.7,False
A7,2020-07-16 14:00:00,-139.05,0.0,139.05,400.0,34.8,34.8,False
A7,2020-07-16 16:00:00,-132.06,0.0,132.06,400.0,33.0,33.0,False
A7,2020-07-16 18:00:00,-121.11,0.0,121.11,400.0,30.3,30.3,False
A7,2020-07-16 20:00:00,-110.52,0.0,110.52,400.0,27.6,27.6,False
A7,2020-07-16 22:00:00,-130.73,0.0,130.73,400.0,32.7,32.7,False
A8,2020-07-15 00:00:00,80.56,0.0,80.56,175.0,46.0,46.0,False
A8,2020-07-15 01:00:00,50.57,0.0,50.57,175.0,28.9,28.9,False
A8,2020-07-15 02:00:00,79.56,0.0,79.56,175.0,45.5,45.5,False
A8,2020-07-15 03:00:00,76.8,0.0,76.8,175.0,43.9,43.9,False
A8,2020-07-15 04:00:00,86.01,0.0,86.01,175.0,49.2,49.2,False
A8,2020-07-15 05:00:00,82.95,0.0,82.95,175.0,47.4,47.4,False
A8,2020-07-15 06:00:00,81.0,0.0,81.0,175.0,46.3,46.3,False
A8,2020-07-15 07:00:00,76.32,0.0,76.32,175.0,43.6,43.6,False
A8,2020-07-15 08:00:00,70.49,0.0,70.49,175.0,40.3,40.3,False
A8,2020-07-15 09:00:00,67.14,0.0,67.14,175.0,38.4,38.4,False
A8,2020-07-15 10:00:00,64.09,0.0,64.09,175.0,36.6,36.6,False
A8,2020-07-15 11:00:00,58.68,0.0,58.68,175.0,33.5,33.5,False
A8,2020-07-15 12:00:00,53.2,0.0,53.2,175.0,30.4,30.4,False
A8,2020-07-15 13:00:00,48.76,0.0,48.76,175.0,27.9,27.9,False
A8,2020-07-15 14:00:00,46.4,0.0,46.4,175.0,26.5,26.5,False
A8,2020-07-15 15:00:00,37.98,0.0,37.98,175.0,21.7,21.7,False
A8,2020-07-15 16:00:00,46.44,0.0,46.44,175.0,26.5,26.5,False
A8,2020-07-15 17:00:00,49.9,0.0,49.9,175.0,28.5,28.5,False
A8,2020-07-15 18:00:00,55.27,0.0,55.27,175.0,31.6,31.6,False
A8,2020-07-15 19:00:00,58.49,0.0,58.49,175.0,33.4,33.4,False
A8,2020-07-15 20:00:00,63.57,0.0,63.57,175.0,36.3,36.3,False
A8,2020-07-15 21:00:00,68.79,0.0,68.79,175.0,39.3,39.3,False
A8,2020-07-15 22:00:00,75.31,0.0,75.31,175.0,43.0,43.0,False
A8,2020-07-15 23:00:00,78.65,0.0,78.65,175.0,44.9,44.9,False
A8,2020-07-16 00:00:00,43.54,0.0,43.54,175.0,24.9,24.9,False
A8,2020-07-16 02:00:00,6.11,0.0,6.11,175.0,3.5,3.5,False
A8,2020-07-16 04:00:00,45.07,0.0,45.07,175.0,25.8,25.8,False
A8,2020-07-16 06:00:00,72.78,0.0,72.78,175.0,41.6,41.6,False
A8,2020-07-16 08:00:00,64.73,0.0,64.73,175.0,37.0,37.0,False
A8,2020-07-16 10:00:00,55.7,0.0,55.7,175.0,31.8,31.8,False
A8,2020-07-16 12:00:00,44.98,0.0,44.98,175.0,25.7,25.7,False
A8,2020-07-16 14:00:00,39.52,0.0,39.52,175.0,22.6,22.6,False
A8,2020-07-16 16:00:00,43.01,0.0,43.01,175.0,24.6,24.6,False
A8,2020-07-16 18:00:00,51.69,0.0,51.69,175.0,29.5,29.5,False
A8,2020-07-16 20:00:00,60.73,0.0,60.73,175.0,34.7,34.7,False
A8,2020-07-16 22:00:00,60.88,0.0,60.88,175.0,34.8,34.8,False
A9,2020-07-15 00:00:00,130.45,0.0,130.45,175.0,74.5,74.5,False
A9,2020-07-15 01:00:00,94.09,0.0,94.09,175.0,53.8,53.8,False
A9,2020-07-15 02:00:00,127.9,0.0,127.9,175.0,73.1,73.1,False
A9,2020-07-15 03:00:00,123.67,0.0,123.67,175.0,70.7,70.7,False
A9,2020-07-15 04:00:00,132.5,0.0,132.5,175.0,75.7,75.7,False
A9,2020-07-15 05:00:00,130.05,0.0,130.05,175.0,74.3,74.3,False
A9,2020-07-15 06:00:00,127.23,0.0,127.23,175.0,72.7,72.7,False
A9,2020-07-15 07:00:00,122.63,0.0,122.63,175.0,70.1,70.1,False
A9,2020-07-15 08:00:00,119.22,0.0,119.22,175.0,68.1,68.1,False
A9,2020-07-15 09:00:00,115.44,0.0,115.44,175.0,66.0,66.0,False
A9,2020-07-15 10:00:00,112.96,0.0,112.96,175.0,64.5,64.5,False
A9,2020-07-15 11:00:00,107.19,0.0,107.19,175.0,61.3,61.3,False
A9,2020-07-15 12:00:00,101.76,0.0,101.76,175.0,58.2,58.2,False
A9,2020-07-15 13:00:00,97.82,0.0,97.82,175.0,55.9,55.9,False
A9,2020-07-15 14:00:00,95.14,0.0,95.14,175.0,54.4,54.4,False
A9,2020-07-15 15:00:00,88.19,0.0,88.19,175.0,50.4,50.4,False
A9,2020-07-15 16:00:00,95.36,0.0,95.36,175.0,54.5,54.5,False
A9,2020-07-15 17:00:00,99.45,0.0,99.45,175.0,56.8,56.8,False
A9,2020-07-15 18:00:00,103.59,0.0,103.59,175.0,59.2,59.2,False
A9,2020-07-15 19:00:00,107.43,0.0,107.43,175.0,61.4,61.4,False
A9,2020-07-15 20:00:00,112.83,0.0,112.83,175.0,64.5,64.5,False
A9,2020-07-15 21:00:00,117.77,0.0,117.77,175.0,67.3,67.3,False
A9,2020-07-15 22:00:00,122.08,0.0,122.08,175.0,69.8,69.8,False
A9,2020-07-15 23:00:00,125.63,0.0,125.63,175.0,71.8,71.8,False
A9,2020-07-16 00:00:00,88.4,0.0,88.4,175.0,50.5,50.5,False
A9,2020-07-16 02:00:00,36.97,0.0,36.97,175.0,21.1,21.1,False
A9,2020-07-16 04:00:00,89.53,0.0,89.53,175.0,51.2,51.2,False
A9,2020-07-16 06:00:00,123.32,0.0,123.32,175.0,70.5,70.5,False
A9,2020-07-16 08:00:00,116.12,0.0,116.12,175.0,66.4,66.4,False
A9,2020-07-16 10:00:00,105.83,0.0,105.83,175.0,60.5,60.5,False
A9,2020-07-16 12:00:00,96.86,0.0,96.86,175.0,55.3,55.3,False
A9,2020-07-16 14:00:00,92.84,0.0,92.84,175.0,53.0,53.0,False
A9,2020-07-16 16:00:00,96.16,0.0,96.16,175.0,54.9,54.9,False
A9,2020-07-16 18:00:00,104.97,0.0,104.97,175.0,60.0,60.0,False
A9,2020-07-16 20:00:00,113.52,0.0,113.52,175.0,64.9,64.9,False
A9,2020-07-16 22:00:00,111.03,0.0,111.03,175.0,63.4,63.4,False
A10,2020-07-15 00:00:00,33.96,0.0,33.96,175.0,19.4,19.4,False
A10,2020-07-15 01:00:00,11.82,0.0,11.82,175.0,6.8,6.8,False
A10,2020-07-15 02:00:00,35.56,0.0,35.56,175.0,20.3,20.3,False
A10,2020-07-15 03:00:00,32.64,0.0,32.64,175.0,18.6,18.6,False
A10,2020-07-15 04:00:00,37.83,0.0,37.83,175.0,21.6,21.6,False
A10,2020-07-15 05:00:00,33.39,0.0,33.39,175.0,19.1,19.1,False
A10,2020-07-15 06:00:00,28.38,0.0,28.38,175.0,16.2,16.2,False
A10,2020-07-15 07:00:00,20.11,0.0,20.11,175.0,11.5,11.5,False
A10,2020-07-15 08:00:00,14.44,0.0,14.44,175.0,8.3,8.3,False
A10,2020-07-15 09:00:00,7.81,0.0,7.81,175.0,4.5,4.5,False
A10,2020-07-15 10:00:00,2.6,0.0,2.6,175.0,1.5,1.5,False
A10,2020-07-15 11:00:00,-4.77,0.0,4.77,175.0,2.7,2.7,False
A10,2020-07-15 12:00:00,-11.71,0.0,11.71,175.0,6.7,6.7,False
A10,2020-07-15 13:00:00,-16.93,0.0,16.93,175.0,9.7,9.7,False
A10,2020-07-15 14:00:00,-20.24,0.0,20.24,175.0,11.6,11.6,False
A10,2020-07-15 15:00:00,-25.57,0.0,25.57,175.0,14.6,14.6,False
A10,2020-07-15 16:00:00,-20.03,0.0,20.03,175.0,11.4,11.4,False
A10,2020-07-15 17:00:00,-15.04,0.0,15.04,175.0,8.6,8.6,False
A10,2020-07-15 18:00:00,-9.3,0.0,9.3,175.0,5.3,5.3,False
A10,2020-07-15 19:00:00,-4.62,0.0,4.62,175.0,2.6,2.6,False
A10,2020-07-15 20:00:00,2.35,0.0,2.35,175.0,1.3,1.3,False
A10,2020-07-15 21:00:00,11.24,0.0,11.24,175.0,6.4,6.4,False
A10,2020-07-15 22:00:00,19.1,0.0,19.1,175.0,10.9,10.9,False
A10,2020-07-15 23:00:00,25.46,0.0,25.46,175.0,14.5,14.5,False
A10,2020-07-16 00:00:00,4.08,0.0,4.08,175.0,2.3,2.3,False
A10,2020-07-16 02:00:00,-23.23,0.0,23.23,175.0,13.3,13.3,False
A10,2020-07-16 04:00:00,5.68,0.0,5.68,175.0,3.2,3.2,False
A10,2020-07-16 06:00:00,21.87,0.0,21.87,175.0,12.5,12.5,False
A10,2020-07-16 08:00:00,8.46,0.0,8.46,175.0,4.8,4.8,False
A10,2020-07-16 10:00:00,-7.12,0.0,7.12,175.0,4.1,4.1,False
A10,2020-07-16 12:00:00,-19.24,0.0,19.24,175.0,11.0,11.0,False
A10,2020-07-16 14:00:00,-24.93,0.0,24.93,175.0,14.2,14.2,False
A10,2020-07-16 16:00:00,-20.62,0.0,20.62,175.0,11.8,11.8,False
A10,2020-07-16 18:00:00,-9.41,0.0,9.41,175.0,5.4,5.4,False
A10,2020-07-16 20:00:00,3.61,0.0,3.61,175.0,2.1,2.1,False
A10,2020-07-16 22:00:00,13.93,0.0,13.93,175.0,8.0,8.0,False
A11,2020-07-15 00:00:00,21.19,0.0,21.19,175.0,12.1,12.1,False
A11,2020-07-15 01:00:00,33.21,0.0,33.21,175.0,19.0,19.0,False
A11,2020-07-15 02:00:00,17.94,0.0,17.94,175.0,10.3,10.3,False
A11,2020-07-15 03:00:00,28.85,0.0,28.85,175.0,16.5,16.5,False
A11,2020-07-15 04:00:00,67.38,0.0,67.38,175.0,38.5,38.5,False
A11,2020-07-15 05:00:00,52.52,0.0,52.52,175.0,30.0,30.0,False
A11,2020-07-15 06:00:00,96.78,0.0,96.78,175.0,55.3,55.3,False
A11,2020-07-15 07:00:00,147.62,0.0,147.62,175.0,84.4,84.4,False
A11,2020-07-15 08:00:00,100.64,0.0,100.64,175.0,57.5,57.5,False
A11,2020-07-15 09:00:00,155.48,0.0,155.48,175.0,88.8,88.8,False
A11,2020-07-15 10:00:00,165.77,0.0,165.77,175.0,94.7,94.7,False
A11,2020-07-15 11:00:00,171.46,0.0,171.46,175.0,98.0,98.0,False
A11,2020-07-15 12:00:00,174.63,0.0,174.63,175.0,99.8,99.8,True
A11,2020-07-15 13:00:00,172.41,0.0,172.41,175.0,98.5,98.5,False
A11,2020-07-15 14:00:00,170.97,0.0,170.97,175.0,97.7,97.7,False
A11,2020-07-15 15:00:00,142.83,0.0,142.83,175.0,81.6,81.6,False
A11,2020-07-15 16:00:00,174.85,0.0,174.85,175.0,99.9,99.9,True
A11,2020-07-15 17:00:00,171.41,0.0,171.41,175.0,97.9,97.9,False
A11,2020-07-15 18:00:00,173.75,0.0,173.75,175.0,99.3,99.3,False
A11,2020-07-15 19:00:00,135.67,0.0,135.67,175.0,77.5,77.5,False
A11,2020-07-15 20:00:00,160.25,0.0,160.25,175.0,91.6,91.6,False
A11,2020-07-15 21:00:00,137.91,0.0,137.91,175.0,78.8,78.8,False
A11,2020-07-15 22:00:00,144.49,0.0,144.49,175.0,82.6,82.6,False
A11,2020-07-15 23:00:00,99.39,0.0,99.39,175.0,56.8,56.8,False
A11,2020-07-16 00:00:00,34.43,0.0,34.43,175.0,19.7,19.7,False
A11,2020-07-16 02:00:00,53.73,0.0,53.73,175.0,30.7,30.7,False
A11,2020-07-16 04:00:00,37.58,0.0,37.58,175.0,21.5,21.5,False
A11,2020-07-16 06:00:00,17.62,0.0,17.62,175.0,10.1,10.1,False
A11,2020-07-16 08:00:00,124.02,0.0,124.02,175.0,70.9,70.9,False
A11,2020-07-16 10:00:00,155.12,0.0,155.12,175.0,88.6,88.6,False
A11,2020-07-16 12:00:00,156.53,0.0,156.53,175.0,89.4,89.4,False
A11,2020-07-16 14:00:00,150.89,0.0,150.89,175.0,86.2,86.2,False
A11,2020-07-16 16:00:00,145.63,0.0,145.63,175.0,83.2,83.2,False
A11,2020-07-16 18:00:00,141.86,0.0,141.86,175.0,81.1,81.1,False
A11,2020-07-16 20:00:00,116.33,0.0,116.33,175.0,66.5,66.5,False
A11,2020-07-16 22:00:00,-71.53,0.0,71.53,175.0,40.9,40.9,False
AB1,2020-07-15 00:00:00,75.02,0.0,75.02,175.0,42.9,42.9,False
AB1,2020-07-15 01:00:00,67.61,0.0,67.61,175.0,38.6,38.6,False
AB1,2020-07-15 02:00:00,83.56,0.0,83.56,175.0,47.7,47.7,False
AB1,2020-07-15 03:00:00,72.62,0.0,72.62,175.0,41.5,41.5,False
AB1,2020-07-15 04:00:00,78.72,0.0,78.72,175.0,45.0,45.0,False
AB1,2020-07-15 05:00:00,43.15,0.0,43.15,175.0,24.7,24.7,False
AB1,2020-07-15 06:00:00,86.36,0.0,86.36,175.0,49.3,49.3,False
AB1,2020-07-15 07:00:00,119.8,0.0,119.8,175.0,68.5,68.5,False
AB1,2020-07-15 08:00:00,92.47,0.0,92.47,175.0,52.8,52.8,False
AB1,2020-07-15 09:00:00,100.4,0.0,100.4,175.0,57.4,57.4,False
AB1,2020-07-15 10:00:00,84.62,0.0,84.62,175.0,48.4,48.4,False
AB1,2020-07-15 11:00:00,73.55,0.0,73.55,175.0,42.0,42.0,False
AB1,2020-07-15 12:00:00,63.25,0.0,63.25,175.0,36.1,36.1,False
AB1,2020-07-15 13:00:00,63.46,0.0,63.46,175.0,36.3,36.3,False
AB1,2020-07-15 14:00:00,62.65,0.0,62.65,175.0,35.8,35.8,False
AB1,2020-07-15 15:00:00,72.7,0.0,72.7,175.0,41.5,41.5,False
AB1,2020-07-15 16:00:00,56.9,0.0,56.9,175.0,32.5,32.5,False
AB1,2020-07-15 17:00:00,65.69,0.0,65.69,175.0,37.5,37.5,False
AB1,2020-07-15 18:00:00,67.82,0.0,67.82,175.0,38.8,38.8,False
AB1,2020-07-15 19:00:00,40.1,0.0,40.1,175.0,22.9,22.9,False
AB1,2020-07-15 20:00:00,89.81,0.0,89.81,175.0,51.3,51.3,False
AB1,2020-07-15 21:00:00,120.9,0.0,120.9,175.0,69.1,69.1,False
AB1,2020-07-15 22:00:00,121.99,0.0,121.99,175.0,69.7,69.7,False
AB1,2020-07-15 23:00:00,80.85,0.0,80.85,175.0,46.2,46.2,False
AB1,2020-07-16 00:00:00,60.37,0.0,60.37,175.0,34.5,34.5,False
AB1,2020-07-16 02:00:00,47.22,0.0,47.22,175.0,27.0,27.0,False
AB1,2020-07-16 04:00:00,58.51,0.0,58.51,175.0,33.4,33.4,False
AB1,2020-07-16 06:00:00,65.86,0.0,65.86,175.0,37.6,37.6,False
AB1,2020-07-16 08:00:00,131.86,0.0,131.86,175.0,75.4,75.4,False
AB1,2020-07-16 10:00:00,87.88,0.0,87.88,175.0,50.2,50.2,False
AB1,2020-07-16 12:00:00,77.11,0.0,77.11,175.0,44.1,44.1,False
AB1,2020-07-16 14:00:00,78.19,0.0,78.19,175.0,44.7,44.7,False
AB1,2020-07-16 16:00:00,86.64,0.0,86.64,175.0,49.5,49.5,False
AB1,2020-07-16 18:00:00,98.53,0.0,98.53,175.0,56.3,56.3,False
AB1,2020-07-16 20:00:00,134.95,0.0,134.95,175.0,77.1,77.1,False
AB1,2020-07-16 22:00:00,-15.64,0.0,15.64,175.0,8.9,8.9,False
A12-1,2020-07-15 00:00:00,-37.02,0.0,37.02,175.0,21.2,21.2,False
A12-1,2020-07-15 01:00:00,-30.4,0.0,30.4,175.0,17.4,17.4,False
A12-1,2020-07-15 02:00:00,-34.85,0.0,34.85,175.0,19.9,19.9,False
A12-1,2020-07-15 03:00:00,-29.14,0.0,29.14,175.0,16.7,16.7,False
A12-1,2020-07-15 04:00:00,-8.85,0.0,8.85,175.0,5.1,5.1,False
A12-1,2020-07-15 05:00:00,-19.75,0.0,19.75,175.0,11.3,11.3,False
A12-1,2020-07-15 06:00:00,-0.44,0.0,0.44,175.0,0.3,0.3,False
A12-1,2020-07-15 07:00:00,19.25,0.0,19.25,175.0,11.0,11.0,False
A12-1,2020-07-15 08:00:00,-9.7,0.0,9.7,175.0,5.5,5.5,False
A12-1,2020-07-15 09:00:00,13.52,0.0,13.52,175.0,7.7,7.7,False
A12-1,2020-07-15 10:00:00,14.49,0.0,14.49,175.0,8.3,8.3,False
A12-1,2020-07-15 11:00:00,13.32,0.0,13.32,175.0,7.6,7.6,False
A12-1,2020-07-15 12:00:00,10.84,0.0,10.84,175.0,6.2,6.2,False
A12-1,2020-07-15 13:00:00,6.29,0.0,6.29,175.0,3.6,3.6,False
A12-1,2020-07-15 14:00:00,3.92,0.0,3.92,175.0,2.2,2.2,False
A12-1,2020-07-15 15:00:00,-13.1,0.0,13.1,175.0,7.5,7.5,False
A12-1,2020-07-15 16:00:00,5.84,0.0,5.84,175.0,3.3,3.3,False
A12-1,2020-07-15 17:00:00,6.48,0.0,6.48,175.0,3.7,3.7,False
A12-1,2020-07-15 18:00:00,12.01,0.0,12.01,175.0,6.9,6.9,False
A12-1,2020-07-15 19:00:00,-4.85,0.0,4.85,175.0,2.8,2.8,False
A12-1,2020-07-15 20:00:00,11.28,0.0,11.28,175.0,6.4,6.4,False
A12-1,2020-07-15 21:00:00,6.4,0.0,6.4,175.0,3.7,3.7,False
A12-1,2020-07-15 22:00:00,16.67,0.0,16.67,175.0,9.5,9.5,False
A12-1,2020-07-15 23:00:00,-1.67,0.0,1.67,175.0,1.0,1.0,False
A12-1,2020-07-16 00:00:00,-35.38,0.0,35.38,175.0,20.2,20.2,False
A12-1,2020-07-16 02:00:00,-25.29,0.0,25.29,175.0,14.5,14.5,False
A12-1,2020-07-16 04:00:00,-32.55,0.0,32.55,175.0,18.6,18.6,False
A12-1,2020-07-16 06:00:00,-48.97,0.0,48.97,175.0,28.0,28.0,False
A12-1,2020-07-16 08:00:00,-4.78,0.0,4.78,175.0,2.7,2.7,False
A12-1,2020-07-16 10:00:00,2.43,0.0,2.43,175.0,1.4,1.4,False
A12-1,2020-07-16 12:00:00,-5.35,0.0,5.35,175.0,3.1,3.1,False
A12-1,2020-07-16 14:00:00,-12.68,0.0,12.68,175.0,7.2,7.2,False
A12-1,2020-07-16 16:00:00,-12.67,0.0,12.67,175.0,7.2,7.2,False
A12-1,2020-07-16 18:00:00,-8.18,0.0,8.18,175.0,4.7,4.7,False
A12-1,2020-07-16 20:00:00,-12.75,0.0,12.75,175.0,7.3,7.3,False
A12-1,2020-07-16 22:00:00,-96.79,0.0,96.79,175.0,55.3,55.3,False
A13-2,2020-07-15 00:00:00,-40.48,0.0,40.48,175.0,23.1,23.1,False
A13-2,2020-07-15 01:00:00,-29.14,0.0,29.14,175.0,16.7,16.7,False
A13-2,2020-07-15 02:00:00,-38.71,0.0,38.71,175.0,22.1,22.1,False
A13-2,2020-07-15 03:00:00,-33.57,0.0,33.57,175.0,19.2,19.2,False
A13-2,2020-07-15 04:00:00,-17.19,0.0,17.19,175.0,9.8,9.8,False
A13-2,2020-07-15 05:00:00,-27.08,0.0,27.08,175.0,15.5,15.5,False
A13-2,2020-07-15 06:00:00,-8.8,0.0,8.8,175.0,5.0,5.0,False
A13-2,2020-07-15 07:00:00,11.31,0.0,11.31,175.0,6.5,6.5,False
A13-2,2020-07-15 08:00:00,-13.89,0.0,13.89,175.0,7.9,7.9,False
A13-2,2020-07-15 09:00:00,9.01,0.0,9.01,175.0,5.1,5.1,False
A13-2,2020-07-15 10:00:00,10.75,0.0,10.75,175.0,6.1,6.1,False
A13-2,2020-07-15 11:00:00,10.23,0.0,10.23,175.0,5.8,5.8,False
A13-2,2020-07-15 12:00:00,8.92,0.0,8.92,175.0,5.1,5.1,False
A13-2,2020-07-15 13:00:00,5.81,0.0,5.81,175.0,3.3,3.3,False
A13-2,2020-07-15 14:00:00,3.57,0.0,3.57,175.0,2.0,2.0,False
A13-2,2020-07-15 15:00:00,-8.95,0.0,8.95,175.0,5.1,5.1,False
A13-2,2020-07-15 16:00:00,5.67,0.0,5.67,175.0,3.2,3.2,False
A13-2,2020-07-15 17:00:00,6.31,0.0,6.31,175.0,3.6,3.6,False
A13-2,2020-07-15 18:00:00,9.39,0.0,9.39,175.0,5.4,5.4,False
A13-2,2020-07-15 19:00:00,-7.43,0.0,7.43,175.0,4.2,4.2,False
A13-2,2020-07-15 20:00:00,8.09,0.0,8.09,175.0,4.6,4.6,False
A13-2,2020-07-15 21:00:00,2.51,0.0,2.51,175.0,1.4,1.4,False
A13-2,2020-07-15 22:00:00,9.4,0.0,9.4,175.0,5.4,5.4,False
A13-2,2020-07-15 23:00:00,-8.89,0.0,8.89,175.0,5.1,5.1,False
A13-2,2020-07-16 00:00:00,-31.22,0.0,31.22,175.0,17.8,17.8,False
A13-2,2020-07-16 02:00:00,-14.53,0.0,14.53,175.0,8.3,8.3,False
A13-2,2020-07-16 04:00:00,-29.14,0.0,29.14,175.0,16.6,16.6,False
A13-2,2020-07-16 06:00:00,-49.63,0.0,49.63,175.0,28.4,28.4,False
A13-2,2020-07-16 08:00:00,-4.6,0.0,4.6,175.0,2.6,2.6,False
A13-2,2020-07-16 10:00:00,1.74,0.0,1.74,175.0,1.0,1.0,False
A13-2,2020-07-16 12:00:00,-1.95,0.0,1.95,175.0,1.1,1.1,False
A13-2,2020-07-16 14:00:00,-6.58,0.0,6.58,175.0,3.8,3.8,False
A13-2,2020-07-16 16:00:00,-7.46,0.0,7.46,175.0,4.3,4.3,False
A13-2,2020-07-16 18:00:00,-4.57,0.0,4.57,175.0,2.6,2.6,False
A13-2,2020-07-16 20:00:00,-10.64,0.0,10.64,175.0,6.1,6.1,False
A13-2,2020-07-16 22:00:00,-92.12,0.0,92.12,175.0,52.6,52.6,False
A14,2020-07-15 00:00:00,-2.65,0.0,2.65,400.0,0.7,0.7,False
A14,2020-07-15 01:00:00,-14.11,0.0,14.11,400.0,3.5,3.5,False
A14,2020-07-15 02:00:00,0.64,0.0,0.64,400.0,0.2,0.2,False
A14,2020-07-15 03:00:00,0.64,0.0,0.64,400.0,0.2,0.2,False
A14,2020-07-15 04:00:00,11.43,0.0,11.43,400.0,2.9,2.9,False
A14,2020-07-15 05:00:00,2.8,0.0,2.8,400.0,0.7,0.7,False
A14,2020-07-15 06:00:00,7.71,0.0,7.71,400.0,1.9,1.9,False
A14,2020-07-15 07:00:00,8.9,0.0,8.9,400.0,2.2,2.2,False
A14,2020-07-15 08:00:00,-7.74,0.0,7.74,400.0,1.9,1.9,False
A14,2020-07-15 09:00:00,-4.49,0.0,4.49,400.0,1.1,1.1,False
A14,2020-07-15 10:00:00,-9.03,0.0,9.03,400.0,2.3,2.3,False
A14,2020-07-15 11:00:00,-15.62,0.0,15.62,400.0,3.9,3.9,False
A14,2020-07-15 12:00:00,-23.05,0.0,23.05,400.0,5.8,5.8,False
A14,2020-07-15 13:00:00,-29.92,0.0,29.92,400.0,7.5,7.5,False
A14,2020-07-15 14:00:00,-34.54,0.0,34.54,400.0,8.6,8.6,False
A14,2020-07-15 15:00:00,-44.82,0.0,44.82,400.0,11.2,11.2,False
A14,2020-07-15 16:00:00,-31.7,0.0,31.7,400.0,7.9,7.9,False
A14,2020-07-15 17:00:00,-26.97,0.0,26.97,400.0,6.7,6.7,False
A14,2020-07-15 18:00:00,-20.21,0.0,20.21,400.0,5.1,5.1,False
A14,2020-07-15 19:00:00,-23.03,0.0,23.03,400.0,5.8,5.8,False
A14,2020-07-15 20:00:00,-10.16,0.0,10.16,400.0,2.5,2.5,False
A14,2020-07-15 21:00:00,-3.49,0.0,3.49,400.0,0.9,0.9,False
A14,2020-07-15 22:00:00,7.33,0.0,7.33,400.0,1.8,1.8,False
A14,2020-07-15 23:00:00,3.75,0.0,3.75,400.0,0.9,0.9,False
A14,2020-07-16 00:00:00,-22.63,0.0,22.63,400.0,5.7,5.7,False
A14,2020-07-16 02:00:00,-37.1,0.0,37.1,400.0,9.3,9.3,False
A14,2020-07-16 04:00:00,-20.11,0.0,20.11,400.0,5.0,5.0,False
A14,2020-07-16 06:00:00,-16.94,0.0,16.94,400.0,4.2,4.2,False
A14,2020-07-16 08:00:00,-10.29,0.0,10.29,400.0,2.6,2.6,False
A14,2020-07-16 10:00:00,-22.09,0.0,22.09,400.0,5.5,5.5,False
A14,2020-07-16 12:00:00,-35.35,0.0,35.35,400.0,8.8,8.8,False
A14,2020-07-16 14:00:00,-42.89,0.0,42.89,400.0,10.7,10.7,False
A14,2020-07-16 16:00:00,-39.13,0.0,39.13,400.0,9.8,9.8,False
A14,2020-07-16 18:00:00,-27.63,0.0,27.63,400.0,6.9,6.9,False
A14,2020-07-16 20:00:00,-17.53,0.0,17.53,400.0,4.4,4.4,False
A14,2020-07-16 22:00:00,-40.59,0.0,40.59,400.0,10.1,10.1,False
A15,2020-07-15 00:00:00,1.3,0.0,1.3,400.0,0.3,0.3,False
A15,2020-07-15 01:00:00,-9.21,0.0,9.21,400.0,2.3,2.3,False
A15,2020-07-15 02:00:00,5.47,0.0,5.47,400.0,1.4,1.4,False
A15,2020-07-15 03:00:00,1.15,0.0,1.15,400.0,0.3,0.3,False
A15,2020-07-15 04:00:00,3.32,0.0,3.32,400.0,0.8,0.8,False
A15,2020-07-15 05:00:00,-7.64,0.0,7.64,400.0,1.9,1.9,False
A15,2020-07-15 06:00:00,-13.72,0.0,13.72,400.0,3.4,3.4,False
A15,2020-07-15 07:00:00,-18.65,0.0,18.65,400.0,4.7,4.7,False
A15,2020-07-15 08:00:00,-29.73,0.0,29.73,400.0,7.4,7.4,False
A15,2020-07-15 09:00:00,-31.69,0.0,31.69,400.0,7.9,7.9,False
A15,2020-07-15 10:00:00,-38.74,0.0,38.74,400.0,9.7,9.7,False
A15,2020-07-15 11:00:00,-51.66,0.0,51.66,400.0,12.9,12.9,False
A15,2020-07-15 12:00:00,-61.26,0.0,61.26,400.0,15.3,15.3,False
A15,2020-07-15 13:00:00,-67.22,0.0,67.22,400.0,16.8,16.8,False
A15,2020-07-15 14:00:00,-73.96,0.0,73.96,400.0,18.5,18.5,False
A15,2020-07-15 15:00:00,-72.41,0.0,72.41,400.0,18.1,18.1,False
A15,2020-07-15 16:00:00,-73.41,0.0,73.41,400.0,18.4,18.4,False
A15,2020-07-15 17:00:00,-63.03,0.0,63.03,400.0,15.8,15.8,False
A15,2020-07-15 18:00:00,-59.23,0.0,59.23,400.0,14.8,14.8,False
A15,2020-07-15 19:00:00,-59.56,0.0,59.56,400.0,14.9,14.9,False
A15,2020-07-15 20:00:00,-38.89,0.0,38.89,400.0,9.7,9.7,False
A15,2020-07-15 21:00:00,-26.5,0.0,26.5,400.0,6.6,6.6,False
A15,2020-07-15 22:00:00,-19.47,0.0,19.47,400.0,4.9,4.9,False
A15,2020-07-15 23:00:00,-14.38,0.0,14.38,400.0,3.6,3.6,False
A15,2020-07-16 00:00:00,-14.26,0.0,14.26,400.0,3.6,3.6,False
A15,2020-07-16 02:00:00,-27.75,0.0,27.75,400.0,6.9,6.9,False
A15,2020-07-16 04:00:00,-12.88,0.0,12.88,400.0,3.2,3.2,False
A15,2020-07-16 06:00:00,-21.82,0.0,21.82,400.0,5.5,5.5,False
A15,2020-07-16 08:00:00,-20.32,0.0,20.32,400.0,5.1,5.1,False
A15,2020-07-16 10:00:00,-51.45,0.0,51.45,400.0,12.9,12.9,False
A15,2020-07-16 12:00:00,-61.62,0.0,61.62,400.0,15.4,15.4,False
A15,2020-07-16 14:00:00,-65.0,0.0,65.0,400.0,16.3,16.3,False
A15,2020-07-16 16:00:00,-60.55,0.0,60.55,400.0,15.1,15.1,False
A15,2020-07-16 18:00:00,-42.71,0.0,42.71,400.0,10.7,10.7,False
A15,2020-07-16 20:00:00,-26.22,0.0,26.22,400.0,6.6,6.6,False
A15,2020-07-16 22:00:00,-41.4,0.0,41.4,400.0,10.3,10.3,False
A16,2020-07-15 00:00:00,4.14,0.0,4.14,400.0,1.0,1.0,False
A16,2020-07-15 01:00:00,-16.59,0.0,16.59,400.0,4.1,4.1,False
A16,2020-07-15 02:00:00,8.21,0.0,8.21,400.0,2.1,2.1,False
A16,2020-07-15 03:00:00,9.33,0.0,9.33,400.0,2.3,2.3,False
A16,2020-07-15 04:00:00,27.81,0.0,27.81,400.0,7.0,7.0,False
A16,2020-07-15 05:00:00,17.2,0.0,17.2,400.0,4.3,4.3,False
A16,2020-07-15 06:00:00,24.12,0.0,24.12,400.0,6.0,6.0,False
A16,2020-07-15 07:00:00,24.5,0.0,24.5,400.0,6.1,6.1,False
A16,2020-07-15 08:00:00,0.49,0.0,0.49,400.0,0.1,0.1,False
A16,2020-07-15 09:00:00,4.37,0.0,4.37,400.0,1.1,1.1,False
A16,2020-07-15 10:00:00,-1.67,0.0,1.67,400.0,0.4,0.4,False
A16,2020-07-15 11:00:00,-9.55,0.0,9.55,400.0,2.4,2.4,False
A16,2020-07-15 12:00:00,-19.28,0.0,19.28,400.0,4.8,4.8,False
A16,2020-07-15 13:00:00,-28.97,0.0,28.97,400.0,7.2,7.2,False
A16,2020-07-15 14:00:00,-33.84,0.0,33.84,400.0,8.5,8.5,False
A16,2020-07-15 15:00:00,-52.98,0.0,52.98,400.0,13.2,13.2,False
A16,2020-07-15 16:00:00,-31.36,0.0,31.36,400.0,7.8,7.8,False
A16,2020-07-15 17:00:00,-26.63,0.0,26.63,400.0,6.7,6.7,False
A16,2020-07-15 18:00:00,-15.08,0.0,15.08,400.0,3.8,3.8,False
A16,2020-07-15 19:00:00,-17.96,0.0,17.96,400.0,4.5,4.5,False
A16,2020-07-15 20:00:00,-3.89,0.0,3.89,400.0,1.0,1.0,False
A16,2020-07-15 21:00:00,4.16,0.0,4.16,400.0,1.0,1.0,False
A16,2020-07-15 22:00:00,21.61,0.0,21.61,400.0,5.4,5.4,False
A16,2020-07-15 23:00:00,17.91,0.0,17.91,400.0,4.5,4.5,False
A16,2020-07-16 00:00:00,-30.81,0.0,30.81,400.0,7.7,7.7,False
A16,2020-07-16 02:00:00,-58.24,0.0,58.24,400.0,14.6,14.6,False
A16,2020-07-16 04:00:00,-26.83,0.0,26.83,400.0,6.7,6.7,False
A16,2020-07-16 06:00:00,-15.64,0.0,15.64,400.0,3.9,3.9,False
A16,2020-07-16 08:00:00,-10.64,0.0,10.64,400.0,2.7,2.7,False
A16,2020-07-16 10:00:00,-20.73,0.0,20.73,400.0,5.2,5.2,False
A16,2020-07-16 12:00:00,-42.03,0.0,42.03,400.0,10.5,10.5,False
A16,2020-07-16 14:00:00,-54.88,0.0,54.88,400.0,13.7,13.7,False
A16,2020-07-16 16:00:00,-49.35,0.0,49.35,400.0,12.3,12.3,False
A16,2020-07-16 18:00:00,-34.71,0.0,34.71,400.0,8.7,8.7,False
A16,2020-07-16 20:00:00,-21.67,0.0,21.67,400.0,5.4,5.4,False
A16,2020-07-16 22:00:00,-49.75,0.0,49.75,400.0,12.4,12.4,False
A17,2020-07-15 00:00:00,8.1,0.0,8.1,400.0,2.0,2.0,False
A17,2020-07-15 01:00:00,-11.68,0.0,11.68,400.0,2.9,2.9,False
A17,2020-07-15 02:00:00,13.04,0.0,13.04,400.0,3.3,3.3,False
A17,2020-07-15 03:00:00,9.84,0.0,9.84,400.0,2.5,2.5,False
A17,2020-07-15 04:00:00,19.69,0.0,19.69,400.0,4.9,4.9,False
A17,2020-07-15 05:00:00,6.75,0.0,6.75,400.0,1.7,1.7,False
A17,2020-07-15 06:00:00,2.69,0.0,2.69,400.0,0.7,0.7,False
A17,2020-07-15 07:00:00,-3.05,0.0,3.05,400.0,0.8,0.8,False
A17,2020-07-15 08:00:00,-21.5,0.0,21.5,400.0,5.4,5.4,False
A17,2020-07-15 09:00:00,-22.83,0.0,22.83,400.0,5.7,5.7,False
A17,2020-07-15 10:00:00,-31.38,0.0,31.38,400.0,7.8,7.8,False
A17,2020-07-15 11:00:00,-45.58,0.0,45.58,400.0,11.4,11.4,False
A17,2020-07-15 12:00:00,-57.48,0.0,57.48,400.0,14.4,14.4,False
A17,2020-07-15 13:00:00,-66.27,0.0,66.27,400.0,16.6,16.6,False
A17,2020-07-15 14:00:00,-73.26,0.0,73.26,400.0,18.3,18.3,False
A17,2020-07-15 15:00:00,-80.57,0.0,80.57,400.0,20.1,20.1,False
A17,2020-07-15 16:00:00,-73.07,0.0,73.07,400.0,18.3,18.3,False
A17,2020-07-15 17:00:00,-62.7,0.0,62.7,400.0,15.7,15.7,False
A17,2020-07-15 18:00:00,-54.09,0.0,54.09,400.0,13.5,13.5,False
A17,2020-07-15 19:00:00,-54.49,0.0,54.49,400.0,13.6,13.6,False
A17,2020-07-15 20:00:00,-32.61,0.0,32.61,400.0,8.2,8.2,False
A17,2020-07-15 21:00:00,-18.86,0.0,18.86,400.0,4.7,4.7,False
A17,2020-07-15 22:00:00,-5.19,0.0,5.19,400.0,1.3,1.3,False
A17,2020-07-15 23:00:00,-0.21,0.0,0.21,400.0,0.1,0.1,False
A17,2020-07-16 00:00:00,-22.44,0.0,22.44,400.0,5.6,5.6,False
A17,2020-07-16 02:00:00,-48.89,0.0,48.89,400.0,12.2,12.2,False
A17,2020-07-16 04:00:00,-19.59,0.0,19.59,400.0,4.9,4.9,False
A17,2020-07-16 06:00:00,-20.52,0.0,20.52,400.0,5.1,5.1,False
A17,2020-07-16 08:00:00,-20.67,0.0,20.67,400.0,5.2,5.2,False
A17,2020-07-16 10:00:00,-50.09,0.0,50.09,400.0,12.5,12.5,False
A17,2020-07-16 12:00:00,-68.3,0.0,68.3,400.0,17.1,17.1,False
A17,2020-07-16 14:00:00,-77.0,0.0,77.0,400.0,19.2,19.2,False
A17,2020-07-16 16:00:00,-70.77,0.0,70.77,400.0,17.7,17.7,False
A17,2020-07-16 18:00:00,-49.79,0.0,49.79,400.0,12.4,12.4,False
A17,2020-07-16 20:00:00,-30.35,0.0,30.35,400.0,7.6,7.6,False
A17,2020-07-16 22:00:00,-50.56,0.0,50.56,400.0,12.6,12.6,False
A18,2020-07-15 00:00:00,60.27,0.0,60.27,500.0,12.1,12.1,False
A18,2020-07-15 01:00:00,45.65,0.0,45.65,500.0,9.1,9.1,False
A18,2020-07-15 02:00:00,65.56,0.0,65.56,500.0,13.1,13.1,False
A18,2020-07-15 03:00:00,50.28,0.0,50.28,500.0,10.1,10.1,False
A18,2020-07-15 04:00:00,34.03,0.0,34.03,500.0,6.8,6.8,False
A18,2020-07-15 05:00:00,17.29,0.0,17.29,500.0,3.5,3.5,False
A18,2020-07-15 06:00:00,8.73,0.0,8.73,500.0,1.7,1.7,False
A18,2020-07-15 07:00:00,2.4,0.0,2.4,500.0,0.5,0.5,False
A18,2020-07-15 08:00:00,3.61,0.0,3.61,500.0,0.7,0.7,False
A18,2020-07-15 09:00:00,-10.36,0.0,10.36,500.0,2.1,2.1,False
A18,2020-07-15 10:00:00,-23.78,0.0,23.78,500.0,4.8,4.8,False
A18,2020-07-15 11:00:00,-50.31,0.0,50.31,500.0,10.1,10.1,False
A18,2020-07-15 12:00:00,-64.71,0.0,64.71,500.0,12.9,12.9,False
A18,2020-07-15 13:00:00,-74.96,0.0,74.96,500.0,15.0,15.0,False
A18,2020-07-15 14:00:00,-94.23,0.0,94.23,500.0,18.8,18.8,False
A18,2020-07-15 15:00:00,-65.86,0.0,65.86,500.0,13.2,13.2,False
A18,2020-07-15 16:00:00,-81.18,0.0,81.18,500.0,16.2,16.2,False
A18,2020-07-15 17:00:00,-61.94,0.0,61.94,500.0,12.4,12.4,False
A18,2020-07-15 18:00:00,-64.61,0.0,64.61,500.0,12.9,12.9,False
A18,2020-07-15 19:00:00,-60.56,0.0,60.56,500.0,12.1,12.1,False
A18,2020-07-15 20:00:00,-21.72,0.0,21.72,500.0,4.3,4.3,False
A18,2020-07-15 21:00:00,5.03,0.0,5.03,500.0,1.0,1.0,False
A18,2020-07-15 22:00:00,3.15,0.0,3.15,500.0,0.6,0.6,False
A18,2020-07-15 23:00:00,5.58,0.0,5.58,500.0,1.1,1.1,False
A18,2020-07-16 00:00:00,47.86,0.0,47.86,500.0,9.6,9.6,False
A18,2020-07-16 02:00:00,29.01,0.0,29.01,500.0,5.8,5.8,False
A18,2020-07-16 04:00:00,46.64,0.0,46.64,500.0,9.3,9.3,False
A18,2020-07-16 06:00:00,39.8,0.0,39.8,500.0,8.0,8.0,False
A18,2020-07-16 08:00:00,42.22,0.0,42.22,500.0,8.4,8.4,False
A18,2020-07-16 10:00:00,-32.68,0.0,32.68,500.0,6.5,6.5,False
A18,2020-07-16 12:00:00,-36.77,0.0,36.77,500.0,7.4,7.4,False
A18,2020-07-16 14:00:00,-30.72,0.0,30.72,500.0,6.1,6.1,False
A18,2020-07-16 16:00:00,-24.08,0.0,24.08,500.0,4.8,4.8,False
A18,2020-07-16 18:00:00,6.55,0.0,6.55,500.0,1.3,1.3,False
A18,2020-07-16 20:00:00,39.56,0.0,39.56,500.0,7.9,7.9,False
A18,2020-07-16 22:00:00,35.89,0.0,35.89,500.0,7.2,7.2,False
A19,2020-07-15 00:00:00,-64.88,0.0,64.88,500.0,13.0,13.0,False
A19,2020-07-15 01:00:00,-81.48,0.0,81.48,500.0,16.3,16.3,False
A19,2020-07-15 02:00:00,-62.72,0.0,62.72,500.0,12.5,12.5,False
A19,2020-07-15 03:00:00,-46.27,0.0,46.27,500.0,9.3,9.3,False
A19,2020-07-15 04:00:00,-1.14,0.0,1.14,500.0,0.2,0.2,False
A19,2020-07-15 05:00:00,-3.61,0.0,3.61,500.0,0.7,0.7,False
A19,2020-07-15 06:00:00,16.69,0.0,16.69,500.0,3.3,3.3,False
A19,2020-07-15 07:00:00,24.56,0.0,24.56,500.0,4.9,4.9,False
A19,2020-07-15 08:00:00,-17.11,0.0,17.11,500.0,3.4,3.4,False
A19,2020-07-15 09:00:00,3.94,0.0,3.94,500.0,0.8,0.8,False
A19,2020-07-15 10:00:00,6.76,0.0,6.76,500.0,1.4,1.4,False
A19,2020-07-15 11:00:00,18.88,0.0,18.88,500.0,3.8,3.8,False
A19,2020-07-15 12:00:00,16.19,0.0,16.19,500.0,3.2,3.2,False
A19,2020-07-15 13:00:00,9.97,0.0,9.97,500.0,2.0,2.0,False
A19,2020-07-15 14:00:00,19.76,0.0,19.76,500.0,4.0,4.0,False
A19,2020-07-15 15:00:00,-37.64,0.0,37.64,500.0,7.5,7.5,False
A19,2020-07-15 16:00:00,12.06,0.0,12.06,500.0,2.4,2.4,False
A19,2020-07-15 17:00:00,2.25,0.0,2.25,500.0,0.5,0.5,False
A19,2020-07-15 18:00:00,23.1,0.0,23.1,500.0,4.6,4.6,False
A19,2020-07-15 19:00:00,13.34,0.0,13.34,500.0,2.7,2.7,False
A19,2020-07-15 20:00:00,1.39,0.0,1.39,500.0,0.3,0.3,False
A19,2020-07-15 21:00:00,-10.63,0.0,10.63,500.0,2.1,2.1,False
A19,2020-07-15 22:00:00,19.39,0.0,19.39,500.0,3.9,3.9,False
A19,2020-07-15 23:00:00,9.72,0.0,9.72,500.0,1.9,1.9,False
A19,2020-07-16 00:00:00,-106.26,0.0,106.26,500.0,21.3,21.3,False
A19,2020-07-16 02:00:00,-126.83,0.0,126.83,500.0,25.4,25.4,False
A19,2020-07-16 04:00:00,-98.59,0.0,98.59,500.0,19.7,19.7,False
A19,2020-07-16 06:00:00,-78.19,0.0,78.19,500.0,15.6,15.6,False
A19,2020-07-16 08:00:00,-69.11,0.0,69.11,500.0,13.8,13.8,False
A19,2020-07-16 10:00:00,-16.29,0.0,16.29,500.0,3.3,3.3,False
A19,2020-07-16 12:00:00,-46.53,0.0,46.53,500.0,9.3,9.3,False
A19,2020-07-16 14:00:00,-72.82,0.0,72.82,500.0,14.6,14.6,False
A19,2020-07-16 16:00:00,-70.22,0.0,70.22,500.0,14.0,14.0,False
A19,2020-07-16 18:00:00,-74.81,0.0,74.81,500.0,15.0,15.0,False
A19,2020-07-16 20:00:00,-84.69,0.0,84.69,500.0,16.9,16.9,False
A19,2020-07-16 22:00:00,-131.28,0.0,131.28,500.0,26.3,26.3,False
A20,2020-07-15 00:00:00,53.35,0.0,53.35,500.0,10.7,10.7,False
A20,2020-07-15 01:00:00,37.07,0.0,37.07,500.0,7.4,7.4,False
A20,2020-07-15 02:00:00,57.1,0.0,57.1,500.0,11.4,11.4,False
A20,2020-07-15 03:00:00,49.39,0.0,49.39,500.0,9.9,9.9,False
A20,2020-07-15 04:00:00,48.23,0.0,48.23,500.0,9.6,9.6,False
A20,2020-07-15 05:00:00,35.57,0.0,35.57,500.0,7.1,7.1,False
A20,2020-07-15 06:00:00,46.23,0.0,46.23,500.0,9.2,9.2,False
A20,2020-07-15 07:00:00,50.61,0.0,50.61,500.0,10.1,10.1,False
A20,2020-07-15 08:00:00,42.1,0.0,42.1,500.0,8.4,8.4,False
A20,2020-07-15 09:00:00,37.25,0.0,37.25,500.0,7.4,7.4,False
A20,2020-07-15 10:00:00,28.22,0.0,28.22,500.0,5.6,5.6,False
A20,2020-07-15 11:00:00,12.76,0.0,12.76,500.0,2.6,2.6,False
A20,2020-07-15 12:00:00,2.15,0.0,2.15,500.0,0.4,0.4,False
A20,2020-07-15 13:00:00,-9.69,0.0,9.69,500.0,1.9,1.9,False
A20,2020-07-15 14:00:00,-25.24,0.0,25.24,500.0,5.0,5.0,False
A20,2020-07-15 15:00:00,-17.57,0.0,17.57,500.0,3.5,3.5,False
A20,2020-07-15 16:00:00,-8.18,0.0,8.18,500.0,1.6,1.6,False
A20,2020-07-15 17:00:00,1.18,0.0,1.18,500.0,0.2,0.2,False
A20,2020-07-15 18:00:00,3.67,0.0,3.67,500.0,0.7,0.7,False
A20,2020-07-15 19:00:00,3.38,0.0,3.38,500.0,0.7,0.7,False
A20,2020-07-15 20:00:00,28.54,0.0,28.54,500.0,5.7,5.7,False
A20,2020-07-15 21:00:00,45.31,0.0,45.31,500.0,9.1,9.1,False
A20,2020-07-15 22:00:00,50.05,0.0,50.05,500.0,10.0,10.0,False
A20,2020-07-15 23:00:00,37.29,0.0,37.29,500.0,7.5,7.5,False
A20,2020-07-16 00:00:00,33.22,0.0,33.22,500.0,6.6,6.6,False
A20,2020-07-16 02:00:00,12.65,0.0,12.65,500.0,2.5,2.5,False
A20,2020-07-16 04:00:00,33.99,0.0,33.99,500.0,6.8,6.8,False
A20,2020-07-16 06:00:00,48.34,0.0,48.34,500.0,9.7,9.7,False
A20,2020-07-16 08:00:00,59.77,0.0,59.77,500.0,12.0,12.0,False
A20,2020-07-16 10:00:00,18.69,0.0,18.69,500.0,3.7,3.7,False
A20,2020-07-16 12:00:00,9.21,0.0,9.21,500.0,1.8,1.8,False
A20,2020-07-16 14:00:00,7.98,0.0,7.98,500.0,1.6,1.6,False
A20,2020-07-16 16:00:00,13.4,0.0,13.4,500.0,2.7,2.7,False
A20,2020-07-16 18:00:00,32.94,0.0,32.94,500.0,6.6,6.6,False
A20,2020-07-16 20:00:00,54.76,0.0,54.76,500.0,11.0,11.0,False
A20,2020-07-16 22:00:00,37.31,0.0,37.31,500.0,7.5,7.5,False
A21,2020-07-15 00:00:00,-50.06,0.0,50.06,500.0,10.0,10.0,False
A21,2020-07-15 01:00:00,-63.09,0.0,63.09,500.0,12.6,12.6,False
A21,2020-07-15 02:00:00,-44.59,0.0,44.59,500.0,8.9,8.9,False
A21,2020-07-15 03:00:00,-44.36,0.0,44.36,500.0,8.9,8.9,False
A21,2020-07-15 04:00:00,-31.57,0.0,31.57,500.0,6.3,6.3,False
A21,2020-07-15 05:00:00,-42.78,0.0,42.78,500.0,8.6,8.6,False
A21,2020-07-15 06:00:00,-63.67,0.0,63.67,500.0,12.7,12.7,False
A21,2020-07-15 07:00:00,-78.74,0.0,78.74,500.0,15.7,15.7,False
A21,2020-07-15 08:00:00,-99.58,0.0,99.58,500.0,19.9,19.9,False
A21,2020-07-15 09:00:00,-98.08,0.0,98.08,500.0,19.6,19.6,False
A21,2020-07-15 10:00:00,-104.66,0.0,104.66,500.0,20.9,20.9,False
A21,2020-07-15 11:00:00,-116.27,0.0,116.27,500.0,23.3,23.3,False
A21,2020-07-15 12:00:00,-127.07,0.0,127.07,500.0,25.4,25.4,False
A21,2020-07-15 13:00:00,-129.9,0.0,129.9,500.0,26.0,26.0,False
A21,2020-07-15 14:00:00,-128.07,0.0,128.07,500.0,25.6,25.6,False
A21,2020-07-15 15:00:00,-141.12,0.0,141.12,500.0,28.2,28.2,False
A21,2020-07-15 16:00:00,-144.37,0.0,144.37,500.0,28.9,28.9,False
A21,2020-07-15 17:00:00,-133.0,0.0,133.0,500.0,26.6,26.6,False
A21,2020-07-15 18:00:00,-123.22,0.0,123.22,500.0,24.6,24.6,False
A21,2020-07-15 19:00:00,-123.67,0.0,123.67,500.0,24.7,24.7,False
A21,2020-07-15 20:00:00,-106.33,0.0,106.33,500.0,21.3,21.3,False
A21,2020-07-15 21:00:00,-96.93,0.0,96.93,500.0,19.4,19.4,False
A21,2020-07-15 22:00:00,-81.12,0.0,81.12,500.0,16.2,16.2,False
A21,2020-07-15 23:00:00,-58.24,0.0,58.24,500.0,11.6,11.6,False
A21,2020-07-16 00:00:00,-74.89,0.0,74.89,500.0,15.0,15.0,False
A21,2020-07-16 02:00:00,-91.78,0.0,91.78,500.0,18.4,18.4,False
A21,2020-07-16 04:00:00,-71.47,0.0,71.47,500.0,14.3,14.3,False
A21,2020-07-16 06:00:00,-96.5,0.0,96.5,500.0,19.3,19.3,False
A21,2020-07-16 08:00:00,-106.73,0.0,106.73,500.0,21.3,21.3,False
A21,2020-07-16 10:00:00,-126.37,0.0,126.37,500.0,25.3,25.3,False
A21,2020-07-16 12:00:00,-145.04,0.0,145.04,500.0,29.0,29.0,False
A21,2020-07-16 14:00:00,-155.75,0.0,155.75,500.0,31.2,31.2,False
A21,2020-07-16 16:00:00,-150.54,0.0,150.54,500.0,30.1,30.1,False
A21,2020-07-16 18:00:00,-131.37,0.0,131.37,500.0,26.3,26.3,False
A21,2020-07-16 20:00:00,-117.26,0.0,117.26,500.0,23.5,23.5,False
A21,2020-07-16 22:00:00,-134.32,0.0,134.32,500.0,26.9,26.9,False
A22,2020-07-15 00:00:00,-85.25,0.0,85.25,500.0,17.1,17.1,False
A22,2020-07-15 01:00:00,-90.79,0.0,90.79,500.0,18.2,18.2,False
A22,2020-07-15 02:00:00,-81.22,0.0,81.22,500.0,16.2,16.2,False
A22,2020-07-15 03:00:00,-76.71,0.0,76.71,500.0,15.3,15.3,False
A22,2020-07-15 04:00:00,-61.8,0.0,61.8,500.0,12.4,12.4,False
A22,2020-07-15 05:00:00,-67.32,0.0,67.32,500.0,13.5,13.5,False
A22,2020-07-15 06:00:00,-96.5,0.0,96.5,500.0,19.3,19.3,False
A22,2020-07-15 07:00:00,-115.71,0.0,115.71,500.0,23.1,23.1,False
A22,2020-07-15 08:00:00,-134.26,0.0,134.26,500.0,26.9,26.9,False
A22,2020-07-15 09:00:00,-129.91,0.0,129.91,500.0,26.0,26.0,False
A22,2020-07-15 10:00:00,-132.25,0.0,132.25,500.0,26.5,26.5,False
A22,2020-07-15 11:00:00,-136.67,0.0,136.67,500.0,27.3,27.3,False
A22,2020-07-15 12:00:00,-142.86,0.0,142.86,500.0,28.6,28.6,False
A22,2020-07-15 13:00:00,-139.49,0.0,139.49,500.0,27.9,27.9,False
A22,2020-07-15 14:00:00,-128.87,0.0,128.87,500.0,25.8,25.8,False
A22,2020-07-15 15:00:00,-147.64,0.0,147.64,500.0,29.5,29.5,False
A22,2020-07-15 16:00:00,-156.45,0.0,156.45,500.0,31.3,31.3,False
A22,2020-07-15 17:00:00,-148.94,0.0,148.94,500.0,29.8,29.8,False
A22,2020-07-15 18:00:00,-139.41,0.0,139.41,500.0,27.9,27.9,False
A22,2020-07-15 19:00:00,-139.74,0.0,139.74,500.0,27.9,27.9,False
A22,2020-07-15 20:00:00,-134.3,0.0,134.3,500.0,26.9,26.9,False
A22,2020-07-15 21:00:00,-133.07,0.0,133.07,500.0,26.6,26.6,False
A22,2020-07-15 22:00:00,-118.07,0.0,118.07,500.0,23.6,23.6,False
A22,2020-07-15 23:00:00,-85.51,0.0,85.51,500.0,17.1,17.1,False
A22,2020-07-16 00:00:00,-101.83,0.0,101.83,500.0,20.4,20.4,False
A22,2020-07-16 02:00:00,-109.31,0.0,109.31,500.0,21.9,21.9,False
A22,2020-07-16 04:00:00,-98.43,0.0,98.43,500.0,19.7,19.7,False
A22,2020-07-16 06:00:00,-134.26,0.0,134.26,500.0,26.9,26.9,False
A22,2020-07-16 08:00:00,-151.97,0.0,151.97,500.0,30.4,30.4,False
A22,2020-07-16 10:00:00,-151.2,0.0,151.2,500.0,30.2,30.2,False
A22,2020-07-16 12:00:00,-166.79,0.0,166.79,500.0,33.4,33.4,False
A22,2020-07-16 14:00:00,-178.06,0.0,178.06,500.0,35.6,35.6,False
A22,2020-07-16 16:00:00,-175.24,0.0,175.24,500.0,35.0,35.0,False
A22,2020-07-16 18:00:00,-164.64,0.0,164.64,500.0,32.9,32.9,False
A22,2020-07-16 20:00:00,-160.95,0.0,160.95,500.0,32.2,32.2,False
A22,2020-07-16 22:00:00,-170.34,0.0,170.34,500.0,34.1,34.1,False
AB2,2020-07-15 00:00:00,49.28,0.0,49.28,500.0,9.9,9.9,False
AB2,2020-07-15 01:00:00,32.61,0.0,32.61,500.0,6.5,6.5,False
AB2,2020-07-15 02:00:00,65.38,0.0,65.38,500.0,13.1,13.1,False
AB2,2020-07-15 03:00:00,37.76,0.0,37.76,500.0,7.6,7.6,False
AB2,2020-07-15 04:00:00,2.78,0.0,2.78,500.0,0.6,0.6,False
AB2,2020-07-15 05:00:00,-30.32,0.0,30.32,500.0,6.1,6.1,False
AB2,2020-07-15 06:00:00,-9.31,0.0,9.31,500.0,1.9,1.9,False
AB2,2020-07-15 07:00:00,-9.16,0.0,9.16,500.0,1.8,1.8,False
AB2,2020-07-15 08:00:00,-9.1,0.0,9.1,500.0,1.8,1.8,False
AB2,2020-07-15 09:00:00,-45.77,0.0,45.77,500.0,9.2,9.2,False
AB2,2020-07-15 10:00:00,-77.61,0.0,77.61,500.0,15.5,15.5,False
AB2,2020-07-15 11:00:00,-126.64,0.0,126.64,500.0,25.3,25.3,False
AB2,2020-07-15 12:00:00,-156.3,0.0,156.3,500.0,31.3,31.3,False
AB2,2020-07-15 13:00:00,-142.04,0.0,142.04,500.0,28.4,28.4,False
AB2,2020-07-15 14:00:00,-140.89,0.0,140.89,500.0,28.2,28.2,False
AB2,2020-07-15 15:00:00,-87.79,0.0,87.79,500.0,17.6,17.6,False
AB2,2020-07-15 16:00:00,-182.72,0.0,182.72,500.0,36.5,36.5,False
AB2,2020-07-15 17:00:00,-154.29,0.0,154.29,500.0,30.9,30.9,False
AB2,2020-07-15 18:00:00,-154.2,0.0,154.2,500.0,30.8,30.8,False
AB2,2020-07-15 19:00:00,-143.28,0.0,143.28,500.0,28.7,28.7,False
AB2,2020-07-15 20:00:00,-73.74,0.0,73.74,500.0,14.7,14.7,False
AB2,2020-07-15 21:00:00,-13.05,0.0,13.05,500.0,2.6,2.6,False
AB2,2020-07-15 22:00:00,-8.74,0.0,8.74,500.0,1.7,1.7,False
AB2,2020-07-15 23:00:00,-38.52,0.0,38.52,500.0,7.7,7.7,False
AB2,2020-07-16 00:00:00,29.06,0.0,29.06,500.0,5.8,5.8,False
AB2,2020-07-16 02:00:00,7.36,0.0,7.36,500.0,1.5,1.5,False
AB2,2020-07-16 04:00:00,27.98,0.0,27.98,500.0,5.6,5.6,False
AB2,2020-07-16 06:00:00,45.48,0.0,45.48,500.0,9.1,9.1,False
AB2,2020-07-16 08:00:00,50.51,0.0,50.51,500.0,10.1,10.1,False
AB2,2020-07-16 10:00:00,-93.34,0.0,93.34,500.0,18.7,18.7,False
AB2,2020-07-16 12:00:00,-111.42,0.0,111.42,500.0,22.3,22.3,False
AB2,2020-07-16 14:00:00,-105.18,0.0,105.18,500.0,21.0,21.0,False
AB2,2020-07-16 16:00:00,-89.12,0.0,89.12,500.0,17.8,17.8,False
AB2,2020-07-16 18:00:00,-32.21,0.0,32.21,500.0,6.4,6.4,False
AB2,2020-07-16 20:00:00,42.01,0.0,42.01,500.0,8.4,8.4,False
AB2,2020-07-16 22:00:00,64.41,0.0,64.41,500.0,12.9,12.9,False
A23,2020-07-15 00:00:00,-176.03,0.0,176.03,500.0,35.2,35.2,False
A23,2020-07-15 01:00:00,-186.01,0.0,186.01,500.0,37.2,37.2,False
A23,2020-07-15 02:00:00,-165.72,0.0,165.72,500.0,33.1,33.1,False
A23,2020-07-15 03:00:00,-149.35,0.0,149.35,500.0,29.9,29.9,False
A23,2020-07-15 04:00:00,-106.27,0.0,106.27,500.0,21.3,21.3,False
A23,2020-07-15 05:00:00,-115.48,0.0,115.48,500.0,23.1,23.1,False
A23,2020-07-15 06:00:00,-102.72,0.0,102.72,500.0,20.5,20.5,False
A23,2020-07-15 07:00:00,-107.39,0.0,107.39,500.0,21.5,21.5,False
A23,2020-07-15 08:00:00,-157.2,0.0,157.2,500.0,31.4,31.4,False
A23,2020-07-15 09:00:00,-146.05,0.0,146.05,500.0,29.2,29.2,False
A23,2020-07-15 10:00:00,-151.82,0.0,151.82,500.0,30.4,30.4,False
A23,2020-07-15 11:00:00,-148.07,0.0,148.07,500.0,29.6,29.6,False
A23,2020-07-15 12:00:00,-158.67,0.0,158.67,500.0,31.7,31.7,False
A23,2020-07-15 13:00:00,-171.07,0.0,171.07,500.0,34.2,34.2,False
A23,2020-07-15 14:00:00,-164.89,0.0,164.89,500.0,33.0,33.0,False
A23,2020-07-15 15:00:00,-223.93,0.0,223.93,500.0,44.8,44.8,False
A23,2020-07-15 16:00:00,-172.44,0.0,172.44,500.0,34.5,34.5,False
A23,2020-07-15 17:00:00,-176.88,0.0,176.88,500.0,35.4,35.4,False
A23,2020-07-15 18:00:00,-148.9,0.0,148.9,500.0,29.8,29.8,False
A23,2020-07-15 19:00:00,-153.66,0.0,153.66,500.0,30.7,30.7,False
A23,2020-07-15 20:00:00,-157.6,0.0,157.6,500.0,31.5,31.5,False
A23,2020-07-15 21:00:00,-156.14,0.0,156.14,500.0,31.2,31.2,False
A23,2020-07-15 22:00:00,-114.11,0.0,114.11,500.0,22.8,22.8,False
A23,2020-07-15 23:00:00,-114.16,0.0,114.16,500.0,22.8,22.8,False
A23,2020-07-16 00:00:00,-220.22,0.0,220.22,500.0,44.0,44.0,False
A23,2020-07-16 02:00:00,-232.63,0.0,232.63,500.0,46.5,46.5,False
A23,2020-07-16 04:00:00,-210.54,0.0,210.54,500.0,42.1,42.1,False
A23,2020-07-16 06:00:00,-209.27,0.0,209.27,500.0,41.9,41.9,False
A23,2020-07-16 08:00:00,-219.64,0.0,219.64,500.0,43.9,43.9,False
A23,2020-07-16 10:00:00,-186.72,0.0,186.72,500.0,37.3,37.3,False
A23,2020-07-16 12:00:00,-231.61,0.0,231.61,500.0,46.3,46.3,False
A23,2020-07-16 14:00:00,-265.07,0.0,265.07,500.0,53.0,53.0,False
A23,2020-07-16 16:00:00,-257.49,0.0,257.49,500.0,51.5,51.5,False
A23,2020-07-16 18:00:00,-249.42,0.0,249.42,500.0,49.9,49.9,False
A23,2020-07-16 20:00:00,-242.4,0.0,242.4,500.0,48.5,48.5,False
A23,2020-07-16 22:00:00,-263.78,0.0,263.78,500.0,52.8,52.8,False
A24,2020-07-15 00:00:00,134.22,0.0,134.22,500.0,26.8,26.8,False
A24,2020-07-15 01:00:00,135.97,0.0,135.97,500.0,27.2,27.2,False
A24,2020-07-15 02:00:00,133.95,0.0,133.95,500.0,26.8,26.8,False
A24,2020-07-15 03:00:00,115.31,0.0,115.31,500.0,23.1,23.1,False
A24,2020-07-15 04:00:00,74.52,0.0,74.52,500.0,14.9,14.9,False
A24,2020-07-15 05:00:00,67.07,0.0,67.07,500.0,13.4,13.4,False
A24,2020-07-15 06:00:00,16.56,0.0,16.56,500.0,3.3,3.3,False
A24,2020-07-15 07:00:00,-8.51,0.0,8.51,500.0,1.7,1.7,False
A24,2020-07-15 08:00:00,10.94,0.0,10.94,500.0,2.2,2.2,False
A24,2020-07-15 09:00:00,13.87,0.0,13.87,500.0,2.8,2.8,False
A24,2020-07-15 10:00:00,18.46,0.0,18.46,500.0,3.7,3.7,False
A24,2020-07-15 11:00:00,18.1,0.0,18.1,500.0,3.6,3.6,False
A24,2020-07-15 12:00:00,-7.48,0.0,7.48,500.0,1.5,1.5,False
A24,2020-07-15 13:00:00,7.03,0.0,7.03,500.0,1.4,1.4,False
A24,2020-07-15 14:00:00,4.73,0.0,4.73,500.0,0.9,0.9,False
A24,2020-07-15 15:00:00,44.85,0.0,44.85,500.0,9.0,9.0,False
A24,2020-07-15 16:00:00,-2.19,0.0,2.19,500.0,0.4,0.4,False
A24,2020-07-15 17:00:00,41.74,0.0,41.74,500.0,8.3,8.3,False
A24,2020-07-15 18:00:00,5.09,0.0,5.09,500.0,1.0,1.0,False
A24,2020-07-15 19:00:00,10.78,0.0,10.78,500.0,2.2,2.2,False
A24,2020-07-15 20:00:00,41.31,0.0,41.31,500.0,8.3,8.3,False
A24,2020-07-15 21:00:00,56.84,0.0,56.84,500.0,11.4,11.4,False
A24,2020-07-15 22:00:00,15.7,0.0,15.7,500.0,3.1,3.1,False
A24,2020-07-15 23:00:00,43.9,0.0,43.9,500.0,8.8,8.8,False
A24,2020-07-16 00:00:00,163.04,0.0,163.04,500.0,32.6,32.6,False
A24,2020-07-16 02:00:00,161.1,0.0,161.1,500.0,32.2,32.2,False
A24,2020-07-16 04:00:00,159.07,0.0,159.07,500.0,31.8,31.8,False
A24,2020-07-16 06:00:00,108.65,0.0,108.65,500.0,21.7,21.7,False
A24,2020-07-16 08:00:00,98.75,0.0,98.75,500.0,19.8,19.8,False
A24,2020-07-16 10:00:00,20.12,0.0,20.12,500.0,4.0,4.0,False
A24,2020-07-16 12:00:00,61.21,0.0,61.21,500.0,12.2,12.2,False
A24,2020-07-16 14:00:00,93.05,0.0,93.05,500.0,18.6,18.6,False
A24,2020-07-16 16:00:00,90.17,0.0,90.17,500.0,18.0,18.0,False
A24,2020-07-16 18:00:00,109.66,0.0,109.66,500.0,21.9,21.9,False
A24,2020-07-16 20:00:00,122.99,0.0,122.99,500.0,24.6,24.6,False
A24,2020-07-16 22:00:00,138.55,0.0,138.55,500.0,27.7,27.7,False
A25-1,2020-07-15 00:00:00,-159.79,0.0,159.79,500.0,32.0,32.0,False
A25-1,2020-07-15 01:00:00,-165.69,0.0,165.69,500.0,33.1,33.1,False
A25-1,2020-07-15 02:00:00,-149.86,0.0,149.86,500.0,30.0,30.0,False
A25-1,2020-07-15 03:00:00,-136.5,0.0,136.5,500.0,27.3,27.3,False
A25-1,2020-07-15 04:00:00,-102.0,0.0,102.0,500.0,20.4,20.4,False
A25-1,2020-07-15 05:00:00,-108.16,0.0,108.16,500.0,21.6,21.6,False
A25-1,2020-07-15 06:00:00,-60.33,0.0,60.33,500.0,12.1,12.1,False
A25-1,2020-07-15 07:00:00,-59.15,0.0,59.15,500.0,11.8,11.8,False
A25-1,2020-07-15 08:00:00,-92.73,0.0,92.73,500.0,18.5,18.5,False
A25-1,2020-07-15 09:00:00,-82.68,0.0,82.68,500.0,16.5,16.5,False
A25-1,2020-07-15 10:00:00,-95.27,0.0,95.27,500.0,19.1,19.1,False
A25-1,2020-07-15 11:00:00,-98.14,0.0,98.14,500.0,19.6,19.6,False
A25-1,2020-07-15 12:00:00,-110.33,0.0,110.33,500.0,22.1,22.1,False
A25-1,2020-07-15 13:00:00,-119.75,0.0,119.75,500.0,23.9,23.9,False
A25-1,2020-07-15 14:00:00,-115.78,0.0,115.78,500.0,23.2,23.2,False
A25-1,2020-07-15 15:00:00,-161.34,0.0,161.34,500.0,32.3,32.3,False
A25-1,2020-07-15 16:00:00,-124.66,0.0,124.66,500.0,24.9,24.9,False
A25-1,2020-07-15 17:00:00,-137.5,0.0,137.5,500.0,27.5,27.5,False
A25-1,2020-07-15 18:00:00,-114.33,0.0,114.33,500.0,22.9,22.9,False
A25-1,2020-07-15 19:00:00,-119.95,0.0,119.95,500.0,24.0,24.0,False
A25-1,2020-07-15 20:00:00,-127.1,0.0,127.1,500.0,25.4,25.4,False
A25-1,2020-07-15 21:00:00,-115.67,0.0,115.67,500.0,23.1,23.1,False
A25-1,2020-07-15 22:00:00,-75.63,0.0,75.63,500.0,15.1,15.1,False
A25-1,2020-07-15 23:00:00,-94.74,0.0,94.74,500.0,18.9,18.9,False
A25-1,2020-07-16 00:00:00,-199.46,0.0,199.46,500.0,39.9,39.9,False
A25-1,2020-07-16 02:00:00,-205.66,0.0,205.66,500.0,41.1,41.1,False
A25-1,2020-07-16 04:00:00,-192.52,0.0,192.52,500.0,38.5,38.5,False
A25-1,2020-07-16 06:00:00,-128.76,0.0,128.76,500.0,25.8,25.8,False
A25-1,2020-07-16 08:00:00,-142.44,0.0,142.44,500.0,28.5,28.5,False
A25-1,2020-07-16 10:00:00,-112.93,0.0,112.93,500.0,22.6,22.6,False
A25-1,2020-07-16 12:00:00,-162.9,0.0,162.9,500.0,32.6,32.6,False
A25-1,2020-07-16 14:00:00,-196.68,0.0,196.68,500.0,39.3,39.3,False
A25-1,2020-07-16 16:00:00,-187.68,0.0,187.68,500.0,37.5,37.5,False
A25-1,2020-07-16 18:00:00,-181.62,0.0,181.62,500.0,36.3,36.3,False
A25-1,2020-07-16 20:00:00,-169.19,0.0,169.19,500.0,33.8,33.8,False
A25-1,2020-07-16 22:00:00,-166.31,0.0,166.31,500.0,33.3,33.3,False
A25-2,2020-07-15 00:00:00,-159.79,0.0,159.79,500.0,32.0,32.0,False
A25-2,2020-07-15 01:00:00,-165.69,0.0,165.69,500.0,33.1,33.1,False
A25-2,2020-07-15 02:00:00,-149.86,0.0,149.86,500.0,30.0,30.0,False
A25-2,2020-07-15 03:00:00,-136.5,0.0,136.5,500.0,27.3,27.3,False
A25-2,2020-07-15 04:00:00,-102.0,0.0,102.0,500.0,20.4,20.4,False
A25-2,2020-07-15 05:00:00,-108.16,0.0,108.16,500.0,21.6,21.6,False
A25-2,2020-07-15 06:00:00,-60.33,0.0,60.33,500.0,12.1,12.1,False
A25-2,2020-07-15 07:00:00,-59.15,0.0,59.15,500.0,11.8,11.8,False
A25-2,2020-07-15 08:00:00,-92.73,0.0,92.73,500.0,18.5,18.5,False
A25-2,2020-07-15 09:00:00,-82.68,0.0,82.68,500.0,16.5,16.5,False
A25-2,2020-07-15 10:00:00,-95.27,0.0,95.27,500.0,19.1,19.1,False
A25-2,2020-07-15 11:00:00,-98.14,0.0,98.14,500.0,19.6,19.6,False
A25-2,2020-07-15 12:00:00,-110.33,0.0,110.33,500.0,22.1,22.1,False
A25-2,2020-07-15 13:00:00,-119.75,0.0,119.75,500.0,23.9,23.9,False
A25-2,2020-07-15 14:00:00,-115.78,0.0,115.78,500.0,23.2,23.2,False
A25-2,2020-07-15 15:00:00,-161.34,0.0,161.34,500.0,32.3,32.3,False
A25-2,2020-07-15 16:00:00,-124.66,0.0,124.66,500.0,24.9,24.9,False
A25-2,2020-07-15 17:00:00,-137.5,0.0,137.5,500.0,27.5,27.5,False
A25-2,2020-07-15 18:00:00,-114.33,0.0,114.33,500.0,22.9,22.9,False
A25-2,2020-07-15 19:00:00,-119.95,0.0,119.95,500.0,24.0,24.0,False
A25-2,2020-07-15 20:00:00,-127.1,0.0,127.1,500.0,25.4,25.4,False
A25-2,2020-07-15 21:00:00,-115.67,0.0,115.67,500.0,23.1,23.1,False
A25-2,2020-07-15 22:00:00,-75.63,0.0,75.63,500.0,15.1,15.1,False
A25-2,2020-07-15 23:00:00,-94.74,0.0,94.74,500.0,18.9,18.9,False
A25-2,2020-07-16 00:00:00,-199.46,0.0,199.46,500.0,39.9,39.9,False
A25-2,2020-07-16 02:00:00,-205.66,0.0,205.66,500.0,41.1,41.1,False
A25-2,2020-07-16 04:00:00,-192.52,0.0,192.52,500.0,38.5,38.5,False
A25-2,2020-07-16 06:00:00,-128.76,0.0,128.76,500.0,25.8,25.8,False
A25-2,2020-07-16 08:00:00,-142.44,0.0,142.44,500.0,28.5,28.5,False
A25-2,2020-07-16 10:00:00,-112.93,0.0,112.93,500.0,22.6,22.6,False
A25-2,2020-07-16 12:00:00,-162.9,0.0,162.9,500.0,32.6,32.6,False
A25-2,2020-07-16 14:00:00,-196.68,0.0,196.68,500.0,39.3,39.3,False
A25-2,2020-07-16 16:00:00,-187.68,0.0,187.68,500.0,37.5,37.5,False
A25-2,2020-07-16 18:00:00,-181.62,0.0,181.62,500.0,36.3,36.3,False
A25-2,2020-07-16 20:00:00,-169.19,0.0,169.19,500.0,33.8,33.8,False
A25-2,2020-07-16 22:00:00,-166.31,0.0,166.31,500.0,33.3,33.3,False
A26,2020-07-15 00:00:00,69.62,0.0,69.62,500.0,13.9,13.9,False
A26,2020-07-15 01:00:00,89.85,0.0,89.85,500.0,18.0,18.0,False
A26,2020-07-15 02:00:00,63.28,0.0,63.28,500.0,12.7,12.7,False
A26,2020-07-15 03:00:00,55.04,0.0,55.04,500.0,11.0,11.0,False
A26,2020-07-15 04:00:00,23.73,0.0,23.73,500.0,4.7,4.7,False
A26,2020-07-15 05:00:00,32.47,0.0,32.47,500.0,6.5,6.5,False
A26,2020-07-15 06:00:00,21.62,0.0,21.62,500.0,4.3,4.3,False
A26,2020-07-15 07:00:00,23.88,0.0,23.88,500.0,4.8,4.8,False
A26,2020-07-15 08:00:00,58.35,0.0,58.35,500.0,11.7,11.7,False
A26,2020-07-15 09:00:00,53.86,0.0,53.86,500.0,10.8,10.8,False
A26,2020-07-15 10:00:00,60.42,0.0,60.42,500.0,12.1,12.1,False
A26,2020-07-15 11:00:00,63.75,0.0,63.75,500.0,12.8,12.8,False
A26,2020-07-15 12:00:00,72.21,0.0,72.21,500.0,14.4,14.4,False
A26,2020-07-15 13:00:00,84.01,0.0,84.01,500.0,16.8,16.8,False
A26,2020-07-15 14:00:00,83.82,0.0,83.82,500.0,16.8,16.8,False
A26,2020-07-15 15:00:00,122.41,0.0,122.41,500.0,24.5,24.5,False
A26,2020-07-15 16:00:00,85.7,0.0,85.7,500.0,17.1,17.1,False
A26,2020-07-15 17:00:00,87.84,0.0,87.84,500.0,17.6,17.6,False
A26,2020-07-15 18:00:00,66.5,0.0,66.5,500.0,13.3,13.3,False
A26,2020-07-15 19:00:00,68.82,0.0,68.82,500.0,13.8,13.8,False
A26,2020-07-15 20:00:00,65.66,0.0,65.66,500.0,13.1,13.1,False
A26,2020-07-15 21:00:00,60.8,0.0,60.8,500.0,12.2,12.2,False
A26,2020-07-15 22:00:00,30.1,0.0,30.1,500.0,6.0,6.0,False
A26,2020-07-15 23:00:00,31.96,0.0,31.96,500.0,6.4,6.4,False
A26,2020-07-16 00:00:00,114.83,0.0,114.83,500.0,23.0,23.0,False
A26,2020-07-16 02:00:00,140.91,0.0,140.91,500.0,28.2,28.2,False
A26,2020-07-16 04:00:00,108.23,0.0,108.23,500.0,21.6,21.6,False
A26,2020-07-16 06:00:00,93.36,0.0,93.36,500.0,18.7,18.7,False
A26,2020-07-16 08:00:00,98.93,0.0,98.93,500.0,19.8,19.8,False
A26,2020-07-16 10:00:00,86.16,0.0,86.16,500.0,17.2,17.2,False
A26,2020-07-16 12:00:00,120.9,0.0,120.9,500.0,24.2,24.2,False
A26,2020-07-16 14:00:00,144.81,0.0,144.81,500.0,29.0,29.0,False
A26,2020-07-16 16:00:00,137.88,0.0,137.88,500.0,27.6,27.6,False
A26,2020-07-16 18:00:00,127.04,0.0,127.04,500.0,25.4,25.4,False
A26,2020-07-16 20:00:00,116.45,0.0,116.45,500.0,23.3,23.3,False
A26,2020-07-16 22:00:00,135.78,0.0,135.78,500.0,27.2,27.2,False
A27,2020-07-15 00:00:00,-274.19,0.0,274.19,500.0,54.8,54.8,False
A27,2020-07-15 01:00:00,-275.22,0.0,275.22,500.0,55.0,55.0,False
A27,2020-07-15 02:00:00,-252.69,0.0,252.69,500.0,50.5,50.5,False
A27,2020-07-15 03:00:00,-218.04,0.0,218.04,500.0,43.6,43.6,False
A27,2020-07-15 04:00:00,-145.6,0.0,145.6,500.0,29.1,29.1,False
A27,2020-07-15 05:00:00,-158.36,0.0,158.36,500.0,31.7,31.7,False
A27,2020-07-15 06:00:00,-74.44,0.0,74.44,500.0,14.9,14.9,False
A27,2020-07-15 07:00:00,-81.32,0.0,81.32,500.0,16.3,16.3,False
A27,2020-07-15 08:00:00,-133.18,0.0,133.18,500.0,26.6,26.6,False
A27,2020-07-15 09:00:00,-101.2,0.0,101.2,500.0,20.2,20.2,False
A27,2020-07-15 10:00:00,-97.71,0.0,97.71,500.0,19.5,19.5,False
A27,2020-07-15 11:00:00,-105.29,0.0,105.29,500.0,21.1,21.1,False
A27,2020-07-15 12:00:00,-95.71,0.0,95.71,500.0,19.1,19.1,False
A27,2020-07-15 13:00:00,-116.84,0.0,116.84,500.0,23.4,23.4,False
A27,2020-07-15 14:00:00,-102.46,0.0,102.46,500.0,20.5,20.5,False
A27,2020-07-15 15:00:00,-235.97,0.0,235.97,500.0,47.2,47.2,False
A27,2020-07-15 16:00:00,-108.1,0.0,108.1,500.0,21.6,21.6,False
A27,2020-07-15 17:00:00,-138.38,0.0,138.38,500.0,27.7,27.7,False
A27,2020-07-15 18:00:00,-105.44,0.0,105.44,500.0,21.1,21.1,False
A27,2020-07-15 19:00:00,-114.32,0.0,114.32,500.0,22.9,22.9,False
A27,2020-07-15 20:00:00,-135.2,0.0,135.2,500.0,27.0,27.0,False
A27,2020-07-15 21:00:00,-134.5,0.0,134.5,500.0,26.9,26.9,False
A27,2020-07-15 22:00:00,-73.89,0.0,73.89,500.0,14.8,14.8,False
A27,2020-07-15 23:00:00,-96.58,0.0,96.58,500.0,19.3,19.3,False
A27,2020-07-16 00:00:00,-334.95,0.0,334.95,500.0,67.0,67.0,False
A27,2020-07-16 02:00:00,-338.93,0.0,338.93,500.0,67.8,67.8,False
A27,2020-07-16 04:00:00,-314.73,0.0,314.73,500.0,62.9,62.9,False
A27,2020-07-16 06:00:00,-212.99,0.0,212.99,500.0,42.6,42.6,False
A27,2020-07-16 08:00:00,-234.3,0.0,234.3,500.0,46.9,46.9,False
A27,2020-07-16 10:00:00,-161.32,0.0,161.32,500.0,32.3,32.3,False
A27,2020-07-16 12:00:00,-226.14,0.0,226.14,500.0,45.2,45.2,False
A27,2020-07-16 14:00:00,-280.42,0.0,280.42,500.0,56.1,56.1,False
A27,2020-07-16 16:00:00,-269.99,0.0,269.99,500.0,54.0,54.0,False
A27,2020-07-16 18:00:00,-266.51,0.0,266.51,500.0,53.3,53.3,False
A27,2020-07-16 20:00:00,-261.48,0.0,261.48,500.0,52.3,52.3,False
A27,2020-07-16 22:00:00,-278.07,0.0,278.07,500.0,55.6,55.6,False
A28,2020-07-15 00:00:00,234.14,0.0,234.14,500.0,46.8,46.8,False
A28,2020-07-15 01:00:00,231.5,0.0,231.5,500.0,46.3,46.3,False
A28,2020-07-15 02:00:00,226.93,0.0,226.93,500.0,45.4,45.4,False
A28,2020-07-15 03:00:00,189.98,0.0,189.98,500.0,38.0,38.0,False
A28,2020-07-15 04:00:00,118.8,0.0,118.8,500.0,23.8,23.8,False
A28,2020-07-15 05:00:00,111.52,0.0,111.52,500.0,22.3,22.3,False
A28,2020-07-15 06:00:00,32.24,0.0,32.24,500.0,6.4,6.4,False
A28,2020-07-15 07:00:00,3.05,0.0,3.05,500.0,0.6,0.6,False
A28,2020-07-15 08:00:00,66.52,0.0,66.52,500.0,13.3,13.3,False
A28,2020-07-15 09:00:00,39.17,0.0,39.17,500.0,7.8,7.8,False
A28,2020-07-15 10:00:00,33.34,0.0,33.34,500.0,6.7,6.7,False
A28,2020-07-15 11:00:00,-5.27,0.0,5.27,500.0,1.1,1.1,False
A28,2020-07-15 12:00:00,-9.08,0.0,9.08,500.0,1.8,1.8,False
A28,2020-07-15 13:00:00,9.75,0.0,9.75,500.0,2.0,2.0,False
A28,2020-07-15 14:00:00,-2.22,0.0,2.22,500.0,0.4,0.4,False
A28,2020-07-15 15:00:00,102.97,0.0,102.97,500.0,20.6,20.6,False
A28,2020-07-15 16:00:00,-20.92,0.0,20.92,500.0,4.2,4.2,False
A28,2020-07-15 17:00:00,17.17,0.0,17.17,500.0,3.4,3.4,False
A28,2020-07-15 18:00:00,-21.41,0.0,21.41,500.0,4.3,4.3,False
A28,2020-07-15 19:00:00,-8.89,0.0,8.89,500.0,1.8,1.8,False
A28,2020-07-15 20:00:00,42.62,0.0,42.62,500.0,8.5,8.5,False
A28,2020-07-15 21:00:00,67.11,0.0,67.11,500.0,13.4,13.4,False
A28,2020-07-15 22:00:00,12.32,0.0,12.32,500.0,2.5,2.5,False
A28,2020-07-15 23:00:00,68.05,0.0,68.05,500.0,13.6,13.6,False
A28,2020-07-16 00:00:00,278.63,0.0,278.63,500.0,55.7,55.7,False
A28,2020-07-16 02:00:00,273.66,0.0,273.66,500.0,54.7,54.7,False
A28,2020-07-16 04:00:00,265.14,0.0,265.14,500.0,53.0,53.0,False
A28,2020-07-16 06:00:00,196.98,0.0,196.98,500.0,39.4,39.4,False
A28,2020-07-16 08:00:00,187.92,0.0,187.92,500.0,37.6,37.6,False
A28,2020-07-16 10:00:00,58.88,0.0,58.88,500.0,11.8,11.8,False
A28,2020-07-16 12:00:00,112.48,0.0,112.48,500.0,22.5,22.5,False
A28,2020-07-16 14:00:00,161.51,0.0,161.51,500.0,32.3,32.3,False
A28,2020-07-16 16:00:00,158.32,0.0,158.32,500.0,31.7,31.7,False
A28,2020-07-16 18:00:00,188.88,0.0,188.88,500.0,37.8,37.8,False
A28,2020-07-16 20:00:00,212.89,0.0,212.89,500.0,42.6,42.6,False
A28,2020-07-16 22:00:00,237.09,0.0,237.09,500.0,47.4,47.4,False
A29,2020-07-15 00:00:00,-102.57,0.0,102.57,500.0,20.5,20.5,False
A29,2020-07-15 01:00:00,-118.51,0.0,118.51,500.0,23.7,23.7,False
A29,2020-07-15 02:00:00,-125.23,0.0,125.23,500.0,25.0,25.0,False
A29,2020-07-15 03:00:00,-109.08,0.0,109.08,500.0,21.8,21.8,False
A29,2020-07-15 04:00:00,-88.98,0.0,88.98,500.0,17.8,17.8,False
A29,2020-07-15 05:00:00,-77.61,0.0,77.61,500.0,15.5,15.5,False
A29,2020-07-15 06:00:00,-33.61,0.0,33.61,500.0,6.7,6.7,False
A29,2020-07-15 07:00:00,-42.26,0.0,42.26,500.0,8.5,8.5,False
A29,2020-07-15 08:00:00,-84.17,0.0,84.17,500.0,16.8,16.8,False
A29,2020-07-15 09:00:00,-99.61,0.0,99.61,500.0,19.9,19.9,False
A29,2020-07-15 10:00:00,-90.93,0.0,90.93,500.0,18.2,18.2,False
A29,2020-07-15 11:00:00,-99.06,0.0,99.06,500.0,19.8,19.8,False
A29,2020-07-15 12:00:00,-87.51,0.0,87.51,500.0,17.5,17.5,False
A29,2020-07-15 13:00:00,-107.21,0.0,107.21,500.0,21.4,21.4,False
A29,2020-07-15 14:00:00,-91.87,0.0,91.87,500.0,18.4,18.4,False
A29,2020-07-15 15:00:00,-102.6,0.0,102.6,500.0,20.5,20.5,False
A29,2020-07-15 16:00:00,-97.3,0.0,97.3,500.0,19.5,19.5,False
A29,2020-07-15 17:00:00,-123.23,0.0,123.23,500.0,24.6,24.6,False
A29,2020-07-15 18:00:00,-95.6,0.0,95.6,500.0,19.1,19.1,False
A29,2020-07-15 19:00:00,-104.96,0.0,104.96,500.0,21.0,21.0,False
A29,2020-07-15 20:00:00,-123.83,0.0,123.83,500.0,24.8,24.8,False
A29,2020-07-15 21:00:00,-124.63,0.0,124.63,500.0,24.9,24.9,False
A29,2020-07-15 22:00:00,-70.92,0.0,70.92,500.0,14.2,14.2,False
A29,2020-07-15 23:00:00,-88.53,0.0,88.53,500.0,17.7,17.7,False
A29,2020-07-16 00:00:00,-131.48,0.0,131.48,500.0,26.3,26.3,False
A29,2020-07-16 02:00:00,-143.56,0.0,143.56,500.0,28.7,28.7,False
A29,2020-07-16 04:00:00,-137.53,0.0,137.53,500.0,27.5,27.5,False
A29,2020-07-16 06:00:00,-72.51,0.0,72.51,500.0,14.5,14.5,False
A29,2020-07-16 08:00:00,-143.63,0.0,143.63,500.0,28.7,28.7,False
A29,2020-07-16 10:00:00,-94.46,0.0,94.46,500.0,18.9,18.9,False
A29,2020-07-16 12:00:00,-136.4,0.0,136.4,500.0,27.3,27.3,False
A29,2020-07-16 14:00:00,-159.5,0.0,159.5,500.0,31.9,31.9,False
A29,2020-07-16 16:00:00,-155.56,0.0,155.56,500.0,31.1,31.1,False
A29,2020-07-16 18:00:00,-170.69,0.0,170.69,500.0,34.1,34.1,False
A29,2020-07-16 20:00:00,-175.32,0.0,175.32,500.0,35.1,35.1,False
A29,2020-07-16 22:00:00,-184.46,0.0,184.46,500.0,36.9,36.9,False
A30,2020-07-15 00:00:00,-177.73,0.0,177.73,500.0,35.5,35.5,False
A30,2020-07-15 01:00:00,-161.84,0.0,161.84,500.0,32.4,32.4,False
A30,2020-07-15 02:00:00,-133.47,0.0,133.47,500.0,26.7,26.7,False
A30,2020-07-15 03:00:00,-114.91,0.0,114.91,500.0,23.0,23.0,False
A30,2020-07-15 04:00:00,-62.96,0.0,62.96,500.0,12.6,12.6,False
A30,2020-07-15 05:00:00,-87.07,0.0,87.07,500.0,17.4,17.4,False
A30,2020-07-15 06:00:00,-47.24,0.0,47.24,500.0,9.4,9.4,False
A30,2020-07-15 07:00:00,-45.5,0.0,45.5,500.0,9.1,9.1,False
A30,2020-07-15 08:00:00,-55.26,0.0,55.26,500.0,11.1,11.1,False
A30,2020-07-15 09:00:00,-7.89,0.0,7.89,500.0,1.6,1.6,False
A30,2020-07-15 10:00:00,-13.09,0.0,13.09,500.0,2.6,2.6,False
A30,2020-07-15 11:00:00,-12.49,0.0,12.49,500.0,2.5,2.5,False
A30,2020-07-15 12:00:00,-14.38,0.0,14.38,500.0,2.9,2.9,False
A30,2020-07-15 13:00:00,-15.73,0.0,15.73,500.0,3.1,3.1,False
A30,2020-07-15 14:00:00,-16.67,0.0,16.67,500.0,3.3,3.3,False
A30,2020-07-15 15:00:00,-139.08,0.0,139.08,500.0,27.8,27.8,False
A30,2020-07-15 16:00:00,-16.87,0.0,16.87,500.0,3.4,3.4,False
A30,2020-07-15 17:00:00,-21.24,0.0,21.24,500.0,4.2,4.2,False
A30,2020-07-15 18:00:00,-16.07,0.0,16.07,500.0,3.2,3.2,False
A30,2020-07-15 19:00:00,-15.6,0.0,15.6,500.0,3.1,3.1,False
A30,2020-07-15 20:00:00,-17.65,0.0,17.65,500.0,3.5,3.5,False
A30,2020-07-15 21:00:00,-16.14,0.0,16.14,500.0,3.2,3.2,False
A30,2020-07-15 22:00:00,-9.38,0.0,9.38,500.0,1.9,1.9,False
A30,2020-07-15 23:00:00,-14.42,0.0,14.42,500.0,2.9,2.9,False
A30,2020-07-16 00:00:00,-208.44,0.0,208.44,500.0,41.7,41.7,False
A30,2020-07-16 02:00:00,-197.86,0.0,197.86,500.0,39.6,39.6,False
A30,2020-07-16 04:00:00,-182.22,0.0,182.22,500.0,36.4,36.4,False
A30,2020-07-16 06:00:00,-146.29,0.0,146.29,500.0,29.3,29.3,False
A30,2020-07-16 08:00:00,-96.65,0.0,96.65,500.0,19.3,19.3,False
A30,2020-07-16 10:00:00,-73.0,0.0,73.0,500.0,14.6,14.6,False
A30,2020-07-16 12:00:00,-95.65,0.0,95.65,500.0,19.1,19.1,False
A30,2020-07-16 14:00:00,-126.69,0.0,126.69,500.0,25.3,25.3,False
A30,2020-07-16 16:00:00,-120.26,0.0,120.26,500.0,24.1,24.1,False
A30,2020-07-16 18:00:00,-101.76,0.0,101.76,500.0,20.4,20.4,False
A30,2020-07-16 20:00:00,-92.09,0.0,92.09,500.0,18.4,18.4,False
A30,2020-07-16 22:00:00,-98.66,0.0,98.66,500.0,19.7,19.7,False
A31-1,2020-07-15 00:00:00,-59.49,0.0,59.49,500.0,11.9,11.9,False
A31-1,2020-07-15 01:00:00,-62.13,0.0,62.13,500.0,12.4,12.4,False
A31-1,2020-07-15 02:00:00,-49.89,0.0,49.89,500.0,10.0,10.0,False
A31-1,2020-07-15 03:00:00,-55.87,0.0,55.87,500.0,11.2,11.2,False
A31-1,2020-07-15 04:00:00,-47.44,0.0,47.44,500.0,9.5,9.5,False
A31-1,2020-07-15 05:00:00,-47.55,0.0,47.55,500.0,9.5,9.5,False
A31-1,2020-07-15 06:00:00,-32.0,0.0,32.0,500.0,6.4,6.4,False
A31-1,2020-07-15 07:00:00,-1.83,0.0,1.83,500.0,0.4,0.4,False
A31-1,2020-07-15 08:00:00,-3.41,0.0,3.41,500.0,0.7,0.7,False
A31-1,2020-07-15 09:00:00,-10.06,0.0,10.06,500.0,2.0,2.0,False
A31-1,2020-07-15 10:00:00,-44.94,0.0,44.94,500.0,9.0,9.0,False
A31-1,2020-07-15 11:00:00,-38.17,0.0,38.17,500.0,7.6,7.6,False
A31-1,2020-07-15 12:00:00,-60.22,0.0,60.22,500.0,12.0,12.0,False
A31-1,2020-07-15 13:00:00,-55.7,0.0,55.7,500.0,11.1,11.1,False
A31-1,2020-07-15 14:00:00,-69.37,0.0,69.37,500.0,13.9,13.9,False
A31-1,2020-07-15 15:00:00,-42.17,0.0,42.17,500.0,8.4,8.4,False
A31-1,2020-07-15 16:00:00,-73.01,0.0,73.01,500.0,14.6,14.6,False
A31-1,2020-07-15 17:00:00,-81.71,0.0,81.71,500.0,16.3,16.3,False
A31-1,2020-07-15 18:00:00,-61.89,0.0,61.89,500.0,12.4,12.4,False
A31-1,2020-07-15 19:00:00,-62.27,0.0,62.27,500.0,12.5,12.5,False
A31-1,2020-07-15 20:00:00,-64.66,0.0,64.66,500.0,12.9,12.9,False
A31-1,2020-07-15 21:00:00,-53.55,0.0,53.55,500.0,10.7,10.7,False
A31-1,2020-07-15 22:00:00,-40.72,0.0,40.72,500.0,8.1,8.1,False
A31-1,2020-07-15 23:00:00,-63.0,0.0,63.0,500.0,12.6,12.6,False
A31-1,2020-07-16 00:00:00,-76.76,0.0,76.76,500.0,15.4,15.4,False
A31-1,2020-07-16 02:00:00,-76.69,0.0,76.69,500.0,15.3,15.3,False
A31-1,2020-07-16 04:00:00,-78.04,0.0,78.04,500.0,15.6,15.6,False
A31-1,2020-07-16 06:00:00,-61.67,0.0,61.67,500.0,12.3,12.3,False
A31-1,2020-07-16 08:00:00,-21.37,0.0,21.37,500.0,4.3,4.3,False
A31-1,2020-07-16 10:00:00,-13.8,0.0,13.8,500.0,2.8,2.8,False
A31-1,2020-07-16 12:00:00,-47.43,0.0,47.43,500.0,9.5,9.5,False
A31-1,2020-07-16 14:00:00,-65.19,0.0,65.19,500.0,13.0,13.0,False
A31-1,2020-07-16 16:00:00,-58.92,0.0,58.92,500.0,11.8,11.8,False
A31-1,2020-07-16 18:00:00,-55.57,0.0,55.57,500.0,11.1,11.1,False
A31-1,2020-07-16 20:00:00,-43.39,0.0,43.39,500.0,8.7,8.7,False
A31-1,2020-07-16 22:00:00,-26.63,0.0,26.63,500.0,5.3,5.3,False
A31-2,2020-07-15 00:00:00,-59.49,0.0,59.49,500.0,11.9,11.9,False
A31-2,2020-07-15 01:00:00,-62.13,0.0,62.13,500.0,12.4,12.4,False
A31-2,2020-07-15 02:00:00,-49.89,0.0,49.89,500.0,10.0,10.0,False
A31-2,2020-07-15 03:00:00,-55.87,0.0,55.87,500.0,11.2,11.2,False
A31-2,2020-07-15 04:00:00,-47.44,0.0,47.44,500.0,9.5,9.5,False
A31-2,2020-07-15 05:00:00,-47.55,0.0,47.55,500.0,9.5,9.5,False
A31-2,2020-07-15 06:00:00,-32.0,0.0,32.0,500.0,6.4,6.4,False
A31-2,2020-07-15 07:00:00,-1.83,0.0,1.83,500.0,0.4,0.4,False
A31-2,2020-07-15 08:00:00,-3.41,0.0,3.41,500.0,0.7,0.7,False
A31-2,2020-07-15 09:00:00,-10.06,0.0,10.06,500.0,2.0,2.0,False
A31-2,2020-07-15 10:00:00,-44.94,0.0,44.94,500.0,9.0,9.0,False
A31-2,2020-07-15 11:00:00,-38.17,0.0,38.17,500.0,7.6,7.6,False
A31-2,2020-07-15 12:00:00,-60.22,0.0,60.22,500.0,12.0,12.0,False
A31-2,2020-07-15 13:00:00,-55.7,0.0,55.7,500.0,11.1,11.1,False
A31-2,2020-07-15 14:00:00,-69.37,0.0,69.37,500.0,13.9,13.9,False
A31-2,2020-07-15 15:00:00,-42.17,0.0,42.17,500.0,8.4,8.4,False
A31-2,2020-07-15 16:00:00,-73.01,0.0,73.01,500.0,14.6,14.6,False
A31-2,2020-07-15 17:00:00,-81.71,0.0,81.71,500.0,16.3,16.3,False
A31-2,2020-07-15 18:00:00,-61.89,0.0,61.89,500.0,12.4,12.4,False
A31-2,2020-07-15 19:00:00,-62.27,0.0,62.27,500.0,12.5,12.5,False
A31-2,2020-07-15 20:00:00,-64.66,0.0,64.66,500.0,12.9,12.9,False
A31-2,2020-07-15 21:00:00,-53.55,0.0,53.55,500.0,10.7,10.7,False
A31-2,2020-07-15 22:00:00,-40.72,0.0,40.72,500.0,8.1,8.1,False
A31-2,2020-07-15 23:00:00,-63.0,0.0,63.0,500.0,12.6,12.6,False
A31-2,2020-07-16 00:00:00,-76.76,0.0,76.76,500.0,15.4,15.4,False
A31-2,2020-07-16 02:00:00,-76.69,0.0,76.69,500.0,15.3,15.3,False
A31-2,2020-07-16 04:00:00,-78.04,0.0,78.04,500.0,15.6,15.6,False
A31-2,2020-07-16 06:00:00,-61.67,0.0,61.67,500.0,12.3,12.3,False
A31-2,2020-07-16 08:00:00,-21.37,0.0,21.37,500.0,4.3,4.3,False
A31-2,2020-07-16 10:00:00,-13.8,0.0,13.8,500.0,2.8,2.8,False
A31-2,2020-07-16 12:00:00,-47.43,0.0,47.43,500.0,9.5,9.5,False
A31-2,2020-07-16 14:00:00,-65.19,0.0,65.19,500.0,13.0,13.0,False
A31-2,2020-07-16 16:00:00,-58.92,0.0,58.92,500.0,11.8,11.8,False
A31-2,2020-07-16 18:00:00,-55.57,0.0,55.57,500.0,11.1,11.1,False
A31-2,2020-07-16 20:00:00,-43.39,0.0,43.39,500.0,8.7,8.7,False
A31-2,2020-07-16 22:00:00,-26.63,0.0,26.63,500.0,5.3,5.3,False
A32-1,2020-07-15 00:00:00,65.02,0.0,65.02,500.0,13.0,13.0,False
A32-1,2020-07-15 01:00:00,66.81,0.0,66.81,500.0,13.4,13.4,False
A32-1,2020-07-15 02:00:00,65.21,0.0,65.21,500.0,13.0,13.0,False
A32-1,2020-07-15 03:00:00,46.71,0.0,46.71,500.0,9.3,9.3,False
A32-1,2020-07-15 04:00:00,10.14,0.0,10.14,500.0,2.0,2.0,False
A32-1,2020-07-15 05:00:00,3.36,0.0,3.36,500.0,0.7,0.7,False
A32-1,2020-07-15 06:00:00,-39.8,0.0,39.8,500.0,8.0,8.0,False
A32-1,2020-07-15 07:00:00,-60.24,0.0,60.24,500.0,12.0,12.0,False
A32-1,2020-07-15 08:00:00,-32.3,0.0,32.3,500.0,6.5,6.5,False
A32-1,2020-07-15 09:00:00,-50.59,0.0,50.59,500.0,10.1,10.1,False
A32-1,2020-07-15 10:00:00,-57.52,0.0,57.52,500.0,11.5,11.5,False
A32-1,2020-07-15 11:00:00,-80.73,0.0,80.73,500.0,16.1,16.1,False
A32-1,2020-07-15 12:00:00,-86.32,0.0,86.32,500.0,17.3,17.3,False
A32-1,2020-07-15 13:00:00,-79.78,0.0,79.78,500.0,16.0,16.0,False
A32-1,2020-07-15 14:00:00,-87.45,0.0,87.45,500.0,17.5,17.5,False
A32-1,2020-07-15 15:00:00,-35.61,0.0,35.61,500.0,7.1,7.1,False
A32-1,2020-07-15 16:00:00,-96.73,0.0,96.73,500.0,19.3,19.3,False
A32-1,2020-07-15 17:00:00,-75.19,0.0,75.19,500.0,15.0,15.0,False
A32-1,2020-07-15 18:00:00,-91.15,0.0,91.15,500.0,18.2,18.2,False
A32-1,2020-07-15 19:00:00,-82.56,0.0,82.56,500.0,16.5,16.5,False
A32-1,2020-07-15 20:00:00,-53.07,0.0,53.07,500.0,10.6,10.6,False
A32-1,2020-07-15 21:00:00,-34.53,0.0,34.53,500.0,6.9,6.9,False
A32-1,2020-07-15 22:00:00,-56.33,0.0,56.33,500.0,11.3,11.3,False
A32-1,2020-07-15 23:00:00,-23.98,0.0,23.98,500.0,4.8,4.8,False
A32-1,2020-07-16 00:00:00,85.99,0.0,85.99,500.0,17.2,17.2,False
A32-1,2020-07-16 02:00:00,87.39,0.0,87.39,500.0,17.5,17.5,False
A32-1,2020-07-16 04:00:00,80.18,0.0,80.18,500.0,16.0,16.0,False
A32-1,2020-07-16 06:00:00,37.15,0.0,37.15,500.0,7.4,7.4,False
A32-1,2020-07-16 08:00:00,23.54,0.0,23.54,500.0,4.7,4.7,False
A32-1,2020-07-16 10:00:00,-50.27,0.0,50.27,500.0,10.1,10.1,False
A32-1,2020-07-16 12:00:00,-30.29,0.0,30.29,500.0,6.1,6.1,False
A32-1,2020-07-16 14:00:00,-9.12,0.0,9.12,500.0,1.8,1.8,False
A32-1,2020-07-16 16:00:00,-8.39,0.0,8.39,500.0,1.7,1.7,False
A32-1,2020-07-16 18:00:00,12.79,0.0,12.79,500.0,2.6,2.6,False
A32-1,2020-07-16 20:00:00,32.67,0.0,32.67,500.0,6.5,6.5,False
A32-1,2020-07-16 22:00:00,56.57,0.0,56.57,500.0,11.3,11.3,False
A32-2,2020-07-15 00:00:00,65.02,0.0,65.02,500.0,13.0,13.0,False
A32-2,2020-07-15 01:00:00,66.81,0.0,66.81,500.0,13.4,13.4,False
A32-2,2020-07-15 02:00:00,65.21,0.0,65.21,500.0,13.0,13.0,False
A32-2,2020-07-15 03:00:00,46.71,0.0,46.71,500.0,9.3,9.3,False
A32-2,2020-07-15 04:00:00,10.14,0.0,10.14,500.0,2.0,2.0,False
A32-2,2020-07-15 05:00:00,3.36,0.0,3.36,500.0,0.7,0.7,False
A32-2,2020-07-15 06:00:00,-39.8,0.0,39.8,500.0,8.0,8.0,False
A32-2,2020-07-15 07:00:00,-60.24,0.0,60.24,500.0,12.0,12.0,False
A32-2,2020-07-15 08:00:00,-32.3,0.0,32.3,500.0,6.5,6.5,False
A32-2,2020-07-15 09:00:00,-50.59,0.0,50.59,500.0,10.1,10.1,False
A32-2,2020-07-15 10:00:00,-57.52,0.0,57.52,500.0,11.5,11.5,False
A32-2,2020-07-15 11:00:00,-80.73,0.0,80.73,500.0,16.1,16.1,False
A32-2,2020-07-15 12:00:00,-86.32,0.0,86.32,500.0,17.3,17.3,False
A32-2,2020-07-15 13:00:00,-79.78,0.0,79.78,500.0,16.0,16.0,False
A32-2,2020-07-15 14:00:00,-87.45,0.0,87.45,500.0,17.5,17.5,False
A32-2,2020-07-15 15:00:00,-35.61,0.0,35.61,500.0,7.1,7.1,False
A32-2,2020-07-15 16:00:00,-96.73,0.0,96.73,500.0,19.3,19.3,False
A32-2,2020-07-15 17:00:00,-75.19,0.0,75.19,500.0,15.0,15.0,False
A32-2,2020-07-15 18:00:00,-91.15,0.0,91.15,500.0,18.2,18.2,False
A32-2,2020-07-15 19:00:00,-82.56,0.0,82.56,500.0,16.5,16.5,False
A32-2,2020-07-15 20:00:00,-53.07,0.0,53.07,500.0,10.6,10.6,False
A32-2,2020-07-15 21:00:00,-34.53,0.0,34.53,500.0,6.9,6.9,False
A32-2,2020-07-15 22:00:00,-56.33,0.0,56.33,500.0,11.3,11.3,False
A32-2,2020-07-15 23:00:00,-23.98,0.0,23.98,500.0,4.8,4.8,False
A32-2,2020-07-16 00:00:00,85.99,0.0,85.99,500.0,17.2,17.2,False
A32-2,2020-07-16 02:00:00,87.39,0.0,87.39,500.0,17.5,17.5,False
A32-2,2020-07-16 04:00:00,80.18,0.0,80.18,500.0,16.0,16.0,False
A32-2,2020-07-16 06:00:00,37.15,0.0,37.15,500.0,7.4,7.4,False
A32-2,2020-07-16 08:00:00,23.54,0.0,23.54,500.0,4.7,4.7,False
A32-2,2020-07-16 10:00:00,-50.27,0.0,50.27,500.0,10.1,10.1,False
A32-2,2020-07-16 12:00:00,-30.29,0.0,30.29,500.0,6.1,6.1,False
A32-2,2020-07-16 14:00:00,-9.12,0.0,9.12,500.0,1.8,1.8,False
A32-2,2020-07-16 16:00:00,-8.39,0.0,8.39,500.0,1.7,1.7,False
A32-2,2020-07-16 18:00:00,12.79,0.0,12.79,500.0,2.6,2.6,False
A32-2,2020-07-16 20:00:00,32.67,0.0,32.67,500.0,6.5,6.5,False
A32-2,2020-07-16 22:00:00,56.57,0.0,56.57,500.0,11.3,11.3,False
A33-1,2020-07-15 00:00:00,27.31,0.0,27.31,500.0,5.5,5.5,False
A33-1,2020-07-15 01:00:00,31.46,0.0,31.46,500.0,6.3,6.3,False
A33-1,2020-07-15 02:00:00,30.21,0.0,30.21,500.0,6.0,6.0,False
A33-1,2020-07-15 03:00:00,11.69,0.0,11.69,500.0,2.3,2.3,False
A33-1,2020-07-15 04:00:00,-25.62,0.0,25.62,500.0,5.1,5.1,False
A33-1,2020-07-15 05:00:00,-34.62,0.0,34.62,500.0,6.9,6.9,False
A33-1,2020-07-15 06:00:00,-80.29,0.0,80.29,500.0,16.1,16.1,False
A33-1,2020-07-15 07:00:00,-104.87,0.0,104.87,500.0,21.0,21.0,False
A33-1,2020-07-15 08:00:00,-79.58,0.0,79.58,500.0,15.9,15.9,False
A33-1,2020-07-15 09:00:00,-101.15,0.0,101.15,500.0,20.2,20.2,False
A33-1,2020-07-15 10:00:00,-110.9,0.0,110.9,500.0,22.2,22.2,False
A33-1,2020-07-15 11:00:00,-136.87,0.0,136.87,500.0,27.4,27.4,False
A33-1,2020-07-15 12:00:00,-145.06,0.0,145.06,500.0,29.0,29.0,False
A33-1,2020-07-15 13:00:00,-140.55,0.0,140.55,500.0,28.1,28.1,False
A33-1,2020-07-15 14:00:00,-149.4,0.0,149.4,500.0,29.9,29.9,False
A33-1,2020-07-15 15:00:00,-98.04,0.0,98.04,500.0,19.6,19.6,False
A33-1,2020-07-15 16:00:00,-158.63,0.0,158.63,500.0,31.7,31.7,False
A33-1,2020-07-15 17:00:00,-135.32,0.0,135.32,500.0,27.1,27.1,False
A33-1,2020-07-15 18:00:00,-148.95,0.0,148.95,500.0,29.8,29.8,False
A33-1,2020-07-15 19:00:00,-138.71,0.0,138.71,500.0,27.7,27.7,False
A33-1,2020-07-15 20:00:00,-106.58,0.0,106.58,500.0,21.3,21.3,False
A33-1,2020-07-15 21:00:00,-83.6,0.0,83.6,500.0,16.7,16.7,False
A33-1,2020-07-15 22:00:00,-101.46,0.0,101.46,500.0,20.3,20.3,False
A33-1,2020-07-15 23:00:00,-65.93,0.0,65.93,500.0,13.2,13.2,False
A33-1,2020-07-16 00:00:00,47.55,0.0,47.55,500.0,9.5,9.5,False
A33-1,2020-07-16 02:00:00,52.06,0.0,52.06,500.0,10.4,10.4,False
A33-1,2020-07-16 04:00:00,42.4,0.0,42.4,500.0,8.5,8.5,False
A33-1,2020-07-16 06:00:00,-7.08,0.0,7.08,500.0,1.4,1.4,False
A33-1,2020-07-16 08:00:00,-27.14,0.0,27.14,500.0,5.4,5.4,False
A33-1,2020-07-16 10:00:00,-107.54,0.0,107.54,500.0,21.5,21.5,False
A33-1,2020-07-16 12:00:00,-92.36,0.0,92.36,500.0,18.5,18.5,False
A33-1,2020-07-16 14:00:00,-73.53,0.0,73.53,500.0,14.7,14.7,False
A33-1,2020-07-16 16:00:00,-71.17,0.0,71.17,500.0,14.2,14.2,False
A33-1,2020-07-16 18:00:00,-45.82,0.0,45.82,500.0,9.2,9.2,False
A33-1,2020-07-16 20:00:00,-20.36,0.0,20.36,500.0,4.1,4.1,False
A33-1,2020-07-16 22:00:00,12.0,0.0,12.0,500.0,2.4,2.4,False
A33-2,2020-07-15 00:00:00,27.31,0.0,27.31,500.0,5.5,5.5,False
A33-2,2020-07-15 01:00:00,31.46,0.0,31.46,500.0,6.3,6.3,False
A33-2,2020-07-15 02:00:00,30.21,0.0,30.21,500.0,6.0,6.0,False
A33-2,2020-07-15 03:00:00,11.69,0.0,11.69,500.0,2.3,2.3,False
A33-2,2020-07-15 04:00:00,-25.62,0.0,25.62,500.0,5.1,5.1,False
A33-2,2020-07-15 05:00:00,-34.62,0.0,34.62,500.0,6.9,6.9,False
A33-2,2020-07-15 06:00:00,-80.29,0.0,80.29,500.0,16.1,16.1,False
A33-2,2020-07-15 07:00:00,-104.87,0.0,104.87,500.0,21.0,21.0,False
A33-2,2020-07-15 08:00:00,-79.58,0.0,79.58,500.0,15.9,15.9,False
A33-2,2020-07-15 09:00:00,-101.15,0.0,101.15,500.0,20.2,20.2,False
A33-2,2020-07-15 10:00:00,-110.9,0.0,110.9,500.0,22.2,22.2,False
A33-2,2020-07-15 11:00:00,-136.87,0.0,136.87,500.0,27.4,27.4,False
A33-2,2020-07-15 12:00:00,-145.06,0.0,145.06,500.0,29.0,29.0,False
A33-2,2020-07-15 13:00:00,-140.55,0.0,140.55,500.0,28.1,28.1,False
A33-2,2020-07-15 14:00:00,-149.4,0.0,149.4,500.0,29.9,29.9,False
A33-2,2020-07-15 15:00:00,-98.04,0.0,98.04,500.0,19.6,19.6,False
A33-2,2020-07-15 16:00:00,-158.63,0.0,158.63,500.0,31.7,31.7,False
A33-2,2020-07-15 17:00:00,-135.32,0.0,135.32,500.0,27.1,27.1,False
A33-2,2020-07-15 18:00:00,-148.95,0.0,148.95,500.0,29.8,29.8,False
A33-2,2020-07-15 19:00:00,-138.71,0.0,138.71,500.0,27.7,27.7,False
A33-2,2020-07-15 20:00:00,-106.58,0.0,106.58,500.0,21.3,21.3,False
A33-2,2020-07-15 21:00:00,-83.6,0.0,83.6,500.0,16.7,16.7,False
A33-2,2020-07-15 22:00:00,-101.46,0.0,101.46,500.0,20.3,20.3,False
A33-2,2020-07-15 23:00:00,-65.93,0.0,65.93,500.0,13.2,13.2,False
A33-2,2020-07-16 00:00:00,47.55,0.0,47.55,500.0,9.5,9.5,False
A33-2,2020-07-16 02:00:00,52.06,0.0,52.06,500.0,10.4,10.4,False
A33-2,2020-07-16 04:00:00,42.4,0.0,42.4,500.0,8.5,8.5,False
A33-2,2020-07-16 06:00:00,-7.08,0.0,7.08,500.0,1.4,1.4,False
A33-2,2020-07-16 08:00:00,-27.14,0.0,27.14,500.0,5.4,5.4,False
A33-2,2020-07-16 10:00:00,-107.54,0.0,107.54,500.0,21.5,21.5,False
A33-2,2020-07-16 12:00:00,-92.36,0.0,92.36,500.0,18.5,18.5,False
A33-2,2020-07-16 14:00:00,-73.53,0.0,73.53,500.0,14.7,14.7,False
A33-2,2020-07-16 16:00:00,-71.17,0.0,71.17,500.0,14.2,14.2,False
A33-2,2020-07-16 18:00:00,-45.82,0.0,45.82,500.0,9.2,9.2,False
A33-2,2020-07-16 20:00:00,-20.36,0.0,20.36,500.0,4.1,4.1,False
A33-2,2020-07-16 22:00:00,12.0,0.0,12.0,500.0,2.4,2.4,False
A34,2020-07-15 00:00:00,-230.57,0.0,230.57,500.0,46.1,46.1,False
A34,2020-07-15 01:00:00,-201.74,0.0,201.74,500.0,40.3,40.3,False
A34,2020-07-15 02:00:00,-161.24,0.0,161.24,500.0,32.2,32.2,False
A34,2020-07-15 03:00:00,-133.62,0.0,133.62,500.0,26.7,26.7,False
A34,2020-07-15 04:00:00,-60.76,0.0,60.76,500.0,12.2,12.2,False
A34,2020-07-15 05:00:00,-100.29,0.0,100.29,500.0,20.1,20.1,False
A34,2020-07-15 06:00:00,-53.79,0.0,53.79,500.0,10.8,10.8,False
A34,2020-07-15 07:00:00,-60.86,0.0,60.86,500.0,12.2,12.2,False
A34,2020-07-15 08:00:00,-66.69,0.0,66.69,500.0,13.3,13.3,False
A34,2020-07-15 09:00:00,12.17,0.0,12.17,500.0,2.4,2.4,False
A34,2020-07-15 10:00:00,15.69,0.0,15.69,500.0,3.1,3.1,False
A34,2020-07-15 11:00:00,15.71,0.0,15.71,500.0,3.1,3.1,False
A34,2020-07-15 12:00:00,18.83,0.0,18.83,500.0,3.8,3.8,False
A34,2020-07-15 13:00:00,19.08,0.0,19.08,500.0,3.8,3.8,False
A34,2020-07-15 14:00:00,19.7,0.0,19.7,500.0,3.9,3.9,False
A34,2020-07-15 15:00:00,-177.51,0.0,177.51,500.0,35.5,35.5,False
A34,2020-07-15 16:00:00,21.9,0.0,21.9,500.0,4.4,4.4,False
A34,2020-07-15 17:00:00,23.82,0.0,23.82,500.0,4.8,4.8,False
A34,2020-07-15 18:00:00,18.54,0.0,18.54,500.0,3.7,3.7,False
A34,2020-07-15 19:00:00,21.33,0.0,21.33,500.0,4.3,4.3,False
A34,2020-07-15 20:00:00,22.97,0.0,22.97,500.0,4.6,4.6,False
A34,2020-07-15 21:00:00,21.21,0.0,21.21,500.0,4.2,4.2,False
A34,2020-07-15 22:00:00,15.69,0.0,15.69,500.0,3.1,3.1,False
A34,2020-07-15 23:00:00,20.05,0.0,20.05,500.0,4.0,4.0,False
A34,2020-07-16 00:00:00,-265.43,0.0,265.43,500.0,53.1,53.1,False
A34,2020-07-16 02:00:00,-246.64,0.0,246.64,500.0,49.3,49.3,False
A34,2020-07-16 04:00:00,-223.21,0.0,223.21,500.0,44.6,44.6,False
A34,2020-07-16 06:00:00,-187.38,0.0,187.38,500.0,37.5,37.5,False
A34,2020-07-16 08:00:00,-111.49,0.0,111.49,500.0,22.3,22.3,False
A34,2020-07-16 10:00:00,-87.99,0.0,87.99,500.0,17.6,17.6,False
A34,2020-07-16 12:00:00,-101.48,0.0,101.48,500.0,20.3,20.3,False
A34,2020-07-16 14:00:00,-137.85,0.0,137.85,500.0,27.6,27.6,False
A34,2020-07-16 16:00:00,-131.14,0.0,131.14,500.0,26.2,26.2,False
A34,2020-07-16 18:00:00,-100.74,0.0,100.74,500.0,20.1,20.1,False
A34,2020-07-16 20:00:00,-89.51,0.0,89.51,500.0,17.9,17.9,False
A34,2020-07-16 22:00:00,-104.18,0.0,104.18,500.0,20.8,20.8,False
AB3,2020-07-15 00:00:00,118.71,0.0,118.71,500.0,23.7,23.7,False
AB3,2020-07-15 01:00:00,108.21,0.0,108.21,500.0,21.6,21.6,False
AB3,2020-07-15 02:00:00,130.64,0.0,130.64,500.0,26.1,26.1,False
AB3,2020-07-15 03:00:00,100.13,0.0,100.13,500.0,20.0,20.0,False
AB3,2020-07-15 04:00:00,53.62,0.0,53.62,500.0,10.7,10.7,False
AB3,2020-07-15 05:00:00,26.57,0.0,26.57,500.0,5.3,5.3,False
AB3,2020-07-15 06:00:00,75.68,0.0,75.68,500.0,15.1,15.1,False
AB3,2020-07-15 07:00:00,92.92,0.0,92.92,500.0,18.6,18.6,False
AB3,2020-07-15 08:00:00,105.02,0.0,105.02,500.0,21.0,21.0,False
AB3,2020-07-15 09:00:00,67.58,0.0,67.58,500.0,13.5,13.5,False
AB3,2020-07-15 10:00:00,39.27,0.0,39.27,500.0,7.9,7.9,False
AB3,2020-07-15 11:00:00,-28.61,0.0,28.61,500.0,5.7,5.7,False
AB3,2020-07-15 12:00:00,-62.15,0.0,62.15,500.0,12.4,12.4,False
AB3,2020-07-15 13:00:00,-52.62,0.0,52.62,500.0,10.5,10.5,False
AB3,2020-07-15 14:00:00,-57.75,0.0,57.75,500.0,11.5,11.5,False
AB3,2020-07-15 15:00:00,17.04,0.0,17.04,500.0,3.4,3.4,False
AB3,2020-07-15 16:00:00,-65.45,0.0,65.45,500.0,13.1,13.1,False
AB3,2020-07-15 17:00:00,-55.34,0.0,55.34,500.0,11.1,11.1,False
AB3,2020-07-15 18:00:00,-63.71,0.0,63.71,500.0,12.7,12.7,False
AB3,2020-07-15 19:00:00,-43.17,0.0,43.17,500.0,8.6,8.6,False
AB3,2020-07-15 20:00:00,43.89,0.0,43.89,500.0,8.8,8.8,False
AB3,2020-07-15 21:00:00,100.31,0.0,100.31,500.0,20.1,20.1,False
AB3,2020-07-15 22:00:00,94.79,0.0,94.79,500.0,19.0,19.0,False
AB3,2020-07-15 23:00:00,32.97,0.0,32.97,500.0,6.6,6.6,False
AB3,2020-07-16 00:00:00,115.41,0.0,115.41,500.0,23.1,23.1,False
AB3,2020-07-16 02:00:00,102.57,0.0,102.57,500.0,20.5,20.5,False
AB3,2020-07-16 04:00:00,111.89,0.0,111.89,500.0,22.4,22.4,False
AB3,2020-07-16 06:00:00,161.27,0.0,161.27,500.0,32.3,32.3,False
AB3,2020-07-16 08:00:00,186.06,0.0,186.06,500.0,37.2,37.2,False
AB3,2020-07-16 10:00:00,6.21,0.0,6.21,500.0,1.2,1.2,False
AB3,2020-07-16 12:00:00,2.55,0.0,2.55,500.0,0.5,0.5,False
AB3,2020-07-16 14:00:00,18.36,0.0,18.36,500.0,3.7,3.7,False
AB3,2020-07-16 16:00:00,31.07,0.0,31.07,500.0,6.2,6.2,False
AB3,2020-07-16 18:00:00,111.41,0.0,111.41,500.0,22.3,22.3,False
AB3,2020-07-16 20:00:00,180.14,0.0,180.14,500.0,36.0,36.0,False
AB3,2020-07-16 22:00:00,219.28,0.0,219.28,500.0,43.9,43.9,False
B1,2020-07-15 00:00:00,-13.49,0.0,13.49,175.0,7.7,7.7,False
B1,2020-07-15 01:00:00,-6.4,0.0,6.4,175.0,3.7,3.7,False
B1,2020-07-15 02:00:00,-0.1,0.0,0.1,175.0,0.1,0.1,False
B1,2020-07-15 03:00:00,-4.79,0.0,4.79,175.0,2.7,2.7,False
B1,2020-07-15 04:00:00,-16.75,0.0,16.75,175.0,9.6,9.6,False
B1,2020-07-15 05:00:00,-19.53,0.0,19.53,175.0,11.2,11.2,False
B1,2020-07-15 06:00:00,-18.58,0.0,18.58,175.0,10.6,10.6,False
B1,2020-07-15 07:00:00,-22.66,0.0,22.66,175.0,12.9,12.9,False
B1,2020-07-15 08:00:00,-22.68,0.0,22.68,175.0,13.0,13.0,False
B1,2020-07-15 09:00:00,-25.31,0.0,25.31,175.0,14.5,14.5,False
B1,2020-07-15 10:00:00,-28.41,0.0,28.41,175.0,16.2,16.2,False
B1,2020-07-15 11:00:00,-26.73,0.0,26.73,175.0,15.3,15.3,False
B1,2020-07-15 12:00:00,-26.27,0.0,26.27,175.0,15.0,15.0,False
B1,2020-07-15 13:00:00,-25.85,0.0,25.85,175.0,14.8,14.8,False
B1,2020-07-15 14:00:00,-24.88,0.0,24.88,175.0,14.2,14.2,False
B1,2020-07-15 15:00:00,-28.74,0.0,28.74,175.0,16.4,16.4,False
B1,2020-07-15 16:00:00,-24.85,0.0,24.85,175.0,14.2,14.2,False
B1,2020-07-15 17:00:00,-25.45,0.0,25.45,175.0,14.5,14.5,False
B1,2020-07-15 18:00:00,-25.83,0.0,25.83,175.0,14.8,14.8,False
B1,2020-07-15 19:00:00,-29.91,0.0,29.91,175.0,17.1,17.1,False
B1,2020-07-15 20:00:00,-26.42,0.0,26.42,175.0,15.1,15.1,False
B1,2020-07-15 21:00:00,-19.78,0.0,19.78,175.0,11.3,11.3,False
B1,2020-07-15 22:00:00,-21.92,0.0,21.92,175.0,12.5,12.5,False
B1,2020-07-15 23:00:00,-13.96,0.0,13.96,175.0,8.0,8.0,False
B1,2020-07-16 00:00:00,-2.98,0.0,2.98,175.0,1.7,1.7,False
B1,2020-07-16 02:00:00,-5.47,0.0,5.47,175.0,3.1,3.1,False
B1,2020-07-16 04:00:00,-3.69,0.0,3.69,175.0,2.1,2.1,False
B1,2020-07-16 06:00:00,0.33,0.0,0.33,175.0,0.2,0.2,False
B1,2020-07-16 08:00:00,-19.64,0.0,19.64,175.0,11.2,11.2,False
B1,2020-07-16 10:00:00,-22.35,0.0,22.35,175.0,12.8,12.8,False
B1,2020-07-16 12:00:00,-22.97,0.0,22.97,175.0,13.1,13.1,False
B1,2020-07-16 14:00:00,-21.92,0.0,21.92,175.0,12.5,12.5,False
B1,2020-07-16 16:00:00,-20.71,0.0,20.71,175.0,11.8,11.8,False
B1,2020-07-16 18:00:00,-23.89,0.0,23.89,175.0,13.7,13.7,False
B1,2020-07-16 20:00:00,-16.48,0.0,16.48,175.0,9.4,9.4,False
B1,2020-07-16 22:00:00,-35.68,0.0,35.68,175.0,20.4,20.4,False
B2,2020-07-15 00:00:00,-24.99,0.0,24.99,175.0,14.3,14.3,False
B2,2020-07-15 01:00:00,-29.92,0.0,29.92,175.0,17.1,17.1,False
B2,2020-07-15 02:00:00,-37.02,0.0,37.02,175.0,21.2,21.2,False
B2,2020-07-15 03:00:00,-30.42,0.0,30.42,175.0,17.4,17.4,False
B2,2020-07-15 04:00:00,-19.09,0.0,19.09,175.0,10.9,10.9,False
B2,2020-07-15 05:00:00,-7.97,0.0,7.97,175.0,4.6,4.6,False
B2,2020-07-15 06:00:00,-19.01,0.0,19.01,175.0,10.9,10.9,False
B2,2020-07-15 07:00:00,-17.17,0.0,17.17,175.0,9.8,9.8,False
B2,2020-07-15 08:00:00,-19.33,0.0,19.33,175.0,11.0,11.0,False
B2,2020-07-15 09:00:00,-15.57,0.0,15.57,175.0,8.9,8.9,False
B2,2020-07-15 10:00:00,-10.83,0.0,10.83,175.0,6.2,6.2,False
B2,2020-07-15 11:00:00,-15.86,0.0,15.86,175.0,9.1,9.1,False
B2,2020-07-15 12:00:00,-17.89,0.0,17.89,175.0,10.2,10.2,False
B2,2020-07-15 13:00:00,-19.96,0.0,19.96,175.0,11.4,11.4,False
B2,2020-07-15 14:00:00,-23.55,0.0,23.55,175.0,13.5,13.5,False
B2,2020-07-15 15:00:00,-32.91,0.0,32.91,175.0,18.8,18.8,False
B2,2020-07-15 16:00:00,-23.84,0.0,23.84,175.0,13.6,13.6,False
B2,2020-07-15 17:00:00,-21.91,0.0,21.91,175.0,12.5,12.5,False
B2,2020-07-15 18:00:00,-19.84,0.0,19.84,175.0,11.3,11.3,False
B2,2020-07-15 19:00:00,-10.37,0.0,10.37,175.0,5.9,5.9,False
B2,2020-07-15 20:00:00,-15.99,0.0,15.99,175.0,9.1,9.1,False
B2,2020-07-15 21:00:00,-27.51,0.0,27.51,175.0,15.7,15.7,False
B2,2020-07-15 22:00:00,-20.53,0.0,20.53,175.0,11.7,11.7,False
B2,2020-07-15 23:00:00,-23.24,0.0,23.24,175.0,13.3,13.3,False
B2,2020-07-16 00:00:00,-31.58,0.0,31.58,175.0,18.0,18.0,False
B2,2020-07-16 02:00:00,-23.93,0.0,23.93,175.0,13.7,13.7,False
B2,2020-07-16 04:00:00,-28.39,0.0,28.39,175.0,16.2,16.2,False
B2,2020-07-16 06:00:00,-40.27,0.0,40.27,175.0,23.0,23.0,False
B2,2020-07-16 08:00:00,-27.14,0.0,27.14,175.0,15.5,15.5,False
B2,2020-07-16 10:00:00,-25.76,0.0,25.76,175.0,14.7,14.7,False
B2,2020-07-16 12:00:00,-27.6,0.0,27.6,175.0,15.8,15.8,False
B2,2020-07-16 14:00:00,-31.9,0.0,31.9,175.0,18.2,18.2,False
B2,2020-07-16 16:00:00,-34.21,0.0,34.21,175.0,19.5,19.5,False
B2,2020-07-16 18:00:00,-25.34,0.0,25.34,175.0,14.5,14.5,False
B2,2020-07-16 20:00:00,-37.04,0.0,37.04,175.0,21.2,21.2,False
B2,2020-07-16 22:00:00,8.21,0.0,8.21,175.0,4.7,4.7,False
B3,2020-07-15 00:00:00,22.34,0.0,22.34,175.0,12.8,12.8,False
B3,2020-07-15 01:00:00,10.33,0.0,10.33,175.0,5.9,5.9,False
B3,2020-07-15 02:00:00,8.39,0.0,8.39,175.0,4.8,4.8,False
B3,2020-07-15 03:00:00,9.71,0.0,9.71,175.0,5.6,5.6,False
B3,2020-07-15 04:00:00,23.06,0.0,23.06,175.0,13.2,13.2,False
B3,2020-07-15 05:00:00,21.58,0.0,21.58,175.0,12.3,12.3,False
B3,2020-07-15 06:00:00,27.51,0.0,27.51,175.0,15.7,15.7,False
B3,2020-07-15 07:00:00,46.93,0.0,46.93,175.0,26.8,26.8,False
B3,2020-07-15 08:00:00,43.42,0.0,43.42,175.0,24.8,24.8,False
B3,2020-07-15 09:00:00,37.81,0.0,37.81,175.0,21.6,21.6,False
B3,2020-07-15 10:00:00,31.76,0.0,31.76,175.0,18.2,18.2,False
B3,2020-07-15 11:00:00,30.7,0.0,30.7,175.0,17.5,17.5,False
B3,2020-07-15 12:00:00,28.07,0.0,28.07,175.0,16.0,16.0,False
B3,2020-07-15 13:00:00,27.64,0.0,27.64,175.0,15.8,15.8,False
B3,2020-07-15 14:00:00,26.11,0.0,26.11,175.0,14.9,14.9,False
B3,2020-07-15 15:00:00,24.79,0.0,24.79,175.0,14.2,14.2,False
B3,2020-07-15 16:00:00,24.68,0.0,24.68,175.0,14.1,14.1,False
B3,2020-07-15 17:00:00,25.55,0.0,25.55,175.0,14.6,14.6,False
B3,2020-07-15 18:00:00,27.55,0.0,27.55,175.0,15.7,15.7,False
B3,2020-07-15 19:00:00,25.32,0.0,25.32,175.0,14.5,14.5,False
B3,2020-07-15 20:00:00,31.89,0.0,31.89,175.0,18.2,18.2,False
B3,2020-07-15 21:00:00,42.93,0.0,42.93,175.0,24.5,24.5,False
B3,2020-07-15 22:00:00,44.58,0.0,44.58,175.0,25.5,25.5,False
B3,2020-07-15 23:00:00,22.18,0.0,22.18,175.0,12.7,12.7,False
B3,2020-07-16 00:00:00,4.27,0.0,4.27,175.0,2.4,2.4,False
B3,2020-07-16 02:00:00,5.69,0.0,5.69,175.0,3.3,3.3,False
B3,2020-07-16 04:00:00,6.43,0.0,6.43,175.0,3.7,3.7,False
B3,2020-07-16 06:00:00,4.79,0.0,4.79,175.0,2.7,2.7,False
B3,2020-07-16 08:00:00,45.07,0.0,45.07,175.0,25.8,25.8,False
B3,2020-07-16 10:00:00,34.82,0.0,34.82,175.0,19.9,19.9,False
B3,2020-07-16 12:00:00,28.77,0.0,28.77,175.0,16.4,16.4,False
B3,2020-07-16 14:00:00,26.27,0.0,26.27,175.0,15.0,15.0,False
B3,2020-07-16 16:00:00,27.93,0.0,27.93,175.0,16.0,16.0,False
B3,2020-07-16 18:00:00,28.37,0.0,28.37,175.0,16.2,16.2,False
B3,2020-07-16 20:00:00,42.77,0.0,42.77,175.0,24.4,24.4,False
B3,2020-07-16 22:00:00,31.09,0.0,31.09,175.0,17.8,17.8,False
B4,2020-07-15 00:00:00,9.99,0.0,9.99,175.0,5.7,5.7,False
B4,2020-07-15 01:00:00,0.4,0.0,0.4,175.0,0.2,0.2,False
B4,2020-07-15 02:00:00,-2.5,0.0,2.5,175.0,1.4,1.4,False
B4,2020-07-15 03:00:00,-0.09,0.0,0.09,175.0,0.0,0.0,False
B4,2020-07-15 04:00:00,12.01,0.0,12.01,175.0,6.9,6.9,False
B4,2020-07-15 05:00:00,13.12,0.0,13.12,175.0,7.5,7.5,False
B4,2020-07-15 06:00:00,15.04,0.0,15.04,175.0,8.6,8.6,False
B4,2020-07-15 07:00:00,28.94,0.0,28.94,175.0,16.5,16.5,False
B4,2020-07-15 08:00:00,25.89,0.0,25.89,175.0,14.8,14.8,False
B4,2020-07-15 09:00:00,22.68,0.0,22.68,175.0,13.0,13.0,False
B4,2020-07-15 10:00:00,19.35,0.0,19.35,175.0,11.1,11.1,False
B4,2020-07-15 11:00:00,17.44,0.0,17.44,175.0,10.0,10.0,False
B4,2020-07-15 12:00:00,15.09,0.0,15.09,175.0,8.6,8.6,False
B4,2020-07-15 13:00:00,14.3,0.0,14.3,175.0,8.2,8.2,False
B4,2020-07-15 14:00:00,12.38,0.0,12.38,175.0,7.1,7.1,False
B4,2020-07-15 15:00:00,9.94,0.0,9.94,175.0,5.7,5.7,False
B4,2020-07-15 16:00:00,11.29,0.0,11.29,175.0,6.5,6.5,False
B4,2020-07-15 17:00:00,12.35,0.0,12.35,175.0,7.1,7.1,False
B4,2020-07-15 18:00:00,14.28,0.0,14.28,175.0,8.2,8.2,False
B4,2020-07-15 19:00:00,14.77,0.0,14.77,175.0,8.4,8.4,False
B4,2020-07-15 20:00:00,18.28,0.0,18.28,175.0,10.4,10.4,False
B4,2020-07-15 21:00:00,23.71,0.0,23.71,175.0,13.5,13.5,False
B4,2020-07-15 22:00:00,26.48,0.0,26.48,175.0,15.1,15.1,False
B4,2020-07-15 23:00:00,10.12,0.0,10.12,175.0,5.8,5.8,False
B4,2020-07-16 00:00:00,-4.34,0.0,4.34,175.0,2.5,2.5,False
B4,2020-07-16 02:00:00,-1.74,0.0,1.74,175.0,1.0,1.0,False
B4,2020-07-16 04:00:00,-2.05,0.0,2.05,175.0,1.2,1.2,False
B4,2020-07-16 06:00:00,-5.86,0.0,5.86,175.0,3.4,3.4,False
B4,2020-07-16 08:00:00,25.32,0.0,25.32,175.0,14.5,14.5,False
B4,2020-07-16 10:00:00,18.2,0.0,18.2,175.0,10.4,10.4,False
B4,2020-07-16 12:00:00,13.39,0.0,13.39,175.0,7.7,7.7,False
B4,2020-07-16 14:00:00,10.6,0.0,10.6,175.0,6.1,6.1,False
B4,2020-07-16 16:00:00,11.29,0.0,11.29,175.0,6.5,6.5,False
B4,2020-07-16 18:00:00,13.61,0.0,13.61,175.0,7.8,7.8,False
B4,2020-07-16 20:00:00,21.43,0.0,21.43,175.0,12.2,12.2,False
B4,2020-07-16 22:00:00,23.05,0.0,23.05,175.0,13.2,13.2,False
B5,2020-07-15 00:00:00,19.74,0.0,19.74,175.0,11.3,11.3,False
B5,2020-07-15 01:00:00,10.99,0.0,10.99,175.0,6.3,6.3,False
B5,2020-07-15 02:00:00,9.06,0.0,9.06,175.0,5.2,5.2,False
B5,2020-07-15 03:00:00,10.16,0.0,10.16,175.0,5.8,5.8,False
B5,2020-07-15 04:00:00,19.83,0.0,19.83,175.0,11.3,11.3,False
B5,2020-07-15 05:00:00,19.02,0.0,19.02,175.0,10.9,10.9,False
B5,2020-07-15 06:00:00,23.37,0.0,23.37,175.0,13.4,13.4,False
B5,2020-07-15 07:00:00,37.32,0.0,37.32,175.0,21.3,21.3,False
B5,2020-07-15 08:00:00,35.38,0.0,35.38,175.0,20.2,20.2,False
B5,2020-07-15 09:00:00,32.01,0.0,32.01,175.0,18.3,18.3,False
B5,2020-07-15 10:00:00,28.38,0.0,28.38,175.0,16.2,16.2,False
B5,2020-07-15 11:00:00,27.9,0.0,27.9,175.0,15.9,15.9,False
B5,2020-07-15 12:00:00,26.37,0.0,26.37,175.0,15.1,15.1,False
B5,2020-07-15 13:00:00,26.26,0.0,26.26,175.0,15.0,15.0,False
B5,2020-07-15 14:00:00,25.47,0.0,25.47,175.0,14.6,14.6,False
B5,2020-07-15 15:00:00,24.94,0.0,24.94,175.0,14.3,14.3,False
B5,2020-07-15 16:00:00,24.59,0.0,24.59,175.0,14.1,14.1,False
B5,2020-07-15 17:00:00,25.08,0.0,25.08,175.0,14.3,14.3,False
B5,2020-07-15 18:00:00,26.14,0.0,26.14,175.0,14.9,14.9,False
B5,2020-07-15 19:00:00,24.63,0.0,24.63,175.0,14.1,14.1,False
B5,2020-07-15 20:00:00,28.58,0.0,28.58,175.0,16.3,16.3,False
B5,2020-07-15 21:00:00,35.31,0.0,35.31,175.0,20.2,20.2,False
B5,2020-07-15 22:00:00,36.04,0.0,36.04,175.0,20.6,20.6,False
B5,2020-07-15 23:00:00,19.84,0.0,19.84,175.0,11.3,11.3,False
B5,2020-07-16 00:00:00,6.7,0.0,6.7,175.0,3.8,3.8,False
B5,2020-07-16 02:00:00,7.77,0.0,7.77,175.0,4.4,4.4,False
B5,2020-07-16 04:00:00,7.87,0.0,7.87,175.0,4.5,4.5,False
B5,2020-07-16 06:00:00,7.08,0.0,7.08,175.0,4.0,4.0,False
B5,2020-07-16 08:00:00,36.65,0.0,36.65,175.0,20.9,20.9,False
B5,2020-07-16 10:00:00,30.62,0.0,30.62,175.0,17.5,17.5,False
B5,2020-07-16 12:00:00,27.2,0.0,27.2,175.0,15.5,15.5,False
B5,2020-07-16 14:00:00,25.89,0.0,25.89,175.0,14.8,14.8,False
B5,2020-07-16 16:00:00,26.91,0.0,26.91,175.0,15.4,15.4,False
B5,2020-07-16 18:00:00,26.9,0.0,26.9,175.0,15.4,15.4,False
B5,2020-07-16 20:00:00,35.58,0.0,35.58,175.0,20.3,20.3,False
B5,2020-07-16 22:00:00,27.74,0.0,27.74,175.0,15.9,15.9,False
B6,2020-07-15 00:00:00,21.87,0.0,21.87,175.0,12.5,12.5,False
B6,2020-07-15 01:00:00,15.73,0.0,15.73,175.0,9.0,9.0,False
B6,2020-07-15 02:00:00,23.94,0.0,23.94,175.0,13.7,13.7,False
B6,2020-07-15 03:00:00,16.94,0.0,16.94,175.0,9.7,9.7,False
B6,2020-07-15 04:00:00,19.2,0.0,19.2,175.0,11.0,11.0,False
B6,2020-07-15 05:00:00,0.93,0.0,0.93,175.0,0.5,0.5,False
B6,2020-07-15 06:00:00,21.48,0.0,21.48,175.0,12.3,12.3,False
B6,2020-07-15 07:00:00,41.13,0.0,41.13,175.0,23.5,23.5,False
B6,2020-07-15 08:00:00,35.63,0.0,35.63,175.0,20.4,20.4,False
B6,2020-07-15 09:00:00,19.77,0.0,19.77,175.0,11.3,11.3,False
B6,2020-07-15 10:00:00,1.83,0.0,1.83,175.0,1.0,1.0,False
B6,2020-07-15 11:00:00,4.64,0.0,4.64,175.0,2.7,2.7,False
B6,2020-07-15 12:00:00,1.53,0.0,1.53,175.0,0.9,0.9,False
B6,2020-07-15 13:00:00,2.22,0.0,2.22,175.0,1.3,1.3,False
B6,2020-07-15 14:00:00,2.53,0.0,2.53,175.0,1.4,1.4,False
B6,2020-07-15 15:00:00,13.3,0.0,13.3,175.0,7.6,7.6,False
B6,2020-07-15 16:00:00,0.13,0.0,0.13,175.0,0.1,0.1,False
B6,2020-07-15 17:00:00,-0.18,0.0,0.18,175.0,0.1,0.1,False
B6,2020-07-15 18:00:00,2.23,0.0,2.23,175.0,1.3,1.3,False
B6,2020-07-15 19:00:00,-12.43,0.0,12.43,175.0,7.1,7.1,False
B6,2020-07-15 20:00:00,7.42,0.0,7.42,175.0,4.2,4.2,False
B6,2020-07-15 21:00:00,42.81,0.0,42.81,175.0,24.5,24.5,False
B6,2020-07-15 22:00:00,39.51,0.0,39.51,175.0,22.6,22.6,False
B6,2020-07-15 23:00:00,17.03,0.0,17.03,175.0,9.7,9.7,False
B6,2020-07-16 00:00:00,9.74,0.0,9.74,175.0,5.6,5.6,False
B6,2020-07-16 02:00:00,5.56,0.0,5.56,175.0,3.2,3.2,False
B6,2020-07-16 04:00:00,11.22,0.0,11.22,175.0,6.4,6.4,False
B6,2020-07-16 06:00:00,19.45,0.0,19.45,175.0,11.1,11.1,False
B6,2020-07-16 08:00:00,46.79,0.0,46.79,175.0,26.7,26.7,False
B6,2020-07-16 10:00:00,23.22,0.0,23.22,175.0,13.3,13.3,False
B6,2020-07-16 12:00:00,12.04,0.0,12.04,175.0,6.9,6.9,False
B6,2020-07-16 14:00:00,10.96,0.0,10.96,175.0,6.3,6.3,False
B6,2020-07-16 16:00:00,16.87,0.0,16.87,175.0,9.6,9.6,False
B6,2020-07-16 18:00:00,8.9,0.0,8.9,175.0,5.1,5.1,False
B6,2020-07-16 20:00:00,51.76,0.0,51.76,175.0,29.6,29.6,False
B6,2020-07-16 22:00:00,-18.75,0.0,18.75,175.0,10.7,10.7,False
B7,2020-07-15 00:00:00,-75.07,0.0,75.07,400.0,18.8,18.8,False
B7,2020-07-15 01:00:00,-74.69,0.0,74.69,400.0,18.7,18.7,False
B7,2020-07-15 02:00:00,-71.28,0.0,71.28,400.0,17.8,17.8,False
B7,2020-07-15 03:00:00,-67.14,0.0,67.14,400.0,16.8,16.8,False
B7,2020-07-15 04:00:00,-50.67,0.0,50.67,400.0,12.7,12.7,False
B7,2020-07-15 05:00:00,-57.96,0.0,57.96,400.0,14.5,14.5,False
B7,2020-07-15 06:00:00,-54.21,0.0,54.21,400.0,13.6,13.6,False
B7,2020-07-15 07:00:00,-48.5,0.0,48.5,400.0,12.1,12.1,False
B7,2020-07-15 08:00:00,-82.22,0.0,82.22,400.0,20.6,20.6,False
B7,2020-07-15 09:00:00,-61.98,0.0,61.98,400.0,15.5,15.5,False
B7,2020-07-15 10:00:00,-62.6,0.0,62.6,400.0,15.6,15.6,False
B7,2020-07-15 11:00:00,-88.85,0.0,88.85,400.0,22.2,22.2,False
B7,2020-07-15 12:00:00,-104.3,0.0,104.3,400.0,26.1,26.1,False
B7,2020-07-15 13:00:00,-111.1,0.0,111.1,400.0,27.8,27.8,False
B7,2020-07-15 14:00:00,-122.69,0.0,122.69,400.0,30.7,30.7,False
B7,2020-07-15 15:00:00,-135.04,0.0,135.04,400.0,33.8,33.8,False
B7,2020-07-15 16:00:00,-128.53,0.0,128.53,400.0,32.1,32.1,False
B7,2020-07-15 17:00:00,-114.3,0.0,114.3,400.0,28.6,28.6,False
B7,2020-07-15 18:00:00,-105.73,0.0,105.73,400.0,26.4,26.4,False
B7,2020-07-15 19:00:00,-104.72,0.0,104.72,400.0,26.2,26.2,False
B7,2020-07-15 20:00:00,-72.96,0.0,72.96,400.0,18.2,18.2,False
B7,2020-07-15 21:00:00,-78.68,0.0,78.68,400.0,19.7,19.7,False
B7,2020-07-15 22:00:00,-56.12,0.0,56.12,400.0,14.0,14.0,False
B7,2020-07-15 23:00:00,-67.7,0.0,67.7,400.0,16.9,16.9,False
B7,2020-07-16 00:00:00,-78.12,0.0,78.12,400.0,19.5,19.5,False
B7,2020-07-16 02:00:00,-70.15,0.0,70.15,400.0,17.5,17.5,False
B7,2020-07-16 04:00:00,-70.52,0.0,70.52,400.0,17.6,17.6,False
B7,2020-07-16 06:00:00,-98.59,0.0,98.59,400.0,24.6,24.6,False
B7,2020-07-16 08:00:00,-67.59,0.0,67.59,400.0,16.9,16.9,False
B7,2020-07-16 10:00:00,-105.81,0.0,105.81,400.0,26.5,26.5,False
B7,2020-07-16 12:00:00,-121.57,0.0,121.57,400.0,30.4,30.4,False
B7,2020-07-16 14:00:00,-133.4,0.0,133.4,400.0,33.4,33.4,False
B7,2020-07-16 16:00:00,-132.2,0.0,132.2,400.0,33.1,33.1,False
B7,2020-07-16 18:00:00,-93.18,0.0,93.18,400.0,23.3,23.3,False
B7,2020-07-16 20:00:00,-94.48,0.0,94.48,400.0,23.6,23.6,False
B7,2020-07-16 22:00:00,-105.94,0.0,105.94,400.0,26.5,26.5,False
B8,2020-07-15 00:00:00,-36.05,0.0,36.05,175.0,20.6,20.6,False
B8,2020-07-15 01:00:00,-42.35,0.0,42.35,175.0,24.2,24.2,False
B8,2020-07-15 02:00:00,-44.64,0.0,44.64,175.0,25.5,25.5,False
B8,2020-07-15 03:00:00,-41.58,0.0,41.58,175.0,23.8,23.8,False
B8,2020-07-15 04:00:00,-29.18,0.0,29.18,175.0,16.7,16.7,False
B8,2020-07-15 05:00:00,-28.5,0.0,28.5,175.0,16.3,16.3,False
B8,2020-07-15 06:00:00,-29.87,0.0,29.87,175.0,17.1,17.1,False
B8,2020-07-15 07:00:00,-20.07,0.0,20.07,175.0,11.5,11.5,False
B8,2020-07-15 08:00:00,-27.01,0.0,27.01,175.0,15.4,15.4,False
B8,2020-07-15 09:00:00,-33.26,0.0,33.26,175.0,19.0,19.0,False
B8,2020-07-15 10:00:00,-39.68,0.0,39.68,175.0,22.7,22.7,False
B8,2020-07-15 11:00:00,-44.58,0.0,44.58,175.0,25.5,25.5,False
B8,2020-07-15 12:00:00,-49.45,0.0,49.45,175.0,28.3,28.3,False
B8,2020-07-15 13:00:00,-51.94,0.0,51.94,175.0,29.7,29.7,False
B8,2020-07-15 14:00:00,-56.67,0.0,56.67,175.0,32.4,32.4,False
B8,2020-07-15 15:00:00,-59.82,0.0,59.82,175.0,34.2,34.2,False
B8,2020-07-15 16:00:00,-58.66,0.0,58.66,175.0,33.5,33.5,False
B8,2020-07-15 17:00:00,-56.31,0.0,56.31,175.0,32.2,32.2,False
B8,2020-07-15 18:00:00,-51.66,0.0,51.66,175.0,29.5,29.5,False
B8,2020-07-15 19:00:00,-49.28,0.0,49.28,175.0,28.2,28.2,False
B8,2020-07-15 20:00:00,-42.71,0.0,42.71,175.0,24.4,24.4,False
B8,2020-07-15 21:00:00,-33.12,0.0,33.12,175.0,18.9,18.9,False
B8,2020-07-15 22:00:00,-25.83,0.0,25.83,175.0,14.8,14.8,False
B8,2020-07-15 23:00:00,-38.14,0.0,38.14,175.0,21.8,21.8,False
B8,2020-07-16 00:00:00,-47.22,0.0,47.22,175.0,27.0,27.0,False
B8,2020-07-16 02:00:00,-39.33,0.0,39.33,175.0,22.5,22.5,False
B8,2020-07-16 04:00:00,-41.76,0.0,41.76,175.0,23.9,23.9,False
B8,2020-07-16 06:00:00,-52.33,0.0,52.33,175.0,29.9,29.9,False
B8,2020-07-16 08:00:00,-29.8,0.0,29.8,175.0,17.0,17.0,False
B8,2020-07-16 10:00:00,-44.91,0.0,44.91,175.0,25.7,25.7,False
B8,2020-07-16 12:00:00,-55.48,0.0,55.48,175.0,31.7,31.7,False
B8,2020-07-16 14:00:00,-62.17,0.0,62.17,175.0,35.5,35.5,False
B8,2020-07-16 16:00:00,-61.1,0.0,61.1,175.0,34.9,34.9,False
B8,2020-07-16 18:00:00,-54.63,0.0,54.63,175.0,31.2,31.2,False
B8,2020-07-16 20:00:00,-39.87,0.0,39.87,175.0,22.8,22.8,False
B8,2020-07-16 22:00:00,-28.13,0.0,28.13,175.0,16.1,16.1,False
B9,2020-07-15 00:00:00,-22.08,0.0,22.08,175.0,12.6,12.6,False
B9,2020-07-15 01:00:00,-30.89,0.0,30.89,175.0,17.7,17.7,False
B9,2020-07-15 02:00:00,-32.27,0.0,32.27,175.0,18.4,18.4,False
B9,2020-07-15 03:00:00,-30.34,0.0,30.34,175.0,17.3,17.3,False
B9,2020-07-15 04:00:00,-16.71,0.0,16.71,175.0,9.6,9.6,False
B9,2020-07-15 05:00:00,-18.62,0.0,18.62,175.0,10.6,10.6,False
B9,2020-07-15 06:00:00,-15.85,0.0,15.85,175.0,9.1,9.1,False
B9,2020-07-15 07:00:00,-0.35,0.0,0.35,175.0,0.2,0.2,False
B9,2020-07-15 08:00:00,-7.59,0.0,7.59,175.0,4.3,4.3,False
B9,2020-07-15 09:00:00,-16.11,0.0,16.11,175.0,9.2,9.2,False
B9,2020-07-15 10:00:00,-25.13,0.0,25.13,175.0,14.4,14.4,False
B9,2020-07-15 11:00:00,-29.06,0.0,29.06,175.0,16.6,16.6,False
B9,2020-07-15 12:00:00,-34.1,0.0,34.1,175.0,19.5,19.5,False
B9,2020-07-15 13:00:00,-36.16,0.0,36.16,175.0,20.7,20.7,False
B9,2020-07-15 14:00:00,-40.39,0.0,40.39,175.0,23.1,23.1,False
B9,2020-07-15 15:00:00,-42.38,0.0,42.38,175.0,24.2,24.2,False
B9,2020-07-15 16:00:00,-42.68,0.0,42.68,175.0,24.4,24.4,False
B9,2020-07-15 17:00:00,-40.56,0.0,40.56,175.0,23.2,23.2,False
B9,2020-07-15 18:00:00,-35.97,0.0,35.97,175.0,20.6,20.6,False
B9,2020-07-15 19:00:00,-36.4,0.0,36.4,175.0,20.8,20.8,False
B9,2020-07-15 20:00:00,-26.89,0.0,26.89,175.0,15.4,15.4,False
B9,2020-07-15 21:00:00,-11.85,0.0,11.85,175.0,6.8,6.8,False
B9,2020-07-15 22:00:00,-5.87,0.0,5.87,175.0,3.4,3.4,False
B9,2020-07-15 23:00:00,-24.39,0.0,24.39,175.0,13.9,13.9,False
B9,2020-07-16 00:00:00,-37.08,0.0,37.08,175.0,21.2,21.2,False
B9,2020-07-16 02:00:00,-30.47,0.0,30.47,175.0,17.4,17.4,False
B9,2020-07-16 04:00:00,-31.87,0.0,31.87,175.0,18.2,18.2,False
B9,2020-07-16 06:00:00,-40.04,0.0,40.04,175.0,22.9,22.9,False
B9,2020-07-16 08:00:00,-8.05,0.0,8.05,175.0,4.6,4.6,False
B9,2020-07-16 10:00:00,-25.98,0.0,25.98,175.0,14.8,14.8,False
B9,2020-07-16 12:00:00,-37.54,0.0,37.54,175.0,21.5,21.5,False
B9,2020-07-16 14:00:00,-43.78,0.0,43.78,175.0,25.0,25.0,False
B9,2020-07-16 16:00:00,-41.76,0.0,41.76,175.0,23.9,23.9,False
B9,2020-07-16 18:00:00,-37.34,0.0,37.34,175.0,21.3,21.3,False
B9,2020-07-16 20:00:00,-16.29,0.0,16.29,175.0,9.3,9.3,False
B9,2020-07-16 22:00:00,-18.22,0.0,18.22,175.0,10.4,10.4,False
B10,2020-07-15 00:00:00,-59.75,0.0,59.75,175.0,34.1,34.1,False
B10,2020-07-15 01:00:00,-63.29,0.0,63.29,175.0,36.2,36.2,False
B10,2020-07-15 02:00:00,-63.35,0.0,63.35,175.0,36.2,36.2,False
B10,2020-07-15 03:00:00,-61.11,0.0,61.11,175.0,34.9,34.9,False
B10,2020-07-15 04:00:00,-50.55,0.0,50.55,175.0,28.9,28.9,False
B10,2020-07-15 05:00:00,-52.18,0.0,52.18,175.0,29.8,29.8,False
B10,2020-07-15 06:00:00,-53.81,0.0,53.81,175.0,30.8,30.8,False
B10,2020-07-15 07:00:00,-47.36,0.0,47.36,175.0,27.1,27.1,False
B10,2020-07-15 08:00:00,-56.61,0.0,56.61,175.0,32.3,32.3,False
B10,2020-07-15 09:00:00,-65.51,0.0,65.51,175.0,37.4,37.4,False
B10,2020-07-15 10:00:00,-74.82,0.0,74.82,175.0,42.8,42.8,False
B10,2020-07-15 11:00:00,-80.84,0.0,80.84,175.0,46.2,46.2,False
B10,2020-07-15 12:00:00,-87.06,0.0,87.06,175.0,49.7,49.7,False
B10,2020-07-15 13:00:00,-90.37,0.0,90.37,175.0,51.6,51.6,False
B10,2020-07-15 14:00:00,-96.34,0.0,96.34,175.0,55.0,55.0,False
B10,2020-07-15 15:00:00,-98.5,0.0,98.5,175.0,56.3,56.3,False
B10,2020-07-15 16:00:00,-98.88,0.0,98.88,175.0,56.5,56.5,False
B10,2020-07-15 17:00:00,-95.99,0.0,95.99,175.0,54.9,54.9,False
B10,2020-07-15 18:00:00,-89.84,0.0,89.84,175.0,51.3,51.3,False
B10,2020-07-15 19:00:00,-87.88,0.0,87.88,175.0,50.2,50.2,False
B10,2020-07-15 20:00:00,-78.25,0.0,78.25,175.0,44.7,44.7,False
B10,2020-07-15 21:00:00,-63.88,0.0,63.88,175.0,36.5,36.5,False
B10,2020-07-15 22:00:00,-54.73,0.0,54.73,175.0,31.3,31.3,False
B10,2020-07-15 23:00:00,-63.52,0.0,63.52,175.0,36.3,36.3,False
B10,2020-07-16 00:00:00,-67.94,0.0,67.94,175.0,38.8,38.8,False
B10,2020-07-16 02:00:00,-59.23,0.0,59.23,175.0,33.8,33.8,False
B10,2020-07-16 04:00:00,-60.92,0.0,60.92,175.0,34.8,34.8,False
B10,2020-07-16 06:00:00,-73.46,0.0,73.46,175.0,42.0,42.0,False
B10,2020-07-16 08:00:00,-59.65,0.0,59.65,175.0,34.1,34.1,False
B10,2020-07-16 10:00:00,-80.22,0.0,80.22,175.0,45.8,45.8,False
B10,2020-07-16 12:00:00,-94.41,0.0,94.41,175.0,54.0,54.0,False
B10,2020-07-16 14:00:00,-103.01,0.0,103.01,175.0,58.9,58.9,False
B10,2020-07-16 16:00:00,-101.27,0.0,101.27,175.0,57.9,57.9,False
B10,2020-07-16 18:00:00,-93.53,0.0,93.53,175.0,53.4,53.4,False
B10,2020-07-16 20:00:00,-72.11,0.0,72.11,175.0,41.2,41.2,False
B10,2020-07-16 22:00:00,-62.1,0.0,62.1,175.0,35.5,35.5,False
B11,2020-07-15 00:00:00,-73.56,0.0,73.56,175.0,42.0,42.0,False
B11,2020-07-15 01:00:00,-68.68,0.0,68.68,175.0,39.2,39.2,False
B11,2020-07-15 02:00:00,-67.03,0.0,67.03,175.0,38.3,38.3,False
B11,2020-07-15 03:00:00,-65.99,0.0,65.99,175.0,37.7,37.7,False
B11,2020-07-15 04:00:00,-65.2,0.0,65.2,175.0,37.3,37.3,False
B11,2020-07-15 05:00:00,-65.96,0.0,65.96,175.0,37.7,37.7,False
B11,2020-07-15 06:00:00,-71.46,0.0,71.46,175.0,40.8,40.8,False
B11,2020-07-15 07:00:00,-78.35,0.0,78.35,175.0,44.8,44.8,False
B11,2020-07-15 08:00:00,-85.06,0.0,85.06,175.0,48.6,48.6,False
B11,2020-07-15 09:00:00,-90.15,0.0,90.15,175.0,51.5,51.5,False
B11,2020-07-15 10:00:00,-95.36,0.0,95.36,175.0,54.5,54.5,False
B11,2020-07-15 11:00:00,-100.45,0.0,100.45,175.0,57.4,57.4,False
B11,2020-07-15 12:00:00,-104.76,0.0,104.76,175.0,59.9,59.9,False
B11,2020-07-15 13:00:00,-107.68,0.0,107.68,175.0,61.5,61.5,False
B11,2020-07-15 14:00:00,-112.45,0.0,112.45,175.0,64.3,64.3,False
B11,2020-07-15 15:00:00,-113.92,0.0,113.92,175.0,65.1,65.1,False
B11,2020-07-15 16:00:00,-113.98,0.0,113.98,175.0,65.1,65.1,False
B11,2020-07-15 17:00:00,-111.77,0.0,111.77,175.0,63.9,63.9,False
B11,2020-07-15 18:00:00,-107.1,0.0,107.1,175.0,61.2,61.2,False
B11,2020-07-15 19:00:00,-103.91,0.0,103.91,175.0,59.4,59.4,False
B11,2020-07-15 20:00:00,-98.7,0.0,98.7,175.0,56.4,56.4,False
B11,2020-07-15 21:00:00,-91.68,0.0,91.68,175.0,52.4,52.4,False
B11,2020-07-15 22:00:00,-83.95,0.0,83.95,175.0,48.0,48.0,False
B11,2020-07-15 23:00:00,-77.14,0.0,77.14,175.0,44.1,44.1,False
B11,2020-07-16 00:00:00,-69.0,0.0,69.0,175.0,39.4,39.4,False
B11,2020-07-16 02:00:00,-61.78,0.0,61.78,175.0,35.3,35.3,False
B11,2020-07-16 04:00:00,-63.62,0.0,63.62,175.0,36.4,36.4,False
B11,2020-07-16 06:00:00,-74.5,0.0,74.5,175.0,42.6,42.6,False
B11,2020-07-16 08:00:00,-88.99,0.0,88.99,175.0,50.9,50.9,False
B11,2020-07-16 10:00:00,-102.38,0.0,102.38,175.0,58.5,58.5,False
B11,2020-07-16 12:00:00,-112.26,0.0,112.26,175.0,64.1,64.1,False
B11,2020-07-16 14:00:00,-118.94,0.0,118.94,175.0,68.0,68.0,False
B11,2020-07-16 16:00:00,-118.28,0.0,118.28,175.0,67.6,67.6,False
B11,2020-07-16 18:00:00,-111.17,0.0,111.17,175.0,63.5,63.5,False
B11,2020-07-16 20:00:00,-99.47,0.0,99.47,175.0,56.8,56.8,False
B11,2020-07-16 22:00:00,-82.98,0.0,82.98,175.0,47.4,47.4,False
B12-1,2020-07-15 00:00:00,-93.93,0.0,93.93,175.0,53.7,53.7,False
B12-1,2020-07-15 01:00:00,-88.26,0.0,88.26,175.0,50.4,50.4,False
B12-1,2020-07-15 02:00:00,-86.86,0.0,86.86,175.0,49.6,49.6,False
B12-1,2020-07-15 03:00:00,-84.79,0.0,84.79,175.0,48.4,48.4,False
B12-1,2020-07-15 04:00:00,-82.8,0.0,82.8,175.0,47.3,47.3,False
B12-1,2020-07-15 05:00:00,-82.29,0.0,82.29,175.0,47.0,47.0,False
B12-1,2020-07-15 06:00:00,-90.7,0.0,90.7,175.0,51.8,51.8,False
B12-1,2020-07-15 07:00:00,-99.73,0.0,99.73,175.0,57.0,57.0,False
B12-1,2020-07-15 08:00:00,-108.22,0.0,108.22,175.0,61.8,61.8,False
B12-1,2020-07-15 09:00:00,-113.84,0.0,113.84,175.0,65.1,65.1,False
B12-1,2020-07-15 10:00:00,-119.5,0.0,119.5,175.0,68.3,68.3,False
B12-1,2020-07-15 11:00:00,-126.41,0.0,126.41,175.0,72.2,72.2,False
B12-1,2020-07-15 12:00:00,-131.93,0.0,131.93,175.0,75.4,75.4,False
B12-1,2020-07-15 13:00:00,-135.82,0.0,135.82,175.0,77.6,77.6,False
B12-1,2020-07-15 14:00:00,-142.12,0.0,142.12,175.0,81.2,81.2,False
B12-1,2020-07-15 15:00:00,-145.16,0.0,145.16,175.0,82.9,82.9,False
B12-1,2020-07-15 16:00:00,-144.0,0.0,144.0,175.0,82.3,82.3,False
B12-1,2020-07-15 17:00:00,-141.05,0.0,141.05,175.0,80.6,80.6,False
B12-1,2020-07-15 18:00:00,-135.05,0.0,135.05,175.0,77.2,77.2,False
B12-1,2020-07-15 19:00:00,-129.81,0.0,129.81,175.0,74.2,74.2,False
B12-1,2020-07-15 20:00:00,-124.29,0.0,124.29,175.0,71.0,71.0,False
B12-1,2020-07-15 21:00:00,-117.45,0.0,117.45,175.0,67.1,67.1,False
B12-1,2020-07-15 22:00:00,-107.01,0.0,107.01,175.0,61.1,61.1,False
B12-1,2020-07-15 23:00:00,-98.09,0.0,98.09,175.0,56.0,56.0,False
B12-1,2020-07-16 00:00:00,-88.68,0.0,88.68,175.0,50.7,50.7,False
B12-1,2020-07-16 02:00:00,-79.33,0.0,79.33,175.0,45.3,45.3,False
B12-1,2020-07-16 04:00:00,-81.67,0.0,81.67,175.0,46.7,46.7,False
B12-1,2020-07-16 06:00:00,-96.43,0.0,96.43,175.0,55.1,55.1,False
B12-1,2020-07-16 08:00:00,-114.21,0.0,114.21,175.0,65.3,65.3,False
B12-1,2020-07-16 10:00:00,-130.22,0.0,130.22,175.0,74.4,74.4,False
B12-1,2020-07-16 12:00:00,-142.53,0.0,142.53,175.0,81.4,81.4,False
B12-1,2020-07-16 14:00:00,-151.3,0.0,151.3,175.0,86.5,86.5,False
B12-1,2020-07-16 16:00:00,-150.82,0.0,150.82,175.0,86.2,86.2,False
B12-1,2020-07-16 18:00:00,-140.88,0.0,140.88,175.0,80.5,80.5,False
B12-1,2020-07-16 20:00:00,-128.37,0.0,128.37,175.0,73.4,73.4,False
B12-1,2020-07-16 22:00:00,-101.97,0.0,101.97,175.0,58.3,58.3,False
B13-2,2020-07-15 00:00:00,-78.01,0.0,78.01,175.0,44.6,44.6,False
B13-2,2020-07-15 01:00:00,-72.49,0.0,72.49,175.0,41.4,41.4,False
B13-2,2020-07-15 02:00:00,-69.67,0.0,69.67,175.0,39.8,39.8,False
B13-2,2020-07-15 03:00:00,-69.28,0.0,69.28,175.0,39.6,39.6,False
B13-2,2020-07-15 04:00:00,-69.26,0.0,69.26,175.0,39.6,39.6,False
B13-2,2020-07-15 05:00:00,-71.58,0.0,71.58,175.0,40.9,40.9,False
B13-2,2020-07-15 06:00:00,-76.15,0.0,76.15,175.0,43.5,43.5,False
B13-2,2020-07-15 07:00:00,-83.44,0.0,83.44,175.0,47.7,47.7,False
B13-2,2020-07-15 08:00:00,-90.89,0.0,90.89,175.0,51.9,51.9,False
B13-2,2020-07-15 09:00:00,-97.3,0.0,97.3,175.0,55.6,55.6,False
B13-2,2020-07-15 10:00:00,-104.0,0.0,104.0,175.0,59.4,59.4,False
B13-2,2020-07-15 11:00:00,-109.15,0.0,109.15,175.0,62.4,62.4,False
B13-2,2020-07-15 12:00:00,-113.87,0.0,113.87,175.0,65.1,65.1,False
B13-2,2020-07-15 13:00:00,-116.94,0.0,116.94,175.0,66.8,66.8,False
B13-2,2020-07-15 14:00:00,-121.92,0.0,121.92,175.0,69.7,69.7,False
B13-2,2020-07-15 15:00:00,-122.5,0.0,122.5,175.0,70.0,70.0,False
B13-2,2020-07-15 16:00:00,-123.65,0.0,123.65,175.0,70.7,70.7,False
B13-2,2020-07-15 17:00:00,-121.38,0.0,121.38,175.0,69.4,69.4,False
B13-2,2020-07-15 18:00:00,-116.28,0.0,116.28,175.0,66.4,66.4,False
B13-2,2020-07-15 19:00:00,-113.95,0.0,113.95,175.0,65.1,65.1,False
B13-2,2020-07-15 20:00:00,-107.12,0.0,107.12,175.0,61.2,61.2,False
B13-2,2020-07-15 21:00:00,-97.34,0.0,97.34,175.0,55.6,55.6,False
B13-2,2020-07-15 22:00:00,-89.42,0.0,89.42,175.0,51.1,51.1,False
B13-2,2020-07-15 23:00:00,-82.23,0.0,82.23,175.0,47.0,47.0,False
B13-2,2020-07-16 00:00:00,-72.9,0.0,72.9,175.0,41.7,41.7,False
B13-2,2020-07-16 02:00:00,-66.06,0.0,66.06,175.0,37.7,37.7,False
B13-2,2020-07-16 04:00:00,-67.14,0.0,67.14,175.0,38.4,38.4,False
B13-2,2020-07-16 06:00:00,-77.84,0.0,77.84,175.0,44.5,44.5,False
B13-2,2020-07-16 08:00:00,-94.33,0.0,94.33,175.0,53.9,53.9,False
B13-2,2020-07-16 10:00:00,-109.95,0.0,109.95,175.0,62.8,62.8,False
B13-2,2020-07-16 12:00:00,-121.12,0.0,121.12,175.0,69.2,69.2,False
B13-2,2020-07-16 14:00:00,-128.23,0.0,128.23,175.0,73.3,73.3,False
B13-2,2020-07-16 16:00:00,-127.12,0.0,127.12,175.0,72.6,72.6,False
B13-2,2020-07-16 18:00:00,-120.19,0.0,120.19,175.0,68.7,68.7,False
B13-2,2020-07-16 20:00:00,-104.98,0.0,104.98,175.0,60.0,60.0,False
B13-2,2020-07-16 22:00:00,-92.66,0.0,92.66,175.0,52.9,52.9,False
B14,2020-07-15 00:00:00,-58.82,0.0,58.82,400.0,14.7,14.7,False
B14,2020-07-15 01:00:00,-58.84,0.0,58.84,400.0,14.7,14.7,False
B14,2020-07-15 02:00:00,-55.53,0.0,55.53,400.0,13.9,13.9,False
B14,2020-07-15 03:00:00,-54.7,0.0,54.7,400.0,13.7,13.7,False
B14,2020-07-15 04:00:00,-47.2,0.0,47.2,400.0,11.8,11.8,False
B14,2020-07-15 05:00:00,-52.59,0.0,52.59,400.0,13.1,13.1,False
B14,2020-07-15 06:00:00,-51.97,0.0,51.97,400.0,13.0,13.0,False
B14,2020-07-15 07:00:00,-48.16,0.0,48.16,400.0,12.0,12.0,False
B14,2020-07-15 08:00:00,-62.17,0.0,62.17,400.0,15.5,15.5,False
B14,2020-07-15 09:00:00,-76.81,0.0,76.81,400.0,19.2,19.2,False
B14,2020-07-15 10:00:00,-90.36,0.0,90.36,400.0,22.6,22.6,False
B14,2020-07-15 11:00:00,-100.01,0.0,100.01,400.0,25.0,25.0,False
B14,2020-07-15 12:00:00,-108.23,0.0,108.23,400.0,27.1,27.1,False
B14,2020-07-15 13:00:00,-112.06,0.0,112.06,400.0,28.0,28.0,False
B14,2020-07-15 14:00:00,-120.07,0.0,120.07,400.0,30.0,30.0,False
B14,2020-07-15 15:00:00,-123.91,0.0,123.91,400.0,31.0,31.0,False
B14,2020-07-15 16:00:00,-123.17,0.0,123.17,400.0,30.8,30.8,False
B14,2020-07-15 17:00:00,-117.43,0.0,117.43,400.0,29.4,29.4,False
B14,2020-07-15 18:00:00,-110.63,0.0,110.63,400.0,27.7,27.7,False
B14,2020-07-15 19:00:00,-110.28,0.0,110.28,400.0,27.6,27.6,False
B14,2020-07-15 20:00:00,-90.33,0.0,90.33,400.0,22.6,22.6,False
B14,2020-07-15 21:00:00,-66.63,0.0,66.63,400.0,16.7,16.7,False
B14,2020-07-15 22:00:00,-55.62,0.0,55.62,400.0,13.9,13.9,False
B14,2020-07-15 23:00:00,-61.89,0.0,61.89,400.0,15.5,15.5,False
B14,2020-07-16 00:00:00,-62.14,0.0,62.14,400.0,15.5,15.5,False
B14,2020-07-16 02:00:00,-54.69,0.0,54.69,400.0,13.7,13.7,False
B14,2020-07-16 04:00:00,-54.99,0.0,54.99,400.0,13.7,13.7,False
B14,2020-07-16 06:00:00,-70.24,0.0,70.24,400.0,17.6,17.6,False
B14,2020-07-16 08:00:00,-61.03,0.0,61.03,400.0,15.3,15.3,False
B14,2020-07-16 10:00:00,-100.4,0.0,100.4,400.0,25.1,25.1,False
B14,2020-07-16 12:00:00,-116.28,0.0,116.28,400.0,29.1,29.1,False
B14,2020-07-16 14:00:00,-125.43,0.0,125.43,400.0,31.4,31.4,False
B14,2020-07-16 16:00:00,-123.15,0.0,123.15,400.0,30.8,30.8,False
B14,2020-07-16 18:00:00,-110.18,0.0,110.18,400.0,27.5,27.5,False
B14,2020-07-16 20:00:00,-75.22,0.0,75.22,400.0,18.8,18.8,False
B14,2020-07-16 22:00:00,-76.92,0.0,76.92,400.0,19.2,19.2,False
B15,2020-07-15 00:00:00,-149.83,0.0,149.83,400.0,37.5,37.5,False
B15,2020-07-15 01:00:00,-150.15,0.0,150.15,400.0,37.5,37.5,False
B15,2020-07-15 02:00:00,-143.47,0.0,143.47,400.0,35.9,35.9,False
B15,2020-07-15 03:00:00,-144.73,0.0,144.73,400.0,36.2,36.2,False
B15,2020-07-15 04:00:00,-134.31,0.0,134.31,400.0,33.6,33.6,False
B15,2020-07-15 05:00:00,-147.09,0.0,147.09,400.0,36.8,36.8,False
B15,2020-07-15 06:00:00,-144.6,0.0,144.6,400.0,36.2,36.2,False
B15,2020-07-15 07:00:00,-137.62,0.0,137.62,400.0,34.4,34.4,False
B15,2020-07-15 08:00:00,-154.01,0.0,154.01,400.0,38.5,38.5,False
B15,2020-07-15 09:00:00,-174.21,0.0,174.21,400.0,43.6,43.6,False
B15,2020-07-15 10:00:00,-197.97,0.0,197.97,400.0,49.5,49.5,False
B15,2020-07-15 11:00:00,-204.45,0.0,204.45,400.0,51.1,51.1,False
B15,2020-07-15 12:00:00,-215.81,0.0,215.81,400.0,54.0,54.0,False
B15,2020-07-15 13:00:00,-221.8,0.0,221.8,400.0,55.4,55.4,False
B15,2020-07-15 14:00:00,-231.19,0.0,231.19,400.0,57.8,57.8,False
B15,2020-07-15 15:00:00,-224.99,0.0,224.99,400.0,56.2,56.2,False
B15,2020-07-15 16:00:00,-236.49,0.0,236.49,400.0,59.1,59.1,False
B15,2020-07-15 17:00:00,-234.14,0.0,234.14,400.0,58.5,58.5,False
B15,2020-07-15 18:00:00,-221.31,0.0,221.31,400.0,55.3,55.3,False
B15,2020-07-15 19:00:00,-224.22,0.0,224.22,400.0,56.1,56.1,False
B15,2020-07-15 20:00:00,-204.92,0.0,204.92,400.0,51.2,51.2,False
B15,2020-07-15 21:00:00,-166.98,0.0,166.98,400.0,41.7,41.7,False
B15,2020-07-15 22:00:00,-152.67,0.0,152.67,400.0,38.2,38.2,False
B15,2020-07-15 23:00:00,-162.75,0.0,162.75,400.0,40.7,40.7,False
B15,2020-07-16 00:00:00,-158.64,0.0,158.64,400.0,39.7,39.7,False
B15,2020-07-16 02:00:00,-143.91,0.0,143.91,400.0,36.0,36.0,False
B15,2020-07-16 04:00:00,-144.29,0.0,144.29,400.0,36.1,36.1,False
B15,2020-07-16 06:00:00,-161.04,0.0,161.04,400.0,40.3,40.3,False
B15,2020-07-16 08:00:00,-158.38,0.0,158.38,400.0,39.6,39.6,False
B15,2020-07-16 10:00:00,-192.37,0.0,192.37,400.0,48.1,48.1,False
B15,2020-07-16 12:00:00,-224.49,0.0,224.49,400.0,56.1,56.1,False
B15,2020-07-16 14:00:00,-241.28,0.0,241.28,400.0,60.3,60.3,False
B15,2020-07-16 16:00:00,-235.16,0.0,235.16,400.0,58.8,58.8,False
B15,2020-07-16 18:00:00,-229.69,0.0,229.69,400.0,57.4,57.4,False
B15,2020-07-16 20:00:00,-178.14,0.0,178.14,400.0,44.5,44.5,False
B15,2020-07-16 22:00:00,-186.09,0.0,186.09,400.0,46.5,46.5,False
B16,2020-07-15 00:00:00,-90.08,0.0,90.08,400.0,22.5,22.5,False
B16,2020-07-15 01:00:00,-89.82,0.0,89.82,400.0,22.5,22.5,False
B16,2020-07-15 02:00:00,-89.29,0.0,89.29,400.0,22.3,22.3,False
B16,2020-07-15 03:00:00,-85.16,0.0,85.16,400.0,21.3,21.3,False
B16,2020-07-15 04:00:00,-73.79,0.0,73.79,400.0,18.4,18.4,False
B16,2020-07-15 05:00:00,-73.62,0.0,73.62,400.0,18.4,18.4,False
B16,2020-07-15 06:00:00,-80.53,0.0,80.53,400.0,20.1,20.1,False
B16,2020-07-15 07:00:00,-80.15,0.0,80.15,400.0,20.0,20.0,False
B16,2020-07-15 08:00:00,-96.22,0.0,96.22,400.0,24.1,24.1,False
B16,2020-07-15 09:00:00,-109.31,0.0,109.31,400.0,27.3,27.3,False
B16,2020-07-15 10:00:00,-120.79,0.0,120.79,400.0,30.2,30.2,False
B16,2020-07-15 11:00:00,-133.9,0.0,133.9,400.0,33.5,33.5,False
B16,2020-07-15 12:00:00,-143.7,0.0,143.7,400.0,35.9,35.9,False
B16,2020-07-15 13:00:00,-149.15,0.0,149.15,400.0,37.3,37.3,False
B16,2020-07-15 14:00:00,-159.76,0.0,159.76,400.0,39.9,39.9,False
B16,2020-07-15 15:00:00,-168.42,0.0,168.42,400.0,42.1,42.1,False
B16,2020-07-15 16:00:00,-163.14,0.0,163.14,400.0,40.8,40.8,False
B16,2020-07-15 17:00:00,-156.08,0.0,156.08,400.0,39.0,39.0,False
B16,2020-07-15 18:00:00,-147.51,0.0,147.51,400.0,36.9,36.9,False
B16,2020-07-15 19:00:00,-141.44,0.0,141.44,400.0,35.4,35.4,False
B16,2020-07-15 20:00:00,-124.06,0.0,124.06,400.0,31.0,31.0,False
B16,2020-07-15 21:00:00,-106.12,0.0,106.12,400.0,26.5,26.5,False
B16,2020-07-15 22:00:00,-90.17,0.0,90.17,400.0,22.5,22.5,False
B16,2020-07-15 23:00:00,-93.02,0.0,93.02,400.0,23.3,23.3,False
B16,2020-07-16 00:00:00,-93.14,0.0,93.14,400.0,23.3,23.3,False
B16,2020-07-16 02:00:00,-80.77,0.0,80.77,400.0,20.2,20.2,False
B16,2020-07-16 04:00:00,-83.54,0.0,83.54,400.0,20.9,20.9,False
B16,2020-07-16 06:00:00,-106.75,0.0,106.75,400.0,26.7,26.7,False
B16,2020-07-16 08:00:00,-100.09,0.0,100.09,400.0,25.0,25.0,False
B16,2020-07-16 10:00:00,-140.22,0.0,140.22,400.0,35.1,35.1,False
B16,2020-07-16 12:00:00,-158.34,0.0,158.34,400.0,39.6,39.6,False
B16,2020-07-16 14:00:00,-170.74,0.0,170.74,400.0,42.7,42.7,False
B16,2020-07-16 16:00:00,-169.7,0.0,169.7,400.0,42.4,42.4,False
B16,2020-07-16 18:00:00,-150.82,0.0,150.82,400.0,37.7,37.7,False
B16,2020-07-16 20:00:00,-121.16,0.0,121.16,400.0,30.3,30.3,False
B16,2020-07-16 22:00:00,-95.22,0.0,95.22,400.0,23.8,23.8,False
B17,2020-07-15 00:00:00,-181.09,0.0,181.09,400.0,45.3,45.3,False
B17,2020-07-15 01:00:00,-181.13,0.0,181.13,400.0,45.3,45.3,False
B17,2020-07-15 02:00:00,-177.22,0.0,177.22,400.0,44.3,44.3,False
B17,2020-07-15 03:00:00,-175.18,0.0,175.18,400.0,43.8,43.8,False
B17,2020-07-15 04:00:00,-160.9,0.0,160.9,400.0,40.2,40.2,False
B17,2020-07-15 05:00:00,-168.12,0.0,168.12,400.0,42.0,42.0,False
B17,2020-07-15 06:00:00,-173.17,0.0,173.17,400.0,43.3,43.3,False
B17,2020-07-15 07:00:00,-169.62,0.0,169.62,400.0,42.4,42.4,False
B17,2020-07-15 08:00:00,-188.06,0.0,188.06,400.0,47.0,47.0,False
B17,2020-07-15 09:00:00,-206.71,0.0,206.71,400.0,51.7,51.7,False
B17,2020-07-15 10:00:00,-228.4,0.0,228.4,400.0,57.1,57.1,False
B17,2020-07-15 11:00:00,-238.34,0.0,238.34,400.0,59.6,59.6,False
B17,2020-07-15 12:00:00,-251.28,0.0,251.28,400.0,62.8,62.8,False
B17,2020-07-15 13:00:00,-258.89,0.0,258.89,400.0,64.7,64.7,False
B17,2020-07-15 14:00:00,-270.89,0.0,270.89,400.0,67.7,67.7,False
B17,2020-07-15 15:00:00,-269.49,0.0,269.49,400.0,67.4,67.4,False
B17,2020-07-15 16:00:00,-276.47,0.0,276.47,400.0,69.1,69.1,False
B17,2020-07-15 17:00:00,-272.79,0.0,272.79,400.0,68.2,68.2,False
B17,2020-07-15 18:00:00,-258.18,0.0,258.18,400.0,64.5,64.5,False
B17,2020-07-15 19:00:00,-255.38,0.0,255.38,400.0,63.8,63.8,False
B17,2020-07-15 20:00:00,-238.65,0.0,238.65,400.0,59.7,59.7,False
B17,2020-07-15 21:00:00,-206.47,0.0,206.47,400.0,51.6,51.6,False
B17,2020-07-15 22:00:00,-187.22,0.0,187.22,400.0,46.8,46.8,False
B17,2020-07-15 23:00:00,-193.89,0.0,193.89,400.0,48.5,48.5,False
B17,2020-07-16 00:00:00,-189.63,0.0,189.63,400.0,47.4,47.4,False
B17,2020-07-16 02:00:00,-169.99,0.0,169.99,400.0,42.5,42.5,False
B17,2020-07-16 04:00:00,-172.83,0.0,172.83,400.0,43.2,43.2,False
B17,2020-07-16 06:00:00,-197.55,0.0,197.55,400.0,49.4,49.4,False
B17,2020-07-16 08:00:00,-197.43,0.0,197.43,400.0,49.4,49.4,False
B17,2020-07-16 10:00:00,-232.19,0.0,232.19,400.0,58.0,58.0,False
B17,2020-07-16 12:00:00,-266.55,0.0,266.55,400.0,66.6,66.6,False
B17,2020-07-16 14:00:00,-286.6,0.0,286.6,400.0,71.6,71.6,False
B17,2020-07-16 16:00:00,-281.71,0.0,281.71,400.0,70.4,70.4,False
B17,2020-07-16 18:00:00,-270.33,0.0,270.33,400.0,67.6,67.6,False
B17,2020-07-16 20:00:00,-224.08,0.0,224.08,400.0,56.0,56.0,False
B17,2020-07-16 22:00:00,-204.38,0.0,204.38,400.0,51.1,51.1,False
B18,2020-07-15 00:00:00,-117.0,0.0,117.0,500.0,23.4,23.4,False
B18,2020-07-15 01:00:00,-119.82,0.0,119.82,500.0,24.0,24.0,False
B18,2020-07-15 02:00:00,-113.6,0.0,113.6,500.0,22.7,22.7,False
B18,2020-07-15 03:00:00,-116.76,0.0,116.76,500.0,23.4,23.4,False
B18,2020-07-15 04:00:00,-106.18,0.0,106.18,500.0,21.2,21.2,False
B18,2020-07-15 05:00:00,-121.25,0.0,121.25,500.0,24.3,24.3,False
B18,2020-07-15 06:00:00,-116.45,0.0,116.45,500.0,23.3,23.3,False
B18,2020-07-15 07:00:00,-105.18,0.0,105.18,500.0,21.0,21.0,False
B18,2020-07-15 08:00:00,-114.84,0.0,114.84,500.0,23.0,23.0,False
B18,2020-07-15 09:00:00,-198.57,0.0,198.57,500.0,39.7,39.7,False
B18,2020-07-15 10:00:00,-251.31,0.0,251.31,500.0,50.3,50.3,False
B18,2020-07-15 11:00:00,-249.28,0.0,249.28,500.0,49.9,49.9,False
B18,2020-07-15 12:00:00,-258.27,0.0,258.27,500.0,51.7,51.7,False
B18,2020-07-15 13:00:00,-263.34,0.0,263.34,500.0,52.7,52.7,False
B18,2020-07-15 14:00:00,-280.25,0.0,280.25,500.0,56.0,56.0,False
B18,2020-07-15 15:00:00,-277.2,0.0,277.2,500.0,55.4,55.4,False
B18,2020-07-15 16:00:00,-285.38,0.0,285.38,500.0,57.1,57.1,False
B18,2020-07-15 17:00:00,-277.88,0.0,277.88,500.0,55.6,55.6,False
B18,2020-07-15 18:00:00,-264.57,0.0,264.57,500.0,52.9,52.9,False
B18,2020-07-15 19:00:00,-270.5,0.0,270.5,500.0,54.1,54.1,False
B18,2020-07-15 20:00:00,-234.53,0.0,234.53,500.0,46.9,46.9,False
B18,2020-07-15 21:00:00,-131.43,0.0,131.43,500.0,26.3,26.3,False
B18,2020-07-15 22:00:00,-121.69,0.0,121.69,500.0,24.3,24.3,False
B18,2020-07-15 23:00:00,-135.56,0.0,135.56,500.0,27.1,27.1,False
B18,2020-07-16 00:00:00,-131.03,0.0,131.03,500.0,26.2,26.2,False
B18,2020-07-16 02:00:00,-115.12,0.0,115.12,500.0,23.0,23.0,False
B18,2020-07-16 04:00:00,-115.53,0.0,115.53,500.0,23.1,23.1,False
B18,2020-07-16 06:00:00,-124.26,0.0,124.26,500.0,24.9,24.9,False
B18,2020-07-16 08:00:00,-123.45,0.0,123.45,500.0,24.7,24.7,False
B18,2020-07-16 10:00:00,-223.76,0.0,223.76,500.0,44.8,44.8,False
B18,2020-07-16 12:00:00,-261.74,0.0,261.74,500.0,52.3,52.3,False
B18,2020-07-16 14:00:00,-278.71,0.0,278.71,500.0,55.7,55.7,False
B18,2020-07-16 16:00:00,-270.89,0.0,270.89,500.0,54.2,54.2,False
B18,2020-07-16 18:00:00,-279.49,0.0,279.49,500.0,55.9,55.9,False
B18,2020-07-16 20:00:00,-138.58,0.0,138.58,500.0,27.7,27.7,False
B18,2020-07-16 22:00:00,-151.96,0.0,151.96,500.0,30.4,30.4,False
B19,2020-07-15 00:00:00,-38.0,0.0,38.0,500.0,7.6,7.6,False
B19,2020-07-15 01:00:00,-33.96,0.0,33.96,500.0,6.8,6.8,False
B19,2020-07-15 02:00:00,-37.22,0.0,37.22,500.0,7.4,7.4,False
B19,2020-07-15 03:00:00,-29.06,0.0,29.06,500.0,5.8,5.8,False
B19,2020-07-15 04:00:00,-21.16,0.0,21.16,500.0,4.2,4.2,False
B19,2020-07-15 05:00:00,-11.28,0.0,11.28,500.0,2.3,2.3,False
B19,2020-07-15 06:00:00,-22.46,0.0,22.46,500.0,4.5,4.5,False
B19,2020-07-15 07:00:00,-29.57,0.0,29.57,500.0,5.9,5.9,False
B19,2020-07-15 08:00:00,-49.8,0.0,49.8,500.0,10.0,10.0,False
B19,2020-07-15 09:00:00,6.14,0.0,6.14,500.0,1.2,1.2,False
B19,2020-07-15 10:00:00,33.85,0.0,33.85,500.0,6.8,6.8,False
B19,2020-07-15 11:00:00,9.11,0.0,9.11,500.0,1.8,1.8,False
B19,2020-07-15 12:00:00,0.15,0.0,0.15,500.0,0.0,0.0,False
B19,2020-07-15 13:00:00,-3.97,0.0,3.97,500.0,0.8,0.8,False
B19,2020-07-15 14:00:00,-5.66,0.0,5.66,500.0,1.1,1.1,False
B19,2020-07-15 15:00:00,-20.84,0.0,20.84,500.0,4.2,4.2,False
B19,2020-07-15 16:00:00,-7.01,0.0,7.01,500.0,1.4,1.4,False
B19,2020-07-15 17:00:00,-1.73,0.0,1.73,500.0,0.3,0.3,False
B19,2020-07-15 18:00:00,0.21,0.0,0.21,500.0,0.0,0.0,False
B19,2020-07-15 19:00:00,12.54,0.0,12.54,500.0,2.5,2.5,False
B19,2020-07-15 20:00:00,13.85,0.0,13.85,500.0,2.8,2.8,False
B19,2020-07-15 21:00:00,-47.59,0.0,47.59,500.0,9.5,9.5,False
B19,2020-07-15 22:00:00,-30.51,0.0,30.51,500.0,6.1,6.1,False
B19,2020-07-15 23:00:00,-25.71,0.0,25.71,500.0,5.1,5.1,False
B19,2020-07-16 00:00:00,-29.22,0.0,29.22,500.0,5.8,5.8,False
B19,2020-07-16 02:00:00,-22.82,0.0,22.82,500.0,4.6,4.6,False
B19,2020-07-16 04:00:00,-28.0,0.0,28.0,500.0,5.6,5.6,False
B19,2020-07-16 06:00:00,-58.53,0.0,58.53,500.0,11.7,11.7,False
B19,2020-07-16 08:00:00,-43.64,0.0,43.64,500.0,8.7,8.7,False
B19,2020-07-16 10:00:00,-23.01,0.0,23.01,500.0,4.6,4.6,False
B19,2020-07-16 12:00:00,-18.78,0.0,18.78,500.0,3.8,3.8,False
B19,2020-07-16 14:00:00,-23.23,0.0,23.23,500.0,4.6,4.6,False
B19,2020-07-16 16:00:00,-27.79,0.0,27.79,500.0,5.6,5.6,False
B19,2020-07-16 18:00:00,12.55,0.0,12.55,500.0,2.5,2.5,False
B19,2020-07-16 20:00:00,-63.72,0.0,63.72,500.0,12.7,12.7,False
B19,2020-07-16 22:00:00,-25.23,0.0,25.23,500.0,5.0,5.0,False
B20,2020-07-15 00:00:00,42.27,0.0,42.27,500.0,8.5,8.5,False
B20,2020-07-15 01:00:00,39.98,0.0,39.98,500.0,8.0,8.0,False
B20,2020-07-15 02:00:00,40.29,0.0,40.29,500.0,8.1,8.1,False
B20,2020-07-15 03:00:00,40.79,0.0,40.79,500.0,8.2,8.2,False
B20,2020-07-15 04:00:00,46.27,0.0,46.27,500.0,9.3,9.3,False
B20,2020-07-15 05:00:00,44.12,0.0,44.12,500.0,8.8,8.8,False
B20,2020-07-15 06:00:00,45.66,0.0,45.66,500.0,9.1,9.1,False
B20,2020-07-15 07:00:00,51.38,0.0,51.38,500.0,10.3,10.3,False
B20,2020-07-15 08:00:00,45.89,0.0,45.89,500.0,9.2,9.2,False
B20,2020-07-15 09:00:00,-28.12,0.0,28.12,500.0,5.6,5.6,False
B20,2020-07-15 10:00:00,-62.99,0.0,62.99,500.0,12.6,12.6,False
B20,2020-07-15 11:00:00,-66.51,0.0,66.51,500.0,13.3,13.3,False
B20,2020-07-15 12:00:00,-70.01,0.0,70.01,500.0,14.0,14.0,False
B20,2020-07-15 13:00:00,-71.29,0.0,71.29,500.0,14.3,14.3,False
B20,2020-07-15 14:00:00,-85.78,0.0,85.78,500.0,17.2,17.2,False
B20,2020-07-15 15:00:00,-100.32,0.0,100.32,500.0,20.1,20.1,False
B20,2020-07-15 16:00:00,-87.06,0.0,87.06,500.0,17.4,17.4,False
B20,2020-07-15 17:00:00,-73.64,0.0,73.64,500.0,14.7,14.7,False
B20,2020-07-15 18:00:00,-70.89,0.0,70.89,500.0,14.2,14.2,False
B20,2020-07-15 19:00:00,-71.11,0.0,71.11,500.0,14.2,14.2,False
B20,2020-07-15 20:00:00,-34.0,0.0,34.0,500.0,6.8,6.8,False
B20,2020-07-15 21:00:00,44.18,0.0,44.18,500.0,8.8,8.8,False
B20,2020-07-15 22:00:00,48.14,0.0,48.14,500.0,9.6,9.6,False
B20,2020-07-15 23:00:00,40.96,0.0,40.96,500.0,8.2,8.2,False
B20,2020-07-16 00:00:00,37.84,0.0,37.84,500.0,7.6,7.6,False
B20,2020-07-16 02:00:00,41.01,0.0,41.01,500.0,8.2,8.2,False
B20,2020-07-16 04:00:00,40.74,0.0,40.74,500.0,8.1,8.1,False
B20,2020-07-16 06:00:00,34.65,0.0,34.65,500.0,6.9,6.9,False
B20,2020-07-16 08:00:00,46.9,0.0,46.9,500.0,9.4,9.4,False
B20,2020-07-16 10:00:00,-62.82,0.0,62.82,500.0,12.6,12.6,False
B20,2020-07-16 12:00:00,-72.37,0.0,72.37,500.0,14.5,14.5,False
B20,2020-07-16 14:00:00,-75.97,0.0,75.97,500.0,15.2,15.2,False
B20,2020-07-16 16:00:00,-74.87,0.0,74.87,500.0,15.0,15.0,False
B20,2020-07-16 18:00:00,-70.35,0.0,70.35,500.0,14.1,14.1,False
B20,2020-07-16 20:00:00,41.53,0.0,41.53,500.0,8.3,8.3,False
B20,2020-07-16 22:00:00,39.08,0.0,39.08,500.0,7.8,7.8,False
B21,2020-07-15 00:00:00,-179.85,0.0,179.85,500.0,36.0,36.0,False
B21,2020-07-15 01:00:00,-177.26,0.0,177.26,500.0,35.5,35.5,False
B21,2020-07-15 02:00:00,-167.24,0.0,167.24,500.0,33.4,33.4,False
B21,2020-07-15 03:00:00,-167.44,0.0,167.44,500.0,33.5,33.5,False
B21,2020-07-15 04:00:00,-148.43,0.0,148.43,500.0,29.7,29.7,False
B21,2020-07-15 05:00:00,-166.42,0.0,166.42,500.0,33.3,33.3,False
B21,2020-07-15 06:00:00,-170.32,0.0,170.32,500.0,34.1,34.1,False
B21,2020-07-15 07:00:00,-165.34,0.0,165.34,500.0,33.1,33.1,False
B21,2020-07-15 08:00:00,-194.58,0.0,194.58,500.0,38.9,38.9,False
B21,2020-07-15 09:00:00,-159.51,0.0,159.51,500.0,31.9,31.9,False
B21,2020-07-15 10:00:00,-169.99,0.0,169.99,500.0,34.0,34.0,False
B21,2020-07-15 11:00:00,-182.87,0.0,182.87,500.0,36.6,36.6,False
B21,2020-07-15 12:00:00,-204.25,0.0,204.25,500.0,40.9,40.9,False
B21,2020-07-15 13:00:00,-215.98,0.0,215.98,500.0,43.2,43.2,False
B21,2020-07-15 14:00:00,-222.84,0.0,222.84,500.0,44.6,44.6,False
B21,2020-07-15 15:00:00,-216.77,0.0,216.77,500.0,43.4,43.4,False
B21,2020-07-15 16:00:00,-232.6,0.0,232.6,500.0,46.5,46.5,False
B21,2020-07-15 17:00:00,-240.16,0.0,240.16,500.0,48.0,48.0,False
B21,2020-07-15 18:00:00,-215.65,0.0,215.65,500.0,43.1,43.1,False
B21,2020-07-15 19:00:00,-215.22,0.0,215.22,500.0,43.0,43.0,False
B21,2020-07-15 20:00:00,-216.24,0.0,216.24,500.0,43.2,43.2,False
B21,2020-07-15 21:00:00,-224.42,0.0,224.42,500.0,44.9,44.9,False
B21,2020-07-15 22:00:00,-195.33,0.0,195.33,500.0,39.1,39.1,False
B21,2020-07-15 23:00:00,-204.86,0.0,204.86,500.0,41.0,41.0,False
B21,2020-07-16 00:00:00,-191.08,0.0,191.08,500.0,38.2,38.2,False
B21,2020-07-16 02:00:00,-161.16,0.0,161.16,500.0,32.2,32.2,False
B21,2020-07-16 04:00:00,-162.87,0.0,162.87,500.0,32.6,32.6,False
B21,2020-07-16 06:00:00,-199.05,0.0,199.05,500.0,39.8,39.8,False
B21,2020-07-16 08:00:00,-208.67,0.0,208.67,500.0,41.7,41.7,False
B21,2020-07-16 10:00:00,-167.88,0.0,167.88,500.0,33.6,33.6,False
B21,2020-07-16 12:00:00,-224.58,0.0,224.58,500.0,44.9,44.9,False
B21,2020-07-16 14:00:00,-257.68,0.0,257.68,500.0,51.5,51.5,False
B21,2020-07-16 16:00:00,-247.81,0.0,247.81,500.0,49.6,49.6,False
B21,2020-07-16 18:00:00,-235.61,0.0,235.61,500.0,47.1,47.1,False
B21,2020-07-16 20:00:00,-249.67,0.0,249.67,500.0,49.9,49.9,False
B21,2020-07-16 22:00:00,-234.6,0.0,234.6,500.0,46.9,46.9,False
B22,2020-07-15 00:00:00,-223.84,0.0,223.84,500.0,44.8,44.8,False
B22,2020-07-15 01:00:00,-219.7,0.0,219.7,500.0,43.9,43.9,False
B22,2020-07-15 02:00:00,-208.7,0.0,208.7,500.0,41.7,41.7,False
B22,2020-07-15 03:00:00,-209.19,0.0,209.19,500.0,41.8,41.8,False
B22,2020-07-15 04:00:00,-191.02,0.0,191.02,500.0,38.2,38.2,False
B22,2020-07-15 05:00:00,-209.89,0.0,209.89,500.0,42.0,42.0,False
B22,2020-07-15 06:00:00,-215.09,0.0,215.09,500.0,43.0,43.0,False
B22,2020-07-15 07:00:00,-212.69,0.0,212.69,500.0,42.5,42.5,False
B22,2020-07-15 08:00:00,-242.26,0.0,242.26,500.0,48.5,48.5,False
B22,2020-07-15 09:00:00,-162.33,0.0,162.33,500.0,32.5,32.5,False
B22,2020-07-15 10:00:00,-154.77,0.0,154.77,500.0,31.0,31.0,False
B22,2020-07-15 11:00:00,-167.2,0.0,167.2,500.0,33.4,33.4,False
B22,2020-07-15 12:00:00,-189.1,0.0,189.1,500.0,37.8,37.8,False
B22,2020-07-15 13:00:00,-201.47,0.0,201.47,500.0,40.3,40.3,False
B22,2020-07-15 14:00:00,-201.13,0.0,201.13,500.0,40.2,40.2,False
B22,2020-07-15 15:00:00,-186.34,0.0,186.34,500.0,37.3,37.3,False
B22,2020-07-15 16:00:00,-211.31,0.0,211.31,500.0,42.3,42.3,False
B22,2020-07-15 17:00:00,-227.14,0.0,227.14,500.0,45.4,45.4,False
B22,2020-07-15 18:00:00,-201.33,0.0,201.33,500.0,40.3,40.3,False
B22,2020-07-15 19:00:00,-200.73,0.0,200.73,500.0,40.1,40.1,False
B22,2020-07-15 20:00:00,-222.34,0.0,222.34,500.0,44.5,44.5,False
B22,2020-07-15 21:00:00,-274.59,0.0,274.59,500.0,54.9,54.9,False
B22,2020-07-15 22:00:00,-244.34,0.0,244.34,500.0,48.9,48.9,False
B22,2020-07-15 23:00:00,-251.01,0.0,251.01,500.0,50.2,50.2,False
B22,2020-07-16 00:00:00,-233.91,0.0,233.91,500.0,46.8,46.8,False
B22,2020-07-16 02:00:00,-202.31,0.0,202.31,500.0,40.5,40.5,False
B22,2020-07-16 04:00:00,-204.07,0.0,204.07,500.0,40.8,40.8,False
B22,2020-07-16 06:00:00,-241.04,0.0,241.04,500.0,48.2,48.2,False
B22,2020-07-16 08:00:00,-258.53,0.0,258.53,500.0,51.7,51.7,False
B22,2020-07-16 10:00:00,-152.52,0.0,152.52,500.0,30.5,30.5,False
B22,2020-07-16 12:00:00,-210.47,0.0,210.47,500.0,42.1,42.1,False
B22,2020-07-16 14:00:00,-245.38,0.0,245.38,500.0,49.1,49.1,False
B22,2020-07-16 16:00:00,-234.99,0.0,234.99,500.0,47.0,47.0,False
B22,2020-07-16 18:00:00,-223.87,0.0,223.87,500.0,44.8,44.8,False
B22,2020-07-16 20:00:00,-301.28,0.0,301.28,500.0,60.3,60.3,False
B22,2020-07-16 22:00:00,-283.13,0.0,283.13,500.0,56.6,56.6,False
B23,2020-07-15 00:00:00,-148.79,0.0,148.79,500.0,29.8,29.8,False
B23,2020-07-15 01:00:00,-137.73,0.0,137.73,500.0,27.5,27.5,False
B23,2020-07-15 02:00:00,-137.95,0.0,137.95,500.0,27.6,27.6,False
B23,2020-07-15 03:00:00,-128.18,0.0,128.18,500.0,25.6,25.6,False
B23,2020-07-15 04:00:00,-118.85,0.0,118.85,500.0,23.8,23.8,False
B23,2020-07-15 05:00:00,-110.16,0.0,110.16,500.0,22.0,22.0,False
B23,2020-07-15 06:00:00,-129.83,0.0,129.83,500.0,26.0,26.0,False
B23,2020-07-15 07:00:00,-147.61,0.0,147.61,500.0,29.5,29.5,False
B23,2020-07-15 08:00:00,-178.35,0.0,178.35,500.0,35.7,35.7,False
B23,2020-07-15 09:00:00,-130.29,0.0,130.29,500.0,26.1,26.1,False
B23,2020-07-15 10:00:00,-110.68,0.0,110.68,500.0,22.1,22.1,False
B23,2020-07-15 11:00:00,-143.33,0.0,143.33,500.0,28.7,28.7,False
B23,2020-07-15 12:00:00,-159.02,0.0,159.02,500.0,31.8,31.8,False
B23,2020-07-15 13:00:00,-167.73,0.0,167.73,500.0,33.5,33.5,False
B23,2020-07-15 14:00:00,-176.83,0.0,176.83,500.0,35.4,35.4,False
B23,2020-07-15 15:00:00,-194.5,0.0,194.5,500.0,38.9,38.9,False
B23,2020-07-15 16:00:00,-180.55,0.0,180.55,500.0,36.1,36.1,False
B23,2020-07-15 17:00:00,-171.83,0.0,171.83,500.0,34.4,34.4,False
B23,2020-07-15 18:00:00,-162.58,0.0,162.58,500.0,32.5,32.5,False
B23,2020-07-15 19:00:00,-145.28,0.0,145.28,500.0,29.1,29.1,False
B23,2020-07-15 20:00:00,-135.86,0.0,135.86,500.0,27.2,27.2,False
B23,2020-07-15 21:00:00,-186.42,0.0,186.42,500.0,37.3,37.3,False
B23,2020-07-15 22:00:00,-157.26,0.0,157.26,500.0,31.5,31.5,False
B23,2020-07-15 23:00:00,-141.92,0.0,141.92,500.0,28.4,28.4,False
B23,2020-07-16 00:00:00,-133.57,0.0,133.57,500.0,26.7,26.7,False
B23,2020-07-16 02:00:00,-117.33,0.0,117.33,500.0,23.5,23.5,False
B23,2020-07-16 04:00:00,-123.98,0.0,123.98,500.0,24.8,24.8,False
B23,2020-07-16 06:00:00,-170.94,0.0,170.94,500.0,34.2,34.2,False
B23,2020-07-16 08:00:00,-178.46,0.0,178.46,500.0,35.7,35.7,False
B23,2020-07-16 10:00:00,-178.51,0.0,178.51,500.0,35.7,35.7,False
B23,2020-07-16 12:00:00,-189.75,0.0,189.75,500.0,37.9,37.9,False
B23,2020-07-16 14:00:00,-204.64,0.0,204.64,500.0,40.9,40.9,False
B23,2020-07-16 16:00:00,-208.14,0.0,208.14,500.0,41.6,41.6,False
B23,2020-07-16 18:00:00,-156.71,0.0,156.71,500.0,31.3,31.3,False
B23,2020-07-16 20:00:00,-214.82,0.0,214.82,500.0,43.0,43.0,False
B23,2020-07-16 22:00:00,-151.23,0.0,151.23,500.0,30.2,30.2,False
B24,2020-07-15 00:00:00,-128.56,0.0,128.56,500.0,25.7,25.7,False
B24,2020-07-15 01:00:00,-129.34,0.0,129.34,500.0,25.9,25.9,False
B24,2020-07-15 02:00:00,-88.99,0.0,88.99,500.0,17.8,17.8,False
B24,2020-07-15 03:00:00,-113.0,0.0,113.0,500.0,22.6,22.6,False
B24,2020-07-15 04:00:00,-138.75,0.0,138.75,500.0,27.8,27.8,False
B24,2020-07-15 05:00:00,-180.49,0.0,180.49,500.0,36.1,36.1,False
B24,2020-07-15 06:00:00,-159.24,0.0,159.24,500.0,31.8,31.8,False
B24,2020-07-15 07:00:00,-127.71,0.0,127.71,500.0,25.5,25.5,False
B24,2020-07-15 08:00:00,-122.82,0.0,122.82,500.0,24.6,24.6,False
B24,2020-07-15 09:00:00,-163.05,0.0,163.05,500.0,32.6,32.6,False
B24,2020-07-15 10:00:00,-214.05,0.0,214.05,500.0,42.8,42.8,False
B24,2020-07-15 11:00:00,-206.69,0.0,206.69,500.0,41.3,41.3,False
B24,2020-07-15 12:00:00,-222.28,0.0,222.28,500.0,44.5,44.5,False
B24,2020-07-15 13:00:00,-222.65,0.0,222.65,500.0,44.5,44.5,False
B24,2020-07-15 14:00:00,-203.17,0.0,203.17,500.0,40.6,40.6,False
B24,2020-07-15 15:00:00,-147.92,0.0,147.92,500.0,29.6,29.6,False
B24,2020-07-15 16:00:00,-204.84,0.0,204.84,500.0,41.0,41.0,False
B24,2020-07-15 17:00:00,-249.14,0.0,249.14,500.0,49.8,49.8,False
B24,2020-07-15 18:00:00,-229.89,0.0,229.89,500.0,46.0,46.0,False
B24,2020-07-15 19:00:00,-248.31,0.0,248.31,500.0,49.7,49.7,False
B24,2020-07-15 20:00:00,-228.72,0.0,228.72,500.0,45.7,45.7,False
B24,2020-07-15 21:00:00,-145.47,0.0,145.47,500.0,29.1,29.1,False
B24,2020-07-15 22:00:00,-150.86,0.0,150.86,500.0,30.2,30.2,False
B24,2020-07-15 23:00:00,-181.55,0.0,181.55,500.0,36.3,36.3,False
B24,2020-07-16 00:00:00,-134.55,0.0,134.55,500.0,26.9,26.9,False
B24,2020-07-16 02:00:00,-126.09,0.0,126.09,500.0,25.2,25.2,False
B24,2020-07-16 04:00:00,-113.15,0.0,113.15,500.0,22.6,22.6,False
B24,2020-07-16 06:00:00,-142.29,0.0,142.29,500.0,28.5,28.5,False
B24,2020-07-16 08:00:00,-142.21,0.0,142.21,500.0,28.4,28.4,False
B24,2020-07-16 10:00:00,-144.65,0.0,144.65,500.0,28.9,28.9,False
B24,2020-07-16 12:00:00,-204.59,0.0,204.59,500.0,40.9,40.9,False
B24,2020-07-16 14:00:00,-225.82,0.0,225.82,500.0,45.2,45.2,False
B24,2020-07-16 16:00:00,-206.07,0.0,206.07,500.0,41.2,41.2,False
B24,2020-07-16 18:00:00,-231.41,0.0,231.41,500.0,46.3,46.3,False
B24,2020-07-16 20:00:00,-138.39,0.0,138.39,500.0,27.7,27.7,False
B24,2020-07-16 22:00:00,-235.49,0.0,235.49,500.0,47.1,47.1,False
B25-1,2020-07-15 00:00:00,-40.25,0.0,40.25,500.0,8.1,8.1,False
B25-1,2020-07-15 01:00:00,-42.08,0.0,42.08,500.0,8.4,8.4,False
B25-1,2020-07-15 02:00:00,-41.85,0.0,41.85,500.0,8.4,8.4,False
B25-1,2020-07-15 03:00:00,-40.27,0.0,40.27,500.0,8.1,8.1,False
B25-1,2020-07-15 04:00:00,-35.54,0.0,35.54,500.0,7.1,7.1,False
B25-1,2020-07-15 05:00:00,-35.84,0.0,35.84,500.0,7.2,7.2,False
B25-1,2020-07-15 06:00:00,-41.03,0.0,41.03,500.0,8.2,8.2,False
B25-1,2020-07-15 07:00:00,-62.6,0.0,62.6,500.0,12.5,12.5,False
B25-1,2020-07-15 08:00:00,-90.42,0.0,90.42,500.0,18.1,18.1,False
B25-1,2020-07-15 09:00:00,-84.96,0.0,84.96,500.0,17.0,17.0,False
B25-1,2020-07-15 10:00:00,-82.31,0.0,82.31,500.0,16.5,16.5,False
B25-1,2020-07-15 11:00:00,-130.09,0.0,130.09,500.0,26.0,26.0,False
B25-1,2020-07-15 12:00:00,-150.34,0.0,150.34,500.0,30.1,30.1,False
B25-1,2020-07-15 13:00:00,-150.15,0.0,150.15,500.0,30.0,30.0,False
B25-1,2020-07-15 14:00:00,-143.8,0.0,143.8,500.0,28.8,28.8,False
B25-1,2020-07-15 15:00:00,-135.07,0.0,135.07,500.0,27.0,27.0,False
B25-1,2020-07-15 16:00:00,-141.43,0.0,141.43,500.0,28.3,28.3,False
B25-1,2020-07-15 17:00:00,-149.81,0.0,149.81,500.0,30.0,30.0,False
B25-1,2020-07-15 18:00:00,-149.16,0.0,149.16,500.0,29.8,29.8,False
B25-1,2020-07-15 19:00:00,-129.93,0.0,129.93,500.0,26.0,26.0,False
B25-1,2020-07-15 20:00:00,-82.46,0.0,82.46,500.0,16.5,16.5,False
B25-1,2020-07-15 21:00:00,-87.7,0.0,87.7,500.0,17.5,17.5,False
B25-1,2020-07-15 22:00:00,-61.73,0.0,61.73,500.0,12.3,12.3,False
B25-1,2020-07-15 23:00:00,-58.44,0.0,58.44,500.0,11.7,11.7,False
B25-1,2020-07-16 00:00:00,-43.42,0.0,43.42,500.0,8.7,8.7,False
B25-1,2020-07-16 02:00:00,-46.03,0.0,46.03,500.0,9.2,9.2,False
B25-1,2020-07-16 04:00:00,-44.02,0.0,44.02,500.0,8.8,8.8,False
B25-1,2020-07-16 06:00:00,-48.31,0.0,48.31,500.0,9.7,9.7,False
B25-1,2020-07-16 08:00:00,-48.67,0.0,48.67,500.0,9.7,9.7,False
B25-1,2020-07-16 10:00:00,-155.42,0.0,155.42,500.0,31.1,31.1,False
B25-1,2020-07-16 12:00:00,-154.96,0.0,154.96,500.0,31.0,31.0,False
B25-1,2020-07-16 14:00:00,-155.65,0.0,155.65,500.0,31.1,31.1,False
B25-1,2020-07-16 16:00:00,-156.05,0.0,156.05,500.0,31.2,31.2,False
B25-1,2020-07-16 18:00:00,-86.36,0.0,86.36,500.0,17.3,17.3,False
B25-1,2020-07-16 20:00:00,-81.57,0.0,81.57,500.0,16.3,16.3,False
B25-1,2020-07-16 22:00:00,-6.88,0.0,6.88,500.0,1.4,1.4,False
B25-2,2020-07-15 00:00:00,-40.25,0.0,40.25,500.0,8.1,8.1,False
B25-2,2020-07-15 01:00:00,-42.08,0.0,42.08,500.0,8.4,8.4,False
B25-2,2020-07-15 02:00:00,-41.85,0.0,41.85,500.0,8.4,8.4,False
B25-2,2020-07-15 03:00:00,-40.27,0.0,40.27,500.0,8.1,8.1,False
B25-2,2020-07-15 04:00:00,-35.54,0.0,35.54,500.0,7.1,7.1,False
B25-2,2020-07-15 05:00:00,-35.84,0.0,35.84,500.0,7.2,7.2,False
B25-2,2020-07-15 06:00:00,-41.03,0.0,41.03,500.0,8.2,8.2,False
B25-2,2020-07-15 07:00:00,-62.6,0.0,62.6,500.0,12.5,12.5,False
B25-2,2020-07-15 08:00:00,-90.42,0.0,90.42,500.0,18.1,18.1,False
B25-2,2020-07-15 09:00:00,-84.96,0.0,84.96,500.0,17.0,17.0,False
B25-2,2020-07-15 10:00:00,-82.31,0.0,82.31,500.0,16.5,16.5,False
B25-2,2020-07-15 11:00:00,-130.09,0.0,130.09,500.0,26.0,26.0,False
B25-2,2020-07-15 12:00:00,-150.34,0.0,150.34,500.0,30.1,30.1,False
B25-2,2020-07-15 13:00:00,-150.15,0.0,150.15,500.0,30.0,30.0,False
B25-2,2020-07-15 14:00:00,-143.8,0.0,143.8,500.0,28.8,28.8,False
B25-2,2020-07-15 15:00:00,-135.07,0.0,135.07,500.0,27.0,27.0,False
B25-2,2020-07-15 16:00:00,-141.43,0.0,141.43,500.0,28.3,28.3,False
B25-2,2020-07-15 17:00:00,-149.81,0.0,149.81,500.0,30.0,30.0,False
B25-2,2020-07-15 18:00:00,-149.16,0.0,149.16,500.0,29.8,29.8,False
B25-2,2020-07-15 19:00:00,-129.93,0.0,129.93,500.0,26.0,26.0,False
B25-2,2020-07-15 20:00:00,-82.46,0.0,82.46,500.0,16.5,16.5,False
B25-2,2020-07-15 21:00:00,-87.7,0.0,87.7,500.0,17.5,17.5,False
B25-2,2020-07-15 22:00:00,-61.73,0.0,61.73,500.0,12.3,12.3,False
B25-2,2020-07-15 23:00:00,-58.44,0.0,58.44,500.0,11.7,11.7,False
B25-2,2020-07-16 00:00:00,-43.42,0.0,43.42,500.0,8.7,8.7,False
B25-2,2020-07-16 02:00:00,-46.03,0.0,46.03,500.0,9.2,9.2,False
B25-2,2020-07-16 04:00:00,-44.02,0.0,44.02,500.0,8.8,8.8,False
B25-2,2020-07-16 06:00:00,-48.31,0.0,48.31,500.0,9.7,9.7,False
B25-2,2020-07-16 08:00:00,-48.67,0.0,48.67,500.0,9.7,9.7,False
B25-2,2020-07-16 10:00:00,-155.42,0.0,155.42,500.0,31.1,31.1,False
B25-2,2020-07-16 12:00:00,-154.96,0.0,154.96,500.0,31.0,31.0,False
B25-2,2020-07-16 14:00:00,-155.65,0.0,155.65,500.0,31.1,31.1,False
B25-2,2020-07-16 16:00:00,-156.05,0.0,156.05,500.0,31.2,31.2,False
B25-2,2020-07-16 18:00:00,-86.36,0.0,86.36,500.0,17.3,17.3,False
B25-2,2020-07-16 20:00:00,-81.57,0.0,81.57,500.0,16.3,16.3,False
B25-2,2020-07-16 22:00:00,-6.88,0.0,6.88,500.0,1.4,1.4,False
B26,2020-07-15 00:00:00,81.18,0.0,81.18,500.0,16.2,16.2,False
B26,2020-07-15 01:00:00,79.82,0.0,79.82,500.0,16.0,16.0,False
B26,2020-07-15 02:00:00,77.28,0.0,77.28,500.0,15.5,15.5,False
B26,2020-07-15 03:00:00,73.1,0.0,73.1,500.0,14.6,14.6,False
B26,2020-07-15 04:00:00,57.02,0.0,57.02,500.0,11.4,11.4,False
B26,2020-07-15 05:00:00,64.28,0.0,64.28,500.0,12.9,12.9,False
B26,2020-07-15 06:00:00,60.62,0.0,60.62,500.0,12.1,12.1,False
B26,2020-07-15 07:00:00,54.94,0.0,54.94,500.0,11.0,11.0,False
B26,2020-07-15 08:00:00,88.48,0.0,88.48,500.0,17.7,17.7,False
B26,2020-07-15 09:00:00,68.28,0.0,68.28,500.0,13.7,13.7,False
B26,2020-07-15 10:00:00,68.91,0.0,68.91,500.0,13.8,13.8,False
B26,2020-07-15 11:00:00,95.11,0.0,95.11,500.0,19.0,19.0,False
B26,2020-07-15 12:00:00,110.49,0.0,110.49,500.0,22.1,22.1,False
B26,2020-07-15 13:00:00,117.2,0.0,117.2,500.0,23.4,23.4,False
B26,2020-07-15 14:00:00,128.77,0.0,128.77,500.0,25.8,25.8,False
B26,2020-07-15 15:00:00,140.75,0.0,140.75,500.0,28.1,28.1,False
B26,2020-07-15 16:00:00,134.6,0.0,134.6,500.0,26.9,26.9,False
B26,2020-07-15 17:00:00,120.39,0.0,120.39,500.0,24.1,24.1,False
B26,2020-07-15 18:00:00,111.96,0.0,111.96,500.0,22.4,22.4,False
B26,2020-07-15 19:00:00,110.96,0.0,110.96,500.0,22.2,22.2,False
B26,2020-07-15 20:00:00,79.25,0.0,79.25,500.0,15.8,15.8,False
B26,2020-07-15 21:00:00,84.95,0.0,84.95,500.0,17.0,17.0,False
B26,2020-07-15 22:00:00,62.52,0.0,62.52,500.0,12.5,12.5,False
B26,2020-07-15 23:00:00,74.06,0.0,74.06,500.0,14.8,14.8,False
B26,2020-07-16 00:00:00,83.08,0.0,83.08,500.0,16.6,16.6,False
B26,2020-07-16 02:00:00,72.63,0.0,72.63,500.0,14.5,14.5,False
B26,2020-07-16 04:00:00,75.53,0.0,75.53,500.0,15.1,15.1,False
B26,2020-07-16 06:00:00,104.4,0.0,104.4,500.0,20.9,20.9,False
B26,2020-07-16 08:00:00,73.56,0.0,73.56,500.0,14.7,14.7,False
B26,2020-07-16 10:00:00,111.96,0.0,111.96,500.0,22.4,22.4,False
B26,2020-07-16 12:00:00,127.48,0.0,127.48,500.0,25.5,25.5,False
B26,2020-07-16 14:00:00,139.17,0.0,139.17,500.0,27.8,27.8,False
B26,2020-07-16 16:00:00,138.02,0.0,138.02,500.0,27.6,27.6,False
B26,2020-07-16 18:00:00,99.11,0.0,99.11,500.0,19.8,19.8,False
B26,2020-07-16 20:00:00,100.4,0.0,100.4,500.0,20.1,20.1,False
B26,2020-07-16 22:00:00,111.0,0.0,111.0,500.0,22.2,22.2,False
B27,2020-07-15 00:00:00,-5.5,0.0,5.5,500.0,1.1,1.1,False
B27,2020-07-15 01:00:00,-5.31,0.0,5.31,500.0,1.1,1.1,False
B27,2020-07-15 02:00:00,-30.35,0.0,30.35,500.0,6.1,6.1,False
B27,2020-07-15 03:00:00,-6.72,0.0,6.72,500.0,1.3,1.3,False
B27,2020-07-15 04:00:00,28.49,0.0,28.49,500.0,5.7,5.7,False
B27,2020-07-15 05:00:00,55.82,0.0,55.82,500.0,11.2,11.2,False
B27,2020-07-15 06:00:00,23.47,0.0,23.47,500.0,4.7,4.7,False
B27,2020-07-15 07:00:00,-12.77,0.0,12.77,500.0,2.6,2.6,False
B27,2020-07-15 08:00:00,-43.79,0.0,43.79,500.0,8.8,8.8,False
B27,2020-07-15 09:00:00,-3.69,0.0,3.69,500.0,0.7,0.7,False
B27,2020-07-15 10:00:00,33.08,0.0,33.08,500.0,6.6,6.6,False
B27,2020-07-15 11:00:00,-38.3,0.0,38.3,500.0,7.7,7.7,False
B27,2020-07-15 12:00:00,-58.69,0.0,58.69,500.0,11.7,11.7,False
B27,2020-07-15 13:00:00,-61.19,0.0,61.19,500.0,12.2,12.2,False
B27,2020-07-15 14:00:00,-56.31,0.0,56.31,500.0,11.3,11.3,False
B27,2020-07-15 15:00:00,-95.59,0.0,95.59,500.0,19.1,19.1,False
B27,2020-07-15 16:00:00,-48.77,0.0,48.77,500.0,9.8,9.8,False
B27,2020-07-15 17:00:00,-47.92,0.0,47.92,500.0,9.6,9.6,False
B27,2020-07-15 18:00:00,-52.7,0.0,52.7,500.0,10.5,10.5,False
B27,2020-07-15 19:00:00,-14.82,0.0,14.82,500.0,3.0,3.0,False
B27,2020-07-15 20:00:00,37.81,0.0,37.81,500.0,7.6,7.6,False
B27,2020-07-15 21:00:00,-27.03,0.0,27.03,500.0,5.4,5.4,False
B27,2020-07-15 22:00:00,-1.43,0.0,1.43,500.0,0.3,0.3,False
B27,2020-07-15 23:00:00,37.52,0.0,37.52,500.0,7.5,7.5,False
B27,2020-07-16 00:00:00,-8.1,0.0,8.1,500.0,1.6,1.6,False
B27,2020-07-16 02:00:00,-12.61,0.0,12.61,500.0,2.5,2.5,False
B27,2020-07-16 04:00:00,-17.66,0.0,17.66,500.0,3.5,3.5,False
B27,2020-07-16 06:00:00,-28.43,0.0,28.43,500.0,5.7,5.7,False
B27,2020-07-16 08:00:00,-31.7,0.0,31.7,500.0,6.3,6.3,False
B27,2020-07-16 10:00:00,-124.44,0.0,124.44,500.0,24.9,24.9,False
B27,2020-07-16 12:00:00,-95.68,0.0,95.68,500.0,19.1,19.1,False
B27,2020-07-16 14:00:00,-92.51,0.0,92.51,500.0,18.5,18.5,False
B27,2020-07-16 16:00:00,-106.11,0.0,106.11,500.0,21.2,21.2,False
B27,2020-07-16 18:00:00,10.39,0.0,10.39,500.0,2.1,2.1,False
B27,2020-07-16 20:00:00,-56.53,0.0,56.53,500.0,11.3,11.3,False
B27,2020-07-16 22:00:00,22.29,0.0,22.29,500.0,4.5,4.5,False
B28,2020-07-15 00:00:00,-197.61,0.0,197.61,500.0,39.5,39.5,False
B28,2020-07-15 01:00:00,-213.49,0.0,213.49,500.0,42.7,42.7,False
B28,2020-07-15 02:00:00,-189.4,0.0,189.4,500.0,37.9,37.9,False
B28,2020-07-15 03:00:00,-211.1,0.0,211.1,500.0,42.2,42.2,False
B28,2020-07-15 04:00:00,-189.68,0.0,189.68,500.0,37.9,37.9,False
B28,2020-07-15 05:00:00,-249.88,0.0,249.88,500.0,50.0,50.0,False
B28,2020-07-15 06:00:00,-218.11,0.0,218.11,500.0,43.6,43.6,False
B28,2020-07-15 07:00:00,-172.11,0.0,172.11,500.0,34.4,34.4,False
B28,2020-07-15 08:00:00,-171.99,0.0,171.99,500.0,34.4,34.4,False
B28,2020-07-15 09:00:00,-208.39,0.0,208.39,500.0,41.7,41.7,False
B28,2020-07-15 10:00:00,-280.63,0.0,280.63,500.0,56.1,56.1,False
B28,2020-07-15 11:00:00,-238.63,0.0,238.63,500.0,47.7,47.7,False
B28,2020-07-15 12:00:00,-253.3,0.0,253.3,500.0,50.7,50.7,False
B28,2020-07-15 13:00:00,-261.95,0.0,261.95,500.0,52.4,52.4,False
B28,2020-07-15 14:00:00,-260.21,0.0,260.21,500.0,52.0,52.0,False
B28,2020-07-15 15:00:00,-200.93,0.0,200.93,500.0,40.2,40.2,False
B28,2020-07-15 16:00:00,-274.46,0.0,274.46,500.0,54.9,54.9,False
B28,2020-07-15 17:00:00,-309.24,0.0,309.24,500.0,61.8,61.8,False
B28,2020-07-15 18:00:00,-272.33,0.0,272.33,500.0,54.5,54.5,False
B28,2020-07-15 19:00:00,-308.46,0.0,308.46,500.0,61.7,61.7,False
B28,2020-07-15 20:00:00,-328.03,0.0,328.03,500.0,65.6,65.6,False
B28,2020-07-15 21:00:00,-224.85,0.0,224.85,500.0,45.0,45.0,False
B28,2020-07-15 22:00:00,-220.66,0.0,220.66,500.0,44.1,44.1,False
B28,2020-07-15 23:00:00,-271.3,0.0,271.3,500.0,54.3,54.3,False
B28,2020-07-16 00:00:00,-254.21,0.0,254.21,500.0,50.8,50.8,False
B28,2020-07-16 02:00:00,-218.74,0.0,218.74,500.0,43.7,43.7,False
B28,2020-07-16 04:00:00,-209.38,0.0,209.38,500.0,41.9,41.9,False
B28,2020-07-16 06:00:00,-190.56,0.0,190.56,500.0,38.1,38.1,False
B28,2020-07-16 08:00:00,-206.36,0.0,206.36,500.0,41.3,41.3,False
B28,2020-07-16 10:00:00,-126.85,0.0,126.85,500.0,25.4,25.4,False
B28,2020-07-16 12:00:00,-234.64,0.0,234.64,500.0,46.9,46.9,False
B28,2020-07-16 14:00:00,-279.26,0.0,279.26,500.0,55.9,55.9,False
B28,2020-07-16 16:00:00,-248.89,0.0,248.89,500.0,49.8,49.8,False
B28,2020-07-16 18:00:00,-333.63,0.0,333.63,500.0,66.7,66.7,False
B28,2020-07-16 20:00:00,-222.44,0.0,222.44,500.0,44.5,44.5,False
B28,2020-07-16 22:00:00,-321.41,0.0,321.41,500.0,64.3,64.3,False
B29,2020-07-15 00:00:00,102.64,0.0,102.64,500.0,20.5,20.5,False
B29,2020-07-15 01:00:00,94.17,0.0,94.17,500.0,18.8,18.8,False
B29,2020-07-15 02:00:00,90.48,0.0,90.48,500.0,18.1,18.1,False
B29,2020-07-15 03:00:00,84.4,0.0,84.4,500.0,16.9,16.9,False
B29,2020-07-15 04:00:00,73.97,0.0,73.97,500.0,14.8,14.8,False
B29,2020-07-15 05:00:00,74.39,0.0,74.39,500.0,14.9,14.9,False
B29,2020-07-15 06:00:00,89.73,0.0,89.73,500.0,17.9,17.9,False
B29,2020-07-15 07:00:00,74.45,0.0,74.45,500.0,14.9,14.9,False
B29,2020-07-15 08:00:00,59.48,0.0,59.48,500.0,11.9,11.9,False
B29,2020-07-15 09:00:00,62.59,0.0,62.59,500.0,12.5,12.5,False
B29,2020-07-15 10:00:00,70.81,0.0,70.81,500.0,14.2,14.2,False
B29,2020-07-15 11:00:00,-64.85,0.0,64.85,500.0,13.0,13.0,False
B29,2020-07-15 12:00:00,-117.53,0.0,117.53,500.0,23.5,23.5,False
B29,2020-07-15 13:00:00,-110.84,0.0,110.84,500.0,22.2,22.2,False
B29,2020-07-15 14:00:00,-110.23,0.0,110.23,500.0,22.0,22.0,False
B29,2020-07-15 15:00:00,-77.14,0.0,77.14,500.0,15.4,15.4,False
B29,2020-07-15 16:00:00,-110.07,0.0,110.07,500.0,22.0,22.0,False
B29,2020-07-15 17:00:00,-101.0,0.0,101.0,500.0,20.2,20.2,False
B29,2020-07-15 18:00:00,-113.35,0.0,113.35,500.0,22.7,22.7,False
B29,2020-07-15 19:00:00,-56.51,0.0,56.51,500.0,11.3,11.3,False
B29,2020-07-15 20:00:00,79.51,0.0,79.51,500.0,15.9,15.9,False
B29,2020-07-15 21:00:00,71.03,0.0,71.03,500.0,14.2,14.2,False
B29,2020-07-15 22:00:00,86.88,0.0,86.88,500.0,17.4,17.4,False
B29,2020-07-15 23:00:00,65.97,0.0,65.97,500.0,13.2,13.2,False
B29,2020-07-16 00:00:00,98.24,0.0,98.24,500.0,19.6,19.6,False
B29,2020-07-16 02:00:00,85.26,0.0,85.26,500.0,17.1,17.1,False
B29,2020-07-16 04:00:00,85.95,0.0,85.95,500.0,17.2,17.2,False
B29,2020-07-16 06:00:00,120.18,0.0,120.18,500.0,24.0,24.0,False
B29,2020-07-16 08:00:00,141.09,0.0,141.09,500.0,28.2,28.2,False
B29,2020-07-16 10:00:00,-115.68,0.0,115.68,500.0,23.1,23.1,False
B29,2020-07-16 12:00:00,-91.95,0.0,91.95,500.0,18.4,18.4,False
B29,2020-07-16 14:00:00,-74.19,0.0,74.19,500.0,14.8,14.8,False
B29,2020-07-16 16:00:00,-75.15,0.0,75.15,500.0,15.0,15.0,False
B29,2020-07-16 18:00:00,116.82,0.0,116.82,500.0,23.4,23.4,False
B29,2020-07-16 20:00:00,116.37,0.0,116.37,500.0,23.3,23.3,False
B29,2020-07-16 22:00:00,216.7,0.0,216.7,500.0,43.3,43.3,False
B30,2020-07-15 00:00:00,4.46,0.0,4.46,500.0,0.9,0.9,False
B30,2020-07-15 01:00:00,3.61,0.0,3.61,500.0,0.7,0.7,False
B30,2020-07-15 02:00:00,3.81,0.0,3.81,500.0,0.8,0.8,False
B30,2020-07-15 03:00:00,3.05,0.0,3.05,500.0,0.6,0.6,False
B30,2020-07-15 04:00:00,1.78,0.0,1.78,500.0,0.4,0.4,False
B30,2020-07-15 05:00:00,1.68,0.0,1.68,500.0,0.3,0.3,False
B30,2020-07-15 06:00:00,3.02,0.0,3.02,500.0,0.6,0.6,False
B30,2020-07-15 07:00:00,-0.73,0.0,0.73,500.0,0.1,0.1,False
B30,2020-07-15 08:00:00,-4.5,0.0,4.5,500.0,0.9,0.9,False
B30,2020-07-15 09:00:00,-5.01,0.0,5.01,500.0,1.0,1.0,False
B30,2020-07-15 10:00:00,-4.77,0.0,4.77,500.0,1.0,1.0,False
B30,2020-07-15 11:00:00,-8.32,0.0,8.32,500.0,1.7,1.7,False
B30,2020-07-15 12:00:00,-9.49,0.0,9.49,500.0,1.9,1.9,False
B30,2020-07-15 13:00:00,-9.06,0.0,9.06,500.0,1.8,1.8,False
B30,2020-07-15 14:00:00,-9.91,0.0,9.91,500.0,2.0,2.0,False
B30,2020-07-15 15:00:00,-7.11,0.0,7.11,500.0,1.4,1.4,False
B30,2020-07-15 16:00:00,-10.21,0.0,10.21,500.0,2.0,2.0,False
B30,2020-07-15 17:00:00,-8.35,0.0,8.35,500.0,1.7,1.7,False
B30,2020-07-15 18:00:00,-9.29,0.0,9.29,500.0,1.9,1.9,False
B30,2020-07-15 19:00:00,-7.72,0.0,7.72,500.0,1.5,1.5,False
B30,2020-07-15 20:00:00,-4.09,0.0,4.09,500.0,0.8,0.8,False
B30,2020-07-15 21:00:00,-4.02,0.0,4.02,500.0,0.8,0.8,False
B30,2020-07-15 22:00:00,0.07,0.0,0.07,500.0,0.0,0.0,False
B30,2020-07-15 23:00:00,-1.85,0.0,1.85,500.0,0.4,0.4,False
B30,2020-07-16 00:00:00,4.09,0.0,4.09,500.0,0.8,0.8,False
B30,2020-07-16 02:00:00,2.22,0.0,2.22,500.0,0.4,0.4,False
B30,2020-07-16 04:00:00,3.27,0.0,3.27,500.0,0.7,0.7,False
B30,2020-07-16 06:00:00,6.85,0.0,6.85,500.0,1.4,1.4,False
B30,2020-07-16 08:00:00,7.3,0.0,7.3,500.0,1.5,1.5,False
B30,2020-07-16 10:00:00,-8.69,0.0,8.69,500.0,1.7,1.7,False
B30,2020-07-16 12:00:00,-7.08,0.0,7.08,500.0,1.4,1.4,False
B30,2020-07-16 14:00:00,-5.72,0.0,5.72,500.0,1.1,1.1,False
B30,2020-07-16 16:00:00,-5.71,0.0,5.71,500.0,1.1,1.1,False
B30,2020-07-16 18:00:00,-0.95,0.0,0.95,500.0,0.2,0.2,False
B30,2020-07-16 20:00:00,1.32,0.0,1.32,500.0,0.3,0.3,False
B30,2020-07-16 22:00:00,19.83,0.0,19.83,500.0,4.0,4.0,False
B31-1,2020-07-15 00:00:00,-41.57,0.0,41.57,500.0,8.3,8.3,False
B31-1,2020-07-15 01:00:00,-40.13,0.0,40.13,500.0,8.0,8.0,False
B31-1,2020-07-15 02:00:00,-39.06,0.0,39.06,500.0,7.8,7.8,False
B31-1,2020-07-15 03:00:00,-40.74,0.0,40.74,500.0,8.1,8.1,False
B31-1,2020-07-15 04:00:00,-44.58,0.0,44.58,500.0,8.9,8.9,False
B31-1,2020-07-15 05:00:00,-45.4,0.0,45.4,500.0,9.1,9.1,False
B31-1,2020-07-15 06:00:00,-44.99,0.0,44.99,500.0,9.0,9.0,False
B31-1,2020-07-15 07:00:00,-61.78,0.0,61.78,500.0,12.4,12.4,False
B31-1,2020-07-15 08:00:00,-78.35,0.0,78.35,500.0,15.7,15.7,False
B31-1,2020-07-15 09:00:00,-83.53,0.0,83.53,500.0,16.7,16.7,False
B31-1,2020-07-15 10:00:00,-86.37,0.0,86.37,500.0,17.3,17.3,False
B31-1,2020-07-15 11:00:00,-36.81,0.0,36.81,500.0,7.4,7.4,False
B31-1,2020-07-15 12:00:00,-16.02,0.0,16.02,500.0,3.2,3.2,False
B31-1,2020-07-15 13:00:00,-16.52,0.0,16.52,500.0,3.3,3.3,False
B31-1,2020-07-15 14:00:00,-22.49,0.0,22.49,500.0,4.5,4.5,False
B31-1,2020-07-15 15:00:00,-20.7,0.0,20.7,500.0,4.1,4.1,False
B31-1,2020-07-15 16:00:00,-24.57,0.0,24.57,500.0,4.9,4.9,False
B31-1,2020-07-15 17:00:00,-17.13,0.0,17.13,500.0,3.4,3.4,False
B31-1,2020-07-15 18:00:00,-17.05,0.0,17.05,500.0,3.4,3.4,False
B31-1,2020-07-15 19:00:00,-37.27,0.0,37.27,500.0,7.5,7.5,False
B31-1,2020-07-15 20:00:00,-86.48,0.0,86.48,500.0,17.3,17.3,False
B31-1,2020-07-15 21:00:00,-81.39,0.0,81.39,500.0,16.3,16.3,False
B31-1,2020-07-15 22:00:00,-63.05,0.0,63.05,500.0,12.6,12.6,False
B31-1,2020-07-15 23:00:00,-64.47,0.0,64.47,500.0,12.9,12.9,False
B31-1,2020-07-16 00:00:00,-38.66,0.0,38.66,500.0,7.7,7.7,False
B31-1,2020-07-16 02:00:00,-37.6,0.0,37.6,500.0,7.5,7.5,False
B31-1,2020-07-16 04:00:00,-37.6,0.0,37.6,500.0,7.5,7.5,False
B31-1,2020-07-16 06:00:00,-34.3,0.0,34.3,500.0,6.9,6.9,False
B31-1,2020-07-16 08:00:00,-43.02,0.0,43.02,500.0,8.6,8.6,False
B31-1,2020-07-16 10:00:00,-11.59,0.0,11.59,500.0,2.3,2.3,False
B31-1,2020-07-16 12:00:00,-13.09,0.0,13.09,500.0,2.6,2.6,False
B31-1,2020-07-16 14:00:00,-13.22,0.0,13.22,500.0,2.6,2.6,False
B31-1,2020-07-16 16:00:00,-12.78,0.0,12.78,500.0,2.6,2.6,False
B31-1,2020-07-16 18:00:00,-84.73,0.0,84.73,500.0,16.9,16.9,False
B31-1,2020-07-16 20:00:00,-69.37,0.0,69.37,500.0,13.9,13.9,False
B31-1,2020-07-16 22:00:00,2.02,0.0,2.02,500.0,0.4,0.4,False
B31-2,2020-07-15 00:00:00,-41.57,0.0,41.57,500.0,8.3,8.3,False
B31-2,2020-07-15 01:00:00,-40.13,0.0,40.13,500.0,8.0,8.0,False
B31-2,2020-07-15 02:00:00,-39.06,0.0,39.06,500.0,7.8,7.8,False
B31-2,2020-07-15 03:00:00,-40.74,0.0,40.74,500.0,8.1,8.1,False
B31-2,2020-07-15 04:00:00,-44.58,0.0,44.58,500.0,8.9,8.9,False
B31-2,2020-07-15 05:00:00,-45.4,0.0,45.4,500.0,9.1,9.1,False
B31-2,2020-07-15 06:00:00,-44.99,0.0,44.99,500.0,9.0,9.0,False
B31-2,2020-07-15 07:00:00,-61.78,0.0,61.78,500.0,12.4,12.4,False
B31-2,2020-07-15 08:00:00,-78.35,0.0,78.35,500.0,15.7,15.7,False
B31-2,2020-07-15 09:00:00,-83.53,0.0,83.53,500.0,16.7,16.7,False
B31-2,2020-07-15 10:00:00,-86.37,0.0,86.37,500.0,17.3,17.3,False
B31-2,2020-07-15 11:00:00,-36.81,0.0,36.81,500.0,7.4,7.4,False
B31-2,2020-07-15 12:00:00,-16.02,0.0,16.02,500.0,3.2,3.2,False
B31-2,2020-07-15 13:00:00,-16.52,0.0,16.52,500.0,3.3,3.3,False
B31-2,2020-07-15 14:00:00,-22.49,0.0,22.49,500.0,4.5,4.5,False
B31-2,2020-07-15 15:00:00,-20.7,0.0,20.7,500.0,4.1,4.1,False
B31-2,2020-07-15 16:00:00,-24.57,0.0,24.57,500.0,4.9,4.9,False
B31-2,2020-07-15 17:00:00,-17.13,0.0,17.13,500.0,3.4,3.4,False
B31-2,2020-07-15 18:00:00,-17.05,0.0,17.05,500.0,3.4,3.4,False
B31-2,2020-07-15 19:00:00,-37.27,0.0,37.27,500.0,7.5,7.5,False
B31-2,2020-07-15 20:00:00,-86.48,0.0,86.48,500.0,17.3,17.3,False
B31-2,2020-07-15 21:00:00,-81.39,0.0,81.39,500.0,16.3,16.3,False
B31-2,2020-07-15 22:00:00,-63.05,0.0,63.05,500.0,12.6,12.6,False
B31-2,2020-07-15 23:00:00,-64.47,0.0,64.47,500.0,12.9,12.9,False
B31-2,2020-07-16 00:00:00,-38.66,0.0,38.66,500.0,7.7,7.7,False
B31-2,2020-07-16 02:00:00,-37.6,0.0,37.6,500.0,7.5,7.5,False
B31-2,2020-07-16 04:00:00,-37.6,0.0,37.6,500.0,7.5,7.5,False
B31-2,2020-07-16 06:00:00,-34.3,0.0,34.3,500.0,6.9,6.9,False
B31-2,2020-07-16 08:00:00,-43.02,0.0,43.02,500.0,8.6,8.6,False
B31-2,2020-07-16 10:00:00,-11.59,0.0,11.59,500.0,2.3,2.3,False
B31-2,2020-07-16 12:00:00,-13.09,0.0,13.09,500.0,2.6,2.6,False
B31-2,2020-07-16 14:00:00,-13.22,0.0,13.22,500.0,2.6,2.6,False
B31-2,2020-07-16 16:00:00,-12.78,0.0,12.78,500.0,2.6,2.6,False
B31-2,2020-07-16 18:00:00,-84.73,0.0,84.73,500.0,16.9,16.9,False
B31-2,2020-07-16 20:00:00,-69.37,0.0,69.37,500.0,13.9,13.9,False
B31-2,2020-07-16 22:00:00,2.02,0.0,2.02,500.0,0.4,0.4,False
B32-1,2020-07-15 00:00:00,-150.69,0.0,150.69,500.0,30.1,30.1,False
B32-1,2020-07-15 01:00:00,-155.32,0.0,155.32,500.0,31.1,31.1,False
B32-1,2020-07-15 02:00:00,-141.89,0.0,141.89,500.0,28.4,28.4,False
B32-1,2020-07-15 03:00:00,-151.99,0.0,151.99,500.0,30.4,30.4,False
B32-1,2020-07-15 04:00:00,-140.62,0.0,140.62,500.0,28.1,28.1,False
B32-1,2020-07-15 05:00:00,-171.28,0.0,171.28,500.0,34.3,34.3,False
B32-1,2020-07-15 06:00:00,-159.35,0.0,159.35,500.0,31.9,31.9,False
B32-1,2020-07-15 07:00:00,-141.34,0.0,141.34,500.0,28.3,28.3,False
B32-1,2020-07-15 08:00:00,-146.18,0.0,146.18,500.0,29.2,29.2,False
B32-1,2020-07-15 09:00:00,-168.05,0.0,168.05,500.0,33.6,33.6,False
B32-1,2020-07-15 10:00:00,-207.95,0.0,207.95,500.0,41.6,41.6,False
B32-1,2020-07-15 11:00:00,-190.64,0.0,190.64,500.0,38.1,38.1,False
B32-1,2020-07-15 12:00:00,-201.11,0.0,201.11,500.0,40.2,40.2,False
B32-1,2020-07-15 13:00:00,-207.57,0.0,207.57,500.0,41.5,41.5,False
B32-1,2020-07-15 14:00:00,-210.15,0.0,210.15,500.0,42.0,42.0,False
B32-1,2020-07-15 15:00:00,-181.67,0.0,181.67,500.0,36.3,36.3,False
B32-1,2020-07-15 16:00:00,-218.39,0.0,218.39,500.0,43.7,43.7,False
B32-1,2020-07-15 17:00:00,-234.18,0.0,234.18,500.0,46.8,46.8,False
B32-1,2020-07-15 18:00:00,-212.31,0.0,212.31,500.0,42.5,42.5,False
B32-1,2020-07-15 19:00:00,-228.06,0.0,228.06,500.0,45.6,45.6,False
B32-1,2020-07-15 20:00:00,-234.06,0.0,234.06,500.0,46.8,46.8,False
B32-1,2020-07-15 21:00:00,-177.4,0.0,177.4,500.0,35.5,35.5,False
B32-1,2020-07-15 22:00:00,-169.68,0.0,169.68,500.0,33.9,33.9,False
B32-1,2020-07-15 23:00:00,-190.07,0.0,190.07,500.0,38.0,38.0,False
B32-1,2020-07-16 00:00:00,-175.95,0.0,175.95,500.0,35.2,35.2,False
B32-1,2020-07-16 02:00:00,-153.54,0.0,153.54,500.0,30.7,30.7,False
B32-1,2020-07-16 04:00:00,-149.63,0.0,149.63,500.0,29.9,29.9,False
B32-1,2020-07-16 06:00:00,-147.92,0.0,147.92,500.0,29.6,29.6,False
B32-1,2020-07-16 08:00:00,-166.27,0.0,166.27,500.0,33.3,33.3,False
B32-1,2020-07-16 10:00:00,-136.17,0.0,136.17,500.0,27.2,27.2,False
B32-1,2020-07-16 12:00:00,-197.27,0.0,197.27,500.0,39.5,39.5,False
B32-1,2020-07-16 14:00:00,-224.45,0.0,224.45,500.0,44.9,44.9,False
B32-1,2020-07-16 16:00:00,-208.77,0.0,208.77,500.0,41.8,41.8,False
B32-1,2020-07-16 18:00:00,-245.97,0.0,245.97,500.0,49.2,49.2,False
B32-1,2020-07-16 20:00:00,-181.9,0.0,181.9,500.0,36.4,36.4,False
B32-1,2020-07-16 22:00:00,-219.65,0.0,219.65,500.0,43.9,43.9,False
B32-2,2020-07-15 00:00:00,-150.69,0.0,150.69,500.0,30.1,30.1,False
B32-2,2020-07-15 01:00:00,-155.32,0.0,155.32,500.0,31.1,31.1,False
B32-2,2020-07-15 02:00:00,-141.89,0.0,141.89,500.0,28.4,28.4,False
B32-2,2020-07-15 03:00:00,-151.99,0.0,151.99,500.0,30.4,30.4,False
B32-2,2020-07-15 04:00:00,-140.62,0.0,140.62,500.0,28.1,28.1,False
B32-2,2020-07-15 05:00:00,-171.28,0.0,171.28,500.0,34.3,34.3,False
B32-2,2020-07-15 06:00:00,-159.35,0.0,159.35,500.0,31.9,31.9,False
B32-2,2020-07-15 07:00:00,-141.34,0.0,141.34,500.0,28.3,28.3,False
B32-2,2020-07-15 08:00:00,-146.18,0.0,146.18,500.0,29.2,29.2,False
B32-2,2020-07-15 09:00:00,-168.05,0.0,168.05,500.0,33.6,33.6,False
B32-2,2020-07-15 10:00:00,-207.95,0.0,207.95,500.0,41.6,41.6,False
B32-2,2020-07-15 11:00:00,-190.64,0.0,190.64,500.0,38.1,38.1,False
B32-2,2020-07-15 12:00:00,-201.11,0.0,201.11,500.0,40.2,40.2,False
B32-2,2020-07-15 13:00:00,-207.57,0.0,207.57,500.0,41.5,41.5,False
B32-2,2020-07-15 14:00:00,-210.15,0.0,210.15,500.0,42.0,42.0,False
B32-2,2020-07-15 15:00:00,-181.67,0.0,181.67,500.0,36.3,36.3,False
B32-2,2020-07-15 16:00:00,-218.39,0.0,218.39,500.0,43.7,43.7,False
B32-2,2020-07-15 17:00:00,-234.18,0.0,234.18,500.0,46.8,46.8,False
B32-2,2020-07-15 18:00:00,-212.31,0.0,212.31,500.0,42.5,42.5,False
B32-2,2020-07-15 19:00:00,-228.06,0.0,228.06,500.0,45.6,45.6,False
B32-2,2020-07-15 20:00:00,-234.06,0.0,234.06,500.0,46.8,46.8,False
B32-2,2020-07-15 21:00:00,-177.4,0.0,177.4,500.0,35.5,35.5,False
B32-2,2020-07-15 22:00:00,-169.68,0.0,169.68,500.0,33.9,33.9,False
B32-2,2020-07-15 23:00:00,-190.07,0.0,190.07,500.0,38.0,38.0,False
B32-2,2020-07-16 00:00:00,-175.95,0.0,175.95,500.0,35.2,35.2,False
B32-2,2020-07-16 02:00:00,-153.54,0.0,153.54,500.0,30.7,30.7,False
B32-2,2020-07-16 04:00:00,-149.63,0.0,149.63,500.0,29.9,29.9,False
B32-2,2020-07-16 06:00:00,-147.92,0.0,147.92,500.0,29.6,29.6,False
B32-2,2020-07-16 08:00:00,-166.27,0.0,166.27,500.0,33.3,33.3,False
B32-2,2020-07-16 10:00:00,-136.17,0.0,136.17,500.0,27.2,27.2,False
B32-2,2020-07-16 12:00:00,-197.27,0.0,197.27,500.0,39.5,39.5,False
B32-2,2020-07-16 14:00:00,-224.45,0.0,224.45,500.0,44.9,44.9,False
B32-2,2020-07-16 16:00:00,-208.77,0.0,208.77,500.0,41.8,41.8,False
B32-2,2020-07-16 18:00:00,-245.97,0.0,245.97,500.0,49.2,49.2,False
B32-2,2020-07-16 20:00:00,-181.9,0.0,181.9,500.0,36.4,36.4,False
B32-2,2020-07-16 22:00:00,-219.65,0.0,219.65,500.0,43.9,43.9,False
B33-1,2020-07-15 00:00:00,-188.28,0.0,188.28,500.0,37.7,37.7,False
B33-1,2020-07-15 01:00:00,-190.43,0.0,190.43,500.0,38.1,38.1,False
B33-1,2020-07-15 02:00:00,-176.14,0.0,176.14,500.0,35.2,35.2,False
B33-1,2020-07-15 03:00:00,-185.7,0.0,185.7,500.0,37.1,37.1,False
B33-1,2020-07-15 04:00:00,-173.93,0.0,173.93,500.0,34.8,34.8,False
B33-1,2020-07-15 05:00:00,-204.97,0.0,204.97,500.0,41.0,41.0,False
B33-1,2020-07-15 06:00:00,-195.86,0.0,195.86,500.0,39.2,39.2,False
B33-1,2020-07-15 07:00:00,-181.38,0.0,181.38,500.0,36.3,36.3,False
B33-1,2020-07-15 08:00:00,-189.65,0.0,189.65,500.0,37.9,37.9,False
B33-1,2020-07-15 09:00:00,-214.12,0.0,214.12,500.0,42.8,42.8,False
B33-1,2020-07-15 10:00:00,-256.7,0.0,256.7,500.0,51.3,51.3,False
B33-1,2020-07-15 11:00:00,-241.99,0.0,241.99,500.0,48.4,48.4,False
B33-1,2020-07-15 12:00:00,-254.67,0.0,254.67,500.0,50.9,50.9,False
B33-1,2020-07-15 13:00:00,-262.63,0.0,262.63,500.0,52.5,52.5,False
B33-1,2020-07-15 14:00:00,-267.66,0.0,267.66,500.0,53.5,53.5,False
B33-1,2020-07-15 15:00:00,-239.93,0.0,239.93,500.0,48.0,48.0,False
B33-1,2020-07-15 16:00:00,-276.67,0.0,276.67,500.0,55.3,55.3,False
B33-1,2020-07-15 17:00:00,-291.33,0.0,291.33,500.0,58.3,58.3,False
B33-1,2020-07-15 18:00:00,-267.07,0.0,267.07,500.0,53.4,53.4,False
B33-1,2020-07-15 19:00:00,-281.19,0.0,281.19,500.0,56.2,56.2,False
B33-1,2020-07-15 20:00:00,-284.52,0.0,284.52,500.0,56.9,56.9,False
B33-1,2020-07-15 21:00:00,-224.26,0.0,224.26,500.0,44.9,44.9,False
B33-1,2020-07-15 22:00:00,-212.58,0.0,212.58,500.0,42.5,42.5,False
B33-1,2020-07-15 23:00:00,-229.49,0.0,229.49,500.0,45.9,45.9,False
B33-1,2020-07-16 00:00:00,-211.22,0.0,211.22,500.0,42.2,42.2,False
B33-1,2020-07-16 02:00:00,-185.15,0.0,185.15,500.0,37.0,37.0,False
B33-1,2020-07-16 04:00:00,-182.15,0.0,182.15,500.0,36.4,36.4,False
B33-1,2020-07-16 06:00:00,-185.99,0.0,185.99,500.0,37.2,37.2,False
B33-1,2020-07-16 08:00:00,-211.77,0.0,211.77,500.0,42.4,42.4,False
B33-1,2020-07-16 10:00:00,-188.51,0.0,188.51,500.0,37.7,37.7,False
B33-1,2020-07-16 12:00:00,-254.68,0.0,254.68,500.0,50.9,50.9,False
B33-1,2020-07-16 14:00:00,-285.28,0.0,285.28,500.0,57.1,57.1,False
B33-1,2020-07-16 16:00:00,-269.26,0.0,269.26,500.0,53.9,53.9,False
B33-1,2020-07-16 18:00:00,-302.82,0.0,302.82,500.0,60.6,60.6,False
B33-1,2020-07-16 20:00:00,-232.76,0.0,232.76,500.0,46.6,46.6,False
B33-1,2020-07-16 22:00:00,-262.07,0.0,262.07,500.0,52.4,52.4,False
B33-2,2020-07-15 00:00:00,-188.28,0.0,188.28,500.0,37.7,37.7,False
B33-2,2020-07-15 01:00:00,-190.43,0.0,190.43,500.0,38.1,38.1,False
B33-2,2020-07-15 02:00:00,-176.14,0.0,176.14,500.0,35.2,35.2,False
B33-2,2020-07-15 03:00:00,-185.7,0.0,185.7,500.0,37.1,37.1,False
B33-2,2020-07-15 04:00:00,-173.93,0.0,173.93,500.0,34.8,34.8,False
B33-2,2020-07-15 05:00:00,-204.97,0.0,204.97,500.0,41.0,41.0,False
B33-2,2020-07-15 06:00:00,-195.86,0.0,195.86,500.0,39.2,39.2,False
B33-2,2020-07-15 07:00:00,-181.38,0.0,181.38,500.0,36.3,36.3,False
B33-2,2020-07-15 08:00:00,-189.65,0.0,189.65,500.0,37.9,37.9,False
B33-2,2020-07-15 09:00:00,-214.12,0.0,214.12,500.0,42.8,42.8,False
B33-2,2020-07-15 10:00:00,-256.7,0.0,256.7,500.0,51.3,51.3,False
B33-2,2020-07-15 11:00:00,-241.99,0.0,241.99,500.0,48.4,48.4,False
B33-2,2020-07-15 12:00:00,-254.67,0.0,254.67,500.0,50.9,50.9,False
B33-2,2020-07-15 13:00:00,-262.63,0.0,262.63,500.0,52.5,52.5,False
B33-2,2020-07-15 14:00:00,-267.66,0.0,267.66,500.0,53.5,53.5,False
B33-2,2020-07-15 15:00:00,-239.93,0.0,239.93,500.0,48.0,48.0,False
B33-2,2020-07-15 16:00:00,-276.67,0.0,276.67,500.0,55.3,55.3,False
B33-2,2020-07-15 17:00:00,-291.33,0.0,291.33,500.0,58.3,58.3,False
B33-2,2020-07-15 18:00:00,-267.07,0.0,267.07,500.0,53.4,53.4,False
B33-2,2020-07-15 19:00:00,-281.19,0.0,281.19,500.0,56.2,56.2,False
B33-2,2020-07-15 20:00:00,-284.52,0.0,284.52,500.0,56.9,56.9,False
B33-2,2020-07-15 21:00:00,-224.26,0.0,224.26,500.0,44.9,44.9,False
B33-2,2020-07-15 22:00:00,-212.58,0.0,212.58,500.0,42.5,42.5,False
B33-2,2020-07-15 23:00:00,-229.49,0.0,229.49,500.0,45.9,45.9,False
B33-2,2020-07-16 00:00:00,-211.22,0.0,211.22,500.0,42.2,42.2,False
B33-2,2020-07-16 02:00:00,-185.15,0.0,185.15,500.0,37.0,37.0,False
B33-2,2020-07-16 04:00:00,-182.15,0.0,182.15,500.0,36.4,36.4,False
B33-2,2020-07-16 06:00:00,-185.99,0.0,185.99,500.0,37.2,37.2,False
B33-2,2020-07-16 08:00:00,-211.77,0.0,211.77,500.0,42.4,42.4,False
B33-2,2020-07-16 10:00:00,-188.51,0.0,188.51,500.0,37.7,37.7,False
B33-2,2020-07-16 12:00:00,-254.68,0.0,254.68,500.0,50.9,50.9,False
B33-2,2020-07-16 14:00:00,-285.28,0.0,285.28,500.0,57.1,57.1,False
B33-2,2020-07-16 16:00:00,-269.26,0.0,269.26,500.0,53.9,53.9,False
B33-2,2020-07-16 18:00:00,-302.82,0.0,302.82,500.0,60.6,60.6,False
B33-2,2020-07-16 20:00:00,-232.76,0.0,232.76,500.0,46.6,46.6,False
B33-2,2020-07-16 22:00:00,-262.07,0.0,262.07,500.0,52.4,52.4,False
B34,2020-07-15 00:00:00,1.65,0.0,1.65,500.0,0.3,0.3,False
B34,2020-07-15 01:00:00,1.53,0.0,1.53,500.0,0.3,0.3,False
B34,2020-07-15 02:00:00,2.19,0.0,2.19,500.0,0.4,0.4,False
B34,2020-07-15 03:00:00,2.91,0.0,2.91,500.0,0.6,0.6,False
B34,2020-07-15 04:00:00,4.57,0.0,4.57,500.0,0.9,0.9,False
B34,2020-07-15 05:00:00,4.64,0.0,4.64,500.0,0.9,0.9,False
B34,2020-07-15 06:00:00,3.39,0.0,3.39,500.0,0.7,0.7,False
B34,2020-07-15 07:00:00,7.17,0.0,7.17,500.0,1.4,1.4,False
B34,2020-07-15 08:00:00,10.76,0.0,10.76,500.0,2.2,2.2,False
B34,2020-07-15 09:00:00,11.32,0.0,11.32,500.0,2.3,2.3,False
B34,2020-07-15 10:00:00,11.08,0.0,11.08,500.0,2.2,2.2,False
B34,2020-07-15 11:00:00,14.58,0.0,14.58,500.0,2.9,2.9,False
B34,2020-07-15 12:00:00,15.67,0.0,15.67,500.0,3.1,3.1,False
B34,2020-07-15 13:00:00,15.15,0.0,15.15,500.0,3.0,3.0,False
B34,2020-07-15 14:00:00,15.99,0.0,15.99,500.0,3.2,3.2,False
B34,2020-07-15 15:00:00,12.82,0.0,12.82,500.0,2.6,2.6,False
B34,2020-07-15 16:00:00,16.29,0.0,16.29,500.0,3.3,3.3,False
B34,2020-07-15 17:00:00,14.44,0.0,14.44,500.0,2.9,2.9,False
B34,2020-07-15 18:00:00,15.51,0.0,15.51,500.0,3.1,3.1,False
B34,2020-07-15 19:00:00,13.96,0.0,13.96,500.0,2.8,2.8,False
B34,2020-07-15 20:00:00,10.38,0.0,10.38,500.0,2.1,2.1,False
B34,2020-07-15 21:00:00,10.29,0.0,10.29,500.0,2.1,2.1,False
B34,2020-07-15 22:00:00,6.33,0.0,6.33,500.0,1.3,1.3,False
B34,2020-07-15 23:00:00,8.21,0.0,8.21,500.0,1.6,1.6,False
B34,2020-07-16 00:00:00,0.88,0.0,0.88,500.0,0.2,0.2,False
B34,2020-07-16 02:00:00,0.26,0.0,0.26,500.0,0.1,0.1,False
B34,2020-07-16 04:00:00,1.74,0.0,1.74,500.0,0.3,0.3,False
B34,2020-07-16 06:00:00,-1.04,0.0,1.04,500.0,0.2,0.2,False
B34,2020-07-16 08:00:00,-1.33,0.0,1.33,500.0,0.3,0.3,False
B34,2020-07-16 10:00:00,14.83,0.0,14.83,500.0,3.0,3.0,False
B34,2020-07-16 12:00:00,13.0,0.0,13.0,500.0,2.6,2.6,False
B34,2020-07-16 14:00:00,11.49,0.0,11.49,500.0,2.3,2.3,False
B34,2020-07-16 16:00:00,11.53,0.0,11.53,500.0,2.3,2.3,False
B34,2020-07-16 18:00:00,6.88,0.0,6.88,500.0,1.4,1.4,False
B34,2020-07-16 20:00:00,4.61,0.0,4.61,500.0,0.9,0.9,False
B34,2020-07-16 22:00:00,-14.77,0.0,14.77,500.0,3.0,3.0,False
C1,2020-07-15 00:00:00,49.6,0.0,49.6,175.0,28.3,28.3,False
C1,2020-07-15 01:00:00,48.87,0.0,48.87,175.0,27.9,27.9,False
C1,2020-07-15 02:00:00,48.93,0.0,48.93,175.0,28.0,28.0,False
C1,2020-07-15 03:00:00,48.94,0.0,48.94,175.0,28.0,28.0,False
C1,2020-07-15 04:00:00,49.49,0.0,49.49,175.0,28.3,28.3,False
C1,2020-07-15 05:00:00,50.03,0.0,50.03,175.0,28.6,28.6,False
C1,2020-07-15 06:00:00,51.41,0.0,51.41,175.0,29.4,29.4,False
C1,2020-07-15 07:00:00,52.88,0.0,52.88,175.0,30.2,30.2,False
C1,2020-07-15 08:00:00,54.03,0.0,54.03,175.0,30.9,30.9,False
C1,2020-07-15 09:00:00,46.28,0.0,46.28,175.0,26.4,26.4,False
C1,2020-07-15 10:00:00,44.6,0.0,44.6,175.0,25.5,25.5,False
C1,2020-07-15 11:00:00,47.08,0.0,47.08,175.0,26.9,26.9,False
C1,2020-07-15 12:00:00,50.39,0.0,50.39,175.0,28.8,28.8,False
C1,2020-07-15 13:00:00,52.21,0.0,52.21,175.0,29.8,29.8,False
C1,2020-07-15 14:00:00,54.35,0.0,54.35,175.0,31.1,31.1,False
C1,2020-07-15 15:00:00,54.4,0.0,54.4,175.0,31.1,31.1,False
C1,2020-07-15 16:00:00,58.03,0.0,58.03,175.0,33.2,33.2,False
C1,2020-07-15 17:00:00,56.22,0.0,56.22,175.0,32.1,32.1,False
C1,2020-07-15 18:00:00,56.0,0.0,56.0,175.0,32.0,32.0,False
C1,2020-07-15 19:00:00,55.62,0.0,55.62,175.0,31.8,31.8,False
C1,2020-07-15 20:00:00,54.96,0.0,54.96,175.0,31.4,31.4,False
C1,2020-07-15 21:00:00,53.46,0.0,53.46,175.0,30.5,30.5,False
C1,2020-07-15 22:00:00,52.22,0.0,52.22,175.0,29.8,29.8,False
C1,2020-07-15 23:00:00,50.72,0.0,50.72,175.0,29.0,29.0,False
C1,2020-07-16 00:00:00,49.3,0.0,49.3,175.0,28.2,28.2,False
C1,2020-07-16 02:00:00,48.21,0.0,48.21,175.0,27.5,27.5,False
C1,2020-07-16 04:00:00,49.5,0.0,49.5,175.0,28.3,28.3,False
C1,2020-07-16 06:00:00,52.04,0.0,52.04,175.0,29.7,29.7,False
C1,2020-07-16 08:00:00,54.85,0.0,54.85,175.0,31.3,31.3,False
C1,2020-07-16 10:00:00,57.11,0.0,57.11,175.0,32.6,32.6,False
C1,2020-07-16 12:00:00,58.6,0.0,58.6,175.0,33.5,33.5,False
C1,2020-07-16 14:00:00,59.26,0.0,59.26,175.0,33.9,33.9,False
C1,2020-07-16 16:00:00,58.27,0.0,58.27,175.0,33.3,33.3,False
C1,2020-07-16 18:00:00,56.41,0.0,56.41,175.0,32.2,32.2,False
C1,2020-07-16 20:00:00,54.61,0.0,54.61,175.0,31.2,31.2,False
C1,2020-07-16 22:00:00,51.41,0.0,51.41,175.0,29.4,29.4,False
C2,2020-07-15 00:00:00,-131.6,0.0,131.6,175.0,75.2,75.2,False
C2,2020-07-15 01:00:00,-128.85,0.0,128.85,175.0,73.6,73.6,False
C2,2020-07-15 02:00:00,-128.8,0.0,128.8,175.0,73.6,73.6,False
C2,2020-07-15 03:00:00,-128.26,0.0,128.26,175.0,73.3,73.3,False
C2,2020-07-15 04:00:00,-129.58,0.0,129.58,175.0,74.0,74.0,False
C2,2020-07-15 05:00:00,-130.69,0.0,130.69,175.0,74.7,74.7,False
C2,2020-07-15 06:00:00,-134.81,0.0,134.81,175.0,77.0,77.0,False
C2,2020-07-15 07:00:00,-139.2,0.0,139.2,175.0,79.5,79.5,False
C2,2020-07-15 08:00:00,-142.46,0.0,142.46,175.0,81.4,81.4,False
C2,2020-07-15 09:00:00,-126.48,0.0,126.48,175.0,72.3,72.3,False
C2,2020-07-15 10:00:00,-124.39,0.0,124.39,175.0,71.1,71.1,False
C2,2020-07-15 11:00:00,-131.37,0.0,131.37,175.0,75.1,75.1,False
C2,2020-07-15 12:00:00,-139.75,0.0,139.75,175.0,79.9,79.9,False
C2,2020-07-15 13:00:00,-145.1,0.0,145.1,175.0,82.9,82.9,False
C2,2020-07-15 14:00:00,-150.7,0.0,150.7,175.0,86.1,86.1,False
C2,2020-07-15 15:00:00,-149.73,0.0,149.73,175.0,85.6,85.6,False
C2,2020-07-15 16:00:00,-158.11,0.0,158.11,175.0,90.3,90.3,False
C2,2020-07-15 17:00:00,-152.49,0.0,152.49,175.0,87.1,87.1,False
C2,2020-07-15 18:00:00,-150.39,0.0,150.39,175.0,85.9,85.9,False
C2,2020-07-15 19:00:00,-149.64,0.0,149.64,175.0,85.5,85.5,False
C2,2020-07-15 20:00:00,-148.23,0.0,148.23,175.0,84.7,84.7,False
C2,2020-07-15 21:00:00,-143.91,0.0,143.91,175.0,82.2,82.2,False
C2,2020-07-15 22:00:00,-136.95,0.0,136.95,175.0,78.3,78.3,False
C2,2020-07-15 23:00:00,-134.97,0.0,134.97,175.0,77.1,77.1,False
C2,2020-07-16 00:00:00,-131.07,0.0,131.07,175.0,74.9,74.9,False
C2,2020-07-16 02:00:00,-126.82,0.0,126.82,175.0,72.5,72.5,False
C2,2020-07-16 04:00:00,-130.7,0.0,130.7,175.0,74.7,74.7,False
C2,2020-07-16 06:00:00,-138.75,0.0,138.75,175.0,79.3,79.3,False
C2,2020-07-16 08:00:00,-146.75,0.0,146.75,175.0,83.9,83.9,False
C2,2020-07-16 10:00:00,-154.75,0.0,154.75,175.0,88.4,88.4,False
C2,2020-07-16 12:00:00,-161.73,0.0,161.73,175.0,92.4,92.4,False
C2,2020-07-16 14:00:00,-165.3,0.0,165.3,175.0,94.5,94.5,False
C2,2020-07-16 16:00:00,-160.89,0.0,160.89,175.0,91.9,91.9,False
C2,2020-07-16 18:00:00,-153.05,0.0,153.05,175.0,87.5,87.5,False
C2,2020-07-16 20:00:00,-148.18,0.0,148.18,175.0,84.7,84.7,False
C2,2020-07-16 22:00:00,-137.8,0.0,137.8,175.0,78.7,78.7,False
C3,2020-07-15 00:00:00,33.54,0.0,33.54,175.0,19.2,19.2,False
C3,2020-07-15 01:00:00,34.66,0.0,34.66,175.0,19.8,19.8,False
C3,2020-07-15 02:00:00,34.5,0.0,34.5,175.0,19.7,19.7,False
C3,2020-07-15 03:00:00,34.09,0.0,34.09,175.0,19.5,19.5,False
C3,2020-07-15 04:00:00,32.76,0.0,32.76,175.0,18.7,18.7,False
C3,2020-07-15 05:00:00,31.27,0.0,31.27,175.0,17.9,17.9,False
C3,2020-07-15 06:00:00,28.29,0.0,28.29,175.0,16.2,16.2,False
C3,2020-07-15 07:00:00,25.09,0.0,25.09,175.0,14.3,14.3,False
C3,2020-07-15 08:00:00,22.47,0.0,22.47,175.0,12.8,12.8,False
C3,2020-07-15 09:00:00,8.92,0.0,8.92,175.0,5.1,5.1,False
C3,2020-07-15 10:00:00,4.14,0.0,4.14,175.0,2.4,2.4,False
C3,2020-07-15 11:00:00,4.1,0.0,4.1,175.0,2.3,2.3,False
C3,2020-07-15 12:00:00,6.03,0.0,6.03,175.0,3.4,3.4,False
C3,2020-07-15 13:00:00,6.95,0.0,6.95,175.0,4.0,4.0,False
C3,2020-07-15 14:00:00,8.81,0.0,8.81,175.0,5.0,5.0,False
C3,2020-07-15 15:00:00,8.07,0.0,8.07,175.0,4.6,4.6,False
C3,2020-07-15 16:00:00,14.94,0.0,14.94,175.0,8.5,8.5,False
C3,2020-07-15 17:00:00,15.87,0.0,15.87,175.0,9.1,9.1,False
C3,2020-07-15 18:00:00,19.14,0.0,19.14,175.0,10.9,10.9,False
C3,2020-07-15 19:00:00,20.44,0.0,20.44,175.0,11.7,11.7,False
C3,2020-07-15 20:00:00,22.25,0.0,22.25,175.0,12.7,12.7,False
C3,2020-07-15 21:00:00,25.65,0.0,25.65,175.0,14.7,14.7,False
C3,2020-07-15 22:00:00,26.16,0.0,26.16,175.0,14.9,14.9,False
C3,2020-07-15 23:00:00,31.03,0.0,31.03,175.0,17.7,17.7,False
C3,2020-07-16 00:00:00,34.33,0.0,34.33,175.0,19.6,19.6,False
C3,2020-07-16 02:00:00,35.76,0.0,35.76,175.0,20.4,20.4,False
C3,2020-07-16 04:00:00,33.31,0.0,33.31,175.0,19.0,19.0,False
C3,2020-07-16 06:00:00,28.15,0.0,28.15,175.0,16.1,16.1,False
C3,2020-07-16 08:00:00,21.84,0.0,21.84,175.0,12.5,12.5,False
C3,2020-07-16 10:00:00,17.68,0.0,17.68,175.0,10.1,10.1,False
C3,2020-07-16 12:00:00,16.01,0.0,16.01,175.0,9.1,9.1,False
C3,2020-07-16 14:00:00,15.55,0.0,15.55,175.0,8.9,8.9,False
C3,2020-07-16 16:00:00,16.79,0.0,16.79,175.0,9.6,9.6,False
C3,2020-07-16 18:00:00,19.44,0.0,19.44,175.0,11.1,11.1,False
C3,2020-07-16 20:00:00,23.66,0.0,23.66,175.0,13.5,13.5,False
C3,2020-07-16 22:00:00,30.02,0.0,30.02,175.0,17.2,17.2,False
C4,2020-07-15 00:00:00,-17.26,0.0,17.26,175.0,9.9,9.9,False
C4,2020-07-15 01:00:00,-15.82,0.0,15.82,175.0,9.0,9.0,False
C4,2020-07-15 02:00:00,-15.63,0.0,15.63,175.0,8.9,8.9,False
C4,2020-07-15 03:00:00,-15.2,0.0,15.2,175.0,8.7,8.7,False
C4,2020-07-15 04:00:00,-15.73,0.0,15.73,175.0,9.0,9.0,False
C4,2020-07-15 05:00:00,-16.14,0.0,16.14,175.0,9.2,9.2,False
C4,2020-07-15 06:00:00,-18.21,0.0,18.21,175.0,10.4,10.4,False
C4,2020-07-15 07:00:00,-20.41,0.0,20.41,175.0,11.7,11.7,False
C4,2020-07-15 08:00:00,-22.03,0.0,22.03,175.0,12.6,12.6,False
C4,2020-07-15 09:00:00,-26.11,0.0,26.11,175.0,14.9,14.9,False
C4,2020-07-15 10:00:00,-28.87,0.0,28.87,175.0,16.5,16.5,False
C4,2020-07-15 11:00:00,-30.66,0.0,30.66,175.0,17.5,17.5,False
C4,2020-07-15 12:00:00,-31.54,0.0,31.54,175.0,18.0,18.0,False
C4,2020-07-15 13:00:00,-32.8,0.0,32.8,175.0,18.7,18.7,False
C4,2020-07-15 14:00:00,-33.36,0.0,33.36,175.0,19.1,19.1,False
C4,2020-07-15 15:00:00,-32.57,0.0,32.57,175.0,18.6,18.6,False
C4,2020-07-15 16:00:00,-31.34,0.0,31.34,175.0,17.9,17.9,False
C4,2020-07-15 17:00:00,-29.27,0.0,29.27,175.0,16.7,16.7,False
C4,2020-07-15 18:00:00,-26.73,0.0,26.73,175.0,15.3,15.3,False
C4,2020-07-15 19:00:00,-26.38,0.0,26.38,175.0,15.1,15.1,False
C4,2020-07-15 20:00:00,-25.81,0.0,25.81,175.0,14.8,14.8,False
C4,2020-07-15 21:00:00,-23.69,0.0,23.69,175.0,13.5,13.5,False
C4,2020-07-15 22:00:00,-19.27,0.0,19.27,175.0,11.0,11.0,False
C4,2020-07-15 23:00:00,-18.97,0.0,18.97,175.0,10.8,10.8,False
C4,2020-07-16 00:00:00,-17.22,0.0,17.22,175.0,9.8,9.8,False
C4,2020-07-16 02:00:00,-15.06,0.0,15.06,175.0,8.6,8.6,False
C4,2020-07-16 04:00:00,-16.75,0.0,16.75,175.0,9.6,9.6,False
C4,2020-07-16 06:00:00,-20.85,0.0,20.85,175.0,11.9,11.9,False
C4,2020-07-16 08:00:00,-24.76,0.0,24.76,175.0,14.1,14.1,False
C4,2020-07-16 10:00:00,-29.12,0.0,29.12,175.0,16.6,16.6,False
C4,2020-07-16 12:00:00,-33.41,0.0,33.41,175.0,19.1,19.1,False
C4,2020-07-16 14:00:00,-35.69,0.0,35.69,175.0,20.4,20.4,False
C4,2020-07-16 16:00:00,-33.04,0.0,33.04,175.0,18.9,18.9,False
C4,2020-07-16 18:00:00,-28.41,0.0,28.41,175.0,16.2,16.2,False
C4,2020-07-16 20:00:00,-26.1,0.0,26.1,175.0,14.9,14.9,False
C4,2020-07-16 22:00:00,-20.73,0.0,20.73,175.0,11.8,11.8,False
C5,2020-07-15 00:00:00,22.71,0.0,22.71,175.0,13.0,13.0,False
C5,2020-07-15 01:00:00,23.46,0.0,23.46,175.0,13.4,13.4,False
C5,2020-07-15 02:00:00,23.19,0.0,23.19,175.0,13.3,13.3,False
C5,2020-07-15 03:00:00,22.91,0.0,22.91,175.0,13.1,13.1,False
C5,2020-07-15 04:00:00,22.06,0.0,22.06,175.0,12.6,12.6,False
C5,2020-07-15 05:00:00,21.17,0.0,21.17,175.0,12.1,12.1,False
C5,2020-07-15 06:00:00,19.47,0.0,19.47,175.0,11.1,11.1,False
C5,2020-07-15 07:00:00,17.65,0.0,17.65,175.0,10.1,10.1,False
C5,2020-07-15 08:00:00,16.18,0.0,16.18,175.0,9.2,9.2,False
C5,2020-07-15 09:00:00,7.74,0.0,7.74,175.0,4.4,4.4,False
C5,2020-07-15 10:00:00,4.89,0.0,4.89,175.0,2.8,2.8,False
C5,2020-07-15 11:00:00,5.07,0.0,5.07,175.0,2.9,2.9,False
C5,2020-07-15 12:00:00,6.45,0.0,6.45,175.0,3.7,3.7,False
C5,2020-07-15 13:00:00,7.19,0.0,7.19,175.0,4.1,4.1,False
C5,2020-07-15 14:00:00,8.47,0.0,8.47,175.0,4.8,4.8,False
C5,2020-07-15 15:00:00,8.01,0.0,8.01,175.0,4.6,4.6,False
C5,2020-07-15 16:00:00,12.29,0.0,12.29,175.0,7.0,7.0,False
C5,2020-07-15 17:00:00,12.66,0.0,12.66,175.0,7.2,7.2,False
C5,2020-07-15 18:00:00,14.5,0.0,14.5,175.0,8.3,8.3,False
C5,2020-07-15 19:00:00,15.28,0.0,15.28,175.0,8.7,8.7,False
C5,2020-07-15 20:00:00,16.36,0.0,16.36,175.0,9.3,9.3,False
C5,2020-07-15 21:00:00,18.3,0.0,18.3,175.0,10.5,10.5,False
C5,2020-07-15 22:00:00,18.23,0.0,18.23,175.0,10.4,10.4,False
C5,2020-07-15 23:00:00,21.24,0.0,21.24,175.0,12.1,12.1,False
C5,2020-07-16 00:00:00,23.4,0.0,23.4,175.0,13.4,13.4,False
C5,2020-07-16 02:00:00,24.55,0.0,24.55,175.0,14.0,14.0,False
C5,2020-07-16 04:00:00,22.72,0.0,22.72,175.0,13.0,13.0,False
C5,2020-07-16 06:00:00,19.7,0.0,19.7,175.0,11.3,11.3,False
C5,2020-07-16 08:00:00,16.07,0.0,16.07,175.0,9.2,9.2,False
C5,2020-07-16 10:00:00,13.81,0.0,13.81,175.0,7.9,7.9,False
C5,2020-07-16 12:00:00,13.16,0.0,13.16,175.0,7.5,7.5,False
C5,2020-07-16 14:00:00,13.09,0.0,13.09,175.0,7.5,7.5,False
C5,2020-07-16 16:00:00,13.63,0.0,13.63,175.0,7.8,7.8,False
C5,2020-07-16 18:00:00,14.88,0.0,14.88,175.0,8.5,8.5,False
C5,2020-07-16 20:00:00,17.32,0.0,17.32,175.0,9.9,9.9,False
C5,2020-07-16 22:00:00,20.99,0.0,20.99,175.0,12.0,12.0,False
C6,2020-07-15 00:00:00,174.96,0.0,174.96,175.0,100.0,100.0,True
C6,2020-07-15 01:00:00,174.96,0.0,174.96,175.0,100.0,100.0,True
C6,2020-07-15 02:00:00,174.97,0.0,174.97,175.0,100.0,100.0,True
C6,2020-07-15 03:00:00,174.96,0.0,174.96,175.0,100.0,100.0,True
C6,2020-07-15 04:00:00,174.97,0.0,174.97,175.0,100.0,100.0,True
C6,2020-07-15 05:00:00,174.96,0.0,174.96,175.0,100.0,100.0,True
C6,2020-07-15 06:00:00,174.97,0.0,174.97,175.0,100.0,100.0,True
C6,2020-07-15 07:00:00,174.98,0.0,174.98,175.0,100.0,100.0,True
C6,2020-07-15 08:00:00,174.97,0.0,174.97,175.0,100.0,100.0,True
C6,2020-07-15 09:00:00,134.61,0.0,134.61,175.0,76.9,76.9,False
C6,2020-07-15 10:00:00,122.72,0.0,122.72,175.0,70.1,70.1,False
C6,2020-07-15 11:00:00,129.22,0.0,129.22,175.0,73.8,73.8,False
C6,2020-07-15 12:00:00,140.89,0.0,140.89,175.0,80.5,80.5,False
C6,2020-07-15 13:00:00,146.6,0.0,146.6,175.0,83.8,83.8,False
C6,2020-07-15 14:00:00,154.75,0.0,154.75,175.0,88.4,88.4,False
C6,2020-07-15 15:00:00,154.85,0.0,154.85,175.0,88.5,88.5,False
C6,2020-07-15 16:00:00,173.69,0.0,173.69,175.0,99.3,99.3,False
C6,2020-07-15 17:00:00,170.36,0.0,170.36,175.0,97.3,97.3,False
C6,2020-07-15 18:00:00,174.59,0.0,174.59,175.0,99.8,99.8,True
C6,2020-07-15 19:00:00,174.89,0.0,174.89,175.0,99.9,99.9,True
C6,2020-07-15 20:00:00,174.93,0.0,174.93,175.0,100.0,100.0,True
C6,2020-07-15 21:00:00,174.94,0.0,174.94,175.0,100.0,100.0,True
C6,2020-07-15 22:00:00,174.72,0.0,174.72,175.0,99.8,99.8,True
C6,2020-07-15 23:00:00,174.84,0.0,174.84,175.0,99.9,99.9,True
C6,2020-07-16 00:00:00,175.0,0.0,175.0,175.0,100.0,100.0,True
C6,2020-07-16 02:00:00,174.95,0.0,174.95,175.0,100.0,100.0,True
C6,2020-07-16 04:00:00,175.0,0.0,175.0,175.0,100.0,100.0,True
C6,2020-07-16 06:00:00,175.0,0.0,175.0,175.0,100.0,100.0,True
C6,2020-07-16 08:00:00,175.0,0.0,175.0,175.0,100.0,100.0,True
C6,2020-07-16 10:00:00,175.0,0.0,175.0,175.0,100.0,100.0,True
C6,2020-07-16 12:00:00,175.0,0.0,175.0,175.0,100.0,100.0,True
C6,2020-07-16 14:00:00,175.0,0.0,175.0,175.0,100.0,100.0,True
C6,2020-07-16 16:00:00,175.0,0.0,175.0,175.0,100.0,100.0,True
C6,2020-07-16 18:00:00,175.0,0.0,175.0,175.0,100.0,100.0,True
C6,2020-07-16 20:00:00,175.0,0.0,175.0,175.0,100.0,100.0,True
C6,2020-07-16 22:00:00,175.0,0.0,175.0,175.0,100.0,100.0,True
C7,2020-07-15 00:00:00,92.63,0.0,92.63,400.0,23.2,23.2,False
C7,2020-07-15 01:00:00,102.6,0.0,102.6,400.0,25.7,25.7,False
C7,2020-07-15 02:00:00,104.59,0.0,104.59,400.0,26.1,26.1,False
C7,2020-07-15 03:00:00,98.02,0.0,98.02,400.0,24.5,24.5,False
C7,2020-07-15 04:00:00,81.23,0.0,81.23,400.0,20.3,20.3,False
C7,2020-07-15 05:00:00,66.36,0.0,66.36,400.0,16.6,16.6,False
C7,2020-07-15 06:00:00,39.59,0.0,39.59,400.0,9.9,9.9,False
C7,2020-07-15 07:00:00,6.61,0.0,6.61,400.0,1.7,1.7,False
C7,2020-07-15 08:00:00,-0.9,0.0,0.9,400.0,0.2,0.2,False
C7,2020-07-15 09:00:00,-20.26,0.0,20.26,400.0,5.1,5.1,False
C7,2020-07-15 10:00:00,-56.08,0.0,56.08,400.0,14.0,14.0,False
C7,2020-07-15 11:00:00,-76.19,0.0,76.19,400.0,19.0,19.0,False
C7,2020-07-15 12:00:00,-92.64,0.0,92.64,400.0,23.2,23.2,False
C7,2020-07-15 13:00:00,-97.47,0.0,97.47,400.0,24.4,24.4,False
C7,2020-07-15 14:00:00,-94.0,0.0,94.0,400.0,23.5,23.5,False
C7,2020-07-15 15:00:00,-82.99,0.0,82.99,400.0,20.7,20.7,False
C7,2020-07-15 16:00:00,-68.87,0.0,68.87,400.0,17.2,17.2,False
C7,2020-07-15 17:00:00,-49.66,0.0,49.66,400.0,12.4,12.4,False
C7,2020-07-15 18:00:00,-13.39,0.0,13.39,400.0,3.3,3.3,False
C7,2020-07-15 19:00:00,-5.08,0.0,5.08,400.0,1.3,1.3,False
C7,2020-07-15 20:00:00,38.0,0.0,38.0,400.0,9.5,9.5,False
C7,2020-07-15 21:00:00,125.26,0.0,125.26,400.0,31.3,31.3,False
C7,2020-07-15 22:00:00,88.86,0.0,88.86,400.0,22.2,22.2,False
C7,2020-07-15 23:00:00,125.46,0.0,125.46,400.0,31.4,31.4,False
C7,2020-07-16 00:00:00,158.52,0.0,158.52,400.0,39.6,39.6,False
C7,2020-07-16 02:00:00,173.16,0.0,173.16,400.0,43.3,43.3,False
C7,2020-07-16 04:00:00,178.32,0.0,178.32,400.0,44.6,44.6,False
C7,2020-07-16 06:00:00,147.17,0.0,147.17,400.0,36.8,36.8,False
C7,2020-07-16 08:00:00,121.68,0.0,121.68,400.0,30.4,30.4,False
C7,2020-07-16 10:00:00,73.95,0.0,73.95,400.0,18.5,18.5,False
C7,2020-07-16 12:00:00,22.94,0.0,22.94,400.0,5.7,5.7,False
C7,2020-07-16 14:00:00,21.99,0.0,21.99,400.0,5.5,5.5,False
C7,2020-07-16 16:00:00,55.98,0.0,55.98,400.0,14.0,14.0,False
C7,2020-07-16 18:00:00,41.65,0.0,41.65,400.0,10.4,10.4,False
C7,2020-07-16 20:00:00,155.67,0.0,155.67,400.0,38.9,38.9,False
C7,2020-07-16 22:00:00,155.95,0.0,155.95,400.0,39.0,39.0,False
C8,2020-07-15 00:00:00,-52.39,0.0,52.39,175.0,29.9,29.9,False
C8,2020-07-15 01:00:00,-48.49,0.0,48.49,175.0,27.7,27.7,False
C8,2020-07-15 02:00:00,-48.61,0.0,48.61,175.0,27.8,27.8,False
C8,2020-07-15 03:00:00,-48.06,0.0,48.06,175.0,27.5,27.5,False
C8,2020-07-15 04:00:00,-50.16,0.0,50.16,175.0,28.7,28.7,False
C8,2020-07-15 05:00:00,-51.97,0.0,51.97,175.0,29.7,29.7,False
C8,2020-07-15 06:00:00,-57.99,0.0,57.99,175.0,33.1,33.1,False
C8,2020-07-15 07:00:00,-64.39,0.0,64.39,175.0,36.8,36.8,False
C8,2020-07-15 08:00:00,-69.19,0.0,69.19,175.0,39.5,39.5,False
C8,2020-07-15 09:00:00,-76.93,0.0,76.93,175.0,44.0,44.0,False
C8,2020-07-15 10:00:00,-82.7,0.0,82.7,175.0,47.3,47.3,False
C8,2020-07-15 11:00:00,-87.58,0.0,87.58,175.0,50.0,50.0,False
C8,2020-07-15 12:00:00,-90.58,0.0,90.58,175.0,51.8,51.8,False
C8,2020-07-15 13:00:00,-93.61,0.0,93.61,175.0,53.5,53.5,False
C8,2020-07-15 14:00:00,-95.25,0.0,95.25,175.0,54.4,54.4,False
C8,2020-07-15 15:00:00,-94.15,0.0,94.15,175.0,53.8,53.8,False
C8,2020-07-15 16:00:00,-91.58,0.0,91.58,175.0,52.3,52.3,False
C8,2020-07-15 17:00:00,-86.28,0.0,86.28,175.0,49.3,49.3,False
C8,2020-07-15 18:00:00,-80.25,0.0,80.25,175.0,45.9,45.9,False
C8,2020-07-15 19:00:00,-78.76,0.0,78.76,175.0,45.0,45.0,False
C8,2020-07-15 20:00:00,-76.45,0.0,76.45,175.0,43.7,43.7,False
C8,2020-07-15 21:00:00,-70.07,0.0,70.07,175.0,40.0,40.0,False
C8,2020-07-15 22:00:00,-61.43,0.0,61.43,175.0,35.1,35.1,False
C8,2020-07-15 23:00:00,-57.44,0.0,57.44,175.0,32.8,32.8,False
C8,2020-07-16 00:00:00,-51.29,0.0,51.29,175.0,29.3,29.3,False
C8,2020-07-16 02:00:00,-45.2,0.0,45.2,175.0,25.8,25.8,False
C8,2020-07-16 04:00:00,-51.14,0.0,51.14,175.0,29.2,29.2,False
C8,2020-07-16 06:00:00,-62.81,0.0,62.81,175.0,35.9,35.9,False
C8,2020-07-16 08:00:00,-74.65,0.0,74.65,175.0,42.7,42.7,False
C8,2020-07-16 10:00:00,-85.84,0.0,85.84,175.0,49.1,49.1,False
C8,2020-07-16 12:00:00,-94.97,0.0,94.97,175.0,54.3,54.3,False
C8,2020-07-16 14:00:00,-99.51,0.0,99.51,175.0,56.9,56.9,False
C8,2020-07-16 16:00:00,-93.68,0.0,93.68,175.0,53.5,53.5,False
C8,2020-07-16 18:00:00,-83.18,0.0,83.18,175.0,47.5,47.5,False
C8,2020-07-16 20:00:00,-75.87,0.0,75.87,175.0,43.4,43.4,False
C8,2020-07-16 22:00:00,-60.94,0.0,60.94,175.0,34.8,34.8,False
C9,2020-07-15 00:00:00,-0.41,0.0,0.41,175.0,0.2,0.2,False
C9,2020-07-15 01:00:00,3.1,0.0,3.1,175.0,1.8,1.8,False
C9,2020-07-15 02:00:00,2.61,0.0,2.61,175.0,1.5,1.5,False
C9,2020-07-15 03:00:00,2.31,0.0,2.31,175.0,1.3,1.3,False
C9,2020-07-15 04:00:00,-0.53,0.0,0.53,175.0,0.3,0.3,False
C9,2020-07-15 05:00:00,-3.36,0.0,3.36,175.0,1.9,1.9,False
C9,2020-07-15 06:00:00,-10.14,0.0,10.14,175.0,5.8,5.8,False
C9,2020-07-15 07:00:00,-17.36,0.0,17.36,175.0,9.9,9.9,False
C9,2020-07-15 08:00:00,-23.03,0.0,23.03,175.0,13.2,13.2,False
C9,2020-07-15 09:00:00,-40.1,0.0,40.1,175.0,22.9,22.9,False
C9,2020-07-15 10:00:00,-47.76,0.0,47.76,175.0,27.3,27.3,False
C9,2020-07-15 11:00:00,-50.77,0.0,50.77,175.0,29.0,29.0,False
C9,2020-07-15 12:00:00,-50.87,0.0,50.87,175.0,29.1,29.1,False
C9,2020-07-15 13:00:00,-51.64,0.0,51.64,175.0,29.5,29.5,False
C9,2020-07-15 14:00:00,-50.82,0.0,50.82,175.0,29.0,29.0,False
C9,2020-07-15 15:00:00,-51.25,0.0,51.25,175.0,29.3,29.3,False
C9,2020-07-15 16:00:00,-43.1,0.0,43.1,175.0,24.6,24.6,False
C9,2020-07-15 17:00:00,-39.08,0.0,39.08,175.0,22.3,22.3,False
C9,2020-07-15 18:00:00,-32.47,0.0,32.47,175.0,18.6,18.6,False
C9,2020-07-15 19:00:00,-30.07,0.0,30.07,175.0,17.2,17.2,False
C9,2020-07-15 20:00:00,-26.58,0.0,26.58,175.0,15.2,15.2,False
C9,2020-07-15 21:00:00,-19.11,0.0,19.11,175.0,10.9,10.9,False
C9,2020-07-15 22:00:00,-14.54,0.0,14.54,175.0,8.3,8.3,False
C9,2020-07-15 23:00:00,-6.14,0.0,6.14,175.0,3.5,3.5,False
C9,2020-07-16 00:00:00,1.43,0.0,1.43,175.0,0.8,0.8,False
C9,2020-07-16 02:00:00,6.75,0.0,6.75,175.0,3.9,3.9,False
C9,2020-07-16 04:00:00,0.11,0.0,0.11,175.0,0.1,0.1,False
C9,2020-07-16 06:00:00,-12.34,0.0,12.34,175.0,7.1,7.1,False
C9,2020-07-16 08:00:00,-26.26,0.0,26.26,175.0,15.0,15.0,False
C9,2020-07-16 10:00:00,-36.98,0.0,36.98,175.0,21.1,21.1,False
C9,2020-07-16 12:00:00,-43.29,0.0,43.29,175.0,24.7,24.7,False
C9,2020-07-16 14:00:00,-45.91,0.0,45.91,175.0,26.2,26.2,False
C9,2020-07-16 16:00:00,-41.63,0.0,41.63,175.0,23.8,23.8,False
C9,2020-07-16 18:00:00,-33.35,0.0,33.35,175.0,19.1,19.1,False
C9,2020-07-16 20:00:00,-24.33,0.0,24.33,175.0,13.9,13.9,False
C9,2020-07-16 22:00:00,-8.77,0.0,8.77,175.0,5.0,5.0,False
C10,2020-07-15 00:00:00,-36.73,0.0,36.73,175.0,21.0,21.0,False
C10,2020-07-15 01:00:00,-32.29,0.0,32.29,175.0,18.5,18.5,False
C10,2020-07-15 02:00:00,-32.39,0.0,32.39,175.0,18.5,18.5,False
C10,2020-07-15 03:00:00,-32.51,0.0,32.51,175.0,18.6,18.6,False
C10,2020-07-15 04:00:00,-35.9,0.0,35.9,175.0,20.5,20.5,False
C10,2020-07-15 05:00:00,-39.39,0.0,39.39,175.0,22.5,22.5,False
C10,2020-07-15 06:00:00,-48.27,0.0,48.27,175.0,27.6,27.6,False
C10,2020-07-15 07:00:00,-57.77,0.0,57.77,175.0,33.0,33.0,False
C10,2020-07-15 08:00:00,-65.26,0.0,65.26,175.0,37.3,37.3,False
C10,2020-07-15 09:00:00,-80.38,0.0,80.38,175.0,45.9,45.9,False
C10,2020-07-15 10:00:00,-88.74,0.0,88.74,175.0,50.7,50.7,False
C10,2020-07-15 11:00:00,-94.3,0.0,94.3,175.0,53.9,53.9,False
C10,2020-07-15 12:00:00,-96.88,0.0,96.88,175.0,55.4,55.4,False
C10,2020-07-15 13:00:00,-99.45,0.0,99.45,175.0,56.8,56.8,False
C10,2020-07-15 14:00:00,-100.18,0.0,100.18,175.0,57.2,57.2,False
C10,2020-07-15 15:00:00,-100.39,0.0,100.39,175.0,57.4,57.4,False
C10,2020-07-15 16:00:00,-93.35,0.0,93.35,175.0,53.3,53.3,False
C10,2020-07-15 17:00:00,-87.01,0.0,87.01,175.0,49.7,49.7,False
C10,2020-07-15 18:00:00,-78.66,0.0,78.66,175.0,44.9,44.9,False
C10,2020-07-15 19:00:00,-75.76,0.0,75.76,175.0,43.3,43.3,False
C10,2020-07-15 20:00:00,-71.44,0.0,71.44,175.0,40.8,40.8,False
C10,2020-07-15 21:00:00,-61.69,0.0,61.69,175.0,35.3,35.3,False
C10,2020-07-15 22:00:00,-53.88,0.0,53.88,175.0,30.8,30.8,False
C10,2020-07-15 23:00:00,-44.13,0.0,44.13,175.0,25.2,25.2,False
C10,2020-07-16 00:00:00,-35.06,0.0,35.06,175.0,20.0,20.0,False
C10,2020-07-16 02:00:00,-28.75,0.0,28.75,175.0,16.4,16.4,False
C10,2020-07-16 04:00:00,-36.3,0.0,36.3,175.0,20.7,20.7,False
C10,2020-07-16 06:00:00,-52.53,0.0,52.53,175.0,30.0,30.0,False
C10,2020-07-16 08:00:00,-70.62,0.0,70.62,175.0,40.4,40.4,False
C10,2020-07-16 10:00:00,-85.28,0.0,85.28,175.0,48.7,48.7,False
C10,2020-07-16 12:00:00,-95.02,0.0,95.02,175.0,54.3,54.3,False
C10,2020-07-16 14:00:00,-99.37,0.0,99.37,175.0,56.8,56.8,False
C10,2020-07-16 16:00:00,-92.94,0.0,92.94,175.0,53.1,53.1,False
C10,2020-07-16 18:00:00,-80.81,0.0,80.81,175.0,46.2,46.2,False
C10,2020-07-16 20:00:00,-69.18,0.0,69.18,175.0,39.5,39.5,False
C10,2020-07-16 22:00:00,-48.68,0.0,48.68,175.0,27.8,27.8,False
C11,2020-07-15 00:00:00,-55.13,0.0,55.13,175.0,31.5,31.5,False
C11,2020-07-15 01:00:00,-51.65,0.0,51.65,175.0,29.5,29.5,False
C11,2020-07-15 02:00:00,-51.58,0.0,51.58,175.0,29.5,29.5,False
C11,2020-07-15 03:00:00,-51.41,0.0,51.41,175.0,29.4,29.4,False
C11,2020-07-15 04:00:00,-53.78,0.0,53.78,175.0,30.7,30.7,False
C11,2020-07-15 05:00:00,-56.17,0.0,56.17,175.0,32.1,32.1,False
C11,2020-07-15 06:00:00,-62.78,0.0,62.78,175.0,35.9,35.9,False
C11,2020-07-15 07:00:00,-69.84,0.0,69.84,175.0,39.9,39.9,False
C11,2020-07-15 08:00:00,-75.36,0.0,75.36,175.0,43.1,43.1,False
C11,2020-07-15 09:00:00,-81.5,0.0,81.5,175.0,46.6,46.6,False
C11,2020-07-15 10:00:00,-86.57,0.0,86.57,175.0,49.5,49.5,False
C11,2020-07-15 11:00:00,-91.84,0.0,91.84,175.0,52.5,52.5,False
C11,2020-07-15 12:00:00,-95.47,0.0,95.47,175.0,54.6,54.6,False
C11,2020-07-15 13:00:00,-98.51,0.0,98.51,175.0,56.3,56.3,False
C11,2020-07-15 14:00:00,-100.36,0.0,100.36,175.0,57.3,57.3,False
C11,2020-07-15 15:00:00,-100.1,0.0,100.1,175.0,57.2,57.2,False
C11,2020-07-15 16:00:00,-97.58,0.0,97.58,175.0,55.8,55.8,False
C11,2020-07-15 17:00:00,-92.1,0.0,92.1,175.0,52.6,52.6,False
C11,2020-07-15 18:00:00,-86.12,0.0,86.12,175.0,49.2,49.2,False
C11,2020-07-15 19:00:00,-84.18,0.0,84.18,175.0,48.1,48.1,False
C11,2020-07-15 20:00:00,-81.2,0.0,81.2,175.0,46.4,46.4,False
C11,2020-07-15 21:00:00,-74.03,0.0,74.03,175.0,42.3,42.3,False
C11,2020-07-15 22:00:00,-66.79,0.0,66.79,175.0,38.2,38.2,False
C11,2020-07-15 23:00:00,-60.6,0.0,60.6,175.0,34.6,34.6,False
C11,2020-07-16 00:00:00,-54.13,0.0,54.13,175.0,30.9,30.9,False
C11,2020-07-16 02:00:00,-49.19,0.0,49.19,175.0,28.1,28.1,False
C11,2020-07-16 04:00:00,-54.65,0.0,54.65,175.0,31.2,31.2,False
C11,2020-07-16 06:00:00,-66.87,0.0,66.87,175.0,38.2,38.2,False
C11,2020-07-16 08:00:00,-80.16,0.0,80.16,175.0,45.8,45.8,False
C11,2020-07-16 10:00:00,-91.57,0.0,91.57,175.0,52.3,52.3,False
C11,2020-07-16 12:00:00,-44.91,0.0,44.91,175.0,25.7,25.7,False
C11,2020-07-16 14:00:00,6.17,0.0,6.17,175.0,3.5,3.5,False
C11,2020-07-16 16:00:00,11.58,0.0,11.58,175.0,6.6,6.6,False
C11,2020-07-16 18:00:00,-66.42,0.0,66.42,175.0,38.0,38.0,False
C11,2020-07-16 20:00:00,-24.98,0.0,24.98,175.0,14.3,14.3,False
C11,2020-07-16 22:00:00,-64.45,0.0,64.45,175.0,36.8,36.8,False
C12-1,2020-07-15 00:00:00,-93.72,0.0,93.72,175.0,53.6,53.6,False
C12-1,2020-07-15 01:00:00,-89.27,0.0,89.27,175.0,51.0,51.0,False
C12-1,2020-07-15 02:00:00,-88.8,0.0,88.8,175.0,50.7,50.7,False
C12-1,2020-07-15 03:00:00,-88.09,0.0,88.09,175.0,50.3,50.3,False
C12-1,2020-07-15 04:00:00,-90.57,0.0,90.57,175.0,51.8,51.8,False
C12-1,2020-07-15 05:00:00,-92.97,0.0,92.97,175.0,53.1,53.1,False
C12-1,2020-07-15 06:00:00,-100.84,0.0,100.84,175.0,57.6,57.6,False
C12-1,2020-07-15 07:00:00,-109.25,0.0,109.25,175.0,62.4,62.4,False
C12-1,2020-07-15 08:00:00,-115.71,0.0,115.71,175.0,66.1,66.1,False
C12-1,2020-07-15 09:00:00,-119.27,0.0,119.27,175.0,68.2,68.2,False
C12-1,2020-07-15 10:00:00,-124.95,0.0,124.95,175.0,71.4,71.4,False
C12-1,2020-07-15 11:00:00,-132.5,0.0,132.5,175.0,75.7,75.7,False
C12-1,2020-07-15 12:00:00,-138.44,0.0,138.44,175.0,79.1,79.1,False
C12-1,2020-07-15 13:00:00,-143.44,0.0,143.44,175.0,82.0,82.0,False
C12-1,2020-07-15 14:00:00,-146.97,0.0,146.97,175.0,84.0,84.0,False
C12-1,2020-07-15 15:00:00,-145.78,0.0,145.78,175.0,83.3,83.3,False
C12-1,2020-07-15 16:00:00,-145.23,0.0,145.23,175.0,83.0,83.0,False
C12-1,2020-07-15 17:00:00,-137.66,0.0,137.66,175.0,78.7,78.7,False
C12-1,2020-07-15 18:00:00,-130.3,0.0,130.3,175.0,74.5,74.5,False
C12-1,2020-07-15 19:00:00,-128.38,0.0,128.38,175.0,73.4,73.4,False
C12-1,2020-07-15 20:00:00,-125.32,0.0,125.32,175.0,71.6,71.6,False
C12-1,2020-07-15 21:00:00,-116.94,0.0,116.94,175.0,66.8,66.8,False
C12-1,2020-07-15 22:00:00,-105.32,0.0,105.32,175.0,60.2,60.2,False
C12-1,2020-07-15 23:00:00,-100.18,0.0,100.18,175.0,57.2,57.2,False
C12-1,2020-07-16 00:00:00,-93.1,0.0,93.1,175.0,53.2,53.2,False
C12-1,2020-07-16 02:00:00,-86.79,0.0,86.79,175.0,49.6,49.6,False
C12-1,2020-07-16 04:00:00,-92.85,0.0,92.85,175.0,53.1,53.1,False
C12-1,2020-07-16 06:00:00,-107.67,0.0,107.67,175.0,61.5,61.5,False
C12-1,2020-07-16 08:00:00,-123.16,0.0,123.16,175.0,70.4,70.4,False
C12-1,2020-07-16 10:00:00,-137.82,0.0,137.82,175.0,78.8,78.8,False
C12-1,2020-07-16 12:00:00,-122.58,0.0,122.58,175.0,70.0,70.0,False
C12-1,2020-07-16 14:00:00,-101.21,0.0,101.21,175.0,57.8,57.8,False
C12-1,2020-07-16 16:00:00,-93.45,0.0,93.45,175.0,53.4,53.4,False
C12-1,2020-07-16 18:00:00,-123.47,0.0,123.47,175.0,70.6,70.6,False
C12-1,2020-07-16 20:00:00,-97.36,0.0,97.36,175.0,55.6,55.6,False
C12-1,2020-07-16 22:00:00,-105.78,0.0,105.78,175.0,60.4,60.4,False
C13-2,2020-07-15 00:00:00,-34.56,0.0,34.56,175.0,19.8,19.8,False
C13-2,2020-07-15 01:00:00,-31.16,0.0,31.16,175.0,17.8,17.8,False
C13-2,2020-07-15 02:00:00,-31.12,0.0,31.12,175.0,17.8,17.8,False
C13-2,2020-07-15 03:00:00,-31.46,0.0,31.46,175.0,18.0,18.0,False
C13-2,2020-07-15 04:00:00,-34.46,0.0,34.46,175.0,19.7,19.7,False
C13-2,2020-07-15 05:00:00,-37.71,0.0,37.71,175.0,21.5,21.5,False
C13-2,2020-07-15 06:00:00,-45.46,0.0,45.46,175.0,26.0,26.0,False
C13-2,2020-07-15 07:00:00,-53.77,0.0,53.77,175.0,30.7,30.7,False
C13-2,2020-07-15 08:00:00,-60.43,0.0,60.43,175.0,34.5,34.5,False
C13-2,2020-07-15 09:00:00,-71.4,0.0,71.4,175.0,40.8,40.8,False
C13-2,2020-07-15 10:00:00,-77.72,0.0,77.72,175.0,44.4,44.4,False
C13-2,2020-07-15 11:00:00,-82.66,0.0,82.66,175.0,47.2,47.2,False
C13-2,2020-07-15 12:00:00,-85.37,0.0,85.37,175.0,48.8,48.8,False
C13-2,2020-07-15 13:00:00,-87.59,0.0,87.59,175.0,50.1,50.1,False
C13-2,2020-07-15 14:00:00,-88.43,0.0,88.43,175.0,50.5,50.5,False
C13-2,2020-07-15 15:00:00,-89.15,0.0,89.15,175.0,50.9,50.9,False
C13-2,2020-07-15 16:00:00,-83.6,0.0,83.6,175.0,47.8,47.8,False
C13-2,2020-07-15 17:00:00,-78.19,0.0,78.19,175.0,44.7,44.7,False
C13-2,2020-07-15 18:00:00,-71.35,0.0,71.35,175.0,40.8,40.8,False
C13-2,2020-07-15 19:00:00,-68.66,0.0,68.66,175.0,39.2,39.2,False
C13-2,2020-07-15 20:00:00,-64.65,0.0,64.65,175.0,36.9,36.9,False
C13-2,2020-07-15 21:00:00,-56.05,0.0,56.05,175.0,32.0,32.0,False
C13-2,2020-07-15 22:00:00,-50.48,0.0,50.48,175.0,28.8,28.8,False
C13-2,2020-07-15 23:00:00,-40.97,0.0,40.97,175.0,23.4,23.4,False
C13-2,2020-07-16 00:00:00,-33.25,0.0,33.25,175.0,19.0,19.0,False
C13-2,2020-07-16 02:00:00,-28.78,0.0,28.78,175.0,16.4,16.4,False
C13-2,2020-07-16 04:00:00,-34.71,0.0,34.71,175.0,19.8,19.8,False
C13-2,2020-07-16 06:00:00,-48.53,0.0,48.53,175.0,27.7,27.7,False
C13-2,2020-07-16 08:00:00,-64.46,0.0,64.46,175.0,36.8,36.8,False
C13-2,2020-07-16 10:00:00,-76.76,0.0,76.76,175.0,43.9,43.9,False
C13-2,2020-07-16 12:00:00,-56.82,0.0,56.82,175.0,32.5,32.5,False
C13-2,2020-07-16 14:00:00,-32.52,0.0,32.52,175.0,18.6,18.6,False
C13-2,2020-07-16 16:00:00,-27.47,0.0,27.47,175.0,15.7,15.7,False
C13-2,2020-07-16 18:00:00,-61.74,0.0,61.74,175.0,35.3,35.3,False
C13-2,2020-07-16 20:00:00,-34.86,0.0,34.86,175.0,19.9,19.9,False
C13-2,2020-07-16 22:00:00,-44.98,0.0,44.98,175.0,25.7,25.7,False
C14,2020-07-15 00:00:00,38.78,0.0,38.78,400.0,9.7,9.7,False
C14,2020-07-15 01:00:00,43.89,0.0,43.89,400.0,11.0,11.0,False
C14,2020-07-15 02:00:00,43.58,0.0,43.58,400.0,10.9,10.9,False
C14,2020-07-15 03:00:00,40.56,0.0,40.56,400.0,10.1,10.1,False
C14,2020-07-15 04:00:00,32.81,0.0,32.81,400.0,8.2,8.2,False
C14,2020-07-15 05:00:00,24.74,0.0,24.74,400.0,6.2,6.2,False
C14,2020-07-15 06:00:00,9.49,0.0,9.49,400.0,2.4,2.4,False
C14,2020-07-15 07:00:00,-7.31,0.0,7.31,400.0,1.8,1.8,False
C14,2020-07-15 08:00:00,-16.9,0.0,16.9,400.0,4.2,4.2,False
C14,2020-07-15 09:00:00,-51.8,0.0,51.8,400.0,13.0,13.0,False
C14,2020-07-15 10:00:00,-71.03,0.0,71.03,400.0,17.8,17.8,False
C14,2020-07-15 11:00:00,-78.1,0.0,78.1,400.0,19.5,19.5,False
C14,2020-07-15 12:00:00,-80.08,0.0,80.08,400.0,20.0,20.0,False
C14,2020-07-15 13:00:00,-80.53,0.0,80.53,400.0,20.1,20.1,False
C14,2020-07-15 14:00:00,-77.97,0.0,77.97,400.0,19.5,19.5,False
C14,2020-07-15 15:00:00,-78.99,0.0,78.99,400.0,19.7,19.7,False
C14,2020-07-15 16:00:00,-63.92,0.0,63.92,400.0,16.0,16.0,False
C14,2020-07-15 17:00:00,-55.99,0.0,55.99,400.0,14.0,14.0,False
C14,2020-07-15 18:00:00,-42.23,0.0,42.23,400.0,10.6,10.6,False
C14,2020-07-15 19:00:00,-36.87,0.0,36.87,400.0,9.2,9.2,False
C14,2020-07-15 20:00:00,-22.75,0.0,22.75,400.0,5.7,5.7,False
C14,2020-07-15 21:00:00,4.2,0.0,4.2,400.0,1.0,1.0,False
C14,2020-07-15 22:00:00,-0.17,0.0,0.17,400.0,0.0,0.0,False
C14,2020-07-15 23:00:00,25.65,0.0,25.65,400.0,6.4,6.4,False
C14,2020-07-16 00:00:00,46.01,0.0,46.01,400.0,11.5,11.5,False
C14,2020-07-16 02:00:00,53.45,0.0,53.45,400.0,13.4,13.4,False
C14,2020-07-16 04:00:00,41.65,0.0,41.65,400.0,10.4,10.4,False
C14,2020-07-16 06:00:00,16.6,0.0,16.6,400.0,4.2,4.2,False
C14,2020-07-16 08:00:00,-10.07,0.0,10.07,400.0,2.5,2.5,False
C14,2020-07-16 10:00:00,-31.86,0.0,31.86,400.0,8.0,8.0,False
C14,2020-07-16 12:00:00,-34.62,0.0,34.62,400.0,8.7,8.7,False
C14,2020-07-16 14:00:00,-25.57,0.0,25.57,400.0,6.4,6.4,False
C14,2020-07-16 16:00:00,-16.35,0.0,16.35,400.0,4.1,4.1,False
C14,2020-07-16 18:00:00,-26.99,0.0,26.99,400.0,6.7,6.7,False
C14,2020-07-16 20:00:00,13.41,0.0,13.41,400.0,3.4,3.4,False
C14,2020-07-16 22:00:00,24.36,0.0,24.36,400.0,6.1,6.1,False
C15,2020-07-15 00:00:00,39.35,0.0,39.35,400.0,9.8,9.8,False
C15,2020-07-15 01:00:00,46.3,0.0,46.3,400.0,11.6,11.6,False
C15,2020-07-15 02:00:00,45.03,0.0,45.03,400.0,11.3,11.3,False
C15,2020-07-15 03:00:00,43.38,0.0,43.38,400.0,10.8,10.8,False
C15,2020-07-15 04:00:00,36.39,0.0,36.39,400.0,9.1,9.1,False
C15,2020-07-15 05:00:00,27.79,0.0,27.79,400.0,6.9,6.9,False
C15,2020-07-15 06:00:00,9.82,0.0,9.82,400.0,2.5,2.5,False
C15,2020-07-15 07:00:00,-9.0,0.0,9.0,400.0,2.2,2.2,False
C15,2020-07-15 08:00:00,-28.72,0.0,28.72,400.0,7.2,7.2,False
C15,2020-07-15 09:00:00,-75.61,0.0,75.61,400.0,18.9,18.9,False
C15,2020-07-15 10:00:00,-89.18,0.0,89.18,400.0,22.3,22.3,False
C15,2020-07-15 11:00:00,-93.61,0.0,93.61,400.0,23.4,23.4,False
C15,2020-07-15 12:00:00,-90.05,0.0,90.05,400.0,22.5,22.5,False
C15,2020-07-15 13:00:00,-89.0,0.0,89.0,400.0,22.2,22.2,False
C15,2020-07-15 14:00:00,-84.62,0.0,84.62,400.0,21.2,21.2,False
C15,2020-07-15 15:00:00,-92.3,0.0,92.3,400.0,23.1,23.1,False
C15,2020-07-15 16:00:00,-62.83,0.0,62.83,400.0,15.7,15.7,False
C15,2020-07-15 17:00:00,-54.9,0.0,54.9,400.0,13.7,13.7,False
C15,2020-07-15 18:00:00,-39.55,0.0,39.55,400.0,9.9,9.9,False
C15,2020-07-15 19:00:00,-30.86,0.0,30.86,400.0,7.7,7.7,False
C15,2020-07-15 20:00:00,-24.68,0.0,24.68,400.0,6.2,6.2,False
C15,2020-07-15 21:00:00,-13.83,0.0,13.83,400.0,3.5,3.5,False
C15,2020-07-15 22:00:00,-3.88,0.0,3.88,400.0,1.0,1.0,False
C15,2020-07-15 23:00:00,24.76,0.0,24.76,400.0,6.2,6.2,False
C15,2020-07-16 00:00:00,40.58,0.0,40.58,400.0,10.1,10.1,False
C15,2020-07-16 02:00:00,48.34,0.0,48.34,400.0,12.1,12.1,False
C15,2020-07-16 04:00:00,33.42,0.0,33.42,400.0,8.4,8.4,False
C15,2020-07-16 06:00:00,1.28,0.0,1.28,400.0,0.3,0.3,False
C15,2020-07-16 08:00:00,-42.36,0.0,42.36,400.0,10.6,10.6,False
C15,2020-07-16 10:00:00,-66.68,0.0,66.68,400.0,16.7,16.7,False
C15,2020-07-16 12:00:00,-54.7,0.0,54.7,400.0,13.7,13.7,False
C15,2020-07-16 14:00:00,-41.13,0.0,41.13,400.0,10.3,10.3,False
C15,2020-07-16 16:00:00,-36.78,0.0,36.78,400.0,9.2,9.2,False
C15,2020-07-16 18:00:00,-41.0,0.0,41.0,400.0,10.3,10.3,False
C15,2020-07-16 20:00:00,-17.74,0.0,17.74,400.0,4.4,4.4,False
C15,2020-07-16 22:00:00,14.34,0.0,14.34,400.0,3.6,3.6,False
C16,2020-07-15 00:00:00,-77.42,0.0,77.42,400.0,19.4,19.4,False
C16,2020-07-15 01:00:00,-70.24,0.0,70.24,400.0,17.6,17.6,False
C16,2020-07-15 02:00:00,-69.73,0.0,69.73,400.0,17.4,17.4,False
C16,2020-07-15 03:00:00,-70.67,0.0,70.67,400.0,17.7,17.7,False
C16,2020-07-15 04:00:00,-77.41,0.0,77.41,400.0,19.4,19.4,False
C16,2020-07-15 05:00:00,-83.8,0.0,83.8,400.0,20.9,20.9,False
C16,2020-07-15 06:00:00,-99.28,0.0,99.28,400.0,24.8,24.8,False
C16,2020-07-15 07:00:00,-116.28,0.0,116.28,400.0,29.1,29.1,False
C16,2020-07-15 08:00:00,-125.48,0.0,125.48,400.0,31.4,31.4,False
C16,2020-07-15 09:00:00,-145.84,0.0,145.84,400.0,36.5,36.5,False
C16,2020-07-15 10:00:00,-163.8,0.0,163.8,400.0,40.9,40.9,False
C16,2020-07-15 11:00:00,-175.99,0.0,175.99,400.0,44.0,44.0,False
C16,2020-07-15 12:00:00,-184.32,0.0,184.32,400.0,46.1,46.1,False
C16,2020-07-15 13:00:00,-190.24,0.0,190.24,400.0,47.6,47.6,False
C16,2020-07-15 14:00:00,-192.96,0.0,192.96,400.0,48.2,48.2,False
C16,2020-07-15 15:00:00,-190.22,0.0,190.22,400.0,47.6,47.6,False
C16,2020-07-15 16:00:00,-184.98,0.0,184.98,400.0,46.2,46.2,False
C16,2020-07-15 17:00:00,-172.81,0.0,172.81,400.0,43.2,43.2,False
C16,2020-07-15 18:00:00,-158.01,0.0,158.01,400.0,39.5,39.5,False
C16,2020-07-15 19:00:00,-154.16,0.0,154.16,400.0,38.5,38.5,False
C16,2020-07-15 20:00:00,-141.94,0.0,141.94,400.0,35.5,35.5,False
C16,2020-07-15 21:00:00,-115.4,0.0,115.4,400.0,28.9,28.9,False
C16,2020-07-15 22:00:00,-107.9,0.0,107.9,400.0,27.0,27.0,False
C16,2020-07-15 23:00:00,-90.66,0.0,90.66,400.0,22.7,22.7,False
C16,2020-07-16 00:00:00,-71.55,0.0,71.55,400.0,17.9,17.9,False
C16,2020-07-16 02:00:00,-60.51,0.0,60.51,400.0,15.1,15.1,False
C16,2020-07-16 04:00:00,-72.56,0.0,72.56,400.0,18.1,18.1,False
C16,2020-07-16 06:00:00,-99.57,0.0,99.57,400.0,24.9,24.9,False
C16,2020-07-16 08:00:00,-125.37,0.0,125.37,400.0,31.3,31.3,False
C16,2020-07-16 10:00:00,-151.8,0.0,151.8,400.0,38.0,38.0,False
C16,2020-07-16 12:00:00,-163.8,0.0,163.8,400.0,41.0,41.0,False
C16,2020-07-16 14:00:00,-160.49,0.0,160.49,400.0,40.1,40.1,False
C16,2020-07-16 16:00:00,-145.95,0.0,145.95,400.0,36.5,36.5,False
C16,2020-07-16 18:00:00,-148.25,0.0,148.25,400.0,37.1,37.1,False
C16,2020-07-16 20:00:00,-109.34,0.0,109.34,400.0,27.3,27.3,False
C16,2020-07-16 22:00:00,-95.06,0.0,95.06,400.0,23.8,23.8,False
C17,2020-07-15 00:00:00,-76.86,0.0,76.86,400.0,19.2,19.2,False
C17,2020-07-15 01:00:00,-67.83,0.0,67.83,400.0,17.0,17.0,False
C17,2020-07-15 02:00:00,-68.28,0.0,68.28,400.0,17.1,17.1,False
C17,2020-07-15 03:00:00,-67.85,0.0,67.85,400.0,17.0,17.0,False
C17,2020-07-15 04:00:00,-73.83,0.0,73.83,400.0,18.5,18.5,False
C17,2020-07-15 05:00:00,-80.75,0.0,80.75,400.0,20.2,20.2,False
C17,2020-07-15 06:00:00,-98.94,0.0,98.94,400.0,24.7,24.7,False
C17,2020-07-15 07:00:00,-117.97,0.0,117.97,400.0,29.5,29.5,False
C17,2020-07-15 08:00:00,-137.3,0.0,137.3,400.0,34.3,34.3,False
C17,2020-07-15 09:00:00,-169.65,0.0,169.65,400.0,42.4,42.4,False
C17,2020-07-15 10:00:00,-181.94,0.0,181.94,400.0,45.5,45.5,False
C17,2020-07-15 11:00:00,-191.5,0.0,191.5,400.0,47.9,47.9,False
C17,2020-07-15 12:00:00,-194.28,0.0,194.28,400.0,48.6,48.6,False
C17,2020-07-15 13:00:00,-198.71,0.0,198.71,400.0,49.7,49.7,False
C17,2020-07-15 14:00:00,-199.61,0.0,199.61,400.0,49.9,49.9,False
C17,2020-07-15 15:00:00,-203.53,0.0,203.53,400.0,50.9,50.9,False
C17,2020-07-15 16:00:00,-183.9,0.0,183.9,400.0,46.0,46.0,False
C17,2020-07-15 17:00:00,-171.72,0.0,171.72,400.0,42.9,42.9,False
C17,2020-07-15 18:00:00,-155.33,0.0,155.33,400.0,38.8,38.8,False
C17,2020-07-15 19:00:00,-148.16,0.0,148.16,400.0,37.0,37.0,False
C17,2020-07-15 20:00:00,-143.88,0.0,143.88,400.0,36.0,36.0,False
C17,2020-07-15 21:00:00,-133.43,0.0,133.43,400.0,33.4,33.4,False
C17,2020-07-15 22:00:00,-111.6,0.0,111.6,400.0,27.9,27.9,False
C17,2020-07-15 23:00:00,-91.55,0.0,91.55,400.0,22.9,22.9,False
C17,2020-07-16 00:00:00,-76.99,0.0,76.99,400.0,19.2,19.2,False
C17,2020-07-16 02:00:00,-65.62,0.0,65.62,400.0,16.4,16.4,False
C17,2020-07-16 04:00:00,-80.79,0.0,80.79,400.0,20.2,20.2,False
C17,2020-07-16 06:00:00,-114.89,0.0,114.89,400.0,28.7,28.7,False
C17,2020-07-16 08:00:00,-157.66,0.0,157.66,400.0,39.4,39.4,False
C17,2020-07-16 10:00:00,-186.62,0.0,186.62,400.0,46.7,46.7,False
C17,2020-07-16 12:00:00,-183.87,0.0,183.87,400.0,46.0,46.0,False
C17,2020-07-16 14:00:00,-176.05,0.0,176.05,400.0,44.0,44.0,False
C17,2020-07-16 16:00:00,-166.39,0.0,166.39,400.0,41.6,41.6,False
C17,2020-07-16 18:00:00,-162.26,0.0,162.26,400.0,40.6,40.6,False
C17,2020-07-16 20:00:00,-140.49,0.0,140.49,400.0,35.1,35.1,False
C17,2020-07-16 22:00:00,-105.08,0.0,105.08,400.0,26.3,26.3,False
C18,2020-07-15 00:00:00,17.46,0.0,17.46,500.0,3.5,3.5,False
C18,2020-07-15 01:00:00,23.26,0.0,23.26,500.0,4.7,4.7,False
C18,2020-07-15 02:00:00,20.94,0.0,20.94,500.0,4.2,4.2,False
C18,2020-07-15 03:00:00,22.24,0.0,22.24,500.0,4.4,4.4,False
C18,2020-07-15 04:00:00,20.4,0.0,20.4,500.0,4.1,4.1,False
C18,2020-07-15 05:00:00,16.4,0.0,16.4,500.0,3.3,3.3,False
C18,2020-07-15 06:00:00,5.71,0.0,5.71,500.0,1.1,1.1,False
C18,2020-07-15 07:00:00,-4.3,0.0,4.3,500.0,0.9,0.9,False
C18,2020-07-15 08:00:00,-25.77,0.0,25.77,500.0,5.2,5.2,False
C18,2020-07-15 09:00:00,-129.34,0.0,129.34,500.0,25.9,25.9,False
C18,2020-07-15 10:00:00,-155.95,0.0,155.95,500.0,31.2,31.2,False
C18,2020-07-15 11:00:00,-153.75,0.0,153.75,500.0,30.8,30.8,False
C18,2020-07-15 12:00:00,-144.13,0.0,144.13,500.0,28.8,28.8,False
C18,2020-07-15 13:00:00,-141.58,0.0,141.58,500.0,28.3,28.3,False
C18,2020-07-15 14:00:00,-137.16,0.0,137.16,500.0,27.4,27.4,False
C18,2020-07-15 15:00:00,-144.63,0.0,144.63,500.0,28.9,28.9,False
C18,2020-07-15 16:00:00,-116.53,0.0,116.53,500.0,23.3,23.3,False
C18,2020-07-15 17:00:00,-113.14,0.0,113.14,500.0,22.6,22.6,False
C18,2020-07-15 18:00:00,-101.48,0.0,101.48,500.0,20.3,20.3,False
C18,2020-07-15 19:00:00,-98.09,0.0,98.09,500.0,19.6,19.6,False
C18,2020-07-15 20:00:00,-106.73,0.0,106.73,500.0,21.3,21.3,False
C18,2020-07-15 21:00:00,-124.74,0.0,124.74,500.0,24.9,24.9,False
C18,2020-07-15 22:00:00,-76.98,0.0,76.98,500.0,15.4,15.4,False
C18,2020-07-15 23:00:00,-61.91,0.0,61.91,500.0,12.4,12.4,False
C18,2020-07-16 00:00:00,-40.62,0.0,40.62,500.0,8.1,8.1,False
C18,2020-07-16 02:00:00,-31.2,0.0,31.2,500.0,6.2,6.2,False
C18,2020-07-16 04:00:00,-75.32,0.0,75.32,500.0,15.1,15.1,False
C18,2020-07-16 06:00:00,-115.74,0.0,115.74,500.0,23.1,23.1,False
C18,2020-07-16 08:00:00,-156.03,0.0,156.03,500.0,31.2,31.2,False
C18,2020-07-16 10:00:00,-168.96,0.0,168.96,500.0,33.8,33.8,False
C18,2020-07-16 12:00:00,-140.74,0.0,140.74,500.0,28.1,28.1,False
C18,2020-07-16 14:00:00,-126.15,0.0,126.15,500.0,25.2,25.2,False
C18,2020-07-16 16:00:00,-131.25,0.0,131.25,500.0,26.3,26.3,False
C18,2020-07-16 18:00:00,-128.95,0.0,128.95,500.0,25.8,25.8,False
C18,2020-07-16 20:00:00,-141.95,0.0,141.95,500.0,28.4,28.4,False
C18,2020-07-16 22:00:00,-102.98,0.0,102.98,500.0,20.6,20.6,False
C19,2020-07-15 00:00:00,-62.2,0.0,62.2,500.0,12.4,12.4,False
C19,2020-07-15 01:00:00,-54.74,0.0,54.74,500.0,10.9,10.9,False
C19,2020-07-15 02:00:00,-53.09,0.0,53.09,500.0,10.6,10.6,False
C19,2020-07-15 03:00:00,-58.31,0.0,58.31,500.0,11.7,11.7,False
C19,2020-07-15 04:00:00,-71.36,0.0,71.36,500.0,14.3,14.3,False
C19,2020-07-15 05:00:00,-81.78,0.0,81.78,500.0,16.4,16.4,False
C19,2020-07-15 06:00:00,-101.91,0.0,101.91,500.0,20.4,20.4,False
C19,2020-07-15 07:00:00,-125.72,0.0,125.72,500.0,25.1,25.1,False
C19,2020-07-15 08:00:00,-122.87,0.0,122.87,500.0,24.6,24.6,False
C19,2020-07-15 09:00:00,-74.61,0.0,74.61,500.0,14.9,14.9,False
C19,2020-07-15 10:00:00,-85.19,0.0,85.19,500.0,17.0,17.0,False
C19,2020-07-15 11:00:00,-106.6,0.0,106.6,500.0,21.3,21.3,False
C19,2020-07-15 12:00:00,-126.46,0.0,126.46,500.0,25.3,25.3,False
C19,2020-07-15 13:00:00,-135.3,0.0,135.3,500.0,27.1,27.1,False
C19,2020-07-15 14:00:00,-139.85,0.0,139.85,500.0,28.0,28.0,False
C19,2020-07-15 15:00:00,-130.28,0.0,130.28,500.0,26.1,26.1,False
C19,2020-07-15 16:00:00,-138.44,0.0,138.44,500.0,27.7,27.7,False
C19,2020-07-15 17:00:00,-121.75,0.0,121.75,500.0,24.3,24.3,False
C19,2020-07-15 18:00:00,-104.99,0.0,104.99,500.0,21.0,21.0,False
C19,2020-07-15 19:00:00,-99.18,0.0,99.18,500.0,19.8,19.8,False
C19,2020-07-15 20:00:00,-64.25,0.0,64.25,500.0,12.8,12.8,False
C19,2020-07-15 21:00:00,7.26,0.0,7.26,500.0,1.5,1.5,False
C19,2020-07-15 22:00:00,-37.49,0.0,37.49,500.0,7.5,7.5,False
C19,2020-07-15 23:00:00,-9.47,0.0,9.47,500.0,1.9,1.9,False
C19,2020-07-16 00:00:00,10.11,0.0,10.11,500.0,2.0,2.0,False
C19,2020-07-16 02:00:00,21.66,0.0,21.66,500.0,4.3,4.3,False
C19,2020-07-16 04:00:00,39.41,0.0,39.41,500.0,7.9,7.9,False
C19,2020-07-16 06:00:00,26.97,0.0,26.97,500.0,5.4,5.4,False
C19,2020-07-16 08:00:00,14.63,0.0,14.63,500.0,2.9,2.9,False
C19,2020-07-16 10:00:00,-20.84,0.0,20.84,500.0,4.2,4.2,False
C19,2020-07-16 12:00:00,-63.6,0.0,63.6,500.0,12.7,12.7,False
C19,2020-07-16 14:00:00,-65.67,0.0,65.67,500.0,13.1,13.1,False
C19,2020-07-16 16:00:00,-36.86,0.0,36.86,500.0,7.4,7.4,False
C19,2020-07-16 18:00:00,-52.22,0.0,52.22,500.0,10.4,10.4,False
C19,2020-07-16 20:00:00,40.09,0.0,40.09,500.0,8.0,8.0,False
C19,2020-07-16 22:00:00,27.24,0.0,27.24,500.0,5.4,5.4,False
C20,2020-07-15 00:00:00,16.47,0.0,16.47,500.0,3.3,3.3,False
C20,2020-07-15 01:00:00,19.04,0.0,19.04,500.0,3.8,3.8,False
C20,2020-07-15 02:00:00,18.4,0.0,18.4,500.0,3.7,3.7,False
C20,2020-07-15 03:00:00,17.31,0.0,17.31,500.0,3.5,3.5,False
C20,2020-07-15 04:00:00,14.13,0.0,14.13,500.0,2.8,2.8,False
C20,2020-07-15 05:00:00,11.06,0.0,11.06,500.0,2.2,2.2,False
C20,2020-07-15 06:00:00,5.13,0.0,5.13,500.0,1.0,1.0,False
C20,2020-07-15 07:00:00,-1.34,0.0,1.34,500.0,0.3,0.3,False
C20,2020-07-15 08:00:00,-5.08,0.0,5.08,500.0,1.0,1.0,False
C20,2020-07-15 09:00:00,-87.68,0.0,87.68,500.0,17.5,17.5,False
C20,2020-07-15 10:00:00,-124.2,0.0,124.2,500.0,24.8,24.8,False
C20,2020-07-15 11:00:00,-126.62,0.0,126.62,500.0,25.3,25.3,False
C20,2020-07-15 12:00:00,-126.69,0.0,126.69,500.0,25.3,25.3,False
C20,2020-07-15 13:00:00,-126.77,0.0,126.77,500.0,25.4,25.4,False
C20,2020-07-15 14:00:00,-125.52,0.0,125.52,500.0,25.1,25.1,False
C20,2020-07-15 15:00:00,-121.34,0.0,121.34,500.0,24.3,24.3,False
C20,2020-07-15 16:00:00,-118.42,0.0,118.42,500.0,23.7,23.7,False
C20,2020-07-15 17:00:00,-115.05,0.0,115.05,500.0,23.0,23.0,False
C20,2020-07-15 18:00:00,-106.18,0.0,106.18,500.0,21.2,21.2,False
C20,2020-07-15 19:00:00,-108.6,0.0,108.6,500.0,21.7,21.7,False
C20,2020-07-15 20:00:00,-103.35,0.0,103.35,500.0,20.7,20.7,False
C20,2020-07-15 21:00:00,-93.19,0.0,93.19,500.0,18.6,18.6,False
C20,2020-07-15 22:00:00,-70.5,0.0,70.5,500.0,14.1,14.1,False
C20,2020-07-15 23:00:00,-60.36,0.0,60.36,500.0,12.1,12.1,False
C20,2020-07-16 00:00:00,-31.11,0.0,31.11,500.0,6.2,6.2,False
C20,2020-07-16 02:00:00,-22.25,0.0,22.25,500.0,4.4,4.4,False
C20,2020-07-16 04:00:00,-60.91,0.0,60.91,500.0,12.2,12.2,False
C20,2020-07-16 06:00:00,-88.93,0.0,88.93,500.0,17.8,17.8,False
C20,2020-07-16 08:00:00,-99.52,0.0,99.52,500.0,19.9,19.9,False
C20,2020-07-16 10:00:00,-108.02,0.0,108.02,500.0,21.6,21.6,False
C20,2020-07-16 12:00:00,-105.62,0.0,105.62,500.0,21.1,21.1,False
C20,2020-07-16 14:00:00,-98.91,0.0,98.91,500.0,19.8,19.8,False
C20,2020-07-16 16:00:00,-95.48,0.0,95.48,500.0,19.1,19.1,False
C20,2020-07-16 18:00:00,-104.43,0.0,104.43,500.0,20.9,20.9,False
C20,2020-07-16 20:00:00,-87.43,0.0,87.43,500.0,17.5,17.5,False
C20,2020-07-16 22:00:00,-85.44,0.0,85.44,500.0,17.1,17.1,False
C21,2020-07-15 00:00:00,-60.09,0.0,60.09,500.0,12.0,12.0,False
C21,2020-07-15 01:00:00,-45.7,0.0,45.7,500.0,9.1,9.1,False
C21,2020-07-15 02:00:00,-47.65,0.0,47.65,500.0,9.5,9.5,False
C21,2020-07-15 03:00:00,-47.74,0.0,47.74,500.0,9.5,9.5,False
C21,2020-07-15 04:00:00,-57.92,0.0,57.92,500.0,11.6,11.6,False
C21,2020-07-15 05:00:00,-70.34,0.0,70.34,500.0,14.1,14.1,False
C21,2020-07-15 06:00:00,-100.66,0.0,100.66,500.0,20.1,20.1,False
C21,2020-07-15 07:00:00,-132.06,0.0,132.06,500.0,26.4,26.4,False
C21,2020-07-15 08:00:00,-167.19,0.0,167.19,500.0,33.4,33.4,False
C21,2020-07-15 09:00:00,-163.88,0.0,163.88,500.0,32.8,32.8,False
C21,2020-07-15 10:00:00,-153.24,0.0,153.24,500.0,30.6,30.6,False
C21,2020-07-15 11:00:00,-164.74,0.0,164.74,500.0,32.9,32.9,False
C21,2020-07-15 12:00:00,-163.83,0.0,163.83,500.0,32.8,32.8,False
C21,2020-07-15 13:00:00,-167.03,0.0,167.03,500.0,33.4,33.4,False
C21,2020-07-15 14:00:00,-164.8,0.0,164.8,500.0,33.0,33.0,False
C21,2020-07-15 15:00:00,-180.2,0.0,180.2,500.0,36.0,36.0,False
C21,2020-07-15 16:00:00,-134.38,0.0,134.38,500.0,26.9,26.9,False
C21,2020-07-15 17:00:00,-117.65,0.0,117.65,500.0,23.5,23.5,False
C21,2020-07-15 18:00:00,-94.93,0.0,94.93,500.0,19.0,19.0,False
C21,2020-07-15 19:00:00,-76.65,0.0,76.65,500.0,15.3,15.3,False
C21,2020-07-15 20:00:00,-71.49,0.0,71.49,500.0,14.3,14.3,False
C21,2020-07-15 21:00:00,-60.33,0.0,60.33,500.0,12.1,12.1,False
C21,2020-07-15 22:00:00,-51.38,0.0,51.38,500.0,10.3,10.3,False
C21,2020-07-15 23:00:00,-12.79,0.0,12.79,500.0,2.6,2.6,False
C21,2020-07-16 00:00:00,-10.27,0.0,10.27,500.0,2.1,2.1,False
C21,2020-07-16 02:00:00,2.49,0.0,2.49,500.0,0.5,0.5,False
C21,2020-07-16 04:00:00,8.54,0.0,8.54,500.0,1.7,1.7,False
C21,2020-07-16 06:00:00,-30.48,0.0,30.48,500.0,6.1,6.1,False
C21,2020-07-16 08:00:00,-106.47,0.0,106.47,500.0,21.3,21.3,False
C21,2020-07-16 10:00:00,-151.42,0.0,151.42,500.0,30.3,30.3,False
C21,2020-07-16 12:00:00,-138.86,0.0,138.86,500.0,27.8,27.8,False
C21,2020-07-16 14:00:00,-124.03,0.0,124.03,500.0,24.8,24.8,False
C21,2020-07-16 16:00:00,-113.51,0.0,113.51,500.0,22.7,22.7,False
C21,2020-07-16 18:00:00,-104.77,0.0,104.77,500.0,21.0,21.0,False
C21,2020-07-16 20:00:00,-76.73,0.0,76.73,500.0,15.3,15.3,False
C21,2020-07-16 22:00:00,-10.35,0.0,10.35,500.0,2.1,2.1,False
C22,2020-07-15 00:00:00,-76.09,0.0,76.09,500.0,15.2,15.2,False
C22,2020-07-15 01:00:00,-61.46,0.0,61.46,500.0,12.3,12.3,False
C22,2020-07-15 02:00:00,-63.28,0.0,63.28,500.0,12.7,12.7,False
C22,2020-07-15 03:00:00,-62.77,0.0,62.77,500.0,12.6,12.6,False
C22,2020-07-15 04:00:00,-72.38,0.0,72.38,500.0,14.5,14.5,False
C22,2020-07-15 05:00:00,-84.53,0.0,84.53,500.0,16.9,16.9,False
C22,2020-07-15 06:00:00,-115.07,0.0,115.07,500.0,23.0,23.0,False
C22,2020-07-15 07:00:00,-146.5,0.0,146.5,500.0,29.3,29.3,False
C22,2020-07-15 08:00:00,-183.6,0.0,183.6,500.0,36.7,36.7,False
C22,2020-07-15 09:00:00,-134.34,0.0,134.34,500.0,26.9,26.9,False
C22,2020-07-15 10:00:00,-102.33,0.0,102.33,500.0,20.5,20.5,False
C22,2020-07-15 11:00:00,-113.82,0.0,113.82,500.0,22.8,22.8,False
C22,2020-07-15 12:00:00,-112.76,0.0,112.76,500.0,22.6,22.6,False
C22,2020-07-15 13:00:00,-116.29,0.0,116.29,500.0,23.3,23.3,False
C22,2020-07-15 14:00:00,-114.49,0.0,114.49,500.0,22.9,22.9,False
C22,2020-07-15 15:00:00,-133.97,0.0,133.97,500.0,26.8,26.8,False
C22,2020-07-15 16:00:00,-84.49,0.0,84.49,500.0,16.9,16.9,False
C22,2020-07-15 17:00:00,-67.7,0.0,67.7,500.0,13.5,13.5,False
C22,2020-07-15 18:00:00,-47.26,0.0,47.26,500.0,9.5,9.5,False
C22,2020-07-15 19:00:00,-25.54,0.0,25.54,500.0,5.1,5.1,False
C22,2020-07-15 20:00:00,-22.69,0.0,22.69,500.0,4.5,4.5,False
C22,2020-07-15 21:00:00,-15.85,0.0,15.85,500.0,3.2,3.2,False
C22,2020-07-15 22:00:00,-18.39,0.0,18.39,500.0,3.7,3.7,False
C22,2020-07-15 23:00:00,19.04,0.0,19.04,500.0,3.8,3.8,False
C22,2020-07-16 00:00:00,5.71,0.0,5.71,500.0,1.1,1.1,False
C22,2020-07-16 02:00:00,15.05,0.0,15.05,500.0,3.0,3.0,False
C22,2020-07-16 04:00:00,43.13,0.0,43.13,500.0,8.6,8.6,False
C22,2020-07-16 06:00:00,15.08,0.0,15.08,500.0,3.0,3.0,False
C22,2020-07-16 08:00:00,-63.8,0.0,63.8,500.0,12.8,12.8,False
C22,2020-07-16 10:00:00,-109.22,0.0,109.22,500.0,21.8,21.8,False
C22,2020-07-16 12:00:00,-96.55,0.0,96.55,500.0,19.3,19.3,False
C22,2020-07-16 14:00:00,-83.72,0.0,83.72,500.0,16.7,16.7,False
C22,2020-07-16 16:00:00,-73.87,0.0,73.87,500.0,14.8,14.8,False
C22,2020-07-16 18:00:00,-59.19,0.0,59.19,500.0,11.8,11.8,False
C22,2020-07-16 20:00:00,-37.31,0.0,37.31,500.0,7.5,7.5,False
C22,2020-07-16 22:00:00,35.6,0.0,35.6,500.0,7.1,7.1,False
C23,2020-07-15 00:00:00,-144.39,0.0,144.39,500.0,28.9,28.9,False
C23,2020-07-15 01:00:00,-132.08,0.0,132.08,500.0,26.4,26.4,False
C23,2020-07-15 02:00:00,-129.82,0.0,129.82,500.0,26.0,26.0,False
C23,2020-07-15 03:00:00,-134.81,0.0,134.81,500.0,27.0,27.0,False
C23,2020-07-15 04:00:00,-151.33,0.0,151.33,500.0,30.3,30.3,False
C23,2020-07-15 05:00:00,-165.46,0.0,165.46,500.0,33.1,33.1,False
C23,2020-07-15 06:00:00,-195.8,0.0,195.8,500.0,39.2,39.2,False
C23,2020-07-15 07:00:00,-230.57,0.0,230.57,500.0,46.1,46.1,False
C23,2020-07-15 08:00:00,-236.37,0.0,236.37,500.0,47.3,47.3,False
C23,2020-07-15 09:00:00,-197.62,0.0,197.62,500.0,39.5,39.5,False
C23,2020-07-15 10:00:00,-216.06,0.0,216.06,500.0,43.2,43.2,False
C23,2020-07-15 11:00:00,-245.67,0.0,245.67,500.0,49.1,49.1,False
C23,2020-07-15 12:00:00,-271.22,0.0,271.22,500.0,54.2,54.2,False
C23,2020-07-15 13:00:00,-284.82,0.0,284.82,500.0,57.0,57.0,False
C23,2020-07-15 14:00:00,-292.25,0.0,292.25,500.0,58.4,58.4,False
C23,2020-07-15 15:00:00,-282.49,0.0,282.49,500.0,56.5,56.5,False
C23,2020-07-15 16:00:00,-286.53,0.0,286.53,500.0,57.3,57.3,False
C23,2020-07-15 17:00:00,-261.33,0.0,261.33,500.0,52.3,52.3,False
C23,2020-07-15 18:00:00,-235.22,0.0,235.22,500.0,47.0,47.0,False
C23,2020-07-15 19:00:00,-226.38,0.0,226.38,500.0,45.3,45.3,False
C23,2020-07-15 20:00:00,-186.8,0.0,186.8,500.0,37.4,37.4,False
C23,2020-07-15 21:00:00,-104.17,0.0,104.17,500.0,20.8,20.8,False
C23,2020-07-15 22:00:00,-137.61,0.0,137.61,500.0,27.5,27.5,False
C23,2020-07-15 23:00:00,-100.0,0.0,100.0,500.0,20.0,20.0,False
C23,2020-07-16 00:00:00,-71.16,0.0,71.16,500.0,14.2,14.2,False
C23,2020-07-16 02:00:00,-53.32,0.0,53.32,500.0,10.7,10.7,False
C23,2020-07-16 04:00:00,-42.64,0.0,42.64,500.0,8.5,8.5,False
C23,2020-07-16 06:00:00,-73.6,0.0,73.6,500.0,14.7,14.7,False
C23,2020-07-16 08:00:00,-106.48,0.0,106.48,500.0,21.3,21.3,False
C23,2020-07-16 10:00:00,-159.57,0.0,159.57,500.0,31.9,31.9,False
C23,2020-07-16 12:00:00,-215.39,0.0,215.39,500.0,43.1,43.1,False
C23,2020-07-16 14:00:00,-223.63,0.0,223.63,500.0,44.7,44.7,False
C23,2020-07-16 16:00:00,-186.4,0.0,186.4,500.0,37.3,37.3,False
C23,2020-07-16 18:00:00,-186.18,0.0,186.18,500.0,37.2,37.2,False
C23,2020-07-16 20:00:00,-80.77,0.0,80.77,500.0,16.2,16.2,False
C23,2020-07-16 22:00:00,-70.0,0.0,70.0,500.0,14.0,14.0,False
C24,2020-07-15 00:00:00,39.25,0.0,39.25,500.0,7.9,7.9,False
C24,2020-07-15 01:00:00,42.78,0.0,42.78,500.0,8.6,8.6,False
C24,2020-07-15 02:00:00,40.01,0.0,40.01,500.0,8.0,8.0,False
C24,2020-07-15 03:00:00,47.29,0.0,47.29,500.0,9.5,9.5,False
C24,2020-07-15 04:00:00,54.94,0.0,54.94,500.0,11.0,11.0,False
C24,2020-07-15 05:00:00,59.18,0.0,59.18,500.0,11.8,11.8,False
C24,2020-07-15 06:00:00,43.23,0.0,43.23,500.0,8.6,8.6,False
C24,2020-07-15 07:00:00,44.71,0.0,44.71,500.0,8.9,8.9,False
C24,2020-07-15 08:00:00,43.75,0.0,43.75,500.0,8.7,8.7,False
C24,2020-07-15 09:00:00,-2.56,0.0,2.56,500.0,0.5,0.5,False
C24,2020-07-15 10:00:00,15.73,0.0,15.73,500.0,3.1,3.1,False
C24,2020-07-15 11:00:00,31.31,0.0,31.31,500.0,6.3,6.3,False
C24,2020-07-15 12:00:00,96.82,0.0,96.82,500.0,19.4,19.4,False
C24,2020-07-15 13:00:00,103.88,0.0,103.88,500.0,20.8,20.8,False
C24,2020-07-15 14:00:00,108.8,0.0,108.8,500.0,21.8,21.8,False
C24,2020-07-15 15:00:00,72.7,0.0,72.7,500.0,14.5,14.5,False
C24,2020-07-15 16:00:00,133.1,0.0,133.1,500.0,26.6,26.6,False
C24,2020-07-15 17:00:00,124.0,0.0,124.0,500.0,24.8,24.8,False
C24,2020-07-15 18:00:00,63.88,0.0,63.88,500.0,12.8,12.8,False
C24,2020-07-15 19:00:00,71.06,0.0,71.06,500.0,14.2,14.2,False
C24,2020-07-15 20:00:00,20.2,0.0,20.2,500.0,4.0,4.0,False
C24,2020-07-15 21:00:00,-81.24,0.0,81.24,500.0,16.2,16.2,False
C24,2020-07-15 22:00:00,-39.25,0.0,39.25,500.0,7.9,7.9,False
C24,2020-07-15 23:00:00,-4.09,0.0,4.09,500.0,0.8,0.8,False
C24,2020-07-16 00:00:00,-22.56,0.0,22.56,500.0,4.5,4.5,False
C24,2020-07-16 02:00:00,-20.47,0.0,20.47,500.0,4.1,4.1,False
C24,2020-07-16 04:00:00,-31.07,0.0,31.07,500.0,6.2,6.2,False
C24,2020-07-16 06:00:00,-41.33,0.0,41.33,500.0,8.3,8.3,False
C24,2020-07-16 08:00:00,-113.3,0.0,113.3,500.0,22.7,22.7,False
C24,2020-07-16 10:00:00,-110.52,0.0,110.52,500.0,22.1,22.1,False
C24,2020-07-16 12:00:00,-16.14,0.0,16.14,500.0,3.2,3.2,False
C24,2020-07-16 14:00:00,2.04,0.0,2.04,500.0,0.4,0.4,False
C24,2020-07-16 16:00:00,-23.84,0.0,23.84,500.0,4.8,4.8,False
C24,2020-07-16 18:00:00,1.45,0.0,1.45,500.0,0.3,0.3,False
C24,2020-07-16 20:00:00,-117.22,0.0,117.22,500.0,23.4,23.4,False
C24,2020-07-16 22:00:00,-62.38,0.0,62.38,500.0,12.5,12.5,False
C25-1,2020-07-15 00:00:00,-30.36,0.0,30.36,500.0,6.1,6.1,False
C25-1,2020-07-15 01:00:00,-22.99,0.0,22.99,500.0,4.6,4.6,False
C25-1,2020-07-15 02:00:00,-20.49,0.0,20.49,500.0,4.1,4.1,False
C25-1,2020-07-15 03:00:00,-26.97,0.0,26.97,500.0,5.4,5.4,False
C25-1,2020-07-15 04:00:00,-42.16,0.0,42.16,500.0,8.4,8.4,False
C25-1,2020-07-15 05:00:00,-54.61,0.0,54.61,500.0,10.9,10.9,False
C25-1,2020-07-15 06:00:00,-68.39,0.0,68.39,500.0,13.7,13.7,False
C25-1,2020-07-15 07:00:00,-93.96,0.0,93.96,500.0,18.8,18.8,False
C25-1,2020-07-15 08:00:00,-88.95,0.0,88.95,500.0,17.8,17.8,False
C25-1,2020-07-15 09:00:00,-83.33,0.0,83.33,500.0,16.7,16.7,False
C25-1,2020-07-15 10:00:00,-116.65,0.0,116.65,500.0,23.3,23.3,False
C25-1,2020-07-15 11:00:00,-141.25,0.0,141.25,500.0,28.3,28.3,False
C25-1,2020-07-15 12:00:00,-133.15,0.0,133.15,500.0,26.6,26.6,False
C25-1,2020-07-15 13:00:00,-142.32,0.0,142.32,500.0,28.5,28.5,False
C25-1,2020-07-15 14:00:00,-145.47,0.0,145.47,500.0,29.1,29.1,False
C25-1,2020-07-15 15:00:00,-139.33,0.0,139.33,500.0,27.9,27.9,False
C25-1,2020-07-15 16:00:00,-143.46,0.0,143.46,500.0,28.7,28.7,False
C25-1,2020-07-15 17:00:00,-122.38,0.0,122.38,500.0,24.5,24.5,False
C25-1,2020-07-15 18:00:00,-146.17,0.0,146.17,500.0,29.2,29.2,False
C25-1,2020-07-15 19:00:00,-143.14,0.0,143.14,500.0,28.6,28.6,False
C25-1,2020-07-15 20:00:00,-92.37,0.0,92.37,500.0,18.5,18.5,False
C25-1,2020-07-15 21:00:00,11.07,0.0,11.07,500.0,2.2,2.2,False
C25-1,2020-07-15 22:00:00,-18.92,0.0,18.92,500.0,3.8,3.8,False
C25-1,2020-07-15 23:00:00,-10.36,0.0,10.36,500.0,2.1,2.1,False
C25-1,2020-07-16 00:00:00,23.23,0.0,23.23,500.0,4.6,4.6,False
C25-1,2020-07-16 02:00:00,35.1,0.0,35.1,500.0,7.0,7.0,False
C25-1,2020-07-16 04:00:00,36.74,0.0,36.74,500.0,7.3,7.3,False
C25-1,2020-07-16 06:00:00,11.02,0.0,11.02,500.0,2.2,2.2,False
C25-1,2020-07-16 08:00:00,17.45,0.0,17.45,500.0,3.5,3.5,False
C25-1,2020-07-16 10:00:00,-22.23,0.0,22.23,500.0,4.4,4.4,False
C25-1,2020-07-16 12:00:00,-105.56,0.0,105.56,500.0,21.1,21.1,False
C25-1,2020-07-16 14:00:00,-120.13,0.0,120.13,500.0,24.0,24.0,False
C25-1,2020-07-16 16:00:00,-83.33,0.0,83.33,500.0,16.7,16.7,False
C25-1,2020-07-16 18:00:00,-90.43,0.0,90.43,500.0,18.1,18.1,False
C25-1,2020-07-16 20:00:00,36.62,0.0,36.62,500.0,7.3,7.3,False
C25-1,2020-07-16 22:00:00,28.8,0.0,28.8,500.0,5.8,5.8,False
C25-2,2020-07-15 00:00:00,-30.36,0.0,30.36,500.0,6.1,6.1,False
C25-2,2020-07-15 01:00:00,-22.99,0.0,22.99,500.0,4.6,4.6,False
C25-2,2020-07-15 02:00:00,-20.49,0.0,20.49,500.0,4.1,4.1,False
C25-2,2020-07-15 03:00:00,-26.97,0.0,26.97,500.0,5.4,5.4,False
C25-2,2020-07-15 04:00:00,-42.16,0.0,42.16,500.0,8.4,8.4,False
C25-2,2020-07-15 05:00:00,-54.61,0.0,54.61,500.0,10.9,10.9,False
C25-2,2020-07-15 06:00:00,-68.39,0.0,68.39,500.0,13.7,13.7,False
C25-2,2020-07-15 07:00:00,-93.96,0.0,93.96,500.0,18.8,18.8,False
C25-2,2020-07-15 08:00:00,-88.95,0.0,88.95,500.0,17.8,17.8,False
C25-2,2020-07-15 09:00:00,-83.33,0.0,83.33,500.0,16.7,16.7,False
C25-2,2020-07-15 10:00:00,-116.65,0.0,116.65,500.0,23.3,23.3,False
C25-2,2020-07-15 11:00:00,-141.25,0.0,141.25,500.0,28.3,28.3,False
C25-2,2020-07-15 12:00:00,-133.15,0.0,133.15,500.0,26.6,26.6,False
C25-2,2020-07-15 13:00:00,-142.32,0.0,142.32,500.0,28.5,28.5,False
C25-2,2020-07-15 14:00:00,-145.47,0.0,145.47,500.0,29.1,29.1,False
C25-2,2020-07-15 15:00:00,-139.33,0.0,139.33,500.0,27.9,27.9,False
C25-2,2020-07-15 16:00:00,-143.46,0.0,143.46,500.0,28.7,28.7,False
C25-2,2020-07-15 17:00:00,-122.38,0.0,122.38,500.0,24.5,24.5,False
C25-2,2020-07-15 18:00:00,-146.17,0.0,146.17,500.0,29.2,29.2,False
C25-2,2020-07-15 19:00:00,-143.14,0.0,143.14,500.0,28.6,28.6,False
C25-2,2020-07-15 20:00:00,-92.37,0.0,92.37,500.0,18.5,18.5,False
C25-2,2020-07-15 21:00:00,11.07,0.0,11.07,500.0,2.2,2.2,False
C25-2,2020-07-15 22:00:00,-18.92,0.0,18.92,500.0,3.8,3.8,False
C25-2,2020-07-15 23:00:00,-10.36,0.0,10.36,500.0,2.1,2.1,False
C25-2,2020-07-16 00:00:00,23.23,0.0,23.23,500.0,4.6,4.6,False
C25-2,2020-07-16 02:00:00,35.1,0.0,35.1,500.0,7.0,7.0,False
C25-2,2020-07-16 04:00:00,36.74,0.0,36.74,500.0,7.3,7.3,False
C25-2,2020-07-16 06:00:00,11.02,0.0,11.02,500.0,2.2,2.2,False
C25-2,2020-07-16 08:00:00,17.45,0.0,17.45,500.0,3.5,3.5,False
C25-2,2020-07-16 10:00:00,-22.23,0.0,22.23,500.0,4.4,4.4,False
C25-2,2020-07-16 12:00:00,-105.56,0.0,105.56,500.0,21.1,21.1,False
C25-2,2020-07-16 14:00:00,-120.13,0.0,120.13,500.0,24.0,24.0,False
C25-2,2020-07-16 16:00:00,-83.33,0.0,83.33,500.0,16.7,16.7,False
C25-2,2020-07-16 18:00:00,-90.43,0.0,90.43,500.0,18.1,18.1,False
C25-2,2020-07-16 20:00:00,36.62,0.0,36.62,500.0,7.3,7.3,False
C25-2,2020-07-16 22:00:00,28.8,0.0,28.8,500.0,5.8,5.8,False
C26,2020-07-15 00:00:00,-86.52,0.0,86.52,500.0,17.3,17.3,False
C26,2020-07-15 01:00:00,-97.47,0.0,97.47,500.0,19.5,19.5,False
C26,2020-07-15 02:00:00,-98.59,0.0,98.59,500.0,19.7,19.7,False
C26,2020-07-15 03:00:00,-92.06,0.0,92.06,500.0,18.4,18.4,False
C26,2020-07-15 04:00:00,-74.88,0.0,74.88,500.0,15.0,15.0,False
C26,2020-07-15 05:00:00,-60.03,0.0,60.03,500.0,12.0,12.0,False
C26,2020-07-15 06:00:00,-33.18,0.0,33.18,500.0,6.6,6.6,False
C26,2020-07-15 07:00:00,-0.17,0.0,0.17,500.0,0.0,0.0,False
C26,2020-07-15 08:00:00,7.15,0.0,7.15,500.0,1.4,1.4,False
C26,2020-07-15 09:00:00,26.56,0.0,26.56,500.0,5.3,5.3,False
C26,2020-07-15 10:00:00,62.4,0.0,62.4,500.0,12.5,12.5,False
C26,2020-07-15 11:00:00,82.46,0.0,82.46,500.0,16.5,16.5,False
C26,2020-07-15 12:00:00,98.82,0.0,98.82,500.0,19.8,19.8,False
C26,2020-07-15 13:00:00,103.56,0.0,103.56,500.0,20.7,20.7,False
C26,2020-07-15 14:00:00,100.08,0.0,100.08,500.0,20.0,20.0,False
C26,2020-07-15 15:00:00,88.69,0.0,88.69,500.0,17.7,17.7,False
C26,2020-07-15 16:00:00,74.94,0.0,74.94,500.0,15.0,15.0,False
C26,2020-07-15 17:00:00,55.75,0.0,55.75,500.0,11.1,11.1,False
C26,2020-07-15 18:00:00,19.61,0.0,19.61,500.0,3.9,3.9,False
C26,2020-07-15 19:00:00,11.32,0.0,11.32,500.0,2.3,2.3,False
C26,2020-07-15 20:00:00,-31.72,0.0,31.72,500.0,6.3,6.3,False
C26,2020-07-15 21:00:00,-118.99,0.0,118.99,500.0,23.8,23.8,False
C26,2020-07-15 22:00:00,-82.45,0.0,82.45,500.0,16.5,16.5,False
C26,2020-07-15 23:00:00,-119.1,0.0,119.1,500.0,23.8,23.8,False
C26,2020-07-16 00:00:00,-153.55,0.0,153.55,500.0,30.7,30.7,False
C26,2020-07-16 02:00:00,-170.68,0.0,170.68,500.0,34.1,34.1,False
C26,2020-07-16 04:00:00,-173.31,0.0,173.31,500.0,34.7,34.7,False
C26,2020-07-16 06:00:00,-141.36,0.0,141.36,500.0,28.3,28.3,False
C26,2020-07-16 08:00:00,-115.71,0.0,115.71,500.0,23.1,23.1,False
C26,2020-07-16 10:00:00,-67.81,0.0,67.81,500.0,13.6,13.6,False
C26,2020-07-16 12:00:00,-17.03,0.0,17.03,500.0,3.4,3.4,False
C26,2020-07-16 14:00:00,-16.22,0.0,16.22,500.0,3.2,3.2,False
C26,2020-07-16 16:00:00,-50.16,0.0,50.16,500.0,10.0,10.0,False
C26,2020-07-16 18:00:00,-35.72,0.0,35.72,500.0,7.1,7.1,False
C26,2020-07-16 20:00:00,-149.74,0.0,149.74,500.0,29.9,29.9,False
C26,2020-07-16 22:00:00,-150.89,0.0,150.89,500.0,30.2,30.2,False
C27,2020-07-15 00:00:00,-242.63,0.0,242.63,500.0,48.5,48.5,False
C27,2020-07-15 01:00:00,-230.13,0.0,230.13,500.0,46.0,46.0,False
C27,2020-07-15 02:00:00,-222.11,0.0,222.11,500.0,44.4,44.4,False
C27,2020-07-15 03:00:00,-230.67,0.0,230.67,500.0,46.1,46.1,False
C27,2020-07-15 04:00:00,-254.76,0.0,254.76,500.0,51.0,51.0,False
C27,2020-07-15 05:00:00,-269.19,0.0,269.19,500.0,53.8,53.8,False
C27,2020-07-15 06:00:00,-271.96,0.0,271.96,500.0,54.4,54.4,False
C27,2020-07-15 07:00:00,-273.04,0.0,273.04,500.0,54.6,54.6,False
C27,2020-07-15 08:00:00,-211.48,0.0,211.48,500.0,42.3,42.3,False
C27,2020-07-15 09:00:00,-138.08,0.0,138.08,500.0,27.6,27.6,False
C27,2020-07-15 10:00:00,-203.51,0.0,203.51,500.0,40.7,40.7,False
C27,2020-07-15 11:00:00,-259.74,0.0,259.74,500.0,51.9,51.9,False
C27,2020-07-15 12:00:00,-280.88,0.0,280.88,500.0,56.2,56.2,False
C27,2020-07-15 13:00:00,-310.68,0.0,310.68,500.0,62.1,62.1,False
C27,2020-07-15 14:00:00,-335.07,0.0,335.07,500.0,67.0,67.0,False
C27,2020-07-15 15:00:00,-319.91,0.0,319.91,500.0,64.0,64.0,False
C27,2020-07-15 16:00:00,-360.57,0.0,360.57,500.0,72.1,72.1,False
C27,2020-07-15 17:00:00,-324.23,0.0,324.23,500.0,64.8,64.8,False
C27,2020-07-15 18:00:00,-349.96,0.0,349.96,500.0,70.0,70.0,False
C27,2020-07-15 19:00:00,-352.32,0.0,352.32,500.0,70.5,70.5,False
C27,2020-07-15 20:00:00,-284.88,0.0,284.88,500.0,57.0,57.0,False
C27,2020-07-15 21:00:00,-139.69,0.0,139.69,500.0,27.9,27.9,False
C27,2020-07-15 22:00:00,-230.55,0.0,230.55,500.0,46.1,46.1,False
C27,2020-07-15 23:00:00,-243.86,0.0,243.86,500.0,48.8,48.8,False
C27,2020-07-16 00:00:00,-173.98,0.0,173.98,500.0,34.8,34.8,False
C27,2020-07-16 02:00:00,-140.05,0.0,140.05,500.0,28.0,28.0,False
C27,2020-07-16 04:00:00,-130.42,0.0,130.42,500.0,26.1,26.1,False
C27,2020-07-16 06:00:00,-156.45,0.0,156.45,500.0,31.3,31.3,False
C27,2020-07-16 08:00:00,-75.37,0.0,75.37,500.0,15.1,15.1,False
C27,2020-07-16 10:00:00,-147.58,0.0,147.58,500.0,29.5,29.5,False
C27,2020-07-16 12:00:00,-264.12,0.0,264.12,500.0,52.8,52.8,False
C27,2020-07-16 14:00:00,-305.66,0.0,305.66,500.0,61.1,61.1,False
C27,2020-07-16 16:00:00,-232.62,0.0,232.62,500.0,46.5,46.5,False
C27,2020-07-16 18:00:00,-226.09,0.0,226.09,500.0,45.2,45.2,False
C27,2020-07-16 20:00:00,-60.57,0.0,60.57,500.0,12.1,12.1,False
C27,2020-07-16 22:00:00,-116.76,0.0,116.76,500.0,23.4,23.4,False
C28,2020-07-15 00:00:00,154.79,0.0,154.79,500.0,31.0,31.0,False
C28,2020-07-15 01:00:00,160.93,0.0,160.93,500.0,32.2,32.2,False
C28,2020-07-15 02:00:00,151.85,0.0,151.85,500.0,30.4,30.4,False
C28,2020-07-15 03:00:00,163.18,0.0,163.18,500.0,32.6,32.6,False
C28,2020-07-15 04:00:00,176.63,0.0,176.63,500.0,35.3,35.3,False
C28,2020-07-15 05:00:00,179.52,0.0,179.52,500.0,35.9,35.9,False
C28,2020-07-15 06:00:00,176.49,0.0,176.49,500.0,35.3,35.3,False
C28,2020-07-15 07:00:00,180.79,0.0,180.79,500.0,36.2,36.2,False
C28,2020-07-15 08:00:00,111.83,0.0,111.83,500.0,22.4,22.4,False
C28,2020-07-15 09:00:00,25.63,0.0,25.63,500.0,5.1,5.1,False
C28,2020-07-15 10:00:00,87.19,0.0,87.19,500.0,17.4,17.4,False
C28,2020-07-15 11:00:00,125.14,0.0,125.14,500.0,25.0,25.0,False
C28,2020-07-15 12:00:00,182.56,0.0,182.56,500.0,36.5,36.5,False
C28,2020-07-15 13:00:00,204.06,0.0,204.06,500.0,40.8,40.8,False
C28,2020-07-15 14:00:00,224.47,0.0,224.47,500.0,44.9,44.9,False
C28,2020-07-15 15:00:00,168.17,0.0,168.17,500.0,33.6,33.6,False
C28,2020-07-15 16:00:00,280.9,0.0,280.9,500.0,56.2,56.2,False
C28,2020-07-15 17:00:00,264.75,0.0,264.75,500.0,52.9,52.9,False
C28,2020-07-15 18:00:00,260.23,0.0,260.23,500.0,52.0,52.0,False
C28,2020-07-15 19:00:00,282.05,0.0,282.05,500.0,56.4,56.4,False
C28,2020-07-15 20:00:00,205.43,0.0,205.43,500.0,41.1,41.1,False
C28,2020-07-15 21:00:00,47.09,0.0,47.09,500.0,9.4,9.4,False
C28,2020-07-15 22:00:00,149.22,0.0,149.22,500.0,29.8,29.8,False
C28,2020-07-15 23:00:00,153.62,0.0,153.62,500.0,30.7,30.7,False
C28,2020-07-16 00:00:00,97.96,0.0,97.96,500.0,19.6,19.6,False
C28,2020-07-16 02:00:00,88.42,0.0,88.42,500.0,17.7,17.7,False
C28,2020-07-16 04:00:00,73.99,0.0,73.99,500.0,14.8,14.8,False
C28,2020-07-16 06:00:00,48.86,0.0,48.86,500.0,9.8,9.8,False
C28,2020-07-16 08:00:00,-54.74,0.0,54.74,500.0,10.9,10.9,False
C28,2020-07-16 10:00:00,-41.99,0.0,41.99,500.0,8.4,8.4,False
C28,2020-07-16 12:00:00,106.48,0.0,106.48,500.0,21.3,21.3,False
C28,2020-07-16 14:00:00,154.86,0.0,154.86,500.0,31.0,31.0,False
C28,2020-07-16 16:00:00,97.47,0.0,97.47,500.0,19.5,19.5,False
C28,2020-07-16 18:00:00,124.43,0.0,124.43,500.0,24.9,24.9,False
C28,2020-07-16 20:00:00,-47.6,0.0,47.6,500.0,9.5,9.5,False
C28,2020-07-16 22:00:00,86.81,0.0,86.81,500.0,17.4,17.4,False
C29,2020-07-15 00:00:00,411.99,0.0,411.99,500.0,82.4,82.4,False
C29,2020-07-15 01:00:00,425.04,0.0,425.04,500.0,85.0,85.0,False
C29,2020-07-15 02:00:00,424.99,0.0,424.99,500.0,85.0,85.0,False
C29,2020-07-15 03:00:00,396.56,0.0,396.56,500.0,79.3,79.3,False
C29,2020-07-15 04:00:00,348.91,0.0,348.91,500.0,69.8,69.8,False
C29,2020-07-15 05:00:00,302.27,0.0,302.27,500.0,60.5,60.5,False
C29,2020-07-15 06:00:00,251.53,0.0,251.53,500.0,50.3,50.3,False
C29,2020-07-15 07:00:00,191.63,0.0,191.63,500.0,38.3,38.3,False
C29,2020-07-15 08:00:00,184.97,0.0,184.97,500.0,37.0,37.0,False
C29,2020-07-15 09:00:00,129.86,0.0,129.86,500.0,26.0,26.0,False
C29,2020-07-15 10:00:00,50.0,0.0,50.0,500.0,10.0,10.0,False
C29,2020-07-15 11:00:00,3.7,0.0,3.7,500.0,0.7,0.7,False
C29,2020-07-15 12:00:00,35.99,0.0,35.99,500.0,7.2,7.2,False
C29,2020-07-15 13:00:00,66.04,0.0,66.04,500.0,13.2,13.2,False
C29,2020-07-15 14:00:00,91.01,0.0,91.01,500.0,18.2,18.2,False
C29,2020-07-15 15:00:00,110.65,0.0,110.65,500.0,22.1,22.1,False
C29,2020-07-15 16:00:00,119.45,0.0,119.45,500.0,23.9,23.9,False
C29,2020-07-15 17:00:00,146.91,0.0,146.91,500.0,29.4,29.4,False
C29,2020-07-15 18:00:00,111.86,0.0,111.86,500.0,22.4,22.4,False
C29,2020-07-15 19:00:00,125.39,0.0,125.39,500.0,25.1,25.1,False
C29,2020-07-15 20:00:00,244.58,0.0,244.58,500.0,48.9,48.9,False
C29,2020-07-15 21:00:00,437.81,0.0,437.81,500.0,87.6,87.6,False
C29,2020-07-15 22:00:00,395.71,0.0,395.71,500.0,79.1,79.1,False
C29,2020-07-15 23:00:00,424.54,0.0,424.54,500.0,84.9,84.9,False
C29,2020-07-16 00:00:00,500.0,0.0,500.0,500.0,100.0,100.0,True
C29,2020-07-16 02:00:00,499.94,0.0,499.94,500.0,100.0,100.0,True
C29,2020-07-16 04:00:00,500.0,0.0,500.0,500.0,100.0,100.0,True
C29,2020-07-16 06:00:00,419.62,0.0,419.62,500.0,83.9,83.9,False
C29,2020-07-16 08:00:00,387.59,0.0,387.59,500.0,77.5,77.5,False
C29,2020-07-16 10:00:00,304.87,0.0,304.87,500.0,61.0,61.0,False
C29,2020-07-16 12:00:00,254.28,0.0,254.28,500.0,50.9,50.9,False
C29,2020-07-16 14:00:00,253.54,0.0,253.54,500.0,50.7,50.7,False
C29,2020-07-16 16:00:00,304.3,0.0,304.3,500.0,60.9,60.9,False
C29,2020-07-16 18:00:00,262.08,0.0,262.08,500.0,52.4,52.4,False
C29,2020-07-16 20:00:00,470.92,0.0,470.92,500.0,94.2,94.2,False
C29,2020-07-16 22:00:00,468.9,0.0,468.9,500.0,93.8,93.8,False
C30,2020-07-15 00:00:00,26.41,0.0,26.41,500.0,5.3,5.3,False
C30,2020-07-15 01:00:00,25.89,0.0,25.89,500.0,5.2,5.2,False
C30,2020-07-15 02:00:00,26.0,0.0,26.0,500.0,5.2,5.2,False
C30,2020-07-15 03:00:00,24.72,0.0,24.72,500.0,4.9,4.9,False
C30,2020-07-15 04:00:00,23.45,0.0,23.45,500.0,4.7,4.7,False
C30,2020-07-15 05:00:00,21.66,0.0,21.66,500.0,4.3,4.3,False
C30,2020-07-15 06:00:00,19.77,0.0,19.77,500.0,4.0,4.0,False
C30,2020-07-15 07:00:00,12.56,0.0,12.56,500.0,2.5,2.5,False
C30,2020-07-15 08:00:00,4.75,0.0,4.75,500.0,0.9,0.9,False
C30,2020-07-15 09:00:00,-0.12,0.0,0.12,500.0,0.0,0.0,False
C30,2020-07-15 10:00:00,-1.52,0.0,1.52,500.0,0.3,0.3,False
C30,2020-07-15 11:00:00,-1.59,0.0,1.59,500.0,0.3,0.3,False
C30,2020-07-15 12:00:00,-23.75,0.0,23.75,500.0,4.8,4.8,False
C30,2020-07-15 13:00:00,-44.15,0.0,44.15,500.0,8.8,8.8,False
C30,2020-07-15 14:00:00,-42.03,0.0,42.03,500.0,8.4,8.4,False
C30,2020-07-15 15:00:00,-30.6,0.0,30.6,500.0,6.1,6.1,False
C30,2020-07-15 16:00:00,-39.26,0.0,39.26,500.0,7.9,7.9,False
C30,2020-07-15 17:00:00,-16.8,0.0,16.8,500.0,3.4,3.4,False
C30,2020-07-15 18:00:00,7.36,0.0,7.36,500.0,1.5,1.5,False
C30,2020-07-15 19:00:00,7.88,0.0,7.88,500.0,1.6,1.6,False
C30,2020-07-15 20:00:00,17.14,0.0,17.14,500.0,3.4,3.4,False
C30,2020-07-15 21:00:00,34.57,0.0,34.57,500.0,6.9,6.9,False
C30,2020-07-15 22:00:00,35.67,0.0,35.67,500.0,7.1,7.1,False
C30,2020-07-15 23:00:00,36.62,0.0,36.62,500.0,7.3,7.3,False
C30,2020-07-16 00:00:00,36.9,0.0,36.9,500.0,7.4,7.4,False
C30,2020-07-16 02:00:00,33.98,0.0,33.98,500.0,6.8,6.8,False
C30,2020-07-16 04:00:00,35.03,0.0,35.03,500.0,7.0,7.0,False
C30,2020-07-16 06:00:00,32.98,0.0,32.98,500.0,6.6,6.6,False
C30,2020-07-16 08:00:00,29.75,0.0,29.75,500.0,6.0,6.0,False
C30,2020-07-16 10:00:00,29.16,0.0,29.16,500.0,5.8,5.8,False
C30,2020-07-16 12:00:00,13.71,0.0,13.71,500.0,2.7,2.7,False
C30,2020-07-16 14:00:00,13.98,0.0,13.98,500.0,2.8,2.8,False
C30,2020-07-16 16:00:00,15.99,0.0,15.99,500.0,3.2,3.2,False
C30,2020-07-16 18:00:00,10.55,0.0,10.55,500.0,2.1,2.1,False
C30,2020-07-16 20:00:00,33.32,0.0,33.32,500.0,6.7,6.7,False
C30,2020-07-16 22:00:00,33.82,0.0,33.82,500.0,6.8,6.8,False
C31-1,2020-07-15 00:00:00,-62.11,0.0,62.11,500.0,12.4,12.4,False
C31-1,2020-07-15 01:00:00,-70.04,0.0,70.04,500.0,14.0,14.0,False
C31-1,2020-07-15 02:00:00,-71.51,0.0,71.51,500.0,14.3,14.3,False
C31-1,2020-07-15 03:00:00,-64.61,0.0,64.61,500.0,12.9,12.9,False
C31-1,2020-07-15 04:00:00,-48.49,0.0,48.49,500.0,9.7,9.7,False
C31-1,2020-07-15 05:00:00,-35.19,0.0,35.19,500.0,7.0,7.0,False
C31-1,2020-07-15 06:00:00,-20.63,0.0,20.63,500.0,4.1,4.1,False
C31-1,2020-07-15 07:00:00,-36.47,0.0,36.47,500.0,7.3,7.3,False
C31-1,2020-07-15 08:00:00,-84.36,0.0,84.36,500.0,16.9,16.9,False
C31-1,2020-07-15 09:00:00,-87.21,0.0,87.21,500.0,17.4,17.4,False
C31-1,2020-07-15 10:00:00,-53.53,0.0,53.53,500.0,10.7,10.7,False
C31-1,2020-07-15 11:00:00,-28.93,0.0,28.93,500.0,5.8,5.8,False
C31-1,2020-07-15 12:00:00,-52.74,0.0,52.74,500.0,10.5,10.5,False
C31-1,2020-07-15 13:00:00,-61.02,0.0,61.02,500.0,12.2,12.2,False
C31-1,2020-07-15 14:00:00,-59.22,0.0,59.22,500.0,11.8,11.8,False
C31-1,2020-07-15 15:00:00,-49.79,0.0,49.79,500.0,10.0,10.0,False
C31-1,2020-07-15 16:00:00,-61.14,0.0,61.14,500.0,12.2,12.2,False
C31-1,2020-07-15 17:00:00,-66.59,0.0,66.59,500.0,13.3,13.3,False
C31-1,2020-07-15 18:00:00,-27.53,0.0,27.53,500.0,5.5,5.5,False
C31-1,2020-07-15 19:00:00,-31.42,0.0,31.42,500.0,6.3,6.3,False
C31-1,2020-07-15 20:00:00,-34.11,0.0,34.11,500.0,6.8,6.8,False
C31-1,2020-07-15 21:00:00,-22.08,0.0,22.08,500.0,4.4,4.4,False
C31-1,2020-07-15 22:00:00,7.49,0.0,7.49,500.0,1.5,1.5,False
C31-1,2020-07-15 23:00:00,-1.59,0.0,1.59,500.0,0.3,0.3,False
C31-1,2020-07-16 00:00:00,-36.71,0.0,36.71,500.0,7.3,7.3,False
C31-1,2020-07-16 02:00:00,-49.61,0.0,49.61,500.0,9.9,9.9,False
C31-1,2020-07-16 04:00:00,-49.25,0.0,49.25,500.0,9.8,9.8,False
C31-1,2020-07-16 06:00:00,-21.7,0.0,21.7,500.0,4.3,4.3,False
C31-1,2020-07-16 08:00:00,-26.36,0.0,26.36,500.0,5.3,5.3,False
C31-1,2020-07-16 10:00:00,13.79,0.0,13.79,500.0,2.8,2.8,False
C31-1,2020-07-16 12:00:00,-61.18,0.0,61.18,500.0,12.2,12.2,False
C31-1,2020-07-16 14:00:00,-58.59,0.0,58.59,500.0,11.7,11.7,False
C31-1,2020-07-16 16:00:00,-72.69,0.0,72.69,500.0,14.5,14.5,False
C31-1,2020-07-16 18:00:00,-86.41,0.0,86.41,500.0,17.3,17.3,False
C31-1,2020-07-16 20:00:00,-47.35,0.0,47.35,500.0,9.5,9.5,False
C31-1,2020-07-16 22:00:00,-40.66,0.0,40.66,500.0,8.1,8.1,False
C31-2,2020-07-15 00:00:00,-62.11,0.0,62.11,500.0,12.4,12.4,False
C31-2,2020-07-15 01:00:00,-70.04,0.0,70.04,500.0,14.0,14.0,False
C31-2,2020-07-15 02:00:00,-71.51,0.0,71.51,500.0,14.3,14.3,False
C31-2,2020-07-15 03:00:00,-64.61,0.0,64.61,500.0,12.9,12.9,False
C31-2,2020-07-15 04:00:00,-48.49,0.0,48.49,500.0,9.7,9.7,False
C31-2,2020-07-15 05:00:00,-35.19,0.0,35.19,500.0,7.0,7.0,False
C31-2,2020-07-15 06:00:00,-20.63,0.0,20.63,500.0,4.1,4.1,False
C31-2,2020-07-15 07:00:00,-36.47,0.0,36.47,500.0,7.3,7.3,False
C31-2,2020-07-15 08:00:00,-84.36,0.0,84.36,500.0,16.9,16.9,False
C31-2,2020-07-15 09:00:00,-87.21,0.0,87.21,500.0,17.4,17.4,False
C31-2,2020-07-15 10:00:00,-53.53,0.0,53.53,500.0,10.7,10.7,False
C31-2,2020-07-15 11:00:00,-28.93,0.0,28.93,500.0,5.8,5.8,False
C31-2,2020-07-15 12:00:00,-52.74,0.0,52.74,500.0,10.5,10.5,False
C31-2,2020-07-15 13:00:00,-61.02,0.0,61.02,500.0,12.2,12.2,False
C31-2,2020-07-15 14:00:00,-59.22,0.0,59.22,500.0,11.8,11.8,False
C31-2,2020-07-15 15:00:00,-49.79,0.0,49.79,500.0,10.0,10.0,False
C31-2,2020-07-15 16:00:00,-61.14,0.0,61.14,500.0,12.2,12.2,False
C31-2,2020-07-15 17:00:00,-66.59,0.0,66.59,500.0,13.3,13.3,False
C31-2,2020-07-15 18:00:00,-27.53,0.0,27.53,500.0,5.5,5.5,False
C31-2,2020-07-15 19:00:00,-31.42,0.0,31.42,500.0,6.3,6.3,False
C31-2,2020-07-15 20:00:00,-34.11,0.0,34.11,500.0,6.8,6.8,False
C31-2,2020-07-15 21:00:00,-22.08,0.0,22.08,500.0,4.4,4.4,False
C31-2,2020-07-15 22:00:00,7.49,0.0,7.49,500.0,1.5,1.5,False
C31-2,2020-07-15 23:00:00,-1.59,0.0,1.59,500.0,0.3,0.3,False
C31-2,2020-07-16 00:00:00,-36.71,0.0,36.71,500.0,7.3,7.3,False
C31-2,2020-07-16 02:00:00,-49.61,0.0,49.61,500.0,9.9,9.9,False
C31-2,2020-07-16 04:00:00,-49.25,0.0,49.25,500.0,9.8,9.8,False
C31-2,2020-07-16 06:00:00,-21.7,0.0,21.7,500.0,4.3,4.3,False
C31-2,2020-07-16 08:00:00,-26.36,0.0,26.36,500.0,5.3,5.3,False
C31-2,2020-07-16 10:00:00,13.79,0.0,13.79,500.0,2.8,2.8,False
C31-2,2020-07-16 12:00:00,-61.18,0.0,61.18,500.0,12.2,12.2,False
C31-2,2020-07-16 14:00:00,-58.59,0.0,58.59,500.0,11.7,11.7,False
C31-2,2020-07-16 16:00:00,-72.69,0.0,72.69,500.0,14.5,14.5,False
C31-2,2020-07-16 18:00:00,-86.41,0.0,86.41,500.0,17.3,17.3,False
C31-2,2020-07-16 20:00:00,-47.35,0.0,47.35,500.0,9.5,9.5,False
C31-2,2020-07-16 22:00:00,-40.66,0.0,40.66,500.0,8.1,8.1,False
C32-1,2020-07-15 00:00:00,38.85,0.0,38.85,500.0,7.8,7.8,False
C32-1,2020-07-15 01:00:00,44.21,0.0,44.21,500.0,8.8,8.8,False
C32-1,2020-07-15 02:00:00,39.93,0.0,39.93,500.0,8.0,8.0,False
C32-1,2020-07-15 03:00:00,45.7,0.0,45.7,500.0,9.1,9.1,False
C32-1,2020-07-15 04:00:00,50.8,0.0,50.8,500.0,10.2,10.2,False
C32-1,2020-07-15 05:00:00,50.51,0.0,50.51,500.0,10.1,10.1,False
C32-1,2020-07-15 06:00:00,44.23,0.0,44.23,500.0,8.8,8.8,False
C32-1,2020-07-15 07:00:00,41.27,0.0,41.27,500.0,8.3,8.3,False
C32-1,2020-07-15 08:00:00,2.76,0.0,2.76,500.0,0.6,0.6,False
C32-1,2020-07-15 09:00:00,-44.78,0.0,44.78,500.0,9.0,9.0,False
C32-1,2020-07-15 10:00:00,-17.67,0.0,17.67,500.0,3.5,3.5,False
C32-1,2020-07-15 11:00:00,-2.52,0.0,2.52,500.0,0.5,0.5,False
C32-1,2020-07-15 12:00:00,23.54,0.0,23.54,500.0,4.7,4.7,False
C32-1,2020-07-15 13:00:00,32.07,0.0,32.07,500.0,6.4,6.4,False
C32-1,2020-07-15 14:00:00,40.94,0.0,40.94,500.0,8.2,8.2,False
C32-1,2020-07-15 15:00:00,12.89,0.0,12.89,500.0,2.6,2.6,False
C32-1,2020-07-15 16:00:00,71.16,0.0,71.16,500.0,14.2,14.2,False
C32-1,2020-07-15 17:00:00,67.06,0.0,67.06,500.0,13.4,13.4,False
C32-1,2020-07-15 18:00:00,69.16,0.0,69.16,500.0,13.8,13.8,False
C32-1,2020-07-15 19:00:00,81.48,0.0,81.48,500.0,16.3,16.3,False
C32-1,2020-07-15 20:00:00,45.33,0.0,45.33,500.0,9.1,9.1,False
C32-1,2020-07-15 21:00:00,-28.65,0.0,28.65,500.0,5.7,5.7,False
C32-1,2020-07-15 22:00:00,27.69,0.0,27.69,500.0,5.5,5.5,False
C32-1,2020-07-15 23:00:00,34.36,0.0,34.36,500.0,6.9,6.9,False
C32-1,2020-07-16 00:00:00,10.9,0.0,10.9,500.0,2.2,2.2,False
C32-1,2020-07-16 02:00:00,9.15,0.0,9.15,500.0,1.8,1.8,False
C32-1,2020-07-16 04:00:00,-1.45,0.0,1.45,500.0,0.3,0.3,False
C32-1,2020-07-16 06:00:00,-22.68,0.0,22.68,500.0,4.5,4.5,False
C32-1,2020-07-16 08:00:00,-84.06,0.0,84.06,500.0,16.8,16.8,False
C32-1,2020-07-16 10:00:00,-85.92,0.0,85.92,500.0,17.2,17.2,False
C32-1,2020-07-16 12:00:00,-17.77,0.0,17.77,500.0,3.6,3.6,False
C32-1,2020-07-16 14:00:00,3.55,0.0,3.55,500.0,0.7,0.7,False
C32-1,2020-07-16 16:00:00,-21.22,0.0,21.22,500.0,4.2,4.2,False
C32-1,2020-07-16 18:00:00,-0.47,0.0,0.47,500.0,0.1,0.1,False
C32-1,2020-07-16 20:00:00,-80.38,0.0,80.38,500.0,16.1,16.1,False
C32-1,2020-07-16 22:00:00,-2.12,0.0,2.12,500.0,0.4,0.4,False
C32-2,2020-07-15 00:00:00,38.85,0.0,38.85,500.0,7.8,7.8,False
C32-2,2020-07-15 01:00:00,44.21,0.0,44.21,500.0,8.8,8.8,False
C32-2,2020-07-15 02:00:00,39.93,0.0,39.93,500.0,8.0,8.0,False
C32-2,2020-07-15 03:00:00,45.7,0.0,45.7,500.0,9.1,9.1,False
C32-2,2020-07-15 04:00:00,50.8,0.0,50.8,500.0,10.2,10.2,False
C32-2,2020-07-15 05:00:00,50.51,0.0,50.51,500.0,10.1,10.1,False
C32-2,2020-07-15 06:00:00,44.23,0.0,44.23,500.0,8.8,8.8,False
C32-2,2020-07-15 07:00:00,41.27,0.0,41.27,500.0,8.3,8.3,False
C32-2,2020-07-15 08:00:00,2.76,0.0,2.76,500.0,0.6,0.6,False
C32-2,2020-07-15 09:00:00,-44.78,0.0,44.78,500.0,9.0,9.0,False
C32-2,2020-07-15 10:00:00,-17.67,0.0,17.67,500.0,3.5,3.5,False
C32-2,2020-07-15 11:00:00,-2.52,0.0,2.52,500.0,0.5,0.5,False
C32-2,2020-07-15 12:00:00,23.54,0.0,23.54,500.0,4.7,4.7,False
C32-2,2020-07-15 13:00:00,32.07,0.0,32.07,500.0,6.4,6.4,False
C32-2,2020-07-15 14:00:00,40.94,0.0,40.94,500.0,8.2,8.2,False
C32-2,2020-07-15 15:00:00,12.89,0.0,12.89,500.0,2.6,2.6,False
C32-2,2020-07-15 16:00:00,71.16,0.0,71.16,500.0,14.2,14.2,False
C32-2,2020-07-15 17:00:00,67.06,0.0,67.06,500.0,13.4,13.4,False
C32-2,2020-07-15 18:00:00,69.16,0.0,69.16,500.0,13.8,13.8,False
C32-2,2020-07-15 19:00:00,81.48,0.0,81.48,500.0,16.3,16.3,False
C32-2,2020-07-15 20:00:00,45.33,0.0,45.33,500.0,9.1,9.1,False
C32-2,2020-07-15 21:00:00,-28.65,0.0,28.65,500.0,5.7,5.7,False
C32-2,2020-07-15 22:00:00,27.69,0.0,27.69,500.0,5.5,5.5,False
C32-2,2020-07-15 23:00:00,34.36,0.0,34.36,500.0,6.9,6.9,False
C32-2,2020-07-16 00:00:00,10.9,0.0,10.9,500.0,2.2,2.2,False
C32-2,2020-07-16 02:00:00,9.15,0.0,9.15,500.0,1.8,1.8,False
C32-2,2020-07-16 04:00:00,-1.45,0.0,1.45,500.0,0.3,0.3,False
C32-2,2020-07-16 06:00:00,-22.68,0.0,22.68,500.0,4.5,4.5,False
C32-2,2020-07-16 08:00:00,-84.06,0.0,84.06,500.0,16.8,16.8,False
C32-2,2020-07-16 10:00:00,-85.92,0.0,85.92,500.0,17.2,17.2,False
C32-2,2020-07-16 12:00:00,-17.77,0.0,17.77,500.0,3.6,3.6,False
C32-2,2020-07-16 14:00:00,3.55,0.0,3.55,500.0,0.7,0.7,False
C32-2,2020-07-16 16:00:00,-21.22,0.0,21.22,500.0,4.2,4.2,False
C32-2,2020-07-16 18:00:00,-0.47,0.0,0.47,500.0,0.1,0.1,False
C32-2,2020-07-16 20:00:00,-80.38,0.0,80.38,500.0,16.1,16.1,False
C32-2,2020-07-16 22:00:00,-2.12,0.0,2.12,500.0,0.4,0.4,False
C33-1,2020-07-15 00:00:00,10.7,0.0,10.7,500.0,2.1,2.1,False
C33-1,2020-07-15 01:00:00,17.83,0.0,17.83,500.0,3.6,3.6,False
C33-1,2020-07-15 02:00:00,13.59,0.0,13.59,500.0,2.7,2.7,False
C33-1,2020-07-15 03:00:00,19.45,0.0,19.45,500.0,3.9,3.9,False
C33-1,2020-07-15 04:00:00,23.34,0.0,23.34,500.0,4.7,4.7,False
C33-1,2020-07-15 05:00:00,21.83,0.0,21.83,500.0,4.4,4.4,False
C33-1,2020-07-15 06:00:00,12.16,0.0,12.16,500.0,2.4,2.4,False
C33-1,2020-07-15 07:00:00,5.59,0.0,5.59,500.0,1.1,1.1,False
C33-1,2020-07-15 08:00:00,-35.75,0.0,35.75,500.0,7.2,7.2,False
C33-1,2020-07-15 09:00:00,-86.43,0.0,86.43,500.0,17.3,17.3,False
C33-1,2020-07-15 10:00:00,-61.91,0.0,61.91,500.0,12.4,12.4,False
C33-1,2020-07-15 11:00:00,-49.46,0.0,49.46,500.0,9.9,9.9,False
C33-1,2020-07-15 12:00:00,-25.27,0.0,25.27,500.0,5.1,5.1,False
C33-1,2020-07-15 13:00:00,-18.29,0.0,18.29,500.0,3.7,3.7,False
C33-1,2020-07-15 14:00:00,-10.37,0.0,10.37,500.0,2.1,2.1,False
C33-1,2020-07-15 15:00:00,-38.29,0.0,38.29,500.0,7.7,7.7,False
C33-1,2020-07-15 16:00:00,21.28,0.0,21.28,500.0,4.3,4.3,False
C33-1,2020-07-15 17:00:00,19.98,0.0,19.98,500.0,4.0,4.0,False
C33-1,2020-07-15 18:00:00,25.14,0.0,25.14,500.0,5.0,5.0,False
C33-1,2020-07-15 19:00:00,38.45,0.0,38.45,500.0,7.7,7.7,False
C33-1,2020-07-15 20:00:00,3.83,0.0,3.83,500.0,0.8,0.8,False
C33-1,2020-07-15 21:00:00,-66.47,0.0,66.47,500.0,13.3,13.3,False
C33-1,2020-07-15 22:00:00,-6.43,0.0,6.43,500.0,1.3,1.3,False
C33-1,2020-07-15 23:00:00,3.41,0.0,3.41,500.0,0.7,0.7,False
C33-1,2020-07-16 00:00:00,-16.76,0.0,16.76,500.0,3.4,3.4,False
C33-1,2020-07-16 02:00:00,-16.01,0.0,16.01,500.0,3.2,3.2,False
C33-1,2020-07-16 04:00:00,-29.36,0.0,29.36,500.0,5.9,5.9,False
C33-1,2020-07-16 06:00:00,-56.84,0.0,56.84,500.0,11.4,11.4,False
C33-1,2020-07-16 08:00:00,-125.03,0.0,125.03,500.0,25.0,25.0,False
C33-1,2020-07-16 10:00:00,-132.72,0.0,132.72,500.0,26.5,26.5,False
C33-1,2020-07-16 12:00:00,-68.85,0.0,68.85,500.0,13.8,13.8,False
C33-1,2020-07-16 14:00:00,-49.54,0.0,49.54,500.0,9.9,9.9,False
C33-1,2020-07-16 16:00:00,-71.55,0.0,71.55,500.0,14.3,14.3,False
C33-1,2020-07-16 18:00:00,-45.68,0.0,45.68,500.0,9.1,9.1,False
C33-1,2020-07-16 20:00:00,-121.26,0.0,121.26,500.0,24.3,24.3,False
C33-1,2020-07-16 22:00:00,-35.06,0.0,35.06,500.0,7.0,7.0,False
C33-2,2020-07-15 00:00:00,10.7,0.0,10.7,500.0,2.1,2.1,False
C33-2,2020-07-15 01:00:00,17.83,0.0,17.83,500.0,3.6,3.6,False
C33-2,2020-07-15 02:00:00,13.59,0.0,13.59,500.0,2.7,2.7,False
C33-2,2020-07-15 03:00:00,19.45,0.0,19.45,500.0,3.9,3.9,False
C33-2,2020-07-15 04:00:00,23.34,0.0,23.34,500.0,4.7,4.7,False
C33-2,2020-07-15 05:00:00,21.83,0.0,21.83,500.0,4.4,4.4,False
C33-2,2020-07-15 06:00:00,12.16,0.0,12.16,500.0,2.4,2.4,False
C33-2,2020-07-15 07:00:00,5.59,0.0,5.59,500.0,1.1,1.1,False
C33-2,2020-07-15 08:00:00,-35.75,0.0,35.75,500.0,7.2,7.2,False
C33-2,2020-07-15 09:00:00,-86.43,0.0,86.43,500.0,17.3,17.3,False
C33-2,2020-07-15 10:00:00,-61.91,0.0,61.91,500.0,12.4,12.4,False
C33-2,2020-07-15 11:00:00,-49.46,0.0,49.46,500.0,9.9,9.9,False
C33-2,2020-07-15 12:00:00,-25.27,0.0,25.27,500.0,5.1,5.1,False
C33-2,2020-07-15 13:00:00,-18.29,0.0,18.29,500.0,3.7,3.7,False
C33-2,2020-07-15 14:00:00,-10.37,0.0,10.37,500.0,2.1,2.1,False
C33-2,2020-07-15 15:00:00,-38.29,0.0,38.29,500.0,7.7,7.7,False
C33-2,2020-07-15 16:00:00,21.28,0.0,21.28,500.0,4.3,4.3,False
C33-2,2020-07-15 17:00:00,19.98,0.0,19.98,500.0,4.0,4.0,False
C33-2,2020-07-15 18:00:00,25.14,0.0,25.14,500.0,5.0,5.0,False
C33-2,2020-07-15 19:00:00,38.45,0.0,38.45,500.0,7.7,7.7,False
C33-2,2020-07-15 20:00:00,3.83,0.0,3.83,500.0,0.8,0.8,False
C33-2,2020-07-15 21:00:00,-66.47,0.0,66.47,500.0,13.3,13.3,False
C33-2,2020-07-15 22:00:00,-6.43,0.0,6.43,500.0,1.3,1.3,False
C33-2,2020-07-15 23:00:00,3.41,0.0,3.41,500.0,0.7,0.7,False
C33-2,2020-07-16 00:00:00,-16.76,0.0,16.76,500.0,3.4,3.4,False
C33-2,2020-07-16 02:00:00,-16.01,0.0,16.01,500.0,3.2,3.2,False
C33-2,2020-07-16 04:00:00,-29.36,0.0,29.36,500.0,5.9,5.9,False
C33-2,2020-07-16 06:00:00,-56.84,0.0,56.84,500.0,11.4,11.4,False
C33-2,2020-07-16 08:00:00,-125.03,0.0,125.03,500.0,25.0,25.0,False
C33-2,2020-07-16 10:00:00,-132.72,0.0,132.72,500.0,26.5,26.5,False
C33-2,2020-07-16 12:00:00,-68.85,0.0,68.85,500.0,13.8,13.8,False
C33-2,2020-07-16 14:00:00,-49.54,0.0,49.54,500.0,9.9,9.9,False
C33-2,2020-07-16 16:00:00,-71.55,0.0,71.55,500.0,14.3,14.3,False
C33-2,2020-07-16 18:00:00,-45.68,0.0,45.68,500.0,9.1,9.1,False
C33-2,2020-07-16 20:00:00,-121.26,0.0,121.26,500.0,24.3,24.3,False
C33-2,2020-07-16 22:00:00,-35.06,0.0,35.06,500.0,7.0,7.0,False
C34,2020-07-15 00:00:00,-20.3,0.0,20.3,500.0,4.1,4.1,False
C34,2020-07-15 01:00:00,-20.76,0.0,20.76,500.0,4.2,4.2,False
C34,2020-07-15 02:00:00,-20.0,0.0,20.0,500.0,4.0,4.0,False
C34,2020-07-15 03:00:00,-18.77,0.0,18.77,500.0,3.8,3.8,False
C34,2020-07-15 04:00:00,-17.09,0.0,17.09,500.0,3.4,3.4,False
C34,2020-07-15 05:00:00,-15.34,0.0,15.34,500.0,3.1,3.1,False
C34,2020-07-15 06:00:00,-13.36,0.0,13.36,500.0,2.7,2.7,False
C34,2020-07-15 07:00:00,-6.12,0.0,6.12,500.0,1.2,1.2,False
C34,2020-07-15 08:00:00,1.51,0.0,1.51,500.0,0.3,0.3,False
C34,2020-07-15 09:00:00,6.43,0.0,6.43,500.0,1.3,1.3,False
C34,2020-07-15 10:00:00,7.83,0.0,7.83,500.0,1.6,1.6,False
C34,2020-07-15 11:00:00,7.85,0.0,7.85,500.0,1.6,1.6,False
C34,2020-07-15 12:00:00,-23.92,0.0,23.92,500.0,4.8,4.8,False
C34,2020-07-15 13:00:00,-58.44,0.0,58.44,500.0,11.7,11.7,False
C34,2020-07-15 14:00:00,-60.99,0.0,60.99,500.0,12.2,12.2,False
C34,2020-07-15 15:00:00,-51.0,0.0,51.0,500.0,10.2,10.2,False
C34,2020-07-15 16:00:00,-61.84,0.0,61.84,500.0,12.4,12.4,False
C34,2020-07-15 17:00:00,-30.73,0.0,30.73,500.0,6.1,6.1,False
C34,2020-07-15 18:00:00,-1.14,0.0,1.14,500.0,0.2,0.2,False
C34,2020-07-15 19:00:00,-1.64,0.0,1.64,500.0,0.3,0.3,False
C34,2020-07-15 20:00:00,-10.85,0.0,10.85,500.0,2.2,2.2,False
C34,2020-07-15 21:00:00,-28.31,0.0,28.31,500.0,5.7,5.7,False
C34,2020-07-15 22:00:00,-29.26,0.0,29.26,500.0,5.9,5.9,False
C34,2020-07-15 23:00:00,-30.26,0.0,30.26,500.0,6.1,6.1,False
C34,2020-07-16 00:00:00,-31.93,0.0,31.93,500.0,6.4,6.4,False
C34,2020-07-16 02:00:00,-31.5,0.0,31.5,500.0,6.3,6.3,False
C34,2020-07-16 04:00:00,-30.02,0.0,30.02,500.0,6.0,6.0,False
C34,2020-07-16 06:00:00,-27.17,0.0,27.17,500.0,5.4,5.4,False
C34,2020-07-16 08:00:00,-23.78,0.0,23.78,500.0,4.8,4.8,False
C34,2020-07-16 10:00:00,-23.02,0.0,23.02,500.0,4.6,4.6,False
C34,2020-07-16 12:00:00,-7.8,0.0,7.8,500.0,1.6,1.6,False
C34,2020-07-16 14:00:00,-8.21,0.0,8.21,500.0,1.6,1.6,False
C34,2020-07-16 16:00:00,-10.17,0.0,10.17,500.0,2.0,2.0,False
C34,2020-07-16 18:00:00,-4.62,0.0,4.62,500.0,0.9,0.9,False
C34,2020-07-16 20:00:00,-27.4,0.0,27.4,500.0,5.5,5.5,False
C34,2020-07-16 22:00:00,-28.77,0.0,28.77,500.0,5.8,5.8,False
CA-1,2020-07-15 00:00:00,214.09,0.0,214.09,500.0,42.8,42.8,False
CA-1,2020-07-15 01:00:00,259.03,0.0,259.03,500.0,51.8,51.8,False
CA-1,2020-07-15 02:00:00,244.26,0.0,244.26,500.0,48.9,48.9,False
CA-1,2020-07-15 03:00:00,257.08,0.0,257.08,500.0,51.4,51.4,False
CA-1,2020-07-15 04:00:00,244.47,0.0,244.47,500.0,48.9,48.9,False
CA-1,2020-07-15 05:00:00,217.45,0.0,217.45,500.0,43.5,43.5,False
CA-1,2020-07-15 06:00:00,137.27,0.0,137.27,500.0,27.5,27.5,False
CA-1,2020-07-15 07:00:00,67.53,0.0,67.53,500.0,13.5,13.5,False
CA-1,2020-07-15 08:00:00,131.85,0.0,131.85,500.0,26.4,26.4,False
CA-1,2020-07-15 09:00:00,203.95,0.0,203.95,500.0,40.8,40.8,False
CA-1,2020-07-15 10:00:00,302.43,0.0,302.43,500.0,60.5,60.5,False
CA-1,2020-07-15 11:00:00,294.59,0.0,294.59,500.0,58.9,58.9,False
CA-1,2020-07-15 12:00:00,366.12,0.0,366.12,500.0,73.2,73.2,False
CA-1,2020-07-15 13:00:00,376.07,0.0,376.07,500.0,75.2,75.2,False
CA-1,2020-07-15 14:00:00,396.09,0.0,396.09,500.0,79.2,79.2,False
CA-1,2020-07-15 15:00:00,235.22,0.0,235.22,500.0,47.0,47.0,False
CA-1,2020-07-15 16:00:00,423.3,0.0,423.3,500.0,84.7,84.7,False
CA-1,2020-07-15 17:00:00,468.33,0.0,468.33,500.0,93.7,93.7,False
CA-1,2020-07-15 18:00:00,377.2,0.0,377.2,500.0,75.4,75.4,False
CA-1,2020-07-15 19:00:00,392.02,0.0,392.02,500.0,78.4,78.4,False
CA-1,2020-07-15 20:00:00,412.75,0.0,412.75,500.0,82.6,82.6,False
CA-1,2020-07-15 21:00:00,365.91,0.0,365.91,500.0,73.2,73.2,False
CA-1,2020-07-15 22:00:00,254.79,0.0,254.79,500.0,51.0,51.0,False
CA-1,2020-07-15 23:00:00,341.9,0.0,341.9,500.0,68.4,68.4,False
CA-1,2020-07-16 00:00:00,291.99,0.0,291.99,500.0,58.4,58.4,False
CA-1,2020-07-16 02:00:00,320.56,0.0,320.56,500.0,64.1,64.1,False
CA-1,2020-07-16 04:00:00,322.93,0.0,322.93,500.0,64.6,64.6,False
CA-1,2020-07-16 06:00:00,199.29,0.0,199.29,500.0,39.9,39.9,False
CA-1,2020-07-16 08:00:00,222.09,0.0,222.09,500.0,44.4,44.4,False
CA-1,2020-07-16 10:00:00,171.63,0.0,171.63,500.0,34.3,34.3,False
CA-1,2020-07-16 12:00:00,325.07,0.0,325.07,500.0,65.0,65.0,False
CA-1,2020-07-16 14:00:00,391.64,0.0,391.64,500.0,78.3,78.3,False
CA-1,2020-07-16 16:00:00,367.88,0.0,367.88,500.0,73.6,73.6,False
CA-1,2020-07-16 18:00:00,379.59,0.0,379.59,500.0,75.9,75.9,False
CA-1,2020-07-16 20:00:00,341.59,0.0,341.59,500.0,68.3,68.3,False
CA-1,2020-07-16 22:00:00,286.76,0.0,286.76,500.0,57.4,57.4,False
CB-1,2020-07-15 00:00:00,399.52,0.0,399.52,500.0,79.9,79.9,False
CB-1,2020-07-15 01:00:00,436.06,0.0,436.06,500.0,87.2,87.2,False
CB-1,2020-07-15 02:00:00,440.6,0.0,440.6,500.0,88.1,88.1,False
CB-1,2020-07-15 03:00:00,398.72,0.0,398.72,500.0,79.7,79.7,False
CB-1,2020-07-15 04:00:00,313.17,0.0,313.17,500.0,62.6,62.6,False
CB-1,2020-07-15 05:00:00,233.54,0.0,233.54,500.0,46.7,46.7,False
CB-1,2020-07-15 06:00:00,136.21,0.0,136.21,500.0,27.2,27.2,False
CB-1,2020-07-15 07:00:00,89.21,0.0,89.21,500.0,17.8,17.8,False
CB-1,2020-07-15 08:00:00,163.35,0.0,163.35,500.0,32.7,32.7,False
CB-1,2020-07-15 09:00:00,97.65,0.0,97.65,500.0,19.5,19.5,False
CB-1,2020-07-15 10:00:00,185.36,0.0,185.36,500.0,37.1,37.1,False
CB-1,2020-07-15 11:00:00,181.43,0.0,181.43,500.0,36.3,36.3,False
CB-1,2020-07-15 12:00:00,251.23,0.0,251.23,500.0,50.2,50.2,False
CB-1,2020-07-15 13:00:00,290.05,0.0,290.05,500.0,58.0,58.0,False
CB-1,2020-07-15 14:00:00,306.53,0.0,306.53,500.0,61.3,61.3,False
CB-1,2020-07-15 15:00:00,282.01,0.0,282.01,500.0,56.4,56.4,False
CB-1,2020-07-15 16:00:00,345.42,0.0,345.42,500.0,69.1,69.1,False
CB-1,2020-07-15 17:00:00,398.1,0.0,398.1,500.0,79.6,79.6,False
CB-1,2020-07-15 18:00:00,299.75,0.0,299.75,500.0,60.0,60.0,False
CB-1,2020-07-15 19:00:00,325.94,0.0,325.94,500.0,65.2,65.2,False
CB-1,2020-07-15 20:00:00,355.33,0.0,355.33,500.0,71.1,71.1,False
CB-1,2020-07-15 21:00:00,295.2,0.0,295.2,500.0,59.0,59.0,False
CB-1,2020-07-15 22:00:00,213.47,0.0,213.47,500.0,42.7,42.7,False
CB-1,2020-07-15 23:00:00,276.87,0.0,276.87,500.0,55.4,55.4,False
CB-1,2020-07-16 00:00:00,437.49,0.0,437.49,500.0,87.5,87.5,False
CB-1,2020-07-16 02:00:00,472.25,0.0,472.25,500.0,94.5,94.5,False
CB-1,2020-07-16 04:00:00,461.25,0.0,461.25,500.0,92.3,92.3,False
CB-1,2020-07-16 06:00:00,294.56,0.0,294.56,500.0,58.9,58.9,False
CB-1,2020-07-16 08:00:00,236.71,0.0,236.71,500.0,47.3,47.3,False
CB-1,2020-07-16 10:00:00,43.57,0.0,43.57,500.0,8.7,8.7,False
CB-1,2020-07-16 12:00:00,290.32,0.0,290.32,500.0,58.1,58.1,False
CB-1,2020-07-16 14:00:00,419.38,0.0,419.38,500.0,83.9,83.9,False
CB-1,2020-07-16 16:00:00,367.15,0.0,367.15,500.0,73.4,73.4,False
CB-1,2020-07-16 18:00:00,411.05,0.0,411.05,500.0,82.2,82.2,False
CB-1,2020-07-16 20:00:00,362.4,0.0,362.4,500.0,72.5,72.5,False
CB-1,2020-07-16 22:00:00,386.93,0.0,386.93,500.0,77.4,77.4,False
C35,2020-07-15 00:00:00,220.2,0.0,220.2,722.0,30.5,30.5,False
C35,2020-07-15 01:00:00,264.16,0.0,264.16,722.0,36.6,36.6,False
C35,2020-07-15 02:00:00,250.26,0.0,250.26,722.0,34.7,34.7,False
C35,2020-07-15 03:00:00,263.04,0.0,263.04,722.0,36.4,36.4,False
C35,2020-07-15 04:00:00,250.82,0.0,250.82,722.0,34.7,34.7,False
C35,2020-07-15 05:00:00,223.77,0.0,223.77,722.0,31.0,31.0,False
C35,2020-07-15 06:00:00,143.68,0.0,143.68,722.0,19.9,19.9,False
C35,2020-07-15 07:00:00,73.97,0.0,73.97,722.0,10.2,10.2,False
C35,2020-07-15 08:00:00,138.11,0.0,138.11,722.0,19.1,19.1,False
C35,2020-07-15 09:00:00,210.26,0.0,210.26,722.0,29.1,29.1,False
C35,2020-07-15 10:00:00,308.74,0.0,308.74,722.0,42.8,42.8,False
C35,2020-07-15 11:00:00,300.85,0.0,300.85,722.0,41.7,41.7,False
C35,2020-07-15 12:00:00,372.3,0.0,372.3,722.0,51.6,51.6,False
C35,2020-07-15 13:00:00,382.17,0.0,382.17,722.0,52.9,52.9,False
C35,2020-07-15 14:00:00,402.17,0.0,402.17,722.0,55.7,55.7,False
C35,2020-07-15 15:00:00,240.92,0.0,240.92,722.0,33.4,33.4,False
C35,2020-07-15 16:00:00,429.37,0.0,429.37,722.0,59.5,59.5,False
C35,2020-07-15 17:00:00,474.42,0.0,474.42,722.0,65.7,65.7,False
C35,2020-07-15 18:00:00,383.42,0.0,383.42,722.0,53.1,53.1,False
C35,2020-07-15 19:00:00,398.26,0.0,398.26,722.0,55.2,55.2,False
C35,2020-07-15 20:00:00,419.04,0.0,419.04,722.0,58.0,58.0,False
C35,2020-07-15 21:00:00,372.17,0.0,372.17,722.0,51.5,51.5,False
C35,2020-07-15 22:00:00,261.2,0.0,261.2,722.0,36.2,36.2,False
C35,2020-07-15 23:00:00,348.26,0.0,348.26,722.0,48.2,48.2,False
C35,2020-07-16 00:00:00,296.96,0.0,296.96,722.0,41.1,41.1,False
C35,2020-07-16 02:00:00,323.04,0.0,323.04,722.0,44.7,44.7,False
C35,2020-07-16 04:00:00,327.94,0.0,327.94,722.0,45.4,45.4,False
C35,2020-07-16 06:00:00,205.1,0.0,205.1,722.0,28.4,28.4,False
C35,2020-07-16 08:00:00,228.06,0.0,228.06,722.0,31.6,31.6,False
C35,2020-07-16 10:00:00,177.77,0.0,177.77,722.0,24.6,24.6,False
C35,2020-07-16 12:00:00,330.98,0.0,330.98,722.0,45.8,45.8,False
C35,2020-07-16 14:00:00,397.41,0.0,397.41,722.0,55.0,55.0,False
C35,2020-07-16 16:00:00,373.71,0.0,373.71,722.0,51.8,51.8,False
C35,2020-07-16 18:00:00,385.53,0.0,385.53,722.0,53.4,53.4,False
C35,2020-07-16 20:00:00,347.52,0.0,347.52,722.0,48.1,48.1,False
C35,2020-07-16 22:00:00,291.81,0.0,291.81,722.0,40.4,40.4,False
