time,2020-07-15 00:00:00,2020-07-15 00:00:00,2020-07-15 00:00:00,2020-07-15 00:00:00,2020-07-15 01:00:00,2020-07-15 01:00:00,2020-07-15 01:00:00,2020-07-15 01:00:00,2020-07-15 02:00:00,2020-07-15 02:00:00,2020-07-15 02:00:00,2020-07-15 02:00:00,2020-07-15 03:00:00,2020-07-15 03:00:00,2020-07-15 03:00:00,2020-07-15 03:00:00,2020-07-15 04:00:00,2020-07-15 04:00:00,2020-07-15 04:00:00,2020-07-15 04:00:00,2020-07-15 05:00:00,2020-07-15 05:00:00,2020-07-15 05:00:00,2020-07-15 05:00:00,2020-07-15 06:00:00,2020-07-15 06:00:00,2020-07-15 06:00:00,2020-07-15 06:00:00,2020-07-15 07:00:00,2020-07-15 07:00:00,2020-07-15 07:00:00,2020-07-15 07:00:00,2020-07-15 08:00:00,2020-07-15 08:00:00,2020-07-15 08:00:00,2020-07-15 08:00:00,2020-07-15 09:00:00,2020-07-15 09:00:00,2020-07-15 09:00:00,2020-07-15 09:00:00,2020-07-15 10:00:00,2020-07-15 10:00:00,2020-07-15 10:00:00,2020-07-15 10:00:00,2020-07-15 11:00:00,2020-07-15 11:00:00,2020-07-15 11:00:00,2020-07-15 11:00:00,2020-07-15 12:00:00,2020-07-15 12:00:00,2020-07-15 12:00:00,2020-07-15 12:00:00,2020-07-15 13:00:00,2020-07-15 13:00:00,2020-07-15 13:00:00,2020-07-15 13:00:00,2020-07-15 14:00:00,2020-07-15 14:00:00,2020-07-15 14:00:00,2020-07-15 14:00:00,2020-07-15 15:00:00,2020-07-15 15:00:00,2020-07-15 15:00:00,2020-07-15 15:00:00,2020-07-15 16:00:00,2020-07-15 16:00:00,2020-07-15 16:00:00,2020-07-15 16:00:00,2020-07-15 17:00:00,2020-07-15 17:00:00,2020-07-15 17:00:00,2020-07-15 17:00:00,2020-07-15 18:00:00,2020-07-15 18:00:00,2020-07-15 18:00:00,2020-07-15 18:00:00,2020-07-15 19:00:00,2020-07-15 19:00:00,2020-07-15 19:00:00,2020-07-15 19:00:00,2020-07-15 20:00:00,2020-07-15 20:00:00,2020-07-15 20:00:00,2020-07-15 20:00:00,2020-07-15 21:00:00,2020-07-15 21:00:00,2020-07-15 21:00:00,2020-07-15 21:00:00,2020-07-15 22:00:00,2020-07-15 22:00:00,2020-07-15 22:00:00,2020-07-15 22:00:00,2020-07-15 23:00:00,2020-07-15 23:00:00,2020-07-15 23:00:00,2020-07-15 23:00:00,2020-07-16 00:00:00,2020-07-16 00:00:00,2020-07-16 00:00:00,2020-07-16 00:00:00,2020-07-16 02:00:00,2020-07-16 02:00:00,2020-07-16 02:00:00,2020-07-16 02:00:00,2020-07-16 04:00:00,2020-07-16 04:00:00,2020-07-16 04:00:00,2020-07-16 04:00:00,2020-07-16 06:00:00,2020-07-16 06:00:00,2020-07-16 06:00:00,2020-07-16 06:00:00,2020-07-16 08:00:00,2020-07-16 08:00:00,2020-07-16 08:00:00,2020-07-16 08:00:00,2020-07-16 10:00:00,2020-07-16 10:00:00,2020-07-16 10:00:00,2020-07-16 10:00:00,2020-07-16 12:00:00,2020-07-16 12:00:00,2020-07-16 12:00:00,2020-07-16 12:00:00,2020-07-16 14:00:00,2020-07-16 14:00:00,2020-07-16 14:00:00,2020-07-16 14:00:00,2020-07-16 16:00:00,2020-07-16 16:00:00,2020-07-16 16:00:00,2020-07-16 16:00:00,2020-07-16 18:00:00,2020-07-16 18:00:00,2020-07-16 18:00:00,2020-07-16 18:00:00,2020-07-16 20:00:00,2020-07-16 20:00:00,2020-07-16 20:00:00,2020-07-16 20:00:00,2020-07-16 22:00:00,2020-07-16 22:00:00,2020-07-16 22:00:00,2020-07-16 22:00:00
k,0,1,2,3,0,1,2,3,0,1,2,3,0,1,2,3,0,1,2,3,0,1,2,3,0,1,2,3,0,1,2,3,0,1,2,3,0,1,2,3,0,1,2,3,0,1,2,3,0,1,2,3,0,1,2,3,0,1,2,3,0,1,2,3,0,1,2,3,0,1,2,3,0,1,2,3,0,1,2,3,0,1,2,3,0,1,2,3,0,1,2,3,0,1,2,3,0,1,2,3,0,1,2,3,0,1,2,3,0,1,2,3,0,1,2,3,0,1,2,3,0,1,2,3,0,1,2,3,0,1,2,3,0,1,2,3,0,1,2,3,0,1,2,3
101_CT_1,-0.0,0.0,0.0,0.0,-0.0,0.0,0.0,0.0,0.0,0.0,0.0,0.0,0.0,0.0,0.0,0.0,0.0,-0.0,0.0,0.0,0.0,0.0,0.0,0.0,-0.0,0.0,0.0,0.0,-0.0,0.0,0.0,0.0,-0.0,0.0,0.0,0.0,0.0,0.0,0.0,0.0,0.0,0.0,0.0,0.0,-0.0,0.0,0.0,0.0,0.0,0.0,0.0,0.0,0.0,0.0,0.0,0.0,0.0,0.0,0.0,0.0,0.0,0.0,0.0,0.0,0.0,0.0,0.0,0.0,0.0,0.0,0.0,0.0,0.0,0.0,0.0,0.0,0.0,-0.0,0.0,0.0,0.0,0.0,0.0,0.0,0.0,-0.0,0.0,0.0,0.0,0.0,0.0,0.0,-0.0,-0.0,0.0,0.0,0.0,0.0,0.0,0.0,0.0,0.0,0.0,0.0,0.0,0.0,0.0,0.0,0.0,0.0,0.0,0.0,0.0,0.0,0.0,0.0,0.0,0.0,0.0,0.0,0.0,0.0,0.0,0.0,0.0,0.0,0.0,0.0,0.0,0.0,0.0,0.0,0.0,0.0,0.0,0.0,0.0,0.0,0.0,0.0,0.0,0.0,0.0,0.0
101_CT_2,-0.0,0.0,0.0,0.0,-0.0,0.0,0.0,0.0,-0.0,0.0,0.0,0.0,-0.0,0.0,0.0,0.0,0.0,-0.0,0.0,0.0,-0.0,0.0,0.0,0.0,-0.0,0.0,0.0,0.0,-0.0,0.0,0.0,0.0,-0.0,0.0,0.0,0.0,-0.0,0.0,0.0,0.0,-0.0,0.0,0.0,0.0,-0.0,0.0,0.0,0.0,-0.0,0.0,0.0,0.0,-0.0,0.0,0.0,0.0,-0.0,0.0,0.0,0.0,-0.0,0.0,0.0,0.0,-0.0,0.0,0.0,0.0,-0.0,0.0,0.0,0.0,-0.0,0.0,0.0,0.0,0.0,-0.0,0.0,0.0,-0.0,0.0,0.0,0.0,0.0,-0.0,0.0,0.0,-0.0,0.0,0.0,0.0,-0.0,-0.0,0.0,0.0,0.0,0.0,0.0,0.0,0.0,0.0,0.0,0.0,0.0,0.0,0.0,0.0,0.0,0.0,0.0,0.0,0.0,0.0,0.0,0.0,0.0,0.0,0.0,0.0,0.0,0.0,0.0,0.0,0.0,0.0,0.0,0.0,0.0,0.0,0.0,0.0,0.0,0.0,0.0,0.0,0.0,0.0,0.0,0.0,0.0,0.0,0.0,0.0
101_STEAM_3,0.0019152665598536345,-1.7139478580840972e-07,0.0029132459972012192,0.0017157925756779253,0.0005289124252503274,1.7119292738954073e-07,0.0007991891764929093,0.0004666819455215126,6.214744628413004e-05,-5.7842196138130605e-09,9.480603583829404e-05,5.5679553949455175e-05,8.666990218782199e-05,-6.877801509642926e-09,0.00013214517101792117,7.756347571644172e-05,0.00037744388911899185,7.848061972703712e-07,0.0005751595987787981,0.00033816013969172813,-0.0005717787105267778,-0.0004900596470331579,-0.000564366169044869,-0.0005213501142389077,-0.0005248598662208614,-0.00033833207368427765,-0.00035153108645546993,-0.00030244981695314775,-0.0012055019239251008,-0.0010190330865563757,-0.0010323922260715435,-0.0009832797163261155,-0.0008164169720368264,-0.0006294811214059282,-0.0006428562208080635,-0.0005936342156664669,-0.0014816726619368773,-0.0012947467977254146,-0.001308157832257819,-0.0012589353665665404,-0.0013345574386147054,-0.0011468407887013452,-0.0011602566330309785,-0.0011108607160282135,-0.0011163732804624349,-0.000992545164098746,-0.001001409227562089,-0.0009688177232100727,-0.0006995034138420993,-0.0005764123857328639,-0.0005852666424533905,-0.0005528449876648451,-0.00473865673068601,-0.004501594661715772,-0.004517824373234148,-0.0044582757418187,-0.0006833293616161816,-0.0005602086309013893,-0.0005690052421393542,-0.0005366374303353534,-0.0008018391073246114,-0.0006150913084805996,-0.0006284701340425096,-0.0005793433378570631,-0.0007312236727254238,-0.0006082491700444801,-0.0006171536847126801,-0.0005847660469526592,-0.0007328451258404645,-0.0006097060758461685,-0.0006184823485183064,-0.0005861070618178872,-0.0007605927990408394,-0.0006362423727664093,-0.0006450519318224325,-0.0006124609293297509,-0.0005100938980742236,-0.0003865562389925573,-0.0003953508053834455,-0.0003628844674382349,-0.0005728881286031765,-0.0003854702851026995,-0.0003987845725511237,-0.00034972920760462654,-0.00042955384793644165,-0.00024268021885317286,-0.00025599964828605567,-0.0002067962457199032,-0.0004888790457540194,-0.00030203379834505266,-0.00031543995869264387,-0.00026623384835780203,-0.00048058762090041895,-0.0002940076820291959,-0.0003072814083517894,-0.00025798526817368965,0.0,0.0,0.0,0.0,0.0,0.0,0.0,0.0,0.0,0.0,0.0,0.0,0.0,0.0,0.0,0.0,0.0,0.0,0.0,0.0,0.0,0.0,0.0,0.0,0.0,0.0,0.0,0.0,0.0,0.0,0.0,0.0,0.0,0.0,0.0,0.0,0.0,0.0,0.0,0.0,0.0,0.0,0.0,0.0,0.0,0.0,0.0,0.0
101_STEAM_4,0.0019152665598536345,-1.7139478580840972e-07,0.0029132459972012192,0.0017157925756779253,0.0005289124252503274,1.7119292738954073e-07,0.0007991891764929093,0.0004666819455215126,6.214744628485792e-05,-5.784219592764292e-09,9.48060358392644e-05,5.567955395012091e-05,8.666990218762773e-05,-6.8778014803525265e-09,0.00013214517101742368,7.756347571627665e-05,0.00037744388911899185,7.848061973436904e-07,0.000575159598778905,0.00033816013969172813,-0.0015325156676121933,-0.0012402403188067964,-0.001180463258489531,-0.001129467393136732,-0.0005248598662208614,-0.00033833207368427765,-0.00035153108645546993,-0.00030244981695314775,-0.0012055019239251008,-0.0010190330865563757,-0.0010323922260715435,-0.0009832797163261155,-0.0008164169720368264,-0.0006294811214059282,-0.0006428562208080635,-0.0005936342156664669,-0.0014816726619300065,-0.0012947467977194992,-0.0013081578322519972,-0.0012589353665609523,-0.0013345574386149448,-0.0011468407887010503,-0.001160256633031662,-0.0011108607160282135,-0.0011163732804624349,-0.000992545164098746,-0.001001409227562089,-0.0009688177232100727,-0.0006995034138421356,-0.0005764123857327464,-0.0005852666424536255,-0.0005528449876648451,-0.004738656730762634,-0.0045015946617880855,-0.004517824373306689,-0.004458275741890303,-0.0006833293616139259,-0.0005602086308995097,-0.0005690052421372872,-0.0005366374303335727,-0.0008018391073246287,-0.0006150913084805733,-0.0006284701340423622,-0.0005793433378570631,-0.0007312236727254442,-0.0006082491700443207,-0.0006171536847127447,-0.0005847660469526592,-0.0007328451258095336,-0.0006097060758239277,-0.0006184823484953142,-0.0005861070617969462,-0.0007605927990406143,-0.0006362423727664665,-0.0006450519318223767,-0.0006124609293297509,-0.0005100938980742071,-0.0003865562389925034,-0.0003953508053836628,-0.0003628844674382349,-0.0005728881286031225,-0.00038547028510268116,-0.00039878457255097127,-0.00034972920760462654,-0.00042955384794038457,-0.0002426802188550204,-0.0002559996482882502,-0.0002067962457214433,-0.0004888790457555535,-0.0003020337983460187,-0.0003154399586935518,-0.00026623384835855354,-0.00048058762090041895,-0.0002940076820291959,-0.0003072814083517894,-0.00025798526817368965,0.0,0.0,0.0,0.0,0.0,0.0,0.0,0.0,0.0,0.0,0.0,0.0,0.0,0.0,0.0,0.0,0.0,0.0,0.0,0.0,0.0,0.0,0.0,0.0,0.0,0.0,0.0,0.0,0.0,0.0,0.0,0.0,0.0,0.0,0.0,0.0,0.0,0.0,0.0,0.0,0.0,0.0,0.0,0.0,0.0,0.0,0.0,0.0
102_CT_1,-0.0,0.0,0.0,0.0,-0.0,0.0,0.0,0.0,-0.0,0.0,0.0,0.0,-0.0,0.0,0.0,0.0,-0.0,-0.0,0.0,0.0,0.0,0.0,0.0,0.0,-0.0,0.0,0.0,0.0,-0.0,0.0,0.0,0.0,-0.0,0.0,0.0,0.0,-0.0,0.0,0.0,0.0,-0.0,0.0,0.0,0.0,-0.0,0.0,0.0,0.0,-0.0,0.0,0.0,0.0,-0.0,0.0,0.0,0.0,-0.0,0.0,0.0,0.0,-0.001828341697794722,-0.001830317764390077,-0.0018297477867401102,-0.0018305790245139108,-0.0,0.0,0.0,0.0,-0.0,0.0,0.0,0.0,-0.0,0.0,0.0,0.0,-0.0,-0.0,0.0,0.0,-0.0,0.0,0.0,0.0,-0.0,-0.0,0.0,0.0,-0.0,0.0,0.0,0.0,-0.0,-0.0,0.0,0.0,0.0,0.0,0.0,0.0,0.0,0.0,0.0,0.0,0.0,0.0,0.0,0.0,0.0,0.0,0.0,0.0,0.0,0.0,0.0,0.0,0.0,0.0,0.0,0.0,0.0,0.0,0.0,0.0,0.0,0.0,0.0,0.0,0.0,0.0,0.0,0.0,0.0,0.0,0.0,0.0,0.0,0.0,0.0,0.0,0.0,0.0,0.0,0.0
102_CT_2,-0.0,0.0,0.0,0.0,-0.0,0.0,0.0,0.0,-0.0,0.0,0.0,0.0,-0.0,0.0,0.0,0.0,-0.0,-0.0,0.0,0.0,-0.0,0.0,0.0,0.0,-0.0,0.0,0.0,0.0,-0.0,0.0,0.0,0.0,-0.0,0.0,0.0,0.0,-0.0,0.0,0.0,0.0,-0.0,0.0,0.0,0.0,-0.0,0.0,0.0,0.0,-0.0,0.0,0.0,0.0,-0.0,0.0,0.0,0.0,-0.0,0.0,0.0,0.0,-0.001828341697794722,-0.001830317764390077,-0.0018297477867401102,-0.0018305790245139108,-0.0,0.0,0.0,0.0,-0.0,0.0,0.0,0.0,-0.0,0.0,0.0,0.0,-0.0,-0.0,0.0,0.0,-0.0,0.0,0.0,0.0,-0.0,-0.0,0.0,0.0,-0.0,0.0,0.0,0.0,-0.0,-0.0,0.0,0.0,0.0,0.0,0.0,0.0,0.0,0.0,0.0,0.0,0.0,0.0,0.0,0.0,0.0,0.0,0.0,0.0,0.0,0.0,0.0,0.0,0.0,0.0,0.0,0.0,0.0,0.0,0.0,0.0,0.0,0.0,0.0,0.0,0.0,0.0,0.0,0.0,0.0,0.0,0.0,0.0,0.0,0.0,0.0,0.0,0.0,0.0,0.0,0.0
102_STEAM_3,-0.025775473902591495,2.6403783448536444e-06,-0.039119930842872463,-0.022925760950390693,-0.026154933181151918,4.92239070937206e-06,-0.039721362983002884,-0.02329015214677527,-0.01730388423874446,-8.583809688600397e-07,-0.0045643826710359825,0.0008367883156989415,-0.021282628352541355,-1.1947397308142982e-06,-0.01061008510612016,-0.002709032620074143,-0.01474411811486706,2.2239687901826066e-06,-0.022394097371763122,-0.013131247212631418,-0.020758770397737877,-0.020758824695142928,-0.02072092164403603,-0.02073383800202785,-0.011404647270685464,-0.011405284650397807,-0.011406408004808632,-0.011406242843732005,-0.009248807691651872,-0.00924996890143992,-0.009250211948490072,-0.009250432273084397,-0.009906956178504178,-0.009909003911324099,-0.009908278895091716,-0.009908948453439217,-0.007376249960755532,-0.007377823564295616,-0.007377621006081636,-0.007378062098458037,-0.007177532928619668,-0.007179040523854208,-0.007178928408349439,-0.007179330398621064,-0.007901054266186314,-0.007901411715343198,-0.007901407602965538,-0.007901497478534652,-0.007069912730704009,-0.007069788649860076,-0.007070051893454554,-0.0070699670864695936,-0.00748314540491446,-0.007264786193178274,-0.007278978563513228,-0.007226977491485787,-0.00669505698570283,-0.006695526575001054,-0.006695038986076929,-0.006695189051970578,-0.004466738904972289,-0.004468251628457542,-0.004468076247822639,-0.004468392943057266,-0.00518476382899441,-0.00518518086370906,-0.005185423659459731,-0.0051849757267833285,-0.005474511619647238,-0.005474956658921615,-0.00547455625167137,-0.005474759795726184,-0.004661681339997559,-0.004662180147229855,-0.004661726790556653,-0.004661925592148838,-0.004209805153670754,-0.004210914131587362,-0.004210289744209783,-0.004210342344069118,-0.0038307235696414255,-0.0038321925636546905,-0.0038315114096869607,-0.003831852051798916,-0.004802597478211046,-0.004803745965590606,-0.0048031959352059506,-0.004803659561346712,-0.004382517472253267,-0.004383305982798347,-0.004383173223076131,-0.00438337839407629,-0.006124554672785942,-0.0061254065375258016,-0.006125431830511507,-0.006125657876708707,0.0,0.0,0.0,0.0,0.0,0.0,0.0,0.0,0.0,0.0,0.0,0.0,0.0,0.0,0.0,0.0,0.0,0.0,0.0,0.0,0.0,0.0,0.0,0.0,0.0,0.0,0.0,0.0,0.0,0.0,0.0,0.0,0.0,0.0,0.0,0.0,0.0,0.0,0.0,0.0,0.0,0.0,0.0,0.0,0.0,0.0,0.0,0.0
102_STEAM_4,-0.025775473902591495,2.6403783448536444e-06,-0.039119930842872463,-0.022925760950390693,-0.026154933181151918,4.92239070937206e-06,-0.039721362983002884,-0.02329015214677527,-0.01730388423874446,-8.583809688600397e-07,-0.0045643826710359825,0.0008367883156989415,-0.021282628352541355,-1.1947397308142982e-06,-0.01061008510612016,-0.002709032620074143,-0.01474411811486706,2.2239687901826066e-06,-0.022394097371763122,-0.013131247212631418,-0.026679544463794617,-0.02666868526414398,-0.026631238061824124,-0.026644922188807645,-0.011404647270685464,-0.011405284650397807,-0.011406408004808632,-0.011406242843732005,-0.009248807691651872,-0.00924996890143992,-0.009250211948490072,-0.009250432273084397,-0.009906956178504178,-0.009909003911324099,-0.009908278895091716,-0.009908948453439217,-0.007376249960755532,-0.007377823564295616,-0.007377621006081636,-0.007378062098458037,-0.007177532928619668,-0.007179040523854208,-0.007178928408349439,-0.007179330398621064,-0.007901054266186314,-0.007901411715343198,-0.007901407602965538,-0.007901497478534652,-0.007069912730704009,-0.007069788649860076,-0.007070051893454554,-0.0070699670864695936,-0.00748314540491446,-0.007264786193178274,-0.007278978563513228,-0.007226977491485787,-0.00669505698570283,-0.006695526575001054,-0.006695038986076929,-0.006695189051970578,-0.004466738904972289,-0.004468251628457542,-0.004468076247822639,-0.004468392943057266,-0.00518476382899441,-0.00518518086370906,-0.005185423659459731,-0.0051849757267833285,-0.005474511619647238,-0.005474956658921615,-0.00547455625167137,-0.005474759795726184,-0.004661681339997559,-0.004662180147229855,-0.004661726790556653,-0.004661925592148838,-0.004209805153670754,-0.004210914131587362,-0.004210289744209783,-0.004210342344069118,-0.0038307235696414255,-0.0038321925636546905,-0.0038315114096869607,-0.003831852051798916,-0.004802597478211046,-0.004803745965590606,-0.0048031959352059506,-0.004803659561346712,-0.004382517472253267,-0.004383305982798347,-0.004383173223076131,-0.00438337839407629,-0.006124554672785942,-0.0061254065375258016,-0.006125431830511507,-0.006125657876708707,0.0,0.0,0.0,0.0,0.0,0.0,0.0,0.0,0.0,0.0,0.0,0.0,0.0,0.0,0.0,0.0,0.0,0.0,0.0,0.0,0.0,0.0,0.0,0.0,0.0,0.0,0.0,0.0,0.0,0.0,0.0,0.0,0.0,0.0,0.0,0.0,0.0,0.0,0.0,0.0,0.0,0.0,0.0,0.0,0.0,0.0,0.0,0.0
107_CC_1,0.03464041081012237,-8.062848175782733e-07,0.05256945171444016,0.030803790068343825,0.019654943047399343,4.3927139659061254e-07,0.029825233101970383,0.017472473423504286,0.017492112503428192,7.403434243435925e-07,0.026554814323821674,0.015558889170224527,0.017880396354594597,9.851252817938416e-07,0.02714436140438181,0.015906926947821892,0.021971726617427523,1.1982205673444213e-05,0.03334370678726195,0.019546667582117736,0.023488040946132882,0.023445479369800015,0.0235256584049921,0.023494611638618514,0.048838648665096684,0.04883444158653205,0.04884687749607153,0.048842999651856935,-0.04922797748804619,-0.049230422599926715,-0.049237289918481864,-0.04923702083645889,-0.037995373153169476,-0.03801683208047946,-0.03801723769268861,-0.038022210054834846,-0.04429534803118762,-0.044314158586705066,-0.044319129758907394,-0.04432221986403755,-0.0356060457166536,-0.03561899198838647,-0.035618162040108814,-0.03562141227529585,-0.04389851100792419,-0.04393491667305849,-0.043932808312028726,-0.04394150460650953,-0.11575431443643547,-0.11580583405846312,-0.11580862015663129,-0.11581974692067619,-0.11247303590167657,-0.20237124535254747,-0.19656012209951612,-0.21796540617264545,-0.04530389215991848,-0.04532180014186604,-0.04532208485099787,-0.04532763195697152,-0.05199224269538538,-0.05200617024624865,-0.05200294472498612,-0.052003590812291924,-0.024072428216644237,-0.0240769675225323,-0.024078014207595366,-0.024077753261622484,-0.02416286844589166,-0.024172481275299473,-0.024171767991465032,-0.02417506017853557,-0.019304090915290395,-0.01931983685716765,-0.019316747222250186,-0.019324317742894066,-0.013756747065951203,-0.013769173978081417,-0.013766588380495826,-0.013770523013826122,-0.012056114465429646,-0.012064815475249069,-0.012061796199551722,-0.012065099885865765,-0.011444038920928268,-0.011447371162174425,-0.011445848738731002,-0.011447364049302909,-0.009175077502229012,-0.009175625024126166,-0.009174503476491402,-0.009175109274164409,0.03655034477794494,0.036551282949493835,0.03656020199599297,0.036560416899691014,0.0,0.0,0.0,0.0,0.0,0.0,0.0,0.0,0.0,0.0,0.0,0.0,0.0,0.0,0.0,0.0,0.0,0.0,0.0,0.0,0.0,0.0,0.0,0.0,0.0,0.0,0.0,0.0,0.0,0.0,0.0,0.0,0.0,0.0,0.0,0.0,0.0,0.0,0.0,0.0,0.0,0.0,0.0,0.0,0.0,0.0,0.0,0.0
113_CT_1,0.0,0.0,0.0,0.0,0.0,0.0,0.0,0.0,0.0,0.0,0.0,0.0,0.0,0.0,0.0,0.0,0.0,-0.0,0.0,0.0,0.0,0.0,0.0,0.0,0.0,0.0,0.0,0.0,0.0,0.0,0.0,0.0,0.0,0.0,0.0,0.0,0.0,0.0,0.0,0.0,0.0,0.0,0.0,0.0,0.0,0.0,0.0,0.0,0.0,0.0,0.0,0.0,0.0,0.0,0.0,0.0,0.0,0.0,0.0,0.0,0.0,0.0,0.0,0.0,0.0,0.0,0.0,0.0,0.0,0.0,0.0,0.0,0.0,0.0,0.0,0.0,0.0,-0.0,0.0,0.0,0.0,0.0,0.0,0.0,0.0,-0.0,0.0,0.0,0.0,0.0,0.0,0.0,0.0,-0.0,0.0,0.0,0.0,0.0,0.0,0.0,0.0,0.0,0.0,0.0,0.0,0.0,0.0,0.0,0.0,0.0,0.0,0.0,0.0,0.0,0.0,0.0,0.0,0.0,0.0,0.0,0.0,0.0,0.0,0.0,0.0,0.0,0.0,0.0,0.0,0.0,0.0,0.0,0.0,0.0,0.0,0.0,0.0,0.0,0.0,0.0,0.0,0.0,0.0,0.0
113_CT_2,-0.0,0.0,0.0,0.0,-0.0,0.0,0.0,0.0,-0.0,0.0,0.0,0.0,-0.0,0.0,0.0,0.0,-0.0,-0.0,0.0,0.0,-0.0,0.0,0.0,0.0,-0.0,0.0,0.0,0.0,-0.0,0.0,0.0,0.0,-0.0,0.0,0.0,0.0,-0.0,0.0,0.0,0.0,-0.0,0.0,0.0,0.0,-0.0,0.0,0.0,0.0,-0.0,0.0,0.0,0.0,-0.0,0.0,0.0,0.0,-0.0,0.0,0.0,0.0,-0.0,0.0,0.0,0.0,-0.0,0.0,0.0,0.0,-0.0,0.0,0.0,0.0,-0.0,0.0,0.0,0.0,-0.0,-0.0,0.0,0.0,-0.0,0.0,0.0,0.0,-0.0,-0.0,0.0,0.0,-0.0,0.0,0.0,0.0,-0.0,-0.0,0.0,0.0,0.0,0.0,0.0,0.0,0.0,0.0,0.0,0.0,0.0,0.0,0.0,0.0,0.0,0.0,0.0,0.0,0.0,0.0,0.0,0.0,0.0,0.0,0.0,0.0,0.0,0.0,0.0,0.0,0.0,0.0,0.0,0.0,0.0,0.0,0.0,0.0,0.0,0.0,0.0,0.0,0.0,0.0,0.0,0.0,0.0,0.0,0.0,0.0
113_CT_3,-0.0,0.0,0.0,0.0,-0.0,0.0,0.0,0.0,-0.0,0.0,0.0,0.0,-0.0,0.0,0.0,0.0,-0.0,-0.0,0.0,0.0,-0.0,0.0,0.0,0.0,-0.0,0.0,0.0,0.0,-0.0,0.0,0.0,0.0,-0.0,0.0,0.0,0.0,-0.0,0.0,0.0,0.0,-0.0,0.0,0.0,0.0,-0.0,0.0,0.0,0.0,-0.0,0.0,0.0,0.0,-0.0,0.0,0.0,0.0,-0.0,0.0,0.0,0.0,-0.0,0.0,0.0,0.0,-0.0,0.0,0.0,0.0,-0.0,0.0,0.0,0.0,-0.0,0.0,0.0,0.0,-0.0,-0.0,0.0,0.0,-0.0,0.0,0.0,0.0,-0.0,-0.0,0.0,0.0,-0.0,0.0,0.0,0.0,-0.0,-0.0,0.0,0.0,0.0,0.0,0.0,0.0,0.0,0.0,0.0,0.0,0.0,0.0,0.0,0.0,0.0,0.0,0.0,0.0,0.0,0.0,0.0,0.0,0.0,0.0,0.0,0.0,0.0,0.0,0.0,0.0,0.0,0.0,0.0,0.0,0.0,0.0,0.0,0.0,0.0,0.0,0.0,0.0,0.0,0.0,0.0,0.0,0.0,0.0,0.0,0.0
113_CT_4,-0.0,0.0,0.0,0.0,-0.0,0.0,0.0,0.0,-0.0,0.0,0.0,0.0,-0.0,0.0,0.0,0.0,-0.0,-0.0,0.0,0.0,-0.0,0.0,0.0,0.0,-0.0,0.0,0.0,0.0,-0.0,0.0,0.0,0.0,-0.0,0.0,0.0,0.0,-0.0,0.0,0.0,0.0,-0.0,0.0,0.0,0.0,-0.0,0.0,0.0,0.0,-0.0,0.0,0.0,0.0,-0.0,0.0,0.0,0.0,-0.0,0.0,0.0,0.0,-0.0,0.0,0.0,0.0,-0.0,0.0,0.0,0.0,-0.0,0.0,0.0,0.0,-0.0,0.0,0.0,0.0,-0.0,-0.0,0.0,0.0,-0.0,0.0,0.0,0.0,-0.0,-0.0,0.0,0.0,-0.0,0.0,0.0,0.0,-0.0,-0.0,0.0,0.0,0.0,0.0,0.0,0.0,0.0,0.0,0.0,0.0,0.0,0.0,0.0,0.0,0.0,0.0,0.0,0.0,0.0,0.0,0.0,0.0,0.0,0.0,0.0,0.0,0.0,0.0,0.0,0.0,0.0,0.0,0.0,0.0,0.0,0.0,0.0,0.0,0.0,0.0,0.0,0.0,0.0,0.0,0.0,0.0,0.0,0.0,0.0,0.0
115_STEAM_1,-0.0,0.0,0.0,0.0,-0.0,0.0,0.0,0.0,-0.0,0.0,0.0,0.0,-0.0,0.0,0.0,0.0,-0.0,-0.0,0.0,0.0,0.0,0.0,0.0,0.0,-0.0,0.0,0.0,0.0,-0.0,0.0,0.0,0.0,-0.0,0.0,0.0,0.0,-0.0,0.0,0.0,0.0,-0.0,0.0,0.0,0.0,-0.0,0.0,0.0,0.0,-0.0,0.0,0.0,0.0,-0.0,0.0,0.0,0.0,0.0,0.0,0.0,0.0,0.0,0.0,0.0,0.0,0.0,0.0,0.0,0.0,0.0,0.0,0.0,0.0,0.0,0.0,0.0,0.0,0.0,-0.0,0.0,0.0,0.0,0.0,0.0,0.0,0.0,-0.0,0.0,0.0,0.0,0.0,0.0,0.0,-0.0,-0.0,0.0,0.0,0.0,0.0,0.0,0.0,0.0,0.0,0.0,0.0,0.0,0.0,0.0,0.0,0.0,0.0,0.0,0.0,0.0,0.0,0.0,0.0,0.0,0.0,0.0,0.0,0.0,0.0,0.0,0.0,0.0,0.0,0.0,0.0,0.0,0.0,0.0,0.0,0.0,0.0,0.0,0.0,0.0,0.0,0.0,0.0,0.0,0.0,0.0,0.0
115_STEAM_2,-0.0,0.0,0.0,0.0,-0.0,0.0,0.0,0.0,-0.0,0.0,0.0,0.0,-0.0,0.0,0.0,0.0,-0.0,-0.0,0.0,0.0,-0.0,0.0,0.0,0.0,-0.0,0.0,0.0,0.0,-0.0,0.0,0.0,0.0,-0.0,0.0,0.0,0.0,-0.0,0.0,0.0,0.0,-0.0,0.0,0.0,0.0,-0.0,0.0,0.0,0.0,-0.0,0.0,0.0,0.0,-0.0,0.0,0.0,0.0,-0.0,0.0,0.0,0.0,-0.0,0.0,0.0,0.0,-0.0,0.0,0.0,0.0,-0.0,0.0,0.0,0.0,-0.0,0.0,0.0,0.0,0.0,-0.0,0.0,0.0,-0.0,0.0,0.0,0.0,0.0,-0.0,0.0,0.0,-0.0,0.0,0.0,0.0,-0.0,-0.0,0.0,0.0,0.0,0.0,0.0,0.0,0.0,0.0,0.0,0.0,0.0,0.0,0.0,0.0,0.0,0.0,0.0,0.0,0.0,0.0,0.0,0.0,0.0,0.0,0.0,0.0,0.0,0.0,0.0,0.0,0.0,0.0,0.0,0.0,0.0,0.0,0.0,0.0,0.0,0.0,0.0,0.0,0.0,0.0,0.0,0.0,0.0,0.0,0.0,0.0
115_STEAM_3,0.04047822905342047,6.733858548102489e-06,0.06140440775773648,0.03596619203242433,0.024986807747521045,4.081156799617958e-06,0.03788865989349688,0.02216675793856369,0.018667485618792612,5.428387348516139e-06,0.028321239016705135,0.01656642966262144,0.02226896378963894,1.0636519552686963e-05,0.033783964381250975,0.019768597430244284,0.026315470018342058,3.891076699857887e-05,0.03989827220480047,0.023377943115876442,0.024597136838843126,0.024660399581489134,0.02464620976396059,0.024643018276656926,-0.029317729599143805,-0.029263295393827438,-0.029376127787640094,-0.029330587677970216,-0.015300011977966044,-0.015301388920664571,-0.015302589269577282,-0.015302630726089938,-0.012470575795455519,-0.01247267497508453,-0.012472176354266118,-0.012472846070752056,-0.010436744294489153,-0.010438525255539233,-0.010438775853746307,-0.01043915594579535,-0.011539487560300099,-0.011541618447814539,-0.011541484330110485,-0.011542046043432308,-0.012288647269577124,-0.012289756331781199,-0.012289772030926294,-0.012290016041034853,-0.009735756532326834,-0.009737275886711583,-0.009737694758652715,-0.009737948965965627,-0.010667186348662372,-0.010355622672213904,-0.010376140549396062,-0.010301859370497114,-0.00861347831857695,-0.008614083283553287,-0.00861403621202328,-0.008614194248985345,-0.00521721055967328,-0.005218870008836363,-0.0052187167129851275,-0.005219145171306655,-0.006125187077407168,-0.006125690789184901,-0.006126456487166809,-0.006126058176995552,-0.005528180113393399,-0.005528813755927953,-0.005528570406843514,-0.005528815846468743,-0.005385104082418657,-0.005385515431322929,-0.005385118749573703,-0.005385403548035018,-0.005018964104150259,-0.005019313900001099,-0.005018853195800865,-0.005019016481941576,-0.003807611414333223,-0.003808243108472331,-0.0038077973165033807,-0.0038080997958881073,-0.0051872064104020454,-0.005187936426605977,-0.005187587069040767,-0.005187908624441397,-0.004879469205276266,-0.004880128670300632,-0.004880326655284595,-0.004880316196407049,-0.015476209196573887,-0.015470810721841977,-0.015484632510336382,-0.015475088468986263,0.0,0.0,0.0,0.0,0.0,0.0,0.0,0.0,0.0,0.0,0.0,0.0,0.0,0.0,0.0,0.0,0.0,0.0,0.0,0.0,0.0,0.0,0.0,0.0,0.0,0.0,0.0,0.0,0.0,0.0,0.0,0.0,0.0,0.0,0.0,0.0,0.0,0.0,0.0,0.0,0.0,0.0,0.0,0.0,0.0,0.0,0.0,0.0
116_STEAM_1,-0.08921748154705234,7.814784331561242e-05,-0.1357725228183,-0.0802113864578094,0.02423517540274922,1.5673285151507343e-05,0.03666130038489257,0.02135398708621978,0.021088363796299303,1.2816923874892083e-05,0.03192928156980468,0.018629768549155056,0.016037763782244863,2.5603273280827565e-05,0.024208691334586696,0.014099691202262607,-0.04144271167866104,0.00025885748474818726,-0.06337404506455524,-0.03733210374842989,0.019483087464135074,0.019883558964723935,0.019541997311185888,0.01964063278323064,-0.029884790080847212,-0.02988148960929604,-0.029893283470681986,-0.029889227073851932,-0.015016082208125003,-0.01501754268179667,-0.015018566966315205,-0.015018666438916275,-0.012421108285409765,-0.012423060468804481,-0.012422822324180238,-0.012423383308397403,-0.010412699033644501,-0.010414506805385582,-0.010414746691100873,-0.01041513527223017,-0.011440384939202741,-0.011442489359489993,-0.011442351735519551,-0.011442908012585927,-0.012252521170154518,-0.012253671092285368,-0.012253695551312838,-0.012253944202637326,-0.00969549727482688,-0.009696916281016321,-0.009697326911133786,-0.009697558587122125,-0.010892593110651272,-0.010574843389797639,-0.010595753128143315,-0.01052000411019538,-0.008616521431718538,-0.008617168856097646,-0.008617115781648366,-0.00861726989430522,-0.005224033487481794,-0.005225694586284413,-0.005225539229116283,-0.005225968997740897,-0.00613500460691252,-0.0061355140368966055,-0.006136267366613879,-0.006135888156636473,-0.005528976006707986,-0.005529639337181647,-0.005529395240314816,-0.005529647303233415,-0.005354818603335421,-0.005355264902136669,-0.005354909106663808,-0.005355177646403799,-0.004993948292379979,-0.004994282524986571,-0.004993904228095314,-0.004994057835636333,-0.0037952666113590383,-0.0037958746030405943,-0.0037955043010811096,-0.0037957815469465794,-0.005134016993049384,-0.0051347585687495645,-0.005134467983343161,-0.005134760461086332,-0.004843478537663648,-0.004844142588494527,-0.004844264631358897,-0.004844309303203288,-0.013502858292430364,-0.013503417039908427,-0.01350447075854655,-0.013503945891450408,0.0,0.0,0.0,0.0,0.0,0.0,0.0,0.0,0.0,0.0,0.0,0.0,0.0,0.0,0.0,0.0,0.0,0.0,0.0,0.0,0.0,0.0,0.0,0.0,0.0,0.0,0.0,0.0,0.0,0.0,0.0,0.0,0.0,0.0,0.0,0.0,0.0,0.0,0.0,0.0,0.0,0.0,0.0,0.0,0.0,0.0,0.0,0.0
118_CC_1,-0.0,0.0,0.0,0.0,-0.0,0.0,0.0,0.0,-0.0,0.0,0.0,0.0,-0.0,0.0,0.0,0.0,-0.0,-0.0,0.0,0.0,-0.0,0.0,0.0,0.0,-0.0,0.0,0.0,0.0,-0.0,0.0,0.0,0.0,-0.0,0.0,0.0,0.0,-0.010404891427371776,-0.010406736898395774,-0.010406776429562115,-0.010407233277476407,-0.027201271791244652,-0.027205833472258245,-0.02720570057626226,-0.027206869843967585,-0.02656756045842945,-0.026566332363623157,-0.02656760013089965,-0.026566912896874996,-0.019818141280101953,-0.019819102016315426,-0.019822716035223564,-0.01982206147346196,-0.013841881415457502,-0.013434642002142283,-0.013461738636326714,-0.013364553762475478,-0.014402990687418793,-0.014400764397289212,-0.014402135676355066,-0.014401659353637825,-0.009643333401752496,-0.009646330883134047,-0.009646088531085617,-0.00964688386638292,-0.011627974981350375,-0.011628144934483942,-0.011630383654566145,-0.011629009540546709,-0.009387709225829433,-0.009388144051465597,-0.009387882560078609,-0.009388160870881306,-0.009808881851695261,-0.009807161440341217,-0.009806297584911583,-0.009806858882738984,-0.010129779503715852,-0.01012793189605099,-0.010126709840829307,-0.01012679622233054,-0.004471426050570604,-0.004471872965578605,-0.004471095910540068,-0.004471683220370968,-0.0,-0.0,0.0,0.0,-0.0,0.0,0.0,0.0,-0.0,-0.0,0.0,0.0,0.0,0.0,0.0,0.0,0.0,0.0,0.0,0.0,0.0,0.0,0.0,0.0,0.0,0.0,0.0,0.0,0.0,0.0,0.0,0.0,0.0,0.0,0.0,0.0,0.0,0.0,0.0,0.0,0.0,0.0,0.0,0.0,0.0,0.0,0.0,0.0,0.0,0.0,0.0,0.0,0.0,0.0,0.0,0.0,0.0,0.0,0.0,0.0
122_WIND_1,0.9389457276840822,-3.635262668666428e-07,-0.09266165827100536,-0.05430610562168515,0.9417086426392682,-4.4620157968466856e-07,-0.08846766643817006,-0.05184643951157924,0.8012971185207389,1.2387435166516525e-06,-0.30182454999666675,-0.1769371437951646,0.9056284174532285,1.881837508932449e-06,-0.1433519346744596,-0.08403897654057503,0.9781694517929402,-2.1341806943908637e-07,-0.03313177418985802,-0.019417495322240824,0.9705374225330017,-0.0294682670909312,-0.029462927100855296,-0.029465731452272746,0.9193911840986679,-0.08061832245191614,-0.0806168534385101,-0.08061963091466505,0.912865038820418,-0.0871425313240266,-0.08714998758505743,-0.08714994329649231,0.9468241546328269,-0.05317855839979213,-0.053186679884564825,-0.05318519376298337,0.9203246806077259,-0.07968438234462694,-0.07969314400721395,-0.07969308934390248,0.9378289937929711,-0.06218359107994731,-0.062182858142620034,-0.062186140527960086,0.8941214891184842,-0.10588331494063663,-0.10588405577972537,-0.10588470249457706,0.9468349991826808,-0.053150758362109585,-0.0531732149111761,-0.05316425141764606,0.9275709562312431,-0.07033925664374241,-0.0704768152801698,-0.06997875914818795,0.9587964368296813,-0.04120667146068513,-0.041206358037849,-0.041208546480416816,0.949718776869555,-0.05029814565537283,-0.050296363534883426,-0.050301242727314746,0.9687194031602964,-0.031287479321771894,-0.03128719980717065,-0.0312894642665656,0.9410773630278011,-0.05892848099787029,-0.05892510450111388,-0.058928699174987824,0.9520718260896146,-0.0479062143424791,-0.04791252227908416,-0.047911320233203304,0.963511793306286,-0.03648807905943352,-0.03648940271143175,-0.03648995653640428,0.9752070735862769,-0.02479387124185095,-0.024794818096471438,-0.024795508631349467,0.9848974681456473,-0.015104219259868934,-0.015104276434168895,-0.015104684448473767,0.9801937724131662,-0.01980701866507184,-0.019806999030498318,-0.019807585683710313,0.9810407318290011,-0.018960934083267933,-0.018961296814381967,-0.01896146338781029,0.0,0.0,0.0,0.0,0.0,0.0,0.0,0.0,0.0,0.0,0.0,0.0,0.0,0.0,0.0,0.0,0.0,0.0,0.0,0.0,0.0,0.0,0.0,0.0,0.0,0.0,0.0,0.0,0.0,0.0,0.0,0.0,0.0,0.0,0.0,0.0,0.0,0.0,0.0,0.0,0.0,0.0,0.0,0.0,0.0,0.0,0.0,0.0
123_CT_1,0.0,0.0,0.0,0.0,0.0,0.0,0.0,0.0,0.0,0.0,0.0,0.0,0.0,0.0,0.0,0.0,0.0,-0.0,0.0,0.0,0.0,0.0,0.0,0.0,0.0,0.0,0.0,0.0,0.0,0.0,0.0,0.0,0.0,0.0,0.0,0.0,0.0,0.0,0.0,0.0,0.0,0.0,0.0,0.0,0.0,0.0,0.0,0.0,0.0,0.0,0.0,0.0,0.0,0.0,0.0,0.0,0.0,0.0,0.0,0.0,0.0,0.0,0.0,0.0,0.0,0.0,0.0,0.0,0.0,0.0,0.0,0.0,0.0,0.0,0.0,0.0,0.0,-0.0,0.0,0.0,0.0,0.0,0.0,0.0,0.0,-0.0,0.0,0.0,0.0,0.0,0.0,0.0,0.0,-0.0,0.0,0.0,0.0,0.0,0.0,0.0,0.0,0.0,0.0,0.0,0.0,0.0,0.0,0.0,0.0,0.0,0.0,0.0,0.0,0.0,0.0,0.0,0.0,0.0,0.0,0.0,0.0,0.0,0.0,0.0,0.0,0.0,0.0,0.0,0.0,0.0,0.0,0.0,0.0,0.0,0.0,0.0,0.0,0.0,0.0,0.0,0.0,0.0,0.0,0.0
123_CT_4,-0.0,0.0,0.0,0.0,-0.0,0.0,0.0,0.0,-0.0,0.0,0.0,0.0,-0.0,0.0,0.0,0.0,-0.0,-0.0,0.0,0.0,-0.0,0.0,0.0,0.0,-0.0,0.0,0.0,0.0,-0.0,0.0,0.0,0.0,-0.0,0.0,0.0,0.0,-0.0,0.0,0.0,0.0,-0.0,0.0,0.0,0.0,-0.0,0.0,0.0,0.0,-0.0,0.0,0.0,0.0,-0.0,0.0,0.0,0.0,-0.005444799198764795,-0.005446168536653036,-0.005445368162087116,-0.005445859381942334,-0.004527596495989981,-0.004529111948739874,-0.004528959163781149,-0.004529273649130633,-0.004695675384292143,-0.004696542942990971,-0.004696676261358802,-0.004696471063812467,-0.0,0.0,0.0,0.0,-0.0,0.0,0.0,0.0,-0.0,-0.0,0.0,0.0,-0.0,0.0,0.0,0.0,-0.0,-0.0,0.0,0.0,-0.0,0.0,0.0,0.0,-0.0,-0.0,0.0,0.0,0.0,0.0,0.0,0.0,0.0,0.0,0.0,0.0,0.0,0.0,0.0,0.0,0.0,0.0,0.0,0.0,0.0,0.0,0.0,0.0,0.0,0.0,0.0,0.0,0.0,0.0,0.0,0.0,0.0,0.0,0.0,0.0,0.0,0.0,0.0,0.0,0.0,0.0,0.0,0.0,0.0,0.0,0.0,0.0,0.0,0.0,0.0,0.0
123_CT_5,-0.0,0.0,0.0,0.0,-0.0,0.0,0.0,0.0,-0.0,0.0,0.0,0.0,-0.0,0.0,0.0,0.0,-0.0,-0.0,0.0,0.0,-0.0,0.0,0.0,0.0,-0.0,0.0,0.0,0.0,-0.0,0.0,0.0,0.0,-0.0,0.0,0.0,0.0,-0.0,0.0,0.0,0.0,-0.0,0.0,0.0,0.0,-0.0,0.0,0.0,0.0,-0.0,0.0,0.0,0.0,-0.0,0.0,0.0,0.0,-0.0,0.0,0.0,0.0,-0.0,0.0,0.0,0.0,-0.0,0.0,0.0,0.0,-0.0,0.0,0.0,0.0,-0.0,0.0,0.0,0.0,-0.0,-0.0,0.0,0.0,-0.0,0.0,0.0,0.0,-0.0,-0.0,0.0,0.0,-0.0,0.0,0.0,0.0,-0.0,-0.0,0.0,0.0,0.0,0.0,0.0,0.0,0.0,0.0,0.0,0.0,0.0,0.0,0.0,0.0,0.0,0.0,0.0,0.0,0.0,0.0,0.0,0.0,0.0,0.0,0.0,0.0,0.0,0.0,0.0,0.0,0.0,0.0,0.0,0.0,0.0,0.0,0.0,0.0,0.0,0.0,0.0,0.0,0.0,0.0,0.0,0.0,0.0,0.0,0.0,0.0
123_STEAM_2,0.03713985197081637,3.2412193077258067e-06,0.05635797671268428,0.033025417299112445,0.02335777056043975,1.962298693314324e-06,0.03543630223220795,0.020752592205142285,0.01909438266480956,2.3777412136993803e-06,0.0289670255433343,0.016962446533439653,0.020691542507033867,4.0057729018272425e-06,0.03139020886198196,0.018384827798181076,0.024169466296719733,1.747378992122961e-05,0.036673337698804875,0.02149742248896248,0.038544496854924115,0.038396642872321474,0.03868565017142167,0.03858035443871647,0.046009678096084805,0.04599723957956181,0.04604480908447872,0.04602494348182066,-0.016086138995816013,-0.0160876683549811,-0.016088796340142153,-0.016088900444599822,-0.01254340751053129,-0.012545667704853436,-0.012544924017825032,-0.012545700085761637,-0.01051059704274604,-0.010512388938958672,-0.01051263556759352,-0.01051301964183641,-0.011171487603915509,-0.011173531870368514,-0.011173400637613184,-0.01117394115936804,-0.012358820318620123,-0.012359993117693424,-0.012359994546565112,-0.012360258316018653,-0.00990814996246192,-0.009909807026069917,-0.009910482989152314,-0.009910702807164672,-0.010630289016520633,-0.010319657889635625,-0.010340112126869805,-0.010266051922856512,-0.00882346332814632,-0.008824126420354794,-0.008824068338265434,-0.008824250016147386,-0.00537403570713435,-0.005375746397645265,-0.005375588597276604,-0.005376030708456897,-0.006288319344732174,-0.006288867792907049,-0.006289625211227445,-0.006289233082044345,-0.005636844616514369,-0.005637486232243805,-0.005637235352898173,-0.005637484902458481,-0.005374495943473168,-0.005374890372128682,-0.005374453228135234,-0.005374757298742462,-0.004983868089219579,-0.004984232654176468,-0.004983712599524015,-0.004983886149550851,-0.0038176776919627287,-0.0038183442335594786,-0.0038178388153742304,-0.0038181578185272477,-0.005104824648239026,-0.005105551307398093,-0.0051050417621612,-0.005105403923572035,-0.004963673943007452,-0.004964350941252915,-0.004964158337265712,-0.004964376996797311,0.031713377069179316,0.031732495496569535,0.03185831845798903,0.03185067056251559,0.0,0.0,0.0,0.0,0.0,0.0,0.0,0.0,0.0,0.0,0.0,0.0,0.0,0.0,0.0,0.0,0.0,0.0,0.0,0.0,0.0,0.0,0.0,0.0,0.0,0.0,0.0,0.0,0.0,0.0,0.0,0.0,0.0,0.0,0.0,0.0,0.0,0.0,0.0,0.0,0.0,0.0,0.0,0.0,0.0,0.0,0.0,0.0
123_STEAM_3,0.04855141440490218,-8.769199857816545e-06,0.07365886689405343,0.043151469916426745,0.029614143122890457,4.105115483987731e-06,0.044885792020625814,0.026234871852317956,0.023141920609595523,5.282922824534353e-06,0.035077933432443587,0.020519508368568567,0.02490802511658785,9.064794021629297e-06,0.037759774973080695,0.022098438524591167,0.03286712862121566,5.275616429956109e-05,0.0498427515600941,0.029211289544630682,0.05032963400496859,0.05001915287956127,0.05087907165331629,0.050567761347342956,-0.11471409067734761,-0.1146578265039504,-0.11478438648037326,-0.11473547827788186,-0.044228246750938505,-0.044227775038128136,-0.04423818075390962,-0.04423546523041894,-0.024595608004552183,-0.024596274457760803,-0.024599815224137345,-0.02459913789932846,-0.023374112394011437,-0.023376598848085184,-0.023378885929044912,-0.023378950344409802,-0.02387666997056903,-0.02387924790305629,-0.023879400550102403,-0.02388001538332025,-0.029121029472538584,-0.029121751658720996,-0.029122978332077665,-0.02912268665859533,-0.021339207656515313,-0.021339333176650932,-0.02134368122025876,-0.021342609431286817,-0.01749086137136957,-0.016977660410813833,-0.017012083597943928,-0.016889547439570062,-0.01582495916258342,-0.01582249527687818,-0.015824374093698523,-0.015823612735684403,-0.01093522511196987,-0.01093868590700664,-0.010938367727577614,-0.010939291905472355,-0.013572249869044262,-0.013572968246554407,-0.013575174138925838,-0.013573862514821088,-0.01064479219900294,-0.01064565980176857,-0.010645306296249046,-0.010645715291094366,-0.010655358476897803,-0.01065472447097049,-0.010654322662709603,-0.01065471465841962,-0.009535613147881428,-0.009533115215344612,-0.009533106614086684,-0.00953295718299284,-0.007051964063150118,-0.007051932977500064,-0.007051409462810021,-0.007051776344081007,-0.007945869849843579,-0.007946061248590541,-0.007945837474244932,-0.007946051729840515,-0.009176444836840325,-0.009176897162375353,-0.00917725834698313,-0.009177100453552396,-0.05506253529129612,-0.05503576295151835,-0.05507309147340855,-0.05502681401332845,0.0,0.0,0.0,0.0,0.0,0.0,0.0,0.0,0.0,0.0,0.0,0.0,0.0,0.0,0.0,0.0,0.0,0.0,0.0,0.0,0.0,0.0,0.0,0.0,0.0,0.0,0.0,0.0,0.0,0.0,0.0,0.0,0.0,0.0,0.0,0.0,0.0,0.0,0.0,0.0,0.0,0.0,0.0,0.0,0.0,0.0,0.0,0.0
201_CT_1,-0.0,0.0,0.0,0.0,-0.0,0.0,0.0,0.0,0.0,0.0,0.0,0.0,0.0,0.0,0.0,0.0,0.0,-0.0,0.0,0.0,0.0,0.0,0.0,0.0,-0.0,0.0,0.0,0.0,-0.0,0.0,0.0,0.0,-0.0,0.0,0.0,0.0,0.0,0.0,0.0,0.0,0.0,0.0,0.0,0.0,-0.0,0.0,0.0,0.0,0.0,0.0,0.0,0.0,0.0,0.0,0.0,0.0,0.0,0.0,0.0,0.0,-0.0019914857483365332,-0.001993065732752787,-0.001992780900538323,-0.001993117389212027,0.0,0.0,0.0,0.0,0.0,0.0,0.0,0.0,0.0,0.0,0.0,0.0,0.0,-0.0,0.0,0.0,0.0,0.0,0.0,0.0,0.0,-0.0,0.0,0.0,0.0,0.0,0.0,0.0,-0.0,-0.0,0.0,0.0,0.0,0.0,0.0,0.0,0.0,0.0,0.0,0.0,0.0,0.0,0.0,0.0,0.0,0.0,0.0,0.0,0.0,0.0,0.0,0.0,0.0,0.0,0.0,0.0,0.0,0.0,0.0,0.0,0.0,0.0,0.0,0.0,0.0,0.0,0.0,0.0,0.0,0.0,0.0,0.0,0.0,0.0,0.0,0.0,0.0,0.0,0.0,0.0
201_CT_2,-0.0,0.0,0.0,0.0,-0.0,0.0,0.0,0.0,-0.0,0.0,0.0,0.0,-0.0,0.0,0.0,0.0,0.0,-0.0,0.0,0.0,-0.0,0.0,0.0,0.0,-0.0,0.0,0.0,0.0,-0.0,0.0,0.0,0.0,-0.0,0.0,0.0,0.0,-0.0,0.0,0.0,0.0,-0.0,0.0,0.0,0.0,-0.0,0.0,0.0,0.0,-0.0,0.0,0.0,0.0,-0.0,0.0,0.0,0.0,-0.0,0.0,0.0,0.0,-0.001991485748336449,-0.0019930657327526845,-0.0019927809005382416,-0.001993117389212027,-0.0,0.0,0.0,0.0,-0.0,0.0,0.0,0.0,-0.0,0.0,0.0,0.0,0.0,-0.0,0.0,0.0,-0.0,0.0,0.0,0.0,0.0,-0.0,0.0,0.0,-0.0,0.0,0.0,0.0,-0.0,-0.0,0.0,0.0,0.0,0.0,0.0,0.0,0.0,0.0,0.0,0.0,0.0,0.0,0.0,0.0,0.0,0.0,0.0,0.0,0.0,0.0,0.0,0.0,0.0,0.0,0.0,0.0,0.0,0.0,0.0,0.0,0.0,0.0,0.0,0.0,0.0,0.0,0.0,0.0,0.0,0.0,0.0,0.0,0.0,0.0,0.0,0.0,0.0,0.0,0.0,0.0
201_STEAM_3,0.030102028491844623,3.6135093300915244e-06,0.04568535699654097,0.02678183472053155,0.02007532230569975,2.8468263323366827e-06,0.030460155882019002,0.0178451168335969,0.016495651970133307,2.0521346735247192e-06,0.025031760602150843,0.014657807860980115,0.01774105531571879,2.9891476210908152e-06,0.026920447297364536,0.015769496151027358,0.021351846525969748,1.0968383834963902e-05,0.03239845743710501,0.01899087032880739,0.02357725386604942,0.02349547022970533,0.023621493487738565,0.023572030757287903,0.029283601531324588,0.029200443775884044,0.02937240318612977,0.029300713857083036,-0.00921414707602597,-0.009215457830087925,-0.009215473894814696,-0.009215796871885413,-0.010147005827603472,-0.010149679563425607,-0.010148208036651951,-0.01014920722892867,-0.008200582924254352,-0.008202398888006002,-0.008202198045478504,-0.00820269982028267,-0.007677528172887194,-0.007679258925506249,-0.007679143311743797,-0.007679598132911036,-0.00860741120635844,-0.00860915308097987,-0.008609092339990632,-0.008609511391594932,-0.008919474823361417,-0.008923083504870366,-0.008923195521804761,-0.00892399092441149,-0.0080267607674685,-0.007794417199871839,-0.007809429753394159,-0.007754122846223837,-0.00803985221985265,-0.008041921926050244,-0.0080412927845257,-0.008041790739958978,-0.005893584004403152,-0.005895618713029127,-0.005895451626499293,-0.0058959100033055085,-0.005692411840213907,-0.005693872325991833,-0.0056943230536576905,-0.005694127850338052,-0.0059784236158964554,-0.005979708608044532,-0.005979227335308757,-0.00597963689615638,-0.004977641346104678,-0.00497908519221707,-0.004978272263526762,-0.004978946231692494,-0.004101612270520638,-0.004103737030492827,-0.004102575281886178,-0.004103368281884086,-0.004068312309820299,-0.004070785335656052,-0.004069754911600665,-0.004070575883396668,-0.004792750120955869,-0.004794597414181895,-0.0047938031685716975,-0.004794582787265029,-0.004344436042017952,-0.004345317463955556,-0.00434580801585116,-0.004345628384380412,0.01847465153501049,0.018451161087430668,0.01856708299410137,0.01853663165052482,0.0,0.0,0.0,0.0,0.0,0.0,0.0,0.0,0.0,0.0,0.0,0.0,0.0,0.0,0.0,0.0,0.0,0.0,0.0,0.0,0.0,0.0,0.0,0.0,0.0,0.0,0.0,0.0,0.0,0.0,0.0,0.0,0.0,0.0,0.0,0.0,0.0,0.0,0.0,0.0,0.0,0.0,0.0,0.0,0.0,0.0,0.0,0.0
202_CT_1,-0.0,0.0,0.0,0.0,-0.0,0.0,0.0,0.0,0.0,0.0,0.0,0.0,0.0,0.0,0.0,0.0,0.0,-0.0,0.0,0.0,0.0,0.0,0.0,0.0,-0.0,0.0,0.0,0.0,-0.0,0.0,0.0,0.0,-0.0,0.0,0.0,0.0,0.0,0.0,0.0,0.0,0.0,0.0,0.0,0.0,-0.0,0.0,0.0,0.0,0.0,0.0,0.0,0.0,0.0,0.0,0.0,0.0,0.009844309164468407,0.009847054414855894,0.009845634532640868,0.009848550220039012,-0.0021516778458434012,-0.002153260492540442,-0.002153155397354502,-0.0021531962302053197,-0.0015552152479952341,-0.0016101105638878788,-0.001588265969392988,-0.0016239735124180567,0.0,0.0,0.0,0.0,0.0,0.0,0.0,0.0,0.0,-0.0,0.0,0.0,0.0,0.0,0.0,0.0,0.0,-0.0,0.0,0.0,0.0,0.0,0.0,0.0,-0.0,-0.0,0.0,0.0,0.0,0.0,0.0,0.0,0.0,0.0,0.0,0.0,0.0,0.0,0.0,0.0,0.0,0.0,0.0,0.0,0.0,0.0,0.0,0.0,0.0,0.0,0.0,0.0,0.0,0.0,0.0,0.0,0.0,0.0,0.0,0.0,0.0,0.0,0.0,0.0,0.0,0.0,0.0,0.0,0.0,0.0,0.0,0.0,0.0,0.0,0.0,0.0
202_CT_2,-0.0,0.0,0.0,0.0,-0.0,0.0,0.0,0.0,-0.0,0.0,0.0,0.0,-0.0,0.0,0.0,0.0,0.0,-0.0,0.0,0.0,-0.0,0.0,0.0,0.0,-0.0,0.0,0.0,0.0,-0.0,0.0,0.0,0.0,-0.0,0.0,0.0,0.0,-0.0,0.0,0.0,0.0,-0.0,0.0,0.0,0.0,-0.0,0.0,0.0,0.0,-0.0,0.0,0.0,0.0,-0.0,0.0,0.0,0.0,-0.0,0.0,0.0,0.0,-0.0019973091494901022,-0.0019988085716257384,-0.0019985179175179262,-0.001998807790953545,-0.0,0.0,0.0,0.0,-0.0,0.0,0.0,0.0,-0.0,0.0,0.0,0.0,0.0,-0.0,0.0,0.0,-0.0,0.0,0.0,0.0,0.0,-0.0,0.0,0.0,-0.0,0.0,0.0,0.0,-0.0,-0.0,0.0,0.0,0.0,0.0,0.0,0.0,0.0,0.0,0.0,0.0,0.0,0.0,0.0,0.0,0.0,0.0,0.0,0.0,0.0,0.0,0.0,0.0,0.0,0.0,0.0,0.0,0.0,0.0,0.0,0.0,0.0,0.0,0.0,0.0,0.0,0.0,0.0,0.0,0.0,0.0,0.0,0.0,0.0,0.0,0.0,0.0,0.0,0.0,0.0,0.0
202_STEAM_3,0.031278536787576416,4.008537498323417e-06,0.047474487927987585,0.027838148658196452,0.021195890504812853,3.6769218038079643e-06,0.032158438487360996,0.01883936646934406,0.017247320558181827,2.626678963491046e-06,0.026164527924228492,0.015317187051343441,0.01864413402471849,3.993365086235427e-06,0.028281757114859987,0.01656326458355371,0.0226367966836106,1.0994227387223481e-05,0.03434804351144982,0.02013389499647963,0.0104345668664029,0.010420296911762682,0.010442010473930615,0.010433277790541323,0.027460749592494227,0.027422073601263475,0.027503156046145172,0.027467642273961836,-0.009100595044292725,-0.009101840953105178,-0.00910192865652304,-0.009102213536885513,-0.010131252965011384,-0.010133740662334634,-0.010132519518924354,-0.01013341527353395,-0.008204719403260358,-0.008206533803393175,-0.008206344529772747,-0.008206839007554057,-0.007682860104027269,-0.007684592184914343,-0.007684472642064979,-0.007684927167554314,-0.008596775106422594,-0.008598404124727232,-0.008598340002288207,-0.00859873303125091,-0.00892131855321769,-0.008924720565243204,-0.00892483936372901,-0.00892558343186497,-0.00805446807239004,-0.00782145451070598,-0.007836506548022138,-0.007781039360311218,-0.008050173083161069,-0.008052212228068135,-0.008051607262498066,-0.008052072026092032,-0.005890856204483787,-0.005892886596833449,-0.005892718552322944,-0.005893176231386782,-0.005699616258473188,-0.00570106606983611,-0.005701529524376456,-0.005701316071043725,-0.005973924989156146,-0.00597519325623847,-0.00597473699327614,-0.005975127314959642,-0.004959272349337379,-0.004960578675278153,-0.004959879933537118,-0.004960453657487083,-0.004098212812349914,-0.004100187264071199,-0.004099175384478718,-0.004099853853133637,-0.004069305091899161,-0.004071595727819589,-0.004070689542570131,-0.004071416529865161,-0.004775845867163017,-0.0047775421669374015,-0.004776842780099148,-0.004777536184662854,-0.0043308934044886385,-0.004331758972442416,-0.004332162710926058,-0.004332044869592269,0.003610737768610761,0.003454480927339465,0.0033976217247309037,0.003369580388452191,0.0,0.0,0.0,0.0,0.0,0.0,0.0,0.0,0.0,0.0,0.0,0.0,0.0,0.0,0.0,0.0,0.0,0.0,0.0,0.0,0.0,0.0,0.0,0.0,0.0,0.0,0.0,0.0,0.0,0.0,0.0,0.0,0.0,0.0,0.0,0.0,0.0,0.0,0.0,0.0,0.0,0.0,0.0,0.0,0.0,0.0,0.0,0.0
202_STEAM_4,0.031278536787576416,4.008537498323417e-06,0.047474487927987585,0.027838148658196452,0.021195890504812853,3.6769218038079643e-06,0.032158438487360996,0.01883936646934406,0.017247320557821817,2.6266789634021414e-06,0.026164527923683872,0.01531718705102382,0.01864413402561365,3.993365086535534e-06,0.028281757116217873,0.01656326458434948,0.022636796683609378,1.0994227387300676e-05,0.034348043511448045,0.02013389499647963,0.026834446989969146,0.026699054435947923,0.026899250691003133,0.026815677430832588,0.027460749592494227,0.027422073601263475,0.027503156046145172,0.027467642273961836,-0.009100595044292725,-0.009101840953105178,-0.00910192865652304,-0.009102213536885513,-0.010131252965011384,-0.010133740662334634,-0.010132519518924354,-0.01013341527353395,-0.008204719397227594,-0.008206533797358499,-0.008206344523738262,-0.00820683900152042,-0.007682860104025666,-0.007684592184913028,-0.007684472642062932,-0.007684927167554314,-0.008596775106422594,-0.008598404124727232,-0.008598340002288207,-0.00859873303125091,-0.008921318553217721,-0.008924720565242718,-0.00892483936372923,-0.00892558343186497,-0.008054468069778976,-0.007821454508170792,-0.007836506545482413,-0.0077810393577890285,-0.00805017307666396,-0.008052212221568976,-0.008051607255999767,-0.008052072019595293,-0.005890856204481185,-0.005892886596830913,-0.0058927185523203595,-0.005893176231386782,-0.005699616258473112,-0.005701066069836006,-0.0057015295243765945,-0.005701316071043725,-0.005973924996640198,-0.005975193263724027,-0.005974737000761201,-0.005975127322445768,-0.004959272349337102,-0.004960578675277612,-0.004959879933536157,-0.004960453657487083,-0.004098212812350551,-0.004100187264071397,-0.004099175384478423,-0.004099853853133637,-0.004069305091898807,-0.004071595727819209,-0.004070689542569768,-0.004071416529865161,-0.004775845868675569,-0.004777542168450585,-0.004776842781612618,-0.004777536186176101,-0.004330893405197906,-0.004331758973151641,-0.004332162711635289,-0.004332044870301783,0.003610737768610761,0.003454480927339465,0.0033976217247309037,0.003369580388452191,0.0,0.0,0.0,0.0,0.0,0.0,0.0,0.0,0.0,0.0,0.0,0.0,0.0,0.0,0.0,0.0,0.0,0.0,0.0,0.0,0.0,0.0,0.0,0.0,0.0,0.0,0.0,0.0,0.0,0.0,0.0,0.0,0.0,0.0,0.0,0.0,0.0,0.0,0.0,0.0,0.0,0.0,0.0,0.0,0.0,0.0,0.0,0.0
207_CT_1,0.004927817397689271,9.588373395263972e-08,0.0074786845289294135,0.004382899176396616,0.0022720851270811027,3.157940753339972e-08,0.003448186392714714,0.002020710211636256,0.0019070812792426012,2.562582911022843e-08,0.0028965873826624156,0.0016977450770975023,0.0020523179400878068,3.1462483964157274e-09,0.0031172294880254473,0.0018272824449603675,0.00295896637362853,2.4266844126025807e-07,0.004490513995003495,0.0026317626516342407,0.003917855049988891,0.003917509022173256,0.00391850736566372,0.003918181063939871,0.009519026472469327,0.009518855261184511,0.009520607695984395,0.00952013339606057,0.018935414754139457,0.01893181733613114,0.018940738352305253,0.018938111590731672,0.021896642163070856,0.021896132738662866,0.021902530744756454,0.021900779651303236,-0.0003738134721199247,-0.00045626918254552896,-0.00044603748948717826,-0.0004687939138676603,-0.006235601637888233,-0.0063154083654682145,-0.006310592468402914,-0.006331397787261923,0.014321062516326422,0.014322097682899715,0.014321836128146526,0.014322093484373077,0.013441181226534094,0.013418466579689384,0.01343224192403771,0.013423825513273695,-0.029344574651701146,0.0035063504463389403,0.0013863120076453746,0.009205448980636651,-0.005355347119015731,-0.005417638377157081,-0.005408092821319916,-0.005425689591534965,-0.004952605030650682,-0.004954351569752861,-0.004954227500759838,-0.004954583617751622,-0.004650361524520487,-0.004651614617478034,-0.004651733367779417,-0.004651693291592671,0.00021210528209200444,0.00015466144751416787,0.0001582087218790494,0.00014357570873100428,0.0,0.0,0.0,0.0,0.0,-0.0,0.0,0.0,0.0,0.0,0.0,0.0,0.0,-0.0,0.0,0.0,0.0,0.0,0.0,0.0,-0.0,-0.0,0.0,0.0,0.0,0.0,0.0,0.0,0.0,0.0,0.0,0.0,0.0,0.0,0.0,0.0,0.0,0.0,0.0,0.0,0.0,0.0,0.0,0.0,0.0,0.0,0.0,0.0,0.0,0.0,0.0,0.0,0.0,0.0,0.0,0.0,0.0,0.0,0.0,0.0,0.0,0.0,0.0,0.0,0.0,0.0,0.0,0.0,0.0,0.0,0.0,0.0
207_CT_2,0.004927817397689271,9.588373395263972e-08,0.0074786845289294135,0.004382899176396616,0.0022720851270811027,3.157940753339972e-08,0.003448186392714714,0.002020710211636256,0.0019070812786836139,2.5625829029455368e-08,0.0028965873818130794,0.0016977450766000805,0.0020523179386923206,3.146248460492076e-09,0.003117229485905931,0.0018272824437180262,0.002958966373628019,2.4266844120062695e-07,0.004490513995002723,0.0026317626516342407,0.003917855049987687,0.003917509022172354,0.003918507365662089,0.003918181063939871,0.009519026472469327,0.009518855261184511,0.009520607695984395,0.00952013339606057,0.018935414754139457,0.01893181733613114,0.018940738352305253,0.018938111590731672,0.021896642163070856,0.021896132738662866,0.021902530744756454,0.021900779651303236,-0.000373813471691994,-0.00045626918211667865,-0.0004460374890485391,-0.000468793913431173,-0.0062356016378880995,-0.006315408365468142,-0.006310592468402727,-0.006331397787261923,0.014321062516326422,0.014322097682899715,0.014321836128146526,0.014322093484373077,0.013441181226533983,0.013418466579689134,0.01343224192403745,0.013423825513273695,-0.029344574652236614,0.003506350446374057,0.0013863120076422868,0.009205448980770317,-0.005355347118410923,-0.005417638376555904,-0.005408092820714876,-0.005425689590931957,-0.004952605030648559,-0.00495435156975101,-0.004954227500757542,-0.004954583617751622,-0.004650361524520239,-0.004651614617477878,-0.0046517333677795125,-0.004651693291592671,0.00021210528174456453,0.00015466144718414833,0.00015820872154964654,0.0001435757084034037,-0.0,0.0,0.0,0.0,0.0,-0.0,0.0,0.0,-0.0,0.0,0.0,0.0,0.0,-0.0,0.0,0.0,-0.0,0.0,0.0,0.0,-0.0,-0.0,0.0,0.0,0.0,0.0,0.0,0.0,0.0,0.0,0.0,0.0,0.0,0.0,0.0,0.0,0.0,0.0,0.0,0.0,0.0,0.0,0.0,0.0,0.0,0.0,0.0,0.0,0.0,0.0,0.0,0.0,0.0,0.0,0.0,0.0,0.0,0.0,0.0,0.0,0.0,0.0,0.0,0.0,0.0,0.0,0.0,0.0,0.0,0.0,0.0,0.0
212_CSP_1,-0.024892939268996273,-1.4003405901519272e-07,-0.03777977822824852,-0.02214148596188206,-0.022602403502337998,-2.3108398838900257e-07,-0.034302965033585764,-0.020102789968351124,-0.013088814255140191,-8.633254910961341e-08,-0.019881600209728845,-0.011654182482044818,-0.01800344465144854,1.0380678805432808e-07,-0.027347150993751512,-0.016031355922439188,-0.011484050879254859,-1.5716085233208332e-07,-0.017429104169930376,-0.010214693558241278,-0.014857874391657644,-0.014860094312740824,-0.014858821416794399,-0.014859650888449961,-0.02730232711130487,-0.027305677633464143,-0.02730502278076763,-0.027306021046973973,-0.02850700789121019,-0.0285107550459216,-0.028511294279345734,-0.028512051022795484,-0.031927397625957754,-0.031930892214811823,-0.031933694169499205,-0.03193380656342402,-0.04046295467533012,-0.040470871721124624,-0.04047232098194087,-0.04047386272082466,-0.02702174588609707,-0.027027317935937933,-0.0270269588875518,-0.027028418057020005,-0.04804934479091583,-0.04805721523342177,-0.04805708744308923,-0.0480587818288859,-0.051296332534361166,-0.05130574331385107,-0.05131135398858078,-0.051311954187141906,-0.02809837930821968,-0.02729233129142017,-0.027344725567434836,-0.02715281687198612,-0.03228459514613635,-0.03229150431319949,-0.03229063097129359,-0.032292752063257095,-0.028058915452291,-0.028068094182583714,-0.028067001837875694,-0.028069502389984412,-0.019307551182146332,-0.019310872252862543,-0.019310889902445005,-0.019311717975707906,-0.026802176106833997,-0.026807147844224,-0.026805608391254232,-0.026807354625141083,-0.019081589934893728,-0.019083539087982215,-0.01908276996850944,-0.019083543605531748,-0.014097923723880523,-0.01409965046632422,-0.014099424552524553,-0.014099829711893656,-0.014583661470040643,-0.014586102313528304,-0.014585876366874029,-0.014586543689794442,-0.009471105638323873,-0.009472764418742452,-0.0094725154212143,-0.009472950531895293,-0.009816835990570816,-0.009818299221745708,-0.009817448314021426,-0.009818292292726205,-0.008700891467010585,-0.008701854506164342,-0.008701745821235285,-0.00870200631700708,0.0,0.0,0.0,0.0,0.0,0.0,0.0,0.0,0.0,0.0,0.0,0.0,0.0,0.0,0.0,0.0,0.0,0.0,0.0,0.0,0.0,0.0,0.0,0.0,0.0,0.0,0.0,0.0,0.0,0.0,0.0,0.0,0.0,0.0,0.0,0.0,0.0,0.0,0.0,0.0,0.0,0.0,0.0,0.0,0.0,0.0,0.0,0.0
213_CC_3,-0.0,0.0,0.0,0.0,-0.0,0.0,0.0,0.0,-0.0,0.0,0.0,0.0,-0.0,0.0,0.0,0.0,-0.0,-0.0,0.0,0.0,-0.0,0.0,0.0,0.0,-0.0,0.0,0.0,0.0,-0.0,0.0,0.0,0.0,-0.0,0.0,0.0,0.0,-0.0,0.0,0.0,0.0,-0.0,0.0,0.0,0.0,-0.012052859235221591,-0.012057278259032245,-0.012056704751850944,-0.012057916595865843,-0.031044096111684683,-0.031063405811818434,-0.03107362911842948,-0.031075463531049348,-0.017673427023682686,-0.017153499489023893,-0.017188045447660727,-0.017063934439703502,-0.02170624032320223,-0.021708023170213586,-0.021709127796876615,-0.02170968236606998,-0.013768617581539244,-0.013773124307974394,-0.013772739682472057,-0.013773918468746397,-0.01586382162174571,-0.015865402860772315,-0.015868022769399914,-0.015866425225683097,-0.012711799736019325,-0.012712874396105134,-0.012712448283382471,-0.012712920632497186,-0.010833556516915088,-0.010831331442663572,-0.010829349151991963,-0.010830813376921692,-0.01646303329834664,-0.01645756664022735,-0.016455265518868778,-0.016456413484395145,-0.007097116368805612,-0.007095526516249784,-0.007094820193094709,-0.007095127293810609,-0.0,-0.0,0.0,0.0,-0.0,0.0,0.0,0.0,-0.0,-0.0,0.0,0.0,0.0,0.0,0.0,0.0,0.0,0.0,0.0,0.0,0.0,0.0,0.0,0.0,0.0,0.0,0.0,0.0,0.0,0.0,0.0,0.0,0.0,0.0,0.0,0.0,0.0,0.0,0.0,0.0,0.0,0.0,0.0,0.0,0.0,0.0,0.0,0.0,0.0,0.0,0.0,0.0,0.0,0.0,0.0,0.0,0.0,0.0,0.0,0.0
213_CT_1,-0.0,0.0,0.0,0.0,-0.0,0.0,0.0,0.0,0.0,0.0,0.0,0.0,0.0,0.0,0.0,0.0,0.0,-0.0,0.0,0.0,0.0,0.0,0.0,0.0,-0.0,0.0,0.0,0.0,-0.0,0.0,0.0,0.0,-0.0,0.0,0.0,0.0,0.0,0.0,0.0,0.0,0.0,0.0,0.0,0.0,-0.0,0.0,0.0,0.0,0.0,0.0,0.0,0.0,0.0,0.0,0.0,0.0,0.0,0.0,0.0,0.0,0.0,0.0,0.0,0.0,0.0,0.0,0.0,0.0,0.0,0.0,0.0,0.0,0.0,0.0,0.0,0.0,0.0,-0.0,0.0,0.0,0.0,0.0,0.0,0.0,0.0,-0.0,0.0,0.0,0.0,0.0,0.0,0.0,-0.0,-0.0,0.0,0.0,0.0,0.0,0.0,0.0,0.0,0.0,0.0,0.0,0.0,0.0,0.0,0.0,0.0,0.0,0.0,0.0,0.0,0.0,0.0,0.0,0.0,0.0,0.0,0.0,0.0,0.0,0.0,0.0,0.0,0.0,0.0,0.0,0.0,0.0,0.0,0.0,0.0,0.0,0.0,0.0,0.0,0.0,0.0,0.0,0.0,0.0,0.0,0.0
213_CT_2,-0.0,0.0,0.0,0.0,-0.0,0.0,0.0,0.0,-0.0,0.0,0.0,0.0,-0.0,0.0,0.0,0.0,0.0,-0.0,0.0,0.0,-0.0,0.0,0.0,0.0,-0.0,0.0,0.0,0.0,-0.0,0.0,0.0,0.0,-0.0,0.0,0.0,0.0,-0.0,0.0,0.0,0.0,-0.0,0.0,0.0,0.0,-0.0,0.0,0.0,0.0,-0.0,0.0,0.0,0.0,-0.0,0.0,0.0,0.0,-0.0,0.0,0.0,0.0,-0.0,0.0,0.0,0.0,-0.0,0.0,0.0,0.0,-0.0,0.0,0.0,0.0,-0.0,0.0,0.0,0.0,0.0,-0.0,0.0,0.0,-0.0,0.0,0.0,0.0,0.0,-0.0,0.0,0.0,-0.0,0.0,0.0,0.0,-0.0,-0.0,0.0,0.0,0.0,0.0,0.0,0.0,0.0,0.0,0.0,0.0,0.0,0.0,0.0,0.0,0.0,0.0,0.0,0.0,0.0,0.0,0.0,0.0,0.0,0.0,0.0,0.0,0.0,0.0,0.0,0.0,0.0,0.0,0.0,0.0,0.0,0.0,0.0,0.0,0.0,0.0,0.0,0.0,0.0,0.0,0.0,0.0,0.0,0.0,0.0,0.0
215_CT_4,-0.0,0.0,0.0,0.0,-0.0,0.0,0.0,0.0,0.0,0.0,0.0,0.0,0.0,0.0,0.0,0.0,0.0,-0.0,0.0,0.0,0.0,0.0,0.0,0.0,-0.0,0.0,0.0,0.0,-0.0,0.0,0.0,0.0,-0.0,0.0,0.0,0.0,0.0,0.0,0.0,0.0,0.0,0.0,0.0,0.0,-0.0,0.0,0.0,0.0,0.0,0.0,0.0,0.0,0.0,0.0,0.0,0.0,0.0,0.0,0.0,0.0,0.0,0.0,0.0,0.0,0.0,0.0,0.0,0.0,0.0,0.0,0.0,0.0,0.0,0.0,0.0,0.0,0.0,-0.0,0.0,0.0,0.0,0.0,0.0,0.0,0.0,-0.0,0.0,0.0,0.0,0.0,0.0,0.0,-0.0,-0.0,0.0,0.0,0.0,0.0,0.0,0.0,0.0,0.0,0.0,0.0,0.0,0.0,0.0,0.0,0.0,0.0,0.0,0.0,0.0,0.0,0.0,0.0,0.0,0.0,0.0,0.0,0.0,0.0,0.0,0.0,0.0,0.0,0.0,0.0,0.0,0.0,0.0,0.0,0.0,0.0,0.0,0.0,0.0,0.0,0.0,0.0,0.0,0.0,0.0,0.0
215_CT_5,-0.0,0.0,0.0,0.0,-0.0,0.0,0.0,0.0,-0.0,0.0,0.0,0.0,-0.0,0.0,0.0,0.0,0.0,-0.0,0.0,0.0,-0.0,0.0,0.0,0.0,-0.0,0.0,0.0,0.0,-0.0,0.0,0.0,0.0,-0.0,0.0,0.0,0.0,-0.0,0.0,0.0,0.0,-0.0,0.0,0.0,0.0,-0.0,0.0,0.0,0.0,-0.0,0.0,0.0,0.0,-0.0,0.0,0.0,0.0,-0.0,0.0,0.0,0.0,-0.0,0.0,0.0,0.0,-0.0,0.0,0.0,0.0,-0.0,0.0,0.0,0.0,-0.0,0.0,0.0,0.0,0.0,-0.0,0.0,0.0,-0.0,0.0,0.0,0.0,0.0,-0.0,0.0,0.0,-0.0,0.0,0.0,0.0,-0.0,-0.0,0.0,0.0,0.0,0.0,0.0,0.0,0.0,0.0,0.0,0.0,0.0,0.0,0.0,0.0,0.0,0.0,0.0,0.0,0.0,0.0,0.0,0.0,0.0,0.0,0.0,0.0,0.0,0.0,0.0,0.0,0.0,0.0,0.0,0.0,0.0,0.0,0.0,0.0,0.0,0.0,0.0,0.0,0.0,0.0,0.0,0.0,0.0,0.0,0.0,0.0
216_STEAM_1,0.006338117573993163,2.53041506432794e-05,0.009582098191485144,0.005765622224190388,0.026969700205828673,1.505067197293819e-05,0.04084430144132334,0.023840986459026027,0.02154729070839312,5.724127933204315e-06,0.03258247416232063,0.019047697149503474,0.01915468924934627,6.7546484818770125e-06,0.02895403207748437,0.01693097303547101,0.03051777536372907,-2.5956530770310238e-06,0.046358227645195704,0.027189518265640797,-0.05713795160219182,-0.05740635681041151,-0.056914460366720654,-0.05714845730438909,-0.02662995983539096,-0.026630331411862995,-0.02663499864582697,-0.026633790583988907,-0.01493431895745545,-0.014935919990368474,-0.0149367164961145,-0.014936906372376846,-0.013054369524751808,-0.013056516208277413,-0.013056346994332557,-0.013056934871720534,-0.011151041816686025,-0.011153108272169199,-0.011153366718053448,-0.01115381136081039,-0.011143875214806864,-0.011146021334297762,-0.011145869919408469,-0.011146438002078774,-0.013206111635188589,-0.013208028339563471,-0.013208016563837965,-0.013208443833022096,-0.011549561075273718,-0.011552297985245819,-0.011553099610797979,-0.011553527040610342,-0.011678430533852313,-0.011339076012928384,-0.01136139413041537,-0.011280498498324304,-0.009854199163084165,-0.009855378018630123,-0.00985531971277398,-0.009855576053833599,-0.006025968196275211,-0.006027905341262407,-0.006027724787781796,-0.006028225790691572,-0.006857813054529149,-0.00685863381197227,-0.006859398147383011,-0.006859082480524495,-0.006001933268282467,-0.006002749513803529,-0.006002483465693764,-0.006002775304875235,-0.0055170131487782825,-0.005517597682554332,-0.005517234932563397,-0.005517533563508602,-0.005072260011993679,-0.005072775873951829,-0.005072420347238982,-0.005072612193489258,-0.003936829786757079,-0.003937552999075999,-0.003937194181511616,-0.00393748219430183,-0.005076813065760355,-0.0050776120831373395,-0.00507721354216395,-0.0050775300201464065,-0.004628880810459313,-0.0046295605796613515,-0.00462907546800162,-0.004629492703138659,-0.012210666883192278,-0.01221161338171306,-0.012211313186595074,-0.012210755602555834,0.0,0.0,0.0,0.0,0.0,0.0,0.0,0.0,0.0,0.0,0.0,0.0,0.0,0.0,0.0,0.0,0.0,0.0,0.0,0.0,0.0,0.0,0.0,0.0,0.0,0.0,0.0,0.0,0.0,0.0,0.0,0.0,0.0,0.0,0.0,0.0,0.0,0.0,0.0,0.0,0.0,0.0,0.0,0.0,0.0,0.0,0.0,0.0
218_CC_1,-0.0,0.0,0.0,0.0,-0.0,0.0,0.0,0.0,-0.0,0.0,0.0,0.0,-0.0,0.0,0.0,0.0,-0.0,-0.0,0.0,0.0,-0.0,0.0,0.0,0.0,-0.0,0.0,0.0,0.0,-0.0,0.0,0.0,0.0,-0.0,0.0,0.0,0.0,-0.0,0.0,0.0,0.0,-0.0,0.0,0.0,0.0,-0.011577964190177648,-0.011579673674988022,-0.011579587363595323,-0.011580005142980226,-0.029062631978205022,-0.029068885510882048,-0.029075915536846964,-0.029075561430864164,-0.01873740484105002,-0.018188650643438997,-0.018225095847416384,-0.01809415371666621,-0.018430851383603786,-0.01843073201380996,-0.018431880747303175,-0.018431728819129172,-0.011911536802476697,-0.011915373734886714,-0.01191503140353678,-0.011916044857472436,-0.014044547952131836,-0.014045699341251439,-0.01404789617927893,-0.014046647984731672,-0.012767839857914076,-0.012769010090290633,-0.012768546164068972,-0.01276906699412378,-0.00563825180000066,-0.005638911145164904,-0.005638373665906471,-0.0056387910886974875,-0.0,-0.0,0.0,0.0,-0.0,0.0,0.0,0.0,-0.0,-0.0,0.0,0.0,-0.0,0.0,0.0,0.0,-0.0,-0.0,0.0,0.0,0.0,0.0,0.0,0.0,0.0,0.0,0.0,0.0,0.0,0.0,0.0,0.0,0.0,0.0,0.0,0.0,0.0,0.0,0.0,0.0,0.0,0.0,0.0,0.0,0.0,0.0,0.0,0.0,0.0,0.0,0.0,0.0,0.0,0.0,0.0,0.0,0.0,0.0,0.0,0.0,0.0,0.0,0.0,0.0,0.0,0.0,0.0,0.0
221_CC_1,0.03290515203984201,-7.102120462842976e-07,0.049936982632264204,0.02926245579522866,0.018245798636209454,3.801070858067135e-07,0.027687916046993166,0.016221719393095465,0.01590991655455265,6.050112690836329e-07,0.024155927731928983,0.014154717143169017,0.01682030541019941,7.895054419115866e-07,0.025539297795775795,0.014967529859425583,0.021081527759879704,1.0232993824965675e-05,0.03199430796649505,0.01875588195654481,0.024276522354436114,0.02423113883049588,0.024303307404364816,0.02427500445694165,0.04802994905697888,0.04802380007514806,0.048039634973015666,0.04803435283983626,-0.009355006543870115,-0.009558805181325791,-0.009567758172842389,-0.00961930386911924,-0.025985811560563343,-0.02599112741416265,-0.025988386582122658,-0.02599059080190932,-0.023937935151459033,-0.023940892495275534,-0.023942903846178254,-0.023943149275873626,-0.02237446651862185,-0.02237802310783188,-0.02237797925818974,-0.02237887454792822,-0.02995551455277745,-0.0299615704484979,-0.029962495843156134,-0.029963546863908164,-0.024290749431099323,-0.024299149064862746,-0.02430577855916205,-0.024306039861795987,-0.016032694742574627,-0.015560707935150297,-0.015592142868118941,-0.015479477221727279,-0.018488128330551357,-0.01848772765329576,-0.018488960436566337,-0.018488939240487504,-0.012030692184101355,-0.012034573175438545,-0.012034241930604317,-0.012035263438629554,-0.014255652907996685,-0.014256673053841595,-0.014259137454366133,-0.01425761900430092,-0.011292053598255913,-0.011292855785449252,-0.011292482191493036,-0.011292872210928723,-0.010642349823217323,-0.010640487452081127,-0.010639067074142083,-0.010640028191062727,-0.009360835808688961,-0.009359978535831592,-0.009358838553181315,-0.009358929238709722,-0.007229721389995669,-0.0072302218413560215,-0.007228809128942526,-0.007229451080830125,-0.007893939683166984,-0.007893577382708905,-0.0078912760568155,-0.007892090524900485,-0.009266943635138247,-0.009267400472131149,-0.009264968615211977,-0.00926624653284499,0.03563870826692206,0.0356391829836038,0.03564751391820664,0.03564740978363951,0.0,0.0,0.0,0.0,0.0,0.0,0.0,0.0,0.0,0.0,0.0,0.0,0.0,0.0,0.0,0.0,0.0,0.0,0.0,0.0,0.0,0.0,0.0,0.0,0.0,0.0,0.0,0.0,0.0,0.0,0.0,0.0,0.0,0.0,0.0,0.0,0.0,0.0,0.0,0.0,0.0,0.0,0.0,0.0,0.0,0.0,0.0,0.0
223_CT_4,0.0,0.0,0.0,0.0,0.0,0.0,0.0,0.0,0.0,0.0,0.0,0.0,0.0,0.0,0.0,0.0,0.0,-0.0,0.0,0.0,0.0,0.0,0.0,0.0,0.0,0.0,0.0,0.0,0.0,0.0,0.0,0.0,0.0,0.0,0.0,0.0,0.0,0.0,0.0,0.0,0.0,0.0,0.0,0.0,0.0,0.0,0.0,0.0,0.0,0.0,0.0,0.0,0.0,0.0,0.0,0.0,0.0,0.0,0.0,0.0,0.0,0.0,0.0,0.0,0.0,0.0,0.0,0.0,0.0,0.0,0.0,0.0,0.0,0.0,0.0,0.0,0.0,-0.0,0.0,0.0,0.0,0.0,0.0,0.0,0.0,-0.0,0.0,0.0,0.0,0.0,0.0,0.0,0.0,-0.0,0.0,0.0,0.0,0.0,0.0,0.0,0.0,0.0,0.0,0.0,0.0,0.0,0.0,0.0,0.0,0.0,0.0,0.0,0.0,0.0,0.0,0.0,0.0,0.0,0.0,0.0,0.0,0.0,0.0,0.0,0.0,0.0,0.0,0.0,0.0,0.0,0.0,0.0,0.0,0.0,0.0,0.0,0.0,0.0,0.0,0.0,0.0,0.0,0.0,0.0
223_CT_5,-0.0,0.0,0.0,0.0,-0.0,0.0,0.0,0.0,-0.0,0.0,0.0,0.0,-0.0,0.0,0.0,0.0,-0.0,-0.0,0.0,0.0,-0.0,0.0,0.0,0.0,-0.0,0.0,0.0,0.0,-0.0,0.0,0.0,0.0,-0.0,0.0,0.0,0.0,-0.0,0.0,0.0,0.0,-0.0,0.0,0.0,0.0,-0.0,0.0,0.0,0.0,-0.0,0.0,0.0,0.0,-0.0,0.0,0.0,0.0,-0.0,0.0,0.0,0.0,-0.0,0.0,0.0,0.0,-0.0,0.0,0.0,0.0,-0.0,0.0,0.0,0.0,-0.0,0.0,0.0,0.0,-0.0,-0.0,0.0,0.0,-0.0,0.0,0.0,0.0,-0.0,-0.0,0.0,0.0,-0.0,0.0,0.0,0.0,-0.0,-0.0,0.0,0.0,0.0,0.0,0.0,0.0,0.0,0.0,0.0,0.0,0.0,0.0,0.0,0.0,0.0,0.0,0.0,0.0,0.0,0.0,0.0,0.0,0.0,0.0,0.0,0.0,0.0,0.0,0.0,0.0,0.0,0.0,0.0,0.0,0.0,0.0,0.0,0.0,0.0,0.0,0.0,0.0,0.0,0.0,0.0,0.0,0.0,0.0,0.0,0.0
223_CT_6,-0.0,0.0,0.0,0.0,-0.0,0.0,0.0,0.0,-0.0,0.0,0.0,0.0,-0.0,0.0,0.0,0.0,-0.0,-0.0,0.0,0.0,-0.0,0.0,0.0,0.0,-0.0,0.0,0.0,0.0,-0.0,0.0,0.0,0.0,-0.0,0.0,0.0,0.0,-0.0,0.0,0.0,0.0,-0.0,0.0,0.0,0.0,-0.0,0.0,0.0,0.0,-0.0,0.0,0.0,0.0,-0.0,0.0,0.0,0.0,-0.0,0.0,0.0,0.0,-0.0,0.0,0.0,0.0,-0.0,0.0,0.0,0.0,-0.0,0.0,0.0,0.0,-0.0,0.0,0.0,0.0,-0.0,-0.0,0.0,0.0,-0.0,0.0,0.0,0.0,-0.0,-0.0,0.0,0.0,-0.0,0.0,0.0,0.0,-0.0,-0.0,0.0,0.0,0.0,0.0,0.0,0.0,0.0,0.0,0.0,0.0,0.0,0.0,0.0,0.0,0.0,0.0,0.0,0.0,0.0,0.0,0.0,0.0,0.0,0.0,0.0,0.0,0.0,0.0,0.0,0.0,0.0,0.0,0.0,0.0,0.0,0.0,0.0,0.0,0.0,0.0,0.0,0.0,0.0,0.0,0.0,0.0,0.0,0.0,0.0,0.0
223_STEAM_1,-0.0833545023249973,-7.944131371051544e-05,-0.12619717517770201,-0.07362300678478534,-0.04929184417014432,-5.262647291237599e-05,-0.07449730389341624,-0.0432929990983439,-0.030065065570272477,-4.711890762886667e-05,-0.06737028136909294,-0.04272125303636541,-0.03805067914837235,-5.810945173636856e-05,-0.07944208548840975,-0.04990748625315076,-0.0580482090487836,-0.0002829034514757016,-0.08772805534389042,-0.05132082391156927,-0.051245936334304514,-0.05129814873528465,-0.05123739010392724,-0.05126605540541599,-0.026140879123598415,-0.026141809528327675,-0.026145241212181425,-0.026144526449621272,-0.014849763670994442,-0.014851422455291363,-0.014852116096498946,-0.014852344350765902,-0.013199563796312486,-0.013201704097848932,-0.013201626301865055,-0.013202186420314566,-0.011325000980834297,-0.011327138969844549,-0.011327391701623385,-0.011327853885255394,-0.010890873395449955,-0.010892969774297379,-0.010892813469935614,-0.010893370702387448,-0.013392950369765622,-0.013394971448597248,-0.013394958879660024,-0.013395408452453995,-0.01199109350353302,-0.011993976686474154,-0.011994963020275314,-0.011995375052302385,-0.011876655986320364,-0.01153205944484095,-0.011554698375831675,-0.011472560448374868,-0.010252595191626121,-0.010253947746658684,-0.01025387514742302,-0.01025416091403879,-0.0063093431405614265,-0.006311376052446702,-0.006311184843507969,-0.006311711333822706,-0.007128746693919342,-0.007129662018530913,-0.007130412443322638,-0.007130127960398192,-0.00618021677371389,-0.006181085543669843,-0.006180811599572705,-0.006181117416882703,-0.0055323444933392365,-0.005532953776504124,-0.00553260295563523,-0.005532898860893337,-0.00507274937429046,-0.005073275812364844,-0.005072957349461702,-0.005073144489651102,-0.003979560866505737,-0.00398029390013798,-0.003979967520320601,-0.003980244922622395,-0.005018083570589087,-0.0050188901512291904,-0.0050184767387201025,-0.005018789244421229,-0.004527117780778173,-0.004527803709942687,-0.004527105796653051,-0.004527655294145879,-0.011454895709160251,-0.011455897755734745,-0.011455441084645912,-0.011455053697746133,0.0,0.0,0.0,0.0,0.0,0.0,0.0,0.0,0.0,0.0,0.0,0.0,0.0,0.0,0.0,0.0,0.0,0.0,0.0,0.0,0.0,0.0,0.0,0.0,0.0,0.0,0.0,0.0,0.0,0.0,0.0,0.0,0.0,0.0,0.0,0.0,0.0,0.0,0.0,0.0,0.0,0.0,0.0,0.0,0.0,0.0,0.0,0.0
223_STEAM_2,-0.08335450232051378,-7.944131370596352e-05,-0.12619717517090923,-0.07362300678082992,-0.04929184415679688,-5.262646927040038e-05,-0.07449730390655063,-0.04329299910405393,-0.030065065570226,-4.7118907632211215e-05,-0.0673702813689382,-0.04272125303624099,-0.03805067914840831,-5.8109451734319854e-05,-0.0794420854885069,-0.0499074862532198,-0.058048209049056394,-0.00028290345147801224,-0.08772805534430114,-0.05132082391180918,-0.05124593634002728,-0.051298148741013745,-0.051237390109649124,-0.051266055411140224,-0.02614087910249796,-0.026141809507226554,-0.026145241191078306,-0.026144526428514798,-0.014849763645730985,-0.014851422430024908,-0.014852116071231158,-0.014852344325496154,-0.01319956379243048,-0.01320170409396626,-0.013201626297982827,-0.013202186416431571,-0.01132500097099979,-0.011327138960007647,-0.011327391691786487,-0.011327853875422086,-0.0108908734249585,-0.01089296980381299,-0.010892813499450515,-0.010893370731903228,-0.013392950361644562,-0.0133949714404753,-0.013394958871537632,-0.013395408444330636,-0.01199109349096437,-0.011993976673902248,-0.011994963007702801,-0.011995375039730334,-0.0118766559851169,-0.011532059443672058,-0.011554698374660164,-0.011472560447214017,-0.010252595156311509,-0.010253947711340453,-0.010253875112104648,-0.010254160878717212,-0.0063093430821972085,-0.0063113759940638305,-0.0063111847851258646,-0.006311711275439229,-0.007128746586897038,-0.0071296619114950225,-0.007130412336275031,-0.007130127853356429,-0.006180216785977518,-0.006181085555935514,-0.006180811611838061,-0.0061811174291473625,-0.005532344492992935,-0.005532953776158111,-0.00553260295528985,-0.0055328988605478765,-0.005072749380949385,-0.0050732758190246,-0.00507295735612209,-0.00507314449631041,-0.0039795608638047,-0.003980293897436712,-0.003979967517618969,-0.003980244919921159,-0.005018083570288874,-0.005018890150929104,-0.005018476738420184,-0.005018789244121016,-0.004527117782347173,-0.004527803711511373,-0.004527105798220911,-0.004527655295714911,-0.011454895707598833,-0.011455897754173106,-0.011455441083084494,-0.011455053696184674,0.0,0.0,0.0,0.0,0.0,0.0,0.0,0.0,0.0,0.0,0.0,0.0,0.0,0.0,0.0,0.0,0.0,0.0,0.0,0.0,0.0,0.0,0.0,0.0,0.0,0.0,0.0,0.0,0.0,0.0,0.0,0.0,0.0,0.0,0.0,0.0,0.0,0.0,0.0,0.0,0.0,0.0,0.0,0.0,0.0,0.0,0.0,0.0
223_STEAM_3,0.0458095349756924,-2.844036988602916e-05,0.06958810661304682,0.04086117144609957,0.028861643585586627,-1.5916338029775545e-06,0.04378839803687384,0.02564483325898504,0.024099661117853666,-6.104858192301776e-07,0.03654220870408764,0.021415156191362597,0.026266717817141183,2.6315645622609907e-06,0.03983050825957868,0.023331209121996235,0.03244211305997213,-1.3545663503755634e-05,0.04930671100694184,0.02892718328509981,-0.04704494289320338,-0.04706416790633883,-0.04823990472479878,-0.047810723952868235,-0.1120400615957875,-0.11203866799988438,-0.11207835890479956,-0.11206492251443044,-0.04489364826194753,-0.044895062355069904,-0.04490275653031439,-0.044901183816134504,-0.027407175992774313,-0.027409593103533414,-0.027412698448090467,-0.027412533313940675,-0.02664307181278347,-0.02664710306672946,-0.026649111585644647,-0.026649609267113766,-0.022870208993088115,-0.022873158080820577,-0.02287320199622478,-0.02287393304564342,-0.033455424635850495,-0.03346129074970605,-0.03346221320870235,-0.033463151118417085,-0.029076446977205794,-0.02908368849259091,-0.029091001322465004,-0.029090771077699626,-0.022648426713439695,-0.021986675889505314,-0.022030938411438328,-0.02187294884333468,-0.02218893539621436,-0.022190202962371064,-0.022191379214412166,-0.022191398821625866,-0.014272279590733294,-0.01427693541530295,-0.014276492090770532,-0.01427772488845753,-0.01711872067342224,-0.017120605280520396,-0.017122866578021423,-0.0171215462798415,-0.013570809022241948,-0.013572420628796378,-0.013571866103171182,-0.013572494637208884,-0.01178700339550609,-0.011787084159908368,-0.011786509907974363,-0.011787085531724903,-0.010187901435243951,-0.010186501551612492,-0.010186419039285077,-0.010186325397483117,-0.008173592762140247,-0.008174319194188095,-0.008173593877400798,-0.008174086401835383,-0.007947796172219856,-0.007948319315431052,-0.0079475467078014,-0.007947845003901756,-0.00859305406880706,-0.008593774632003948,-0.008591367214377144,-0.008592855471112024,-0.04895798040029842,-0.048941787094821665,-0.048949593169809624,-0.048899762767123836,0.0,0.0,0.0,0.0,0.0,0.0,0.0,0.0,0.0,0.0,0.0,0.0,0.0,0.0,0.0,0.0,0.0,0.0,0.0,0.0,0.0,0.0,0.0,0.0,0.0,0.0,0.0,0.0,0.0,0.0,0.0,0.0,0.0,0.0,0.0,0.0,0.0,0.0,0.0,0.0,0.0,0.0,0.0,0.0,0.0,0.0,0.0,0.0
301_CT_1,-0.0,0.0,0.0,0.0,-0.0,0.0,0.0,0.0,0.0,0.0,0.0,0.0,0.0,0.0,0.0,0.0,0.0,-0.0,0.0,0.0,0.0,0.0,0.0,0.0,-0.0,0.0,0.0,0.0,-0.0,0.0,0.0,0.0,-0.0,0.0,0.0,0.0,0.0,0.0,0.0,0.0,0.0,0.0,0.0,0.0,-0.0,0.0,0.0,0.0,0.0,0.0,0.0,0.0,0.0,0.0,0.0,0.0,0.0,0.0,0.0,0.0,-0.0010481158797793157,-0.0010646042326322711,-0.0010630060948992165,-0.001061971183862095,0.0,0.0,0.0,0.0,0.0,0.0,0.0,0.0,0.0,0.0,0.0,0.0,0.0,-0.0,0.0,0.0,0.0,0.0,0.0,0.0,0.0,-0.0,0.0,0.0,0.0,0.0,0.0,0.0,-0.0,-0.0,0.0,0.0,0.0,0.0,0.0,0.0,0.0,0.0,0.0,0.0,0.0,0.0,0.0,0.0,0.0,0.0,0.0,0.0,0.0,0.0,0.0,0.0,0.0,0.0,0.0,0.0,0.0,0.0,0.0,0.0,0.0,0.0,0.0,0.0,0.0,0.0,0.0,0.0,0.0,0.0,0.0,0.0,0.0,0.0,0.0,0.0,0.0,0.0,0.0,0.0
301_CT_2,-0.0,0.0,0.0,0.0,-0.0,0.0,0.0,0.0,-0.0,0.0,0.0,0.0,-0.0,0.0,0.0,0.0,0.0,-0.0,0.0,0.0,-0.0,0.0,0.0,0.0,-0.0,0.0,0.0,0.0,-0.0,0.0,0.0,0.0,-0.0,0.0,0.0,0.0,-0.0,0.0,0.0,0.0,-0.0,0.0,0.0,0.0,-0.0,0.0,0.0,0.0,-0.0,0.0,0.0,0.0,-0.0,0.0,0.0,0.0,-0.0,0.0,0.0,0.0,-0.0010481158797793265,-0.0010646042326322993,-0.0010630060948991376,-0.001061971183862095,-0.0,0.0,0.0,0.0,-0.0,0.0,0.0,0.0,-0.0,0.0,0.0,0.0,0.0,-0.0,0.0,0.0,-0.0,0.0,0.0,0.0,0.0,-0.0,0.0,0.0,-0.0,0.0,0.0,0.0,-0.0,-0.0,0.0,0.0,0.0,0.0,0.0,0.0,0.0,0.0,0.0,0.0,0.0,0.0,0.0,0.0,0.0,0.0,0.0,0.0,0.0,0.0,0.0,0.0,0.0,0.0,0.0,0.0,0.0,0.0,0.0,0.0,0.0,0.0,0.0,0.0,0.0,0.0,0.0,0.0,0.0,0.0,0.0,0.0,0.0,0.0,0.0,0.0,0.0,0.0,0.0,0.0
301_CT_3,-0.0,0.0,0.0,0.0,-0.0,0.0,0.0,0.0,0.0,0.0,0.0,0.0,0.0,0.0,0.0,0.0,0.0,-0.0,0.0,0.0,0.0,0.0,0.0,0.0,-0.0,0.0,0.0,0.0,-0.0,0.0,0.0,0.0,-0.0,0.0,0.0,0.0,-0.005945195598895059,-0.005946517892947423,-0.005946111302681967,-0.005946578033379724,-0.006884056596189379,-0.006885467146836021,-0.006885472876197184,-0.006885818444307076,0.02192851129468637,0.0219554042697494,0.021955184006747785,0.021962247586575112,0.012454423896015776,0.012468635474041784,0.012480046831134581,0.01247914803870473,-0.005737777002185454,-0.005567797113921239,-0.005578855897556927,-0.005538371134850429,-0.006446614756951478,-0.006447720188647213,-0.006446715752006536,-0.00644776455924971,-0.004966845017494893,-0.004968523023863839,-0.004968379055272823,-0.004968722386889535,-0.004722894374056441,-0.004724001922861548,-0.004724063526676416,-0.00472409597510787,0.0,0.0,0.0,0.0,0.0,0.0,0.0,0.0,0.0,-0.0,0.0,0.0,0.0,0.0,0.0,0.0,0.0,-0.0,0.0,0.0,0.0,0.0,0.0,0.0,-0.0,-0.0,0.0,0.0,0.0,0.0,0.0,0.0,0.0,0.0,0.0,0.0,0.0,0.0,0.0,0.0,0.0,0.0,0.0,0.0,0.0,0.0,0.0,0.0,0.0,0.0,0.0,0.0,0.0,0.0,0.0,0.0,0.0,0.0,0.0,0.0,0.0,0.0,0.0,0.0,0.0,0.0,0.0,0.0,0.0,0.0,0.0,0.0,0.0,0.0,0.0,0.0
301_CT_4,-0.0,0.0,0.0,0.0,-0.0,0.0,0.0,0.0,-0.0,0.0,0.0,0.0,-0.0,0.0,0.0,0.0,0.0,-0.0,0.0,0.0,-0.0,0.0,0.0,0.0,-0.0,0.0,0.0,0.0,-0.0,0.0,0.0,0.0,-0.0,0.0,0.0,0.0,-0.0,0.0,0.0,0.0,-0.006039138347168984,-0.006040348334295787,-0.006040406508050978,-0.006040689001641242,0.02192851129468637,0.0219554042697494,0.021955184006747785,0.021962247586575112,0.012454423896015787,0.012468635474041506,0.012480046831134564,0.01247914803870473,-0.00573777699470048,-0.00556779710665762,-0.005578855890279606,-0.005538371127625498,-0.006446614756475163,-0.0064477201881710106,-0.006446715751529521,-0.006447764558773716,-0.0049668450174943915,-0.004968523023863433,-0.004968379055271907,-0.004968722386889535,-0.00472289437405653,-0.004724001922861815,-0.004724063526676657,-0.00472409597510787,-0.0,0.0,0.0,0.0,-0.0,0.0,0.0,0.0,0.0,-0.0,0.0,0.0,-0.0,0.0,0.0,0.0,0.0,-0.0,0.0,0.0,-0.0,0.0,0.0,0.0,-0.0,-0.0,0.0,0.0,0.0,0.0,0.0,0.0,0.0,0.0,0.0,0.0,0.0,0.0,0.0,0.0,0.0,0.0,0.0,0.0,0.0,0.0,0.0,0.0,0.0,0.0,0.0,0.0,0.0,0.0,0.0,0.0,0.0,0.0,0.0,0.0,0.0,0.0,0.0,0.0,0.0,0.0,0.0,0.0,0.0,0.0,0.0,0.0,0.0,0.0,0.0,0.0
302_CT_1,-0.0,0.0,0.0,0.0,-0.0,0.0,0.0,0.0,0.0,0.0,0.0,0.0,0.0,0.0,0.0,0.0,0.0,-0.0,0.0,0.0,0.0,0.0,0.0,0.0,-0.0,0.0,0.0,0.0,-0.0,0.0,0.0,0.0,-0.0,0.0,0.0,0.0,0.0,0.0,0.0,0.0,0.0,0.0,0.0,0.0,-0.0,0.0,0.0,0.0,0.0,0.0,0.0,0.0,0.0,0.0,0.0,0.0,0.0,0.0,0.0,0.0,-0.0006104005851679794,-0.0006224669048608663,-0.0006218307554658555,-0.0006312649706630605,0.0,0.0,0.0,0.0,0.0,0.0,0.0,0.0,0.0,0.0,0.0,0.0,0.0,-0.0,0.0,0.0,0.0,0.0,0.0,0.0,0.0,-0.0,0.0,0.0,0.0,0.0,0.0,0.0,-0.0,-0.0,0.0,0.0,0.0,0.0,0.0,0.0,0.0,0.0,0.0,0.0,0.0,0.0,0.0,0.0,0.0,0.0,0.0,0.0,0.0,0.0,0.0,0.0,0.0,0.0,0.0,0.0,0.0,0.0,0.0,0.0,0.0,0.0,0.0,0.0,0.0,0.0,0.0,0.0,0.0,0.0,0.0,0.0,0.0,0.0,0.0,0.0,0.0,0.0,0.0,0.0
302_CT_2,-0.0,0.0,0.0,0.0,-0.0,0.0,0.0,0.0,-0.0,0.0,0.0,0.0,-0.0,0.0,0.0,0.0,0.0,-0.0,0.0,0.0,-0.0,0.0,0.0,0.0,-0.0,0.0,0.0,0.0,-0.0,0.0,0.0,0.0,-0.0,0.0,0.0,0.0,-0.0,0.0,0.0,0.0,-0.0,0.0,0.0,0.0,-0.0,0.0,0.0,0.0,-0.0,0.0,0.0,0.0,-0.0,0.0,0.0,0.0,-0.0,0.0,0.0,0.0,-0.000610400585167954,-0.0006224669048608715,-0.0006218307554658373,-0.0006312649706630605,-0.0,0.0,0.0,0.0,-0.0,0.0,0.0,0.0,-0.0,0.0,0.0,0.0,0.0,-0.0,0.0,0.0,-0.0,0.0,0.0,0.0,0.0,-0.0,0.0,0.0,-0.0,0.0,0.0,0.0,-0.0,-0.0,0.0,0.0,0.0,0.0,0.0,0.0,0.0,0.0,0.0,0.0,0.0,0.0,0.0,0.0,0.0,0.0,0.0,0.0,0.0,0.0,0.0,0.0,0.0,0.0,0.0,0.0,0.0,0.0,0.0,0.0,0.0,0.0,0.0,0.0,0.0,0.0,0.0,0.0,0.0,0.0,0.0,0.0,0.0,0.0,0.0,0.0,0.0,0.0,0.0,0.0
302_CT_3,-0.0,0.0,0.0,0.0,-0.0,0.0,0.0,0.0,0.0,0.0,0.0,0.0,0.0,0.0,0.0,0.0,0.0,-0.0,0.0,0.0,0.0,0.0,0.0,0.0,-0.0,0.0,0.0,0.0,-0.0,0.0,0.0,0.0,-0.0,0.0,0.0,0.0,0.0,0.0,0.0,0.0,0.0,0.0,0.0,0.0,-0.0,0.0,0.0,0.0,0.0,0.0,0.0,0.0,0.0,0.0,0.0,0.0,0.0,0.0,0.0,0.0,0.0,0.0,0.0,0.0,0.0,0.0,0.0,0.0,0.0,0.0,0.0,0.0,0.0,0.0,0.0,0.0,0.0,-0.0,0.0,0.0,0.0,0.0,0.0,0.0,0.0,-0.0,0.0,0.0,0.0,0.0,0.0,0.0,-0.0,-0.0,0.0,0.0,0.0,0.0,0.0,0.0,0.0,0.0,0.0,0.0,0.0,0.0,0.0,0.0,0.0,0.0,0.0,0.0,0.0,0.0,0.0,0.0,0.0,0.0,0.0,0.0,0.0,0.0,0.0,0.0,0.0,0.0,0.0,0.0,0.0,0.0,0.0,0.0,0.0,0.0,0.0,0.0,0.0,0.0,0.0,0.0,0.0,0.0,0.0,0.0
302_CT_4,-0.0,0.0,0.0,0.0,-0.0,0.0,0.0,0.0,-0.0,0.0,0.0,0.0,-0.0,0.0,0.0,0.0,0.0,-0.0,0.0,0.0,-0.0,0.0,0.0,0.0,-0.0,0.0,0.0,0.0,-0.0,0.0,0.0,0.0,-0.0,0.0,0.0,0.0,-0.0,0.0,0.0,0.0,-0.0,0.0,0.0,0.0,-0.0,0.0,0.0,0.0,-0.0,0.0,0.0,0.0,-0.0,0.0,0.0,0.0,-0.0,0.0,0.0,0.0,-0.0,0.0,0.0,0.0,-0.0,0.0,0.0,0.0,-0.0,0.0,0.0,0.0,-0.0,0.0,0.0,0.0,0.0,-0.0,0.0,0.0,-0.0,0.0,0.0,0.0,0.0,-0.0,0.0,0.0,-0.0,0.0,0.0,0.0,-0.0,-0.0,0.0,0.0,0.0,0.0,0.0,0.0,0.0,0.0,0.0,0.0,0.0,0.0,0.0,0.0,0.0,0.0,0.0,0.0,0.0,0.0,0.0,0.0,0.0,0.0,0.0,0.0,0.0,0.0,0.0,0.0,0.0,0.0,0.0,0.0,0.0,0.0,0.0,0.0,0.0,0.0,0.0,0.0,0.0,0.0,0.0,0.0,0.0,0.0,0.0,0.0
303_WIND_1,-0.31670954609909785,1.478519176600912e-05,0.03696166485490693,-0.3923506868646248,-0.4423732474833617,9.37870902539828e-06,-0.15374287011228205,-0.5041015230901258,-0.39300848671168254,9.26707839887797e-06,-0.07736088049408352,-0.4591068270376302,-0.4709728823780033,8.387402391285548e-06,-0.19579396086173517,-0.5285001653588155,-0.7209700408855104,7.080185164376473e-05,-0.5765972190921573,-0.7518652973566613,-0.8404509737911581,0.15940024096575645,-0.8404899834542121,-0.8405506362019637,-0.6586771197138805,0.3412182155381469,-0.6587283076316766,-0.6587679381251761,-0.6364008815117392,0.36347368337647445,-0.6364745189428831,-0.636517676455065,-0.5084738820232642,0.4914053794835036,-0.5085309624938219,-0.5085770761782994,-0.365383361767464,0.6344975199826326,-0.36543017984829973,-0.3654776589443557,-0.23413549673786838,0.7658068225210011,-0.2341851609609158,-0.23420150093264389,-0.2367905542892279,0.763191667487777,-0.23679925642539246,-0.23680826896414917,-0.28798602166822507,0.7118978419409503,-0.2879375411885725,-0.288006715953276,-0.2702693116727195,0.7374890135363099,-0.26299573034869184,-0.26115425129702674,-0.34850764984786786,0.6513995894627911,-0.348524172956278,-0.348569469040156,-0.38406640237380474,0.6158051546322532,-0.3841721934434581,-0.38421013991397174,-0.4704175139310851,0.5294711266879788,-0.47049236371440983,-0.4705304766737606,-0.4114316944151901,0.5884796487256305,-0.41145761316717966,-0.41149749368887767,-0.39393610888840946,0.6059706848272453,-0.393946669595703,-0.3939889730581303,-0.4076895575753472,0.5922528245039573,-0.40771498459123734,-0.4077393167455689,-0.45185542445773685,0.548059201698704,-0.451914600249129,-0.45194345728378305,-0.5854631072199643,0.41442501467621673,-0.5855421490795898,-0.5855743680081148,-0.5537875426719481,0.4460958698921571,-0.5538613867062061,-0.5538886911737695,-0.5964224417469737,0.4034973108992439,-0.5964757341953799,-0.5965031859597956,0.0,0.0,0.0,0.0,0.0,0.0,0.0,0.0,0.0,0.0,0.0,0.0,0.0,0.0,0.0,0.0,0.0,0.0,0.0,0.0,0.0,0.0,0.0,0.0,0.0,0.0,0.0,0.0,0.0,0.0,0.0,0.0,0.0,0.0,0.0,0.0,0.0,0.0,0.0,0.0,0.0,0.0,0.0,0.0,0.0,0.0,0.0,0.0
307_CT_1,-0.0,0.0,0.0,0.0,-0.0,0.0,0.0,0.0,0.0,0.0,0.0,0.0,0.0,0.0,0.0,0.0,0.0,-0.0,0.0,0.0,0.0,0.0,0.0,0.0,-0.0,0.0,0.0,0.0,-0.0,0.0,0.0,0.0,-0.0,0.0,0.0,0.0,0.0,0.0,0.0,0.0,0.0,0.0,0.0,0.0,-0.0,0.0,0.0,0.0,0.0,0.0,0.0,0.0,0.0,0.0,0.0,0.0,0.0,0.0,0.0,0.0,0.0,0.0,0.0,0.0,0.0,0.0,0.0,0.0,0.0,0.0,0.0,0.0,0.0,0.0,0.0,0.0,0.0,-0.0,0.0,0.0,0.0,0.0,0.0,0.0,0.0,-0.0,0.0,0.0,0.0,0.0,0.0,0.0,-0.0,-0.0,0.0,0.0,0.0,0.0,0.0,0.0,0.0,0.0,0.0,0.0,0.0,0.0,0.0,0.0,0.0,0.0,0.0,0.0,0.0,0.0,0.0,0.0,0.0,0.0,0.0,0.0,0.0,0.0,0.0,0.0,0.0,0.0,0.0,0.0,0.0,0.0,0.0,0.0,0.0,0.0,0.0,0.0,0.0,0.0,0.0,0.0,0.0,0.0,0.0,0.0
307_CT_2,-0.0,0.0,0.0,0.0,-0.0,0.0,0.0,0.0,-0.0,0.0,0.0,0.0,-0.0,0.0,0.0,0.0,0.0,-0.0,0.0,0.0,-0.0,0.0,0.0,0.0,-0.0,0.0,0.0,0.0,-0.0,0.0,0.0,0.0,-0.0,0.0,0.0,0.0,-0.0,0.0,0.0,0.0,-0.0,0.0,0.0,0.0,-0.0,0.0,0.0,0.0,-0.0,0.0,0.0,0.0,-0.0,0.0,0.0,0.0,-0.0,0.0,0.0,0.0,-0.0,0.0,0.0,0.0,-0.0,0.0,0.0,0.0,-0.0,0.0,0.0,0.0,-0.0,0.0,0.0,0.0,0.0,-0.0,0.0,0.0,-0.0,0.0,0.0,0.0,0.0,-0.0,0.0,0.0,-0.0,0.0,0.0,0.0,-0.0,-0.0,0.0,0.0,0.0,0.0,0.0,0.0,0.0,0.0,0.0,0.0,0.0,0.0,0.0,0.0,0.0,0.0,0.0,0.0,0.0,0.0,0.0,0.0,0.0,0.0,0.0,0.0,0.0,0.0,0.0,0.0,0.0,0.0,0.0,0.0,0.0,0.0,0.0,0.0,0.0,0.0,0.0,0.0,0.0,0.0,0.0,0.0,0.0,0.0,0.0,0.0
309_WIND_1,-0.04231293380873269,-2.055738999029444e-07,0.9357820188078421,-0.03763603581242249,-0.04367316315059311,-4.2466792149475907e-07,0.9337184664826825,-0.03884356399523999,-0.034728738674655535,-1.943109451119085e-08,0.9472480617031174,-0.030923377951394618,-0.03559993504628156,4.4768892237811997e-07,0.9459237178759441,-0.031701065005796884,-0.018259160617355663,-2.034805804962403e-07,0.9722884326508532,-0.01624088984599867,-0.015519091957354014,-0.015522600427664068,0.9844805340090126,-0.01552106080441311,-0.02382132449320018,-0.023824373367265617,0.9761763941140607,-0.02382455984527409,-0.022957540458449444,-0.0229607236802698,0.9770390989070625,-0.02296161096357549,-0.01971004284123451,-0.019712918710066196,0.9802868451729942,-0.0197138012741599,-0.015344523715186409,-0.015347852988096156,0.9846524084716004,-0.015348459513790191,-0.017707204806430954,-0.017710909661346808,0.9822894619381359,-0.017711545236344436,-0.01799766591809293,-0.01799995954299538,0.9820004772351596,-0.018000165469305957,-0.016300922199213586,-0.016302063736546968,0.9836942602138041,-0.016305124409093017,-0.01799179503158993,-0.01747391091676298,0.9824927444549014,-0.01738401211685014,-0.017524140256149956,-0.017527300506983368,0.9824735192874128,-0.017527441292728506,-0.012534122773505185,-0.012538203798499792,0.9874622649472974,-0.012538826114176322,-0.010637360384193717,-0.010639593596185215,0.989360637183786,-0.010639969206311002,-0.01389726733272445,-0.013899550898074264,0.9861011930346892,-0.013899599421530219,-0.015049605255434528,-0.015051404366626109,0.9849494215176029,-0.01505123231086449,-0.014297959653500225,-0.014299512013904558,0.9857006718632331,-0.014299755006675546,-0.013474532643779513,-0.013476754477144748,0.9865234230999126,-0.013477182357610244,-0.012622541312603541,-0.012624732654514637,0.9873755881849404,-0.012625017511910605,-0.013126400046205022,-0.013128548331818868,0.9868722025409093,-0.013128742162935218,-0.009972271544268718,-0.0099734070686337,0.9900267389842847,-0.009973590522926274,0.0,0.0,0.0,0.0,0.0,0.0,0.0,0.0,0.0,0.0,0.0,0.0,0.0,0.0,0.0,0.0,0.0,0.0,0.0,0.0,0.0,0.0,0.0,0.0,0.0,0.0,0.0,0.0,0.0,0.0,0.0,0.0,0.0,0.0,0.0,0.0,0.0,0.0,0.0,0.0,0.0,0.0,0.0,0.0,0.0,0.0,0.0,0.0
313_CC_1,-0.22955511256652184,5.647082825821492e-05,-0.3485140645370741,-0.2043838428506997,-0.22125808895016053,3.548643259154716e-05,-0.33592574656589136,-0.19707818367106494,-0.20818359091828076,3.814073867358658e-05,-0.31627823222756213,-0.18563417569373403,-0.20100004716710185,2.2423923408787516e-05,-0.3053768335559557,-0.1790873194408251,-0.18993727220757728,4.829922461158098e-05,-0.2883564833052885,-0.16902253155397842,-0.1402808403736242,-0.13961732127565574,-0.14078117225095177,-0.1403019749468543,-0.08698227828093241,-0.0868276292806307,-0.087083999579324,-0.0869815579201941,-0.036168210023916014,-0.036163262795890994,-0.036178680206084834,-0.036173581218284234,-0.021839767080411798,-0.021840073191263354,-0.02184430130374082,-0.021843344875082132,-0.021661799049763175,-0.02166420833111582,-0.02166665669471257,-0.021666645905508406,-0.02986286974034824,-0.02986907842475084,-0.029868829597010205,-0.029870398222986323,-0.02856741231559834,-0.028570145295183202,-0.028570907043116378,-0.028571228106736526,-0.020531781525519488,-0.02053758273426798,-0.020532480795147023,-0.020535138955276148,-0.017778656143379035,-0.017257664108830895,-0.01729304885289018,-0.01716852807423718,-0.019331863878812472,-0.019332524569038778,-0.019334173239940355,-0.01933352951154359,-0.012119330768719738,-0.01212325832973904,-0.012122909218515332,-0.012123935955450657,-0.013609604888005444,-0.013611048271583437,-0.013612807389505654,-0.013611885262337657,-0.012074717788892464,-0.012076053200902326,-0.01207574293207525,-0.012076183170383526,-0.013570185907799903,-0.01357127669686986,-0.013571227256507612,-0.013571591189547112,-0.013259832639004543,-0.013261175912619327,-0.013261966356719057,-0.013261516524852508,-0.009929367734635597,-0.009931325673790847,-0.009930893028276433,-0.009931313435099834,-0.010711702808356094,-0.01071317903097524,-0.010713250837046218,-0.010713625629046989,-0.010822607581758792,-0.010823979926096738,-0.01082468126223013,-0.010824568771461202,-0.04870052905549471,-0.04865299671888135,-0.04875209081736642,-0.04873678264206263,0.0,0.0,0.0,0.0,0.0,0.0,0.0,0.0,0.0,0.0,0.0,0.0,0.0,0.0,0.0,0.0,0.0,0.0,0.0,0.0,0.0,0.0,0.0,0.0,0.0,0.0,0.0,0.0,0.0,0.0,0.0,0.0,0.0,0.0,0.0,0.0,0.0,0.0,0.0,0.0,0.0,0.0,0.0,0.0,0.0,0.0,0.0,0.0
315_CT_6,0.0,0.0,0.0,0.0,0.0,0.0,0.0,0.0,0.0,0.0,0.0,0.0,0.0,0.0,0.0,0.0,0.0,-0.0,0.0,0.0,0.0,0.0,0.0,0.0,0.0,0.0,0.0,0.0,0.0,0.0,0.0,0.0,0.0,0.0,0.0,0.0,0.0,0.0,0.0,0.0,0.0,0.0,0.0,0.0,0.0,0.0,0.0,0.0,0.0,0.0,0.0,0.0,0.0,0.0,0.0,0.0,-0.0057682696851132365,-0.005769165259595862,-0.005768451786395699,-0.005769097182419728,-0.00517619942959617,-0.005177886986434662,-0.005177736978577055,-0.005178154778402429,-0.005110210759934292,-0.005111158729428678,-0.005111315081822325,-0.005111180485321142,-0.005166346601606186,-0.005166970006602683,-0.005166360713683359,-0.0051667776943844,-0.0047648323136052495,-0.0047692401348331664,-0.004761714893594075,-0.004769643984710013,-0.004166271805164318,-0.004167654908249805,-0.004163476933412565,-0.00416819427448408,-0.0032001773260746835,-0.0032010679975766282,-0.0032007453098808294,-0.0032015632329036488,0.0,-0.0,0.0,0.0,0.0,0.0,0.0,0.0,0.0,-0.0,0.0,0.0,0.0,0.0,0.0,0.0,0.0,0.0,0.0,0.0,0.0,0.0,0.0,0.0,0.0,0.0,0.0,0.0,0.0,0.0,0.0,0.0,0.0,0.0,0.0,0.0,0.0,0.0,0.0,0.0,0.0,0.0,0.0,0.0,0.0,0.0,0.0,0.0,0.0,0.0,0.0,0.0,0.0,0.0,0.0,0.0,0.0,0.0,0.0,0.0
315_CT_7,0.006459662113982699,1.0808726613005179e-07,0.009803374861874065,0.005744969798826711,0.0029175781726878225,4.823193136782545e-08,0.0044277748679893095,0.002594691658618122,0.002375689000576599,-9.457279929612952e-10,0.003608328971267946,0.0021149610735175925,0.002656219529071,-2.3591052406165235e-08,0.004034513054756898,0.0023649822724495085,0.0037207363991711554,2.0117110267653567e-07,0.005646511883811048,0.0033091593472859638,0.005601669922141153,0.005599322801284017,0.0056034024995287425,0.005601877433117039,0.010678630394562606,0.010676429195452074,0.010681253042300155,0.010679545538001354,0.01953440329115097,0.01950568092781509,0.019551631122578354,0.019534109354962186,-0.008649254341229614,-0.008656542064817335,-0.008648638688587788,-0.008652073907268472,-0.006737507390855572,-0.006738975564917471,-0.0067386797510888665,-0.006739128777193094,-0.006968050966330237,-0.006969477885868834,-0.006969466666747011,-0.006969821403409238,-0.0068433211834051655,-0.006845634081283642,-0.006846444439218391,-0.00684681064650514,-0.006668378594190338,-0.006671714914575647,-0.006671453488672087,-0.006672253141062479,-0.0065316629426860695,-0.006340256029281692,-0.006352691228108132,-0.0063071111159574535,-0.006544140255550501,-0.006545248338509032,-0.00654447432875745,-0.006545155855068397,-0.006318492923900945,-0.006320617385193996,-0.00632040838399827,-0.006320925158893555,-0.005110210766963133,-0.005111158736458904,-0.005111315088852628,-0.005111180492353033,-0.0045295921689806435,-0.004530078553401989,-0.004529555617250719,-0.004529943647846813,-0.0,0.0,0.0,0.0,-0.0,-0.0,0.0,0.0,-0.0,0.0,0.0,0.0,-0.0,-0.0,0.0,0.0,-0.0,0.0,0.0,0.0,-0.0,-0.0,0.0,0.0,0.0,0.0,0.0,0.0,0.0,0.0,0.0,0.0,0.0,0.0,0.0,0.0,0.0,0.0,0.0,0.0,0.0,0.0,0.0,0.0,0.0,0.0,0.0,0.0,0.0,0.0,0.0,0.0,0.0,0.0,0.0,0.0,0.0,0.0,0.0,0.0,0.0,0.0,0.0,0.0,0.0,0.0,0.0,0.0,0.0,0.0,0.0,0.0
315_CT_8,0.0064596621094684505,1.0808726604448113e-07,0.009803374855023129,0.005744969794811938,0.0029175781720165877,4.8231931371538845e-08,0.004427774866970576,0.00259469165802106,0.00237568900037424,-9.457279935033962e-10,0.0036083289709605876,0.002114961073337441,0.0026562195291474546,-2.3591052406219445e-08,0.004034513054873022,0.002364982272517578,0.0037207363991711554,2.0117110267653567e-07,0.005646511883811048,0.0033091593472859638,0.005601669922141153,0.005599322801284017,0.0056034024995287425,0.005601877433117039,0.010678630391931634,0.01067642919282162,0.010681253039668544,0.010679545535370151,0.01953440329339108,0.0195056809300518,0.019551631124820498,0.01953410935720226,-0.008649254341668995,-0.008656542065257074,-0.008648638689027138,-0.008652073907707995,-0.006737507385870896,-0.006738975559931716,-0.006738679746103323,-0.006739128772207221,-0.006968050966330237,-0.006969477885868834,-0.006969466666747011,-0.006969821403409238,-0.0068433211834051655,-0.006845634081283642,-0.006846444439218391,-0.00684681064650514,-0.006668378594190338,-0.006671714914575647,-0.006671453488672087,-0.006672253141062479,-0.006531662938432529,-0.006340256025153047,-0.006352691223971365,-0.006307111111850432,-0.006544140255550501,-0.006545248338509032,-0.00654447432875745,-0.006545155855068397,-0.006318492923900945,-0.006320617385193996,-0.00632040838399827,-0.006320925158893555,-0.005110210766963133,-0.005111158736458904,-0.005111315088852628,-0.005111180492353033,-0.005166346603198814,-0.005166970008195405,-0.005166360715275827,-0.005166777695977456,-0.004764832312984191,-0.004769240134211636,-0.004761714892974652,-0.004769643984088667,-0.004166271805440219,-0.0041676549085253,-0.0041634769336876855,-0.004168194274759856,-0.0032001773260744814,-0.0032010679975764183,-0.0032007453098805336,-0.0032015632329036488,-0.0,-0.0,0.0,0.0,-0.0,0.0,0.0,0.0,-0.0,-0.0,0.0,0.0,0.0,0.0,0.0,0.0,0.0,0.0,0.0,0.0,0.0,0.0,0.0,0.0,0.0,0.0,0.0,0.0,0.0,0.0,0.0,0.0,0.0,0.0,0.0,0.0,0.0,0.0,0.0,0.0,0.0,0.0,0.0,0.0,0.0,0.0,0.0,0.0,0.0,0.0,0.0,0.0,0.0,0.0,0.0,0.0,0.0,0.0,0.0,0.0
315_STEAM_1,0.0,0.0,0.0,0.0,0.0,0.0,0.0,0.0,0.0,0.0,0.0,0.0,0.0,0.0,0.0,0.0,0.0,-0.0,0.0,0.0,0.0,0.0,0.0,0.0,0.0,0.0,0.0,0.0,0.0,0.0,0.0,0.0,0.0,0.0,0.0,0.0,0.0,0.0,0.0,0.0,0.0,0.0,0.0,0.0,0.0,0.0,0.0,0.0,0.0,0.0,0.0,0.0,0.0,0.0,0.0,0.0,0.0,0.0,0.0,0.0,0.0,0.0,0.0,0.0,0.0,0.0,0.0,0.0,0.0,0.0,0.0,0.0,0.0,0.0,0.0,0.0,0.0,-0.0,0.0,0.0,0.0,0.0,0.0,0.0,0.0,-0.0,0.0,0.0,0.0,0.0,0.0,0.0,0.0,-0.0,0.0,0.0,0.0,0.0,0.0,0.0,0.0,0.0,0.0,0.0,0.0,0.0,0.0,0.0,0.0,0.0,0.0,0.0,0.0,0.0,0.0,0.0,0.0,0.0,0.0,0.0,0.0,0.0,0.0,0.0,0.0,0.0,0.0,0.0,0.0,0.0,0.0,0.0,0.0,0.0,0.0,0.0,0.0,0.0,0.0,0.0,0.0,0.0,0.0,0.0
315_STEAM_2,-0.0,0.0,0.0,0.0,-0.0,0.0,0.0,0.0,-0.0,0.0,0.0,0.0,-0.0,0.0,0.0,0.0,-0.0,-0.0,0.0,0.0,-0.0,0.0,0.0,0.0,-0.0,0.0,0.0,0.0,-0.0,0.0,0.0,0.0,-0.0,0.0,0.0,0.0,-0.0,0.0,0.0,0.0,-0.0,0.0,0.0,0.0,-0.0,0.0,0.0,0.0,-0.0,0.0,0.0,0.0,-0.0,0.0,0.0,0.0,-0.0,0.0,0.0,0.0,-0.0,0.0,0.0,0.0,-0.0,0.0,0.0,0.0,-0.0,0.0,0.0,0.0,-0.0,0.0,0.0,0.0,-0.0,-0.0,0.0,0.0,-0.0,0.0,0.0,0.0,-0.0,-0.0,0.0,0.0,-0.0,0.0,0.0,0.0,-0.0,-0.0,0.0,0.0,0.0,0.0,0.0,0.0,0.0,0.0,0.0,0.0,0.0,0.0,0.0,0.0,0.0,0.0,0.0,0.0,0.0,0.0,0.0,0.0,0.0,0.0,0.0,0.0,0.0,0.0,0.0,0.0,0.0,0.0,0.0,0.0,0.0,0.0,0.0,0.0,0.0,0.0,0.0,0.0,0.0,0.0,0.0,0.0,0.0,0.0,0.0,0.0
315_STEAM_3,-0.0,0.0,0.0,0.0,-0.0,0.0,0.0,0.0,-0.0,0.0,0.0,0.0,-0.0,0.0,0.0,0.0,-0.0,-0.0,0.0,0.0,-0.0,0.0,0.0,0.0,-0.0,0.0,0.0,0.0,-0.0,0.0,0.0,0.0,-0.0,0.0,0.0,0.0,-0.0,0.0,0.0,0.0,-0.0,0.0,0.0,0.0,-0.0,0.0,0.0,0.0,-0.0,0.0,0.0,0.0,-0.0,0.0,0.0,0.0,-0.0,0.0,0.0,0.0,-0.0,0.0,0.0,0.0,-0.0,0.0,0.0,0.0,-0.0,0.0,0.0,0.0,-0.0,0.0,0.0,0.0,-0.0,-0.0,0.0,0.0,-0.0,0.0,0.0,0.0,-0.0,-0.0,0.0,0.0,-0.0,0.0,0.0,0.0,-0.0,-0.0,0.0,0.0,0.0,0.0,0.0,0.0,0.0,0.0,0.0,0.0,0.0,0.0,0.0,0.0,0.0,0.0,0.0,0.0,0.0,0.0,0.0,0.0,0.0,0.0,0.0,0.0,0.0,0.0,0.0,0.0,0.0,0.0,0.0,0.0,0.0,0.0,0.0,0.0,0.0,0.0,0.0,0.0,0.0,0.0,0.0,0.0,0.0,0.0,0.0,0.0
315_STEAM_4,-0.0,0.0,0.0,0.0,-0.0,0.0,0.0,0.0,-0.0,0.0,0.0,0.0,-0.0,0.0,0.0,0.0,-0.0,-0.0,0.0,0.0,-0.0,0.0,0.0,0.0,-0.0,0.0,0.0,0.0,-0.0,0.0,0.0,0.0,-0.0,0.0,0.0,0.0,-0.0,0.0,0.0,0.0,-0.0,0.0,0.0,0.0,-0.0,0.0,0.0,0.0,-0.0,0.0,0.0,0.0,-0.0,0.0,0.0,0.0,-0.0,0.0,0.0,0.0,-0.0,0.0,0.0,0.0,-0.0,0.0,0.0,0.0,-0.0,0.0,0.0,0.0,-0.0,0.0,0.0,0.0,-0.0,-0.0,0.0,0.0,-0.0,0.0,0.0,0.0,-0.0,-0.0,0.0,0.0,-0.0,0.0,0.0,0.0,-0.0,-0.0,0.0,0.0,0.0,0.0,0.0,0.0,0.0,0.0,0.0,0.0,0.0,0.0,0.0,0.0,0.0,0.0,0.0,0.0,0.0,0.0,0.0,0.0,0.0,0.0,0.0,0.0,0.0,0.0,0.0,0.0,0.0,0.0,0.0,0.0,0.0,0.0,0.0,0.0,0.0,0.0,0.0,0.0,0.0,0.0,0.0,0.0,0.0,0.0,0.0,0.0
315_STEAM_5,-0.0,0.0,0.0,0.0,-0.0,0.0,0.0,0.0,-0.0,0.0,0.0,0.0,-0.0,0.0,0.0,0.0,-0.0,-0.0,0.0,0.0,-0.0,0.0,0.0,0.0,-0.0,0.0,0.0,0.0,-0.0,0.0,0.0,0.0,-0.0,0.0,0.0,0.0,-0.0,0.0,0.0,0.0,-0.0,0.0,0.0,0.0,-0.0,0.0,0.0,0.0,-0.0,0.0,0.0,0.0,-0.0,0.0,0.0,0.0,-0.0,0.0,0.0,0.0,-0.0,0.0,0.0,0.0,-0.0,0.0,0.0,0.0,-0.0,0.0,0.0,0.0,-0.0,0.0,0.0,0.0,-0.0,-0.0,0.0,0.0,-0.0,0.0,0.0,0.0,-0.0,-0.0,0.0,0.0,-0.0,0.0,0.0,0.0,-0.0,-0.0,0.0,0.0,0.0,0.0,0.0,0.0,0.0,0.0,0.0,0.0,0.0,0.0,0.0,0.0,0.0,0.0,0.0,0.0,0.0,0.0,0.0,0.0,0.0,0.0,0.0,0.0,0.0,0.0,0.0,0.0,0.0,0.0,0.0,0.0,0.0,0.0,0.0,0.0,0.0,0.0,0.0,0.0,0.0,0.0,0.0,0.0,0.0,0.0,0.0,0.0
316_STEAM_1,0.033129977207055905,-2.0738675335918444e-06,0.050259213205553266,0.02941815836053948,0.021256865825388438,4.0635704312563803e-07,0.03224547711330139,0.018874274730742945,0.016487086691549746,3.545702628393599e-06,0.025023004445282382,0.014635627408898611,0.01826796411021081,5.145241696702385e-06,0.02771800513619649,0.016224760784737773,0.02035662919574338,1.015914638613502e-05,0.030865717555697447,0.018075408963794455,0.024585109517584303,0.024483472347156754,0.024624749061930906,0.024570883017022677,0.013181895325012238,0.012859505750592914,0.012957978634426048,0.012867327575815768,-0.016089179638285822,-0.016091120754416544,-0.016091629185401857,-0.01609198771979189,-0.013070081509961695,-0.013072512629537902,-0.013071790357635393,-0.013072600197577368,-0.010989844697405382,-0.010991819468382458,-0.010992053503774635,-0.01099248379122512,-0.01375333971538939,-0.013756208207740928,-0.013756047708382013,-0.013756788191821172,-0.012877977988319356,-0.01287969178859183,-0.012879670336293891,-0.012880058972047735,-0.01102106044468587,-0.011023358083668278,-0.011024816880566668,-0.011024977497019917,-0.01126637934766006,-0.010937896690804028,-0.010959489559020597,-0.010881182936449182,-0.010353748538752816,-0.010354945436978236,-0.01035485782160972,-0.010355126957518154,-0.006517516126707368,-0.006519605245269067,-0.006519408945603544,-0.006519952156034489,-0.00742495051704084,-0.007425803195860725,-0.007426533898428733,-0.007426218520751342,-0.006398773591668183,-0.006399586526438905,-0.006399294879970707,-0.006399596058585367,-0.0065324748728188275,-0.00653322120624078,-0.006532706212217576,-0.006533087003866728,-0.006280748290781624,-0.006281693225599239,-0.006281128024382188,-0.006281339981687926,-0.004962491604229513,-0.0049635566768944095,-0.004962994262460718,-0.004963371048741065,-0.006779781578653332,-0.006780860218086826,-0.006780588733277693,-0.006781000578613788,-0.005930515727450736,-0.00593141844853351,-0.005931994080997427,-0.005931784426933261,-0.015592579268307372,-0.015623970021096611,-0.015617199724944353,-0.01569487221136272,0.0,0.0,0.0,0.0,0.0,0.0,0.0,0.0,0.0,0.0,0.0,0.0,0.0,0.0,0.0,0.0,0.0,0.0,0.0,0.0,0.0,0.0,0.0,0.0,0.0,0.0,0.0,0.0,0.0,0.0,0.0,0.0,0.0,0.0,0.0,0.0,0.0,0.0,0.0,0.0,0.0,0.0,0.0,0.0,0.0,0.0,0.0,0.0
317_WIND_1,-0.47395134587936916,-2.549814261065819e-06,-0.7193069505867911,0.578449271975896,-0.3855303084273416,-3.9731074252813414e-07,-0.5851179331192071,0.6570813830439857,-0.32234459558113127,-7.368008407837578e-07,-0.4896296349681535,0.71298908773582,-0.33883274578332934,2.0165009466666106e-06,-0.5146755131874627,0.6982978499575114,-0.17624771342096412,-8.069322554149494e-06,-0.26748520874166815,0.8432314393356797,-0.035615011599283264,-0.03562254846748747,-0.03561655736695357,0.9643801815599382,-0.11046228953383519,-0.11047491543298982,-0.11047336828902488,0.8895230035666823,-0.12273410311256461,-0.12274074076665364,-0.12275709527262535,0.8772453066358517,-0.08551226686143654,-0.08550733144642209,-0.08553549885157352,0.9144727848735785,-0.1373704187127578,-0.13737230923826438,-0.13740944417384426,0.8625993766704643,-0.1953174970695577,-0.19536165698805696,-0.1953580143574456,0.8046304205028914,-0.18791065694269182,-0.1879314774537839,-0.18792954065693124,0.8120651800965251,-0.1224305714535121,-0.1223836738164632,-0.12247652695651468,0.8775564597134973,-0.10185825208603871,-0.0989316457612972,-0.0991260492737851,0.9015718625683687,-0.15092278937963277,-0.15089867737621,-0.1509737698959679,0.8490573045918356,-0.20297225800962027,-0.20302278346232194,-0.20303931807067066,0.7969497013762563,-0.15861041823082855,-0.15863782295638806,-0.15864638523546581,0.8413468000694384,-0.23413364117086788,-0.23413106393170668,-0.2342010289596459,0.7658222787369677,-0.3166594569212702,-0.31666960010465584,-0.31674942831308783,0.6832743725998385,-0.31331689593626244,-0.3133471933925094,-0.31337217437413045,0.6866322871178718,-0.33764457852650454,-0.33769496528881193,-0.3377106004662931,0.6622839053190961,-0.24980145694427947,-0.24982946439590892,-0.24985232990600004,0.75014292777001,-0.35239720378014106,-0.35243481151107536,-0.352468797911456,0.6475194629825265,-0.31677720567389045,-0.3168123556075031,-0.31681101496776876,0.6831762604069049,0.0,0.0,0.0,0.0,0.0,0.0,0.0,0.0,0.0,0.0,0.0,0.0,0.0,0.0,0.0,0.0,0.0,0.0,0.0,0.0,0.0,0.0,0.0,0.0,0.0,0.0,0.0,0.0,0.0,0.0,0.0,0.0,0.0,0.0,0.0,0.0,0.0,0.0,0.0,0.0,0.0,0.0,0.0,0.0,0.0,0.0,0.0,0.0
318_CC_1,-0.0,0.0,0.0,0.0,-0.0,0.0,0.0,0.0,-0.0,0.0,0.0,0.0,-0.0,0.0,0.0,0.0,-0.0,-0.0,0.0,0.0,-0.0,0.0,0.0,0.0,-0.0,0.0,0.0,0.0,-0.0,0.0,0.0,0.0,-0.0,0.0,0.0,0.0,-0.010962012300680612,-0.010964023280067625,-0.010963978382527273,-0.010964497655576127,-0.03796008482748592,-0.03796848712749634,-0.03796795432183764,-0.037970132432812914,-0.028898055870200334,-0.028912933416351816,-0.028913036422618887,-0.028916640238563013,-0.023817673632289038,-0.023825141880656986,-0.023840390744126694,-0.023838261017560283,-0.013981347687966661,-0.01356907751889569,-0.013596318159027732,-0.0134979647695681,-0.021456688164984694,-0.02145814520535394,-0.021458256008503263,-0.021458704171663817,-0.013994428828480565,-0.01399900208493321,-0.013998583623366478,-0.013999786459119746,-0.017001366915773808,-0.01700361521852023,-0.01700526469980801,-0.017003949230868856,-0.020848316406748557,-0.020849231908470545,-0.020847691561789894,-0.020848245828871216,-0.023506571461870962,-0.02351213720994272,-0.023488458850394522,-0.023502218083236978,-0.02198308051324549,-0.021990942467980945,-0.021987178043734623,-0.021987830173377847,-0.02173491494569968,-0.021741213247548075,-0.021734663597033688,-0.021737437232181436,-0.007837258371752531,-0.007839350900681552,-0.007823971673057706,-0.007829162779901953,-0.0,0.0,0.0,0.0,-0.0,-0.0,0.0,0.0,0.0,0.0,0.0,0.0,0.0,0.0,0.0,0.0,0.0,0.0,0.0,0.0,0.0,0.0,0.0,0.0,0.0,0.0,0.0,0.0,0.0,0.0,0.0,0.0,0.0,0.0,0.0,0.0,0.0,0.0,0.0,0.0,0.0,0.0,0.0,0.0,0.0,0.0,0.0,0.0,0.0,0.0,0.0,0.0,0.0,0.0,0.0,0.0
321_CC_1,-0.0,0.0,0.0,0.0,-0.0,0.0,0.0,0.0,-0.0,0.0,0.0,0.0,-0.0,0.0,0.0,0.0,-0.0,-0.0,0.0,0.0,-0.0,0.0,0.0,0.0,-0.0,0.0,0.0,0.0,-0.0,0.0,0.0,0.0,-0.0,0.0,0.0,0.0,-0.010947186361389472,-0.01094926246016481,-0.010949247979892718,-0.010949770939027386,-0.03740932323447721,-0.037417546207386465,-0.037417048941604136,-0.037419174583303766,-0.02883626317707977,-0.02884012014628068,-0.028841050181027228,-0.028841598428978023,-0.024301013889643563,-0.02430520827601601,-0.024317870725704793,-0.024315612272102223,-0.016576377046132462,-0.01608908045746915,-0.016121250595451997,-0.01600501610352602,-0.02153052511749176,-0.021532246978274827,-0.021532216622317968,-0.02153249504920791,-0.014063003184697997,-0.014067596406900806,-0.014067160058298889,-0.014068372391758498,-0.017252776118786617,-0.01725468460978452,-0.017256752531170427,-0.017255343177756406,-0.01390005270817718,-0.013901356423568823,-0.01390073053035401,-0.013901255059293604,-0.015424452475754968,-0.015426715345353337,-0.015424247832632076,-0.015425864988785011,-0.017268752699447276,-0.01727371055082272,-0.017270501679753636,-0.017271145963145475,-0.0055120637134434824,-0.005513507851563126,-0.005512494530059975,-0.005513153953470937,-0.0,-0.0,0.0,0.0,-0.0,0.0,0.0,0.0,-0.0,-0.0,0.0,0.0,0.0,0.0,0.0,0.0,0.0,0.0,0.0,0.0,0.0,0.0,0.0,0.0,0.0,0.0,0.0,0.0,0.0,0.0,0.0,0.0,0.0,0.0,0.0,0.0,0.0,0.0,0.0,0.0,0.0,0.0,0.0,0.0,0.0,0.0,0.0,0.0,0.0,0.0,0.0,0.0,0.0,0.0,0.0,0.0,0.0,0.0,0.0,0.0
322_CT_5,-0.0,0.0,0.0,0.0,-0.0,0.0,0.0,0.0,0.0,0.0,0.0,0.0,0.0,0.0,0.0,0.0,0.0,-0.0,0.0,0.0,0.0,0.0,0.0,0.0,-0.0,0.0,0.0,0.0,-0.0,0.0,0.0,0.0,-0.0,0.0,0.0,0.0,-0.005958100100900088,-0.005959411463214659,-0.005959195822799135,-0.005959583125523708,-0.0070051201202774305,-0.00700655724689625,-0.007006526834756777,-0.007006890817502345,-0.006823230740174102,-0.006824305955253962,-0.006824412402202107,-0.006824638436572432,-0.006619821738431675,-0.006622135784279282,-0.00662206036673485,-0.00662261382734935,-0.006749110039381501,-0.006552231294667088,-0.006564986833559772,-0.006518115529977363,-0.0065297611286634916,-0.006530878457737588,-0.006530182286854647,-0.006530731189960724,-0.004976656246249711,-0.004978339864278869,-0.00497817311181592,-0.004978535989342482,-0.0047450433846033535,-0.0047462606943548535,-0.00474630639651985,-0.004746206761955309,0.0,0.0,0.0,0.0,0.0,0.0,0.0,0.0,0.0,-0.0,0.0,0.0,0.0,0.0,0.0,0.0,0.0,-0.0,0.0,0.0,0.0,0.0,0.0,0.0,-0.0,-0.0,0.0,0.0,0.0,0.0,0.0,0.0,0.0,0.0,0.0,0.0,0.0,0.0,0.0,0.0,0.0,0.0,0.0,0.0,0.0,0.0,0.0,0.0,0.0,0.0,0.0,0.0,0.0,0.0,0.0,0.0,0.0,0.0,0.0,0.0,0.0,0.0,0.0,0.0,0.0,0.0,0.0,0.0,0.0,0.0,0.0,0.0,0.0,0.0,0.0,0.0
322_CT_6,-0.0,0.0,0.0,0.0,-0.0,0.0,0.0,0.0,-0.0,0.0,0.0,0.0,-0.0,0.0,0.0,0.0,0.0,-0.0,0.0,0.0,-0.0,0.0,0.0,0.0,-0.0,0.0,0.0,0.0,-0.0,0.0,0.0,0.0,-0.0,0.0,0.0,0.0,-0.0,0.0,0.0,0.0,-0.0,0.0,0.0,0.0,-0.0,0.0,0.0,0.0,-0.0,0.0,0.0,0.0,-0.0,0.0,0.0,0.0,-0.0,0.0,0.0,0.0,-0.0,0.0,0.0,0.0,-0.0,0.0,0.0,0.0,-0.0,0.0,0.0,0.0,-0.0,0.0,0.0,0.0,0.0,-0.0,0.0,0.0,-0.0,0.0,0.0,0.0,0.0,-0.0,0.0,0.0,-0.0,0.0,0.0,0.0,-0.0,-0.0,0.0,0.0,0.0,0.0,0.0,0.0,0.0,0.0,0.0,0.0,0.0,0.0,0.0,0.0,0.0,0.0,0.0,0.0,0.0,0.0,0.0,0.0,0.0,0.0,0.0,0.0,0.0,0.0,0.0,0.0,0.0,0.0,0.0,0.0,0.0,0.0,0.0,0.0,0.0,0.0,0.0,0.0,0.0,0.0,0.0,0.0,0.0,0.0,0.0,0.0
323_CC_1,0.02884815084148684,6.409623785064156e-07,0.043771727725903986,0.025639037385798355,0.01676751033253776,4.1648752890921514e-07,0.025442667275321185,0.01490345296847286,0.013793329217433323,2.448311016114502e-06,0.02094099705716595,0.012258177558139552,0.015265573165454184,3.4047725811245464e-06,0.023172717704516496,0.013572716824560805,0.017647291040723947,1.5627952911575213e-05,0.02676387975762819,0.015683787251752714,0.023607200172523046,0.023573446330142155,0.02362092193414573,0.023603186788757287,0.0479604868510215,0.04796250955992232,0.04796646825504247,0.04796608438201051,0.08005858131139831,0.08008751409182358,0.08006039689393596,0.08007475824249896,-0.024028338437914964,-0.02411649434858898,-0.024129262348131064,-0.02414773058408763,-0.02246716598819797,-0.02246873349525794,-0.022471540372282422,-0.022471268273085442,-0.02962636861977892,-0.02963241028765506,-0.029632213910241664,-0.029633735604185023,-0.024413075573219478,-0.024489079389660606,-0.024482710761422055,-0.024503673482865217,-0.02171328460976274,-0.02172218742468669,-0.021723145308764413,-0.021724863918953667,-0.012337237269394412,-0.011973012494484077,-0.011997423734678554,-0.011910442395040072,-0.020318945125388777,-0.020319493748888445,-0.02032066065805852,-0.020320514699332406,-0.012952236312783959,-0.012956462365791779,-0.012956098167528653,-0.012957200504940083,-0.0151209750679333,-0.015122613922674387,-0.01512452438177108,-0.015123189774908336,-0.013608710988768615,-0.01360937738930073,-0.013609066367474528,-0.013609314922210737,-0.0008376839391365037,-0.0009011478531914728,-0.0009193913249980395,-0.0009186741589516665,-0.012799106585424979,-0.012862540457394508,-0.012871508753694298,-0.012883936072332156,-0.009349547810217159,-0.009448587369541388,-0.009451735752466644,-0.009474502170993129,-0.005815548436291285,-0.005919470938194695,-0.0059244266931159206,-0.005947509338649272,0.02650880368787914,0.02640760433820078,0.026413299453424757,0.02638713083023587,0.03342847789164427,0.03342956892401783,0.03343169612997343,0.033427555682120504,0.0,0.0,0.0,0.0,0.0,0.0,0.0,0.0,0.0,0.0,0.0,0.0,0.0,0.0,0.0,0.0,0.0,0.0,0.0,0.0,0.0,0.0,0.0,0.0,0.0,0.0,0.0,0.0,0.0,0.0,0.0,0.0,0.0,0.0,0.0,0.0,0.0,0.0,0.0,0.0,0.0,0.0,0.0,0.0,0.0,0.0,0.0,0.0
323_CC_2,0.028848150853521215,6.409623789505048e-07,0.04377172774416316,0.02563903739649519,0.01676751033253865,4.1648752890921514e-07,0.025442667275317632,0.014903452968472652,0.013793329217850639,2.4483110161765183e-06,0.020940997057796902,0.012258177558511,0.015265573164921052,3.4047725812871767e-06,0.02317271770370373,0.013572716824087373,0.017647291033177734,1.562795290529855e-05,0.026763879746183532,0.01568378724504644,0.023607200169250775,0.02357344632687606,0.02362092193087089,0.0236031867854905,0.04796048688095844,0.0479625095898597,0.04796646828498474,0.047966084411959424,0.08005858130817578,0.08008751408860038,0.0800603968907101,0.08007475823927104,-0.024028338421232975,-0.024116494331948957,-0.024129262332012402,-0.024147730567431445,-0.022467165992879356,-0.02246873349994102,-0.0224715403769666,-0.022471268277767267,-0.029626368639226342,-0.02963241030710662,-0.029632213929693133,-0.029633735623661037,-0.02441307557781469,-0.024489079380976886,-0.024482710782862682,-0.02450367349240171,-0.021713284614240935,-0.021722187429165308,-0.021723145313246806,-0.021724863923436057,-0.012337237245516148,-0.011973012471309379,-0.011997423711457893,-0.011910442371984938,-0.02031894515716449,-0.020319493780665193,-0.020320660689836366,-0.02032051473111306,-0.012952236126280948,-0.012956462179228698,-0.012956097980969614,-0.012957200318372662,-0.01512097486925535,-0.015122613723975,-0.01512452418304639,-0.01512318957620406,-0.013608710965582669,-0.013609377366112958,-0.013609066344288349,-0.013609314899023275,-0.000837683938952914,-0.0009011478529903717,-0.0009193913248058211,-0.0009186741587511474,-0.012799106567225672,-0.012862540439154949,-0.01287150873546989,-0.01288393605408848,-0.009349547802924267,-0.009448587362220946,-0.00945173574512977,-0.009474502163660173,-0.0058155484418310754,-0.005919470943828806,-0.005924426698750223,-0.005947509344269966,0.02650880368728667,0.026407604337625894,0.026413299452859404,0.026387130829675975,0.03342847791695647,0.033429568949330246,0.033431696155287405,0.03342755570743061,0.0,0.0,0.0,0.0,0.0,0.0,0.0,0.0,0.0,0.0,0.0,0.0,0.0,0.0,0.0,0.0,0.0,0.0,0.0,0.0,0.0,0.0,0.0,0.0,0.0,0.0,0.0,0.0,0.0,0.0,0.0,0.0,0.0,0.0,0.0,0.0,0.0,0.0,0.0,0.0,0.0,0.0,0.0,0.0,0.0,0.0,0.0,0.0
