RTS_name,SPP_name,RTS_lat,RTS_lng,SPP_lat,SPP_lng
309_WIND_1,OKGE.GRANTPLNS.WIND.1,34.7357579346,-118.127342032,36.97378,-97.67526
317_WIND_1,OKGE.SDWE.SDWE,35.3784334079,-117.055829458,36.37559,-98.42735
303_WIND_1,OKGE.SWCV.CV,35.2175425288,-118.043549932,36.57563,-97.69637
122_WIND_1,MIDW.KACY.ALEX,32.8188640659,-116.324347339,38.25289,-99.30273
