tau,coverage,gap,rmse,mae,q_hat_mean,q_hat_std,q_hat_min,q_hat_max
0.5,0.9966101694915255,0.04661016949152552,208.93189313075106,182.18256087952784,5.69770076109058,0.0,5.69770076109058,5.69770076109058
1.0,0.9966101694915255,0.04661016949152552,208.93189313075106,182.18256087952784,5.69770076109058,0.0,5.69770076109058,5.69770076109058
2.0,0.9966101694915255,0.04661016949152552,208.93189313075106,182.18256087952784,5.69770076109058,0.0,5.69770076109058,5.69770076109058
5.0,0.9796610169491525,0.029661016949152574,192.57664934200218,151.45074555611555,4.04533260284642,2.2388743972230265,0.34312027645687226,5.69770076109058
10.0,0.9610169491525423,0.011016949152542366,110.2974962401582,84.45762727623689,1.9698791236509192,1.5758477398674788,0.4144405394877099,5.69770076109058
20.0,0.9525423728813559,0.0025423728813559476,94.12015433303202,74.60982634973807,1.6285271568327455,1.252265667072505,0.552658187567552,5.69770076109058
50.0,0.9610169491525423,0.011016949152542366,88.55559827404493,69.70144922286168,1.3548344639498155,0.6562086014201755,0.7719133835592281,3.270069164069041
