method,coverage,gap,rmse,mae
weighted,0.9932203389830508,0.09322033898305082,208.01212282815104,178.11313307001822
binned,0.8861788617886179,0.013821138211382089,66.335142177178,50.16609572437762
