gen_id,gen_type,time,Z_row_sum,Z_row_abs_sum,Z_row_norm,Z_k0,Z_k1,Z_k2,Z_k3
101_CT_1,THERMAL,2020-07-15 00:00:00,0.0,0.0,0.0,0.0,0.0,0.0,0.0
101_CT_2,THERMAL,2020-07-15 00:00:00,0.0,0.0,0.0,0.0,0.0,0.0,0.0
101_STEAM_3,THERMAL,2020-07-15 00:00:00,-0.02709461073267664,0.03944740519574328,0.027856660074986102,0.006176397231533324,-0.003934922657723238,-0.026752310543658474,-0.0025837747628282516
101_STEAM_4,THERMAL,2020-07-15 00:00:00,0.02887917409168809,0.040954510775099914,0.028975150742498852,-0.006037668341705913,0.003517268161417086,0.027901592617065395,0.003497981654911524
102_CT_1,THERMAL,2020-07-15 00:00:00,0.0,0.0,0.0,0.0,0.0,0.0,0.0
102_CT_2,THERMAL,2020-07-15 00:00:00,0.0,0.0,0.0,0.0,0.0,0.0,0.0
102_STEAM_3,THERMAL,2020-07-15 00:00:00,-0.13933552417453737,0.13933552417453737,0.07460987733591808,-0.033693980810380886,-0.013689373461579724,-0.04883525725841231,-0.043116912644164465
102_STEAM_4,THERMAL,2020-07-15 00:00:00,-0.1452490794952054,0.1452490794952054,0.0777764089497325,-0.03512390319869496,-0.014270393869025899,-0.05090794610481586,-0.04494683632266868
107_CC_1,THERMAL,2020-07-15 00:00:00,1.6842036422851163e-08,1.6842036422851163e-08,8.424270505013069e-09,4.337814996091538e-09,4.2277814582547535e-09,4.020259680714844e-09,4.256180287790027e-09
113_CT_1,THERMAL,2020-07-15 00:00:00,0.0,0.0,0.0,0.0,0.0,0.0,0.0
113_CT_2,THERMAL,2020-07-15 00:00:00,0.0,0.0,0.0,0.0,0.0,0.0,0.0
113_CT_3,THERMAL,2020-07-15 00:00:00,0.0,0.0,0.0,0.0,0.0,0.0,0.0
113_CT_4,THERMAL,2020-07-15 00:00:00,0.0,0.0,0.0,0.0,0.0,0.0,0.0
115_STEAM_1,THERMAL,2020-07-15 00:00:00,0.0,0.0,0.0,0.0,0.0,0.0,0.0
115_STEAM_2,THERMAL,2020-07-15 00:00:00,0.0,0.0,0.0,0.0,0.0,0.0,0.0
115_STEAM_3,THERMAL,2020-07-15 00:00:00,2.8759554230907403e-08,3.088016902578342e-08,2.001346559637045e-08,6.996094148448151e-09,1.8120349998262952e-08,-1.0603073974380095e-09,4.703417481634308e-09
116_STEAM_1,THERMAL,2020-07-15 00:00:00,-0.4031328685629392,1.2146943535888268,0.6671767901624515,-0.11612881271923237,0.4057807425129438,-0.46259388104603794,-0.23019091731061267
118_CC_1,THERMAL,2020-07-15 00:00:00,4.8506066584734e-09,4.8506066584734e-09,2.49870198306341e-09,1.2024861106851858e-09,1.6817045533912278e-09,8.490204095323861e-10,1.1173955848646006e-09
122_WIND_1,WIND,2020-07-15 00:00:00,1.0,1.0,1.0,1.0,0.0,0.0,0.0
123_CT_1,THERMAL,2020-07-15 00:00:00,0.0,0.0,0.0,0.0,0.0,0.0,0.0
123_CT_4,THERMAL,2020-07-15 00:00:00,0.0,0.0,0.0,0.0,0.0,0.0,0.0
123_CT_5,THERMAL,2020-07-15 00:00:00,0.0,0.0,0.0,0.0,0.0,0.0,0.0
123_STEAM_2,THERMAL,2020-07-15 00:00:00,1.0713833902536785e-08,1.0713833902536785e-08,5.602630341899693e-09,2.8994535661297505e-09,3.6767108246849034e-09,1.3964216449835476e-09,2.7412478667385845e-09
123_STEAM_3,THERMAL,2020-07-15 00:00:00,-0.2582762501955507,2.7298582702737573,1.6377886245100666,-0.10880043173511433,1.2357910100391032,-0.9958268599777202,-0.38943996852181934
201_CT_1,THERMAL,2020-07-15 00:00:00,0.0,0.0,0.0,0.0,0.0,0.0,0.0
201_CT_2,THERMAL,2020-07-15 00:00:00,0.0,0.0,0.0,0.0,0.0,0.0,0.0
201_STEAM_3,THERMAL,2020-07-15 00:00:00,1.8938109870375402e-07,1.8938109870375402e-07,9.657551015875553e-08,4.740698023031342e-08,3.2539491934269194e-08,5.8755884158046e-08,5.0678742381125403e-08
202_CT_1,THERMAL,2020-07-15 00:00:00,0.0,0.0,0.0,0.0,0.0,0.0,0.0
202_CT_2,THERMAL,2020-07-15 00:00:00,0.0,0.0,0.0,0.0,0.0,0.0,0.0
202_STEAM_3,THERMAL,2020-07-15 00:00:00,0.41104472547803617,0.41104472547803617,0.21229766764260954,0.10401067917524602,0.06038158219615847,0.13300672301575928,0.11364574109087239
202_STEAM_4,THERMAL,2020-07-15 00:00:00,0.4110447254861699,0.4110447254861699,0.2122976676468075,0.10401067917734026,0.06038158219737416,0.13300672301843347,0.11364574109302203
207_CT_1,THERMAL,2020-07-15 00:00:00,0.0,0.0,0.0,0.0,0.0,0.0,0.0
207_CT_2,THERMAL,2020-07-15 00:00:00,0.0,0.0,0.0,0.0,0.0,0.0,0.0
212_CSP_1,THERMAL,2020-07-15 00:00:00,-1.4508603002691083,1.4508603002691083,0.7254432467004658,-0.36288068463806034,-0.3592548220631202,-0.36524934210693516,-0.36347545146099247
213_CC_3,THERMAL,2020-07-15 00:00:00,0.0,0.0,0.0,0.0,0.0,0.0,0.0
213_CT_1,THERMAL,2020-07-15 00:00:00,0.0,0.0,0.0,0.0,0.0,0.0,0.0
213_CT_2,THERMAL,2020-07-15 00:00:00,0.0,0.0,0.0,0.0,0.0,0.0,0.0
215_CT_4,THERMAL,2020-07-15 00:00:00,0.0,0.0,0.0,0.0,0.0,0.0,0.0
215_CT_5,THERMAL,2020-07-15 00:00:00,0.0,0.0,0.0,0.0,0.0,0.0,0.0
216_STEAM_1,THERMAL,2020-07-15 00:00:00,-0.9660209148225309,0.9660209148225309,0.5029372795675798,-0.23854976175762355,-0.3531697641265776,-0.16204819289646188,-0.21225319604186782
218_CC_1,THERMAL,2020-07-15 00:00:00,0.0,0.0,0.0,0.0,0.0,0.0,0.0
221_CC_1,THERMAL,2020-07-15 00:00:00,2.283247803228277e-08,2.283247803228277e-08,1.1445409539031554e-08,5.627268429009291e-09,5.179280559985955e-09,6.325068468981954e-09,5.700860574305569e-09
223_CT_4,THERMAL,2020-07-15 00:00:00,0.0,0.0,0.0,0.0,0.0,0.0,0.0
223_CT_5,THERMAL,2020-07-15 00:00:00,0.0,0.0,0.0,0.0,0.0,0.0,0.0
223_CT_6,THERMAL,2020-07-15 00:00:00,0.0,0.0,0.0,0.0,0.0,0.0,0.0
223_STEAM_1,THERMAL,2020-07-15 00:00:00,-0.9446549963967519,0.9446549963967519,0.5306518701242224,-0.2301052968400803,-0.4288251519975899,-0.09851878436003281,-0.18720576319904886
223_STEAM_2,THERMAL,2020-07-15 00:00:00,-0.9446549963966607,0.9446549963966607,0.5306518701241452,-0.23010529684002878,-0.42882515199749444,-0.09851878436001771,-0.18720576319911983
223_STEAM_3,THERMAL,2020-07-15 00:00:00,0.42831063115032225,2.7560759808232347,1.6099030353072015,0.14722800997426289,-1.1638826748364561,1.0153362479889338,0.42962904802358165
301_CT_1,THERMAL,2020-07-15 00:00:00,0.0,0.0,0.0,0.0,0.0,0.0,0.0
301_CT_2,THERMAL,2020-07-15 00:00:00,0.0,0.0,0.0,0.0,0.0,0.0,0.0
301_CT_3,THERMAL,2020-07-15 00:00:00,0.0,0.0,0.0,0.0,0.0,0.0,0.0
301_CT_4,THERMAL,2020-07-15 00:00:00,0.0,0.0,0.0,0.0,0.0,0.0,0.0
302_CT_1,THERMAL,2020-07-15 00:00:00,0.0,0.0,0.0,0.0,0.0,0.0,0.0
302_CT_2,THERMAL,2020-07-15 00:00:00,0.0,0.0,0.0,0.0,0.0,0.0,0.0
302_CT_3,THERMAL,2020-07-15 00:00:00,0.0,0.0,0.0,0.0,0.0,0.0,0.0
302_CT_4,THERMAL,2020-07-15 00:00:00,0.0,0.0,0.0,0.0,0.0,0.0,0.0
303_WIND_1,WIND,2020-07-15 00:00:00,1.0,1.0,1.0,0.0,1.0,0.0,0.0
307_CT_1,THERMAL,2020-07-15 00:00:00,0.0,0.0,0.0,0.0,0.0,0.0,0.0
307_CT_2,THERMAL,2020-07-15 00:00:00,0.0,0.0,0.0,0.0,0.0,0.0,0.0
309_WIND_1,WIND,2020-07-15 00:00:00,1.0,1.0,1.0,0.0,0.0,1.0,0.0
313_CC_1,THERMAL,2020-07-15 00:00:00,4.6629367034256575e-15,4.6629367034256575e-15,3.6418022968069345e-15,4.440892098500626e-16,6.661338147750939e-16,3.552713678800501e-15,0.0
315_CT_6,THERMAL,2020-07-15 00:00:00,0.0,0.0,0.0,0.0,0.0,0.0,0.0
315_CT_7,THERMAL,2020-07-15 00:00:00,0.0,0.0,0.0,0.0,0.0,0.0,0.0
315_CT_8,THERMAL,2020-07-15 00:00:00,0.0,0.0,0.0,0.0,0.0,0.0,0.0
315_STEAM_1,THERMAL,2020-07-15 00:00:00,0.0,0.0,0.0,0.0,0.0,0.0,0.0
315_STEAM_2,THERMAL,2020-07-15 00:00:00,0.0,0.0,0.0,0.0,0.0,0.0,0.0
315_STEAM_3,THERMAL,2020-07-15 00:00:00,0.0,0.0,0.0,0.0,0.0,0.0,0.0
315_STEAM_4,THERMAL,2020-07-15 00:00:00,0.0,0.0,0.0,0.0,0.0,0.0,0.0
315_STEAM_5,THERMAL,2020-07-15 00:00:00,0.0,0.0,0.0,0.0,0.0,0.0,0.0
316_STEAM_1,THERMAL,2020-07-15 00:00:00,-4.530928852677e-10,4.601867663058449e-10,3.3196991267812985e-10,3.54694051907245e-12,-1.3538792309475411e-10,-3.0250646432250505e-10,-1.8745438369513312e-11
317_WIND_1,WIND,2020-07-15 00:00:00,1.0,1.0,1.0,0.0,0.0,0.0,1.0
318_CC_1,THERMAL,2020-07-15 00:00:00,0.0,0.0,0.0,0.0,0.0,0.0,0.0
321_CC_1,THERMAL,2020-07-15 00:00:00,0.0,0.0,0.0,0.0,0.0,0.0,0.0
322_CT_5,THERMAL,2020-07-15 00:00:00,0.0,0.0,0.0,0.0,0.0,0.0,0.0
322_CT_6,THERMAL,2020-07-15 00:00:00,0.0,0.0,0.0,0.0,0.0,0.0,0.0
323_CC_1,THERMAL,2020-07-15 00:00:00,5.956781125663705e-09,5.956781125663705e-09,3.137661994077874e-09,1.4244591680367564e-09,2.306327949926989e-09,1.0151052424390232e-09,1.2108887652609365e-09
323_CC_2,THERMAL,2020-07-15 00:00:00,5.956771326458698e-09,5.956771326458698e-09,3.137658593611172e-09,1.4244583782796865e-09,2.306327640891815e-09,1.0150965420252018e-09,1.2108887652619945e-09
101_CT_1,THERMAL,2020-07-15 01:00:00,0.0,0.0,0.0,0.0,0.0,0.0,0.0
101_CT_2,THERMAL,2020-07-15 01:00:00,0.0,0.0,0.0,0.0,0.0,0.0,0.0
101_STEAM_3,THERMAL,2020-07-15 01:00:00,-0.012763114990741713,0.012763114990741713,0.009307782175578493,-0.0008948008445527156,-0.0012229108783937616,-0.00904266965077074,-0.0016027336170244954
101_STEAM_4,THERMAL,2020-07-15 01:00:00,-0.00046509259145618076,0.010686942885200343,0.006314037348745994,-0.0018344054797523929,-0.0005706836016926074,0.005110925146872081,-0.0031709286568832617
102_CT_1,THERMAL,2020-07-15 01:00:00,0.0,0.0,0.0,0.0,0.0,0.0,0.0
102_CT_2,THERMAL,2020-07-15 01:00:00,0.0,0.0,0.0,0.0,0.0,0.0,0.0
102_STEAM_3,THERMAL,2020-07-15 01:00:00,-0.3763543679574746,0.3763543679574746,0.20293655866078641,-0.06914483230149782,-0.047625531959138434,-0.11492391143556624,-0.14466009226127213
102_STEAM_4,THERMAL,2020-07-15 01:00:00,-0.37635639467356674,0.37635639467356674,0.20293783581000277,-0.06914480239796744,-0.04762515674908041,-0.11492635537509166,-0.1446600801514272
107_CC_1,THERMAL,2020-07-15 01:00:00,-2.7438006707249417e-10,4.608362651868755e-10,3.7156028144857106e-10,3.429989625658436e-11,2.7398971980119313e-11,-3.6760816612968483e-10,3.152923082048699e-11
113_CT_1,THERMAL,2020-07-15 01:00:00,0.0,0.0,0.0,0.0,0.0,0.0,0.0
113_CT_2,THERMAL,2020-07-15 01:00:00,0.0,0.0,0.0,0.0,0.0,0.0,0.0
113_CT_3,THERMAL,2020-07-15 01:00:00,0.0,0.0,0.0,0.0,0.0,0.0,0.0
113_CT_4,THERMAL,2020-07-15 01:00:00,0.0,0.0,0.0,0.0,0.0,0.0,0.0
115_STEAM_1,THERMAL,2020-07-15 01:00:00,0.0,0.0,0.0,0.0,0.0,0.0,0.0
115_STEAM_2,THERMAL,2020-07-15 01:00:00,0.0,0.0,0.0,0.0,0.0,0.0,0.0
115_STEAM_3,THERMAL,2020-07-15 01:00:00,-7.60844213655206e-10,8.627045116293051e-10,7.044403457585096e-10,1.5165646516379638e-13,5.077849252188571e-11,-6.923910333966887e-10,-1.1938332924556682e-10
116_STEAM_1,THERMAL,2020-07-15 01:00:00,-0.7241002105292883,0.7241002105292883,0.42115688253161826,-0.09074767404871764,-0.07826531366287925,-0.21064216311353068,-0.3444450597041607
118_CC_1,THERMAL,2020-07-15 01:00:00,1.557307888693131e-10,2.1401566680579977e-10,1.6969041917664726e-10,3.540057136319774e-12,1.4863665853681596e-11,1.6646950484755507e-10,-2.914243896824333e-11
122_WIND_1,WIND,2020-07-15 01:00:00,1.0,1.0,1.0,1.0,0.0,0.0,0.0
123_CT_1,THERMAL,2020-07-15 01:00:00,0.0,0.0,0.0,0.0,0.0,0.0,0.0
123_CT_4,THERMAL,2020-07-15 01:00:00,0.0,0.0,0.0,0.0,0.0,0.0,0.0
123_CT_5,THERMAL,2020-07-15 01:00:00,0.0,0.0,0.0,0.0,0.0,0.0,0.0
123_STEAM_2,THERMAL,2020-07-15 01:00:00,2.5972091959540293e-10,5.075362271100438e-10,3.6637713780656337e-10,3.3255509457319476e-11,-2.529021436714629e-11,3.503730638954039e-10,-9.861743939017416e-11
123_STEAM_3,THERMAL,2020-07-15 01:00:00,-0.3566990357768707,0.3566990357768707,0.21022778004000986,-0.04257206770275479,-0.03584243680524413,-0.10466388034627983,-0.17362065092259196
201_CT_1,THERMAL,2020-07-15 01:00:00,0.0,0.0,0.0,0.0,0.0,0.0,0.0
201_CT_2,THERMAL,2020-07-15 01:00:00,0.0,0.0,0.0,0.0,0.0,0.0,0.0
201_STEAM_3,THERMAL,2020-07-15 01:00:00,6.99897381657529e-10,7.190692292201743e-10,5.64551050177592e-10,1.1852635539710832e-10,4.056432967303181e-11,5.503926203687115e-10,-9.585923781322634e-12
202_CT_1,THERMAL,2020-07-15 01:00:00,0.0,0.0,0.0,0.0,0.0,0.0,0.0
202_CT_2,THERMAL,2020-07-15 01:00:00,0.0,0.0,0.0,0.0,0.0,0.0,0.0
202_STEAM_3,THERMAL,2020-07-15 01:00:00,7.719323591307856e-10,8.803951521672513e-10,6.246411824176096e-10,1.1947833995262745e-10,1.0509046686442762e-10,6.015949488319634e-10,-5.423139651823283e-11
202_STEAM_4,THERMAL,2020-07-15 01:00:00,7.719220198067675e-10,8.803848128432053e-10,6.246320938456295e-10,1.1947784821730902e-10,1.0508985073024942e-10,6.01585717377428e-10,-5.423139651821887e-11
207_CT_1,THERMAL,2020-07-15 01:00:00,0.0,0.0,0.0,0.0,0.0,0.0,0.0
207_CT_2,THERMAL,2020-07-15 01:00:00,0.0,0.0,0.0,0.0,0.0,0.0,0.0
212_CSP_1,THERMAL,2020-07-15 01:00:00,-1.4676317398291343,1.4676317398291343,0.7338206144230449,-0.36558535975916473,-0.36615032449976925,-0.3668352724658046,-0.3690607831043956
213_CC_3,THERMAL,2020-07-15 01:00:00,0.0,0.0,0.0,0.0,0.0,0.0,0.0
213_CT_1,THERMAL,2020-07-15 01:00:00,0.0,0.0,0.0,0.0,0.0,0.0,0.0
213_CT_2,THERMAL,2020-07-15 01:00:00,0.0,0.0,0.0,0.0,0.0,0.0,0.0
215_CT_4,THERMAL,2020-07-15 01:00:00,0.0,0.0,0.0,0.0,0.0,0.0,0.0
215_CT_5,THERMAL,2020-07-15 01:00:00,0.0,0.0,0.0,0.0,0.0,0.0,0.0
216_STEAM_1,THERMAL,2020-07-15 01:00:00,-0.7575127412918354,0.7575127412918354,0.40705553444835,-0.1269120183840282,-0.1179619191806981,-0.210095696935511,-0.30254310679159807
218_CC_1,THERMAL,2020-07-15 01:00:00,0.0,0.0,0.0,0.0,0.0,0.0,0.0
221_CC_1,THERMAL,2020-07-15 01:00:00,-7.294856396549904e-11,4.274618158345879e-10,2.7294287841907747e-10,3.923594782406781e-11,8.93924934075585e-11,-2.502051899000435e-10,4.8628184702918125e-11
223_CT_4,THERMAL,2020-07-15 01:00:00,0.0,0.0,0.0,0.0,0.0,0.0,0.0
223_CT_5,THERMAL,2020-07-15 01:00:00,0.0,0.0,0.0,0.0,0.0,0.0,0.0
223_CT_6,THERMAL,2020-07-15 01:00:00,0.0,0.0,0.0,0.0,0.0,0.0,0.0
223_STEAM_1,THERMAL,2020-07-15 01:00:00,-0.7459353924546495,0.7459353924546495,0.3731394848355611,-0.19094528111081985,-0.192388500205008,-0.18443732860383333,-0.17816428253498834
223_STEAM_2,THERMAL,2020-07-15 01:00:00,-0.7459353926218276,0.7459353926218276,0.3731394849191839,-0.1909452811535595,-0.19238850024807017,-0.18443732864512408,-0.1781642825750739
223_STEAM_3,THERMAL,2020-07-15 01:00:00,1.563753481211534,1.563753481211534,0.989545607436091,0.14872652270658193,0.08004127744298417,0.49489368030022973,0.8400920007617381
301_CT_1,THERMAL,2020-07-15 01:00:00,0.0,0.0,0.0,0.0,0.0,0.0,0.0
301_CT_2,THERMAL,2020-07-15 01:00:00,0.0,0.0,0.0,0.0,0.0,0.0,0.0
301_CT_3,THERMAL,2020-07-15 01:00:00,0.0,0.0,0.0,0.0,0.0,0.0,0.0
301_CT_4,THERMAL,2020-07-15 01:00:00,0.0,0.0,0.0,0.0,0.0,0.0,0.0
302_CT_1,THERMAL,2020-07-15 01:00:00,0.0,0.0,0.0,0.0,0.0,0.0,0.0
302_CT_2,THERMAL,2020-07-15 01:00:00,0.0,0.0,0.0,0.0,0.0,0.0,0.0
302_CT_3,THERMAL,2020-07-15 01:00:00,0.0,0.0,0.0,0.0,0.0,0.0,0.0
302_CT_4,THERMAL,2020-07-15 01:00:00,0.0,0.0,0.0,0.0,0.0,0.0,0.0
303_WIND_1,WIND,2020-07-15 01:00:00,1.0,1.0,1.0,0.0,1.0,0.0,0.0
307_CT_1,THERMAL,2020-07-15 01:00:00,0.0,0.0,0.0,0.0,0.0,0.0,0.0
307_CT_2,THERMAL,2020-07-15 01:00:00,0.0,0.0,0.0,0.0,0.0,0.0,0.0
309_WIND_1,WIND,2020-07-15 01:00:00,1.0,1.0,1.0,0.0,0.0,1.0,0.0
313_CC_1,THERMAL,2020-07-15 01:00:00,1.199040866595169e-14,1.199040866595169e-14,1.0704300373371068e-14,8.881784197001252e-16,4.440892098500626e-16,1.0658141036401503e-14,0.0
315_CT_6,THERMAL,2020-07-15 01:00:00,0.0,0.0,0.0,0.0,0.0,0.0,0.0
315_CT_7,THERMAL,2020-07-15 01:00:00,0.0,0.0,0.0,0.0,0.0,0.0,0.0
315_CT_8,THERMAL,2020-07-15 01:00:00,0.0,0.0,0.0,0.0,0.0,0.0,0.0
315_STEAM_1,THERMAL,2020-07-15 01:00:00,0.0,0.0,0.0,0.0,0.0,0.0,0.0
315_STEAM_2,THERMAL,2020-07-15 01:00:00,0.0,0.0,0.0,0.0,0.0,0.0,0.0
315_STEAM_3,THERMAL,2020-07-15 01:00:00,0.0,0.0,0.0,0.0,0.0,0.0,0.0
315_STEAM_4,THERMAL,2020-07-15 01:00:00,0.0,0.0,0.0,0.0,0.0,0.0,0.0
315_STEAM_5,THERMAL,2020-07-15 01:00:00,0.0,0.0,0.0,0.0,0.0,0.0,0.0
316_STEAM_1,THERMAL,2020-07-15 01:00:00,-2.439461030629255e-10,2.439461030629255e-10,1.3736847770164771e-10,-1.7684520514649194e-11,-4.7453374563133366e-11,-7.676792534994092e-11,-1.02040282635202e-10
317_WIND_1,WIND,2020-07-15 01:00:00,1.0,1.0,1.0,0.0,0.0,0.0,1.0
318_CC_1,THERMAL,2020-07-15 01:00:00,0.0,0.0,0.0,0.0,0.0,0.0,0.0
321_CC_1,THERMAL,2020-07-15 01:00:00,0.0,0.0,0.0,0.0,0.0,0.0,0.0
322_CT_5,THERMAL,2020-07-15 01:00:00,0.0,0.0,0.0,0.0,0.0,0.0,0.0
322_CT_6,THERMAL,2020-07-15 01:00:00,0.0,0.0,0.0,0.0,0.0,0.0,0.0
323_CC_1,THERMAL,2020-07-15 01:00:00,9.941006686275936e-11,1.6772849576837225e-10,1.2453062804641379e-10,1.2983727934077717e-11,-6.711423194664953e-12,1.2058555338148808e-10,-2.7447791258141492e-11
323_CC_2,THERMAL,2020-07-15 01:00:00,9.940251620828912e-11,1.677231096059562e-10,1.2452500318826098e-10,1.2983056344275145e-11,-6.71250544068274e-12,1.2057975656284753e-10,-2.744779125815079e-11
101_CT_1,THERMAL,2020-07-15 02:00:00,0.0,0.0,0.0,0.0,0.0,0.0,0.0
101_CT_2,THERMAL,2020-07-15 02:00:00,0.0,0.0,0.0,0.0,0.0,0.0,0.0
101_STEAM_3,THERMAL,2020-07-15 02:00:00,-2.4409037623033156e-12,2.4409037623033156e-12,1.5142644976977716e-12,-1.2990552037528905e-12,-7.1499986484151e-13,-2.529707512835532e-13,-1.73877942425362e-13
101_STEAM_4,THERMAL,2020-07-15 02:00:00,-4.551020654905476e-12,4.551020654905476e-12,2.6602817793239952e-12,-2.109926226722076e-12,-9.783122923167787e-13,-1.2783598665819252e-12,-1.8442226928469627e-13
102_CT_1,THERMAL,2020-07-15 02:00:00,0.0,0.0,0.0,0.0,0.0,0.0,0.0
102_CT_2,THERMAL,2020-07-15 02:00:00,0.0,0.0,0.0,0.0,0.0,0.0,0.0
102_STEAM_3,THERMAL,2020-07-15 02:00:00,-0.11796809765307968,0.11898886003556854,0.08577874772144833,-0.01704782179464881,-0.019707138082690145,-0.08172351896698515,0.0005103811912444233
102_STEAM_4,THERMAL,2020-07-15 02:00:00,-0.015322560986339568,0.12215674552907364,0.070283711294296,-0.04093867677786128,-0.010436969535371154,0.05341709227136704,-0.01736400694447417
107_CC_1,THERMAL,2020-07-15 02:00:00,5.257263265343407e-11,6.433853647242786e-10,3.7122059650302383e-10,1.7832779697357637e-10,1.3145307065087763e-10,-2.9540636603542225e-10,3.819813106440232e-11
113_CT_1,THERMAL,2020-07-15 02:00:00,0.0,0.0,0.0,0.0,0.0,0.0,0.0
113_CT_2,THERMAL,2020-07-15 02:00:00,0.0,0.0,0.0,0.0,0.0,0.0,0.0
113_CT_3,THERMAL,2020-07-15 02:00:00,0.0,0.0,0.0,0.0,0.0,0.0,0.0
113_CT_4,THERMAL,2020-07-15 02:00:00,0.0,0.0,0.0,0.0,0.0,0.0,0.0
115_STEAM_1,THERMAL,2020-07-15 02:00:00,0.0,0.0,0.0,0.0,0.0,0.0,0.0
115_STEAM_2,THERMAL,2020-07-15 02:00:00,0.0,0.0,0.0,0.0,0.0,0.0,0.0
115_STEAM_3,THERMAL,2020-07-15 02:00:00,-3.6192892142148146e-10,3.759394919030411e-10,2.649346324491239e-10,-2.2257196086172826e-11,7.005285240779813e-12,-2.424522804744811e-10,-1.0422473010160736e-10
116_STEAM_1,THERMAL,2020-07-15 02:00:00,-0.6465566865981076,0.6465566865981076,0.34412353241278154,-0.1314311992314957,-0.09081642259795875,-0.17420633352781945,-0.2501027312408337
118_CC_1,THERMAL,2020-07-15 02:00:00,7.09574159625954e-11,1.396367927756619e-10,1.0785139057554274e-10,-3.640865386955738e-12,-9.873213357991517e-12,1.0529710436912865e-10,-2.0825609661586e-11
122_WIND_1,WIND,2020-07-15 02:00:00,1.0,1.0,1.0,1.0,0.0,0.0,0.0
123_CT_1,THERMAL,2020-07-15 02:00:00,0.0,0.0,0.0,0.0,0.0,0.0,0.0
123_CT_4,THERMAL,2020-07-15 02:00:00,0.0,0.0,0.0,0.0,0.0,0.0,0.0
123_CT_5,THERMAL,2020-07-15 02:00:00,0.0,0.0,0.0,0.0,0.0,0.0,0.0
123_STEAM_2,THERMAL,2020-07-15 02:00:00,-2.698013216379164e-10,3.858864631373277e-10,2.6274249972415634e-10,1.005517891172758e-11,4.7987391837978066e-11,-2.4419932742603123e-10,-8.364456496159077e-11
123_STEAM_3,THERMAL,2020-07-15 02:00:00,-0.40680609056584344,0.40680609056584344,0.23777972577122222,-0.04962002194152593,-0.04367904767257924,-0.1178570703318158,-0.19564995061992246
201_CT_1,THERMAL,2020-07-15 02:00:00,0.0,0.0,0.0,0.0,0.0,0.0,0.0
201_CT_2,THERMAL,2020-07-15 02:00:00,0.0,0.0,0.0,0.0,0.0,0.0,0.0
201_STEAM_3,THERMAL,2020-07-15 02:00:00,1.0077352041746716e-09,1.0348219192636995e-09,7.315854033320189e-10,1.561145657191787e-10,1.7142337549458375e-10,6.937406205054231e-10,-1.3543357544513946e-11
202_CT_1,THERMAL,2020-07-15 02:00:00,0.0,0.0,0.0,0.0,0.0,0.0,0.0
202_CT_2,THERMAL,2020-07-15 02:00:00,0.0,0.0,0.0,0.0,0.0,0.0,0.0
202_STEAM_3,THERMAL,2020-07-15 02:00:00,-3.3868327519918294e-10,1.1279197524319278e-09,7.795676329438778e-10,1.1108173636346489e-10,2.3519993194486413e-10,-7.333015138155554e-10,4.8336570308043445e-11
202_STEAM_4,THERMAL,2020-07-15 02:00:00,-3.387063980313696e-10,1.1279228980360954e-09,7.795781702109799e-10,1.1107422393093632e-10,2.351974557636236e-10,-7.333146480337325e-10,4.833657030780301e-11
207_CT_1,THERMAL,2020-07-15 02:00:00,0.0,0.0,0.0,0.0,0.0,0.0,0.0
207_CT_2,THERMAL,2020-07-15 02:00:00,0.0,0.0,0.0,0.0,0.0,0.0,0.0
212_CSP_1,THERMAL,2020-07-15 02:00:00,-1.2603577491320277,1.2603577491320277,0.6302212353927243,-0.3110840651992657,-0.31255734259387524,-0.3161709526079868,-0.3205453887309
213_CC_3,THERMAL,2020-07-15 02:00:00,0.0,0.0,0.0,0.0,0.0,0.0,0.0
213_CT_1,THERMAL,2020-07-15 02:00:00,0.0,0.0,0.0,0.0,0.0,0.0,0.0
213_CT_2,THERMAL,2020-07-15 02:00:00,0.0,0.0,0.0,0.0,0.0,0.0,0.0
215_CT_4,THERMAL,2020-07-15 02:00:00,0.0,0.0,0.0,0.0,0.0,0.0,0.0
215_CT_5,THERMAL,2020-07-15 02:00:00,0.0,0.0,0.0,0.0,0.0,0.0,0.0
216_STEAM_1,THERMAL,2020-07-15 02:00:00,-0.6756266331528116,0.6756266331528116,0.37660937894456004,-0.08839925417296912,-0.09995811968825519,-0.19209384504867888,-0.29517541424290844
218_CC_1,THERMAL,2020-07-15 02:00:00,0.0,0.0,0.0,0.0,0.0,0.0,0.0
221_CC_1,THERMAL,2020-07-15 02:00:00,-6.177630555680385e-11,3.1838892707060134e-10,2.07428158457714e-10,2.293787382257051e-11,3.24649196414839e-11,-1.900826163137026e-10,7.290351729284434e-11
223_CT_4,THERMAL,2020-07-15 02:00:00,0.0,0.0,0.0,0.0,0.0,0.0,0.0
223_CT_5,THERMAL,2020-07-15 02:00:00,0.0,0.0,0.0,0.0,0.0,0.0,0.0
223_CT_6,THERMAL,2020-07-15 02:00:00,0.0,0.0,0.0,0.0,0.0,0.0,0.0
223_STEAM_1,THERMAL,2020-07-15 02:00:00,-0.6887862215965401,0.6887862215965401,0.3444080021935528,-0.17363244847539153,-0.1736327710416038,-0.17176254921738943,-0.16975845286215535
223_STEAM_2,THERMAL,2020-07-15 02:00:00,-0.6887852751989699,0.6887852751989699,0.34440754023604664,-0.17363344458925575,-0.17363260095725364,-0.1717617288736456,-0.1697575007788149
223_STEAM_3,THERMAL,2020-07-15 02:00:00,0.5002093155860896,0.679794629663752,0.4584166245345477,-0.014213068364844483,-0.07557958867398673,0.17215890829656466,0.4178430643283561
301_CT_1,THERMAL,2020-07-15 02:00:00,0.0,0.0,0.0,0.0,0.0,0.0,0.0
301_CT_2,THERMAL,2020-07-15 02:00:00,0.0,0.0,0.0,0.0,0.0,0.0,0.0
301_CT_3,THERMAL,2020-07-15 02:00:00,0.0,0.0,0.0,0.0,0.0,0.0,0.0
301_CT_4,THERMAL,2020-07-15 02:00:00,0.0,0.0,0.0,0.0,0.0,0.0,0.0
302_CT_1,THERMAL,2020-07-15 02:00:00,0.0,0.0,0.0,0.0,0.0,0.0,0.0
302_CT_2,THERMAL,2020-07-15 02:00:00,0.0,0.0,0.0,0.0,0.0,0.0,0.0
302_CT_3,THERMAL,2020-07-15 02:00:00,0.0,0.0,0.0,0.0,0.0,0.0,0.0
302_CT_4,THERMAL,2020-07-15 02:00:00,0.0,0.0,0.0,0.0,0.0,0.0,0.0
303_WIND_1,WIND,2020-07-15 02:00:00,1.0,1.0,1.0,0.0,1.0,0.0,0.0
307_CT_1,THERMAL,2020-07-15 02:00:00,0.0,0.0,0.0,0.0,0.0,0.0,0.0
307_CT_2,THERMAL,2020-07-15 02:00:00,0.0,0.0,0.0,0.0,0.0,0.0,0.0
309_WIND_1,WIND,2020-07-15 02:00:00,1.0,1.0,1.0,0.0,0.0,1.0,0.0
313_CC_1,THERMAL,2020-07-15 02:00:00,1.6653345369377348e-14,3.441691376337985e-14,2.1326687873800038e-14,7.771561172376096e-15,-8.881784197001252e-15,1.7763568394002505e-14,0.0
315_CT_6,THERMAL,2020-07-15 02:00:00,0.0,0.0,0.0,0.0,0.0,0.0,0.0
315_CT_7,THERMAL,2020-07-15 02:00:00,0.0,0.0,0.0,0.0,0.0,0.0,0.0
315_CT_8,THERMAL,2020-07-15 02:00:00,0.0,0.0,0.0,0.0,0.0,0.0,0.0
315_STEAM_1,THERMAL,2020-07-15 02:00:00,0.0,0.0,0.0,0.0,0.0,0.0,0.0
315_STEAM_2,THERMAL,2020-07-15 02:00:00,0.0,0.0,0.0,0.0,0.0,0.0,0.0
315_STEAM_3,THERMAL,2020-07-15 02:00:00,0.0,0.0,0.0,0.0,0.0,0.0,0.0
315_STEAM_4,THERMAL,2020-07-15 02:00:00,0.0,0.0,0.0,0.0,0.0,0.0,0.0
315_STEAM_5,THERMAL,2020-07-15 02:00:00,0.0,0.0,0.0,0.0,0.0,0.0,0.0
316_STEAM_1,THERMAL,2020-07-15 02:00:00,-2.447220441631679e-10,2.447220441631679e-10,1.3757457662048956e-10,-2.419831002242745e-11,-4.0290104585949393e-11,-1.0554135343454618e-10,-7.469227612024489e-11
317_WIND_1,WIND,2020-07-15 02:00:00,1.0,1.0,1.0,0.0,0.0,0.0,1.0
318_CC_1,THERMAL,2020-07-15 02:00:00,0.0,0.0,0.0,0.0,0.0,0.0,0.0
321_CC_1,THERMAL,2020-07-15 02:00:00,0.0,0.0,0.0,0.0,0.0,0.0,0.0
322_CT_5,THERMAL,2020-07-15 02:00:00,0.0,0.0,0.0,0.0,0.0,0.0,0.0
322_CT_6,THERMAL,2020-07-15 02:00:00,0.0,0.0,0.0,0.0,0.0,0.0,0.0
323_CC_1,THERMAL,2020-07-15 02:00:00,-1.0512341105650557e-10,1.5092509352603703e-10,1.2459500997965727e-10,5.5244395016646165e-12,1.7376401733101118e-11,-1.2315751123806564e-10,-4.866741053205659e-12
323_CC_2,THERMAL,2020-07-15 02:00:00,-1.0520205851471132e-10,1.510914752029223e-10,1.2471582435428373e-10,5.592001599302151e-12,1.735270674480333e-11,-1.232800258056099e-10,-4.8667410532068986e-12
101_CT_1,THERMAL,2020-07-15 03:00:00,0.0,0.0,0.0,0.0,0.0,0.0,0.0
101_CT_2,THERMAL,2020-07-15 03:00:00,0.0,0.0,0.0,0.0,0.0,0.0,0.0
101_STEAM_3,THERMAL,2020-07-15 03:00:00,2.198398932025756e-12,8.053818952196662e-12,4.362086682552035e-12,-1.9108314628063697e-12,-1.0168785472790835e-12,3.338936202936958e-12,1.7871727391742514e-12
101_STEAM_4,THERMAL,2020-07-15 03:00:00,-1.0831222697459694e-11,1.603547482503797e-11,1.2425270184698525e-11,-1.243159494487814e-12,6.469799910495969e-13,-1.2190189266761018e-11,1.955146072739541e-12
102_CT_1,THERMAL,2020-07-15 03:00:00,0.0,0.0,0.0,0.0,0.0,0.0,0.0
102_CT_2,THERMAL,2020-07-15 03:00:00,0.0,0.0,0.0,0.0,0.0,0.0,0.0
102_STEAM_3,THERMAL,2020-07-15 03:00:00,-0.08839340898930695,0.08839340898930695,0.05423310123436079,-0.032721871656960805,-0.002972803092463394,-0.010969306468364692,-0.041729427771518064
102_STEAM_4,THERMAL,2020-07-15 03:00:00,-0.13667761621243427,0.13667761621243427,0.0725447679737097,-0.015397761102517504,-0.03368011693579326,-0.04901738633633723,-0.038582351837786265
107_CC_1,THERMAL,2020-07-15 03:00:00,-9.039756165367626e-11,3.0833478547680435e-10,1.9715016209802482e-10,3.4933389514435476e-11,7.403522239712856e-11,-1.780833258635539e-10,-2.1282847701686388e-11
113_CT_1,THERMAL,2020-07-15 03:00:00,0.0,0.0,0.0,0.0,0.0,0.0,0.0
113_CT_2,THERMAL,2020-07-15 03:00:00,0.0,0.0,0.0,0.0,0.0,0.0,0.0
113_CT_3,THERMAL,2020-07-15 03:00:00,0.0,0.0,0.0,0.0,0.0,0.0,0.0
113_CT_4,THERMAL,2020-07-15 03:00:00,0.0,0.0,0.0,0.0,0.0,0.0,0.0
115_STEAM_1,THERMAL,2020-07-15 03:00:00,0.0,0.0,0.0,0.0,0.0,0.0,0.0
115_STEAM_2,THERMAL,2020-07-15 03:00:00,0.0,0.0,0.0,0.0,0.0,0.0,0.0
115_STEAM_3,THERMAL,2020-07-15 03:00:00,-3.6100046119926545e-10,3.6100046119926545e-10,2.5388006289541407e-10,-1.825095630181295e-12,-1.0328071731180444e-11,-2.162439116659698e-10,-1.326033821719339e-10
116_STEAM_1,THERMAL,2020-07-15 03:00:00,-0.6351212450035815,0.6351212450035815,0.36619722394020426,-0.0835153307062882,-0.07046733620869094,-0.18394427150072,-0.29719430658788226
118_CC_1,THERMAL,2020-07-15 03:00:00,-1.0653655385016862e-10,1.5541523273231577e-10,1.1128556672456821e-10,1.6823653581354847e-11,7.615685859718724e-12,-1.071178701295139e-10,-2.3858023161728287e-11
122_WIND_1,WIND,2020-07-15 03:00:00,1.0,1.0,1.0,1.0,0.0,0.0,0.0
123_CT_1,THERMAL,2020-07-15 03:00:00,0.0,0.0,0.0,0.0,0.0,0.0,0.0
123_CT_4,THERMAL,2020-07-15 03:00:00,0.0,0.0,0.0,0.0,0.0,0.0,0.0
123_CT_5,THERMAL,2020-07-15 03:00:00,0.0,0.0,0.0,0.0,0.0,0.0,0.0
123_STEAM_2,THERMAL,2020-07-15 03:00:00,1.9252780566653655e-10,3.0489607419730873e-10,2.4297793481140734e-10,-2.016764533152582e-11,9.452660876263508e-12,2.3925927905565914e-10,-3.601648893386028e-11
123_STEAM_3,THERMAL,2020-07-15 03:00:00,-3.2296539426632776e-07,3.2296539426632776e-07,1.9022544891342207e-07,-3.8603057417319064e-08,-3.3232457896659184e-08,-9.348674545606173e-08,-1.5764313349628778e-07
201_CT_1,THERMAL,2020-07-15 03:00:00,0.0,0.0,0.0,0.0,0.0,0.0,0.0
201_CT_2,THERMAL,2020-07-15 03:00:00,0.0,0.0,0.0,0.0,0.0,0.0,0.0
201_STEAM_3,THERMAL,2020-07-15 03:00:00,6.041196851997059e-10,6.158746155621346e-10,5.234536313813727e-10,2.494898732052775e-11,-5.8774651812143475e-12,5.185838425347811e-10,6.646432052561142e-11
202_CT_1,THERMAL,2020-07-15 03:00:00,0.0,0.0,0.0,0.0,0.0,0.0,0.0
202_CT_2,THERMAL,2020-07-15 03:00:00,0.0,0.0,0.0,0.0,0.0,0.0,0.0
202_STEAM_3,THERMAL,2020-07-15 03:00:00,-2.3268386611393013e-10,6.890606083411097e-10,4.3889848848530005e-10,7.098322078315668e-11,1.572051503304331e-10,-3.987783247712874e-10,-6.209391245623254e-11
202_STEAM_4,THERMAL,2020-07-15 03:00:00,-2.326939239680788e-10,6.89068389689658e-10,4.3890629469180323e-10,7.098266271019902e-11,1.5720457015059058e-10,-3.987872443726114e-10,-6.209391245625703e-11
207_CT_1,THERMAL,2020-07-15 03:00:00,0.0,0.0,0.0,0.0,0.0,0.0,0.0
207_CT_2,THERMAL,2020-07-15 03:00:00,0.0,0.0,0.0,0.0,0.0,0.0,0.0
212_CSP_1,THERMAL,2020-07-15 03:00:00,-1.225217500256488,1.225217500256488,0.6126301928986452,-0.30401750681063444,-0.30397674093280735,-0.30703396118525994,-0.3101892913277863
213_CC_3,THERMAL,2020-07-15 03:00:00,0.0,0.0,0.0,0.0,0.0,0.0,0.0
213_CT_1,THERMAL,2020-07-15 03:00:00,0.0,0.0,0.0,0.0,0.0,0.0,0.0
213_CT_2,THERMAL,2020-07-15 03:00:00,0.0,0.0,0.0,0.0,0.0,0.0,0.0
215_CT_4,THERMAL,2020-07-15 03:00:00,0.0,0.0,0.0,0.0,0.0,0.0,0.0
215_CT_5,THERMAL,2020-07-15 03:00:00,0.0,0.0,0.0,0.0,0.0,0.0,0.0
216_STEAM_1,THERMAL,2020-07-15 03:00:00,-0.6539468939585228,0.6539468939585228,0.35314026681037963,-0.10667461982985332,-0.10043844766976118,-0.18212249760944488,-0.2647113288494634
218_CC_1,THERMAL,2020-07-15 03:00:00,0.0,0.0,0.0,0.0,0.0,0.0,0.0
221_CC_1,THERMAL,2020-07-15 03:00:00,5.3671529354227636e-11,2.2344150520938838e-10,1.258006263247824e-10,6.055489443212991e-11,6.991451861892983e-11,-8.488498792758037e-11,8.087104230748257e-12
223_CT_4,THERMAL,2020-07-15 03:00:00,0.0,0.0,0.0,0.0,0.0,0.0,0.0
223_CT_5,THERMAL,2020-07-15 03:00:00,0.0,0.0,0.0,0.0,0.0,0.0,0.0
223_CT_6,THERMAL,2020-07-15 03:00:00,0.0,0.0,0.0,0.0,0.0,0.0,0.0
223_STEAM_1,THERMAL,2020-07-15 03:00:00,-0.4483935780545898,0.4483935780545898,0.22420327529289766,-0.11279708893588339,-0.11292886545143715,-0.11186362910881142,-0.11080399455845781
223_STEAM_2,THERMAL,2020-07-15 03:00:00,-0.45108819147725054,0.45108819147725054,0.22555062109507498,-0.113474951926515,-0.11360752157671222,-0.11253585069295846,-0.11146986728106492
223_STEAM_3,THERMAL,2020-07-15 03:00:00,-0.3611612427189741,0.7105226951613688,0.39303104716514653,-0.23140083066335837,-0.2619281353160263,-0.04251300296078675,0.17468072622119735
301_CT_1,THERMAL,2020-07-15 03:00:00,0.0,0.0,0.0,0.0,0.0,0.0,0.0
301_CT_2,THERMAL,2020-07-15 03:00:00,0.0,0.0,0.0,0.0,0.0,0.0,0.0
301_CT_3,THERMAL,2020-07-15 03:00:00,0.0,0.0,0.0,0.0,0.0,0.0,0.0
301_CT_4,THERMAL,2020-07-15 03:00:00,0.0,0.0,0.0,0.0,0.0,0.0,0.0
302_CT_1,THERMAL,2020-07-15 03:00:00,0.0,0.0,0.0,0.0,0.0,0.0,0.0
302_CT_2,THERMAL,2020-07-15 03:00:00,0.0,0.0,0.0,0.0,0.0,0.0,0.0
302_CT_3,THERMAL,2020-07-15 03:00:00,0.0,0.0,0.0,0.0,0.0,0.0,0.0
302_CT_4,THERMAL,2020-07-15 03:00:00,0.0,0.0,0.0,0.0,0.0,0.0,0.0
303_WIND_1,WIND,2020-07-15 03:00:00,1.0,1.0,1.0,0.0,1.0,0.0,0.0
307_CT_1,THERMAL,2020-07-15 03:00:00,0.0,0.0,0.0,0.0,0.0,0.0,0.0
307_CT_2,THERMAL,2020-07-15 03:00:00,0.0,0.0,0.0,0.0,0.0,0.0,0.0
309_WIND_1,WIND,2020-07-15 03:00:00,1.0,1.0,1.0,0.0,0.0,1.0,0.0
313_CC_1,THERMAL,2020-07-15 03:00:00,6.661338147750939e-15,6.661338147750939e-15,5.411696693859521e-15,6.661338147750939e-16,6.661338147750939e-16,5.329070518200751e-15,0.0
315_CT_6,THERMAL,2020-07-15 03:00:00,0.0,0.0,0.0,0.0,0.0,0.0,0.0
315_CT_7,THERMAL,2020-07-15 03:00:00,0.0,0.0,0.0,0.0,0.0,0.0,0.0
315_CT_8,THERMAL,2020-07-15 03:00:00,0.0,0.0,0.0,0.0,0.0,0.0,0.0
315_STEAM_1,THERMAL,2020-07-15 03:00:00,0.0,0.0,0.0,0.0,0.0,0.0,0.0
315_STEAM_2,THERMAL,2020-07-15 03:00:00,0.0,0.0,0.0,0.0,0.0,0.0,0.0
315_STEAM_3,THERMAL,2020-07-15 03:00:00,0.0,0.0,0.0,0.0,0.0,0.0,0.0
315_STEAM_4,THERMAL,2020-07-15 03:00:00,0.0,0.0,0.0,0.0,0.0,0.0,0.0
315_STEAM_5,THERMAL,2020-07-15 03:00:00,0.0,0.0,0.0,0.0,0.0,0.0,0.0
316_STEAM_1,THERMAL,2020-07-15 03:00:00,-2.3407607250953947e-10,2.3407607250953947e-10,1.4816795151260652e-10,-5.914602141388059e-12,-2.2390422849127845e-11,-1.1398881838431407e-10,-9.178222913470952e-11
317_WIND_1,WIND,2020-07-15 03:00:00,1.0,1.0,1.0,0.0,0.0,0.0,1.0
318_CC_1,THERMAL,2020-07-15 03:00:00,0.0,0.0,0.0,0.0,0.0,0.0,0.0
321_CC_1,THERMAL,2020-07-15 03:00:00,0.0,0.0,0.0,0.0,0.0,0.0,0.0
322_CT_5,THERMAL,2020-07-15 03:00:00,0.0,0.0,0.0,0.0,0.0,0.0,0.0
322_CT_6,THERMAL,2020-07-15 03:00:00,0.0,0.0,0.0,0.0,0.0,0.0,0.0
323_CC_1,THERMAL,2020-07-15 03:00:00,-4.841122539514471e-12,3.651919690834423e-11,1.9986399042967922e-11,-6.7010847866582136e-12,-8.71714309587934e-12,1.5839037184414877e-11,-5.261931841391795e-12
323_CC_2,THERMAL,2020-07-15 03:00:00,5.8032750691064556e-11,1.0734399184845427e-10,8.400572304407925e-11,-6.383559692364031e-12,-1.1576401526638971e-11,8.268837126975942e-11,-6.695659359691862e-12
101_CT_1,THERMAL,2020-07-15 04:00:00,0.0,0.0,0.0,0.0,0.0,0.0,0.0
101_CT_2,THERMAL,2020-07-15 04:00:00,0.0,0.0,0.0,0.0,0.0,0.0,0.0
101_STEAM_3,THERMAL,2020-07-15 04:00:00,-0.002478001973673194,0.002478001973673194,0.0018878439113100846,-0.00031675150425054604,-9.508957931634674e-05,-0.0018455060348854082,-0.00022065485522089313
101_STEAM_4,THERMAL,2020-07-15 04:00:00,0.0031225222701982097,0.003457962438017026,0.0025114562166410237,0.0001141796934170984,-0.0001677200839094081,0.002369874756759133,0.0008061879039313868
102_CT_1,THERMAL,2020-07-15 04:00:00,0.0,0.0,0.0,0.0,0.0,0.0,0.0
102_CT_2,THERMAL,2020-07-15 04:00:00,0.0,0.0,0.0,0.0,0.0,0.0,0.0
102_STEAM_3,THERMAL,2020-07-15 04:00:00,-0.09076383450297523,0.09076383450297523,0.04795812534371005,-0.020626302540495717,-0.010869180035170622,-0.02951255099844885,-0.02975580092886004
102_STEAM_4,THERMAL,2020-07-15 04:00:00,-0.09536057403743778,0.09536057403743778,0.05038699585858234,-0.02167089104567907,-0.01141959081544519,-0.03100739671759567,-0.03126269545871785
107_CC_1,THERMAL,2020-07-15 04:00:00,1.8241357679117164e-09,1.8241357679117164e-09,9.2495593615955e-10,5.039760830882756e-10,5.153419913028756e-10,3.2459990251254567e-10,4.802177910080196e-10
113_CT_1,THERMAL,2020-07-15 04:00:00,0.0,0.0,0.0,0.0,0.0,0.0,0.0
113_CT_2,THERMAL,2020-07-15 04:00:00,0.0,0.0,0.0,0.0,0.0,0.0,0.0
113_CT_3,THERMAL,2020-07-15 04:00:00,0.0,0.0,0.0,0.0,0.0,0.0,0.0
113_CT_4,THERMAL,2020-07-15 04:00:00,0.0,0.0,0.0,0.0,0.0,0.0,0.0
115_STEAM_1,THERMAL,2020-07-15 04:00:00,0.0,0.0,0.0,0.0,0.0,0.0,0.0
115_STEAM_2,THERMAL,2020-07-15 04:00:00,0.0,0.0,0.0,0.0,0.0,0.0,0.0
115_STEAM_3,THERMAL,2020-07-15 04:00:00,-4.78744141450005e-10,1.6524474981771787e-09,1.0713996714526253e-09,1.1211875872163546e-10,4.747329196419514e-10,-9.464451444785027e-10,-1.1915067533508911e-10
116_STEAM_1,THERMAL,2020-07-15 04:00:00,-0.5257069372801011,0.7991240684843126,0.4320013980899354,-0.1050874224744055,0.13670856560210576,-0.30681821462650705,-0.25050986578129425
118_CC_1,THERMAL,2020-07-15 04:00:00,4.380728154223656e-10,4.380728154223656e-10,2.546353986618912e-10,1.357434165072391e-10,1.870577026608089e-10,8.755662861403835e-12,1.065160333929138e-10
122_WIND_1,WIND,2020-07-15 04:00:00,1.0,1.0,1.0,1.0,0.0,0.0,0.0
123_CT_1,THERMAL,2020-07-15 04:00:00,0.0,0.0,0.0,0.0,0.0,0.0,0.0
123_CT_4,THERMAL,2020-07-15 04:00:00,0.0,0.0,0.0,0.0,0.0,0.0,0.0
123_CT_5,THERMAL,2020-07-15 04:00:00,0.0,0.0,0.0,0.0,0.0,0.0,0.0
123_STEAM_2,THERMAL,2020-07-15 04:00:00,6.230782979798677e-10,1.1857091287936273e-09,5.997046498771964e-10,2.501098217422282e-10,3.7134983976727653e-10,-2.8131541540687977e-10,2.829340518772428e-10
123_STEAM_3,THERMAL,2020-07-15 04:00:00,-1.137693560272071,1.9033476816397936,1.0245728330515682,-0.22184175996971356,0.3828270606838613,-0.7224686769776065,-0.5762101840086121
201_CT_1,THERMAL,2020-07-15 04:00:00,0.0,0.0,0.0,0.0,0.0,0.0,0.0
201_CT_2,THERMAL,2020-07-15 04:00:00,0.0,0.0,0.0,0.0,0.0,0.0,0.0
201_STEAM_3,THERMAL,2020-07-15 04:00:00,4.6554311131502885e-09,4.6554311131502885e-09,2.3327356626641015e-09,1.2255758352619495e-09,1.1357736973138799e-09,1.0515617265838273e-09,1.2425198539906315e-09
202_CT_1,THERMAL,2020-07-15 04:00:00,0.0,0.0,0.0,0.0,0.0,0.0,0.0
202_CT_2,THERMAL,2020-07-15 04:00:00,0.0,0.0,0.0,0.0,0.0,0.0,0.0
202_STEAM_3,THERMAL,2020-07-15 04:00:00,5.871333805253886e-09,5.871333805253886e-09,3.509127558193907e-09,9.455049847087458e-10,7.74681981200073e-10,3.125300605818655e-09,1.0258462335264125e-09
202_STEAM_4,THERMAL,2020-07-15 04:00:00,5.871328854786498e-09,5.871328854786498e-09,3.509123871902959e-09,9.455045309333933e-10,7.746813231205771e-10,3.1252967672067023e-09,1.0258462335258258e-09
207_CT_1,THERMAL,2020-07-15 04:00:00,0.0,0.0,0.0,0.0,0.0,0.0,0.0
207_CT_2,THERMAL,2020-07-15 04:00:00,0.0,0.0,0.0,0.0,0.0,0.0,0.0
212_CSP_1,THERMAL,2020-07-15 04:00:00,-0.9626483172607643,0.9626483172607643,0.4813253183146748,-0.2407562453642218,-0.24148735037552382,-0.2401590732861738,-0.2402456482348449
213_CC_3,THERMAL,2020-07-15 04:00:00,0.0,0.0,0.0,0.0,0.0,0.0,0.0
213_CT_1,THERMAL,2020-07-15 04:00:00,0.0,0.0,0.0,0.0,0.0,0.0,0.0
213_CT_2,THERMAL,2020-07-15 04:00:00,0.0,0.0,0.0,0.0,0.0,0.0,0.0
215_CT_4,THERMAL,2020-07-15 04:00:00,0.0,0.0,0.0,0.0,0.0,0.0,0.0
215_CT_5,THERMAL,2020-07-15 04:00:00,0.0,0.0,0.0,0.0,0.0,0.0,0.0
216_STEAM_1,THERMAL,2020-07-15 04:00:00,-0.5272505129216021,0.5272505129216021,0.26362622106839034,-0.13214008586397957,-0.13191162980613147,-0.13198710162696248,-0.13121169562452856
218_CC_1,THERMAL,2020-07-15 04:00:00,0.0,0.0,0.0,0.0,0.0,0.0,0.0
221_CC_1,THERMAL,2020-07-15 04:00:00,2.6765552441028084e-09,2.6765552441028084e-09,1.339971537292419e-09,6.557495657588674e-10,6.701235122363869e-10,7.215987807285273e-10,6.290833853790268e-10
223_CT_4,THERMAL,2020-07-15 04:00:00,0.0,0.0,0.0,0.0,0.0,0.0,0.0
223_CT_5,THERMAL,2020-07-15 04:00:00,0.0,0.0,0.0,0.0,0.0,0.0,0.0
223_CT_6,THERMAL,2020-07-15 04:00:00,0.0,0.0,0.0,0.0,0.0,0.0,0.0
223_STEAM_1,THERMAL,2020-07-15 04:00:00,-0.42827051729445176,0.42827051729445176,0.22443186917730232,-0.11213776716764556,-0.15965947799561286,-0.07268264121864931,-0.08379063091254399
223_STEAM_2,THERMAL,2020-07-15 04:00:00,-0.4282705172846961,0.4282705172846961,0.22443186917218919,-0.1121377671650905,-0.15965947799197455,-0.07268264121699797,-0.08379063091063307
223_STEAM_3,THERMAL,2020-07-15 04:00:00,0.19532022811521754,1.8706508408636973,1.0944394195790808,-0.033399191618323054,-0.8042661147559168,0.6067939204794062,0.42619161401005123
301_CT_1,THERMAL,2020-07-15 04:00:00,0.0,0.0,0.0,0.0,0.0,0.0,0.0
301_CT_2,THERMAL,2020-07-15 04:00:00,0.0,0.0,0.0,0.0,0.0,0.0,0.0
301_CT_3,THERMAL,2020-07-15 04:00:00,0.0,0.0,0.0,0.0,0.0,0.0,0.0
301_CT_4,THERMAL,2020-07-15 04:00:00,0.0,0.0,0.0,0.0,0.0,0.0,0.0
302_CT_1,THERMAL,2020-07-15 04:00:00,0.0,0.0,0.0,0.0,0.0,0.0,0.0
302_CT_2,THERMAL,2020-07-15 04:00:00,0.0,0.0,0.0,0.0,0.0,0.0,0.0
302_CT_3,THERMAL,2020-07-15 04:00:00,0.0,0.0,0.0,0.0,0.0,0.0,0.0
302_CT_4,THERMAL,2020-07-15 04:00:00,0.0,0.0,0.0,0.0,0.0,0.0,0.0
303_WIND_1,WIND,2020-07-15 04:00:00,1.0,1.0,1.0,0.0,1.0,0.0,0.0
307_CT_1,THERMAL,2020-07-15 04:00:00,0.0,0.0,0.0,0.0,0.0,0.0,0.0
307_CT_2,THERMAL,2020-07-15 04:00:00,0.0,0.0,0.0,0.0,0.0,0.0,0.0
309_WIND_1,WIND,2020-07-15 04:00:00,1.0,1.0,1.0,0.0,0.0,1.0,0.0
313_CC_1,THERMAL,2020-07-15 04:00:00,5.551115123125783e-15,5.551115123125783e-15,4.5124795972965204e-15,4.440892098500626e-16,6.661338147750939e-16,4.440892098500626e-15,0.0
315_CT_6,THERMAL,2020-07-15 04:00:00,0.0,0.0,0.0,0.0,0.0,0.0,0.0
315_CT_7,THERMAL,2020-07-15 04:00:00,0.0,0.0,0.0,0.0,0.0,0.0,0.0
315_CT_8,THERMAL,2020-07-15 04:00:00,0.0,0.0,0.0,0.0,0.0,0.0,0.0
315_STEAM_1,THERMAL,2020-07-15 04:00:00,0.0,0.0,0.0,0.0,0.0,0.0,0.0
315_STEAM_2,THERMAL,2020-07-15 04:00:00,0.0,0.0,0.0,0.0,0.0,0.0,0.0
315_STEAM_3,THERMAL,2020-07-15 04:00:00,0.0,0.0,0.0,0.0,0.0,0.0,0.0
315_STEAM_4,THERMAL,2020-07-15 04:00:00,0.0,0.0,0.0,0.0,0.0,0.0,0.0
315_STEAM_5,THERMAL,2020-07-15 04:00:00,0.0,0.0,0.0,0.0,0.0,0.0,0.0
316_STEAM_1,THERMAL,2020-07-15 04:00:00,-7.193651637863867e-12,1.7826292149874342e-10,9.906480599932107e-11,1.2306544672213704e-11,-4.698219591148245e-11,7.322809025822608e-11,-4.57460906568212e-11
317_WIND_1,WIND,2020-07-15 04:00:00,1.0,1.0,1.0,0.0,0.0,0.0,1.0
318_CC_1,THERMAL,2020-07-15 04:00:00,0.0,0.0,0.0,0.0,0.0,0.0,0.0
321_CC_1,THERMAL,2020-07-15 04:00:00,0.0,0.0,0.0,0.0,0.0,0.0,0.0
322_CT_5,THERMAL,2020-07-15 04:00:00,0.0,0.0,0.0,0.0,0.0,0.0,0.0
322_CT_6,THERMAL,2020-07-15 04:00:00,0.0,0.0,0.0,0.0,0.0,0.0,0.0
323_CC_1,THERMAL,2020-07-15 04:00:00,4.3485268526467026e-10,4.3485268526467026e-10,2.2513699751086085e-10,1.1972530178075722e-10,1.5133275411029467e-10,7.76208097303894e-11,8.617381964322897e-11
323_CC_2,THERMAL,2020-07-15 04:00:00,5.329950499663791e-10,5.329950499663791e-10,2.7689851643334497e-10,1.1408589084846134e-10,1.4495068811458146e-10,1.875750555373528e-10,8.638341546598357e-11
101_CT_1,THERMAL,2020-07-15 05:00:00,0.0,0.0,0.0,0.0,0.0,0.0,0.0
101_CT_2,THERMAL,2020-07-15 05:00:00,0.0,0.0,0.0,0.0,0.0,0.0,0.0
101_STEAM_3,THERMAL,2020-07-15 05:00:00,-0.09112227639991824,0.09868194637574144,0.08084231129690109,-0.006176662647465268,0.0037798349879116034,-0.08004842427041611,-0.008677024469948462
101_STEAM_4,THERMAL,2020-07-15 05:00:00,0.09238601650604708,0.10073289943588142,0.08185346694156787,0.006204911976303289,-0.004173441464917168,0.08096902842444617,0.009385517570214793
102_CT_1,THERMAL,2020-07-15 05:00:00,0.0,0.0,0.0,0.0,0.0,0.0,0.0
102_CT_2,THERMAL,2020-07-15 05:00:00,0.0,0.0,0.0,0.0,0.0,0.0,0.0
102_STEAM_3,THERMAL,2020-07-15 05:00:00,-0.16305352897292952,0.16305352897292952,0.08236697783794272,-0.03968955971260024,-0.03161201059291774,-0.046389649751457096,-0.045362308915954434
102_STEAM_4,THERMAL,2020-07-15 05:00:00,-0.14187613000172344,0.14187613000172344,0.07166915002999394,-0.03453468007421956,-0.027506248186100368,-0.04036455185930787,-0.03947064988209566
107_CC_1,THERMAL,2020-07-15 05:00:00,5.50639711602513e-07,5.50639711602513e-07,2.783954907787168e-07,1.3889661376609297e-07,1.0516022586060103e-07,1.6213954801003183e-07,1.444433239657872e-07
113_CT_1,THERMAL,2020-07-15 05:00:00,0.0,0.0,0.0,0.0,0.0,0.0,0.0
113_CT_2,THERMAL,2020-07-15 05:00:00,0.0,0.0,0.0,0.0,0.0,0.0,0.0
113_CT_3,THERMAL,2020-07-15 05:00:00,0.0,0.0,0.0,0.0,0.0,0.0,0.0
113_CT_4,THERMAL,2020-07-15 05:00:00,0.0,0.0,0.0,0.0,0.0,0.0,0.0
115_STEAM_1,THERMAL,2020-07-15 05:00:00,0.0,0.0,0.0,0.0,0.0,0.0,0.0
115_STEAM_2,THERMAL,2020-07-15 05:00:00,0.0,0.0,0.0,0.0,0.0,0.0,0.0
115_STEAM_3,THERMAL,2020-07-15 05:00:00,2.6088840375154553e-08,2.6088840375154553e-08,1.500386251420533e-08,6.896813564694071e-09,1.1504688757213444e-08,1.0468488298442935e-09,6.640489223402746e-09
116_STEAM_1,THERMAL,2020-07-15 05:00:00,-1.3189313083270338,1.8983435045675723,1.0197749002890968,-0.3590256134949158,0.28970609812026926,-0.7770343699680566,-0.4725774229843306
118_CC_1,THERMAL,2020-07-15 05:00:00,1.9730325345375265e-08,1.9730325345375265e-08,9.893728100643418e-09,4.980349688210595e-09,5.434069638710071e-09,4.3752805822805385e-09,4.940625436174061e-09
122_WIND_1,WIND,2020-07-15 05:00:00,1.0,1.0,1.0,1.0,0.0,0.0,0.0
123_CT_1,THERMAL,2020-07-15 05:00:00,0.0,0.0,0.0,0.0,0.0,0.0,0.0
123_CT_4,THERMAL,2020-07-15 05:00:00,0.0,0.0,0.0,0.0,0.0,0.0,0.0
123_CT_5,THERMAL,2020-07-15 05:00:00,0.0,0.0,0.0,0.0,0.0,0.0,0.0
123_STEAM_2,THERMAL,2020-07-15 05:00:00,3.913561526800998e-08,3.913561526800998e-08,1.9686579988546402e-08,9.675495071803653e-09,8.258747241640663e-09,1.1304324587513292e-08,9.897048367052372e-09
123_STEAM_3,THERMAL,2020-07-15 05:00:00,-2.888848774510051,4.594187795249473,2.449678841690187,-0.8092963732901296,0.8526695103697111,-1.866084607606231,-1.0661373039834012
201_CT_1,THERMAL,2020-07-15 05:00:00,0.0,0.0,0.0,0.0,0.0,0.0,0.0
201_CT_2,THERMAL,2020-07-15 05:00:00,0.0,0.0,0.0,0.0,0.0,0.0,0.0
201_STEAM_3,THERMAL,2020-07-15 05:00:00,6.195911878657821e-07,6.195911878657821e-07,3.2682484164008516e-07,1.571091000074354e-07,7.334750473653173e-08,2.1735423372248874e-07,1.7178034939932623e-07
202_CT_1,THERMAL,2020-07-15 05:00:00,0.0,0.0,0.0,0.0,0.0,0.0,0.0
202_CT_2,THERMAL,2020-07-15 05:00:00,0.0,0.0,0.0,0.0,0.0,0.0,0.0
202_STEAM_3,THERMAL,2020-07-15 05:00:00,0.04113913991838421,0.04113913991838421,0.022360224319722483,0.01064185553985074,0.0033044875168779363,0.015340933321339172,0.011851863540316355
202_STEAM_4,THERMAL,2020-07-15 05:00:00,0.07119587640116035,0.07119587640116035,0.03869634320415335,0.018416886586035477,0.005719516931450357,0.0265476328844721,0.02051183999920241
207_CT_1,THERMAL,2020-07-15 05:00:00,0.0,0.0,0.0,0.0,0.0,0.0,0.0
207_CT_2,THERMAL,2020-07-15 05:00:00,0.0,0.0,0.0,0.0,0.0,0.0,0.0
212_CSP_1,THERMAL,2020-07-15 05:00:00,-1.7597796931407454,1.7597796931407454,0.882369032388135,-0.44270144521974286,-0.3873301551894779,-0.4781053091525429,-0.4516427835789818
213_CC_3,THERMAL,2020-07-15 05:00:00,0.0,0.0,0.0,0.0,0.0,0.0,0.0
213_CT_1,THERMAL,2020-07-15 05:00:00,0.0,0.0,0.0,0.0,0.0,0.0,0.0
213_CT_2,THERMAL,2020-07-15 05:00:00,0.0,0.0,0.0,0.0,0.0,0.0,0.0
215_CT_4,THERMAL,2020-07-15 05:00:00,0.0,0.0,0.0,0.0,0.0,0.0,0.0
215_CT_5,THERMAL,2020-07-15 05:00:00,0.0,0.0,0.0,0.0,0.0,0.0,0.0
216_STEAM_1,THERMAL,2020-07-15 05:00:00,-0.7085231529196722,0.7085231529196722,0.4255784223841903,-0.16757660002298047,-0.3649302936260358,-0.04126363394892518,-0.13475262532173068
218_CC_1,THERMAL,2020-07-15 05:00:00,0.0,0.0,0.0,0.0,0.0,0.0,0.0
221_CC_1,THERMAL,2020-07-15 05:00:00,1.241781531433615e-07,1.241781531433615e-07,6.289275295950654e-08,3.164178052905697e-08,2.2954388612106413e-08,3.6602882502734246e-08,3.297910149946387e-08
223_CT_4,THERMAL,2020-07-15 05:00:00,0.0,0.0,0.0,0.0,0.0,0.0,0.0
223_CT_5,THERMAL,2020-07-15 05:00:00,0.0,0.0,0.0,0.0,0.0,0.0,0.0
223_CT_6,THERMAL,2020-07-15 05:00:00,0.0,0.0,0.0,0.0,0.0,0.0,0.0
223_STEAM_1,THERMAL,2020-07-15 05:00:00,-0.7320587006843413,0.7320587006843413,0.4234468262110899,-0.17422610084109486,-0.35254226475145506,-0.06025194204453391,-0.14503839304725757
223_STEAM_2,THERMAL,2020-07-15 05:00:00,-0.7320587006842334,0.7320587006842334,0.42344682621100965,-0.1742261008410559,-0.3525422647513679,-0.060251942044523416,-0.14503839304728613
223_STEAM_3,THERMAL,2020-07-15 05:00:00,1.4902851802878592,4.542066259876703,2.4980685004767844,0.47109272819414216,-1.5258905397944222,1.7475952914681532,0.7974877004199861
301_CT_1,THERMAL,2020-07-15 05:00:00,0.0,0.0,0.0,0.0,0.0,0.0,0.0
301_CT_2,THERMAL,2020-07-15 05:00:00,0.0,0.0,0.0,0.0,0.0,0.0,0.0
301_CT_3,THERMAL,2020-07-15 05:00:00,0.0,0.0,0.0,0.0,0.0,0.0,0.0
301_CT_4,THERMAL,2020-07-15 05:00:00,0.0,0.0,0.0,0.0,0.0,0.0,0.0
302_CT_1,THERMAL,2020-07-15 05:00:00,0.0,0.0,0.0,0.0,0.0,0.0,0.0
302_CT_2,THERMAL,2020-07-15 05:00:00,0.0,0.0,0.0,0.0,0.0,0.0,0.0
302_CT_3,THERMAL,2020-07-15 05:00:00,0.0,0.0,0.0,0.0,0.0,0.0,0.0
302_CT_4,THERMAL,2020-07-15 05:00:00,0.0,0.0,0.0,0.0,0.0,0.0,0.0
303_WIND_1,WIND,2020-07-15 05:00:00,1.0,1.0,1.0,0.0,1.0,0.0,0.0
307_CT_1,THERMAL,2020-07-15 05:00:00,0.0,0.0,0.0,0.0,0.0,0.0,0.0
307_CT_2,THERMAL,2020-07-15 05:00:00,0.0,0.0,0.0,0.0,0.0,0.0,0.0
309_WIND_1,WIND,2020-07-15 05:00:00,1.0,1.0,1.0,0.0,0.0,1.0,0.0
313_CC_1,THERMAL,2020-07-15 05:00:00,8.215650382226158e-15,8.215650382226158e-15,7.16416517438997e-15,2.220446049250313e-16,8.881784197001252e-16,7.105427357601002e-15,0.0
315_CT_6,THERMAL,2020-07-15 05:00:00,0.0,0.0,0.0,0.0,0.0,0.0,0.0
315_CT_7,THERMAL,2020-07-15 05:00:00,0.0,0.0,0.0,0.0,0.0,0.0,0.0
315_CT_8,THERMAL,2020-07-15 05:00:00,0.0,0.0,0.0,0.0,0.0,0.0,0.0
315_STEAM_1,THERMAL,2020-07-15 05:00:00,0.0,0.0,0.0,0.0,0.0,0.0,0.0
315_STEAM_2,THERMAL,2020-07-15 05:00:00,0.0,0.0,0.0,0.0,0.0,0.0,0.0
315_STEAM_3,THERMAL,2020-07-15 05:00:00,0.0,0.0,0.0,0.0,0.0,0.0,0.0
315_STEAM_4,THERMAL,2020-07-15 05:00:00,0.0,0.0,0.0,0.0,0.0,0.0,0.0
315_STEAM_5,THERMAL,2020-07-15 05:00:00,0.0,0.0,0.0,0.0,0.0,0.0,0.0
316_STEAM_1,THERMAL,2020-07-15 05:00:00,-3.186033379236538e-10,4.0204681227606085e-10,2.7099305326805195e-10,4.172173717620353e-11,-3.7879255287975866e-11,-2.568159018778715e-10,-6.562991793400992e-11
317_WIND_1,WIND,2020-07-15 05:00:00,1.0,1.0,1.0,0.0,0.0,0.0,1.0
318_CC_1,THERMAL,2020-07-15 05:00:00,0.0,0.0,0.0,0.0,0.0,0.0,0.0
321_CC_1,THERMAL,2020-07-15 05:00:00,0.0,0.0,0.0,0.0,0.0,0.0,0.0
322_CT_5,THERMAL,2020-07-15 05:00:00,0.0,0.0,0.0,0.0,0.0,0.0,0.0
322_CT_6,THERMAL,2020-07-15 05:00:00,0.0,0.0,0.0,0.0,0.0,0.0,0.0
323_CC_1,THERMAL,2020-07-15 05:00:00,1.4206223367408317,1.4206223367408317,0.719348474313694,0.35054820230296113,0.44567377190431884,0.28967055599067293,0.33472980654287876
323_CC_2,THERMAL,2020-07-15 05:00:00,1.4206223367411035,1.4206223367411035,0.7193484743138352,0.3505482023030495,0.44567377190443086,0.2896705559907444,0.33472980654287876
101_CT_1,THERMAL,2020-07-15 06:00:00,0.0,0.0,0.0,0.0,0.0,0.0,0.0
101_CT_2,THERMAL,2020-07-15 06:00:00,0.0,0.0,0.0,0.0,0.0,0.0,0.0
101_STEAM_3,THERMAL,2020-07-15 06:00:00,-0.017801055227976065,0.021612916254346054,0.01368603444362753,-0.003087586930855979,-0.012554670913154209,0.0019059305131849946,-0.004064727897150872
101_STEAM_4,THERMAL,2020-07-15 06:00:00,-0.03845016889491166,0.04668388105542149,0.0295618008610981,-0.006669175117985593,-0.02711805403737111,0.004116856080254916,-0.008779795819809873
102_CT_1,THERMAL,2020-07-15 06:00:00,0.0,0.0,0.0,0.0,0.0,0.0,0.0
102_CT_2,THERMAL,2020-07-15 06:00:00,0.0,0.0,0.0,0.0,0.0,0.0,0.0
102_STEAM_3,THERMAL,2020-07-15 06:00:00,-1.0794450200428442e-08,1.0794450200428442e-08,5.87631446217398e-09,-2.6136496300566137e-09,-1.1024973156636975e-09,-4.3856793752183876e-09,-2.692623879489743e-09
102_STEAM_4,THERMAL,2020-07-15 06:00:00,-1.0794450200428442e-08,1.0794450200428442e-08,5.87631446217398e-09,-2.6136496300566137e-09,-1.1024973156636975e-09,-4.3856793752183876e-09,-2.692623879489743e-09
107_CC_1,THERMAL,2020-07-15 06:00:00,2.993947732721212e-09,2.993947732721212e-09,1.673523767691137e-09,7.519633804520254e-10,2.2815038747125982e-10,1.2856791187232375e-09,7.281548460746894e-10
113_CT_1,THERMAL,2020-07-15 06:00:00,0.0,0.0,0.0,0.0,0.0,0.0,0.0
113_CT_2,THERMAL,2020-07-15 06:00:00,0.0,0.0,0.0,0.0,0.0,0.0,0.0
113_CT_3,THERMAL,2020-07-15 06:00:00,0.0,0.0,0.0,0.0,0.0,0.0,0.0
113_CT_4,THERMAL,2020-07-15 06:00:00,0.0,0.0,0.0,0.0,0.0,0.0,0.0
115_STEAM_1,THERMAL,2020-07-15 06:00:00,0.0,0.0,0.0,0.0,0.0,0.0,0.0
115_STEAM_2,THERMAL,2020-07-15 06:00:00,0.0,0.0,0.0,0.0,0.0,0.0,0.0
115_STEAM_3,THERMAL,2020-07-15 06:00:00,6.103985843301041e-10,1.231658589132204e-09,9.473435985000106e-10,-1.2232859170069332e-10,-1.849065345282952e-10,9.210285867311541e-10,-3.394876172061379e-12
116_STEAM_1,THERMAL,2020-07-15 06:00:00,-1.4168988795876227e-09,1.5309600845131423e-09,9.391591248445085e-10,-3.347138122222759e-10,5.7030602462759816e-11,-8.123297590145739e-10,-3.268859108135327e-10
118_CC_1,THERMAL,2020-07-15 06:00:00,1.7597298017022303,1.7597298017022303,0.8898748397381445,0.4218364874437923,0.5437603138019473,0.35877604327703416,0.43535695717945644
122_WIND_1,WIND,2020-07-15 06:00:00,1.0,1.0,1.0,1.0,0.0,0.0,0.0
123_CT_1,THERMAL,2020-07-15 06:00:00,0.0,0.0,0.0,0.0,0.0,0.0,0.0
123_CT_4,THERMAL,2020-07-15 06:00:00,0.0,0.0,0.0,0.0,0.0,0.0,0.0
123_CT_5,THERMAL,2020-07-15 06:00:00,0.0,0.0,0.0,0.0,0.0,0.0,0.0
123_STEAM_2,THERMAL,2020-07-15 06:00:00,-0.4224053020002748,1.4134097938968733,0.7990149672406559,-0.210101983435377,0.49550224594829917,-0.5755615742245412,-0.13224399028865574
123_STEAM_3,THERMAL,2020-07-15 06:00:00,-1.6567814035848536,1.6567814035848536,0.8511821398241073,-0.4407373993378232,-0.2615757418717579,-0.5335141423100662,-0.4209541200652062
201_CT_1,THERMAL,2020-07-15 06:00:00,0.0,0.0,0.0,0.0,0.0,0.0,0.0
201_CT_2,THERMAL,2020-07-15 06:00:00,0.0,0.0,0.0,0.0,0.0,0.0,0.0
201_STEAM_3,THERMAL,2020-07-15 06:00:00,3.010242889681677e-09,5.5300783410905574e-09,3.4167977064196107e-09,6.00634320058191e-10,-1.2599177257044403e-09,3.05820924140221e-09,6.113170539257163e-10
202_CT_1,THERMAL,2020-07-15 06:00:00,0.0,0.0,0.0,0.0,0.0,0.0,0.0
202_CT_2,THERMAL,2020-07-15 06:00:00,0.0,0.0,0.0,0.0,0.0,0.0,0.0
202_STEAM_3,THERMAL,2020-07-15 06:00:00,-0.21253493158116243,0.39558893039318055,0.2599369395465629,-0.020924203421925247,-0.23818333538578929,0.09152699940600906,-0.044954392179456966
202_STEAM_4,THERMAL,2020-07-15 06:00:00,-0.212535394900302,0.3955888150495926,0.25993668697590416,-0.02092447305644418,-0.23818312572240796,0.0915267100746453,-0.04495450619609514
207_CT_1,THERMAL,2020-07-15 06:00:00,0.0,0.0,0.0,0.0,0.0,0.0,0.0
207_CT_2,THERMAL,2020-07-15 06:00:00,0.0,0.0,0.0,0.0,0.0,0.0,0.0
212_CSP_1,THERMAL,2020-07-15 06:00:00,-1.8910293301017904,1.8910293301017904,0.9609914985538309,-0.49605533251000233,-0.3387639957813602,-0.5775162272671608,-0.4786937745432671
213_CC_3,THERMAL,2020-07-15 06:00:00,0.0,0.0,0.0,0.0,0.0,0.0,0.0
213_CT_1,THERMAL,2020-07-15 06:00:00,0.0,0.0,0.0,0.0,0.0,0.0,0.0
213_CT_2,THERMAL,2020-07-15 06:00:00,0.0,0.0,0.0,0.0,0.0,0.0,0.0
215_CT_4,THERMAL,2020-07-15 06:00:00,0.0,0.0,0.0,0.0,0.0,0.0,0.0
215_CT_5,THERMAL,2020-07-15 06:00:00,0.0,0.0,0.0,0.0,0.0,0.0,0.0
216_STEAM_1,THERMAL,2020-07-15 06:00:00,-0.910015132953877,0.910015132953877,0.45682762684493716,-0.22196185642912614,-0.2592833499611624,-0.20266458765731077,-0.22610533890627776
218_CC_1,THERMAL,2020-07-15 06:00:00,0.0,0.0,0.0,0.0,0.0,0.0,0.0
221_CC_1,THERMAL,2020-07-15 06:00:00,1.6894787608420036e-09,1.6894787608420036e-09,9.726375140414487e-10,4.182170165734078e-10,9.177192339393514e-11,7.729088480346036e-10,4.065809728400571e-10
223_CT_4,THERMAL,2020-07-15 06:00:00,0.0,0.0,0.0,0.0,0.0,0.0,0.0
223_CT_5,THERMAL,2020-07-15 06:00:00,0.0,0.0,0.0,0.0,0.0,0.0,0.0
223_CT_6,THERMAL,2020-07-15 06:00:00,0.0,0.0,0.0,0.0,0.0,0.0,0.0
223_STEAM_1,THERMAL,2020-07-15 06:00:00,-0.8573507846836296,0.8573507846836296,0.4389825854703447,-0.20148804149954747,-0.2881083437250671,-0.15667230500288465,-0.21108209445613038
223_STEAM_2,THERMAL,2020-07-15 06:00:00,-0.8573507846836296,0.8573507846836296,0.4389825854703447,-0.20148804149954747,-0.2881083437250671,-0.15667230500288465,-0.21108209445613038
223_STEAM_3,THERMAL,2020-07-15 06:00:00,-1.6788718415678505,1.6788718415678505,0.9591593507076898,-0.3566976271159068,-0.7817030744503479,-0.136745421174302,-0.4037257188272938
301_CT_1,THERMAL,2020-07-15 06:00:00,0.0,0.0,0.0,0.0,0.0,0.0,0.0
301_CT_2,THERMAL,2020-07-15 06:00:00,0.0,0.0,0.0,0.0,0.0,0.0,0.0
301_CT_3,THERMAL,2020-07-15 06:00:00,0.0,0.0,0.0,0.0,0.0,0.0,0.0
301_CT_4,THERMAL,2020-07-15 06:00:00,0.0,0.0,0.0,0.0,0.0,0.0,0.0
302_CT_1,THERMAL,2020-07-15 06:00:00,0.0,0.0,0.0,0.0,0.0,0.0,0.0
302_CT_2,THERMAL,2020-07-15 06:00:00,0.0,0.0,0.0,0.0,0.0,0.0,0.0
302_CT_3,THERMAL,2020-07-15 06:00:00,0.0,0.0,0.0,0.0,0.0,0.0,0.0
302_CT_4,THERMAL,2020-07-15 06:00:00,0.0,0.0,0.0,0.0,0.0,0.0,0.0
303_WIND_1,WIND,2020-07-15 06:00:00,1.0,1.0,1.0,0.0,1.0,0.0,0.0
307_CT_1,THERMAL,2020-07-15 06:00:00,0.0,0.0,0.0,0.0,0.0,0.0,0.0
307_CT_2,THERMAL,2020-07-15 06:00:00,0.0,0.0,0.0,0.0,0.0,0.0,0.0
309_WIND_1,WIND,2020-07-15 06:00:00,1.0,1.0,1.0,0.0,0.0,1.0,0.0
313_CC_1,THERMAL,2020-07-15 06:00:00,4.884981308350689e-15,4.884981308350689e-15,3.688882027804963e-15,4.440892098500626e-16,8.881784197001252e-16,3.552713678800501e-15,0.0
315_CT_6,THERMAL,2020-07-15 06:00:00,0.0,0.0,0.0,0.0,0.0,0.0,0.0
315_CT_7,THERMAL,2020-07-15 06:00:00,0.0,0.0,0.0,0.0,0.0,0.0,0.0
315_CT_8,THERMAL,2020-07-15 06:00:00,0.0,0.0,0.0,0.0,0.0,0.0,0.0
315_STEAM_1,THERMAL,2020-07-15 06:00:00,0.0,0.0,0.0,0.0,0.0,0.0,0.0
315_STEAM_2,THERMAL,2020-07-15 06:00:00,0.0,0.0,0.0,0.0,0.0,0.0,0.0
315_STEAM_3,THERMAL,2020-07-15 06:00:00,0.0,0.0,0.0,0.0,0.0,0.0,0.0
315_STEAM_4,THERMAL,2020-07-15 06:00:00,0.0,0.0,0.0,0.0,0.0,0.0,0.0
315_STEAM_5,THERMAL,2020-07-15 06:00:00,0.0,0.0,0.0,0.0,0.0,0.0,0.0
316_STEAM_1,THERMAL,2020-07-15 06:00:00,-0.21597995122999947,0.9604349505904283,0.6530762473725893,0.0334489902473607,-0.5564249682348363,0.3387785094328537,-0.03178248267537752
317_WIND_1,WIND,2020-07-15 06:00:00,1.0,1.0,1.0,0.0,0.0,0.0,1.0
318_CC_1,THERMAL,2020-07-15 06:00:00,0.0,0.0,0.0,0.0,0.0,0.0,0.0
321_CC_1,THERMAL,2020-07-15 06:00:00,0.0,0.0,0.0,0.0,0.0,0.0,0.0
322_CT_5,THERMAL,2020-07-15 06:00:00,0.0,0.0,0.0,0.0,0.0,0.0,0.0
322_CT_6,THERMAL,2020-07-15 06:00:00,0.0,0.0,0.0,0.0,0.0,0.0,0.0
323_CC_1,THERMAL,2020-07-15 06:00:00,1.6056894986319088,1.6056894986319088,0.8526305715649586,0.3624251910926457,0.6253722165385005,0.22635928763411428,0.39153280336664825
323_CC_2,THERMAL,2020-07-15 06:00:00,1.6056867957801413,1.6056867957801413,0.8526299313210819,0.36242505548429227,0.6253722307924621,0.2263562297670081,0.39153327973637875
101_CT_1,THERMAL,2020-07-15 07:00:00,0.0,0.0,0.0,0.0,0.0,0.0,0.0
101_CT_2,THERMAL,2020-07-15 07:00:00,0.0,0.0,0.0,0.0,0.0,0.0,0.0
101_STEAM_3,THERMAL,2020-07-15 07:00:00,-0.07982046069638808,0.08406233717322638,0.0795101352932121,0.00046620920035933544,-0.0024888225287693633,-0.07945257640603787,0.0016547290380598064
101_STEAM_4,THERMAL,2020-07-15 07:00:00,-0.009375945523918964,0.17198532317351567,0.0999202642999612,-0.017646491076215853,-0.05057436696287221,0.08130468882479835,-0.022459776309629257
102_CT_1,THERMAL,2020-07-15 07:00:00,0.0,0.0,0.0,0.0,0.0,0.0,0.0
102_CT_2,THERMAL,2020-07-15 07:00:00,0.0,0.0,0.0,0.0,0.0,0.0,0.0
102_STEAM_3,THERMAL,2020-07-15 07:00:00,-1.2651255766902499e-09,1.2651255766902499e-09,6.794333753329672e-10,-2.812950428143779e-10,-1.8043233573905582e-10,-5.183666829111644e-10,-2.8503151522565185e-10
102_STEAM_4,THERMAL,2020-07-15 07:00:00,-1.2550729708722463e-09,1.2550729708722463e-09,6.650720337809957e-10,-2.4986757107825497e-10,-2.2102208951935154e-10,-5.006377534755302e-10,-2.8354555679910963e-10
107_CC_1,THERMAL,2020-07-15 07:00:00,2.6730087339973796,4.827336982625853,2.6062795762676263,0.9721078756447419,-1.0771641243142365,2.0326917308032115,0.7453732518636628
113_CT_1,THERMAL,2020-07-15 07:00:00,0.0,0.0,0.0,0.0,0.0,0.0,0.0
113_CT_2,THERMAL,2020-07-15 07:00:00,0.0,0.0,0.0,0.0,0.0,0.0,0.0
113_CT_3,THERMAL,2020-07-15 07:00:00,0.0,0.0,0.0,0.0,0.0,0.0,0.0
113_CT_4,THERMAL,2020-07-15 07:00:00,0.0,0.0,0.0,0.0,0.0,0.0,0.0
115_STEAM_1,THERMAL,2020-07-15 07:00:00,0.0,0.0,0.0,0.0,0.0,0.0,0.0
115_STEAM_2,THERMAL,2020-07-15 07:00:00,0.0,0.0,0.0,0.0,0.0,0.0,0.0
115_STEAM_3,THERMAL,2020-07-15 07:00:00,-6.839907845724435e-10,7.612463198747998e-10,5.04432872923199e-10,-1.246018843659158e-10,3.8627767651178146e-11,-4.702140898871221e-10,-1.2780257797058374e-10
116_STEAM_1,THERMAL,2020-07-15 07:00:00,-2.1408734365078368e-10,3.9401097519995625e-10,2.0062422439112996e-10,-1.0402478878290822e-10,-1.2580869679368334e-10,8.996181577458628e-11,-7.42156738487784e-11
118_CC_1,THERMAL,2020-07-15 07:00:00,0.8790172037291217,1.0254681609582068,0.6511481301350068,0.15451666126345298,0.5945325223422122,-0.07322547861454254,0.20319349873799913
122_WIND_1,WIND,2020-07-15 07:00:00,1.0,1.0,1.0,1.0,0.0,0.0,0.0
123_CT_1,THERMAL,2020-07-15 07:00:00,0.0,0.0,0.0,0.0,0.0,0.0,0.0
123_CT_4,THERMAL,2020-07-15 07:00:00,0.0,0.0,0.0,0.0,0.0,0.0,0.0
123_CT_5,THERMAL,2020-07-15 07:00:00,0.0,0.0,0.0,0.0,0.0,0.0,0.0
123_STEAM_2,THERMAL,2020-07-15 07:00:00,-1.6139159406149392e-09,1.6939496980141174e-09,1.2208498584445048e-09,-1.7911805372250456e-10,4.001687869958914e-11,-1.1670877597680374e-09,-3.077270058239864e-10
123_STEAM_3,THERMAL,2020-07-15 07:00:00,-1.059837859588567e-09,1.059837859588567e-09,7.258258791561443e-10,-1.413116290649441e-10,-1.518092318519848e-10,-6.914824268733355e-10,-7.523457179830264e-11
201_CT_1,THERMAL,2020-07-15 07:00:00,0.0,0.0,0.0,0.0,0.0,0.0,0.0
201_CT_2,THERMAL,2020-07-15 07:00:00,0.0,0.0,0.0,0.0,0.0,0.0,0.0
201_STEAM_3,THERMAL,2020-07-15 07:00:00,-0.42184525510113635,0.42184525510113635,0.24577833501508836,-0.08831765791054319,-0.20388331862522624,-0.028526449676460786,-0.10111782888890614
202_CT_1,THERMAL,2020-07-15 07:00:00,0.0,0.0,0.0,0.0,0.0,0.0,0.0
202_CT_2,THERMAL,2020-07-15 07:00:00,0.0,0.0,0.0,0.0,0.0,0.0,0.0
202_STEAM_3,THERMAL,2020-07-15 07:00:00,-0.4559737892678184,0.4559737892678184,0.24599955956148123,-0.10143457596216104,-0.18607347363890447,-0.05765167543735483,-0.11081406422939802
202_STEAM_4,THERMAL,2020-07-15 07:00:00,-0.45597072188181226,0.45597072188181226,0.24599897422171943,-0.10143465010690594,-0.18607370047374938,-0.05764829833910756,-0.11081407296204937
207_CT_1,THERMAL,2020-07-15 07:00:00,0.0,0.0,0.0,0.0,0.0,0.0,0.0
207_CT_2,THERMAL,2020-07-15 07:00:00,0.0,0.0,0.0,0.0,0.0,0.0,0.0
212_CSP_1,THERMAL,2020-07-15 07:00:00,-1.9875110191233998,1.9875110191233998,0.9938155630044805,-0.49534878296855656,-0.5054056518138061,-0.4902314504244867,-0.4965251339165503
213_CC_3,THERMAL,2020-07-15 07:00:00,0.0,0.0,0.0,0.0,0.0,0.0,0.0
213_CT_1,THERMAL,2020-07-15 07:00:00,0.0,0.0,0.0,0.0,0.0,0.0,0.0
213_CT_2,THERMAL,2020-07-15 07:00:00,0.0,0.0,0.0,0.0,0.0,0.0,0.0
215_CT_4,THERMAL,2020-07-15 07:00:00,0.0,0.0,0.0,0.0,0.0,0.0,0.0
215_CT_5,THERMAL,2020-07-15 07:00:00,0.0,0.0,0.0,0.0,0.0,0.0,0.0
216_STEAM_1,THERMAL,2020-07-15 07:00:00,-1.0211115493217735,1.0211115493217735,0.517036582736011,-0.2441714474769534,-0.3189399238302133,-0.20552270008931117,-0.2524774779252957
218_CC_1,THERMAL,2020-07-15 07:00:00,0.0,0.0,0.0,0.0,0.0,0.0,0.0
221_CC_1,THERMAL,2020-07-15 07:00:00,4.562137899863629e-08,4.94489892274045e-08,2.8694248173652115e-08,1.3405583976222601e-08,-1.913805114384104e-09,2.243009333824375e-08,1.1699506798554042e-08
223_CT_4,THERMAL,2020-07-15 07:00:00,0.0,0.0,0.0,0.0,0.0,0.0,0.0
223_CT_5,THERMAL,2020-07-15 07:00:00,0.0,0.0,0.0,0.0,0.0,0.0,0.0
223_CT_6,THERMAL,2020-07-15 07:00:00,0.0,0.0,0.0,0.0,0.0,0.0,0.0
223_STEAM_1,THERMAL,2020-07-15 07:00:00,-0.9856979659504831,0.9856979659504831,0.5072904002309823,-0.23008281824319576,-0.34017619512363595,-0.17314461891624155,-0.24229433366740982
223_STEAM_2,THERMAL,2020-07-15 07:00:00,-0.9856979659504725,0.9856979659504725,0.5072904002309775,-0.23008281824319599,-0.34017619512363617,-0.17314461891623978,-0.24229433366740055
223_STEAM_3,THERMAL,2020-07-15 07:00:00,-2.1371965413575245,2.1371965413575245,1.1291391089960086,-0.48471922405067813,-0.8188452006254967,-0.31187873006497213,-0.5217533866163774
301_CT_1,THERMAL,2020-07-15 07:00:00,0.0,0.0,0.0,0.0,0.0,0.0,0.0
301_CT_2,THERMAL,2020-07-15 07:00:00,0.0,0.0,0.0,0.0,0.0,0.0,0.0
301_CT_3,THERMAL,2020-07-15 07:00:00,0.0,0.0,0.0,0.0,0.0,0.0,0.0
301_CT_4,THERMAL,2020-07-15 07:00:00,0.0,0.0,0.0,0.0,0.0,0.0,0.0
302_CT_1,THERMAL,2020-07-15 07:00:00,0.0,0.0,0.0,0.0,0.0,0.0,0.0
302_CT_2,THERMAL,2020-07-15 07:00:00,0.0,0.0,0.0,0.0,0.0,0.0,0.0
302_CT_3,THERMAL,2020-07-15 07:00:00,0.0,0.0,0.0,0.0,0.0,0.0,0.0
302_CT_4,THERMAL,2020-07-15 07:00:00,0.0,0.0,0.0,0.0,0.0,0.0,0.0
303_WIND_1,WIND,2020-07-15 07:00:00,1.0,1.0,1.0,0.0,1.0,0.0,0.0
307_CT_1,THERMAL,2020-07-15 07:00:00,0.0,0.0,0.0,0.0,0.0,0.0,0.0
307_CT_2,THERMAL,2020-07-15 07:00:00,0.0,0.0,0.0,0.0,0.0,0.0,0.0
309_WIND_1,WIND,2020-07-15 07:00:00,1.0,1.0,1.0,0.0,0.0,1.0,0.0
313_CC_1,THERMAL,2020-07-15 07:00:00,-1.5334116326028973,3.9283020675858342,2.1666794558229907,-0.6584745263343458,1.1974452174914685,-1.6191370708820756,-0.4532452528779443
315_CT_6,THERMAL,2020-07-15 07:00:00,0.0,0.0,0.0,0.0,0.0,0.0,0.0
315_CT_7,THERMAL,2020-07-15 07:00:00,0.0,0.0,0.0,0.0,0.0,0.0,0.0
315_CT_8,THERMAL,2020-07-15 07:00:00,0.0,0.0,0.0,0.0,0.0,0.0,0.0
315_STEAM_1,THERMAL,2020-07-15 07:00:00,0.0,0.0,0.0,0.0,0.0,0.0,0.0
315_STEAM_2,THERMAL,2020-07-15 07:00:00,0.0,0.0,0.0,0.0,0.0,0.0,0.0
315_STEAM_3,THERMAL,2020-07-15 07:00:00,0.0,0.0,0.0,0.0,0.0,0.0,0.0
315_STEAM_4,THERMAL,2020-07-15 07:00:00,0.0,0.0,0.0,0.0,0.0,0.0,0.0
315_STEAM_5,THERMAL,2020-07-15 07:00:00,0.0,0.0,0.0,0.0,0.0,0.0,0.0
316_STEAM_1,THERMAL,2020-07-15 07:00:00,-0.7841914581606455,0.7841914581606455,0.5058624196537476,-0.15263020709890518,-0.4453758354769479,-0.0011452549079926655,-0.1850401606767997
317_WIND_1,WIND,2020-07-15 07:00:00,1.0,1.0,1.0,0.0,0.0,0.0,1.0
318_CC_1,THERMAL,2020-07-15 07:00:00,0.0,0.0,0.0,0.0,0.0,0.0,0.0
321_CC_1,THERMAL,2020-07-15 07:00:00,0.0,0.0,0.0,0.0,0.0,0.0,0.0
322_CT_5,THERMAL,2020-07-15 07:00:00,0.0,0.0,0.0,0.0,0.0,0.0,0.0
322_CT_6,THERMAL,2020-07-15 07:00:00,0.0,0.0,0.0,0.0,0.0,0.0,0.0
323_CC_1,THERMAL,2020-07-15 07:00:00,1.652887767741904,1.652887767741904,0.9922577217692817,0.33862628001856,0.8415998531181934,0.078354860731352,0.39430677387379853
323_CC_2,THERMAL,2020-07-15 07:00:00,1.6528905599446042,1.6528905599446042,0.9922576721713405,0.3386261610192074,0.8415992180998719,0.0783576231433365,0.3943075576821885
101_CT_1,THERMAL,2020-07-15 08:00:00,0.0,0.0,0.0,0.0,0.0,0.0,0.0
101_CT_2,THERMAL,2020-07-15 08:00:00,0.0,0.0,0.0,0.0,0.0,0.0,0.0
101_STEAM_3,THERMAL,2020-07-15 08:00:00,0.09455808748341646,0.2355521320523015,0.163877494632222,-0.014363423147948695,0.012253271749377515,0.15280183801848146,-0.05613359913649382
101_STEAM_4,THERMAL,2020-07-15 08:00:00,-0.23187028944790034,0.27578452647298946,0.19506843341355123,-0.020251780114214912,-0.04650034312863993,-0.18707528471759005,0.02195711851254456
102_CT_1,THERMAL,2020-07-15 08:00:00,0.0,0.0,0.0,0.0,0.0,0.0,0.0
102_CT_2,THERMAL,2020-07-15 08:00:00,0.0,0.0,0.0,0.0,0.0,0.0,0.0
102_STEAM_3,THERMAL,2020-07-15 08:00:00,-0.27101947034416807,0.27101947034416807,0.13550973549489367,-0.06774693982625724,-0.06775708355686527,-0.06775641666416554,-0.06775903029687999
102_STEAM_4,THERMAL,2020-07-15 08:00:00,-0.2739357066307792,0.2739357066307792,0.1369678536414508,-0.06847591815621534,-0.0684861713993774,-0.06848547917940628,-0.06848813789578018
107_CC_1,THERMAL,2020-07-15 08:00:00,-1.0345905418370462,1.0345905418370462,0.5172952721360149,-0.2586175810294198,-0.2586555919134579,-0.25865374120509443,-0.25866362768907414
113_CT_1,THERMAL,2020-07-15 08:00:00,-1.376676550535194e-13,1.376676550535194e-13,1.376676550535194e-13,0.0,0.0,-1.376676550535194e-13,0.0
113_CT_2,THERMAL,2020-07-15 08:00:00,0.0,0.0,0.0,0.0,0.0,0.0,0.0
113_CT_3,THERMAL,2020-07-15 08:00:00,0.0,0.0,0.0,0.0,0.0,0.0,0.0
113_CT_4,THERMAL,2020-07-15 08:00:00,0.0,0.0,0.0,0.0,0.0,0.0,0.0
115_STEAM_1,THERMAL,2020-07-15 08:00:00,0.0,0.0,0.0,0.0,0.0,0.0,0.0
115_STEAM_2,THERMAL,2020-07-15 08:00:00,0.0,0.0,0.0,0.0,0.0,0.0,0.0
115_STEAM_3,THERMAL,2020-07-15 08:00:00,-0.4431018574699548,0.4431018574699548,0.22155092926213132,-0.11076251721730701,-0.11077910768845056,-0.11077794835878052,-0.11078228420541666
116_STEAM_1,THERMAL,2020-07-15 08:00:00,-0.4429180414492282,0.4429180414492282,0.22145902125187886,-0.11071656031976662,-0.11073313480465208,-0.11073202706462126,-0.11073631926018826
118_CC_1,THERMAL,2020-07-15 08:00:00,-0.8549814710322228,0.8549814710322228,0.42749073655350145,-0.213720028335723,-0.21375165020011266,-0.21375144591084805,-0.21375834658553908
122_WIND_1,WIND,2020-07-15 08:00:00,1.0,1.0,1.0,1.0,0.0,0.0,0.0
123_CT_1,THERMAL,2020-07-15 08:00:00,0.0,0.0,0.0,0.0,0.0,0.0,0.0
123_CT_4,THERMAL,2020-07-15 08:00:00,0.0,0.0,0.0,0.0,0.0,0.0,0.0
123_CT_5,THERMAL,2020-07-15 08:00:00,0.0,0.0,0.0,0.0,0.0,0.0,0.0
123_STEAM_2,THERMAL,2020-07-15 08:00:00,-0.6540838072479966,0.6540838072479966,0.3270419043846684,-0.16350224694808757,-0.16352661322408135,-0.1635235650459297,-0.1635313820298981
123_STEAM_3,THERMAL,2020-07-15 08:00:00,-0.8833096656314875,0.8833096656314875,0.4416548338738256,-0.2208014572012451,-0.22083441157608874,-0.22083289944241002,-0.22084089741174365
201_CT_1,THERMAL,2020-07-15 08:00:00,0.0,0.0,0.0,0.0,0.0,0.0,0.0
201_CT_2,THERMAL,2020-07-15 08:00:00,0.0,0.0,0.0,0.0,0.0,0.0,0.0
201_STEAM_3,THERMAL,2020-07-15 08:00:00,-0.34635413494454803,0.34635413494454803,0.17317706788762918,-0.08657833908099988,-0.0865911636159995,-0.08659083291686809,-0.08659379933068055
202_CT_1,THERMAL,2020-07-15 08:00:00,0.0,0.0,0.0,0.0,0.0,0.0,0.0
202_CT_2,THERMAL,2020-07-15 08:00:00,0.0,0.0,0.0,0.0,0.0,0.0,0.0
202_STEAM_3,THERMAL,2020-07-15 08:00:00,-0.2974417195820289,0.2974417195820289,0.14872086014566022,-0.07435172036974314,-0.07436284473516674,-0.07436216521595362,-0.07436498926116543
202_STEAM_4,THERMAL,2020-07-15 08:00:00,-0.2974417195820289,0.2974417195820289,0.14872086014566022,-0.07435172036974314,-0.07436284473516674,-0.07436216521595362,-0.07436498926116543
207_CT_1,THERMAL,2020-07-15 08:00:00,0.0,0.0,0.0,0.0,0.0,0.0,0.0
207_CT_2,THERMAL,2020-07-15 08:00:00,0.0,0.0,0.0,0.0,0.0,0.0,0.0
212_CSP_1,THERMAL,2020-07-15 08:00:00,-0.5660955215863888,0.5660955215863888,0.28304776146671085,-0.14150734157362788,-0.14152855558307387,-0.1415270272820628,-0.14153259714762426
213_CC_3,THERMAL,2020-07-15 08:00:00,0.0,0.0,0.0,0.0,0.0,0.0,0.0
213_CT_1,THERMAL,2020-07-15 08:00:00,0.0,0.0,0.0,0.0,0.0,0.0,0.0
213_CT_2,THERMAL,2020-07-15 08:00:00,0.0,0.0,0.0,0.0,0.0,0.0,0.0
215_CT_4,THERMAL,2020-07-15 08:00:00,0.0,0.0,0.0,0.0,0.0,0.0,0.0
215_CT_5,THERMAL,2020-07-15 08:00:00,0.0,0.0,0.0,0.0,0.0,0.0,0.0
216_STEAM_1,THERMAL,2020-07-15 08:00:00,-0.49676981782495566,0.49676981782495566,0.2483849095045106,-0.12417791869710482,-0.12419651806255505,-0.12419529576591337,-0.12420008529938244
218_CC_1,THERMAL,2020-07-15 08:00:00,0.0,0.0,0.0,0.0,0.0,0.0,0.0
221_CC_1,THERMAL,2020-07-15 08:00:00,0.4838496299503759,0.4838496299503759,0.24192488861552314,0.12112130280947175,0.12091329683556484,0.12093869958816938,0.12087633071716991
223_CT_4,THERMAL,2020-07-15 08:00:00,0.0,0.0,0.0,0.0,0.0,0.0,0.0
223_CT_5,THERMAL,2020-07-15 08:00:00,0.0,0.0,0.0,0.0,0.0,0.0,0.0
223_CT_6,THERMAL,2020-07-15 08:00:00,0.0,0.0,0.0,0.0,0.0,0.0,0.0
223_STEAM_1,THERMAL,2020-07-15 08:00:00,-0.7171488428800549,0.7171488428800549,0.35857442229378755,-0.1792662037635997,-0.17929273086228426,-0.17929174568726403,-0.17929816256690692
223_STEAM_2,THERMAL,2020-07-15 08:00:00,-0.7171488428800549,0.7171488428800549,0.35857442229378755,-0.1792662037635997,-0.17929273086228426,-0.17929174568726403,-0.17929816256690692
223_STEAM_3,THERMAL,2020-07-15 08:00:00,-1.404064096287097,1.404064096287097,0.7020320498234334,-0.3509747182470533,-0.35102624284581285,-0.3510258724579174,-0.3510372627363133
301_CT_1,THERMAL,2020-07-15 08:00:00,0.0,0.0,0.0,0.0,0.0,0.0,0.0
301_CT_2,THERMAL,2020-07-15 08:00:00,0.0,0.0,0.0,0.0,0.0,0.0,0.0
301_CT_3,THERMAL,2020-07-15 08:00:00,0.0,0.0,0.0,0.0,0.0,0.0,0.0
301_CT_4,THERMAL,2020-07-15 08:00:00,0.0,0.0,0.0,0.0,0.0,0.0,0.0
302_CT_1,THERMAL,2020-07-15 08:00:00,0.0,0.0,0.0,0.0,0.0,0.0,0.0
302_CT_2,THERMAL,2020-07-15 08:00:00,0.0,0.0,0.0,0.0,0.0,0.0,0.0
302_CT_3,THERMAL,2020-07-15 08:00:00,0.0,0.0,0.0,0.0,0.0,0.0,0.0
302_CT_4,THERMAL,2020-07-15 08:00:00,0.0,0.0,0.0,0.0,0.0,0.0,0.0
303_WIND_1,WIND,2020-07-15 08:00:00,1.0,1.0,1.0,0.0,1.0,0.0,0.0
307_CT_1,THERMAL,2020-07-15 08:00:00,0.0,0.0,0.0,0.0,0.0,0.0,0.0
307_CT_2,THERMAL,2020-07-15 08:00:00,0.0,0.0,0.0,0.0,0.0,0.0,0.0
309_WIND_1,WIND,2020-07-15 08:00:00,1.0,1.0,1.0,0.0,0.0,1.0,0.0
313_CC_1,THERMAL,2020-07-15 08:00:00,-0.4204182858375551,0.4204182858375551,0.21020914341103658,-0.10509250579871043,-0.10510832992984032,-0.10510620079971744,-0.10511124930928688
315_CT_6,THERMAL,2020-07-15 08:00:00,0.0,0.0,0.0,0.0,0.0,0.0,0.0
315_CT_7,THERMAL,2020-07-15 08:00:00,0.0,0.0,0.0,0.0,0.0,0.0,0.0
315_CT_8,THERMAL,2020-07-15 08:00:00,0.0,0.0,0.0,0.0,0.0,0.0,0.0
315_STEAM_1,THERMAL,2020-07-15 08:00:00,0.0,0.0,0.0,0.0,0.0,0.0,0.0
315_STEAM_2,THERMAL,2020-07-15 08:00:00,0.0,0.0,0.0,0.0,0.0,0.0,0.0
315_STEAM_3,THERMAL,2020-07-15 08:00:00,0.0,0.0,0.0,0.0,0.0,0.0,0.0
315_STEAM_4,THERMAL,2020-07-15 08:00:00,0.0,0.0,0.0,0.0,0.0,0.0,0.0
315_STEAM_5,THERMAL,2020-07-15 08:00:00,0.0,0.0,0.0,0.0,0.0,0.0,0.0
316_STEAM_1,THERMAL,2020-07-15 08:00:00,-0.6454448857684892,0.6454448857684892,0.32272244365124225,-0.1613423769757849,-0.1613665570842695,-0.16136479563843942,-0.16137115606999541
317_WIND_1,WIND,2020-07-15 08:00:00,1.0,1.0,1.0,0.0,0.0,0.0,1.0
318_CC_1,THERMAL,2020-07-15 08:00:00,0.0,0.0,0.0,0.0,0.0,0.0,0.0
321_CC_1,THERMAL,2020-07-15 08:00:00,1.1546319456101628e-14,1.1546319456101628e-14,1.0695084443661336e-14,8.881784197001252e-16,0.0,1.0658141036401503e-14,0.0
322_CT_5,THERMAL,2020-07-15 08:00:00,0.0,0.0,0.0,0.0,0.0,0.0,0.0
322_CT_6,THERMAL,2020-07-15 08:00:00,0.0,0.0,0.0,0.0,0.0,0.0,0.0
323_CC_1,THERMAL,2020-07-15 08:00:00,3.212163149849938,3.212163149849938,1.6060815787069118,0.8029477595551269,0.803067262140071,0.8030570574590037,0.8030910706957368
323_CC_2,THERMAL,2020-07-15 08:00:00,3.2075678509816106,3.2075678509816106,1.6037839293001515,0.8017984385715713,0.8019187950831865,0.8019090591909688,0.8019415581358839
101_CT_1,THERMAL,2020-07-15 09:00:00,0.0,0.0,0.0,0.0,0.0,0.0,0.0
101_CT_2,THERMAL,2020-07-15 09:00:00,0.0,0.0,0.0,0.0,0.0,0.0,0.0
101_STEAM_3,THERMAL,2020-07-15 09:00:00,0.07101703419980282,0.1544409917302026,0.1040817814591809,-0.003182115345809755,0.01773533475636979,0.09499367820863291,-0.03852986341939013
101_STEAM_4,THERMAL,2020-07-15 09:00:00,-0.13464183705262822,0.18019446901724423,0.11874749525513759,-0.013013276876824853,-0.033559990204662826,-0.11084488595344855,0.022776315982307994
102_CT_1,THERMAL,2020-07-15 09:00:00,0.0,0.0,0.0,0.0,0.0,0.0,0.0
102_CT_2,THERMAL,2020-07-15 09:00:00,0.0,0.0,0.0,0.0,0.0,0.0,0.0
102_STEAM_3,THERMAL,2020-07-15 09:00:00,-0.11419547059596934,0.11419547059596934,0.05709773546690506,-0.028545136443635377,-0.028549861635147056,-0.02854967329428426,-0.028550799222902646
102_STEAM_4,THERMAL,2020-07-15 09:00:00,-0.11419547059596934,0.11419547059596934,0.05709773546690506,-0.028545136443635377,-0.028549861635147056,-0.02854967329428426,-0.028550799222902646
107_CC_1,THERMAL,2020-07-15 09:00:00,-0.1862800293829499,0.1862800293829499,0.09314001496340299,-0.0465639827943134,-0.04657171904442947,-0.046571131957559686,-0.04657319558664735
113_CT_1,THERMAL,2020-07-15 09:00:00,0.0,0.0,0.0,0.0,0.0,0.0,0.0
113_CT_2,THERMAL,2020-07-15 09:00:00,0.0,0.0,0.0,0.0,0.0,0.0,0.0
113_CT_3,THERMAL,2020-07-15 09:00:00,0.0,0.0,0.0,0.0,0.0,0.0,0.0
113_CT_4,THERMAL,2020-07-15 09:00:00,0.0,0.0,0.0,0.0,0.0,0.0,0.0
115_STEAM_1,THERMAL,2020-07-15 09:00:00,0.0,0.0,0.0,0.0,0.0,0.0,0.0
115_STEAM_2,THERMAL,2020-07-15 09:00:00,0.0,0.0,0.0,0.0,0.0,0.0,0.0
115_STEAM_3,THERMAL,2020-07-15 09:00:00,-0.16677123005531952,0.16677123005531952,0.08338561526924307,-0.041687479619934464,-0.04169449276768433,-0.041693526972053085,-0.041695730695647644
116_STEAM_1,THERMAL,2020-07-15 09:00:00,-0.14925952021000488,0.14925952021000488,0.07462976032423195,-0.037310033558712874,-0.037316244170839674,-0.03731581213513646,-0.037317430345315865
118_CC_1,THERMAL,2020-07-15 09:00:00,-0.1849691509199843,0.1849691509199843,0.09248457572832426,-0.04623636637544881,-0.04624413458178722,-0.046243129348512824,-0.04624552061423545
122_WIND_1,WIND,2020-07-15 09:00:00,1.0,1.0,1.0,1.0,0.0,0.0,0.0
123_CT_1,THERMAL,2020-07-15 09:00:00,0.0,0.0,0.0,0.0,0.0,0.0,0.0
123_CT_4,THERMAL,2020-07-15 09:00:00,0.0,0.0,0.0,0.0,0.0,0.0,0.0
123_CT_5,THERMAL,2020-07-15 09:00:00,0.0,0.0,0.0,0.0,0.0,0.0,0.0
123_STEAM_2,THERMAL,2020-07-15 09:00:00,-0.15941356066575563,0.15941356066575563,0.07970678056683873,-0.03984821565283825,-0.03985482854866018,-0.03985440013256003,-0.03985611633169717
123_STEAM_3,THERMAL,2020-07-15 09:00:00,-0.21761451945872834,0.21761451945872834,0.10880726004380437,-0.05439670572316668,-0.05440588423616344,-0.05440446517475195,-0.054407464324646264
201_CT_1,THERMAL,2020-07-15 09:00:00,0.0,0.0,0.0,0.0,0.0,0.0,0.0
201_CT_2,THERMAL,2020-07-15 09:00:00,0.0,0.0,0.0,0.0,0.0,0.0,0.0
201_STEAM_3,THERMAL,2020-07-15 09:00:00,-0.11654902368991552,0.11654902368991552,0.058274512017949295,-0.029133440695006063,-0.029138256632992965,-0.02913809579252291,-0.029139230569393583
202_CT_1,THERMAL,2020-07-15 09:00:00,0.0,0.0,0.0,0.0,0.0,0.0,0.0
202_CT_2,THERMAL,2020-07-15 09:00:00,0.0,0.0,0.0,0.0,0.0,0.0,0.0
202_STEAM_3,THERMAL,2020-07-15 09:00:00,-0.11821407791169852,0.11821407791169852,0.05910703913125238,-0.029549650245259962,-0.02955453553276144,-0.02955437096824598,-0.02955552116543115
202_STEAM_4,THERMAL,2020-07-15 09:00:00,-0.11821407791169852,0.11821407791169852,0.05910703913125238,-0.029549650245259962,-0.02955453553276144,-0.02955437096824598,-0.02955552116543115
207_CT_1,THERMAL,2020-07-15 09:00:00,0.0,0.0,0.0,0.0,0.0,0.0,0.0
207_CT_2,THERMAL,2020-07-15 09:00:00,0.0,0.0,0.0,0.0,0.0,0.0,0.0
212_CSP_1,THERMAL,2020-07-15 09:00:00,-0.1970183757762901,0.1970183757762901,0.09850918817874543,-0.049248172933652024,-0.04925629938741638,-0.04925595237398461,-0.04925795108123711
213_CC_3,THERMAL,2020-07-15 09:00:00,-1.8426974464846468,1.8426974464846468,0.9213487259460663,-0.4606145927907437,-0.4606912676406476,-0.46068565785920157,-0.460705928194054
213_CT_1,THERMAL,2020-07-15 09:00:00,0.0,0.0,0.0,0.0,0.0,0.0,0.0
213_CT_2,THERMAL,2020-07-15 09:00:00,0.0,0.0,0.0,0.0,0.0,0.0,0.0
215_CT_4,THERMAL,2020-07-15 09:00:00,0.0,0.0,0.0,0.0,0.0,0.0,0.0
215_CT_5,THERMAL,2020-07-15 09:00:00,0.0,0.0,0.0,0.0,0.0,0.0,0.0
216_STEAM_1,THERMAL,2020-07-15 09:00:00,-0.154785263388098,0.154785263388098,0.07739263192030851,-0.03869130710876445,-0.03869775806908349,-0.03869723476874665,-0.03869896344150342
218_CC_1,THERMAL,2020-07-15 09:00:00,4.884981308350689e-15,4.884981308350689e-15,3.688882027804963e-15,8.881784197001252e-16,4.440892098500626e-16,3.552713678800501e-15,0.0
221_CC_1,THERMAL,2020-07-15 09:00:00,-0.17348975190028235,0.17348975190028235,0.08674487620466058,-0.04336681373407103,-0.04337405397471139,-0.043373472568502436,-0.043375411622997496
223_CT_4,THERMAL,2020-07-15 09:00:00,0.0,0.0,0.0,0.0,0.0,0.0,0.0
223_CT_5,THERMAL,2020-07-15 09:00:00,0.0,0.0,0.0,0.0,0.0,0.0,0.0
223_CT_6,THERMAL,2020-07-15 09:00:00,0.0,0.0,0.0,0.0,0.0,0.0,0.0
223_STEAM_1,THERMAL,2020-07-15 09:00:00,-0.15876807034307822,0.15876807034307822,0.07938403540634256,-0.03968683011343699,-0.03969339919015735,-0.039693140046885844,-0.03969470099259804
223_STEAM_2,THERMAL,2020-07-15 09:00:00,-0.15876807115938457,0.15876807115938457,0.07938403581449574,-0.039686830317482547,-0.03969339939423655,-0.039693140250964376,-0.03969470119670109
223_STEAM_3,THERMAL,2020-07-15 09:00:00,-0.18813121363853355,0.18813121363853355,0.09406560709722099,-0.047026664251017536,-0.04703446378789078,-0.04703408990844338,-0.04703599569118186
301_CT_1,THERMAL,2020-07-15 09:00:00,0.0,0.0,0.0,0.0,0.0,0.0,0.0
301_CT_2,THERMAL,2020-07-15 09:00:00,0.0,0.0,0.0,0.0,0.0,0.0,0.0
301_CT_3,THERMAL,2020-07-15 09:00:00,0.0,0.0,0.0,0.0,0.0,0.0,0.0
301_CT_4,THERMAL,2020-07-15 09:00:00,0.0,0.0,0.0,0.0,0.0,0.0,0.0
302_CT_1,THERMAL,2020-07-15 09:00:00,0.0,0.0,0.0,0.0,0.0,0.0,0.0
302_CT_2,THERMAL,2020-07-15 09:00:00,0.0,0.0,0.0,0.0,0.0,0.0,0.0
302_CT_3,THERMAL,2020-07-15 09:00:00,0.0,0.0,0.0,0.0,0.0,0.0,0.0
302_CT_4,THERMAL,2020-07-15 09:00:00,0.0,0.0,0.0,0.0,0.0,0.0,0.0
303_WIND_1,WIND,2020-07-15 09:00:00,1.0,1.0,1.0,0.0,1.0,0.0,0.0
307_CT_1,THERMAL,2020-07-15 09:00:00,0.0,0.0,0.0,0.0,0.0,0.0,0.0
307_CT_2,THERMAL,2020-07-15 09:00:00,0.0,0.0,0.0,0.0,0.0,0.0,0.0
309_WIND_1,WIND,2020-07-15 09:00:00,1.0,1.0,1.0,0.0,0.0,1.0,0.0
313_CC_1,THERMAL,2020-07-15 09:00:00,-0.20472077946982725,0.20472077946982725,0.10236039003390866,-0.051173586894377454,-0.05118216317881252,-0.05118130893952255,-0.051183720457114716
315_CT_6,THERMAL,2020-07-15 09:00:00,0.0,0.0,0.0,0.0,0.0,0.0,0.0
315_CT_7,THERMAL,2020-07-15 09:00:00,0.0,0.0,0.0,0.0,0.0,0.0,0.0
315_CT_8,THERMAL,2020-07-15 09:00:00,0.0,0.0,0.0,0.0,0.0,0.0,0.0
315_STEAM_1,THERMAL,2020-07-15 09:00:00,0.0,0.0,0.0,0.0,0.0,0.0,0.0
315_STEAM_2,THERMAL,2020-07-15 09:00:00,0.0,0.0,0.0,0.0,0.0,0.0,0.0
315_STEAM_3,THERMAL,2020-07-15 09:00:00,0.0,0.0,0.0,0.0,0.0,0.0,0.0
315_STEAM_4,THERMAL,2020-07-15 09:00:00,0.0,0.0,0.0,0.0,0.0,0.0,0.0
315_STEAM_5,THERMAL,2020-07-15 09:00:00,0.0,0.0,0.0,0.0,0.0,0.0,0.0
316_STEAM_1,THERMAL,2020-07-15 09:00:00,-0.14870823141336403,0.14870823141336403,0.07435411592508724,-0.03717222991620073,-0.03717842041110364,-0.037177981628294,-0.03717959945776567
317_WIND_1,WIND,2020-07-15 09:00:00,1.0,1.0,1.0,0.0,0.0,0.0,1.0
318_CC_1,THERMAL,2020-07-15 09:00:00,0.0,0.0,0.0,0.0,0.0,0.0,0.0
321_CC_1,THERMAL,2020-07-15 09:00:00,-1.8426978777998142,1.8426978777998142,0.9213489416063477,-0.4606146219333507,-0.46069118730658243,-0.4606861384069276,-0.4607059301529534
322_CT_5,THERMAL,2020-07-15 09:00:00,0.0,0.0,0.0,0.0,0.0,0.0,0.0
322_CT_6,THERMAL,2020-07-15 09:00:00,-0.09303220009329036,0.09303220009329036,0.04651610018346987,-0.023255023615997295,-0.02325887554573325,-0.023258667492811913,-0.023259633438747897
323_CC_1,THERMAL,2020-07-15 09:00:00,1.4360591078590514,1.4360591078590514,0.7180295550628263,0.3590489318144825,0.3590051488265322,0.35900832101370383,0.3589967062043329
323_CC_2,THERMAL,2020-07-15 09:00:00,1.4360591078590514,1.4360591078590514,0.7180295550628263,0.3590489318144825,0.3590051488265322,0.35900832101370383,0.3589967062043329
101_CT_1,THERMAL,2020-07-15 10:00:00,0.0,0.0,0.0,0.0,0.0,0.0,0.0
101_CT_2,THERMAL,2020-07-15 10:00:00,0.0,0.0,0.0,0.0,0.0,0.0,0.0
101_STEAM_3,THERMAL,2020-07-15 10:00:00,0.0804590359028503,0.276368493799515,0.15279385488394107,0.01379001689279924,0.0845679108934756,0.08005583706490782,-0.09795472894833235
101_STEAM_4,THERMAL,2020-07-15 10:00:00,-0.1774425424554397,0.32516439713166656,0.17208820968598462,-0.03832401103730121,-0.10873255991576736,-0.10424689884048455,0.07386092733811342
102_CT_1,THERMAL,2020-07-15 10:00:00,0.0,0.0,0.0,0.0,0.0,0.0,0.0
102_CT_2,THERMAL,2020-07-15 10:00:00,0.0,0.0,0.0,0.0,0.0,0.0,0.0
102_STEAM_3,THERMAL,2020-07-15 10:00:00,-0.17386293409881692,0.17386293409881692,0.08693146730689547,-0.04346005380648188,-0.04346726004717216,-0.04346692880054537,-0.04346869144461753
102_STEAM_4,THERMAL,2020-07-15 10:00:00,-0.19909668127607813,0.19909668127607813,0.09954834093432613,-0.04976765213817402,-0.04977588120063903,-0.04977556875435596,-0.049777579182909114
107_CC_1,THERMAL,2020-07-15 10:00:00,-0.30033675522033765,0.30033675522033765,0.15016837804613622,-0.07507452222444,-0.07508708115842211,-0.07508581758568766,-0.07508933425178788
113_CT_1,THERMAL,2020-07-15 10:00:00,-1.1457501614131615e-13,1.1457501614131615e-13,1.1457501614131615e-13,0.0,0.0,-1.1457501614131615e-13,0.0
113_CT_2,THERMAL,2020-07-15 10:00:00,0.0,0.0,0.0,0.0,0.0,0.0,0.0
113_CT_3,THERMAL,2020-07-15 10:00:00,0.0,0.0,0.0,0.0,0.0,0.0,0.0
113_CT_4,THERMAL,2020-07-15 10:00:00,0.0,0.0,0.0,0.0,0.0,0.0,0.0
115_STEAM_1,THERMAL,2020-07-15 10:00:00,0.0,0.0,0.0,0.0,0.0,0.0,0.0
115_STEAM_2,THERMAL,2020-07-15 10:00:00,0.0,0.0,0.0,0.0,0.0,0.0,0.0
115_STEAM_3,THERMAL,2020-07-15 10:00:00,-0.2733657943756761,0.2733657943756761,0.13668289759033483,-0.06833255873048305,-0.06834391754054225,-0.06834319457276905,-0.06834612353188174
116_STEAM_1,THERMAL,2020-07-15 10:00:00,-0.3059201011583288,0.3059201011583288,0.15296005102007293,-0.07647031114498937,-0.0764831728178863,-0.0764811812730315,-0.0764854359224216
118_CC_1,THERMAL,2020-07-15 10:00:00,-0.34701483548548995,0.34701483548548995,0.17350741825836208,-0.08674230335521749,-0.0867566830794404,-0.08675643261515376,-0.08675941643567832
122_WIND_1,WIND,2020-07-15 10:00:00,1.0,1.0,1.0,1.0,0.0,0.0,0.0
123_CT_1,THERMAL,2020-07-15 10:00:00,0.0,0.0,0.0,0.0,0.0,0.0,0.0
123_CT_4,THERMAL,2020-07-15 10:00:00,0.0,0.0,0.0,0.0,0.0,0.0,0.0
123_CT_5,THERMAL,2020-07-15 10:00:00,0.0,0.0,0.0,0.0,0.0,0.0,0.0
123_STEAM_2,THERMAL,2020-07-15 10:00:00,-0.30279947520196604,0.30279947520196604,0.15139973805171317,-0.07568990552190602,-0.07570245492986905,-0.07570226999416185,-0.07570484475602912
123_STEAM_3,THERMAL,2020-07-15 10:00:00,-0.4004109885667615,0.4004109885667615,0.20020549485938288,-0.10009008770580241,-0.10010695891346533,-0.1001040592957061,-0.10010988265178764
201_CT_1,THERMAL,2020-07-15 10:00:00,0.0,0.0,0.0,0.0,0.0,0.0,0.0
201_CT_2,THERMAL,2020-07-15 10:00:00,0.0,0.0,0.0,0.0,0.0,0.0,0.0
201_STEAM_3,THERMAL,2020-07-15 10:00:00,-0.19866495974687534,0.19866495974687534,0.0993324801661543,-0.04965979963921707,-0.04966803072259185,-0.049667411606973744,-0.04966971777809267
202_CT_1,THERMAL,2020-07-15 10:00:00,0.0,0.0,0.0,0.0,0.0,0.0,0.0
202_CT_2,THERMAL,2020-07-15 10:00:00,0.0,0.0,0.0,0.0,0.0,0.0,0.0
202_STEAM_3,THERMAL,2020-07-15 10:00:00,-0.17005490495469494,0.17005490495469494,0.08502745272579533,-0.042508226895511037,-0.04251531799226127,-0.042514721208000594,-0.042516638858922054
202_STEAM_4,THERMAL,2020-07-15 10:00:00,-0.17005490495469494,0.17005490495469494,0.08502745272579533,-0.042508226895511037,-0.04251531799226127,-0.042514721208000594,-0.042516638858922054
207_CT_1,THERMAL,2020-07-15 10:00:00,0.0,0.0,0.0,0.0,0.0,0.0,0.0
207_CT_2,THERMAL,2020-07-15 10:00:00,0.0,0.0,0.0,0.0,0.0,0.0,0.0
212_CSP_1,THERMAL,2020-07-15 10:00:00,-0.317183511271408,0.317183511271408,0.15859175610470463,-0.07928553207070177,-0.07929864033037415,-0.07929803533237134,-0.07930130353796072
213_CC_3,THERMAL,2020-07-15 10:00:00,-0.3129023783055199,0.3129023783055199,0.15645118960836818,-0.07821550699551993,-0.07822855946625307,-0.07822733319379793,-0.07823097864994896
213_CT_1,THERMAL,2020-07-15 10:00:00,0.0,0.0,0.0,0.0,0.0,0.0,0.0
213_CT_2,THERMAL,2020-07-15 10:00:00,0.0,0.0,0.0,0.0,0.0,0.0,0.0
215_CT_4,THERMAL,2020-07-15 10:00:00,0.0,0.0,0.0,0.0,0.0,0.0,0.0
215_CT_5,THERMAL,2020-07-15 10:00:00,0.0,0.0,0.0,0.0,0.0,0.0,0.0
216_STEAM_1,THERMAL,2020-07-15 10:00:00,-0.2881931881583923,0.2881931881583923,0.1440965945096672,-0.07203884115296866,-0.07205073776232762,-0.072050376048157,-0.07205323319493899
218_CC_1,THERMAL,2020-07-15 10:00:00,5.329070518200751e-15,5.329070518200751e-15,3.76822190084106e-15,8.881784197001252e-16,8.881784197001252e-16,3.552713678800501e-15,0.0
221_CC_1,THERMAL,2020-07-15 10:00:00,-0.30390072743100743,0.30390072743100743,0.15195036416439323,-0.07596530178387884,-0.07597798044484794,-0.07597700560160447,-0.07598043960067619
223_CT_4,THERMAL,2020-07-15 10:00:00,0.0,0.0,0.0,0.0,0.0,0.0,0.0
223_CT_5,THERMAL,2020-07-15 10:00:00,0.0,0.0,0.0,0.0,0.0,0.0,0.0
223_CT_6,THERMAL,2020-07-15 10:00:00,0.0,0.0,0.0,0.0,0.0,0.0,0.0
223_STEAM_1,THERMAL,2020-07-15 10:00:00,-0.24225157327502247,0.24225157327502247,0.12112578699107943,-0.06055506769448571,-0.060565177002530834,-0.06056427859576807,-0.06056704998223786
223_STEAM_2,THERMAL,2020-07-15 10:00:00,-0.24225157327502247,0.24225157327502247,0.12112578699107943,-0.06055506769448571,-0.060565177002530834,-0.06056427859576807,-0.06056704998223786
223_STEAM_3,THERMAL,2020-07-15 10:00:00,-0.350116862137346,0.350116862137346,0.17505843158393403,-0.08751783526670698,-0.08753238482792991,-0.08753143202454083,-0.08753521001816827
301_CT_1,THERMAL,2020-07-15 10:00:00,0.0,0.0,0.0,0.0,0.0,0.0,0.0
301_CT_2,THERMAL,2020-07-15 10:00:00,0.0,0.0,0.0,0.0,0.0,0.0,0.0
301_CT_3,THERMAL,2020-07-15 10:00:00,0.0,0.0,0.0,0.0,0.0,0.0,0.0
301_CT_4,THERMAL,2020-07-15 10:00:00,0.0,0.0,0.0,0.0,0.0,0.0,0.0
302_CT_1,THERMAL,2020-07-15 10:00:00,0.0,0.0,0.0,0.0,0.0,0.0,0.0
302_CT_2,THERMAL,2020-07-15 10:00:00,0.0,0.0,0.0,0.0,0.0,0.0,0.0
302_CT_3,THERMAL,2020-07-15 10:00:00,0.0,0.0,0.0,0.0,0.0,0.0,0.0
302_CT_4,THERMAL,2020-07-15 10:00:00,0.0,0.0,0.0,0.0,0.0,0.0,0.0
303_WIND_1,WIND,2020-07-15 10:00:00,1.0,1.0,1.0,0.0,1.0,0.0,0.0
307_CT_1,THERMAL,2020-07-15 10:00:00,0.0,0.0,0.0,0.0,0.0,0.0,0.0
307_CT_2,THERMAL,2020-07-15 10:00:00,0.0,0.0,0.0,0.0,0.0,0.0,0.0
309_WIND_1,WIND,2020-07-15 10:00:00,1.0,1.0,1.0,0.0,0.0,1.0,0.0
313_CC_1,THERMAL,2020-07-15 10:00:00,-0.3263112203302807,0.3263112203302807,0.16315561064500553,-0.08156720146101026,-0.08158076055155661,-0.08157987321407134,-0.0815833851036425
315_CT_6,THERMAL,2020-07-15 10:00:00,0.0,0.0,0.0,0.0,0.0,0.0,0.0
315_CT_7,THERMAL,2020-07-15 10:00:00,0.0,0.0,0.0,0.0,0.0,0.0,0.0
315_CT_8,THERMAL,2020-07-15 10:00:00,0.0,0.0,0.0,0.0,0.0,0.0,0.0
315_STEAM_1,THERMAL,2020-07-15 10:00:00,0.0,0.0,0.0,0.0,0.0,0.0,0.0
315_STEAM_2,THERMAL,2020-07-15 10:00:00,0.0,0.0,0.0,0.0,0.0,0.0,0.0
315_STEAM_3,THERMAL,2020-07-15 10:00:00,0.0,0.0,0.0,0.0,0.0,0.0,0.0
315_STEAM_4,THERMAL,2020-07-15 10:00:00,0.0,0.0,0.0,0.0,0.0,0.0,0.0
315_STEAM_5,THERMAL,2020-07-15 10:00:00,0.0,0.0,0.0,0.0,0.0,0.0,0.0
316_STEAM_1,THERMAL,2020-07-15 10:00:00,-0.24198091656663848,0.24198091656663848,0.12099045863620057,-0.06048741518630041,-0.060497514225228866,-0.060496610314659804,-0.0604993768404494
317_WIND_1,WIND,2020-07-15 10:00:00,1.0,1.0,1.0,0.0,0.0,0.0,1.0
318_CC_1,THERMAL,2020-07-15 10:00:00,-2.9513578706962784,2.9513578706962784,1.4756789396255092,-0.7377486222517078,-0.7378747692012819,-0.7378391113540417,-0.7378953678892468
321_CC_1,THERMAL,2020-07-15 10:00:00,-0.3056137050079607,0.3056137050079607,0.15280685295181906,-0.07639352437276203,-0.07640628036239594,-0.07640524177961439,-0.07640865849318836
322_CT_5,THERMAL,2020-07-15 10:00:00,0.0,0.0,0.0,0.0,0.0,0.0,0.0
322_CT_6,THERMAL,2020-07-15 10:00:00,-0.14779983723570828,0.14779983723570828,0.07389991883789547,-0.03694511124876487,-0.03695122358945535,-0.0369510447130974,-0.036952457684390635
323_CC_1,THERMAL,2020-07-15 10:00:00,1.7313951069852536,2.404438879637624,1.249427740153657,0.7650332972787677,0.5683943036521564,-0.3365218863261852,0.7344893923805146
323_CC_2,THERMAL,2020-07-15 10:00:00,3.2370340982986,3.2370340982986,1.8523487886161203,0.47707937210278706,0.6737216265313979,1.578609875783993,0.5076232238804217
101_CT_1,THERMAL,2020-07-15 11:00:00,0.0,0.0,0.0,0.0,0.0,0.0,0.0
101_CT_2,THERMAL,2020-07-15 11:00:00,0.0,0.0,0.0,0.0,0.0,0.0,0.0
101_STEAM_3,THERMAL,2020-07-15 11:00:00,0.08156614323560897,0.3441685843025182,0.20687344981084224,0.03773993295356226,-0.03338065972079329,0.1751274308155013,-0.0979205608126613
101_STEAM_4,THERMAL,2020-07-15 11:00:00,-0.1698173992080526,0.34447595576770607,0.21992680972839349,-0.05999241617602602,0.01137139322988423,-0.19715426131185332,0.07595788504994251
102_CT_1,THERMAL,2020-07-15 11:00:00,0.0,0.0,0.0,0.0,0.0,0.0,0.0
102_CT_2,THERMAL,2020-07-15 11:00:00,0.0,0.0,0.0,0.0,0.0,0.0,0.0
102_STEAM_3,THERMAL,2020-07-15 11:00:00,-0.11332147407626204,0.11332147407626204,0.05666073711317869,-0.028327881421132628,-0.02833097701059506,-0.028331004495883327,-0.028331611148651025
102_STEAM_4,THERMAL,2020-07-15 11:00:00,-0.09873261215561929,0.09873261215561929,0.049366306140250504,-0.02468105274571597,-0.024683751882111027,-0.024683537752343554,-0.024684269775448735
107_CC_1,THERMAL,2020-07-15 11:00:00,-0.19505651097749493,0.19505651097749493,0.09752825562271082,-0.04875978032386907,-0.04876490022387614,-0.04876556626539852,-0.04876626416435122
113_CT_1,THERMAL,2020-07-15 11:00:00,-1.1812772982011666e-13,1.1812772982011666e-13,1.1812772982011666e-13,0.0,0.0,-1.1812772982011666e-13,0.0
113_CT_2,THERMAL,2020-07-15 11:00:00,0.0,0.0,0.0,0.0,0.0,0.0,0.0
113_CT_3,THERMAL,2020-07-15 11:00:00,0.0,0.0,0.0,0.0,0.0,0.0,0.0
113_CT_4,THERMAL,2020-07-15 11:00:00,0.0,0.0,0.0,0.0,0.0,0.0,0.0
115_STEAM_1,THERMAL,2020-07-15 11:00:00,0.0,0.0,0.0,0.0,0.0,0.0,0.0
115_STEAM_2,THERMAL,2020-07-15 11:00:00,0.0,0.0,0.0,0.0,0.0,0.0,0.0
115_STEAM_3,THERMAL,2020-07-15 11:00:00,-0.1543196831947825,0.1543196831947825,0.07715984170608246,-0.03857642152982832,-0.038580614827074644,-0.03858108683160566,-0.0385815600062739
116_STEAM_1,THERMAL,2020-07-15 11:00:00,-0.15376519081150458,0.15376519081150458,0.07688259550236022,-0.038438121309783524,-0.03844257498530235,-0.03844143156759472,-0.038443062948824006
118_CC_1,THERMAL,2020-07-15 11:00:00,-0.188761464706323,0.188761464706323,0.09438073247396792,-0.04718630618056485,-0.04719141779329217,-0.04719128344289558,-0.04719245728957039
122_WIND_1,WIND,2020-07-15 11:00:00,1.0,1.0,1.0,1.0,0.0,0.0,0.0
123_CT_1,THERMAL,2020-07-15 11:00:00,0.0,0.0,0.0,0.0,0.0,0.0,0.0
123_CT_4,THERMAL,2020-07-15 11:00:00,0.0,0.0,0.0,0.0,0.0,0.0,0.0
123_CT_5,THERMAL,2020-07-15 11:00:00,0.0,0.0,0.0,0.0,0.0,0.0,0.0
123_STEAM_2,THERMAL,2020-07-15 11:00:00,-0.16298233769121762,0.16298233769121762,0.08149116895606379,-0.04074197346149622,-0.04074627286277277,-0.040746715037382586,-0.04074737632956605
123_STEAM_3,THERMAL,2020-07-15 11:00:00,-0.19070304500847063,0.19070304500847063,0.09535152262184819,-0.04767177722233429,-0.04767701480651532,-0.047676333553706485,-0.04767791942591454
201_CT_1,THERMAL,2020-07-15 11:00:00,0.0,0.0,0.0,0.0,0.0,0.0,0.0
201_CT_2,THERMAL,2020-07-15 11:00:00,0.0,0.0,0.0,0.0,0.0,0.0,0.0
201_STEAM_3,THERMAL,2020-07-15 11:00:00,-0.1074182290945109,0.1074182290945109,0.05370911461574844,-0.026852256964702614,-0.026855186831183486,-0.02685502256354333,-0.026855762735081466
202_CT_1,THERMAL,2020-07-15 11:00:00,0.0,0.0,0.0,0.0,0.0,0.0,0.0
202_CT_2,THERMAL,2020-07-15 11:00:00,0.0,0.0,0.0,0.0,0.0,0.0,0.0
202_STEAM_3,THERMAL,2020-07-15 11:00:00,-0.11269144054710731,0.11269144054710731,0.05634572034835277,-0.0281703841252966,-0.028173453292898554,-0.028173506453494923,-0.02817409667541724
202_STEAM_4,THERMAL,2020-07-15 11:00:00,-0.11269144054710731,0.11269144054710731,0.05634572034835277,-0.0281703841252966,-0.028173453292898554,-0.028173506453494923,-0.02817409667541724
207_CT_1,THERMAL,2020-07-15 11:00:00,0.0,0.0,0.0,0.0,0.0,0.0,0.0
207_CT_2,THERMAL,2020-07-15 11:00:00,0.0,0.0,0.0,0.0,0.0,0.0,0.0
212_CSP_1,THERMAL,2020-07-15 11:00:00,-0.1935580675412006,0.1935580675412006,0.09677903389607712,-0.04838531707099225,-0.04839072102607922,-0.0483904182223327,-0.04839161122179644
213_CC_3,THERMAL,2020-07-15 11:00:00,-0.17620866209573494,0.17620866209573494,0.0881043311763542,-0.044048130871316094,-0.04405273532900367,-0.0440537660537359,-0.04405402984167926
213_CT_1,THERMAL,2020-07-15 11:00:00,0.0,0.0,0.0,0.0,0.0,0.0,0.0
213_CT_2,THERMAL,2020-07-15 11:00:00,0.0,0.0,0.0,0.0,0.0,0.0,0.0
215_CT_4,THERMAL,2020-07-15 11:00:00,0.0,0.0,0.0,0.0,0.0,0.0,0.0
215_CT_5,THERMAL,2020-07-15 11:00:00,0.0,0.0,0.0,0.0,0.0,0.0,0.0
216_STEAM_1,THERMAL,2020-07-15 11:00:00,-0.16156149558303903,0.16156149558303903,0.08078074790143182,-0.04038678818014896,-0.04039104217371703,-0.0403915180333243,-0.04039214719584875
218_CC_1,THERMAL,2020-07-15 11:00:00,8.881784197001252e-16,2.6645352591003757e-15,1.9860273225978185e-15,-8.881784197001252e-16,1.7763568394002505e-15,0.0,0.0
221_CC_1,THERMAL,2020-07-15 11:00:00,-0.2356807964464479,0.2356807964464479,0.1178403983677715,-0.058915368100581844,-0.05892192072838309,-0.058920543378189194,-0.058922964239293774
223_CT_4,THERMAL,2020-07-15 11:00:00,0.0,0.0,0.0,0.0,0.0,0.0,0.0
223_CT_5,THERMAL,2020-07-15 11:00:00,0.0,0.0,0.0,0.0,0.0,0.0,0.0
223_CT_6,THERMAL,2020-07-15 11:00:00,0.0,0.0,0.0,0.0,0.0,0.0,0.0
223_STEAM_1,THERMAL,2020-07-15 11:00:00,-0.13665822124086002,0.13665822124086002,0.06832911070710941,-0.034161641989078895,-0.034165366410876086,-0.03416511121259269,-0.034166101628312365
223_STEAM_2,THERMAL,2020-07-15 11:00:00,-0.13665822124086002,0.13665822124086002,0.06832911070710941,-0.034161641989078895,-0.034165366410876086,-0.03416511121259269,-0.034166101628312365
223_STEAM_3,THERMAL,2020-07-15 11:00:00,-0.19044248215557535,0.19044248215557535,0.09522124119698373,-0.04760670051114202,-0.04761220510839692,-0.04761076471242376,-0.04761281182361265
301_CT_1,THERMAL,2020-07-15 11:00:00,0.0,0.0,0.0,0.0,0.0,0.0,0.0
301_CT_2,THERMAL,2020-07-15 11:00:00,0.0,0.0,0.0,0.0,0.0,0.0,0.0
301_CT_3,THERMAL,2020-07-15 11:00:00,0.0,0.0,0.0,0.0,0.0,0.0,0.0
301_CT_4,THERMAL,2020-07-15 11:00:00,0.0,0.0,0.0,0.0,0.0,0.0,0.0
302_CT_1,THERMAL,2020-07-15 11:00:00,0.0,0.0,0.0,0.0,0.0,0.0,0.0
302_CT_2,THERMAL,2020-07-15 11:00:00,0.0,0.0,0.0,0.0,0.0,0.0,0.0
302_CT_3,THERMAL,2020-07-15 11:00:00,0.0,0.0,0.0,0.0,0.0,0.0,0.0
302_CT_4,THERMAL,2020-07-15 11:00:00,0.0,0.0,0.0,0.0,0.0,0.0,0.0
303_WIND_1,WIND,2020-07-15 11:00:00,1.0,1.0,1.0,0.0,1.0,0.0,0.0
307_CT_1,THERMAL,2020-07-15 11:00:00,0.0,0.0,0.0,0.0,0.0,0.0,0.0
307_CT_2,THERMAL,2020-07-15 11:00:00,0.0,0.0,0.0,0.0,0.0,0.0,0.0
309_WIND_1,WIND,2020-07-15 11:00:00,1.0,1.0,1.0,0.0,0.0,1.0,0.0
313_CC_1,THERMAL,2020-07-15 11:00:00,-0.18128148742891068,0.18128148742891068,0.09064074383019258,-0.04531647739043576,-0.04532137725017815,-0.045321255164051166,-0.0453223776242456
315_CT_6,THERMAL,2020-07-15 11:00:00,0.0,0.0,0.0,0.0,0.0,0.0,0.0
315_CT_7,THERMAL,2020-07-15 11:00:00,0.0,0.0,0.0,0.0,0.0,0.0,0.0
315_CT_8,THERMAL,2020-07-15 11:00:00,0.0,0.0,0.0,0.0,0.0,0.0,0.0
315_STEAM_1,THERMAL,2020-07-15 11:00:00,0.0,0.0,0.0,0.0,0.0,0.0,0.0
315_STEAM_2,THERMAL,2020-07-15 11:00:00,0.0,0.0,0.0,0.0,0.0,0.0,0.0
315_STEAM_3,THERMAL,2020-07-15 11:00:00,0.0,0.0,0.0,0.0,0.0,0.0,0.0
315_STEAM_4,THERMAL,2020-07-15 11:00:00,0.0,0.0,0.0,0.0,0.0,0.0,0.0
315_STEAM_5,THERMAL,2020-07-15 11:00:00,0.0,0.0,0.0,0.0,0.0,0.0,0.0
316_STEAM_1,THERMAL,2020-07-15 11:00:00,-0.15740841546200918,0.15740841546200918,0.07870420783786775,-0.039348605080204324,-0.03935281268020141,-0.03935319448515351,-0.03935380321644992
317_WIND_1,WIND,2020-07-15 11:00:00,1.0,1.0,1.0,0.0,0.0,0.0,1.0
318_CC_1,THERMAL,2020-07-15 11:00:00,-0.21074507872495496,0.21074507872495496,0.10537253953241475,-0.05268271946153469,-0.05268953472970406,-0.05268391144879914,-0.05268891308491708
321_CC_1,THERMAL,2020-07-15 11:00:00,-0.19297605139256174,0.19297605139256174,0.0964880258246943,-0.04823996607273351,-0.04824476278363843,-0.04824456414715428,-0.04824675838903551
322_CT_5,THERMAL,2020-07-15 11:00:00,0.0,0.0,0.0,0.0,0.0,0.0,0.0
322_CT_6,THERMAL,2020-07-15 11:00:00,-0.0858188587320485,0.0858188587320485,0.0429094294203798,-0.02145288695189651,-0.02145523237671587,-0.02145505503978473,-0.021455684363651386
323_CC_1,THERMAL,2020-07-15 11:00:00,-0.13115373858624124,0.13115373858624124,0.065576902520866,-0.032732466849160424,-0.03280401934640498,-0.0327994809879506,-0.03281777140272524
323_CC_2,THERMAL,2020-07-15 11:00:00,-0.13115373858624124,0.13115373858624124,0.065576902520866,-0.032732466849160424,-0.03280401934640498,-0.0327994809879506,-0.03281777140272524
101_CT_1,THERMAL,2020-07-15 12:00:00,0.0,0.0,0.0,0.0,0.0,0.0,0.0
101_CT_2,THERMAL,2020-07-15 12:00:00,0.0,0.0,0.0,0.0,0.0,0.0,0.0
101_STEAM_3,THERMAL,2020-07-15 12:00:00,0.0828905052574074,0.34146634918119956,0.2001155390512167,0.041131448931451375,-0.045412727082146276,0.1710469782878521,-0.08387519487974979
101_STEAM_4,THERMAL,2020-07-15 12:00:00,-0.12288598758704483,0.341775377936567,0.2052532632952308,-0.05132101456792393,0.03546767378525084,-0.18100966819388198,0.07397702138951023
102_CT_1,THERMAL,2020-07-15 12:00:00,0.0,0.0,0.0,0.0,0.0,0.0,0.0
102_CT_2,THERMAL,2020-07-15 12:00:00,0.0,0.0,0.0,0.0,0.0,0.0,0.0
102_STEAM_3,THERMAL,2020-07-15 12:00:00,-0.07437212709290605,0.07437212709290605,0.03718606359367946,-0.018591442156217663,-0.01859347004776346,-0.018593351936369906,-0.018593862952555017
102_STEAM_4,THERMAL,2020-07-15 12:00:00,-0.07785987703751197,0.07785987703751197,0.0389299385688767,-0.019463290612691364,-0.019465423696867656,-0.01946532771031162,-0.019465835017641334
107_CC_1,THERMAL,2020-07-15 12:00:00,-0.1487274266508759,0.1487274266508759,0.07436371341954592,-0.03717870880710672,-0.03718288003907766,-0.03718229302810627,-0.037183544776585246
113_CT_1,THERMAL,2020-07-15 12:00:00,-1.2878587085651816e-13,1.2878587085651816e-13,1.2878587085651816e-13,0.0,0.0,-1.2878587085651816e-13,0.0
113_CT_2,THERMAL,2020-07-15 12:00:00,0.0,0.0,0.0,0.0,0.0,0.0,0.0
113_CT_3,THERMAL,2020-07-15 12:00:00,0.0,0.0,0.0,0.0,0.0,0.0,0.0
113_CT_4,THERMAL,2020-07-15 12:00:00,0.0,0.0,0.0,0.0,0.0,0.0,0.0
115_STEAM_1,THERMAL,2020-07-15 12:00:00,0.0,0.0,0.0,0.0,0.0,0.0,0.0
115_STEAM_2,THERMAL,2020-07-15 12:00:00,0.0,0.0,0.0,0.0,0.0,0.0,0.0
115_STEAM_3,THERMAL,2020-07-15 12:00:00,-0.10257145967370622,0.10257145967370622,0.05128572990329586,-0.0256406411291914,-0.025643416839533195,-0.025643411281668804,-0.025643990423312824
116_STEAM_1,THERMAL,2020-07-15 12:00:00,-0.10247248274116419,0.10247248274116419,0.051236241435076754,-0.025615991541628524,-0.025618942082895835,-0.025618252121240914,-0.025619296995398916
118_CC_1,THERMAL,2020-07-15 12:00:00,-0.12703058571739662,0.12703058571739662,0.0635152929388546,-0.03175492255349921,-0.031758342539413675,-0.031758326909791634,-0.03175899371469211
122_WIND_1,WIND,2020-07-15 12:00:00,1.0,1.0,1.0,1.0,0.0,0.0,0.0
123_CT_1,THERMAL,2020-07-15 12:00:00,0.0,0.0,0.0,0.0,0.0,0.0,0.0
123_CT_4,THERMAL,2020-07-15 12:00:00,0.0,0.0,0.0,0.0,0.0,0.0,0.0
123_CT_5,THERMAL,2020-07-15 12:00:00,0.0,0.0,0.0,0.0,0.0,0.0,0.0
123_STEAM_2,THERMAL,2020-07-15 12:00:00,-0.11423794966987733,0.11423794966987733,0.05711897490665399,-0.028557043898830514,-0.02856011883581644,-0.028560092398912218,-0.02856069453631816
123_STEAM_3,THERMAL,2020-07-15 12:00:00,-0.13339626238666133,0.13339626238666133,0.06669813127810555,-0.03334620938431909,-0.03334986178715127,-0.03334965123199396,-0.033350539983197
201_CT_1,THERMAL,2020-07-15 12:00:00,0.0,0.0,0.0,0.0,0.0,0.0,0.0
201_CT_2,THERMAL,2020-07-15 12:00:00,0.0,0.0,0.0,0.0,0.0,0.0,0.0
201_STEAM_3,THERMAL,2020-07-15 12:00:00,-0.07664168169420058,0.07664168169420058,0.038320840894988,-0.019158805779873167,-0.01916093179963685,-0.019160661400649204,-0.019161282714041362
202_CT_1,THERMAL,2020-07-15 12:00:00,0.0,0.0,0.0,0.0,0.0,0.0,0.0
202_CT_2,THERMAL,2020-07-15 12:00:00,0.0,0.0,0.0,0.0,0.0,0.0,0.0
202_STEAM_3,THERMAL,2020-07-15 12:00:00,-0.08207223666010505,0.08207223666010505,0.04103611838218458,-0.020516301737088627,-0.020518550253678658,-0.020518421165534484,-0.02051896350380328
202_STEAM_4,THERMAL,2020-07-15 12:00:00,-0.08207223666010505,0.08207223666010505,0.04103611838218458,-0.020516301737088627,-0.020518550253678658,-0.020518421165534484,-0.02051896350380328
207_CT_1,THERMAL,2020-07-15 12:00:00,0.0,0.0,0.0,0.0,0.0,0.0,0.0
207_CT_2,THERMAL,2020-07-15 12:00:00,0.0,0.0,0.0,0.0,0.0,0.0,0.0
212_CSP_1,THERMAL,2020-07-15 12:00:00,-0.1573185895110586,0.1573185895110586,0.07865929485695834,-0.03932624874393209,-0.03933050509456493,-0.03933044764854543,-0.03933138802401616
213_CC_3,THERMAL,2020-07-15 12:00:00,-0.14780510719544143,0.14780510719544143,0.07390255369244816,-0.036948096349791015,-0.03695215088956161,-0.03695194921595757,-0.03695291074013124
213_CT_1,THERMAL,2020-07-15 12:00:00,0.0,0.0,0.0,0.0,0.0,0.0,0.0
213_CT_2,THERMAL,2020-07-15 12:00:00,0.0,0.0,0.0,0.0,0.0,0.0,0.0
215_CT_4,THERMAL,2020-07-15 12:00:00,0.0,0.0,0.0,0.0,0.0,0.0,0.0
215_CT_5,THERMAL,2020-07-15 12:00:00,0.0,0.0,0.0,0.0,0.0,0.0,0.0
216_STEAM_1,THERMAL,2020-07-15 12:00:00,-0.11144142450026956,0.11144142450026956,0.05572071232315803,-0.027857929004210247,-0.02786090421067744,-0.02786099471533987,-0.027861596570042
218_CC_1,THERMAL,2020-07-15 12:00:00,-3.0719394787228707,3.0719394787228707,1.5359697413435436,-0.7679188548112532,-0.7680015926818378,-0.7679986424742644,-0.7680203887555154
221_CC_1,THERMAL,2020-07-15 12:00:00,-0.11731124530815876,0.11731124530815876,0.05865562272815161,-0.02932534214394522,-0.02932866016681679,-0.029328092653379656,-0.029329150344017098
223_CT_4,THERMAL,2020-07-15 12:00:00,0.0,0.0,0.0,0.0,0.0,0.0,0.0
223_CT_5,THERMAL,2020-07-15 12:00:00,0.0,0.0,0.0,0.0,0.0,0.0,0.0
223_CT_6,THERMAL,2020-07-15 12:00:00,0.0,0.0,0.0,0.0,0.0,0.0,0.0
223_STEAM_1,THERMAL,2020-07-15 12:00:00,-0.10835499133730894,0.10835499133730894,0.05417749573671233,-0.027086453774842312,-0.02708940365926349,-0.027089154830855833,-0.02708997907234731
223_STEAM_2,THERMAL,2020-07-15 12:00:00,-0.10835499133730894,0.10835499133730894,0.05417749573671233,-0.027086453774842312,-0.02708940365926349,-0.027089154830855833,-0.02708997907234731
223_STEAM_3,THERMAL,2020-07-15 12:00:00,-0.1245381449013125,0.1245381449013125,0.06226907253061655,-0.031131868220736436,-0.031135206351969202,-0.031135090736924553,-0.031135979591682305
301_CT_1,THERMAL,2020-07-15 12:00:00,0.0,0.0,0.0,0.0,0.0,0.0,0.0
301_CT_2,THERMAL,2020-07-15 12:00:00,0.0,0.0,0.0,0.0,0.0,0.0,0.0
301_CT_3,THERMAL,2020-07-15 12:00:00,0.0,0.0,0.0,0.0,0.0,0.0,0.0
301_CT_4,THERMAL,2020-07-15 12:00:00,0.0,0.0,0.0,0.0,0.0,0.0,0.0
302_CT_1,THERMAL,2020-07-15 12:00:00,0.0,0.0,0.0,0.0,0.0,0.0,0.0
302_CT_2,THERMAL,2020-07-15 12:00:00,0.0,0.0,0.0,0.0,0.0,0.0,0.0
302_CT_3,THERMAL,2020-07-15 12:00:00,0.0,0.0,0.0,0.0,0.0,0.0,0.0
302_CT_4,THERMAL,2020-07-15 12:00:00,0.0,0.0,0.0,0.0,0.0,0.0,0.0
303_WIND_1,WIND,2020-07-15 12:00:00,1.0,1.0,1.0,0.0,1.0,0.0,0.0
307_CT_1,THERMAL,2020-07-15 12:00:00,0.0,0.0,0.0,0.0,0.0,0.0,0.0
307_CT_2,THERMAL,2020-07-15 12:00:00,0.0,0.0,0.0,0.0,0.0,0.0,0.0
309_WIND_1,WIND,2020-07-15 12:00:00,1.0,1.0,1.0,0.0,0.0,1.0,0.0
313_CC_1,THERMAL,2020-07-15 12:00:00,-0.12450960078927105,0.12450960078927105,0.06225480047368136,-0.031124736086051374,-0.03112812809489718,-0.0311279558845996,-0.031128780723722896
315_CT_6,THERMAL,2020-07-15 12:00:00,0.0,0.0,0.0,0.0,0.0,0.0,0.0
315_CT_7,THERMAL,2020-07-15 12:00:00,0.0,0.0,0.0,0.0,0.0,0.0,0.0
315_CT_8,THERMAL,2020-07-15 12:00:00,0.0,0.0,0.0,0.0,0.0,0.0,0.0
315_STEAM_1,THERMAL,2020-07-15 12:00:00,0.0,0.0,0.0,0.0,0.0,0.0,0.0
315_STEAM_2,THERMAL,2020-07-15 12:00:00,0.0,0.0,0.0,0.0,0.0,0.0,0.0
315_STEAM_3,THERMAL,2020-07-15 12:00:00,0.0,0.0,0.0,0.0,0.0,0.0,0.0
315_STEAM_4,THERMAL,2020-07-15 12:00:00,0.0,0.0,0.0,0.0,0.0,0.0,0.0
315_STEAM_5,THERMAL,2020-07-15 12:00:00,0.0,0.0,0.0,0.0,0.0,0.0,0.0
316_STEAM_1,THERMAL,2020-07-15 12:00:00,-0.10703522889206418,0.10703522889206418,0.0535176145159471,-0.02675648000261499,-0.026759343601850283,-0.026759405864927643,-0.02675999942267126
317_WIND_1,WIND,2020-07-15 12:00:00,1.0,1.0,1.0,0.0,0.0,0.0,1.0
318_CC_1,THERMAL,2020-07-15 12:00:00,-0.19892321132128066,0.19892321132128066,0.09946160579940225,-0.04972634872503878,-0.04973145451458194,-0.04973246949793264,-0.04973293858372728
321_CC_1,THERMAL,2020-07-15 12:00:00,-0.11545726932300998,0.11545726932300998,0.0577286347343548,-0.028861889648420735,-0.028865157691269516,-0.028864585921837715,-0.028865636061482017
322_CT_5,THERMAL,2020-07-15 12:00:00,0.0,0.0,0.0,0.0,0.0,0.0,0.0
322_CT_6,THERMAL,2020-07-15 12:00:00,-0.06813354742457307,0.06813354742457307,0.03406677375630246,-0.01703191369499485,-0.017033757886673495,-0.01703373329017399,-0.017034142552730735
323_CC_1,THERMAL,2020-07-15 12:00:00,1.0873140797417442,1.0873140797417442,0.6841036519465407,0.13190632182341577,0.07743089865318531,0.611007762994884,0.26696909627025905
323_CC_2,THERMAL,2020-07-15 12:00:00,0.6352585591378975,0.9960089294835889,0.5228199578082937,0.29880551813128164,0.3531903113225141,-0.18037518517284568,0.16363791485694745
101_CT_1,THERMAL,2020-07-15 13:00:00,0.0,0.0,0.0,0.0,0.0,0.0,0.0
101_CT_2,THERMAL,2020-07-15 13:00:00,0.0,0.0,0.0,0.0,0.0,0.0,0.0
101_STEAM_3,THERMAL,2020-07-15 13:00:00,0.6911571288904734,1.4864242794347065,0.9021351609146685,-0.13757130126705186,0.28501435766371497,0.803776346498875,-0.2600622740050646
101_STEAM_4,THERMAL,2020-07-15 13:00:00,-0.753012836420774,1.4862446955945008,0.9143805083596939,0.12191714338257453,-0.30042457845107595,-0.8192041875565614,0.24469878620428887
102_CT_1,THERMAL,2020-07-15 13:00:00,0.0,0.0,0.0,0.0,0.0,0.0,0.0
102_CT_2,THERMAL,2020-07-15 13:00:00,0.0,0.0,0.0,0.0,0.0,0.0,0.0
102_STEAM_3,THERMAL,2020-07-15 13:00:00,-0.12574530215968788,0.12574530215968788,0.06287265116037631,-0.031433624360535095,-0.031437049066931344,-0.03143689534793559,-0.03143773338428585
102_STEAM_4,THERMAL,2020-07-15 13:00:00,-0.1186603433824483,0.1186603433824483,0.05933017176642134,-0.029662553792212165,-0.029665612601450064,-0.029665754168053837,-0.029666422820732233
107_CC_1,THERMAL,2020-07-15 13:00:00,-0.3905472883955593,0.3905472883955593,0.19527364538306938,-0.09763328935652194,-0.09764914210995812,-0.09762102581781562,-0.09764383111126362
113_CT_1,THERMAL,2020-07-15 13:00:00,-7.949196856316121e-14,4.072298054325074e-13,2.9338974717825816e-13,0.0,1.638689184346731e-13,-2.433608869978343e-13,0.0
113_CT_2,THERMAL,2020-07-15 13:00:00,0.0,0.0,0.0,0.0,0.0,0.0,0.0
113_CT_3,THERMAL,2020-07-15 13:00:00,0.0,0.0,0.0,0.0,0.0,0.0,0.0
113_CT_4,THERMAL,2020-07-15 13:00:00,0.0,0.0,0.0,0.0,0.0,0.0,0.0
115_STEAM_1,THERMAL,2020-07-15 13:00:00,0.0,0.0,0.0,0.0,0.0,0.0,0.0
115_STEAM_2,THERMAL,2020-07-15 13:00:00,0.0,0.0,0.0,0.0,0.0,0.0,0.0
115_STEAM_3,THERMAL,2020-07-15 13:00:00,-0.15148976096246472,0.15148976096246472,0.0757448805749401,-0.03786928677512735,-0.03787346509223788,-0.037872820589228695,-0.0378741885058708
116_STEAM_1,THERMAL,2020-07-15 13:00:00,-0.17232179499108144,0.17232179499108144,0.0861608976062284,-0.04307673889162089,-0.043081422711782835,-0.04308126004772461,-0.0430823733399531
118_CC_1,THERMAL,2020-07-15 13:00:00,-0.18114838134921069,0.18114838134921069,0.09057419078898796,-0.045283256165403074,-0.04528819568044895,-0.045287750735980126,-0.04528917876737854
122_WIND_1,WIND,2020-07-15 13:00:00,1.0,1.0,1.0,1.0,0.0,0.0,0.0
123_CT_1,THERMAL,2020-07-15 13:00:00,-6.217248937900877e-14,2.753353101070388e-13,1.995932757225581e-13,0.0,1.0658141036401503e-13,-1.687538997430238e-13,0.0
123_CT_4,THERMAL,2020-07-15 13:00:00,0.0,0.0,0.0,0.0,0.0,0.0,0.0
123_CT_5,THERMAL,2020-07-15 13:00:00,0.0,0.0,0.0,0.0,0.0,0.0,0.0
123_STEAM_2,THERMAL,2020-07-15 13:00:00,-0.1570756446479108,0.1570756446479108,0.07853782241790297,-0.039265681811047504,-0.039269794191277185,-0.03926945352410982,-0.03927071512147629
123_STEAM_3,THERMAL,2020-07-15 13:00:00,-0.23889439110820143,0.23889439110820143,0.11944719572581407,-0.05971816908880534,-0.0597243512597565,-0.0597257707731913,-0.059726099986448296
201_CT_1,THERMAL,2020-07-15 13:00:00,0.0,0.0,0.0,0.0,0.0,0.0,0.0
201_CT_2,THERMAL,2020-07-15 13:00:00,0.0,0.0,0.0,0.0,0.0,0.0,0.0
201_STEAM_3,THERMAL,2020-07-15 13:00:00,-0.12323322680885368,0.12323322680885368,0.06161661347979606,-0.030805741128743014,-0.030809030763522927,-0.030808734519801817,-0.030809720396785922
202_CT_1,THERMAL,2020-07-15 13:00:00,0.0,0.0,0.0,0.0,0.0,0.0,0.0
202_CT_2,THERMAL,2020-07-15 13:00:00,0.0,0.0,0.0,0.0,0.0,0.0,0.0
202_STEAM_3,THERMAL,2020-07-15 13:00:00,-0.12140799942737004,0.12140799942737004,0.06070399978943643,-0.03034944564244957,-0.03035279523786727,-0.03035238256598305,-0.030353375981070158
202_STEAM_4,THERMAL,2020-07-15 13:00:00,-0.12140799942737004,0.12140799942737004,0.06070399978943643,-0.03034944564244957,-0.03035279523786727,-0.03035238256598305,-0.030353375981070158
207_CT_1,THERMAL,2020-07-15 13:00:00,0.0,0.0,0.0,0.0,0.0,0.0,0.0
207_CT_2,THERMAL,2020-07-15 13:00:00,0.0,0.0,0.0,0.0,0.0,0.0,0.0
212_CSP_1,THERMAL,2020-07-15 13:00:00,-0.2118911350091227,0.2118911350091227,0.10594556763885686,-0.0529682663158999,-0.052974070550227736,-0.052973632771362134,-0.05297516537163294
213_CC_3,THERMAL,2020-07-15 13:00:00,-0.35725266483364115,0.35725266483364115,0.17862633392836477,-0.08931089419550453,-0.08932631004374869,-0.08929542211937758,-0.08932003847501037
213_CT_1,THERMAL,2020-07-15 13:00:00,0.0,0.0,0.0,0.0,0.0,0.0,0.0
213_CT_2,THERMAL,2020-07-15 13:00:00,0.0,0.0,0.0,0.0,0.0,0.0,0.0
215_CT_4,THERMAL,2020-07-15 13:00:00,0.0,0.0,0.0,0.0,0.0,0.0,0.0
215_CT_5,THERMAL,2020-07-15 13:00:00,0.0,0.0,0.0,0.0,0.0,0.0,0.0
216_STEAM_1,THERMAL,2020-07-15 13:00:00,-0.1571916280458741,0.1571916280458741,0.07859581412267777,-0.03929455010313809,-0.03929856260285902,-0.03929885071929817,-0.03929966462057881
218_CC_1,THERMAL,2020-07-15 13:00:00,-0.27707703147759016,0.27707703147759016,0.13853851602330647,-0.06926229388962923,-0.06926882103702425,-0.06927413252415704,-0.06927178402677965
221_CC_1,THERMAL,2020-07-15 13:00:00,-0.36782728445407364,0.36782728445407364,0.18391364410302763,-0.09195501332498957,-0.09197152848187429,-0.09193645611161116,-0.09196428653559861
223_CT_4,THERMAL,2020-07-15 13:00:00,-6.217248937900877e-14,2.753353101070388e-13,1.995932757225581e-13,0.0,1.0658141036401503e-13,-1.687538997430238e-13,0.0
223_CT_5,THERMAL,2020-07-15 13:00:00,0.0,0.0,0.0,0.0,0.0,0.0,0.0
223_CT_6,THERMAL,2020-07-15 13:00:00,0.0,0.0,0.0,0.0,0.0,0.0,0.0
223_STEAM_1,THERMAL,2020-07-15 13:00:00,-0.16231254338153345,0.16231254338153345,0.08115627179120316,-0.04057476396131454,-0.0405793446291316,-0.04057846512242946,-0.04057996966865786
223_STEAM_2,THERMAL,2020-07-15 13:00:00,-0.16231254338153345,0.16231254338153345,0.08115627179120316,-0.04057476396131454,-0.0405793446291316,-0.04057846512242946,-0.04057996966865786
223_STEAM_3,THERMAL,2020-07-15 13:00:00,-0.2046171561909167,0.2046171561909167,0.1023085782208603,-0.05115008105758179,-0.05115561167452043,-0.051154721727947106,-0.05115674173086737
301_CT_1,THERMAL,2020-07-15 13:00:00,0.0,0.0,0.0,0.0,0.0,0.0,0.0
301_CT_2,THERMAL,2020-07-15 13:00:00,0.0,0.0,0.0,0.0,0.0,0.0,0.0
301_CT_3,THERMAL,2020-07-15 13:00:00,0.0,0.0,0.0,0.0,0.0,0.0,0.0
301_CT_4,THERMAL,2020-07-15 13:00:00,0.0,0.0,0.0,0.0,0.0,0.0,0.0
302_CT_1,THERMAL,2020-07-15 13:00:00,0.0,0.0,0.0,0.0,0.0,0.0,0.0
302_CT_2,THERMAL,2020-07-15 13:00:00,0.0,0.0,0.0,0.0,0.0,0.0,0.0
302_CT_3,THERMAL,2020-07-15 13:00:00,0.0,0.0,0.0,0.0,0.0,0.0,0.0
302_CT_4,THERMAL,2020-07-15 13:00:00,0.0,0.0,0.0,0.0,0.0,0.0,0.0
303_WIND_1,WIND,2020-07-15 13:00:00,1.0,1.0,1.0,0.0,1.0,0.0,0.0
307_CT_1,THERMAL,2020-07-15 13:00:00,0.0,0.0,0.0,0.0,0.0,0.0,0.0
307_CT_2,THERMAL,2020-07-15 13:00:00,0.0,0.0,0.0,0.0,0.0,0.0,0.0
309_WIND_1,WIND,2020-07-15 13:00:00,1.0,1.0,1.0,0.0,0.0,1.0,0.0
313_CC_1,THERMAL,2020-07-15 13:00:00,-0.25349845112717284,0.25349845112717284,0.12674922572799183,-0.06336942426229619,-0.06337633218344862,-0.06337464703906903,-0.06337804764235896
315_CT_6,THERMAL,2020-07-15 13:00:00,-6.217248937900877e-14,2.753353101070388e-13,1.995932757225581e-13,0.0,1.0658141036401503e-13,-1.687538997430238e-13,0.0
315_CT_7,THERMAL,2020-07-15 13:00:00,0.0,0.0,0.0,0.0,0.0,0.0,0.0
315_CT_8,THERMAL,2020-07-15 13:00:00,0.0,0.0,0.0,0.0,0.0,0.0,0.0
315_STEAM_1,THERMAL,2020-07-15 13:00:00,0.0,0.0,0.0,0.0,0.0,0.0,0.0
315_STEAM_2,THERMAL,2020-07-15 13:00:00,0.0,0.0,0.0,0.0,0.0,0.0,0.0
315_STEAM_3,THERMAL,2020-07-15 13:00:00,0.0,0.0,0.0,0.0,0.0,0.0,0.0
315_STEAM_4,THERMAL,2020-07-15 13:00:00,0.0,0.0,0.0,0.0,0.0,0.0,0.0
315_STEAM_5,THERMAL,2020-07-15 13:00:00,0.0,0.0,0.0,0.0,0.0,0.0,0.0
316_STEAM_1,THERMAL,2020-07-15 13:00:00,-0.17384968027669762,0.17384968027669762,0.08692484026759797,-0.043458501129701066,-0.04346257418324839,-0.04346432628278052,-0.04346427868096764
317_WIND_1,WIND,2020-07-15 13:00:00,1.0,1.0,1.0,0.0,0.0,0.0,1.0
318_CC_1,THERMAL,2020-07-15 13:00:00,-0.28076701253954456,0.28076701253954456,0.14038350838692334,-0.07018731358014652,-0.07020017090220065,-0.07017401689173397,-0.07020551116546342
321_CC_1,THERMAL,2020-07-15 13:00:00,-0.22480257785913477,0.22480257785913477,0.11240128912686519,-0.05619537249842299,-0.05620026594323946,-0.05620394517677596,-0.056202994240696365
322_CT_5,THERMAL,2020-07-15 13:00:00,0.0,0.0,0.0,0.0,0.0,0.0,0.0
322_CT_6,THERMAL,2020-07-15 13:00:00,-0.10489316520144304,0.10489316520144304,0.05244658266556521,-0.026221114714681137,-0.02622404360655617,-0.02622351156423086,-0.02622449531597488
323_CC_1,THERMAL,2020-07-15 13:00:00,0.17405758757296927,0.20920257040220133,0.1307714466277439,-0.01757249141461603,0.10823364872079466,0.013410640188219247,0.06998579007857139
323_CC_2,THERMAL,2020-07-15 13:00:00,0.7280231263961504,0.7280231263961504,0.376880637205464,0.2431962349486403,0.11729720648634867,0.21202202469923037,0.1555076602619311
101_CT_1,THERMAL,2020-07-15 14:00:00,0.0,0.0,0.0,0.0,0.0,0.0,0.0
101_CT_2,THERMAL,2020-07-15 14:00:00,0.0,0.0,0.0,0.0,0.0,0.0,0.0
101_STEAM_3,THERMAL,2020-07-15 14:00:00,-0.28420282270060154,0.6303469861218156,0.38242896814628946,0.05536023563490433,-0.11732502662069111,-0.33994987779051744,0.11771184607570268
101_STEAM_4,THERMAL,2020-07-15 14:00:00,0.20781840958937098,0.6305263302139603,0.36998760379758766,-0.07464629012336921,0.09828247117243927,0.32088989872922635,-0.13670767018892543
102_CT_1,THERMAL,2020-07-15 14:00:00,0.0,0.0,0.0,0.0,0.0,0.0,0.0
102_CT_2,THERMAL,2020-07-15 14:00:00,0.0,0.0,0.0,0.0,0.0,0.0,0.0
102_STEAM_3,THERMAL,2020-07-15 14:00:00,-0.08948099655360714,0.08948099655360714,0.044740498332743,-0.02236840519792338,-0.022370849803668325,-0.022370385114618863,-0.022371356437396572
102_STEAM_4,THERMAL,2020-07-15 14:00:00,-0.09558021058141254,0.09558021058141254,0.047790105351155264,-0.023893009631752893,-0.023895634628892104,-0.023895468665654285,-0.023896097655113257
107_CC_1,THERMAL,2020-07-15 14:00:00,-0.18004327424871636,0.18004327424871636,0.09002163724098426,-0.04500687594898345,-0.04501184105637179,-0.0450120098257365,-0.0450125474176246
113_CT_1,THERMAL,2020-07-15 14:00:00,0.0,0.0,0.0,0.0,0.0,0.0,0.0
113_CT_2,THERMAL,2020-07-15 14:00:00,0.0,0.0,0.0,0.0,0.0,0.0,0.0
113_CT_3,THERMAL,2020-07-15 14:00:00,0.0,0.0,0.0,0.0,0.0,0.0,0.0
113_CT_4,THERMAL,2020-07-15 14:00:00,0.0,0.0,0.0,0.0,0.0,0.0,0.0
115_STEAM_1,THERMAL,2020-07-15 14:00:00,0.0,0.0,0.0,0.0,0.0,0.0,0.0
115_STEAM_2,THERMAL,2020-07-15 14:00:00,0.0,0.0,0.0,0.0,0.0,0.0,0.0
115_STEAM_3,THERMAL,2020-07-15 14:00:00,-0.12523950934271172,0.12523950934271172,0.06261975475102867,-0.03130718969848667,-0.03131064401820138,-0.03131043659375443,-0.031311239032269234
116_STEAM_1,THERMAL,2020-07-15 14:00:00,-0.15610092405421175,0.15610092405421175,0.07805046212822017,-0.039022080288233285,-0.03902632109019022,-0.03902513316204548,-0.03902738951374276
118_CC_1,THERMAL,2020-07-15 14:00:00,-0.1644844031636752,0.1644844031636752,0.08224220169282921,-0.04111756867186234,-0.04112217667219742,-0.04112143268176638,-0.041123225137849086
122_WIND_1,WIND,2020-07-15 14:00:00,1.0,1.0,1.0,1.0,0.0,0.0,0.0
123_CT_1,THERMAL,2020-07-15 14:00:00,0.0,0.0,0.0,0.0,0.0,0.0,0.0
123_CT_4,THERMAL,2020-07-15 14:00:00,0.0,0.0,0.0,0.0,0.0,0.0,0.0
123_CT_5,THERMAL,2020-07-15 14:00:00,0.0,0.0,0.0,0.0,0.0,0.0,0.0
123_STEAM_2,THERMAL,2020-07-15 14:00:00,-0.15588766938742124,0.15588766938742124,0.07794383479346398,-0.0389687274077446,-0.03897296807073225,-0.03897199134740781,-0.03897398256153658
123_STEAM_3,THERMAL,2020-07-15 14:00:00,-0.1829491185341142,0.1829491185341142,0.09147455938366567,-0.045733378871415375,-0.04573862618215507,-0.04573783483495575,-0.045739278645588
201_CT_1,THERMAL,2020-07-15 14:00:00,0.0,0.0,0.0,0.0,0.0,0.0,0.0
201_CT_2,THERMAL,2020-07-15 14:00:00,0.0,0.0,0.0,0.0,0.0,0.0,0.0
201_STEAM_3,THERMAL,2020-07-15 14:00:00,-0.10544336137033511,0.10544336137033511,0.05272168075333167,-0.02635859948114383,-0.026361748740265645,-0.026361030613817782,-0.026361982535107853
202_CT_1,THERMAL,2020-07-15 14:00:00,2.248201624865942e-15,2.248201624865942e-15,1.3724283171119418e-15,5.273559366969494e-16,6.106226635438361e-16,1.1102230246251565e-15,0.0
202_CT_2,THERMAL,2020-07-15 14:00:00,0.0,0.0,0.0,0.0,0.0,0.0,0.0
202_STEAM_3,THERMAL,2020-07-15 14:00:00,-0.11059263051863844,0.11059263051863844,0.05529631532941005,-0.02764575872077446,-0.027648780686303276,-0.027648919578032505,-0.027649171533528187
202_STEAM_4,THERMAL,2020-07-15 14:00:00,-0.09425779778997509,0.09425779778997509,0.04712889895481033,-0.023562435058498754,-0.023565020903516976,-0.023564844255863804,-0.023565497572095556
207_CT_1,THERMAL,2020-07-15 14:00:00,0.0,0.0,0.0,0.0,0.0,0.0,0.0
207_CT_2,THERMAL,2020-07-15 14:00:00,0.0,0.0,0.0,0.0,0.0,0.0,0.0
212_CSP_1,THERMAL,2020-07-15 14:00:00,-0.18089158657919202,0.18089158657919202,0.09044579341935477,-0.04521878161802295,-0.04522349651934032,-0.045224633907150036,-0.04522467453467871
213_CC_3,THERMAL,2020-07-15 14:00:00,-0.1802906712817936,0.1802906712817936,0.0901453357773555,-0.045068479943654705,-0.045073538305708816,-0.04507496040509551,-0.045073692627334586
213_CT_1,THERMAL,2020-07-15 14:00:00,0.0,0.0,0.0,0.0,0.0,0.0,0.0
213_CT_2,THERMAL,2020-07-15 14:00:00,0.0,0.0,0.0,0.0,0.0,0.0,0.0
215_CT_4,THERMAL,2020-07-15 14:00:00,0.0,0.0,0.0,0.0,0.0,0.0,0.0
215_CT_5,THERMAL,2020-07-15 14:00:00,0.0,0.0,0.0,0.0,0.0,0.0,0.0
216_STEAM_1,THERMAL,2020-07-15 14:00:00,-0.15589925320760428,0.15589925320760428,0.07794962670495385,-0.038971673726988953,-0.03897590910077797,-0.0389746899258725,-0.03897698045396485
218_CC_1,THERMAL,2020-07-15 14:00:00,-0.18111723335883886,0.18111723335883886,0.09055861679585996,-0.04527564222419489,-0.04528054527761238,-0.04527926425565809,-0.0452817816013735
221_CC_1,THERMAL,2020-07-15 14:00:00,-0.1795567956659165,0.1795567956659165,0.08977839795642484,-0.044885149091596244,-0.04489014085283216,-0.044890913253308184,-0.044890592468179925
223_CT_4,THERMAL,2020-07-15 14:00:00,0.0,0.0,0.0,0.0,0.0,0.0,0.0
223_CT_5,THERMAL,2020-07-15 14:00:00,0.0,0.0,0.0,0.0,0.0,0.0,0.0
223_CT_6,THERMAL,2020-07-15 14:00:00,0.0,0.0,0.0,0.0,0.0,0.0,0.0
223_STEAM_1,THERMAL,2020-07-15 14:00:00,-0.1288531681175536,0.1288531681175536,0.06442658414057106,-0.0322105216469315,-0.03221407653344155,-0.032213912726914984,-0.03221465721026557
223_STEAM_2,THERMAL,2020-07-15 14:00:00,-0.1288531681175536,0.1288531681175536,0.06442658414057106,-0.0322105216469315,-0.03221407653344155,-0.032213912726914984,-0.03221465721026557
223_STEAM_3,THERMAL,2020-07-15 14:00:00,-0.16038266636665627,0.16038266636665627,0.0801913332865983,-0.04009217803720766,-0.04009661840358447,-0.040096568047299996,-0.040097301878564154
301_CT_1,THERMAL,2020-07-15 14:00:00,0.0,0.0,0.0,0.0,0.0,0.0,0.0
301_CT_2,THERMAL,2020-07-15 14:00:00,0.0,0.0,0.0,0.0,0.0,0.0,0.0
301_CT_3,THERMAL,2020-07-15 14:00:00,0.0,0.0,0.0,0.0,0.0,0.0,0.0
301_CT_4,THERMAL,2020-07-15 14:00:00,0.0,0.0,0.0,0.0,0.0,0.0,0.0
302_CT_1,THERMAL,2020-07-15 14:00:00,0.0,0.0,0.0,0.0,0.0,0.0,0.0
302_CT_2,THERMAL,2020-07-15 14:00:00,0.0,0.0,0.0,0.0,0.0,0.0,0.0
302_CT_3,THERMAL,2020-07-15 14:00:00,0.0,0.0,0.0,0.0,0.0,0.0,0.0
302_CT_4,THERMAL,2020-07-15 14:00:00,0.0,0.0,0.0,0.0,0.0,0.0,0.0
303_WIND_1,WIND,2020-07-15 14:00:00,1.0,1.0,1.0,0.0,1.0,0.0,0.0
307_CT_1,THERMAL,2020-07-15 14:00:00,0.0,0.0,0.0,0.0,0.0,0.0,0.0
307_CT_2,THERMAL,2020-07-15 14:00:00,0.0,0.0,0.0,0.0,0.0,0.0,0.0
309_WIND_1,WIND,2020-07-15 14:00:00,1.0,1.0,1.0,0.0,0.0,1.0,0.0
313_CC_1,THERMAL,2020-07-15 14:00:00,-0.1480191225147152,0.1480191225147152,0.07400956135092654,-0.03700161957106829,-0.03700567740337135,-0.037005417788417816,-0.03700640775185773
315_CT_6,THERMAL,2020-07-15 14:00:00,-0.11075444496505997,0.11075444496505997,0.05537722254676456,-0.02768637027269775,-0.027689635825604665,-0.02768883036028923,-0.027689608506468334
315_CT_7,THERMAL,2020-07-15 14:00:00,-0.11077970277720794,0.11077970277720794,0.055389851452851656,-0.02769268427650014,-0.02769595068558319,-0.027695144721026865,-0.027695923094097748
315_CT_8,THERMAL,2020-07-15 14:00:00,0.0,0.0,0.0,0.0,0.0,0.0,0.0
315_STEAM_1,THERMAL,2020-07-15 14:00:00,0.0,0.0,0.0,0.0,0.0,0.0,0.0
315_STEAM_2,THERMAL,2020-07-15 14:00:00,0.0,0.0,0.0,0.0,0.0,0.0,0.0
315_STEAM_3,THERMAL,2020-07-15 14:00:00,0.0,0.0,0.0,0.0,0.0,0.0,0.0
315_STEAM_4,THERMAL,2020-07-15 14:00:00,0.0,0.0,0.0,0.0,0.0,0.0,0.0
315_STEAM_5,THERMAL,2020-07-15 14:00:00,0.0,0.0,0.0,0.0,0.0,0.0,0.0
316_STEAM_1,THERMAL,2020-07-15 14:00:00,-0.13361052371177012,0.13361052371177012,0.06680526194266175,-0.033399726003713104,-0.03340347101006946,-0.03340326449575848,-0.033404062202229086
317_WIND_1,WIND,2020-07-15 14:00:00,1.0,1.0,1.0,0.0,0.0,0.0,1.0
318_CC_1,THERMAL,2020-07-15 14:00:00,-0.1696674022738031,0.1696674022738031,0.08483370127583217,-0.04241275788206833,-0.042418020609773954,-0.04241754312775825,-0.04241908065420255
321_CC_1,THERMAL,2020-07-15 14:00:00,-0.16441651006037694,0.16441651006037694,0.08220825514125617,-0.041100599108456315,-0.04110520366831949,-0.04110444621939635,-0.04110626106420477
322_CT_5,THERMAL,2020-07-15 14:00:00,0.0,0.0,0.0,0.0,0.0,0.0,0.0
322_CT_6,THERMAL,2020-07-15 14:00:00,-0.09361204211689086,0.09361204211689086,0.046806021121208026,-0.02340094206772353,-0.023403617466773996,-0.023403458093339324,-0.023404024489054022
323_CC_1,THERMAL,2020-07-15 14:00:00,-0.10194237483066895,0.1123173300084215,0.06686933090279729,-0.01969593047989182,-0.054541065120038645,0.005187477588876277,-0.03289285681961476
323_CC_2,THERMAL,2020-07-15 14:00:00,-0.13490902539816918,0.13490902539816918,0.08013073395216115,-0.03940633893702916,-0.004701789382992594,-0.0644210517996413,-0.026379845278506123
101_CT_1,THERMAL,2020-07-15 15:00:00,0.0,0.0,0.0,0.0,0.0,0.0,0.0
101_CT_2,THERMAL,2020-07-15 15:00:00,0.0,0.0,0.0,0.0,0.0,0.0,0.0
101_STEAM_3,THERMAL,2020-07-15 15:00:00,-0.059388061411620965,0.13202693091972323,0.09820400074353682,0.012807825027535802,0.01642820584307969,-0.09570749616567209,0.007083403883435634
101_STEAM_4,THERMAL,2020-07-15 15:00:00,0.014563691184345438,0.1545111175272915,0.09393580877077332,-0.02420318508667285,-0.027580934669672263,0.08453740435581847,-0.018189593415127915
102_CT_1,THERMAL,2020-07-15 15:00:00,0.0,0.0,0.0,0.0,0.0,0.0,0.0
102_CT_2,THERMAL,2020-07-15 15:00:00,0.03127283101359106,0.03127283101359106,0.01563645823462323,0.007849171952461417,0.007809526997958616,0.007812252981192036,0.007801879081978988
102_STEAM_3,THERMAL,2020-07-15 15:00:00,-0.0767755116671687,0.0767755116671687,0.038387756002530464,-0.019190827468998972,-0.01919473591069193,-0.019194461253998485,-0.01919548703347932
102_STEAM_4,THERMAL,2020-07-15 15:00:00,-0.07414026885868791,0.07414026885868791,0.037070134592502337,-0.018532121153932768,-0.0185358946275474,-0.018535632379773626,-0.018536620697434114
107_CC_1,THERMAL,2020-07-15 15:00:00,-0.20155127551177487,0.20155127551177487,0.10077563819919794,-0.05037981285479609,-0.050390072373427186,-0.05038934804100048,-0.0503920422425511
113_CT_1,THERMAL,2020-07-15 15:00:00,0.0,0.0,0.0,0.0,0.0,0.0,0.0
113_CT_2,THERMAL,2020-07-15 15:00:00,0.0,0.0,0.0,0.0,0.0,0.0,0.0
113_CT_3,THERMAL,2020-07-15 15:00:00,0.0,0.0,0.0,0.0,0.0,0.0,0.0
113_CT_4,THERMAL,2020-07-15 15:00:00,0.0,0.0,0.0,0.0,0.0,0.0,0.0
115_STEAM_1,THERMAL,2020-07-15 15:00:00,0.0,0.0,0.0,0.0,0.0,0.0,0.0
115_STEAM_2,THERMAL,2020-07-15 15:00:00,0.0,0.0,0.0,0.0,0.0,0.0,0.0
115_STEAM_3,THERMAL,2020-07-15 15:00:00,-0.11972523946211272,0.11972523946211272,0.05986261999480754,-0.029926553363201824,-0.029932648683501872,-0.029932206106356496,-0.029933831309052528
116_STEAM_1,THERMAL,2020-07-15 15:00:00,-0.11970174949219298,0.11970174949219298,0.059850875009802254,-0.02992068167476869,-0.029926775691635932,-0.029926333955388795,-0.029927958170399553
118_CC_1,THERMAL,2020-07-15 15:00:00,-0.16576392228873937,0.16576392228873937,0.08288196150941508,-0.04143439137328331,-0.04144282820667833,-0.04144224707970956,-0.041444455629068164
122_WIND_1,WIND,2020-07-15 15:00:00,1.0,1.0,1.0,1.0,0.0,0.0,0.0
123_CT_1,THERMAL,2020-07-15 15:00:00,0.0,0.0,0.0,0.0,0.0,0.0,0.0
123_CT_4,THERMAL,2020-07-15 15:00:00,0.0,0.0,0.0,0.0,0.0,0.0,0.0
123_CT_5,THERMAL,2020-07-15 15:00:00,0.0,0.0,0.0,0.0,0.0,0.0,0.0
123_STEAM_2,THERMAL,2020-07-15 15:00:00,-0.17972243925255563,0.17972243925255563,0.08986122001783133,-0.04492351620189727,-0.04493269449258053,-0.04493185709054437,-0.04493437146753345
123_STEAM_3,THERMAL,2020-07-15 15:00:00,-0.18661843387554,0.18661843387554,0.09330921734998741,-0.046647172835649675,-0.04665666451156003,-0.046656085536291414,-0.04665851099203887
201_CT_1,THERMAL,2020-07-15 15:00:00,0.0,0.0,0.0,0.0,0.0,0.0,0.0
201_CT_2,THERMAL,2020-07-15 15:00:00,-0.02940802873424018,0.02940802873424018,0.014704014431691795,-0.007350840829983635,-0.0073523391097390645,-0.007352224101979443,-0.007352624692538034
201_STEAM_3,THERMAL,2020-07-15 15:00:00,-0.07009264815821989,0.07009264815821989,0.03504632423335092,-0.017520377114363606,-0.017523945082622894,-0.01752369477782323,-0.017524631183410168
202_CT_1,THERMAL,2020-07-15 15:00:00,0.0,0.0,0.0,0.0,0.0,0.0,0.0
202_CT_2,THERMAL,2020-07-15 15:00:00,-0.029013023381754578,0.029013023381754578,0.014506511754665654,-0.007252103276448235,-0.007253580159228071,-0.007253477495356986,-0.007253862450721285
202_STEAM_3,THERMAL,2020-07-15 15:00:00,-0.0699227174563807,0.0699227174563807,0.034961358882036796,-0.01747790171611663,-0.017481461198219306,-0.017481208692230243,-0.017482145849814525
202_STEAM_4,THERMAL,2020-07-15 15:00:00,-0.0699227174563807,0.0699227174563807,0.034961358882036796,-0.01747790171611663,-0.017481461198219306,-0.017481208692230243,-0.017482145849814525
207_CT_1,THERMAL,2020-07-15 15:00:00,0.0,0.0,0.0,0.0,0.0,0.0,0.0
207_CT_2,THERMAL,2020-07-15 15:00:00,0.0,0.0,0.0,0.0,0.0,0.0,0.0
212_CSP_1,THERMAL,2020-07-15 15:00:00,-0.21065258174611523,0.21065258174611523,0.1053262913379155,-0.05265475761975247,-0.05266546996622745,-0.052664801783313564,-0.05266755237682175
213_CC_3,THERMAL,2020-07-15 15:00:00,-0.16689631343872802,0.16689631343872802,0.08344815708669806,-0.04171744616106321,-0.04172594066478119,-0.041725350535219086,-0.041727576077664516
213_CT_1,THERMAL,2020-07-15 15:00:00,0.0,0.0,0.0,0.0,0.0,0.0,0.0
213_CT_2,THERMAL,2020-07-15 15:00:00,0.0,0.0,0.0,0.0,0.0,0.0,0.0
215_CT_4,THERMAL,2020-07-15 15:00:00,0.0,0.0,0.0,0.0,0.0,0.0,0.0
215_CT_5,THERMAL,2020-07-15 15:00:00,0.0,0.0,0.0,0.0,0.0,0.0,0.0
216_STEAM_1,THERMAL,2020-07-15 15:00:00,-0.17892652342786558,0.17892652342786558,0.08946326210399158,-0.044724564900490704,-0.04473369755737955,-0.04473288617921334,-0.04473537479078198
218_CC_1,THERMAL,2020-07-15 15:00:00,-0.16499233235416144,0.16499233235416144,0.08249616654043425,-0.04124152423815208,-0.041249921480053464,-0.041249345370236945,-0.041251541265718956
221_CC_1,THERMAL,2020-07-15 15:00:00,-0.23510354429617264,0.23510354429617264,0.11755177266156125,-0.05876659946219376,-0.05877860224557829,-0.058777510618726936,-0.05878083196967366
223_CT_4,THERMAL,2020-07-15 15:00:00,0.0,0.0,0.0,0.0,0.0,0.0,0.0
223_CT_5,THERMAL,2020-07-15 15:00:00,0.0,0.0,0.0,0.0,0.0,0.0,0.0
223_CT_6,THERMAL,2020-07-15 15:00:00,0.0,0.0,0.0,0.0,0.0,0.0,0.0
223_STEAM_1,THERMAL,2020-07-15 15:00:00,-0.11105029239069629,0.11105029239069629,0.05552514643975786,-0.0277581597084805,-0.027763811765066926,-0.027763422203924026,-0.02776489871322484
223_STEAM_2,THERMAL,2020-07-15 15:00:00,-0.11105029239069629,0.11105029239069629,0.05552514643975786,-0.0277581597084805,-0.027763811765066926,-0.027763422203924026,-0.02776489871322484
223_STEAM_3,THERMAL,2020-07-15 15:00:00,-0.17745769674151857,0.17745769674151857,0.08872884876107999,-0.04435737499106729,-0.044366407428648946,-0.0443657720258237,-0.04436814229597862
301_CT_1,THERMAL,2020-07-15 15:00:00,0.0,0.0,0.0,0.0,0.0,0.0,0.0
301_CT_2,THERMAL,2020-07-15 15:00:00,0.0,0.0,0.0,0.0,0.0,0.0,0.0
301_CT_3,THERMAL,2020-07-15 15:00:00,0.0,0.0,0.0,0.0,0.0,0.0,0.0
301_CT_4,THERMAL,2020-07-15 15:00:00,0.0,0.0,0.0,0.0,0.0,0.0,0.0
302_CT_1,THERMAL,2020-07-15 15:00:00,0.0,0.0,0.0,0.0,0.0,0.0,0.0
302_CT_2,THERMAL,2020-07-15 15:00:00,0.0,0.0,0.0,0.0,0.0,0.0,0.0
302_CT_3,THERMAL,2020-07-15 15:00:00,0.0,0.0,0.0,0.0,0.0,0.0,0.0
302_CT_4,THERMAL,2020-07-15 15:00:00,0.0,0.0,0.0,0.0,0.0,0.0,0.0
303_WIND_1,WIND,2020-07-15 15:00:00,1.0,1.0,1.0,0.0,1.0,0.0,0.0
307_CT_1,THERMAL,2020-07-15 15:00:00,0.0,0.0,0.0,0.0,0.0,0.0,0.0
307_CT_2,THERMAL,2020-07-15 15:00:00,0.0,0.0,0.0,0.0,0.0,0.0,0.0
309_WIND_1,WIND,2020-07-15 15:00:00,1.0,1.0,1.0,0.0,0.0,1.0,0.0
313_CC_1,THERMAL,2020-07-15 15:00:00,-0.16477386102413735,0.16477386102413735,0.0823869308749463,-0.04118691487040782,-0.04119530077829925,-0.041194726994945974,-0.0411969183804843
315_CT_6,THERMAL,2020-07-15 15:00:00,-0.059430037422625134,0.059430037422625134,0.029715018842083347,-0.014855148360433104,-0.014858173693950297,-0.014857959723056497,-0.014858755645185243
315_CT_7,THERMAL,2020-07-15 15:00:00,-0.059243256258864486,0.059243256258864486,0.029621628259792674,-0.014808460477224726,-0.01481147630848069,-0.014811263054101603,-0.014812056419057465
315_CT_8,THERMAL,2020-07-15 15:00:00,-0.05670740871051207,0.05670740871051207,0.028353704480035585,-0.014174599347162264,-0.014177486073126027,-0.014177281920699902,-0.014178041369523872
315_STEAM_1,THERMAL,2020-07-15 15:00:00,0.0,0.0,0.0,0.0,0.0,0.0,0.0
315_STEAM_2,THERMAL,2020-07-15 15:00:00,0.0,0.0,0.0,0.0,0.0,0.0,0.0
315_STEAM_3,THERMAL,2020-07-15 15:00:00,0.0,0.0,0.0,0.0,0.0,0.0,0.0
315_STEAM_4,THERMAL,2020-07-15 15:00:00,0.0,0.0,0.0,0.0,0.0,0.0,0.0
315_STEAM_5,THERMAL,2020-07-15 15:00:00,0.0,0.0,0.0,0.0,0.0,0.0,0.0
316_STEAM_1,THERMAL,2020-07-15 15:00:00,-0.11232749151892335,0.11232749151892335,0.05616374600684464,-0.028077407891565875,-0.028083126696153204,-0.028082728825152614,-0.028084228106051653
317_WIND_1,WIND,2020-07-15 15:00:00,1.0,1.0,1.0,0.0,0.0,0.0,1.0
318_CC_1,THERMAL,2020-07-15 15:00:00,-0.1692385736525131,0.1692385736525131,0.08461928719906404,-0.04230291658983498,-0.04231153064027504,-0.042310929459537405,-0.04231319696286566
321_CC_1,THERMAL,2020-07-15 15:00:00,-0.17411101254512906,0.17411101254512906,0.08705550665735923,-0.043520812588455415,-0.04352966944594994,-0.04352914007436226,-0.04353139043636144
322_CT_5,THERMAL,2020-07-15 15:00:00,-0.058331028275639976,0.058331028275639976,0.029165514266172834,-0.014580439647619958,-0.014583409039506223,-0.01458319954856302,-0.014583980039950775
322_CT_6,THERMAL,2020-07-15 15:00:00,-0.057835700548752006,0.057835700548752006,0.02891785040164078,-0.014456627377415876,-0.014459571553940287,-0.014459363881049514,-0.01446013773634633
323_CC_1,THERMAL,2020-07-15 15:00:00,-0.16298126922313216,0.16298126922313216,0.08149063496983731,-0.040738848186973486,-0.04074714491160747,-0.040746535783311444,-0.04074874034123978
323_CC_2,THERMAL,2020-07-15 15:00:00,-0.16298126922313216,0.16298126922313216,0.08149063496983731,-0.040738848186973486,-0.04074714491160747,-0.040746535783311444,-0.04074874034123978
101_CT_1,THERMAL,2020-07-15 16:00:00,0.0,0.0,0.0,0.0,0.0,0.0,0.0
101_CT_2,THERMAL,2020-07-15 16:00:00,0.0,0.0,0.0,0.0,0.0,0.0,0.0
101_STEAM_3,THERMAL,2020-07-15 16:00:00,-0.03406228316636112,0.11782980889841671,0.06388117402012856,0.02775851479468394,0.014125248071343854,-0.04862303859199035,-0.02732300744039856
101_STEAM_4,THERMAL,2020-07-15 16:00:00,-0.016204162817491388,0.11810341920632182,0.06224563020755128,-0.040515641056398655,-0.02663814995550795,0.03609267570154162,0.014856952492873594
102_CT_1,THERMAL,2020-07-15 16:00:00,0.0,0.0,0.0,0.0,0.0,0.0,0.0
102_CT_2,THERMAL,2020-07-15 16:00:00,0.0,0.0,0.0,0.0,0.0,0.0,0.0
102_STEAM_3,THERMAL,2020-07-15 16:00:00,-0.08671416532479616,0.08671416532479616,0.04335708271744663,-0.02167669149107293,-0.021679064143959814,-0.021678890403547202,-0.02167951928621621
102_STEAM_4,THERMAL,2020-07-15 16:00:00,-0.10276600334517211,0.10276600334517211,0.051383001737252056,-0.025689322597248043,-0.025692136647823438,-0.025691880295575453,-0.025692663804525177
107_CC_1,THERMAL,2020-07-15 16:00:00,-0.18882615500917993,0.18882615500917993,0.0944130776252269,-0.04720249113565811,-0.047207631432176544,-0.047207369523814435,-0.047208662917530834
113_CT_1,THERMAL,2020-07-15 16:00:00,0.0,0.0,0.0,0.0,0.0,0.0,0.0
113_CT_2,THERMAL,2020-07-15 16:00:00,0.0,0.0,0.0,0.0,0.0,0.0,0.0
113_CT_3,THERMAL,2020-07-15 16:00:00,0.0,0.0,0.0,0.0,0.0,0.0,0.0
113_CT_4,THERMAL,2020-07-15 16:00:00,0.0,0.0,0.0,0.0,0.0,0.0,0.0
115_STEAM_1,THERMAL,2020-07-15 16:00:00,0.0,0.0,0.0,0.0,0.0,0.0,0.0
115_STEAM_2,THERMAL,2020-07-15 16:00:00,0.0,0.0,0.0,0.0,0.0,0.0,0.0
115_STEAM_3,THERMAL,2020-07-15 16:00:00,-0.12804653952612166,0.12804653952612166,0.06402326984442903,-0.03200889206567736,-0.03201238465154799,-0.03201221450759428,-0.032013048301302034
116_STEAM_1,THERMAL,2020-07-15 16:00:00,-0.13634310127223012,0.13634310127223012,0.06817155072315091,-0.03408285223742602,-0.034086581066029575,-0.03408636946318344,-0.034087298505591085
118_CC_1,THERMAL,2020-07-15 16:00:00,-0.20794283990791745,0.20794283990791745,0.10397142008506789,-0.05198129630665527,-0.051986990158883195,-0.05198649107334141,-0.05198806236903758
122_WIND_1,WIND,2020-07-15 16:00:00,1.0,1.0,1.0,1.0,0.0,0.0,0.0
123_CT_1,THERMAL,2020-07-15 16:00:00,0.0,0.0,0.0,0.0,0.0,0.0,0.0
123_CT_4,THERMAL,2020-07-15 16:00:00,0.0,0.0,0.0,0.0,0.0,0.0,0.0
123_CT_5,THERMAL,2020-07-15 16:00:00,0.0,0.0,0.0,0.0,0.0,0.0,0.0
123_STEAM_2,THERMAL,2020-07-15 16:00:00,-0.13089597958662436,0.13089597958662436,0.06544798987654102,-0.03272120718299221,-0.03272480256104626,-0.032724479770533055,-0.03272549007205284
123_STEAM_3,THERMAL,2020-07-15 16:00:00,-0.2081495578365491,0.2081495578365491,0.10407477904931105,-0.05203297649707661,-0.05203867647645355,-0.05203815909085474,-0.05203974577216419
201_CT_1,THERMAL,2020-07-15 16:00:00,0.0,0.0,0.0,0.0,0.0,0.0,0.0
201_CT_2,THERMAL,2020-07-15 16:00:00,0.0,0.0,0.0,0.0,0.0,0.0,0.0
201_STEAM_3,THERMAL,2020-07-15 16:00:00,-0.08843386706900658,0.08843386706900658,0.04421693359057942,-0.02210658151782302,-0.02210900031690055,-0.022108821181028526,-0.02210946405325448
202_CT_1,THERMAL,2020-07-15 16:00:00,0.0,0.0,0.0,0.0,0.0,0.0,0.0
202_CT_2,THERMAL,2020-07-15 16:00:00,0.0,0.0,0.0,0.0,0.0,0.0,0.0
202_STEAM_3,THERMAL,2020-07-15 16:00:00,-0.08447909593298614,0.08447909593298614,0.04223954801996015,-0.02111797899585216,-0.02112029066910759,-0.021120088418607352,-0.02112073784941903
202_STEAM_4,THERMAL,2020-07-15 16:00:00,-0.08447909593298614,0.08447909593298614,0.04223954801996015,-0.02111797899585216,-0.02112029066910759,-0.021120088418607352,-0.02112073784941903
207_CT_1,THERMAL,2020-07-15 16:00:00,0.0,0.0,0.0,0.0,0.0,0.0,0.0
207_CT_2,THERMAL,2020-07-15 16:00:00,0.0,0.0,0.0,0.0,0.0,0.0,0.0
212_CSP_1,THERMAL,2020-07-15 16:00:00,-0.17061676239626916,0.17061676239626916,0.08530838130720211,-0.0426505327941078,-0.04265519905830839,-0.04265492252233205,-0.04265610802152093
213_CC_3,THERMAL,2020-07-15 16:00:00,-0.19773478540847705,0.19773478540847705,0.09886739283265904,-0.04942939750861686,-0.04943479918977167,-0.049434751367964935,-0.04943583734212359
213_CT_1,THERMAL,2020-07-15 16:00:00,0.0,0.0,0.0,0.0,0.0,0.0,0.0
213_CT_2,THERMAL,2020-07-15 16:00:00,0.0,0.0,0.0,0.0,0.0,0.0,0.0
215_CT_4,THERMAL,2020-07-15 16:00:00,0.0,0.0,0.0,0.0,0.0,0.0,0.0
215_CT_5,THERMAL,2020-07-15 16:00:00,0.0,0.0,0.0,0.0,0.0,0.0,0.0
216_STEAM_1,THERMAL,2020-07-15 16:00:00,-0.12533387732959478,0.12533387732959478,0.06266693874370112,-0.031330808088462336,-0.03133423307486505,-0.03133395790299831,-0.0313348782632691
218_CC_1,THERMAL,2020-07-15 16:00:00,-0.1927532403160818,0.1927532403160818,0.09637662028172493,-0.0481841528859539,-0.04818940265034488,-0.048189264212187055,-0.048190420567595954
221_CC_1,THERMAL,2020-07-15 16:00:00,-0.1877515328599728,0.1877515328599728,0.0938757665474547,-0.046933913879799505,-0.046939044523456985,-0.04693857726736894,-0.04693999718934736
223_CT_4,THERMAL,2020-07-15 16:00:00,0.0,0.0,0.0,0.0,0.0,0.0,0.0
223_CT_5,THERMAL,2020-07-15 16:00:00,0.0,0.0,0.0,0.0,0.0,0.0,0.0
223_CT_6,THERMAL,2020-07-15 16:00:00,0.0,0.0,0.0,0.0,0.0,0.0,0.0
223_STEAM_1,THERMAL,2020-07-15 16:00:00,-0.13021954838105754,0.13021954838105754,0.06510977427360091,-0.032552095200430564,-0.03255565898746382,-0.03255545725665998,-0.032556336936503165
223_STEAM_2,THERMAL,2020-07-15 16:00:00,-0.13021954838105754,0.13021954838105754,0.06510977427360091,-0.032552095200430564,-0.03255565898746382,-0.03255545725665998,-0.032556336936503165
223_STEAM_3,THERMAL,2020-07-15 16:00:00,-0.1948572821281404,0.1948572821281404,0.09742864118675187,-0.04871020203423626,-0.048715537939234554,-0.04871497951290582,-0.048716562641763765
301_CT_1,THERMAL,2020-07-15 16:00:00,0.0,0.0,0.0,0.0,0.0,0.0,0.0
301_CT_2,THERMAL,2020-07-15 16:00:00,0.0,0.0,0.0,0.0,0.0,0.0,0.0
301_CT_3,THERMAL,2020-07-15 16:00:00,0.0,0.0,0.0,0.0,0.0,0.0,0.0
301_CT_4,THERMAL,2020-07-15 16:00:00,0.0,0.0,0.0,0.0,0.0,0.0,0.0
302_CT_1,THERMAL,2020-07-15 16:00:00,0.0,0.0,0.0,0.0,0.0,0.0,0.0
302_CT_2,THERMAL,2020-07-15 16:00:00,0.0,0.0,0.0,0.0,0.0,0.0,0.0
302_CT_3,THERMAL,2020-07-15 16:00:00,0.0,0.0,0.0,0.0,0.0,0.0,0.0
302_CT_4,THERMAL,2020-07-15 16:00:00,0.0,0.0,0.0,0.0,0.0,0.0,0.0
303_WIND_1,WIND,2020-07-15 16:00:00,1.0,1.0,1.0,0.0,1.0,0.0,0.0
307_CT_1,THERMAL,2020-07-15 16:00:00,0.0,0.0,0.0,0.0,0.0,0.0,0.0
307_CT_2,THERMAL,2020-07-15 16:00:00,0.0,0.0,0.0,0.0,0.0,0.0,0.0
309_WIND_1,WIND,2020-07-15 16:00:00,1.0,1.0,1.0,0.0,0.0,1.0,0.0
313_CC_1,THERMAL,2020-07-15 16:00:00,-0.1886406757417784,0.1886406757417784,0.0943203379901269,-0.04715614664375134,-0.047161296917273665,-0.04716096286918248,-0.0471622693115709
315_CT_6,THERMAL,2020-07-15 16:00:00,-0.07525821122859064,0.07525821122859064,0.03762910566209903,-0.018812946698967055,-0.018815005797022978,-0.01881485733900034,-0.018815401393600262
315_CT_7,THERMAL,2020-07-15 16:00:00,0.0,0.0,0.0,0.0,0.0,0.0,0.0
315_CT_8,THERMAL,2020-07-15 16:00:00,-0.0726008930188822,0.0726008930188822,0.03630044655555344,-0.018148673916076545,-0.018150660291564112,-0.01815051697669979,-0.018151041834541755
315_STEAM_1,THERMAL,2020-07-15 16:00:00,0.0,0.0,0.0,0.0,0.0,0.0,0.0
315_STEAM_2,THERMAL,2020-07-15 16:00:00,0.0,0.0,0.0,0.0,0.0,0.0,0.0
315_STEAM_3,THERMAL,2020-07-15 16:00:00,0.0,0.0,0.0,0.0,0.0,0.0,0.0
315_STEAM_4,THERMAL,2020-07-15 16:00:00,0.0,0.0,0.0,0.0,0.0,0.0,0.0
315_STEAM_5,THERMAL,2020-07-15 16:00:00,0.0,0.0,0.0,0.0,0.0,0.0,0.0
316_STEAM_1,THERMAL,2020-07-15 16:00:00,-0.13408521809258234,0.13408521809258234,0.06704260913109907,-0.033518458429034226,-0.03352213567881013,-0.03352178738429945,-0.03352283660043852
317_WIND_1,WIND,2020-07-15 16:00:00,1.0,1.0,1.0,0.0,0.0,0.0,1.0
318_CC_1,THERMAL,2020-07-15 16:00:00,-0.19879786818856407,0.19879786818856407,0.09939893422045779,-0.04969522747489785,-0.049700665614247796,-0.049700263299243375,-0.04970171180017505
321_CC_1,THERMAL,2020-07-15 16:00:00,-0.18695351893777779,0.18695351893777779,0.0934767595880927,-0.04673437121628998,-0.04673949429689994,-0.04673919917193281,-0.04674045425265506
322_CT_5,THERMAL,2020-07-15 16:00:00,-0.07153570855047678,0.07153570855047678,0.03576785432096792,-0.017882394787212097,-0.017884350089292456,-0.017884227941190156,-0.017884735732782063
322_CT_6,THERMAL,2020-07-15 16:00:00,0.0,0.0,0.0,0.0,0.0,0.0,0.0
323_CC_1,THERMAL,2020-07-15 16:00:00,-0.12264924115647169,0.12264924115647169,0.061324655893730956,-0.030606593978333763,-0.030678053113381676,-0.030672801341040667,-0.03069179272371558
323_CC_2,THERMAL,2020-07-15 16:00:00,-0.12264924115647169,0.12264924115647169,0.061324655893730956,-0.030606593978333763,-0.030678053113381676,-0.030672801341040667,-0.03069179272371558
101_CT_1,THERMAL,2020-07-15 17:00:00,0.0,0.0,0.0,0.0,0.0,0.0,0.0
101_CT_2,THERMAL,2020-07-15 17:00:00,0.0,0.0,0.0,0.0,0.0,0.0,0.0
101_STEAM_3,THERMAL,2020-07-15 17:00:00,-0.09756898785324078,0.14644271703415682,0.10099759294900014,0.02443686459045802,-0.004614222374158261,-0.09538140469317313,-0.022010225376367407
101_STEAM_4,THERMAL,2020-07-15 17:00:00,0.048646128469968186,0.13748794199601255,0.09183356441496222,-0.03685812380899467,-0.007562782954027514,0.08318696256303992,0.009880072669950443
102_CT_1,THERMAL,2020-07-15 17:00:00,0.0,0.0,0.0,0.0,0.0,0.0,0.0
102_CT_2,THERMAL,2020-07-15 17:00:00,0.0,0.0,0.0,0.0,0.0,0.0,0.0
102_STEAM_3,THERMAL,2020-07-15 17:00:00,-0.08959207666192383,0.08959207666192383,0.04479603838798673,-0.022396103835340964,-0.02239855365611959,-0.022398392218764496,-0.02239902695169878
102_STEAM_4,THERMAL,2020-07-15 17:00:00,-0.08857773043251757,0.08857773043251757,0.04428886527300008,-0.022142531747691596,-0.022144958464782816,-0.02214481115888045,-0.022145429061162708
107_CC_1,THERMAL,2020-07-15 17:00:00,-0.18934701686611907,0.18934701686611907,0.0946735085537935,-0.04733269736462509,-0.047337849133818555,-0.04733759596686937,-0.047338874400806065
113_CT_1,THERMAL,2020-07-15 17:00:00,0.0,0.0,0.0,0.0,0.0,0.0,0.0
113_CT_2,THERMAL,2020-07-15 17:00:00,0.0,0.0,0.0,0.0,0.0,0.0,0.0
113_CT_3,THERMAL,2020-07-15 17:00:00,0.0,0.0,0.0,0.0,0.0,0.0,0.0
113_CT_4,THERMAL,2020-07-15 17:00:00,0.0,0.0,0.0,0.0,0.0,0.0,0.0
115_STEAM_1,THERMAL,2020-07-15 17:00:00,0.0,0.0,0.0,0.0,0.0,0.0,0.0
115_STEAM_2,THERMAL,2020-07-15 17:00:00,0.0,0.0,0.0,0.0,0.0,0.0,0.0
115_STEAM_3,THERMAL,2020-07-15 17:00:00,-0.13927338105129894,0.13927338105129894,0.06963669061407293,-0.034815374640532415,-0.034819184991895735,-0.03481890329382287,-0.034819918125047915
116_STEAM_1,THERMAL,2020-07-15 17:00:00,-0.13691013307853794,0.13691013307853794,0.06845506662604589,-0.03422461519843489,-0.03422836235669546,-0.034228079671747125,-0.034229075851660455
118_CC_1,THERMAL,2020-07-15 17:00:00,-0.17614787920624908,0.17614787920624908,0.08807393971407793,-0.044033233547227546,-0.044038063954192186,-0.04403762111838283,-0.044038960586446504
122_WIND_1,WIND,2020-07-15 17:00:00,1.0,1.0,1.0,1.0,0.0,0.0,0.0
123_CT_1,THERMAL,2020-07-15 17:00:00,0.0,0.0,0.0,0.0,0.0,0.0,0.0
123_CT_4,THERMAL,2020-07-15 17:00:00,0.0,0.0,0.0,0.0,0.0,0.0,0.0
123_CT_5,THERMAL,2020-07-15 17:00:00,0.0,0.0,0.0,0.0,0.0,0.0,0.0
123_STEAM_2,THERMAL,2020-07-15 17:00:00,-0.13586351134648028,0.13586351134648028,0.06793175575922149,-0.033962985432069326,-0.03396670598656204,-0.03396641030507297,-0.03396740962277594
123_STEAM_3,THERMAL,2020-07-15 17:00:00,-0.22805514383354802,0.22805514383354802,0.11402757206513425,-0.05700881919608092,-0.05701500678474081,-0.057015084839032504,-0.0570162330136938
201_CT_1,THERMAL,2020-07-15 17:00:00,0.0,0.0,0.0,0.0,0.0,0.0,0.0
201_CT_2,THERMAL,2020-07-15 17:00:00,0.0,0.0,0.0,0.0,0.0,0.0,0.0
201_STEAM_3,THERMAL,2020-07-15 17:00:00,-0.08907054968756052,0.08907054968756052,0.04453527490007774,-0.02226573757270328,-0.022268165445338994,-0.022268018983565563,-0.02226862768595268
202_CT_1,THERMAL,2020-07-15 17:00:00,0.0,0.0,0.0,0.0,0.0,0.0,0.0
202_CT_2,THERMAL,2020-07-15 17:00:00,0.0,0.0,0.0,0.0,0.0,0.0,0.0
202_STEAM_3,THERMAL,2020-07-15 17:00:00,-0.08937235565837837,0.08937235565837837,0.044686177885441436,-0.0223411986098061,-0.022343644772827298,-0.022343399212046977,-0.022344113063697997
202_STEAM_4,THERMAL,2020-07-15 17:00:00,-0.08937235565837837,0.08937235565837837,0.044686177885441436,-0.0223411986098061,-0.022343644772827298,-0.022343399212046977,-0.022344113063697997
207_CT_1,THERMAL,2020-07-15 17:00:00,0.0,0.0,0.0,0.0,0.0,0.0,0.0
207_CT_2,THERMAL,2020-07-15 17:00:00,0.0,0.0,0.0,0.0,0.0,0.0,0.0
212_CSP_1,THERMAL,2020-07-15 17:00:00,-0.20483916546951497,0.20483916546951497,0.10241958286523133,-0.05120541088995467,-0.05121101280824614,-0.05121064428522537,-0.051212097486088785
213_CC_3,THERMAL,2020-07-15 17:00:00,-0.20473443843504527,0.20473443843504527,0.10236721934502786,-0.051179297058248974,-0.05118489318172048,-0.051184326693105575,-0.051185921501970245
213_CT_1,THERMAL,2020-07-15 17:00:00,0.0,0.0,0.0,0.0,0.0,0.0,0.0
213_CT_2,THERMAL,2020-07-15 17:00:00,0.0,0.0,0.0,0.0,0.0,0.0,0.0
215_CT_4,THERMAL,2020-07-15 17:00:00,0.0,0.0,0.0,0.0,0.0,0.0,0.0
215_CT_5,THERMAL,2020-07-15 17:00:00,0.0,0.0,0.0,0.0,0.0,0.0,0.0
216_STEAM_1,THERMAL,2020-07-15 17:00:00,-0.14159892493288517,0.14159892493288517,0.07079946255635404,-0.03539670883382651,-0.03540057979019695,-0.035400311388372074,-0.03540132492048963
218_CC_1,THERMAL,2020-07-15 17:00:00,-0.18694344039206662,0.18694344039206662,0.09347172031474488,-0.046731873187495054,-0.04673698924748049,-0.04673660395407353,-0.04673797400301754
221_CC_1,THERMAL,2020-07-15 17:00:00,-0.19292010715930524,0.19292010715930524,0.09646005369989522,-0.048225960334447926,-0.048231232666958945,-0.04823071023189485,-0.04823220392600352
223_CT_4,THERMAL,2020-07-15 17:00:00,0.0,0.0,0.0,0.0,0.0,0.0,0.0
223_CT_5,THERMAL,2020-07-15 17:00:00,0.0,0.0,0.0,0.0,0.0,0.0,0.0
223_CT_6,THERMAL,2020-07-15 17:00:00,0.0,0.0,0.0,0.0,0.0,0.0,0.0
223_STEAM_1,THERMAL,2020-07-15 17:00:00,-0.14005201445607657,0.14005201445607657,0.07002600731797498,-0.03500998748530426,-0.03501379990334541,-0.03501366583861243,-0.035014561228814474
223_STEAM_2,THERMAL,2020-07-15 17:00:00,-0.14005201445607657,0.14005201445607657,0.07002600731797498,-0.03500998748530426,-0.03501379990334541,-0.03501366583861243,-0.035014561228814474
223_STEAM_3,THERMAL,2020-07-15 17:00:00,-0.20429049341449204,0.20429049341449204,0.10214524683716927,-0.05106825097309864,-0.05107383211750549,-0.0510735126921702,-0.05107489763171772
301_CT_1,THERMAL,2020-07-15 17:00:00,0.0,0.0,0.0,0.0,0.0,0.0,0.0
301_CT_2,THERMAL,2020-07-15 17:00:00,0.0,0.0,0.0,0.0,0.0,0.0,0.0
301_CT_3,THERMAL,2020-07-15 17:00:00,0.0,0.0,0.0,0.0,0.0,0.0,0.0
301_CT_4,THERMAL,2020-07-15 17:00:00,0.0,0.0,0.0,0.0,0.0,0.0,0.0
302_CT_1,THERMAL,2020-07-15 17:00:00,0.0,0.0,0.0,0.0,0.0,0.0,0.0
302_CT_2,THERMAL,2020-07-15 17:00:00,0.0,0.0,0.0,0.0,0.0,0.0,0.0
302_CT_3,THERMAL,2020-07-15 17:00:00,0.0,0.0,0.0,0.0,0.0,0.0,0.0
302_CT_4,THERMAL,2020-07-15 17:00:00,0.0,0.0,0.0,0.0,0.0,0.0,0.0
303_WIND_1,WIND,2020-07-15 17:00:00,1.0,1.0,1.0,0.0,1.0,0.0,0.0
307_CT_1,THERMAL,2020-07-15 17:00:00,0.0,0.0,0.0,0.0,0.0,0.0,0.0
307_CT_2,THERMAL,2020-07-15 17:00:00,0.0,0.0,0.0,0.0,0.0,0.0,0.0
309_WIND_1,WIND,2020-07-15 17:00:00,1.0,1.0,1.0,0.0,0.0,1.0,0.0
313_CC_1,THERMAL,2020-07-15 17:00:00,-0.2217906111221352,0.2217906111221352,0.11089530569791282,-0.0554430407234312,-0.05544914386842814,-0.05544821668376443,-0.05545020984651141
315_CT_6,THERMAL,2020-07-15 17:00:00,0.0,0.0,0.0,0.0,0.0,0.0,0.0
315_CT_7,THERMAL,2020-07-15 17:00:00,0.0,0.0,0.0,0.0,0.0,0.0,0.0
315_CT_8,THERMAL,2020-07-15 17:00:00,0.0,0.0,0.0,0.0,0.0,0.0,0.0
315_STEAM_1,THERMAL,2020-07-15 17:00:00,0.0,0.0,0.0,0.0,0.0,0.0,0.0
315_STEAM_2,THERMAL,2020-07-15 17:00:00,0.0,0.0,0.0,0.0,0.0,0.0,0.0
315_STEAM_3,THERMAL,2020-07-15 17:00:00,0.0,0.0,0.0,0.0,0.0,0.0,0.0
315_STEAM_4,THERMAL,2020-07-15 17:00:00,0.0,0.0,0.0,0.0,0.0,0.0,0.0
315_STEAM_5,THERMAL,2020-07-15 17:00:00,0.0,0.0,0.0,0.0,0.0,0.0,0.0
316_STEAM_1,THERMAL,2020-07-15 17:00:00,-0.13575730448330625,0.13575730448330625,0.06787865232680863,-0.0339364516073315,-0.03394016119791077,-0.03393983561818015,-0.03394085605988384
317_WIND_1,WIND,2020-07-15 17:00:00,1.0,1.0,1.0,0.0,0.0,0.0,1.0
318_CC_1,THERMAL,2020-07-15 17:00:00,-1.1372625623600814,1.1372625623600814,0.5686312819011533,-0.2842914097841709,-0.2843225591832417,-0.2843200991296806,-0.2843284942629883
321_CC_1,THERMAL,2020-07-15 17:00:00,-0.19150997795035168,0.19150997795035168,0.09575498909614942,-0.04787341086125352,-0.047878619790971966,-0.04787832192129127,-0.04787962537683494
322_CT_5,THERMAL,2020-07-15 17:00:00,0.0,0.0,0.0,0.0,0.0,0.0,0.0
322_CT_6,THERMAL,2020-07-15 17:00:00,0.0,0.0,0.0,0.0,0.0,0.0,0.0
323_CC_1,THERMAL,2020-07-15 17:00:00,0.3011280237480157,0.3011280237480157,0.15056402199780947,0.07532877209837219,0.07526888465367376,0.07527303619275916,0.07525733080321065
323_CC_2,THERMAL,2020-07-15 17:00:00,0.3011280237480157,0.3011280237480157,0.15056402199780947,0.07532877209837219,0.07526888465367376,0.07527303619275916,0.07525733080321065
101_CT_1,THERMAL,2020-07-15 18:00:00,0.0,0.0,0.0,0.0,0.0,0.0,0.0
101_CT_2,THERMAL,2020-07-15 18:00:00,0.0,0.0,0.0,0.0,0.0,0.0,0.0
101_STEAM_3,THERMAL,2020-07-15 18:00:00,-0.2063580821703655,0.2531160522167814,0.21231201752576198,-0.019044270092880122,0.006741495845412726,-0.21069279710069333,0.01663748917779523
101_STEAM_4,THERMAL,2020-07-15 18:00:00,0.1641287197944131,0.2528072047268336,0.20290151704549803,0.00829625838628889,-0.01724506678830917,0.20017170387433447,-0.027094175677901094
102_CT_1,THERMAL,2020-07-15 18:00:00,0.0,0.0,0.0,0.0,0.0,0.0,0.0
102_CT_2,THERMAL,2020-07-15 18:00:00,0.0,0.0,0.0,0.0,0.0,0.0,0.0
102_STEAM_3,THERMAL,2020-07-15 18:00:00,-0.10102155366851365,0.10102155366851365,0.05051077689994721,-0.02525319092241629,-0.0252559330316503,-0.025255946016287112,-0.025256483698159936
102_STEAM_4,THERMAL,2020-07-15 18:00:00,-0.10102155366851365,0.10102155366851365,0.05051077689994721,-0.02525319092241629,-0.0252559330316503,-0.025255946016287112,-0.025256483698159936
107_CC_1,THERMAL,2020-07-15 18:00:00,-0.2657120613212512,0.2657120613212512,0.1328560308297152,-0.06642235578431421,-0.06642966806953288,-0.06642898435188371,-0.06643105311552037
113_CT_1,THERMAL,2020-07-15 18:00:00,0.0,0.0,0.0,0.0,0.0,0.0,0.0
113_CT_2,THERMAL,2020-07-15 18:00:00,0.0,0.0,0.0,0.0,0.0,0.0,0.0
113_CT_3,THERMAL,2020-07-15 18:00:00,0.0,0.0,0.0,0.0,0.0,0.0,0.0
113_CT_4,THERMAL,2020-07-15 18:00:00,0.0,0.0,0.0,0.0,0.0,0.0,0.0
115_STEAM_1,THERMAL,2020-07-15 18:00:00,0.0,0.0,0.0,0.0,0.0,0.0,0.0
115_STEAM_2,THERMAL,2020-07-15 18:00:00,0.0,0.0,0.0,0.0,0.0,0.0,0.0
115_STEAM_3,THERMAL,2020-07-15 18:00:00,-0.16077802379987544,0.16077802379987544,0.08038901200193488,-0.04019107485198603,-0.04019546592931911,-0.04019517067866474,-0.040196312339905546
116_STEAM_1,THERMAL,2020-07-15 18:00:00,-0.16069825887551165,0.16069825887551165,0.08034912953992014,-0.04017113513608228,-0.040175537119610194,-0.040175205452519513,-0.04017638116729967
118_CC_1,THERMAL,2020-07-15 18:00:00,-0.2646094632322479,0.2646094632322479,0.1323047317859811,-0.06614667296614041,-0.06615393032050809,-0.06615354450347866,-0.06615531544212071
122_WIND_1,WIND,2020-07-15 18:00:00,1.0,1.0,1.0,1.0,0.0,0.0,0.0
123_CT_1,THERMAL,2020-07-15 18:00:00,0.0,0.0,0.0,0.0,0.0,0.0,0.0
123_CT_4,THERMAL,2020-07-15 18:00:00,0.0,0.0,0.0,0.0,0.0,0.0,0.0
123_CT_5,THERMAL,2020-07-15 18:00:00,0.0,0.0,0.0,0.0,0.0,0.0,0.0
123_STEAM_2,THERMAL,2020-07-15 18:00:00,-0.1610788938679041,0.1610788938679041,0.08053944703639195,-0.04026628623393558,-0.04027070161611368,-0.040270358866090206,-0.04027154715176464
123_STEAM_3,THERMAL,2020-07-15 18:00:00,-0.2888523515483766,0.2888523515483766,0.14442617595550294,-0.07220699517346318,-0.07221490720822166,-0.07221403901597157,-0.07221641015072015
201_CT_1,THERMAL,2020-07-15 18:00:00,0.0,0.0,0.0,0.0,0.0,0.0,0.0
201_CT_2,THERMAL,2020-07-15 18:00:00,0.0,0.0,0.0,0.0,0.0,0.0,0.0
201_STEAM_3,THERMAL,2020-07-15 18:00:00,-0.09780587744751008,0.09780587744751008,0.04890293878747322,-0.024449339230604217,-0.02445199660432118,-0.024452013957820373,-0.02445252765476431
202_CT_1,THERMAL,2020-07-15 18:00:00,0.0,0.0,0.0,0.0,0.0,0.0,0.0
202_CT_2,THERMAL,2020-07-15 18:00:00,0.0,0.0,0.0,0.0,0.0,0.0,0.0
202_STEAM_3,THERMAL,2020-07-15 18:00:00,-0.09160125225555861,0.09160125225555861,0.04580062618607575,-0.02289835034014409,-0.02290084885210586,-0.02290072437154045,-0.02290132869176821
202_STEAM_4,THERMAL,2020-07-15 18:00:00,-0.09160125225555861,0.09160125225555861,0.04580062618607575,-0.02289835034014409,-0.02290084885210586,-0.02290072437154045,-0.02290132869176821
207_CT_1,THERMAL,2020-07-15 18:00:00,0.0,0.0,0.0,0.0,0.0,0.0,0.0
207_CT_2,THERMAL,2020-07-15 18:00:00,0.0,0.0,0.0,0.0,0.0,0.0,0.0
212_CSP_1,THERMAL,2020-07-15 18:00:00,-0.24397284762648924,0.24397284762648924,0.1219864239677668,-0.060988016381558374,-0.060994682042476045,-0.06099417872903956,-0.06099597047341526
213_CC_3,THERMAL,2020-07-15 18:00:00,-0.23386427097134682,0.23386427097134682,0.11693213563522137,-0.05846104554932552,-0.05846743210455552,-0.05846712201467241,-0.05846867130279338
213_CT_1,THERMAL,2020-07-15 18:00:00,0.0,0.0,0.0,0.0,0.0,0.0,0.0
213_CT_2,THERMAL,2020-07-15 18:00:00,0.0,0.0,0.0,0.0,0.0,0.0,0.0
215_CT_4,THERMAL,2020-07-15 18:00:00,0.0,0.0,0.0,0.0,0.0,0.0,0.0
215_CT_5,THERMAL,2020-07-15 18:00:00,0.0,0.0,0.0,0.0,0.0,0.0,0.0
216_STEAM_1,THERMAL,2020-07-15 18:00:00,-0.1727601728094149,0.1727601728094149,0.08638008651463026,-0.04318634561443835,-0.04319105855470595,-0.043190796955740574,-0.043191971684530026
218_CC_1,THERMAL,2020-07-15 18:00:00,-0.2750399910079684,0.2750399910079684,0.13751999567758175,-0.06875415532674722,-0.06876166257678484,-0.06876105832234813,-0.06876311478208821
221_CC_1,THERMAL,2020-07-15 18:00:00,-0.26625812238194235,0.26625812238194235,0.13312906135732025,-0.06655892664166085,-0.06656618607468756,-0.06656542047648095,-0.06656758918911299
223_CT_4,THERMAL,2020-07-15 18:00:00,0.0,0.0,0.0,0.0,0.0,0.0,0.0
223_CT_5,THERMAL,2020-07-15 18:00:00,0.0,0.0,0.0,0.0,0.0,0.0,0.0
223_CT_6,THERMAL,2020-07-15 18:00:00,0.0,0.0,0.0,0.0,0.0,0.0,0.0
223_STEAM_1,THERMAL,2020-07-15 18:00:00,-0.1666522551343066,0.1666522551343066,0.08332612767301271,-0.04165949795598767,-0.041664042082852015,-0.04166379993579472,-0.0416649151596722
223_STEAM_2,THERMAL,2020-07-15 18:00:00,-0.1666522551343066,0.1666522551343066,0.08332612767301271,-0.04165949795598767,-0.041664042082852015,-0.04166379993579472,-0.0416649151596722
223_STEAM_3,THERMAL,2020-07-15 18:00:00,-0.2858120315618302,0.2858120315618302,0.1429060159625708,-0.0714469132879767,-0.0714547495540856,-0.07145411951995939,-0.07145624919980854
301_CT_1,THERMAL,2020-07-15 18:00:00,0.0,0.0,0.0,0.0,0.0,0.0,0.0
301_CT_2,THERMAL,2020-07-15 18:00:00,0.0,0.0,0.0,0.0,0.0,0.0,0.0
301_CT_3,THERMAL,2020-07-15 18:00:00,0.0,0.0,0.0,0.0,0.0,0.0,0.0
301_CT_4,THERMAL,2020-07-15 18:00:00,0.0,0.0,0.0,0.0,0.0,0.0,0.0
302_CT_1,THERMAL,2020-07-15 18:00:00,0.0,0.0,0.0,0.0,0.0,0.0,0.0
302_CT_2,THERMAL,2020-07-15 18:00:00,0.0,0.0,0.0,0.0,0.0,0.0,0.0
302_CT_3,THERMAL,2020-07-15 18:00:00,0.0,0.0,0.0,0.0,0.0,0.0,0.0
302_CT_4,THERMAL,2020-07-15 18:00:00,0.0,0.0,0.0,0.0,0.0,0.0,0.0
303_WIND_1,WIND,2020-07-15 18:00:00,1.0,1.0,1.0,0.0,1.0,0.0,0.0
307_CT_1,THERMAL,2020-07-15 18:00:00,0.0,0.0,0.0,0.0,0.0,0.0,0.0
307_CT_2,THERMAL,2020-07-15 18:00:00,0.0,0.0,0.0,0.0,0.0,0.0,0.0
309_WIND_1,WIND,2020-07-15 18:00:00,1.0,1.0,1.0,0.0,0.0,1.0,0.0
313_CC_1,THERMAL,2020-07-15 18:00:00,-0.3161324288895018,0.3161324288895018,0.15806621464071544,-0.07902647713332023,-0.07903509723276558,-0.07903414910889772,-0.07903670541451831
315_CT_6,THERMAL,2020-07-15 18:00:00,0.0,0.0,0.0,0.0,0.0,0.0,0.0
315_CT_7,THERMAL,2020-07-15 18:00:00,0.0,0.0,0.0,0.0,0.0,0.0,0.0
315_CT_8,THERMAL,2020-07-15 18:00:00,0.0,0.0,0.0,0.0,0.0,0.0,0.0
315_STEAM_1,THERMAL,2020-07-15 18:00:00,0.0,0.0,0.0,0.0,0.0,0.0,0.0
315_STEAM_2,THERMAL,2020-07-15 18:00:00,0.0,0.0,0.0,0.0,0.0,0.0,0.0
315_STEAM_3,THERMAL,2020-07-15 18:00:00,0.0,0.0,0.0,0.0,0.0,0.0,0.0
315_STEAM_4,THERMAL,2020-07-15 18:00:00,0.0,0.0,0.0,0.0,0.0,0.0,0.0
315_STEAM_5,THERMAL,2020-07-15 18:00:00,0.0,0.0,0.0,0.0,0.0,0.0,0.0
316_STEAM_1,THERMAL,2020-07-15 18:00:00,-0.15984413759894087,0.15984413759894087,0.07992206890120795,-0.03995761684683918,-0.03996199103159226,-0.039961699497876424,-0.03996283022263299
317_WIND_1,WIND,2020-07-15 18:00:00,1.0,1.0,1.0,0.0,0.0,0.0,1.0
318_CC_1,THERMAL,2020-07-15 18:00:00,3.9968028886505635e-15,3.9968028886505635e-15,2.5510982866352577e-15,1.7763568394002505e-15,4.440892098500626e-16,1.7763568394002505e-15,0.0
321_CC_1,THERMAL,2020-07-15 18:00:00,-0.29892648945574973,0.29892648945574973,0.14946324492023016,-0.07472518015389795,-0.07473338490993608,-0.07473297684756908,-0.07473494754434662
322_CT_5,THERMAL,2020-07-15 18:00:00,0.0,0.0,0.0,0.0,0.0,0.0,0.0
322_CT_6,THERMAL,2020-07-15 18:00:00,0.0,0.0,0.0,0.0,0.0,0.0,0.0
323_CC_1,THERMAL,2020-07-15 18:00:00,0.35102881094829746,0.4605656027113943,0.2647746401738634,0.130016334080306,0.05987043612858267,0.2159104366209572,-0.05476839588154841
323_CC_2,THERMAL,2020-07-15 18:00:00,0.061896095940734946,0.3406666400857482,0.20059500753375442,-0.02668770762431638,0.04333323369677444,-0.11269756444819023,0.15794813431646712
101_CT_1,THERMAL,2020-07-15 19:00:00,0.0,0.0,0.0,0.0,0.0,0.0,0.0
101_CT_2,THERMAL,2020-07-15 19:00:00,0.0,0.0,0.0,0.0,0.0,0.0,0.0
101_STEAM_3,THERMAL,2020-07-15 19:00:00,-0.11505616789098744,0.16648452299223931,0.14160488269479182,0.0056695932307876395,0.011165900391449823,-0.14077034544161338,0.008878683928388469
101_STEAM_4,THERMAL,2020-07-15 19:00:00,0.07339687572774056,0.20419009565377055,0.1444406769081149,-0.014404490023287697,-0.032274333890254914,0.13879348569075556,-0.01871778604947239
102_CT_1,THERMAL,2020-07-15 19:00:00,0.0,0.0,0.0,0.0,0.0,0.0,0.0
102_CT_2,THERMAL,2020-07-15 19:00:00,0.0,0.0,0.0,0.0,0.0,0.0,0.0
102_STEAM_3,THERMAL,2020-07-15 19:00:00,-1.9751916012060662e-10,1.9751916012060662e-10,1.058992820671079e-10,-5.183153906074267e-11,-2.227679152255746e-11,-7.614109343023756e-11,-4.7269736107068925e-11
102_STEAM_4,THERMAL,2020-07-15 19:00:00,-1.9751916012060662e-10,1.9751916012060662e-10,1.058992820671079e-10,-5.183153906074267e-11,-2.227679152255746e-11,-7.614109343023756e-11,-4.7269736107068925e-11
107_CC_1,THERMAL,2020-07-15 19:00:00,5.7934624901344884e-11,2.2635707638995e-10,1.5261814620201947e-10,-3.2452707188213026e-11,-4.450995128024715e-11,1.4214585064564744e-10,-7.2485672758423834e-12
113_CT_1,THERMAL,2020-07-15 19:00:00,0.0,0.0,0.0,0.0,0.0,0.0,0.0
113_CT_2,THERMAL,2020-07-15 19:00:00,0.0,0.0,0.0,0.0,0.0,0.0,0.0
113_CT_3,THERMAL,2020-07-15 19:00:00,0.0,0.0,0.0,0.0,0.0,0.0,0.0
113_CT_4,THERMAL,2020-07-15 19:00:00,0.0,0.0,0.0,0.0,0.0,0.0,0.0
115_STEAM_1,THERMAL,2020-07-15 19:00:00,0.0,0.0,0.0,0.0,0.0,0.0,0.0
115_STEAM_2,THERMAL,2020-07-15 19:00:00,0.0,0.0,0.0,0.0,0.0,0.0,0.0
115_STEAM_3,THERMAL,2020-07-15 19:00:00,-3.957649965174194e-11,1.46255609641924e-10,7.972081016328391e-11,-4.7665205116231846e-11,-1.2269074645132605e-11,5.333955499509102e-11,-3.298177488546851e-11
116_STEAM_1,THERMAL,2020-07-15 19:00:00,-1.9973530049078722e-10,2.1583309025864214e-10,1.904746414788618e-10,-7.066347507134196e-12,8.04889488392746e-12,-1.8986323624403667e-10,-1.085461162354381e-11
118_CC_1,THERMAL,2020-07-15 19:00:00,-2.390328396589286e-11,1.1391839044566115e-10,7.890350379796155e-11,-6.469935698305562e-11,-4.920508445138694e-13,4.5007553239884146e-11,-3.719429378207514e-12
122_WIND_1,WIND,2020-07-15 19:00:00,1.0,1.0,1.0,1.0,0.0,0.0,0.0
123_CT_1,THERMAL,2020-07-15 19:00:00,0.0,0.0,0.0,0.0,0.0,0.0,0.0
123_CT_4,THERMAL,2020-07-15 19:00:00,0.0,0.0,0.0,0.0,0.0,0.0,0.0
123_CT_5,THERMAL,2020-07-15 19:00:00,0.0,0.0,0.0,0.0,0.0,0.0,0.0
123_STEAM_2,THERMAL,2020-07-15 19:00:00,-1.7827904600475087e-10,1.7827904600475087e-10,1.0631149844856264e-10,-1.7000401086875172e-11,-2.3240742663688252e-11,-9.07647290659952e-11,-4.7273173188192254e-11
123_STEAM_3,THERMAL,2020-07-15 19:00:00,-2.847227487796076e-10,2.867100479936866e-10,2.4807671395110757e-10,-1.9201529255497007e-11,9.936496070395151e-13,-2.4652102581512736e-10,-1.9993843316022743e-11
201_CT_1,THERMAL,2020-07-15 19:00:00,0.0,0.0,0.0,0.0,0.0,0.0,0.0
201_CT_2,THERMAL,2020-07-15 19:00:00,0.0,0.0,0.0,0.0,0.0,0.0,0.0
201_STEAM_3,THERMAL,2020-07-15 19:00:00,-8.378314167380195e-10,8.378314167380195e-10,4.275899010491069e-10,-2.2944590671869491e-10,-2.434585311128501e-10,-1.359350410012894e-10,-2.289919379051851e-10
202_CT_1,THERMAL,2020-07-15 19:00:00,0.0,0.0,0.0,0.0,0.0,0.0,0.0
202_CT_2,THERMAL,2020-07-15 19:00:00,0.0,0.0,0.0,0.0,0.0,0.0,0.0
202_STEAM_3,THERMAL,2020-07-15 19:00:00,-9.656741010152857e-10,9.656741010152857e-10,4.831414456451063e-10,-2.334260562619761e-10,-2.3773233381874093e-10,-2.558711020839155e-10,-2.386446088506531e-10
202_STEAM_4,THERMAL,2020-07-15 19:00:00,-9.656741010152857e-10,9.656741010152857e-10,4.831414456451063e-10,-2.334260562619761e-10,-2.3773233381874093e-10,-2.558711020839155e-10,-2.386446088506531e-10
207_CT_1,THERMAL,2020-07-15 19:00:00,0.0,0.0,0.0,0.0,0.0,0.0,0.0
207_CT_2,THERMAL,2020-07-15 19:00:00,0.0,0.0,0.0,0.0,0.0,0.0,0.0
212_CSP_1,THERMAL,2020-07-15 19:00:00,-0.6461166555756731,0.6461166555756731,0.3232097796495483,-0.16285937717245424,-0.15381309636790652,-0.16756653959065915,-0.16187764244465322
213_CC_3,THERMAL,2020-07-15 19:00:00,-0.7132314123533656,0.7132314123533656,0.409325146002885,-0.15096793130775676,-0.33505116805052393,-0.05579717766799153,-0.17141513532709335
213_CT_1,THERMAL,2020-07-15 19:00:00,0.0,0.0,0.0,0.0,0.0,0.0,0.0
213_CT_2,THERMAL,2020-07-15 19:00:00,0.0,0.0,0.0,0.0,0.0,0.0,0.0
215_CT_4,THERMAL,2020-07-15 19:00:00,0.0,0.0,0.0,0.0,0.0,0.0,0.0
215_CT_5,THERMAL,2020-07-15 19:00:00,0.0,0.0,0.0,0.0,0.0,0.0,0.0
216_STEAM_1,THERMAL,2020-07-15 19:00:00,-5.02656838235432e-10,5.02656838235432e-10,2.542512950668687e-10,-1.0564393804202155e-10,-1.1342105032952077e-10,-1.560538365197317e-10,-1.2753801334415802e-10
218_CC_1,THERMAL,2020-07-15 19:00:00,-2.318701634721155e-10,2.653154100443434e-10,1.4587785141693865e-10,-6.655564988022888e-11,-8.994915923210556e-11,1.6722623286113958e-11,-9.208797764589502e-11
221_CC_1,THERMAL,2020-07-15 19:00:00,-3.239703857098136e-10,3.239703857098136e-10,1.6615624467157153e-10,-9.376588394616192e-11,-8.958833674910238e-11,-9.156053693004651e-11,-4.905562808450279e-11
223_CT_4,THERMAL,2020-07-15 19:00:00,0.0,0.0,0.0,0.0,0.0,0.0,0.0
223_CT_5,THERMAL,2020-07-15 19:00:00,0.0,0.0,0.0,0.0,0.0,0.0,0.0
223_CT_6,THERMAL,2020-07-15 19:00:00,0.0,0.0,0.0,0.0,0.0,0.0,0.0
223_STEAM_1,THERMAL,2020-07-15 19:00:00,-0.46254090484952143,0.46254090484952143,0.23160741390272901,-0.11392714546694638,-0.12537893288345725,-0.1080237376643689,-0.1152110888347489
223_STEAM_2,THERMAL,2020-07-15 19:00:00,-0.46254090484952143,0.46254090484952143,0.23160741390272901,-0.11392714546694638,-0.12537893288345725,-0.1080237376643689,-0.1152110888347489
223_STEAM_3,THERMAL,2020-07-15 19:00:00,-1.0321957965587067,1.0321957965587067,0.5175789546877752,-0.25270719784835727,-0.28857436475188014,-0.23419900994797427,-0.25671522401049507
301_CT_1,THERMAL,2020-07-15 19:00:00,0.0,0.0,0.0,0.0,0.0,0.0,0.0
301_CT_2,THERMAL,2020-07-15 19:00:00,0.0,0.0,0.0,0.0,0.0,0.0,0.0
301_CT_3,THERMAL,2020-07-15 19:00:00,0.0,0.0,0.0,0.0,0.0,0.0,0.0
301_CT_4,THERMAL,2020-07-15 19:00:00,0.0,0.0,0.0,0.0,0.0,0.0,0.0
302_CT_1,THERMAL,2020-07-15 19:00:00,0.0,0.0,0.0,0.0,0.0,0.0,0.0
302_CT_2,THERMAL,2020-07-15 19:00:00,0.0,0.0,0.0,0.0,0.0,0.0,0.0
302_CT_3,THERMAL,2020-07-15 19:00:00,0.0,0.0,0.0,0.0,0.0,0.0,0.0
302_CT_4,THERMAL,2020-07-15 19:00:00,0.0,0.0,0.0,0.0,0.0,0.0,0.0
303_WIND_1,WIND,2020-07-15 19:00:00,1.0,1.0,1.0,0.0,1.0,0.0,0.0
307_CT_1,THERMAL,2020-07-15 19:00:00,0.0,0.0,0.0,0.0,0.0,0.0,0.0
307_CT_2,THERMAL,2020-07-15 19:00:00,0.0,0.0,0.0,0.0,0.0,0.0,0.0
309_WIND_1,WIND,2020-07-15 19:00:00,1.0,1.0,1.0,0.0,0.0,1.0,0.0
313_CC_1,THERMAL,2020-07-15 19:00:00,2.6211805480972462e-11,4.211353990050892e-11,2.985465339674313e-11,-4.511058193656936e-12,5.343059328311028e-12,2.8819613362429664e-11,-3.4398090161112927e-12
315_CT_6,THERMAL,2020-07-15 19:00:00,0.0,0.0,0.0,0.0,0.0,0.0,0.0
315_CT_7,THERMAL,2020-07-15 19:00:00,0.0,0.0,0.0,0.0,0.0,0.0,0.0
315_CT_8,THERMAL,2020-07-15 19:00:00,0.0,0.0,0.0,0.0,0.0,0.0,0.0
315_STEAM_1,THERMAL,2020-07-15 19:00:00,0.0,0.0,0.0,0.0,0.0,0.0,0.0
315_STEAM_2,THERMAL,2020-07-15 19:00:00,0.0,0.0,0.0,0.0,0.0,0.0,0.0
315_STEAM_3,THERMAL,2020-07-15 19:00:00,0.0,0.0,0.0,0.0,0.0,0.0,0.0
315_STEAM_4,THERMAL,2020-07-15 19:00:00,0.0,0.0,0.0,0.0,0.0,0.0,0.0
315_STEAM_5,THERMAL,2020-07-15 19:00:00,0.0,0.0,0.0,0.0,0.0,0.0,0.0
316_STEAM_1,THERMAL,2020-07-15 19:00:00,-0.41447607316027973,0.41447607316027973,0.21427759121924791,-0.09621045611951895,-0.14611301360023754,-0.0704052766583998,-0.10174732678212343
317_WIND_1,WIND,2020-07-15 19:00:00,1.0,1.0,1.0,0.0,0.0,0.0,1.0
318_CC_1,THERMAL,2020-07-15 19:00:00,3.1086244689504383e-15,3.1086244689504383e-15,2.220446049250313e-15,1.3322676295501878e-15,0.0,1.7763568394002505e-15,0.0
321_CC_1,THERMAL,2020-07-15 19:00:00,-0.5480155371059432,0.6769728673869047,0.42924711342771166,-0.09212109611191455,-0.39475104501224223,0.06447866514048073,-0.1256220611222672
322_CT_5,THERMAL,2020-07-15 19:00:00,0.0,0.0,0.0,0.0,0.0,0.0,0.0
322_CT_6,THERMAL,2020-07-15 19:00:00,0.0,0.0,0.0,0.0,0.0,0.0,0.0
323_CC_1,THERMAL,2020-07-15 19:00:00,0.16038829074103186,0.48741936810318753,0.33657398997219184,-0.004272376227522301,0.2950844940855426,-0.15924316245355552,0.02881933533656708
323_CC_2,THERMAL,2020-07-15 19:00:00,0.16038829074103186,0.48741936810318753,0.33657398997219184,-0.004272376227522301,0.2950844940855426,-0.15924316245355552,0.02881933533656708
101_CT_1,THERMAL,2020-07-15 20:00:00,0.0,0.0,0.0,0.0,0.0,0.0,0.0
101_CT_2,THERMAL,2020-07-15 20:00:00,0.0,0.0,0.0,0.0,0.0,0.0,0.0
101_STEAM_3,THERMAL,2020-07-15 20:00:00,-0.04006336533242693,0.07009970441710879,0.055892248283582996,0.006590156856160184,0.0018664472143982147,-0.05508153487476786,0.006561565471782529
101_STEAM_4,THERMAL,2020-07-15 20:00:00,0.009862095782905993,0.09528707466724771,0.05810038327249528,-0.013282187554021996,-0.01573487737502899,0.05257458522507685,-0.013695424513119876
102_CT_1,THERMAL,2020-07-15 20:00:00,0.0,0.0,0.0,0.0,0.0,0.0,0.0
102_CT_2,THERMAL,2020-07-15 20:00:00,0.0,0.0,0.0,0.0,0.0,0.0,0.0
102_STEAM_3,THERMAL,2020-07-15 20:00:00,-2.360440804897894e-10,2.360440804897894e-10,1.5806700388014156e-10,-3.232530909613729e-11,-2.301425716666472e-11,-1.4986500929126123e-10,-3.0839504935726146e-11
102_STEAM_4,THERMAL,2020-07-15 20:00:00,-2.0317669599304798e-10,2.0317669599304798e-10,1.0424263458046541e-10,-4.993658264673684e-11,-4.054329094671516e-11,-7.011102809428849e-11,-4.25857943053075e-11
107_CC_1,THERMAL,2020-07-15 20:00:00,-1.4867632887444755e-10,2.3027594482755715e-10,1.192486723216985e-10,-4.789046936792829e-11,-5.986411366620814e-11,4.07998079765548e-11,-8.172155381686592e-11
113_CT_1,THERMAL,2020-07-15 20:00:00,0.0,0.0,0.0,0.0,0.0,0.0,0.0
113_CT_2,THERMAL,2020-07-15 20:00:00,0.0,0.0,0.0,0.0,0.0,0.0,0.0
113_CT_3,THERMAL,2020-07-15 20:00:00,0.0,0.0,0.0,0.0,0.0,0.0,0.0
113_CT_4,THERMAL,2020-07-15 20:00:00,0.0,0.0,0.0,0.0,0.0,0.0,0.0
115_STEAM_1,THERMAL,2020-07-15 20:00:00,0.0,0.0,0.0,0.0,0.0,0.0,0.0
115_STEAM_2,THERMAL,2020-07-15 20:00:00,0.0,0.0,0.0,0.0,0.0,0.0,0.0
115_STEAM_3,THERMAL,2020-07-15 20:00:00,-6.253523904740605e-11,7.263427176860633e-11,4.0069078694527714e-11,-2.7582325312636158e-11,-2.3095692025520975e-11,5.049516360600137e-12,-1.6906738069849064e-11
116_STEAM_1,THERMAL,2020-07-15 20:00:00,-1.33096831590133e-10,1.33096831590133e-10,8.618459350262198e-11,-1.7369605753714268e-11,-5.8087978871412815e-12,-7.788636402494831e-11,-3.203206392432915e-11
118_CC_1,THERMAL,2020-07-15 20:00:00,-2.3247956967275592e-11,9.471256897318707e-11,5.160563047139841e-11,-2.957634137601417e-11,-2.099831419855036e-11,3.573230600295574e-11,-8.405607395666799e-12
122_WIND_1,WIND,2020-07-15 20:00:00,1.0,1.0,1.0,1.0,0.0,0.0,0.0
123_CT_1,THERMAL,2020-07-15 20:00:00,0.0,0.0,0.0,0.0,0.0,0.0,0.0
123_CT_4,THERMAL,2020-07-15 20:00:00,0.0,0.0,0.0,0.0,0.0,0.0,0.0
123_CT_5,THERMAL,2020-07-15 20:00:00,0.0,0.0,0.0,0.0,0.0,0.0,0.0
123_STEAM_2,THERMAL,2020-07-15 20:00:00,-9.700137346929168e-11,1.436933570821371e-10,7.518000868787704e-11,-5.2645054982036754e-11,-3.8525294066005245e-11,2.3345991806422717e-11,-2.917701622767239e-11
123_STEAM_3,THERMAL,2020-07-15 20:00:00,-2.048681307346502e-10,2.048681307346502e-10,1.1909012914321297e-10,-3.2786773296322735e-11,-2.147848565670074e-11,-1.0085088320010982e-10,-4.9751988581516915e-11
201_CT_1,THERMAL,2020-07-15 20:00:00,0.0,0.0,0.0,0.0,0.0,0.0,0.0
201_CT_2,THERMAL,2020-07-15 20:00:00,0.0,0.0,0.0,0.0,0.0,0.0,0.0
201_STEAM_3,THERMAL,2020-07-15 20:00:00,-0.1586249643802015,0.1586249643802015,0.0796783900562294,-0.038612658740980244,-0.045607022154719096,-0.03500777820667145,-0.03939750527783071
202_CT_1,THERMAL,2020-07-15 20:00:00,0.0,0.0,0.0,0.0,0.0,0.0,0.0
202_CT_2,THERMAL,2020-07-15 20:00:00,0.0,0.0,0.0,0.0,0.0,0.0,0.0
202_STEAM_3,THERMAL,2020-07-15 20:00:00,-0.1605872709057783,0.1605872709057783,0.08053240814914443,-0.03929800066454067,-0.04498167900059874,-0.03637050934450381,-0.039937081896135075
202_STEAM_4,THERMAL,2020-07-15 20:00:00,-0.1605872709057783,0.1605872709057783,0.08053240814914443,-0.03929800066454067,-0.04498167900059874,-0.03637050934450381,-0.039937081896135075
207_CT_1,THERMAL,2020-07-15 20:00:00,0.0,0.0,0.0,0.0,0.0,0.0,0.0
207_CT_2,THERMAL,2020-07-15 20:00:00,0.0,0.0,0.0,0.0,0.0,0.0,0.0
212_CSP_1,THERMAL,2020-07-15 20:00:00,-0.629910932591024,0.629910932591024,0.31498366761994434,-0.1580331241400229,-0.1541917477308763,-0.16005358511265744,-0.1576324756074674
213_CC_3,THERMAL,2020-07-15 20:00:00,-0.3702886835747694,0.3702886835747694,0.23250345753642876,-0.07342453728025555,-0.20228610399121705,-0.006825925739490923,-0.08775211656380587
213_CT_1,THERMAL,2020-07-15 20:00:00,0.0,0.0,0.0,0.0,0.0,0.0,0.0
213_CT_2,THERMAL,2020-07-15 20:00:00,0.0,0.0,0.0,0.0,0.0,0.0,0.0
215_CT_4,THERMAL,2020-07-15 20:00:00,0.0,0.0,0.0,0.0,0.0,0.0,0.0
215_CT_5,THERMAL,2020-07-15 20:00:00,0.0,0.0,0.0,0.0,0.0,0.0,0.0
216_STEAM_1,THERMAL,2020-07-15 20:00:00,-0.22924397067934613,0.22924397067934613,0.11464614307638886,-0.0569824934415013,-0.059147843971368075,-0.055878914852637074,-0.05723471841383967
218_CC_1,THERMAL,2020-07-15 20:00:00,-0.5679690461699223,0.5679690461699223,0.2840460825617386,-0.14116290028980794,-0.14660803337099382,-0.13839523339222737,-0.14180287911689318
221_CC_1,THERMAL,2020-07-15 20:00:00,-7.820213888753266e-10,7.820213888753266e-10,3.9538462303633843e-10,-1.522372228279778e-10,-2.1074575418111863e-10,-2.3122703751710105e-10,-1.8781137434912913e-10
223_CT_4,THERMAL,2020-07-15 20:00:00,0.0,0.0,0.0,0.0,0.0,0.0,0.0
223_CT_5,THERMAL,2020-07-15 20:00:00,0.0,0.0,0.0,0.0,0.0,0.0,0.0
223_CT_6,THERMAL,2020-07-15 20:00:00,0.0,0.0,0.0,0.0,0.0,0.0,0.0
223_STEAM_1,THERMAL,2020-07-15 20:00:00,-0.3236218207279082,0.3236218207279082,0.16235591548962314,-0.07908881276984325,-0.09127523054707398,-0.07280383254705836,-0.0804539448639326
223_STEAM_2,THERMAL,2020-07-15 20:00:00,-0.3236218207279082,0.3236218207279082,0.16235591548962314,-0.07908881276984325,-0.09127523054707398,-0.07280383254705836,-0.0804539448639326
223_STEAM_3,THERMAL,2020-07-15 20:00:00,-0.718815358416186,0.718815358416186,0.36148477305472637,-0.17442088566040503,-0.2098924633322703,-0.15611654293771204,-0.17838546648579873
301_CT_1,THERMAL,2020-07-15 20:00:00,0.0,0.0,0.0,0.0,0.0,0.0,0.0
301_CT_2,THERMAL,2020-07-15 20:00:00,0.0,0.0,0.0,0.0,0.0,0.0,0.0
301_CT_3,THERMAL,2020-07-15 20:00:00,0.0,0.0,0.0,0.0,0.0,0.0,0.0
301_CT_4,THERMAL,2020-07-15 20:00:00,0.0,0.0,0.0,0.0,0.0,0.0,0.0
302_CT_1,THERMAL,2020-07-15 20:00:00,0.0,0.0,0.0,0.0,0.0,0.0,0.0
302_CT_2,THERMAL,2020-07-15 20:00:00,0.0,0.0,0.0,0.0,0.0,0.0,0.0
302_CT_3,THERMAL,2020-07-15 20:00:00,0.0,0.0,0.0,0.0,0.0,0.0,0.0
302_CT_4,THERMAL,2020-07-15 20:00:00,0.0,0.0,0.0,0.0,0.0,0.0,0.0
303_WIND_1,WIND,2020-07-15 20:00:00,1.0,1.0,1.0,0.0,1.0,0.0,0.0
307_CT_1,THERMAL,2020-07-15 20:00:00,0.0,0.0,0.0,0.0,0.0,0.0,0.0
307_CT_2,THERMAL,2020-07-15 20:00:00,0.0,0.0,0.0,0.0,0.0,0.0,0.0
309_WIND_1,WIND,2020-07-15 20:00:00,1.0,1.0,1.0,0.0,0.0,1.0,0.0
313_CC_1,THERMAL,2020-07-15 20:00:00,-3.8120971536176384e-11,4.768243426885316e-11,3.5332770996654984e-11,-7.243095012654521e-13,4.7807313663383866e-12,-3.404165838105655e-11,-8.135735020192772e-12
315_CT_6,THERMAL,2020-07-15 20:00:00,0.0,0.0,0.0,0.0,0.0,0.0,0.0
315_CT_7,THERMAL,2020-07-15 20:00:00,0.0,0.0,0.0,0.0,0.0,0.0,0.0
315_CT_8,THERMAL,2020-07-15 20:00:00,0.0,0.0,0.0,0.0,0.0,0.0,0.0
315_STEAM_1,THERMAL,2020-07-15 20:00:00,0.0,0.0,0.0,0.0,0.0,0.0,0.0
315_STEAM_2,THERMAL,2020-07-15 20:00:00,0.0,0.0,0.0,0.0,0.0,0.0,0.0
315_STEAM_3,THERMAL,2020-07-15 20:00:00,0.0,0.0,0.0,0.0,0.0,0.0,0.0
315_STEAM_4,THERMAL,2020-07-15 20:00:00,0.0,0.0,0.0,0.0,0.0,0.0,0.0
315_STEAM_5,THERMAL,2020-07-15 20:00:00,0.0,0.0,0.0,0.0,0.0,0.0,0.0
316_STEAM_1,THERMAL,2020-07-15 20:00:00,-0.28772333085338564,0.28772333085338564,0.14898918781533346,-0.06665652151659734,-0.10216029940698879,-0.04830470352509919,-0.07060180640470029
317_WIND_1,WIND,2020-07-15 20:00:00,1.0,1.0,1.0,0.0,0.0,0.0,1.0
318_CC_1,THERMAL,2020-07-15 20:00:00,2.6645352591003757e-15,2.6645352591003757e-15,2.248030287623391e-15,3.3306690738754696e-16,1.1102230246251565e-16,2.220446049250313e-15,0.0
321_CC_1,THERMAL,2020-07-15 20:00:00,-0.31904161500501865,0.3693117636035382,0.23460489478247334,-0.05638202634962086,-0.21395397922750403,0.025135074299259763,-0.07384068372715352
322_CT_5,THERMAL,2020-07-15 20:00:00,0.0,0.0,0.0,0.0,0.0,0.0,0.0
322_CT_6,THERMAL,2020-07-15 20:00:00,0.0,0.0,0.0,0.0,0.0,0.0,0.0
323_CC_1,THERMAL,2020-07-15 20:00:00,0.14011867820801466,0.34381543474881077,0.23513089032393622,0.004570402714455524,0.21011487144061536,-0.10184837827039805,0.027281782323341833
323_CC_2,THERMAL,2020-07-15 20:00:00,0.14011867820801466,0.34381543474881077,0.23513089032393622,0.004570402714455524,0.21011487144061536,-0.10184837827039805,0.027281782323341833
101_CT_1,THERMAL,2020-07-15 21:00:00,0.0,0.0,0.0,0.0,0.0,0.0,0.0
101_CT_2,THERMAL,2020-07-15 21:00:00,0.0,0.0,0.0,0.0,0.0,0.0,0.0
101_STEAM_3,THERMAL,2020-07-15 21:00:00,-0.03730995247248024,0.053429208601461206,0.02925897263889834,-0.02219708635776769,-0.0077173332026635195,-0.015455160976539522,0.008059628064490478
101_STEAM_4,THERMAL,2020-07-15 21:00:00,0.03711275646824229,0.052528098216599775,0.028847828010108222,0.021752771068334044,0.007438247686420022,0.015629408587666965,-0.00770767087417874
102_CT_1,THERMAL,2020-07-15 21:00:00,0.0,0.0,0.0,0.0,0.0,0.0,0.0
102_CT_2,THERMAL,2020-07-15 21:00:00,0.0,0.0,0.0,0.0,0.0,0.0,0.0
102_STEAM_3,THERMAL,2020-07-15 21:00:00,-0.03440928196015691,0.03440928196015691,0.017363618893768647,-0.009082202234742376,-0.010300183178654804,-0.007588548965543507,-0.007438347581216224
102_STEAM_4,THERMAL,2020-07-15 21:00:00,-0.03275247487314499,0.03275247487314499,0.01652755982906599,-0.008644892061810572,-0.009804225700463687,-0.007223167144803089,-0.007080189966067641
107_CC_1,THERMAL,2020-07-15 21:00:00,-0.7489263960671484,0.7489263960671484,0.4629739666739936,-0.25235584261861455,-0.37715800315443965,-0.08503989497117681,-0.034372655322917306
113_CT_1,THERMAL,2020-07-15 21:00:00,0.0,0.0,0.0,0.0,0.0,0.0,0.0
113_CT_2,THERMAL,2020-07-15 21:00:00,0.0,0.0,0.0,0.0,0.0,0.0,0.0
113_CT_3,THERMAL,2020-07-15 21:00:00,0.0,0.0,0.0,0.0,0.0,0.0,0.0
113_CT_4,THERMAL,2020-07-15 21:00:00,0.0,0.0,0.0,0.0,0.0,0.0,0.0
115_STEAM_1,THERMAL,2020-07-15 21:00:00,0.0,0.0,0.0,0.0,0.0,0.0,0.0
115_STEAM_2,THERMAL,2020-07-15 21:00:00,0.0,0.0,0.0,0.0,0.0,0.0,0.0
115_STEAM_3,THERMAL,2020-07-15 21:00:00,-6.029206195836377e-09,6.029206195836377e-09,3.0559695695139016e-09,-1.6560247617647406e-09,-1.84138865266803e-09,-1.2862984011263734e-09,-1.2454943802772326e-09
116_STEAM_1,THERMAL,2020-07-15 21:00:00,-3.928636600236676e-09,3.928636600236676e-09,1.981489325638522e-09,-1.03449360189245e-09,-1.1642672936851284e-09,-9.116798427299955e-10,-8.181958619291026e-10
118_CC_1,THERMAL,2020-07-15 21:00:00,-0.5807031523699837,0.5807031523699837,0.3119723480299057,-0.17219690029820667,-0.2250039859585708,-0.10203799194054719,-0.08146427417265908
122_WIND_1,WIND,2020-07-15 21:00:00,1.0,1.0,1.0,1.0,0.0,0.0,0.0
123_CT_1,THERMAL,2020-07-15 21:00:00,0.0,0.0,0.0,0.0,0.0,0.0,0.0
123_CT_4,THERMAL,2020-07-15 21:00:00,0.0,0.0,0.0,0.0,0.0,0.0,0.0
123_CT_5,THERMAL,2020-07-15 21:00:00,0.0,0.0,0.0,0.0,0.0,0.0,0.0
123_STEAM_2,THERMAL,2020-07-15 21:00:00,-4.575005640078611e-09,4.575005640078611e-09,2.3709549311951815e-09,-1.3033162327147352e-09,-1.5658704333176843e-09,-9.421694535660663e-10,-7.636495204801249e-10
123_STEAM_3,THERMAL,2020-07-15 21:00:00,-2.992740078950269e-09,2.992740078950269e-09,1.5422392918033486e-09,-8.885971958250138e-10,-9.745506623914935e-10,-5.407256864486953e-10,-5.888665342850663e-10
201_CT_1,THERMAL,2020-07-15 21:00:00,0.0,0.0,0.0,0.0,0.0,0.0,0.0
201_CT_2,THERMAL,2020-07-15 21:00:00,0.0,0.0,0.0,0.0,0.0,0.0,0.0
201_STEAM_3,THERMAL,2020-07-15 21:00:00,-1.8855990169559668e-08,1.8855990169559668e-08,1.0377713556994041e-08,-5.80883208201044e-09,-7.713992139501968e-09,-3.003780446597659e-09,-2.3293855014496003e-09
202_CT_1,THERMAL,2020-07-15 21:00:00,0.0,0.0,0.0,0.0,0.0,0.0,0.0
202_CT_2,THERMAL,2020-07-15 21:00:00,0.0,0.0,0.0,0.0,0.0,0.0,0.0
202_STEAM_3,THERMAL,2020-07-15 21:00:00,-6.2384472680823564e-09,6.2384472680823564e-09,3.3374202940068713e-09,-1.8628329647064387e-09,-2.378444207062445e-09,-1.0904722658168809e-09,-9.066978304965922e-10
202_STEAM_4,THERMAL,2020-07-15 21:00:00,-6.238451639987098e-09,6.238451639987098e-09,3.3374224374905337e-09,-1.8628342544723356e-09,-2.37844528635557e-09,-1.0904742686633184e-09,-9.066978304958731e-10
207_CT_1,THERMAL,2020-07-15 21:00:00,0.0,0.0,0.0,0.0,0.0,0.0,0.0
207_CT_2,THERMAL,2020-07-15 21:00:00,0.0,0.0,0.0,0.0,0.0,0.0,0.0
212_CSP_1,THERMAL,2020-07-15 21:00:00,-1.6616639268330951e-09,1.6616639268330951e-09,8.311891651239615e-10,-4.233238204420786e-10,-4.219036231489781e-10,-4.221005767135466e-10,-3.9433590652849175e-10
213_CC_3,THERMAL,2020-07-15 21:00:00,0.0,0.0,0.0,0.0,0.0,0.0,0.0
213_CT_1,THERMAL,2020-07-15 21:00:00,0.0,0.0,0.0,0.0,0.0,0.0,0.0
213_CT_2,THERMAL,2020-07-15 21:00:00,0.0,0.0,0.0,0.0,0.0,0.0,0.0
215_CT_4,THERMAL,2020-07-15 21:00:00,0.0,0.0,0.0,0.0,0.0,0.0,0.0
215_CT_5,THERMAL,2020-07-15 21:00:00,0.0,0.0,0.0,0.0,0.0,0.0,0.0
216_STEAM_1,THERMAL,2020-07-15 21:00:00,-2.997105139962368e-09,2.997105139962368e-09,1.5328140166666597e-09,-8.315068633635292e-10,-9.665673816883213e-10,-6.496407856104724e-10,-5.49390109300045e-10
218_CC_1,THERMAL,2020-07-15 21:00:00,4.440892098500626e-15,4.440892098500626e-15,2.737549743767154e-15,1.3322676295501878e-15,8.881784197001252e-16,2.220446049250313e-15,0.0
221_CC_1,THERMAL,2020-07-15 21:00:00,-0.551847990457268,0.7333516542980911,0.4791945071892352,-0.23005395771079074,-0.4125458646668888,0.01080342465765849,0.07994840726275311
223_CT_4,THERMAL,2020-07-15 21:00:00,0.0,0.0,0.0,0.0,0.0,0.0,0.0
223_CT_5,THERMAL,2020-07-15 21:00:00,0.0,0.0,0.0,0.0,0.0,0.0,0.0
223_CT_6,THERMAL,2020-07-15 21:00:00,0.0,0.0,0.0,0.0,0.0,0.0,0.0
223_STEAM_1,THERMAL,2020-07-15 21:00:00,-3.0426750387132526e-09,3.0426750387132526e-09,1.5634456537615168e-09,-8.514929193637313e-10,-1.0053805768086133e-09,-6.451949734777174e-10,-5.406065690631908e-10
223_STEAM_2,THERMAL,2020-07-15 21:00:00,-3.042679422953374e-09,3.042679422953374e-09,1.563447844588801e-09,-8.51493943275746e-10,-1.005381646583635e-09,-6.451972640296587e-10,-5.406065690643338e-10
223_STEAM_3,THERMAL,2020-07-15 21:00:00,-4.215038469111303e-09,4.215038469111303e-09,2.1999838963910814e-09,-1.154347062382044e-09,-1.5040572121094442e-09,-9.08064734517211e-10,-6.485694601026039e-10
301_CT_1,THERMAL,2020-07-15 21:00:00,0.0,0.0,0.0,0.0,0.0,0.0,0.0
301_CT_2,THERMAL,2020-07-15 21:00:00,0.0,0.0,0.0,0.0,0.0,0.0,0.0
301_CT_3,THERMAL,2020-07-15 21:00:00,0.0,0.0,0.0,0.0,0.0,0.0,0.0
301_CT_4,THERMAL,2020-07-15 21:00:00,0.0,0.0,0.0,0.0,0.0,0.0,0.0
302_CT_1,THERMAL,2020-07-15 21:00:00,0.0,0.0,0.0,0.0,0.0,0.0,0.0
302_CT_2,THERMAL,2020-07-15 21:00:00,0.0,0.0,0.0,0.0,0.0,0.0,0.0
302_CT_3,THERMAL,2020-07-15 21:00:00,0.0,0.0,0.0,0.0,0.0,0.0,0.0
302_CT_4,THERMAL,2020-07-15 21:00:00,0.0,0.0,0.0,0.0,0.0,0.0,0.0
303_WIND_1,WIND,2020-07-15 21:00:00,1.0,1.0,1.0,0.0,1.0,0.0,0.0
307_CT_1,THERMAL,2020-07-15 21:00:00,0.0,0.0,0.0,0.0,0.0,0.0,0.0
307_CT_2,THERMAL,2020-07-15 21:00:00,0.0,0.0,0.0,0.0,0.0,0.0,0.0
309_WIND_1,WIND,2020-07-15 21:00:00,1.0,1.0,1.0,0.0,0.0,1.0,0.0
313_CC_1,THERMAL,2020-07-15 21:00:00,2.779369398134936e-11,4.596774741790664e-11,3.281794928056326e-11,5.155875726359227e-12,-3.3855140912919524e-12,3.172484497326877e-11,-5.701512626986686e-12
315_CT_6,THERMAL,2020-07-15 21:00:00,0.0,0.0,0.0,0.0,0.0,0.0,0.0
315_CT_7,THERMAL,2020-07-15 21:00:00,0.0,0.0,0.0,0.0,0.0,0.0,0.0
315_CT_8,THERMAL,2020-07-15 21:00:00,0.0,0.0,0.0,0.0,0.0,0.0,0.0
315_STEAM_1,THERMAL,2020-07-15 21:00:00,0.0,0.0,0.0,0.0,0.0,0.0,0.0
315_STEAM_2,THERMAL,2020-07-15 21:00:00,0.0,0.0,0.0,0.0,0.0,0.0,0.0
315_STEAM_3,THERMAL,2020-07-15 21:00:00,0.0,0.0,0.0,0.0,0.0,0.0,0.0
315_STEAM_4,THERMAL,2020-07-15 21:00:00,0.0,0.0,0.0,0.0,0.0,0.0,0.0
315_STEAM_5,THERMAL,2020-07-15 21:00:00,0.0,0.0,0.0,0.0,0.0,0.0,0.0
316_STEAM_1,THERMAL,2020-07-15 21:00:00,-0.3691176728199901,0.3691176728199901,0.20124216989710925,-0.07355863412216845,-0.15128083809655027,-0.04219292582531309,-0.10208527477595827
317_WIND_1,WIND,2020-07-15 21:00:00,1.0,1.0,1.0,0.0,0.0,0.0,1.0
318_CC_1,THERMAL,2020-07-15 21:00:00,0.0,0.0,0.0,0.0,0.0,0.0,0.0
321_CC_1,THERMAL,2020-07-15 21:00:00,0.0,0.0,0.0,0.0,0.0,0.0,0.0
322_CT_5,THERMAL,2020-07-15 21:00:00,0.0,0.0,0.0,0.0,0.0,0.0,0.0
322_CT_6,THERMAL,2020-07-15 21:00:00,0.0,0.0,0.0,0.0,0.0,0.0,0.0
323_CC_1,THERMAL,2020-07-15 21:00:00,-0.8934846201009765,1.0517505605402448,0.6090120691527705,-0.14311886219143136,0.07913297021963416,-0.4071140939637875,-0.4223846341653918
323_CC_2,THERMAL,2020-07-15 21:00:00,-0.788561151557063,1.0030396295087285,0.5780931284390113,-0.1105443749488387,0.10723923897583278,-0.35978103735346634,-0.4254749782305907
101_CT_1,THERMAL,2020-07-15 22:00:00,0.0,0.0,0.0,0.0,0.0,0.0,0.0
101_CT_2,THERMAL,2020-07-15 22:00:00,0.0,0.0,0.0,0.0,0.0,0.0,0.0
101_STEAM_3,THERMAL,2020-07-15 22:00:00,-0.05695058123603529,0.058737790434630094,0.04232953720427104,-0.0129281012225861,0.0008936045992974026,-0.03999554584959094,-0.004920538763155654
101_STEAM_4,THERMAL,2020-07-15 22:00:00,0.05693422705558889,0.05874619993513356,0.0422995475954451,0.012523735702717906,-0.0009059864397723341,0.040047824567538436,0.005268653225104884
102_CT_1,THERMAL,2020-07-15 22:00:00,0.0,0.0,0.0,0.0,0.0,0.0,0.0
102_CT_2,THERMAL,2020-07-15 22:00:00,0.0,0.0,0.0,0.0,0.0,0.0,0.0
102_STEAM_3,THERMAL,2020-07-15 22:00:00,-0.029848338911284713,0.029848338911284713,0.014939504751033407,-0.007931454952687989,-0.007635022068633479,-0.0071137921432544715,-0.007168069746708775
102_STEAM_4,THERMAL,2020-07-15 22:00:00,-0.02787627353940983,0.02787627353940983,0.013952458537395736,-0.007407424615507141,-0.007130575291792979,-0.0066437984175165,-0.0066944752145932105
107_CC_1,THERMAL,2020-07-15 22:00:00,-0.48499662827225704,0.5491245336531664,0.30880101071658445,-0.21071022460542377,-0.1919430642704959,-0.11440729208679201,0.03206395269045466
113_CT_1,THERMAL,2020-07-15 22:00:00,0.0,0.0,0.0,0.0,0.0,0.0,0.0
113_CT_2,THERMAL,2020-07-15 22:00:00,0.0,0.0,0.0,0.0,0.0,0.0,0.0
113_CT_3,THERMAL,2020-07-15 22:00:00,0.0,0.0,0.0,0.0,0.0,0.0,0.0
113_CT_4,THERMAL,2020-07-15 22:00:00,0.0,0.0,0.0,0.0,0.0,0.0,0.0
115_STEAM_1,THERMAL,2020-07-15 22:00:00,0.0,0.0,0.0,0.0,0.0,0.0,0.0
115_STEAM_2,THERMAL,2020-07-15 22:00:00,0.0,0.0,0.0,0.0,0.0,0.0,0.0
115_STEAM_3,THERMAL,2020-07-15 22:00:00,-0.3411590957988574,0.3411590957988574,0.17106026759300308,-0.07871806816558191,-0.08229089074315016,-0.08431945018104914,-0.0958306867090762
116_STEAM_1,THERMAL,2020-07-15 22:00:00,-0.34745566760633123,0.34745566760633123,0.1738218376129775,-0.08379289068035534,-0.08618105066118281,-0.08593661362927474,-0.09154511263551834
118_CC_1,THERMAL,2020-07-15 22:00:00,-0.6415629528683896,0.6415629528683896,0.3273073368786143,-0.1279498510018886,-0.14185423958524002,-0.1581848714534848,-0.2135739908277762
122_WIND_1,WIND,2020-07-15 22:00:00,1.0,1.0,1.0,1.0,0.0,0.0,0.0
123_CT_1,THERMAL,2020-07-15 22:00:00,0.0,0.0,0.0,0.0,0.0,0.0,0.0
123_CT_4,THERMAL,2020-07-15 22:00:00,0.0,0.0,0.0,0.0,0.0,0.0,0.0
123_CT_5,THERMAL,2020-07-15 22:00:00,0.0,0.0,0.0,0.0,0.0,0.0,0.0
123_STEAM_2,THERMAL,2020-07-15 22:00:00,-0.3717152326910853,0.3717152326910853,0.18823146811884786,-0.10645755181845518,-0.1049301102299402,-0.091005424128209,-0.06932214651448096
123_STEAM_3,THERMAL,2020-07-15 22:00:00,-0.829585952960116,0.829585952960116,0.41769718054420535,-0.2296670137156771,-0.22730900673857002,-0.2041309585116018,-0.16847897399426698
201_CT_1,THERMAL,2020-07-15 22:00:00,0.0,0.0,0.0,0.0,0.0,0.0,0.0
201_CT_2,THERMAL,2020-07-15 22:00:00,0.0,0.0,0.0,0.0,0.0,0.0,0.0
201_STEAM_3,THERMAL,2020-07-15 22:00:00,-3.006016299439548e-11,7.462629155968867e-11,4.832758973733266e-11,2.2283064282646592e-11,-2.1617707623988736e-12,-4.205036319149258e-11,-8.131093323150619e-12
202_CT_1,THERMAL,2020-07-15 22:00:00,0.0,0.0,0.0,0.0,0.0,0.0,0.0
202_CT_2,THERMAL,2020-07-15 22:00:00,0.0,0.0,0.0,0.0,0.0,0.0,0.0
202_STEAM_3,THERMAL,2020-07-15 22:00:00,-1.0475376597646117e-10,1.1750441952915378e-10,1.0055065351950642e-10,6.3753267763463005e-12,-3.739364057787806e-12,-1.0000646858199402e-10,-7.383260113025655e-12
202_STEAM_4,THERMAL,2020-07-15 22:00:00,-1.047583627778645e-10,1.1750642347634279e-10,1.0055277968823426e-10,6.374030349239147e-12,-3.7404860148680295e-12,-1.0000864699921508e-10,-7.383260113020525e-12
207_CT_1,THERMAL,2020-07-15 22:00:00,0.0,0.0,0.0,0.0,0.0,0.0,0.0
207_CT_2,THERMAL,2020-07-15 22:00:00,0.0,0.0,0.0,0.0,0.0,0.0,0.0
212_CSP_1,THERMAL,2020-07-15 22:00:00,-4.061961794219918e-11,4.061961794219918e-11,2.4266938701680043e-11,-1.708322372451221e-11,-1.5190293467526317e-11,-2.0605739337042905e-13,-8.140043356790227e-12
213_CC_3,THERMAL,2020-07-15 22:00:00,0.0,0.0,0.0,0.0,0.0,0.0,0.0
213_CT_1,THERMAL,2020-07-15 22:00:00,0.0,0.0,0.0,0.0,0.0,0.0,0.0
213_CT_2,THERMAL,2020-07-15 22:00:00,0.0,0.0,0.0,0.0,0.0,0.0,0.0
215_CT_4,THERMAL,2020-07-15 22:00:00,0.0,0.0,0.0,0.0,0.0,0.0,0.0
215_CT_5,THERMAL,2020-07-15 22:00:00,0.0,0.0,0.0,0.0,0.0,0.0,0.0
216_STEAM_1,THERMAL,2020-07-15 22:00:00,-1.2302972713867917e-10,1.2401338473849706e-10,9.799611743484677e-11,4.918287999089443e-13,-1.3101797424752704e-11,-9.604539386032229e-11,-1.437436465351312e-11
218_CC_1,THERMAL,2020-07-15 22:00:00,4.107825191113079e-15,4.107825191113079e-15,2.424763686264159e-15,1.1102230246251565e-15,1.2212453270876722e-15,1.7763568394002505e-15,0.0
221_CC_1,THERMAL,2020-07-15 22:00:00,-3.5597216643361323e-10,1.2500873411747796e-09,7.013738398349889e-10,-4.3300563135062475e-10,-3.19384629854369e-10,-5.063949259920264e-11,4.4705758737058316e-10
223_CT_4,THERMAL,2020-07-15 22:00:00,0.0,0.0,0.0,0.0,0.0,0.0,0.0
223_CT_5,THERMAL,2020-07-15 22:00:00,0.0,0.0,0.0,0.0,0.0,0.0,0.0
223_CT_6,THERMAL,2020-07-15 22:00:00,0.0,0.0,0.0,0.0,0.0,0.0,0.0
223_STEAM_1,THERMAL,2020-07-15 22:00:00,1.0315241411820339e-11,6.073069664910767e-11,3.651565570676181e-11,-7.37167355918029e-12,-1.7836054059463374e-11,3.0606445625525335e-11,4.9165234049386694e-12
223_STEAM_2,THERMAL,2020-07-15 22:00:00,4.301416420847797e-11,7.380466928031651e-11,5.294488160250948e-11,9.76788937339389e-13,-1.5395252535919274e-11,5.011653822734025e-11,7.316089579717609e-12
223_STEAM_3,THERMAL,2020-07-15 22:00:00,5.050378409281988e-13,9.824929497353191e-11,5.4385948371460834e-11,-2.844213753405711e-11,-2.0429991032244743e-11,4.069544701224004e-11,8.681719394990014e-12
301_CT_1,THERMAL,2020-07-15 22:00:00,0.0,0.0,0.0,0.0,0.0,0.0,0.0
301_CT_2,THERMAL,2020-07-15 22:00:00,0.0,0.0,0.0,0.0,0.0,0.0,0.0
301_CT_3,THERMAL,2020-07-15 22:00:00,0.0,0.0,0.0,0.0,0.0,0.0,0.0
301_CT_4,THERMAL,2020-07-15 22:00:00,0.0,0.0,0.0,0.0,0.0,0.0,0.0
302_CT_1,THERMAL,2020-07-15 22:00:00,0.0,0.0,0.0,0.0,0.0,0.0,0.0
302_CT_2,THERMAL,2020-07-15 22:00:00,0.0,0.0,0.0,0.0,0.0,0.0,0.0
302_CT_3,THERMAL,2020-07-15 22:00:00,0.0,0.0,0.0,0.0,0.0,0.0,0.0
302_CT_4,THERMAL,2020-07-15 22:00:00,0.0,0.0,0.0,0.0,0.0,0.0,0.0
303_WIND_1,WIND,2020-07-15 22:00:00,1.0,1.0,1.0,0.0,1.0,0.0,0.0
307_CT_1,THERMAL,2020-07-15 22:00:00,0.0,0.0,0.0,0.0,0.0,0.0,0.0
307_CT_2,THERMAL,2020-07-15 22:00:00,0.0,0.0,0.0,0.0,0.0,0.0,0.0
309_WIND_1,WIND,2020-07-15 22:00:00,1.0,1.0,1.0,0.0,0.0,1.0,0.0
313_CC_1,THERMAL,2020-07-15 22:00:00,-0.6636786551134337,0.6636786551134337,0.36166995215793335,-0.11338839580631044,-0.08476281748142867,-0.1980823771051492,-0.2674450647205454
315_CT_6,THERMAL,2020-07-15 22:00:00,0.0,0.0,0.0,0.0,0.0,0.0,0.0
315_CT_7,THERMAL,2020-07-15 22:00:00,0.0,0.0,0.0,0.0,0.0,0.0,0.0
315_CT_8,THERMAL,2020-07-15 22:00:00,0.0,0.0,0.0,0.0,0.0,0.0,0.0
315_STEAM_1,THERMAL,2020-07-15 22:00:00,0.0,0.0,0.0,0.0,0.0,0.0,0.0
315_STEAM_2,THERMAL,2020-07-15 22:00:00,0.0,0.0,0.0,0.0,0.0,0.0,0.0
315_STEAM_3,THERMAL,2020-07-15 22:00:00,0.0,0.0,0.0,0.0,0.0,0.0,0.0
315_STEAM_4,THERMAL,2020-07-15 22:00:00,0.0,0.0,0.0,0.0,0.0,0.0,0.0
315_STEAM_5,THERMAL,2020-07-15 22:00:00,0.0,0.0,0.0,0.0,0.0,0.0,0.0
316_STEAM_1,THERMAL,2020-07-15 22:00:00,-0.2621048471795601,0.2621048471795601,0.1436063542583487,-0.03357275862909681,-0.06595084065075085,-0.05022770075714833,-0.11235354714256414
317_WIND_1,WIND,2020-07-15 22:00:00,1.0,1.0,1.0,0.0,0.0,0.0,1.0
318_CC_1,THERMAL,2020-07-15 22:00:00,0.0,0.0,0.0,0.0,0.0,0.0,0.0
321_CC_1,THERMAL,2020-07-15 22:00:00,0.0,0.0,0.0,0.0,0.0,0.0,0.0
322_CT_5,THERMAL,2020-07-15 22:00:00,0.0,0.0,0.0,0.0,0.0,0.0,0.0
322_CT_6,THERMAL,2020-07-15 22:00:00,0.0,0.0,0.0,0.0,0.0,0.0,0.0
323_CC_1,THERMAL,2020-07-15 22:00:00,-8.646114130639954e-11,8.646114130639954e-11,4.595335805710492e-11,-1.9861353299810675e-11,-1.3668235963777119e-11,-1.841771766448974e-11,-3.4513834378322e-11
323_CC_2,THERMAL,2020-07-15 22:00:00,-8.646497285291899e-11,8.646497285291899e-11,4.5954916581060144e-11,-1.9862426521277426e-11,-1.366834148235826e-11,-1.8420370470992653e-11,-3.4513834378290654e-11
101_CT_1,THERMAL,2020-07-15 23:00:00,0.0,0.0,0.0,0.0,0.0,0.0,0.0
101_CT_2,THERMAL,2020-07-15 23:00:00,0.0,0.0,0.0,0.0,0.0,0.0,0.0
101_STEAM_3,THERMAL,2020-07-15 23:00:00,-0.034151417664410814,0.045850586876468584,0.03326331749165651,-0.003173530897959553,0.005849584606028885,-0.03227064782931736,-0.004556823543162786
101_STEAM_4,THERMAL,2020-07-15 23:00:00,0.029249328130523958,0.043782966139681245,0.0321567597576938,0.001218937158986055,-0.007266819004578644,0.03100559221988084,0.004291617756235702
102_CT_1,THERMAL,2020-07-15 23:00:00,0.0,0.0,0.0,0.0,0.0,0.0,0.0
102_CT_2,THERMAL,2020-07-15 23:00:00,0.0,0.0,0.0,0.0,0.0,0.0,0.0
102_STEAM_3,THERMAL,2020-07-15 23:00:00,-0.17032559609467673,0.17032559609467673,0.0859861864936413,-0.04868783369216967,-0.04540561047185579,-0.043397134655211556,-0.032835017275439735
102_STEAM_4,THERMAL,2020-07-15 23:00:00,-0.1703255381365526,0.1703255381365526,0.08598615497920488,-0.04868779863211714,-0.045405609458470914,-0.043397112101859925,-0.03283501794410463
107_CC_1,THERMAL,2020-07-15 23:00:00,-0.5465625207740992,0.5465625207740992,0.2914310976616379,-0.18316675447935848,-0.1764430414717355,-0.1307202692594407,-0.05623245556356449
113_CT_1,THERMAL,2020-07-15 23:00:00,0.0,0.0,0.0,0.0,0.0,0.0,0.0
113_CT_2,THERMAL,2020-07-15 23:00:00,0.0,0.0,0.0,0.0,0.0,0.0,0.0
113_CT_3,THERMAL,2020-07-15 23:00:00,0.0,0.0,0.0,0.0,0.0,0.0,0.0
113_CT_4,THERMAL,2020-07-15 23:00:00,0.0,0.0,0.0,0.0,0.0,0.0,0.0
115_STEAM_1,THERMAL,2020-07-15 23:00:00,0.0,0.0,0.0,0.0,0.0,0.0,0.0
115_STEAM_2,THERMAL,2020-07-15 23:00:00,0.0,0.0,0.0,0.0,0.0,0.0,0.0
115_STEAM_3,THERMAL,2020-07-15 23:00:00,-0.3112927210776278,0.3112927210776278,0.15775960036937192,-0.06502356569407652,-0.07035477934753381,-0.0770645623469135,-0.09884981368910395
116_STEAM_1,THERMAL,2020-07-15 23:00:00,-0.3158809366009251,0.3158809366009251,0.1589706169916259,-0.06992058738940155,-0.07393393840811452,-0.07826729453425996,-0.09375911626914904
118_CC_1,THERMAL,2020-07-15 23:00:00,-6.100764842515464e-10,6.100764842515464e-10,3.2720608939750295e-10,-9.590195304554072e-11,-1.2390566350717336e-10,-1.3874679183345506e-10,-2.5152207586537724e-10
122_WIND_1,WIND,2020-07-15 23:00:00,1.0,1.0,1.0,1.0,0.0,0.0,0.0
123_CT_1,THERMAL,2020-07-15 23:00:00,0.0,0.0,0.0,0.0,0.0,0.0,0.0
123_CT_4,THERMAL,2020-07-15 23:00:00,0.0,0.0,0.0,0.0,0.0,0.0,0.0
123_CT_5,THERMAL,2020-07-15 23:00:00,0.0,0.0,0.0,0.0,0.0,0.0,0.0
123_STEAM_2,THERMAL,2020-07-15 23:00:00,-0.3237620064789719,0.3237620064789719,0.16189374356157019,-0.08048912039115108,-0.08246360534576991,-0.0796880128431301,-0.08112126789892082
123_STEAM_3,THERMAL,2020-07-15 23:00:00,-0.7337266883039453,0.7337266883039453,0.36688183727307794,-0.18313785691140438,-0.1863683925384494,-0.18128374805180414,-0.1829366908022873
201_CT_1,THERMAL,2020-07-15 23:00:00,0.0,0.0,0.0,0.0,0.0,0.0,0.0
201_CT_2,THERMAL,2020-07-15 23:00:00,0.0,0.0,0.0,0.0,0.0,0.0,0.0
201_STEAM_3,THERMAL,2020-07-15 23:00:00,-0.1736514476989788,0.18482926339593955,0.10609023920825741,-0.0722831192823824,-0.06529234820401927,-0.0416648880610575,0.005588907848480386
202_CT_1,THERMAL,2020-07-15 23:00:00,0.0,0.0,0.0,0.0,0.0,0.0,0.0
202_CT_2,THERMAL,2020-07-15 23:00:00,0.0,0.0,0.0,0.0,0.0,0.0,0.0
202_STEAM_3,THERMAL,2020-07-15 23:00:00,-0.0025110854192843092,0.0025110854192843092,0.0014210597296572148,-0.0009428760182478462,-0.0008669369830724624,-0.0006084387833962239,-9.283363456777692e-05
202_STEAM_4,THERMAL,2020-07-15 23:00:00,-0.002511085420618461,0.002511085420618461,0.001421059730412036,-0.0009428760187485225,-0.0008669369835321086,-0.0006084387837208568,-9.283363461697336e-05
207_CT_1,THERMAL,2020-07-15 23:00:00,0.0,0.0,0.0,0.0,0.0,0.0,0.0
207_CT_2,THERMAL,2020-07-15 23:00:00,0.0,0.0,0.0,0.0,0.0,0.0,0.0
212_CSP_1,THERMAL,2020-07-15 23:00:00,-2.0381515150067847e-10,2.0381515150067847e-10,1.0242716516602297e-10,-5.788214352264731e-11,-5.385147883174568e-11,-4.6905590522783314e-11,-4.5175938623502153e-11
213_CC_3,THERMAL,2020-07-15 23:00:00,0.0,0.0,0.0,0.0,0.0,0.0,0.0
213_CT_1,THERMAL,2020-07-15 23:00:00,0.0,0.0,0.0,0.0,0.0,0.0,0.0
213_CT_2,THERMAL,2020-07-15 23:00:00,0.0,0.0,0.0,0.0,0.0,0.0,0.0
215_CT_4,THERMAL,2020-07-15 23:00:00,0.0,0.0,0.0,0.0,0.0,0.0,0.0
215_CT_5,THERMAL,2020-07-15 23:00:00,0.0,0.0,0.0,0.0,0.0,0.0,0.0
216_STEAM_1,THERMAL,2020-07-15 23:00:00,-0.3403559631765591,0.3403559631765591,0.1747881261541856,-0.10384065797325737,-0.09974215329855968,-0.08365193069047461,-0.05312122121426743
218_CC_1,THERMAL,2020-07-15 23:00:00,0.0,0.0,0.0,0.0,0.0,0.0,0.0
221_CC_1,THERMAL,2020-07-15 23:00:00,1.675954798400439e-10,6.762206218439373e-10,3.6582642461218414e-10,-1.4659429226071552e-10,-1.0771827874123119e-10,2.8754598702107614e-10,1.3436206382091446e-10
223_CT_4,THERMAL,2020-07-15 23:00:00,0.0,0.0,0.0,0.0,0.0,0.0,0.0
223_CT_5,THERMAL,2020-07-15 23:00:00,0.0,0.0,0.0,0.0,0.0,0.0,0.0
223_CT_6,THERMAL,2020-07-15 23:00:00,0.0,0.0,0.0,0.0,0.0,0.0,0.0
223_STEAM_1,THERMAL,2020-07-15 23:00:00,-7.337069176503036e-11,8.485578695703004e-11,5.7936181645129826e-11,-2.5169641814917565e-12,-2.444543936262855e-11,-5.2150835816909905e-11,5.742547595999836e-12
223_STEAM_2,THERMAL,2020-07-15 23:00:00,-7.337319851255006e-11,8.485829370454415e-11,5.7937716747359734e-11,-2.5176751905784034e-12,-2.4445674017394394e-11,-5.21523969005743e-11,5.74254759599705e-12
223_STEAM_3,THERMAL,2020-07-15 23:00:00,-8.728363609272343e-11,1.0819488616526236e-10,6.239376695849111e-11,-1.5719869850272516e-11,-3.1710301051646184e-11,-5.0309090227074194e-11,1.045562503626946e-11
301_CT_1,THERMAL,2020-07-15 23:00:00,0.0,0.0,0.0,0.0,0.0,0.0,0.0
301_CT_2,THERMAL,2020-07-15 23:00:00,0.0,0.0,0.0,0.0,0.0,0.0,0.0
301_CT_3,THERMAL,2020-07-15 23:00:00,0.0,0.0,0.0,0.0,0.0,0.0,0.0
301_CT_4,THERMAL,2020-07-15 23:00:00,0.0,0.0,0.0,0.0,0.0,0.0,0.0
302_CT_1,THERMAL,2020-07-15 23:00:00,0.0,0.0,0.0,0.0,0.0,0.0,0.0
302_CT_2,THERMAL,2020-07-15 23:00:00,0.0,0.0,0.0,0.0,0.0,0.0,0.0
302_CT_3,THERMAL,2020-07-15 23:00:00,0.0,0.0,0.0,0.0,0.0,0.0,0.0
302_CT_4,THERMAL,2020-07-15 23:00:00,0.0,0.0,0.0,0.0,0.0,0.0,0.0
303_WIND_1,WIND,2020-07-15 23:00:00,1.0,1.0,1.0,0.0,1.0,0.0,0.0
307_CT_1,THERMAL,2020-07-15 23:00:00,0.0,0.0,0.0,0.0,0.0,0.0,0.0
307_CT_2,THERMAL,2020-07-15 23:00:00,0.0,0.0,0.0,0.0,0.0,0.0,0.0
309_WIND_1,WIND,2020-07-15 23:00:00,1.0,1.0,1.0,0.0,0.0,1.0,0.0
313_CC_1,THERMAL,2020-07-15 23:00:00,-0.6484694756870701,0.6484694756870701,0.3524055728104141,-0.10793107477592478,-0.08978567437305618,-0.18736259417043577,-0.26339013236765335
315_CT_6,THERMAL,2020-07-15 23:00:00,0.0,0.0,0.0,0.0,0.0,0.0,0.0
315_CT_7,THERMAL,2020-07-15 23:00:00,0.0,0.0,0.0,0.0,0.0,0.0,0.0
315_CT_8,THERMAL,2020-07-15 23:00:00,0.0,0.0,0.0,0.0,0.0,0.0,0.0
315_STEAM_1,THERMAL,2020-07-15 23:00:00,0.0,0.0,0.0,0.0,0.0,0.0,0.0
315_STEAM_2,THERMAL,2020-07-15 23:00:00,0.0,0.0,0.0,0.0,0.0,0.0,0.0
315_STEAM_3,THERMAL,2020-07-15 23:00:00,0.0,0.0,0.0,0.0,0.0,0.0,0.0
315_STEAM_4,THERMAL,2020-07-15 23:00:00,0.0,0.0,0.0,0.0,0.0,0.0,0.0
315_STEAM_5,THERMAL,2020-07-15 23:00:00,0.0,0.0,0.0,0.0,0.0,0.0,0.0
316_STEAM_1,THERMAL,2020-07-15 23:00:00,-0.25572284458712524,0.25572284458712524,0.14001896803725702,-0.03299128464840173,-0.06165373833538379,-0.05102052000457613,-0.11005730159876359
317_WIND_1,WIND,2020-07-15 23:00:00,1.0,1.0,1.0,0.0,0.0,0.0,1.0
318_CC_1,THERMAL,2020-07-15 23:00:00,0.0,0.0,0.0,0.0,0.0,0.0,0.0
321_CC_1,THERMAL,2020-07-15 23:00:00,0.0,0.0,0.0,0.0,0.0,0.0,0.0
322_CT_5,THERMAL,2020-07-15 23:00:00,0.0,0.0,0.0,0.0,0.0,0.0,0.0
322_CT_6,THERMAL,2020-07-15 23:00:00,0.0,0.0,0.0,0.0,0.0,0.0,0.0
323_CC_1,THERMAL,2020-07-15 23:00:00,-6.454461087550823e-11,6.454461087550823e-11,3.471625964164031e-11,-1.6617404869830327e-11,-7.905339295276792e-12,-2.574291564895893e-11,-1.4278951061442188e-11
323_CC_2,THERMAL,2020-07-15 23:00:00,-6.454554043941788e-11,6.454554043941788e-11,3.4716727773630596e-11,-1.661823159534836e-11,-7.905346798410063e-12,-2.574301098421793e-11,-1.4278951061441528e-11
101_CT_1,THERMAL,2020-07-16 00:00:00,0.0,0.0,0.0,0.0,0.0,0.0,0.0
101_CT_2,THERMAL,2020-07-16 00:00:00,0.0,0.0,0.0,0.0,0.0,0.0,0.0
101_STEAM_3,THERMAL,2020-07-16 00:00:00,0.0,0.0,0.0,0.0,0.0,0.0,0.0
101_STEAM_4,THERMAL,2020-07-16 00:00:00,0.0,0.0,0.0,0.0,0.0,0.0,0.0
102_CT_1,THERMAL,2020-07-16 00:00:00,0.0,0.0,0.0,0.0,0.0,0.0,0.0
102_CT_2,THERMAL,2020-07-16 00:00:00,0.0,0.0,0.0,0.0,0.0,0.0,0.0
102_STEAM_3,THERMAL,2020-07-16 00:00:00,0.0,0.0,0.0,0.0,0.0,0.0,0.0
102_STEAM_4,THERMAL,2020-07-16 00:00:00,0.0,0.0,0.0,0.0,0.0,0.0,0.0
107_CC_1,THERMAL,2020-07-16 00:00:00,0.0,0.0,0.0,0.0,0.0,0.0,0.0
113_CT_1,THERMAL,2020-07-16 00:00:00,0.0,0.0,0.0,0.0,0.0,0.0,0.0
113_CT_2,THERMAL,2020-07-16 00:00:00,0.0,0.0,0.0,0.0,0.0,0.0,0.0
113_CT_3,THERMAL,2020-07-16 00:00:00,0.0,0.0,0.0,0.0,0.0,0.0,0.0
113_CT_4,THERMAL,2020-07-16 00:00:00,0.0,0.0,0.0,0.0,0.0,0.0,0.0
115_STEAM_1,THERMAL,2020-07-16 00:00:00,0.0,0.0,0.0,0.0,0.0,0.0,0.0
115_STEAM_2,THERMAL,2020-07-16 00:00:00,0.0,0.0,0.0,0.0,0.0,0.0,0.0
115_STEAM_3,THERMAL,2020-07-16 00:00:00,0.0,0.0,0.0,0.0,0.0,0.0,0.0
116_STEAM_1,THERMAL,2020-07-16 00:00:00,0.0,0.0,0.0,0.0,0.0,0.0,0.0
118_CC_1,THERMAL,2020-07-16 00:00:00,0.0,0.0,0.0,0.0,0.0,0.0,0.0
122_WIND_1,WIND,2020-07-16 00:00:00,0.0,0.0,0.0,0.0,0.0,0.0,0.0
123_CT_1,THERMAL,2020-07-16 00:00:00,0.0,0.0,0.0,0.0,0.0,0.0,0.0
123_CT_4,THERMAL,2020-07-16 00:00:00,0.0,0.0,0.0,0.0,0.0,0.0,0.0
123_CT_5,THERMAL,2020-07-16 00:00:00,0.0,0.0,0.0,0.0,0.0,0.0,0.0
123_STEAM_2,THERMAL,2020-07-16 00:00:00,0.0,0.0,0.0,0.0,0.0,0.0,0.0
123_STEAM_3,THERMAL,2020-07-16 00:00:00,0.0,0.0,0.0,0.0,0.0,0.0,0.0
201_CT_1,THERMAL,2020-07-16 00:00:00,0.0,0.0,0.0,0.0,0.0,0.0,0.0
201_CT_2,THERMAL,2020-07-16 00:00:00,0.0,0.0,0.0,0.0,0.0,0.0,0.0
201_STEAM_3,THERMAL,2020-07-16 00:00:00,0.0,0.0,0.0,0.0,0.0,0.0,0.0
202_CT_1,THERMAL,2020-07-16 00:00:00,0.0,0.0,0.0,0.0,0.0,0.0,0.0
202_CT_2,THERMAL,2020-07-16 00:00:00,0.0,0.0,0.0,0.0,0.0,0.0,0.0
202_STEAM_3,THERMAL,2020-07-16 00:00:00,0.0,0.0,0.0,0.0,0.0,0.0,0.0
202_STEAM_4,THERMAL,2020-07-16 00:00:00,0.0,0.0,0.0,0.0,0.0,0.0,0.0
207_CT_1,THERMAL,2020-07-16 00:00:00,0.0,0.0,0.0,0.0,0.0,0.0,0.0
207_CT_2,THERMAL,2020-07-16 00:00:00,0.0,0.0,0.0,0.0,0.0,0.0,0.0
212_CSP_1,THERMAL,2020-07-16 00:00:00,0.0,0.0,0.0,0.0,0.0,0.0,0.0
213_CC_3,THERMAL,2020-07-16 00:00:00,0.0,0.0,0.0,0.0,0.0,0.0,0.0
213_CT_1,THERMAL,2020-07-16 00:00:00,0.0,0.0,0.0,0.0,0.0,0.0,0.0
213_CT_2,THERMAL,2020-07-16 00:00:00,0.0,0.0,0.0,0.0,0.0,0.0,0.0
215_CT_4,THERMAL,2020-07-16 00:00:00,0.0,0.0,0.0,0.0,0.0,0.0,0.0
215_CT_5,THERMAL,2020-07-16 00:00:00,0.0,0.0,0.0,0.0,0.0,0.0,0.0
216_STEAM_1,THERMAL,2020-07-16 00:00:00,0.0,0.0,0.0,0.0,0.0,0.0,0.0
218_CC_1,THERMAL,2020-07-16 00:00:00,0.0,0.0,0.0,0.0,0.0,0.0,0.0
221_CC_1,THERMAL,2020-07-16 00:00:00,0.0,0.0,0.0,0.0,0.0,0.0,0.0
223_CT_4,THERMAL,2020-07-16 00:00:00,0.0,0.0,0.0,0.0,0.0,0.0,0.0
223_CT_5,THERMAL,2020-07-16 00:00:00,0.0,0.0,0.0,0.0,0.0,0.0,0.0
223_CT_6,THERMAL,2020-07-16 00:00:00,0.0,0.0,0.0,0.0,0.0,0.0,0.0
223_STEAM_1,THERMAL,2020-07-16 00:00:00,0.0,0.0,0.0,0.0,0.0,0.0,0.0
223_STEAM_2,THERMAL,2020-07-16 00:00:00,0.0,0.0,0.0,0.0,0.0,0.0,0.0
223_STEAM_3,THERMAL,2020-07-16 00:00:00,0.0,0.0,0.0,0.0,0.0,0.0,0.0
301_CT_1,THERMAL,2020-07-16 00:00:00,0.0,0.0,0.0,0.0,0.0,0.0,0.0
301_CT_2,THERMAL,2020-07-16 00:00:00,0.0,0.0,0.0,0.0,0.0,0.0,0.0
301_CT_3,THERMAL,2020-07-16 00:00:00,0.0,0.0,0.0,0.0,0.0,0.0,0.0
301_CT_4,THERMAL,2020-07-16 00:00:00,0.0,0.0,0.0,0.0,0.0,0.0,0.0
302_CT_1,THERMAL,2020-07-16 00:00:00,0.0,0.0,0.0,0.0,0.0,0.0,0.0
302_CT_2,THERMAL,2020-07-16 00:00:00,0.0,0.0,0.0,0.0,0.0,0.0,0.0
302_CT_3,THERMAL,2020-07-16 00:00:00,0.0,0.0,0.0,0.0,0.0,0.0,0.0
302_CT_4,THERMAL,2020-07-16 00:00:00,0.0,0.0,0.0,0.0,0.0,0.0,0.0
303_WIND_1,WIND,2020-07-16 00:00:00,0.0,0.0,0.0,0.0,0.0,0.0,0.0
307_CT_1,THERMAL,2020-07-16 00:00:00,0.0,0.0,0.0,0.0,0.0,0.0,0.0
307_CT_2,THERMAL,2020-07-16 00:00:00,0.0,0.0,0.0,0.0,0.0,0.0,0.0
309_WIND_1,WIND,2020-07-16 00:00:00,0.0,0.0,0.0,0.0,0.0,0.0,0.0
313_CC_1,THERMAL,2020-07-16 00:00:00,0.0,0.0,0.0,0.0,0.0,0.0,0.0
315_CT_6,THERMAL,2020-07-16 00:00:00,0.0,0.0,0.0,0.0,0.0,0.0,0.0
315_CT_7,THERMAL,2020-07-16 00:00:00,0.0,0.0,0.0,0.0,0.0,0.0,0.0
315_CT_8,THERMAL,2020-07-16 00:00:00,0.0,0.0,0.0,0.0,0.0,0.0,0.0
315_STEAM_1,THERMAL,2020-07-16 00:00:00,0.0,0.0,0.0,0.0,0.0,0.0,0.0
315_STEAM_2,THERMAL,2020-07-16 00:00:00,0.0,0.0,0.0,0.0,0.0,0.0,0.0
315_STEAM_3,THERMAL,2020-07-16 00:00:00,0.0,0.0,0.0,0.0,0.0,0.0,0.0
315_STEAM_4,THERMAL,2020-07-16 00:00:00,0.0,0.0,0.0,0.0,0.0,0.0,0.0
315_STEAM_5,THERMAL,2020-07-16 00:00:00,0.0,0.0,0.0,0.0,0.0,0.0,0.0
316_STEAM_1,THERMAL,2020-07-16 00:00:00,0.0,0.0,0.0,0.0,0.0,0.0,0.0
317_WIND_1,WIND,2020-07-16 00:00:00,0.0,0.0,0.0,0.0,0.0,0.0,0.0
318_CC_1,THERMAL,2020-07-16 00:00:00,0.0,0.0,0.0,0.0,0.0,0.0,0.0
321_CC_1,THERMAL,2020-07-16 00:00:00,0.0,0.0,0.0,0.0,0.0,0.0,0.0
322_CT_5,THERMAL,2020-07-16 00:00:00,0.0,0.0,0.0,0.0,0.0,0.0,0.0
322_CT_6,THERMAL,2020-07-16 00:00:00,0.0,0.0,0.0,0.0,0.0,0.0,0.0
323_CC_1,THERMAL,2020-07-16 00:00:00,0.0,0.0,0.0,0.0,0.0,0.0,0.0
323_CC_2,THERMAL,2020-07-16 00:00:00,0.0,0.0,0.0,0.0,0.0,0.0,0.0
101_CT_1,THERMAL,2020-07-16 02:00:00,0.0,0.0,0.0,0.0,0.0,0.0,0.0
101_CT_2,THERMAL,2020-07-16 02:00:00,0.0,0.0,0.0,0.0,0.0,0.0,0.0
101_STEAM_3,THERMAL,2020-07-16 02:00:00,0.0,0.0,0.0,0.0,0.0,0.0,0.0
101_STEAM_4,THERMAL,2020-07-16 02:00:00,0.0,0.0,0.0,0.0,0.0,0.0,0.0
102_CT_1,THERMAL,2020-07-16 02:00:00,0.0,0.0,0.0,0.0,0.0,0.0,0.0
102_CT_2,THERMAL,2020-07-16 02:00:00,0.0,0.0,0.0,0.0,0.0,0.0,0.0
102_STEAM_3,THERMAL,2020-07-16 02:00:00,0.0,0.0,0.0,0.0,0.0,0.0,0.0
102_STEAM_4,THERMAL,2020-07-16 02:00:00,0.0,0.0,0.0,0.0,0.0,0.0,0.0
107_CC_1,THERMAL,2020-07-16 02:00:00,0.0,0.0,0.0,0.0,0.0,0.0,0.0
113_CT_1,THERMAL,2020-07-16 02:00:00,0.0,0.0,0.0,0.0,0.0,0.0,0.0
113_CT_2,THERMAL,2020-07-16 02:00:00,0.0,0.0,0.0,0.0,0.0,0.0,0.0
113_CT_3,THERMAL,2020-07-16 02:00:00,0.0,0.0,0.0,0.0,0.0,0.0,0.0
113_CT_4,THERMAL,2020-07-16 02:00:00,0.0,0.0,0.0,0.0,0.0,0.0,0.0
115_STEAM_1,THERMAL,2020-07-16 02:00:00,0.0,0.0,0.0,0.0,0.0,0.0,0.0
115_STEAM_2,THERMAL,2020-07-16 02:00:00,0.0,0.0,0.0,0.0,0.0,0.0,0.0
115_STEAM_3,THERMAL,2020-07-16 02:00:00,0.0,0.0,0.0,0.0,0.0,0.0,0.0
116_STEAM_1,THERMAL,2020-07-16 02:00:00,0.0,0.0,0.0,0.0,0.0,0.0,0.0
118_CC_1,THERMAL,2020-07-16 02:00:00,0.0,0.0,0.0,0.0,0.0,0.0,0.0
122_WIND_1,WIND,2020-07-16 02:00:00,0.0,0.0,0.0,0.0,0.0,0.0,0.0
123_CT_1,THERMAL,2020-07-16 02:00:00,0.0,0.0,0.0,0.0,0.0,0.0,0.0
123_CT_4,THERMAL,2020-07-16 02:00:00,0.0,0.0,0.0,0.0,0.0,0.0,0.0
123_CT_5,THERMAL,2020-07-16 02:00:00,0.0,0.0,0.0,0.0,0.0,0.0,0.0
123_STEAM_2,THERMAL,2020-07-16 02:00:00,0.0,0.0,0.0,0.0,0.0,0.0,0.0
123_STEAM_3,THERMAL,2020-07-16 02:00:00,0.0,0.0,0.0,0.0,0.0,0.0,0.0
201_CT_1,THERMAL,2020-07-16 02:00:00,0.0,0.0,0.0,0.0,0.0,0.0,0.0
201_CT_2,THERMAL,2020-07-16 02:00:00,0.0,0.0,0.0,0.0,0.0,0.0,0.0
201_STEAM_3,THERMAL,2020-07-16 02:00:00,0.0,0.0,0.0,0.0,0.0,0.0,0.0
202_CT_1,THERMAL,2020-07-16 02:00:00,0.0,0.0,0.0,0.0,0.0,0.0,0.0
202_CT_2,THERMAL,2020-07-16 02:00:00,0.0,0.0,0.0,0.0,0.0,0.0,0.0
202_STEAM_3,THERMAL,2020-07-16 02:00:00,0.0,0.0,0.0,0.0,0.0,0.0,0.0
202_STEAM_4,THERMAL,2020-07-16 02:00:00,0.0,0.0,0.0,0.0,0.0,0.0,0.0
207_CT_1,THERMAL,2020-07-16 02:00:00,0.0,0.0,0.0,0.0,0.0,0.0,0.0
207_CT_2,THERMAL,2020-07-16 02:00:00,0.0,0.0,0.0,0.0,0.0,0.0,0.0
212_CSP_1,THERMAL,2020-07-16 02:00:00,0.0,0.0,0.0,0.0,0.0,0.0,0.0
213_CC_3,THERMAL,2020-07-16 02:00:00,0.0,0.0,0.0,0.0,0.0,0.0,0.0
213_CT_1,THERMAL,2020-07-16 02:00:00,0.0,0.0,0.0,0.0,0.0,0.0,0.0
213_CT_2,THERMAL,2020-07-16 02:00:00,0.0,0.0,0.0,0.0,0.0,0.0,0.0
215_CT_4,THERMAL,2020-07-16 02:00:00,0.0,0.0,0.0,0.0,0.0,0.0,0.0
215_CT_5,THERMAL,2020-07-16 02:00:00,0.0,0.0,0.0,0.0,0.0,0.0,0.0
216_STEAM_1,THERMAL,2020-07-16 02:00:00,0.0,0.0,0.0,0.0,0.0,0.0,0.0
218_CC_1,THERMAL,2020-07-16 02:00:00,0.0,0.0,0.0,0.0,0.0,0.0,0.0
221_CC_1,THERMAL,2020-07-16 02:00:00,0.0,0.0,0.0,0.0,0.0,0.0,0.0
223_CT_4,THERMAL,2020-07-16 02:00:00,0.0,0.0,0.0,0.0,0.0,0.0,0.0
223_CT_5,THERMAL,2020-07-16 02:00:00,0.0,0.0,0.0,0.0,0.0,0.0,0.0
223_CT_6,THERMAL,2020-07-16 02:00:00,0.0,0.0,0.0,0.0,0.0,0.0,0.0
223_STEAM_1,THERMAL,2020-07-16 02:00:00,0.0,0.0,0.0,0.0,0.0,0.0,0.0
223_STEAM_2,THERMAL,2020-07-16 02:00:00,0.0,0.0,0.0,0.0,0.0,0.0,0.0
223_STEAM_3,THERMAL,2020-07-16 02:00:00,0.0,0.0,0.0,0.0,0.0,0.0,0.0
301_CT_1,THERMAL,2020-07-16 02:00:00,0.0,0.0,0.0,0.0,0.0,0.0,0.0
301_CT_2,THERMAL,2020-07-16 02:00:00,0.0,0.0,0.0,0.0,0.0,0.0,0.0
301_CT_3,THERMAL,2020-07-16 02:00:00,0.0,0.0,0.0,0.0,0.0,0.0,0.0
301_CT_4,THERMAL,2020-07-16 02:00:00,0.0,0.0,0.0,0.0,0.0,0.0,0.0
302_CT_1,THERMAL,2020-07-16 02:00:00,0.0,0.0,0.0,0.0,0.0,0.0,0.0
302_CT_2,THERMAL,2020-07-16 02:00:00,0.0,0.0,0.0,0.0,0.0,0.0,0.0
302_CT_3,THERMAL,2020-07-16 02:00:00,0.0,0.0,0.0,0.0,0.0,0.0,0.0
302_CT_4,THERMAL,2020-07-16 02:00:00,0.0,0.0,0.0,0.0,0.0,0.0,0.0
303_WIND_1,WIND,2020-07-16 02:00:00,0.0,0.0,0.0,0.0,0.0,0.0,0.0
307_CT_1,THERMAL,2020-07-16 02:00:00,0.0,0.0,0.0,0.0,0.0,0.0,0.0
307_CT_2,THERMAL,2020-07-16 02:00:00,0.0,0.0,0.0,0.0,0.0,0.0,0.0
309_WIND_1,WIND,2020-07-16 02:00:00,0.0,0.0,0.0,0.0,0.0,0.0,0.0
313_CC_1,THERMAL,2020-07-16 02:00:00,0.0,0.0,0.0,0.0,0.0,0.0,0.0
315_CT_6,THERMAL,2020-07-16 02:00:00,0.0,0.0,0.0,0.0,0.0,0.0,0.0
315_CT_7,THERMAL,2020-07-16 02:00:00,0.0,0.0,0.0,0.0,0.0,0.0,0.0
315_CT_8,THERMAL,2020-07-16 02:00:00,0.0,0.0,0.0,0.0,0.0,0.0,0.0
315_STEAM_1,THERMAL,2020-07-16 02:00:00,0.0,0.0,0.0,0.0,0.0,0.0,0.0
315_STEAM_2,THERMAL,2020-07-16 02:00:00,0.0,0.0,0.0,0.0,0.0,0.0,0.0
315_STEAM_3,THERMAL,2020-07-16 02:00:00,0.0,0.0,0.0,0.0,0.0,0.0,0.0
315_STEAM_4,THERMAL,2020-07-16 02:00:00,0.0,0.0,0.0,0.0,0.0,0.0,0.0
315_STEAM_5,THERMAL,2020-07-16 02:00:00,0.0,0.0,0.0,0.0,0.0,0.0,0.0
316_STEAM_1,THERMAL,2020-07-16 02:00:00,0.0,0.0,0.0,0.0,0.0,0.0,0.0
317_WIND_1,WIND,2020-07-16 02:00:00,0.0,0.0,0.0,0.0,0.0,0.0,0.0
318_CC_1,THERMAL,2020-07-16 02:00:00,0.0,0.0,0.0,0.0,0.0,0.0,0.0
321_CC_1,THERMAL,2020-07-16 02:00:00,0.0,0.0,0.0,0.0,0.0,0.0,0.0
322_CT_5,THERMAL,2020-07-16 02:00:00,0.0,0.0,0.0,0.0,0.0,0.0,0.0
322_CT_6,THERMAL,2020-07-16 02:00:00,0.0,0.0,0.0,0.0,0.0,0.0,0.0
323_CC_1,THERMAL,2020-07-16 02:00:00,0.0,0.0,0.0,0.0,0.0,0.0,0.0
323_CC_2,THERMAL,2020-07-16 02:00:00,0.0,0.0,0.0,0.0,0.0,0.0,0.0
101_CT_1,THERMAL,2020-07-16 04:00:00,0.0,0.0,0.0,0.0,0.0,0.0,0.0
101_CT_2,THERMAL,2020-07-16 04:00:00,0.0,0.0,0.0,0.0,0.0,0.0,0.0
101_STEAM_3,THERMAL,2020-07-16 04:00:00,0.0,0.0,0.0,0.0,0.0,0.0,0.0
101_STEAM_4,THERMAL,2020-07-16 04:00:00,0.0,0.0,0.0,0.0,0.0,0.0,0.0
102_CT_1,THERMAL,2020-07-16 04:00:00,0.0,0.0,0.0,0.0,0.0,0.0,0.0
102_CT_2,THERMAL,2020-07-16 04:00:00,0.0,0.0,0.0,0.0,0.0,0.0,0.0
102_STEAM_3,THERMAL,2020-07-16 04:00:00,0.0,0.0,0.0,0.0,0.0,0.0,0.0
102_STEAM_4,THERMAL,2020-07-16 04:00:00,0.0,0.0,0.0,0.0,0.0,0.0,0.0
107_CC_1,THERMAL,2020-07-16 04:00:00,0.0,0.0,0.0,0.0,0.0,0.0,0.0
113_CT_1,THERMAL,2020-07-16 04:00:00,0.0,0.0,0.0,0.0,0.0,0.0,0.0
113_CT_2,THERMAL,2020-07-16 04:00:00,0.0,0.0,0.0,0.0,0.0,0.0,0.0
113_CT_3,THERMAL,2020-07-16 04:00:00,0.0,0.0,0.0,0.0,0.0,0.0,0.0
113_CT_4,THERMAL,2020-07-16 04:00:00,0.0,0.0,0.0,0.0,0.0,0.0,0.0
115_STEAM_1,THERMAL,2020-07-16 04:00:00,0.0,0.0,0.0,0.0,0.0,0.0,0.0
115_STEAM_2,THERMAL,2020-07-16 04:00:00,0.0,0.0,0.0,0.0,0.0,0.0,0.0
115_STEAM_3,THERMAL,2020-07-16 04:00:00,0.0,0.0,0.0,0.0,0.0,0.0,0.0
116_STEAM_1,THERMAL,2020-07-16 04:00:00,0.0,0.0,0.0,0.0,0.0,0.0,0.0
118_CC_1,THERMAL,2020-07-16 04:00:00,0.0,0.0,0.0,0.0,0.0,0.0,0.0
122_WIND_1,WIND,2020-07-16 04:00:00,0.0,0.0,0.0,0.0,0.0,0.0,0.0
123_CT_1,THERMAL,2020-07-16 04:00:00,0.0,0.0,0.0,0.0,0.0,0.0,0.0
123_CT_4,THERMAL,2020-07-16 04:00:00,0.0,0.0,0.0,0.0,0.0,0.0,0.0
123_CT_5,THERMAL,2020-07-16 04:00:00,0.0,0.0,0.0,0.0,0.0,0.0,0.0
123_STEAM_2,THERMAL,2020-07-16 04:00:00,0.0,0.0,0.0,0.0,0.0,0.0,0.0
123_STEAM_3,THERMAL,2020-07-16 04:00:00,0.0,0.0,0.0,0.0,0.0,0.0,0.0
201_CT_1,THERMAL,2020-07-16 04:00:00,0.0,0.0,0.0,0.0,0.0,0.0,0.0
201_CT_2,THERMAL,2020-07-16 04:00:00,0.0,0.0,0.0,0.0,0.0,0.0,0.0
201_STEAM_3,THERMAL,2020-07-16 04:00:00,0.0,0.0,0.0,0.0,0.0,0.0,0.0
202_CT_1,THERMAL,2020-07-16 04:00:00,0.0,0.0,0.0,0.0,0.0,0.0,0.0
202_CT_2,THERMAL,2020-07-16 04:00:00,0.0,0.0,0.0,0.0,0.0,0.0,0.0
202_STEAM_3,THERMAL,2020-07-16 04:00:00,0.0,0.0,0.0,0.0,0.0,0.0,0.0
202_STEAM_4,THERMAL,2020-07-16 04:00:00,0.0,0.0,0.0,0.0,0.0,0.0,0.0
207_CT_1,THERMAL,2020-07-16 04:00:00,0.0,0.0,0.0,0.0,0.0,0.0,0.0
207_CT_2,THERMAL,2020-07-16 04:00:00,0.0,0.0,0.0,0.0,0.0,0.0,0.0
212_CSP_1,THERMAL,2020-07-16 04:00:00,0.0,0.0,0.0,0.0,0.0,0.0,0.0
213_CC_3,THERMAL,2020-07-16 04:00:00,0.0,0.0,0.0,0.0,0.0,0.0,0.0
213_CT_1,THERMAL,2020-07-16 04:00:00,0.0,0.0,0.0,0.0,0.0,0.0,0.0
213_CT_2,THERMAL,2020-07-16 04:00:00,0.0,0.0,0.0,0.0,0.0,0.0,0.0
215_CT_4,THERMAL,2020-07-16 04:00:00,0.0,0.0,0.0,0.0,0.0,0.0,0.0
215_CT_5,THERMAL,2020-07-16 04:00:00,0.0,0.0,0.0,0.0,0.0,0.0,0.0
216_STEAM_1,THERMAL,2020-07-16 04:00:00,0.0,0.0,0.0,0.0,0.0,0.0,0.0
218_CC_1,THERMAL,2020-07-16 04:00:00,0.0,0.0,0.0,0.0,0.0,0.0,0.0
221_CC_1,THERMAL,2020-07-16 04:00:00,0.0,0.0,0.0,0.0,0.0,0.0,0.0
223_CT_4,THERMAL,2020-07-16 04:00:00,0.0,0.0,0.0,0.0,0.0,0.0,0.0
223_CT_5,THERMAL,2020-07-16 04:00:00,0.0,0.0,0.0,0.0,0.0,0.0,0.0
223_CT_6,THERMAL,2020-07-16 04:00:00,0.0,0.0,0.0,0.0,0.0,0.0,0.0
223_STEAM_1,THERMAL,2020-07-16 04:00:00,0.0,0.0,0.0,0.0,0.0,0.0,0.0
223_STEAM_2,THERMAL,2020-07-16 04:00:00,0.0,0.0,0.0,0.0,0.0,0.0,0.0
223_STEAM_3,THERMAL,2020-07-16 04:00:00,0.0,0.0,0.0,0.0,0.0,0.0,0.0
301_CT_1,THERMAL,2020-07-16 04:00:00,0.0,0.0,0.0,0.0,0.0,0.0,0.0
301_CT_2,THERMAL,2020-07-16 04:00:00,0.0,0.0,0.0,0.0,0.0,0.0,0.0
301_CT_3,THERMAL,2020-07-16 04:00:00,0.0,0.0,0.0,0.0,0.0,0.0,0.0
301_CT_4,THERMAL,2020-07-16 04:00:00,0.0,0.0,0.0,0.0,0.0,0.0,0.0
302_CT_1,THERMAL,2020-07-16 04:00:00,0.0,0.0,0.0,0.0,0.0,0.0,0.0
302_CT_2,THERMAL,2020-07-16 04:00:00,0.0,0.0,0.0,0.0,0.0,0.0,0.0
302_CT_3,THERMAL,2020-07-16 04:00:00,0.0,0.0,0.0,0.0,0.0,0.0,0.0
302_CT_4,THERMAL,2020-07-16 04:00:00,0.0,0.0,0.0,0.0,0.0,0.0,0.0
303_WIND_1,WIND,2020-07-16 04:00:00,0.0,0.0,0.0,0.0,0.0,0.0,0.0
307_CT_1,THERMAL,2020-07-16 04:00:00,0.0,0.0,0.0,0.0,0.0,0.0,0.0
307_CT_2,THERMAL,2020-07-16 04:00:00,0.0,0.0,0.0,0.0,0.0,0.0,0.0
309_WIND_1,WIND,2020-07-16 04:00:00,0.0,0.0,0.0,0.0,0.0,0.0,0.0
313_CC_1,THERMAL,2020-07-16 04:00:00,0.0,0.0,0.0,0.0,0.0,0.0,0.0
315_CT_6,THERMAL,2020-07-16 04:00:00,0.0,0.0,0.0,0.0,0.0,0.0,0.0
315_CT_7,THERMAL,2020-07-16 04:00:00,0.0,0.0,0.0,0.0,0.0,0.0,0.0
315_CT_8,THERMAL,2020-07-16 04:00:00,0.0,0.0,0.0,0.0,0.0,0.0,0.0
315_STEAM_1,THERMAL,2020-07-16 04:00:00,0.0,0.0,0.0,0.0,0.0,0.0,0.0
315_STEAM_2,THERMAL,2020-07-16 04:00:00,0.0,0.0,0.0,0.0,0.0,0.0,0.0
315_STEAM_3,THERMAL,2020-07-16 04:00:00,0.0,0.0,0.0,0.0,0.0,0.0,0.0
315_STEAM_4,THERMAL,2020-07-16 04:00:00,0.0,0.0,0.0,0.0,0.0,0.0,0.0
315_STEAM_5,THERMAL,2020-07-16 04:00:00,0.0,0.0,0.0,0.0,0.0,0.0,0.0
316_STEAM_1,THERMAL,2020-07-16 04:00:00,0.0,0.0,0.0,0.0,0.0,0.0,0.0
317_WIND_1,WIND,2020-07-16 04:00:00,0.0,0.0,0.0,0.0,0.0,0.0,0.0
318_CC_1,THERMAL,2020-07-16 04:00:00,0.0,0.0,0.0,0.0,0.0,0.0,0.0
321_CC_1,THERMAL,2020-07-16 04:00:00,0.0,0.0,0.0,0.0,0.0,0.0,0.0
322_CT_5,THERMAL,2020-07-16 04:00:00,0.0,0.0,0.0,0.0,0.0,0.0,0.0
322_CT_6,THERMAL,2020-07-16 04:00:00,0.0,0.0,0.0,0.0,0.0,0.0,0.0
323_CC_1,THERMAL,2020-07-16 04:00:00,0.0,0.0,0.0,0.0,0.0,0.0,0.0
323_CC_2,THERMAL,2020-07-16 04:00:00,0.0,0.0,0.0,0.0,0.0,0.0,0.0
101_CT_1,THERMAL,2020-07-16 06:00:00,0.0,0.0,0.0,0.0,0.0,0.0,0.0
101_CT_2,THERMAL,2020-07-16 06:00:00,0.0,0.0,0.0,0.0,0.0,0.0,0.0
101_STEAM_3,THERMAL,2020-07-16 06:00:00,0.0,0.0,0.0,0.0,0.0,0.0,0.0
101_STEAM_4,THERMAL,2020-07-16 06:00:00,0.0,0.0,0.0,0.0,0.0,0.0,0.0
102_CT_1,THERMAL,2020-07-16 06:00:00,0.0,0.0,0.0,0.0,0.0,0.0,0.0
102_CT_2,THERMAL,2020-07-16 06:00:00,0.0,0.0,0.0,0.0,0.0,0.0,0.0
102_STEAM_3,THERMAL,2020-07-16 06:00:00,0.0,0.0,0.0,0.0,0.0,0.0,0.0
102_STEAM_4,THERMAL,2020-07-16 06:00:00,0.0,0.0,0.0,0.0,0.0,0.0,0.0
107_CC_1,THERMAL,2020-07-16 06:00:00,0.0,0.0,0.0,0.0,0.0,0.0,0.0
113_CT_1,THERMAL,2020-07-16 06:00:00,0.0,0.0,0.0,0.0,0.0,0.0,0.0
113_CT_2,THERMAL,2020-07-16 06:00:00,0.0,0.0,0.0,0.0,0.0,0.0,0.0
113_CT_3,THERMAL,2020-07-16 06:00:00,0.0,0.0,0.0,0.0,0.0,0.0,0.0
113_CT_4,THERMAL,2020-07-16 06:00:00,0.0,0.0,0.0,0.0,0.0,0.0,0.0
115_STEAM_1,THERMAL,2020-07-16 06:00:00,0.0,0.0,0.0,0.0,0.0,0.0,0.0
115_STEAM_2,THERMAL,2020-07-16 06:00:00,0.0,0.0,0.0,0.0,0.0,0.0,0.0
115_STEAM_3,THERMAL,2020-07-16 06:00:00,0.0,0.0,0.0,0.0,0.0,0.0,0.0
116_STEAM_1,THERMAL,2020-07-16 06:00:00,0.0,0.0,0.0,0.0,0.0,0.0,0.0
118_CC_1,THERMAL,2020-07-16 06:00:00,0.0,0.0,0.0,0.0,0.0,0.0,0.0
122_WIND_1,WIND,2020-07-16 06:00:00,0.0,0.0,0.0,0.0,0.0,0.0,0.0
123_CT_1,THERMAL,2020-07-16 06:00:00,0.0,0.0,0.0,0.0,0.0,0.0,0.0
123_CT_4,THERMAL,2020-07-16 06:00:00,0.0,0.0,0.0,0.0,0.0,0.0,0.0
123_CT_5,THERMAL,2020-07-16 06:00:00,0.0,0.0,0.0,0.0,0.0,0.0,0.0
123_STEAM_2,THERMAL,2020-07-16 06:00:00,0.0,0.0,0.0,0.0,0.0,0.0,0.0
123_STEAM_3,THERMAL,2020-07-16 06:00:00,0.0,0.0,0.0,0.0,0.0,0.0,0.0
201_CT_1,THERMAL,2020-07-16 06:00:00,0.0,0.0,0.0,0.0,0.0,0.0,0.0
201_CT_2,THERMAL,2020-07-16 06:00:00,0.0,0.0,0.0,0.0,0.0,0.0,0.0
201_STEAM_3,THERMAL,2020-07-16 06:00:00,0.0,0.0,0.0,0.0,0.0,0.0,0.0
202_CT_1,THERMAL,2020-07-16 06:00:00,0.0,0.0,0.0,0.0,0.0,0.0,0.0
202_CT_2,THERMAL,2020-07-16 06:00:00,0.0,0.0,0.0,0.0,0.0,0.0,0.0
202_STEAM_3,THERMAL,2020-07-16 06:00:00,0.0,0.0,0.0,0.0,0.0,0.0,0.0
202_STEAM_4,THERMAL,2020-07-16 06:00:00,0.0,0.0,0.0,0.0,0.0,0.0,0.0
207_CT_1,THERMAL,2020-07-16 06:00:00,0.0,0.0,0.0,0.0,0.0,0.0,0.0
207_CT_2,THERMAL,2020-07-16 06:00:00,0.0,0.0,0.0,0.0,0.0,0.0,0.0
212_CSP_1,THERMAL,2020-07-16 06:00:00,0.0,0.0,0.0,0.0,0.0,0.0,0.0
213_CC_3,THERMAL,2020-07-16 06:00:00,0.0,0.0,0.0,0.0,0.0,0.0,0.0
213_CT_1,THERMAL,2020-07-16 06:00:00,0.0,0.0,0.0,0.0,0.0,0.0,0.0
213_CT_2,THERMAL,2020-07-16 06:00:00,0.0,0.0,0.0,0.0,0.0,0.0,0.0
215_CT_4,THERMAL,2020-07-16 06:00:00,0.0,0.0,0.0,0.0,0.0,0.0,0.0
215_CT_5,THERMAL,2020-07-16 06:00:00,0.0,0.0,0.0,0.0,0.0,0.0,0.0
216_STEAM_1,THERMAL,2020-07-16 06:00:00,0.0,0.0,0.0,0.0,0.0,0.0,0.0
218_CC_1,THERMAL,2020-07-16 06:00:00,0.0,0.0,0.0,0.0,0.0,0.0,0.0
221_CC_1,THERMAL,2020-07-16 06:00:00,0.0,0.0,0.0,0.0,0.0,0.0,0.0
223_CT_4,THERMAL,2020-07-16 06:00:00,0.0,0.0,0.0,0.0,0.0,0.0,0.0
223_CT_5,THERMAL,2020-07-16 06:00:00,0.0,0.0,0.0,0.0,0.0,0.0,0.0
223_CT_6,THERMAL,2020-07-16 06:00:00,0.0,0.0,0.0,0.0,0.0,0.0,0.0
223_STEAM_1,THERMAL,2020-07-16 06:00:00,0.0,0.0,0.0,0.0,0.0,0.0,0.0
223_STEAM_2,THERMAL,2020-07-16 06:00:00,0.0,0.0,0.0,0.0,0.0,0.0,0.0
223_STEAM_3,THERMAL,2020-07-16 06:00:00,0.0,0.0,0.0,0.0,0.0,0.0,0.0
301_CT_1,THERMAL,2020-07-16 06:00:00,0.0,0.0,0.0,0.0,0.0,0.0,0.0
301_CT_2,THERMAL,2020-07-16 06:00:00,0.0,0.0,0.0,0.0,0.0,0.0,0.0
301_CT_3,THERMAL,2020-07-16 06:00:00,0.0,0.0,0.0,0.0,0.0,0.0,0.0
301_CT_4,THERMAL,2020-07-16 06:00:00,0.0,0.0,0.0,0.0,0.0,0.0,0.0
302_CT_1,THERMAL,2020-07-16 06:00:00,0.0,0.0,0.0,0.0,0.0,0.0,0.0
302_CT_2,THERMAL,2020-07-16 06:00:00,0.0,0.0,0.0,0.0,0.0,0.0,0.0
302_CT_3,THERMAL,2020-07-16 06:00:00,0.0,0.0,0.0,0.0,0.0,0.0,0.0
302_CT_4,THERMAL,2020-07-16 06:00:00,0.0,0.0,0.0,0.0,0.0,0.0,0.0
303_WIND_1,WIND,2020-07-16 06:00:00,0.0,0.0,0.0,0.0,0.0,0.0,0.0
307_CT_1,THERMAL,2020-07-16 06:00:00,0.0,0.0,0.0,0.0,0.0,0.0,0.0
307_CT_2,THERMAL,2020-07-16 06:00:00,0.0,0.0,0.0,0.0,0.0,0.0,0.0
309_WIND_1,WIND,2020-07-16 06:00:00,0.0,0.0,0.0,0.0,0.0,0.0,0.0
313_CC_1,THERMAL,2020-07-16 06:00:00,0.0,0.0,0.0,0.0,0.0,0.0,0.0
315_CT_6,THERMAL,2020-07-16 06:00:00,0.0,0.0,0.0,0.0,0.0,0.0,0.0
315_CT_7,THERMAL,2020-07-16 06:00:00,0.0,0.0,0.0,0.0,0.0,0.0,0.0
315_CT_8,THERMAL,2020-07-16 06:00:00,0.0,0.0,0.0,0.0,0.0,0.0,0.0
315_STEAM_1,THERMAL,2020-07-16 06:00:00,0.0,0.0,0.0,0.0,0.0,0.0,0.0
315_STEAM_2,THERMAL,2020-07-16 06:00:00,0.0,0.0,0.0,0.0,0.0,0.0,0.0
315_STEAM_3,THERMAL,2020-07-16 06:00:00,0.0,0.0,0.0,0.0,0.0,0.0,0.0
315_STEAM_4,THERMAL,2020-07-16 06:00:00,0.0,0.0,0.0,0.0,0.0,0.0,0.0
315_STEAM_5,THERMAL,2020-07-16 06:00:00,0.0,0.0,0.0,0.0,0.0,0.0,0.0
316_STEAM_1,THERMAL,2020-07-16 06:00:00,0.0,0.0,0.0,0.0,0.0,0.0,0.0
317_WIND_1,WIND,2020-07-16 06:00:00,0.0,0.0,0.0,0.0,0.0,0.0,0.0
318_CC_1,THERMAL,2020-07-16 06:00:00,0.0,0.0,0.0,0.0,0.0,0.0,0.0
321_CC_1,THERMAL,2020-07-16 06:00:00,0.0,0.0,0.0,0.0,0.0,0.0,0.0
322_CT_5,THERMAL,2020-07-16 06:00:00,0.0,0.0,0.0,0.0,0.0,0.0,0.0
322_CT_6,THERMAL,2020-07-16 06:00:00,0.0,0.0,0.0,0.0,0.0,0.0,0.0
323_CC_1,THERMAL,2020-07-16 06:00:00,0.0,0.0,0.0,0.0,0.0,0.0,0.0
323_CC_2,THERMAL,2020-07-16 06:00:00,0.0,0.0,0.0,0.0,0.0,0.0,0.0
101_CT_1,THERMAL,2020-07-16 08:00:00,0.0,0.0,0.0,0.0,0.0,0.0,0.0
101_CT_2,THERMAL,2020-07-16 08:00:00,0.0,0.0,0.0,0.0,0.0,0.0,0.0
101_STEAM_3,THERMAL,2020-07-16 08:00:00,0.0,0.0,0.0,0.0,0.0,0.0,0.0
101_STEAM_4,THERMAL,2020-07-16 08:00:00,0.0,0.0,0.0,0.0,0.0,0.0,0.0
102_CT_1,THERMAL,2020-07-16 08:00:00,0.0,0.0,0.0,0.0,0.0,0.0,0.0
102_CT_2,THERMAL,2020-07-16 08:00:00,0.0,0.0,0.0,0.0,0.0,0.0,0.0
102_STEAM_3,THERMAL,2020-07-16 08:00:00,0.0,0.0,0.0,0.0,0.0,0.0,0.0
102_STEAM_4,THERMAL,2020-07-16 08:00:00,0.0,0.0,0.0,0.0,0.0,0.0,0.0
107_CC_1,THERMAL,2020-07-16 08:00:00,0.0,0.0,0.0,0.0,0.0,0.0,0.0
113_CT_1,THERMAL,2020-07-16 08:00:00,0.0,0.0,0.0,0.0,0.0,0.0,0.0
113_CT_2,THERMAL,2020-07-16 08:00:00,0.0,0.0,0.0,0.0,0.0,0.0,0.0
113_CT_3,THERMAL,2020-07-16 08:00:00,0.0,0.0,0.0,0.0,0.0,0.0,0.0
113_CT_4,THERMAL,2020-07-16 08:00:00,0.0,0.0,0.0,0.0,0.0,0.0,0.0
115_STEAM_1,THERMAL,2020-07-16 08:00:00,0.0,0.0,0.0,0.0,0.0,0.0,0.0
115_STEAM_2,THERMAL,2020-07-16 08:00:00,0.0,0.0,0.0,0.0,0.0,0.0,0.0
115_STEAM_3,THERMAL,2020-07-16 08:00:00,0.0,0.0,0.0,0.0,0.0,0.0,0.0
116_STEAM_1,THERMAL,2020-07-16 08:00:00,0.0,0.0,0.0,0.0,0.0,0.0,0.0
118_CC_1,THERMAL,2020-07-16 08:00:00,0.0,0.0,0.0,0.0,0.0,0.0,0.0
122_WIND_1,WIND,2020-07-16 08:00:00,0.0,0.0,0.0,0.0,0.0,0.0,0.0
123_CT_1,THERMAL,2020-07-16 08:00:00,0.0,0.0,0.0,0.0,0.0,0.0,0.0
123_CT_4,THERMAL,2020-07-16 08:00:00,0.0,0.0,0.0,0.0,0.0,0.0,0.0
123_CT_5,THERMAL,2020-07-16 08:00:00,0.0,0.0,0.0,0.0,0.0,0.0,0.0
123_STEAM_2,THERMAL,2020-07-16 08:00:00,0.0,0.0,0.0,0.0,0.0,0.0,0.0
123_STEAM_3,THERMAL,2020-07-16 08:00:00,0.0,0.0,0.0,0.0,0.0,0.0,0.0
201_CT_1,THERMAL,2020-07-16 08:00:00,0.0,0.0,0.0,0.0,0.0,0.0,0.0
201_CT_2,THERMAL,2020-07-16 08:00:00,0.0,0.0,0.0,0.0,0.0,0.0,0.0
201_STEAM_3,THERMAL,2020-07-16 08:00:00,0.0,0.0,0.0,0.0,0.0,0.0,0.0
202_CT_1,THERMAL,2020-07-16 08:00:00,0.0,0.0,0.0,0.0,0.0,0.0,0.0
202_CT_2,THERMAL,2020-07-16 08:00:00,0.0,0.0,0.0,0.0,0.0,0.0,0.0
202_STEAM_3,THERMAL,2020-07-16 08:00:00,0.0,0.0,0.0,0.0,0.0,0.0,0.0
202_STEAM_4,THERMAL,2020-07-16 08:00:00,0.0,0.0,0.0,0.0,0.0,0.0,0.0
207_CT_1,THERMAL,2020-07-16 08:00:00,0.0,0.0,0.0,0.0,0.0,0.0,0.0
207_CT_2,THERMAL,2020-07-16 08:00:00,0.0,0.0,0.0,0.0,0.0,0.0,0.0
212_CSP_1,THERMAL,2020-07-16 08:00:00,0.0,0.0,0.0,0.0,0.0,0.0,0.0
213_CC_3,THERMAL,2020-07-16 08:00:00,0.0,0.0,0.0,0.0,0.0,0.0,0.0
213_CT_1,THERMAL,2020-07-16 08:00:00,0.0,0.0,0.0,0.0,0.0,0.0,0.0
213_CT_2,THERMAL,2020-07-16 08:00:00,0.0,0.0,0.0,0.0,0.0,0.0,0.0
215_CT_4,THERMAL,2020-07-16 08:00:00,0.0,0.0,0.0,0.0,0.0,0.0,0.0
215_CT_5,THERMAL,2020-07-16 08:00:00,0.0,0.0,0.0,0.0,0.0,0.0,0.0
216_STEAM_1,THERMAL,2020-07-16 08:00:00,0.0,0.0,0.0,0.0,0.0,0.0,0.0
218_CC_1,THERMAL,2020-07-16 08:00:00,0.0,0.0,0.0,0.0,0.0,0.0,0.0
221_CC_1,THERMAL,2020-07-16 08:00:00,0.0,0.0,0.0,0.0,0.0,0.0,0.0
223_CT_4,THERMAL,2020-07-16 08:00:00,0.0,0.0,0.0,0.0,0.0,0.0,0.0
223_CT_5,THERMAL,2020-07-16 08:00:00,0.0,0.0,0.0,0.0,0.0,0.0,0.0
223_CT_6,THERMAL,2020-07-16 08:00:00,0.0,0.0,0.0,0.0,0.0,0.0,0.0
223_STEAM_1,THERMAL,2020-07-16 08:00:00,0.0,0.0,0.0,0.0,0.0,0.0,0.0
223_STEAM_2,THERMAL,2020-07-16 08:00:00,0.0,0.0,0.0,0.0,0.0,0.0,0.0
223_STEAM_3,THERMAL,2020-07-16 08:00:00,0.0,0.0,0.0,0.0,0.0,0.0,0.0
301_CT_1,THERMAL,2020-07-16 08:00:00,0.0,0.0,0.0,0.0,0.0,0.0,0.0
301_CT_2,THERMAL,2020-07-16 08:00:00,0.0,0.0,0.0,0.0,0.0,0.0,0.0
301_CT_3,THERMAL,2020-07-16 08:00:00,0.0,0.0,0.0,0.0,0.0,0.0,0.0
301_CT_4,THERMAL,2020-07-16 08:00:00,0.0,0.0,0.0,0.0,0.0,0.0,0.0
302_CT_1,THERMAL,2020-07-16 08:00:00,0.0,0.0,0.0,0.0,0.0,0.0,0.0
302_CT_2,THERMAL,2020-07-16 08:00:00,0.0,0.0,0.0,0.0,0.0,0.0,0.0
302_CT_3,THERMAL,2020-07-16 08:00:00,0.0,0.0,0.0,0.0,0.0,0.0,0.0
302_CT_4,THERMAL,2020-07-16 08:00:00,0.0,0.0,0.0,0.0,0.0,0.0,0.0
303_WIND_1,WIND,2020-07-16 08:00:00,0.0,0.0,0.0,0.0,0.0,0.0,0.0
307_CT_1,THERMAL,2020-07-16 08:00:00,0.0,0.0,0.0,0.0,0.0,0.0,0.0
307_CT_2,THERMAL,2020-07-16 08:00:00,0.0,0.0,0.0,0.0,0.0,0.0,0.0
309_WIND_1,WIND,2020-07-16 08:00:00,0.0,0.0,0.0,0.0,0.0,0.0,0.0
313_CC_1,THERMAL,2020-07-16 08:00:00,0.0,0.0,0.0,0.0,0.0,0.0,0.0
315_CT_6,THERMAL,2020-07-16 08:00:00,0.0,0.0,0.0,0.0,0.0,0.0,0.0
315_CT_7,THERMAL,2020-07-16 08:00:00,0.0,0.0,0.0,0.0,0.0,0.0,0.0
315_CT_8,THERMAL,2020-07-16 08:00:00,0.0,0.0,0.0,0.0,0.0,0.0,0.0
315_STEAM_1,THERMAL,2020-07-16 08:00:00,0.0,0.0,0.0,0.0,0.0,0.0,0.0
315_STEAM_2,THERMAL,2020-07-16 08:00:00,0.0,0.0,0.0,0.0,0.0,0.0,0.0
315_STEAM_3,THERMAL,2020-07-16 08:00:00,0.0,0.0,0.0,0.0,0.0,0.0,0.0
315_STEAM_4,THERMAL,2020-07-16 08:00:00,0.0,0.0,0.0,0.0,0.0,0.0,0.0
315_STEAM_5,THERMAL,2020-07-16 08:00:00,0.0,0.0,0.0,0.0,0.0,0.0,0.0
316_STEAM_1,THERMAL,2020-07-16 08:00:00,0.0,0.0,0.0,0.0,0.0,0.0,0.0
317_WIND_1,WIND,2020-07-16 08:00:00,0.0,0.0,0.0,0.0,0.0,0.0,0.0
318_CC_1,THERMAL,2020-07-16 08:00:00,0.0,0.0,0.0,0.0,0.0,0.0,0.0
321_CC_1,THERMAL,2020-07-16 08:00:00,0.0,0.0,0.0,0.0,0.0,0.0,0.0
322_CT_5,THERMAL,2020-07-16 08:00:00,0.0,0.0,0.0,0.0,0.0,0.0,0.0
322_CT_6,THERMAL,2020-07-16 08:00:00,0.0,0.0,0.0,0.0,0.0,0.0,0.0
323_CC_1,THERMAL,2020-07-16 08:00:00,0.0,0.0,0.0,0.0,0.0,0.0,0.0
323_CC_2,THERMAL,2020-07-16 08:00:00,0.0,0.0,0.0,0.0,0.0,0.0,0.0
101_CT_1,THERMAL,2020-07-16 10:00:00,0.0,0.0,0.0,0.0,0.0,0.0,0.0
101_CT_2,THERMAL,2020-07-16 10:00:00,0.0,0.0,0.0,0.0,0.0,0.0,0.0
101_STEAM_3,THERMAL,2020-07-16 10:00:00,0.0,0.0,0.0,0.0,0.0,0.0,0.0
101_STEAM_4,THERMAL,2020-07-16 10:00:00,0.0,0.0,0.0,0.0,0.0,0.0,0.0
102_CT_1,THERMAL,2020-07-16 10:00:00,0.0,0.0,0.0,0.0,0.0,0.0,0.0
102_CT_2,THERMAL,2020-07-16 10:00:00,0.0,0.0,0.0,0.0,0.0,0.0,0.0
102_STEAM_3,THERMAL,2020-07-16 10:00:00,0.0,0.0,0.0,0.0,0.0,0.0,0.0
102_STEAM_4,THERMAL,2020-07-16 10:00:00,0.0,0.0,0.0,0.0,0.0,0.0,0.0
107_CC_1,THERMAL,2020-07-16 10:00:00,0.0,0.0,0.0,0.0,0.0,0.0,0.0
113_CT_1,THERMAL,2020-07-16 10:00:00,0.0,0.0,0.0,0.0,0.0,0.0,0.0
113_CT_2,THERMAL,2020-07-16 10:00:00,0.0,0.0,0.0,0.0,0.0,0.0,0.0
113_CT_3,THERMAL,2020-07-16 10:00:00,0.0,0.0,0.0,0.0,0.0,0.0,0.0
113_CT_4,THERMAL,2020-07-16 10:00:00,0.0,0.0,0.0,0.0,0.0,0.0,0.0
115_STEAM_1,THERMAL,2020-07-16 10:00:00,0.0,0.0,0.0,0.0,0.0,0.0,0.0
115_STEAM_2,THERMAL,2020-07-16 10:00:00,0.0,0.0,0.0,0.0,0.0,0.0,0.0
115_STEAM_3,THERMAL,2020-07-16 10:00:00,0.0,0.0,0.0,0.0,0.0,0.0,0.0
116_STEAM_1,THERMAL,2020-07-16 10:00:00,0.0,0.0,0.0,0.0,0.0,0.0,0.0
118_CC_1,THERMAL,2020-07-16 10:00:00,0.0,0.0,0.0,0.0,0.0,0.0,0.0
122_WIND_1,WIND,2020-07-16 10:00:00,0.0,0.0,0.0,0.0,0.0,0.0,0.0
123_CT_1,THERMAL,2020-07-16 10:00:00,0.0,0.0,0.0,0.0,0.0,0.0,0.0
123_CT_4,THERMAL,2020-07-16 10:00:00,0.0,0.0,0.0,0.0,0.0,0.0,0.0
123_CT_5,THERMAL,2020-07-16 10:00:00,0.0,0.0,0.0,0.0,0.0,0.0,0.0
123_STEAM_2,THERMAL,2020-07-16 10:00:00,0.0,0.0,0.0,0.0,0.0,0.0,0.0
123_STEAM_3,THERMAL,2020-07-16 10:00:00,0.0,0.0,0.0,0.0,0.0,0.0,0.0
201_CT_1,THERMAL,2020-07-16 10:00:00,0.0,0.0,0.0,0.0,0.0,0.0,0.0
201_CT_2,THERMAL,2020-07-16 10:00:00,0.0,0.0,0.0,0.0,0.0,0.0,0.0
201_STEAM_3,THERMAL,2020-07-16 10:00:00,0.0,0.0,0.0,0.0,0.0,0.0,0.0
202_CT_1,THERMAL,2020-07-16 10:00:00,0.0,0.0,0.0,0.0,0.0,0.0,0.0
202_CT_2,THERMAL,2020-07-16 10:00:00,0.0,0.0,0.0,0.0,0.0,0.0,0.0
202_STEAM_3,THERMAL,2020-07-16 10:00:00,0.0,0.0,0.0,0.0,0.0,0.0,0.0
202_STEAM_4,THERMAL,2020-07-16 10:00:00,0.0,0.0,0.0,0.0,0.0,0.0,0.0
207_CT_1,THERMAL,2020-07-16 10:00:00,0.0,0.0,0.0,0.0,0.0,0.0,0.0
207_CT_2,THERMAL,2020-07-16 10:00:00,0.0,0.0,0.0,0.0,0.0,0.0,0.0
212_CSP_1,THERMAL,2020-07-16 10:00:00,0.0,0.0,0.0,0.0,0.0,0.0,0.0
213_CC_3,THERMAL,2020-07-16 10:00:00,0.0,0.0,0.0,0.0,0.0,0.0,0.0
213_CT_1,THERMAL,2020-07-16 10:00:00,0.0,0.0,0.0,0.0,0.0,0.0,0.0
213_CT_2,THERMAL,2020-07-16 10:00:00,0.0,0.0,0.0,0.0,0.0,0.0,0.0
215_CT_4,THERMAL,2020-07-16 10:00:00,0.0,0.0,0.0,0.0,0.0,0.0,0.0
215_CT_5,THERMAL,2020-07-16 10:00:00,0.0,0.0,0.0,0.0,0.0,0.0,0.0
216_STEAM_1,THERMAL,2020-07-16 10:00:00,0.0,0.0,0.0,0.0,0.0,0.0,0.0
218_CC_1,THERMAL,2020-07-16 10:00:00,0.0,0.0,0.0,0.0,0.0,0.0,0.0
221_CC_1,THERMAL,2020-07-16 10:00:00,0.0,0.0,0.0,0.0,0.0,0.0,0.0
223_CT_4,THERMAL,2020-07-16 10:00:00,0.0,0.0,0.0,0.0,0.0,0.0,0.0
223_CT_5,THERMAL,2020-07-16 10:00:00,0.0,0.0,0.0,0.0,0.0,0.0,0.0
223_CT_6,THERMAL,2020-07-16 10:00:00,0.0,0.0,0.0,0.0,0.0,0.0,0.0
223_STEAM_1,THERMAL,2020-07-16 10:00:00,0.0,0.0,0.0,0.0,0.0,0.0,0.0
223_STEAM_2,THERMAL,2020-07-16 10:00:00,0.0,0.0,0.0,0.0,0.0,0.0,0.0
223_STEAM_3,THERMAL,2020-07-16 10:00:00,0.0,0.0,0.0,0.0,0.0,0.0,0.0
301_CT_1,THERMAL,2020-07-16 10:00:00,0.0,0.0,0.0,0.0,0.0,0.0,0.0
301_CT_2,THERMAL,2020-07-16 10:00:00,0.0,0.0,0.0,0.0,0.0,0.0,0.0
301_CT_3,THERMAL,2020-07-16 10:00:00,0.0,0.0,0.0,0.0,0.0,0.0,0.0
301_CT_4,THERMAL,2020-07-16 10:00:00,0.0,0.0,0.0,0.0,0.0,0.0,0.0
302_CT_1,THERMAL,2020-07-16 10:00:00,0.0,0.0,0.0,0.0,0.0,0.0,0.0
302_CT_2,THERMAL,2020-07-16 10:00:00,0.0,0.0,0.0,0.0,0.0,0.0,0.0
302_CT_3,THERMAL,2020-07-16 10:00:00,0.0,0.0,0.0,0.0,0.0,0.0,0.0
302_CT_4,THERMAL,2020-07-16 10:00:00,0.0,0.0,0.0,0.0,0.0,0.0,0.0
303_WIND_1,WIND,2020-07-16 10:00:00,0.0,0.0,0.0,0.0,0.0,0.0,0.0
307_CT_1,THERMAL,2020-07-16 10:00:00,0.0,0.0,0.0,0.0,0.0,0.0,0.0
307_CT_2,THERMAL,2020-07-16 10:00:00,0.0,0.0,0.0,0.0,0.0,0.0,0.0
309_WIND_1,WIND,2020-07-16 10:00:00,0.0,0.0,0.0,0.0,0.0,0.0,0.0
313_CC_1,THERMAL,2020-07-16 10:00:00,0.0,0.0,0.0,0.0,0.0,0.0,0.0
315_CT_6,THERMAL,2020-07-16 10:00:00,0.0,0.0,0.0,0.0,0.0,0.0,0.0
315_CT_7,THERMAL,2020-07-16 10:00:00,0.0,0.0,0.0,0.0,0.0,0.0,0.0
315_CT_8,THERMAL,2020-07-16 10:00:00,0.0,0.0,0.0,0.0,0.0,0.0,0.0
315_STEAM_1,THERMAL,2020-07-16 10:00:00,0.0,0.0,0.0,0.0,0.0,0.0,0.0
315_STEAM_2,THERMAL,2020-07-16 10:00:00,0.0,0.0,0.0,0.0,0.0,0.0,0.0
315_STEAM_3,THERMAL,2020-07-16 10:00:00,0.0,0.0,0.0,0.0,0.0,0.0,0.0
315_STEAM_4,THERMAL,2020-07-16 10:00:00,0.0,0.0,0.0,0.0,0.0,0.0,0.0
315_STEAM_5,THERMAL,2020-07-16 10:00:00,0.0,0.0,0.0,0.0,0.0,0.0,0.0
316_STEAM_1,THERMAL,2020-07-16 10:00:00,0.0,0.0,0.0,0.0,0.0,0.0,0.0
317_WIND_1,WIND,2020-07-16 10:00:00,0.0,0.0,0.0,0.0,0.0,0.0,0.0
318_CC_1,THERMAL,2020-07-16 10:00:00,0.0,0.0,0.0,0.0,0.0,0.0,0.0
321_CC_1,THERMAL,2020-07-16 10:00:00,0.0,0.0,0.0,0.0,0.0,0.0,0.0
322_CT_5,THERMAL,2020-07-16 10:00:00,0.0,0.0,0.0,0.0,0.0,0.0,0.0
322_CT_6,THERMAL,2020-07-16 10:00:00,0.0,0.0,0.0,0.0,0.0,0.0,0.0
323_CC_1,THERMAL,2020-07-16 10:00:00,0.0,0.0,0.0,0.0,0.0,0.0,0.0
323_CC_2,THERMAL,2020-07-16 10:00:00,0.0,0.0,0.0,0.0,0.0,0.0,0.0
101_CT_1,THERMAL,2020-07-16 12:00:00,0.0,0.0,0.0,0.0,0.0,0.0,0.0
101_CT_2,THERMAL,2020-07-16 12:00:00,0.0,0.0,0.0,0.0,0.0,0.0,0.0
101_STEAM_3,THERMAL,2020-07-16 12:00:00,0.0,0.0,0.0,0.0,0.0,0.0,0.0
101_STEAM_4,THERMAL,2020-07-16 12:00:00,0.0,0.0,0.0,0.0,0.0,0.0,0.0
102_CT_1,THERMAL,2020-07-16 12:00:00,0.0,0.0,0.0,0.0,0.0,0.0,0.0
102_CT_2,THERMAL,2020-07-16 12:00:00,0.0,0.0,0.0,0.0,0.0,0.0,0.0
102_STEAM_3,THERMAL,2020-07-16 12:00:00,0.0,0.0,0.0,0.0,0.0,0.0,0.0
102_STEAM_4,THERMAL,2020-07-16 12:00:00,0.0,0.0,0.0,0.0,0.0,0.0,0.0
107_CC_1,THERMAL,2020-07-16 12:00:00,0.0,0.0,0.0,0.0,0.0,0.0,0.0
113_CT_1,THERMAL,2020-07-16 12:00:00,0.0,0.0,0.0,0.0,0.0,0.0,0.0
113_CT_2,THERMAL,2020-07-16 12:00:00,0.0,0.0,0.0,0.0,0.0,0.0,0.0
113_CT_3,THERMAL,2020-07-16 12:00:00,0.0,0.0,0.0,0.0,0.0,0.0,0.0
113_CT_4,THERMAL,2020-07-16 12:00:00,0.0,0.0,0.0,0.0,0.0,0.0,0.0
115_STEAM_1,THERMAL,2020-07-16 12:00:00,0.0,0.0,0.0,0.0,0.0,0.0,0.0
115_STEAM_2,THERMAL,2020-07-16 12:00:00,0.0,0.0,0.0,0.0,0.0,0.0,0.0
115_STEAM_3,THERMAL,2020-07-16 12:00:00,0.0,0.0,0.0,0.0,0.0,0.0,0.0
116_STEAM_1,THERMAL,2020-07-16 12:00:00,0.0,0.0,0.0,0.0,0.0,0.0,0.0
118_CC_1,THERMAL,2020-07-16 12:00:00,0.0,0.0,0.0,0.0,0.0,0.0,0.0
122_WIND_1,WIND,2020-07-16 12:00:00,0.0,0.0,0.0,0.0,0.0,0.0,0.0
123_CT_1,THERMAL,2020-07-16 12:00:00,0.0,0.0,0.0,0.0,0.0,0.0,0.0
123_CT_4,THERMAL,2020-07-16 12:00:00,0.0,0.0,0.0,0.0,0.0,0.0,0.0
123_CT_5,THERMAL,2020-07-16 12:00:00,0.0,0.0,0.0,0.0,0.0,0.0,0.0
123_STEAM_2,THERMAL,2020-07-16 12:00:00,0.0,0.0,0.0,0.0,0.0,0.0,0.0
123_STEAM_3,THERMAL,2020-07-16 12:00:00,0.0,0.0,0.0,0.0,0.0,0.0,0.0
201_CT_1,THERMAL,2020-07-16 12:00:00,0.0,0.0,0.0,0.0,0.0,0.0,0.0
201_CT_2,THERMAL,2020-07-16 12:00:00,0.0,0.0,0.0,0.0,0.0,0.0,0.0
201_STEAM_3,THERMAL,2020-07-16 12:00:00,0.0,0.0,0.0,0.0,0.0,0.0,0.0
202_CT_1,THERMAL,2020-07-16 12:00:00,0.0,0.0,0.0,0.0,0.0,0.0,0.0
202_CT_2,THERMAL,2020-07-16 12:00:00,0.0,0.0,0.0,0.0,0.0,0.0,0.0
202_STEAM_3,THERMAL,2020-07-16 12:00:00,0.0,0.0,0.0,0.0,0.0,0.0,0.0
202_STEAM_4,THERMAL,2020-07-16 12:00:00,0.0,0.0,0.0,0.0,0.0,0.0,0.0
207_CT_1,THERMAL,2020-07-16 12:00:00,0.0,0.0,0.0,0.0,0.0,0.0,0.0
207_CT_2,THERMAL,2020-07-16 12:00:00,0.0,0.0,0.0,0.0,0.0,0.0,0.0
212_CSP_1,THERMAL,2020-07-16 12:00:00,0.0,0.0,0.0,0.0,0.0,0.0,0.0
213_CC_3,THERMAL,2020-07-16 12:00:00,0.0,0.0,0.0,0.0,0.0,0.0,0.0
213_CT_1,THERMAL,2020-07-16 12:00:00,0.0,0.0,0.0,0.0,0.0,0.0,0.0
213_CT_2,THERMAL,2020-07-16 12:00:00,0.0,0.0,0.0,0.0,0.0,0.0,0.0
215_CT_4,THERMAL,2020-07-16 12:00:00,0.0,0.0,0.0,0.0,0.0,0.0,0.0
215_CT_5,THERMAL,2020-07-16 12:00:00,0.0,0.0,0.0,0.0,0.0,0.0,0.0
216_STEAM_1,THERMAL,2020-07-16 12:00:00,0.0,0.0,0.0,0.0,0.0,0.0,0.0
218_CC_1,THERMAL,2020-07-16 12:00:00,0.0,0.0,0.0,0.0,0.0,0.0,0.0
221_CC_1,THERMAL,2020-07-16 12:00:00,0.0,0.0,0.0,0.0,0.0,0.0,0.0
223_CT_4,THERMAL,2020-07-16 12:00:00,0.0,0.0,0.0,0.0,0.0,0.0,0.0
223_CT_5,THERMAL,2020-07-16 12:00:00,0.0,0.0,0.0,0.0,0.0,0.0,0.0
223_CT_6,THERMAL,2020-07-16 12:00:00,0.0,0.0,0.0,0.0,0.0,0.0,0.0
223_STEAM_1,THERMAL,2020-07-16 12:00:00,0.0,0.0,0.0,0.0,0.0,0.0,0.0
223_STEAM_2,THERMAL,2020-07-16 12:00:00,0.0,0.0,0.0,0.0,0.0,0.0,0.0
223_STEAM_3,THERMAL,2020-07-16 12:00:00,0.0,0.0,0.0,0.0,0.0,0.0,0.0
301_CT_1,THERMAL,2020-07-16 12:00:00,0.0,0.0,0.0,0.0,0.0,0.0,0.0
301_CT_2,THERMAL,2020-07-16 12:00:00,0.0,0.0,0.0,0.0,0.0,0.0,0.0
301_CT_3,THERMAL,2020-07-16 12:00:00,0.0,0.0,0.0,0.0,0.0,0.0,0.0
301_CT_4,THERMAL,2020-07-16 12:00:00,0.0,0.0,0.0,0.0,0.0,0.0,0.0
302_CT_1,THERMAL,2020-07-16 12:00:00,0.0,0.0,0.0,0.0,0.0,0.0,0.0
302_CT_2,THERMAL,2020-07-16 12:00:00,0.0,0.0,0.0,0.0,0.0,0.0,0.0
302_CT_3,THERMAL,2020-07-16 12:00:00,0.0,0.0,0.0,0.0,0.0,0.0,0.0
302_CT_4,THERMAL,2020-07-16 12:00:00,0.0,0.0,0.0,0.0,0.0,0.0,0.0
303_WIND_1,WIND,2020-07-16 12:00:00,0.0,0.0,0.0,0.0,0.0,0.0,0.0
307_CT_1,THERMAL,2020-07-16 12:00:00,0.0,0.0,0.0,0.0,0.0,0.0,0.0
307_CT_2,THERMAL,2020-07-16 12:00:00,0.0,0.0,0.0,0.0,0.0,0.0,0.0
309_WIND_1,WIND,2020-07-16 12:00:00,0.0,0.0,0.0,0.0,0.0,0.0,0.0
313_CC_1,THERMAL,2020-07-16 12:00:00,0.0,0.0,0.0,0.0,0.0,0.0,0.0
315_CT_6,THERMAL,2020-07-16 12:00:00,0.0,0.0,0.0,0.0,0.0,0.0,0.0
315_CT_7,THERMAL,2020-07-16 12:00:00,0.0,0.0,0.0,0.0,0.0,0.0,0.0
315_CT_8,THERMAL,2020-07-16 12:00:00,0.0,0.0,0.0,0.0,0.0,0.0,0.0
315_STEAM_1,THERMAL,2020-07-16 12:00:00,0.0,0.0,0.0,0.0,0.0,0.0,0.0
315_STEAM_2,THERMAL,2020-07-16 12:00:00,0.0,0.0,0.0,0.0,0.0,0.0,0.0
315_STEAM_3,THERMAL,2020-07-16 12:00:00,0.0,0.0,0.0,0.0,0.0,0.0,0.0
315_STEAM_4,THERMAL,2020-07-16 12:00:00,0.0,0.0,0.0,0.0,0.0,0.0,0.0
315_STEAM_5,THERMAL,2020-07-16 12:00:00,0.0,0.0,0.0,0.0,0.0,0.0,0.0
316_STEAM_1,THERMAL,2020-07-16 12:00:00,0.0,0.0,0.0,0.0,0.0,0.0,0.0
317_WIND_1,WIND,2020-07-16 12:00:00,0.0,0.0,0.0,0.0,0.0,0.0,0.0
318_CC_1,THERMAL,2020-07-16 12:00:00,0.0,0.0,0.0,0.0,0.0,0.0,0.0
321_CC_1,THERMAL,2020-07-16 12:00:00,0.0,0.0,0.0,0.0,0.0,0.0,0.0
322_CT_5,THERMAL,2020-07-16 12:00:00,0.0,0.0,0.0,0.0,0.0,0.0,0.0
322_CT_6,THERMAL,2020-07-16 12:00:00,0.0,0.0,0.0,0.0,0.0,0.0,0.0
323_CC_1,THERMAL,2020-07-16 12:00:00,0.0,0.0,0.0,0.0,0.0,0.0,0.0
323_CC_2,THERMAL,2020-07-16 12:00:00,0.0,0.0,0.0,0.0,0.0,0.0,0.0
101_CT_1,THERMAL,2020-07-16 14:00:00,0.0,0.0,0.0,0.0,0.0,0.0,0.0
101_CT_2,THERMAL,2020-07-16 14:00:00,0.0,0.0,0.0,0.0,0.0,0.0,0.0
101_STEAM_3,THERMAL,2020-07-16 14:00:00,0.0,0.0,0.0,0.0,0.0,0.0,0.0
101_STEAM_4,THERMAL,2020-07-16 14:00:00,0.0,0.0,0.0,0.0,0.0,0.0,0.0
102_CT_1,THERMAL,2020-07-16 14:00:00,0.0,0.0,0.0,0.0,0.0,0.0,0.0
102_CT_2,THERMAL,2020-07-16 14:00:00,0.0,0.0,0.0,0.0,0.0,0.0,0.0
102_STEAM_3,THERMAL,2020-07-16 14:00:00,0.0,0.0,0.0,0.0,0.0,0.0,0.0
102_STEAM_4,THERMAL,2020-07-16 14:00:00,0.0,0.0,0.0,0.0,0.0,0.0,0.0
107_CC_1,THERMAL,2020-07-16 14:00:00,0.0,0.0,0.0,0.0,0.0,0.0,0.0
113_CT_1,THERMAL,2020-07-16 14:00:00,0.0,0.0,0.0,0.0,0.0,0.0,0.0
113_CT_2,THERMAL,2020-07-16 14:00:00,0.0,0.0,0.0,0.0,0.0,0.0,0.0
113_CT_3,THERMAL,2020-07-16 14:00:00,0.0,0.0,0.0,0.0,0.0,0.0,0.0
113_CT_4,THERMAL,2020-07-16 14:00:00,0.0,0.0,0.0,0.0,0.0,0.0,0.0
115_STEAM_1,THERMAL,2020-07-16 14:00:00,0.0,0.0,0.0,0.0,0.0,0.0,0.0
115_STEAM_2,THERMAL,2020-07-16 14:00:00,0.0,0.0,0.0,0.0,0.0,0.0,0.0
115_STEAM_3,THERMAL,2020-07-16 14:00:00,0.0,0.0,0.0,0.0,0.0,0.0,0.0
116_STEAM_1,THERMAL,2020-07-16 14:00:00,0.0,0.0,0.0,0.0,0.0,0.0,0.0
118_CC_1,THERMAL,2020-07-16 14:00:00,0.0,0.0,0.0,0.0,0.0,0.0,0.0
122_WIND_1,WIND,2020-07-16 14:00:00,0.0,0.0,0.0,0.0,0.0,0.0,0.0
123_CT_1,THERMAL,2020-07-16 14:00:00,0.0,0.0,0.0,0.0,0.0,0.0,0.0
123_CT_4,THERMAL,2020-07-16 14:00:00,0.0,0.0,0.0,0.0,0.0,0.0,0.0
123_CT_5,THERMAL,2020-07-16 14:00:00,0.0,0.0,0.0,0.0,0.0,0.0,0.0
123_STEAM_2,THERMAL,2020-07-16 14:00:00,0.0,0.0,0.0,0.0,0.0,0.0,0.0
123_STEAM_3,THERMAL,2020-07-16 14:00:00,0.0,0.0,0.0,0.0,0.0,0.0,0.0
201_CT_1,THERMAL,2020-07-16 14:00:00,0.0,0.0,0.0,0.0,0.0,0.0,0.0
201_CT_2,THERMAL,2020-07-16 14:00:00,0.0,0.0,0.0,0.0,0.0,0.0,0.0
201_STEAM_3,THERMAL,2020-07-16 14:00:00,0.0,0.0,0.0,0.0,0.0,0.0,0.0
202_CT_1,THERMAL,2020-07-16 14:00:00,0.0,0.0,0.0,0.0,0.0,0.0,0.0
202_CT_2,THERMAL,2020-07-16 14:00:00,0.0,0.0,0.0,0.0,0.0,0.0,0.0
202_STEAM_3,THERMAL,2020-07-16 14:00:00,0.0,0.0,0.0,0.0,0.0,0.0,0.0
202_STEAM_4,THERMAL,2020-07-16 14:00:00,0.0,0.0,0.0,0.0,0.0,0.0,0.0
207_CT_1,THERMAL,2020-07-16 14:00:00,0.0,0.0,0.0,0.0,0.0,0.0,0.0
207_CT_2,THERMAL,2020-07-16 14:00:00,0.0,0.0,0.0,0.0,0.0,0.0,0.0
212_CSP_1,THERMAL,2020-07-16 14:00:00,0.0,0.0,0.0,0.0,0.0,0.0,0.0
213_CC_3,THERMAL,2020-07-16 14:00:00,0.0,0.0,0.0,0.0,0.0,0.0,0.0
213_CT_1,THERMAL,2020-07-16 14:00:00,0.0,0.0,0.0,0.0,0.0,0.0,0.0
213_CT_2,THERMAL,2020-07-16 14:00:00,0.0,0.0,0.0,0.0,0.0,0.0,0.0
215_CT_4,THERMAL,2020-07-16 14:00:00,0.0,0.0,0.0,0.0,0.0,0.0,0.0
215_CT_5,THERMAL,2020-07-16 14:00:00,0.0,0.0,0.0,0.0,0.0,0.0,0.0
216_STEAM_1,THERMAL,2020-07-16 14:00:00,0.0,0.0,0.0,0.0,0.0,0.0,0.0
218_CC_1,THERMAL,2020-07-16 14:00:00,0.0,0.0,0.0,0.0,0.0,0.0,0.0
221_CC_1,THERMAL,2020-07-16 14:00:00,0.0,0.0,0.0,0.0,0.0,0.0,0.0
223_CT_4,THERMAL,2020-07-16 14:00:00,0.0,0.0,0.0,0.0,0.0,0.0,0.0
223_CT_5,THERMAL,2020-07-16 14:00:00,0.0,0.0,0.0,0.0,0.0,0.0,0.0
223_CT_6,THERMAL,2020-07-16 14:00:00,0.0,0.0,0.0,0.0,0.0,0.0,0.0
223_STEAM_1,THERMAL,2020-07-16 14:00:00,0.0,0.0,0.0,0.0,0.0,0.0,0.0
223_STEAM_2,THERMAL,2020-07-16 14:00:00,0.0,0.0,0.0,0.0,0.0,0.0,0.0
223_STEAM_3,THERMAL,2020-07-16 14:00:00,0.0,0.0,0.0,0.0,0.0,0.0,0.0
301_CT_1,THERMAL,2020-07-16 14:00:00,0.0,0.0,0.0,0.0,0.0,0.0,0.0
301_CT_2,THERMAL,2020-07-16 14:00:00,0.0,0.0,0.0,0.0,0.0,0.0,0.0
301_CT_3,THERMAL,2020-07-16 14:00:00,0.0,0.0,0.0,0.0,0.0,0.0,0.0
301_CT_4,THERMAL,2020-07-16 14:00:00,0.0,0.0,0.0,0.0,0.0,0.0,0.0
302_CT_1,THERMAL,2020-07-16 14:00:00,0.0,0.0,0.0,0.0,0.0,0.0,0.0
302_CT_2,THERMAL,2020-07-16 14:00:00,0.0,0.0,0.0,0.0,0.0,0.0,0.0
302_CT_3,THERMAL,2020-07-16 14:00:00,0.0,0.0,0.0,0.0,0.0,0.0,0.0
302_CT_4,THERMAL,2020-07-16 14:00:00,0.0,0.0,0.0,0.0,0.0,0.0,0.0
303_WIND_1,WIND,2020-07-16 14:00:00,0.0,0.0,0.0,0.0,0.0,0.0,0.0
307_CT_1,THERMAL,2020-07-16 14:00:00,0.0,0.0,0.0,0.0,0.0,0.0,0.0
307_CT_2,THERMAL,2020-07-16 14:00:00,0.0,0.0,0.0,0.0,0.0,0.0,0.0
309_WIND_1,WIND,2020-07-16 14:00:00,0.0,0.0,0.0,0.0,0.0,0.0,0.0
313_CC_1,THERMAL,2020-07-16 14:00:00,0.0,0.0,0.0,0.0,0.0,0.0,0.0
315_CT_6,THERMAL,2020-07-16 14:00:00,0.0,0.0,0.0,0.0,0.0,0.0,0.0
315_CT_7,THERMAL,2020-07-16 14:00:00,0.0,0.0,0.0,0.0,0.0,0.0,0.0
315_CT_8,THERMAL,2020-07-16 14:00:00,0.0,0.0,0.0,0.0,0.0,0.0,0.0
315_STEAM_1,THERMAL,2020-07-16 14:00:00,0.0,0.0,0.0,0.0,0.0,0.0,0.0
315_STEAM_2,THERMAL,2020-07-16 14:00:00,0.0,0.0,0.0,0.0,0.0,0.0,0.0
315_STEAM_3,THERMAL,2020-07-16 14:00:00,0.0,0.0,0.0,0.0,0.0,0.0,0.0
315_STEAM_4,THERMAL,2020-07-16 14:00:00,0.0,0.0,0.0,0.0,0.0,0.0,0.0
315_STEAM_5,THERMAL,2020-07-16 14:00:00,0.0,0.0,0.0,0.0,0.0,0.0,0.0
316_STEAM_1,THERMAL,2020-07-16 14:00:00,0.0,0.0,0.0,0.0,0.0,0.0,0.0
317_WIND_1,WIND,2020-07-16 14:00:00,0.0,0.0,0.0,0.0,0.0,0.0,0.0
318_CC_1,THERMAL,2020-07-16 14:00:00,0.0,0.0,0.0,0.0,0.0,0.0,0.0
321_CC_1,THERMAL,2020-07-16 14:00:00,0.0,0.0,0.0,0.0,0.0,0.0,0.0
322_CT_5,THERMAL,2020-07-16 14:00:00,0.0,0.0,0.0,0.0,0.0,0.0,0.0
322_CT_6,THERMAL,2020-07-16 14:00:00,0.0,0.0,0.0,0.0,0.0,0.0,0.0
323_CC_1,THERMAL,2020-07-16 14:00:00,0.0,0.0,0.0,0.0,0.0,0.0,0.0
323_CC_2,THERMAL,2020-07-16 14:00:00,0.0,0.0,0.0,0.0,0.0,0.0,0.0
101_CT_1,THERMAL,2020-07-16 16:00:00,0.0,0.0,0.0,0.0,0.0,0.0,0.0
101_CT_2,THERMAL,2020-07-16 16:00:00,0.0,0.0,0.0,0.0,0.0,0.0,0.0
101_STEAM_3,THERMAL,2020-07-16 16:00:00,0.0,0.0,0.0,0.0,0.0,0.0,0.0
101_STEAM_4,THERMAL,2020-07-16 16:00:00,0.0,0.0,0.0,0.0,0.0,0.0,0.0
102_CT_1,THERMAL,2020-07-16 16:00:00,0.0,0.0,0.0,0.0,0.0,0.0,0.0
102_CT_2,THERMAL,2020-07-16 16:00:00,0.0,0.0,0.0,0.0,0.0,0.0,0.0
102_STEAM_3,THERMAL,2020-07-16 16:00:00,0.0,0.0,0.0,0.0,0.0,0.0,0.0
102_STEAM_4,THERMAL,2020-07-16 16:00:00,0.0,0.0,0.0,0.0,0.0,0.0,0.0
107_CC_1,THERMAL,2020-07-16 16:00:00,0.0,0.0,0.0,0.0,0.0,0.0,0.0
113_CT_1,THERMAL,2020-07-16 16:00:00,0.0,0.0,0.0,0.0,0.0,0.0,0.0
113_CT_2,THERMAL,2020-07-16 16:00:00,0.0,0.0,0.0,0.0,0.0,0.0,0.0
113_CT_3,THERMAL,2020-07-16 16:00:00,0.0,0.0,0.0,0.0,0.0,0.0,0.0
113_CT_4,THERMAL,2020-07-16 16:00:00,0.0,0.0,0.0,0.0,0.0,0.0,0.0
115_STEAM_1,THERMAL,2020-07-16 16:00:00,0.0,0.0,0.0,0.0,0.0,0.0,0.0
115_STEAM_2,THERMAL,2020-07-16 16:00:00,0.0,0.0,0.0,0.0,0.0,0.0,0.0
115_STEAM_3,THERMAL,2020-07-16 16:00:00,0.0,0.0,0.0,0.0,0.0,0.0,0.0
116_STEAM_1,THERMAL,2020-07-16 16:00:00,0.0,0.0,0.0,0.0,0.0,0.0,0.0
118_CC_1,THERMAL,2020-07-16 16:00:00,0.0,0.0,0.0,0.0,0.0,0.0,0.0
122_WIND_1,WIND,2020-07-16 16:00:00,0.0,0.0,0.0,0.0,0.0,0.0,0.0
123_CT_1,THERMAL,2020-07-16 16:00:00,0.0,0.0,0.0,0.0,0.0,0.0,0.0
123_CT_4,THERMAL,2020-07-16 16:00:00,0.0,0.0,0.0,0.0,0.0,0.0,0.0
123_CT_5,THERMAL,2020-07-16 16:00:00,0.0,0.0,0.0,0.0,0.0,0.0,0.0
123_STEAM_2,THERMAL,2020-07-16 16:00:00,0.0,0.0,0.0,0.0,0.0,0.0,0.0
123_STEAM_3,THERMAL,2020-07-16 16:00:00,0.0,0.0,0.0,0.0,0.0,0.0,0.0
201_CT_1,THERMAL,2020-07-16 16:00:00,0.0,0.0,0.0,0.0,0.0,0.0,0.0
201_CT_2,THERMAL,2020-07-16 16:00:00,0.0,0.0,0.0,0.0,0.0,0.0,0.0
201_STEAM_3,THERMAL,2020-07-16 16:00:00,0.0,0.0,0.0,0.0,0.0,0.0,0.0
202_CT_1,THERMAL,2020-07-16 16:00:00,0.0,0.0,0.0,0.0,0.0,0.0,0.0
202_CT_2,THERMAL,2020-07-16 16:00:00,0.0,0.0,0.0,0.0,0.0,0.0,0.0
202_STEAM_3,THERMAL,2020-07-16 16:00:00,0.0,0.0,0.0,0.0,0.0,0.0,0.0
202_STEAM_4,THERMAL,2020-07-16 16:00:00,0.0,0.0,0.0,0.0,0.0,0.0,0.0
207_CT_1,THERMAL,2020-07-16 16:00:00,0.0,0.0,0.0,0.0,0.0,0.0,0.0
207_CT_2,THERMAL,2020-07-16 16:00:00,0.0,0.0,0.0,0.0,0.0,0.0,0.0
212_CSP_1,THERMAL,2020-07-16 16:00:00,0.0,0.0,0.0,0.0,0.0,0.0,0.0
213_CC_3,THERMAL,2020-07-16 16:00:00,0.0,0.0,0.0,0.0,0.0,0.0,0.0
213_CT_1,THERMAL,2020-07-16 16:00:00,0.0,0.0,0.0,0.0,0.0,0.0,0.0
213_CT_2,THERMAL,2020-07-16 16:00:00,0.0,0.0,0.0,0.0,0.0,0.0,0.0
215_CT_4,THERMAL,2020-07-16 16:00:00,0.0,0.0,0.0,0.0,0.0,0.0,0.0
215_CT_5,THERMAL,2020-07-16 16:00:00,0.0,0.0,0.0,0.0,0.0,0.0,0.0
216_STEAM_1,THERMAL,2020-07-16 16:00:00,0.0,0.0,0.0,0.0,0.0,0.0,0.0
218_CC_1,THERMAL,2020-07-16 16:00:00,0.0,0.0,0.0,0.0,0.0,0.0,0.0
221_CC_1,THERMAL,2020-07-16 16:00:00,0.0,0.0,0.0,0.0,0.0,0.0,0.0
223_CT_4,THERMAL,2020-07-16 16:00:00,0.0,0.0,0.0,0.0,0.0,0.0,0.0
223_CT_5,THERMAL,2020-07-16 16:00:00,0.0,0.0,0.0,0.0,0.0,0.0,0.0
223_CT_6,THERMAL,2020-07-16 16:00:00,0.0,0.0,0.0,0.0,0.0,0.0,0.0
223_STEAM_1,THERMAL,2020-07-16 16:00:00,0.0,0.0,0.0,0.0,0.0,0.0,0.0
223_STEAM_2,THERMAL,2020-07-16 16:00:00,0.0,0.0,0.0,0.0,0.0,0.0,0.0
223_STEAM_3,THERMAL,2020-07-16 16:00:00,0.0,0.0,0.0,0.0,0.0,0.0,0.0
301_CT_1,THERMAL,2020-07-16 16:00:00,0.0,0.0,0.0,0.0,0.0,0.0,0.0
301_CT_2,THERMAL,2020-07-16 16:00:00,0.0,0.0,0.0,0.0,0.0,0.0,0.0
301_CT_3,THERMAL,2020-07-16 16:00:00,0.0,0.0,0.0,0.0,0.0,0.0,0.0
301_CT_4,THERMAL,2020-07-16 16:00:00,0.0,0.0,0.0,0.0,0.0,0.0,0.0
302_CT_1,THERMAL,2020-07-16 16:00:00,0.0,0.0,0.0,0.0,0.0,0.0,0.0
302_CT_2,THERMAL,2020-07-16 16:00:00,0.0,0.0,0.0,0.0,0.0,0.0,0.0
302_CT_3,THERMAL,2020-07-16 16:00:00,0.0,0.0,0.0,0.0,0.0,0.0,0.0
302_CT_4,THERMAL,2020-07-16 16:00:00,0.0,0.0,0.0,0.0,0.0,0.0,0.0
303_WIND_1,WIND,2020-07-16 16:00:00,0.0,0.0,0.0,0.0,0.0,0.0,0.0
307_CT_1,THERMAL,2020-07-16 16:00:00,0.0,0.0,0.0,0.0,0.0,0.0,0.0
307_CT_2,THERMAL,2020-07-16 16:00:00,0.0,0.0,0.0,0.0,0.0,0.0,0.0
309_WIND_1,WIND,2020-07-16 16:00:00,0.0,0.0,0.0,0.0,0.0,0.0,0.0
313_CC_1,THERMAL,2020-07-16 16:00:00,0.0,0.0,0.0,0.0,0.0,0.0,0.0
315_CT_6,THERMAL,2020-07-16 16:00:00,0.0,0.0,0.0,0.0,0.0,0.0,0.0
315_CT_7,THERMAL,2020-07-16 16:00:00,0.0,0.0,0.0,0.0,0.0,0.0,0.0
315_CT_8,THERMAL,2020-07-16 16:00:00,0.0,0.0,0.0,0.0,0.0,0.0,0.0
315_STEAM_1,THERMAL,2020-07-16 16:00:00,0.0,0.0,0.0,0.0,0.0,0.0,0.0
315_STEAM_2,THERMAL,2020-07-16 16:00:00,0.0,0.0,0.0,0.0,0.0,0.0,0.0
315_STEAM_3,THERMAL,2020-07-16 16:00:00,0.0,0.0,0.0,0.0,0.0,0.0,0.0
315_STEAM_4,THERMAL,2020-07-16 16:00:00,0.0,0.0,0.0,0.0,0.0,0.0,0.0
315_STEAM_5,THERMAL,2020-07-16 16:00:00,0.0,0.0,0.0,0.0,0.0,0.0,0.0
316_STEAM_1,THERMAL,2020-07-16 16:00:00,0.0,0.0,0.0,0.0,0.0,0.0,0.0
317_WIND_1,WIND,2020-07-16 16:00:00,0.0,0.0,0.0,0.0,0.0,0.0,0.0
318_CC_1,THERMAL,2020-07-16 16:00:00,0.0,0.0,0.0,0.0,0.0,0.0,0.0
321_CC_1,THERMAL,2020-07-16 16:00:00,0.0,0.0,0.0,0.0,0.0,0.0,0.0
322_CT_5,THERMAL,2020-07-16 16:00:00,0.0,0.0,0.0,0.0,0.0,0.0,0.0
322_CT_6,THERMAL,2020-07-16 16:00:00,0.0,0.0,0.0,0.0,0.0,0.0,0.0
323_CC_1,THERMAL,2020-07-16 16:00:00,0.0,0.0,0.0,0.0,0.0,0.0,0.0
323_CC_2,THERMAL,2020-07-16 16:00:00,0.0,0.0,0.0,0.0,0.0,0.0,0.0
101_CT_1,THERMAL,2020-07-16 18:00:00,0.0,0.0,0.0,0.0,0.0,0.0,0.0
101_CT_2,THERMAL,2020-07-16 18:00:00,0.0,0.0,0.0,0.0,0.0,0.0,0.0
101_STEAM_3,THERMAL,2020-07-16 18:00:00,0.0,0.0,0.0,0.0,0.0,0.0,0.0
101_STEAM_4,THERMAL,2020-07-16 18:00:00,0.0,0.0,0.0,0.0,0.0,0.0,0.0
102_CT_1,THERMAL,2020-07-16 18:00:00,0.0,0.0,0.0,0.0,0.0,0.0,0.0
102_CT_2,THERMAL,2020-07-16 18:00:00,0.0,0.0,0.0,0.0,0.0,0.0,0.0
102_STEAM_3,THERMAL,2020-07-16 18:00:00,0.0,0.0,0.0,0.0,0.0,0.0,0.0
102_STEAM_4,THERMAL,2020-07-16 18:00:00,0.0,0.0,0.0,0.0,0.0,0.0,0.0
107_CC_1,THERMAL,2020-07-16 18:00:00,0.0,0.0,0.0,0.0,0.0,0.0,0.0
113_CT_1,THERMAL,2020-07-16 18:00:00,0.0,0.0,0.0,0.0,0.0,0.0,0.0
113_CT_2,THERMAL,2020-07-16 18:00:00,0.0,0.0,0.0,0.0,0.0,0.0,0.0
113_CT_3,THERMAL,2020-07-16 18:00:00,0.0,0.0,0.0,0.0,0.0,0.0,0.0
113_CT_4,THERMAL,2020-07-16 18:00:00,0.0,0.0,0.0,0.0,0.0,0.0,0.0
115_STEAM_1,THERMAL,2020-07-16 18:00:00,0.0,0.0,0.0,0.0,0.0,0.0,0.0
115_STEAM_2,THERMAL,2020-07-16 18:00:00,0.0,0.0,0.0,0.0,0.0,0.0,0.0
115_STEAM_3,THERMAL,2020-07-16 18:00:00,0.0,0.0,0.0,0.0,0.0,0.0,0.0
116_STEAM_1,THERMAL,2020-07-16 18:00:00,0.0,0.0,0.0,0.0,0.0,0.0,0.0
118_CC_1,THERMAL,2020-07-16 18:00:00,0.0,0.0,0.0,0.0,0.0,0.0,0.0
122_WIND_1,WIND,2020-07-16 18:00:00,0.0,0.0,0.0,0.0,0.0,0.0,0.0
123_CT_1,THERMAL,2020-07-16 18:00:00,0.0,0.0,0.0,0.0,0.0,0.0,0.0
123_CT_4,THERMAL,2020-07-16 18:00:00,0.0,0.0,0.0,0.0,0.0,0.0,0.0
123_CT_5,THERMAL,2020-07-16 18:00:00,0.0,0.0,0.0,0.0,0.0,0.0,0.0
123_STEAM_2,THERMAL,2020-07-16 18:00:00,0.0,0.0,0.0,0.0,0.0,0.0,0.0
123_STEAM_3,THERMAL,2020-07-16 18:00:00,0.0,0.0,0.0,0.0,0.0,0.0,0.0
201_CT_1,THERMAL,2020-07-16 18:00:00,0.0,0.0,0.0,0.0,0.0,0.0,0.0
201_CT_2,THERMAL,2020-07-16 18:00:00,0.0,0.0,0.0,0.0,0.0,0.0,0.0
201_STEAM_3,THERMAL,2020-07-16 18:00:00,0.0,0.0,0.0,0.0,0.0,0.0,0.0
202_CT_1,THERMAL,2020-07-16 18:00:00,0.0,0.0,0.0,0.0,0.0,0.0,0.0
202_CT_2,THERMAL,2020-07-16 18:00:00,0.0,0.0,0.0,0.0,0.0,0.0,0.0
202_STEAM_3,THERMAL,2020-07-16 18:00:00,0.0,0.0,0.0,0.0,0.0,0.0,0.0
202_STEAM_4,THERMAL,2020-07-16 18:00:00,0.0,0.0,0.0,0.0,0.0,0.0,0.0
207_CT_1,THERMAL,2020-07-16 18:00:00,0.0,0.0,0.0,0.0,0.0,0.0,0.0
207_CT_2,THERMAL,2020-07-16 18:00:00,0.0,0.0,0.0,0.0,0.0,0.0,0.0
212_CSP_1,THERMAL,2020-07-16 18:00:00,0.0,0.0,0.0,0.0,0.0,0.0,0.0
213_CC_3,THERMAL,2020-07-16 18:00:00,0.0,0.0,0.0,0.0,0.0,0.0,0.0
213_CT_1,THERMAL,2020-07-16 18:00:00,0.0,0.0,0.0,0.0,0.0,0.0,0.0
213_CT_2,THERMAL,2020-07-16 18:00:00,0.0,0.0,0.0,0.0,0.0,0.0,0.0
215_CT_4,THERMAL,2020-07-16 18:00:00,0.0,0.0,0.0,0.0,0.0,0.0,0.0
215_CT_5,THERMAL,2020-07-16 18:00:00,0.0,0.0,0.0,0.0,0.0,0.0,0.0
216_STEAM_1,THERMAL,2020-07-16 18:00:00,0.0,0.0,0.0,0.0,0.0,0.0,0.0
218_CC_1,THERMAL,2020-07-16 18:00:00,0.0,0.0,0.0,0.0,0.0,0.0,0.0
221_CC_1,THERMAL,2020-07-16 18:00:00,0.0,0.0,0.0,0.0,0.0,0.0,0.0
223_CT_4,THERMAL,2020-07-16 18:00:00,0.0,0.0,0.0,0.0,0.0,0.0,0.0
223_CT_5,THERMAL,2020-07-16 18:00:00,0.0,0.0,0.0,0.0,0.0,0.0,0.0
223_CT_6,THERMAL,2020-07-16 18:00:00,0.0,0.0,0.0,0.0,0.0,0.0,0.0
223_STEAM_1,THERMAL,2020-07-16 18:00:00,0.0,0.0,0.0,0.0,0.0,0.0,0.0
223_STEAM_2,THERMAL,2020-07-16 18:00:00,0.0,0.0,0.0,0.0,0.0,0.0,0.0
223_STEAM_3,THERMAL,2020-07-16 18:00:00,0.0,0.0,0.0,0.0,0.0,0.0,0.0
301_CT_1,THERMAL,2020-07-16 18:00:00,0.0,0.0,0.0,0.0,0.0,0.0,0.0
301_CT_2,THERMAL,2020-07-16 18:00:00,0.0,0.0,0.0,0.0,0.0,0.0,0.0
301_CT_3,THERMAL,2020-07-16 18:00:00,0.0,0.0,0.0,0.0,0.0,0.0,0.0
301_CT_4,THERMAL,2020-07-16 18:00:00,0.0,0.0,0.0,0.0,0.0,0.0,0.0
302_CT_1,THERMAL,2020-07-16 18:00:00,0.0,0.0,0.0,0.0,0.0,0.0,0.0
302_CT_2,THERMAL,2020-07-16 18:00:00,0.0,0.0,0.0,0.0,0.0,0.0,0.0
302_CT_3,THERMAL,2020-07-16 18:00:00,0.0,0.0,0.0,0.0,0.0,0.0,0.0
302_CT_4,THERMAL,2020-07-16 18:00:00,0.0,0.0,0.0,0.0,0.0,0.0,0.0
303_WIND_1,WIND,2020-07-16 18:00:00,0.0,0.0,0.0,0.0,0.0,0.0,0.0
307_CT_1,THERMAL,2020-07-16 18:00:00,0.0,0.0,0.0,0.0,0.0,0.0,0.0
307_CT_2,THERMAL,2020-07-16 18:00:00,0.0,0.0,0.0,0.0,0.0,0.0,0.0
309_WIND_1,WIND,2020-07-16 18:00:00,0.0,0.0,0.0,0.0,0.0,0.0,0.0
313_CC_1,THERMAL,2020-07-16 18:00:00,0.0,0.0,0.0,0.0,0.0,0.0,0.0
315_CT_6,THERMAL,2020-07-16 18:00:00,0.0,0.0,0.0,0.0,0.0,0.0,0.0
315_CT_7,THERMAL,2020-07-16 18:00:00,0.0,0.0,0.0,0.0,0.0,0.0,0.0
315_CT_8,THERMAL,2020-07-16 18:00:00,0.0,0.0,0.0,0.0,0.0,0.0,0.0
315_STEAM_1,THERMAL,2020-07-16 18:00:00,0.0,0.0,0.0,0.0,0.0,0.0,0.0
315_STEAM_2,THERMAL,2020-07-16 18:00:00,0.0,0.0,0.0,0.0,0.0,0.0,0.0
315_STEAM_3,THERMAL,2020-07-16 18:00:00,0.0,0.0,0.0,0.0,0.0,0.0,0.0
315_STEAM_4,THERMAL,2020-07-16 18:00:00,0.0,0.0,0.0,0.0,0.0,0.0,0.0
315_STEAM_5,THERMAL,2020-07-16 18:00:00,0.0,0.0,0.0,0.0,0.0,0.0,0.0
316_STEAM_1,THERMAL,2020-07-16 18:00:00,0.0,0.0,0.0,0.0,0.0,0.0,0.0
317_WIND_1,WIND,2020-07-16 18:00:00,0.0,0.0,0.0,0.0,0.0,0.0,0.0
318_CC_1,THERMAL,2020-07-16 18:00:00,0.0,0.0,0.0,0.0,0.0,0.0,0.0
321_CC_1,THERMAL,2020-07-16 18:00:00,0.0,0.0,0.0,0.0,0.0,0.0,0.0
322_CT_5,THERMAL,2020-07-16 18:00:00,0.0,0.0,0.0,0.0,0.0,0.0,0.0
322_CT_6,THERMAL,2020-07-16 18:00:00,0.0,0.0,0.0,0.0,0.0,0.0,0.0
323_CC_1,THERMAL,2020-07-16 18:00:00,0.0,0.0,0.0,0.0,0.0,0.0,0.0
323_CC_2,THERMAL,2020-07-16 18:00:00,0.0,0.0,0.0,0.0,0.0,0.0,0.0
101_CT_1,THERMAL,2020-07-16 20:00:00,0.0,0.0,0.0,0.0,0.0,0.0,0.0
101_CT_2,THERMAL,2020-07-16 20:00:00,0.0,0.0,0.0,0.0,0.0,0.0,0.0
101_STEAM_3,THERMAL,2020-07-16 20:00:00,0.0,0.0,0.0,0.0,0.0,0.0,0.0
101_STEAM_4,THERMAL,2020-07-16 20:00:00,0.0,0.0,0.0,0.0,0.0,0.0,0.0
102_CT_1,THERMAL,2020-07-16 20:00:00,0.0,0.0,0.0,0.0,0.0,0.0,0.0
102_CT_2,THERMAL,2020-07-16 20:00:00,0.0,0.0,0.0,0.0,0.0,0.0,0.0
102_STEAM_3,THERMAL,2020-07-16 20:00:00,0.0,0.0,0.0,0.0,0.0,0.0,0.0
102_STEAM_4,THERMAL,2020-07-16 20:00:00,0.0,0.0,0.0,0.0,0.0,0.0,0.0
107_CC_1,THERMAL,2020-07-16 20:00:00,0.0,0.0,0.0,0.0,0.0,0.0,0.0
113_CT_1,THERMAL,2020-07-16 20:00:00,0.0,0.0,0.0,0.0,0.0,0.0,0.0
113_CT_2,THERMAL,2020-07-16 20:00:00,0.0,0.0,0.0,0.0,0.0,0.0,0.0
113_CT_3,THERMAL,2020-07-16 20:00:00,0.0,0.0,0.0,0.0,0.0,0.0,0.0
113_CT_4,THERMAL,2020-07-16 20:00:00,0.0,0.0,0.0,0.0,0.0,0.0,0.0
115_STEAM_1,THERMAL,2020-07-16 20:00:00,0.0,0.0,0.0,0.0,0.0,0.0,0.0
115_STEAM_2,THERMAL,2020-07-16 20:00:00,0.0,0.0,0.0,0.0,0.0,0.0,0.0
115_STEAM_3,THERMAL,2020-07-16 20:00:00,0.0,0.0,0.0,0.0,0.0,0.0,0.0
116_STEAM_1,THERMAL,2020-07-16 20:00:00,0.0,0.0,0.0,0.0,0.0,0.0,0.0
118_CC_1,THERMAL,2020-07-16 20:00:00,0.0,0.0,0.0,0.0,0.0,0.0,0.0
122_WIND_1,WIND,2020-07-16 20:00:00,0.0,0.0,0.0,0.0,0.0,0.0,0.0
123_CT_1,THERMAL,2020-07-16 20:00:00,0.0,0.0,0.0,0.0,0.0,0.0,0.0
123_CT_4,THERMAL,2020-07-16 20:00:00,0.0,0.0,0.0,0.0,0.0,0.0,0.0
123_CT_5,THERMAL,2020-07-16 20:00:00,0.0,0.0,0.0,0.0,0.0,0.0,0.0
123_STEAM_2,THERMAL,2020-07-16 20:00:00,0.0,0.0,0.0,0.0,0.0,0.0,0.0
123_STEAM_3,THERMAL,2020-07-16 20:00:00,0.0,0.0,0.0,0.0,0.0,0.0,0.0
201_CT_1,THERMAL,2020-07-16 20:00:00,0.0,0.0,0.0,0.0,0.0,0.0,0.0
201_CT_2,THERMAL,2020-07-16 20:00:00,0.0,0.0,0.0,0.0,0.0,0.0,0.0
201_STEAM_3,THERMAL,2020-07-16 20:00:00,0.0,0.0,0.0,0.0,0.0,0.0,0.0
202_CT_1,THERMAL,2020-07-16 20:00:00,0.0,0.0,0.0,0.0,0.0,0.0,0.0
202_CT_2,THERMAL,2020-07-16 20:00:00,0.0,0.0,0.0,0.0,0.0,0.0,0.0
202_STEAM_3,THERMAL,2020-07-16 20:00:00,0.0,0.0,0.0,0.0,0.0,0.0,0.0
202_STEAM_4,THERMAL,2020-07-16 20:00:00,0.0,0.0,0.0,0.0,0.0,0.0,0.0
207_CT_1,THERMAL,2020-07-16 20:00:00,0.0,0.0,0.0,0.0,0.0,0.0,0.0
207_CT_2,THERMAL,2020-07-16 20:00:00,0.0,0.0,0.0,0.0,0.0,0.0,0.0
212_CSP_1,THERMAL,2020-07-16 20:00:00,0.0,0.0,0.0,0.0,0.0,0.0,0.0
213_CC_3,THERMAL,2020-07-16 20:00:00,0.0,0.0,0.0,0.0,0.0,0.0,0.0
213_CT_1,THERMAL,2020-07-16 20:00:00,0.0,0.0,0.0,0.0,0.0,0.0,0.0
213_CT_2,THERMAL,2020-07-16 20:00:00,0.0,0.0,0.0,0.0,0.0,0.0,0.0
215_CT_4,THERMAL,2020-07-16 20:00:00,0.0,0.0,0.0,0.0,0.0,0.0,0.0
215_CT_5,THERMAL,2020-07-16 20:00:00,0.0,0.0,0.0,0.0,0.0,0.0,0.0
216_STEAM_1,THERMAL,2020-07-16 20:00:00,0.0,0.0,0.0,0.0,0.0,0.0,0.0
218_CC_1,THERMAL,2020-07-16 20:00:00,0.0,0.0,0.0,0.0,0.0,0.0,0.0
221_CC_1,THERMAL,2020-07-16 20:00:00,0.0,0.0,0.0,0.0,0.0,0.0,0.0
223_CT_4,THERMAL,2020-07-16 20:00:00,0.0,0.0,0.0,0.0,0.0,0.0,0.0
223_CT_5,THERMAL,2020-07-16 20:00:00,0.0,0.0,0.0,0.0,0.0,0.0,0.0
223_CT_6,THERMAL,2020-07-16 20:00:00,0.0,0.0,0.0,0.0,0.0,0.0,0.0
223_STEAM_1,THERMAL,2020-07-16 20:00:00,0.0,0.0,0.0,0.0,0.0,0.0,0.0
223_STEAM_2,THERMAL,2020-07-16 20:00:00,0.0,0.0,0.0,0.0,0.0,0.0,0.0
223_STEAM_3,THERMAL,2020-07-16 20:00:00,0.0,0.0,0.0,0.0,0.0,0.0,0.0
301_CT_1,THERMAL,2020-07-16 20:00:00,0.0,0.0,0.0,0.0,0.0,0.0,0.0
301_CT_2,THERMAL,2020-07-16 20:00:00,0.0,0.0,0.0,0.0,0.0,0.0,0.0
301_CT_3,THERMAL,2020-07-16 20:00:00,0.0,0.0,0.0,0.0,0.0,0.0,0.0
301_CT_4,THERMAL,2020-07-16 20:00:00,0.0,0.0,0.0,0.0,0.0,0.0,0.0
302_CT_1,THERMAL,2020-07-16 20:00:00,0.0,0.0,0.0,0.0,0.0,0.0,0.0
302_CT_2,THERMAL,2020-07-16 20:00:00,0.0,0.0,0.0,0.0,0.0,0.0,0.0
302_CT_3,THERMAL,2020-07-16 20:00:00,0.0,0.0,0.0,0.0,0.0,0.0,0.0
302_CT_4,THERMAL,2020-07-16 20:00:00,0.0,0.0,0.0,0.0,0.0,0.0,0.0
303_WIND_1,WIND,2020-07-16 20:00:00,0.0,0.0,0.0,0.0,0.0,0.0,0.0
307_CT_1,THERMAL,2020-07-16 20:00:00,0.0,0.0,0.0,0.0,0.0,0.0,0.0
307_CT_2,THERMAL,2020-07-16 20:00:00,0.0,0.0,0.0,0.0,0.0,0.0,0.0
309_WIND_1,WIND,2020-07-16 20:00:00,0.0,0.0,0.0,0.0,0.0,0.0,0.0
313_CC_1,THERMAL,2020-07-16 20:00:00,0.0,0.0,0.0,0.0,0.0,0.0,0.0
315_CT_6,THERMAL,2020-07-16 20:00:00,0.0,0.0,0.0,0.0,0.0,0.0,0.0
315_CT_7,THERMAL,2020-07-16 20:00:00,0.0,0.0,0.0,0.0,0.0,0.0,0.0
315_CT_8,THERMAL,2020-07-16 20:00:00,0.0,0.0,0.0,0.0,0.0,0.0,0.0
315_STEAM_1,THERMAL,2020-07-16 20:00:00,0.0,0.0,0.0,0.0,0.0,0.0,0.0
315_STEAM_2,THERMAL,2020-07-16 20:00:00,0.0,0.0,0.0,0.0,0.0,0.0,0.0
315_STEAM_3,THERMAL,2020-07-16 20:00:00,0.0,0.0,0.0,0.0,0.0,0.0,0.0
315_STEAM_4,THERMAL,2020-07-16 20:00:00,0.0,0.0,0.0,0.0,0.0,0.0,0.0
315_STEAM_5,THERMAL,2020-07-16 20:00:00,0.0,0.0,0.0,0.0,0.0,0.0,0.0
316_STEAM_1,THERMAL,2020-07-16 20:00:00,0.0,0.0,0.0,0.0,0.0,0.0,0.0
317_WIND_1,WIND,2020-07-16 20:00:00,0.0,0.0,0.0,0.0,0.0,0.0,0.0
318_CC_1,THERMAL,2020-07-16 20:00:00,0.0,0.0,0.0,0.0,0.0,0.0,0.0
321_CC_1,THERMAL,2020-07-16 20:00:00,0.0,0.0,0.0,0.0,0.0,0.0,0.0
322_CT_5,THERMAL,2020-07-16 20:00:00,0.0,0.0,0.0,0.0,0.0,0.0,0.0
322_CT_6,THERMAL,2020-07-16 20:00:00,0.0,0.0,0.0,0.0,0.0,0.0,0.0
323_CC_1,THERMAL,2020-07-16 20:00:00,0.0,0.0,0.0,0.0,0.0,0.0,0.0
323_CC_2,THERMAL,2020-07-16 20:00:00,0.0,0.0,0.0,0.0,0.0,0.0,0.0
101_CT_1,THERMAL,2020-07-16 22:00:00,0.0,0.0,0.0,0.0,0.0,0.0,0.0
101_CT_2,THERMAL,2020-07-16 22:00:00,0.0,0.0,0.0,0.0,0.0,0.0,0.0
101_STEAM_3,THERMAL,2020-07-16 22:00:00,0.0,0.0,0.0,0.0,0.0,0.0,0.0
101_STEAM_4,THERMAL,2020-07-16 22:00:00,0.0,0.0,0.0,0.0,0.0,0.0,0.0
102_CT_1,THERMAL,2020-07-16 22:00:00,0.0,0.0,0.0,0.0,0.0,0.0,0.0
102_CT_2,THERMAL,2020-07-16 22:00:00,0.0,0.0,0.0,0.0,0.0,0.0,0.0
102_STEAM_3,THERMAL,2020-07-16 22:00:00,0.0,0.0,0.0,0.0,0.0,0.0,0.0
102_STEAM_4,THERMAL,2020-07-16 22:00:00,0.0,0.0,0.0,0.0,0.0,0.0,0.0
107_CC_1,THERMAL,2020-07-16 22:00:00,0.0,0.0,0.0,0.0,0.0,0.0,0.0
113_CT_1,THERMAL,2020-07-16 22:00:00,0.0,0.0,0.0,0.0,0.0,0.0,0.0
113_CT_2,THERMAL,2020-07-16 22:00:00,0.0,0.0,0.0,0.0,0.0,0.0,0.0
113_CT_3,THERMAL,2020-07-16 22:00:00,0.0,0.0,0.0,0.0,0.0,0.0,0.0
113_CT_4,THERMAL,2020-07-16 22:00:00,0.0,0.0,0.0,0.0,0.0,0.0,0.0
115_STEAM_1,THERMAL,2020-07-16 22:00:00,0.0,0.0,0.0,0.0,0.0,0.0,0.0
115_STEAM_2,THERMAL,2020-07-16 22:00:00,0.0,0.0,0.0,0.0,0.0,0.0,0.0
115_STEAM_3,THERMAL,2020-07-16 22:00:00,0.0,0.0,0.0,0.0,0.0,0.0,0.0
116_STEAM_1,THERMAL,2020-07-16 22:00:00,0.0,0.0,0.0,0.0,0.0,0.0,0.0
118_CC_1,THERMAL,2020-07-16 22:00:00,0.0,0.0,0.0,0.0,0.0,0.0,0.0
122_WIND_1,WIND,2020-07-16 22:00:00,0.0,0.0,0.0,0.0,0.0,0.0,0.0
123_CT_1,THERMAL,2020-07-16 22:00:00,0.0,0.0,0.0,0.0,0.0,0.0,0.0
123_CT_4,THERMAL,2020-07-16 22:00:00,0.0,0.0,0.0,0.0,0.0,0.0,0.0
123_CT_5,THERMAL,2020-07-16 22:00:00,0.0,0.0,0.0,0.0,0.0,0.0,0.0
123_STEAM_2,THERMAL,2020-07-16 22:00:00,0.0,0.0,0.0,0.0,0.0,0.0,0.0
123_STEAM_3,THERMAL,2020-07-16 22:00:00,0.0,0.0,0.0,0.0,0.0,0.0,0.0
201_CT_1,THERMAL,2020-07-16 22:00:00,0.0,0.0,0.0,0.0,0.0,0.0,0.0
201_CT_2,THERMAL,2020-07-16 22:00:00,0.0,0.0,0.0,0.0,0.0,0.0,0.0
201_STEAM_3,THERMAL,2020-07-16 22:00:00,0.0,0.0,0.0,0.0,0.0,0.0,0.0
202_CT_1,THERMAL,2020-07-16 22:00:00,0.0,0.0,0.0,0.0,0.0,0.0,0.0
202_CT_2,THERMAL,2020-07-16 22:00:00,0.0,0.0,0.0,0.0,0.0,0.0,0.0
202_STEAM_3,THERMAL,2020-07-16 22:00:00,0.0,0.0,0.0,0.0,0.0,0.0,0.0
202_STEAM_4,THERMAL,2020-07-16 22:00:00,0.0,0.0,0.0,0.0,0.0,0.0,0.0
207_CT_1,THERMAL,2020-07-16 22:00:00,0.0,0.0,0.0,0.0,0.0,0.0,0.0
207_CT_2,THERMAL,2020-07-16 22:00:00,0.0,0.0,0.0,0.0,0.0,0.0,0.0
212_CSP_1,THERMAL,2020-07-16 22:00:00,0.0,0.0,0.0,0.0,0.0,0.0,0.0
213_CC_3,THERMAL,2020-07-16 22:00:00,0.0,0.0,0.0,0.0,0.0,0.0,0.0
213_CT_1,THERMAL,2020-07-16 22:00:00,0.0,0.0,0.0,0.0,0.0,0.0,0.0
213_CT_2,THERMAL,2020-07-16 22:00:00,0.0,0.0,0.0,0.0,0.0,0.0,0.0
215_CT_4,THERMAL,2020-07-16 22:00:00,0.0,0.0,0.0,0.0,0.0,0.0,0.0
215_CT_5,THERMAL,2020-07-16 22:00:00,0.0,0.0,0.0,0.0,0.0,0.0,0.0
216_STEAM_1,THERMAL,2020-07-16 22:00:00,0.0,0.0,0.0,0.0,0.0,0.0,0.0
218_CC_1,THERMAL,2020-07-16 22:00:00,0.0,0.0,0.0,0.0,0.0,0.0,0.0
221_CC_1,THERMAL,2020-07-16 22:00:00,0.0,0.0,0.0,0.0,0.0,0.0,0.0
223_CT_4,THERMAL,2020-07-16 22:00:00,0.0,0.0,0.0,0.0,0.0,0.0,0.0
223_CT_5,THERMAL,2020-07-16 22:00:00,0.0,0.0,0.0,0.0,0.0,0.0,0.0
223_CT_6,THERMAL,2020-07-16 22:00:00,0.0,0.0,0.0,0.0,0.0,0.0,0.0
223_STEAM_1,THERMAL,2020-07-16 22:00:00,0.0,0.0,0.0,0.0,0.0,0.0,0.0
223_STEAM_2,THERMAL,2020-07-16 22:00:00,0.0,0.0,0.0,0.0,0.0,0.0,0.0
223_STEAM_3,THERMAL,2020-07-16 22:00:00,0.0,0.0,0.0,0.0,0.0,0.0,0.0
301_CT_1,THERMAL,2020-07-16 22:00:00,0.0,0.0,0.0,0.0,0.0,0.0,0.0
301_CT_2,THERMAL,2020-07-16 22:00:00,0.0,0.0,0.0,0.0,0.0,0.0,0.0
301_CT_3,THERMAL,2020-07-16 22:00:00,0.0,0.0,0.0,0.0,0.0,0.0,0.0
301_CT_4,THERMAL,2020-07-16 22:00:00,0.0,0.0,0.0,0.0,0.0,0.0,0.0
302_CT_1,THERMAL,2020-07-16 22:00:00,0.0,0.0,0.0,0.0,0.0,0.0,0.0
302_CT_2,THERMAL,2020-07-16 22:00:00,0.0,0.0,0.0,0.0,0.0,0.0,0.0
302_CT_3,THERMAL,2020-07-16 22:00:00,0.0,0.0,0.0,0.0,0.0,0.0,0.0
302_CT_4,THERMAL,2020-07-16 22:00:00,0.0,0.0,0.0,0.0,0.0,0.0,0.0
303_WIND_1,WIND,2020-07-16 22:00:00,0.0,0.0,0.0,0.0,0.0,0.0,0.0
307_CT_1,THERMAL,2020-07-16 22:00:00,0.0,0.0,0.0,0.0,0.0,0.0,0.0
307_CT_2,THERMAL,2020-07-16 22:00:00,0.0,0.0,0.0,0.0,0.0,0.0,0.0
309_WIND_1,WIND,2020-07-16 22:00:00,0.0,0.0,0.0,0.0,0.0,0.0,0.0
313_CC_1,THERMAL,2020-07-16 22:00:00,0.0,0.0,0.0,0.0,0.0,0.0,0.0
315_CT_6,THERMAL,2020-07-16 22:00:00,0.0,0.0,0.0,0.0,0.0,0.0,0.0
315_CT_7,THERMAL,2020-07-16 22:00:00,0.0,0.0,0.0,0.0,0.0,0.0,0.0
315_CT_8,THERMAL,2020-07-16 22:00:00,0.0,0.0,0.0,0.0,0.0,0.0,0.0
315_STEAM_1,THERMAL,2020-07-16 22:00:00,0.0,0.0,0.0,0.0,0.0,0.0,0.0
315_STEAM_2,THERMAL,2020-07-16 22:00:00,0.0,0.0,0.0,0.0,0.0,0.0,0.0
315_STEAM_3,THERMAL,2020-07-16 22:00:00,0.0,0.0,0.0,0.0,0.0,0.0,0.0
315_STEAM_4,THERMAL,2020-07-16 22:00:00,0.0,0.0,0.0,0.0,0.0,0.0,0.0
315_STEAM_5,THERMAL,2020-07-16 22:00:00,0.0,0.0,0.0,0.0,0.0,0.0,0.0
316_STEAM_1,THERMAL,2020-07-16 22:00:00,0.0,0.0,0.0,0.0,0.0,0.0,0.0
317_WIND_1,WIND,2020-07-16 22:00:00,0.0,0.0,0.0,0.0,0.0,0.0,0.0
318_CC_1,THERMAL,2020-07-16 22:00:00,0.0,0.0,0.0,0.0,0.0,0.0,0.0
321_CC_1,THERMAL,2020-07-16 22:00:00,0.0,0.0,0.0,0.0,0.0,0.0,0.0
322_CT_5,THERMAL,2020-07-16 22:00:00,0.0,0.0,0.0,0.0,0.0,0.0,0.0
322_CT_6,THERMAL,2020-07-16 22:00:00,0.0,0.0,0.0,0.0,0.0,0.0,0.0
323_CC_1,THERMAL,2020-07-16 22:00:00,0.0,0.0,0.0,0.0,0.0,0.0,0.0
323_CC_2,THERMAL,2020-07-16 22:00:00,0.0,0.0,0.0,0.0,0.0,0.0,0.0
