gen_id,gen_type,time,Z_row_sum,Z_row_abs_sum,Z_row_norm,Z_k0,Z_k1,Z_k2,Z_k3
101_CT_1,THERMAL,2020-07-15 00:00:00,1.2597258305935277e-13,1.2597258305935277e-13,9.819713557795023e-14,1.4625670466394958e-14,9.585865087813339e-14,1.5488261714824425e-14,0.0
101_CT_2,THERMAL,2020-07-15 00:00:00,0.0,0.0,0.0,0.0,0.0,0.0,0.0
101_STEAM_3,THERMAL,2020-07-15 00:00:00,-0.004841620505447787,0.004841620505447787,0.002790678096240989,-0.0019465068501003638,-0.001575147648699786,-0.0012286437434819867,-9.132226316565113e-05
101_STEAM_4,THERMAL,2020-07-15 00:00:00,-0.00484162050328091,0.00484162050328091,0.0027906780949920173,-0.0019465068492292067,-0.0015751476479948295,-0.0012286437429320943,-9.132226312477939e-05
102_CT_1,THERMAL,2020-07-15 00:00:00,0.0,0.0,0.0,0.0,0.0,0.0,0.0
102_CT_2,THERMAL,2020-07-15 00:00:00,0.0,0.0,0.0,0.0,0.0,0.0,0.0
102_STEAM_3,THERMAL,2020-07-15 00:00:00,-0.4814929130260126,0.4814929130260126,0.241179535928163,-0.12483514902998183,-0.12950104908249932,-0.116142127977374,-0.11101458693615747
102_STEAM_4,THERMAL,2020-07-15 00:00:00,-0.4814929130260126,0.4814929130260126,0.241179535928163,-0.12483514902998183,-0.12950104908249932,-0.116142127977374,-0.11101458693615747
107_CC_1,THERMAL,2020-07-15 00:00:00,-2.151745805245071e-08,2.151745805245071e-08,1.0815035435217025e-08,-5.79369663356033e-09,-5.927017987517047e-09,-4.523913688103676e-09,-5.272829743269657e-09
113_CT_1,THERMAL,2020-07-15 00:00:00,0.0,0.0,0.0,0.0,0.0,0.0,0.0
113_CT_2,THERMAL,2020-07-15 00:00:00,0.0,0.0,0.0,0.0,0.0,0.0,0.0
113_CT_3,THERMAL,2020-07-15 00:00:00,0.0,0.0,0.0,0.0,0.0,0.0,0.0
113_CT_4,THERMAL,2020-07-15 00:00:00,0.0,0.0,0.0,0.0,0.0,0.0,0.0
115_STEAM_1,THERMAL,2020-07-15 00:00:00,2.6112452846828085e-14,3.9894473415560076e-14,2.7365173184551692e-14,7.648698431263206e-15,-6.8910102843659955e-15,2.5354764699930875e-14,0.0
115_STEAM_2,THERMAL,2020-07-15 00:00:00,0.0,0.0,0.0,0.0,0.0,0.0,0.0
115_STEAM_3,THERMAL,2020-07-15 00:00:00,-6.996150093697169e-08,6.996150093697169e-08,3.501115275068136e-08,-1.6356453096760905e-08,-1.747708903918591e-08,-1.836722367259044e-08,-1.7760735128434422e-08
116_STEAM_1,THERMAL,2020-07-15 00:00:00,-2.71336036264103e-07,2.71336036264103e-07,1.3571006344797654e-07,-6.495757165492222e-08,-6.925782658484536e-08,-6.839603816644058e-08,-6.872459985789481e-08
118_CC_1,THERMAL,2020-07-15 00:00:00,0.0,0.0,0.0,0.0,0.0,0.0,0.0
122_WIND_1,WIND,2020-07-15 00:00:00,1.0,1.0,1.0,1.0,0.0,0.0,0.0
123_CT_1,THERMAL,2020-07-15 00:00:00,4.842397056641671e-14,6.683542097542132e-14,4.7085129248314434e-14,1.345787711539346e-14,-9.205725204502306e-15,4.4171818655525556e-14,0.0
123_CT_4,THERMAL,2020-07-15 00:00:00,0.0,0.0,0.0,0.0,0.0,0.0,0.0
123_CT_5,THERMAL,2020-07-15 00:00:00,0.0,0.0,0.0,0.0,0.0,0.0,0.0
123_STEAM_2,THERMAL,2020-07-15 00:00:00,-4.51762695957221e-08,4.51762695957221e-08,2.259824322527501e-08,-1.1275567878666664e-08,-1.185145438568619e-08,-1.104106882182857e-08,-1.1008178509540672e-08
123_STEAM_3,THERMAL,2020-07-15 00:00:00,-1.9028155983115693e-07,1.9028155983115693e-07,9.519430182829905e-08,-4.771071084033994e-08,-5.010246084020667e-08,-4.5929903214154e-08,-4.653848493645632e-08
201_CT_1,THERMAL,2020-07-15 00:00:00,1.924917057641971e-14,2.6367275979068078e-14,1.8899125903596638e-14,4.90785967156475e-15,-3.559052701324185e-15,1.7900363606179143e-14,0.0
201_CT_2,THERMAL,2020-07-15 00:00:00,0.0,0.0,0.0,0.0,0.0,0.0,0.0
201_STEAM_3,THERMAL,2020-07-15 00:00:00,-3.330627616383095e-08,3.330627616383095e-08,1.6746349201809476e-08,-9.046947325294094e-09,-9.355812673795057e-09,-7.498276136901542e-09,-7.405240027840256e-09
202_CT_1,THERMAL,2020-07-15 00:00:00,2.7072580624039433e-15,2.189307800245093e-14,1.4125332530066045e-14,-5.849765151226838e-15,-3.743144818796656e-15,1.2300168032427437e-14,0.0
202_CT_2,THERMAL,2020-07-15 00:00:00,0.0,0.0,0.0,0.0,0.0,0.0,0.0
202_STEAM_3,THERMAL,2020-07-15 00:00:00,-4.728003728370412e-08,4.728003728370412e-08,2.3767588790646082e-08,-1.2780037406678782e-08,-1.3280706467041907e-08,-1.0786494283324865e-08,-1.0432799126658567e-08
202_STEAM_4,THERMAL,2020-07-15 00:00:00,-4.728003728370465e-08,4.728003728370465e-08,2.376758879064635e-08,-1.2780037406678942e-08,-1.3280706467042051e-08,-1.078649428332497e-08,-1.0432799126658685e-08
207_CT_1,THERMAL,2020-07-15 00:00:00,0.0,0.0,0.0,0.0,0.0,0.0,0.0
207_CT_2,THERMAL,2020-07-15 00:00:00,0.0,0.0,0.0,0.0,0.0,0.0,0.0
212_CSP_1,THERMAL,2020-07-15 00:00:00,-0.7062596684447938,0.7062596684447938,0.3555074637678973,-0.19077849491255372,-0.20077647159942136,-0.16625196939525644,-0.14845273253756233
213_CC_3,THERMAL,2020-07-15 00:00:00,2.6260395767641054e-13,2.6260395767641054e-13,2.6260395767641054e-13,0.0,0.0,2.6260395767641054e-13,0.0
213_CT_1,THERMAL,2020-07-15 00:00:00,0.0,0.0,0.0,0.0,0.0,0.0,0.0
213_CT_2,THERMAL,2020-07-15 00:00:00,0.0,0.0,0.0,0.0,0.0,0.0,0.0
215_CT_4,THERMAL,2020-07-15 00:00:00,0.0,0.0,0.0,0.0,0.0,0.0,0.0
215_CT_5,THERMAL,2020-07-15 00:00:00,0.0,0.0,0.0,0.0,0.0,0.0,0.0
216_STEAM_1,THERMAL,2020-07-15 00:00:00,-0.9775500135819596,0.9775500135819596,0.49067907737225785,-0.25782535636148396,-0.2716312097096498,-0.2316183698303328,-0.21647507768049298
218_CC_1,THERMAL,2020-07-15 00:00:00,0.0,0.0,0.0,0.0,0.0,0.0,0.0
221_CC_1,THERMAL,2020-07-15 00:00:00,-1.7081103565892636e-08,1.7081103565892636e-08,8.641073038287474e-09,-4.819953991486159e-09,-4.860901015035779e-09,-3.238611157030391e-09,-4.161637402340306e-09
223_CT_4,THERMAL,2020-07-15 00:00:00,1.7376903223968325e-11,1.7376903223968325e-11,1.3148545101111664e-11,3.186779479617775e-12,1.5251036638821483e-12,1.2665020080468402e-11,0.0
223_CT_5,THERMAL,2020-07-15 00:00:00,0.0,0.0,0.0,0.0,0.0,0.0,-0.0
223_CT_6,THERMAL,2020-07-15 00:00:00,0.0,0.0,0.0,0.0,0.0,0.0,0.0
223_STEAM_1,THERMAL,2020-07-15 00:00:00,-1.4573988505143098e-07,1.4573988505143098e-07,7.366439812567869e-08,-4.097263988425966e-08,-4.25606379592992e-08,-3.1954020499702365e-08,-3.0252586708169764e-08
223_STEAM_2,THERMAL,2020-07-15 00:00:00,-1.4573988505142402e-07,1.4573988505142402e-07,7.366439812567517e-08,-4.097263988425775e-08,-4.256063795929719e-08,-3.1954020499700763e-08,-3.0252586708168315e-08
223_STEAM_3,THERMAL,2020-07-15 00:00:00,-1.4523838779681493e-07,1.4523838779681493e-07,7.362592114329506e-08,-4.1839149608010235e-08,-4.285195797049124e-08,-2.957187396042665e-08,-3.097540625788679e-08
301_CT_1,THERMAL,2020-07-15 00:00:00,0.0,0.0,0.0,0.0,0.0,0.0,0.0
301_CT_2,THERMAL,2020-07-15 00:00:00,0.0,0.0,0.0,0.0,0.0,0.0,0.0
301_CT_3,THERMAL,2020-07-15 00:00:00,0.0,0.0,0.0,0.0,0.0,0.0,0.0
301_CT_4,THERMAL,2020-07-15 00:00:00,0.0,0.0,0.0,0.0,0.0,0.0,0.0
302_CT_1,THERMAL,2020-07-15 00:00:00,0.0,0.0,0.0,0.0,0.0,0.0,0.0
302_CT_2,THERMAL,2020-07-15 00:00:00,0.0,0.0,0.0,0.0,0.0,0.0,0.0
302_CT_3,THERMAL,2020-07-15 00:00:00,0.0,0.0,0.0,0.0,0.0,0.0,0.0
302_CT_4,THERMAL,2020-07-15 00:00:00,0.0,0.0,0.0,0.0,0.0,0.0,0.0
303_WIND_1,WIND,2020-07-15 00:00:00,1.0,1.0,1.0,0.0,1.0,0.0,0.0
307_CT_1,THERMAL,2020-07-15 00:00:00,0.0,0.0,0.0,0.0,0.0,0.0,0.0
307_CT_2,THERMAL,2020-07-15 00:00:00,0.0,0.0,0.0,0.0,0.0,0.0,0.0
309_WIND_1,WIND,2020-07-15 00:00:00,1.0,1.0,1.0,0.0,0.0,1.0,0.0
313_CC_1,THERMAL,2020-07-15 00:00:00,-1.3435199582478288,1.3435199582478288,0.6816081038923455,-0.2978325087733593,-0.2654395760847614,-0.36738780363702617,-0.4128600697526819
315_CT_6,THERMAL,2020-07-15 00:00:00,2.5674069335102204e-14,7.843922113285407e-14,5.5757320483921115e-14,-1.8239273636841203e-14,-8.14330226203473e-15,5.205664523397814e-14,0.0
315_CT_7,THERMAL,2020-07-15 00:00:00,-6.472800443171166e-10,6.472800443171166e-10,3.354556435818861e-10,-1.0746855555498654e-10,-1.616223657019756e-10,-2.2999506814218863e-10,-1.4819405491796574e-10
315_CT_8,THERMAL,2020-07-15 00:00:00,-1.2669421738165526e-08,1.2669421738165526e-08,6.402516915237314e-09,-2.416000893079598e-09,-3.4258612599262356e-09,-3.649207295032456e-09,-3.1783522901272356e-09
315_STEAM_1,THERMAL,2020-07-15 00:00:00,0.0,0.0,0.0,0.0,0.0,0.0,0.0
315_STEAM_2,THERMAL,2020-07-15 00:00:00,0.0,0.0,0.0,0.0,0.0,0.0,0.0
315_STEAM_3,THERMAL,2020-07-15 00:00:00,0.0,0.0,0.0,0.0,0.0,0.0,0.0
315_STEAM_4,THERMAL,2020-07-15 00:00:00,0.0,0.0,0.0,0.0,0.0,0.0,0.0
315_STEAM_5,THERMAL,2020-07-15 00:00:00,0.0,0.0,0.0,0.0,0.0,0.0,0.0
316_STEAM_1,THERMAL,2020-07-15 00:00:00,-5.737957041733275e-08,5.737957041733275e-08,2.9270542375384807e-08,-9.961187319440512e-09,-1.3854103753097036e-08,-1.7859818512988568e-08,-1.5704460831806634e-08
317_WIND_1,WIND,2020-07-15 00:00:00,1.0,1.0,1.0,0.0,0.0,0.0,1.0
318_CC_1,THERMAL,2020-07-15 00:00:00,0.0,0.0,0.0,0.0,0.0,0.0,0.0
321_CC_1,THERMAL,2020-07-15 00:00:00,0.0,0.0,0.0,0.0,0.0,0.0,0.0
322_CT_5,THERMAL,2020-07-15 00:00:00,0.0,0.0,0.0,0.0,0.0,0.0,0.0
322_CT_6,THERMAL,2020-07-15 00:00:00,0.0,0.0,0.0,0.0,0.0,0.0,0.0
323_CC_1,THERMAL,2020-07-15 00:00:00,-2.102201493898879e-08,2.102201493898879e-08,1.1396892093423768e-08,-3.2031712758480522e-09,-4.1692197967105895e-09,-8.956751614108269e-09,-4.692872252321876e-09
323_CC_2,THERMAL,2020-07-15 00:00:00,-2.102131020540498e-08,2.102131020540498e-08,1.1396445203637073e-08,-3.2030356224425817e-09,-4.169128215349648e-09,-8.956274115290854e-09,-4.692872252321897e-09
101_CT_1,THERMAL,2020-07-15 01:00:00,2.839091808870542e-15,2.839091808870542e-15,1.8663815956844894e-15,6.678685382510707e-16,5.024192867297828e-16,1.6688039838896884e-15,0.0
101_CT_2,THERMAL,2020-07-15 01:00:00,0.0,0.0,0.0,0.0,0.0,0.0,0.0
101_STEAM_3,THERMAL,2020-07-15 01:00:00,-0.003574123176556292,0.003798145241013268,0.0021785228618318732,-0.0015651938601671004,-0.0011915990938521901,-0.0009293412547654895,0.00011201103222848813
101_STEAM_4,THERMAL,2020-07-15 01:00:00,-0.0035741231763966024,0.003798145240843556,0.002178522861734534,-0.0015651938600971646,-0.00119159909379895,-0.000929341254723965,0.00011201103222347707
102_CT_1,THERMAL,2020-07-15 01:00:00,0.0,0.0,0.0,0.0,0.0,0.0,0.0
102_CT_2,THERMAL,2020-07-15 01:00:00,0.0,0.0,0.0,0.0,0.0,0.0,0.0
102_STEAM_3,THERMAL,2020-07-15 01:00:00,-0.3984660522974845,0.3984660522974845,0.19947382967485924,-0.10264118705715297,-0.10580180761862817,-0.0967710366018939,-0.09325202101980946
102_STEAM_4,THERMAL,2020-07-15 01:00:00,-0.39846604732844126,0.39846604732844126,0.19947382714693962,-0.10264118026080099,-0.10580180944585266,-0.09677103660197887,-0.09325202101980871
107_CC_1,THERMAL,2020-07-15 01:00:00,-2.0586922299025433e-08,2.0586922299025433e-08,1.0301920848059106e-08,-5.27299293118233e-09,-5.408175240972923e-09,-4.8669210883645064e-09,-5.0388330385056754e-09
113_CT_1,THERMAL,2020-07-15 01:00:00,0.0,0.0,0.0,0.0,0.0,0.0,0.0
113_CT_2,THERMAL,2020-07-15 01:00:00,0.0,0.0,0.0,0.0,0.0,0.0,0.0
113_CT_3,THERMAL,2020-07-15 01:00:00,0.0,0.0,0.0,0.0,0.0,0.0,0.0
113_CT_4,THERMAL,2020-07-15 01:00:00,0.0,0.0,0.0,0.0,0.0,0.0,0.0
115_STEAM_1,THERMAL,2020-07-15 01:00:00,9.89299212073448e-15,9.89299212073448e-15,6.636956294513081e-15,2.2949552792944805e-15,1.572217217269697e-15,6.025819624170303e-15,0.0
115_STEAM_2,THERMAL,2020-07-15 01:00:00,0.0,0.0,0.0,0.0,0.0,0.0,0.0
115_STEAM_3,THERMAL,2020-07-15 01:00:00,-6.295512732752831e-08,6.295512732752831e-08,3.150297521953044e-08,-1.509464238837127e-08,-1.5779066737805908e-08,-1.5333045752603306e-08,-1.674837244874783e-08
116_STEAM_1,THERMAL,2020-07-15 01:00:00,-2.701542615581175e-07,2.701542615581175e-07,1.351547162865188e-07,-6.567553915736867e-08,-6.907295200290159e-08,-6.495635429923244e-08,-7.044941609861479e-08
118_CC_1,THERMAL,2020-07-15 01:00:00,0.0,0.0,0.0,0.0,0.0,0.0,0.0
122_WIND_1,WIND,2020-07-15 01:00:00,1.0,1.0,1.0,1.0,0.0,0.0,0.0
123_CT_1,THERMAL,2020-07-15 01:00:00,-2.4506057641687163e-14,9.438972908393589e-14,6.438617732932348e-14,1.674226704369006e-14,1.8199568677434305e-14,-5.944789336281153e-14,0.0
123_CT_4,THERMAL,2020-07-15 01:00:00,0.0,0.0,0.0,0.0,0.0,0.0,0.0
123_CT_5,THERMAL,2020-07-15 01:00:00,0.0,0.0,0.0,0.0,0.0,0.0,0.0
123_STEAM_2,THERMAL,2020-07-15 01:00:00,-4.12670206104757e-08,4.12670206104757e-08,2.0640094060158962e-08,-1.0284075341085992e-08,-1.0669835857238713e-08,-9.93898520493782e-09,-1.0374124207213173e-08
123_STEAM_3,THERMAL,2020-07-15 01:00:00,-2.0314487278098965e-07,2.0314487278098965e-07,1.0162303197624744e-07,-5.0883142330482886e-08,-5.3060782833692884e-08,-4.8531414488259985e-08,-5.0669533128553896e-08
201_CT_1,THERMAL,2020-07-15 01:00:00,-3.171221029113346e-14,4.732613510416885e-14,3.5228097057926196e-14,-5.631818390784588e-15,7.806962406517693e-15,-3.388735430686657e-14,0.0
201_CT_2,THERMAL,2020-07-15 01:00:00,0.0,0.0,0.0,0.0,0.0,0.0,0.0
201_STEAM_3,THERMAL,2020-07-15 01:00:00,-3.0799456105053986e-08,3.0799456105053986e-08,1.544227327345798e-08,-8.10773416022199e-09,-8.369575720686525e-09,-7.402647802506606e-09,-6.919498421638868e-09
202_CT_1,THERMAL,2020-07-15 01:00:00,1.379671528853677e-11,1.379671528853677e-11,1.230789230248147e-11,7.685436114584551e-13,7.683515502581459e-13,1.2259820126820169e-11,0.0
202_CT_2,THERMAL,2020-07-15 01:00:00,0.0,0.0,0.0,0.0,0.0,0.0,0.0
202_STEAM_3,THERMAL,2020-07-15 01:00:00,-4.4656579379095534e-08,4.4656579379095534e-08,2.239679687990706e-08,-1.1780103860461708e-08,-1.2194241766100892e-08,-1.0707678446281707e-08,-9.974555306251233e-09
202_STEAM_4,THERMAL,2020-07-15 01:00:00,-4.4656579379095534e-08,4.4656579379095534e-08,2.239679687990706e-08,-1.1780103860461708e-08,-1.2194241766100892e-08,-1.0707678446281707e-08,-9.974555306251233e-09
207_CT_1,THERMAL,2020-07-15 01:00:00,0.0,0.0,0.0,0.0,0.0,0.0,0.0
207_CT_2,THERMAL,2020-07-15 01:00:00,0.0,0.0,0.0,0.0,0.0,0.0,0.0
212_CSP_1,THERMAL,2020-07-15 01:00:00,-1.1322817856397782,1.1322817856397782,0.5694943558393427,-0.3052662961538146,-0.3183660573204756,-0.2687684152363268,-0.23988101692916117
213_CC_3,THERMAL,2020-07-15 01:00:00,0.0,0.0,0.0,0.0,0.0,0.0,0.0
213_CT_1,THERMAL,2020-07-15 01:00:00,0.0,0.0,0.0,0.0,0.0,0.0,0.0
213_CT_2,THERMAL,2020-07-15 01:00:00,0.0,0.0,0.0,0.0,0.0,0.0,0.0
215_CT_4,THERMAL,2020-07-15 01:00:00,0.0,0.0,0.0,0.0,0.0,0.0,0.0
215_CT_5,THERMAL,2020-07-15 01:00:00,0.0,0.0,0.0,0.0,0.0,0.0,0.0
216_STEAM_1,THERMAL,2020-07-15 01:00:00,-0.8065650610271113,0.8065650610271113,0.40455105309761685,-0.21190645686876536,-0.2215016851192501,-0.19254371205713117,-0.18061320698196476
218_CC_1,THERMAL,2020-07-15 01:00:00,1.1191048088221578e-13,1.1191048088221578e-13,1.1191048088221578e-13,0.0,0.0,1.1191048088221578e-13,0.0
221_CC_1,THERMAL,2020-07-15 01:00:00,-1.680890378773051e-08,1.680890378773051e-08,8.417480191025366e-09,-4.385135810025531e-09,-4.480048998445341e-09,-3.937348225235837e-09,-4.006370754023803e-09
223_CT_4,THERMAL,2020-07-15 01:00:00,1.5932357518296586e-13,1.5932357518296586e-13,1.2327475591053801e-13,2.1609211132844825e-14,1.7636656812240682e-14,1.2007770723788036e-13,0.0
223_CT_5,THERMAL,2020-07-15 01:00:00,0.0,0.0,0.0,0.0,0.0,0.0,0.0
223_CT_6,THERMAL,2020-07-15 01:00:00,0.0,0.0,0.0,0.0,0.0,0.0,0.0
223_STEAM_1,THERMAL,2020-07-15 01:00:00,-6.948113257676166e-07,6.948113257676166e-07,3.498210818869102e-07,-1.899786550930138e-07,-1.9635077995874132e-07,-1.6286453803603338e-07,-1.4561735267982807e-07
223_STEAM_2,THERMAL,2020-07-15 01:00:00,-6.948113257677346e-07,6.948113257677346e-07,3.498210818869697e-07,-1.8997865509304628e-07,-1.963507799587752e-07,-1.628645380360608e-07,-1.456173526798523e-07
223_STEAM_3,THERMAL,2020-07-15 01:00:00,-2.394425550067162e-07,2.394425550067162e-07,1.204934626776896e-07,-6.5385303060461e-08,-6.72809453186265e-08,-5.622727820229171e-08,-5.054902842533699e-08
301_CT_1,THERMAL,2020-07-15 01:00:00,1.8092816199237471e-13,1.8092816199237471e-13,1.8092816199237471e-13,0.0,1.8092816199237471e-13,0.0,0.0
301_CT_2,THERMAL,2020-07-15 01:00:00,0.0,0.0,0.0,0.0,0.0,0.0,0.0
301_CT_3,THERMAL,2020-07-15 01:00:00,0.0,0.0,0.0,0.0,0.0,0.0,0.0
301_CT_4,THERMAL,2020-07-15 01:00:00,0.0,0.0,0.0,0.0,0.0,0.0,0.0
302_CT_1,THERMAL,2020-07-15 01:00:00,0.0,0.0,0.0,0.0,0.0,0.0,0.0
302_CT_2,THERMAL,2020-07-15 01:00:00,0.0,0.0,0.0,0.0,0.0,0.0,0.0
302_CT_3,THERMAL,2020-07-15 01:00:00,0.0,0.0,0.0,0.0,0.0,0.0,0.0
302_CT_4,THERMAL,2020-07-15 01:00:00,0.0,0.0,0.0,0.0,0.0,0.0,0.0
303_WIND_1,WIND,2020-07-15 01:00:00,1.0,1.0,1.0,0.0,1.0,0.0,0.0
307_CT_1,THERMAL,2020-07-15 01:00:00,0.0,0.0,0.0,0.0,0.0,0.0,0.0
307_CT_2,THERMAL,2020-07-15 01:00:00,0.0,0.0,0.0,0.0,0.0,0.0,0.0
309_WIND_1,WIND,2020-07-15 01:00:00,1.0,1.0,1.0,0.0,0.0,1.0,0.0
313_CC_1,THERMAL,2020-07-15 01:00:00,-1.257070359318527,1.257070359318527,0.639032014595746,-0.27441384530595325,-0.2461447711516872,-0.3432865389264368,-0.3932252039344497
315_CT_6,THERMAL,2020-07-15 01:00:00,-1.7389075362912873e-13,1.9410344849471559e-13,1.8419542673937763e-13,1.7401008758093893e-15,8.36624655698404e-15,-1.8399710106192216e-13,0.0
315_CT_7,THERMAL,2020-07-15 01:00:00,0.0,0.0,0.0,0.0,0.0,0.0,0.0
315_CT_8,THERMAL,2020-07-15 01:00:00,-1.1838225118144877e-08,1.1838225118144877e-08,5.976748444855046e-09,-2.565749205872568e-09,-3.3544378664403114e-09,-2.5262301425855487e-09,-3.3918079032464484e-09
315_STEAM_1,THERMAL,2020-07-15 01:00:00,0.0,0.0,0.0,0.0,0.0,0.0,0.0
315_STEAM_2,THERMAL,2020-07-15 01:00:00,0.0,0.0,0.0,0.0,0.0,0.0,0.0
315_STEAM_3,THERMAL,2020-07-15 01:00:00,0.0,0.0,0.0,0.0,0.0,0.0,0.0
315_STEAM_4,THERMAL,2020-07-15 01:00:00,0.0,0.0,0.0,0.0,0.0,0.0,0.0
315_STEAM_5,THERMAL,2020-07-15 01:00:00,0.0,0.0,0.0,0.0,0.0,0.0,0.0
316_STEAM_1,THERMAL,2020-07-15 01:00:00,-4.6466242049330264e-08,4.6466242049330264e-08,2.3560701770575286e-08,-9.45425897985741e-09,-1.1991677095757325e-08,-1.0398816918666398e-08,-1.462148905504913e-08
317_WIND_1,WIND,2020-07-15 01:00:00,1.0,1.0,1.0,0.0,0.0,0.0,1.0
318_CC_1,THERMAL,2020-07-15 01:00:00,0.0,0.0,0.0,0.0,0.0,0.0,0.0
321_CC_1,THERMAL,2020-07-15 01:00:00,0.0,0.0,0.0,0.0,0.0,0.0,0.0
322_CT_5,THERMAL,2020-07-15 01:00:00,0.0,0.0,0.0,0.0,0.0,0.0,0.0
322_CT_6,THERMAL,2020-07-15 01:00:00,0.0,0.0,0.0,0.0,0.0,0.0,0.0
323_CC_1,THERMAL,2020-07-15 01:00:00,-1.3732555965705084e-08,1.3732555965705084e-08,6.916809100353633e-09,-3.003981566487401e-09,-3.2130954835205458e-09,-3.4019666184028766e-09,-4.113512297294261e-09
323_CC_2,THERMAL,2020-07-15 01:00:00,-1.3732555965704957e-08,1.3732555965704957e-08,6.91680910035357e-09,-3.0039815664873738e-09,-3.2130954835205218e-09,-3.4019666184028286e-09,-4.113512297294232e-09
101_CT_1,THERMAL,2020-07-15 02:00:00,9.350780855688497e-16,9.350780855688497e-16,5.562245289040314e-16,2.558922487060566e-16,2.5817368511038387e-16,4.2101215175240926e-16,0.0
101_CT_2,THERMAL,2020-07-15 02:00:00,0.0,0.0,0.0,0.0,0.0,0.0,0.0
101_STEAM_3,THERMAL,2020-07-15 02:00:00,-3.2295991264748893e-09,6.382881603382666e-09,4.003944725045005e-09,-3.5709039349697723e-09,-7.429535015214211e-10,-4.923829284375846e-10,1.5766412384538882e-09
101_STEAM_4,THERMAL,2020-07-15 02:00:00,-3.2295991264748504e-09,6.382881603382596e-09,4.003944725044962e-09,-3.570903934969734e-09,-7.429535015214117e-10,-4.923829284375781e-10,1.5766412384538727e-09
102_CT_1,THERMAL,2020-07-15 02:00:00,0.0,0.0,0.0,0.0,0.0,0.0,0.0
102_CT_2,THERMAL,2020-07-15 02:00:00,0.0,0.0,0.0,0.0,0.0,0.0,0.0
102_STEAM_3,THERMAL,2020-07-15 02:00:00,-0.09390935088958972,0.09390935088958972,0.04696154865633771,-0.02353710865558656,-0.023914078062707234,-0.022824156374011473,-0.023634007797284463
102_STEAM_4,THERMAL,2020-07-15 02:00:00,-0.09390935088958972,0.09390935088958972,0.04696154865633771,-0.02353710865558656,-0.023914078062707234,-0.022824156374011473,-0.023634007797284463
107_CC_1,THERMAL,2020-07-15 02:00:00,-1.9911473851129375e-08,1.9911473851129375e-08,9.96176897095746e-09,-4.8594008816849055e-09,-5.211648890224296e-09,-4.7705341899018094e-09,-5.069889889318363e-09
113_CT_1,THERMAL,2020-07-15 02:00:00,0.0,0.0,0.0,0.0,0.0,0.0,0.0
113_CT_2,THERMAL,2020-07-15 02:00:00,0.0,0.0,0.0,0.0,0.0,0.0,0.0
113_CT_3,THERMAL,2020-07-15 02:00:00,0.0,0.0,0.0,0.0,0.0,0.0,0.0
113_CT_4,THERMAL,2020-07-15 02:00:00,0.0,0.0,0.0,0.0,0.0,0.0,0.0
115_STEAM_1,THERMAL,2020-07-15 02:00:00,3.308722450212111e-24,6.617444900424222e-24,4.0523408517554946e-24,1.6543612251060553e-24,3.308722450212111e-24,-1.6543612251060553e-24,0.0
115_STEAM_2,THERMAL,2020-07-15 02:00:00,0.0,0.0,0.0,0.0,0.0,0.0,0.0
115_STEAM_3,THERMAL,2020-07-15 02:00:00,-5.728622383452353e-08,5.728622383452353e-08,2.8661619190598943e-08,-1.3961180958088277e-08,-1.4106844498156825e-08,-1.4009423880730888e-08,-1.5208774497547542e-08
116_STEAM_1,THERMAL,2020-07-15 02:00:00,-2.4543338830572855e-07,2.4543338830572855e-07,1.2279921096481754e-07,-5.936977254261677e-08,-6.128891494316946e-08,-5.9724434287034e-08,-6.505026653290832e-08
118_CC_1,THERMAL,2020-07-15 02:00:00,0.0,0.0,0.0,0.0,0.0,0.0,0.0
122_WIND_1,WIND,2020-07-15 02:00:00,1.0,1.0,1.0,1.0,0.0,0.0,0.0
123_CT_1,THERMAL,2020-07-15 02:00:00,2.622502955434136e-13,2.622502955434136e-13,1.9133309354646326e-13,4.789649480599059e-14,3.187582957263996e-14,1.8247797116478304e-13,0.0
123_CT_4,THERMAL,2020-07-15 02:00:00,0.0,0.0,0.0,0.0,0.0,0.0,0.0
123_CT_5,THERMAL,2020-07-15 02:00:00,0.0,0.0,0.0,0.0,0.0,0.0,0.0
123_STEAM_2,THERMAL,2020-07-15 02:00:00,-3.8587245240005934e-08,3.8587245240005934e-08,1.9298496802555864e-08,-9.510360091230193e-09,-9.842468042982652e-09,-9.362795604673227e-09,-9.87162150111986e-09
123_STEAM_3,THERMAL,2020-07-15 02:00:00,-2.117963854738435e-07,2.117963854738435e-07,1.0593363409540395e-07,-5.213707037901308e-08,-5.441371781382631e-08,-5.112443868501748e-08,-5.412115859598664e-08
201_CT_1,THERMAL,2020-07-15 02:00:00,6.7716943398641394e-15,1.032456188087602e-14,7.463659231325164e-15,-1.7764337705059403e-15,1.4442897634170698e-15,7.10383834695301e-15,0.0
201_CT_2,THERMAL,2020-07-15 02:00:00,0.0,0.0,0.0,0.0,0.0,0.0,0.0
201_STEAM_3,THERMAL,2020-07-15 02:00:00,-2.848488769932118e-08,2.848488769932118e-08,1.4259829098615516e-08,-7.255882422597345e-09,-7.60777291611344e-09,-6.965053768258341e-09,-6.656178592352058e-09
202_CT_1,THERMAL,2020-07-15 02:00:00,8.59225188466171e-14,8.59225188466171e-14,6.027290037431893e-14,1.6963608118269225e-14,1.2486356051864189e-14,5.6472554676483686e-14,0.0
202_CT_2,THERMAL,2020-07-15 02:00:00,0.0,0.0,0.0,0.0,0.0,0.0,0.0
202_STEAM_3,THERMAL,2020-07-15 02:00:00,-4.163172169481832e-08,4.163172169481832e-08,2.084523624061372e-08,-1.0641852106868432e-08,-1.1155883735797063e-08,-1.0169597700590693e-08,-9.66438815156213e-09
202_STEAM_4,THERMAL,2020-07-15 02:00:00,-4.163172169481832e-08,4.163172169481832e-08,2.084523624061372e-08,-1.0641852106868432e-08,-1.1155883735797063e-08,-1.0169597700590693e-08,-9.66438815156213e-09
207_CT_1,THERMAL,2020-07-15 02:00:00,0.0,0.0,0.0,0.0,0.0,0.0,0.0
207_CT_2,THERMAL,2020-07-15 02:00:00,0.0,0.0,0.0,0.0,0.0,0.0,0.0
212_CSP_1,THERMAL,2020-07-15 02:00:00,-1.2581979246256094,1.2581979246256094,0.6312524094982058,-0.3329599173051057,-0.34458299370779133,-0.30256956537618684,-0.2780854482365257
213_CC_3,THERMAL,2020-07-15 02:00:00,0.0,0.0,0.0,0.0,0.0,0.0,0.0
213_CT_1,THERMAL,2020-07-15 02:00:00,0.0,0.0,0.0,0.0,0.0,0.0,0.0
213_CT_2,THERMAL,2020-07-15 02:00:00,0.0,0.0,0.0,0.0,0.0,0.0,0.0
215_CT_4,THERMAL,2020-07-15 02:00:00,0.0,0.0,0.0,0.0,0.0,0.0,0.0
215_CT_5,THERMAL,2020-07-15 02:00:00,0.0,0.0,0.0,0.0,0.0,0.0,0.0
216_STEAM_1,THERMAL,2020-07-15 02:00:00,-0.6883415488959647,0.6883415488959647,0.3447037679148062,-0.1777523806632319,-0.18441850426137252,-0.16632130567664216,-0.15984935829471814
218_CC_1,THERMAL,2020-07-15 02:00:00,0.0,0.0,0.0,0.0,0.0,0.0,0.0
221_CC_1,THERMAL,2020-07-15 02:00:00,-1.5687196923194738e-08,1.5687196923194738e-08,7.85030872899613e-09,-3.962131992501907e-09,-4.153727100785455e-09,-3.705574846968318e-09,-3.865762982939058e-09
223_CT_4,THERMAL,2020-07-15 02:00:00,-1.5501870090568475e-13,5.975258429456565e-13,3.5216966608141605e-13,-2.3439583607398617e-13,-1.4187643585168446e-13,2.2125357101998588e-13,0.0
223_CT_5,THERMAL,2020-07-15 02:00:00,0.0,0.0,0.0,0.0,0.0,0.0,0.0
223_CT_6,THERMAL,2020-07-15 02:00:00,0.0,0.0,0.0,0.0,0.0,0.0,0.0
223_STEAM_1,THERMAL,2020-07-15 02:00:00,-0.34678965878259777,0.34678965878259777,0.17433575142398222,-0.09351555810429975,-0.096562520573048,-0.08305762841880943,-0.07365395168644057
223_STEAM_2,THERMAL,2020-07-15 02:00:00,-0.34678966048803495,0.34678966048803495,0.17433575228132542,-0.09351555856417089,-0.09656252104790816,-0.08305762882729169,-0.07365395204866418
223_STEAM_3,THERMAL,2020-07-15 02:00:00,-3.132534815782575e-07,3.132534815782575e-07,1.5722567039661807e-07,-8.293565748501837e-08,-8.658284058778695e-08,-7.461768477206749e-08,-6.911729873338472e-08
301_CT_1,THERMAL,2020-07-15 02:00:00,0.0,0.0,0.0,0.0,0.0,0.0,0.0
301_CT_2,THERMAL,2020-07-15 02:00:00,0.0,0.0,0.0,0.0,0.0,0.0,0.0
301_CT_3,THERMAL,2020-07-15 02:00:00,0.0,0.0,0.0,0.0,0.0,0.0,0.0
301_CT_4,THERMAL,2020-07-15 02:00:00,0.0,0.0,0.0,0.0,0.0,0.0,0.0
302_CT_1,THERMAL,2020-07-15 02:00:00,0.0,0.0,0.0,0.0,0.0,0.0,0.0
302_CT_2,THERMAL,2020-07-15 02:00:00,0.0,0.0,0.0,0.0,0.0,0.0,0.0
302_CT_3,THERMAL,2020-07-15 02:00:00,0.0,0.0,0.0,0.0,0.0,0.0,0.0
302_CT_4,THERMAL,2020-07-15 02:00:00,0.0,0.0,0.0,0.0,0.0,0.0,0.0
303_WIND_1,WIND,2020-07-15 02:00:00,1.0,1.0,1.0,0.0,1.0,0.0,0.0
307_CT_1,THERMAL,2020-07-15 02:00:00,0.0,0.0,0.0,0.0,0.0,0.0,0.0
307_CT_2,THERMAL,2020-07-15 02:00:00,0.0,0.0,0.0,0.0,0.0,0.0,0.0
309_WIND_1,WIND,2020-07-15 02:00:00,1.0,1.0,1.0,0.0,0.0,1.0,0.0
313_CC_1,THERMAL,2020-07-15 02:00:00,-1.17206140575282,1.17206140575282,0.5958759892454275,-0.2551820877610715,-0.2300450176090095,-0.3193452949734521,-0.36748900540928703
315_CT_6,THERMAL,2020-07-15 02:00:00,6.108353030919615e-14,6.108353030919615e-14,4.215839061138943e-14,1.2827687018003649e-14,9.153491124895892e-15,3.910235216629661e-14,0.0
315_CT_7,THERMAL,2020-07-15 02:00:00,0.0,0.0,0.0,0.0,0.0,0.0,0.0
315_CT_8,THERMAL,2020-07-15 02:00:00,-1.0750564844018898e-08,1.0750564844018898e-08,5.404405469924079e-09,-2.4574218366083476e-09,-2.9081792818151307e-09,-2.3667116200362427e-09,-3.0182521055591776e-09
315_STEAM_1,THERMAL,2020-07-15 02:00:00,0.0,0.0,0.0,0.0,0.0,0.0,0.0
315_STEAM_2,THERMAL,2020-07-15 02:00:00,0.0,0.0,0.0,0.0,0.0,0.0,0.0
315_STEAM_3,THERMAL,2020-07-15 02:00:00,0.0,0.0,0.0,0.0,0.0,0.0,0.0
315_STEAM_4,THERMAL,2020-07-15 02:00:00,0.0,0.0,0.0,0.0,0.0,0.0,0.0
315_STEAM_5,THERMAL,2020-07-15 02:00:00,0.0,0.0,0.0,0.0,0.0,0.0,0.0
316_STEAM_1,THERMAL,2020-07-15 02:00:00,-4.269186946028918e-08,4.269186946028918e-08,2.1559438384023257e-08,-9.151044416235161e-09,-1.0738816030991738e-08,-9.701035056332889e-09,-1.3100973956729394e-08
317_WIND_1,WIND,2020-07-15 02:00:00,1.0,1.0,1.0,0.0,0.0,0.0,1.0
318_CC_1,THERMAL,2020-07-15 02:00:00,0.0,0.0,0.0,-0.0,-0.0,-0.0,0.0
321_CC_1,THERMAL,2020-07-15 02:00:00,0.0,0.0,0.0,0.0,0.0,0.0,0.0
322_CT_5,THERMAL,2020-07-15 02:00:00,0.0,0.0,0.0,0.0,0.0,0.0,0.0
322_CT_6,THERMAL,2020-07-15 02:00:00,0.0,0.0,0.0,0.0,0.0,0.0,0.0
323_CC_1,THERMAL,2020-07-15 02:00:00,-1.3036859883753812e-08,1.3036859883753812e-08,6.542670409275933e-09,-3.1332292491566866e-09,-3.0118569014928735e-09,-3.1544628048989788e-09,-3.737310928205272e-09
323_CC_2,THERMAL,2020-07-15 02:00:00,-1.3036422530215623e-08,1.3036422530215623e-08,6.542458908613318e-09,-3.1332347397870324e-09,-3.0118859077485205e-09,-3.1539909544748545e-09,-3.737310928205214e-09
101_CT_1,THERMAL,2020-07-15 03:00:00,2.1553413138331396e-15,2.1553413138331396e-15,1.2641568824859405e-15,7.128686332671088e-16,5.638399963756978e-16,8.78632684190333e-16,0.0
101_CT_2,THERMAL,2020-07-15 03:00:00,0.0,0.0,0.0,0.0,0.0,0.0,0.0
101_STEAM_3,THERMAL,2020-07-15 03:00:00,-1.7828533348908142e-09,2.49905302318584e-09,1.4664002788987962e-09,-1.2846644086544824e-09,-4.78723074230315e-10,-3.7756569615352975e-10,3.58099844147513e-10
101_STEAM_4,THERMAL,2020-07-15 03:00:00,-1.7828533348908065e-09,2.4990530231858305e-09,1.4664002788987908e-09,-1.284664408654478e-09,-4.787230742303123e-10,-3.77565696153528e-10,3.580998441475119e-10
102_CT_1,THERMAL,2020-07-15 03:00:00,0.0,0.0,0.0,0.0,0.0,0.0,0.0
102_CT_2,THERMAL,2020-07-15 03:00:00,0.0,0.0,0.0,0.0,0.0,0.0,0.0
102_STEAM_3,THERMAL,2020-07-15 03:00:00,-0.13795487715300547,0.13795487715300547,0.06899117291483708,-0.0341853001886501,-0.03544524534848836,-0.033581378417913754,-0.03474295319795325
102_STEAM_4,THERMAL,2020-07-15 03:00:00,-0.1379548737531877,0.1379548737531877,0.06899117123021896,-0.034185296788867094,-0.035445245348480245,-0.03358137841788711,-0.03474295319795325
107_CC_1,THERMAL,2020-07-15 03:00:00,-1.9956332178197584e-08,1.9956332178197584e-08,9.98112415826755e-09,-4.926524932405854e-09,-5.042917786646501e-09,-4.831903379344706e-09,-5.154986079800525e-09
113_CT_1,THERMAL,2020-07-15 03:00:00,0.0,0.0,0.0,0.0,0.0,0.0,0.0
113_CT_2,THERMAL,2020-07-15 03:00:00,0.0,0.0,0.0,0.0,0.0,0.0,0.0
113_CT_3,THERMAL,2020-07-15 03:00:00,0.0,0.0,0.0,0.0,0.0,0.0,0.0
113_CT_4,THERMAL,2020-07-15 03:00:00,0.0,0.0,0.0,0.0,0.0,0.0,0.0
115_STEAM_1,THERMAL,2020-07-15 03:00:00,1.2937173160357853e-11,1.3126134594955073e-11,1.2290377430414641e-11,-9.448071729860986e-14,7.655030617503087e-13,1.2266150815906154e-11,0.0
115_STEAM_2,THERMAL,2020-07-15 03:00:00,0.0,0.0,0.0,0.0,0.0,0.0,0.0
115_STEAM_3,THERMAL,2020-07-15 03:00:00,-5.616935215615732e-08,5.616935215615732e-08,2.813312005498252e-08,-1.3247812678616326e-08,-1.3558831839356167e-08,-1.3959660501382262e-08,-1.5403047136802558e-08
116_STEAM_1,THERMAL,2020-07-15 03:00:00,-2.70681788286797e-07,2.70681788286797e-07,1.355574478447442e-07,-6.383928985862619e-08,-6.587540435365469e-08,-6.695246845822567e-08,-7.401462561629045e-08
118_CC_1,THERMAL,2020-07-15 03:00:00,-6.278509298791843e-17,6.278509298791843e-17,6.278509298791843e-17,-6.278509298791843e-17,0.0,0.0,0.0
122_WIND_1,WIND,2020-07-15 03:00:00,1.0,1.0,1.0,1.0,0.0,0.0,0.0
123_CT_1,THERMAL,2020-07-15 03:00:00,-2.040555338738129e-11,2.4293124858109046e-11,2.2406377624078332e-11,3.9585141221696265e-13,1.5479343231469146e-12,-2.2349339122745168e-11,0.0
123_CT_4,THERMAL,2020-07-15 03:00:00,0.0,0.0,0.0,0.0,0.0,0.0,0.0
123_CT_5,THERMAL,2020-07-15 03:00:00,0.0,0.0,0.0,0.0,0.0,0.0,0.0
123_STEAM_2,THERMAL,2020-07-15 03:00:00,-3.820396628036832e-08,3.820396628036832e-08,1.9110498075056122e-08,-9.26596932461318e-09,-9.502601577692364e-09,-9.412561934916964e-09,-1.0022833443145813e-08
123_STEAM_3,THERMAL,2020-07-15 03:00:00,-2.2616994708656612e-07,2.2616994708656612e-07,1.1314659326690148e-07,-5.467748193678329e-08,-5.635254670723795e-08,-5.55310125460267e-08,-5.96089058965182e-08
201_CT_1,THERMAL,2020-07-15 03:00:00,-1.1443739391735453e-12,1.1486248695057622e-12,1.1408129649168612e-12,-1.1407967316064354e-12,2.1254651661084485e-15,-5.702672733218357e-15,0.0
201_CT_2,THERMAL,2020-07-15 03:00:00,0.0,0.0,0.0,0.0,0.0,0.0,0.0
201_STEAM_3,THERMAL,2020-07-15 03:00:00,-2.906922452094258e-08,2.906922452094258e-08,1.4542022650113933e-08,-7.396579550481916e-09,-7.567513562399626e-09,-7.1431365972086e-09,-6.961994810852437e-09
202_CT_1,THERMAL,2020-07-15 03:00:00,-1.1897386164342909e-15,1.495466065714693e-14,9.464573903221396e-15,2.8355831932622227e-15,4.046877827094096e-15,-8.07219963679061e-15,0.0
202_CT_2,THERMAL,2020-07-15 03:00:00,0.0,0.0,0.0,0.0,0.0,0.0,0.0
202_STEAM_3,THERMAL,2020-07-15 03:00:00,-4.337597121194155e-08,4.337597121194155e-08,2.1701018145304802e-08,-1.104842281170412e-08,-1.1327216856207104e-08,-1.0664083021754751e-08,-1.0336248522275577e-08
202_STEAM_4,THERMAL,2020-07-15 03:00:00,-4.337597121194088e-08,4.337597121194088e-08,2.170101814530447e-08,-1.1048422811703939e-08,-1.1327216856206937e-08,-1.0664083021754587e-08,-1.0336248522275424e-08
207_CT_1,THERMAL,2020-07-15 03:00:00,0.0,0.0,0.0,0.0,0.0,0.0,0.0
207_CT_2,THERMAL,2020-07-15 03:00:00,0.0,0.0,0.0,0.0,0.0,0.0,0.0
212_CSP_1,THERMAL,2020-07-15 03:00:00,-1.220509314778738,1.220509314778738,0.6126975186017724,-0.3252761274338561,-0.335651376978894,-0.29331758453043894,-0.26626422583554893
213_CC_3,THERMAL,2020-07-15 03:00:00,-6.0844760919096695e-09,6.0844760919096695e-09,5.670928390629422e-09,-4.2986324942040323e-10,-5.654612842489266e-09,0.0,0.0
213_CT_1,THERMAL,2020-07-15 03:00:00,0.0,0.0,0.0,0.0,0.0,0.0,0.0
213_CT_2,THERMAL,2020-07-15 03:00:00,0.0,0.0,0.0,0.0,0.0,0.0,0.0
215_CT_4,THERMAL,2020-07-15 03:00:00,0.0,0.0,0.0,0.0,0.0,0.0,0.0
215_CT_5,THERMAL,2020-07-15 03:00:00,0.0,0.0,0.0,0.0,0.0,0.0,0.0
216_STEAM_1,THERMAL,2020-07-15 03:00:00,-0.6680953409372943,0.6680953409372943,0.33469229329196526,-0.17372569277484068,-0.1798294530897442,-0.1612648129324138,-0.15327538214029554
218_CC_1,THERMAL,2020-07-15 03:00:00,0.0,0.0,0.0,0.0,0.0,0.0,0.0
221_CC_1,THERMAL,2020-07-15 03:00:00,-1.5824885939213697e-08,1.5824885939213697e-08,7.91523356585289e-09,-4.0077112739567156e-09,-4.052545410360153e-09,-3.779080159915793e-09,-3.985549094981036e-09
223_CT_4,THERMAL,2020-07-15 03:00:00,-1.5911127311129548e-13,1.5911127311129548e-13,1.365314125350419e-13,-2.0816681711721685e-16,-2.4607753677957768e-14,-1.342953526162205e-13,0.0
223_CT_5,THERMAL,2020-07-15 03:00:00,0.0,0.0,0.0,0.0,0.0,0.0,0.0
223_CT_6,THERMAL,2020-07-15 03:00:00,0.0,0.0,0.0,0.0,0.0,0.0,0.0
223_STEAM_1,THERMAL,2020-07-15 03:00:00,-0.3003846577478952,0.3003846577478952,0.151115239610043,-0.08155842446196153,-0.08395763713877724,-0.07192790989505629,-0.06294068625210013
223_STEAM_2,THERMAL,2020-07-15 03:00:00,-0.30038465454255336,0.30038465454255336,0.15111523799752666,-0.0815584235916828,-0.08395763624290026,-0.07192790912750445,-0.06294068558046585
223_STEAM_3,THERMAL,2020-07-15 03:00:00,-4.3351828991039495e-07,4.3351828991039495e-07,2.1722550085999155e-07,-1.137796551543055e-07,-1.1663294955977615e-07,-1.0399248338075816e-07,-9.911320181555512e-08
301_CT_1,THERMAL,2020-07-15 03:00:00,-1.6351536214670928e-14,3.586043219703041e-14,2.7348415014625617e-14,7.946325219870366e-15,1.808122771309373e-15,-2.6105984205850668e-14,0.0
301_CT_2,THERMAL,2020-07-15 03:00:00,0.0,0.0,0.0,0.0,0.0,0.0,0.0
301_CT_3,THERMAL,2020-07-15 03:00:00,1.6351536214670928e-14,3.586043219703041e-14,2.7348415014625617e-14,-7.946325219870366e-15,-1.808122771309373e-15,2.6105984205850668e-14,0.0
301_CT_4,THERMAL,2020-07-15 03:00:00,0.0,0.0,0.0,0.0,0.0,0.0,0.0
302_CT_1,THERMAL,2020-07-15 03:00:00,0.0,0.0,0.0,0.0,0.0,0.0,0.0
302_CT_2,THERMAL,2020-07-15 03:00:00,0.0,0.0,0.0,0.0,0.0,0.0,0.0
302_CT_3,THERMAL,2020-07-15 03:00:00,0.0,0.0,0.0,0.0,0.0,0.0,0.0
302_CT_4,THERMAL,2020-07-15 03:00:00,0.0,0.0,0.0,0.0,0.0,0.0,0.0
303_WIND_1,WIND,2020-07-15 03:00:00,1.0,1.0,1.0,0.0,1.0,0.0,0.0
307_CT_1,THERMAL,2020-07-15 03:00:00,0.0,0.0,0.0,0.0,0.0,0.0,0.0
307_CT_2,THERMAL,2020-07-15 03:00:00,0.0,0.0,0.0,0.0,0.0,0.0,0.0
309_WIND_1,WIND,2020-07-15 03:00:00,1.0,1.0,1.0,0.0,0.0,1.0,0.0
313_CC_1,THERMAL,2020-07-15 03:00:00,-1.2347150282470003,1.2347150282470003,0.6270006030109766,-0.2695104262594096,-0.24571308484618326,-0.3343987209750612,-0.3850927961663463
315_CT_6,THERMAL,2020-07-15 03:00:00,-2.9986295817593166e-09,2.9986295817593166e-09,2.7947952646766173e-09,-2.1184324153009835e-10,-2.786754924906376e-09,-3.14153228422291e-14,0.0
315_CT_7,THERMAL,2020-07-15 03:00:00,0.0,0.0,0.0,0.0,0.0,0.0,0.0
315_CT_8,THERMAL,2020-07-15 03:00:00,-1.023473153016988e-08,1.023473153016988e-08,5.1568027019424635e-09,-2.198427887796793e-09,-2.768575659532757e-09,-2.302172345639287e-09,-2.9655556372010428e-09
315_STEAM_1,THERMAL,2020-07-15 03:00:00,0.0,0.0,0.0,0.0,0.0,0.0,0.0
315_STEAM_2,THERMAL,2020-07-15 03:00:00,0.0,0.0,0.0,0.0,0.0,0.0,0.0
315_STEAM_3,THERMAL,2020-07-15 03:00:00,0.0,0.0,0.0,0.0,0.0,0.0,0.0
315_STEAM_4,THERMAL,2020-07-15 03:00:00,0.0,0.0,0.0,0.0,0.0,0.0,0.0
315_STEAM_5,THERMAL,2020-07-15 03:00:00,0.0,0.0,0.0,0.0,0.0,0.0,0.0
316_STEAM_1,THERMAL,2020-07-15 03:00:00,-4.1887222350488676e-08,4.1887222350488676e-08,2.1221164485758325e-08,-8.554327562874523e-09,-1.045345721095714e-08,-9.68583702132264e-09,-1.3193600555334373e-08
317_WIND_1,WIND,2020-07-15 03:00:00,1.0,1.0,1.0,0.0,0.0,0.0,1.0
318_CC_1,THERMAL,2020-07-15 03:00:00,3.124445147051347e-13,3.124445147051347e-13,3.124445147051347e-13,3.124445147051347e-13,0.0,0.0,0.0
321_CC_1,THERMAL,2020-07-15 03:00:00,0.0,0.0,0.0,0.0,0.0,0.0,0.0
322_CT_5,THERMAL,2020-07-15 03:00:00,0.0,0.0,0.0,0.0,0.0,0.0,0.0
322_CT_6,THERMAL,2020-07-15 03:00:00,0.0,0.0,0.0,0.0,0.0,0.0,0.0
323_CC_1,THERMAL,2020-07-15 03:00:00,-1.2091800055971083e-08,1.2091800055971083e-08,6.090433862302957e-09,-2.6696076107443275e-09,-2.790584693248846e-09,-3.007497034108183e-09,-3.6241107178697247e-09
323_CC_2,THERMAL,2020-07-15 03:00:00,-1.21058315607015e-08,1.21058315607015e-08,6.0973049729836116e-09,-2.6698398012451123e-09,-2.7920891854857217e-09,-3.0197918561009096e-09,-3.6241107178697573e-09
101_CT_1,THERMAL,2020-07-15 04:00:00,-3.4850594632374055e-14,4.114850821190785e-14,3.8076335188529796e-14,9.098624631498353e-16,2.2390943266170638e-15,-3.7999551422140954e-14,0.0
101_CT_2,THERMAL,2020-07-15 04:00:00,0.0,0.0,0.0,0.0,0.0,0.0,0.0
101_STEAM_3,THERMAL,2020-07-15 04:00:00,-0.0027460325203274173,0.0027460325203274173,0.0015278357046252257,-0.0010705848583429341,-0.0008212592926786113,-0.0006998984097620925,-0.00015428995954377901
101_STEAM_4,THERMAL,2020-07-15 04:00:00,-0.0027460325203274173,0.0027460325203274173,0.0015278357046252257,-0.0010705848583429341,-0.0008212592926786113,-0.0006998984097620925,-0.00015428995954377901
102_CT_1,THERMAL,2020-07-15 04:00:00,0.0,0.0,0.0,0.0,0.0,0.0,0.0
102_CT_2,THERMAL,2020-07-15 04:00:00,0.0,0.0,0.0,0.0,0.0,0.0,0.0
102_STEAM_3,THERMAL,2020-07-15 04:00:00,-0.26000764156361134,0.26000764156361134,0.1300291533626411,-0.06552750326621716,-0.06685072679175857,-0.06400709426255102,-0.06362231724308458
102_STEAM_4,THERMAL,2020-07-15 04:00:00,-0.26000764327585946,0.26000764327585946,0.13002915422551947,-0.06552750497846388,-0.06685072679175898,-0.06400709426255204,-0.06362231724308458
107_CC_1,THERMAL,2020-07-15 04:00:00,-1.723990878492495e-08,1.723990878492495e-08,8.62912855594588e-09,-4.636734503421173e-09,-4.118243301931557e-09,-4.189559810185983e-09,-4.2953711693862356e-09
113_CT_1,THERMAL,2020-07-15 04:00:00,0.0,0.0,0.0,0.0,0.0,0.0,0.0
113_CT_2,THERMAL,2020-07-15 04:00:00,0.0,0.0,0.0,0.0,0.0,0.0,0.0
113_CT_3,THERMAL,2020-07-15 04:00:00,0.0,0.0,0.0,0.0,0.0,0.0,0.0
113_CT_4,THERMAL,2020-07-15 04:00:00,0.0,0.0,0.0,0.0,0.0,0.0,0.0
115_STEAM_1,THERMAL,2020-07-15 04:00:00,2.6263679495340132e-15,2.739659231577819e-15,1.9530085506104577e-15,-5.664564102190288e-17,1.0161203277067762e-15,1.66689326284914e-15,0.0
115_STEAM_2,THERMAL,2020-07-15 04:00:00,0.0,0.0,0.0,0.0,0.0,0.0,0.0
115_STEAM_3,THERMAL,2020-07-15 04:00:00,-5.384566399592478e-08,5.384566399592478e-08,2.694324032003918e-08,-1.3416120950933466e-08,-1.2833521706711954e-08,-1.3309942372035061e-08,-1.4286078966244301e-08
116_STEAM_1,THERMAL,2020-07-15 04:00:00,-8.926120497782176e-07,8.926120497782176e-07,4.465814954618334e-07,-2.1713752951235676e-07,-2.1838914554539457e-07,-2.205119158382729e-07,-2.365734588821934e-07
118_CC_1,THERMAL,2020-07-15 04:00:00,1.0708169012492939e-16,1.0708169012492939e-16,1.0708169012492939e-16,1.0708169012492939e-16,0.0,0.0,0.0
122_WIND_1,WIND,2020-07-15 04:00:00,1.0,1.0,1.0,1.0,0.0,0.0,0.0
123_CT_1,THERMAL,2020-07-15 04:00:00,-8.242477040631335e-14,1.277871814080747e-13,8.984382538901654e-14,2.268120550088067e-14,-2.0663782947379864e-14,-8.444219295981416e-14,0.0
123_CT_4,THERMAL,2020-07-15 04:00:00,0.0,0.0,0.0,0.0,0.0,0.0,0.0
123_CT_5,THERMAL,2020-07-15 04:00:00,0.0,0.0,0.0,0.0,0.0,0.0,0.0
123_STEAM_2,THERMAL,2020-07-15 04:00:00,-3.467078579398361e-08,3.467078579398361e-08,1.7338353618490577e-08,-8.856903201863709e-09,-8.498596872190232e-09,-8.519687622224895e-09,-8.795598097704783e-09
123_STEAM_3,THERMAL,2020-07-15 04:00:00,-7.304020410848468e-07,7.304020410848468e-07,3.6523876125701877e-07,-1.8467049375803206e-07,-1.8205394971700412e-07,-1.785355163054017e-07,-1.8514208130440898e-07
201_CT_1,THERMAL,2020-07-15 04:00:00,-1.765833030084373e-08,1.765833030084373e-08,1.1420749421419163e-08,-2.6809222481569773e-09,-9.842933970278345e-09,-5.134474082408408e-09,0.0
201_CT_2,THERMAL,2020-07-15 04:00:00,0.0,0.0,0.0,0.0,0.0,0.0,0.0
201_STEAM_3,THERMAL,2020-07-15 04:00:00,-2.588381503388738e-08,2.588381503388738e-08,1.2952862896072278e-08,-6.7038929750568424e-09,-6.7312653678193425e-09,-6.365778029309604e-09,-6.082878661701589e-09
202_CT_1,THERMAL,2020-07-15 04:00:00,1.728521441180007e-17,1.728521441180007e-17,1.7285212757438925e-17,1.7285212757438845e-17,1.6543612251060553e-24,0.0,0.0
202_CT_2,THERMAL,2020-07-15 04:00:00,0.0,0.0,0.0,0.0,0.0,0.0,0.0
202_STEAM_3,THERMAL,2020-07-15 04:00:00,-4.151691259117328e-08,4.151691259117328e-08,2.0779847243875105e-08,-1.0763868460292421e-08,-1.0879382899015371e-08,-1.0159327363595687e-08,-9.714333868269799e-09
202_STEAM_4,THERMAL,2020-07-15 04:00:00,-4.1516912591173343e-08,4.1516912591173343e-08,2.077984724387514e-08,-1.0763868460292454e-08,-1.0879382899015376e-08,-1.0159327363595704e-08,-9.714333868269814e-09
207_CT_1,THERMAL,2020-07-15 04:00:00,0.0,0.0,0.0,0.0,0.0,0.0,0.0
207_CT_2,THERMAL,2020-07-15 04:00:00,0.0,0.0,0.0,0.0,0.0,0.0,0.0
212_CSP_1,THERMAL,2020-07-15 04:00:00,-0.9613989008760969,0.9613989008760969,0.48173253062824517,-0.2511328863706084,-0.2591030072962479,-0.23229367619097907,-0.21886933101826153
213_CC_3,THERMAL,2020-07-15 04:00:00,5.551115123125783e-17,5.551115123125783e-17,5.551115123125783e-17,5.551115123125783e-17,0.0,0.0,0.0
213_CT_1,THERMAL,2020-07-15 04:00:00,0.0,0.0,0.0,0.0,0.0,0.0,0.0
213_CT_2,THERMAL,2020-07-15 04:00:00,0.0,0.0,0.0,0.0,0.0,0.0,0.0
215_CT_4,THERMAL,2020-07-15 04:00:00,0.0,0.0,0.0,0.0,0.0,0.0,0.0
215_CT_5,THERMAL,2020-07-15 04:00:00,0.0,0.0,0.0,0.0,0.0,0.0,0.0
216_STEAM_1,THERMAL,2020-07-15 04:00:00,-0.5250809902942447,0.5250809902942447,0.2627851415627671,-0.13440238945463495,-0.13882038748939107,-0.12745366175141148,-0.1244045515988072
218_CC_1,THERMAL,2020-07-15 04:00:00,0.0,0.0,0.0,0.0,0.0,0.0,0.0
221_CC_1,THERMAL,2020-07-15 04:00:00,-1.3678199290680302e-08,1.3678199290680302e-08,6.845128329182411e-09,-3.666890679987489e-09,-3.341922960586885e-09,-3.3135618693336255e-09,-3.3558237807723025e-09
223_CT_4,THERMAL,2020-07-15 04:00:00,-1.2216616607219066e-13,1.2216616607219066e-13,9.048005714366684e-14,-1.5501488981328748e-14,-1.9734214262712158e-14,-8.693046282814976e-14,0.0
223_CT_5,THERMAL,2020-07-15 04:00:00,0.0,0.0,0.0,0.0,0.0,0.0,0.0
223_CT_6,THERMAL,2020-07-15 04:00:00,0.0,0.0,0.0,0.0,0.0,0.0,0.0
223_STEAM_1,THERMAL,2020-07-15 04:00:00,-0.18315100342736912,0.18315100342736912,0.09189121445326821,-0.04856991632111161,-0.05007877646626746,-0.04408887376274863,-0.04041343687724142
223_STEAM_2,THERMAL,2020-07-15 04:00:00,-0.1831510030761728,0.1831510030761728,0.09189121427706493,-0.04856991622797872,-0.05007877637024248,-0.04408887367820517,-0.04041343679974644
223_STEAM_3,THERMAL,2020-07-15 04:00:00,-0.5784179015201153,0.5784179015201153,0.29020620300756095,-0.15339203483519218,-0.15815762070224534,-0.13923759479940573,-0.12763065118327202
301_CT_1,THERMAL,2020-07-15 04:00:00,0.0,0.0,0.0,0.0,0.0,0.0,0.0
301_CT_2,THERMAL,2020-07-15 04:00:00,0.0,0.0,0.0,0.0,0.0,0.0,0.0
301_CT_3,THERMAL,2020-07-15 04:00:00,0.0,0.0,0.0,0.0,0.0,0.0,0.0
301_CT_4,THERMAL,2020-07-15 04:00:00,0.0,0.0,0.0,0.0,0.0,0.0,0.0
302_CT_1,THERMAL,2020-07-15 04:00:00,4.1276702797949776e-11,8.307387159794962e-11,4.749923928677857e-11,-4.3205226181751046e-12,-1.6578061781824814e-11,3.494740496547938e-11,2.722788223247031e-11
302_CT_2,THERMAL,2020-07-15 04:00:00,0.0,0.0,0.0,0.0,0.0,0.0,0.0
302_CT_3,THERMAL,2020-07-15 04:00:00,0.0,0.0,0.0,0.0,0.0,0.0,0.0
302_CT_4,THERMAL,2020-07-15 04:00:00,0.0,0.0,0.0,0.0,0.0,0.0,0.0
303_WIND_1,WIND,2020-07-15 04:00:00,1.0,1.0,1.0,0.0,1.0,0.0,0.0
307_CT_1,THERMAL,2020-07-15 04:00:00,0.0,0.0,0.0,0.0,0.0,0.0,0.0
307_CT_2,THERMAL,2020-07-15 04:00:00,0.0,0.0,0.0,0.0,0.0,0.0,0.0
309_WIND_1,WIND,2020-07-15 04:00:00,1.0,1.0,1.0,0.0,0.0,1.0,0.0
313_CC_1,THERMAL,2020-07-15 04:00:00,-1.043290928603378,1.043290928603378,0.5290211597394531,-0.23073620504470843,-0.20841698147391818,-0.2834228626047526,-0.3207148794799989
315_CT_6,THERMAL,2020-07-15 04:00:00,-1.0687592198683196e-14,7.065689709293256e-14,4.5946997556429786e-14,1.30745920482024e-14,1.691006039892228e-14,-4.0672244645807876e-14,0.0
315_CT_7,THERMAL,2020-07-15 04:00:00,0.0,0.0,0.0,0.0,0.0,0.0,0.0
315_CT_8,THERMAL,2020-07-15 04:00:00,-9.244406667300907e-09,9.244406667300907e-09,4.665293898571488e-09,-1.990681072655487e-09,-2.7312730410437494e-09,-2.0203787602078124e-09,-2.502073793393857e-09
315_STEAM_1,THERMAL,2020-07-15 04:00:00,0.0,0.0,0.0,0.0,0.0,0.0,0.0
315_STEAM_2,THERMAL,2020-07-15 04:00:00,0.0,0.0,0.0,0.0,0.0,0.0,0.0
315_STEAM_3,THERMAL,2020-07-15 04:00:00,0.0,0.0,0.0,0.0,0.0,0.0,0.0
315_STEAM_4,THERMAL,2020-07-15 04:00:00,0.0,0.0,0.0,0.0,0.0,0.0,0.0
315_STEAM_5,THERMAL,2020-07-15 04:00:00,0.0,0.0,0.0,0.0,0.0,0.0,0.0
316_STEAM_1,THERMAL,2020-07-15 04:00:00,-3.899689645157624e-08,3.899689645157624e-08,1.9688387459161412e-08,-8.035447141008234e-09,-1.0489701329774448e-08,-8.91600215879862e-09,-1.1555745821994939e-08
317_WIND_1,WIND,2020-07-15 04:00:00,1.0,1.0,1.0,0.0,0.0,0.0,1.0
318_CC_1,THERMAL,2020-07-15 04:00:00,0.0,0.0,0.0,0.0,0.0,0.0,0.0
321_CC_1,THERMAL,2020-07-15 04:00:00,0.0,0.0,0.0,0.0,0.0,0.0,0.0
322_CT_5,THERMAL,2020-07-15 04:00:00,0.0,0.0,0.0,0.0,0.0,0.0,0.0
322_CT_6,THERMAL,2020-07-15 04:00:00,0.0,0.0,0.0,0.0,0.0,0.0,0.0
323_CC_1,THERMAL,2020-07-15 04:00:00,-5.7601664959676346e-08,5.7601664959676346e-08,4.5614913080881135e-08,-3.4426973336589094e-09,-5.8658775730848515e-09,-4.498339144467952e-08,-3.3096986082530666e-09
323_CC_2,THERMAL,2020-07-15 04:00:00,-1.2213037895170584e-08,1.2213037895170584e-08,6.164559594243634e-09,-2.4269148263474914e-09,-3.5429560919367753e-09,-2.9334683686333162e-09,-3.3096986082530004e-09
101_CT_1,THERMAL,2020-07-15 05:00:00,-2.6664979297303705e-14,1.2478911571935e-13,8.871478668967783e-14,4.612020250653045e-14,-7.572704750832685e-14,2.941865704492695e-15,0.0
101_CT_2,THERMAL,2020-07-15 05:00:00,0.0,0.0,0.0,0.0,0.0,0.0,0.0
101_STEAM_3,THERMAL,2020-07-15 05:00:00,3.049585199452258e-07,1.4349210217704302e-06,7.986970707941748e-07,-3.4783341836896207e-07,-2.1714783254364012e-07,2.212198675078952e-07,6.487199033499328e-07
101_STEAM_4,THERMAL,2020-07-15 05:00:00,3.049585199452258e-07,1.4349210217704302e-06,7.986970707941748e-07,-3.4783341836896207e-07,-2.1714783254364012e-07,2.212198675078952e-07,6.487199033499328e-07
102_CT_1,THERMAL,2020-07-15 05:00:00,0.0,0.0,0.0,0.0,0.0,0.0,0.0
102_CT_2,THERMAL,2020-07-15 05:00:00,0.0,0.0,0.0,0.0,0.0,0.0,0.0
102_STEAM_3,THERMAL,2020-07-15 05:00:00,-0.2059410526407159,0.2059410526407159,0.10302555003356947,-0.05132098716600692,-0.048813096449200996,-0.05317228172691402,-0.05263468729859396
102_STEAM_4,THERMAL,2020-07-15 05:00:00,-0.17958759952283865,0.17958759952283865,0.08984178248668788,-0.04475374412552219,-0.04256663787219117,-0.04636801490153086,-0.04589920262359444
107_CC_1,THERMAL,2020-07-15 05:00:00,-2.4124720901519403e-08,2.4124720901519403e-08,1.2067674670020263e-08,-6.311248149093451e-09,-5.812816061823156e-09,-5.990138385314481e-09,-6.010518305288315e-09
113_CT_1,THERMAL,2020-07-15 05:00:00,0.0,0.0,0.0,0.0,0.0,0.0,0.0
113_CT_2,THERMAL,2020-07-15 05:00:00,0.0,0.0,0.0,0.0,0.0,0.0,0.0
113_CT_3,THERMAL,2020-07-15 05:00:00,0.0,0.0,0.0,0.0,0.0,0.0,0.0
113_CT_4,THERMAL,2020-07-15 05:00:00,0.0,0.0,0.0,0.0,0.0,0.0,0.0
115_STEAM_1,THERMAL,2020-07-15 05:00:00,3.4370068204586135e-11,4.9759370761292707e-11,4.2762697336273646e-11,-7.694651278346668e-12,4.206471948293942e-11,-6.617444900424222e-24,0.0
115_STEAM_2,THERMAL,2020-07-15 05:00:00,0.0,0.0,0.0,0.0,0.0,0.0,0.0
115_STEAM_3,THERMAL,2020-07-15 05:00:00,-8.219064317739054e-08,8.219064317739054e-08,4.112940655834028e-08,-2.061299596209267e-08,-1.916119862139333e-08,-2.116703546450265e-08,-2.1249413129401878e-08
116_STEAM_1,THERMAL,2020-07-15 05:00:00,-0.45926323707915817,0.45926323707915817,0.2299228190119484,-0.11381304140218419,-0.1058029519829855,-0.12066888979533671,-0.11897835389865176
118_CC_1,THERMAL,2020-07-15 05:00:00,5.878006955187054e-15,5.878006955187054e-15,5.878006955187054e-15,5.878006955187054e-15,0.0,0.0,0.0
122_WIND_1,WIND,2020-07-15 05:00:00,1.0,1.0,1.0,1.0,0.0,0.0,0.0
123_CT_1,THERMAL,2020-07-15 05:00:00,4.943611259977162e-12,5.641865797372258e-12,4.0541024433011736e-12,-3.4912726869754793e-13,1.5722844900822058e-12,3.720454038592504e-12,0.0
123_CT_4,THERMAL,2020-07-15 05:00:00,0.0,0.0,0.0,0.0,0.0,0.0,0.0
123_CT_5,THERMAL,2020-07-15 05:00:00,0.0,0.0,0.0,0.0,0.0,0.0,0.0
123_STEAM_2,THERMAL,2020-07-15 05:00:00,-5.154962039315296e-08,5.154962039315296e-08,2.5781858248060534e-08,-1.3152327240627994e-08,-1.2375982825241286e-08,-1.2985591111153526e-08,-1.3035719216130156e-08
123_STEAM_3,THERMAL,2020-07-15 05:00:00,-2.1117234004338543e-06,2.1117234004338543e-06,1.0562473311714073e-06,-5.265363957308846e-07,-5.051320458137594e-07,-5.402595988844532e-07,-5.397953600047575e-07
201_CT_1,THERMAL,2020-07-15 05:00:00,6.256837411770395e-13,9.058268407461752e-13,7.78460791987502e-13,-1.4007154978456783e-13,7.657552909401006e-13,2.150669592637872e-23,0.0
201_CT_2,THERMAL,2020-07-15 05:00:00,0.0,0.0,0.0,0.0,0.0,0.0,0.0
201_STEAM_3,THERMAL,2020-07-15 05:00:00,-3.839122588228217e-08,3.839122588228217e-08,1.9197714270798424e-08,-9.796149935001789e-09,-9.66733074819602e-09,-9.44617064435053e-09,-9.48157455473383e-09
202_CT_1,THERMAL,2020-07-15 05:00:00,-1.2460262828336169e-12,2.759541079504321e-12,1.9927389985833996e-12,-1.668992642959004e-13,7.567573983353521e-13,-1.8358844168730686e-12,0.0
202_CT_2,THERMAL,2020-07-15 05:00:00,0.0,0.0,0.0,0.0,0.0,0.0,0.0
202_STEAM_3,THERMAL,2020-07-15 05:00:00,-4.846880489154984e-08,4.846880489154984e-08,2.4236694926563996e-08,-1.230986480284885e-08,-1.225382994067205e-08,-1.1928936338791919e-08,-1.1976173809237027e-08
202_STEAM_4,THERMAL,2020-07-15 05:00:00,-6.414108534278299e-08,6.414108534278299e-08,3.207362680796379e-08,-1.6284011828079893e-08,-1.6227353056322854e-08,-1.5784037775537182e-08,-1.584568268284306e-08
207_CT_1,THERMAL,2020-07-15 05:00:00,-5.573724360057055e-12,5.573724360057055e-12,5.573724360057055e-12,-5.573724360057055e-12,0.0,0.0,0.0
207_CT_2,THERMAL,2020-07-15 05:00:00,0.0,0.0,0.0,0.0,0.0,0.0,0.0
212_CSP_1,THERMAL,2020-07-15 05:00:00,-1.695422321552147,1.695422321552147,0.8477925809413845,-0.4247483102248842,-0.4330600601008272,-0.4179260779895339,-0.4196878732369015
213_CC_3,THERMAL,2020-07-15 05:00:00,0.0,0.0,0.0,0.0,0.0,0.0,0.0
213_CT_1,THERMAL,2020-07-15 05:00:00,0.0,0.0,0.0,0.0,0.0,0.0,0.0
213_CT_2,THERMAL,2020-07-15 05:00:00,0.0,0.0,0.0,0.0,0.0,0.0,0.0
215_CT_4,THERMAL,2020-07-15 05:00:00,0.0,0.0,0.0,0.0,0.0,0.0,0.0
215_CT_5,THERMAL,2020-07-15 05:00:00,0.0,0.0,0.0,0.0,0.0,0.0,0.0
216_STEAM_1,THERMAL,2020-07-15 05:00:00,-0.9324307135484432,0.9324307135484432,0.4662154898762607,-0.23300505786468023,-0.23287132097417396,-0.23328856095933492,-0.23326577375025404
218_CC_1,THERMAL,2020-07-15 05:00:00,0.0,0.0,0.0,0.0,0.0,0.0,0.0
221_CC_1,THERMAL,2020-07-15 05:00:00,-1.9527804558489746e-08,1.9527804558489746e-08,9.770603939227042e-09,-5.18699440349892e-09,-4.713561541080935e-09,-4.822845389798324e-09,-4.804403224111569e-09
223_CT_4,THERMAL,2020-07-15 05:00:00,-1.44655121214754e-13,3.0137697892840265e-13,2.2280803355029052e-13,-1.4981071938535706e-14,7.836092885682433e-14,-2.0803497813304261e-13,0.0
223_CT_5,THERMAL,2020-07-15 05:00:00,0.0,0.0,0.0,0.0,0.0,0.0,0.0
223_CT_6,THERMAL,2020-07-15 05:00:00,0.0,0.0,0.0,0.0,0.0,0.0,0.0
223_STEAM_1,THERMAL,2020-07-15 05:00:00,-0.1670123654262879,0.1670123654262879,0.0835312145372912,-0.041917485231648406,-0.04335139048991954,-0.04071988641961365,-0.041023603285106305
223_STEAM_2,THERMAL,2020-07-15 05:00:00,-0.16701236517666057,0.16701236517666057,0.08353121441244003,-0.04191748516899599,-0.04335139042512073,-0.04071988635875334,-0.04102360322379052
223_STEAM_3,THERMAL,2020-07-15 05:00:00,-0.19332798896613387,0.19332798896613387,0.09669296868074742,-0.04852245838043964,-0.05018201939099097,-0.04713608623513591,-0.047487424959567336
301_CT_1,THERMAL,2020-07-15 05:00:00,8.258413007226459e-13,1.1956027736896333e-12,1.0274920550626209e-12,-1.8488073648349374e-13,1.0107220372061396e-12,0.0,0.0
301_CT_2,THERMAL,2020-07-15 05:00:00,0.0,0.0,0.0,0.0,0.0,0.0,0.0
301_CT_3,THERMAL,2020-07-15 05:00:00,0.0,0.0,0.0,0.0,0.0,0.0,0.0
301_CT_4,THERMAL,2020-07-15 05:00:00,0.0,0.0,0.0,0.0,0.0,0.0,0.0
302_CT_1,THERMAL,2020-07-15 05:00:00,0.0,0.0,0.0,0.0,0.0,0.0,0.0
302_CT_2,THERMAL,2020-07-15 05:00:00,0.0,0.0,0.0,0.0,0.0,0.0,0.0
302_CT_3,THERMAL,2020-07-15 05:00:00,0.0,0.0,0.0,0.0,0.0,0.0,0.0
302_CT_4,THERMAL,2020-07-15 05:00:00,0.0,0.0,0.0,0.0,0.0,0.0,0.0
303_WIND_1,WIND,2020-07-15 05:00:00,1.0,1.0,1.0,0.0,1.0,0.0,0.0
307_CT_1,THERMAL,2020-07-15 05:00:00,0.0,0.0,0.0,0.0,0.0,0.0,0.0
307_CT_2,THERMAL,2020-07-15 05:00:00,0.0,0.0,0.0,0.0,0.0,0.0,0.0
309_WIND_1,WIND,2020-07-15 05:00:00,1.0,1.0,1.0,0.0,0.0,1.0,0.0
313_CC_1,THERMAL,2020-07-15 05:00:00,-4.324644140180332e-07,4.324644140180332e-07,2.1978068123782823e-07,-9.923337884742978e-08,-8.074472335195537e-08,-1.318066615851876e-07,-1.2067965023346046e-07
315_CT_6,THERMAL,2020-07-15 05:00:00,-9.485554057531384e-14,1.7494145844648875e-13,1.1384368982064744e-13,-3.384757891517601e-14,4.004295893558745e-14,-1.0105092059572528e-13,0.0
315_CT_7,THERMAL,2020-07-15 05:00:00,0.0,0.0,0.0,0.0,0.0,0.0,0.0
315_CT_8,THERMAL,2020-07-15 05:00:00,-1.3409402720883962e-08,1.3409402720883962e-08,6.773092739584958e-09,-2.933156519230309e-09,-4.062188917176566e-09,-2.8908531612107734e-09,-3.523204123266314e-09
315_STEAM_1,THERMAL,2020-07-15 05:00:00,0.0,0.0,0.0,0.0,0.0,0.0,0.0
315_STEAM_2,THERMAL,2020-07-15 05:00:00,0.0,0.0,0.0,0.0,0.0,0.0,0.0
315_STEAM_3,THERMAL,2020-07-15 05:00:00,0.0,0.0,0.0,0.0,0.0,0.0,0.0
315_STEAM_4,THERMAL,2020-07-15 05:00:00,0.0,0.0,0.0,0.0,0.0,0.0,0.0
315_STEAM_5,THERMAL,2020-07-15 05:00:00,0.0,0.0,0.0,0.0,0.0,0.0,0.0
316_STEAM_1,THERMAL,2020-07-15 05:00:00,-6.820697840670958e-08,6.820697840670958e-08,3.426876806585937e-08,-1.4898477645700186e-08,-1.8585721850428172e-08,-1.5926278962297147e-08,-1.8796499948284068e-08
317_WIND_1,WIND,2020-07-15 05:00:00,1.0,1.0,1.0,0.0,0.0,0.0,1.0
318_CC_1,THERMAL,2020-07-15 05:00:00,0.0,0.0,0.0,0.0,0.0,0.0,0.0
321_CC_1,THERMAL,2020-07-15 05:00:00,0.0,0.0,0.0,0.0,0.0,0.0,0.0
322_CT_5,THERMAL,2020-07-15 05:00:00,0.0,0.0,0.0,0.0,0.0,0.0,0.0
322_CT_6,THERMAL,2020-07-15 05:00:00,0.0,0.0,0.0,0.0,0.0,0.0,0.0
323_CC_1,THERMAL,2020-07-15 05:00:00,-1.8312372223889567e-08,1.8312372223889567e-08,9.208832559160061e-09,-3.757718623772534e-09,-4.638174389263847e-09,-4.9336813854716254e-09,-4.982797825381562e-09
323_CC_2,THERMAL,2020-07-15 05:00:00,-1.8313692132666594e-08,1.8313692132666594e-08,9.209525723989405e-09,-3.757423136362895e-09,-4.639789785450424e-09,-4.93368138547167e-09,-4.982797825381606e-09
101_CT_1,THERMAL,2020-07-15 06:00:00,-2.5642682421889162e-14,9.560061076108184e-14,6.564002086389592e-14,1.4183099139586375e-14,2.0795865030009963e-14,-6.06216465914855e-14,0.0
101_CT_2,THERMAL,2020-07-15 06:00:00,0.0,0.0,0.0,0.0,0.0,0.0,0.0
101_STEAM_3,THERMAL,2020-07-15 06:00:00,-0.03908511283047185,0.03908511283047185,0.02053323010108346,-0.008943719943308635,-0.014683256720956762,-0.005919593413524875,-0.00953854275268158
101_STEAM_4,THERMAL,2020-07-15 06:00:00,-0.039085112688652605,0.039085112688652605,0.02053323002660917,-0.008943719910930497,-0.014683256667719045,-0.005919593391920625,-0.009538542718082438
102_CT_1,THERMAL,2020-07-15 06:00:00,0.0,0.0,0.0,0.0,0.0,0.0,0.0
102_CT_2,THERMAL,2020-07-15 06:00:00,0.0,0.0,0.0,0.0,0.0,0.0,0.0
102_STEAM_3,THERMAL,2020-07-15 06:00:00,-9.000133194937985e-08,9.000133194937985e-08,4.504425613081035e-08,-2.2762978035024617e-08,-2.0961430709837505e-08,-2.3718743134490405e-08,-2.2558180070027328e-08
102_STEAM_4,THERMAL,2020-07-15 06:00:00,-8.994667945218575e-08,8.994667945218575e-08,4.50151865582981e-08,-2.2762711073992746e-08,-2.0966783774893095e-08,-2.3659004533271855e-08,-2.2558180070028056e-08
107_CC_1,THERMAL,2020-07-15 06:00:00,-2.8759887024014222e-08,2.8759887024014222e-08,1.4380398224817913e-08,-7.247526710424917e-09,-7.24555865456328e-09,-7.1451200511774005e-09,-7.121681607848624e-09
113_CT_1,THERMAL,2020-07-15 06:00:00,0.0,0.0,0.0,0.0,0.0,0.0,0.0
113_CT_2,THERMAL,2020-07-15 06:00:00,0.0,0.0,0.0,0.0,0.0,0.0,0.0
113_CT_3,THERMAL,2020-07-15 06:00:00,0.0,0.0,0.0,0.0,0.0,0.0,0.0
113_CT_4,THERMAL,2020-07-15 06:00:00,0.0,0.0,0.0,0.0,0.0,0.0,0.0
115_STEAM_1,THERMAL,2020-07-15 06:00:00,1.2423831974057583e-11,1.7366590483002983e-11,1.276771519064561e-11,-4.587372768469648e-14,-2.4255055267880035e-12,1.2253628448106263e-11,2.6415827804240205e-12
115_STEAM_2,THERMAL,2020-07-15 06:00:00,0.0,0.0,0.0,0.0,0.0,0.0,0.0
115_STEAM_3,THERMAL,2020-07-15 06:00:00,-6.80317719464384e-08,6.80317719464384e-08,3.407213925570489e-08,-1.7276381058539355e-08,-1.5474873400217093e-08,-1.819169646844206e-08,-1.7088821019239894e-08
116_STEAM_1,THERMAL,2020-07-15 06:00:00,-7.721910897595371e-08,7.721910897595371e-08,3.86543953354584e-08,-1.955224038230341e-08,-1.784966774387442e-08,-2.0436234038356815e-08,-1.938096681141907e-08
118_CC_1,THERMAL,2020-07-15 06:00:00,0.0,0.0,0.0,0.0,0.0,0.0,0.0
122_WIND_1,WIND,2020-07-15 06:00:00,1.0,1.0,1.0,1.0,0.0,0.0,0.0
123_CT_1,THERMAL,2020-07-15 06:00:00,1.1240231548138874e-11,1.344213242342711e-11,1.2335627459061158e-11,5.490515483998749e-14,-1.100950437644118e-12,1.2286276830943004e-11,0.0
123_CT_4,THERMAL,2020-07-15 06:00:00,0.0,0.0,0.0,0.0,0.0,0.0,0.0
123_CT_5,THERMAL,2020-07-15 06:00:00,0.0,0.0,0.0,0.0,0.0,0.0,0.0
123_STEAM_2,THERMAL,2020-07-15 06:00:00,-5.1501889031340756e-08,5.1501889031340756e-08,2.5759092131217347e-08,-1.3006268628360493e-08,-1.2371396916997653e-08,-1.3260625899649471e-08,-1.2863597586333136e-08
123_STEAM_3,THERMAL,2020-07-15 06:00:00,-1.4381664561620406e-07,1.4381664561620406e-07,7.191273954846826e-08,-3.626027479057725e-08,-3.538927971360718e-08,-3.6390907756399904e-08,-3.577618335561974e-08
201_CT_1,THERMAL,2020-07-15 06:00:00,-1.1794564405006488e-12,1.8420443489128805e-12,1.1982855479687697e-12,1.2187818295333315e-14,3.191061359107825e-13,-1.0658003960943843e-12,-4.4494999861238033e-13
201_CT_2,THERMAL,2020-07-15 06:00:00,0.0,0.0,0.0,0.0,0.0,0.0,0.0
201_STEAM_3,THERMAL,2020-07-15 06:00:00,-4.2017306224070466e-08,4.2017306224070466e-08,2.1008945559464896e-08,-1.0522081738088128e-08,-1.0587261519879373e-08,-1.0450429633737157e-08,-1.0457533332365809e-08
202_CT_1,THERMAL,2020-07-15 06:00:00,1.1211359802050163e-11,1.3407604857653632e-11,1.2303942070521705e-11,5.476412504210101e-14,-1.0981225278017343e-12,1.2254718204809796e-11,0.0
202_CT_2,THERMAL,2020-07-15 06:00:00,0.0,0.0,0.0,0.0,0.0,0.0,0.0
202_STEAM_3,THERMAL,2020-07-15 06:00:00,-6.568577480388646e-08,6.568577480388646e-08,3.2842991548510564e-08,-1.644345342645413e-08,-1.6477303529844016e-08,-1.639261774592401e-08,-1.637240010166431e-08
202_STEAM_4,THERMAL,2020-07-15 06:00:00,-6.568577480388646e-08,6.568577480388646e-08,3.2842991548510564e-08,-1.644345342645413e-08,-1.6477303529844016e-08,-1.639261774592401e-08,-1.637240010166431e-08
207_CT_1,THERMAL,2020-07-15 06:00:00,0.0,0.0,0.0,0.0,0.0,0.0,0.0
207_CT_2,THERMAL,2020-07-15 06:00:00,0.0,0.0,0.0,0.0,0.0,0.0,0.0
212_CSP_1,THERMAL,2020-07-15 06:00:00,-6.770219126151834e-06,6.770219126151834e-06,3.385244840960408e-06,-1.6963075231135605e-06,-1.6690329340818266e-06,-1.7111889079046705e-06,-1.693689761051777e-06
213_CC_3,THERMAL,2020-07-15 06:00:00,0.0,0.0,0.0,0.0,0.0,0.0,0.0
213_CT_1,THERMAL,2020-07-15 06:00:00,0.0,0.0,0.0,0.0,0.0,0.0,0.0
213_CT_2,THERMAL,2020-07-15 06:00:00,0.0,0.0,0.0,0.0,0.0,0.0,0.0
215_CT_4,THERMAL,2020-07-15 06:00:00,0.0,0.0,0.0,0.0,0.0,0.0,0.0
215_CT_5,THERMAL,2020-07-15 06:00:00,0.0,0.0,0.0,0.0,0.0,0.0,0.0
216_STEAM_1,THERMAL,2020-07-15 06:00:00,-3.270499353136742e-07,3.270499353136742e-07,1.6352499670300134e-07,-8.182785271598675e-08,-8.169100598723701e-08,-8.17585128487508e-08,-8.177256376169965e-08
218_CC_1,THERMAL,2020-07-15 06:00:00,0.0,0.0,0.0,0.0,0.0,0.0,0.0
221_CC_1,THERMAL,2020-07-15 06:00:00,-2.335778952978383e-08,2.335778952978383e-08,1.1680549545628637e-08,-5.884306375492088e-09,-5.979105210940361e-09,-5.7396096764250615e-09,-5.7547682669263204e-09
223_CT_4,THERMAL,2020-07-15 06:00:00,-2.0261570199409107e-14,2.2321033910088772e-13,1.4179857178549823e-13,4.241051954068098e-14,5.906386491005833e-14,-1.2173595465014841e-13,0.0
223_CT_5,THERMAL,2020-07-15 06:00:00,0.0,0.0,0.0,0.0,0.0,0.0,0.0
223_CT_6,THERMAL,2020-07-15 06:00:00,0.0,0.0,0.0,0.0,0.0,0.0,0.0
223_STEAM_1,THERMAL,2020-07-15 06:00:00,-0.9516228886855022,0.9516228886855022,0.47582128083827496,-0.238307376182204,-0.23552060842338823,-0.23977596818719882,-0.2380189358927111
223_STEAM_2,THERMAL,2020-07-15 06:00:00,-0.9516228886856883,0.9516228886856883,0.4758212808383681,-0.23830737618225062,-0.2355206084234342,-0.23977596818724584,-0.2380189358927577
223_STEAM_3,THERMAL,2020-07-15 06:00:00,-2.018576004998568,2.018576004998568,1.0093088222939572,-0.505495804504646,-0.49959030362142803,-0.5086068540133357,-0.5048830428591582
301_CT_1,THERMAL,2020-07-15 06:00:00,4.069961987872472e-13,4.959367087976897e-13,4.366616720784708e-13,1.7424762315263513e-14,-4.447025500522123e-14,4.3404169147720495e-13,0.0
301_CT_2,THERMAL,2020-07-15 06:00:00,0.0,0.0,0.0,0.0,0.0,0.0,0.0
301_CT_3,THERMAL,2020-07-15 06:00:00,2.7045492689957715e-14,6.189501732048474e-14,4.7762180875383304e-14,-1.7424762315263513e-14,4.447025500522123e-14,0.0,0.0
301_CT_4,THERMAL,2020-07-15 06:00:00,0.0,0.0,0.0,0.0,0.0,0.0,0.0
302_CT_1,THERMAL,2020-07-15 06:00:00,0.0,0.0,0.0,0.0,0.0,0.0,0.0
302_CT_2,THERMAL,2020-07-15 06:00:00,0.0,0.0,0.0,0.0,0.0,0.0,0.0
302_CT_3,THERMAL,2020-07-15 06:00:00,0.0,0.0,0.0,0.0,0.0,0.0,0.0
302_CT_4,THERMAL,2020-07-15 06:00:00,0.0,0.0,0.0,0.0,0.0,0.0,0.0
303_WIND_1,WIND,2020-07-15 06:00:00,1.0,1.0,1.0,0.0,1.0,0.0,0.0
307_CT_1,THERMAL,2020-07-15 06:00:00,0.0,0.0,0.0,0.0,0.0,0.0,0.0
307_CT_2,THERMAL,2020-07-15 06:00:00,0.0,0.0,0.0,0.0,0.0,0.0,0.0
309_WIND_1,WIND,2020-07-15 06:00:00,1.0,1.0,1.0,0.0,0.0,1.0,0.0
313_CC_1,THERMAL,2020-07-15 06:00:00,-2.589848782076631e-08,2.589848782076631e-08,1.3353552640705753e-08,-6.7628806998953905e-09,-3.8861607265516795e-09,-8.4011766432468e-09,-6.848269751072441e-09
315_CT_6,THERMAL,2020-07-15 06:00:00,-2.366954717959581e-14,6.087747157510492e-14,3.8056190607841544e-14,1.8603962197754552e-14,-1.0923003257726274e-14,-3.135050611962409e-14,0.0
315_CT_7,THERMAL,2020-07-15 06:00:00,0.0,0.0,0.0,0.0,0.0,0.0,0.0
315_CT_8,THERMAL,2020-07-15 06:00:00,-1.2820950606692262e-08,1.2820950606692262e-08,6.490054469185515e-09,-3.051285228743921e-09,-3.992673190881612e-09,-2.5866626196241075e-09,-3.1903295674426214e-09
315_STEAM_1,THERMAL,2020-07-15 06:00:00,0.0,0.0,0.0,0.0,0.0,0.0,0.0
315_STEAM_2,THERMAL,2020-07-15 06:00:00,0.0,0.0,0.0,0.0,0.0,0.0,0.0
315_STEAM_3,THERMAL,2020-07-15 06:00:00,0.0,0.0,0.0,0.0,0.0,0.0,0.0
315_STEAM_4,THERMAL,2020-07-15 06:00:00,0.0,0.0,0.0,0.0,0.0,0.0,0.0
315_STEAM_5,THERMAL,2020-07-15 06:00:00,0.0,0.0,0.0,0.0,0.0,0.0,0.0
316_STEAM_1,THERMAL,2020-07-15 06:00:00,-7.599564234395869e-08,7.599564234395869e-08,3.8061157122964434e-08,-1.8521090217049618e-08,-2.0638915909643174e-08,-1.76355134939854e-08,-1.9200122723280496e-08
317_WIND_1,WIND,2020-07-15 06:00:00,1.0,1.0,1.0,0.0,0.0,0.0,1.0
318_CC_1,THERMAL,2020-07-15 06:00:00,0.0,0.0,0.0,0.0,0.0,0.0,0.0
321_CC_1,THERMAL,2020-07-15 06:00:00,0.0,0.0,0.0,0.0,0.0,0.0,0.0
322_CT_5,THERMAL,2020-07-15 06:00:00,0.0,0.0,0.0,0.0,0.0,0.0,0.0
322_CT_6,THERMAL,2020-07-15 06:00:00,0.0,0.0,0.0,0.0,0.0,0.0,0.0
323_CC_1,THERMAL,2020-07-15 06:00:00,-1.706465604006021e-08,1.706465604006021e-08,8.577282946760764e-09,-4.322247751167561e-09,-3.55578937260524e-09,-4.7471527346343965e-09,-4.439466181653014e-09
323_CC_2,THERMAL,2020-07-15 06:00:00,-1.706471095533042e-08,1.706471095533042e-08,8.57731167741427e-09,-4.3222560282971244e-09,-3.5557983905148018e-09,-4.747190354865638e-09,-4.439466181652854e-09
101_CT_1,THERMAL,2020-07-15 07:00:00,-7.779887845060784e-14,1.306524333166692e-13,9.047242227845567e-14,-2.0055138105767867e-14,2.642677743303068e-14,-8.417051777787066e-14,0.0
101_CT_2,THERMAL,2020-07-15 07:00:00,0.0,0.0,0.0,0.0,0.0,0.0,0.0
101_STEAM_3,THERMAL,2020-07-15 07:00:00,-0.02959198762897089,0.02959198762897089,0.01538017749270858,-0.0073821213835496505,-0.010568053993699878,-0.004679748354157347,-0.006962063897564015
101_STEAM_4,THERMAL,2020-07-15 07:00:00,-0.029591987729398483,0.029591987729398483,0.015380177544904918,-0.007382121408602768,-0.010568054029565037,-0.004679748370039255,-0.006962063921191423
102_CT_1,THERMAL,2020-07-15 07:00:00,0.0,0.0,0.0,0.0,0.0,0.0,0.0
102_CT_2,THERMAL,2020-07-15 07:00:00,0.0,0.0,0.0,0.0,0.0,0.0,0.0
102_STEAM_3,THERMAL,2020-07-15 07:00:00,-7.996361476045215e-08,7.996361476045215e-08,4.007933949474577e-08,-2.038976348872623e-08,-1.781006964129972e-08,-2.168987922601673e-08,-2.0073902404409475e-08
102_STEAM_4,THERMAL,2020-07-15 07:00:00,-7.996361476045215e-08,7.996361476045215e-08,4.007933949474577e-08,-2.038976348872623e-08,-1.781006964129972e-08,-2.168987922601673e-08,-2.0073902404409475e-08
107_CC_1,THERMAL,2020-07-15 07:00:00,-1.7519473871834064e-07,1.7519473871834064e-07,8.77036043165862e-08,-4.4291489864622946e-08,-4.044987178541959e-08,-4.646912499239875e-08,-4.3984252075899366e-08
113_CT_1,THERMAL,2020-07-15 07:00:00,-2.780312872291413e-13,2.780312872291413e-13,2.780312872291413e-13,0.0,0.0,-2.780312872291413e-13,0.0
113_CT_2,THERMAL,2020-07-15 07:00:00,0.0,0.0,0.0,0.0,0.0,0.0,0.0
113_CT_3,THERMAL,2020-07-15 07:00:00,0.0,0.0,0.0,0.0,0.0,0.0,0.0
113_CT_4,THERMAL,2020-07-15 07:00:00,0.0,0.0,0.0,0.0,0.0,0.0,0.0
115_STEAM_1,THERMAL,2020-07-15 07:00:00,-1.3301058011301173e-11,1.636024001777277e-11,1.4721496850968608e-11,-1.9006514169185795e-13,1.529591003235798e-12,-1.4640583872845113e-11,0.0
115_STEAM_2,THERMAL,2020-07-15 07:00:00,0.0,0.0,0.0,0.0,0.0,0.0,0.0
115_STEAM_3,THERMAL,2020-07-15 07:00:00,-6.500196883425374e-08,6.500196883425374e-08,3.2623997119185295e-08,-1.6652996439630183e-08,-1.4042188004708623e-08,-1.7972576565730303e-08,-1.633420782418463e-08
116_STEAM_1,THERMAL,2020-07-15 07:00:00,-6.896286193263998e-08,6.896286193263998e-08,3.459817912254613e-08,-1.7645043870473387e-08,-1.5025111821387327e-08,-1.896859913586013e-08,-1.7324107104919133e-08
118_CC_1,THERMAL,2020-07-15 07:00:00,-6.948317145445432e-23,6.948317145445432e-23,6.948317145445432e-23,-6.948317145445432e-23,0.0,0.0,0.0
122_WIND_1,WIND,2020-07-15 07:00:00,1.0,1.0,1.0,1.0,0.0,0.0,0.0
123_CT_1,THERMAL,2020-07-15 07:00:00,-5.0745324849079464e-11,7.303209845654255e-11,6.254206926022205e-11,7.811618895831317e-13,1.506896158175126e-12,-6.188871165281101e-11,8.855328755973287e-12
123_CT_4,THERMAL,2020-07-15 07:00:00,0.0,0.0,0.0,0.0,0.0,0.0,0.0
123_CT_5,THERMAL,2020-07-15 07:00:00,0.0,0.0,0.0,0.0,0.0,0.0,0.0
123_STEAM_2,THERMAL,2020-07-15 07:00:00,-1.2986642718458258e-07,1.2986642718458258e-07,6.506202002430084e-08,-3.305530800681034e-08,-2.927368494921937e-08,-3.4954449087198486e-08,-3.2582985141354393e-08
123_STEAM_3,THERMAL,2020-07-15 07:00:00,-1.528094774266667e-07,1.528094774266667e-07,7.651339479496081e-08,-3.883302747180822e-08,-3.501783525992304e-08,-4.06657635962554e-08,-3.8292851098680066e-08
201_CT_1,THERMAL,2020-07-15 07:00:00,-1.9819357313121e-14,4.4660605588861436e-14,2.980987962848353e-14,-5.760241271230214e-15,1.2420624137870218e-14,-2.6479740179761004e-14,0.0
201_CT_2,THERMAL,2020-07-15 07:00:00,0.0,0.0,0.0,0.0,0.0,0.0,0.0
201_STEAM_3,THERMAL,2020-07-15 07:00:00,-2.9381352838088324e-07,2.9381352838088324e-07,1.4696064963599187e-07,-7.399724329019798e-08,-7.035351808071649e-08,-7.588543277000692e-08,-7.357733423996187e-08
202_CT_1,THERMAL,2020-07-15 07:00:00,-1.784619190520507e-14,4.2084189721597657e-14,2.675811018216417e-14,-7.231144067041824e-15,1.2118998908196293e-14,-2.273404674635954e-14,0.0
202_CT_2,THERMAL,2020-07-15 07:00:00,0.0,0.0,0.0,0.0,0.0,0.0,0.0
202_STEAM_3,THERMAL,2020-07-15 07:00:00,-2.975541998792697e-07,2.975541998792697e-07,1.4883081932873242e-07,-7.49303817565519e-08,-7.127671742591867e-08,-7.683711818084533e-08,-7.45099825159538e-08
202_STEAM_4,THERMAL,2020-07-15 07:00:00,-2.975541998792697e-07,2.975541998792697e-07,1.4883081932873242e-07,-7.49303817565519e-08,-7.127671742591867e-08,-7.683711818084533e-08,-7.45099825159538e-08
207_CT_1,THERMAL,2020-07-15 07:00:00,0.0,0.0,0.0,0.0,0.0,0.0,0.0
207_CT_2,THERMAL,2020-07-15 07:00:00,0.0,0.0,0.0,0.0,0.0,0.0,0.0
212_CSP_1,THERMAL,2020-07-15 07:00:00,-1.7298453053982057e-06,1.7298453053982057e-06,8.650387768430607e-07,-4.343639108395081e-07,-4.215085525061113e-07,-4.4124988463067893e-07,-4.3272295742190733e-07
213_CC_3,THERMAL,2020-07-15 07:00:00,0.0,0.0,0.0,0.0,0.0,0.0,0.0
213_CT_1,THERMAL,2020-07-15 07:00:00,0.0,0.0,0.0,0.0,0.0,0.0,0.0
213_CT_2,THERMAL,2020-07-15 07:00:00,0.0,0.0,0.0,0.0,0.0,0.0,0.0
215_CT_4,THERMAL,2020-07-15 07:00:00,0.0,0.0,0.0,0.0,0.0,0.0,0.0
215_CT_5,THERMAL,2020-07-15 07:00:00,0.0,0.0,0.0,0.0,0.0,0.0,0.0
216_STEAM_1,THERMAL,2020-07-15 07:00:00,-2.337637683668409e-07,2.337637683668409e-07,1.1694256519569094e-07,-5.8978148254063e-08,-5.550889525807179e-08,-6.074189862204094e-08,-5.853482623266517e-08
218_CC_1,THERMAL,2020-07-15 07:00:00,0.0,0.0,0.0,0.0,0.0,0.0,0.0
221_CC_1,THERMAL,2020-07-15 07:00:00,-8.411402722326735e-08,8.411402722326735e-08,4.2079149986646635e-08,-2.122646636237846e-08,-1.9967295372680383e-08,-2.1862941679273717e-08,-2.1057323808934787e-08
223_CT_4,THERMAL,2020-07-15 07:00:00,4.854588953051575e-12,5.913797229695206e-12,4.4943214235206244e-12,-5.296041383218153e-13,4.338862602537574e-12,1.0453304888358161e-12,0.0
223_CT_5,THERMAL,2020-07-15 07:00:00,0.0,0.0,0.0,0.0,0.0,0.0,0.0
223_CT_6,THERMAL,2020-07-15 07:00:00,0.0,0.0,0.0,0.0,0.0,0.0,0.0
223_STEAM_1,THERMAL,2020-07-15 07:00:00,-0.6061529418697544,0.6061529418697544,0.30310275375691287,-0.151899356167172,-0.14845062756822622,-0.15403097093540177,-0.15177198719895443
223_STEAM_2,THERMAL,2020-07-15 07:00:00,-0.6061529416139764,0.6061529416139764,0.30310275362901273,-0.15189935610307514,-0.14845062750558452,-0.15403097087040543,-0.15177198713491127
223_STEAM_3,THERMAL,2020-07-15 07:00:00,-1.6448795742620015,1.6448795742620015,0.8225111034857361,-0.4121999625732528,-0.4028415908509539,-0.4179840127525486,-0.41185400808524625
301_CT_1,THERMAL,2020-07-15 07:00:00,0.0,0.0,0.0,0.0,0.0,0.0,0.0
301_CT_2,THERMAL,2020-07-15 07:00:00,0.0,0.0,0.0,0.0,0.0,0.0,0.0
301_CT_3,THERMAL,2020-07-15 07:00:00,0.0,0.0,0.0,0.0,0.0,0.0,0.0
301_CT_4,THERMAL,2020-07-15 07:00:00,0.0,0.0,0.0,0.0,0.0,0.0,0.0
302_CT_1,THERMAL,2020-07-15 07:00:00,0.0,0.0,0.0,0.0,0.0,0.0,0.0
302_CT_2,THERMAL,2020-07-15 07:00:00,0.0,0.0,0.0,0.0,0.0,0.0,0.0
302_CT_3,THERMAL,2020-07-15 07:00:00,0.0,0.0,0.0,0.0,0.0,0.0,0.0
302_CT_4,THERMAL,2020-07-15 07:00:00,0.0,0.0,0.0,0.0,0.0,0.0,0.0
303_WIND_1,WIND,2020-07-15 07:00:00,1.0,1.0,1.0,0.0,1.0,0.0,0.0
307_CT_1,THERMAL,2020-07-15 07:00:00,3.4062380399954273e-12,3.4062380399954273e-12,3.4062380399954273e-12,3.4062380399954273e-12,0.0,0.0,0.0
307_CT_2,THERMAL,2020-07-15 07:00:00,0.0,0.0,0.0,0.0,0.0,0.0,0.0
309_WIND_1,WIND,2020-07-15 07:00:00,1.0,1.0,1.0,0.0,0.0,1.0,0.0
313_CC_1,THERMAL,2020-07-15 07:00:00,-2.0543186060163043e-08,2.0543186060163043e-08,1.082844170182369e-08,-5.602106724585487e-09,-2.46658338198813e-09,-7.232484558665804e-09,-5.24201139492362e-09
315_CT_6,THERMAL,2020-07-15 07:00:00,-3.494424063956752e-14,8.573581225441945e-14,5.4273332123398575e-14,-1.467502617625896e-14,2.5395785807425963e-14,-4.5665000270734526e-14,0.0
315_CT_7,THERMAL,2020-07-15 07:00:00,0.0,0.0,0.0,0.0,0.0,0.0,0.0
315_CT_8,THERMAL,2020-07-15 07:00:00,-3.5207508842715e-08,3.5207508842715e-08,1.7779299329673653e-08,-8.463317707109748e-09,-1.0748279515849002e-08,-7.285343987666736e-09,-8.710567632089516e-09
315_STEAM_1,THERMAL,2020-07-15 07:00:00,0.0,0.0,0.0,0.0,0.0,0.0,0.0
315_STEAM_2,THERMAL,2020-07-15 07:00:00,0.0,0.0,0.0,0.0,0.0,0.0,0.0
315_STEAM_3,THERMAL,2020-07-15 07:00:00,0.0,0.0,0.0,0.0,0.0,0.0,0.0
315_STEAM_4,THERMAL,2020-07-15 07:00:00,0.0,0.0,0.0,0.0,0.0,0.0,0.0
315_STEAM_5,THERMAL,2020-07-15 07:00:00,0.0,0.0,0.0,0.0,0.0,0.0,0.0
316_STEAM_1,THERMAL,2020-07-15 07:00:00,-1.0836267548209928,1.0836267548209928,0.54191502649447,-0.2692361208355455,-0.2791201408888807,-0.2645935580221241,-0.27067693507444246
317_WIND_1,WIND,2020-07-15 07:00:00,1.0,1.0,1.0,0.0,0.0,0.0,1.0
318_CC_1,THERMAL,2020-07-15 07:00:00,0.0,0.0,0.0,0.0,0.0,0.0,0.0
321_CC_1,THERMAL,2020-07-15 07:00:00,0.0,0.0,0.0,0.0,0.0,0.0,0.0
322_CT_5,THERMAL,2020-07-15 07:00:00,0.0,0.0,0.0,0.0,0.0,0.0,0.0
322_CT_6,THERMAL,2020-07-15 07:00:00,0.0,0.0,0.0,0.0,0.0,0.0,0.0
323_CC_1,THERMAL,2020-07-15 07:00:00,-3.397111845353718e-08,3.397111845353718e-08,1.7213038653202268e-08,-8.891432292207398e-09,-6.314163279136501e-09,-1.018589562449046e-08,-8.579627257702816e-09
323_CC_2,THERMAL,2020-07-15 07:00:00,-3.397117161637111e-08,3.397117161637111e-08,1.7213066226033853e-08,-8.891440659747289e-09,-6.314177760407965e-09,-1.0185925938512863e-08,-8.579627257702998e-09
101_CT_1,THERMAL,2020-07-15 08:00:00,1.0167214292700066e-13,1.02095415455139e-13,1.0187706035703411e-13,-2.1163626406917047e-16,1.0187684029716593e-13,6.938893903907228e-18,0.0
101_CT_2,THERMAL,2020-07-15 08:00:00,0.0,0.0,0.0,0.0,0.0,0.0,0.0
101_STEAM_3,THERMAL,2020-07-15 08:00:00,-0.05034304784097479,0.05034304784097479,0.025679795269252077,-0.01226995028315995,-0.016492168101193097,-0.009369138176171792,-0.012211791280449958
101_STEAM_4,THERMAL,2020-07-15 08:00:00,-0.05034304777018821,0.05034304777018821,0.025679795233144117,-0.012269950265907313,-0.016492168078003744,-0.009369138162997986,-0.012211791263279162
102_CT_1,THERMAL,2020-07-15 08:00:00,0.0,0.0,0.0,0.0,0.0,0.0,0.0
102_CT_2,THERMAL,2020-07-15 08:00:00,0.0,0.0,0.0,0.0,0.0,0.0,0.0
102_STEAM_3,THERMAL,2020-07-15 08:00:00,-1.6929446397980657e-07,1.6929446397980657e-07,8.476437863952546e-08,-4.2944084603490445e-08,-3.884405214500146e-08,-4.503113934166747e-08,-4.2475187889647186e-08
102_STEAM_4,THERMAL,2020-07-15 08:00:00,-1.6928908535365914e-07,1.6928908535365914e-07,8.476192216321471e-08,-4.2944253763195666e-08,-3.883850435914883e-08,-4.503113934166747e-08,-4.2475187889647186e-08
107_CC_1,THERMAL,2020-07-15 08:00:00,-4.1896732983697983e-07,4.1896732983697983e-07,2.096449699796446e-07,-1.0566619534913002e-07,-9.834803282871007e-08,-1.0981268872001237e-07,-1.0514041293912735e-07
113_CT_1,THERMAL,2020-07-15 08:00:00,0.0,0.0,0.0,0.0,0.0,0.0,0.0
113_CT_2,THERMAL,2020-07-15 08:00:00,0.0,0.0,0.0,0.0,0.0,0.0,0.0
113_CT_3,THERMAL,2020-07-15 08:00:00,0.0,0.0,0.0,0.0,0.0,0.0,0.0
113_CT_4,THERMAL,2020-07-15 08:00:00,0.0,0.0,0.0,0.0,0.0,0.0,0.0
115_STEAM_1,THERMAL,2020-07-15 08:00:00,-1.345717837336455e-11,1.6532303347276566e-11,1.502586536675572e-11,-4.78266560593693e-14,1.5375624869560084e-12,-1.494691420426119e-11,0.0
115_STEAM_2,THERMAL,2020-07-15 08:00:00,0.0,0.0,0.0,0.0,0.0,0.0,0.0
115_STEAM_3,THERMAL,2020-07-15 08:00:00,-1.3677112535821386e-07,1.3677112535821386e-07,6.853621362737765e-08,-3.4813511866183544e-08,-3.064867971987868e-08,-3.695991383796369e-08,-3.434901993418794e-08
116_STEAM_1,THERMAL,2020-07-15 08:00:00,-1.4446673068693058e-07,1.4446673068693058e-07,7.237771454711969e-08,-3.67359604915742e-08,-3.255452929451508e-08,-3.890565493720599e-08,-3.6270585963635315e-08
118_CC_1,THERMAL,2020-07-15 08:00:00,0.0,0.0,0.0,0.0,0.0,0.0,0.0
122_WIND_1,WIND,2020-07-15 08:00:00,1.0,1.0,1.0,1.0,0.0,0.0,0.0
123_CT_1,THERMAL,2020-07-15 08:00:00,-1.5288682201106278e-13,3.1431790090241347e-13,2.1533096138032617e-13,-3.753141038088136e-14,8.071553944567535e-14,-1.9607095107585677e-13,0.0
123_CT_4,THERMAL,2020-07-15 08:00:00,0.0,0.0,0.0,0.0,0.0,0.0,0.0
123_CT_5,THERMAL,2020-07-15 08:00:00,0.0,0.0,0.0,0.0,0.0,0.0,0.0
123_STEAM_2,THERMAL,2020-07-15 08:00:00,-3.306728720961657e-07,3.306728720961657e-07,1.655250304657094e-07,-8.374281898764306e-08,-7.649897842011778e-08,-8.74745935224447e-08,-8.295648116596016e-08
123_STEAM_3,THERMAL,2020-07-15 08:00:00,-3.565611201365288e-07,3.565611201365288e-07,1.78458495777746e-07,-9.025092031175186e-08,-8.291242421596563e-08,-9.397528403962025e-08,-8.942249156919107e-08
201_CT_1,THERMAL,2020-07-15 08:00:00,-1.834940822346844e-14,4.1776242343884545e-14,2.7423908682942342e-14,-6.0042343394682866e-15,1.1713417060208052e-14,-2.4058590944208205e-14,0.0
201_CT_2,THERMAL,2020-07-15 08:00:00,0.0,0.0,0.0,0.0,0.0,0.0,0.0
201_STEAM_3,THERMAL,2020-07-15 08:00:00,-6.573873661471282e-07,6.573873661471282e-07,3.288149974301092e-07,-1.6539809628853776e-07,-1.5740052704328116e-07,-1.69847110742469e-07,-1.647416320728403e-07
202_CT_1,THERMAL,2020-07-15 08:00:00,-1.330808023595736e-11,1.6349134515913044e-11,1.485938703997673e-11,-4.7296762981062637e-14,1.5205271399778415e-12,-1.478131061295414e-11,0.0
202_CT_2,THERMAL,2020-07-15 08:00:00,0.0,0.0,0.0,0.0,0.0,0.0,0.0
202_STEAM_3,THERMAL,2020-07-15 08:00:00,-6.659282716293366e-07,6.659282716293366e-07,3.3308549030170284e-07,-1.6754035420645146e-07,-1.5948963659144847e-07,-1.7201886866775075e-07,-1.6687941216368595e-07
202_STEAM_4,THERMAL,2020-07-15 08:00:00,-6.659282716293889e-07,6.659282716293889e-07,3.33085490301729e-07,-1.6754035420646454e-07,-1.5948963659146062e-07,-1.7201886866776462e-07,-1.6687941216369913e-07
207_CT_1,THERMAL,2020-07-15 08:00:00,0.0,0.0,0.0,0.0,0.0,0.0,0.0
207_CT_2,THERMAL,2020-07-15 08:00:00,0.0,0.0,0.0,0.0,0.0,0.0,0.0
212_CSP_1,THERMAL,2020-07-15 08:00:00,-1.331500488018626e-06,1.331500488018626e-06,6.658327935896953e-07,-3.3408325217365586e-07,-3.2471123834199034e-07,-3.393213141578144e-07,-3.333846833451654e-07
213_CC_3,THERMAL,2020-07-15 08:00:00,0.0,0.0,0.0,0.0,0.0,0.0,0.0
213_CT_1,THERMAL,2020-07-15 08:00:00,0.0,0.0,0.0,0.0,0.0,0.0,0.0
213_CT_2,THERMAL,2020-07-15 08:00:00,0.0,0.0,0.0,0.0,0.0,0.0,0.0
215_CT_4,THERMAL,2020-07-15 08:00:00,0.0,0.0,0.0,0.0,0.0,0.0,0.0
215_CT_5,THERMAL,2020-07-15 08:00:00,0.0,0.0,0.0,0.0,0.0,0.0,0.0
216_STEAM_1,THERMAL,2020-07-15 08:00:00,-4.0721940359535555e-07,4.0721940359535555e-07,2.036936106606436e-07,-1.0253994608966366e-07,-9.724950134071264e-08,-1.0538644623636628e-07,-1.0204350992861297e-07
218_CC_1,THERMAL,2020-07-15 08:00:00,-1.2434497875801753e-13,1.2434497875801753e-13,1.2434497875801753e-13,0.0,0.0,-1.2434497875801753e-13,0.0
221_CC_1,THERMAL,2020-07-15 08:00:00,-3.4792072779607756e-07,3.4792072779607756e-07,1.740423899584929e-07,-8.766948009014357e-08,-8.281366614681929e-08,-9.024600846827196e-08,-8.719157309084271e-08
223_CT_4,THERMAL,2020-07-15 08:00:00,-2.5567048478336574e-13,6.128292318052786e-13,4.0640268966775715e-13,-7.750744490664374e-14,1.7857937351095643e-13,-3.5674241338767843e-13,0.0
223_CT_5,THERMAL,2020-07-15 08:00:00,0.0,0.0,0.0,0.0,0.0,0.0,0.0
223_CT_6,THERMAL,2020-07-15 08:00:00,0.0,0.0,0.0,0.0,0.0,0.0,0.0
223_STEAM_1,THERMAL,2020-07-15 08:00:00,-0.44016110022983673,0.44016110022983673,0.22011205996020727,-0.1104553347981511,-0.1071470557770031,-0.11234160980976668,-0.11021709984491584
223_STEAM_2,THERMAL,2020-07-15 08:00:00,-0.44016110510480083,0.44016110510480083,0.22011206239803827,-0.11045533602148852,-0.10714705696370287,-0.11234161105399426,-0.11021710106561516
223_STEAM_3,THERMAL,2020-07-15 08:00:00,-0.9407739994621542,0.9407739994621542,0.4704543495867897,-0.23608069868511192,-0.2290095642663506,-0.2401122908623063,-0.23557144564838545
301_CT_1,THERMAL,2020-07-15 08:00:00,2.3862021299864145e-13,2.3862021299864145e-13,2.3862021299864145e-13,0.0,0.0,2.3862021299864145e-13,0.0
301_CT_2,THERMAL,2020-07-15 08:00:00,0.0,0.0,0.0,0.0,0.0,0.0,0.0
301_CT_3,THERMAL,2020-07-15 08:00:00,0.0,0.0,0.0,0.0,0.0,0.0,0.0
301_CT_4,THERMAL,2020-07-15 08:00:00,0.0,0.0,0.0,0.0,0.0,0.0,0.0
302_CT_1,THERMAL,2020-07-15 08:00:00,0.0,0.0,0.0,0.0,0.0,0.0,0.0
302_CT_2,THERMAL,2020-07-15 08:00:00,0.0,0.0,0.0,0.0,0.0,0.0,0.0
302_CT_3,THERMAL,2020-07-15 08:00:00,0.0,0.0,0.0,0.0,0.0,0.0,0.0
302_CT_4,THERMAL,2020-07-15 08:00:00,0.0,0.0,0.0,0.0,0.0,0.0,0.0
303_WIND_1,WIND,2020-07-15 08:00:00,1.0,1.0,1.0,0.0,1.0,0.0,0.0
307_CT_1,THERMAL,2020-07-15 08:00:00,0.0,0.0,0.0,0.0,0.0,0.0,0.0
307_CT_2,THERMAL,2020-07-15 08:00:00,0.0,0.0,0.0,0.0,0.0,0.0,0.0
309_WIND_1,WIND,2020-07-15 08:00:00,1.0,1.0,1.0,0.0,0.0,1.0,0.0
313_CC_1,THERMAL,2020-07-15 08:00:00,-4.266963716186577e-08,4.266963716186577e-08,2.1829458521940223e-08,-1.1308334268989029e-08,-7.057109563390895e-09,-1.3474430460291842e-08,-1.0829762869194005e-08
315_CT_6,THERMAL,2020-07-15 08:00:00,-1.3978386760725205e-13,1.3978386760725205e-13,1.0024350688364894e-13,-2.269208412534763e-14,-2.1949531874882703e-14,-9.514225160702172e-14,0.0
315_CT_7,THERMAL,2020-07-15 08:00:00,0.0,0.0,0.0,0.0,0.0,0.0,0.0
315_CT_8,THERMAL,2020-07-15 08:00:00,-8.137777307461376e-08,8.137777307461376e-08,4.084237666392056e-08,-1.9848843948497483e-08,-2.3109261481767713e-08,-1.8197478083823685e-08,-2.0222189560524878e-08
315_STEAM_1,THERMAL,2020-07-15 08:00:00,0.0,0.0,0.0,0.0,0.0,0.0,0.0
315_STEAM_2,THERMAL,2020-07-15 08:00:00,0.0,0.0,0.0,0.0,0.0,0.0,0.0
315_STEAM_3,THERMAL,2020-07-15 08:00:00,0.0,0.0,0.0,0.0,0.0,0.0,0.0
315_STEAM_4,THERMAL,2020-07-15 08:00:00,0.0,0.0,0.0,0.0,0.0,0.0,0.0
315_STEAM_5,THERMAL,2020-07-15 08:00:00,0.0,0.0,0.0,0.0,0.0,0.0,0.0
316_STEAM_1,THERMAL,2020-07-15 08:00:00,-2.0782116177442798,2.0782116177442798,1.039119283082479,-0.518467196705551,-0.5237105448483086,-0.516464629854708,-0.5195692463357122
317_WIND_1,WIND,2020-07-15 08:00:00,1.0,1.0,1.0,0.0,0.0,0.0,1.0
318_CC_1,THERMAL,2020-07-15 08:00:00,0.0,0.0,0.0,0.0,0.0,0.0,0.0
321_CC_1,THERMAL,2020-07-15 08:00:00,0.0,0.0,0.0,0.0,0.0,0.0,0.0
322_CT_5,THERMAL,2020-07-15 08:00:00,0.0,0.0,0.0,0.0,0.0,0.0,0.0
322_CT_6,THERMAL,2020-07-15 08:00:00,0.0,0.0,0.0,0.0,0.0,0.0,0.0
323_CC_1,THERMAL,2020-07-15 08:00:00,-7.793824211563085e-08,7.793824211563085e-08,3.9223383715634956e-08,-2.0113664505979564e-08,-1.5993155068928086e-08,-2.218049688377451e-08,-1.9650925656948683e-08
323_CC_2,THERMAL,2020-07-15 08:00:00,-7.79678670031752e-08,7.79678670031752e-08,3.9239548774695805e-08,-2.0115198401574666e-08,-1.5996397271477594e-08,-2.2205345673174263e-08,-1.9650925656948686e-08
101_CT_1,THERMAL,2020-07-15 09:00:00,-3.972100426352654e-13,8.32993396482351e-13,6.360004939031944e-13,-1.7857243461705252e-14,2.1789167692354283e-13,-5.97244476097103e-13,0.0
101_CT_2,THERMAL,2020-07-15 09:00:00,0.0,0.0,0.0,0.0,0.0,0.0,0.0
101_STEAM_3,THERMAL,2020-07-15 09:00:00,-0.06543982698802796,0.06543982698802796,0.03271999632868204,-0.016422308854864266,-0.016342378923599684,-0.01634809480558616,-0.01632704440397785
101_STEAM_4,THERMAL,2020-07-15 09:00:00,-0.06543982710553665,0.06543982710553665,0.032719996387436535,-0.016422308884352223,-0.016342378952945637,-0.016348094834942255,-0.016327044433296547
102_CT_1,THERMAL,2020-07-15 09:00:00,0.0,0.0,0.0,0.0,0.0,0.0,0.0
102_CT_2,THERMAL,2020-07-15 09:00:00,0.0,0.0,0.0,0.0,0.0,0.0,0.0
102_STEAM_3,THERMAL,2020-07-15 09:00:00,-0.15068908958341015,0.15068908958341015,0.07534454493029197,-0.03766840215943551,-0.03767336251340292,-0.037673009800954116,-0.03767431510961761
102_STEAM_4,THERMAL,2020-07-15 09:00:00,-0.150689083602682,0.150689083602682,0.07534454194023528,-0.037668396178692685,-0.03767336251339693,-0.037673009800974766,-0.03767431510961761
107_CC_1,THERMAL,2020-07-15 09:00:00,-1.341651564362722,1.341651564362722,0.670825784232728,-0.33536846212265875,-0.3354254212079566,-0.33542134004093566,-0.3354363409911711
113_CT_1,THERMAL,2020-07-15 09:00:00,0.0,0.0,0.0,0.0,0.0,0.0,0.0
113_CT_2,THERMAL,2020-07-15 09:00:00,0.0,0.0,0.0,0.0,0.0,0.0,0.0
113_CT_3,THERMAL,2020-07-15 09:00:00,0.0,0.0,0.0,0.0,0.0,0.0,0.0
113_CT_4,THERMAL,2020-07-15 09:00:00,0.0,0.0,0.0,0.0,0.0,0.0,0.0
115_STEAM_1,THERMAL,2020-07-15 09:00:00,-6.682154829462661e-15,1.7590096046404824e-14,1.0960541379223714e-14,-3.174543961037557e-15,5.4539706084710815e-15,-8.961581476896185e-15,0.0
115_STEAM_2,THERMAL,2020-07-15 09:00:00,0.0,0.0,0.0,0.0,0.0,0.0,0.0
115_STEAM_3,THERMAL,2020-07-15 09:00:00,-0.0711362311757042,0.0711362311757042,0.03556811568993341,-0.01778177563599925,-0.01778469972096873,-0.017784493080742956,-0.017785262737993256
116_STEAM_1,THERMAL,2020-07-15 09:00:00,-0.07122781120381066,0.07122781120381066,0.03561390570525374,-0.017804655040005946,-0.017807599532554175,-0.01780739078220428,-0.01780816584904627
118_CC_1,THERMAL,2020-07-15 09:00:00,-0.06577292625393405,0.06577292625393405,0.032886463222065385,-0.01644111322202766,-0.01644382693831168,-0.01644363713816066,-0.016444348955434056
122_WIND_1,WIND,2020-07-15 09:00:00,1.0,1.0,1.0,1.0,0.0,0.0,0.0
123_CT_1,THERMAL,2020-07-15 09:00:00,-8.502920589847918e-14,3.9994396683340483e-13,2.711658923987499e-13,4.456157665089222e-14,1.128958038165706e-13,-2.42486586365942e-13,0.0
123_CT_4,THERMAL,2020-07-15 09:00:00,0.0,0.0,0.0,0.0,0.0,0.0,0.0
123_CT_5,THERMAL,2020-07-15 09:00:00,0.0,0.0,0.0,0.0,0.0,0.0,0.0
123_STEAM_2,THERMAL,2020-07-15 09:00:00,-0.12330160947636974,0.12330160947636974,0.06165080492103129,-0.030821381910216543,-0.030826537229222805,-0.0308261632884399,-0.030827527048490497
123_STEAM_3,THERMAL,2020-07-15 09:00:00,-0.199592924017374,0.199592924017374,0.09979646230406657,-0.049891730501606744,-0.0499000664269241,-0.04989945700126473,-0.0499016700875784
201_CT_1,THERMAL,2020-07-15 09:00:00,-5.613565168260948e-15,3.2210345501937354e-14,2.1523355572534966e-14,3.7192471324942744e-15,9.579143034343929e-15,-1.891195533509915e-14,0.0
201_CT_2,THERMAL,2020-07-15 09:00:00,0.0,0.0,0.0,0.0,0.0,0.0,0.0
201_STEAM_3,THERMAL,2020-07-15 09:00:00,-0.07174739721618094,0.07174739721618094,0.03587369871550503,-0.017934498057815225,-0.01793751216715123,-0.017937297484280152,-0.017938089506934332
202_CT_1,THERMAL,2020-07-15 09:00:00,-4.844435345929821e-09,4.844475813559068e-09,4.844412888430066e-09,-4.844412888199701e-09,2.0233814623793478e-14,-4.269154474378922e-14,0.0
202_CT_2,THERMAL,2020-07-15 09:00:00,0.0,0.0,0.0,0.0,0.0,0.0,0.0
202_STEAM_3,THERMAL,2020-07-15 09:00:00,-0.07146843714686046,0.07146843714686046,0.035734218680485055,-0.01786476620402881,-0.017867768594268217,-0.017867558256618225,-0.01786834409194521
202_STEAM_4,THERMAL,2020-07-15 09:00:00,-0.07146843617902016,0.07146843617902016,0.0357342181965649,-0.017864765962100237,-0.017867768352299265,-0.01786755801465215,-0.017868343849968514
207_CT_1,THERMAL,2020-07-15 09:00:00,0.0,0.0,0.0,0.0,0.0,0.0,0.0
207_CT_2,THERMAL,2020-07-15 09:00:00,0.0,0.0,0.0,0.0,0.0,0.0,0.0
212_CSP_1,THERMAL,2020-07-15 09:00:00,-0.18090066285720932,0.18090066285720932,0.09045033170185257,-0.04521920604829055,-0.04522683852791376,-0.045226327750780726,-0.045228290530224285
213_CC_3,THERMAL,2020-07-15 09:00:00,0.0,0.0,0.0,0.0,0.0,0.0,0.0
213_CT_1,THERMAL,2020-07-15 09:00:00,0.0,0.0,0.0,0.0,0.0,0.0,0.0
213_CT_2,THERMAL,2020-07-15 09:00:00,0.0,0.0,0.0,0.0,0.0,0.0,0.0
215_CT_4,THERMAL,2020-07-15 09:00:00,0.0,0.0,0.0,0.0,0.0,0.0,0.0
215_CT_5,THERMAL,2020-07-15 09:00:00,0.0,0.0,0.0,0.0,0.0,0.0,0.0
216_STEAM_1,THERMAL,2020-07-15 09:00:00,-0.08806611575629666,0.08806611575629666,0.04403305800965626,-0.02201364681520802,-0.022017342479707363,-0.022017076718723046,-0.022018049742658242
218_CC_1,THERMAL,2020-07-15 09:00:00,-1.0480505352461478e-13,1.0480505352461478e-13,1.0480505352461478e-13,0.0,0.0,-1.0480505352461478e-13,0.0
221_CC_1,THERMAL,2020-07-15 09:00:00,-0.12480984646141172,0.12480984646141172,0.062404923417503894,-0.031198371971633332,-0.03120361687319484,-0.031203239926039572,-0.031204617690543973
223_CT_4,THERMAL,2020-07-15 09:00:00,-1.2753686995381486e-13,7.687739334016896e-13,5.126338475708276e-13,8.767292447586783e-14,2.3294560724806956e-13,-4.4815540167775225e-13,0.0
223_CT_5,THERMAL,2020-07-15 09:00:00,0.0,0.0,0.0,0.0,0.0,0.0,0.0
223_CT_6,THERMAL,2020-07-15 09:00:00,0.0,0.0,0.0,0.0,0.0,0.0,0.0
223_STEAM_1,THERMAL,2020-07-15 09:00:00,-0.1320635180086291,0.1320635180086291,0.06603175920100754,-0.03301156410852619,-0.033017102424739334,-0.03301669221186855,-0.03301815926349501
223_STEAM_2,THERMAL,2020-07-15 09:00:00,-0.1320635196099197,0.1320635196099197,0.06603176000165285,-0.03301156450879676,-0.03301710282507669,-0.03301669261220108,-0.03301815966384516
223_STEAM_3,THERMAL,2020-07-15 09:00:00,-0.22131372066087013,0.22131372066087013,0.1106568606607152,-0.05532119224901344,-0.05533048972029543,-0.05532978269446367,-0.055332255997097596
301_CT_1,THERMAL,2020-07-15 09:00:00,0.0,0.0,0.0,0.0,0.0,0.0,0.0
301_CT_2,THERMAL,2020-07-15 09:00:00,0.0,0.0,0.0,0.0,0.0,0.0,0.0
301_CT_3,THERMAL,2020-07-15 09:00:00,0.0,0.0,0.0,0.0,0.0,0.0,0.0
301_CT_4,THERMAL,2020-07-15 09:00:00,0.0,0.0,0.0,0.0,0.0,0.0,0.0
302_CT_1,THERMAL,2020-07-15 09:00:00,0.0,0.0,0.0,0.0,0.0,0.0,0.0
302_CT_2,THERMAL,2020-07-15 09:00:00,0.0,0.0,0.0,0.0,0.0,0.0,0.0
302_CT_3,THERMAL,2020-07-15 09:00:00,0.0,0.0,0.0,0.0,0.0,0.0,0.0
302_CT_4,THERMAL,2020-07-15 09:00:00,0.0,0.0,0.0,0.0,0.0,0.0,0.0
303_WIND_1,WIND,2020-07-15 09:00:00,1.0,1.0,1.0,0.0,1.0,0.0,0.0
307_CT_1,THERMAL,2020-07-15 09:00:00,0.0,0.0,0.0,0.0,0.0,0.0,0.0
307_CT_2,THERMAL,2020-07-15 09:00:00,0.0,0.0,0.0,0.0,0.0,0.0,0.0
309_WIND_1,WIND,2020-07-15 09:00:00,1.0,1.0,1.0,0.0,0.0,1.0,0.0
313_CC_1,THERMAL,2020-07-15 09:00:00,-0.10671028057661566,0.10671028057661566,0.053355140443953016,-0.02667411875356517,-0.026678518265354115,-0.026678245267045205,-0.026679398290651173
315_CT_6,THERMAL,2020-07-15 09:00:00,0.0,3.469446951953614e-18,2.4532694666933987e-18,-1.734723475976807e-18,1.734723475976807e-18,0.0,0.0
315_CT_7,THERMAL,2020-07-15 09:00:00,0.0,0.0,0.0,0.0,0.0,0.0,0.0
315_CT_8,THERMAL,2020-07-15 09:00:00,-0.044205595954195695,0.044205595954195695,0.022102798042150203,-0.011049962632589174,-0.011051806788823055,-0.011051671093744445,-0.011052155439039025
315_STEAM_1,THERMAL,2020-07-15 09:00:00,0.0,0.0,0.0,0.0,0.0,0.0,0.0
315_STEAM_2,THERMAL,2020-07-15 09:00:00,0.0,0.0,0.0,0.0,0.0,0.0,0.0
315_STEAM_3,THERMAL,2020-07-15 09:00:00,0.0,0.0,0.0,0.0,0.0,0.0,0.0
315_STEAM_4,THERMAL,2020-07-15 09:00:00,0.0,0.0,0.0,0.0,0.0,0.0,0.0
315_STEAM_5,THERMAL,2020-07-15 09:00:00,0.0,0.0,0.0,0.0,0.0,0.0,0.0
316_STEAM_1,THERMAL,2020-07-15 09:00:00,-0.08216222666444167,0.08216222666444167,0.04108111345285204,-0.020537890448985956,-0.020541310867877416,-0.020541062177776917,-0.020541963169801385
317_WIND_1,WIND,2020-07-15 09:00:00,1.0,1.0,1.0,0.0,0.0,0.0,1.0
318_CC_1,THERMAL,2020-07-15 09:00:00,-0.07548115602067541,0.07548115602067541,0.037740578121563936,-0.018867834748180323,-0.018870983561050412,-0.018870755681847953,-0.018871582029596722
321_CC_1,THERMAL,2020-07-15 09:00:00,-0.07629332651429892,0.07629332651429892,0.03814666336955537,-0.01907085110449097,-0.019074034522808092,-0.019073802845076537,-0.019074638041923313
322_CT_5,THERMAL,2020-07-15 09:00:00,0.0,0.0,0.0,0.0,0.0,0.0,0.0
322_CT_6,THERMAL,2020-07-15 09:00:00,0.0,0.0,0.0,0.0,0.0,0.0,0.0
323_CC_1,THERMAL,2020-07-15 09:00:00,-0.10815243228862055,0.10815243228862055,0.0540762163018179,-0.027034613868854432,-0.027039085387981734,-0.027038773697206003,-0.02703995933457838
323_CC_2,THERMAL,2020-07-15 09:00:00,-0.10815242946789422,0.10815242946789422,0.05407621489145473,-0.02703461316376389,-0.027039084682774557,-0.02703877299200709,-0.027039958629348684
101_CT_1,THERMAL,2020-07-15 10:00:00,-1.4190038033490282e-13,2.915445662665661e-13,2.1913509655572559e-13,-1.1053657988924215e-14,7.482209296583164e-14,-2.0566881531181025e-13,0.0
101_CT_2,THERMAL,2020-07-15 10:00:00,0.0,0.0,0.0,0.0,0.0,0.0,0.0
101_STEAM_3,THERMAL,2020-07-15 10:00:00,-0.09824415744819254,0.09824415744819254,0.04912226453477545,-0.024675462283366312,-0.024528779180310805,-0.0245392733489856,-0.02450064263552981
101_STEAM_4,THERMAL,2020-07-15 10:00:00,-0.09824415744819254,0.09824415744819254,0.04912226453477545,-0.024675462283366312,-0.024528779180310805,-0.0245392733489856,-0.02450064263552981
102_CT_1,THERMAL,2020-07-15 10:00:00,-0.00015205890041131268,0.00015205890041131268,7.602945426327992e-05,-3.8004037855966094e-05,-3.80044146855215e-05,-3.803460542989995e-05,-3.801584243992512e-05
102_CT_2,THERMAL,2020-07-15 10:00:00,0.0,0.0,0.0,0.0,0.0,0.0,0.0
102_STEAM_3,THERMAL,2020-07-15 10:00:00,-0.059637190915324295,0.059637190915324295,0.029818595733196174,-0.014905864747360983,-0.014910265601786732,-0.014909950819712135,-0.014911109746464443
102_STEAM_4,THERMAL,2020-07-15 10:00:00,-0.059637192301894605,0.059637192301894605,0.02981859642648134,-0.014905865093923581,-0.01491026594845185,-0.014909951166369931,-0.014911110093149244
107_CC_1,THERMAL,2020-07-15 10:00:00,-1.810344925928003,1.810344925928003,0.9051724722266272,-0.45247656555443494,-0.4526171505261898,-0.4526070926470034,-0.4526441172003749
113_CT_1,THERMAL,2020-07-15 10:00:00,0.0,0.0,0.0,0.0,0.0,0.0,0.0
113_CT_2,THERMAL,2020-07-15 10:00:00,0.0,0.0,0.0,0.0,0.0,0.0,0.0
113_CT_3,THERMAL,2020-07-15 10:00:00,0.0,0.0,0.0,0.0,0.0,0.0,0.0
113_CT_4,THERMAL,2020-07-15 10:00:00,0.0,0.0,0.0,0.0,0.0,0.0,0.0
115_STEAM_1,THERMAL,2020-07-15 10:00:00,1.5105972028806036e-14,1.5105972028806036e-14,9.464638567006869e-15,2.3522850334245504e-15,5.2111093218343285e-15,7.542577673547157e-15,0.0
115_STEAM_2,THERMAL,2020-07-15 10:00:00,0.0,0.0,0.0,0.0,0.0,0.0,0.0
115_STEAM_3,THERMAL,2020-07-15 10:00:00,-0.07178332186991372,0.07178332186991372,0.035891661292363694,-0.01794154083250534,-0.017947039673017133,-0.01794664674139356,-0.01794809462299769
116_STEAM_1,THERMAL,2020-07-15 10:00:00,-0.07216009158582296,0.07216009158582296,0.03608004615293188,-0.018035706322316214,-0.018041239692092592,-0.018040844298283787,-0.018042301273130366
118_CC_1,THERMAL,2020-07-15 10:00:00,-0.08653768664989658,0.08653768664989658,0.04326884375623248,-0.0216292478978522,-0.021635880366651872,-0.021635405739591107,-0.02163715264580141
122_WIND_1,WIND,2020-07-15 10:00:00,1.0,1.0,1.0,1.0,0.0,0.0,0.0
123_CT_1,THERMAL,2020-07-15 10:00:00,-2.371065680600859e-09,2.3713379558587544e-09,2.3709060112610954e-09,-2.3709059888965545e-09,1.3613762894770787e-13,-2.958293332522288e-13,0.0
123_CT_4,THERMAL,2020-07-15 10:00:00,0.0,0.0,0.0,0.0,0.0,0.0,0.0
123_CT_5,THERMAL,2020-07-15 10:00:00,0.0,0.0,0.0,0.0,0.0,0.0,0.0
123_STEAM_2,THERMAL,2020-07-15 10:00:00,-0.07491673953691345,0.07491673953691345,0.037458370143765816,-0.018724694265331816,-0.01873045107766647,-0.018730038951340268,-0.0187315552425749
123_STEAM_3,THERMAL,2020-07-15 10:00:00,-0.08891580516282635,0.08891580516282635,0.04445790302665905,-0.022223622705839226,-0.02223045375684793,-0.02222996474400819,-0.02223176395613101
201_CT_1,THERMAL,2020-07-15 10:00:00,1.0408340855860843e-17,1.0408340855860843e-17,7.757919228897728e-18,6.938893903907228e-18,0.0,3.469446951953614e-18,0.0
201_CT_2,THERMAL,2020-07-15 10:00:00,0.0,0.0,0.0,0.0,0.0,0.0,0.0
201_STEAM_3,THERMAL,2020-07-15 10:00:00,-0.07900543112540326,0.07900543112540326,0.03950271596005401,-0.01974661271917919,-0.019752695500823123,-0.019752260548504885,-0.019753862356896072
202_CT_1,THERMAL,2020-07-15 10:00:00,4.7704895589362195e-17,4.7704895589362195e-17,3.0505989045742946e-17,2.168404344971009e-17,2.0816681711721685e-17,5.204170427930421e-18,0.0
202_CT_2,THERMAL,2020-07-15 10:00:00,-0.03028216845231215,0.03028216845231215,0.015141084378610656,-0.007568722468596506,-0.007571055168746189,-0.007570888213769214,-0.007571502601200241
202_STEAM_3,THERMAL,2020-07-15 10:00:00,-0.07862774479529819,0.07862774479529819,0.03931387279308688,-0.019652213919086354,-0.019658267568685626,-0.01965783454171926,-0.01965942876580694
202_STEAM_4,THERMAL,2020-07-15 10:00:00,-0.07862774461099577,0.07862774461099577,0.03931387270093567,-0.01965221387302201,-0.01965826752260686,-0.019657834495641506,-0.01965942871972539
207_CT_1,THERMAL,2020-07-15 10:00:00,0.0,0.0,0.0,0.0,0.0,0.0,0.0
207_CT_2,THERMAL,2020-07-15 10:00:00,0.0,0.0,0.0,0.0,0.0,0.0,0.0
212_CSP_1,THERMAL,2020-07-15 10:00:00,-0.12825183107736413,0.12825183107736413,0.0641259161828984,-0.03205525991484385,-0.03206512723925818,-0.032064422568640616,-0.03206702135462147
213_CC_3,THERMAL,2020-07-15 10:00:00,0.0,0.0,0.0,0.0,0.0,0.0,0.0
213_CT_1,THERMAL,2020-07-15 10:00:00,0.0,0.0,0.0,0.0,0.0,0.0,0.0
213_CT_2,THERMAL,2020-07-15 10:00:00,0.0,0.0,0.0,0.0,0.0,0.0,0.0
215_CT_4,THERMAL,2020-07-15 10:00:00,0.0,0.0,0.0,0.0,0.0,0.0,0.0
215_CT_5,THERMAL,2020-07-15 10:00:00,0.0,0.0,0.0,0.0,0.0,0.0,0.0
216_STEAM_1,THERMAL,2020-07-15 10:00:00,-0.08636319720387822,0.08636319720387822,0.04318159903540521,-0.021585617644059196,-0.021592259983543638,-0.021591785279291287,-0.021593534296984095
218_CC_1,THERMAL,2020-07-15 10:00:00,-1.7763568394002505e-13,1.7763568394002505e-13,1.7763568394002505e-13,0.0,0.0,-1.7763568394002505e-13,0.0
221_CC_1,THERMAL,2020-07-15 10:00:00,-0.10066909335996994,0.10066909335996994,0.05033454718501929,-0.02516123480957999,-0.025168975870502486,-0.025168421918479567,-0.025170460761407897
223_CT_4,THERMAL,2020-07-15 10:00:00,-8.90078000886918e-10,8.90078000886918e-10,8.891754642171651e-10,-2.330011183993008e-13,-8.891751814010806e-10,-6.698183674380687e-13,0.0
223_CT_5,THERMAL,2020-07-15 10:00:00,0.0,0.0,0.0,0.0,0.0,0.0,0.0
223_CT_6,THERMAL,2020-07-15 10:00:00,0.0,0.0,0.0,0.0,0.0,0.0,0.0
223_STEAM_1,THERMAL,2020-07-15 10:00:00,-0.08947784431395882,0.08947784431395882,0.044738922605911884,-0.022364093594572265,-0.022370974505633946,-0.022370481936993113,-0.022372294276759505
223_STEAM_2,THERMAL,2020-07-15 10:00:00,-0.08947784792274999,0.08947784792274999,0.04473892441030748,-0.02236409449655256,-0.022370975407893057,-0.022370482839232278,-0.022372295179072098
223_STEAM_3,THERMAL,2020-07-15 10:00:00,-0.1078943721599552,0.1078943721599552,0.05394718662106226,-0.026967122287119588,-0.02697541754597918,-0.02697482375331767,-0.026977008573538762
301_CT_1,THERMAL,2020-07-15 10:00:00,0.0,0.0,0.0,0.0,0.0,0.0,0.0
301_CT_2,THERMAL,2020-07-15 10:00:00,0.0,0.0,0.0,0.0,0.0,0.0,0.0
301_CT_3,THERMAL,2020-07-15 10:00:00,0.0,0.0,0.0,0.0,0.0,0.0,0.0
301_CT_4,THERMAL,2020-07-15 10:00:00,0.0,0.0,0.0,0.0,0.0,0.0,0.0
302_CT_1,THERMAL,2020-07-15 10:00:00,0.0,0.0,0.0,0.0,0.0,0.0,0.0
302_CT_2,THERMAL,2020-07-15 10:00:00,0.0,0.0,0.0,0.0,0.0,0.0,0.0
302_CT_3,THERMAL,2020-07-15 10:00:00,0.0,0.0,0.0,0.0,0.0,0.0,0.0
302_CT_4,THERMAL,2020-07-15 10:00:00,0.0,0.0,0.0,0.0,0.0,0.0,0.0
303_WIND_1,WIND,2020-07-15 10:00:00,1.0,1.0,1.0,0.0,1.0,0.0,0.0
307_CT_1,THERMAL,2020-07-15 10:00:00,0.0,0.0,0.0,0.0,0.0,0.0,0.0
307_CT_2,THERMAL,2020-07-15 10:00:00,0.0,0.0,0.0,0.0,0.0,0.0,0.0
309_WIND_1,WIND,2020-07-15 10:00:00,1.0,1.0,1.0,0.0,0.0,1.0,0.0
313_CC_1,THERMAL,2020-07-15 10:00:00,-0.09340791858963529,0.09340791858963529,0.04670395976153671,-0.023346387974928717,-0.02335355620232704,-0.023353043186823186,-0.023354931225556354
315_CT_6,THERMAL,2020-07-15 10:00:00,-1.957843609456944e-13,1.957843609456944e-13,1.4926673789470075e-13,-2.1994558951909937e-14,-2.90358015408998e-14,-1.4475400045288467e-13,0.0
315_CT_7,THERMAL,2020-07-15 10:00:00,0.0,0.0,0.0,0.0,0.0,0.0,0.0
315_CT_8,THERMAL,2020-07-15 10:00:00,-0.05204114700286773,0.05204114700286773,0.026020573761965458,-0.013007168370378507,-0.0130111659105514,-0.013010880009891054,-0.013011932712046766
315_STEAM_1,THERMAL,2020-07-15 10:00:00,0.0,0.0,0.0,0.0,0.0,0.0,0.0
315_STEAM_2,THERMAL,2020-07-15 10:00:00,0.0,0.0,0.0,0.0,0.0,0.0,0.0
315_STEAM_3,THERMAL,2020-07-15 10:00:00,0.0,0.0,0.0,0.0,0.0,0.0,0.0
315_STEAM_4,THERMAL,2020-07-15 10:00:00,0.0,0.0,0.0,0.0,0.0,0.0,0.0
315_STEAM_5,THERMAL,2020-07-15 10:00:00,0.0,0.0,0.0,0.0,0.0,0.0,0.0
316_STEAM_1,THERMAL,2020-07-15 10:00:00,-0.08050239341209539,0.08050239341209539,0.04025119710869738,-0.020120776710262526,-0.020126957538173267,-0.02012651584540418,-0.020128143318255427
317_WIND_1,WIND,2020-07-15 10:00:00,1.0,1.0,1.0,0.0,0.0,0.0,1.0
318_CC_1,THERMAL,2020-07-15 10:00:00,-0.09829163116629712,0.09829163116629712,0.04914581607488852,-0.02456702004774325,-0.024574567783862022,-0.024574027715686952,-0.024576015619004896
321_CC_1,THERMAL,2020-07-15 10:00:00,-0.09805200944869143,0.09805200944869143,0.04902600521482614,-0.024507129335411104,-0.024514658205187168,-0.024514119487186292,-0.024516102420906866
322_CT_5,THERMAL,2020-07-15 10:00:00,0.0,0.0,0.0,0.0,0.0,0.0,0.0
322_CT_6,THERMAL,2020-07-15 10:00:00,0.0,0.0,0.0,0.0,0.0,0.0,0.0
323_CC_1,THERMAL,2020-07-15 10:00:00,-0.09422715302937701,0.09422715302937701,0.04711357698512082,-0.023551149896846854,-0.023558378048261584,-0.023557860308976816,-0.02355976477529175
323_CC_2,THERMAL,2020-07-15 10:00:00,-0.09422716018712016,0.09422716018712016,0.047113580564273935,-0.0235511499220082,-0.0235583804260204,-0.02355786268607525,-0.023559767153016303
101_CT_1,THERMAL,2020-07-15 11:00:00,-1.532940441251185e-13,1.9350840374521283e-13,1.5114264916076662e-13,2.010717981004717e-14,-2.5849114515530403e-14,-1.4755210941963526e-13,0.0
101_CT_2,THERMAL,2020-07-15 11:00:00,0.0,0.0,0.0,0.0,0.0,0.0,0.0
101_STEAM_3,THERMAL,2020-07-15 11:00:00,-0.061406791786746844,0.061406791786746844,0.030703432466064624,-0.015391831903645818,-0.015340384913087606,-0.015344061366063005,-0.015330513603950413
101_STEAM_4,THERMAL,2020-07-15 11:00:00,-0.06140679183719157,0.06140679183719157,0.030703432491287024,-0.01539183191629672,-0.01534038492568757,-0.015344061378666642,-0.015330513616540632
102_CT_1,THERMAL,2020-07-15 11:00:00,-7.275798432487823e-09,7.275948312596148e-09,7.275834440633112e-09,-7.275834440143014e-09,-3.893239897134748e-14,7.494005416219807e-14,0.0
102_CT_2,THERMAL,2020-07-15 11:00:00,0.0,0.0,0.0,0.0,0.0,0.0,0.0
102_STEAM_3,THERMAL,2020-07-15 11:00:00,-0.050913139366749245,0.050913139366749245,0.02545656972897526,-0.012726994424396983,-0.012728648355412446,-0.012728530603879637,-0.012728965983060177
102_STEAM_4,THERMAL,2020-07-15 11:00:00,-0.050913138784606696,0.050913138784606696,0.025456569437903986,-0.01272699427887711,-0.012728648209872365,-0.012728530458341004,-0.012728965837516214
107_CC_1,THERMAL,2020-07-15 11:00:00,-1.2259258131443527,1.2259258131443527,0.6129629072993199,-0.306456168024388,-0.3064885815293251,-0.3064862639456524,-0.3064947996449871
113_CT_1,THERMAL,2020-07-15 11:00:00,0.0,0.0,0.0,0.0,0.0,0.0,0.0
113_CT_2,THERMAL,2020-07-15 11:00:00,0.0,0.0,0.0,0.0,0.0,0.0,0.0
113_CT_3,THERMAL,2020-07-15 11:00:00,0.0,0.0,0.0,0.0,0.0,0.0,0.0
113_CT_4,THERMAL,2020-07-15 11:00:00,0.0,0.0,0.0,0.0,0.0,0.0,0.0
115_STEAM_1,THERMAL,2020-07-15 11:00:00,-5.011963066792191e-14,2.3765711620882257e-13,1.630990118449985e-13,1.948788352912345e-14,7.428085924132688e-14,-1.4388837343837224e-13,0.0
115_STEAM_2,THERMAL,2020-07-15 11:00:00,0.0,0.0,0.0,0.0,0.0,0.0,0.0
115_STEAM_3,THERMAL,2020-07-15 11:00:00,-0.08200842608666026,0.08200842608666026,0.04100421309086896,-0.02050043432359303,-0.02050257715516291,-0.020502425378496444,-0.020502989229407874
116_STEAM_1,THERMAL,2020-07-15 11:00:00,-0.08214190114964545,0.08214190114964545,0.04107095062272823,-0.02053379526261412,-0.020535947885728767,-0.0205357959126804,-0.02053636208862217
118_CC_1,THERMAL,2020-07-15 11:00:00,-0.0997723720641283,0.0997723720641283,0.04988618609010304,-0.024941055141693536,-0.024943666514344542,-0.024943481222234,-0.02494416918585622
122_WIND_1,WIND,2020-07-15 11:00:00,1.0,1.0,1.0,1.0,0.0,0.0,0.0
123_CT_1,THERMAL,2020-07-15 11:00:00,4.128038189055161e-12,6.0779922761433625e-12,3.88327404311982e-12,1.806908789259154e-12,3.2961064433401077e-12,-9.749770435441008e-13,0.0
123_CT_4,THERMAL,2020-07-15 11:00:00,0.0,0.0,0.0,0.0,0.0,0.0,0.0
123_CT_5,THERMAL,2020-07-15 11:00:00,0.0,0.0,0.0,0.0,0.0,0.0,0.0
123_STEAM_2,THERMAL,2020-07-15 11:00:00,-0.15617696357552707,0.15617696357552707,0.0780884818800849,-0.039041025148649385,-0.039045147333368536,-0.03904485269653155,-0.03904593839697759
123_STEAM_3,THERMAL,2020-07-15 11:00:00,-0.2089703278481289,0.2089703278481289,0.10448516404782779,-0.05223827509780189,-0.05224379603462108,-0.05224340133335832,-0.05224485538234764
201_CT_1,THERMAL,2020-07-15 11:00:00,-3.271341530997063e-14,6.663072871226916e-14,4.15624095837757e-14,-1.4682699500667695e-14,1.6958656701149266e-14,-3.49893725104522e-14,0.0
201_CT_2,THERMAL,2020-07-15 11:00:00,0.0,0.0,0.0,0.0,0.0,0.0,0.0
201_STEAM_3,THERMAL,2020-07-15 11:00:00,-0.07869747529325925,0.07869747529325925,0.039348737693130624,-0.019672748676524826,-0.01967482528162709,-0.019674677541295354,-0.01967522379381198
202_CT_1,THERMAL,2020-07-15 11:00:00,8.236293591590282e-13,9.373647691379716e-13,7.91931659611894e-13,7.839666416042945e-13,-5.686770498947169e-14,9.653042254420541e-14,0.0
202_CT_2,THERMAL,2020-07-15 11:00:00,0.0,0.0,0.0,0.0,0.0,0.0,0.0
202_STEAM_3,THERMAL,2020-07-15 11:00:00,-0.0784057750782087,0.0784057750782087,0.03920288758543505,-0.019599829637093235,-0.01960189880276959,-0.019601750958656503,-0.019602295679689373
202_STEAM_4,THERMAL,2020-07-15 11:00:00,-0.07840577492789248,0.07840577492789248,0.039202887510276944,-0.01959982959951731,-0.01960189876518966,-0.019601750921076837,-0.019602295642108674
207_CT_1,THERMAL,2020-07-15 11:00:00,-1.5654144647214707e-13,1.5654144647214707e-13,1.5654144647214707e-13,0.0,0.0,-1.5654144647214707e-13,0.0
207_CT_2,THERMAL,2020-07-15 11:00:00,0.0,0.0,0.0,0.0,0.0,0.0,0.0
212_CSP_1,THERMAL,2020-07-15 11:00:00,-0.12877673353307717,0.12877673353307717,0.0643883668427707,-0.032191529982906086,-0.03219493202232204,-0.03219468750529231,-0.03219558402255672
213_CC_3,THERMAL,2020-07-15 11:00:00,-0.09408330141768814,0.09408330141768814,0.047041650764458064,-0.02351888806827601,-0.023521371147562586,-0.023521194563084435,-0.023521847638765105
213_CT_1,THERMAL,2020-07-15 11:00:00,0.0,0.0,0.0,0.0,0.0,0.0,0.0
213_CT_2,THERMAL,2020-07-15 11:00:00,0.0,0.0,0.0,0.0,0.0,0.0,0.0
215_CT_4,THERMAL,2020-07-15 11:00:00,0.0,0.0,0.0,0.0,0.0,0.0,0.0
215_CT_5,THERMAL,2020-07-15 11:00:00,0.0,0.0,0.0,0.0,0.0,0.0,0.0
216_STEAM_1,THERMAL,2020-07-15 11:00:00,-0.09252220851336984,0.09252220851336984,0.04626110431141423,-0.02312864633990863,-0.023131088963393776,-0.023130915327147505,-0.02313155788291993
218_CC_1,THERMAL,2020-07-15 11:00:00,-0.0868701884147737,0.0868701884147737,0.04343509425877966,-0.02171575760245359,-0.021718051000811887,-0.021717888337873817,-0.02171849147363442
221_CC_1,THERMAL,2020-07-15 11:00:00,-0.11114719354373687,0.11114719354373687,0.055573596837676695,-0.027784508017466177,-0.027787444331926665,-0.02778723374635378,-0.02778800744799025
223_CT_4,THERMAL,2020-07-15 11:00:00,-2.3463869736062293e-13,1.2089426681960447e-12,8.142278540627983e-13,1.3557904798844334e-13,3.5157293742926754e-13,-7.217906827783338e-13,0.0
223_CT_5,THERMAL,2020-07-15 11:00:00,0.0,0.0,0.0,0.0,0.0,0.0,0.0
223_CT_6,THERMAL,2020-07-15 11:00:00,0.0,0.0,0.0,0.0,0.0,0.0,0.0
223_STEAM_1,THERMAL,2020-07-15 11:00:00,-0.15238588366011901,0.15238588366011901,0.07619294192013404,-0.038093333356024994,-0.038097356720825135,-0.03809706671512204,-0.038098126868146835
223_STEAM_2,THERMAL,2020-07-15 11:00:00,-0.15238588474858125,0.15238588474858125,0.07619294246436516,-0.038093333628118196,-0.03809735699294702,-0.03809706698724184,-0.0380981271402742
223_STEAM_3,THERMAL,2020-07-15 11:00:00,-0.20393578806573026,0.20393578806573026,0.10196789415358783,-0.050979744979222336,-0.05098513371105749,-0.050984744698085484,-0.05098616467736495
301_CT_1,THERMAL,2020-07-15 11:00:00,1.163509392998474e-13,1.163509392998474e-13,1.163509392998474e-13,0.0,1.163509392998474e-13,0.0,0.0
301_CT_2,THERMAL,2020-07-15 11:00:00,0.0,0.0,0.0,0.0,0.0,0.0,0.0
301_CT_3,THERMAL,2020-07-15 11:00:00,0.0,0.0,0.0,0.0,0.0,0.0,0.0
301_CT_4,THERMAL,2020-07-15 11:00:00,0.0,0.0,0.0,0.0,0.0,0.0,0.0
302_CT_1,THERMAL,2020-07-15 11:00:00,0.0,0.0,0.0,0.0,0.0,0.0,0.0
302_CT_2,THERMAL,2020-07-15 11:00:00,0.0,0.0,0.0,0.0,0.0,0.0,0.0
302_CT_3,THERMAL,2020-07-15 11:00:00,0.0,0.0,0.0,0.0,0.0,0.0,0.0
302_CT_4,THERMAL,2020-07-15 11:00:00,0.0,0.0,0.0,0.0,0.0,0.0,0.0
303_WIND_1,WIND,2020-07-15 11:00:00,1.0,1.0,1.0,0.0,1.0,0.0,0.0
307_CT_1,THERMAL,2020-07-15 11:00:00,0.0,0.0,0.0,0.0,0.0,0.0,0.0
307_CT_2,THERMAL,2020-07-15 11:00:00,0.0,0.0,0.0,0.0,0.0,0.0,0.0
309_WIND_1,WIND,2020-07-15 11:00:00,1.0,1.0,1.0,0.0,0.0,1.0,0.0
313_CC_1,THERMAL,2020-07-15 11:00:00,-0.10299593606565549,0.10299593606565549,0.05149796809306075,-0.0257468746161722,-0.025749572890052086,-0.025749389728621192,-0.02575009883081001
315_CT_6,THERMAL,2020-07-15 11:00:00,-2.223290995750915e-13,2.223290995750915e-13,1.6307042162305443e-13,-3.19674842153006e-14,-3.414282745417552e-14,-1.5621878790561539e-13,0.0
315_CT_7,THERMAL,2020-07-15 11:00:00,0.0,0.0,0.0,0.0,0.0,0.0,0.0
315_CT_8,THERMAL,2020-07-15 11:00:00,-0.05712163752259586,0.05712163752259586,0.028560818794779834,-0.01427923812913403,-0.014280740111206443,-0.014280632042112041,-0.014281027240143341
315_STEAM_1,THERMAL,2020-07-15 11:00:00,0.0,0.0,0.0,0.0,0.0,0.0,0.0
315_STEAM_2,THERMAL,2020-07-15 11:00:00,0.0,0.0,0.0,0.0,0.0,0.0,0.0
315_STEAM_3,THERMAL,2020-07-15 11:00:00,0.0,0.0,0.0,0.0,0.0,0.0,0.0
315_STEAM_4,THERMAL,2020-07-15 11:00:00,0.0,0.0,0.0,0.0,0.0,0.0,0.0
315_STEAM_5,THERMAL,2020-07-15 11:00:00,0.0,0.0,0.0,0.0,0.0,0.0,0.0
316_STEAM_1,THERMAL,2020-07-15 11:00:00,-0.08904741497919996,0.08904741497919996,0.04452370754182446,-0.022260027372840385,-0.022262368940347166,-0.022262201272846838,-0.022262817393165574
317_WIND_1,WIND,2020-07-15 11:00:00,1.0,1.0,1.0,0.0,0.0,0.0,1.0
318_CC_1,THERMAL,2020-07-15 11:00:00,-0.11125556866052005,0.11125556866052005,0.05562778439565513,-0.02781160791932724,-0.027814539131475146,-0.02781432422773883,-0.027815097381978834
321_CC_1,THERMAL,2020-07-15 11:00:00,-0.10989663749553125,0.10989663749553125,0.05494831881234213,-0.0274719033788821,-0.027474798777207706,-0.02747458576244277,-0.027475349576998667
322_CT_5,THERMAL,2020-07-15 11:00:00,0.0,0.0,0.0,0.0,0.0,0.0,0.0
322_CT_6,THERMAL,2020-07-15 11:00:00,0.0,0.0,0.0,0.0,0.0,0.0,0.0
323_CC_1,THERMAL,2020-07-15 11:00:00,-0.09621546691385591,0.09621546691385591,0.04810773351317113,-0.024051896659192377,-0.02405441985149661,-0.0240542431798233,-0.024054907223343622
323_CC_2,THERMAL,2020-07-15 11:00:00,-0.09621546631517466,0.09621546631517466,0.04810773321383044,-0.024051896510407185,-0.024054419700336796,-0.024054243031305576,-0.024054907073125097
101_CT_1,THERMAL,2020-07-15 12:00:00,-3.3358732443034e-14,4.147723831060546e-14,3.708645630260983e-14,-5.585809592645319e-16,4.0592529337857286e-15,-3.68594044175552e-14,0.0
101_CT_2,THERMAL,2020-07-15 12:00:00,0.0,0.0,0.0,0.0,0.0,0.0,0.0
101_STEAM_3,THERMAL,2020-07-15 12:00:00,-0.06089523972620177,0.06089523972620177,0.030447654317941407,-0.015262601852762354,-0.015212877218718442,-0.015216427534917264,-0.015203333119803706
101_STEAM_4,THERMAL,2020-07-15 12:00:00,-0.06089523972620177,0.06089523972620177,0.030447654317941407,-0.015262601852762354,-0.015212877218718442,-0.015216427534917264,-0.015203333119803706
102_CT_1,THERMAL,2020-07-15 12:00:00,-8.285906683003219e-14,1.0305124809040223e-13,9.216161023051795e-14,-1.35828848168984e-15,1.0096090630185017e-14,-9.159686897852737e-14,0.0
102_CT_2,THERMAL,2020-07-15 12:00:00,0.0,0.0,0.0,0.0,0.0,0.0,0.0
102_STEAM_3,THERMAL,2020-07-15 12:00:00,-0.044039647457793596,0.044039647457793596,0.022019823766731155,-0.011008818700181333,-0.01101022014967187,-0.011010119714711929,-0.01101048889322846
102_STEAM_4,THERMAL,2020-07-15 12:00:00,-0.0440396481059246,0.0440396481059246,0.022019824090796662,-0.011008818862197399,-0.011010220311709326,-0.011010119876747855,-0.011010489055270025
107_CC_1,THERMAL,2020-07-15 12:00:00,-1.4759320997393846,1.4759320997393846,0.7379660506757152,-0.3689538149615727,-0.36899125771711416,-0.3689885833858032,-0.3689984436748945
113_CT_1,THERMAL,2020-07-15 12:00:00,-1.092459456231154e-13,1.092459456231154e-13,1.092459456231154e-13,0.0,0.0,-1.092459456231154e-13,0.0
113_CT_2,THERMAL,2020-07-15 12:00:00,0.0,0.0,0.0,0.0,0.0,0.0,0.0
113_CT_3,THERMAL,2020-07-15 12:00:00,0.0,0.0,0.0,0.0,0.0,0.0,0.0
113_CT_4,THERMAL,2020-07-15 12:00:00,0.0,0.0,0.0,0.0,0.0,0.0,0.0
115_STEAM_1,THERMAL,2020-07-15 12:00:00,-1.351176115438335e-13,1.874299326853901e-13,1.257848835509459e-13,2.6156160570778297e-14,-4.797898189856653e-14,-1.1329479021604527e-13,0.0
115_STEAM_2,THERMAL,2020-07-15 12:00:00,0.0,0.0,0.0,0.0,0.0,0.0,0.0
115_STEAM_3,THERMAL,2020-07-15 12:00:00,-0.07195472802393171,0.07195472802393171,0.035977364051278084,-0.017987257790740268,-0.017989082668513828,-0.017988953001192024,-0.017989434563485597
116_STEAM_1,THERMAL,2020-07-15 12:00:00,-0.07207966928177723,0.07207966928177723,0.036039834680527225,-0.018018485914812546,-0.018020319769333826,-0.018020190060247465,-0.01802067353738339
118_CC_1,THERMAL,2020-07-15 12:00:00,-0.08829133065164366,0.08829133065164366,0.044145665374360626,-0.02207107962096133,-0.02207332410548446,-0.02207316760254585,-0.02207375932265202
122_WIND_1,WIND,2020-07-15 12:00:00,1.0,1.0,1.0,1.0,0.0,0.0,0.0
123_CT_1,THERMAL,2020-07-15 12:00:00,-1.29583689055411e-17,1.29583689055411e-17,1.2072529361146025e-17,-9.210236585111034e-19,0.0,-1.2037345247029997e-17,0.0
123_CT_4,THERMAL,2020-07-15 12:00:00,1.3604554414913847e-10,2.5245701834606827e-10,1.5244211124653832e-10,6.245449523750014e-12,-5.820573709846489e-11,1.2670297266068244e-10,6.130285906317092e-11
123_CT_5,THERMAL,2020-07-15 12:00:00,0.0,0.0,0.0,0.0,0.0,0.0,0.0
123_STEAM_2,THERMAL,2020-07-15 12:00:00,-0.1393879413244014,0.1393879413244014,0.06969397074009871,-0.03484419473765174,-0.03484777126978852,-0.03484751669601686,-0.03484845862094428
123_STEAM_3,THERMAL,2020-07-15 12:00:00,-0.18695880464688125,0.18695880464688125,0.09347940242874735,-0.04673594343786694,-0.04674075975709125,-0.04674041658849677,-0.04674168486342628
201_CT_1,THERMAL,2020-07-15 12:00:00,-2.6270652320192767e-14,1.0753203882885032e-13,7.479431727327904e-14,8.212180935274205e-15,3.241851231905457e-14,-6.690134557452154e-14,0.0
201_CT_2,THERMAL,2020-07-15 12:00:00,0.0,0.0,0.0,0.0,0.0,0.0,0.0
201_STEAM_3,THERMAL,2020-07-15 12:00:00,-0.07220003468762067,0.07220003468762067,0.03610001738369982,-0.018048571324764697,-0.018050413229208584,-0.01805028313559991,-0.018050766998047477
202_CT_1,THERMAL,2020-07-15 12:00:00,-1.7099169302703388e-13,9.058344352386172e-13,6.115667794834954e-13,-5.232966837631636e-14,3.6742137110579165e-13,-4.860833957565092e-13,0.0
202_CT_2,THERMAL,2020-07-15 12:00:00,0.0,0.0,0.0,0.0,0.0,0.0,0.0
202_STEAM_3,THERMAL,2020-07-15 12:00:00,-0.07192007133500075,0.07192007133500075,0.035960035707236056,-0.017978586149044386,-0.017980421776236707,-0.01798029007000835,-0.017980773339711317
202_STEAM_4,THERMAL,2020-07-15 12:00:00,-0.07192007133344117,0.07192007133344117,0.035960035706456256,-0.0179785861486545,-0.017980421775846803,-0.017980290069618446,-0.017980773339321413
207_CT_1,THERMAL,2020-07-15 12:00:00,0.0,0.0,0.0,0.0,0.0,0.0,0.0
207_CT_2,THERMAL,2020-07-15 12:00:00,0.0,0.0,0.0,0.0,0.0,0.0,0.0
212_CSP_1,THERMAL,2020-07-15 12:00:00,-0.08032821990182458,0.08032821990182458,0.040164109995391176,-0.020080454098202135,-0.020082506573352234,-0.02008235967131892,-0.020082899558951293
213_CC_3,THERMAL,2020-07-15 12:00:00,-0.11265655234501068,0.11265655234501068,0.05632827623525483,-0.028161886397894242,-0.028164774345960486,-0.028164565400117247,-0.02816532620103871
213_CT_1,THERMAL,2020-07-15 12:00:00,0.0,0.0,0.0,0.0,0.0,0.0,0.0
213_CT_2,THERMAL,2020-07-15 12:00:00,0.0,0.0,0.0,0.0,0.0,0.0,0.0
215_CT_4,THERMAL,2020-07-15 12:00:00,-1.458846877935155e-13,1.458846877935155e-13,1.458846877935155e-13,0.0,0.0,-1.458846877935155e-13,0.0
215_CT_5,THERMAL,2020-07-15 12:00:00,0.0,0.0,0.0,0.0,0.0,0.0,0.0
216_STEAM_1,THERMAL,2020-07-15 12:00:00,-0.08327660359621798,0.08327660359621798,0.041638301844451046,-0.0208174871609752,-0.02081962023697681,-0.020819467376085754,-0.020820028822180214
218_CC_1,THERMAL,2020-07-15 12:00:00,-0.10200606932495465,0.10200606932495465,0.05100303471946901,-0.02549947537624586,-0.02550209269178616,-0.025501906079256287,-0.02550259517766634
221_CC_1,THERMAL,2020-07-15 12:00:00,-0.10097189139996647,0.10097189139996647,0.05048594575639079,-0.025240951698552755,-0.025243542369571187,-0.025243357671514755,-0.025244039660327774
223_CT_4,THERMAL,2020-07-15 12:00:00,-2.0938112355040062e-13,1.0825992879937019e-12,7.41817323709357e-13,8.105321969154033e-14,3.555558625301103e-13,-6.459902057720512e-13,0.0
223_CT_5,THERMAL,2020-07-15 12:00:00,0.0,0.0,0.0,0.0,0.0,0.0,0.0
223_CT_6,THERMAL,2020-07-15 12:00:00,0.0,0.0,0.0,0.0,0.0,0.0,0.0
223_STEAM_1,THERMAL,2020-07-15 12:00:00,-0.13793980688836227,0.13793980688836227,0.06896990352098403,-0.034482195136516625,-0.03448573050840802,-0.03448547529343555,-0.03448640595000207
223_STEAM_2,THERMAL,2020-07-15 12:00:00,-0.13793980821856264,0.13793980821856264,0.06896990418608422,-0.034482195469040224,-0.03448573084096561,-0.034485475625990664,-0.03448640628256613
223_STEAM_3,THERMAL,2020-07-15 12:00:00,-0.18619506332857438,0.18619506332857438,0.09309753176855376,-0.046545034249066274,-0.0465498202046031,-0.04654947444592651,-0.04655073442897851
301_CT_1,THERMAL,2020-07-15 12:00:00,0.0,0.0,0.0,0.0,0.0,0.0,0.0
301_CT_2,THERMAL,2020-07-15 12:00:00,0.0,0.0,0.0,0.0,0.0,0.0,0.0
301_CT_3,THERMAL,2020-07-15 12:00:00,0.0,0.0,0.0,0.0,0.0,0.0,0.0
301_CT_4,THERMAL,2020-07-15 12:00:00,0.0,0.0,0.0,0.0,0.0,0.0,0.0
302_CT_1,THERMAL,2020-07-15 12:00:00,1.7796220346169092e-13,2.1066954860371094e-13,1.5611363715298633e-13,4.6046807822446176e-14,-1.6353672571010008e-14,1.4826906821025476e-13,0.0
302_CT_2,THERMAL,2020-07-15 12:00:00,0.0,0.0,0.0,0.0,0.0,0.0,0.0
302_CT_3,THERMAL,2020-07-15 12:00:00,0.0,0.0,0.0,0.0,0.0,0.0,0.0
302_CT_4,THERMAL,2020-07-15 12:00:00,-2.814029931338649e-12,3.500328743766251e-12,3.130338231092566e-12,-4.6046807822446176e-14,3.4314940621380097e-13,-3.111132529730004e-12,0.0
303_WIND_1,WIND,2020-07-15 12:00:00,1.0,1.0,1.0,0.0,1.0,0.0,0.0
307_CT_1,THERMAL,2020-07-15 12:00:00,0.0,0.0,0.0,0.0,0.0,0.0,0.0
307_CT_2,THERMAL,2020-07-15 12:00:00,0.0,0.0,0.0,0.0,0.0,0.0,0.0
309_WIND_1,WIND,2020-07-15 12:00:00,1.0,1.0,1.0,0.0,0.0,1.0,0.0
313_CC_1,THERMAL,2020-07-15 12:00:00,-0.09150597427869382,0.09150597427869382,0.04575298718961358,-0.022874678105007568,-0.02287699441199642,-0.02287684361131781,-0.022877458150372027
315_CT_6,THERMAL,2020-07-15 12:00:00,-3.4508854107606624e-14,1.9844369203436685e-13,1.3575062396652174e-13,1.3577680646470469e-14,6.838973831690964e-14,-1.1647627307098674e-13,0.0
315_CT_7,THERMAL,2020-07-15 12:00:00,0.0,0.0,0.0,0.0,0.0,0.0,0.0
315_CT_8,THERMAL,2020-07-15 12:00:00,-0.051507660447848394,0.051507660447848394,0.025753830252292883,-0.012875891022776817,-0.012877205601004915,-0.012877110189162752,-0.012877453634903908
315_STEAM_1,THERMAL,2020-07-15 12:00:00,0.0,0.0,0.0,0.0,0.0,0.0,0.0
315_STEAM_2,THERMAL,2020-07-15 12:00:00,0.0,0.0,0.0,0.0,0.0,0.0,0.0
315_STEAM_3,THERMAL,2020-07-15 12:00:00,0.0,0.0,0.0,0.0,0.0,0.0,0.0
315_STEAM_4,THERMAL,2020-07-15 12:00:00,0.0,0.0,0.0,0.0,0.0,0.0,0.0
315_STEAM_5,THERMAL,2020-07-15 12:00:00,0.0,0.0,0.0,0.0,0.0,0.0,0.0
316_STEAM_1,THERMAL,2020-07-15 12:00:00,-0.07965613636348302,0.07965613636348302,0.03982806822576919,-0.01991244796037222,-0.01991448341077369,-0.019914334907706915,-0.0199148700846302
317_WIND_1,WIND,2020-07-15 12:00:00,1.0,1.0,1.0,0.0,0.0,0.0,1.0
318_CC_1,THERMAL,2020-07-15 12:00:00,-0.10061260586225482,0.10061260586225482,0.05030630298703888,-0.025151142554717936,-0.025153723049670916,-0.025153531002748638,-0.025154209255117334
321_CC_1,THERMAL,2020-07-15 12:00:00,-0.09982930655236283,0.09982930655236283,0.049914653331666954,-0.02495533315404703,-0.024957894849796162,-0.024957702718712834,-0.024958375829806805
322_CT_5,THERMAL,2020-07-15 12:00:00,0.0,0.0,0.0,0.0,0.0,0.0,0.0
322_CT_6,THERMAL,2020-07-15 12:00:00,0.0,0.0,0.0,0.0,0.0,0.0,0.0
323_CC_1,THERMAL,2020-07-15 12:00:00,-0.08752988735017384,0.08752988735017384,0.04376494372326316,-0.02188073303889099,-0.021882956873915935,-0.021882805274103842,-0.021883392163263075
323_CC_2,THERMAL,2020-07-15 12:00:00,-0.08752988811488821,0.08752988811488821,0.04376494410562034,-0.021880733230041746,-0.021882957065099698,-0.021882805465323688,-0.021883392354423076
101_CT_1,THERMAL,2020-07-15 13:00:00,-1.945874017472704e-13,3.026537354067216e-13,2.113879972689481e-13,5.403316682972559e-14,-5.062443519943116e-14,-1.9799613337756483e-13,0.0
101_CT_2,THERMAL,2020-07-15 13:00:00,0.0,0.0,0.0,0.0,0.0,0.0,0.0
101_STEAM_3,THERMAL,2020-07-15 13:00:00,-0.05993905872317616,0.05993905872317616,0.029969565087455532,-0.015023954246354306,-0.014973716769657745,-0.014977309040542362,-0.014964078666621753
101_STEAM_4,THERMAL,2020-07-15 13:00:00,-0.059939058728577105,0.059939058728577105,0.029969565090156004,-0.015023954247708188,-0.014973716771006946,-0.014977309041891906,-0.014964078667970067
102_CT_1,THERMAL,2020-07-15 13:00:00,-1.0693876340006625e-13,3.0018695862388256e-13,1.897250469865229e-13,-4.7281623061223854e-14,9.662409761190816e-14,-1.5628123795075055e-13,0.0
102_CT_2,THERMAL,2020-07-15 13:00:00,0.0,0.0,0.0,0.0,0.0,0.0,0.0
102_STEAM_3,THERMAL,2020-07-15 13:00:00,-0.07331496101051788,0.07331496101051788,0.03665748057141545,-0.018326875088136633,-0.018329265759059243,-0.018329095498762795,-0.018329724664559205
102_STEAM_4,THERMAL,2020-07-15 13:00:00,-0.0733149608007104,0.0733149608007104,0.03665748046651172,-0.018326875035690398,-0.018329265706605792,-0.018329095446309854,-0.018329724612104362
107_CC_1,THERMAL,2020-07-15 13:00:00,-0.8616196211325764,0.8616196211325764,0.43080981104532756,-0.2153876997070494,-0.2154097558449024,-0.21540817876412177,-0.21541398681650287
113_CT_1,THERMAL,2020-07-15 13:00:00,-4.551914400963142e-14,2.915445662665661e-13,2.0865069684874014e-13,0.0,1.2301271112846734e-13,-1.6853185513809876e-13,0.0
113_CT_2,THERMAL,2020-07-15 13:00:00,0.0,0.0,0.0,0.0,0.0,0.0,0.0
113_CT_3,THERMAL,2020-07-15 13:00:00,0.0,0.0,0.0,0.0,0.0,0.0,0.0
113_CT_4,THERMAL,2020-07-15 13:00:00,0.0,0.0,0.0,0.0,0.0,0.0,0.0
115_STEAM_1,THERMAL,2020-07-15 13:00:00,-5.1784965204859645e-14,6.193448531810475e-13,4.108539950454194e-13,5.2638449155040234e-14,2.311414948330537e-13,-3.3556490919295356e-13,0.0
115_STEAM_2,THERMAL,2020-07-15 13:00:00,0.0,0.0,0.0,0.0,0.0,0.0,0.0
115_STEAM_3,THERMAL,2020-07-15 13:00:00,-0.09861272799648704,0.09861272799648704,0.049306364052437,-0.02465122429104398,-0.02465373398238152,-0.024653554082960154,-0.024654215640101392
116_STEAM_1,THERMAL,2020-07-15 13:00:00,-0.09878664320635486,0.09878664320635486,0.04939332165784755,-0.02469469277043009,-0.024697215800890862,-0.0246970347684925,-0.024697699866541408
118_CC_1,THERMAL,2020-07-15 13:00:00,-0.11246111222530747,0.11246111222530747,0.05623055617469015,-0.028113041197352896,-0.028115908345369256,-0.028115703619072008,-0.028116459063513316
122_WIND_1,WIND,2020-07-15 13:00:00,1.0,1.0,1.0,1.0,0.0,0.0,0.0
123_CT_1,THERMAL,2020-07-15 13:00:00,-1.2224044519670851e-09,1.2318636007091488e-09,1.2271391497896472e-09,1.5311467371770249e-12,3.1984276338548057e-12,-1.227134026338117e-09,0.0
123_CT_4,THERMAL,2020-07-15 13:00:00,0.0,0.0,0.0,0.0,0.0,0.0,0.0
123_CT_5,THERMAL,2020-07-15 13:00:00,0.0,0.0,0.0,0.0,0.0,0.0,0.0
123_STEAM_2,THERMAL,2020-07-15 13:00:00,-0.10115191484154401,0.10115191484154401,0.05057595747748618,-0.025285950253244375,-0.02528854987244819,-0.02528836528409412,-0.025289049431757325
123_STEAM_3,THERMAL,2020-07-15 13:00:00,-0.11683692052925662,0.11683692052925662,0.05841846033014604,-0.029206886932958344,-0.02920988938901438,-0.029209677227081943,-0.02921046698020196
201_CT_1,THERMAL,2020-07-15 13:00:00,-1.5653450757824316e-13,2.7181035200385395e-13,1.7576127002180408e-13,5.763792221280539e-14,-5.89459037136919e-14,-1.5522652607735665e-13,0.0
201_CT_2,THERMAL,2020-07-15 13:00:00,0.0,0.0,0.0,0.0,0.0,0.0,0.0
201_STEAM_3,THERMAL,2020-07-15 13:00:00,-0.10826165996656573,0.10826165996656573,0.054130830043919845,-0.027063245062559072,-0.027066026901806102,-0.02706582799361022,-0.02706656000859032
202_CT_1,THERMAL,2020-07-15 13:00:00,1.095824819774549e-12,2.0478826967540442e-12,1.6423543429020638e-12,1.5718537582642966e-12,-4.760289384897476e-13,0.0,0.0
202_CT_2,THERMAL,2020-07-15 13:00:00,0.0,0.0,0.0,0.0,0.0,0.0,0.0
202_STEAM_3,THERMAL,2020-07-15 13:00:00,-0.10793052383945476,0.10793052383945476,0.053965261980177134,-0.026980467741571264,-0.02698324053381401,-0.026983042833207845,-0.02698377273086163
202_STEAM_4,THERMAL,2020-07-15 13:00:00,-0.10793052397632787,0.10793052397632787,0.05396526204861369,-0.02698046777578677,-0.02698324056803306,-0.026983042867426654,-0.026983772765081373
207_CT_1,THERMAL,2020-07-15 13:00:00,-2.0794477251229182e-13,6.311617894994015e-13,3.9008221170816193e-13,-1.113553693699032e-13,2.1160850849355484e-13,-3.0819791163594346e-13,0.0
207_CT_2,THERMAL,2020-07-15 13:00:00,0.0,0.0,0.0,0.0,0.0,0.0,0.0
212_CSP_1,THERMAL,2020-07-15 13:00:00,-0.1622104807148543,0.1622104807148543,0.08110524044820393,-0.040549371023216096,-0.04055354274703049,-0.04055323106995701,-0.0405543358746507
213_CC_3,THERMAL,2020-07-15 13:00:00,-0.13469997883846485,0.13469997883846485,0.06734998949463634,-0.03367229571062025,-0.03367575617233509,-0.033675507701960816,-0.03367641925354869
213_CT_1,THERMAL,2020-07-15 13:00:00,0.0,0.0,0.0,0.0,0.0,0.0,0.0
213_CT_2,THERMAL,2020-07-15 13:00:00,0.0,0.0,0.0,0.0,0.0,0.0,0.0
215_CT_4,THERMAL,2020-07-15 13:00:00,0.0,0.0,0.0,0.0,0.0,0.0,0.0
215_CT_5,THERMAL,2020-07-15 13:00:00,0.0,0.0,0.0,0.0,0.0,0.0,0.0
216_STEAM_1,THERMAL,2020-07-15 13:00:00,-0.11119812470448416,0.11119812470448416,0.05559906241463012,-0.027797300620000076,-0.02780016049976202,-0.027799954942760736,-0.027800708641961325
218_CC_1,THERMAL,2020-07-15 13:00:00,-0.12507758975869793,0.12507758975869793,0.06253879494953363,-0.03126688827597618,-0.03127010526311125,-0.03126987431884487,-0.03127072190076564
221_CC_1,THERMAL,2020-07-15 13:00:00,-0.12524895944633746,0.12524895944633746,0.06262447979346214,-0.031309727031212375,-0.03131294869375978,-0.03131271747123776,-0.03131356625012753
223_CT_4,THERMAL,2020-07-15 13:00:00,-9.180708970824014e-10,9.241588050379335e-10,9.211174240753832e-10,1.2903914048401077e-12,1.7535625729259152e-12,-9.211148510601674e-10,0.0
223_CT_5,THERMAL,2020-07-15 13:00:00,0.0,0.0,0.0,0.0,0.0,0.0,0.0
223_CT_6,THERMAL,2020-07-15 13:00:00,0.0,0.0,0.0,0.0,0.0,0.0,0.0
223_STEAM_1,THERMAL,2020-07-15 13:00:00,-0.18180642058622692,0.18180642058622692,0.09090321039477663,-0.04544796415509781,-0.04545263136269372,-0.04545229830635293,-0.04545352676208247
223_STEAM_2,THERMAL,2020-07-15 13:00:00,-0.18180641997691463,0.18180641997691463,0.09090321009012048,-0.04544796400278167,-0.04545263121036229,-0.04545229815402259,-0.045453526609748086
223_STEAM_3,THERMAL,2020-07-15 13:00:00,-0.2137577717832165,0.2137577717832165,0.10687888601112064,-0.053435162299108274,-0.05344064972470112,-0.0534402580352721,-0.05344170172413501
301_CT_1,THERMAL,2020-07-15 13:00:00,-4.6851411639181606e-14,3.0664359940146824e-13,2.193460186856285e-13,0.0,1.2989609388114332e-13,-1.7674750552032492e-13,0.0
301_CT_2,THERMAL,2020-07-15 13:00:00,0.0,0.0,0.0,0.0,0.0,0.0,0.0
301_CT_3,THERMAL,2020-07-15 13:00:00,0.0,0.0,0.0,0.0,0.0,0.0,0.0
301_CT_4,THERMAL,2020-07-15 13:00:00,0.0,0.0,0.0,0.0,0.0,0.0,0.0
302_CT_1,THERMAL,2020-07-15 13:00:00,-8.928122130491545e-12,8.928122130491545e-12,6.395461339063475e-12,0.0,-2.908034923976288e-12,-5.6862847763738955e-12,-3.3380243014136113e-13
302_CT_2,THERMAL,2020-07-15 13:00:00,0.0,0.0,0.0,0.0,0.0,0.0,0.0
302_CT_3,THERMAL,2020-07-15 13:00:00,0.0,0.0,0.0,0.0,0.0,0.0,0.0
302_CT_4,THERMAL,2020-07-15 13:00:00,0.0,0.0,0.0,0.0,0.0,0.0,0.0
303_WIND_1,WIND,2020-07-15 13:00:00,1.0,1.0,1.0,0.0,1.0,0.0,0.0
307_CT_1,THERMAL,2020-07-15 13:00:00,0.0,0.0,0.0,0.0,0.0,0.0,0.0
307_CT_2,THERMAL,2020-07-15 13:00:00,0.0,0.0,0.0,0.0,0.0,0.0,0.0
309_WIND_1,WIND,2020-07-15 13:00:00,1.0,1.0,1.0,0.0,0.0,1.0,0.0
313_CC_1,THERMAL,2020-07-15 13:00:00,-0.11723890432683626,0.11723890432683626,0.05861945222840521,-0.029307388551353064,-0.029310380832888006,-0.029310173520874585,-0.029310961421720603
315_CT_6,THERMAL,2020-07-15 13:00:00,-1.8130982826214392e-13,2.7050930939687134e-13,1.8481061574808373e-13,4.459974056736371e-14,-5.5299514967188657e-14,-1.7061005386231898e-13,0.0
315_CT_7,THERMAL,2020-07-15 13:00:00,0.0,0.0,0.0,0.0,0.0,0.0,0.0
315_CT_8,THERMAL,2020-07-15 13:00:00,-0.07879643285598223,0.07879643285598223,0.03939821647181982,-0.019697534243298762,-0.019699551153651396,-0.01969940882328367,-0.019699938635748402
315_STEAM_1,THERMAL,2020-07-15 13:00:00,0.0,0.0,0.0,0.0,0.0,0.0,0.0
315_STEAM_2,THERMAL,2020-07-15 13:00:00,0.0,0.0,0.0,0.0,0.0,0.0,0.0
315_STEAM_3,THERMAL,2020-07-15 13:00:00,0.0,0.0,0.0,0.0,0.0,0.0,0.0
315_STEAM_4,THERMAL,2020-07-15 13:00:00,0.0,0.0,0.0,0.0,0.0,0.0,0.0
315_STEAM_5,THERMAL,2020-07-15 13:00:00,0.0,0.0,0.0,0.0,0.0,0.0,0.0
316_STEAM_1,THERMAL,2020-07-15 13:00:00,-0.10684263076423342,0.10684263076423342,0.05342131544151569,-0.02670852426596415,-0.02671126010223453,-0.026711062684899978,-0.02671178371113477
317_WIND_1,WIND,2020-07-15 13:00:00,1.0,1.0,1.0,0.0,0.0,0.0,1.0
318_CC_1,THERMAL,2020-07-15 13:00:00,-0.12337346978675942,0.12337346978675942,0.06168673496204669,-0.030840902489031485,-0.03084406429930553,-0.030843834986079344,-0.03084466801234306
321_CC_1,THERMAL,2020-07-15 13:00:00,-0.12324152886841225,0.12324152886841225,0.061620764502783365,-0.030807920181065818,-0.030811078563548477,-0.030810849000204144,-0.030811681123593816
322_CT_5,THERMAL,2020-07-15 13:00:00,0.0,0.0,0.0,0.0,0.0,0.0,0.0
322_CT_6,THERMAL,2020-07-15 13:00:00,0.0,0.0,0.0,0.0,0.0,0.0,0.0
323_CC_1,THERMAL,2020-07-15 13:00:00,-0.11730080034002491,0.11730080034002491,0.058650400235021376,-0.02932286140826107,-0.029325856572851153,-0.02932564726758975,-0.02932643509132294
323_CC_2,THERMAL,2020-07-15 13:00:00,-0.11730080026593796,0.11730080026593796,0.0586504001979779,-0.0293228613897189,-0.029325856554325055,-0.029325647249145926,-0.029326435072748083
101_CT_1,THERMAL,2020-07-15 14:00:00,1.2413681194090032e-13,1.7901652382690258e-13,1.2994754094743927e-13,-2.7439855943001135e-14,2.7592511608887094e-14,1.2398415627501436e-13,0.0
101_CT_2,THERMAL,2020-07-15 14:00:00,0.0,0.0,0.0,0.0,0.0,0.0,0.0
101_STEAM_3,THERMAL,2020-07-15 14:00:00,-0.06726808348483959,0.06726808348483959,0.03363407735727735,-0.01685847270216947,-0.016805335044697438,-0.016809135159112927,-0.01679514057885976
101_STEAM_4,THERMAL,2020-07-15 14:00:00,-0.06726808347479755,0.06726808347479755,0.03363407735225633,-0.016858472699652197,-0.016805335042188844,-0.016809135156603705,-0.016795140576352813
102_CT_1,THERMAL,2020-07-15 14:00:00,-5.649548801001103e-09,5.649548811409444e-09,5.6495488062052734e-09,-5.6495488062052734e-09,0.0,5.204170427930421e-18,0.0
102_CT_2,THERMAL,2020-07-15 14:00:00,0.0,0.0,0.0,0.0,0.0,0.0,0.0
102_STEAM_3,THERMAL,2020-07-15 14:00:00,-0.04827251473497081,0.04827251473497081,0.024136257411955284,-0.012066887810108683,-0.012068478502203979,-0.012068364995175523,-0.012068783427482624
102_STEAM_4,THERMAL,2020-07-15 14:00:00,-0.04827251466833421,0.04827251466833421,0.024136257378636984,-0.012066887793451284,-0.012068478485544333,-0.012068364978516042,-0.012068783410822553
107_CC_1,THERMAL,2020-07-15 14:00:00,-1.45244944072265,1.45244944072265,0.7262247212706122,-0.36308158326646156,-0.36312103768529447,-0.36311821448930814,-0.36312860528158586
113_CT_1,THERMAL,2020-07-15 14:00:00,-1.0169642905566434e-13,1.0169642905566434e-13,1.0169642905566434e-13,0.0,0.0,-1.0169642905566434e-13,0.0
113_CT_2,THERMAL,2020-07-15 14:00:00,0.0,0.0,0.0,0.0,0.0,0.0,0.0
113_CT_3,THERMAL,2020-07-15 14:00:00,0.0,0.0,0.0,0.0,0.0,0.0,0.0
113_CT_4,THERMAL,2020-07-15 14:00:00,0.0,0.0,0.0,0.0,0.0,0.0,0.0
115_STEAM_1,THERMAL,2020-07-15 14:00:00,2.1999763122337868e-14,3.7605335512225224e-14,2.3326271533006713e-14,-7.802786194943678e-15,1.0477729794899915e-14,1.932481952238163e-14,0.0
115_STEAM_2,THERMAL,2020-07-15 14:00:00,0.0,0.0,0.0,0.0,0.0,0.0,0.0
115_STEAM_3,THERMAL,2020-07-15 14:00:00,-0.07243184881559034,0.07243184881559034,0.036215924453704064,-0.01810641780862273,-0.018108397419968683,-0.018108256450260714,-0.018108777136738207
116_STEAM_1,THERMAL,2020-07-15 14:00:00,-0.07260418332941426,0.07260418332941426,0.03630209171095228,-0.018149493962862362,-0.01815148288489965,-0.018151341641095442,-0.0181518648405568
118_CC_1,THERMAL,2020-07-15 14:00:00,-0.08618568971492803,0.08618568971492803,0.043092844912324756,-0.021544580931421642,-0.0215469413813425,-0.021546772875975506,-0.021547394526188385
122_WIND_1,WIND,2020-07-15 14:00:00,1.0,1.0,1.0,1.0,0.0,0.0,0.0
123_CT_1,THERMAL,2020-07-15 14:00:00,-3.2623903578610225e-13,1.0163675456809074e-12,6.281679539373125e-13,-1.7721935030579061e-13,3.4506425494740256e-13,-4.940839404277142e-13,0.0
123_CT_4,THERMAL,2020-07-15 14:00:00,0.0,0.0,0.0,0.0,0.0,0.0,0.0
123_CT_5,THERMAL,2020-07-15 14:00:00,0.0,0.0,0.0,0.0,0.0,0.0,0.0
123_STEAM_2,THERMAL,2020-07-15 14:00:00,-0.07418157137133591,0.07418157137133591,0.03709078573336005,-0.018543799949059716,-0.01854584233385806,-0.01854569543751902,-0.018546233650899115
123_STEAM_3,THERMAL,2020-07-15 14:00:00,-0.08915641253671314,0.08915641253671314,0.04457820632580005,-0.02228718662786142,-0.022289644032420154,-0.02228946710302215,-0.02229011477340941
201_CT_1,THERMAL,2020-07-15 14:00:00,0.0,6.938893903907228e-18,4.9065389333867974e-18,-3.469446951953614e-18,0.0,3.469446951953614e-18,0.0
201_CT_2,THERMAL,2020-07-15 14:00:00,0.0,0.0,0.0,0.0,0.0,0.0,0.0
201_STEAM_3,THERMAL,2020-07-15 14:00:00,-0.07276410374466122,0.07276410374466122,0.03638205191881438,-0.018189468360583782,-0.018191464851896513,-0.01819132262480812,-0.018191847907372806
202_CT_1,THERMAL,2020-07-15 14:00:00,-4.1861058237466e-08,4.1861058237466e-08,2.093055289816451e-08,-1.0438544906926639e-08,-1.0472455173882178e-08,-1.0470607748891414e-08,-1.047945040776577e-08
202_CT_2,THERMAL,2020-07-15 14:00:00,0.0,0.0,0.0,0.0,0.0,0.0,0.0
202_STEAM_3,THERMAL,2020-07-15 14:00:00,-0.07259054655739353,0.07259054655739353,0.03629527332508455,-0.018146082544339664,-0.018148074914482146,-0.018147932355160892,-0.018148456743410826
202_STEAM_4,THERMAL,2020-07-15 14:00:00,-0.07259054560262404,0.07259054560262404,0.03629527284769981,-0.018146082305667537,-0.018148074675784085,-0.018147932116464656,-0.01814845650470777
207_CT_1,THERMAL,2020-07-15 14:00:00,0.0,0.0,0.0,0.0,0.0,0.0,0.0
207_CT_2,THERMAL,2020-07-15 14:00:00,0.0,0.0,0.0,0.0,0.0,0.0,0.0
212_CSP_1,THERMAL,2020-07-15 14:00:00,-0.1161183225700354,0.1161183225700354,0.05805916135963651,-0.02902708783499173,-0.029030283109332238,-0.029030054859897254,-0.029030896765814183
213_CC_3,THERMAL,2020-07-15 14:00:00,-0.1042666242144522,0.1042666242144522,0.05213331217424456,-0.026064417187012807,-0.026067290174424433,-0.026067080569658473,-0.02606783628335647
213_CT_1,THERMAL,2020-07-15 14:00:00,0.0,0.0,0.0,0.0,0.0,0.0,0.0
213_CT_2,THERMAL,2020-07-15 14:00:00,0.0,0.0,0.0,0.0,0.0,0.0,0.0
215_CT_4,THERMAL,2020-07-15 14:00:00,0.0,0.0,0.0,0.0,0.0,0.0,0.0
215_CT_5,THERMAL,2020-07-15 14:00:00,0.0,0.0,0.0,0.0,0.0,0.0,0.0
216_STEAM_1,THERMAL,2020-07-15 14:00:00,-0.08235040826826778,0.08235040826826778,0.04117520418704384,-0.020585834240399725,-0.020588100234996798,-0.020587938771686964,-0.020588535021184292
218_CC_1,THERMAL,2020-07-15 14:00:00,-0.0962315272098698,0.0962315272098698,0.048115763666909867,-0.024055813611894017,-0.024058465074796587,-0.02405827509416092,-0.02405897342901828
221_CC_1,THERMAL,2020-07-15 14:00:00,-0.09661312389202459,0.09661312389202459,0.04830656200823769,-0.0241512045019161,-0.024153866573118243,-0.024153675849884593,-0.024154376967105644
223_CT_4,THERMAL,2020-07-15 14:00:00,-1.2398831954196776e-08,1.23994321268861e-08,1.239901520068895e-08,-1.1684403444789382e-13,-1.239901519650699e-08,3.000863446622759e-13,0.0
223_CT_5,THERMAL,2020-07-15 14:00:00,0.0,0.0,0.0,0.0,0.0,0.0,0.0
223_CT_6,THERMAL,2020-07-15 14:00:00,0.0,0.0,0.0,0.0,0.0,0.0,0.0
223_STEAM_1,THERMAL,2020-07-15 14:00:00,-0.13749094797890626,0.13749094797890626,0.06874547407774276,-0.03436978634566331,-0.03437356964274369,-0.03437329778408503,-0.034374294206414226
223_STEAM_2,THERMAL,2020-07-15 14:00:00,-0.13749094732037462,0.13749094732037462,0.06874547374847695,-0.03436978618104432,-0.03437356947810687,-0.034373297619449454,-0.03437429404177398
223_STEAM_3,THERMAL,2020-07-15 14:00:00,-0.17057240371198912,0.17057240371198912,0.08528620196601368,-0.04263943226479889,-0.042644136248045764,-0.04264379792120761,-0.042645037277936844
301_CT_1,THERMAL,2020-07-15 14:00:00,-9.43597924248126e-09,9.43597924248126e-09,6.4429810683630936e-09,-9.23476017877789e-10,-2.6240434457759764e-09,-5.8109888436105745e-09,-7.74709352169199e-11
301_CT_2,THERMAL,2020-07-15 14:00:00,0.0,0.0,0.0,0.0,0.0,0.0,0.0
301_CT_3,THERMAL,2020-07-15 14:00:00,0.0,0.0,0.0,0.0,0.0,0.0,0.0
301_CT_4,THERMAL,2020-07-15 14:00:00,0.0,0.0,0.0,0.0,0.0,0.0,0.0
302_CT_1,THERMAL,2020-07-15 14:00:00,-1.3087767513902593e-08,1.3087767513902593e-08,8.284135965348399e-09,-1.8086824468688256e-09,-4.705011494953858e-09,-6.57407357207991e-09,0.0
302_CT_2,THERMAL,2020-07-15 14:00:00,0.0,0.0,0.0,0.0,0.0,0.0,0.0
302_CT_3,THERMAL,2020-07-15 14:00:00,0.0,0.0,0.0,0.0,0.0,0.0,0.0
302_CT_4,THERMAL,2020-07-15 14:00:00,0.0,0.0,0.0,0.0,0.0,0.0,0.0
303_WIND_1,WIND,2020-07-15 14:00:00,1.0,1.0,1.0,0.0,1.0,0.0,0.0
307_CT_1,THERMAL,2020-07-15 14:00:00,-0.03777057509436205,0.03777057509436205,0.01888528757086058,-0.009441843100403628,-0.009442868579651424,-0.009442795759127268,-0.009443067655179726
307_CT_2,THERMAL,2020-07-15 14:00:00,0.0,0.0,0.0,0.0,0.0,0.0,0.0
309_WIND_1,WIND,2020-07-15 14:00:00,1.0,1.0,1.0,0.0,0.0,1.0,0.0
313_CC_1,THERMAL,2020-07-15 14:00:00,-0.08912185949695395,0.08912185949695395,0.04456092980535503,-0.02227855814953017,-0.022281000535621764,-0.02228082897223871,-0.022281471839563298
315_CT_6,THERMAL,2020-07-15 14:00:00,-0.09530367213626799,0.09530367213626799,0.04765183612881159,-0.023823881691532007,-0.023826490043824113,-0.02382630612482095,-0.02382699427609092
315_CT_7,THERMAL,2020-07-15 14:00:00,0.0,0.0,0.0,0.0,0.0,0.0,0.0
315_CT_8,THERMAL,2020-07-15 14:00:00,-0.08969819351781853,0.08969819351781853,0.04484909681595289,-0.022422632871487862,-0.022425086572609363,-0.022424913471574326,-0.02242556060214698
315_STEAM_1,THERMAL,2020-07-15 14:00:00,0.0,0.0,0.0,0.0,0.0,0.0,0.0
315_STEAM_2,THERMAL,2020-07-15 14:00:00,0.0,0.0,0.0,0.0,0.0,0.0,0.0
315_STEAM_3,THERMAL,2020-07-15 14:00:00,0.0,0.0,0.0,0.0,0.0,0.0,0.0
315_STEAM_4,THERMAL,2020-07-15 14:00:00,0.0,0.0,0.0,0.0,0.0,0.0,0.0
315_STEAM_5,THERMAL,2020-07-15 14:00:00,0.0,0.0,0.0,0.0,0.0,0.0,0.0
316_STEAM_1,THERMAL,2020-07-15 14:00:00,-0.07908562004115972,0.07908562004115972,0.039542810071088265,-0.019769712344614165,-0.01977188228815785,-0.019771727228078517,-0.019772298180309192
317_WIND_1,WIND,2020-07-15 14:00:00,1.0,1.0,1.0,0.0,0.0,0.0,1.0
318_CC_1,THERMAL,2020-07-15 14:00:00,-0.0954719261774326,0.0954719261774326,0.04773596314986386,-0.023865935319508758,-0.023868559732187045,-0.02386836989543184,-0.02386906123030495
321_CC_1,THERMAL,2020-07-15 14:00:00,-0.09540292181951854,0.09540292181951854,0.047701460970858825,-0.023848685767708044,-0.023851308251897407,-0.023851118503117164,-0.02385180929679592
322_CT_5,THERMAL,2020-07-15 14:00:00,0.0,0.0,0.0,0.0,0.0,0.0,0.0
322_CT_6,THERMAL,2020-07-15 14:00:00,0.0,0.0,0.0,0.0,0.0,0.0,0.0
323_CC_1,THERMAL,2020-07-15 14:00:00,-0.09048768340078293,0.09048768340078293,0.0452438417578665,-0.022619989767998342,-0.022622464447196382,-0.022622287752591154,-0.022622941432997052
323_CC_2,THERMAL,2020-07-15 14:00:00,-0.09048767749358802,0.09048767749358802,0.04524383880454662,-0.022619983419931943,-0.022622464594152906,-0.022622287899546532,-0.02262294157995664
101_CT_1,THERMAL,2020-07-15 15:00:00,1.4823992727786006e-13,1.4823992727786006e-13,8.566013672330237e-14,4.806268230628241e-14,4.786405646828307e-14,5.231318850329458e-14,0.0
101_CT_2,THERMAL,2020-07-15 15:00:00,0.0,0.0,0.0,0.0,0.0,0.0,0.0
101_STEAM_3,THERMAL,2020-07-15 15:00:00,-0.010547063473515087,0.010547063473515087,0.005416656143055244,-0.003062021376566377,-0.0033782196184507216,-0.0018096637919647858,-0.002297158686533203
101_STEAM_4,THERMAL,2020-07-15 15:00:00,-0.010547063483295076,0.010547063483295076,0.0054166561480779515,-0.0030620213794057,-0.003378219621583246,-0.0018096637936428385,-0.002297158688663292
102_CT_1,THERMAL,2020-07-15 15:00:00,-1.3204391201695753e-08,1.3204391201695753e-08,6.6693476149979616e-09,-3.43703763410601e-09,-2.560357017268698e-09,-3.869150507760953e-09,-3.33784604256009e-09
102_CT_2,THERMAL,2020-07-15 15:00:00,-1.3217712059805966e-08,1.3217712059805966e-08,6.67681172018973e-09,-3.4365759300545612e-09,-2.5618909810278012e-09,-3.881399106163514e-09,-3.33784604256009e-09
102_STEAM_3,THERMAL,2020-07-15 15:00:00,-1.4908939169769624e-08,1.4908939169769624e-08,7.527545345051893e-09,-3.871929961302726e-09,-2.9104254921166884e-09,-4.363990463086912e-09,-3.762593253263299e-09
102_STEAM_4,THERMAL,2020-07-15 15:00:00,-1.4908939169769624e-08,1.4908939169769624e-08,7.527545345051893e-09,-3.871929961302726e-09,-2.9104254921166884e-09,-4.363990463086912e-09,-3.762593253263299e-09
107_CC_1,THERMAL,2020-07-15 15:00:00,-4.488267048608559e-08,4.488267048608559e-08,2.2564546889182307e-08,-1.1275588907011524e-08,-9.427148617291436e-09,-1.272799510232403e-08,-1.1451937859458605e-08
113_CT_1,THERMAL,2020-07-15 15:00:00,0.0,0.0,0.0,0.0,0.0,0.0,0.0
113_CT_2,THERMAL,2020-07-15 15:00:00,0.0,0.0,0.0,0.0,0.0,0.0,0.0
113_CT_3,THERMAL,2020-07-15 15:00:00,0.0,0.0,0.0,0.0,0.0,0.0,0.0
113_CT_4,THERMAL,2020-07-15 15:00:00,0.0,0.0,0.0,0.0,0.0,0.0,0.0
115_STEAM_1,THERMAL,2020-07-15 15:00:00,-2.2239464078590397e-14,2.2239464078590397e-14,1.3861709951939271e-14,-7.236394003718686e-15,-3.811308162372417e-15,-1.1191761912499295e-14,0.0
115_STEAM_2,THERMAL,2020-07-15 15:00:00,0.0,0.0,0.0,0.0,0.0,0.0,0.0
115_STEAM_3,THERMAL,2020-07-15 15:00:00,-1.2387216030711191e-08,1.2387216030711191e-08,6.2692877094713715e-09,-3.238696672831201e-09,-2.336509470156396e-09,-3.6833101783673652e-09,-3.1286997093562292e-09
116_STEAM_1,THERMAL,2020-07-15 15:00:00,-1.3082192300512674e-08,1.3082192300512674e-08,6.615913197519123e-09,-3.4157749961849504e-09,-2.4937587550510898e-09,-3.869561115976694e-09,-3.3030974332999405e-09
118_CC_1,THERMAL,2020-07-15 15:00:00,-1.3083496063412132e-08,1.3083496063412132e-08,6.619810046533549e-09,-3.433573647626531e-09,-2.4719568614273157e-09,-3.8720830985994326e-09,-3.3058824557588522e-09
122_WIND_1,WIND,2020-07-15 15:00:00,1.0,1.0,1.0,1.0,0.0,0.0,0.0
123_CT_1,THERMAL,2020-07-15 15:00:00,1.528705631647704e-11,1.528705631647704e-11,1.2424632560808055e-11,1.6332484323896782e-12,1.4190042128787049e-12,1.2234803671208657e-11,0.0
123_CT_4,THERMAL,2020-07-15 15:00:00,0.0,0.0,0.0,0.0,0.0,0.0,0.0
123_CT_5,THERMAL,2020-07-15 15:00:00,0.0,0.0,0.0,0.0,0.0,0.0,0.0
123_STEAM_2,THERMAL,2020-07-15 15:00:00,-1.7472138279054895e-08,1.7472138279054895e-08,8.809256893193042e-09,-4.534456025262214e-09,-3.480527580337002e-09,-5.051653232542956e-09,-4.4055014409127234e-09
123_STEAM_3,THERMAL,2020-07-15 15:00:00,-2.0089562306453896e-08,2.0089562306453896e-08,1.0119927197842714e-08,-5.213417482459782e-09,-4.056700733775709e-09,-5.760577135653741e-09,-5.058866954564662e-09
201_CT_1,THERMAL,2020-07-15 15:00:00,-4.9355885718128563e-08,4.9355885718128563e-08,2.479011253697387e-08,-1.2619471063407085e-08,-1.0505056752132225e-08,-1.3786627385705075e-08,-1.2444730516884174e-08
201_CT_2,THERMAL,2020-07-15 15:00:00,0.0,0.0,0.0,0.0,0.0,0.0,0.0
201_STEAM_3,THERMAL,2020-07-15 15:00:00,-5.416247157324439e-08,5.416247157324439e-08,2.7199008826929898e-08,-1.3831996416505587e-08,-1.1572906885713197e-08,-1.5096738202445337e-08,-1.366083006858027e-08
202_CT_1,THERMAL,2020-07-15 15:00:00,-4.989414551193165e-08,4.989414551193165e-08,2.5059743773374782e-08,-1.2755687752906356e-08,-1.062392712819749e-08,-1.3930018251396873e-08,-1.2584512379430936e-08
202_CT_2,THERMAL,2020-07-15 15:00:00,-4.99087441172459e-08,4.99087441172459e-08,2.5067623299865666e-08,-1.2756454316826455e-08,-1.0625453358269016e-08,-1.3942324062719495e-08,-1.2584512379430936e-08
202_STEAM_3,THERMAL,2020-07-15 15:00:00,-5.4724595908436254e-08,5.4724595908436254e-08,2.7481536805594373e-08,-1.3968284582480324e-08,-1.1693398911304886e-08,-1.5259423895597314e-08,-1.3803488519053731e-08
202_STEAM_4,THERMAL,2020-07-15 15:00:00,-5.47245959084374e-08,5.47245959084374e-08,2.748153680559495e-08,-1.396828458248061e-08,-1.1693398911305121e-08,-1.525942389559767e-08,-1.3803488519053991e-08
207_CT_1,THERMAL,2020-07-15 15:00:00,0.0,0.0,0.0,0.0,0.0,0.0,0.0
207_CT_2,THERMAL,2020-07-15 15:00:00,0.0,0.0,0.0,0.0,0.0,0.0,0.0
212_CSP_1,THERMAL,2020-07-15 15:00:00,-9.610219959983544e-08,9.610219959983544e-08,4.821533530498999e-08,-2.4527312847411054e-08,-2.0918931920022033e-08,-2.6449336054668038e-08,-2.4206618777734317e-08
213_CC_3,THERMAL,2020-07-15 15:00:00,-9.727930788442725e-08,9.727930788442725e-08,4.88011342984402e-08,-2.4826423805635045e-08,-2.1217601231526828e-08,-2.6732469571300044e-08,-2.450281327596533e-08
213_CT_1,THERMAL,2020-07-15 15:00:00,0.0,0.0,0.0,0.0,0.0,0.0,0.0
213_CT_2,THERMAL,2020-07-15 15:00:00,0.0,0.0,0.0,0.0,0.0,0.0,0.0
215_CT_4,THERMAL,2020-07-15 15:00:00,5.3903852441765735e-11,8.15649000011367e-11,6.852755069723004e-11,-4.421490805509479e-12,-9.409032974176003e-12,6.773437622145122e-11,0.0
215_CT_5,THERMAL,2020-07-15 15:00:00,-2.574474818958153e-10,2.574474818958153e-10,1.2885047604845483e-10,-6.381801216423395e-11,-6.003434454376753e-11,-6.773437622145122e-11,-6.586074896636262e-11
216_STEAM_1,THERMAL,2020-07-15 15:00:00,-3.702541316730055e-08,3.702541316730055e-08,1.8602750083124873e-08,-9.498030029142512e-09,-7.827884895839077e-09,-1.0368805369864731e-08,-9.330692872454236e-09
218_CC_1,THERMAL,2020-07-15 15:00:00,-3.3292361590396844e-08,3.3292361590396844e-08,1.6727548166325786e-08,-8.56278670191557e-09,-7.0281391817417216e-09,-9.311368565079192e-09,-8.390067141660363e-09
221_CC_1,THERMAL,2020-07-15 15:00:00,-3.384952766750222e-08,3.384952766750222e-08,1.7007245706003017e-08,-8.70151384280149e-09,-7.1505524279480426e-09,-9.4706178455084e-09,-8.52684355124429e-09
223_CT_4,THERMAL,2020-07-15 15:00:00,4.1147640850169864e-15,8.292672104559529e-14,5.167682012917989e-14,-1.9595436384634013e-14,-1.9810542095655137e-14,4.3520742565306136e-14,0.0
223_CT_5,THERMAL,2020-07-15 15:00:00,0.0,0.0,0.0,0.0,0.0,0.0,0.0
223_CT_6,THERMAL,2020-07-15 15:00:00,0.0,0.0,0.0,0.0,0.0,0.0,0.0
223_STEAM_1,THERMAL,2020-07-15 15:00:00,-0.10043025875136614,0.10043025875136614,0.05037191421856342,-0.02560400336797534,-0.02201510913074031,-0.027543804051312216,-0.02526734220133828
223_STEAM_2,THERMAL,2020-07-15 15:00:00,-0.10043027691465925,0.10043027691465925,0.05037192332856487,-0.025604007998580387,-0.022015113112282787,-0.027543809032739168,-0.02526734677105691
223_STEAM_3,THERMAL,2020-07-15 15:00:00,-0.20455387982198428,0.20455387982198428,0.10259627905138304,-0.05214961209873989,-0.04483979816353568,-0.05610057232676742,-0.05146389723294128
301_CT_1,THERMAL,2020-07-15 15:00:00,-1.2025557517230935e-07,1.2025557517230935e-07,6.033993322049916e-08,-3.072414678221433e-08,-2.6122839907514614e-08,-3.3154644896992724e-08,-3.0253943585587684e-08
301_CT_2,THERMAL,2020-07-15 15:00:00,-1.2025557591818396e-07,1.2025557591818396e-07,6.033993297431523e-08,-3.072415163959244e-08,-2.6122843857869352e-08,-3.3154636835131523e-08,-3.0253943585590655e-08
301_CT_3,THERMAL,2020-07-15 15:00:00,0.0,0.0,0.0,0.0,0.0,0.0,0.0
301_CT_4,THERMAL,2020-07-15 15:00:00,0.0,0.0,0.0,0.0,0.0,0.0,0.0
302_CT_1,THERMAL,2020-07-15 15:00:00,-1.3220651433063737e-08,1.3220651433063737e-08,6.679928078262675e-09,-3.4343125408389366e-09,-2.5542421694819012e-09,-3.890977387380506e-09,-3.3411193353623926e-09
302_CT_2,THERMAL,2020-07-15 15:00:00,-1.3220627141915761e-08,1.3220627141915761e-08,6.679915252502482e-09,-3.434305799921754e-09,-2.5542378584003217e-09,-3.89096414823123e-09,-3.3411193353624567e-09
302_CT_3,THERMAL,2020-07-15 15:00:00,0.0,0.0,0.0,0.0,0.0,0.0,0.0
302_CT_4,THERMAL,2020-07-15 15:00:00,0.0,0.0,0.0,0.0,0.0,0.0,0.0
303_WIND_1,WIND,2020-07-15 15:00:00,1.0,1.0,1.0,0.0,1.0,0.0,0.0
307_CT_1,THERMAL,2020-07-15 15:00:00,-1.965602809799755e-09,1.965602809799755e-09,1.1646791993512089e-09,-6.370543656399746e-10,0.0,-8.488262315253792e-10,-4.797222126344013e-10
307_CT_2,THERMAL,2020-07-15 15:00:00,0.0,0.0,0.0,0.0,0.0,0.0,0.0
309_WIND_1,WIND,2020-07-15 15:00:00,1.0,1.0,1.0,0.0,0.0,1.0,0.0
313_CC_1,THERMAL,2020-07-15 15:00:00,-3.6406654368181257e-09,3.6406654368181257e-09,1.973795319704751e-09,-1.022219864310614e-09,-3.1242031184319785e-10,-1.3703278511911776e-09,-9.356974094731362e-10
315_CT_6,THERMAL,2020-07-15 15:00:00,-0.21865787665154396,0.21865787665154396,0.10960166518754118,-0.05355753053427903,-0.060700354931379666,-0.04997471287498065,-0.05442527831090459
315_CT_7,THERMAL,2020-07-15 15:00:00,0.0,0.0,0.0,0.0,0.0,0.0,0.0
315_CT_8,THERMAL,2020-07-15 15:00:00,-0.21865901711717478,0.21865901711717478,0.10960216711437237,-0.05355776671768396,-0.060700224926629326,-0.04997606962128674,-0.05442495585157475
315_STEAM_1,THERMAL,2020-07-15 15:00:00,0.0,0.0,0.0,0.0,0.0,0.0,0.0
315_STEAM_2,THERMAL,2020-07-15 15:00:00,0.0,0.0,0.0,0.0,0.0,0.0,0.0
315_STEAM_3,THERMAL,2020-07-15 15:00:00,0.0,0.0,0.0,0.0,0.0,0.0,0.0
315_STEAM_4,THERMAL,2020-07-15 15:00:00,0.0,0.0,0.0,0.0,0.0,0.0,0.0
315_STEAM_5,THERMAL,2020-07-15 15:00:00,0.0,0.0,0.0,0.0,0.0,0.0,0.0
316_STEAM_1,THERMAL,2020-07-15 15:00:00,-0.6385671420164629,0.6385671420164629,0.31963664798867925,-0.16152468595442138,-0.14794442566183108,-0.16885323834176624,-0.1602447920584442
317_WIND_1,WIND,2020-07-15 15:00:00,1.0,1.0,1.0,0.0,0.0,0.0,1.0
318_CC_1,THERMAL,2020-07-15 15:00:00,-1.2531433749844947,1.2531433749844947,0.6265719429155139,-0.3129903268768178,-0.31302559008368813,-0.3136364593656191,-0.3134909986583696
321_CC_1,THERMAL,2020-07-15 15:00:00,-1.2444629717359332,1.2444629717359332,0.6223869827815791,-0.30888774805204944,-0.32200271866749713,-0.3027517045787502,-0.31082080043763655
322_CT_5,THERMAL,2020-07-15 15:00:00,0.0,0.0,0.0,0.0,0.0,0.0,0.0
322_CT_6,THERMAL,2020-07-15 15:00:00,0.0,0.0,0.0,0.0,0.0,0.0,0.0
323_CC_1,THERMAL,2020-07-15 15:00:00,-7.347818826120103e-09,7.347818826120103e-09,3.7747710494405386e-09,-1.9694587871539727e-09,-1.1548012103243623e-09,-2.3539964002352746e-09,-1.869562428406493e-09
323_CC_2,THERMAL,2020-07-15 15:00:00,-7.363061978912069e-09,7.363061978912069e-09,3.783637662625915e-09,-1.9708839316238834e-09,-1.1563878076206633e-09,-2.366227811261041e-09,-1.869562428406482e-09
101_CT_1,THERMAL,2020-07-15 16:00:00,3.196462192156524e-13,3.196462192156524e-13,2.4588527694051515e-13,2.3367939527840775e-13,1.013251982318053e-14,7.583430411406411e-14,0.0
101_CT_2,THERMAL,2020-07-15 16:00:00,0.0,0.0,0.0,0.0,0.0,0.0,0.0
101_STEAM_3,THERMAL,2020-07-15 16:00:00,-0.013470594976517924,0.013470594976517924,0.0068583334394117955,-0.0036519923788149696,-0.004234845600915997,-0.0024947246089269378,-0.0030890323878600204
101_STEAM_4,THERMAL,2020-07-15 16:00:00,-0.01347059497583863,0.01347059497583863,0.006858333439041538,-0.0036519923786770625,-0.00423484560051954,-0.0024947246087739603,-0.0030890323878680665
102_CT_1,THERMAL,2020-07-15 16:00:00,9.915087420186778e-15,5.6152993095672094e-14,3.3710637014034215e-14,2.1822543651528405e-14,1.1211496606401031e-14,-2.3118952837742658e-14,0.0
102_CT_2,THERMAL,2020-07-15 16:00:00,0.0,0.0,0.0,0.0,0.0,0.0,0.0
102_STEAM_3,THERMAL,2020-07-15 16:00:00,-5.306997308709172e-08,5.306997308709172e-08,2.6706878048117784e-08,-1.3698821946447695e-08,-1.0902780524745348e-08,-1.5101631682000883e-08,-1.3366738933897798e-08
102_STEAM_4,THERMAL,2020-07-15 16:00:00,-5.306997308709279e-08,5.306997308709279e-08,2.6706878048118317e-08,-1.3698821946447968e-08,-1.0902780524745579e-08,-1.5101631682001174e-08,-1.336673893389807e-08
107_CC_1,THERMAL,2020-07-15 16:00:00,-1.7188115859029747e-07,1.7188115859029747e-07,8.626836370119109e-08,-4.289207056196176e-08,-3.7303349520456663e-08,-4.782070269937109e-08,-4.386503580850797e-08
113_CT_1,THERMAL,2020-07-15 16:00:00,0.0,0.0,0.0,0.0,0.0,0.0,0.0
113_CT_2,THERMAL,2020-07-15 16:00:00,0.0,0.0,0.0,0.0,0.0,0.0,0.0
113_CT_3,THERMAL,2020-07-15 16:00:00,0.0,0.0,0.0,0.0,0.0,0.0,0.0
113_CT_4,THERMAL,2020-07-15 16:00:00,0.0,0.0,0.0,0.0,0.0,0.0,0.0
115_STEAM_1,THERMAL,2020-07-15 16:00:00,-2.719403494126694e-14,2.719403494126694e-14,1.7040707390704676e-14,-1.2938719192039595e-14,-3.8590006204740885e-15,-1.0396315128753257e-14,0.0
115_STEAM_2,THERMAL,2020-07-15 16:00:00,0.0,0.0,0.0,0.0,0.0,0.0,0.0
115_STEAM_3,THERMAL,2020-07-15 16:00:00,-4.533587156240469e-08,4.533587156240469e-08,2.285552829313651e-08,-1.1742889178989817e-08,-9.045864237246236e-09,-1.3101678282092313e-08,-1.1445439864076324e-08
116_STEAM_1,THERMAL,2020-07-15 16:00:00,-4.7792009259920115e-08,4.7792009259920115e-08,2.4082226008767446e-08,-1.2362268320131875e-08,-9.609660511777918e-09,-1.3759769498052234e-08,-1.2060310929958091e-08
118_CC_1,THERMAL,2020-07-15 16:00:00,-4.873381507095507e-08,4.873381507095507e-08,2.4561113290325228e-08,-1.26665655741931e-08,-9.756535357396956e-09,-1.4018369576263012e-08,-1.2292344563102005e-08
122_WIND_1,WIND,2020-07-15 16:00:00,1.0,1.0,1.0,1.0,0.0,0.0,0.0
123_CT_1,THERMAL,2020-07-15 16:00:00,1.3648649045827966e-12,2.0451399838710842e-12,1.575241236768225e-12,1.52784363183242e-12,1.7715881239452048e-13,-3.4013753964414383e-13,0.0
123_CT_4,THERMAL,2020-07-15 16:00:00,0.0,0.0,0.0,0.0,0.0,0.0,0.0
123_CT_5,THERMAL,2020-07-15 16:00:00,0.0,0.0,0.0,0.0,0.0,0.0,0.0
123_STEAM_2,THERMAL,2020-07-15 16:00:00,-6.324977411779113e-08,6.324977411779113e-08,3.180275897549448e-08,-1.6300797340609984e-08,-1.3174639857644366e-08,-1.7829355266599403e-08,-1.5944981652937378e-08
123_STEAM_3,THERMAL,2020-07-15 16:00:00,-7.391910961872807e-08,7.391910961872807e-08,3.7140540708075075e-08,-1.9043802527595834e-08,-1.5594705432272224e-08,-2.065904479082502e-08,-1.8621556868034994e-08
201_CT_1,THERMAL,2020-07-15 16:00:00,3.951133095596098e-15,3.951133095596098e-15,2.4474618405993396e-15,1.6583143675755606e-15,5.934382708681777e-16,1.69938045715236e-15,0.0
201_CT_2,THERMAL,2020-07-15 16:00:00,0.0,0.0,0.0,0.0,0.0,0.0,0.0
201_STEAM_3,THERMAL,2020-07-15 16:00:00,-2.044500153386503e-07,2.044500153386503e-07,1.0255681716382857e-07,-5.19973568576546e-08,-4.470230395239491e-08,-5.620006408098659e-08,-5.1550290447614185e-08
202_CT_1,THERMAL,2020-07-15 16:00:00,-2.5367420314394364e-11,2.843031231220805e-11,2.6920655175284007e-11,7.668853056009137e-13,7.645606933059295e-13,-2.6898866313301207e-11,0.0
202_CT_2,THERMAL,2020-07-15 16:00:00,0.0,0.0,0.0,0.0,0.0,0.0,0.0
202_STEAM_3,THERMAL,2020-07-15 16:00:00,-2.0684377329698833e-07,2.0684377329698833e-07,1.0376038624274288e-07,-5.2572213831633856e-08,-4.521211785793494e-08,-5.690286039329129e-08,-5.215658121412822e-08
202_STEAM_4,THERMAL,2020-07-15 16:00:00,-2.0684377329698833e-07,2.0684377329698833e-07,1.0376038624274288e-07,-5.2572213831633856e-08,-4.521211785793494e-08,-5.690286039329129e-08,-5.215658121412822e-08
207_CT_1,THERMAL,2020-07-15 16:00:00,0.0,0.0,0.0,0.0,0.0,0.0,0.0
207_CT_2,THERMAL,2020-07-15 16:00:00,0.0,0.0,0.0,0.0,0.0,0.0,0.0
212_CSP_1,THERMAL,2020-07-15 16:00:00,-3.900448137208147e-07,3.900448137208147e-07,1.9551301218305565e-07,-9.910305196767747e-08,-8.672191387226746e-08,-1.0600604660737645e-07,-9.821380127349333e-08
213_CC_3,THERMAL,2020-07-15 16:00:00,-4.060465439193592e-07,4.060465439193592e-07,2.03531198948545e-07,-1.0325984998310611e-07,-9.027787675752741e-08,-1.1027053892220806e-07,-1.0223827825651761e-07
213_CT_1,THERMAL,2020-07-15 16:00:00,0.0,0.0,0.0,0.0,0.0,0.0,0.0
213_CT_2,THERMAL,2020-07-15 16:00:00,0.0,0.0,0.0,0.0,0.0,0.0,0.0
215_CT_4,THERMAL,2020-07-15 16:00:00,5.872103421830684e-11,7.727318782906185e-11,6.833799493719285e-11,-3.3243329526524224e-12,-5.9517438527250815e-12,6.799711102368434e-11,0.0
215_CT_5,THERMAL,2020-07-15 16:00:00,-2.6168636426220033e-10,2.6168636426220033e-10,1.3092192539142478e-10,-6.39101350404079e-11,-6.253071196452857e-11,-6.799711102368434e-11,-6.72484062335795e-11
216_STEAM_1,THERMAL,2020-07-15 16:00:00,-1.3534198425583454e-07,1.3534198425583454e-07,6.790570319263981e-08,-3.452157015804147e-08,-2.94307139769856e-08,-3.728137977108791e-08,-3.4108320349719575e-08
218_CC_1,THERMAL,2020-07-15 16:00:00,-1.2274696441474808e-07,1.2274696441474808e-07,6.15793926356924e-08,-3.137980497669446e-08,-2.6733549818303004e-08,-3.371233425752962e-08,-3.0921275362221e-08
221_CC_1,THERMAL,2020-07-15 16:00:00,-1.246089023134145e-07,1.246089023134145e-07,6.251177099416089e-08,-3.184933072830631e-08,-2.715597996472141e-08,-3.421225325261901e-08,-3.139133836776775e-08
223_CT_4,THERMAL,2020-07-15 16:00:00,1.965094753586527e-13,1.965094753586527e-13,1.2323552802966858e-13,7.819613012660653e-14,2.695933754015556e-14,9.135400769189062e-14,0.0
223_CT_5,THERMAL,2020-07-15 16:00:00,0.0,0.0,0.0,0.0,0.0,0.0,0.0
223_CT_6,THERMAL,2020-07-15 16:00:00,0.0,0.0,0.0,0.0,0.0,0.0,0.0
223_STEAM_1,THERMAL,2020-07-15 16:00:00,-0.04022078898997447,0.04022078898997447,0.02015637580664709,-0.010226579441420207,-0.008995429319814521,-0.010889533928799407,-0.010109246299940342
223_STEAM_2,THERMAL,2020-07-15 16:00:00,-0.040220788722734754,0.040220788722734754,0.020156375672721674,-0.010226579373471503,-0.008995429260046492,-0.010889533856445423,-0.01010924623277134
223_STEAM_3,THERMAL,2020-07-15 16:00:00,-0.06550032479287807,0.06550032479287807,0.032825043599315436,-0.016654178982527405,-0.014649232545593714,-0.017733813666401428,-0.016463099598355516
301_CT_1,THERMAL,2020-07-15 16:00:00,0.0,0.0,0.0,0.0,0.0,0.0,0.0
301_CT_2,THERMAL,2020-07-15 16:00:00,0.0,0.0,0.0,0.0,0.0,0.0,0.0
301_CT_3,THERMAL,2020-07-15 16:00:00,0.0,0.0,0.0,0.0,0.0,0.0,0.0
301_CT_4,THERMAL,2020-07-15 16:00:00,0.0,0.0,0.0,0.0,0.0,0.0,0.0
302_CT_1,THERMAL,2020-07-15 16:00:00,0.0,0.0,0.0,0.0,0.0,0.0,0.0
302_CT_2,THERMAL,2020-07-15 16:00:00,0.0,0.0,0.0,0.0,0.0,0.0,0.0
302_CT_3,THERMAL,2020-07-15 16:00:00,0.0,0.0,0.0,0.0,0.0,0.0,0.0
302_CT_4,THERMAL,2020-07-15 16:00:00,0.0,0.0,0.0,0.0,0.0,0.0,0.0
303_WIND_1,WIND,2020-07-15 16:00:00,1.0,1.0,1.0,0.0,1.0,0.0,0.0
307_CT_1,THERMAL,2020-07-15 16:00:00,-7.0200204839557774e-09,7.0200204839557774e-09,4.0238308599362614e-09,-2.039048737148552e-09,-2.1532367555643361e-10,-2.9447092472767444e-09,-1.8209388239740474e-09
307_CT_2,THERMAL,2020-07-15 16:00:00,0.0,0.0,0.0,0.0,0.0,0.0,0.0
309_WIND_1,WIND,2020-07-15 16:00:00,1.0,1.0,1.0,0.0,0.0,1.0,0.0
313_CC_1,THERMAL,2020-07-15 16:00:00,-1.4248740566294882e-08,1.4248740566294882e-08,7.53294664101308e-09,-3.918902535815505e-09,-1.6430174998305347e-09,-5.0353481384490806e-09,-3.651472392199762e-09
315_CT_6,THERMAL,2020-07-15 16:00:00,-0.189295092947405,0.189295092947405,0.09478298078466178,-0.0465955088606846,-0.051281581874687794,-0.044251984179292464,-0.047166018032740155
315_CT_7,THERMAL,2020-07-15 16:00:00,0.0,0.0,0.0,0.0,0.0,0.0,0.0
315_CT_8,THERMAL,2020-07-15 16:00:00,-0.1928205555113621,0.1928205555113621,0.09654816762688448,-0.04746347434439403,-0.052236196550798024,-0.04507762921713196,-0.048043255399038094
315_STEAM_1,THERMAL,2020-07-15 16:00:00,0.0,0.0,0.0,0.0,0.0,0.0,0.0
315_STEAM_2,THERMAL,2020-07-15 16:00:00,0.0,0.0,0.0,0.0,0.0,0.0,0.0
315_STEAM_3,THERMAL,2020-07-15 16:00:00,0.0,0.0,0.0,0.0,0.0,0.0,0.0
315_STEAM_4,THERMAL,2020-07-15 16:00:00,0.0,0.0,0.0,0.0,0.0,0.0,0.0
315_STEAM_5,THERMAL,2020-07-15 16:00:00,0.0,0.0,0.0,0.0,0.0,0.0,0.0
316_STEAM_1,THERMAL,2020-07-15 16:00:00,-0.7007310194872851,0.7007310194872851,0.35067038215822777,-0.17702530710834186,-0.16379614366027379,-0.18414596919112114,-0.17576359952754833
317_WIND_1,WIND,2020-07-15 16:00:00,1.0,1.0,1.0,0.0,0.0,0.0,1.0
318_CC_1,THERMAL,2020-07-15 16:00:00,-1.3765739720938432,1.3765739720938432,0.6882931237243859,-0.3442235394473203,-0.3419290379159903,-0.34600471740599925,-0.3444166773245334
321_CC_1,THERMAL,2020-07-15 16:00:00,-1.367693835949814,1.367693835949814,0.6839180333199314,-0.3402802272042349,-0.3496467342574273,-0.33601669515295285,-0.3417501793351991
322_CT_5,THERMAL,2020-07-15 16:00:00,0.0,0.0,0.0,0.0,0.0,0.0,0.0
322_CT_6,THERMAL,2020-07-15 16:00:00,0.0,0.0,0.0,0.0,0.0,0.0,0.0
323_CC_1,THERMAL,2020-07-15 16:00:00,-2.801719520355846e-08,2.801719520355846e-08,1.4268769833263031e-08,-7.393811155716419e-09,-4.874945014857647e-09,-8.635006695189996e-09,-7.113432337794398e-09
323_CC_2,THERMAL,2020-07-15 16:00:00,-2.802021957626776e-08,2.802021957626776e-08,1.4270067472470324e-08,-7.395308106842906e-09,-4.876472436440392e-09,-8.635006695190055e-09,-7.113432337794408e-09
101_CT_1,THERMAL,2020-07-15 17:00:00,6.403644975394585e-14,2.1161978419614869e-13,1.4823444855064404e-13,1.2820126904511397e-13,9.626847929933291e-15,-7.379166722110142e-14,0.0
101_CT_2,THERMAL,2020-07-15 17:00:00,0.0,0.0,0.0,0.0,0.0,0.0,0.0
101_STEAM_3,THERMAL,2020-07-15 17:00:00,-0.016944447049345168,0.016944447049345168,0.008656664634393785,-0.004534992410490336,-0.005471232166160218,-0.0030402525924851254,-0.0038979698802094898
101_STEAM_4,THERMAL,2020-07-15 17:00:00,-0.016944447047992355,0.016944447047992355,0.008656664633807739,-0.004534992410289873,-0.005471232165961673,-0.0030402525917388483,-0.0038979698800019596
102_CT_1,THERMAL,2020-07-15 17:00:00,-2.7098108852074e-14,5.4231056687083635e-14,3.3310144453204924e-14,-1.3306895914530214e-14,1.3566473917504817e-14,-2.7357686855048604e-14,0.0
102_CT_2,THERMAL,2020-07-15 17:00:00,0.0,0.0,0.0,0.0,0.0,0.0,0.0
102_STEAM_3,THERMAL,2020-07-15 17:00:00,-4.3560906211430334e-08,4.3560906211430334e-08,2.1874226293736716e-08,-1.1200319291034575e-08,-9.306055301829406e-09,-1.2108748557108188e-08,-1.094578306145817e-08
102_STEAM_4,THERMAL,2020-07-15 17:00:00,-4.356090621143094e-08,4.356090621143094e-08,2.187422629373702e-08,-1.1200319291034739e-08,-9.306055301829538e-09,-1.2108748557108353e-08,-1.0945783061458316e-08
107_CC_1,THERMAL,2020-07-15 17:00:00,-1.4203550764738127e-07,1.4203550764738127e-07,7.118508878506358e-08,-3.560823718474214e-08,-3.17922281658504e-08,-3.8627057108442386e-08,-3.600798518834636e-08
113_CT_1,THERMAL,2020-07-15 17:00:00,0.0,0.0,0.0,0.0,0.0,0.0,0.0
113_CT_2,THERMAL,2020-07-15 17:00:00,0.0,0.0,0.0,0.0,0.0,0.0,0.0
113_CT_3,THERMAL,2020-07-15 17:00:00,0.0,0.0,0.0,0.0,0.0,0.0,0.0
113_CT_4,THERMAL,2020-07-15 17:00:00,0.0,0.0,0.0,0.0,0.0,0.0,0.0
115_STEAM_1,THERMAL,2020-07-15 17:00:00,2.078822155358645e-15,1.1768953217109228e-14,6.941992937875977e-15,4.072883940529594e-15,2.8510037457043424e-15,-4.845065530875291e-15,0.0
115_STEAM_2,THERMAL,2020-07-15 17:00:00,0.0,0.0,0.0,0.0,0.0,0.0,0.0
115_STEAM_3,THERMAL,2020-07-15 17:00:00,-3.473879488438731e-08,3.473879488438731e-08,1.7478251257171038e-08,-8.970103708180987e-09,-7.1591395650115534e-09,-9.859537726201113e-09,-8.750013884993658e-09
116_STEAM_1,THERMAL,2020-07-15 17:00:00,-3.683955278839213e-08,3.683955278839213e-08,1.852642654594943e-08,-9.501375575204918e-09,-7.65490795751056e-09,-1.0406958697584123e-08,-9.27631055809253e-09
118_CC_1,THERMAL,2020-07-15 17:00:00,-3.5048751142983054e-08,3.5048751142983054e-08,1.7638280782060725e-08,-9.071125184334505e-09,-7.190014583713378e-09,-9.959560287597924e-09,-8.828051087337246e-09
122_WIND_1,WIND,2020-07-15 17:00:00,1.0,1.0,1.0,1.0,0.0,0.0,0.0
123_CT_1,THERMAL,2020-07-15 17:00:00,3.816371462287668e-14,5.372172769103632e-14,4.6366469103739406e-14,-1.7848229452885858e-15,-5.9941835887912324e-15,4.59427211569565e-14,0.0
123_CT_4,THERMAL,2020-07-15 17:00:00,0.0,0.0,0.0,0.0,0.0,0.0,0.0
123_CT_5,THERMAL,2020-07-15 17:00:00,0.0,0.0,0.0,0.0,0.0,0.0,0.0
123_STEAM_2,THERMAL,2020-07-15 17:00:00,-5.062205326120514e-08,5.062205326120514e-08,2.5411024087558672e-08,-1.298066886977851e-08,-1.0892810774152185e-08,-1.4016921631374457e-08,-1.2731651985899986e-08
123_STEAM_3,THERMAL,2020-07-15 17:00:00,-5.562314629154077e-08,5.562314629154077e-08,2.791490446744481e-08,-1.4263968345236844e-08,-1.2025960952674662e-08,-1.5351645736578137e-08,-1.3981571257051126e-08
201_CT_1,THERMAL,2020-07-15 17:00:00,2.878671759289049e-15,2.0674899877618217e-14,1.2239239233859379e-14,6.6872048729814156e-15,5.089580945472218e-15,-8.898114059164584e-15,0.0
201_CT_2,THERMAL,2020-07-15 17:00:00,0.0,0.0,0.0,0.0,0.0,0.0,0.0
201_STEAM_3,THERMAL,2020-07-15 17:00:00,-1.6732092668973002e-07,1.6732092668973002e-07,8.378548508015128e-08,-4.236239022228769e-08,-3.8263481275709854e-08,-4.4636928248399785e-08,-4.205812694333271e-08
202_CT_1,THERMAL,2020-07-15 17:00:00,1.018411674015587e-11,1.4335825322440883e-11,1.2373049608929262e-11,-4.762860601252993e-13,-1.5995682310172074e-12,1.2259971031298376e-11,0.0
202_CT_2,THERMAL,2020-07-15 17:00:00,0.0,0.0,0.0,0.0,0.0,0.0,0.0
202_STEAM_3,THERMAL,2020-07-15 17:00:00,-1.691933388474949e-07,1.691933388474949e-07,8.472293822534135e-08,-4.2827051047568374e-08,-3.86981165805013e-08,-4.514206319871804e-08,-4.2526108020707184e-08
202_STEAM_4,THERMAL,2020-07-15 17:00:00,-1.6919333884749832e-07,1.6919333884749832e-07,8.472293822534308e-08,-4.282705104756927e-08,-3.8698116580502024e-08,-4.5142063198718984e-08,-4.252610802070808e-08
207_CT_1,THERMAL,2020-07-15 17:00:00,0.0,0.0,0.0,0.0,0.0,0.0,0.0
207_CT_2,THERMAL,2020-07-15 17:00:00,0.0,0.0,0.0,0.0,0.0,0.0,0.0
212_CSP_1,THERMAL,2020-07-15 17:00:00,-3.9646964004889775e-07,3.9646964004889775e-07,1.9844987887963174e-07,-1.0027868106880803e-07,-9.188033617181801e-08,-1.0471744715800924e-07,-9.959317565026248e-08
213_CC_3,THERMAL,2020-07-15 17:00:00,-4.3502665160088213e-07,4.3502665160088213e-07,2.1774566241365988e-07,-1.100738215541186e-07,-1.0086180590729299e-07,-1.148230890368751e-07,-1.0926793510259542e-07
213_CT_1,THERMAL,2020-07-15 17:00:00,0.0,0.0,0.0,0.0,0.0,0.0,0.0
213_CT_2,THERMAL,2020-07-15 17:00:00,0.0,0.0,0.0,0.0,0.0,0.0,0.0
215_CT_4,THERMAL,2020-07-15 17:00:00,0.0,0.0,0.0,0.0,0.0,0.0,0.0
215_CT_5,THERMAL,2020-07-15 17:00:00,0.0,0.0,0.0,0.0,0.0,0.0,0.0
216_STEAM_1,THERMAL,2020-07-15 17:00:00,-1.180571098104252e-07,1.180571098104252e-07,5.913757751746242e-08,-3.0004236676608004e-08,-2.670129889212321e-08,-3.1683671686266734e-08,-2.9667902555427254e-08
218_CC_1,THERMAL,2020-07-15 17:00:00,-1.017891150695369e-07,1.017891150695369e-07,5.100131499232908e-08,-2.5920324553396767e-08,-2.285809874713607e-08,-2.7430415272533537e-08,-2.5580276496470528e-08
221_CC_1,THERMAL,2020-07-15 17:00:00,-1.0422770882511659e-07,1.0422770882511659e-07,5.222189029099007e-08,-2.6538474501291986e-08,-2.342072025207642e-08,-2.8074802038702273e-08,-2.619371203304591e-08
223_CT_4,THERMAL,2020-07-15 17:00:00,5.473695802171719e-10,5.479322134904763e-10,5.475112376373631e-10,5.475111475305994e-10,1.3974932322469158e-13,-2.8131663665220685e-13,0.0
223_CT_5,THERMAL,2020-07-15 17:00:00,0.0,0.0,0.0,0.0,0.0,0.0,0.0
223_CT_6,THERMAL,2020-07-15 17:00:00,0.0,0.0,0.0,0.0,0.0,0.0,0.0
223_STEAM_1,THERMAL,2020-07-15 17:00:00,-0.32754045546917687,0.32754045546917687,0.16391031258934005,-0.08269683904577695,-0.07661386706752281,-0.08605323400496691,-0.08217651535091021
223_STEAM_2,THERMAL,2020-07-15 17:00:00,-0.32754044755182843,0.32754044755182843,0.16391030862727973,-0.08269683704682111,-0.07661386521560123,-0.08605323192487685,-0.08217651336452923
223_STEAM_3,THERMAL,2020-07-15 17:00:00,-0.9108241096479309,0.9108241096479309,0.45580151659104196,-0.229964019983578,-0.2130490936646649,-0.23929492001158298,-0.228516075988105
301_CT_1,THERMAL,2020-07-15 17:00:00,0.0,0.0,0.0,0.0,0.0,0.0,0.0
301_CT_2,THERMAL,2020-07-15 17:00:00,0.0,0.0,0.0,0.0,0.0,0.0,0.0
301_CT_3,THERMAL,2020-07-15 17:00:00,0.0,0.0,0.0,0.0,0.0,0.0,0.0
301_CT_4,THERMAL,2020-07-15 17:00:00,0.0,0.0,0.0,0.0,0.0,0.0,0.0
302_CT_1,THERMAL,2020-07-15 17:00:00,0.0,0.0,0.0,0.0,0.0,0.0,0.0
302_CT_2,THERMAL,2020-07-15 17:00:00,0.0,0.0,0.0,0.0,0.0,0.0,0.0
302_CT_3,THERMAL,2020-07-15 17:00:00,0.0,0.0,0.0,0.0,0.0,0.0,0.0
302_CT_4,THERMAL,2020-07-15 17:00:00,0.0,0.0,0.0,0.0,0.0,0.0,0.0
303_WIND_1,WIND,2020-07-15 17:00:00,1.0,1.0,1.0,0.0,1.0,0.0,0.0
307_CT_1,THERMAL,2020-07-15 17:00:00,0.0,0.0,0.0,0.0,0.0,0.0,0.0
307_CT_2,THERMAL,2020-07-15 17:00:00,0.0,0.0,0.0,0.0,0.0,0.0,0.0
309_WIND_1,WIND,2020-07-15 17:00:00,1.0,1.0,1.0,0.0,0.0,1.0,0.0
313_CC_1,THERMAL,2020-07-15 17:00:00,-9.570716593144862e-09,9.570716593144862e-09,5.049569934056178e-09,-2.6250418765742393e-09,-1.1283179706119196e-09,-3.363315848048387e-09,-2.4540408979103158e-09
315_CT_6,THERMAL,2020-07-15 17:00:00,0.0,0.0,0.0,0.0,0.0,0.0,0.0
315_CT_7,THERMAL,2020-07-15 17:00:00,0.0,0.0,0.0,0.0,0.0,0.0,0.0
315_CT_8,THERMAL,2020-07-15 17:00:00,0.0,0.0,0.0,0.0,0.0,0.0,0.0
315_STEAM_1,THERMAL,2020-07-15 17:00:00,0.0,0.0,0.0,0.0,0.0,0.0,0.0
315_STEAM_2,THERMAL,2020-07-15 17:00:00,0.0,0.0,0.0,0.0,0.0,0.0,0.0
315_STEAM_3,THERMAL,2020-07-15 17:00:00,0.0,0.0,0.0,0.0,0.0,0.0,0.0
315_STEAM_4,THERMAL,2020-07-15 17:00:00,0.0,0.0,0.0,0.0,0.0,0.0,0.0
315_STEAM_5,THERMAL,2020-07-15 17:00:00,0.0,0.0,0.0,0.0,0.0,0.0,0.0
316_STEAM_1,THERMAL,2020-07-15 17:00:00,-0.6790667298064373,0.6790667298064373,0.3395682381808607,-0.17028551815824713,-0.1659897720764834,-0.17278149231526863,-0.17000994725643814
317_WIND_1,WIND,2020-07-15 17:00:00,1.0,1.0,1.0,0.0,0.0,0.0,1.0
318_CC_1,THERMAL,2020-07-15 17:00:00,-0.40743684639828276,0.40743684639828276,0.2037805543310923,-0.10108203660733434,-0.1057945638311219,-0.0988240438525311,-0.10173620210729543
321_CC_1,THERMAL,2020-07-15 17:00:00,-1.3137003660557276,1.3137003660557276,0.6574852306334247,-0.3242042184762923,-0.35099588910970647,-0.3109119934001727,-0.327588265069556
322_CT_5,THERMAL,2020-07-15 17:00:00,0.0,0.0,0.0,0.0,0.0,0.0,0.0
322_CT_6,THERMAL,2020-07-15 17:00:00,0.0,0.0,0.0,0.0,0.0,0.0,0.0
323_CC_1,THERMAL,2020-07-15 17:00:00,-1.9297372237311845e-08,1.9297372237311845e-08,9.810202476552922e-09,-5.077539348685957e-09,-3.437342868705622e-09,-5.8973553149477945e-09,-4.885134704972472e-09
323_CC_2,THERMAL,2020-07-15 17:00:00,-1.929740759004649e-08,1.929740759004649e-08,9.810212278890671e-09,-5.077599492264471e-09,-3.4373684870365136e-09,-5.897304905773048e-09,-4.885134704972457e-09
101_CT_1,THERMAL,2020-07-15 18:00:00,4.786622487262804e-14,4.786622487262804e-14,3.2543312842887795e-14,5.303917027799088e-15,1.337038119109124e-14,2.919192665373771e-14,0.0
101_CT_2,THERMAL,2020-07-15 18:00:00,0.0,0.0,0.0,0.0,0.0,0.0,0.0
101_STEAM_3,THERMAL,2020-07-15 18:00:00,-0.02056037981654779,0.02056037981654779,0.010580187416374663,-0.005366744224429272,-0.006955982347669647,-0.0034772401953938057,-0.004760413049055066
101_STEAM_4,THERMAL,2020-07-15 18:00:00,-0.020560379764569932,0.020560379764569932,0.01058018738964542,-0.005366744210883783,-0.006955982330120092,-0.003477240186525169,-0.004760413037040886
102_CT_1,THERMAL,2020-07-15 18:00:00,9.313400687884318e-15,5.1345426179901617e-14,3.056346196437129e-14,1.9196812611213723e-14,1.1132600822679244e-14,-2.101601274600865e-14,0.0
102_CT_2,THERMAL,2020-07-15 18:00:00,0.0,0.0,0.0,0.0,0.0,0.0,0.0
102_STEAM_3,THERMAL,2020-07-15 18:00:00,-4.0948709519400367e-08,4.0948709519400367e-08,2.05431273028625e-08,-1.0510842149953118e-08,-8.916452362481497e-09,-1.1236891289933288e-08,-1.028452371703246e-08
102_STEAM_4,THERMAL,2020-07-15 18:00:00,-4.094870951940047e-08,4.094870951940047e-08,2.0543127302862558e-08,-1.051084214995316e-08,-8.916452362481502e-09,-1.1236891289933326e-08,-1.0284523717032482e-08
107_CC_1,THERMAL,2020-07-15 18:00:00,-1.2083439754624498e-07,1.2083439754624498e-07,6.0499178410843e-08,-3.0077535410018276e-08,-2.785573689662932e-08,-3.2248872017248686e-08,-3.06522532223487e-08
113_CT_1,THERMAL,2020-07-15 18:00:00,0.0,0.0,0.0,0.0,0.0,0.0,0.0
113_CT_2,THERMAL,2020-07-15 18:00:00,0.0,0.0,0.0,0.0,0.0,0.0,0.0
113_CT_3,THERMAL,2020-07-15 18:00:00,0.0,0.0,0.0,0.0,0.0,0.0,0.0
113_CT_4,THERMAL,2020-07-15 18:00:00,0.0,0.0,0.0,0.0,0.0,0.0,0.0
115_STEAM_1,THERMAL,2020-07-15 18:00:00,9.411738003599765e-15,5.751249848742881e-14,3.3971691892961146e-14,1.9541609029022778e-14,1.3920509216491512e-14,-2.4050380241914524e-14,0.0
115_STEAM_2,THERMAL,2020-07-15 18:00:00,0.0,0.0,0.0,0.0,0.0,0.0,0.0
115_STEAM_3,THERMAL,2020-07-15 18:00:00,-3.317057476739669e-08,3.317057476739669e-08,1.6661119602944185e-08,-8.547680676059408e-09,-7.041684167408162e-09,-9.23516900435495e-09,-8.346040919574171e-09
116_STEAM_1,THERMAL,2020-07-15 18:00:00,-3.5291207828109203e-08,3.5291207828109203e-08,1.7718633666061298e-08,-9.084643953190773e-09,-7.554819866397464e-09,-9.773165388082816e-09,-8.878578620438148e-09
118_CC_1,THERMAL,2020-07-15 18:00:00,-3.788624051751157e-08,3.788624051751157e-08,1.9015054023980015e-08,-9.784662333513629e-09,-8.154758788634378e-09,-1.0417689821906606e-08,-9.529129573456957e-09
122_WIND_1,WIND,2020-07-15 18:00:00,1.0,1.0,1.0,1.0,0.0,0.0,0.0
123_CT_1,THERMAL,2020-07-15 18:00:00,1.6277740434291466e-13,1.6277740434291466e-13,1.0889619117756502e-13,4.47682363647857e-14,2.098417103547899e-14,9.702499694264997e-14,0.0
123_CT_4,THERMAL,2020-07-15 18:00:00,0.0,0.0,0.0,0.0,0.0,0.0,0.0
123_CT_5,THERMAL,2020-07-15 18:00:00,0.0,0.0,0.0,0.0,0.0,0.0,0.0
123_STEAM_2,THERMAL,2020-07-15 18:00:00,-6.437189182492355e-08,6.437189182492355e-08,3.2272520201182335e-08,-1.6472366137617616e-08,-1.4230306959545317e-08,-1.7492991066319504e-08,-1.617622766144111e-08
123_STEAM_3,THERMAL,2020-07-15 18:00:00,-8.379972598666138e-08,8.379972598666138e-08,4.1973580029301604e-08,-2.145165936416394e-08,-1.896490961693171e-08,-2.2358953336325126e-08,-2.1024203669240618e-08
201_CT_1,THERMAL,2020-07-15 18:00:00,2.5164698831312694e-15,1.2199475740125496e-14,7.27346283490442e-15,4.7728851798692915e-15,2.585087631759091e-15,-4.841502928497113e-15,0.0
201_CT_2,THERMAL,2020-07-15 18:00:00,0.0,0.0,0.0,0.0,0.0,0.0,0.0
201_STEAM_3,THERMAL,2020-07-15 18:00:00,-1.718210922673767e-07,1.718210922673767e-07,8.598650669466923e-08,-4.340554324192867e-08,-4.0120065537485526e-08,-4.514078970525786e-08,-4.315469378270464e-08
202_CT_1,THERMAL,2020-07-15 18:00:00,9.789250636612668e-12,1.472910693937877e-11,1.240102396328519e-11,-7.618582495637308e-13,-1.7080699018193195e-12,1.2259178787995718e-11,0.0
202_CT_2,THERMAL,2020-07-15 18:00:00,0.0,0.0,0.0,0.0,0.0,0.0,0.0
202_STEAM_3,THERMAL,2020-07-15 18:00:00,-1.7421781054934264e-07,1.7421781054934264e-07,8.718534742064004e-08,-4.4005706520943225e-08,-4.06930692476477e-08,-4.576647310383891e-08,-4.375256167691278e-08
202_STEAM_4,THERMAL,2020-07-15 18:00:00,-1.7421781054934264e-07,1.7421781054934264e-07,8.718534742064004e-08,-4.4005706520943225e-08,-4.06930692476477e-08,-4.576647310383891e-08,-4.375256167691278e-08
207_CT_1,THERMAL,2020-07-15 18:00:00,0.0,0.0,0.0,0.0,0.0,0.0,0.0
207_CT_2,THERMAL,2020-07-15 18:00:00,0.0,0.0,0.0,0.0,0.0,0.0,0.0
212_CSP_1,THERMAL,2020-07-15 18:00:00,-3.347423383614322e-06,3.347423383614322e-06,1.6746715294677564e-06,-8.439615748478957e-07,-7.921750695416563e-07,-8.70827227217319e-07,-8.404595120074506e-07
213_CC_3,THERMAL,2020-07-15 18:00:00,-1.9669713500440366e-07,1.9669713500440366e-07,9.84019659887565e-08,-4.961193245112128e-08,-4.662026992230395e-08,-5.1113419496928714e-08,-4.935151313404971e-08
213_CT_1,THERMAL,2020-07-15 18:00:00,0.0,0.0,0.0,0.0,0.0,0.0,0.0
213_CT_2,THERMAL,2020-07-15 18:00:00,0.0,0.0,0.0,0.0,0.0,0.0,0.0
215_CT_4,THERMAL,2020-07-15 18:00:00,0.0,0.0,0.0,0.0,0.0,0.0,0.0
215_CT_5,THERMAL,2020-07-15 18:00:00,0.0,0.0,0.0,0.0,0.0,0.0,0.0
216_STEAM_1,THERMAL,2020-07-15 18:00:00,-1.3752129003073604e-07,1.3752129003073604e-07,6.883071012741941e-08,-3.4853455517177576e-08,-3.192132840679131e-08,-3.6209322651359344e-08,-3.4537183455407816e-08
218_CC_1,THERMAL,2020-07-15 18:00:00,-9.471596502202359e-08,9.471596502202359e-08,4.7423314887825394e-08,-2.4050885727433524e-08,-2.171591995114852e-08,-2.5158104044464835e-08,-2.3791055298976712e-08
221_CC_1,THERMAL,2020-07-15 18:00:00,-1.28281134083811e-07,1.28281134083811e-07,6.420436017130039e-08,-3.254673996977431e-08,-2.979231883415423e-08,-3.372888812691599e-08,-3.2213187152966456e-08
223_CT_4,THERMAL,2020-07-15 18:00:00,2.422784195488248e-13,3.2066016508736084e-13,2.8347282467914285e-13,-6.106226635438361e-15,-3.3084646133829665e-14,2.814692923180928e-13,0.0
223_CT_5,THERMAL,2020-07-15 18:00:00,0.0,0.0,0.0,0.0,0.0,0.0,0.0
223_CT_6,THERMAL,2020-07-15 18:00:00,0.0,0.0,0.0,0.0,0.0,0.0,0.0
223_STEAM_1,THERMAL,2020-07-15 18:00:00,-0.5228892110385837,0.5228892110385837,0.2615962015942268,-0.13176363526397877,-0.12379786646723748,-0.13620877969643105,-0.13111892961093624
223_STEAM_2,THERMAL,2020-07-15 18:00:00,-0.5228892116128349,0.5228892116128349,0.26159620188151894,-0.13176363540868496,-0.1237978666031957,-0.13620877984601965,-0.13111892975493458
223_STEAM_3,THERMAL,2020-07-15 18:00:00,-1.2255347259516138,1.2255347259516138,0.6131224253501949,-0.3088252330530617,-0.29015949231591986,-0.3192374369134931,-0.3073125636691391
301_CT_1,THERMAL,2020-07-15 18:00:00,0.0,0.0,0.0,0.0,0.0,0.0,0.0
301_CT_2,THERMAL,2020-07-15 18:00:00,0.0,0.0,0.0,0.0,0.0,0.0,0.0
301_CT_3,THERMAL,2020-07-15 18:00:00,0.0,0.0,0.0,0.0,0.0,0.0,0.0
301_CT_4,THERMAL,2020-07-15 18:00:00,0.0,0.0,0.0,0.0,0.0,0.0,0.0
302_CT_1,THERMAL,2020-07-15 18:00:00,0.0,0.0,0.0,0.0,0.0,0.0,0.0
302_CT_2,THERMAL,2020-07-15 18:00:00,0.0,0.0,0.0,0.0,0.0,0.0,0.0
302_CT_3,THERMAL,2020-07-15 18:00:00,0.0,0.0,0.0,0.0,0.0,0.0,0.0
302_CT_4,THERMAL,2020-07-15 18:00:00,0.0,0.0,0.0,0.0,0.0,0.0,0.0
303_WIND_1,WIND,2020-07-15 18:00:00,1.0,1.0,1.0,0.0,1.0,0.0,0.0
307_CT_1,THERMAL,2020-07-15 18:00:00,0.0,0.0,0.0,0.0,0.0,0.0,0.0
307_CT_2,THERMAL,2020-07-15 18:00:00,0.0,0.0,0.0,0.0,0.0,0.0,0.0
309_WIND_1,WIND,2020-07-15 18:00:00,1.0,1.0,1.0,0.0,0.0,1.0,0.0
313_CC_1,THERMAL,2020-07-15 18:00:00,-1.0109584353243544e-08,1.0109584353243544e-08,5.308687991077651e-09,-2.73653627782491e-09,-1.2680470847980603e-09,-3.5268818976419425e-09,-2.5781190929786315e-09
315_CT_6,THERMAL,2020-07-15 18:00:00,0.0,0.0,0.0,0.0,0.0,0.0,0.0
315_CT_7,THERMAL,2020-07-15 18:00:00,0.0,0.0,0.0,0.0,0.0,0.0,0.0
315_CT_8,THERMAL,2020-07-15 18:00:00,0.0,0.0,0.0,0.0,0.0,0.0,0.0
315_STEAM_1,THERMAL,2020-07-15 18:00:00,0.0,0.0,0.0,0.0,0.0,0.0,0.0
315_STEAM_2,THERMAL,2020-07-15 18:00:00,0.0,0.0,0.0,0.0,0.0,0.0,0.0
315_STEAM_3,THERMAL,2020-07-15 18:00:00,0.0,0.0,0.0,0.0,0.0,0.0,0.0
315_STEAM_4,THERMAL,2020-07-15 18:00:00,0.0,0.0,0.0,0.0,0.0,0.0,0.0
315_STEAM_5,THERMAL,2020-07-15 18:00:00,0.0,0.0,0.0,0.0,0.0,0.0,0.0
316_STEAM_1,THERMAL,2020-07-15 18:00:00,-0.5776635986553944,0.5776635986553944,0.2888334562863706,-0.14442255419212718,-0.14367669859991297,-0.14504899941696459,-0.14451534644638964
317_WIND_1,WIND,2020-07-15 18:00:00,1.0,1.0,1.0,0.0,0.0,0.0,1.0
318_CC_1,THERMAL,2020-07-15 18:00:00,-5.311347691661554e-08,5.311347691661554e-08,2.6603156115796935e-08,-1.3116258284674434e-08,-1.4484736005428188e-08,-1.2286815120887695e-08,-1.3225667505625227e-08
321_CC_1,THERMAL,2020-07-15 18:00:00,-1.1098975064352377,1.1098975064352377,0.5560391397356417,-0.2724901940950209,-0.3046549424436033,-0.2563402178931112,-0.27641215200350233
322_CT_5,THERMAL,2020-07-15 18:00:00,0.0,0.0,0.0,0.0,0.0,0.0,0.0
322_CT_6,THERMAL,2020-07-15 18:00:00,0.0,0.0,0.0,0.0,0.0,0.0,0.0
323_CC_1,THERMAL,2020-07-15 18:00:00,-2.063409266036916e-08,2.063409266036916e-08,1.044268716019863e-08,-5.408662218216276e-09,-3.886671963658567e-09,-6.120016158015593e-09,-5.218742320478724e-09
323_CC_2,THERMAL,2020-07-15 18:00:00,-2.0643818184653772e-08,2.0643818184653772e-08,1.0448806833438463e-08,-5.4079053195339255e-09,-3.884975013000519e-09,-6.132195531640585e-09,-5.218742320478743e-09
101_CT_1,THERMAL,2020-07-15 19:00:00,-1.1972031439128061e-14,2.1292158574465203e-14,1.415711232077655e-14,-3.821921078228652e-15,4.660063567668571e-15,-1.281017392856798e-14,0.0
101_CT_2,THERMAL,2020-07-15 19:00:00,0.0,0.0,0.0,0.0,0.0,0.0,0.0
101_STEAM_3,THERMAL,2020-07-15 19:00:00,-0.0005639143038006177,0.0005639143038006177,0.0003121688335033835,-0.0002544261842981873,-0.0001079232348445364,-0.00012021271988028371,-8.13521647776102e-05
101_STEAM_4,THERMAL,2020-07-15 19:00:00,-0.0005645986580663802,0.0005645986580663802,0.00031255135134311703,-0.0002547431271947631,-0.00010805300754608533,-0.00012035254341244829,-8.144997991308341e-05
102_CT_1,THERMAL,2020-07-15 19:00:00,-4.336808689942018e-19,1.3010426069826053e-18,9.69739903612216e-19,4.336808689942018e-19,0.0,-8.673617379884035e-19,0.0
102_CT_2,THERMAL,2020-07-15 19:00:00,0.0,0.0,0.0,0.0,0.0,0.0,0.0
102_STEAM_3,THERMAL,2020-07-15 19:00:00,-0.006421145098393467,0.006421145098393467,0.003221241802658978,-0.001751257783163185,-0.0014185685191263782,-0.0017018871085723248,-0.0015494316875315785
102_STEAM_4,THERMAL,2020-07-15 19:00:00,-0.006326945957166568,0.006326945957166568,0.0031739855852031275,-0.0017255637451862736,-0.0013977578717332786,-0.0016769211964520882,-0.0015267031437949273
107_CC_1,THERMAL,2020-07-15 19:00:00,-7.810475908082116e-07,7.810475908082116e-07,3.9112519972541096e-07,-2.0037991323804895e-07,-1.782987658216341e-07,-2.0774158049520507e-07,-1.9462733125332352e-07
113_CT_1,THERMAL,2020-07-15 19:00:00,0.0,0.0,0.0,0.0,0.0,0.0,0.0
113_CT_2,THERMAL,2020-07-15 19:00:00,0.0,0.0,0.0,0.0,0.0,0.0,0.0
113_CT_3,THERMAL,2020-07-15 19:00:00,0.0,0.0,0.0,0.0,0.0,0.0,0.0
113_CT_4,THERMAL,2020-07-15 19:00:00,0.0,0.0,0.0,0.0,0.0,0.0,0.0
115_STEAM_1,THERMAL,2020-07-15 19:00:00,-1.0255685189974884e-14,5.111883139008455e-14,3.319235438335496e-14,2.0431573100054834e-14,-5.0133508455729725e-15,-2.5673907444456745e-14,0.0
115_STEAM_2,THERMAL,2020-07-15 19:00:00,0.0,0.0,0.0,0.0,0.0,0.0,0.0
115_STEAM_3,THERMAL,2020-07-15 19:00:00,-0.10673563616350783,0.10673563616350783,0.053569828029915154,-0.02715411119293581,-0.023080486733909007,-0.029571161327974937,-0.026929876908688075
116_STEAM_1,THERMAL,2020-07-15 19:00:00,-5.755669741480641e-06,5.755669741480641e-06,2.8876581743856016e-06,-1.465299379166396e-06,-1.2539666341959688e-06,-1.5858825177517133e-06,-1.450521210366563e-06
118_CC_1,THERMAL,2020-07-15 19:00:00,-6.902884705092078e-06,6.902884705092078e-06,3.4659407186812663e-06,-1.7538790564025815e-06,-1.4807398770052006e-06,-1.9235080829511208e-06,-1.744757688733175e-06
122_WIND_1,WIND,2020-07-15 19:00:00,1.0,1.0,1.0,1.0,0.0,0.0,0.0
123_CT_1,THERMAL,2020-07-15 19:00:00,5.293955920339377e-22,2.2234614865425384e-21,1.3096523662153922e-21,8.470329472543003e-22,5.293955920339377e-22,-8.470329472543003e-22,0.0
123_CT_4,THERMAL,2020-07-15 19:00:00,0.0,0.0,0.0,0.0,0.0,0.0,0.0
123_CT_5,THERMAL,2020-07-15 19:00:00,0.0,0.0,0.0,0.0,0.0,0.0,0.0
123_STEAM_2,THERMAL,2020-07-15 19:00:00,-3.6291059772751507e-06,3.6291059772751507e-06,1.8184451232892149e-06,-9.273075992088957e-07,-8.141751028088955e-07,-9.784625408147873e-07,-9.09160734442572e-07
123_STEAM_3,THERMAL,2020-07-15 19:00:00,-3.710360802694799e-06,3.710360802694799e-06,1.859181596652668e-06,-9.48201147759292e-07,-8.323566724023665e-07,-1.0008416285108969e-06,-9.289613540222438e-07
201_CT_1,THERMAL,2020-07-15 19:00:00,0.0,8.470329472543003e-22,5.98942740891943e-22,4.235164736271502e-22,0.0,-4.235164736271502e-22,0.0
201_CT_2,THERMAL,2020-07-15 19:00:00,0.0,0.0,0.0,0.0,0.0,0.0,0.0
201_STEAM_3,THERMAL,2020-07-15 19:00:00,-6.723201244840943e-06,6.723201244840943e-06,3.363823244357988e-06,-1.7288606248300156e-06,-1.5865364664585048e-06,-1.7405437559698452e-06,-1.6672603975825771e-06
202_CT_1,THERMAL,2020-07-15 19:00:00,-5.53443327509773e-14,8.311643990863778e-14,5.103700266939505e-14,-3.182862163392773e-14,1.3886053578830238e-14,-3.740176469587981e-14,0.0
202_CT_2,THERMAL,2020-07-15 19:00:00,0.0,0.0,0.0,0.0,0.0,0.0,0.0
202_STEAM_3,THERMAL,2020-07-15 19:00:00,-1.5563171697684997e-05,1.5563171697684997e-05,7.786729393063825e-06,-4.002165695146892e-06,-3.6729607615473308e-06,-4.029330215610315e-06,-3.858715025380461e-06
202_STEAM_4,THERMAL,2020-07-15 19:00:00,-1.5662741110511115e-05,1.5662741110511115e-05,7.836556320910418e-06,-4.027890668280156e-06,-3.696260674594379e-06,-4.055216392236301e-06,-3.88337337540028e-06
207_CT_1,THERMAL,2020-07-15 19:00:00,0.0,0.0,0.0,0.0,0.0,0.0,0.0
207_CT_2,THERMAL,2020-07-15 19:00:00,0.0,0.0,0.0,0.0,0.0,0.0,0.0
212_CSP_1,THERMAL,2020-07-15 19:00:00,-0.00030894795144212627,0.00030894795144212627,0.00015455413555286632,-7.95633144112795e-05,-7.353638750173808e-05,-7.946053111318463e-05,-7.638771841592404e-05
213_CC_3,THERMAL,2020-07-15 19:00:00,-0.44079946151508687,0.44079946151508687,0.2205065054354366,-0.11358208483434346,-0.10509022263546097,-0.11306829250534245,-0.10905886153993997
213_CT_1,THERMAL,2020-07-15 19:00:00,0.0,0.0,0.0,0.0,0.0,0.0,0.0
213_CT_2,THERMAL,2020-07-15 19:00:00,0.0,0.0,0.0,0.0,0.0,0.0,0.0
215_CT_4,THERMAL,2020-07-15 19:00:00,0.0,0.0,0.0,0.0,0.0,0.0,0.0
215_CT_5,THERMAL,2020-07-15 19:00:00,0.0,0.0,0.0,0.0,0.0,0.0,0.0
216_STEAM_1,THERMAL,2020-07-15 19:00:00,-3.95031715418164e-06,3.95031715418164e-06,1.976843648384373e-06,-1.0146653768087229e-06,-9.23800958868788e-07,-1.0302658457569105e-06,-9.815849727472188e-07
218_CC_1,THERMAL,2020-07-15 19:00:00,0.0,0.0,0.0,0.0,0.0,0.0,0.0
221_CC_1,THERMAL,2020-07-15 19:00:00,-2.459757447750505e-06,2.459757447750505e-06,1.2311738102971716e-06,-6.311194444334193e-07,-5.706475192863669e-07,-6.458561108556956e-07,-6.121343731750233e-07
223_CT_4,THERMAL,2020-07-15 19:00:00,-1.263891769021086e-12,1.263891769021086e-12,8.846685881169973e-13,-3.472361287393255e-13,-1.1052270210143433e-13,-8.061329381803262e-13,0.0
223_CT_5,THERMAL,2020-07-15 19:00:00,0.0,0.0,0.0,0.0,0.0,0.0,0.0
223_CT_6,THERMAL,2020-07-15 19:00:00,0.0,0.0,0.0,0.0,0.0,0.0,0.0
223_STEAM_1,THERMAL,2020-07-15 19:00:00,-0.48311957110117226,0.48311957110117226,0.24163733841480006,-0.12472665439703093,-0.11672893361232811,-0.12248739103557821,-0.11917659205623504
223_STEAM_2,THERMAL,2020-07-15 19:00:00,-0.4831195711011502,0.4831195711011502,0.24163733841478904,-0.12472665439702514,-0.11672893361232278,-0.12248739103557277,-0.11917659205622955
223_STEAM_3,THERMAL,2020-07-15 19:00:00,-1.0909929274590668,1.0909929274590668,0.5456720625392012,-0.28165708679993806,-0.2635868821638935,-0.2766346649450767,-0.26911429355015853
301_CT_1,THERMAL,2020-07-15 19:00:00,0.0,0.0,0.0,0.0,0.0,0.0,0.0
301_CT_2,THERMAL,2020-07-15 19:00:00,0.0,0.0,0.0,0.0,0.0,0.0,0.0
301_CT_3,THERMAL,2020-07-15 19:00:00,0.0,0.0,0.0,0.0,0.0,0.0,0.0
301_CT_4,THERMAL,2020-07-15 19:00:00,0.0,0.0,0.0,0.0,0.0,0.0,0.0
302_CT_1,THERMAL,2020-07-15 19:00:00,0.0,0.0,0.0,0.0,0.0,0.0,0.0
302_CT_2,THERMAL,2020-07-15 19:00:00,0.0,0.0,0.0,0.0,0.0,0.0,0.0
302_CT_3,THERMAL,2020-07-15 19:00:00,0.0,0.0,0.0,0.0,0.0,0.0,0.0
302_CT_4,THERMAL,2020-07-15 19:00:00,0.0,0.0,0.0,0.0,0.0,0.0,0.0
303_WIND_1,WIND,2020-07-15 19:00:00,1.0,1.0,1.0,0.0,1.0,0.0,0.0
307_CT_1,THERMAL,2020-07-15 19:00:00,0.0,0.0,0.0,0.0,0.0,0.0,0.0
307_CT_2,THERMAL,2020-07-15 19:00:00,0.0,0.0,0.0,0.0,0.0,0.0,0.0
309_WIND_1,WIND,2020-07-15 19:00:00,1.0,1.0,1.0,0.0,0.0,1.0,0.0
313_CC_1,THERMAL,2020-07-15 19:00:00,-1.052886711363507e-08,1.052886711363507e-08,5.45249013907075e-09,-2.7435396648957234e-09,-1.4885823050170396e-09,-3.4332074736047444e-09,-2.8635376701175618e-09
315_CT_6,THERMAL,2020-07-15 19:00:00,0.0,0.0,0.0,0.0,0.0,0.0,0.0
315_CT_7,THERMAL,2020-07-15 19:00:00,0.0,0.0,0.0,0.0,0.0,0.0,0.0
315_CT_8,THERMAL,2020-07-15 19:00:00,0.0,0.0,0.0,0.0,0.0,0.0,0.0
315_STEAM_1,THERMAL,2020-07-15 19:00:00,0.0,0.0,0.0,0.0,0.0,0.0,0.0
315_STEAM_2,THERMAL,2020-07-15 19:00:00,0.0,0.0,0.0,0.0,0.0,0.0,0.0
315_STEAM_3,THERMAL,2020-07-15 19:00:00,0.0,0.0,0.0,0.0,0.0,0.0,0.0
315_STEAM_4,THERMAL,2020-07-15 19:00:00,0.0,0.0,0.0,0.0,0.0,0.0,0.0
315_STEAM_5,THERMAL,2020-07-15 19:00:00,0.0,0.0,0.0,0.0,0.0,0.0,0.0
316_STEAM_1,THERMAL,2020-07-15 19:00:00,-0.47063046156710586,0.47063046156710586,0.23542254038571744,-0.11178822610949396,-0.1204849362742278,-0.11786637695347199,-0.1204909222299121
317_WIND_1,WIND,2020-07-15 19:00:00,1.0,1.0,1.0,0.0,0.0,0.0,1.0
318_CC_1,THERMAL,2020-07-15 19:00:00,-2.414750914086347e-06,2.414750914086347e-06,1.2140212053896727e-06,-5.618681635510825e-07,-6.80746577108593e-07,-5.236816011944256e-07,-6.484545722322458e-07
321_CC_1,THERMAL,2020-07-15 19:00:00,-0.910347642373724,0.910347642373724,0.456267908260321,-0.21228195936442615,-0.2511777629917782,-0.21416768149034623,-0.23272023852717344
322_CT_5,THERMAL,2020-07-15 19:00:00,0.0,0.0,0.0,0.0,0.0,0.0,0.0
322_CT_6,THERMAL,2020-07-15 19:00:00,0.0,0.0,0.0,0.0,0.0,0.0,0.0
323_CC_1,THERMAL,2020-07-15 19:00:00,-8.06606568117402e-07,8.06606568117402e-07,4.0788160433973286e-07,-2.0218478627334634e-07,-1.554887208013103e-07,-2.409214144973111e-07,-2.0801164654543425e-07
323_CC_2,THERMAL,2020-07-15 19:00:00,-8.06606594879357e-07,8.06606594879357e-07,4.078816189001102e-07,-2.0218479554565106e-07,-1.55488722550535e-07,-2.4092143023775867e-07,-2.0801164654541236e-07
101_CT_1,THERMAL,2020-07-15 20:00:00,1.1951756858502582e-14,1.6451846395620917e-14,1.437893844881931e-14,-2.2500447685591674e-15,1.420180162706175e-14,0.0,0.0
101_CT_2,THERMAL,2020-07-15 20:00:00,0.0,0.0,0.0,0.0,0.0,0.0,0.0
101_STEAM_3,THERMAL,2020-07-15 20:00:00,-0.0006491111766988497,0.0006491111766988497,0.00036758090039059515,-0.00030820961529329525,-0.00012212115790617253,-0.00013465422445688342,-8.41261790424985e-05
101_STEAM_4,THERMAL,2020-07-15 20:00:00,-0.0006491111766988497,0.0006491111766988497,0.00036758090039059515,-0.00030820961529329525,-0.00012212115790617253,-0.00013465422445688342,-8.41261790424985e-05
102_CT_1,THERMAL,2020-07-15 20:00:00,2.6155687858631094e-12,3.4747174755545007e-12,3.0704766818050834e-12,-3.7779675221560893e-14,-3.917946696241348e-13,3.045143130708805e-12,0.0
102_CT_2,THERMAL,2020-07-15 20:00:00,0.0,0.0,0.0,0.0,0.0,0.0,0.0
102_STEAM_3,THERMAL,2020-07-15 20:00:00,-0.013359824401598304,0.013359824401598304,0.006692414202889797,-0.003373290754861893,-0.0030036362399533285,-0.0035508565623600377,-0.003432040844423044
102_STEAM_4,THERMAL,2020-07-15 20:00:00,-0.013359824400267358,0.013359824400267358,0.00669241420222308,-0.0033732907545256543,-0.0030036362396541586,-0.003550856562006457,-0.003432040844081089
107_CC_1,THERMAL,2020-07-15 20:00:00,-1.621120179866819e-05,1.621120179866819e-05,8.113882229814195e-06,-4.157884592626004e-06,-3.745110004893526e-06,-4.217657342930892e-06,-4.090549858217768e-06
113_CT_1,THERMAL,2020-07-15 20:00:00,0.0,0.0,0.0,0.0,0.0,0.0,0.0
113_CT_2,THERMAL,2020-07-15 20:00:00,0.0,0.0,0.0,0.0,0.0,0.0,0.0
113_CT_3,THERMAL,2020-07-15 20:00:00,0.0,0.0,0.0,0.0,0.0,0.0,0.0
113_CT_4,THERMAL,2020-07-15 20:00:00,0.0,0.0,0.0,0.0,0.0,0.0,0.0
115_STEAM_1,THERMAL,2020-07-15 20:00:00,-4.990931540255596e-12,6.630320475460713e-12,5.858966466877101e-12,7.208700325035677e-14,7.476074643522016e-13,-5.810626007858154e-12,0.0
115_STEAM_2,THERMAL,2020-07-15 20:00:00,0.0,0.0,0.0,0.0,0.0,0.0,0.0
115_STEAM_3,THERMAL,2020-07-15 20:00:00,-7.754487753296382e-05,7.754487753296382e-05,3.888313892677659e-05,-1.9318835867058562e-05,-1.7058447681500488e-05,-2.0974334446085612e-05,-2.019325953831916e-05
116_STEAM_1,THERMAL,2020-07-15 20:00:00,-3.060451724774917e-05,3.060451724774917e-05,1.5341650314081524e-05,-7.630217290166552e-06,-6.778163105014556e-06,-8.248233190233378e-06,-7.947903662334684e-06
118_CC_1,THERMAL,2020-07-15 20:00:00,-2.438042165971256e-05,2.438042165971256e-05,1.2229427382899484e-05,-6.069175477704771e-06,-5.31876160575484e-06,-6.6236204328405235e-06,-6.368864143412426e-06
122_WIND_1,WIND,2020-07-15 20:00:00,1.0,1.0,1.0,1.0,0.0,0.0,0.0
123_CT_1,THERMAL,2020-07-15 20:00:00,1.1742953470714516e-12,1.5864781996858851e-12,9.979067828078112e-13,-2.0609142630721678e-13,7.076640637956703e-13,6.72722709582998e-13,0.0
123_CT_4,THERMAL,2020-07-15 20:00:00,0.0,0.0,0.0,0.0,0.0,0.0,0.0
123_CT_5,THERMAL,2020-07-15 20:00:00,0.0,0.0,0.0,0.0,0.0,0.0,0.0
123_STEAM_2,THERMAL,2020-07-15 20:00:00,-2.888217188780416e-05,2.888217188780416e-05,1.4463092986524222e-05,-7.223305800485414e-06,-6.5839935709133355e-06,-7.660012795015786e-06,-7.414859721389625e-06
123_STEAM_3,THERMAL,2020-07-15 20:00:00,-6.111428489512218e-05,6.111428489512218e-05,3.0601159926230374e-05,-1.5305661007723685e-05,-1.3964422895909172e-05,-1.6182921064716246e-05,-1.566127992677308e-05
201_CT_1,THERMAL,2020-07-15 20:00:00,-8.0198976799839e-15,1.4692294689894192e-14,1.0809167229653356e-14,3.3361985049551457e-15,-1.1378159699149126e-15,-1.0218280215024134e-14,0.0
201_CT_2,THERMAL,2020-07-15 20:00:00,0.0,0.0,0.0,0.0,0.0,0.0,0.0
201_STEAM_3,THERMAL,2020-07-15 20:00:00,-0.0018128846895867866,0.0018128846895867866,0.0009067618150146423,-0.00045470945137626934,-0.00043417270638155067,-0.0004674796606561018,-0.00045652287117286497
202_CT_1,THERMAL,2020-07-15 20:00:00,-1.5612511283791264e-14,1.5612511283791264e-14,1.0297098788240895e-14,-4.864164626638967e-15,-1.8665624601510444e-15,-8.881784197001252e-15,0.0
202_CT_2,THERMAL,2020-07-15 20:00:00,0.0,0.0,0.0,0.0,0.0,0.0,0.0
202_STEAM_3,THERMAL,2020-07-15 20:00:00,-0.15507198004487185,0.15507198004487185,0.07756233690014278,-0.03889651120769351,-0.03716781831934257,-0.03996555163196161,-0.03904209888587416
202_STEAM_4,THERMAL,2020-07-15 20:00:00,-0.15507198005661504,0.15507198005661504,0.07756233690601635,-0.03889651121063851,-0.03716781832215719,-0.03996555163498777,-0.03904209888883156
207_CT_1,THERMAL,2020-07-15 20:00:00,0.0,0.0,0.0,0.0,0.0,0.0,0.0
207_CT_2,THERMAL,2020-07-15 20:00:00,0.0,0.0,0.0,0.0,0.0,0.0,0.0
212_CSP_1,THERMAL,2020-07-15 20:00:00,-0.6325236500983691,0.6325236500983691,0.3163278291811311,-0.15881644133893671,-0.1530680770974734,-0.16206181611399717,-0.1585773155479618
213_CC_3,THERMAL,2020-07-15 20:00:00,-0.2915687700214353,0.2915687700214353,0.14581380255248075,-0.07321011626732599,-0.07059900483748283,-0.07467590325880114,-0.07308374565782533
213_CT_1,THERMAL,2020-07-15 20:00:00,0.0,0.0,0.0,0.0,0.0,0.0,0.0
213_CT_2,THERMAL,2020-07-15 20:00:00,0.0,0.0,0.0,0.0,0.0,0.0,0.0
215_CT_4,THERMAL,2020-07-15 20:00:00,0.0,0.0,0.0,0.0,0.0,0.0,0.0
215_CT_5,THERMAL,2020-07-15 20:00:00,0.0,0.0,0.0,0.0,0.0,0.0,0.0
216_STEAM_1,THERMAL,2020-07-15 20:00:00,-7.527514433965565e-05,7.527514433965565e-05,3.7655434357935685e-05,-1.8865923320732225e-05,-1.7897168057612323e-05,-1.9491544857030974e-05,-1.9020508104280127e-05
218_CC_1,THERMAL,2020-07-15 20:00:00,0.0,0.0,0.0,0.0,0.0,0.0,0.0
221_CC_1,THERMAL,2020-07-15 20:00:00,-0.00014746361738632484,0.00014746361738632484,7.377652076273475e-05,-3.7007662417723464e-05,-3.480961462043464e-05,-3.833025210608909e-05,-3.731608824207765e-05
223_CT_4,THERMAL,2020-07-15 20:00:00,6.33125080140573e-10,6.332916968609936e-10,6.331747273631985e-10,6.331747209875616e-10,3.366751322175787e-14,-8.330836021031018e-14,0.0
223_CT_5,THERMAL,2020-07-15 20:00:00,0.0,0.0,0.0,0.0,0.0,0.0,0.0
223_CT_6,THERMAL,2020-07-15 20:00:00,0.0,0.0,0.0,0.0,0.0,0.0,0.0
223_STEAM_1,THERMAL,2020-07-15 20:00:00,-0.34433096697819693,0.34433096697819693,0.17217932979875678,-0.0865673674274462,-0.08448196567130338,-0.0874616893347642,-0.08581994454468315
223_STEAM_2,THERMAL,2020-07-15 20:00:00,-0.3443309669781696,0.3443309669781696,0.17217932979874312,-0.08656736742744241,-0.08448196567129874,-0.08746168933475736,-0.08581994454467114
223_STEAM_3,THERMAL,2020-07-15 20:00:00,-0.7776120442396373,0.7776120442396373,0.3888372048638484,-0.19549929352539497,-0.1907941660562716,-0.19751225845590006,-0.19380632620207067
301_CT_1,THERMAL,2020-07-15 20:00:00,0.0,0.0,0.0,0.0,0.0,0.0,0.0
301_CT_2,THERMAL,2020-07-15 20:00:00,0.0,0.0,0.0,0.0,0.0,0.0,0.0
301_CT_3,THERMAL,2020-07-15 20:00:00,0.0,0.0,0.0,0.0,0.0,0.0,0.0
301_CT_4,THERMAL,2020-07-15 20:00:00,0.0,0.0,0.0,0.0,0.0,0.0,0.0
302_CT_1,THERMAL,2020-07-15 20:00:00,0.0,0.0,0.0,0.0,0.0,0.0,0.0
302_CT_2,THERMAL,2020-07-15 20:00:00,0.0,0.0,0.0,0.0,0.0,0.0,0.0
302_CT_3,THERMAL,2020-07-15 20:00:00,0.0,0.0,0.0,0.0,0.0,0.0,0.0
302_CT_4,THERMAL,2020-07-15 20:00:00,0.0,0.0,0.0,0.0,0.0,0.0,0.0
303_WIND_1,WIND,2020-07-15 20:00:00,1.0,1.0,1.0,0.0,1.0,0.0,0.0
307_CT_1,THERMAL,2020-07-15 20:00:00,0.0,0.0,0.0,0.0,0.0,0.0,0.0
307_CT_2,THERMAL,2020-07-15 20:00:00,0.0,0.0,0.0,0.0,0.0,0.0,0.0
309_WIND_1,WIND,2020-07-15 20:00:00,1.0,1.0,1.0,0.0,0.0,1.0,0.0
313_CC_1,THERMAL,2020-07-15 20:00:00,-2.6612910810364738e-08,2.6612910810364738e-08,1.359773009760556e-08,-6.562190235648302e-09,-4.4458626780041755e-09,-8.198934420278192e-09,-7.4059234764340684e-09
315_CT_6,THERMAL,2020-07-15 20:00:00,0.0,0.0,0.0,0.0,0.0,0.0,0.0
315_CT_7,THERMAL,2020-07-15 20:00:00,0.0,0.0,0.0,0.0,0.0,0.0,0.0
315_CT_8,THERMAL,2020-07-15 20:00:00,0.0,0.0,0.0,0.0,0.0,0.0,0.0
315_STEAM_1,THERMAL,2020-07-15 20:00:00,0.0,0.0,0.0,0.0,0.0,0.0,0.0
315_STEAM_2,THERMAL,2020-07-15 20:00:00,0.0,0.0,0.0,0.0,0.0,0.0,0.0
315_STEAM_3,THERMAL,2020-07-15 20:00:00,0.0,0.0,0.0,0.0,0.0,0.0,0.0
315_STEAM_4,THERMAL,2020-07-15 20:00:00,0.0,0.0,0.0,0.0,0.0,0.0,0.0
315_STEAM_5,THERMAL,2020-07-15 20:00:00,0.0,0.0,0.0,0.0,0.0,0.0,0.0
316_STEAM_1,THERMAL,2020-07-15 20:00:00,-0.3388761135009773,0.3388761135009773,0.16969027971556166,-0.07972090244375833,-0.08412643259109116,-0.08279340218995004,-0.09223537627617774
317_WIND_1,WIND,2020-07-15 20:00:00,1.0,1.0,1.0,0.0,0.0,0.0,1.0
318_CC_1,THERMAL,2020-07-15 20:00:00,-0.6529338967554423,0.6529338967554423,0.32689634301906656,-0.1657244768889825,-0.17587580158451147,-0.1556023116491957,-0.15573130663275275
321_CC_1,THERMAL,2020-07-15 20:00:00,-0.27736531813232107,0.27736531813232107,0.13890501458386728,-0.06816227434213568,-0.07544076181874784,-0.06453328556474543,-0.06922899640669213
322_CT_5,THERMAL,2020-07-15 20:00:00,0.0,0.0,0.0,0.0,0.0,0.0,0.0
322_CT_6,THERMAL,2020-07-15 20:00:00,0.0,0.0,0.0,0.0,0.0,0.0,0.0
323_CC_1,THERMAL,2020-07-15 20:00:00,-1.1027560657815275e-05,1.1027560657815275e-05,5.563688035290773e-06,-2.7215666166228986e-06,-2.170200094528075e-06,-3.1514061856104426e-06,-2.9843877610538587e-06
323_CC_2,THERMAL,2020-07-15 20:00:00,-1.1027568975726298e-05,1.1027568975726298e-05,5.563692630503383e-06,-2.7215673129606115e-06,-2.1702004486732086e-06,-3.1514134530378734e-06,-2.984387761054604e-06
101_CT_1,THERMAL,2020-07-15 21:00:00,4.5155312865599595e-14,4.5155312865599595e-14,2.8200537136769788e-14,1.2216979814946849e-14,2.3664609768297984e-14,9.273723282354762e-15,0.0
101_CT_2,THERMAL,2020-07-15 21:00:00,0.0,0.0,0.0,0.0,0.0,0.0,0.0
101_STEAM_3,THERMAL,2020-07-15 21:00:00,-0.00023980031611723355,0.0002823249463739861,0.00021026257301313202,-0.00020545605935526486,-2.7916910309037688e-05,-2.7689661581307297e-05,2.1262315128376285e-05
101_STEAM_4,THERMAL,2020-07-15 21:00:00,-0.00023980031611139748,0.00028232494636712163,0.0002102625730080206,-0.00020545605935027057,-2.7916910308356965e-05,-2.768966158063201e-05,2.126231512786207e-05
102_CT_1,THERMAL,2020-07-15 21:00:00,0.0,0.0,0.0,0.0,0.0,0.0,0.0
102_CT_2,THERMAL,2020-07-15 21:00:00,0.0,0.0,0.0,0.0,0.0,0.0,0.0
102_STEAM_3,THERMAL,2020-07-15 21:00:00,-0.029892223038372023,0.029892223038372023,0.014951706853506504,-0.0076155875293620005,-0.007129000232328275,-0.007638210439165663,-0.007509424837516084
102_STEAM_4,THERMAL,2020-07-15 21:00:00,-0.02989166404005227,0.02989166404005227,0.014951427249549173,-0.007615445100741469,-0.007128866920652288,-0.007638067605073018,-0.007509284413585493
107_CC_1,THERMAL,2020-07-15 21:00:00,-6.5074055110814e-06,6.5074055110814e-06,3.2538761941164473e-06,-1.6342184188944398e-06,-1.6037153323586462e-06,-1.6491370011251227e-06,-1.6203347587031907e-06
113_CT_1,THERMAL,2020-07-15 21:00:00,0.0,0.0,0.0,0.0,0.0,0.0,0.0
113_CT_2,THERMAL,2020-07-15 21:00:00,0.0,0.0,0.0,0.0,0.0,0.0,0.0
113_CT_3,THERMAL,2020-07-15 21:00:00,0.0,0.0,0.0,0.0,0.0,0.0,0.0
113_CT_4,THERMAL,2020-07-15 21:00:00,0.0,0.0,0.0,0.0,0.0,0.0,0.0
115_STEAM_1,THERMAL,2020-07-15 21:00:00,-1.8316938406575528e-14,1.8316938406575528e-14,1.1811074311098099e-14,-8.787065584707487e-15,-1.859792972836588e-15,-7.670079849031453e-15,0.0
115_STEAM_2,THERMAL,2020-07-15 21:00:00,0.0,0.0,0.0,0.0,0.0,0.0,0.0
115_STEAM_3,THERMAL,2020-07-15 21:00:00,-0.00015991015055976364,0.00015991015055976364,8.001123640770785e-05,-3.99251970871737e-05,-3.759240718904222e-05,-4.159731505381115e-05,-4.079523122973658e-05
116_STEAM_1,THERMAL,2020-07-15 21:00:00,-1.578123632374506e-05,1.578123632374506e-05,7.895135054747555e-06,-3.942810665624741e-06,-3.7328050448426353e-06,-4.09170324777719e-06,-4.0139173655004965e-06
118_CC_1,THERMAL,2020-07-15 21:00:00,0.0,0.0,0.0,0.0,0.0,0.0,0.0
122_WIND_1,WIND,2020-07-15 21:00:00,1.0,1.0,1.0,1.0,0.0,0.0,0.0
123_CT_1,THERMAL,2020-07-15 21:00:00,-2.541098841762901e-21,2.541098841762901e-21,1.8940232492426095e-21,-1.6940658945086007e-21,0.0,-8.470329472543003e-22,0.0
123_CT_4,THERMAL,2020-07-15 21:00:00,0.0,0.0,0.0,0.0,0.0,0.0,0.0
123_CT_5,THERMAL,2020-07-15 21:00:00,0.0,0.0,0.0,0.0,0.0,0.0,0.0
123_STEAM_2,THERMAL,2020-07-15 21:00:00,-1.1525089484406078e-05,1.1525089484406078e-05,5.763653564358143e-06,-2.889298298236805e-06,-2.7919742745820783e-06,-2.9487352683125626e-06,-2.8950816432746335e-06
123_STEAM_3,THERMAL,2020-07-15 21:00:00,-2.2084527082968784e-05,2.2084527082968784e-05,1.1044268825177664e-05,-5.539757381166749e-06,-5.354482164592898e-06,-5.646208467503212e-06,-5.544079069705926e-06
201_CT_1,THERMAL,2020-07-15 21:00:00,-6.441055837224318e-14,6.441055837224318e-14,4.2709871989803644e-14,-2.8780843776743305e-14,-4.378750796874735e-15,-3.125096379862514e-14,0.0
201_CT_2,THERMAL,2020-07-15 21:00:00,0.0,0.0,0.0,0.0,0.0,0.0,0.0
201_STEAM_3,THERMAL,2020-07-15 21:00:00,-1.3720309188849373e-05,1.3720309188849373e-05,6.860546857395172e-06,-3.4620041973332998e-06,-3.4596149452671777e-06,-3.4276414731090513e-06,-3.3710485731398438e-06
202_CT_1,THERMAL,2020-07-15 21:00:00,-4.658681209898652e-21,4.658681209898652e-21,3.0832464679262277e-21,-1.6940658945086007e-21,-2.541098841762901e-21,-4.235164736271502e-22,0.0
202_CT_2,THERMAL,2020-07-15 21:00:00,0.0,0.0,0.0,0.0,0.0,0.0,0.0
202_STEAM_3,THERMAL,2020-07-15 21:00:00,-1.4002746949506698e-05,1.4002746949506698e-05,7.001783343743069e-06,-3.5334004458794325e-06,-3.531824975328536e-06,-3.497580441613797e-06,-3.4399410866849325e-06
202_STEAM_4,THERMAL,2020-07-15 21:00:00,-1.400274694946907e-05,1.400274694946907e-05,7.001783343724253e-06,-3.533400445869933e-06,-3.53182497531904e-06,-3.4975804416044057e-06,-3.4399410866756914e-06
207_CT_1,THERMAL,2020-07-15 21:00:00,0.0,0.0,0.0,0.0,0.0,0.0,0.0
207_CT_2,THERMAL,2020-07-15 21:00:00,0.0,0.0,0.0,0.0,0.0,0.0,0.0
212_CSP_1,THERMAL,2020-07-15 21:00:00,-0.00012761770292475915,0.00012761770292475915,6.381615018707897e-05,-3.225441884358027e-05,-3.243943756015e-05,-3.1717999462888e-05,-3.120584705814087e-05
213_CC_3,THERMAL,2020-07-15 21:00:00,0.0,0.0,0.0,0.0,0.0,0.0,0.0
213_CT_1,THERMAL,2020-07-15 21:00:00,0.0,0.0,0.0,0.0,0.0,0.0,0.0
213_CT_2,THERMAL,2020-07-15 21:00:00,0.0,0.0,0.0,0.0,0.0,0.0,0.0
215_CT_4,THERMAL,2020-07-15 21:00:00,0.0,0.0,0.0,0.0,0.0,0.0,0.0
215_CT_5,THERMAL,2020-07-15 21:00:00,0.0,0.0,0.0,0.0,0.0,0.0,0.0
216_STEAM_1,THERMAL,2020-07-15 21:00:00,-1.4533387106187467e-05,1.4533387106187467e-05,7.266927870003232e-06,-3.6632642559375483e-06,-3.638118682758318e-06,-3.646710143412335e-06,-3.585294024079266e-06
218_CC_1,THERMAL,2020-07-15 21:00:00,0.0,0.0,0.0,0.0,0.0,0.0,0.0
221_CC_1,THERMAL,2020-07-15 21:00:00,-1.6427116011776666e-05,1.6427116011776666e-05,8.213791518907308e-06,-4.137085759591419e-06,-4.088499391354725e-06,-4.136198678740905e-06,-4.065332182089618e-06
223_CT_4,THERMAL,2020-07-15 21:00:00,-2.284561428922416e-13,2.284561428922416e-13,1.497683067445716e-13,-1.1132761379428757e-13,-1.8707257964933888e-14,-9.842127113302013e-14,0.0
223_CT_5,THERMAL,2020-07-15 21:00:00,0.0,0.0,0.0,0.0,0.0,0.0,0.0
223_CT_6,THERMAL,2020-07-15 21:00:00,0.0,0.0,0.0,0.0,0.0,0.0,0.0
223_STEAM_1,THERMAL,2020-07-15 21:00:00,-0.5128564604155809,0.5128564604155809,0.25648705003270117,-0.12985174449640657,-0.13171987196177493,-0.12663494773242495,-0.12464989622497445
223_STEAM_2,THERMAL,2020-07-15 21:00:00,-0.5128564604157784,0.5128564604157784,0.25648705003279987,-0.12985174449645656,-0.13171987196182552,-0.12663494773247375,-0.12464989622502251
223_STEAM_3,THERMAL,2020-07-15 21:00:00,-1.162998342965167,1.162998342965167,0.5816327602482453,-0.29446738440474163,-0.29870537833030003,-0.2871631600930572,-0.28266242013706816
301_CT_1,THERMAL,2020-07-15 21:00:00,0.0,0.0,0.0,0.0,0.0,0.0,0.0
301_CT_2,THERMAL,2020-07-15 21:00:00,0.0,0.0,0.0,0.0,0.0,0.0,0.0
301_CT_3,THERMAL,2020-07-15 21:00:00,0.0,0.0,0.0,0.0,0.0,0.0,0.0
301_CT_4,THERMAL,2020-07-15 21:00:00,0.0,0.0,0.0,0.0,0.0,0.0,0.0
302_CT_1,THERMAL,2020-07-15 21:00:00,0.0,0.0,0.0,0.0,0.0,0.0,0.0
302_CT_2,THERMAL,2020-07-15 21:00:00,0.0,0.0,0.0,0.0,0.0,0.0,0.0
302_CT_3,THERMAL,2020-07-15 21:00:00,0.0,0.0,0.0,0.0,0.0,0.0,0.0
302_CT_4,THERMAL,2020-07-15 21:00:00,0.0,0.0,0.0,0.0,0.0,0.0,0.0
303_WIND_1,WIND,2020-07-15 21:00:00,1.0,1.0,1.0,0.0,1.0,0.0,0.0
307_CT_1,THERMAL,2020-07-15 21:00:00,0.0,0.0,0.0,0.0,0.0,0.0,0.0
307_CT_2,THERMAL,2020-07-15 21:00:00,0.0,0.0,0.0,0.0,0.0,0.0,0.0
309_WIND_1,WIND,2020-07-15 21:00:00,1.0,1.0,1.0,0.0,0.0,1.0,0.0
313_CC_1,THERMAL,2020-07-15 21:00:00,-1.946916708459514e-08,1.946916708459514e-08,9.86851218204646e-09,-4.9044146521737275e-09,-3.570935880325976e-09,-5.771376265784056e-09,-5.222440286311381e-09
315_CT_6,THERMAL,2020-07-15 21:00:00,0.0,0.0,0.0,0.0,0.0,0.0,0.0
315_CT_7,THERMAL,2020-07-15 21:00:00,0.0,0.0,0.0,0.0,0.0,0.0,0.0
315_CT_8,THERMAL,2020-07-15 21:00:00,0.0,0.0,0.0,0.0,0.0,0.0,0.0
315_STEAM_1,THERMAL,2020-07-15 21:00:00,0.0,0.0,0.0,0.0,0.0,0.0,0.0
315_STEAM_2,THERMAL,2020-07-15 21:00:00,0.0,0.0,0.0,0.0,0.0,0.0,0.0
315_STEAM_3,THERMAL,2020-07-15 21:00:00,0.0,0.0,0.0,0.0,0.0,0.0,0.0
315_STEAM_4,THERMAL,2020-07-15 21:00:00,0.0,0.0,0.0,0.0,0.0,0.0,0.0
315_STEAM_5,THERMAL,2020-07-15 21:00:00,0.0,0.0,0.0,0.0,0.0,0.0,0.0
316_STEAM_1,THERMAL,2020-07-15 21:00:00,-0.49865876201864945,0.49865876201864945,0.2496968458964937,-0.11759502960177415,-0.1283309391876896,-0.11881121547488749,-0.13392157775429828
317_WIND_1,WIND,2020-07-15 21:00:00,1.0,1.0,1.0,0.0,0.0,0.0,1.0
318_CC_1,THERMAL,2020-07-15 21:00:00,-0.4241123875622043,0.4241123875622043,0.212626150566687,-0.10893989412339526,-0.11744222296300924,-0.09944552626178904,-0.0982847442140108
321_CC_1,THERMAL,2020-07-15 21:00:00,0.0,0.0,0.0,0.0,0.0,0.0,0.0
322_CT_5,THERMAL,2020-07-15 21:00:00,0.0,0.0,0.0,0.0,0.0,0.0,0.0
322_CT_6,THERMAL,2020-07-15 21:00:00,0.0,0.0,0.0,0.0,0.0,0.0,0.0
323_CC_1,THERMAL,2020-07-15 21:00:00,-0.4139189839567952,0.4139189839567952,0.2078139686879198,-0.10177386929140184,-0.08883312326688164,-0.112936341501546,-0.11037564989696574
323_CC_2,THERMAL,2020-07-15 21:00:00,-0.41391898308343256,0.41391898308343256,0.20781396824943502,-0.10177386907666433,-0.08883312307944832,-0.11293634126324886,-0.11037564966407105
101_CT_1,THERMAL,2020-07-15 22:00:00,-2.5945500088664364e-15,1.1597331168317071e-14,7.583196150168272e-15,4.501390579725317e-15,-1.0917373775842787e-15,-6.004203211007475e-15,0.0
101_CT_2,THERMAL,2020-07-15 22:00:00,0.0,0.0,0.0,0.0,0.0,0.0,0.0
101_STEAM_3,THERMAL,2020-07-15 22:00:00,0.00017343864669633037,0.0003701079493918074,0.00018800300638195715,-9.833465134773853e-05,8.621667026186226e-05,7.012349690907889e-05,0.00011543313087312776
101_STEAM_4,THERMAL,2020-07-15 22:00:00,0.0001734386466889428,0.00037010794931180635,0.00018800300633854707,-9.833465131143177e-05,8.621667024525329e-05,7.012349690979598e-05,0.00011543313084532532
102_CT_1,THERMAL,2020-07-15 22:00:00,0.0,0.0,0.0,0.0,0.0,0.0,0.0
102_CT_2,THERMAL,2020-07-15 22:00:00,0.0,0.0,0.0,0.0,0.0,0.0,0.0
102_STEAM_3,THERMAL,2020-07-15 22:00:00,-0.025485357412613163,0.025485357412613163,0.01281550008127892,-0.007088639723885459,-0.006820996786553346,-0.006269303507701274,-0.005306417394473084
102_STEAM_4,THERMAL,2020-07-15 22:00:00,-0.025485357412613163,0.025485357412613163,0.01281550008127892,-0.007088639723885459,-0.006820996786553346,-0.006269303507701274,-0.005306417394473084
107_CC_1,THERMAL,2020-07-15 22:00:00,-1.0814675250229417e-07,1.0814675250229417e-07,5.474085708347686e-08,-3.1092848740144063e-08,-3.006546134276533e-08,-2.680385602360502e-08,-2.0184586395779757e-08
113_CT_1,THERMAL,2020-07-15 22:00:00,0.0,0.0,0.0,0.0,0.0,0.0,0.0
113_CT_2,THERMAL,2020-07-15 22:00:00,0.0,0.0,0.0,0.0,0.0,0.0,0.0
113_CT_3,THERMAL,2020-07-15 22:00:00,0.0,0.0,0.0,0.0,0.0,0.0,0.0
113_CT_4,THERMAL,2020-07-15 22:00:00,0.0,0.0,0.0,0.0,0.0,0.0,0.0
115_STEAM_1,THERMAL,2020-07-15 22:00:00,1.5404344466674047e-15,8.423817199343375e-15,5.335012247701664e-15,3.941291737419306e-15,1.0408340855860843e-15,-3.4416913763379853e-15,0.0
115_STEAM_2,THERMAL,2020-07-15 22:00:00,0.0,0.0,0.0,0.0,0.0,0.0,0.0
115_STEAM_3,THERMAL,2020-07-15 22:00:00,-0.36581625167368625,0.36581625167368625,0.183566139357058,-0.09879414974082269,-0.09703786640359556,-0.09101606227989387,-0.07896817324937412
116_STEAM_1,THERMAL,2020-07-15 22:00:00,-0.3676627488347997,0.3676627488347997,0.18470038409514844,-0.10040103783137622,-0.09825709634004609,-0.09150682791994047,-0.07749778674343694
118_CC_1,THERMAL,2020-07-15 22:00:00,0.0,0.0,0.0,0.0,0.0,0.0,0.0
122_WIND_1,WIND,2020-07-15 22:00:00,1.0,1.0,1.0,1.0,0.0,0.0,0.0
123_CT_1,THERMAL,2020-07-15 22:00:00,3.105737889086413e-12,3.2167601915489286e-12,3.1468140104156186e-12,3.1462887850608467e-12,1.4960255256823984e-14,-5.551115123125783e-14,0.0
123_CT_4,THERMAL,2020-07-15 22:00:00,0.0,0.0,0.0,0.0,0.0,0.0,0.0
123_CT_5,THERMAL,2020-07-15 22:00:00,0.0,0.0,0.0,0.0,0.0,0.0,0.0
123_STEAM_2,THERMAL,2020-07-15 22:00:00,-0.2962996944286297,0.2962996944286297,0.14983680629439847,-0.08479818371225278,-0.08174422941818038,-0.07381568410558778,-0.055941597192608716
123_STEAM_3,THERMAL,2020-07-15 22:00:00,-0.7011121962157729,0.7011121962157729,0.3545478181902393,-0.2006521042774219,-0.19342503708373973,-0.1746644067108838,-0.13237064814372745
201_CT_1,THERMAL,2020-07-15 22:00:00,-3.5337253052977185e-15,5.615544465055819e-15,3.398281728005385e-15,-2.3116462636978347e-15,1.0409095798790501e-15,-2.262988621478934e-15,0.0
201_CT_2,THERMAL,2020-07-15 22:00:00,0.0,0.0,0.0,0.0,0.0,0.0,0.0
201_STEAM_3,THERMAL,2020-07-15 22:00:00,-1.3993357696181076e-08,1.3993357696181076e-08,7.171156664682051e-09,-4.251657719338719e-09,-4.0482839694092046e-09,-3.4602218720104022e-09,-2.2331941354227502e-09
202_CT_1,THERMAL,2020-07-15 22:00:00,1.5094003719266074e-12,1.57013264199046e-12,1.5328368539297048e-12,1.532518903915534e-12,7.247603042999789e-15,-3.0366135031926295e-14,0.0
202_CT_2,THERMAL,2020-07-15 22:00:00,0.0,0.0,0.0,0.0,0.0,0.0,0.0
202_STEAM_3,THERMAL,2020-07-15 22:00:00,-1.3879995628621127e-08,1.3879995628621127e-08,7.110560012361812e-09,-4.2035784688159655e-09,-4.007634422201444e-09,-3.451363499782984e-09,-2.2174192378207314e-09
202_STEAM_4,THERMAL,2020-07-15 22:00:00,-1.3879995628621218e-08,1.3879995628621218e-08,7.110560012361861e-09,-4.203578468816003e-09,-4.007634422201482e-09,-3.4513634997829907e-09,-2.2174192378207434e-09
207_CT_1,THERMAL,2020-07-15 22:00:00,0.0,0.0,0.0,0.0,0.0,0.0,0.0
207_CT_2,THERMAL,2020-07-15 22:00:00,0.0,0.0,0.0,0.0,0.0,0.0,-0.0
212_CSP_1,THERMAL,2020-07-15 22:00:00,-1.714928486916246e-08,1.714928486916246e-08,8.760554224733473e-09,-5.1346586982248255e-09,-4.912542594937008e-09,-4.268579267829864e-09,-2.8335043081707597e-09
213_CC_3,THERMAL,2020-07-15 22:00:00,0.0,0.0,0.0,0.0,0.0,0.0,0.0
213_CT_1,THERMAL,2020-07-15 22:00:00,0.0,0.0,0.0,0.0,0.0,0.0,0.0
213_CT_2,THERMAL,2020-07-15 22:00:00,0.0,0.0,0.0,0.0,0.0,0.0,0.0
215_CT_4,THERMAL,2020-07-15 22:00:00,0.0,0.0,0.0,0.0,0.0,0.0,0.0
215_CT_5,THERMAL,2020-07-15 22:00:00,0.0,0.0,0.0,0.0,0.0,0.0,0.0
216_STEAM_1,THERMAL,2020-07-15 22:00:00,-2.1703662348105294e-08,2.1703662348105294e-08,1.1076132367128061e-08,-6.485677772616327e-09,-6.206432090483105e-09,-5.3697362112359315e-09,-3.64181627376993e-09
218_CC_1,THERMAL,2020-07-15 22:00:00,0.0,0.0,0.0,0.0,0.0,0.0,0.0
221_CC_1,THERMAL,2020-07-15 22:00:00,-4.224214908676933e-08,4.224214908676933e-08,2.145014478799058e-08,-1.2348730704658806e-08,-1.1890105566791931e-08,-1.0447912757172162e-08,-7.55540005814643e-09
223_CT_4,THERMAL,2020-07-15 22:00:00,1.003639275970856e-11,1.003639275970856e-11,6.930247018268244e-12,3.055747089202376e-12,8.139422128015014e-13,6.166703457704682e-12,0.0
223_CT_5,THERMAL,2020-07-15 22:00:00,0.0,0.0,0.0,0.0,0.0,0.0,0.0
223_CT_6,THERMAL,2020-07-15 22:00:00,0.0,0.0,0.0,0.0,0.0,0.0,0.0
223_STEAM_1,THERMAL,2020-07-15 22:00:00,-1.3873770724919275e-08,1.3873770724919275e-08,7.163740895694907e-09,-4.324194755526348e-09,-4.084543867669165e-09,-3.4409427561676216e-09,-2.0240893455561392e-09
223_STEAM_2,THERMAL,2020-07-15 22:00:00,-1.3873770724919051e-08,1.3873770724919051e-08,7.16374089569479e-09,-4.324194755526274e-09,-4.084543867669096e-09,-3.440942756167572e-09,-2.0240893455561074e-09
223_STEAM_3,THERMAL,2020-07-15 22:00:00,-2.202334550398316e-08,2.202334550398316e-08,1.1284422981542432e-08,-6.685713778624874e-09,-6.35928913728545e-09,-5.4621967692092334e-09,-3.516145818863604e-09
301_CT_1,THERMAL,2020-07-15 22:00:00,0.0,0.0,0.0,0.0,0.0,0.0,0.0
301_CT_2,THERMAL,2020-07-15 22:00:00,0.0,0.0,0.0,0.0,0.0,0.0,0.0
301_CT_3,THERMAL,2020-07-15 22:00:00,0.0,0.0,0.0,0.0,0.0,0.0,0.0
301_CT_4,THERMAL,2020-07-15 22:00:00,0.0,0.0,0.0,0.0,0.0,0.0,0.0
302_CT_1,THERMAL,2020-07-15 22:00:00,0.0,0.0,0.0,0.0,0.0,0.0,0.0
302_CT_2,THERMAL,2020-07-15 22:00:00,0.0,0.0,0.0,0.0,0.0,0.0,0.0
302_CT_3,THERMAL,2020-07-15 22:00:00,0.0,0.0,0.0,0.0,0.0,0.0,0.0
302_CT_4,THERMAL,2020-07-15 22:00:00,0.0,0.0,0.0,0.0,0.0,0.0,0.0
303_WIND_1,WIND,2020-07-15 22:00:00,1.0,1.0,1.0,0.0,1.0,0.0,0.0
307_CT_1,THERMAL,2020-07-15 22:00:00,0.0,0.0,0.0,0.0,0.0,0.0,0.0
307_CT_2,THERMAL,2020-07-15 22:00:00,0.0,0.0,0.0,0.0,0.0,0.0,0.0
309_WIND_1,WIND,2020-07-15 22:00:00,1.0,1.0,1.0,0.0,0.0,1.0,0.0
313_CC_1,THERMAL,2020-07-15 22:00:00,-0.7048059767247179,0.7048059767247179,0.3549968314715519,-0.1619769366232613,-0.15017913839406594,-0.18779629056061076,-0.20485361114677986
315_CT_6,THERMAL,2020-07-15 22:00:00,0.0,0.0,0.0,0.0,0.0,0.0,0.0
315_CT_7,THERMAL,2020-07-15 22:00:00,0.0,0.0,0.0,0.0,0.0,0.0,0.0
315_CT_8,THERMAL,2020-07-15 22:00:00,0.0,0.0,0.0,0.0,0.0,0.0,0.0
315_STEAM_1,THERMAL,2020-07-15 22:00:00,0.0,0.0,0.0,0.0,0.0,0.0,0.0
315_STEAM_2,THERMAL,2020-07-15 22:00:00,0.0,0.0,0.0,0.0,0.0,0.0,0.0
315_STEAM_3,THERMAL,2020-07-15 22:00:00,0.0,0.0,0.0,0.0,0.0,0.0,0.0
315_STEAM_4,THERMAL,2020-07-15 22:00:00,0.0,0.0,0.0,0.0,0.0,0.0,0.0
315_STEAM_5,THERMAL,2020-07-15 22:00:00,0.0,0.0,0.0,0.0,0.0,0.0,0.0
316_STEAM_1,THERMAL,2020-07-15 22:00:00,-0.31494922091052435,0.31494922091052435,0.15927616558188445,-0.0657546988456853,-0.08121399129505251,-0.07093701365862513,-0.09704351711116138
317_WIND_1,WIND,2020-07-15 22:00:00,1.0,1.0,1.0,0.0,0.0,0.0,1.0
318_CC_1,THERMAL,2020-07-15 22:00:00,0.0,0.0,0.0,0.0,0.0,0.0,0.0
321_CC_1,THERMAL,2020-07-15 22:00:00,0.0,0.0,0.0,0.0,0.0,0.0,0.0
322_CT_5,THERMAL,2020-07-15 22:00:00,0.0,0.0,0.0,0.0,0.0,0.0,0.0
322_CT_6,THERMAL,2020-07-15 22:00:00,0.0,0.0,0.0,0.0,0.0,0.0,0.0
323_CC_1,THERMAL,2020-07-15 22:00:00,-0.5993648964957143,0.5993648964957143,0.30084757123837835,-0.13662442859020824,-0.14233650059339775,-0.14893264257978422,-0.17147132473232415
323_CC_2,THERMAL,2020-07-15 22:00:00,-0.5993648964031197,0.5993648964031197,0.3008475711918987,-0.1366244285691393,-0.142336500571412,-0.14893264255674465,-0.17147132470582377
101_CT_1,THERMAL,2020-07-15 23:00:00,-1.8178817826064453e-14,3.945390021631301e-14,2.978430937554625e-14,5.050538980089225e-15,5.587002215035053e-15,-2.881635902118873e-14,0.0
101_CT_2,THERMAL,2020-07-15 23:00:00,0.0,0.0,0.0,0.0,0.0,0.0,0.0
101_STEAM_3,THERMAL,2020-07-15 23:00:00,-0.0020051240910807767,0.0020051240910807767,0.001084858394244193,-0.0007561684984031378,-0.0005621804041501034,-0.0005065593611015748,-0.00018021582742596076
101_STEAM_4,THERMAL,2020-07-15 23:00:00,-0.002343217075287797,0.002343217075287797,0.001267780404726978,-0.0008836680777695561,-0.0006569723313054938,-0.0005919720847282659,-0.00021060458148448145
102_CT_1,THERMAL,2020-07-15 23:00:00,0.0,0.0,0.0,0.0,0.0,0.0,0.0
102_CT_2,THERMAL,2020-07-15 23:00:00,0.0,0.0,0.0,0.0,0.0,0.0,0.0
102_STEAM_3,THERMAL,2020-07-15 23:00:00,-0.1486291243110034,0.1486291243110034,0.07453352235623943,-0.0399228103547829,-0.03898232813381117,-0.037215305681554955,-0.03250868014085438
102_STEAM_4,THERMAL,2020-07-15 23:00:00,-0.14916958523047572,0.14916958523047572,0.07480454733974835,-0.04006793464560898,-0.0391240995275461,-0.0373506525479575,-0.03262689850936313
107_CC_1,THERMAL,2020-07-15 23:00:00,-0.6591872719640343,0.6591872719640343,0.33032305699883363,-0.17499995321061013,-0.17313693864232427,-0.16376440589424313,-0.1472859742168567
113_CT_1,THERMAL,2020-07-15 23:00:00,0.0,0.0,0.0,0.0,0.0,0.0,0.0
113_CT_2,THERMAL,2020-07-15 23:00:00,0.0,0.0,0.0,0.0,0.0,0.0,0.0
113_CT_3,THERMAL,2020-07-15 23:00:00,0.0,0.0,0.0,0.0,0.0,0.0,0.0
113_CT_4,THERMAL,2020-07-15 23:00:00,0.0,0.0,0.0,0.0,0.0,0.0,0.0
115_STEAM_1,THERMAL,2020-07-15 23:00:00,6.855627177060342e-15,6.855627177060342e-15,4.678193830533189e-15,4.08006961549745e-15,5.551115123125783e-16,2.220446049250313e-15,0.0
115_STEAM_2,THERMAL,2020-07-15 23:00:00,0.0,0.0,0.0,0.0,0.0,0.0,0.0
115_STEAM_3,THERMAL,2020-07-15 23:00:00,-0.32585752509044036,0.32585752509044036,0.16293476252453953,-0.08070080360905049,-0.08151575998963001,-0.08107353023855701,-0.08256743125320283
116_STEAM_1,THERMAL,2020-07-15 23:00:00,-0.32652704135124627,0.32652704135124627,0.16326488731597968,-0.08154710322514624,-0.08215694191456531,-0.08122951804792809,-0.08159347816360664
118_CC_1,THERMAL,2020-07-15 23:00:00,0.0,0.0,0.0,0.0,0.0,0.0,0.0
122_WIND_1,WIND,2020-07-15 23:00:00,1.0,1.0,1.0,1.0,0.0,0.0,0.0
123_CT_1,THERMAL,2020-07-15 23:00:00,2.914335439641036e-16,2.914335439641036e-16,2.118352371637509e-16,1.8041124150158794e-16,1.1102230246251565e-16,0.0,0.0
123_CT_4,THERMAL,2020-07-15 23:00:00,0.0,0.0,0.0,0.0,0.0,0.0,0.0
123_CT_5,THERMAL,2020-07-15 23:00:00,0.0,0.0,0.0,0.0,0.0,0.0,0.0
123_STEAM_2,THERMAL,2020-07-15 23:00:00,-0.32940212047355105,0.32940212047355105,0.16483171547436906,-0.0853217612263318,-0.0850327507171547,-0.08187453855117283,-0.07717306997889174
123_STEAM_3,THERMAL,2020-07-15 23:00:00,-0.743838085570198,0.743838085570198,0.3722139559910538,-0.19267906994645906,-0.19200422676746243,-0.1848830877526828,-0.17427170110359366
201_CT_1,THERMAL,2020-07-15 23:00:00,-1.5495394989882586e-08,1.5495394989882586e-08,1.5495394989882586e-08,-1.5495394989882586e-08,1.6543612251060553e-24,0.0,0.0
201_CT_2,THERMAL,2020-07-15 23:00:00,0.0,0.0,0.0,0.0,0.0,0.0,0.0
201_STEAM_3,THERMAL,2020-07-15 23:00:00,-4.2628818532293814e-08,4.2628818532293814e-08,2.1445661186366207e-08,-1.1913582847490586e-08,-1.1378561670272831e-08,-1.0550884683054551e-08,-8.785789331475851e-09
202_CT_1,THERMAL,2020-07-15 23:00:00,-1.610768387278504e-14,1.610768387278504e-14,1.069515372515641e-14,-8.114617536357307e-15,-1.1160175273864865e-15,-6.877048809041248e-15,0.0
202_CT_2,THERMAL,2020-07-15 23:00:00,0.0,0.0,0.0,0.0,0.0,0.0,0.0
202_STEAM_3,THERMAL,2020-07-15 23:00:00,-5.481277307905509e-08,5.481277307905509e-08,2.75722564760366e-08,-1.5268754519691808e-08,-1.465248680206347e-08,-1.3587018808713273e-08,-1.1304512948586539e-08
202_STEAM_4,THERMAL,2020-07-15 23:00:00,-5.210540429298483e-08,5.210540429298483e-08,2.621090112811647e-08,-1.4508477372769032e-08,-1.3940374264016447e-08,-1.2915738020098051e-08,-1.0740814636101296e-08
207_CT_1,THERMAL,2020-07-15 23:00:00,0.0,0.0,0.0,0.0,0.0,0.0,0.0
207_CT_2,THERMAL,2020-07-15 23:00:00,0.0,0.0,0.0,0.0,0.0,0.0,0.0
212_CSP_1,THERMAL,2020-07-15 23:00:00,-6.427746443511109e-08,6.427746443511109e-08,3.627259761341192e-08,-3.05619913265609e-08,-1.2043906134530173e-08,-1.1779695889625194e-08,-9.891871084394825e-09
213_CC_3,THERMAL,2020-07-15 23:00:00,0.0,0.0,0.0,0.0,0.0,0.0,0.0
213_CT_1,THERMAL,2020-07-15 23:00:00,0.0,0.0,0.0,0.0,0.0,0.0,0.0
213_CT_2,THERMAL,2020-07-15 23:00:00,0.0,0.0,0.0,0.0,0.0,0.0,0.0
215_CT_4,THERMAL,2020-07-15 23:00:00,0.0,0.0,0.0,0.0,0.0,0.0,0.0
215_CT_5,THERMAL,2020-07-15 23:00:00,0.0,0.0,0.0,0.0,0.0,0.0,0.0
216_STEAM_1,THERMAL,2020-07-15 23:00:00,-5.218616861362349e-07,5.218616861362349e-07,2.620898704427018e-07,-1.4286942184860152e-07,-1.3866386858185642e-07,-1.2946180905082372e-07,-1.108665866549533e-07
218_CC_1,THERMAL,2020-07-15 23:00:00,0.0,0.0,0.0,0.0,0.0,0.0,0.0
221_CC_1,THERMAL,2020-07-15 23:00:00,-0.35927034804048313,0.35927034804048313,0.1803254448567247,-0.09720307150453489,-0.09567887696534855,-0.08918718316909402,-0.07720121640150567
223_CT_4,THERMAL,2020-07-15 23:00:00,1.406207041340147e-23,2.0679515313825692e-23,1.376702913202619e-23,1.2407709188295415e-23,4.963083675318166e-24,-3.308722450212111e-24,0.0
223_CT_5,THERMAL,2020-07-15 23:00:00,0.0,0.0,0.0,0.0,0.0,0.0,0.0
223_CT_6,THERMAL,2020-07-15 23:00:00,0.0,0.0,0.0,0.0,0.0,0.0,0.0
223_STEAM_1,THERMAL,2020-07-15 23:00:00,-2.0723775239417415e-08,2.0723775239417415e-08,1.0467725290218483e-08,-6.062300170589983e-09,-5.511252186928551e-09,-5.115758891237812e-09,-4.0344639906610694e-09
223_STEAM_2,THERMAL,2020-07-15 23:00:00,-2.072377523941744e-08,2.072377523941744e-08,1.0467725290218498e-08,-6.062300170589985e-09,-5.5112521869285584e-09,-5.115758891237825e-09,-4.034463990661076e-09
223_STEAM_3,THERMAL,2020-07-15 23:00:00,-3.682171612072294e-08,3.682171612072294e-08,1.8569142070035392e-08,-1.0908774247331216e-08,-9.319467614608176e-09,-9.099080892916762e-09,-7.494393365866785e-09
301_CT_1,THERMAL,2020-07-15 23:00:00,1.6204886810337403e-13,1.6204886810337403e-13,1.1713499575611699e-13,9.821002982246548e-14,6.383883828090849e-14,5.048709793414476e-29,0.0
301_CT_2,THERMAL,2020-07-15 23:00:00,3.698520329622655e-13,4.975297095240824e-13,3.4202630543530434e-13,1.2281625324078351e-14,-6.383883828090849e-14,3.201643912377071e-13,1.0124485468138848e-13
301_CT_3,THERMAL,2020-07-15 23:00:00,0.0,0.0,0.0,0.0,0.0,0.0,0.0
301_CT_4,THERMAL,2020-07-15 23:00:00,0.0,0.0,0.0,0.0,0.0,0.0,0.0
302_CT_1,THERMAL,2020-07-15 23:00:00,0.0,0.0,0.0,0.0,0.0,0.0,0.0
302_CT_2,THERMAL,2020-07-15 23:00:00,0.0,0.0,0.0,0.0,0.0,0.0,0.0
302_CT_3,THERMAL,2020-07-15 23:00:00,0.0,0.0,0.0,0.0,0.0,0.0,0.0
302_CT_4,THERMAL,2020-07-15 23:00:00,0.0,0.0,0.0,0.0,0.0,0.0,0.0
303_WIND_1,WIND,2020-07-15 23:00:00,1.0,1.0,1.0,0.0,1.0,0.0,0.0
307_CT_1,THERMAL,2020-07-15 23:00:00,0.0,0.0,0.0,0.0,0.0,0.0,0.0
307_CT_2,THERMAL,2020-07-15 23:00:00,0.0,0.0,0.0,0.0,0.0,0.0,0.0
309_WIND_1,WIND,2020-07-15 23:00:00,1.0,1.0,1.0,0.0,0.0,1.0,0.0
313_CC_1,THERMAL,2020-07-15 23:00:00,-0.6566277778296643,0.6566277778296643,0.33210014482718214,-0.14488005754581712,-0.1374085294835935,-0.17386064614749763,-0.2004785446527561
315_CT_6,THERMAL,2020-07-15 23:00:00,0.0,0.0,0.0,0.0,0.0,0.0,0.0
315_CT_7,THERMAL,2020-07-15 23:00:00,0.0,0.0,0.0,0.0,0.0,0.0,0.0
315_CT_8,THERMAL,2020-07-15 23:00:00,0.0,0.0,0.0,0.0,0.0,0.0,0.0
315_STEAM_1,THERMAL,2020-07-15 23:00:00,0.0,0.0,0.0,0.0,0.0,0.0,0.0
315_STEAM_2,THERMAL,2020-07-15 23:00:00,0.0,0.0,0.0,0.0,0.0,0.0,0.0
315_STEAM_3,THERMAL,2020-07-15 23:00:00,0.0,0.0,0.0,0.0,0.0,0.0,0.0
315_STEAM_4,THERMAL,2020-07-15 23:00:00,0.0,0.0,0.0,0.0,0.0,0.0,0.0
315_STEAM_5,THERMAL,2020-07-15 23:00:00,0.0,0.0,0.0,0.0,0.0,0.0,0.0
316_STEAM_1,THERMAL,2020-07-15 23:00:00,-0.2971419184752305,0.2971419184752305,0.1505584805421915,-0.06103736552799044,-0.07374016748279344,-0.06846238655127435,-0.09390199891317229
317_WIND_1,WIND,2020-07-15 23:00:00,1.0,1.0,1.0,0.0,0.0,0.0,1.0
318_CC_1,THERMAL,2020-07-15 23:00:00,0.0,0.0,0.0,0.0,0.0,0.0,0.0
321_CC_1,THERMAL,2020-07-15 23:00:00,0.0,0.0,0.0,0.0,0.0,0.0,0.0
322_CT_5,THERMAL,2020-07-15 23:00:00,0.0,0.0,0.0,0.0,0.0,0.0,0.0
322_CT_6,THERMAL,2020-07-15 23:00:00,0.0,0.0,0.0,0.0,0.0,0.0,0.0
323_CC_1,THERMAL,2020-07-15 23:00:00,-3.285854980414675e-08,3.285854980414675e-08,1.65960440364957e-08,-6.36721431680723e-09,-8.765928038623848e-09,-8.173236351915394e-09,-9.552171096800275e-09
323_CC_2,THERMAL,2020-07-15 23:00:00,-3.28585784648829e-08,3.28585784648829e-08,1.6596056423215876e-08,-6.367231181289872e-09,-8.765931036979659e-09,-8.1732451498124e-09,-9.552171096800963e-09
101_CT_1,THERMAL,2020-07-16 00:00:00,0.0,0.0,0.0,0.0,0.0,0.0,0.0
101_CT_2,THERMAL,2020-07-16 00:00:00,0.0,0.0,0.0,0.0,0.0,0.0,0.0
101_STEAM_3,THERMAL,2020-07-16 00:00:00,0.0,0.0,0.0,0.0,0.0,0.0,0.0
101_STEAM_4,THERMAL,2020-07-16 00:00:00,0.0,0.0,0.0,0.0,0.0,0.0,0.0
102_CT_1,THERMAL,2020-07-16 00:00:00,0.0,0.0,0.0,0.0,0.0,0.0,0.0
102_CT_2,THERMAL,2020-07-16 00:00:00,0.0,0.0,0.0,0.0,0.0,0.0,0.0
102_STEAM_3,THERMAL,2020-07-16 00:00:00,0.0,0.0,0.0,0.0,0.0,0.0,0.0
102_STEAM_4,THERMAL,2020-07-16 00:00:00,0.0,0.0,0.0,0.0,0.0,0.0,0.0
107_CC_1,THERMAL,2020-07-16 00:00:00,0.0,0.0,0.0,0.0,0.0,0.0,0.0
113_CT_1,THERMAL,2020-07-16 00:00:00,0.0,0.0,0.0,0.0,0.0,0.0,0.0
113_CT_2,THERMAL,2020-07-16 00:00:00,0.0,0.0,0.0,0.0,0.0,0.0,0.0
113_CT_3,THERMAL,2020-07-16 00:00:00,0.0,0.0,0.0,0.0,0.0,0.0,0.0
113_CT_4,THERMAL,2020-07-16 00:00:00,0.0,0.0,0.0,0.0,0.0,0.0,0.0
115_STEAM_1,THERMAL,2020-07-16 00:00:00,0.0,0.0,0.0,0.0,0.0,0.0,0.0
115_STEAM_2,THERMAL,2020-07-16 00:00:00,0.0,0.0,0.0,0.0,0.0,0.0,0.0
115_STEAM_3,THERMAL,2020-07-16 00:00:00,0.0,0.0,0.0,0.0,0.0,0.0,0.0
116_STEAM_1,THERMAL,2020-07-16 00:00:00,0.0,0.0,0.0,0.0,0.0,0.0,0.0
118_CC_1,THERMAL,2020-07-16 00:00:00,0.0,0.0,0.0,0.0,0.0,0.0,0.0
122_WIND_1,WIND,2020-07-16 00:00:00,0.0,0.0,0.0,0.0,0.0,0.0,0.0
123_CT_1,THERMAL,2020-07-16 00:00:00,0.0,0.0,0.0,0.0,0.0,0.0,0.0
123_CT_4,THERMAL,2020-07-16 00:00:00,0.0,0.0,0.0,0.0,0.0,0.0,0.0
123_CT_5,THERMAL,2020-07-16 00:00:00,0.0,0.0,0.0,0.0,0.0,0.0,0.0
123_STEAM_2,THERMAL,2020-07-16 00:00:00,0.0,0.0,0.0,0.0,0.0,0.0,0.0
123_STEAM_3,THERMAL,2020-07-16 00:00:00,0.0,0.0,0.0,0.0,0.0,0.0,0.0
201_CT_1,THERMAL,2020-07-16 00:00:00,0.0,0.0,0.0,0.0,0.0,0.0,0.0
201_CT_2,THERMAL,2020-07-16 00:00:00,0.0,0.0,0.0,0.0,0.0,0.0,0.0
201_STEAM_3,THERMAL,2020-07-16 00:00:00,0.0,0.0,0.0,0.0,0.0,0.0,0.0
202_CT_1,THERMAL,2020-07-16 00:00:00,0.0,0.0,0.0,0.0,0.0,0.0,0.0
202_CT_2,THERMAL,2020-07-16 00:00:00,0.0,0.0,0.0,0.0,0.0,0.0,0.0
202_STEAM_3,THERMAL,2020-07-16 00:00:00,0.0,0.0,0.0,0.0,0.0,0.0,0.0
202_STEAM_4,THERMAL,2020-07-16 00:00:00,0.0,0.0,0.0,0.0,0.0,0.0,0.0
207_CT_1,THERMAL,2020-07-16 00:00:00,0.0,0.0,0.0,0.0,0.0,0.0,0.0
207_CT_2,THERMAL,2020-07-16 00:00:00,0.0,0.0,0.0,0.0,0.0,0.0,0.0
212_CSP_1,THERMAL,2020-07-16 00:00:00,0.0,0.0,0.0,0.0,0.0,0.0,0.0
213_CC_3,THERMAL,2020-07-16 00:00:00,0.0,0.0,0.0,0.0,0.0,0.0,0.0
213_CT_1,THERMAL,2020-07-16 00:00:00,0.0,0.0,0.0,0.0,0.0,0.0,0.0
213_CT_2,THERMAL,2020-07-16 00:00:00,0.0,0.0,0.0,0.0,0.0,0.0,0.0
215_CT_4,THERMAL,2020-07-16 00:00:00,0.0,0.0,0.0,0.0,0.0,0.0,0.0
215_CT_5,THERMAL,2020-07-16 00:00:00,0.0,0.0,0.0,0.0,0.0,0.0,0.0
216_STEAM_1,THERMAL,2020-07-16 00:00:00,0.0,0.0,0.0,0.0,0.0,0.0,0.0
218_CC_1,THERMAL,2020-07-16 00:00:00,0.0,0.0,0.0,0.0,0.0,0.0,0.0
221_CC_1,THERMAL,2020-07-16 00:00:00,0.0,0.0,0.0,0.0,0.0,0.0,0.0
223_CT_4,THERMAL,2020-07-16 00:00:00,0.0,0.0,0.0,0.0,0.0,0.0,0.0
223_CT_5,THERMAL,2020-07-16 00:00:00,0.0,0.0,0.0,0.0,0.0,0.0,0.0
223_CT_6,THERMAL,2020-07-16 00:00:00,0.0,0.0,0.0,0.0,0.0,0.0,0.0
223_STEAM_1,THERMAL,2020-07-16 00:00:00,0.0,0.0,0.0,0.0,0.0,0.0,0.0
223_STEAM_2,THERMAL,2020-07-16 00:00:00,0.0,0.0,0.0,0.0,0.0,0.0,0.0
223_STEAM_3,THERMAL,2020-07-16 00:00:00,0.0,0.0,0.0,0.0,0.0,0.0,0.0
301_CT_1,THERMAL,2020-07-16 00:00:00,0.0,0.0,0.0,0.0,0.0,0.0,0.0
301_CT_2,THERMAL,2020-07-16 00:00:00,0.0,0.0,0.0,0.0,0.0,0.0,0.0
301_CT_3,THERMAL,2020-07-16 00:00:00,0.0,0.0,0.0,0.0,0.0,0.0,0.0
301_CT_4,THERMAL,2020-07-16 00:00:00,0.0,0.0,0.0,0.0,0.0,0.0,0.0
302_CT_1,THERMAL,2020-07-16 00:00:00,0.0,0.0,0.0,0.0,0.0,0.0,0.0
302_CT_2,THERMAL,2020-07-16 00:00:00,0.0,0.0,0.0,0.0,0.0,0.0,0.0
302_CT_3,THERMAL,2020-07-16 00:00:00,0.0,0.0,0.0,0.0,0.0,0.0,0.0
302_CT_4,THERMAL,2020-07-16 00:00:00,0.0,0.0,0.0,0.0,0.0,0.0,0.0
303_WIND_1,WIND,2020-07-16 00:00:00,0.0,0.0,0.0,0.0,0.0,0.0,0.0
307_CT_1,THERMAL,2020-07-16 00:00:00,0.0,0.0,0.0,0.0,0.0,0.0,0.0
307_CT_2,THERMAL,2020-07-16 00:00:00,0.0,0.0,0.0,0.0,0.0,0.0,0.0
309_WIND_1,WIND,2020-07-16 00:00:00,0.0,0.0,0.0,0.0,0.0,0.0,0.0
313_CC_1,THERMAL,2020-07-16 00:00:00,0.0,0.0,0.0,0.0,0.0,0.0,0.0
315_CT_6,THERMAL,2020-07-16 00:00:00,0.0,0.0,0.0,0.0,0.0,0.0,0.0
315_CT_7,THERMAL,2020-07-16 00:00:00,0.0,0.0,0.0,0.0,0.0,0.0,0.0
315_CT_8,THERMAL,2020-07-16 00:00:00,0.0,0.0,0.0,0.0,0.0,0.0,0.0
315_STEAM_1,THERMAL,2020-07-16 00:00:00,0.0,0.0,0.0,0.0,0.0,0.0,0.0
315_STEAM_2,THERMAL,2020-07-16 00:00:00,0.0,0.0,0.0,0.0,0.0,0.0,0.0
315_STEAM_3,THERMAL,2020-07-16 00:00:00,0.0,0.0,0.0,0.0,0.0,0.0,0.0
315_STEAM_4,THERMAL,2020-07-16 00:00:00,0.0,0.0,0.0,0.0,0.0,0.0,0.0
315_STEAM_5,THERMAL,2020-07-16 00:00:00,0.0,0.0,0.0,0.0,0.0,0.0,0.0
316_STEAM_1,THERMAL,2020-07-16 00:00:00,0.0,0.0,0.0,0.0,0.0,0.0,0.0
317_WIND_1,WIND,2020-07-16 00:00:00,0.0,0.0,0.0,0.0,0.0,0.0,0.0
318_CC_1,THERMAL,2020-07-16 00:00:00,0.0,0.0,0.0,0.0,0.0,0.0,0.0
321_CC_1,THERMAL,2020-07-16 00:00:00,0.0,0.0,0.0,0.0,0.0,0.0,0.0
322_CT_5,THERMAL,2020-07-16 00:00:00,0.0,0.0,0.0,0.0,0.0,0.0,0.0
322_CT_6,THERMAL,2020-07-16 00:00:00,0.0,0.0,0.0,0.0,0.0,0.0,0.0
323_CC_1,THERMAL,2020-07-16 00:00:00,0.0,0.0,0.0,0.0,0.0,0.0,0.0
323_CC_2,THERMAL,2020-07-16 00:00:00,0.0,0.0,0.0,0.0,0.0,0.0,0.0
101_CT_1,THERMAL,2020-07-16 02:00:00,0.0,0.0,0.0,0.0,0.0,0.0,0.0
101_CT_2,THERMAL,2020-07-16 02:00:00,0.0,0.0,0.0,0.0,0.0,0.0,0.0
101_STEAM_3,THERMAL,2020-07-16 02:00:00,0.0,0.0,0.0,0.0,0.0,0.0,0.0
101_STEAM_4,THERMAL,2020-07-16 02:00:00,0.0,0.0,0.0,0.0,0.0,0.0,0.0
102_CT_1,THERMAL,2020-07-16 02:00:00,0.0,0.0,0.0,0.0,0.0,0.0,0.0
102_CT_2,THERMAL,2020-07-16 02:00:00,0.0,0.0,0.0,0.0,0.0,0.0,0.0
102_STEAM_3,THERMAL,2020-07-16 02:00:00,0.0,0.0,0.0,0.0,0.0,0.0,0.0
102_STEAM_4,THERMAL,2020-07-16 02:00:00,0.0,0.0,0.0,0.0,0.0,0.0,0.0
107_CC_1,THERMAL,2020-07-16 02:00:00,0.0,0.0,0.0,0.0,0.0,0.0,0.0
113_CT_1,THERMAL,2020-07-16 02:00:00,0.0,0.0,0.0,0.0,0.0,0.0,0.0
113_CT_2,THERMAL,2020-07-16 02:00:00,0.0,0.0,0.0,0.0,0.0,0.0,0.0
113_CT_3,THERMAL,2020-07-16 02:00:00,0.0,0.0,0.0,0.0,0.0,0.0,0.0
113_CT_4,THERMAL,2020-07-16 02:00:00,0.0,0.0,0.0,0.0,0.0,0.0,0.0
115_STEAM_1,THERMAL,2020-07-16 02:00:00,0.0,0.0,0.0,0.0,0.0,0.0,0.0
115_STEAM_2,THERMAL,2020-07-16 02:00:00,0.0,0.0,0.0,0.0,0.0,0.0,0.0
115_STEAM_3,THERMAL,2020-07-16 02:00:00,0.0,0.0,0.0,0.0,0.0,0.0,0.0
116_STEAM_1,THERMAL,2020-07-16 02:00:00,0.0,0.0,0.0,0.0,0.0,0.0,0.0
118_CC_1,THERMAL,2020-07-16 02:00:00,0.0,0.0,0.0,0.0,0.0,0.0,0.0
122_WIND_1,WIND,2020-07-16 02:00:00,0.0,0.0,0.0,0.0,0.0,0.0,0.0
123_CT_1,THERMAL,2020-07-16 02:00:00,0.0,0.0,0.0,0.0,0.0,0.0,0.0
123_CT_4,THERMAL,2020-07-16 02:00:00,0.0,0.0,0.0,0.0,0.0,0.0,0.0
123_CT_5,THERMAL,2020-07-16 02:00:00,0.0,0.0,0.0,0.0,0.0,0.0,0.0
123_STEAM_2,THERMAL,2020-07-16 02:00:00,0.0,0.0,0.0,0.0,0.0,0.0,0.0
123_STEAM_3,THERMAL,2020-07-16 02:00:00,0.0,0.0,0.0,0.0,0.0,0.0,0.0
201_CT_1,THERMAL,2020-07-16 02:00:00,0.0,0.0,0.0,0.0,0.0,0.0,0.0
201_CT_2,THERMAL,2020-07-16 02:00:00,0.0,0.0,0.0,0.0,0.0,0.0,0.0
201_STEAM_3,THERMAL,2020-07-16 02:00:00,0.0,0.0,0.0,0.0,0.0,0.0,0.0
202_CT_1,THERMAL,2020-07-16 02:00:00,0.0,0.0,0.0,0.0,0.0,0.0,0.0
202_CT_2,THERMAL,2020-07-16 02:00:00,0.0,0.0,0.0,0.0,0.0,0.0,0.0
202_STEAM_3,THERMAL,2020-07-16 02:00:00,0.0,0.0,0.0,0.0,0.0,0.0,0.0
202_STEAM_4,THERMAL,2020-07-16 02:00:00,0.0,0.0,0.0,0.0,0.0,0.0,0.0
207_CT_1,THERMAL,2020-07-16 02:00:00,0.0,0.0,0.0,0.0,0.0,0.0,0.0
207_CT_2,THERMAL,2020-07-16 02:00:00,0.0,0.0,0.0,0.0,0.0,0.0,0.0
212_CSP_1,THERMAL,2020-07-16 02:00:00,0.0,0.0,0.0,0.0,0.0,0.0,0.0
213_CC_3,THERMAL,2020-07-16 02:00:00,0.0,0.0,0.0,0.0,0.0,0.0,0.0
213_CT_1,THERMAL,2020-07-16 02:00:00,0.0,0.0,0.0,0.0,0.0,0.0,0.0
213_CT_2,THERMAL,2020-07-16 02:00:00,0.0,0.0,0.0,0.0,0.0,0.0,0.0
215_CT_4,THERMAL,2020-07-16 02:00:00,0.0,0.0,0.0,0.0,0.0,0.0,0.0
215_CT_5,THERMAL,2020-07-16 02:00:00,0.0,0.0,0.0,0.0,0.0,0.0,0.0
216_STEAM_1,THERMAL,2020-07-16 02:00:00,0.0,0.0,0.0,0.0,0.0,0.0,0.0
218_CC_1,THERMAL,2020-07-16 02:00:00,0.0,0.0,0.0,0.0,0.0,0.0,0.0
221_CC_1,THERMAL,2020-07-16 02:00:00,0.0,0.0,0.0,0.0,0.0,0.0,0.0
223_CT_4,THERMAL,2020-07-16 02:00:00,0.0,0.0,0.0,0.0,0.0,0.0,0.0
223_CT_5,THERMAL,2020-07-16 02:00:00,0.0,0.0,0.0,0.0,0.0,0.0,0.0
223_CT_6,THERMAL,2020-07-16 02:00:00,0.0,0.0,0.0,0.0,0.0,0.0,0.0
223_STEAM_1,THERMAL,2020-07-16 02:00:00,0.0,0.0,0.0,0.0,0.0,0.0,0.0
223_STEAM_2,THERMAL,2020-07-16 02:00:00,0.0,0.0,0.0,0.0,0.0,0.0,0.0
223_STEAM_3,THERMAL,2020-07-16 02:00:00,0.0,0.0,0.0,0.0,0.0,0.0,0.0
301_CT_1,THERMAL,2020-07-16 02:00:00,0.0,0.0,0.0,0.0,0.0,0.0,0.0
301_CT_2,THERMAL,2020-07-16 02:00:00,0.0,0.0,0.0,0.0,0.0,0.0,0.0
301_CT_3,THERMAL,2020-07-16 02:00:00,0.0,0.0,0.0,0.0,0.0,0.0,0.0
301_CT_4,THERMAL,2020-07-16 02:00:00,0.0,0.0,0.0,0.0,0.0,0.0,0.0
302_CT_1,THERMAL,2020-07-16 02:00:00,0.0,0.0,0.0,0.0,0.0,0.0,0.0
302_CT_2,THERMAL,2020-07-16 02:00:00,0.0,0.0,0.0,0.0,0.0,0.0,0.0
302_CT_3,THERMAL,2020-07-16 02:00:00,0.0,0.0,0.0,0.0,0.0,0.0,0.0
302_CT_4,THERMAL,2020-07-16 02:00:00,0.0,0.0,0.0,0.0,0.0,0.0,0.0
303_WIND_1,WIND,2020-07-16 02:00:00,0.0,0.0,0.0,0.0,0.0,0.0,0.0
307_CT_1,THERMAL,2020-07-16 02:00:00,0.0,0.0,0.0,0.0,0.0,0.0,0.0
307_CT_2,THERMAL,2020-07-16 02:00:00,0.0,0.0,0.0,0.0,0.0,0.0,0.0
309_WIND_1,WIND,2020-07-16 02:00:00,0.0,0.0,0.0,0.0,0.0,0.0,0.0
313_CC_1,THERMAL,2020-07-16 02:00:00,0.0,0.0,0.0,0.0,0.0,0.0,0.0
315_CT_6,THERMAL,2020-07-16 02:00:00,0.0,0.0,0.0,0.0,0.0,0.0,0.0
315_CT_7,THERMAL,2020-07-16 02:00:00,0.0,0.0,0.0,0.0,0.0,0.0,0.0
315_CT_8,THERMAL,2020-07-16 02:00:00,0.0,0.0,0.0,0.0,0.0,0.0,0.0
315_STEAM_1,THERMAL,2020-07-16 02:00:00,0.0,0.0,0.0,0.0,0.0,0.0,0.0
315_STEAM_2,THERMAL,2020-07-16 02:00:00,0.0,0.0,0.0,0.0,0.0,0.0,0.0
315_STEAM_3,THERMAL,2020-07-16 02:00:00,0.0,0.0,0.0,0.0,0.0,0.0,0.0
315_STEAM_4,THERMAL,2020-07-16 02:00:00,0.0,0.0,0.0,0.0,0.0,0.0,0.0
315_STEAM_5,THERMAL,2020-07-16 02:00:00,0.0,0.0,0.0,0.0,0.0,0.0,0.0
316_STEAM_1,THERMAL,2020-07-16 02:00:00,0.0,0.0,0.0,0.0,0.0,0.0,0.0
317_WIND_1,WIND,2020-07-16 02:00:00,0.0,0.0,0.0,0.0,0.0,0.0,0.0
318_CC_1,THERMAL,2020-07-16 02:00:00,0.0,0.0,0.0,0.0,0.0,0.0,0.0
321_CC_1,THERMAL,2020-07-16 02:00:00,0.0,0.0,0.0,0.0,0.0,0.0,0.0
322_CT_5,THERMAL,2020-07-16 02:00:00,0.0,0.0,0.0,0.0,0.0,0.0,0.0
322_CT_6,THERMAL,2020-07-16 02:00:00,0.0,0.0,0.0,0.0,0.0,0.0,0.0
323_CC_1,THERMAL,2020-07-16 02:00:00,0.0,0.0,0.0,0.0,0.0,0.0,0.0
323_CC_2,THERMAL,2020-07-16 02:00:00,0.0,0.0,0.0,0.0,0.0,0.0,0.0
101_CT_1,THERMAL,2020-07-16 04:00:00,0.0,0.0,0.0,0.0,0.0,0.0,0.0
101_CT_2,THERMAL,2020-07-16 04:00:00,0.0,0.0,0.0,0.0,0.0,0.0,0.0
101_STEAM_3,THERMAL,2020-07-16 04:00:00,0.0,0.0,0.0,0.0,0.0,0.0,0.0
101_STEAM_4,THERMAL,2020-07-16 04:00:00,0.0,0.0,0.0,0.0,0.0,0.0,0.0
102_CT_1,THERMAL,2020-07-16 04:00:00,0.0,0.0,0.0,0.0,0.0,0.0,0.0
102_CT_2,THERMAL,2020-07-16 04:00:00,0.0,0.0,0.0,0.0,0.0,0.0,0.0
102_STEAM_3,THERMAL,2020-07-16 04:00:00,0.0,0.0,0.0,0.0,0.0,0.0,0.0
102_STEAM_4,THERMAL,2020-07-16 04:00:00,0.0,0.0,0.0,0.0,0.0,0.0,0.0
107_CC_1,THERMAL,2020-07-16 04:00:00,0.0,0.0,0.0,0.0,0.0,0.0,0.0
113_CT_1,THERMAL,2020-07-16 04:00:00,0.0,0.0,0.0,0.0,0.0,0.0,0.0
113_CT_2,THERMAL,2020-07-16 04:00:00,0.0,0.0,0.0,0.0,0.0,0.0,0.0
113_CT_3,THERMAL,2020-07-16 04:00:00,0.0,0.0,0.0,0.0,0.0,0.0,0.0
113_CT_4,THERMAL,2020-07-16 04:00:00,0.0,0.0,0.0,0.0,0.0,0.0,0.0
115_STEAM_1,THERMAL,2020-07-16 04:00:00,0.0,0.0,0.0,0.0,0.0,0.0,0.0
115_STEAM_2,THERMAL,2020-07-16 04:00:00,0.0,0.0,0.0,0.0,0.0,0.0,0.0
115_STEAM_3,THERMAL,2020-07-16 04:00:00,0.0,0.0,0.0,0.0,0.0,0.0,0.0
116_STEAM_1,THERMAL,2020-07-16 04:00:00,0.0,0.0,0.0,0.0,0.0,0.0,0.0
118_CC_1,THERMAL,2020-07-16 04:00:00,0.0,0.0,0.0,0.0,0.0,0.0,0.0
122_WIND_1,WIND,2020-07-16 04:00:00,0.0,0.0,0.0,0.0,0.0,0.0,0.0
123_CT_1,THERMAL,2020-07-16 04:00:00,0.0,0.0,0.0,0.0,0.0,0.0,0.0
123_CT_4,THERMAL,2020-07-16 04:00:00,0.0,0.0,0.0,0.0,0.0,0.0,0.0
123_CT_5,THERMAL,2020-07-16 04:00:00,0.0,0.0,0.0,0.0,0.0,0.0,0.0
123_STEAM_2,THERMAL,2020-07-16 04:00:00,0.0,0.0,0.0,0.0,0.0,0.0,0.0
123_STEAM_3,THERMAL,2020-07-16 04:00:00,0.0,0.0,0.0,0.0,0.0,0.0,0.0
201_CT_1,THERMAL,2020-07-16 04:00:00,0.0,0.0,0.0,0.0,0.0,0.0,0.0
201_CT_2,THERMAL,2020-07-16 04:00:00,0.0,0.0,0.0,0.0,0.0,0.0,0.0
201_STEAM_3,THERMAL,2020-07-16 04:00:00,0.0,0.0,0.0,0.0,0.0,0.0,0.0
202_CT_1,THERMAL,2020-07-16 04:00:00,0.0,0.0,0.0,0.0,0.0,0.0,0.0
202_CT_2,THERMAL,2020-07-16 04:00:00,0.0,0.0,0.0,0.0,0.0,0.0,0.0
202_STEAM_3,THERMAL,2020-07-16 04:00:00,0.0,0.0,0.0,0.0,0.0,0.0,0.0
202_STEAM_4,THERMAL,2020-07-16 04:00:00,0.0,0.0,0.0,0.0,0.0,0.0,0.0
207_CT_1,THERMAL,2020-07-16 04:00:00,0.0,0.0,0.0,0.0,0.0,0.0,0.0
207_CT_2,THERMAL,2020-07-16 04:00:00,0.0,0.0,0.0,0.0,0.0,0.0,0.0
212_CSP_1,THERMAL,2020-07-16 04:00:00,0.0,0.0,0.0,0.0,0.0,0.0,0.0
213_CC_3,THERMAL,2020-07-16 04:00:00,0.0,0.0,0.0,0.0,0.0,0.0,0.0
213_CT_1,THERMAL,2020-07-16 04:00:00,0.0,0.0,0.0,0.0,0.0,0.0,0.0
213_CT_2,THERMAL,2020-07-16 04:00:00,0.0,0.0,0.0,0.0,0.0,0.0,0.0
215_CT_4,THERMAL,2020-07-16 04:00:00,0.0,0.0,0.0,0.0,0.0,0.0,0.0
215_CT_5,THERMAL,2020-07-16 04:00:00,0.0,0.0,0.0,0.0,0.0,0.0,0.0
216_STEAM_1,THERMAL,2020-07-16 04:00:00,0.0,0.0,0.0,0.0,0.0,0.0,0.0
218_CC_1,THERMAL,2020-07-16 04:00:00,0.0,0.0,0.0,0.0,0.0,0.0,0.0
221_CC_1,THERMAL,2020-07-16 04:00:00,0.0,0.0,0.0,0.0,0.0,0.0,0.0
223_CT_4,THERMAL,2020-07-16 04:00:00,0.0,0.0,0.0,0.0,0.0,0.0,0.0
223_CT_5,THERMAL,2020-07-16 04:00:00,0.0,0.0,0.0,0.0,0.0,0.0,0.0
223_CT_6,THERMAL,2020-07-16 04:00:00,0.0,0.0,0.0,0.0,0.0,0.0,0.0
223_STEAM_1,THERMAL,2020-07-16 04:00:00,0.0,0.0,0.0,0.0,0.0,0.0,0.0
223_STEAM_2,THERMAL,2020-07-16 04:00:00,0.0,0.0,0.0,0.0,0.0,0.0,0.0
223_STEAM_3,THERMAL,2020-07-16 04:00:00,0.0,0.0,0.0,0.0,0.0,0.0,0.0
301_CT_1,THERMAL,2020-07-16 04:00:00,0.0,0.0,0.0,0.0,0.0,0.0,0.0
301_CT_2,THERMAL,2020-07-16 04:00:00,0.0,0.0,0.0,0.0,0.0,0.0,0.0
301_CT_3,THERMAL,2020-07-16 04:00:00,0.0,0.0,0.0,0.0,0.0,0.0,0.0
301_CT_4,THERMAL,2020-07-16 04:00:00,0.0,0.0,0.0,0.0,0.0,0.0,0.0
302_CT_1,THERMAL,2020-07-16 04:00:00,0.0,0.0,0.0,0.0,0.0,0.0,0.0
302_CT_2,THERMAL,2020-07-16 04:00:00,0.0,0.0,0.0,0.0,0.0,0.0,0.0
302_CT_3,THERMAL,2020-07-16 04:00:00,0.0,0.0,0.0,0.0,0.0,0.0,0.0
302_CT_4,THERMAL,2020-07-16 04:00:00,0.0,0.0,0.0,0.0,0.0,0.0,0.0
303_WIND_1,WIND,2020-07-16 04:00:00,0.0,0.0,0.0,0.0,0.0,0.0,0.0
307_CT_1,THERMAL,2020-07-16 04:00:00,0.0,0.0,0.0,0.0,0.0,0.0,0.0
307_CT_2,THERMAL,2020-07-16 04:00:00,0.0,0.0,0.0,0.0,0.0,0.0,0.0
309_WIND_1,WIND,2020-07-16 04:00:00,0.0,0.0,0.0,0.0,0.0,0.0,0.0
313_CC_1,THERMAL,2020-07-16 04:00:00,0.0,0.0,0.0,0.0,0.0,0.0,0.0
315_CT_6,THERMAL,2020-07-16 04:00:00,0.0,0.0,0.0,0.0,0.0,0.0,0.0
315_CT_7,THERMAL,2020-07-16 04:00:00,0.0,0.0,0.0,0.0,0.0,0.0,0.0
315_CT_8,THERMAL,2020-07-16 04:00:00,0.0,0.0,0.0,0.0,0.0,0.0,0.0
315_STEAM_1,THERMAL,2020-07-16 04:00:00,0.0,0.0,0.0,0.0,0.0,0.0,0.0
315_STEAM_2,THERMAL,2020-07-16 04:00:00,0.0,0.0,0.0,0.0,0.0,0.0,0.0
315_STEAM_3,THERMAL,2020-07-16 04:00:00,0.0,0.0,0.0,0.0,0.0,0.0,0.0
315_STEAM_4,THERMAL,2020-07-16 04:00:00,0.0,0.0,0.0,0.0,0.0,0.0,0.0
315_STEAM_5,THERMAL,2020-07-16 04:00:00,0.0,0.0,0.0,0.0,0.0,0.0,0.0
316_STEAM_1,THERMAL,2020-07-16 04:00:00,0.0,0.0,0.0,0.0,0.0,0.0,0.0
317_WIND_1,WIND,2020-07-16 04:00:00,0.0,0.0,0.0,0.0,0.0,0.0,0.0
318_CC_1,THERMAL,2020-07-16 04:00:00,0.0,0.0,0.0,0.0,0.0,0.0,0.0
321_CC_1,THERMAL,2020-07-16 04:00:00,0.0,0.0,0.0,0.0,0.0,0.0,0.0
322_CT_5,THERMAL,2020-07-16 04:00:00,0.0,0.0,0.0,0.0,0.0,0.0,0.0
322_CT_6,THERMAL,2020-07-16 04:00:00,0.0,0.0,0.0,0.0,0.0,0.0,0.0
323_CC_1,THERMAL,2020-07-16 04:00:00,0.0,0.0,0.0,0.0,0.0,0.0,0.0
323_CC_2,THERMAL,2020-07-16 04:00:00,0.0,0.0,0.0,0.0,0.0,0.0,0.0
101_CT_1,THERMAL,2020-07-16 06:00:00,0.0,0.0,0.0,0.0,0.0,0.0,0.0
101_CT_2,THERMAL,2020-07-16 06:00:00,0.0,0.0,0.0,0.0,0.0,0.0,0.0
101_STEAM_3,THERMAL,2020-07-16 06:00:00,0.0,0.0,0.0,0.0,0.0,0.0,0.0
101_STEAM_4,THERMAL,2020-07-16 06:00:00,0.0,0.0,0.0,0.0,0.0,0.0,0.0
102_CT_1,THERMAL,2020-07-16 06:00:00,0.0,0.0,0.0,0.0,0.0,0.0,0.0
102_CT_2,THERMAL,2020-07-16 06:00:00,0.0,0.0,0.0,0.0,0.0,0.0,0.0
102_STEAM_3,THERMAL,2020-07-16 06:00:00,0.0,0.0,0.0,0.0,0.0,0.0,0.0
102_STEAM_4,THERMAL,2020-07-16 06:00:00,0.0,0.0,0.0,0.0,0.0,0.0,0.0
107_CC_1,THERMAL,2020-07-16 06:00:00,0.0,0.0,0.0,0.0,0.0,0.0,0.0
113_CT_1,THERMAL,2020-07-16 06:00:00,0.0,0.0,0.0,0.0,0.0,0.0,0.0
113_CT_2,THERMAL,2020-07-16 06:00:00,0.0,0.0,0.0,0.0,0.0,0.0,0.0
113_CT_3,THERMAL,2020-07-16 06:00:00,0.0,0.0,0.0,0.0,0.0,0.0,0.0
113_CT_4,THERMAL,2020-07-16 06:00:00,0.0,0.0,0.0,0.0,0.0,0.0,0.0
115_STEAM_1,THERMAL,2020-07-16 06:00:00,0.0,0.0,0.0,0.0,0.0,0.0,0.0
115_STEAM_2,THERMAL,2020-07-16 06:00:00,0.0,0.0,0.0,0.0,0.0,0.0,0.0
115_STEAM_3,THERMAL,2020-07-16 06:00:00,0.0,0.0,0.0,0.0,0.0,0.0,0.0
116_STEAM_1,THERMAL,2020-07-16 06:00:00,0.0,0.0,0.0,0.0,0.0,0.0,0.0
118_CC_1,THERMAL,2020-07-16 06:00:00,0.0,0.0,0.0,0.0,0.0,0.0,0.0
122_WIND_1,WIND,2020-07-16 06:00:00,0.0,0.0,0.0,0.0,0.0,0.0,0.0
123_CT_1,THERMAL,2020-07-16 06:00:00,0.0,0.0,0.0,0.0,0.0,0.0,0.0
123_CT_4,THERMAL,2020-07-16 06:00:00,0.0,0.0,0.0,0.0,0.0,0.0,0.0
123_CT_5,THERMAL,2020-07-16 06:00:00,0.0,0.0,0.0,0.0,0.0,0.0,0.0
123_STEAM_2,THERMAL,2020-07-16 06:00:00,0.0,0.0,0.0,0.0,0.0,0.0,0.0
123_STEAM_3,THERMAL,2020-07-16 06:00:00,0.0,0.0,0.0,0.0,0.0,0.0,0.0
201_CT_1,THERMAL,2020-07-16 06:00:00,0.0,0.0,0.0,0.0,0.0,0.0,0.0
201_CT_2,THERMAL,2020-07-16 06:00:00,0.0,0.0,0.0,0.0,0.0,0.0,0.0
201_STEAM_3,THERMAL,2020-07-16 06:00:00,0.0,0.0,0.0,0.0,0.0,0.0,0.0
202_CT_1,THERMAL,2020-07-16 06:00:00,0.0,0.0,0.0,0.0,0.0,0.0,0.0
202_CT_2,THERMAL,2020-07-16 06:00:00,0.0,0.0,0.0,0.0,0.0,0.0,0.0
202_STEAM_3,THERMAL,2020-07-16 06:00:00,0.0,0.0,0.0,0.0,0.0,0.0,0.0
202_STEAM_4,THERMAL,2020-07-16 06:00:00,0.0,0.0,0.0,0.0,0.0,0.0,0.0
207_CT_1,THERMAL,2020-07-16 06:00:00,0.0,0.0,0.0,0.0,0.0,0.0,0.0
207_CT_2,THERMAL,2020-07-16 06:00:00,0.0,0.0,0.0,0.0,0.0,0.0,0.0
212_CSP_1,THERMAL,2020-07-16 06:00:00,0.0,0.0,0.0,0.0,0.0,0.0,0.0
213_CC_3,THERMAL,2020-07-16 06:00:00,0.0,0.0,0.0,0.0,0.0,0.0,0.0
213_CT_1,THERMAL,2020-07-16 06:00:00,0.0,0.0,0.0,0.0,0.0,0.0,0.0
213_CT_2,THERMAL,2020-07-16 06:00:00,0.0,0.0,0.0,0.0,0.0,0.0,0.0
215_CT_4,THERMAL,2020-07-16 06:00:00,0.0,0.0,0.0,0.0,0.0,0.0,0.0
215_CT_5,THERMAL,2020-07-16 06:00:00,0.0,0.0,0.0,0.0,0.0,0.0,0.0
216_STEAM_1,THERMAL,2020-07-16 06:00:00,0.0,0.0,0.0,0.0,0.0,0.0,0.0
218_CC_1,THERMAL,2020-07-16 06:00:00,0.0,0.0,0.0,0.0,0.0,0.0,0.0
221_CC_1,THERMAL,2020-07-16 06:00:00,0.0,0.0,0.0,0.0,0.0,0.0,0.0
223_CT_4,THERMAL,2020-07-16 06:00:00,0.0,0.0,0.0,0.0,0.0,0.0,0.0
223_CT_5,THERMAL,2020-07-16 06:00:00,0.0,0.0,0.0,0.0,0.0,0.0,0.0
223_CT_6,THERMAL,2020-07-16 06:00:00,0.0,0.0,0.0,0.0,0.0,0.0,0.0
223_STEAM_1,THERMAL,2020-07-16 06:00:00,0.0,0.0,0.0,0.0,0.0,0.0,0.0
223_STEAM_2,THERMAL,2020-07-16 06:00:00,0.0,0.0,0.0,0.0,0.0,0.0,0.0
223_STEAM_3,THERMAL,2020-07-16 06:00:00,0.0,0.0,0.0,0.0,0.0,0.0,0.0
301_CT_1,THERMAL,2020-07-16 06:00:00,0.0,0.0,0.0,0.0,0.0,0.0,0.0
301_CT_2,THERMAL,2020-07-16 06:00:00,0.0,0.0,0.0,0.0,0.0,0.0,0.0
301_CT_3,THERMAL,2020-07-16 06:00:00,0.0,0.0,0.0,0.0,0.0,0.0,0.0
301_CT_4,THERMAL,2020-07-16 06:00:00,0.0,0.0,0.0,0.0,0.0,0.0,0.0
302_CT_1,THERMAL,2020-07-16 06:00:00,0.0,0.0,0.0,0.0,0.0,0.0,0.0
302_CT_2,THERMAL,2020-07-16 06:00:00,0.0,0.0,0.0,0.0,0.0,0.0,0.0
302_CT_3,THERMAL,2020-07-16 06:00:00,0.0,0.0,0.0,0.0,0.0,0.0,0.0
302_CT_4,THERMAL,2020-07-16 06:00:00,0.0,0.0,0.0,0.0,0.0,0.0,0.0
303_WIND_1,WIND,2020-07-16 06:00:00,0.0,0.0,0.0,0.0,0.0,0.0,0.0
307_CT_1,THERMAL,2020-07-16 06:00:00,0.0,0.0,0.0,0.0,0.0,0.0,0.0
307_CT_2,THERMAL,2020-07-16 06:00:00,0.0,0.0,0.0,0.0,0.0,0.0,0.0
309_WIND_1,WIND,2020-07-16 06:00:00,0.0,0.0,0.0,0.0,0.0,0.0,0.0
313_CC_1,THERMAL,2020-07-16 06:00:00,0.0,0.0,0.0,0.0,0.0,0.0,0.0
315_CT_6,THERMAL,2020-07-16 06:00:00,0.0,0.0,0.0,0.0,0.0,0.0,0.0
315_CT_7,THERMAL,2020-07-16 06:00:00,0.0,0.0,0.0,0.0,0.0,0.0,0.0
315_CT_8,THERMAL,2020-07-16 06:00:00,0.0,0.0,0.0,0.0,0.0,0.0,0.0
315_STEAM_1,THERMAL,2020-07-16 06:00:00,0.0,0.0,0.0,0.0,0.0,0.0,0.0
315_STEAM_2,THERMAL,2020-07-16 06:00:00,0.0,0.0,0.0,0.0,0.0,0.0,0.0
315_STEAM_3,THERMAL,2020-07-16 06:00:00,0.0,0.0,0.0,0.0,0.0,0.0,0.0
315_STEAM_4,THERMAL,2020-07-16 06:00:00,0.0,0.0,0.0,0.0,0.0,0.0,0.0
315_STEAM_5,THERMAL,2020-07-16 06:00:00,0.0,0.0,0.0,0.0,0.0,0.0,0.0
316_STEAM_1,THERMAL,2020-07-16 06:00:00,0.0,0.0,0.0,0.0,0.0,0.0,0.0
317_WIND_1,WIND,2020-07-16 06:00:00,0.0,0.0,0.0,0.0,0.0,0.0,0.0
318_CC_1,THERMAL,2020-07-16 06:00:00,0.0,0.0,0.0,0.0,0.0,0.0,0.0
321_CC_1,THERMAL,2020-07-16 06:00:00,0.0,0.0,0.0,0.0,0.0,0.0,0.0
322_CT_5,THERMAL,2020-07-16 06:00:00,0.0,0.0,0.0,0.0,0.0,0.0,0.0
322_CT_6,THERMAL,2020-07-16 06:00:00,0.0,0.0,0.0,0.0,0.0,0.0,0.0
323_CC_1,THERMAL,2020-07-16 06:00:00,0.0,0.0,0.0,0.0,0.0,0.0,0.0
323_CC_2,THERMAL,2020-07-16 06:00:00,0.0,0.0,0.0,0.0,0.0,0.0,0.0
101_CT_1,THERMAL,2020-07-16 08:00:00,0.0,0.0,0.0,0.0,0.0,0.0,0.0
101_CT_2,THERMAL,2020-07-16 08:00:00,0.0,0.0,0.0,0.0,0.0,0.0,0.0
101_STEAM_3,THERMAL,2020-07-16 08:00:00,0.0,0.0,0.0,0.0,0.0,0.0,0.0
101_STEAM_4,THERMAL,2020-07-16 08:00:00,0.0,0.0,0.0,0.0,0.0,0.0,0.0
102_CT_1,THERMAL,2020-07-16 08:00:00,0.0,0.0,0.0,0.0,0.0,0.0,0.0
102_CT_2,THERMAL,2020-07-16 08:00:00,0.0,0.0,0.0,0.0,0.0,0.0,0.0
102_STEAM_3,THERMAL,2020-07-16 08:00:00,0.0,0.0,0.0,0.0,0.0,0.0,0.0
102_STEAM_4,THERMAL,2020-07-16 08:00:00,0.0,0.0,0.0,0.0,0.0,0.0,0.0
107_CC_1,THERMAL,2020-07-16 08:00:00,0.0,0.0,0.0,0.0,0.0,0.0,0.0
113_CT_1,THERMAL,2020-07-16 08:00:00,0.0,0.0,0.0,0.0,0.0,0.0,0.0
113_CT_2,THERMAL,2020-07-16 08:00:00,0.0,0.0,0.0,0.0,0.0,0.0,0.0
113_CT_3,THERMAL,2020-07-16 08:00:00,0.0,0.0,0.0,0.0,0.0,0.0,0.0
113_CT_4,THERMAL,2020-07-16 08:00:00,0.0,0.0,0.0,0.0,0.0,0.0,0.0
115_STEAM_1,THERMAL,2020-07-16 08:00:00,0.0,0.0,0.0,0.0,0.0,0.0,0.0
115_STEAM_2,THERMAL,2020-07-16 08:00:00,0.0,0.0,0.0,0.0,0.0,0.0,0.0
115_STEAM_3,THERMAL,2020-07-16 08:00:00,0.0,0.0,0.0,0.0,0.0,0.0,0.0
116_STEAM_1,THERMAL,2020-07-16 08:00:00,0.0,0.0,0.0,0.0,0.0,0.0,0.0
118_CC_1,THERMAL,2020-07-16 08:00:00,0.0,0.0,0.0,0.0,0.0,0.0,0.0
122_WIND_1,WIND,2020-07-16 08:00:00,0.0,0.0,0.0,0.0,0.0,0.0,0.0
123_CT_1,THERMAL,2020-07-16 08:00:00,0.0,0.0,0.0,0.0,0.0,0.0,0.0
123_CT_4,THERMAL,2020-07-16 08:00:00,0.0,0.0,0.0,0.0,0.0,0.0,0.0
123_CT_5,THERMAL,2020-07-16 08:00:00,0.0,0.0,0.0,0.0,0.0,0.0,0.0
123_STEAM_2,THERMAL,2020-07-16 08:00:00,0.0,0.0,0.0,0.0,0.0,0.0,0.0
123_STEAM_3,THERMAL,2020-07-16 08:00:00,0.0,0.0,0.0,0.0,0.0,0.0,0.0
201_CT_1,THERMAL,2020-07-16 08:00:00,0.0,0.0,0.0,0.0,0.0,0.0,0.0
201_CT_2,THERMAL,2020-07-16 08:00:00,0.0,0.0,0.0,0.0,0.0,0.0,0.0
201_STEAM_3,THERMAL,2020-07-16 08:00:00,0.0,0.0,0.0,0.0,0.0,0.0,0.0
202_CT_1,THERMAL,2020-07-16 08:00:00,0.0,0.0,0.0,0.0,0.0,0.0,0.0
202_CT_2,THERMAL,2020-07-16 08:00:00,0.0,0.0,0.0,0.0,0.0,0.0,0.0
202_STEAM_3,THERMAL,2020-07-16 08:00:00,0.0,0.0,0.0,0.0,0.0,0.0,0.0
202_STEAM_4,THERMAL,2020-07-16 08:00:00,0.0,0.0,0.0,0.0,0.0,0.0,0.0
207_CT_1,THERMAL,2020-07-16 08:00:00,0.0,0.0,0.0,0.0,0.0,0.0,0.0
207_CT_2,THERMAL,2020-07-16 08:00:00,0.0,0.0,0.0,0.0,0.0,0.0,0.0
212_CSP_1,THERMAL,2020-07-16 08:00:00,0.0,0.0,0.0,0.0,0.0,0.0,0.0
213_CC_3,THERMAL,2020-07-16 08:00:00,0.0,0.0,0.0,0.0,0.0,0.0,0.0
213_CT_1,THERMAL,2020-07-16 08:00:00,0.0,0.0,0.0,0.0,0.0,0.0,0.0
213_CT_2,THERMAL,2020-07-16 08:00:00,0.0,0.0,0.0,0.0,0.0,0.0,0.0
215_CT_4,THERMAL,2020-07-16 08:00:00,0.0,0.0,0.0,0.0,0.0,0.0,0.0
215_CT_5,THERMAL,2020-07-16 08:00:00,0.0,0.0,0.0,0.0,0.0,0.0,0.0
216_STEAM_1,THERMAL,2020-07-16 08:00:00,0.0,0.0,0.0,0.0,0.0,0.0,0.0
218_CC_1,THERMAL,2020-07-16 08:00:00,0.0,0.0,0.0,0.0,0.0,0.0,0.0
221_CC_1,THERMAL,2020-07-16 08:00:00,0.0,0.0,0.0,0.0,0.0,0.0,0.0
223_CT_4,THERMAL,2020-07-16 08:00:00,0.0,0.0,0.0,0.0,0.0,0.0,0.0
223_CT_5,THERMAL,2020-07-16 08:00:00,0.0,0.0,0.0,0.0,0.0,0.0,0.0
223_CT_6,THERMAL,2020-07-16 08:00:00,0.0,0.0,0.0,0.0,0.0,0.0,0.0
223_STEAM_1,THERMAL,2020-07-16 08:00:00,0.0,0.0,0.0,0.0,0.0,0.0,0.0
223_STEAM_2,THERMAL,2020-07-16 08:00:00,0.0,0.0,0.0,0.0,0.0,0.0,0.0
223_STEAM_3,THERMAL,2020-07-16 08:00:00,0.0,0.0,0.0,0.0,0.0,0.0,0.0
301_CT_1,THERMAL,2020-07-16 08:00:00,0.0,0.0,0.0,0.0,0.0,0.0,0.0
301_CT_2,THERMAL,2020-07-16 08:00:00,0.0,0.0,0.0,0.0,0.0,0.0,0.0
301_CT_3,THERMAL,2020-07-16 08:00:00,0.0,0.0,0.0,0.0,0.0,0.0,0.0
301_CT_4,THERMAL,2020-07-16 08:00:00,0.0,0.0,0.0,0.0,0.0,0.0,0.0
302_CT_1,THERMAL,2020-07-16 08:00:00,0.0,0.0,0.0,0.0,0.0,0.0,0.0
302_CT_2,THERMAL,2020-07-16 08:00:00,0.0,0.0,0.0,0.0,0.0,0.0,0.0
302_CT_3,THERMAL,2020-07-16 08:00:00,0.0,0.0,0.0,0.0,0.0,0.0,0.0
302_CT_4,THERMAL,2020-07-16 08:00:00,0.0,0.0,0.0,0.0,0.0,0.0,0.0
303_WIND_1,WIND,2020-07-16 08:00:00,0.0,0.0,0.0,0.0,0.0,0.0,0.0
307_CT_1,THERMAL,2020-07-16 08:00:00,0.0,0.0,0.0,0.0,0.0,0.0,0.0
307_CT_2,THERMAL,2020-07-16 08:00:00,0.0,0.0,0.0,0.0,0.0,0.0,0.0
309_WIND_1,WIND,2020-07-16 08:00:00,0.0,0.0,0.0,0.0,0.0,0.0,0.0
313_CC_1,THERMAL,2020-07-16 08:00:00,0.0,0.0,0.0,0.0,0.0,0.0,0.0
315_CT_6,THERMAL,2020-07-16 08:00:00,0.0,0.0,0.0,0.0,0.0,0.0,0.0
315_CT_7,THERMAL,2020-07-16 08:00:00,0.0,0.0,0.0,0.0,0.0,0.0,0.0
315_CT_8,THERMAL,2020-07-16 08:00:00,0.0,0.0,0.0,0.0,0.0,0.0,0.0
315_STEAM_1,THERMAL,2020-07-16 08:00:00,0.0,0.0,0.0,0.0,0.0,0.0,0.0
315_STEAM_2,THERMAL,2020-07-16 08:00:00,0.0,0.0,0.0,0.0,0.0,0.0,0.0
315_STEAM_3,THERMAL,2020-07-16 08:00:00,0.0,0.0,0.0,0.0,0.0,0.0,0.0
315_STEAM_4,THERMAL,2020-07-16 08:00:00,0.0,0.0,0.0,0.0,0.0,0.0,0.0
315_STEAM_5,THERMAL,2020-07-16 08:00:00,0.0,0.0,0.0,0.0,0.0,0.0,0.0
316_STEAM_1,THERMAL,2020-07-16 08:00:00,0.0,0.0,0.0,0.0,0.0,0.0,0.0
317_WIND_1,WIND,2020-07-16 08:00:00,0.0,0.0,0.0,0.0,0.0,0.0,0.0
318_CC_1,THERMAL,2020-07-16 08:00:00,0.0,0.0,0.0,0.0,0.0,0.0,0.0
321_CC_1,THERMAL,2020-07-16 08:00:00,0.0,0.0,0.0,0.0,0.0,0.0,0.0
322_CT_5,THERMAL,2020-07-16 08:00:00,0.0,0.0,0.0,0.0,0.0,0.0,0.0
322_CT_6,THERMAL,2020-07-16 08:00:00,0.0,0.0,0.0,0.0,0.0,0.0,0.0
323_CC_1,THERMAL,2020-07-16 08:00:00,0.0,0.0,0.0,0.0,0.0,0.0,0.0
323_CC_2,THERMAL,2020-07-16 08:00:00,0.0,0.0,0.0,0.0,0.0,0.0,0.0
101_CT_1,THERMAL,2020-07-16 10:00:00,0.0,0.0,0.0,0.0,0.0,0.0,0.0
101_CT_2,THERMAL,2020-07-16 10:00:00,0.0,0.0,0.0,0.0,0.0,0.0,0.0
101_STEAM_3,THERMAL,2020-07-16 10:00:00,0.0,0.0,0.0,0.0,0.0,0.0,0.0
101_STEAM_4,THERMAL,2020-07-16 10:00:00,0.0,0.0,0.0,0.0,0.0,0.0,0.0
102_CT_1,THERMAL,2020-07-16 10:00:00,0.0,0.0,0.0,0.0,0.0,0.0,0.0
102_CT_2,THERMAL,2020-07-16 10:00:00,0.0,0.0,0.0,0.0,0.0,0.0,0.0
102_STEAM_3,THERMAL,2020-07-16 10:00:00,0.0,0.0,0.0,0.0,0.0,0.0,0.0
102_STEAM_4,THERMAL,2020-07-16 10:00:00,0.0,0.0,0.0,0.0,0.0,0.0,0.0
107_CC_1,THERMAL,2020-07-16 10:00:00,0.0,0.0,0.0,0.0,0.0,0.0,0.0
113_CT_1,THERMAL,2020-07-16 10:00:00,0.0,0.0,0.0,0.0,0.0,0.0,0.0
113_CT_2,THERMAL,2020-07-16 10:00:00,0.0,0.0,0.0,0.0,0.0,0.0,0.0
113_CT_3,THERMAL,2020-07-16 10:00:00,0.0,0.0,0.0,0.0,0.0,0.0,0.0
113_CT_4,THERMAL,2020-07-16 10:00:00,0.0,0.0,0.0,0.0,0.0,0.0,0.0
115_STEAM_1,THERMAL,2020-07-16 10:00:00,0.0,0.0,0.0,0.0,0.0,0.0,0.0
115_STEAM_2,THERMAL,2020-07-16 10:00:00,0.0,0.0,0.0,0.0,0.0,0.0,0.0
115_STEAM_3,THERMAL,2020-07-16 10:00:00,0.0,0.0,0.0,0.0,0.0,0.0,0.0
116_STEAM_1,THERMAL,2020-07-16 10:00:00,0.0,0.0,0.0,0.0,0.0,0.0,0.0
118_CC_1,THERMAL,2020-07-16 10:00:00,0.0,0.0,0.0,0.0,0.0,0.0,0.0
122_WIND_1,WIND,2020-07-16 10:00:00,0.0,0.0,0.0,0.0,0.0,0.0,0.0
123_CT_1,THERMAL,2020-07-16 10:00:00,0.0,0.0,0.0,0.0,0.0,0.0,0.0
123_CT_4,THERMAL,2020-07-16 10:00:00,0.0,0.0,0.0,0.0,0.0,0.0,0.0
123_CT_5,THERMAL,2020-07-16 10:00:00,0.0,0.0,0.0,0.0,0.0,0.0,0.0
123_STEAM_2,THERMAL,2020-07-16 10:00:00,0.0,0.0,0.0,0.0,0.0,0.0,0.0
123_STEAM_3,THERMAL,2020-07-16 10:00:00,0.0,0.0,0.0,0.0,0.0,0.0,0.0
201_CT_1,THERMAL,2020-07-16 10:00:00,0.0,0.0,0.0,0.0,0.0,0.0,0.0
201_CT_2,THERMAL,2020-07-16 10:00:00,0.0,0.0,0.0,0.0,0.0,0.0,0.0
201_STEAM_3,THERMAL,2020-07-16 10:00:00,0.0,0.0,0.0,0.0,0.0,0.0,0.0
202_CT_1,THERMAL,2020-07-16 10:00:00,0.0,0.0,0.0,0.0,0.0,0.0,0.0
202_CT_2,THERMAL,2020-07-16 10:00:00,0.0,0.0,0.0,0.0,0.0,0.0,0.0
202_STEAM_3,THERMAL,2020-07-16 10:00:00,0.0,0.0,0.0,0.0,0.0,0.0,0.0
202_STEAM_4,THERMAL,2020-07-16 10:00:00,0.0,0.0,0.0,0.0,0.0,0.0,0.0
207_CT_1,THERMAL,2020-07-16 10:00:00,0.0,0.0,0.0,0.0,0.0,0.0,0.0
207_CT_2,THERMAL,2020-07-16 10:00:00,0.0,0.0,0.0,0.0,0.0,0.0,0.0
212_CSP_1,THERMAL,2020-07-16 10:00:00,0.0,0.0,0.0,0.0,0.0,0.0,0.0
213_CC_3,THERMAL,2020-07-16 10:00:00,0.0,0.0,0.0,0.0,0.0,0.0,0.0
213_CT_1,THERMAL,2020-07-16 10:00:00,0.0,0.0,0.0,0.0,0.0,0.0,0.0
213_CT_2,THERMAL,2020-07-16 10:00:00,0.0,0.0,0.0,0.0,0.0,0.0,0.0
215_CT_4,THERMAL,2020-07-16 10:00:00,0.0,0.0,0.0,0.0,0.0,0.0,0.0
215_CT_5,THERMAL,2020-07-16 10:00:00,0.0,0.0,0.0,0.0,0.0,0.0,0.0
216_STEAM_1,THERMAL,2020-07-16 10:00:00,0.0,0.0,0.0,0.0,0.0,0.0,0.0
218_CC_1,THERMAL,2020-07-16 10:00:00,0.0,0.0,0.0,0.0,0.0,0.0,0.0
221_CC_1,THERMAL,2020-07-16 10:00:00,0.0,0.0,0.0,0.0,0.0,0.0,0.0
223_CT_4,THERMAL,2020-07-16 10:00:00,0.0,0.0,0.0,0.0,0.0,0.0,0.0
223_CT_5,THERMAL,2020-07-16 10:00:00,0.0,0.0,0.0,0.0,0.0,0.0,0.0
223_CT_6,THERMAL,2020-07-16 10:00:00,0.0,0.0,0.0,0.0,0.0,0.0,0.0
223_STEAM_1,THERMAL,2020-07-16 10:00:00,0.0,0.0,0.0,0.0,0.0,0.0,0.0
223_STEAM_2,THERMAL,2020-07-16 10:00:00,0.0,0.0,0.0,0.0,0.0,0.0,0.0
223_STEAM_3,THERMAL,2020-07-16 10:00:00,0.0,0.0,0.0,0.0,0.0,0.0,0.0
301_CT_1,THERMAL,2020-07-16 10:00:00,0.0,0.0,0.0,0.0,0.0,0.0,0.0
301_CT_2,THERMAL,2020-07-16 10:00:00,0.0,0.0,0.0,0.0,0.0,0.0,0.0
301_CT_3,THERMAL,2020-07-16 10:00:00,0.0,0.0,0.0,0.0,0.0,0.0,0.0
301_CT_4,THERMAL,2020-07-16 10:00:00,0.0,0.0,0.0,0.0,0.0,0.0,0.0
302_CT_1,THERMAL,2020-07-16 10:00:00,0.0,0.0,0.0,0.0,0.0,0.0,0.0
302_CT_2,THERMAL,2020-07-16 10:00:00,0.0,0.0,0.0,0.0,0.0,0.0,0.0
302_CT_3,THERMAL,2020-07-16 10:00:00,0.0,0.0,0.0,0.0,0.0,0.0,0.0
302_CT_4,THERMAL,2020-07-16 10:00:00,0.0,0.0,0.0,0.0,0.0,0.0,0.0
303_WIND_1,WIND,2020-07-16 10:00:00,0.0,0.0,0.0,0.0,0.0,0.0,0.0
307_CT_1,THERMAL,2020-07-16 10:00:00,0.0,0.0,0.0,0.0,0.0,0.0,0.0
307_CT_2,THERMAL,2020-07-16 10:00:00,0.0,0.0,0.0,0.0,0.0,0.0,0.0
309_WIND_1,WIND,2020-07-16 10:00:00,0.0,0.0,0.0,0.0,0.0,0.0,0.0
313_CC_1,THERMAL,2020-07-16 10:00:00,0.0,0.0,0.0,0.0,0.0,0.0,0.0
315_CT_6,THERMAL,2020-07-16 10:00:00,0.0,0.0,0.0,0.0,0.0,0.0,0.0
315_CT_7,THERMAL,2020-07-16 10:00:00,0.0,0.0,0.0,0.0,0.0,0.0,0.0
315_CT_8,THERMAL,2020-07-16 10:00:00,0.0,0.0,0.0,0.0,0.0,0.0,0.0
315_STEAM_1,THERMAL,2020-07-16 10:00:00,0.0,0.0,0.0,0.0,0.0,0.0,0.0
315_STEAM_2,THERMAL,2020-07-16 10:00:00,0.0,0.0,0.0,0.0,0.0,0.0,0.0
315_STEAM_3,THERMAL,2020-07-16 10:00:00,0.0,0.0,0.0,0.0,0.0,0.0,0.0
315_STEAM_4,THERMAL,2020-07-16 10:00:00,0.0,0.0,0.0,0.0,0.0,0.0,0.0
315_STEAM_5,THERMAL,2020-07-16 10:00:00,0.0,0.0,0.0,0.0,0.0,0.0,0.0
316_STEAM_1,THERMAL,2020-07-16 10:00:00,0.0,0.0,0.0,0.0,0.0,0.0,0.0
317_WIND_1,WIND,2020-07-16 10:00:00,0.0,0.0,0.0,0.0,0.0,0.0,0.0
318_CC_1,THERMAL,2020-07-16 10:00:00,0.0,0.0,0.0,0.0,0.0,0.0,0.0
321_CC_1,THERMAL,2020-07-16 10:00:00,0.0,0.0,0.0,0.0,0.0,0.0,0.0
322_CT_5,THERMAL,2020-07-16 10:00:00,0.0,0.0,0.0,0.0,0.0,0.0,0.0
322_CT_6,THERMAL,2020-07-16 10:00:00,0.0,0.0,0.0,0.0,0.0,0.0,0.0
323_CC_1,THERMAL,2020-07-16 10:00:00,0.0,0.0,0.0,0.0,0.0,0.0,0.0
323_CC_2,THERMAL,2020-07-16 10:00:00,0.0,0.0,0.0,0.0,0.0,0.0,0.0
101_CT_1,THERMAL,2020-07-16 12:00:00,0.0,0.0,0.0,0.0,0.0,0.0,0.0
101_CT_2,THERMAL,2020-07-16 12:00:00,0.0,0.0,0.0,0.0,0.0,0.0,0.0
101_STEAM_3,THERMAL,2020-07-16 12:00:00,0.0,0.0,0.0,0.0,0.0,0.0,0.0
101_STEAM_4,THERMAL,2020-07-16 12:00:00,0.0,0.0,0.0,0.0,0.0,0.0,0.0
102_CT_1,THERMAL,2020-07-16 12:00:00,0.0,0.0,0.0,0.0,0.0,0.0,0.0
102_CT_2,THERMAL,2020-07-16 12:00:00,0.0,0.0,0.0,0.0,0.0,0.0,0.0
102_STEAM_3,THERMAL,2020-07-16 12:00:00,0.0,0.0,0.0,0.0,0.0,0.0,0.0
102_STEAM_4,THERMAL,2020-07-16 12:00:00,0.0,0.0,0.0,0.0,0.0,0.0,0.0
107_CC_1,THERMAL,2020-07-16 12:00:00,0.0,0.0,0.0,0.0,0.0,0.0,0.0
113_CT_1,THERMAL,2020-07-16 12:00:00,0.0,0.0,0.0,0.0,0.0,0.0,0.0
113_CT_2,THERMAL,2020-07-16 12:00:00,0.0,0.0,0.0,0.0,0.0,0.0,0.0
113_CT_3,THERMAL,2020-07-16 12:00:00,0.0,0.0,0.0,0.0,0.0,0.0,0.0
113_CT_4,THERMAL,2020-07-16 12:00:00,0.0,0.0,0.0,0.0,0.0,0.0,0.0
115_STEAM_1,THERMAL,2020-07-16 12:00:00,0.0,0.0,0.0,0.0,0.0,0.0,0.0
115_STEAM_2,THERMAL,2020-07-16 12:00:00,0.0,0.0,0.0,0.0,0.0,0.0,0.0
115_STEAM_3,THERMAL,2020-07-16 12:00:00,0.0,0.0,0.0,0.0,0.0,0.0,0.0
116_STEAM_1,THERMAL,2020-07-16 12:00:00,0.0,0.0,0.0,0.0,0.0,0.0,0.0
118_CC_1,THERMAL,2020-07-16 12:00:00,0.0,0.0,0.0,0.0,0.0,0.0,0.0
122_WIND_1,WIND,2020-07-16 12:00:00,0.0,0.0,0.0,0.0,0.0,0.0,0.0
123_CT_1,THERMAL,2020-07-16 12:00:00,0.0,0.0,0.0,0.0,0.0,0.0,0.0
123_CT_4,THERMAL,2020-07-16 12:00:00,0.0,0.0,0.0,0.0,0.0,0.0,0.0
123_CT_5,THERMAL,2020-07-16 12:00:00,0.0,0.0,0.0,0.0,0.0,0.0,0.0
123_STEAM_2,THERMAL,2020-07-16 12:00:00,0.0,0.0,0.0,0.0,0.0,0.0,0.0
123_STEAM_3,THERMAL,2020-07-16 12:00:00,0.0,0.0,0.0,0.0,0.0,0.0,0.0
201_CT_1,THERMAL,2020-07-16 12:00:00,0.0,0.0,0.0,0.0,0.0,0.0,0.0
201_CT_2,THERMAL,2020-07-16 12:00:00,0.0,0.0,0.0,0.0,0.0,0.0,0.0
201_STEAM_3,THERMAL,2020-07-16 12:00:00,0.0,0.0,0.0,0.0,0.0,0.0,0.0
202_CT_1,THERMAL,2020-07-16 12:00:00,0.0,0.0,0.0,0.0,0.0,0.0,0.0
202_CT_2,THERMAL,2020-07-16 12:00:00,0.0,0.0,0.0,0.0,0.0,0.0,0.0
202_STEAM_3,THERMAL,2020-07-16 12:00:00,0.0,0.0,0.0,0.0,0.0,0.0,0.0
202_STEAM_4,THERMAL,2020-07-16 12:00:00,0.0,0.0,0.0,0.0,0.0,0.0,0.0
207_CT_1,THERMAL,2020-07-16 12:00:00,0.0,0.0,0.0,0.0,0.0,0.0,0.0
207_CT_2,THERMAL,2020-07-16 12:00:00,0.0,0.0,0.0,0.0,0.0,0.0,0.0
212_CSP_1,THERMAL,2020-07-16 12:00:00,0.0,0.0,0.0,0.0,0.0,0.0,0.0
213_CC_3,THERMAL,2020-07-16 12:00:00,0.0,0.0,0.0,0.0,0.0,0.0,0.0
213_CT_1,THERMAL,2020-07-16 12:00:00,0.0,0.0,0.0,0.0,0.0,0.0,0.0
213_CT_2,THERMAL,2020-07-16 12:00:00,0.0,0.0,0.0,0.0,0.0,0.0,0.0
215_CT_4,THERMAL,2020-07-16 12:00:00,0.0,0.0,0.0,0.0,0.0,0.0,0.0
215_CT_5,THERMAL,2020-07-16 12:00:00,0.0,0.0,0.0,0.0,0.0,0.0,0.0
216_STEAM_1,THERMAL,2020-07-16 12:00:00,0.0,0.0,0.0,0.0,0.0,0.0,0.0
218_CC_1,THERMAL,2020-07-16 12:00:00,0.0,0.0,0.0,0.0,0.0,0.0,0.0
221_CC_1,THERMAL,2020-07-16 12:00:00,0.0,0.0,0.0,0.0,0.0,0.0,0.0
223_CT_4,THERMAL,2020-07-16 12:00:00,0.0,0.0,0.0,0.0,0.0,0.0,0.0
223_CT_5,THERMAL,2020-07-16 12:00:00,0.0,0.0,0.0,0.0,0.0,0.0,0.0
223_CT_6,THERMAL,2020-07-16 12:00:00,0.0,0.0,0.0,0.0,0.0,0.0,0.0
223_STEAM_1,THERMAL,2020-07-16 12:00:00,0.0,0.0,0.0,0.0,0.0,0.0,0.0
223_STEAM_2,THERMAL,2020-07-16 12:00:00,0.0,0.0,0.0,0.0,0.0,0.0,0.0
223_STEAM_3,THERMAL,2020-07-16 12:00:00,0.0,0.0,0.0,0.0,0.0,0.0,0.0
301_CT_1,THERMAL,2020-07-16 12:00:00,0.0,0.0,0.0,0.0,0.0,0.0,0.0
301_CT_2,THERMAL,2020-07-16 12:00:00,0.0,0.0,0.0,0.0,0.0,0.0,0.0
301_CT_3,THERMAL,2020-07-16 12:00:00,0.0,0.0,0.0,0.0,0.0,0.0,0.0
301_CT_4,THERMAL,2020-07-16 12:00:00,0.0,0.0,0.0,0.0,0.0,0.0,0.0
302_CT_1,THERMAL,2020-07-16 12:00:00,0.0,0.0,0.0,0.0,0.0,0.0,0.0
302_CT_2,THERMAL,2020-07-16 12:00:00,0.0,0.0,0.0,0.0,0.0,0.0,0.0
302_CT_3,THERMAL,2020-07-16 12:00:00,0.0,0.0,0.0,0.0,0.0,0.0,0.0
302_CT_4,THERMAL,2020-07-16 12:00:00,0.0,0.0,0.0,0.0,0.0,0.0,0.0
303_WIND_1,WIND,2020-07-16 12:00:00,0.0,0.0,0.0,0.0,0.0,0.0,0.0
307_CT_1,THERMAL,2020-07-16 12:00:00,0.0,0.0,0.0,0.0,0.0,0.0,0.0
307_CT_2,THERMAL,2020-07-16 12:00:00,0.0,0.0,0.0,0.0,0.0,0.0,0.0
309_WIND_1,WIND,2020-07-16 12:00:00,0.0,0.0,0.0,0.0,0.0,0.0,0.0
313_CC_1,THERMAL,2020-07-16 12:00:00,0.0,0.0,0.0,0.0,0.0,0.0,0.0
315_CT_6,THERMAL,2020-07-16 12:00:00,0.0,0.0,0.0,0.0,0.0,0.0,0.0
315_CT_7,THERMAL,2020-07-16 12:00:00,0.0,0.0,0.0,0.0,0.0,0.0,0.0
315_CT_8,THERMAL,2020-07-16 12:00:00,0.0,0.0,0.0,0.0,0.0,0.0,0.0
315_STEAM_1,THERMAL,2020-07-16 12:00:00,0.0,0.0,0.0,0.0,0.0,0.0,0.0
315_STEAM_2,THERMAL,2020-07-16 12:00:00,0.0,0.0,0.0,0.0,0.0,0.0,0.0
315_STEAM_3,THERMAL,2020-07-16 12:00:00,0.0,0.0,0.0,0.0,0.0,0.0,0.0
315_STEAM_4,THERMAL,2020-07-16 12:00:00,0.0,0.0,0.0,0.0,0.0,0.0,0.0
315_STEAM_5,THERMAL,2020-07-16 12:00:00,0.0,0.0,0.0,0.0,0.0,0.0,0.0
316_STEAM_1,THERMAL,2020-07-16 12:00:00,0.0,0.0,0.0,0.0,0.0,0.0,0.0
317_WIND_1,WIND,2020-07-16 12:00:00,0.0,0.0,0.0,0.0,0.0,0.0,0.0
318_CC_1,THERMAL,2020-07-16 12:00:00,0.0,0.0,0.0,0.0,0.0,0.0,0.0
321_CC_1,THERMAL,2020-07-16 12:00:00,0.0,0.0,0.0,0.0,0.0,0.0,0.0
322_CT_5,THERMAL,2020-07-16 12:00:00,0.0,0.0,0.0,0.0,0.0,0.0,0.0
322_CT_6,THERMAL,2020-07-16 12:00:00,0.0,0.0,0.0,0.0,0.0,0.0,0.0
323_CC_1,THERMAL,2020-07-16 12:00:00,0.0,0.0,0.0,0.0,0.0,0.0,0.0
323_CC_2,THERMAL,2020-07-16 12:00:00,0.0,0.0,0.0,0.0,0.0,0.0,0.0
101_CT_1,THERMAL,2020-07-16 14:00:00,0.0,0.0,0.0,0.0,0.0,0.0,0.0
101_CT_2,THERMAL,2020-07-16 14:00:00,0.0,0.0,0.0,0.0,0.0,0.0,0.0
101_STEAM_3,THERMAL,2020-07-16 14:00:00,0.0,0.0,0.0,0.0,0.0,0.0,0.0
101_STEAM_4,THERMAL,2020-07-16 14:00:00,0.0,0.0,0.0,0.0,0.0,0.0,0.0
102_CT_1,THERMAL,2020-07-16 14:00:00,0.0,0.0,0.0,0.0,0.0,0.0,0.0
102_CT_2,THERMAL,2020-07-16 14:00:00,0.0,0.0,0.0,0.0,0.0,0.0,0.0
102_STEAM_3,THERMAL,2020-07-16 14:00:00,0.0,0.0,0.0,0.0,0.0,0.0,0.0
102_STEAM_4,THERMAL,2020-07-16 14:00:00,0.0,0.0,0.0,0.0,0.0,0.0,0.0
107_CC_1,THERMAL,2020-07-16 14:00:00,0.0,0.0,0.0,0.0,0.0,0.0,0.0
113_CT_1,THERMAL,2020-07-16 14:00:00,0.0,0.0,0.0,0.0,0.0,0.0,0.0
113_CT_2,THERMAL,2020-07-16 14:00:00,0.0,0.0,0.0,0.0,0.0,0.0,0.0
113_CT_3,THERMAL,2020-07-16 14:00:00,0.0,0.0,0.0,0.0,0.0,0.0,0.0
113_CT_4,THERMAL,2020-07-16 14:00:00,0.0,0.0,0.0,0.0,0.0,0.0,0.0
115_STEAM_1,THERMAL,2020-07-16 14:00:00,0.0,0.0,0.0,0.0,0.0,0.0,0.0
115_STEAM_2,THERMAL,2020-07-16 14:00:00,0.0,0.0,0.0,0.0,0.0,0.0,0.0
115_STEAM_3,THERMAL,2020-07-16 14:00:00,0.0,0.0,0.0,0.0,0.0,0.0,0.0
116_STEAM_1,THERMAL,2020-07-16 14:00:00,0.0,0.0,0.0,0.0,0.0,0.0,0.0
118_CC_1,THERMAL,2020-07-16 14:00:00,0.0,0.0,0.0,0.0,0.0,0.0,0.0
122_WIND_1,WIND,2020-07-16 14:00:00,0.0,0.0,0.0,0.0,0.0,0.0,0.0
123_CT_1,THERMAL,2020-07-16 14:00:00,0.0,0.0,0.0,0.0,0.0,0.0,0.0
123_CT_4,THERMAL,2020-07-16 14:00:00,0.0,0.0,0.0,0.0,0.0,0.0,0.0
123_CT_5,THERMAL,2020-07-16 14:00:00,0.0,0.0,0.0,0.0,0.0,0.0,0.0
123_STEAM_2,THERMAL,2020-07-16 14:00:00,0.0,0.0,0.0,0.0,0.0,0.0,0.0
123_STEAM_3,THERMAL,2020-07-16 14:00:00,0.0,0.0,0.0,0.0,0.0,0.0,0.0
201_CT_1,THERMAL,2020-07-16 14:00:00,0.0,0.0,0.0,0.0,0.0,0.0,0.0
201_CT_2,THERMAL,2020-07-16 14:00:00,0.0,0.0,0.0,0.0,0.0,0.0,0.0
201_STEAM_3,THERMAL,2020-07-16 14:00:00,0.0,0.0,0.0,0.0,0.0,0.0,0.0
202_CT_1,THERMAL,2020-07-16 14:00:00,0.0,0.0,0.0,0.0,0.0,0.0,0.0
202_CT_2,THERMAL,2020-07-16 14:00:00,0.0,0.0,0.0,0.0,0.0,0.0,0.0
202_STEAM_3,THERMAL,2020-07-16 14:00:00,0.0,0.0,0.0,0.0,0.0,0.0,0.0
202_STEAM_4,THERMAL,2020-07-16 14:00:00,0.0,0.0,0.0,0.0,0.0,0.0,0.0
207_CT_1,THERMAL,2020-07-16 14:00:00,0.0,0.0,0.0,0.0,0.0,0.0,0.0
207_CT_2,THERMAL,2020-07-16 14:00:00,0.0,0.0,0.0,0.0,0.0,0.0,0.0
212_CSP_1,THERMAL,2020-07-16 14:00:00,0.0,0.0,0.0,0.0,0.0,0.0,0.0
213_CC_3,THERMAL,2020-07-16 14:00:00,0.0,0.0,0.0,0.0,0.0,0.0,0.0
213_CT_1,THERMAL,2020-07-16 14:00:00,0.0,0.0,0.0,0.0,0.0,0.0,0.0
213_CT_2,THERMAL,2020-07-16 14:00:00,0.0,0.0,0.0,0.0,0.0,0.0,0.0
215_CT_4,THERMAL,2020-07-16 14:00:00,0.0,0.0,0.0,0.0,0.0,0.0,0.0
215_CT_5,THERMAL,2020-07-16 14:00:00,0.0,0.0,0.0,0.0,0.0,0.0,0.0
216_STEAM_1,THERMAL,2020-07-16 14:00:00,0.0,0.0,0.0,0.0,0.0,0.0,0.0
218_CC_1,THERMAL,2020-07-16 14:00:00,0.0,0.0,0.0,0.0,0.0,0.0,0.0
221_CC_1,THERMAL,2020-07-16 14:00:00,0.0,0.0,0.0,0.0,0.0,0.0,0.0
223_CT_4,THERMAL,2020-07-16 14:00:00,0.0,0.0,0.0,0.0,0.0,0.0,0.0
223_CT_5,THERMAL,2020-07-16 14:00:00,0.0,0.0,0.0,0.0,0.0,0.0,0.0
223_CT_6,THERMAL,2020-07-16 14:00:00,0.0,0.0,0.0,0.0,0.0,0.0,0.0
223_STEAM_1,THERMAL,2020-07-16 14:00:00,0.0,0.0,0.0,0.0,0.0,0.0,0.0
223_STEAM_2,THERMAL,2020-07-16 14:00:00,0.0,0.0,0.0,0.0,0.0,0.0,0.0
223_STEAM_3,THERMAL,2020-07-16 14:00:00,0.0,0.0,0.0,0.0,0.0,0.0,0.0
301_CT_1,THERMAL,2020-07-16 14:00:00,0.0,0.0,0.0,0.0,0.0,0.0,0.0
301_CT_2,THERMAL,2020-07-16 14:00:00,0.0,0.0,0.0,0.0,0.0,0.0,0.0
301_CT_3,THERMAL,2020-07-16 14:00:00,0.0,0.0,0.0,0.0,0.0,0.0,0.0
301_CT_4,THERMAL,2020-07-16 14:00:00,0.0,0.0,0.0,0.0,0.0,0.0,0.0
302_CT_1,THERMAL,2020-07-16 14:00:00,0.0,0.0,0.0,0.0,0.0,0.0,0.0
302_CT_2,THERMAL,2020-07-16 14:00:00,0.0,0.0,0.0,0.0,0.0,0.0,0.0
302_CT_3,THERMAL,2020-07-16 14:00:00,0.0,0.0,0.0,0.0,0.0,0.0,0.0
302_CT_4,THERMAL,2020-07-16 14:00:00,0.0,0.0,0.0,0.0,0.0,0.0,0.0
303_WIND_1,WIND,2020-07-16 14:00:00,0.0,0.0,0.0,0.0,0.0,0.0,0.0
307_CT_1,THERMAL,2020-07-16 14:00:00,0.0,0.0,0.0,0.0,0.0,0.0,0.0
307_CT_2,THERMAL,2020-07-16 14:00:00,0.0,0.0,0.0,0.0,0.0,0.0,0.0
309_WIND_1,WIND,2020-07-16 14:00:00,0.0,0.0,0.0,0.0,0.0,0.0,0.0
313_CC_1,THERMAL,2020-07-16 14:00:00,0.0,0.0,0.0,0.0,0.0,0.0,0.0
315_CT_6,THERMAL,2020-07-16 14:00:00,0.0,0.0,0.0,0.0,0.0,0.0,0.0
315_CT_7,THERMAL,2020-07-16 14:00:00,0.0,0.0,0.0,0.0,0.0,0.0,0.0
315_CT_8,THERMAL,2020-07-16 14:00:00,0.0,0.0,0.0,0.0,0.0,0.0,0.0
315_STEAM_1,THERMAL,2020-07-16 14:00:00,0.0,0.0,0.0,0.0,0.0,0.0,0.0
315_STEAM_2,THERMAL,2020-07-16 14:00:00,0.0,0.0,0.0,0.0,0.0,0.0,0.0
315_STEAM_3,THERMAL,2020-07-16 14:00:00,0.0,0.0,0.0,0.0,0.0,0.0,0.0
315_STEAM_4,THERMAL,2020-07-16 14:00:00,0.0,0.0,0.0,0.0,0.0,0.0,0.0
315_STEAM_5,THERMAL,2020-07-16 14:00:00,0.0,0.0,0.0,0.0,0.0,0.0,0.0
316_STEAM_1,THERMAL,2020-07-16 14:00:00,0.0,0.0,0.0,0.0,0.0,0.0,0.0
317_WIND_1,WIND,2020-07-16 14:00:00,0.0,0.0,0.0,0.0,0.0,0.0,0.0
318_CC_1,THERMAL,2020-07-16 14:00:00,0.0,0.0,0.0,0.0,0.0,0.0,0.0
321_CC_1,THERMAL,2020-07-16 14:00:00,0.0,0.0,0.0,0.0,0.0,0.0,0.0
322_CT_5,THERMAL,2020-07-16 14:00:00,0.0,0.0,0.0,0.0,0.0,0.0,0.0
322_CT_6,THERMAL,2020-07-16 14:00:00,0.0,0.0,0.0,0.0,0.0,0.0,0.0
323_CC_1,THERMAL,2020-07-16 14:00:00,0.0,0.0,0.0,0.0,0.0,0.0,0.0
323_CC_2,THERMAL,2020-07-16 14:00:00,0.0,0.0,0.0,0.0,0.0,0.0,0.0
101_CT_1,THERMAL,2020-07-16 16:00:00,0.0,0.0,0.0,0.0,0.0,0.0,0.0
101_CT_2,THERMAL,2020-07-16 16:00:00,0.0,0.0,0.0,0.0,0.0,0.0,0.0
101_STEAM_3,THERMAL,2020-07-16 16:00:00,0.0,0.0,0.0,0.0,0.0,0.0,0.0
101_STEAM_4,THERMAL,2020-07-16 16:00:00,0.0,0.0,0.0,0.0,0.0,0.0,0.0
102_CT_1,THERMAL,2020-07-16 16:00:00,0.0,0.0,0.0,0.0,0.0,0.0,0.0
102_CT_2,THERMAL,2020-07-16 16:00:00,0.0,0.0,0.0,0.0,0.0,0.0,0.0
102_STEAM_3,THERMAL,2020-07-16 16:00:00,0.0,0.0,0.0,0.0,0.0,0.0,0.0
102_STEAM_4,THERMAL,2020-07-16 16:00:00,0.0,0.0,0.0,0.0,0.0,0.0,0.0
107_CC_1,THERMAL,2020-07-16 16:00:00,0.0,0.0,0.0,0.0,0.0,0.0,0.0
113_CT_1,THERMAL,2020-07-16 16:00:00,0.0,0.0,0.0,0.0,0.0,0.0,0.0
113_CT_2,THERMAL,2020-07-16 16:00:00,0.0,0.0,0.0,0.0,0.0,0.0,0.0
113_CT_3,THERMAL,2020-07-16 16:00:00,0.0,0.0,0.0,0.0,0.0,0.0,0.0
113_CT_4,THERMAL,2020-07-16 16:00:00,0.0,0.0,0.0,0.0,0.0,0.0,0.0
115_STEAM_1,THERMAL,2020-07-16 16:00:00,0.0,0.0,0.0,0.0,0.0,0.0,0.0
115_STEAM_2,THERMAL,2020-07-16 16:00:00,0.0,0.0,0.0,0.0,0.0,0.0,0.0
115_STEAM_3,THERMAL,2020-07-16 16:00:00,0.0,0.0,0.0,0.0,0.0,0.0,0.0
116_STEAM_1,THERMAL,2020-07-16 16:00:00,0.0,0.0,0.0,0.0,0.0,0.0,0.0
118_CC_1,THERMAL,2020-07-16 16:00:00,0.0,0.0,0.0,0.0,0.0,0.0,0.0
122_WIND_1,WIND,2020-07-16 16:00:00,0.0,0.0,0.0,0.0,0.0,0.0,0.0
123_CT_1,THERMAL,2020-07-16 16:00:00,0.0,0.0,0.0,0.0,0.0,0.0,0.0
123_CT_4,THERMAL,2020-07-16 16:00:00,0.0,0.0,0.0,0.0,0.0,0.0,0.0
123_CT_5,THERMAL,2020-07-16 16:00:00,0.0,0.0,0.0,0.0,0.0,0.0,0.0
123_STEAM_2,THERMAL,2020-07-16 16:00:00,0.0,0.0,0.0,0.0,0.0,0.0,0.0
123_STEAM_3,THERMAL,2020-07-16 16:00:00,0.0,0.0,0.0,0.0,0.0,0.0,0.0
201_CT_1,THERMAL,2020-07-16 16:00:00,0.0,0.0,0.0,0.0,0.0,0.0,0.0
201_CT_2,THERMAL,2020-07-16 16:00:00,0.0,0.0,0.0,0.0,0.0,0.0,0.0
201_STEAM_3,THERMAL,2020-07-16 16:00:00,0.0,0.0,0.0,0.0,0.0,0.0,0.0
202_CT_1,THERMAL,2020-07-16 16:00:00,0.0,0.0,0.0,0.0,0.0,0.0,0.0
202_CT_2,THERMAL,2020-07-16 16:00:00,0.0,0.0,0.0,0.0,0.0,0.0,0.0
202_STEAM_3,THERMAL,2020-07-16 16:00:00,0.0,0.0,0.0,0.0,0.0,0.0,0.0
202_STEAM_4,THERMAL,2020-07-16 16:00:00,0.0,0.0,0.0,0.0,0.0,0.0,0.0
207_CT_1,THERMAL,2020-07-16 16:00:00,0.0,0.0,0.0,0.0,0.0,0.0,0.0
207_CT_2,THERMAL,2020-07-16 16:00:00,0.0,0.0,0.0,0.0,0.0,0.0,0.0
212_CSP_1,THERMAL,2020-07-16 16:00:00,0.0,0.0,0.0,0.0,0.0,0.0,0.0
213_CC_3,THERMAL,2020-07-16 16:00:00,0.0,0.0,0.0,0.0,0.0,0.0,0.0
213_CT_1,THERMAL,2020-07-16 16:00:00,0.0,0.0,0.0,0.0,0.0,0.0,0.0
213_CT_2,THERMAL,2020-07-16 16:00:00,0.0,0.0,0.0,0.0,0.0,0.0,0.0
215_CT_4,THERMAL,2020-07-16 16:00:00,0.0,0.0,0.0,0.0,0.0,0.0,0.0
215_CT_5,THERMAL,2020-07-16 16:00:00,0.0,0.0,0.0,0.0,0.0,0.0,0.0
216_STEAM_1,THERMAL,2020-07-16 16:00:00,0.0,0.0,0.0,0.0,0.0,0.0,0.0
218_CC_1,THERMAL,2020-07-16 16:00:00,0.0,0.0,0.0,0.0,0.0,0.0,0.0
221_CC_1,THERMAL,2020-07-16 16:00:00,0.0,0.0,0.0,0.0,0.0,0.0,0.0
223_CT_4,THERMAL,2020-07-16 16:00:00,0.0,0.0,0.0,0.0,0.0,0.0,0.0
223_CT_5,THERMAL,2020-07-16 16:00:00,0.0,0.0,0.0,0.0,0.0,0.0,0.0
223_CT_6,THERMAL,2020-07-16 16:00:00,0.0,0.0,0.0,0.0,0.0,0.0,0.0
223_STEAM_1,THERMAL,2020-07-16 16:00:00,0.0,0.0,0.0,0.0,0.0,0.0,0.0
223_STEAM_2,THERMAL,2020-07-16 16:00:00,0.0,0.0,0.0,0.0,0.0,0.0,0.0
223_STEAM_3,THERMAL,2020-07-16 16:00:00,0.0,0.0,0.0,0.0,0.0,0.0,0.0
301_CT_1,THERMAL,2020-07-16 16:00:00,0.0,0.0,0.0,0.0,0.0,0.0,0.0
301_CT_2,THERMAL,2020-07-16 16:00:00,0.0,0.0,0.0,0.0,0.0,0.0,0.0
301_CT_3,THERMAL,2020-07-16 16:00:00,0.0,0.0,0.0,0.0,0.0,0.0,0.0
301_CT_4,THERMAL,2020-07-16 16:00:00,0.0,0.0,0.0,0.0,0.0,0.0,0.0
302_CT_1,THERMAL,2020-07-16 16:00:00,0.0,0.0,0.0,0.0,0.0,0.0,0.0
302_CT_2,THERMAL,2020-07-16 16:00:00,0.0,0.0,0.0,0.0,0.0,0.0,0.0
302_CT_3,THERMAL,2020-07-16 16:00:00,0.0,0.0,0.0,0.0,0.0,0.0,0.0
302_CT_4,THERMAL,2020-07-16 16:00:00,0.0,0.0,0.0,0.0,0.0,0.0,0.0
303_WIND_1,WIND,2020-07-16 16:00:00,0.0,0.0,0.0,0.0,0.0,0.0,0.0
307_CT_1,THERMAL,2020-07-16 16:00:00,0.0,0.0,0.0,0.0,0.0,0.0,0.0
307_CT_2,THERMAL,2020-07-16 16:00:00,0.0,0.0,0.0,0.0,0.0,0.0,0.0
309_WIND_1,WIND,2020-07-16 16:00:00,0.0,0.0,0.0,0.0,0.0,0.0,0.0
313_CC_1,THERMAL,2020-07-16 16:00:00,0.0,0.0,0.0,0.0,0.0,0.0,0.0
315_CT_6,THERMAL,2020-07-16 16:00:00,0.0,0.0,0.0,0.0,0.0,0.0,0.0
315_CT_7,THERMAL,2020-07-16 16:00:00,0.0,0.0,0.0,0.0,0.0,0.0,0.0
315_CT_8,THERMAL,2020-07-16 16:00:00,0.0,0.0,0.0,0.0,0.0,0.0,0.0
315_STEAM_1,THERMAL,2020-07-16 16:00:00,0.0,0.0,0.0,0.0,0.0,0.0,0.0
315_STEAM_2,THERMAL,2020-07-16 16:00:00,0.0,0.0,0.0,0.0,0.0,0.0,0.0
315_STEAM_3,THERMAL,2020-07-16 16:00:00,0.0,0.0,0.0,0.0,0.0,0.0,0.0
315_STEAM_4,THERMAL,2020-07-16 16:00:00,0.0,0.0,0.0,0.0,0.0,0.0,0.0
315_STEAM_5,THERMAL,2020-07-16 16:00:00,0.0,0.0,0.0,0.0,0.0,0.0,0.0
316_STEAM_1,THERMAL,2020-07-16 16:00:00,0.0,0.0,0.0,0.0,0.0,0.0,0.0
317_WIND_1,WIND,2020-07-16 16:00:00,0.0,0.0,0.0,0.0,0.0,0.0,0.0
318_CC_1,THERMAL,2020-07-16 16:00:00,0.0,0.0,0.0,0.0,0.0,0.0,0.0
321_CC_1,THERMAL,2020-07-16 16:00:00,0.0,0.0,0.0,0.0,0.0,0.0,0.0
322_CT_5,THERMAL,2020-07-16 16:00:00,0.0,0.0,0.0,0.0,0.0,0.0,0.0
322_CT_6,THERMAL,2020-07-16 16:00:00,0.0,0.0,0.0,0.0,0.0,0.0,0.0
323_CC_1,THERMAL,2020-07-16 16:00:00,0.0,0.0,0.0,0.0,0.0,0.0,0.0
323_CC_2,THERMAL,2020-07-16 16:00:00,0.0,0.0,0.0,0.0,0.0,0.0,0.0
101_CT_1,THERMAL,2020-07-16 18:00:00,0.0,0.0,0.0,0.0,0.0,0.0,0.0
101_CT_2,THERMAL,2020-07-16 18:00:00,0.0,0.0,0.0,0.0,0.0,0.0,0.0
101_STEAM_3,THERMAL,2020-07-16 18:00:00,0.0,0.0,0.0,0.0,0.0,0.0,0.0
101_STEAM_4,THERMAL,2020-07-16 18:00:00,0.0,0.0,0.0,0.0,0.0,0.0,0.0
102_CT_1,THERMAL,2020-07-16 18:00:00,0.0,0.0,0.0,0.0,0.0,0.0,0.0
102_CT_2,THERMAL,2020-07-16 18:00:00,0.0,0.0,0.0,0.0,0.0,0.0,0.0
102_STEAM_3,THERMAL,2020-07-16 18:00:00,0.0,0.0,0.0,0.0,0.0,0.0,0.0
102_STEAM_4,THERMAL,2020-07-16 18:00:00,0.0,0.0,0.0,0.0,0.0,0.0,0.0
107_CC_1,THERMAL,2020-07-16 18:00:00,0.0,0.0,0.0,0.0,0.0,0.0,0.0
113_CT_1,THERMAL,2020-07-16 18:00:00,0.0,0.0,0.0,0.0,0.0,0.0,0.0
113_CT_2,THERMAL,2020-07-16 18:00:00,0.0,0.0,0.0,0.0,0.0,0.0,0.0
113_CT_3,THERMAL,2020-07-16 18:00:00,0.0,0.0,0.0,0.0,0.0,0.0,0.0
113_CT_4,THERMAL,2020-07-16 18:00:00,0.0,0.0,0.0,0.0,0.0,0.0,0.0
115_STEAM_1,THERMAL,2020-07-16 18:00:00,0.0,0.0,0.0,0.0,0.0,0.0,0.0
115_STEAM_2,THERMAL,2020-07-16 18:00:00,0.0,0.0,0.0,0.0,0.0,0.0,0.0
115_STEAM_3,THERMAL,2020-07-16 18:00:00,0.0,0.0,0.0,0.0,0.0,0.0,0.0
116_STEAM_1,THERMAL,2020-07-16 18:00:00,0.0,0.0,0.0,0.0,0.0,0.0,0.0
118_CC_1,THERMAL,2020-07-16 18:00:00,0.0,0.0,0.0,0.0,0.0,0.0,0.0
122_WIND_1,WIND,2020-07-16 18:00:00,0.0,0.0,0.0,0.0,0.0,0.0,0.0
123_CT_1,THERMAL,2020-07-16 18:00:00,0.0,0.0,0.0,0.0,0.0,0.0,0.0
123_CT_4,THERMAL,2020-07-16 18:00:00,0.0,0.0,0.0,0.0,0.0,0.0,0.0
123_CT_5,THERMAL,2020-07-16 18:00:00,0.0,0.0,0.0,0.0,0.0,0.0,0.0
123_STEAM_2,THERMAL,2020-07-16 18:00:00,0.0,0.0,0.0,0.0,0.0,0.0,0.0
123_STEAM_3,THERMAL,2020-07-16 18:00:00,0.0,0.0,0.0,0.0,0.0,0.0,0.0
201_CT_1,THERMAL,2020-07-16 18:00:00,0.0,0.0,0.0,0.0,0.0,0.0,0.0
201_CT_2,THERMAL,2020-07-16 18:00:00,0.0,0.0,0.0,0.0,0.0,0.0,0.0
201_STEAM_3,THERMAL,2020-07-16 18:00:00,0.0,0.0,0.0,0.0,0.0,0.0,0.0
202_CT_1,THERMAL,2020-07-16 18:00:00,0.0,0.0,0.0,0.0,0.0,0.0,0.0
202_CT_2,THERMAL,2020-07-16 18:00:00,0.0,0.0,0.0,0.0,0.0,0.0,0.0
202_STEAM_3,THERMAL,2020-07-16 18:00:00,0.0,0.0,0.0,0.0,0.0,0.0,0.0
202_STEAM_4,THERMAL,2020-07-16 18:00:00,0.0,0.0,0.0,0.0,0.0,0.0,0.0
207_CT_1,THERMAL,2020-07-16 18:00:00,0.0,0.0,0.0,0.0,0.0,0.0,0.0
207_CT_2,THERMAL,2020-07-16 18:00:00,0.0,0.0,0.0,0.0,0.0,0.0,0.0
212_CSP_1,THERMAL,2020-07-16 18:00:00,0.0,0.0,0.0,0.0,0.0,0.0,0.0
213_CC_3,THERMAL,2020-07-16 18:00:00,0.0,0.0,0.0,0.0,0.0,0.0,0.0
213_CT_1,THERMAL,2020-07-16 18:00:00,0.0,0.0,0.0,0.0,0.0,0.0,0.0
213_CT_2,THERMAL,2020-07-16 18:00:00,0.0,0.0,0.0,0.0,0.0,0.0,0.0
215_CT_4,THERMAL,2020-07-16 18:00:00,0.0,0.0,0.0,0.0,0.0,0.0,0.0
215_CT_5,THERMAL,2020-07-16 18:00:00,0.0,0.0,0.0,0.0,0.0,0.0,0.0
216_STEAM_1,THERMAL,2020-07-16 18:00:00,0.0,0.0,0.0,0.0,0.0,0.0,0.0
218_CC_1,THERMAL,2020-07-16 18:00:00,0.0,0.0,0.0,0.0,0.0,0.0,0.0
221_CC_1,THERMAL,2020-07-16 18:00:00,0.0,0.0,0.0,0.0,0.0,0.0,0.0
223_CT_4,THERMAL,2020-07-16 18:00:00,0.0,0.0,0.0,0.0,0.0,0.0,0.0
223_CT_5,THERMAL,2020-07-16 18:00:00,0.0,0.0,0.0,0.0,0.0,0.0,0.0
223_CT_6,THERMAL,2020-07-16 18:00:00,0.0,0.0,0.0,0.0,0.0,0.0,0.0
223_STEAM_1,THERMAL,2020-07-16 18:00:00,0.0,0.0,0.0,0.0,0.0,0.0,0.0
223_STEAM_2,THERMAL,2020-07-16 18:00:00,0.0,0.0,0.0,0.0,0.0,0.0,0.0
223_STEAM_3,THERMAL,2020-07-16 18:00:00,0.0,0.0,0.0,0.0,0.0,0.0,0.0
301_CT_1,THERMAL,2020-07-16 18:00:00,0.0,0.0,0.0,0.0,0.0,0.0,0.0
301_CT_2,THERMAL,2020-07-16 18:00:00,0.0,0.0,0.0,0.0,0.0,0.0,0.0
301_CT_3,THERMAL,2020-07-16 18:00:00,0.0,0.0,0.0,0.0,0.0,0.0,0.0
301_CT_4,THERMAL,2020-07-16 18:00:00,0.0,0.0,0.0,0.0,0.0,0.0,0.0
302_CT_1,THERMAL,2020-07-16 18:00:00,0.0,0.0,0.0,0.0,0.0,0.0,0.0
302_CT_2,THERMAL,2020-07-16 18:00:00,0.0,0.0,0.0,0.0,0.0,0.0,0.0
302_CT_3,THERMAL,2020-07-16 18:00:00,0.0,0.0,0.0,0.0,0.0,0.0,0.0
302_CT_4,THERMAL,2020-07-16 18:00:00,0.0,0.0,0.0,0.0,0.0,0.0,0.0
303_WIND_1,WIND,2020-07-16 18:00:00,0.0,0.0,0.0,0.0,0.0,0.0,0.0
307_CT_1,THERMAL,2020-07-16 18:00:00,0.0,0.0,0.0,0.0,0.0,0.0,0.0
307_CT_2,THERMAL,2020-07-16 18:00:00,0.0,0.0,0.0,0.0,0.0,0.0,0.0
309_WIND_1,WIND,2020-07-16 18:00:00,0.0,0.0,0.0,0.0,0.0,0.0,0.0
313_CC_1,THERMAL,2020-07-16 18:00:00,0.0,0.0,0.0,0.0,0.0,0.0,0.0
315_CT_6,THERMAL,2020-07-16 18:00:00,0.0,0.0,0.0,0.0,0.0,0.0,0.0
315_CT_7,THERMAL,2020-07-16 18:00:00,0.0,0.0,0.0,0.0,0.0,0.0,0.0
315_CT_8,THERMAL,2020-07-16 18:00:00,0.0,0.0,0.0,0.0,0.0,0.0,0.0
315_STEAM_1,THERMAL,2020-07-16 18:00:00,0.0,0.0,0.0,0.0,0.0,0.0,0.0
315_STEAM_2,THERMAL,2020-07-16 18:00:00,0.0,0.0,0.0,0.0,0.0,0.0,0.0
315_STEAM_3,THERMAL,2020-07-16 18:00:00,0.0,0.0,0.0,0.0,0.0,0.0,0.0
315_STEAM_4,THERMAL,2020-07-16 18:00:00,0.0,0.0,0.0,0.0,0.0,0.0,0.0
315_STEAM_5,THERMAL,2020-07-16 18:00:00,0.0,0.0,0.0,0.0,0.0,0.0,0.0
316_STEAM_1,THERMAL,2020-07-16 18:00:00,0.0,0.0,0.0,0.0,0.0,0.0,0.0
317_WIND_1,WIND,2020-07-16 18:00:00,0.0,0.0,0.0,0.0,0.0,0.0,0.0
318_CC_1,THERMAL,2020-07-16 18:00:00,0.0,0.0,0.0,0.0,0.0,0.0,0.0
321_CC_1,THERMAL,2020-07-16 18:00:00,0.0,0.0,0.0,0.0,0.0,0.0,0.0
322_CT_5,THERMAL,2020-07-16 18:00:00,0.0,0.0,0.0,0.0,0.0,0.0,0.0
322_CT_6,THERMAL,2020-07-16 18:00:00,0.0,0.0,0.0,0.0,0.0,0.0,0.0
323_CC_1,THERMAL,2020-07-16 18:00:00,0.0,0.0,0.0,0.0,0.0,0.0,0.0
323_CC_2,THERMAL,2020-07-16 18:00:00,0.0,0.0,0.0,0.0,0.0,0.0,0.0
101_CT_1,THERMAL,2020-07-16 20:00:00,0.0,0.0,0.0,0.0,0.0,0.0,0.0
101_CT_2,THERMAL,2020-07-16 20:00:00,0.0,0.0,0.0,0.0,0.0,0.0,0.0
101_STEAM_3,THERMAL,2020-07-16 20:00:00,0.0,0.0,0.0,0.0,0.0,0.0,0.0
101_STEAM_4,THERMAL,2020-07-16 20:00:00,0.0,0.0,0.0,0.0,0.0,0.0,0.0
102_CT_1,THERMAL,2020-07-16 20:00:00,0.0,0.0,0.0,0.0,0.0,0.0,0.0
102_CT_2,THERMAL,2020-07-16 20:00:00,0.0,0.0,0.0,0.0,0.0,0.0,0.0
102_STEAM_3,THERMAL,2020-07-16 20:00:00,0.0,0.0,0.0,0.0,0.0,0.0,0.0
102_STEAM_4,THERMAL,2020-07-16 20:00:00,0.0,0.0,0.0,0.0,0.0,0.0,0.0
107_CC_1,THERMAL,2020-07-16 20:00:00,0.0,0.0,0.0,0.0,0.0,0.0,0.0
113_CT_1,THERMAL,2020-07-16 20:00:00,0.0,0.0,0.0,0.0,0.0,0.0,0.0
113_CT_2,THERMAL,2020-07-16 20:00:00,0.0,0.0,0.0,0.0,0.0,0.0,0.0
113_CT_3,THERMAL,2020-07-16 20:00:00,0.0,0.0,0.0,0.0,0.0,0.0,0.0
113_CT_4,THERMAL,2020-07-16 20:00:00,0.0,0.0,0.0,0.0,0.0,0.0,0.0
115_STEAM_1,THERMAL,2020-07-16 20:00:00,0.0,0.0,0.0,0.0,0.0,0.0,0.0
115_STEAM_2,THERMAL,2020-07-16 20:00:00,0.0,0.0,0.0,0.0,0.0,0.0,0.0
115_STEAM_3,THERMAL,2020-07-16 20:00:00,0.0,0.0,0.0,0.0,0.0,0.0,0.0
116_STEAM_1,THERMAL,2020-07-16 20:00:00,0.0,0.0,0.0,0.0,0.0,0.0,0.0
118_CC_1,THERMAL,2020-07-16 20:00:00,0.0,0.0,0.0,0.0,0.0,0.0,0.0
122_WIND_1,WIND,2020-07-16 20:00:00,0.0,0.0,0.0,0.0,0.0,0.0,0.0
123_CT_1,THERMAL,2020-07-16 20:00:00,0.0,0.0,0.0,0.0,0.0,0.0,0.0
123_CT_4,THERMAL,2020-07-16 20:00:00,0.0,0.0,0.0,0.0,0.0,0.0,0.0
123_CT_5,THERMAL,2020-07-16 20:00:00,0.0,0.0,0.0,0.0,0.0,0.0,0.0
123_STEAM_2,THERMAL,2020-07-16 20:00:00,0.0,0.0,0.0,0.0,0.0,0.0,0.0
123_STEAM_3,THERMAL,2020-07-16 20:00:00,0.0,0.0,0.0,0.0,0.0,0.0,0.0
201_CT_1,THERMAL,2020-07-16 20:00:00,0.0,0.0,0.0,0.0,0.0,0.0,0.0
201_CT_2,THERMAL,2020-07-16 20:00:00,0.0,0.0,0.0,0.0,0.0,0.0,0.0
201_STEAM_3,THERMAL,2020-07-16 20:00:00,0.0,0.0,0.0,0.0,0.0,0.0,0.0
202_CT_1,THERMAL,2020-07-16 20:00:00,0.0,0.0,0.0,0.0,0.0,0.0,0.0
202_CT_2,THERMAL,2020-07-16 20:00:00,0.0,0.0,0.0,0.0,0.0,0.0,0.0
202_STEAM_3,THERMAL,2020-07-16 20:00:00,0.0,0.0,0.0,0.0,0.0,0.0,0.0
202_STEAM_4,THERMAL,2020-07-16 20:00:00,0.0,0.0,0.0,0.0,0.0,0.0,0.0
207_CT_1,THERMAL,2020-07-16 20:00:00,0.0,0.0,0.0,0.0,0.0,0.0,0.0
207_CT_2,THERMAL,2020-07-16 20:00:00,0.0,0.0,0.0,0.0,0.0,0.0,0.0
212_CSP_1,THERMAL,2020-07-16 20:00:00,0.0,0.0,0.0,0.0,0.0,0.0,0.0
213_CC_3,THERMAL,2020-07-16 20:00:00,0.0,0.0,0.0,0.0,0.0,0.0,0.0
213_CT_1,THERMAL,2020-07-16 20:00:00,0.0,0.0,0.0,0.0,0.0,0.0,0.0
213_CT_2,THERMAL,2020-07-16 20:00:00,0.0,0.0,0.0,0.0,0.0,0.0,0.0
215_CT_4,THERMAL,2020-07-16 20:00:00,0.0,0.0,0.0,0.0,0.0,0.0,0.0
215_CT_5,THERMAL,2020-07-16 20:00:00,0.0,0.0,0.0,0.0,0.0,0.0,0.0
216_STEAM_1,THERMAL,2020-07-16 20:00:00,0.0,0.0,0.0,0.0,0.0,0.0,0.0
218_CC_1,THERMAL,2020-07-16 20:00:00,0.0,0.0,0.0,0.0,0.0,0.0,0.0
221_CC_1,THERMAL,2020-07-16 20:00:00,0.0,0.0,0.0,0.0,0.0,0.0,0.0
223_CT_4,THERMAL,2020-07-16 20:00:00,0.0,0.0,0.0,0.0,0.0,0.0,0.0
223_CT_5,THERMAL,2020-07-16 20:00:00,0.0,0.0,0.0,0.0,0.0,0.0,0.0
223_CT_6,THERMAL,2020-07-16 20:00:00,0.0,0.0,0.0,0.0,0.0,0.0,0.0
223_STEAM_1,THERMAL,2020-07-16 20:00:00,0.0,0.0,0.0,0.0,0.0,0.0,0.0
223_STEAM_2,THERMAL,2020-07-16 20:00:00,0.0,0.0,0.0,0.0,0.0,0.0,0.0
223_STEAM_3,THERMAL,2020-07-16 20:00:00,0.0,0.0,0.0,0.0,0.0,0.0,0.0
301_CT_1,THERMAL,2020-07-16 20:00:00,0.0,0.0,0.0,0.0,0.0,0.0,0.0
301_CT_2,THERMAL,2020-07-16 20:00:00,0.0,0.0,0.0,0.0,0.0,0.0,0.0
301_CT_3,THERMAL,2020-07-16 20:00:00,0.0,0.0,0.0,0.0,0.0,0.0,0.0
301_CT_4,THERMAL,2020-07-16 20:00:00,0.0,0.0,0.0,0.0,0.0,0.0,0.0
302_CT_1,THERMAL,2020-07-16 20:00:00,0.0,0.0,0.0,0.0,0.0,0.0,0.0
302_CT_2,THERMAL,2020-07-16 20:00:00,0.0,0.0,0.0,0.0,0.0,0.0,0.0
302_CT_3,THERMAL,2020-07-16 20:00:00,0.0,0.0,0.0,0.0,0.0,0.0,0.0
302_CT_4,THERMAL,2020-07-16 20:00:00,0.0,0.0,0.0,0.0,0.0,0.0,0.0
303_WIND_1,WIND,2020-07-16 20:00:00,0.0,0.0,0.0,0.0,0.0,0.0,0.0
307_CT_1,THERMAL,2020-07-16 20:00:00,0.0,0.0,0.0,0.0,0.0,0.0,0.0
307_CT_2,THERMAL,2020-07-16 20:00:00,0.0,0.0,0.0,0.0,0.0,0.0,0.0
309_WIND_1,WIND,2020-07-16 20:00:00,0.0,0.0,0.0,0.0,0.0,0.0,0.0
313_CC_1,THERMAL,2020-07-16 20:00:00,0.0,0.0,0.0,0.0,0.0,0.0,0.0
315_CT_6,THERMAL,2020-07-16 20:00:00,0.0,0.0,0.0,0.0,0.0,0.0,0.0
315_CT_7,THERMAL,2020-07-16 20:00:00,0.0,0.0,0.0,0.0,0.0,0.0,0.0
315_CT_8,THERMAL,2020-07-16 20:00:00,0.0,0.0,0.0,0.0,0.0,0.0,0.0
315_STEAM_1,THERMAL,2020-07-16 20:00:00,0.0,0.0,0.0,0.0,0.0,0.0,0.0
315_STEAM_2,THERMAL,2020-07-16 20:00:00,0.0,0.0,0.0,0.0,0.0,0.0,0.0
315_STEAM_3,THERMAL,2020-07-16 20:00:00,0.0,0.0,0.0,0.0,0.0,0.0,0.0
315_STEAM_4,THERMAL,2020-07-16 20:00:00,0.0,0.0,0.0,0.0,0.0,0.0,0.0
315_STEAM_5,THERMAL,2020-07-16 20:00:00,0.0,0.0,0.0,0.0,0.0,0.0,0.0
316_STEAM_1,THERMAL,2020-07-16 20:00:00,0.0,0.0,0.0,0.0,0.0,0.0,0.0
317_WIND_1,WIND,2020-07-16 20:00:00,0.0,0.0,0.0,0.0,0.0,0.0,0.0
318_CC_1,THERMAL,2020-07-16 20:00:00,0.0,0.0,0.0,0.0,0.0,0.0,0.0
321_CC_1,THERMAL,2020-07-16 20:00:00,0.0,0.0,0.0,0.0,0.0,0.0,0.0
322_CT_5,THERMAL,2020-07-16 20:00:00,0.0,0.0,0.0,0.0,0.0,0.0,0.0
322_CT_6,THERMAL,2020-07-16 20:00:00,0.0,0.0,0.0,0.0,0.0,0.0,0.0
323_CC_1,THERMAL,2020-07-16 20:00:00,0.0,0.0,0.0,0.0,0.0,0.0,0.0
323_CC_2,THERMAL,2020-07-16 20:00:00,0.0,0.0,0.0,0.0,0.0,0.0,0.0
101_CT_1,THERMAL,2020-07-16 22:00:00,0.0,0.0,0.0,0.0,0.0,0.0,0.0
101_CT_2,THERMAL,2020-07-16 22:00:00,0.0,0.0,0.0,0.0,0.0,0.0,0.0
101_STEAM_3,THERMAL,2020-07-16 22:00:00,0.0,0.0,0.0,0.0,0.0,0.0,0.0
101_STEAM_4,THERMAL,2020-07-16 22:00:00,0.0,0.0,0.0,0.0,0.0,0.0,0.0
102_CT_1,THERMAL,2020-07-16 22:00:00,0.0,0.0,0.0,0.0,0.0,0.0,0.0
102_CT_2,THERMAL,2020-07-16 22:00:00,0.0,0.0,0.0,0.0,0.0,0.0,0.0
102_STEAM_3,THERMAL,2020-07-16 22:00:00,0.0,0.0,0.0,0.0,0.0,0.0,0.0
102_STEAM_4,THERMAL,2020-07-16 22:00:00,0.0,0.0,0.0,0.0,0.0,0.0,0.0
107_CC_1,THERMAL,2020-07-16 22:00:00,0.0,0.0,0.0,0.0,0.0,0.0,0.0
113_CT_1,THERMAL,2020-07-16 22:00:00,0.0,0.0,0.0,0.0,0.0,0.0,0.0
113_CT_2,THERMAL,2020-07-16 22:00:00,0.0,0.0,0.0,0.0,0.0,0.0,0.0
113_CT_3,THERMAL,2020-07-16 22:00:00,0.0,0.0,0.0,0.0,0.0,0.0,0.0
113_CT_4,THERMAL,2020-07-16 22:00:00,0.0,0.0,0.0,0.0,0.0,0.0,0.0
115_STEAM_1,THERMAL,2020-07-16 22:00:00,0.0,0.0,0.0,0.0,0.0,0.0,0.0
115_STEAM_2,THERMAL,2020-07-16 22:00:00,0.0,0.0,0.0,0.0,0.0,0.0,0.0
115_STEAM_3,THERMAL,2020-07-16 22:00:00,0.0,0.0,0.0,0.0,0.0,0.0,0.0
116_STEAM_1,THERMAL,2020-07-16 22:00:00,0.0,0.0,0.0,0.0,0.0,0.0,0.0
118_CC_1,THERMAL,2020-07-16 22:00:00,0.0,0.0,0.0,0.0,0.0,0.0,0.0
122_WIND_1,WIND,2020-07-16 22:00:00,0.0,0.0,0.0,0.0,0.0,0.0,0.0
123_CT_1,THERMAL,2020-07-16 22:00:00,0.0,0.0,0.0,0.0,0.0,0.0,0.0
123_CT_4,THERMAL,2020-07-16 22:00:00,0.0,0.0,0.0,0.0,0.0,0.0,0.0
123_CT_5,THERMAL,2020-07-16 22:00:00,0.0,0.0,0.0,0.0,0.0,0.0,0.0
123_STEAM_2,THERMAL,2020-07-16 22:00:00,0.0,0.0,0.0,0.0,0.0,0.0,0.0
123_STEAM_3,THERMAL,2020-07-16 22:00:00,0.0,0.0,0.0,0.0,0.0,0.0,0.0
201_CT_1,THERMAL,2020-07-16 22:00:00,0.0,0.0,0.0,0.0,0.0,0.0,0.0
201_CT_2,THERMAL,2020-07-16 22:00:00,0.0,0.0,0.0,0.0,0.0,0.0,0.0
201_STEAM_3,THERMAL,2020-07-16 22:00:00,0.0,0.0,0.0,0.0,0.0,0.0,0.0
202_CT_1,THERMAL,2020-07-16 22:00:00,0.0,0.0,0.0,0.0,0.0,0.0,0.0
202_CT_2,THERMAL,2020-07-16 22:00:00,0.0,0.0,0.0,0.0,0.0,0.0,0.0
202_STEAM_3,THERMAL,2020-07-16 22:00:00,0.0,0.0,0.0,0.0,0.0,0.0,0.0
202_STEAM_4,THERMAL,2020-07-16 22:00:00,0.0,0.0,0.0,0.0,0.0,0.0,0.0
207_CT_1,THERMAL,2020-07-16 22:00:00,0.0,0.0,0.0,0.0,0.0,0.0,0.0
207_CT_2,THERMAL,2020-07-16 22:00:00,0.0,0.0,0.0,0.0,0.0,0.0,0.0
212_CSP_1,THERMAL,2020-07-16 22:00:00,0.0,0.0,0.0,0.0,0.0,0.0,0.0
213_CC_3,THERMAL,2020-07-16 22:00:00,0.0,0.0,0.0,0.0,0.0,0.0,0.0
213_CT_1,THERMAL,2020-07-16 22:00:00,0.0,0.0,0.0,0.0,0.0,0.0,0.0
213_CT_2,THERMAL,2020-07-16 22:00:00,0.0,0.0,0.0,0.0,0.0,0.0,0.0
215_CT_4,THERMAL,2020-07-16 22:00:00,0.0,0.0,0.0,0.0,0.0,0.0,0.0
215_CT_5,THERMAL,2020-07-16 22:00:00,0.0,0.0,0.0,0.0,0.0,0.0,0.0
216_STEAM_1,THERMAL,2020-07-16 22:00:00,0.0,0.0,0.0,0.0,0.0,0.0,0.0
218_CC_1,THERMAL,2020-07-16 22:00:00,0.0,0.0,0.0,0.0,0.0,0.0,0.0
221_CC_1,THERMAL,2020-07-16 22:00:00,0.0,0.0,0.0,0.0,0.0,0.0,0.0
223_CT_4,THERMAL,2020-07-16 22:00:00,0.0,0.0,0.0,0.0,0.0,0.0,0.0
223_CT_5,THERMAL,2020-07-16 22:00:00,0.0,0.0,0.0,0.0,0.0,0.0,0.0
223_CT_6,THERMAL,2020-07-16 22:00:00,0.0,0.0,0.0,0.0,0.0,0.0,0.0
223_STEAM_1,THERMAL,2020-07-16 22:00:00,0.0,0.0,0.0,0.0,0.0,0.0,0.0
223_STEAM_2,THERMAL,2020-07-16 22:00:00,0.0,0.0,0.0,0.0,0.0,0.0,0.0
223_STEAM_3,THERMAL,2020-07-16 22:00:00,0.0,0.0,0.0,0.0,0.0,0.0,0.0
301_CT_1,THERMAL,2020-07-16 22:00:00,0.0,0.0,0.0,0.0,0.0,0.0,0.0
301_CT_2,THERMAL,2020-07-16 22:00:00,0.0,0.0,0.0,0.0,0.0,0.0,0.0
301_CT_3,THERMAL,2020-07-16 22:00:00,0.0,0.0,0.0,0.0,0.0,0.0,0.0
301_CT_4,THERMAL,2020-07-16 22:00:00,0.0,0.0,0.0,0.0,0.0,0.0,0.0
302_CT_1,THERMAL,2020-07-16 22:00:00,0.0,0.0,0.0,0.0,0.0,0.0,0.0
302_CT_2,THERMAL,2020-07-16 22:00:00,0.0,0.0,0.0,0.0,0.0,0.0,0.0
302_CT_3,THERMAL,2020-07-16 22:00:00,0.0,0.0,0.0,0.0,0.0,0.0,0.0
302_CT_4,THERMAL,2020-07-16 22:00:00,0.0,0.0,0.0,0.0,0.0,0.0,0.0
303_WIND_1,WIND,2020-07-16 22:00:00,0.0,0.0,0.0,0.0,0.0,0.0,0.0
307_CT_1,THERMAL,2020-07-16 22:00:00,0.0,0.0,0.0,0.0,0.0,0.0,0.0
307_CT_2,THERMAL,2020-07-16 22:00:00,0.0,0.0,0.0,0.0,0.0,0.0,0.0
309_WIND_1,WIND,2020-07-16 22:00:00,0.0,0.0,0.0,0.0,0.0,0.0,0.0
313_CC_1,THERMAL,2020-07-16 22:00:00,0.0,0.0,0.0,0.0,0.0,0.0,0.0
315_CT_6,THERMAL,2020-07-16 22:00:00,0.0,0.0,0.0,0.0,0.0,0.0,0.0
315_CT_7,THERMAL,2020-07-16 22:00:00,0.0,0.0,0.0,0.0,0.0,0.0,0.0
315_CT_8,THERMAL,2020-07-16 22:00:00,0.0,0.0,0.0,0.0,0.0,0.0,0.0
315_STEAM_1,THERMAL,2020-07-16 22:00:00,0.0,0.0,0.0,0.0,0.0,0.0,0.0
315_STEAM_2,THERMAL,2020-07-16 22:00:00,0.0,0.0,0.0,0.0,0.0,0.0,0.0
315_STEAM_3,THERMAL,2020-07-16 22:00:00,0.0,0.0,0.0,0.0,0.0,0.0,0.0
315_STEAM_4,THERMAL,2020-07-16 22:00:00,0.0,0.0,0.0,0.0,0.0,0.0,0.0
315_STEAM_5,THERMAL,2020-07-16 22:00:00,0.0,0.0,0.0,0.0,0.0,0.0,0.0
316_STEAM_1,THERMAL,2020-07-16 22:00:00,0.0,0.0,0.0,0.0,0.0,0.0,0.0
317_WIND_1,WIND,2020-07-16 22:00:00,0.0,0.0,0.0,0.0,0.0,0.0,0.0
318_CC_1,THERMAL,2020-07-16 22:00:00,0.0,0.0,0.0,0.0,0.0,0.0,0.0
321_CC_1,THERMAL,2020-07-16 22:00:00,0.0,0.0,0.0,0.0,0.0,0.0,0.0
322_CT_5,THERMAL,2020-07-16 22:00:00,0.0,0.0,0.0,0.0,0.0,0.0,0.0
322_CT_6,THERMAL,2020-07-16 22:00:00,0.0,0.0,0.0,0.0,0.0,0.0,0.0
323_CC_1,THERMAL,2020-07-16 22:00:00,0.0,0.0,0.0,0.0,0.0,0.0,0.0
323_CC_2,THERMAL,2020-07-16 22:00:00,0.0,0.0,0.0,0.0,0.0,0.0,0.0
