gen_id,gen_type,time,Z_row_sum,Z_row_abs_sum,Z_row_norm,Z_k0,Z_k1,Z_k2,Z_k3
101_CT_1,THERMAL,2020-07-15 00:00:00,0.0,0.0,0.0,0.0,0.0,0.0,0.0
101_CT_2,THERMAL,2020-07-15 00:00:00,0.0,0.0,0.0,0.0,0.0,0.0,0.0
101_STEAM_3,THERMAL,2020-07-15 00:00:00,0.0041276772267972,0.010435522566581859,0.007118272801209975,-0.0013123001789224697,-0.00184162249096986,0.006726675349739419,0.0005549245469501105
101_STEAM_4,THERMAL,2020-07-15 00:00:00,-0.009750065479578482,0.010258370868135148,0.008364758814141138,-0.0010124932412373456,0.0002541526942783336,-0.008267725085178979,-0.0007239998474404907
102_CT_1,THERMAL,2020-07-15 00:00:00,0.0,0.0,0.0,0.0,0.0,0.0,0.0
102_CT_2,THERMAL,2020-07-15 00:00:00,0.0,0.0,0.0,0.0,0.0,0.0,0.0
102_STEAM_3,THERMAL,2020-07-15 00:00:00,-0.25387407519201177,0.25387407519201177,0.1282084628675373,-0.06439689768041912,-0.07755088774014332,-0.05345693662335005,-0.058469353148099264
102_STEAM_4,THERMAL,2020-07-15 00:00:00,-0.25381925521852744,0.25381925521852744,0.1281850076878289,-0.0643968178952582,-0.07754800779044962,-0.05340654914456644,-0.05846788038825318
107_CC_1,THERMAL,2020-07-15 00:00:00,-8.128445995609245e-10,1.583823153585251e-09,1.2290487721256365e-09,0.0,2.0405421796709788e-10,-1.1983338765730878e-09,1.8143505904506534e-10
113_CT_1,THERMAL,2020-07-15 00:00:00,0.0,0.0,0.0,0.0,0.0,0.0,0.0
113_CT_2,THERMAL,2020-07-15 00:00:00,0.0,0.0,0.0,0.0,0.0,0.0,0.0
113_CT_3,THERMAL,2020-07-15 00:00:00,0.0,0.0,0.0,0.0,0.0,0.0,0.0
113_CT_4,THERMAL,2020-07-15 00:00:00,0.0,0.0,0.0,0.0,0.0,0.0,0.0
115_STEAM_1,THERMAL,2020-07-15 00:00:00,0.0,0.0,0.0,0.0,0.0,0.0,0.0
115_STEAM_2,THERMAL,2020-07-15 00:00:00,0.0,0.0,0.0,0.0,0.0,0.0,0.0
115_STEAM_3,THERMAL,2020-07-15 00:00:00,-0.04607102699023395,0.25244924454003237,0.15098825868999927,-0.0009026452489745429,-0.05026562304548832,0.1031891087748992,-0.0980918674706703
116_STEAM_1,THERMAL,2020-07-15 00:00:00,-0.541827958725156,0.541827958725156,0.2803286842787888,-0.07398618024964843,-0.14825345025730566,-0.1541914379112841,-0.16539689030691787
118_CC_1,THERMAL,2020-07-15 00:00:00,4.2379160750118366e-11,4.2379160750118366e-11,3.0877065249210177e-11,1.550648498493956e-11,-0.0,2.6700419653025165e-11,1.7225611215364128e-13
122_WIND_1,WIND,2020-07-15 00:00:00,1.0,1.0,1.0,1.0,0.0,0.0,0.0
123_CT_1,THERMAL,2020-07-15 00:00:00,0.0,0.0,0.0,0.0,0.0,0.0,0.0
123_CT_4,THERMAL,2020-07-15 00:00:00,0.0,0.0,0.0,0.0,0.0,0.0,0.0
123_CT_5,THERMAL,2020-07-15 00:00:00,0.0,0.0,0.0,0.0,0.0,0.0,0.0
123_STEAM_2,THERMAL,2020-07-15 00:00:00,-3.7119676465263522e-09,3.7119676465263522e-09,3.2742291670560113e-09,-1.3056478120887505e-10,-0.0,-3.2553355566733444e-09,-3.2606730864413274e-10
123_STEAM_3,THERMAL,2020-07-15 00:00:00,-0.8520520680922792,0.8520520680922792,0.46452767011894136,-0.1146898314835002,-0.26810990167613646,-0.13301316986325307,-0.33623916506938945
201_CT_1,THERMAL,2020-07-15 00:00:00,0.0,0.0,0.0,0.0,0.0,0.0,0.0
201_CT_2,THERMAL,2020-07-15 00:00:00,0.0,0.0,0.0,0.0,0.0,0.0,0.0
201_STEAM_3,THERMAL,2020-07-15 00:00:00,-5.32890457857039e-06,5.331198782584643e-06,4.366546948220043e-06,-6.490006627113409e-07,-3.797336078081859e-07,-4.30131741005799e-06,1.1471020071267114e-09
202_CT_1,THERMAL,2020-07-15 00:00:00,0.0,0.0,0.0,0.0,0.0,0.0,0.0
202_CT_2,THERMAL,2020-07-15 00:00:00,0.0,0.0,0.0,0.0,0.0,0.0,0.0
202_STEAM_3,THERMAL,2020-07-15 00:00:00,2.8217083292398057e-08,3.44362162552669e-08,2.8955781511887756e-08,2.564105538743582e-10,-3.10956648143442e-09,2.8688488955832432e-08,2.381750264125687e-09
202_STEAM_4,THERMAL,2020-07-15 00:00:00,-3.215781939779173e-08,5.186466623667324e-08,4.246326033658497e-08,2.2195465042330595e-09,5.25212665108209e-09,-4.2011242817232484e-08,2.381750264125608e-09
207_CT_1,THERMAL,2020-07-15 00:00:00,0.0,0.0,0.0,0.0,0.0,0.0,0.0
207_CT_2,THERMAL,2020-07-15 00:00:00,0.0,0.0,0.0,0.0,0.0,0.0,0.0
212_CSP_1,THERMAL,2020-07-15 00:00:00,-0.9928986700901656,0.9928986700901656,0.4992197642507473,-0.24052558939208846,-0.23652289061245502,-0.29237815569642045,-0.22347203438920177
213_CC_3,THERMAL,2020-07-15 00:00:00,8.24212451457757e-12,8.888940448724186e-12,8.248843190679116e-12,-3.234079670733081e-13,3.29625216011209e-13,8.235907265639668e-12,0.0
213_CT_1,THERMAL,2020-07-15 00:00:00,0.0,0.0,0.0,0.0,0.0,0.0,0.0
213_CT_2,THERMAL,2020-07-15 00:00:00,0.0,0.0,0.0,0.0,0.0,0.0,0.0
215_CT_4,THERMAL,2020-07-15 00:00:00,0.0,0.0,0.0,0.0,0.0,0.0,0.0
215_CT_5,THERMAL,2020-07-15 00:00:00,0.0,0.0,0.0,0.0,0.0,0.0,0.0
216_STEAM_1,THERMAL,2020-07-15 00:00:00,-0.8134768133552592,0.8134768133552592,0.4867766136614096,-0.13241583946485092,-0.15396204655630327,-0.4320673643308999,-0.09503156300320517
218_CC_1,THERMAL,2020-07-15 00:00:00,0.0,0.0,0.0,0.0,0.0,0.0,0.0
221_CC_1,THERMAL,2020-07-15 00:00:00,1.5027801744760073e-09,1.5027801744760073e-09,1.0169858025928462e-09,3.7423397714064777e-11,2.335764914818128e-10,9.472964634937853e-10,2.844838217863445e-10
223_CT_4,THERMAL,2020-07-15 00:00:00,0.0,0.0,0.0,0.0,0.0,0.0,0.0
223_CT_5,THERMAL,2020-07-15 00:00:00,0.0,0.0,0.0,0.0,0.0,0.0,0.0
223_CT_6,THERMAL,2020-07-15 00:00:00,0.0,0.0,0.0,0.0,0.0,0.0,0.0
223_STEAM_1,THERMAL,2020-07-15 00:00:00,-0.06500952090430771,0.06500952090430771,0.04491705081875744,-0.014764481760740201,-0.008732437416043803,-0.04151260133220377,-3.9531994135830085e-10
223_STEAM_2,THERMAL,2020-07-15 00:00:00,-0.06552154930353067,0.06552154930353067,0.04523661192347279,-0.014908816532984358,-0.008825257173838186,-0.04178747520150398,-3.952041427510678e-10
223_STEAM_3,THERMAL,2020-07-15 00:00:00,-0.10981922878064673,0.4435546435406499,0.29803023737461837,-0.2766869361606483,0.03135894694188257,0.10017093553083747,0.035337824907281545
301_CT_1,THERMAL,2020-07-15 00:00:00,0.0,0.0,0.0,0.0,0.0,0.0,0.0
301_CT_2,THERMAL,2020-07-15 00:00:00,0.0,0.0,0.0,0.0,0.0,0.0,0.0
301_CT_3,THERMAL,2020-07-15 00:00:00,0.0,0.0,0.0,0.0,0.0,0.0,0.0
301_CT_4,THERMAL,2020-07-15 00:00:00,0.0,0.0,0.0,0.0,0.0,0.0,0.0
302_CT_1,THERMAL,2020-07-15 00:00:00,0.0,0.0,0.0,0.0,0.0,0.0,0.0
302_CT_2,THERMAL,2020-07-15 00:00:00,0.0,0.0,0.0,0.0,0.0,0.0,0.0
302_CT_3,THERMAL,2020-07-15 00:00:00,0.0,0.0,0.0,0.0,0.0,0.0,0.0
302_CT_4,THERMAL,2020-07-15 00:00:00,0.0,0.0,0.0,0.0,0.0,0.0,0.0
303_WIND_1,WIND,2020-07-15 00:00:00,1.0,1.0,1.0,0.0,1.0,0.0,0.0
307_CT_1,THERMAL,2020-07-15 00:00:00,0.0,0.0,0.0,0.0,0.0,0.0,0.0
307_CT_2,THERMAL,2020-07-15 00:00:00,0.0,0.0,0.0,0.0,0.0,0.0,0.0
309_WIND_1,WIND,2020-07-15 00:00:00,1.0,1.0,1.0,0.0,0.0,1.0,0.0
313_CC_1,THERMAL,2020-07-15 00:00:00,0.0,0.0,0.0,0.0,0.0,0.0,0.0
315_CT_6,THERMAL,2020-07-15 00:00:00,0.0,0.0,0.0,0.0,0.0,0.0,0.0
315_CT_7,THERMAL,2020-07-15 00:00:00,0.0,0.0,0.0,0.0,0.0,0.0,0.0
315_CT_8,THERMAL,2020-07-15 00:00:00,0.0,0.0,0.0,0.0,0.0,0.0,0.0
315_STEAM_1,THERMAL,2020-07-15 00:00:00,0.0,0.0,0.0,0.0,0.0,0.0,0.0
315_STEAM_2,THERMAL,2020-07-15 00:00:00,0.0,0.0,0.0,0.0,0.0,0.0,0.0
315_STEAM_3,THERMAL,2020-07-15 00:00:00,0.0,0.0,0.0,0.0,0.0,0.0,0.0
315_STEAM_4,THERMAL,2020-07-15 00:00:00,0.0,0.0,0.0,0.0,0.0,0.0,0.0
315_STEAM_5,THERMAL,2020-07-15 00:00:00,0.0,0.0,0.0,0.0,0.0,0.0,0.0
316_STEAM_1,THERMAL,2020-07-15 00:00:00,-2.567717633223595e-09,2.567717633223595e-09,1.4094261437619932e-09,-2.0624602026231287e-10,-5.518192014442036e-10,-9.366010189637564e-10,-8.730513925533222e-10
317_WIND_1,WIND,2020-07-15 00:00:00,1.0,1.0,1.0,0.0,0.0,0.0,1.0
318_CC_1,THERMAL,2020-07-15 00:00:00,-4.5955141325318815e-07,4.5955141325318815e-07,2.7697427374708397e-07,-2.03327337411352e-07,-1.6380064715715292e-07,-9.242342868468322e-08,0.0
321_CC_1,THERMAL,2020-07-15 00:00:00,0.0,0.0,0.0,0.0,0.0,0.0,0.0
322_CT_5,THERMAL,2020-07-15 00:00:00,0.0,0.0,0.0,0.0,0.0,0.0,0.0
322_CT_6,THERMAL,2020-07-15 00:00:00,0.0,0.0,0.0,0.0,0.0,0.0,0.0
323_CC_1,THERMAL,2020-07-15 00:00:00,-1.6214492988642897e-06,1.6214492988642897e-06,1.0342489660618249e-06,-3.065402943646382e-07,-4.2143978932475807e-07,-8.93360209446587e-07,-1.0900572830653787e-10
323_CC_2,THERMAL,2020-07-15 00:00:00,3.402756285024975e-10,5.582870851155598e-10,3.855906474188766e-10,3.908373061340616e-11,4.519366260798502e-11,3.650039635876375e-10,-1.0900572830653113e-10
101_CT_1,THERMAL,2020-07-15 01:00:00,0.0,0.0,0.0,0.0,0.0,0.0,0.0
101_CT_2,THERMAL,2020-07-15 01:00:00,0.0,0.0,0.0,0.0,0.0,0.0,0.0
101_STEAM_3,THERMAL,2020-07-15 01:00:00,0.0024150954071000793,0.009402936102444675,0.006345665024079997,-0.0005692989056783298,-0.0008498603661958586,0.005909015754772377,-0.0020747610757981087
101_STEAM_4,THERMAL,2020-07-15 01:00:00,-0.008652051871938507,0.008652051871938507,0.005820126130660225,-0.0012151710960503913,-0.0010902394924661109,-0.005525838170122494,-0.0008208031132995106
102_CT_1,THERMAL,2020-07-15 01:00:00,0.0,0.0,0.0,0.0,0.0,0.0,0.0
102_CT_2,THERMAL,2020-07-15 01:00:00,0.0,0.0,0.0,0.0,0.0,0.0,0.0
102_STEAM_3,THERMAL,2020-07-15 01:00:00,-0.15410428598649467,0.20069175543412776,0.11024108058395841,-0.03930805088805628,-0.052751504258399945,0.023293734723816545,-0.085338465563855
102_STEAM_4,THERMAL,2020-07-15 01:00:00,-0.15411608417256456,0.20067382804544548,0.11023634908488239,-0.03930856183850131,-0.05274814258172131,0.02327887193644046,-0.08533825168878241
107_CC_1,THERMAL,2020-07-15 01:00:00,-5.317439788031578e-10,1.3287304623700522e-09,9.609428030179816e-10,1.8306534066425684e-10,1.337165933534834e-10,-9.30237220586605e-10,8.171130776570696e-11
113_CT_1,THERMAL,2020-07-15 01:00:00,0.0,0.0,0.0,0.0,0.0,0.0,0.0
113_CT_2,THERMAL,2020-07-15 01:00:00,0.0,0.0,0.0,0.0,0.0,0.0,0.0
113_CT_3,THERMAL,2020-07-15 01:00:00,0.0,0.0,0.0,0.0,0.0,0.0,0.0
113_CT_4,THERMAL,2020-07-15 01:00:00,0.0,0.0,0.0,0.0,0.0,0.0,0.0
115_STEAM_1,THERMAL,2020-07-15 01:00:00,0.0,0.0,0.0,0.0,0.0,0.0,0.0
115_STEAM_2,THERMAL,2020-07-15 01:00:00,0.0,0.0,0.0,0.0,0.0,0.0,0.0
115_STEAM_3,THERMAL,2020-07-15 01:00:00,-1.749054959686554e-09,1.749054959686554e-09,1.0942235866381962e-09,-1.69195379928766e-10,-1.1438250346884615e-10,-9.349800933478036e-10,-5.304969829411381e-10
116_STEAM_1,THERMAL,2020-07-15 01:00:00,-0.1618126462020505,0.47361456932838075,0.27261132966564655,-0.022264528724549537,-0.09354410553611162,0.15590096156316513,-0.20190497350455447
118_CC_1,THERMAL,2020-07-15 01:00:00,5.809563829920496e-10,7.982299377126121e-10,6.341344799904874e-10,6.861256007795191e-11,-0.0,6.20980600274379e-10,-1.0863677736028121e-10
122_WIND_1,WIND,2020-07-15 01:00:00,1.0,1.0,1.0,1.0,0.0,0.0,0.0
123_CT_1,THERMAL,2020-07-15 01:00:00,0.0,0.0,0.0,0.0,0.0,0.0,0.0
123_CT_4,THERMAL,2020-07-15 01:00:00,0.0,0.0,0.0,0.0,0.0,0.0,0.0
123_CT_5,THERMAL,2020-07-15 01:00:00,0.0,0.0,0.0,0.0,0.0,0.0,0.0
123_STEAM_2,THERMAL,2020-07-15 01:00:00,-1.4996973885502043e-09,1.9419305275476984e-09,1.5818491964921752e-09,-0.0,2.2111656949874714e-10,-1.5578143219840968e-09,-1.6299963606485466e-10
123_STEAM_3,THERMAL,2020-07-15 01:00:00,-0.1404675144509253,1.1660561316289018,0.712630314721298,-0.0164227995666395,-0.17379537252793664,0.5127943085889882,-0.4630436509453374
201_CT_1,THERMAL,2020-07-15 01:00:00,0.0,0.0,0.0,0.0,0.0,0.0,0.0
201_CT_2,THERMAL,2020-07-15 01:00:00,0.0,0.0,0.0,0.0,0.0,0.0,0.0
201_STEAM_3,THERMAL,2020-07-15 01:00:00,-7.859853545362478e-10,3.0076431678942335e-09,2.023795665328646e-09,2.386154329681034e-10,6.100737692804614e-10,-1.8968142612152405e-09,2.62139704430428e-10
202_CT_1,THERMAL,2020-07-15 01:00:00,0.0,0.0,0.0,0.0,0.0,0.0,0.0
202_CT_2,THERMAL,2020-07-15 01:00:00,0.0,0.0,0.0,0.0,0.0,0.0,0.0
202_STEAM_3,THERMAL,2020-07-15 01:00:00,6.639377842789499e-10,6.639377842789499e-10,4.2853284271126184e-10,5.672348824870419e-11,1.0224932861630328e-10,3.9821015575817677e-10,1.0675481165576567e-10
202_STEAM_4,THERMAL,2020-07-15 01:00:00,-1.0004176802317702e-09,3.1797220986840893e-09,2.2091096595648453e-09,3.9835436953512284e-10,5.845430280352688e-10,-2.0900698894579297e-09,1.0675481165576779e-10
207_CT_1,THERMAL,2020-07-15 01:00:00,0.0,0.0,0.0,0.0,0.0,0.0,0.0
207_CT_2,THERMAL,2020-07-15 01:00:00,0.0,0.0,0.0,0.0,0.0,0.0,0.0
212_CSP_1,THERMAL,2020-07-15 01:00:00,-0.8523926121583141,0.8523926121583141,0.4263854123094819,-0.21525029196417375,-0.21507843474917043,-0.20254263041054332,-0.2195212550344265
213_CC_3,THERMAL,2020-07-15 01:00:00,1.8192216837573342e-12,1.8192216837573342e-12,1.5484695415625622e-12,1.9195756095768957e-13,9.35918009759007e-14,1.533672321823744e-12,-0.0
213_CT_1,THERMAL,2020-07-15 01:00:00,0.0,0.0,0.0,0.0,0.0,0.0,0.0
213_CT_2,THERMAL,2020-07-15 01:00:00,0.0,0.0,0.0,0.0,0.0,0.0,0.0
215_CT_4,THERMAL,2020-07-15 01:00:00,0.0,0.0,0.0,0.0,0.0,0.0,0.0
215_CT_5,THERMAL,2020-07-15 01:00:00,0.0,0.0,0.0,0.0,0.0,0.0,0.0
216_STEAM_1,THERMAL,2020-07-15 01:00:00,-0.2111304139292477,0.43985804526385697,0.23776005782918025,-0.05375956805986579,-0.0932011353278206,0.11436381566730464,-0.17853352620886595
218_CC_1,THERMAL,2020-07-15 01:00:00,0.0,0.0,0.0,0.0,0.0,0.0,0.0
221_CC_1,THERMAL,2020-07-15 01:00:00,1.2019846602880705e-09,1.2019846602880705e-09,7.072437408529958e-10,2.741998850197547e-10,2.6994917412537234e-10,5.894573718023821e-10,6.837822934056138e-11
223_CT_4,THERMAL,2020-07-15 01:00:00,0.0,0.0,0.0,0.0,0.0,0.0,0.0
223_CT_5,THERMAL,2020-07-15 01:00:00,0.0,0.0,0.0,0.0,0.0,0.0,0.0
223_CT_6,THERMAL,2020-07-15 01:00:00,0.0,0.0,0.0,0.0,0.0,0.0,0.0
223_STEAM_1,THERMAL,2020-07-15 01:00:00,-0.5586875784872222,0.5586875784872222,0.30519048211642463,-0.16088837604797285,-0.11273444977282226,-0.22594744707925785,-0.05911730558716923
223_STEAM_2,THERMAL,2020-07-15 01:00:00,-0.5587554425194868,0.5587554425194868,0.30524374453155306,-0.16088700106425924,-0.11272711421977627,-0.226024021654048,-0.05911730558140336
223_STEAM_3,THERMAL,2020-07-15 01:00:00,-1.202296267983931,1.9119168659214552,1.2650035938342454,-0.29012626005908604,-0.09147956851544248,-1.1755007383781646,0.35481029896876215
301_CT_1,THERMAL,2020-07-15 01:00:00,0.0,0.0,0.0,0.0,0.0,0.0,0.0
301_CT_2,THERMAL,2020-07-15 01:00:00,0.0,0.0,0.0,0.0,0.0,0.0,0.0
301_CT_3,THERMAL,2020-07-15 01:00:00,0.0,0.0,0.0,0.0,0.0,0.0,0.0
301_CT_4,THERMAL,2020-07-15 01:00:00,0.0,0.0,0.0,0.0,0.0,0.0,0.0
302_CT_1,THERMAL,2020-07-15 01:00:00,0.0,0.0,0.0,0.0,0.0,0.0,0.0
302_CT_2,THERMAL,2020-07-15 01:00:00,0.0,0.0,0.0,0.0,0.0,0.0,0.0
302_CT_3,THERMAL,2020-07-15 01:00:00,0.0,0.0,0.0,0.0,0.0,0.0,0.0
302_CT_4,THERMAL,2020-07-15 01:00:00,0.0,0.0,0.0,0.0,0.0,0.0,0.0
303_WIND_1,WIND,2020-07-15 01:00:00,1.0,1.0,1.0,0.0,1.0,0.0,0.0
307_CT_1,THERMAL,2020-07-15 01:00:00,0.0,0.0,0.0,0.0,0.0,0.0,0.0
307_CT_2,THERMAL,2020-07-15 01:00:00,0.0,0.0,0.0,0.0,0.0,0.0,0.0
309_WIND_1,WIND,2020-07-15 01:00:00,1.0,1.0,1.0,0.0,0.0,1.0,0.0
313_CC_1,THERMAL,2020-07-15 01:00:00,0.0,0.0,0.0,0.0,0.0,0.0,0.0
315_CT_6,THERMAL,2020-07-15 01:00:00,0.0,0.0,0.0,0.0,0.0,0.0,0.0
315_CT_7,THERMAL,2020-07-15 01:00:00,0.0,0.0,0.0,0.0,0.0,0.0,0.0
315_CT_8,THERMAL,2020-07-15 01:00:00,0.0,0.0,0.0,0.0,0.0,0.0,0.0
315_STEAM_1,THERMAL,2020-07-15 01:00:00,0.0,0.0,0.0,0.0,0.0,0.0,0.0
315_STEAM_2,THERMAL,2020-07-15 01:00:00,0.0,0.0,0.0,0.0,0.0,0.0,0.0
315_STEAM_3,THERMAL,2020-07-15 01:00:00,0.0,0.0,0.0,0.0,0.0,0.0,0.0
315_STEAM_4,THERMAL,2020-07-15 01:00:00,0.0,0.0,0.0,0.0,0.0,0.0,0.0
315_STEAM_5,THERMAL,2020-07-15 01:00:00,0.0,0.0,0.0,0.0,0.0,0.0,0.0
316_STEAM_1,THERMAL,2020-07-15 01:00:00,-1.631835334875859e-09,1.631835334875859e-09,1.352355837079598e-09,-0.0,-0.0,-1.3146275179565237e-09,-3.1720781691933537e-10
317_WIND_1,WIND,2020-07-15 01:00:00,1.0,1.0,1.0,0.0,0.0,0.0,1.0
318_CC_1,THERMAL,2020-07-15 01:00:00,-1.7635098778316446e-07,1.7635098778316446e-07,1.1752293007645679e-07,-9.164844694264929e-08,-7.255839751252324e-08,-1.2144143327991943e-08,0.0
321_CC_1,THERMAL,2020-07-15 01:00:00,0.0,0.0,0.0,0.0,0.0,0.0,0.0
322_CT_5,THERMAL,2020-07-15 01:00:00,0.0,0.0,0.0,0.0,0.0,0.0,0.0
322_CT_6,THERMAL,2020-07-15 01:00:00,0.0,0.0,0.0,0.0,0.0,0.0,0.0
323_CC_1,THERMAL,2020-07-15 01:00:00,4.0282945683771537e-10,6.037223030643348e-10,4.3157568328582827e-10,4.397761385079919e-11,4.423526174321137e-11,4.150630043570146e-10,-1.0044642311330973e-10
323_CC_2,THERMAL,2020-07-15 01:00:00,3.9587792995482396e-10,5.795044824779575e-10,4.10089124969038e-10,4.9485179209640064e-11,4.405677860233868e-11,3.941492484044119e-10,-9.181327626156674e-11
101_CT_1,THERMAL,2020-07-15 02:00:00,0.0,0.0,0.0,0.0,0.0,0.0,0.0
101_CT_2,THERMAL,2020-07-15 02:00:00,0.0,0.0,0.0,0.0,0.0,0.0,0.0
101_STEAM_3,THERMAL,2020-07-15 02:00:00,-0.00021397791761980644,0.00021397791761980644,0.00012710229423137806,-9.359835232218947e-05,-5.156649642056292e-05,-6.881306626186011e-05,-2.6151939163796775e-12
101_STEAM_4,THERMAL,2020-07-15 02:00:00,-0.00016890456335082532,0.00016890456335082532,0.00010032873169850135,-7.388132902038306e-05,-4.07036701764044e-05,-5.4319562411549846e-05,-1.7424880253810129e-12
102_CT_1,THERMAL,2020-07-15 02:00:00,0.0,0.0,0.0,0.0,0.0,0.0,0.0
102_CT_2,THERMAL,2020-07-15 02:00:00,0.0,0.0,0.0,0.0,0.0,0.0,0.0
102_STEAM_3,THERMAL,2020-07-15 02:00:00,-0.06652262775748065,0.06652262775748065,0.034750986826728454,-0.02475375108223178,-0.014711857282549146,-0.01601879069252324,-0.01103822870017648
102_STEAM_4,THERMAL,2020-07-15 02:00:00,-0.07258732387471065,0.07258732387471065,0.03791850126105372,-0.027037563373007667,-0.016133309393891848,-0.017338380953018564,-0.012078070154792564
107_CC_1,THERMAL,2020-07-15 02:00:00,-0.4346276808211048,0.4447653690821254,0.26510255700024155,-0.090501613298315,-0.15120314695279002,-0.19799176470051005,0.0050688441305102895
113_CT_1,THERMAL,2020-07-15 02:00:00,0.0,0.0,0.0,0.0,0.0,0.0,0.0
113_CT_2,THERMAL,2020-07-15 02:00:00,0.0,0.0,0.0,0.0,0.0,0.0,0.0
113_CT_3,THERMAL,2020-07-15 02:00:00,0.0,0.0,0.0,0.0,0.0,0.0,0.0
113_CT_4,THERMAL,2020-07-15 02:00:00,0.0,0.0,0.0,0.0,0.0,0.0,0.0
115_STEAM_1,THERMAL,2020-07-15 02:00:00,0.0,0.0,0.0,0.0,0.0,0.0,0.0
115_STEAM_2,THERMAL,2020-07-15 02:00:00,0.0,0.0,0.0,0.0,0.0,0.0,0.0
115_STEAM_3,THERMAL,2020-07-15 02:00:00,-2.4563497539730694e-06,2.4563497539730694e-06,1.701928148394806e-06,-5.439711011079318e-07,-3.346454344188565e-07,-1.5775510335609682e-06,-1.8218488531252735e-10
116_STEAM_1,THERMAL,2020-07-15 02:00:00,-0.24095725656843903,0.24095725656843903,0.126041159704064,-0.05604004200647189,-0.05366823464903692,-0.04059989348597473,-0.0906490864269555
118_CC_1,THERMAL,2020-07-15 02:00:00,1.2045522014050815e-10,2.2363042872183856e-10,1.7961073006562219e-10,-0.0,-0.0,1.7204282443117336e-10,-5.158760429066521e-11
122_WIND_1,WIND,2020-07-15 02:00:00,1.0,1.0,1.0,1.0,0.0,0.0,0.0
123_CT_1,THERMAL,2020-07-15 02:00:00,0.0,0.0,0.0,0.0,0.0,0.0,0.0
123_CT_4,THERMAL,2020-07-15 02:00:00,0.0,0.0,0.0,0.0,0.0,0.0,0.0
123_CT_5,THERMAL,2020-07-15 02:00:00,0.0,0.0,0.0,0.0,0.0,0.0,0.0
123_STEAM_2,THERMAL,2020-07-15 02:00:00,-8.888257627762486e-10,8.888257627762486e-10,6.274020866746353e-10,-1.7958196041334418e-10,-0.0,-5.89004400808335e-10,-1.2023940155456928e-10
123_STEAM_3,THERMAL,2020-07-15 02:00:00,-0.6413552044048351,0.6413552044048351,0.32092133095244196,-0.16558246409121025,-0.15045488314183242,-0.15946344058528972,-0.16585441658650266
201_CT_1,THERMAL,2020-07-15 02:00:00,0.0,0.0,0.0,0.0,0.0,0.0,0.0
201_CT_2,THERMAL,2020-07-15 02:00:00,0.0,0.0,0.0,0.0,0.0,0.0,0.0
201_STEAM_3,THERMAL,2020-07-15 02:00:00,-1.4034926632954147e-09,1.4259012938021464e-09,1.393831948737724e-09,-0.0,1.1204315253365849e-11,-1.393627657719776e-09,-2.1069320829004646e-11
202_CT_1,THERMAL,2020-07-15 02:00:00,0.0,0.0,0.0,0.0,0.0,0.0,0.0
202_CT_2,THERMAL,2020-07-15 02:00:00,0.0,0.0,0.0,0.0,0.0,0.0,0.0
202_STEAM_3,THERMAL,2020-07-15 02:00:00,-2.1847412439066274e-09,2.1847412439066274e-09,1.8905386200340828e-09,-1.5916725520892582e-10,-5.180024081949166e-11,-1.880818468037355e-09,-9.295527984085533e-11
202_STEAM_4,THERMAL,2020-07-15 02:00:00,-2.1847463006148078e-09,2.1847463006148078e-09,1.8905416725020127e-09,-1.5916826939832364e-10,-5.180133094642945e-11,-1.8808214204292065e-09,-9.2955279840848e-11
207_CT_1,THERMAL,2020-07-15 02:00:00,0.0,0.0,0.0,0.0,0.0,0.0,0.0
207_CT_2,THERMAL,2020-07-15 02:00:00,0.0,0.0,0.0,0.0,0.0,0.0,0.0
212_CSP_1,THERMAL,2020-07-15 02:00:00,-0.7826017380261425,0.7826017380261425,0.39131254652753583,-0.19574826145109436,-0.19539781408003787,-0.19360020207655637,-0.19785546041845398
213_CC_3,THERMAL,2020-07-15 02:00:00,3.9771551131454295e-12,3.9771551131454295e-12,3.664863476188406e-12,2.0800028366352308e-13,1.1191048088221578e-13,3.657244348599691e-12,0.0
213_CT_1,THERMAL,2020-07-15 02:00:00,0.0,0.0,0.0,0.0,0.0,0.0,0.0
213_CT_2,THERMAL,2020-07-15 02:00:00,0.0,0.0,0.0,0.0,0.0,0.0,0.0
215_CT_4,THERMAL,2020-07-15 02:00:00,0.0,0.0,0.0,0.0,0.0,0.0,0.0
215_CT_5,THERMAL,2020-07-15 02:00:00,0.0,0.0,0.0,0.0,0.0,0.0,0.0
216_STEAM_1,THERMAL,2020-07-15 02:00:00,-0.4224299626610907,0.4224299626610907,0.21133646623915164,-0.10587884511961149,-0.10467786727223377,-0.10092767653741892,-0.1109455737318265
218_CC_1,THERMAL,2020-07-15 02:00:00,0.0,0.0,0.0,0.0,0.0,0.0,0.0
221_CC_1,THERMAL,2020-07-15 02:00:00,4.808549022608731e-10,6.338534233837691e-10,5.367580582878812e-10,2.6749269466108672e-11,-0.0,5.306048933562124e-10,-7.649926056144805e-11
223_CT_4,THERMAL,2020-07-15 02:00:00,0.0,0.0,0.0,0.0,0.0,0.0,0.0
223_CT_5,THERMAL,2020-07-15 02:00:00,0.0,0.0,0.0,0.0,0.0,0.0,0.0
223_CT_6,THERMAL,2020-07-15 02:00:00,0.0,0.0,0.0,0.0,0.0,0.0,0.0
223_STEAM_1,THERMAL,2020-07-15 02:00:00,-0.4203107991415379,0.4203107991415379,0.2105154281828705,-0.11530627711612157,-0.10311121485031984,-0.10304803309631544,-0.09884527407878109
223_STEAM_2,THERMAL,2020-07-15 02:00:00,-0.42030956956700294,0.42030956956700294,0.2105148539860786,-0.11530635843264977,-0.10311441631220673,-0.10304461942372162,-0.09884417539842486
223_STEAM_3,THERMAL,2020-07-15 02:00:00,-0.49791219123220687,0.49791219123220687,0.2735625755469097,-0.10367670618312297,-0.10743458331781475,-0.06784234400320038,-0.21895855772806877
301_CT_1,THERMAL,2020-07-15 02:00:00,0.0,0.0,0.0,0.0,0.0,0.0,0.0
301_CT_2,THERMAL,2020-07-15 02:00:00,0.0,0.0,0.0,0.0,0.0,0.0,0.0
301_CT_3,THERMAL,2020-07-15 02:00:00,0.0,0.0,0.0,0.0,0.0,0.0,0.0
301_CT_4,THERMAL,2020-07-15 02:00:00,0.0,0.0,0.0,0.0,0.0,0.0,0.0
302_CT_1,THERMAL,2020-07-15 02:00:00,0.0,0.0,0.0,0.0,0.0,0.0,0.0
302_CT_2,THERMAL,2020-07-15 02:00:00,0.0,0.0,0.0,0.0,0.0,0.0,0.0
302_CT_3,THERMAL,2020-07-15 02:00:00,0.0,0.0,0.0,0.0,0.0,0.0,0.0
302_CT_4,THERMAL,2020-07-15 02:00:00,0.0,0.0,0.0,0.0,0.0,0.0,0.0
303_WIND_1,WIND,2020-07-15 02:00:00,1.0,1.0,1.0,0.0,1.0,0.0,0.0
307_CT_1,THERMAL,2020-07-15 02:00:00,0.0,0.0,0.0,0.0,0.0,0.0,0.0
307_CT_2,THERMAL,2020-07-15 02:00:00,0.0,0.0,0.0,0.0,0.0,0.0,0.0
309_WIND_1,WIND,2020-07-15 02:00:00,1.0,1.0,1.0,0.0,0.0,1.0,0.0
313_CC_1,THERMAL,2020-07-15 02:00:00,0.0,0.0,0.0,0.0,0.0,0.0,0.0
315_CT_6,THERMAL,2020-07-15 02:00:00,0.0,0.0,0.0,0.0,0.0,0.0,0.0
315_CT_7,THERMAL,2020-07-15 02:00:00,0.0,0.0,0.0,0.0,0.0,0.0,0.0
315_CT_8,THERMAL,2020-07-15 02:00:00,0.0,0.0,0.0,0.0,0.0,0.0,0.0
315_STEAM_1,THERMAL,2020-07-15 02:00:00,0.0,0.0,0.0,0.0,0.0,0.0,0.0
315_STEAM_2,THERMAL,2020-07-15 02:00:00,0.0,0.0,0.0,0.0,0.0,0.0,0.0
315_STEAM_3,THERMAL,2020-07-15 02:00:00,0.0,0.0,0.0,0.0,0.0,0.0,0.0
315_STEAM_4,THERMAL,2020-07-15 02:00:00,0.0,0.0,0.0,0.0,0.0,0.0,0.0
315_STEAM_5,THERMAL,2020-07-15 02:00:00,0.0,0.0,0.0,0.0,0.0,0.0,0.0
316_STEAM_1,THERMAL,2020-07-15 02:00:00,-1.3349263361351875e-09,1.3349263361351875e-09,1.0305839849063326e-09,-1.781310654536128e-10,-0.0,-1.003418237388587e-09,-1.533770332929878e-10
317_WIND_1,WIND,2020-07-15 02:00:00,1.0,1.0,1.0,0.0,0.0,0.0,1.0
318_CC_1,THERMAL,2020-07-15 02:00:00,-3.0016305865774764e-07,3.0016305865774764e-07,1.8058886720942537e-07,-9.35427394432864e-08,-6.784104134016644e-08,-1.387792778742948e-07,0.0
321_CC_1,THERMAL,2020-07-15 02:00:00,0.0,0.0,0.0,0.0,0.0,0.0,0.0
322_CT_5,THERMAL,2020-07-15 02:00:00,0.0,0.0,0.0,0.0,0.0,0.0,0.0
322_CT_6,THERMAL,2020-07-15 02:00:00,0.0,0.0,0.0,0.0,0.0,0.0,0.0
323_CC_1,THERMAL,2020-07-15 02:00:00,2.4093670077927763e-10,3.613425228297198e-10,2.852268777701287e-10,1.2117182077857652e-11,1.069011644731647e-11,2.783323132793246e-10,-6.02029110252211e-11
323_CC_2,THERMAL,2020-07-15 02:00:00,1.9530731450578246e-10,3.6132773360656605e-10,2.852124460535244e-10,-1.2117182077857652e-11,-1.069011644731647e-11,2.7831752405617427e-10,-6.02029110252177e-11
101_CT_1,THERMAL,2020-07-15 03:00:00,0.0,0.0,0.0,0.0,0.0,0.0,0.0
101_CT_2,THERMAL,2020-07-15 03:00:00,0.0,0.0,0.0,0.0,0.0,0.0,0.0
101_STEAM_3,THERMAL,2020-07-15 03:00:00,-6.305266316328386e-11,9.677115258541728e-11,5.4922369550347295e-11,-4.669503410374915e-11,-1.635745551053884e-11,-1.685941826006258e-11,1.6859244711066708e-11
101_STEAM_4,THERMAL,2020-07-15 03:00:00,-0.00014832357610733023,0.00014832357610733023,8.94961018726327e-05,-6.039484011896841e-05,-5.971689526991316e-05,-2.8211840718448656e-05,0.0
102_CT_1,THERMAL,2020-07-15 03:00:00,0.0,0.0,0.0,0.0,0.0,0.0,0.0
102_CT_2,THERMAL,2020-07-15 03:00:00,0.0,0.0,0.0,0.0,0.0,0.0,0.0
102_STEAM_3,THERMAL,2020-07-15 03:00:00,-0.08867149779381764,0.08867149779381764,0.04495765637709618,-0.017776122690463594,-0.021669177183940874,-0.021146269833184798,-0.028079928086228372
102_STEAM_4,THERMAL,2020-07-15 03:00:00,-0.08055423370909112,0.08055423370909112,0.04090054062056746,-0.015737820977055686,-0.01877097997019042,-0.02049936684164444,-0.025546065920200575
107_CC_1,THERMAL,2020-07-15 03:00:00,-3.911087158117787e-12,8.941705088956004e-10,5.150398650800553e-10,2.0438428727231894e-10,2.4074542359642237e-10,-4.044036217010216e-10,-4.463717632583748e-11
113_CT_1,THERMAL,2020-07-15 03:00:00,0.0,0.0,0.0,0.0,0.0,0.0,0.0
113_CT_2,THERMAL,2020-07-15 03:00:00,0.0,0.0,0.0,0.0,0.0,0.0,0.0
113_CT_3,THERMAL,2020-07-15 03:00:00,0.0,0.0,0.0,0.0,0.0,0.0,0.0
113_CT_4,THERMAL,2020-07-15 03:00:00,0.0,0.0,0.0,0.0,0.0,0.0,0.0
115_STEAM_1,THERMAL,2020-07-15 03:00:00,0.0,0.0,0.0,0.0,0.0,0.0,0.0
115_STEAM_2,THERMAL,2020-07-15 03:00:00,0.0,0.0,0.0,0.0,0.0,0.0,0.0
115_STEAM_3,THERMAL,2020-07-15 03:00:00,-1.3828104643044309e-09,1.3828104643044309e-09,9.444014434744044e-10,-1.3090395434289803e-10,-0.0,-8.394049899607126e-10,-4.125015200008204e-10
116_STEAM_1,THERMAL,2020-07-15 03:00:00,-0.3803870932155129,0.3803870932155129,0.2190662192650495,-0.05565779552966474,-0.039289822307707,-0.10659024121586087,-0.1788492341622803
118_CC_1,THERMAL,2020-07-15 03:00:00,4.474031154243475e-10,4.605761319199674e-10,4.2845187209583673e-10,2.640276886012316e-11,-0.0,4.275868548120343e-10,-6.586508247809993e-12
122_WIND_1,WIND,2020-07-15 03:00:00,1.0,1.0,1.0,1.0,0.0,0.0,0.0
123_CT_1,THERMAL,2020-07-15 03:00:00,0.0,0.0,0.0,0.0,0.0,0.0,0.0
123_CT_4,THERMAL,2020-07-15 03:00:00,0.0,0.0,0.0,0.0,0.0,0.0,0.0
123_CT_5,THERMAL,2020-07-15 03:00:00,0.0,0.0,0.0,0.0,0.0,0.0,0.0
123_STEAM_2,THERMAL,2020-07-15 03:00:00,-1.1713951405965237e-10,5.964732905514393e-10,3.55370373324546e-10,1.1610839443742e-10,1.2355849380847347e-10,-4.824015489412936e-11,-3.085662474114165e-10
123_STEAM_3,THERMAL,2020-07-15 03:00:00,-0.8732466644974977,0.8732466644974977,0.5104573557446948,-0.10897748320395531,-0.08944360587660449,-0.2568035979786762,-0.4180219774382617
201_CT_1,THERMAL,2020-07-15 03:00:00,0.0,0.0,0.0,0.0,0.0,0.0,0.0
201_CT_2,THERMAL,2020-07-15 03:00:00,0.0,0.0,0.0,0.0,0.0,0.0,0.0
201_STEAM_3,THERMAL,2020-07-15 03:00:00,-2.979203794464833e-10,1.7632939796866108e-09,1.1193935731004553e-09,4.2310793757494025e-10,3.0957886254512346e-10,-9.881180318416227e-10,-4.248914772492429e-11
202_CT_1,THERMAL,2020-07-15 03:00:00,0.0,0.0,0.0,0.0,0.0,0.0,0.0
202_CT_2,THERMAL,2020-07-15 03:00:00,0.0,0.0,0.0,0.0,0.0,0.0,0.0
202_STEAM_3,THERMAL,2020-07-15 03:00:00,-4.952693798190453e-10,2.3474793634225023e-09,1.4015762473446482e-09,4.138306722020634e-10,5.122743195996651e-10,-1.2208747107431416e-09,-2.004996608776321e-10
202_STEAM_4,THERMAL,2020-07-15 03:00:00,-4.952738556233546e-10,2.3474803122843215e-09,1.4015780133539255e-09,4.1382999002610563e-10,5.12273238304378e-10,-1.2208774230762222e-09,-2.0049966087761608e-10
207_CT_1,THERMAL,2020-07-15 03:00:00,0.0,0.0,0.0,0.0,0.0,0.0,0.0
207_CT_2,THERMAL,2020-07-15 03:00:00,0.0,0.0,0.0,0.0,0.0,0.0,0.0
212_CSP_1,THERMAL,2020-07-15 03:00:00,-0.753699309974713,0.753699309974713,0.37689691940981473,-0.18397590640580855,-0.1875278328738959,-0.1917054410674915,-0.19049012962751713
213_CC_3,THERMAL,2020-07-15 03:00:00,3.89855742255305e-12,3.89855742255305e-12,3.690290329349236e-12,1.8840484727888906e-13,2.475797344914099e-14,3.68539460182502e-12,0.0
213_CT_1,THERMAL,2020-07-15 03:00:00,0.0,0.0,0.0,0.0,0.0,0.0,0.0
213_CT_2,THERMAL,2020-07-15 03:00:00,0.0,0.0,0.0,0.0,0.0,0.0,0.0
215_CT_4,THERMAL,2020-07-15 03:00:00,0.0,0.0,0.0,0.0,0.0,0.0,0.0
215_CT_5,THERMAL,2020-07-15 03:00:00,0.0,0.0,0.0,0.0,0.0,0.0,0.0
216_STEAM_1,THERMAL,2020-07-15 03:00:00,-0.4073297552218832,0.4073297552218832,0.21875456235349244,-0.06469043671844557,-0.06525393181701042,-0.11702123796434727,-0.16036414872207994
218_CC_1,THERMAL,2020-07-15 03:00:00,0.0,0.0,0.0,0.0,0.0,0.0,0.0
221_CC_1,THERMAL,2020-07-15 03:00:00,1.0344340840690467e-09,1.0344340840690467e-09,5.88071645264573e-10,2.0817858548127788e-10,2.0378854159730508e-10,4.945741594042374e-10,1.278927975862262e-10
223_CT_4,THERMAL,2020-07-15 03:00:00,0.0,0.0,0.0,0.0,0.0,0.0,0.0
223_CT_5,THERMAL,2020-07-15 03:00:00,0.0,0.0,0.0,0.0,0.0,0.0,0.0
223_CT_6,THERMAL,2020-07-15 03:00:00,0.0,0.0,0.0,0.0,0.0,0.0,0.0
223_STEAM_1,THERMAL,2020-07-15 03:00:00,-0.4160415386668413,0.4160415386668413,0.20911657933123676,-0.10838952926468659,-0.11585533440731603,-0.10500912552064134,-0.08678754947419733
223_STEAM_2,THERMAL,2020-07-15 03:00:00,-0.41606848298863186,0.41606848298863186,0.20913002762049723,-0.10838868085148812,-0.1158539877121388,-0.10503826493457469,-0.08678754949043029
223_STEAM_3,THERMAL,2020-07-15 03:00:00,-0.5838530934541392,0.9337062631245966,0.5190710013630655,-0.33634583114513095,-0.34627561199809476,-0.07615823514614217,0.1749265848352287
301_CT_1,THERMAL,2020-07-15 03:00:00,0.0,0.0,0.0,0.0,0.0,0.0,0.0
301_CT_2,THERMAL,2020-07-15 03:00:00,0.0,0.0,0.0,0.0,0.0,0.0,0.0
301_CT_3,THERMAL,2020-07-15 03:00:00,0.0,0.0,0.0,0.0,0.0,0.0,0.0
301_CT_4,THERMAL,2020-07-15 03:00:00,0.0,0.0,0.0,0.0,0.0,0.0,0.0
302_CT_1,THERMAL,2020-07-15 03:00:00,0.0,0.0,0.0,0.0,0.0,0.0,0.0
302_CT_2,THERMAL,2020-07-15 03:00:00,0.0,0.0,0.0,0.0,0.0,0.0,0.0
302_CT_3,THERMAL,2020-07-15 03:00:00,0.0,0.0,0.0,0.0,0.0,0.0,0.0
302_CT_4,THERMAL,2020-07-15 03:00:00,0.0,0.0,0.0,0.0,0.0,0.0,0.0
303_WIND_1,WIND,2020-07-15 03:00:00,1.0,1.0,1.0,0.0,1.0,0.0,0.0
307_CT_1,THERMAL,2020-07-15 03:00:00,0.0,0.0,0.0,0.0,0.0,0.0,0.0
307_CT_2,THERMAL,2020-07-15 03:00:00,0.0,0.0,0.0,0.0,0.0,0.0,0.0
309_WIND_1,WIND,2020-07-15 03:00:00,1.0,1.0,1.0,0.0,0.0,1.0,0.0
313_CC_1,THERMAL,2020-07-15 03:00:00,0.0,0.0,0.0,0.0,0.0,0.0,0.0
315_CT_6,THERMAL,2020-07-15 03:00:00,0.0,0.0,0.0,0.0,0.0,0.0,0.0
315_CT_7,THERMAL,2020-07-15 03:00:00,0.0,0.0,0.0,0.0,0.0,0.0,0.0
315_CT_8,THERMAL,2020-07-15 03:00:00,0.0,0.0,0.0,0.0,0.0,0.0,0.0
315_STEAM_1,THERMAL,2020-07-15 03:00:00,0.0,0.0,0.0,0.0,0.0,0.0,0.0
315_STEAM_2,THERMAL,2020-07-15 03:00:00,0.0,0.0,0.0,0.0,0.0,0.0,0.0
315_STEAM_3,THERMAL,2020-07-15 03:00:00,0.0,0.0,0.0,0.0,0.0,0.0,0.0
315_STEAM_4,THERMAL,2020-07-15 03:00:00,0.0,0.0,0.0,0.0,0.0,0.0,0.0
315_STEAM_5,THERMAL,2020-07-15 03:00:00,0.0,0.0,0.0,0.0,0.0,0.0,0.0
316_STEAM_1,THERMAL,2020-07-15 03:00:00,-7.873754630180074e-10,7.873754630180074e-10,4.771465492013768e-10,-0.0,-1.49612433553159e-10,-2.8794522322073135e-10,-3.4981780624411705e-10
317_WIND_1,WIND,2020-07-15 03:00:00,1.0,1.0,1.0,0.0,0.0,0.0,1.0
318_CC_1,THERMAL,2020-07-15 03:00:00,0.0,0.0,0.0,0.0,0.0,0.0,0.0
321_CC_1,THERMAL,2020-07-15 03:00:00,0.0,0.0,0.0,0.0,0.0,0.0,0.0
322_CT_5,THERMAL,2020-07-15 03:00:00,0.0,0.0,0.0,0.0,0.0,0.0,0.0
322_CT_6,THERMAL,2020-07-15 03:00:00,0.0,0.0,0.0,0.0,0.0,0.0,0.0
323_CC_1,THERMAL,2020-07-15 03:00:00,2.865362867269995e-10,3.7436443090819584e-10,3.1486553141359186e-10,1.7676890864042487e-11,-1.769292521995758e-11,3.1277346795355516e-10,-2.622114687064059e-11
323_CC_2,THERMAL,2020-07-15 03:00:00,2.75825725307108e-10,3.650995332036464e-10,3.049948328425509e-10,-1.7676890864042487e-11,1.769292521995758e-11,3.0276970403541963e-10,-2.6960013084226688e-11
101_CT_1,THERMAL,2020-07-15 04:00:00,0.0,0.0,0.0,0.0,0.0,0.0,0.0
101_CT_2,THERMAL,2020-07-15 04:00:00,0.0,0.0,0.0,0.0,0.0,0.0,0.0
101_STEAM_3,THERMAL,2020-07-15 04:00:00,-0.004474673342186328,0.004474673342186328,0.002547834685835641,-0.0008234185366820441,-0.0006573635223948523,-0.0021676259646897077,-0.000826265318419724
101_STEAM_4,THERMAL,2020-07-15 04:00:00,-0.001902593011200771,0.002859001965712812,0.001461427785482771,-0.0008909953474998396,-0.0007865167601102328,0.0004782044772560205,-0.0007032853808467193
102_CT_1,THERMAL,2020-07-15 04:00:00,0.0,0.0,0.0,0.0,0.0,0.0,0.0
102_CT_2,THERMAL,2020-07-15 04:00:00,0.0,0.0,0.0,0.0,0.0,0.0,0.0
102_STEAM_3,THERMAL,2020-07-15 04:00:00,-0.1687886281839969,0.1687886281839969,0.0847718523427422,-0.03849766472778152,-0.03805938697939163,-0.047199294855796936,-0.0450322816210268
102_STEAM_4,THERMAL,2020-07-15 04:00:00,-0.16888877831601687,0.16888877831601687,0.0848288031223067,-0.03850453092503919,-0.03804193346894093,-0.04730842674265567,-0.045033887179381095
107_CC_1,THERMAL,2020-07-15 04:00:00,-2.9760415741065875e-10,6.106506472883681e-10,4.691164166141278e-10,1.0644629622191815e-10,-0.0,-4.5412740234951343e-10,5.007694871693654e-11
113_CT_1,THERMAL,2020-07-15 04:00:00,0.0,0.0,0.0,0.0,0.0,0.0,0.0
113_CT_2,THERMAL,2020-07-15 04:00:00,0.0,0.0,0.0,0.0,0.0,0.0,0.0
113_CT_3,THERMAL,2020-07-15 04:00:00,0.0,0.0,0.0,0.0,0.0,0.0,0.0
113_CT_4,THERMAL,2020-07-15 04:00:00,0.0,0.0,0.0,0.0,0.0,0.0,0.0
115_STEAM_1,THERMAL,2020-07-15 04:00:00,0.0,0.0,0.0,0.0,0.0,0.0,0.0
115_STEAM_2,THERMAL,2020-07-15 04:00:00,0.0,0.0,0.0,0.0,0.0,0.0,0.0
115_STEAM_3,THERMAL,2020-07-15 04:00:00,-0.31192276880624936,0.31192276880624936,0.16788255954006337,-0.052105784588486005,-0.04795289797815331,-0.08686813656100167,-0.1249959496786084
116_STEAM_1,THERMAL,2020-07-15 04:00:00,-0.34562482840761966,0.34562482840761966,0.18409922792007874,-0.04569560446859103,-0.0651981197731733,-0.11883132825979167,-0.11589977590606367
118_CC_1,THERMAL,2020-07-15 04:00:00,-3.2971104429861644e-10,3.2971104429861644e-10,2.9179476525946113e-10,-0.0,-0.0,-2.889311012665985e-10,-4.0779943032017964e-11
122_WIND_1,WIND,2020-07-15 04:00:00,1.0,1.0,1.0,1.0,0.0,0.0,0.0
123_CT_1,THERMAL,2020-07-15 04:00:00,0.0,0.0,0.0,0.0,0.0,0.0,0.0
123_CT_4,THERMAL,2020-07-15 04:00:00,0.0,0.0,0.0,0.0,0.0,0.0,0.0
123_CT_5,THERMAL,2020-07-15 04:00:00,0.0,0.0,0.0,0.0,0.0,0.0,0.0
123_STEAM_2,THERMAL,2020-07-15 04:00:00,-3.62876914288375e-09,3.62876914288375e-09,2.179664590996854e-09,-3.969904405209945e-10,-2.6423785381979314e-10,-1.7290919807066985e-09,-1.2384488678362642e-09
123_STEAM_3,THERMAL,2020-07-15 04:00:00,-0.7568347648291438,0.7568347648291438,0.3965419541956037,-0.11240297763384835,-0.15071964392514808,-0.24992533744208695,-0.24378680582806028
201_CT_1,THERMAL,2020-07-15 04:00:00,0.0,0.0,0.0,0.0,0.0,0.0,0.0
201_CT_2,THERMAL,2020-07-15 04:00:00,0.0,0.0,0.0,0.0,0.0,0.0,0.0
201_STEAM_3,THERMAL,2020-07-15 04:00:00,-1.7349816816653487e-07,6.23976456940034e-07,3.619016888131821e-07,-1.7910836615231407e-07,-2.1945460346173284e-07,2.2523914438674957e-07,-1.7434293923751888e-10
202_CT_1,THERMAL,2020-07-15 04:00:00,0.0,0.0,0.0,0.0,0.0,0.0,0.0
202_CT_2,THERMAL,2020-07-15 04:00:00,0.0,0.0,0.0,0.0,0.0,0.0,0.0
202_STEAM_3,THERMAL,2020-07-15 04:00:00,-0.16599246874675744,0.16599246874675744,0.08604833146143756,-0.051863861846723085,-0.05055776783366314,-0.04008425991957788,-0.023486579146793318
202_STEAM_4,THERMAL,2020-07-15 04:00:00,-0.1511113572832658,0.1511113572832658,0.08086719490297223,-0.04941803497540714,-0.05471737639505296,-0.023489366766021896,-0.02348657914678382
207_CT_1,THERMAL,2020-07-15 04:00:00,0.0,0.0,0.0,0.0,0.0,0.0,0.0
207_CT_2,THERMAL,2020-07-15 04:00:00,0.0,0.0,0.0,0.0,0.0,0.0,0.0
212_CSP_1,THERMAL,2020-07-15 04:00:00,-0.6055965144177637,0.6055965144177637,0.3028774577726603,-0.15483355058008588,-0.15488404825929153,-0.14772580563486593,-0.1481531099435204
213_CC_3,THERMAL,2020-07-15 04:00:00,0.0,0.0,0.0,0.0,0.0,0.0,0.0
213_CT_1,THERMAL,2020-07-15 04:00:00,0.0,0.0,0.0,0.0,0.0,0.0,0.0
213_CT_2,THERMAL,2020-07-15 04:00:00,0.0,0.0,0.0,0.0,0.0,0.0,0.0
215_CT_4,THERMAL,2020-07-15 04:00:00,0.0,0.0,0.0,0.0,0.0,0.0,0.0
215_CT_5,THERMAL,2020-07-15 04:00:00,0.0,0.0,0.0,0.0,0.0,0.0,0.0
216_STEAM_1,THERMAL,2020-07-15 04:00:00,-0.33103958587088667,0.33103958587088667,0.16572512562088926,-0.07874647493557979,-0.08965340901710145,-0.08097352822625059,-0.08166617369195486
218_CC_1,THERMAL,2020-07-15 04:00:00,0.0,0.0,0.0,0.0,0.0,0.0,0.0
221_CC_1,THERMAL,2020-07-15 04:00:00,7.259146447151487e-10,7.259146447151487e-10,4.6346579792982243e-10,1.5305118283848174e-10,2.0313633505150646e-11,4.1467213446057254e-10,1.3787769391094387e-10
223_CT_4,THERMAL,2020-07-15 04:00:00,0.0,0.0,0.0,0.0,0.0,0.0,0.0
223_CT_5,THERMAL,2020-07-15 04:00:00,0.0,0.0,0.0,0.0,0.0,0.0,0.0
223_CT_6,THERMAL,2020-07-15 04:00:00,0.0,0.0,0.0,0.0,0.0,0.0,0.0
223_STEAM_1,THERMAL,2020-07-15 04:00:00,-0.24944212407644079,0.2530064461773795,0.174218349510561,-0.1283498632355213,-0.11767824595584361,0.0017821610504693657,-0.005196175935545217
223_STEAM_2,THERMAL,2020-07-15 04:00:00,-0.24948876101597056,0.25294806308158874,0.17421400225675512,-0.12835229385593314,-0.11766994224108332,0.001729651032809077,-0.00519617595176318
223_STEAM_3,THERMAL,2020-07-15 04:00:00,-0.22867374790253586,0.22867374790253586,0.1247485633708434,-0.09667112655810967,-0.03244203804791157,-0.059984620318043025,-0.03957596297847159
301_CT_1,THERMAL,2020-07-15 04:00:00,0.0,0.0,0.0,0.0,0.0,0.0,0.0
301_CT_2,THERMAL,2020-07-15 04:00:00,0.0,0.0,0.0,0.0,0.0,0.0,0.0
301_CT_3,THERMAL,2020-07-15 04:00:00,0.0,0.0,0.0,0.0,0.0,0.0,0.0
301_CT_4,THERMAL,2020-07-15 04:00:00,0.0,0.0,0.0,0.0,0.0,0.0,0.0
302_CT_1,THERMAL,2020-07-15 04:00:00,0.0,0.0,0.0,0.0,0.0,0.0,0.0
302_CT_2,THERMAL,2020-07-15 04:00:00,0.0,0.0,0.0,0.0,0.0,0.0,0.0
302_CT_3,THERMAL,2020-07-15 04:00:00,0.0,0.0,0.0,0.0,0.0,0.0,0.0
302_CT_4,THERMAL,2020-07-15 04:00:00,0.0,0.0,0.0,0.0,0.0,0.0,0.0
303_WIND_1,WIND,2020-07-15 04:00:00,1.0,1.0,1.0,0.0,1.0,0.0,0.0
307_CT_1,THERMAL,2020-07-15 04:00:00,0.0,0.0,0.0,0.0,0.0,0.0,0.0
307_CT_2,THERMAL,2020-07-15 04:00:00,0.0,0.0,0.0,0.0,0.0,0.0,0.0
309_WIND_1,WIND,2020-07-15 04:00:00,1.0,1.0,1.0,0.0,0.0,1.0,0.0
313_CC_1,THERMAL,2020-07-15 04:00:00,0.0,0.0,0.0,0.0,0.0,0.0,0.0
315_CT_6,THERMAL,2020-07-15 04:00:00,0.0,0.0,0.0,0.0,0.0,0.0,0.0
315_CT_7,THERMAL,2020-07-15 04:00:00,0.0,0.0,0.0,0.0,0.0,0.0,0.0
315_CT_8,THERMAL,2020-07-15 04:00:00,0.0,0.0,0.0,0.0,0.0,0.0,0.0
315_STEAM_1,THERMAL,2020-07-15 04:00:00,0.0,0.0,0.0,0.0,0.0,0.0,0.0
315_STEAM_2,THERMAL,2020-07-15 04:00:00,0.0,0.0,0.0,0.0,0.0,0.0,0.0
315_STEAM_3,THERMAL,2020-07-15 04:00:00,0.0,0.0,0.0,0.0,0.0,0.0,0.0
315_STEAM_4,THERMAL,2020-07-15 04:00:00,0.0,0.0,0.0,0.0,0.0,0.0,0.0
315_STEAM_5,THERMAL,2020-07-15 04:00:00,0.0,0.0,0.0,0.0,0.0,0.0,0.0
316_STEAM_1,THERMAL,2020-07-15 04:00:00,-0.26021808761379583,0.26021808761379583,0.14659310311954601,-0.022843573488155272,-0.04098094661838772,-0.09943257654714349,-0.09696099096010935
317_WIND_1,WIND,2020-07-15 04:00:00,1.0,1.0,1.0,0.0,0.0,0.0,1.0
318_CC_1,THERMAL,2020-07-15 04:00:00,-1.4045626419953158e-07,2.754581501538706e-07,1.7110339707881128e-07,-6.462828477937776e-08,-1.433289223973233e-07,6.750094297716949e-08,0.0
321_CC_1,THERMAL,2020-07-15 04:00:00,0.0,0.0,0.0,0.0,0.0,0.0,0.0
322_CT_5,THERMAL,2020-07-15 04:00:00,0.0,0.0,0.0,0.0,0.0,0.0,0.0
322_CT_6,THERMAL,2020-07-15 04:00:00,0.0,0.0,0.0,0.0,0.0,0.0,0.0
323_CC_1,THERMAL,2020-07-15 04:00:00,8.696390147423985e-11,3.783736653157707e-10,2.2115922165202292e-10,-1.1646760433587022e-10,5.5406160645880793e-11,1.7726262274912448e-10,-2.92372775848952e-11
323_CC_2,THERMAL,2020-07-15 04:00:00,2.256850305735698e-10,2.990354202002235e-10,2.3706277009658305e-10,2.0595682823145603e-11,8.622621630301235e-12,2.331419209334498e-10,-3.6675194813326876e-11
101_CT_1,THERMAL,2020-07-15 05:00:00,0.0,0.0,0.0,0.0,0.0,0.0,0.0
101_CT_2,THERMAL,2020-07-15 05:00:00,0.0,0.0,0.0,0.0,0.0,0.0,0.0
101_STEAM_3,THERMAL,2020-07-15 05:00:00,-0.006348520756821252,0.01848155494875877,0.010062005594124455,0.002366898585420693,-0.00464419105038322,-0.007770846802406792,0.0036996185105480665
101_STEAM_4,THERMAL,2020-07-15 05:00:00,0.0069367732751424195,0.018406299645274047,0.010226848384471474,-0.0025591760935183587,0.004377353808418197,0.008294182651790036,-0.0031755870915474546
102_CT_1,THERMAL,2020-07-15 05:00:00,0.0,0.0,0.0,0.0,0.0,0.0,0.0
102_CT_2,THERMAL,2020-07-15 05:00:00,0.0,0.0,0.0,0.0,0.0,0.0,0.0
102_STEAM_3,THERMAL,2020-07-15 05:00:00,0.0113464483110651,0.14555337942123583,0.08866073546256957,-0.031823739199897616,0.0036853870735475414,0.07476452679260293,-0.03527972635518775
102_STEAM_4,THERMAL,2020-07-15 05:00:00,-0.14684011934029237,0.14684011934029237,0.11791382019214534,-0.0010055736592234077,-0.028127070060603943,-0.11445949666332322,-0.003247978957141803
107_CC_1,THERMAL,2020-07-15 05:00:00,9.557786943850337e-07,9.557786943850337e-07,4.780016240597199e-07,2.3528562309582668e-07,2.46024145722501e-07,2.3287744399524968e-07,2.415914815714564e-07
113_CT_1,THERMAL,2020-07-15 05:00:00,0.0,0.0,0.0,0.0,0.0,0.0,0.0
113_CT_2,THERMAL,2020-07-15 05:00:00,0.0,0.0,0.0,0.0,0.0,0.0,0.0
113_CT_3,THERMAL,2020-07-15 05:00:00,0.0,0.0,0.0,0.0,0.0,0.0,0.0
113_CT_4,THERMAL,2020-07-15 05:00:00,0.0,0.0,0.0,0.0,0.0,0.0,0.0
115_STEAM_1,THERMAL,2020-07-15 05:00:00,0.0,0.0,0.0,0.0,0.0,0.0,0.0
115_STEAM_2,THERMAL,2020-07-15 05:00:00,0.0,0.0,0.0,0.0,0.0,0.0,0.0
115_STEAM_3,THERMAL,2020-07-15 05:00:00,-0.39461029962646166,0.6479411508331284,0.347917212359861,-0.08343093170926663,0.12666542560333338,-0.25199432322811344,-0.18585047029241497
116_STEAM_1,THERMAL,2020-07-15 05:00:00,-0.5395925037816762,0.601832457740684,0.3429626857438386,-0.12273440246789183,0.03111997697950386,-0.24897941710094829,-0.19899866119233994
118_CC_1,THERMAL,2020-07-15 05:00:00,3.91416775929813e-08,3.91416775929813e-08,2.1583063243064626e-08,1.019760442755313e-08,1.6879197595187634e-08,4.592028091110478e-09,7.47284747913005e-09
122_WIND_1,WIND,2020-07-15 05:00:00,1.0,1.0,1.0,1.0,0.0,0.0,0.0
123_CT_1,THERMAL,2020-07-15 05:00:00,0.0,0.0,0.0,0.0,0.0,0.0,0.0
123_CT_4,THERMAL,2020-07-15 05:00:00,0.0,0.0,0.0,0.0,0.0,0.0,0.0
123_CT_5,THERMAL,2020-07-15 05:00:00,0.0,0.0,0.0,0.0,0.0,0.0,0.0
123_STEAM_2,THERMAL,2020-07-15 05:00:00,0.11317507925324484,0.46749059193501535,0.2838221394486774,0.04908035098305891,0.24125248461107118,-0.13468164024453566,-0.04247611609634959
123_STEAM_3,THERMAL,2020-07-15 05:00:00,-0.957386170740588,0.957386170740588,0.4788328112347483,-0.23683906729739512,-0.23113454668415712,-0.24584936391286405,-0.24356319284617164
201_CT_1,THERMAL,2020-07-15 05:00:00,0.0,0.0,0.0,0.0,0.0,0.0,0.0
201_CT_2,THERMAL,2020-07-15 05:00:00,0.0,0.0,0.0,0.0,0.0,0.0,0.0
201_STEAM_3,THERMAL,2020-07-15 05:00:00,0.24256864727112903,0.24256864727112903,0.13455444014380874,0.05567184988750726,0.015209571636727648,0.09008387706400334,0.08160334868289078
202_CT_1,THERMAL,2020-07-15 05:00:00,0.0,0.0,0.0,0.0,0.0,0.0,0.0
202_CT_2,THERMAL,2020-07-15 05:00:00,0.0,0.0,0.0,0.0,0.0,0.0,0.0
202_STEAM_3,THERMAL,2020-07-15 05:00:00,0.10546266921270425,0.38171457873774023,0.21046471300720396,0.023485675829557087,-0.13812595476251796,0.1249240189419841,0.09517892920368103
202_STEAM_4,THERMAL,2020-07-15 05:00:00,0.10535897589332978,0.3813353371710697,0.21025558363901956,0.023462809049991415,-0.13798818063886995,0.12480161372053669,0.09508273376167162
207_CT_1,THERMAL,2020-07-15 05:00:00,0.0,0.0,0.0,0.0,0.0,0.0,0.0
207_CT_2,THERMAL,2020-07-15 05:00:00,0.0,0.0,0.0,0.0,0.0,0.0,0.0
212_CSP_1,THERMAL,2020-07-15 05:00:00,-0.7553855391524921,0.7553855391524921,0.3781421081837957,-0.1918078341740344,-0.20262570468494134,-0.17982053308534507,-0.18113146720817128
213_CC_3,THERMAL,2020-07-15 05:00:00,0.0,0.0,0.0,0.0,0.0,0.0,0.0
213_CT_1,THERMAL,2020-07-15 05:00:00,0.0,0.0,0.0,0.0,0.0,0.0,0.0
213_CT_2,THERMAL,2020-07-15 05:00:00,0.0,0.0,0.0,0.0,0.0,0.0,0.0
215_CT_4,THERMAL,2020-07-15 05:00:00,0.0,0.0,0.0,0.0,0.0,0.0,0.0
215_CT_5,THERMAL,2020-07-15 05:00:00,0.0,0.0,0.0,0.0,0.0,0.0,0.0
216_STEAM_1,THERMAL,2020-07-15 05:00:00,-0.3890229431445673,0.3890229431445673,0.19977999684074013,-0.11927770263478488,-0.12077402112581725,-0.07341311013909912,-0.07555810924486607
218_CC_1,THERMAL,2020-07-15 05:00:00,0.0,0.0,0.0,0.0,0.0,0.0,0.0
221_CC_1,THERMAL,2020-07-15 05:00:00,2.7862394410849137e-07,2.7862394410849137e-07,1.3954514867554115e-07,6.837024313366413e-08,6.363424032151954e-08,7.376178690066126e-08,7.285767375264645e-08
223_CT_4,THERMAL,2020-07-15 05:00:00,0.0,0.0,0.0,0.0,0.0,0.0,0.0
223_CT_5,THERMAL,2020-07-15 05:00:00,0.0,0.0,0.0,0.0,0.0,0.0,0.0
223_CT_6,THERMAL,2020-07-15 05:00:00,0.0,0.0,0.0,0.0,0.0,0.0,0.0
223_STEAM_1,THERMAL,2020-07-15 05:00:00,-0.3663125083495761,0.3663125083495761,0.1936985021608356,-0.10102944489067947,-0.13812238361373944,-0.05493600941206163,-0.07222467043309559
223_STEAM_2,THERMAL,2020-07-15 05:00:00,-0.3663967425013594,0.3663967425013594,0.19371774763106359,-0.10104708699201279,-0.13810027119408394,-0.05501759771482399,-0.07223178660043866
223_STEAM_3,THERMAL,2020-07-15 05:00:00,-0.3585818551974656,0.3585818551974656,0.21787818448503454,-0.1084259164112431,-0.1810024811750115,-0.017817770252436027,-0.05133568735877496
301_CT_1,THERMAL,2020-07-15 05:00:00,0.0,0.0,0.0,0.0,0.0,0.0,0.0
301_CT_2,THERMAL,2020-07-15 05:00:00,0.0,0.0,0.0,0.0,0.0,0.0,0.0
301_CT_3,THERMAL,2020-07-15 05:00:00,0.0,0.0,0.0,0.0,0.0,0.0,0.0
301_CT_4,THERMAL,2020-07-15 05:00:00,0.0,0.0,0.0,0.0,0.0,0.0,0.0
302_CT_1,THERMAL,2020-07-15 05:00:00,0.0,0.0,0.0,0.0,0.0,0.0,0.0
302_CT_2,THERMAL,2020-07-15 05:00:00,0.0,0.0,0.0,0.0,0.0,0.0,0.0
302_CT_3,THERMAL,2020-07-15 05:00:00,0.0,0.0,0.0,0.0,0.0,0.0,0.0
302_CT_4,THERMAL,2020-07-15 05:00:00,0.0,0.0,0.0,0.0,0.0,0.0,0.0
303_WIND_1,WIND,2020-07-15 05:00:00,1.0,1.0,1.0,0.0,1.0,0.0,0.0
307_CT_1,THERMAL,2020-07-15 05:00:00,0.0,0.0,0.0,0.0,0.0,0.0,0.0
307_CT_2,THERMAL,2020-07-15 05:00:00,0.0,0.0,0.0,0.0,0.0,0.0,0.0
309_WIND_1,WIND,2020-07-15 05:00:00,1.0,1.0,1.0,0.0,0.0,1.0,0.0
313_CC_1,THERMAL,2020-07-15 05:00:00,0.0,0.0,0.0,0.0,0.0,0.0,0.0
315_CT_6,THERMAL,2020-07-15 05:00:00,0.0,0.0,0.0,0.0,0.0,0.0,0.0
315_CT_7,THERMAL,2020-07-15 05:00:00,0.0,0.0,0.0,0.0,0.0,0.0,0.0
315_CT_8,THERMAL,2020-07-15 05:00:00,0.0,0.0,0.0,0.0,0.0,0.0,0.0
315_STEAM_1,THERMAL,2020-07-15 05:00:00,0.0,0.0,0.0,0.0,0.0,0.0,0.0
315_STEAM_2,THERMAL,2020-07-15 05:00:00,0.0,0.0,0.0,0.0,0.0,0.0,0.0
315_STEAM_3,THERMAL,2020-07-15 05:00:00,0.0,0.0,0.0,0.0,0.0,0.0,0.0
315_STEAM_4,THERMAL,2020-07-15 05:00:00,0.0,0.0,0.0,0.0,0.0,0.0,0.0
315_STEAM_5,THERMAL,2020-07-15 05:00:00,0.0,0.0,0.0,0.0,0.0,0.0,0.0
316_STEAM_1,THERMAL,2020-07-15 05:00:00,-0.3401600496020154,0.3401600496020154,0.18409322409136109,-0.06187278780933558,-0.12091176704773865,-0.03957959795742605,-0.11779589678751513
317_WIND_1,WIND,2020-07-15 05:00:00,1.0,1.0,1.0,0.0,0.0,0.0,1.0
318_CC_1,THERMAL,2020-07-15 05:00:00,0.0,0.0,0.0,0.0,0.0,0.0,0.0
321_CC_1,THERMAL,2020-07-15 05:00:00,0.0,0.0,0.0,0.0,0.0,0.0,0.0
322_CT_5,THERMAL,2020-07-15 05:00:00,0.0,0.0,0.0,0.0,0.0,0.0,0.0
322_CT_6,THERMAL,2020-07-15 05:00:00,0.0,0.0,0.0,0.0,0.0,0.0,0.0
323_CC_1,THERMAL,2020-07-15 05:00:00,0.018615543262697053,0.018615543262697053,0.011460618691151992,0.004044426527858727,0.009999801666797679,0.0007783585020101434,0.003792956566030506
323_CC_2,THERMAL,2020-07-15 05:00:00,0.017171842192154098,0.017171842192154098,0.010595921492244378,0.0037413386239249146,0.009246244122730809,0.0006728176287792344,0.0035114418167191404
101_CT_1,THERMAL,2020-07-15 06:00:00,0.0,0.0,0.0,0.0,0.0,0.0,0.0
101_CT_2,THERMAL,2020-07-15 06:00:00,0.0,0.0,0.0,0.0,0.0,0.0,0.0
101_STEAM_3,THERMAL,2020-07-15 06:00:00,-0.016525441463581796,0.016591120994633137,0.010693258938053273,-0.0032765834655427983,-0.009416363367247021,3.283976552567042e-05,-0.003865334396317648
101_STEAM_4,THERMAL,2020-07-15 06:00:00,-0.008666940226353505,0.008666940226353505,0.005581286454373182,-0.0017181894743662218,-0.004912815591410519,-2.0392923507236982e-05,-0.002015542237069528
102_CT_1,THERMAL,2020-07-15 06:00:00,0.0,0.0,0.0,0.0,0.0,0.0,0.0
102_CT_2,THERMAL,2020-07-15 06:00:00,0.0,0.0,0.0,0.0,0.0,0.0,0.0
102_STEAM_3,THERMAL,2020-07-15 06:00:00,-0.17199242695056408,0.17199242695056408,0.08700078657834288,-0.040784910279011086,-0.053350962822229175,-0.035147983544633485,-0.04270857030469033
102_STEAM_4,THERMAL,2020-07-15 06:00:00,-0.17206566614627405,0.17206566614627405,0.0870317609969781,-0.04075529409857594,-0.053366543822428336,-0.03523525474781758,-0.04270857347745221
107_CC_1,THERMAL,2020-07-15 06:00:00,-6.950963456115538e-09,1.0140386182039911e-08,6.771069505479179e-09,1.5947113629621867e-09,-6.403238161922786e-09,-1.1336744876189186e-09,-1.0087621695360192e-09
113_CT_1,THERMAL,2020-07-15 06:00:00,0.0,0.0,0.0,0.0,0.0,0.0,0.0
113_CT_2,THERMAL,2020-07-15 06:00:00,0.0,0.0,0.0,0.0,0.0,0.0,0.0
113_CT_3,THERMAL,2020-07-15 06:00:00,0.0,0.0,0.0,0.0,0.0,0.0,0.0
113_CT_4,THERMAL,2020-07-15 06:00:00,0.0,0.0,0.0,0.0,0.0,0.0,0.0
115_STEAM_1,THERMAL,2020-07-15 06:00:00,0.0,0.0,0.0,0.0,0.0,0.0,0.0
115_STEAM_2,THERMAL,2020-07-15 06:00:00,0.0,0.0,0.0,0.0,0.0,0.0,0.0
115_STEAM_3,THERMAL,2020-07-15 06:00:00,-0.34869608478839187,0.34869608478839187,0.17646261305684854,-0.07988476379554083,-0.1088875903994182,-0.07243952610834596,-0.0874842044850869
116_STEAM_1,THERMAL,2020-07-15 06:00:00,-0.35420079435797314,0.35420079435797314,0.17825260452254515,-0.08457332564208336,-0.10453154656203786,-0.07679610805628291,-0.08829981409756896
118_CC_1,THERMAL,2020-07-15 06:00:00,0.497351082437826,0.7027578394084251,0.4509739085775122,0.01561989054969648,-0.10270337848529953,0.39662901288243807,0.18780555749099098
122_WIND_1,WIND,2020-07-15 06:00:00,1.0,1.0,1.0,1.0,0.0,0.0,0.0
123_CT_1,THERMAL,2020-07-15 06:00:00,0.0,0.0,0.0,0.0,0.0,0.0,0.0
123_CT_4,THERMAL,2020-07-15 06:00:00,0.0,0.0,0.0,0.0,0.0,0.0,0.0
123_CT_5,THERMAL,2020-07-15 06:00:00,0.0,0.0,0.0,0.0,0.0,0.0,0.0
123_STEAM_2,THERMAL,2020-07-15 06:00:00,-0.19921056132340578,0.2543604560828804,0.1684528521833982,-0.0036834259875928588,0.027574947379737313,-0.14839631515722146,-0.07470576755832878
123_STEAM_3,THERMAL,2020-07-15 06:00:00,-0.7535369856320925,0.7535369856320925,0.38830507332555736,-0.16980402851271847,-0.26263353269897244,-0.1339167515062205,-0.18718267291418111
201_CT_1,THERMAL,2020-07-15 06:00:00,0.0,0.0,0.0,0.0,0.0,0.0,0.0
201_CT_2,THERMAL,2020-07-15 06:00:00,0.0,0.0,0.0,0.0,0.0,0.0,0.0
201_STEAM_3,THERMAL,2020-07-15 06:00:00,-0.07869146554631687,0.10313610857639086,0.0688751146142991,0.00014104633078831919,0.012081275184248674,-0.06070723729842965,-0.03020654976292421
202_CT_1,THERMAL,2020-07-15 06:00:00,0.0,0.0,0.0,0.0,0.0,0.0,0.0
202_CT_2,THERMAL,2020-07-15 06:00:00,0.0,0.0,0.0,0.0,0.0,0.0,0.0
202_STEAM_3,THERMAL,2020-07-15 06:00:00,-0.13104478689551163,0.13104478689551163,0.07967515367249874,-0.01957042037818507,-0.06896639478782463,-0.008898798317626189,-0.03360917341187576
202_STEAM_4,THERMAL,2020-07-15 06:00:00,-0.13106985691651823,0.13106985691651823,0.07965913772942006,-0.0195795144851158,-0.06893980162428383,-0.00894136739524283,-0.03360917341187576
207_CT_1,THERMAL,2020-07-15 06:00:00,0.0,0.0,0.0,0.0,0.0,0.0,0.0
207_CT_2,THERMAL,2020-07-15 06:00:00,0.0,0.0,0.0,0.0,0.0,0.0,0.0
212_CSP_1,THERMAL,2020-07-15 06:00:00,-0.6644300519551509,0.6644300519551509,0.33268101726756877,-0.16488375452017195,-0.17955264696653533,-0.15485457170261915,-0.16513907876582448
213_CC_3,THERMAL,2020-07-15 06:00:00,0.0,0.0,0.0,0.0,0.0,0.0,0.0
213_CT_1,THERMAL,2020-07-15 06:00:00,0.0,0.0,0.0,0.0,0.0,0.0,0.0
213_CT_2,THERMAL,2020-07-15 06:00:00,0.0,0.0,0.0,0.0,0.0,0.0,0.0
215_CT_4,THERMAL,2020-07-15 06:00:00,0.0,0.0,0.0,0.0,0.0,0.0,0.0
215_CT_5,THERMAL,2020-07-15 06:00:00,0.0,0.0,0.0,0.0,0.0,0.0,0.0
216_STEAM_1,THERMAL,2020-07-15 06:00:00,-0.320322402834304,0.320322402834304,0.16920604970185135,-0.07048600191192284,-0.12304521544254415,-0.04783468998357965,-0.0789564954962574
218_CC_1,THERMAL,2020-07-15 06:00:00,0.0,0.0,0.0,0.0,0.0,0.0,0.0
221_CC_1,THERMAL,2020-07-15 06:00:00,3.1537408334047127e-09,4.635953408303935e-09,3.0306027149976207e-09,4.5055714714692385e-10,-7.41106287449611e-10,2.840345736387917e-09,6.039442373194831e-10
223_CT_4,THERMAL,2020-07-15 06:00:00,0.0,0.0,0.0,0.0,0.0,0.0,0.0
223_CT_5,THERMAL,2020-07-15 06:00:00,0.0,0.0,0.0,0.0,0.0,0.0,0.0
223_CT_6,THERMAL,2020-07-15 06:00:00,0.0,0.0,0.0,0.0,0.0,0.0,0.0
223_STEAM_1,THERMAL,2020-07-15 06:00:00,-0.31502088177864124,0.31502088177864124,0.16837250290414546,-0.06908986336706013,-0.1254620758878831,-0.0432230784376052,-0.07724586408609278
223_STEAM_2,THERMAL,2020-07-15 06:00:00,-0.31490267201817995,0.31490267201817995,0.168362093041186,-0.06899660000200808,-0.12553208919303543,-0.04312811873704367,-0.07724586408609278
223_STEAM_3,THERMAL,2020-07-15 06:00:00,-0.6698479929793908,0.6698479929793908,0.37830519344505087,-0.13467988802264186,-0.30623369591108995,-0.06450927814573926,-0.16442513089991975
301_CT_1,THERMAL,2020-07-15 06:00:00,0.0,0.0,0.0,0.0,0.0,0.0,0.0
301_CT_2,THERMAL,2020-07-15 06:00:00,0.0,0.0,0.0,0.0,0.0,0.0,0.0
301_CT_3,THERMAL,2020-07-15 06:00:00,0.0,0.0,0.0,0.0,0.0,0.0,0.0
301_CT_4,THERMAL,2020-07-15 06:00:00,0.0,0.0,0.0,0.0,0.0,0.0,0.0
302_CT_1,THERMAL,2020-07-15 06:00:00,0.0,0.0,0.0,0.0,0.0,0.0,0.0
302_CT_2,THERMAL,2020-07-15 06:00:00,0.0,0.0,0.0,0.0,0.0,0.0,0.0
302_CT_3,THERMAL,2020-07-15 06:00:00,0.0,0.0,0.0,0.0,0.0,0.0,0.0
302_CT_4,THERMAL,2020-07-15 06:00:00,0.0,0.0,0.0,0.0,0.0,0.0,0.0
303_WIND_1,WIND,2020-07-15 06:00:00,1.0,1.0,1.0,0.0,1.0,0.0,0.0
307_CT_1,THERMAL,2020-07-15 06:00:00,0.0,0.0,0.0,0.0,0.0,0.0,0.0
307_CT_2,THERMAL,2020-07-15 06:00:00,0.0,0.0,0.0,0.0,0.0,0.0,0.0
309_WIND_1,WIND,2020-07-15 06:00:00,1.0,1.0,1.0,0.0,0.0,1.0,0.0
313_CC_1,THERMAL,2020-07-15 06:00:00,-0.7329670500046337,1.7933475262084337,1.0063876550529256,-0.23691080880989912,0.5301902381019,-0.7860671663063834,-0.24017931299025122
315_CT_6,THERMAL,2020-07-15 06:00:00,0.0,0.0,0.0,0.0,0.0,0.0,0.0
315_CT_7,THERMAL,2020-07-15 06:00:00,0.0,0.0,0.0,0.0,0.0,0.0,0.0
315_CT_8,THERMAL,2020-07-15 06:00:00,0.0,0.0,0.0,0.0,0.0,0.0,0.0
315_STEAM_1,THERMAL,2020-07-15 06:00:00,0.0,0.0,0.0,0.0,0.0,0.0,0.0
315_STEAM_2,THERMAL,2020-07-15 06:00:00,0.0,0.0,0.0,0.0,0.0,0.0,0.0
315_STEAM_3,THERMAL,2020-07-15 06:00:00,0.0,0.0,0.0,0.0,0.0,0.0,0.0
315_STEAM_4,THERMAL,2020-07-15 06:00:00,0.0,0.0,0.0,0.0,0.0,0.0,0.0
315_STEAM_5,THERMAL,2020-07-15 06:00:00,0.0,0.0,0.0,0.0,0.0,0.0,0.0
316_STEAM_1,THERMAL,2020-07-15 06:00:00,-0.23852343211856272,0.25861379349512975,0.1724913889859425,-0.030268541298742402,-0.15869157598376302,0.0100451806882835,-0.05960849552434081
317_WIND_1,WIND,2020-07-15 06:00:00,1.0,1.0,1.0,0.0,0.0,0.0,1.0
318_CC_1,THERMAL,2020-07-15 06:00:00,0.0,0.0,0.0,0.0,0.0,0.0,0.0
321_CC_1,THERMAL,2020-07-15 06:00:00,0.0,0.0,0.0,0.0,0.0,0.0,0.0
322_CT_5,THERMAL,2020-07-15 06:00:00,0.0,0.0,0.0,0.0,0.0,0.0,0.0
322_CT_6,THERMAL,2020-07-15 06:00:00,0.0,0.0,0.0,0.0,0.0,0.0,0.0
323_CC_1,THERMAL,2020-07-15 06:00:00,0.5622099294012609,0.5622099294012609,0.28324630961196007,0.11160787369263148,0.14320627852720014,0.15670074677138765,0.15069503041004165
323_CC_2,THERMAL,2020-07-15 06:00:00,0.5621544859000153,0.5621544859000153,0.2832220998863449,0.11157710143545496,0.14317349749991426,0.1567088565546044,0.15069503041004165
101_CT_1,THERMAL,2020-07-15 07:00:00,0.0,0.0,0.0,0.0,0.0,0.0,0.0
101_CT_2,THERMAL,2020-07-15 07:00:00,0.0,0.0,0.0,0.0,0.0,0.0,0.0
101_STEAM_3,THERMAL,2020-07-15 07:00:00,-0.020905311197068448,0.041511791502581934,0.021667173568758476,-0.006297018117590536,-0.01504081706530569,0.010303240152756743,-0.009870716166928965
101_STEAM_4,THERMAL,2020-07-15 07:00:00,-0.021493496926450004,0.021493496926450004,0.01385556724254975,-0.002336468456090951,-0.008188390248204003,-0.010930070284486337,-3.8567937668712056e-05
102_CT_1,THERMAL,2020-07-15 07:00:00,0.0,0.0,0.0,0.0,0.0,0.0,0.0
102_CT_2,THERMAL,2020-07-15 07:00:00,0.0,0.0,0.0,0.0,0.0,0.0,0.0
102_STEAM_3,THERMAL,2020-07-15 07:00:00,-0.2185750273500709,0.2185750273500709,0.10941402971048306,-0.05352895791126415,-0.05130463992896264,-0.058507493711998135,-0.05523393579784597
102_STEAM_4,THERMAL,2020-07-15 07:00:00,-0.21858670306745337,0.21858670306745337,0.1094203220228065,-0.0535256074790717,-0.05130388924246951,-0.05851814066173376,-0.05523906568417842
107_CC_1,THERMAL,2020-07-15 07:00:00,-0.5928864562320599,0.5928864562320599,0.4100753154712928,-0.020737270442735822,-0.37479839865559056,-0.03628860110436688,-0.16106218602936662
113_CT_1,THERMAL,2020-07-15 07:00:00,0.0,0.0,0.0,0.0,0.0,0.0,0.0
113_CT_2,THERMAL,2020-07-15 07:00:00,0.0,0.0,0.0,0.0,0.0,0.0,0.0
113_CT_3,THERMAL,2020-07-15 07:00:00,0.0,0.0,0.0,0.0,0.0,0.0,0.0
113_CT_4,THERMAL,2020-07-15 07:00:00,0.0,0.0,0.0,0.0,0.0,0.0,0.0
115_STEAM_1,THERMAL,2020-07-15 07:00:00,0.0,0.0,0.0,0.0,0.0,0.0,0.0
115_STEAM_2,THERMAL,2020-07-15 07:00:00,0.0,0.0,0.0,0.0,0.0,0.0,0.0
115_STEAM_3,THERMAL,2020-07-15 07:00:00,-2.622876897902926e-09,2.622876897902926e-09,1.6627267650466791e-09,-6.034781008246171e-10,-0.0,-1.4348398025276765e-09,-5.845589945506324e-10
116_STEAM_1,THERMAL,2020-07-15 07:00:00,-0.11314273199360664,0.4167518304171027,0.2502136331949145,-0.08523112612026731,-0.17971615457573165,0.15180454921174805,-5.093557501240386e-10
118_CC_1,THERMAL,2020-07-15 07:00:00,0.03118588928410343,0.8819057511471171,0.5632961078088242,-0.11675581914378175,0.4565458202156103,-0.3086041117877251,0.0
122_WIND_1,WIND,2020-07-15 07:00:00,1.0,1.0,1.0,1.0,0.0,0.0,0.0
123_CT_1,THERMAL,2020-07-15 07:00:00,0.0,0.0,0.0,0.0,0.0,0.0,0.0
123_CT_4,THERMAL,2020-07-15 07:00:00,0.0,0.0,0.0,0.0,0.0,0.0,0.0
123_CT_5,THERMAL,2020-07-15 07:00:00,0.0,0.0,0.0,0.0,0.0,0.0,0.0
123_STEAM_2,THERMAL,2020-07-15 07:00:00,-0.24783530572474974,0.3689875567451638,0.21063072209224992,-0.08658954268688834,-0.1764685909868089,0.06057612551020704,-0.04535329756125953
123_STEAM_3,THERMAL,2020-07-15 07:00:00,-5.910534424002429e-06,5.910534424002429e-06,2.9599576911242953e-06,-1.5009545353272813e-06,-1.3472141493497958e-06,-1.578390343759395e-06,-1.4839753955659572e-06
201_CT_1,THERMAL,2020-07-15 07:00:00,0.0,0.0,0.0,0.0,0.0,0.0,0.0
201_CT_2,THERMAL,2020-07-15 07:00:00,0.0,0.0,0.0,0.0,0.0,0.0,0.0
201_STEAM_3,THERMAL,2020-07-15 07:00:00,-0.18088806465110852,0.18088806465110852,0.09808671629994649,-0.03527694141571361,-0.07565059888184593,-0.0248242116706774,-0.04513631268287156
202_CT_1,THERMAL,2020-07-15 07:00:00,0.0,0.0,0.0,0.0,0.0,0.0,0.0
202_CT_2,THERMAL,2020-07-15 07:00:00,0.0,0.0,0.0,0.0,0.0,0.0,0.0
202_STEAM_3,THERMAL,2020-07-15 07:00:00,-0.189295572548625,0.189295572548625,0.09900160879696057,-0.0397450578682564,-0.07063450019452035,-0.03175905827113684,-0.04715695621471143
202_STEAM_4,THERMAL,2020-07-15 07:00:00,-0.1891101593364639,0.1891101593364639,0.09895473763247765,-0.0397163102340667,-0.07067202857351391,-0.03156486431417187,-0.04715695621471143
207_CT_1,THERMAL,2020-07-15 07:00:00,0.0,0.0,0.0,0.0,0.0,0.0,0.0
207_CT_2,THERMAL,2020-07-15 07:00:00,0.0,0.0,0.0,0.0,0.0,0.0,0.0
212_CSP_1,THERMAL,2020-07-15 07:00:00,-0.7987299693759549,0.7987299693759549,0.39959183801757076,-0.20113064027744149,-0.1892653131322367,-0.20806633479873132,-0.20026768116754534
213_CC_3,THERMAL,2020-07-15 07:00:00,0.0,0.0,0.0,0.0,0.0,0.0,0.0
213_CT_1,THERMAL,2020-07-15 07:00:00,0.0,0.0,0.0,0.0,0.0,0.0,0.0
213_CT_2,THERMAL,2020-07-15 07:00:00,0.0,0.0,0.0,0.0,0.0,0.0,0.0
215_CT_4,THERMAL,2020-07-15 07:00:00,0.0,0.0,0.0,0.0,0.0,0.0,0.0
215_CT_5,THERMAL,2020-07-15 07:00:00,0.0,0.0,0.0,0.0,0.0,0.0,0.0
216_STEAM_1,THERMAL,2020-07-15 07:00:00,-0.41235667596818937,0.41235667596818937,0.20768751018442672,-0.09569440748260358,-0.12321148885979599,-0.0902442939487994,-0.10320648567699045
218_CC_1,THERMAL,2020-07-15 07:00:00,0.0,0.0,0.0,0.0,0.0,0.0,0.0
221_CC_1,THERMAL,2020-07-15 07:00:00,0.0020403222135485,0.06188956536020624,0.03902385995864658,0.005820325073762622,-0.02992462157332887,0.02429130980164551,0.0018533089114692357
223_CT_4,THERMAL,2020-07-15 07:00:00,0.0,0.0,0.0,0.0,0.0,0.0,0.0
223_CT_5,THERMAL,2020-07-15 07:00:00,0.0,0.0,0.0,0.0,0.0,0.0,0.0
223_CT_6,THERMAL,2020-07-15 07:00:00,0.0,0.0,0.0,0.0,0.0,0.0,0.0
223_STEAM_1,THERMAL,2020-07-15 07:00:00,-0.39873681033914127,0.39873681033914127,0.2031414420958616,-0.09114000586096005,-0.13072631862846656,-0.0777350077886082,-0.09913547806110645
223_STEAM_2,THERMAL,2020-07-15 07:00:00,-0.39878996613246903,0.39878996613246903,0.20316199369283255,-0.09113020009465655,-0.13072957646162253,-0.07779471151508349,-0.09913547806110645
223_STEAM_3,THERMAL,2020-07-15 07:00:00,-0.8717956660173333,0.8717956660173333,0.452161765078165,-0.19146933735501742,-0.3137010415732348,-0.15034022627855698,-0.2162850608105241
301_CT_1,THERMAL,2020-07-15 07:00:00,0.0,0.0,0.0,0.0,0.0,0.0,0.0
301_CT_2,THERMAL,2020-07-15 07:00:00,0.0,0.0,0.0,0.0,0.0,0.0,0.0
301_CT_3,THERMAL,2020-07-15 07:00:00,0.0,0.0,0.0,0.0,0.0,0.0,0.0
301_CT_4,THERMAL,2020-07-15 07:00:00,0.0,0.0,0.0,0.0,0.0,0.0,0.0
302_CT_1,THERMAL,2020-07-15 07:00:00,0.0,0.0,0.0,0.0,0.0,0.0,0.0
302_CT_2,THERMAL,2020-07-15 07:00:00,0.0,0.0,0.0,0.0,0.0,0.0,0.0
302_CT_3,THERMAL,2020-07-15 07:00:00,0.0,0.0,0.0,0.0,0.0,0.0,0.0
302_CT_4,THERMAL,2020-07-15 07:00:00,0.0,0.0,0.0,0.0,0.0,0.0,0.0
303_WIND_1,WIND,2020-07-15 07:00:00,1.0,1.0,1.0,0.0,1.0,0.0,0.0
307_CT_1,THERMAL,2020-07-15 07:00:00,0.0,0.0,0.0,0.0,0.0,0.0,0.0
307_CT_2,THERMAL,2020-07-15 07:00:00,0.0,0.0,0.0,0.0,0.0,0.0,0.0
309_WIND_1,WIND,2020-07-15 07:00:00,1.0,1.0,1.0,0.0,0.0,1.0,0.0
313_CC_1,THERMAL,2020-07-15 07:00:00,2.3056292333797865e-10,2.434756628243722e-10,1.9635664288805428e-10,-0.0,4.631139916000393e-11,1.907078939211715e-10,-6.4563697431967805e-12
315_CT_6,THERMAL,2020-07-15 07:00:00,0.0,0.0,0.0,0.0,0.0,0.0,0.0
315_CT_7,THERMAL,2020-07-15 07:00:00,0.0,0.0,0.0,0.0,0.0,0.0,0.0
315_CT_8,THERMAL,2020-07-15 07:00:00,0.0,0.0,0.0,0.0,0.0,0.0,0.0
315_STEAM_1,THERMAL,2020-07-15 07:00:00,0.0,0.0,0.0,0.0,0.0,0.0,0.0
315_STEAM_2,THERMAL,2020-07-15 07:00:00,0.0,0.0,0.0,0.0,0.0,0.0,0.0
315_STEAM_3,THERMAL,2020-07-15 07:00:00,0.0,0.0,0.0,0.0,0.0,0.0,0.0
315_STEAM_4,THERMAL,2020-07-15 07:00:00,0.0,0.0,0.0,0.0,0.0,0.0,0.0
315_STEAM_5,THERMAL,2020-07-15 07:00:00,0.0,0.0,0.0,0.0,0.0,0.0,0.0
316_STEAM_1,THERMAL,2020-07-15 07:00:00,-0.33318615782128475,0.33318615782128475,0.1974428416913789,-0.06229003448306253,-0.16736967205140305,-0.022334012617484827,-0.08119243866933433
317_WIND_1,WIND,2020-07-15 07:00:00,1.0,1.0,1.0,0.0,0.0,0.0,1.0
318_CC_1,THERMAL,2020-07-15 07:00:00,0.0,0.0,0.0,0.0,0.0,0.0,0.0
321_CC_1,THERMAL,2020-07-15 07:00:00,0.0,0.0,0.0,0.0,0.0,0.0,0.0
322_CT_5,THERMAL,2020-07-15 07:00:00,0.0,0.0,0.0,0.0,0.0,0.0,0.0
322_CT_6,THERMAL,2020-07-15 07:00:00,0.0,0.0,0.0,0.0,0.0,0.0,0.0
323_CC_1,THERMAL,2020-07-15 07:00:00,0.5865242497358679,0.6460392945741031,0.39913635139901127,0.13339258797309084,0.3510797877205991,-0.02975752241911761,0.13180939646129558
323_CC_2,THERMAL,2020-07-15 07:00:00,0.5865695263821036,0.6459794941177391,0.39913109749127057,0.13338333394413937,0.3510817798665631,-0.02970498386781778,0.13180939643921896
101_CT_1,THERMAL,2020-07-15 08:00:00,0.0,0.0,0.0,0.0,0.0,0.0,0.0
101_CT_2,THERMAL,2020-07-15 08:00:00,0.0,0.0,0.0,0.0,0.0,0.0,0.0
101_STEAM_3,THERMAL,2020-07-15 08:00:00,-0.09170115064621756,0.09170115064621756,0.07258619245913846,-0.004998140352143632,-0.0013880107109896372,-0.07096406067476058,-0.014350938908323719
101_STEAM_4,THERMAL,2020-07-15 08:00:00,0.0413332521321617,0.10192282201251927,0.07430592387250927,-0.0036660578881761996,-0.026628727052002588,0.0692322275716597,0.0023958095006807838
102_CT_1,THERMAL,2020-07-15 08:00:00,0.0,0.0,0.0,0.0,0.0,0.0,0.0
102_CT_2,THERMAL,2020-07-15 08:00:00,0.0,0.0,0.0,0.0,0.0,0.0,0.0
102_STEAM_3,THERMAL,2020-07-15 08:00:00,-0.01130634202830368,0.06885859966426407,0.042026366195395834,-0.01183003340301042,-0.0282524366298586,0.0287761288179802,-8.134148561513234e-10
102_STEAM_4,THERMAL,2020-07-15 08:00:00,-0.010292244358159567,0.06269357623817112,0.03826382830439317,-0.010770511913506503,-0.025722397515187317,0.026200665940005776,-8.694715225576743e-10
107_CC_1,THERMAL,2020-07-15 08:00:00,-1.3956226820429801e-09,5.297263349918363e-09,2.8955576750482217e-09,-3.725474248611258e-10,1.9508203339376913e-09,-1.581115722730081e-09,-1.3927798683894645e-09
113_CT_1,THERMAL,2020-07-15 08:00:00,0.0,0.0,0.0,0.0,0.0,0.0,0.0
113_CT_2,THERMAL,2020-07-15 08:00:00,0.0,0.0,0.0,0.0,0.0,0.0,0.0
113_CT_3,THERMAL,2020-07-15 08:00:00,0.0,0.0,0.0,0.0,0.0,0.0,0.0
113_CT_4,THERMAL,2020-07-15 08:00:00,0.0,0.0,0.0,0.0,0.0,0.0,0.0
115_STEAM_1,THERMAL,2020-07-15 08:00:00,0.0,0.0,0.0,0.0,0.0,0.0,0.0
115_STEAM_2,THERMAL,2020-07-15 08:00:00,0.0,0.0,0.0,0.0,0.0,0.0,0.0
115_STEAM_3,THERMAL,2020-07-15 08:00:00,-1.5375025886560324e-09,2.156045270551778e-09,1.1600516436562448e-09,-6.28854274209445e-10,3.0927134094787276e-10,-8.466036914180213e-10,-3.713159639764388e-10
116_STEAM_1,THERMAL,2020-07-15 08:00:00,-1.9818263671560146e-09,1.9818263671560146e-09,1.1942098155756636e-09,-4.3658404669244533e-10,-1.0306977493712566e-10,-1.0252056981130409e-09,-4.169668474134028e-10
118_CC_1,THERMAL,2020-07-15 08:00:00,1.5661306980437371e-09,1.6359705527772507e-09,1.534947997183611e-09,-0.0,6.800759955183366e-11,1.5330430258586603e-09,-3.491992736675685e-11
122_WIND_1,WIND,2020-07-15 08:00:00,1.0,1.0,1.0,1.0,0.0,0.0,0.0
123_CT_1,THERMAL,2020-07-15 08:00:00,0.0,0.0,0.0,0.0,0.0,0.0,0.0
123_CT_4,THERMAL,2020-07-15 08:00:00,0.0,0.0,0.0,0.0,0.0,0.0,0.0
123_CT_5,THERMAL,2020-07-15 08:00:00,0.0,0.0,0.0,0.0,0.0,0.0,0.0
123_STEAM_2,THERMAL,2020-07-15 08:00:00,7.689879515352433e-10,2.195602007063913e-09,1.2214063484046628e-09,1.475320674227844e-10,4.796784649043265e-10,8.550844469724673e-10,-7.13307027764335e-10
123_STEAM_3,THERMAL,2020-07-15 08:00:00,-3.270330378628781e-09,3.270330378628781e-09,2.328171053114325e-09,-4.1358105828948055e-10,-2.2497581575464665e-10,-2.2474448968523575e-09,-3.8432860773229616e-10
201_CT_1,THERMAL,2020-07-15 08:00:00,0.0,0.0,0.0,0.0,0.0,0.0,0.0
201_CT_2,THERMAL,2020-07-15 08:00:00,0.0,0.0,0.0,0.0,0.0,0.0,0.0
201_STEAM_3,THERMAL,2020-07-15 08:00:00,-0.26978478129844263,0.26978478129844263,0.13640715090337796,-0.06465577106303327,-0.08327620978433653,-0.05511423707864149,-0.06673856337243131
202_CT_1,THERMAL,2020-07-15 08:00:00,0.0,0.0,0.0,0.0,0.0,0.0,0.0
202_CT_2,THERMAL,2020-07-15 08:00:00,0.0,0.0,0.0,0.0,0.0,0.0,0.0
202_STEAM_3,THERMAL,2020-07-15 08:00:00,-0.2728101181381071,0.2728101181381071,0.13833615659005444,-0.057520291837866847,-0.08691021656609157,-0.06005093994516707,-0.0683286697889816
202_STEAM_4,THERMAL,2020-07-15 08:00:00,-0.2728559896276813,0.2728559896276813,0.13835456309612046,-0.05752670413329164,-0.08690302804418232,-0.06009758766117916,-0.06832866978902817
207_CT_1,THERMAL,2020-07-15 08:00:00,0.0,0.0,0.0,0.0,0.0,0.0,0.0
207_CT_2,THERMAL,2020-07-15 08:00:00,0.0,0.0,0.0,0.0,0.0,0.0,0.0
212_CSP_1,THERMAL,2020-07-15 08:00:00,-1.092370486559838,1.092370486559838,0.5470476535433701,-0.27926690806512977,-0.24860593035275091,-0.2905380737834723,-0.2739595743584851
213_CC_3,THERMAL,2020-07-15 08:00:00,0.3403326618612774,0.681058990808517,0.3939005666756452,0.07642303526319533,-0.17036316447361977,0.3311476663964246,0.10312512467527726
213_CT_1,THERMAL,2020-07-15 08:00:00,0.0,0.0,0.0,0.0,0.0,0.0,-0.0
213_CT_2,THERMAL,2020-07-15 08:00:00,0.0,0.0,0.0,0.0,0.0,0.0,0.0
215_CT_4,THERMAL,2020-07-15 08:00:00,0.0,0.0,0.0,0.0,0.0,0.0,0.0
215_CT_5,THERMAL,2020-07-15 08:00:00,0.0,0.0,0.0,0.0,0.0,0.0,0.0
216_STEAM_1,THERMAL,2020-07-15 08:00:00,-0.5799029038562269,0.5799029038562269,0.2903248682183402,-0.13522930599138533,-0.15587069858787403,-0.1433216548844073,-0.14548124439256024
218_CC_1,THERMAL,2020-07-15 08:00:00,0.0,0.0,0.0,0.0,0.0,0.0,0.0
221_CC_1,THERMAL,2020-07-15 08:00:00,-0.23762638207481296,0.2770602537740651,0.17595968433444611,-0.04173172982560347,-0.16066096038295385,0.019716935849626083,-0.05495062771588171
223_CT_4,THERMAL,2020-07-15 08:00:00,0.0,0.0,0.0,0.0,0.0,0.0,0.0
223_CT_5,THERMAL,2020-07-15 08:00:00,0.0,0.0,0.0,0.0,0.0,0.0,0.0
223_CT_6,THERMAL,2020-07-15 08:00:00,0.0,0.0,0.0,0.0,0.0,0.0,0.0
223_STEAM_1,THERMAL,2020-07-15 08:00:00,-0.5580612095881943,0.5580612095881943,0.28132229091578187,-0.1250815146279325,-0.16880733357496286,-0.12475774512102628,-0.13941461626427265
223_STEAM_2,THERMAL,2020-07-15 08:00:00,-0.5580237547602516,0.5580237547602516,0.28130639083862663,-0.12507905509387118,-0.16881090092497317,-0.1247162730846555,-0.13941752565675167
223_STEAM_3,THERMAL,2020-07-15 08:00:00,-1.2317999946525784,1.2317999946525784,0.6260191445979959,-0.2643916684829014,-0.39962314273438415,-0.26035165326137955,-0.30743353017391334
301_CT_1,THERMAL,2020-07-15 08:00:00,0.0,0.0,0.0,0.0,0.0,0.0,0.0
301_CT_2,THERMAL,2020-07-15 08:00:00,0.0,0.0,0.0,0.0,0.0,0.0,0.0
301_CT_3,THERMAL,2020-07-15 08:00:00,0.0,0.0,0.0,0.0,0.0,0.0,0.0
301_CT_4,THERMAL,2020-07-15 08:00:00,0.0,0.0,0.0,0.0,0.0,0.0,0.0
302_CT_1,THERMAL,2020-07-15 08:00:00,0.0,0.0,0.0,0.0,0.0,0.0,0.0
302_CT_2,THERMAL,2020-07-15 08:00:00,0.0,0.0,0.0,0.0,0.0,0.0,0.0
302_CT_3,THERMAL,2020-07-15 08:00:00,0.0,0.0,0.0,0.0,0.0,0.0,0.0
302_CT_4,THERMAL,2020-07-15 08:00:00,0.0,0.0,0.0,0.0,0.0,0.0,0.0
303_WIND_1,WIND,2020-07-15 08:00:00,1.0,1.0,1.0,0.0,1.0,0.0,0.0
307_CT_1,THERMAL,2020-07-15 08:00:00,0.0,0.0,0.0,0.0,0.0,0.0,0.0
307_CT_2,THERMAL,2020-07-15 08:00:00,0.0,0.0,0.0,0.0,0.0,0.0,0.0
309_WIND_1,WIND,2020-07-15 08:00:00,1.0,1.0,1.0,0.0,0.0,1.0,0.0
313_CC_1,THERMAL,2020-07-15 08:00:00,4.434080971801087e-10,4.444843290688731e-10,4.4394653925483584e-10,-0.0,-0.0,4.439462131244909e-10,-5.381159443821634e-13
315_CT_6,THERMAL,2020-07-15 08:00:00,0.0,0.0,0.0,0.0,0.0,0.0,0.0
315_CT_7,THERMAL,2020-07-15 08:00:00,0.0,0.0,0.0,0.0,0.0,0.0,0.0
315_CT_8,THERMAL,2020-07-15 08:00:00,0.0,0.0,0.0,0.0,0.0,0.0,0.0
315_STEAM_1,THERMAL,2020-07-15 08:00:00,0.0,0.0,0.0,0.0,0.0,0.0,0.0
315_STEAM_2,THERMAL,2020-07-15 08:00:00,0.0,0.0,0.0,0.0,0.0,0.0,0.0
315_STEAM_3,THERMAL,2020-07-15 08:00:00,0.0,0.0,0.0,0.0,0.0,0.0,0.0
315_STEAM_4,THERMAL,2020-07-15 08:00:00,0.0,0.0,0.0,0.0,0.0,0.0,0.0
315_STEAM_5,THERMAL,2020-07-15 08:00:00,0.0,0.0,0.0,0.0,0.0,0.0,0.0
316_STEAM_1,THERMAL,2020-07-15 08:00:00,-0.47912333244211613,0.47912333244211613,0.26297081911161685,-0.08583735303960033,-0.2081645453063076,-0.06688826173224507,-0.11823317236396313
317_WIND_1,WIND,2020-07-15 08:00:00,1.0,1.0,1.0,0.0,0.0,0.0,1.0
318_CC_1,THERMAL,2020-07-15 08:00:00,0.0,0.0,0.0,0.0,0.0,0.0,0.0
321_CC_1,THERMAL,2020-07-15 08:00:00,0.0,0.0,0.0,0.0,0.0,0.0,0.0
322_CT_5,THERMAL,2020-07-15 08:00:00,0.0,0.0,0.0,0.0,0.0,0.0,0.0
322_CT_6,THERMAL,2020-07-15 08:00:00,0.0,0.0,0.0,0.0,0.0,0.0,0.0
323_CC_1,THERMAL,2020-07-15 08:00:00,0.6419224809223079,0.8603107134414348,0.5498595889558291,0.0955526946170499,0.5100041781365705,-0.10919411625956349,0.14555972442825085
323_CC_2,THERMAL,2020-07-15 08:00:00,0.6420703599909638,0.8602283054381303,0.5498265698413746,0.09560932068445921,0.509983532852587,-0.10907897272358319,0.14555647917750078
101_CT_1,THERMAL,2020-07-15 09:00:00,0.0,0.0,0.0,0.0,0.0,0.0,0.0
101_CT_2,THERMAL,2020-07-15 09:00:00,0.0,0.0,0.0,0.0,0.0,0.0,0.0
101_STEAM_3,THERMAL,2020-07-15 09:00:00,0.04384290089523374,0.11471188283315165,0.08211007919413855,-0.020348379030990404,-0.01508611193796855,0.07809623987525238,0.0011811519889403123
101_STEAM_4,THERMAL,2020-07-15 09:00:00,-0.0671307938571116,0.11061177297243344,0.084345984588453,0.013844939813514284,0.007895549744146635,-0.08258777496425024,-0.006283508450522272
102_CT_1,THERMAL,2020-07-15 09:00:00,0.0,0.0,0.0,0.0,0.0,0.0,0.0
102_CT_2,THERMAL,2020-07-15 09:00:00,0.0,0.0,0.0,0.0,0.0,0.0,0.0
102_STEAM_3,THERMAL,2020-07-15 09:00:00,-0.07397909072310936,0.07397909072310936,0.03727772807399117,-0.0192626743957362,-0.021828011753408094,-0.015640240016426964,-0.0172481645575381
102_STEAM_4,THERMAL,2020-07-15 09:00:00,-0.06526630862445298,0.06526630862445298,0.03263315479449641,-0.016311825912128278,-0.016317916909704577,-0.016317480534448148,-0.016319085268171985
107_CC_1,THERMAL,2020-07-15 09:00:00,-0.4030857295138943,0.4030857295138943,0.23043223574586322,-0.11906375405184066,-0.18119414229194353,-0.031354767752454965,-0.07147306541765518
113_CT_1,THERMAL,2020-07-15 09:00:00,0.0,0.0,0.0,0.0,0.0,0.0,0.0
113_CT_2,THERMAL,2020-07-15 09:00:00,0.0,0.0,0.0,0.0,0.0,0.0,0.0
113_CT_3,THERMAL,2020-07-15 09:00:00,0.0,0.0,0.0,0.0,0.0,0.0,0.0
113_CT_4,THERMAL,2020-07-15 09:00:00,0.0,0.0,0.0,0.0,0.0,0.0,0.0
115_STEAM_1,THERMAL,2020-07-15 09:00:00,0.0,0.0,0.0,0.0,0.0,0.0,0.0
115_STEAM_2,THERMAL,2020-07-15 09:00:00,0.0,0.0,0.0,0.0,0.0,0.0,0.0
115_STEAM_3,THERMAL,2020-07-15 09:00:00,-0.132096089951876,0.132096089951876,0.06738313721120785,-0.03524340458797631,-0.04261666596056196,-0.024726723905392985,-0.02950929549794474
116_STEAM_1,THERMAL,2020-07-15 09:00:00,-0.1387473230495406,0.1387473230495406,0.06937366255001068,-0.03467673111600009,-0.0346896814351384,-0.034688745518702824,-0.0346921649796993
118_CC_1,THERMAL,2020-07-15 09:00:00,-0.1817364196847041,0.1817364196847041,0.09086821118628777,-0.04542086941620804,-0.04543783586591976,-0.04543662390854042,-0.04544109049403589
122_WIND_1,WIND,2020-07-15 09:00:00,1.0,1.0,1.0,1.0,0.0,0.0,0.0
123_CT_1,THERMAL,2020-07-15 09:00:00,0.0,0.0,0.0,0.0,0.0,0.0,0.0
123_CT_4,THERMAL,2020-07-15 09:00:00,0.0,0.0,0.0,0.0,0.0,0.0,0.0
123_CT_5,THERMAL,2020-07-15 09:00:00,0.0,0.0,0.0,0.0,0.0,0.0,0.0
123_STEAM_2,THERMAL,2020-07-15 09:00:00,-0.14091413002138659,0.14091413002138659,0.07247827151959141,-0.038054708407832843,-0.04744647930499418,-0.02466726695109479,-0.030745675357464763
123_STEAM_3,THERMAL,2020-07-15 09:00:00,-0.19984462961413038,0.19984462961413038,0.10115664460567325,-0.05257661417437065,-0.06129196926424618,-0.04018439726023148,-0.045791648915282056
201_CT_1,THERMAL,2020-07-15 09:00:00,0.0,0.0,0.0,0.0,0.0,0.0,0.0
201_CT_2,THERMAL,2020-07-15 09:00:00,0.0,0.0,0.0,0.0,0.0,0.0,0.0
201_STEAM_3,THERMAL,2020-07-15 09:00:00,-0.09405047517389101,0.09405047517389101,0.048568994638047945,-0.025522014511774285,-0.032248418924520544,-0.015961399970238942,-0.02031864176735724
202_CT_1,THERMAL,2020-07-15 09:00:00,0.0,0.0,0.0,0.0,0.0,0.0,0.0
202_CT_2,THERMAL,2020-07-15 09:00:00,0.0,0.0,0.0,0.0,0.0,0.0,0.0
202_STEAM_3,THERMAL,2020-07-15 09:00:00,-0.07728505751576166,0.07728505751576166,0.03949715164962607,-0.020679483519274247,-0.02518610760021503,-0.01421767095969408,-0.017201795436578307
202_STEAM_4,THERMAL,2020-07-15 09:00:00,-0.06879660528248183,0.06879660528248183,0.034398303149779305,-0.017194142144779642,-0.017200563816985814,-0.017200103884138063,-0.017201795436578307
207_CT_1,THERMAL,2020-07-15 09:00:00,0.0,0.0,0.0,0.0,0.0,0.0,0.0
207_CT_2,THERMAL,2020-07-15 09:00:00,0.0,0.0,0.0,0.0,0.0,0.0,0.0
212_CSP_1,THERMAL,2020-07-15 09:00:00,-0.12224698255274055,0.12224698255274055,0.061123491633890505,-0.03055853663552789,-0.030561254617571518,-0.03055996784853493,-0.030567223451106212
213_CC_3,THERMAL,2020-07-15 09:00:00,-0.28931594308238173,0.28931594308238173,0.14465797368114877,-0.0723079130127196,-0.07233492537961639,-0.07233299722421549,-0.07234010746583026
213_CT_1,THERMAL,2020-07-15 09:00:00,0.0,0.0,0.0,0.0,0.0,0.0,0.0
213_CT_2,THERMAL,2020-07-15 09:00:00,0.0,0.0,0.0,0.0,0.0,0.0,0.0
215_CT_4,THERMAL,2020-07-15 09:00:00,0.0,0.0,0.0,0.0,0.0,0.0,0.0
215_CT_5,THERMAL,2020-07-15 09:00:00,0.0,0.0,0.0,0.0,0.0,0.0,0.0
216_STEAM_1,THERMAL,2020-07-15 09:00:00,-0.12398023172920111,0.12398023172920111,0.061990116780770356,-0.03098603216801754,-0.030997603188735234,-0.030996774095793267,-0.03099982227665507
218_CC_1,THERMAL,2020-07-15 09:00:00,0.0,0.0,0.0,0.0,0.0,0.0,0.0
221_CC_1,THERMAL,2020-07-15 09:00:00,-0.18393301496502845,0.18393301496502845,0.09196650884283272,-0.04596985756021854,-0.04598702991265746,-0.04598580343025471,-0.04599032406189773
223_CT_4,THERMAL,2020-07-15 09:00:00,0.0,0.0,0.0,0.0,0.0,0.0,0.0
223_CT_5,THERMAL,2020-07-15 09:00:00,0.0,0.0,0.0,0.0,0.0,0.0,0.0
223_CT_6,THERMAL,2020-07-15 09:00:00,0.0,0.0,0.0,0.0,0.0,0.0,0.0
223_STEAM_1,THERMAL,2020-07-15 09:00:00,-0.12029339762468999,0.12029339762468999,0.06057990091667416,-0.03127221892275964,-0.03526732216977435,-0.0255635053230413,-0.028190351209114693
223_STEAM_2,THERMAL,2020-07-15 09:00:00,-0.11274407628896024,0.11274407628896024,0.05637203897755802,-0.02817781148052356,-0.028188332999386306,-0.02818758059993568,-0.028190351209114693
223_STEAM_3,THERMAL,2020-07-15 09:00:00,-0.2562115270447862,0.2562115270447862,0.12810577832784323,-0.0640205914570802,-0.06403822169021181,-0.06410312985402274,-0.06404958404347152
301_CT_1,THERMAL,2020-07-15 09:00:00,0.0,0.0,0.0,0.0,0.0,0.0,0.0
301_CT_2,THERMAL,2020-07-15 09:00:00,0.0,0.0,0.0,0.0,0.0,0.0,0.0
301_CT_3,THERMAL,2020-07-15 09:00:00,0.0,0.0,0.0,0.0,0.0,0.0,0.0
301_CT_4,THERMAL,2020-07-15 09:00:00,0.0,0.0,0.0,0.0,0.0,0.0,0.0
302_CT_1,THERMAL,2020-07-15 09:00:00,0.0,0.0,0.0,0.0,0.0,0.0,0.0
302_CT_2,THERMAL,2020-07-15 09:00:00,0.0,0.0,0.0,0.0,0.0,0.0,0.0
302_CT_3,THERMAL,2020-07-15 09:00:00,0.0,0.0,0.0,0.0,0.0,0.0,0.0
302_CT_4,THERMAL,2020-07-15 09:00:00,0.0,0.0,0.0,0.0,0.0,0.0,0.0
303_WIND_1,WIND,2020-07-15 09:00:00,1.0,1.0,1.0,0.0,1.0,0.0,0.0
307_CT_1,THERMAL,2020-07-15 09:00:00,0.0,0.0,0.0,0.0,0.0,0.0,0.0
307_CT_2,THERMAL,2020-07-15 09:00:00,0.0,0.0,0.0,0.0,0.0,0.0,0.0
309_WIND_1,WIND,2020-07-15 09:00:00,1.0,1.0,1.0,0.0,0.0,1.0,0.0
313_CC_1,THERMAL,2020-07-15 09:00:00,-0.17550147588883336,0.17550147588883336,0.08775073924148641,-0.04386259123999958,-0.043878970727470934,-0.043877801120348,-0.043882112801014846
315_CT_6,THERMAL,2020-07-15 09:00:00,0.0,0.0,0.0,0.0,0.0,0.0,0.0
315_CT_7,THERMAL,2020-07-15 09:00:00,0.0,0.0,0.0,0.0,0.0,0.0,0.0
315_CT_8,THERMAL,2020-07-15 09:00:00,0.0,0.0,0.0,0.0,0.0,0.0,0.0
315_STEAM_1,THERMAL,2020-07-15 09:00:00,0.0,0.0,0.0,0.0,0.0,0.0,0.0
315_STEAM_2,THERMAL,2020-07-15 09:00:00,0.0,0.0,0.0,0.0,0.0,0.0,0.0
315_STEAM_3,THERMAL,2020-07-15 09:00:00,0.0,0.0,0.0,0.0,0.0,0.0,0.0
315_STEAM_4,THERMAL,2020-07-15 09:00:00,0.0,0.0,0.0,0.0,0.0,0.0,0.0
315_STEAM_5,THERMAL,2020-07-15 09:00:00,0.0,0.0,0.0,0.0,0.0,0.0,0.0
316_STEAM_1,THERMAL,2020-07-15 09:00:00,-0.12554907283497824,0.12554907283497824,0.06277453734550835,-0.03137812701893189,-0.03138984621110619,-0.03138900597716354,-0.03139209362777661
317_WIND_1,WIND,2020-07-15 09:00:00,1.0,1.0,1.0,0.0,0.0,0.0,1.0
318_CC_1,THERMAL,2020-07-15 09:00:00,0.0,0.0,0.0,0.0,0.0,0.0,0.0
321_CC_1,THERMAL,2020-07-15 09:00:00,-0.7132974846371225,0.7132974846371225,0.35664874648289274,-0.17830241680989134,-0.17833741281423282,-0.17829507390765087,-0.17836258110534753
322_CT_5,THERMAL,2020-07-15 09:00:00,0.0,0.0,0.0,0.0,0.0,0.0,0.0
322_CT_6,THERMAL,2020-07-15 09:00:00,0.0,0.0,0.0,0.0,0.0,0.0,0.0
323_CC_1,THERMAL,2020-07-15 09:00:00,-0.10018322738221697,0.17264610817856818,0.0988944438231901,-0.010857114387124,0.03623144039817561,-0.07806221881391778,-0.0474953345793508
323_CC_2,THERMAL,2020-07-15 09:00:00,-0.0776538138471255,0.19244948311936577,0.1136141975674805,-0.001797127849721164,0.05739783463612014,-0.08575918605417368,-0.0474953345793508
101_CT_1,THERMAL,2020-07-15 10:00:00,0.0,0.0,0.0,0.0,0.0,0.0,0.0
101_CT_2,THERMAL,2020-07-15 10:00:00,0.0,0.0,0.0,0.0,0.0,0.0,0.0
101_STEAM_3,THERMAL,2020-07-15 10:00:00,0.041114419454379915,0.07743533281566703,0.05118506495119929,-0.001480777280954887,0.012567713444438411,0.04670716269058506,-0.016679679399688667
101_STEAM_4,THERMAL,2020-07-15 10:00:00,-0.06078476468040549,0.08458198985464176,0.055836434756845965,-0.0037199503588433713,-0.017389093574835264,-0.051574333333844986,0.011898612587118135
102_CT_1,THERMAL,2020-07-15 10:00:00,0.0,0.0,0.0,0.0,0.0,0.0,0.0
102_CT_2,THERMAL,2020-07-15 10:00:00,0.0,0.0,0.0,0.0,0.0,0.0,0.0
102_STEAM_3,THERMAL,2020-07-15 10:00:00,-0.0654996155249918,0.0654996155249918,0.03274982153998474,-0.016381273756301593,-0.01639149990851732,-0.0163507185553483,-0.016376123304824585
102_STEAM_4,THERMAL,2020-07-15 10:00:00,-0.065900895726435,0.065900895726435,0.032950452416699416,-0.016469816348551963,-0.016468602614337052,-0.016490031775298973,-0.016472444988247008
107_CC_1,THERMAL,2020-07-15 10:00:00,-0.30970724039277314,0.30970724039277314,0.15485362109695075,-0.0774126224996439,-0.07742917123324894,-0.07743169480841594,-0.07743375185146438
113_CT_1,THERMAL,2020-07-15 10:00:00,0.0,0.0,0.0,0.0,0.0,0.0,0.0
113_CT_2,THERMAL,2020-07-15 10:00:00,0.0,0.0,0.0,0.0,0.0,0.0,0.0
113_CT_3,THERMAL,2020-07-15 10:00:00,0.0,0.0,0.0,0.0,0.0,0.0,0.0
113_CT_4,THERMAL,2020-07-15 10:00:00,0.0,0.0,0.0,0.0,0.0,0.0,0.0
115_STEAM_1,THERMAL,2020-07-15 10:00:00,0.0,0.0,0.0,0.0,0.0,0.0,0.0
115_STEAM_2,THERMAL,2020-07-15 10:00:00,0.0,0.0,0.0,0.0,0.0,0.0,0.0
115_STEAM_3,THERMAL,2020-07-15 10:00:00,-0.11723163507697507,0.11723163507697507,0.05861581820974307,-0.029302478151466804,-0.029305446108341182,-0.02931430328031226,-0.02930940753685482
116_STEAM_1,THERMAL,2020-07-15 10:00:00,-0.1185390651250349,0.1185390651250349,0.059269532961387414,-0.029632186244308502,-0.029638792627725355,-0.029630624961023252,-0.029637461291977796
118_CC_1,THERMAL,2020-07-15 10:00:00,-0.17237164610166772,0.17237164610166772,0.08618582577273201,-0.043083106741758415,-0.04308428061003022,-0.04311014854235129,-0.04309411020752778
122_WIND_1,WIND,2020-07-15 10:00:00,1.0,1.0,1.0,1.0,0.0,0.0,0.0
123_CT_1,THERMAL,2020-07-15 10:00:00,0.0,0.0,0.0,0.0,0.0,0.0,0.0
123_CT_4,THERMAL,2020-07-15 10:00:00,0.0,0.0,0.0,0.0,0.0,0.0,0.0
123_CT_5,THERMAL,2020-07-15 10:00:00,0.0,0.0,0.0,0.0,0.0,0.0,0.0
123_STEAM_2,THERMAL,2020-07-15 10:00:00,-0.11099432133356438,0.11099432133356438,0.055497164597735994,-0.027741455139133384,-0.02774063229593346,-0.027766333913455087,-0.02774589998504246
123_STEAM_3,THERMAL,2020-07-15 10:00:00,-0.17602693387192822,0.17602693387192822,0.08801346740448585,-0.04399966158581359,-0.044006216602032744,-0.04401183153440691,-0.04400922414967497
201_CT_1,THERMAL,2020-07-15 10:00:00,0.0,0.0,0.0,0.0,0.0,0.0,0.0
201_CT_2,THERMAL,2020-07-15 10:00:00,0.0,0.0,0.0,0.0,0.0,0.0,0.0
201_STEAM_3,THERMAL,2020-07-15 10:00:00,-0.07018671281875535,0.07018671281875535,0.03509335654950149,-0.017544113836991712,-0.017546752840489066,-0.017548200465234753,-0.017547645676039822
202_CT_1,THERMAL,2020-07-15 10:00:00,0.0,0.0,0.0,0.0,0.0,0.0,0.0
202_CT_2,THERMAL,2020-07-15 10:00:00,0.0,0.0,0.0,0.0,0.0,0.0,0.0
202_STEAM_3,THERMAL,2020-07-15 10:00:00,-0.07100234286340805,0.07100234286340805,0.0355011744801293,-0.017741667104391734,-0.01775600399048133,-0.017759456973950358,-0.01774521479458463
202_STEAM_4,THERMAL,2020-07-15 10:00:00,-0.07095385831122665,0.07095385831122665,0.03547696966238162,-0.017755996906951677,-0.017759687538158708,-0.017692959071531636,-0.01774521479458463
207_CT_1,THERMAL,2020-07-15 10:00:00,0.0,0.0,0.0,0.0,0.0,0.0,0.0
207_CT_2,THERMAL,2020-07-15 10:00:00,0.0,0.0,0.0,0.0,0.0,0.0,0.0
212_CSP_1,THERMAL,2020-07-15 10:00:00,-0.21111437927748714,0.21111437927748714,0.10555718998784776,-0.05277259252308342,-0.05278260531325518,-0.05277645977395551,-0.052782721667193035
213_CC_3,THERMAL,2020-07-15 10:00:00,-0.1788244354887575,0.1788244354887575,0.08941221872506994,-0.04470351023400221,-0.044713729392401036,-0.044696600194048204,-0.04471059566830606
213_CT_1,THERMAL,2020-07-15 10:00:00,0.0,0.0,0.0,0.0,0.0,0.0,0.0
213_CT_2,THERMAL,2020-07-15 10:00:00,0.0,0.0,0.0,0.0,0.0,0.0,0.0
215_CT_4,THERMAL,2020-07-15 10:00:00,0.0,0.0,0.0,0.0,0.0,0.0,0.0
215_CT_5,THERMAL,2020-07-15 10:00:00,0.0,0.0,0.0,0.0,0.0,0.0,0.0
216_STEAM_1,THERMAL,2020-07-15 10:00:00,-0.12428831586003689,0.12428831586003689,0.06214415837388491,-0.03106686266133596,-0.031070729734454572,-0.031076875675356774,-0.031073847788889584
218_CC_1,THERMAL,2020-07-15 10:00:00,1.0509950131202799e-12,1.0509950131202799e-12,7.683057875387676e-13,1.2512213487525514e-13,1.9273471707492718e-13,7.331381611700976e-13,0.0
221_CC_1,THERMAL,2020-07-15 10:00:00,-0.17384757260462858,0.17384757260462858,0.08692378787710056,-0.04345325211540074,-0.043456436437200985,-0.043474856257712524,-0.043463027794314324
223_CT_4,THERMAL,2020-07-15 10:00:00,0.0,0.0,0.0,0.0,0.0,0.0,0.0
223_CT_5,THERMAL,2020-07-15 10:00:00,0.0,0.0,0.0,0.0,0.0,0.0,0.0
223_CT_6,THERMAL,2020-07-15 10:00:00,0.0,0.0,0.0,0.0,0.0,0.0,0.0
223_STEAM_1,THERMAL,2020-07-15 10:00:00,-0.12149239549711258,0.12149239549711258,0.06074619839092024,-0.03036849672586356,-0.03037550609704509,-0.030379128831184554,-0.030369263843019363
223_STEAM_2,THERMAL,2020-07-15 10:00:00,-0.12146963464541577,0.12146963464541577,0.060734817571379565,-0.030362886505101883,-0.030367567822297437,-0.030369916474997094,-0.030369263843019363
223_STEAM_3,THERMAL,2020-07-15 10:00:00,-0.18965796852836792,0.18965796852836792,0.09482898476242989,-0.04740689322860381,-0.04741399439275584,-0.047419905631480574,-0.04741717527552768
301_CT_1,THERMAL,2020-07-15 10:00:00,0.0,0.0,0.0,0.0,0.0,0.0,0.0
301_CT_2,THERMAL,2020-07-15 10:00:00,0.0,0.0,0.0,0.0,0.0,0.0,0.0
301_CT_3,THERMAL,2020-07-15 10:00:00,0.0,0.0,0.0,0.0,0.0,0.0,0.0
301_CT_4,THERMAL,2020-07-15 10:00:00,0.0,0.0,0.0,0.0,0.0,0.0,0.0
302_CT_1,THERMAL,2020-07-15 10:00:00,0.0,0.0,0.0,0.0,0.0,0.0,0.0
302_CT_2,THERMAL,2020-07-15 10:00:00,0.0,0.0,0.0,0.0,0.0,0.0,0.0
302_CT_3,THERMAL,2020-07-15 10:00:00,0.0,0.0,0.0,0.0,0.0,0.0,0.0
302_CT_4,THERMAL,2020-07-15 10:00:00,0.0,0.0,0.0,0.0,0.0,0.0,0.0
303_WIND_1,WIND,2020-07-15 10:00:00,1.0,1.0,1.0,0.0,1.0,0.0,0.0
307_CT_1,THERMAL,2020-07-15 10:00:00,0.0,0.0,0.0,0.0,0.0,0.0,0.0
307_CT_2,THERMAL,2020-07-15 10:00:00,0.0,0.0,0.0,0.0,0.0,0.0,0.0
309_WIND_1,WIND,2020-07-15 10:00:00,1.0,1.0,1.0,0.0,0.0,1.0,0.0
313_CC_1,THERMAL,2020-07-15 10:00:00,-0.20035920533678214,0.20035920533678214,0.10017960339871332,-0.05008033713402171,-0.05008875311101746,-0.0500955055457051,-0.05009460954603788
315_CT_6,THERMAL,2020-07-15 10:00:00,-0.06997991492495817,0.06997991492495817,0.03498998631947997,-0.01750349076864841,-0.017518807279084163,-0.01745811785985087,-0.017499499017374735
315_CT_7,THERMAL,2020-07-15 10:00:00,-0.06997885580041305,0.06997885580041305,0.03498945675532321,-0.017503225592460783,-0.017518541558244734,-0.01745785456463565,-0.017499234085071876
315_CT_8,THERMAL,2020-07-15 10:00:00,0.0,0.0,0.0,0.0,0.0,0.0,0.0
315_STEAM_1,THERMAL,2020-07-15 10:00:00,0.0,0.0,0.0,0.0,0.0,0.0,0.0
315_STEAM_2,THERMAL,2020-07-15 10:00:00,0.0,0.0,0.0,0.0,0.0,0.0,0.0
315_STEAM_3,THERMAL,2020-07-15 10:00:00,0.0,0.0,0.0,0.0,0.0,0.0,0.0
315_STEAM_4,THERMAL,2020-07-15 10:00:00,0.0,0.0,0.0,0.0,0.0,0.0,0.0
315_STEAM_5,THERMAL,2020-07-15 10:00:00,0.0,0.0,0.0,0.0,0.0,0.0,0.0
316_STEAM_1,THERMAL,2020-07-15 10:00:00,-0.11386364174487035,0.11386364174487035,0.05693182643122204,-0.02846885674669486,-0.028480912010244552,-0.028446024287515293,-0.028467848700415653
317_WIND_1,WIND,2020-07-15 10:00:00,1.0,1.0,1.0,0.0,0.0,0.0,1.0
318_CC_1,THERMAL,2020-07-15 10:00:00,-0.7676904800219904,0.7676904800219904,0.3838469914621697,-0.1916038959904076,-0.19116655298398866,-0.19267653946649915,-0.1922434915810949
321_CC_1,THERMAL,2020-07-15 10:00:00,-0.16495800003611716,0.16495800003611716,0.08247900047455378,-0.041233107076023345,-0.04123835996948033,-0.04124480928775043,-0.041241723702863047
322_CT_5,THERMAL,2020-07-15 10:00:00,0.0,0.0,0.0,0.0,0.0,0.0,0.0
322_CT_6,THERMAL,2020-07-15 10:00:00,0.0,0.0,0.0,0.0,0.0,0.0,0.0
323_CC_1,THERMAL,2020-07-15 10:00:00,-0.039772803951544505,0.04030350583864545,0.02328975049590023,-0.013151489343391165,-0.01145159950503949,0.0002653509435504714,-0.01543506604666432
323_CC_2,THERMAL,2020-07-15 10:00:00,-0.08461778390574011,0.08461778390574011,0.043867962669295636,-0.018055997398457896,-0.020407437892471375,-0.030719282568146523,-0.01543506604666432
101_CT_1,THERMAL,2020-07-15 11:00:00,0.0,0.0,0.0,0.0,0.0,0.0,0.0
101_CT_2,THERMAL,2020-07-15 11:00:00,0.0,0.0,0.0,0.0,0.0,0.0,0.0
101_STEAM_3,THERMAL,2020-07-15 11:00:00,0.038185546173413965,0.08050512705218923,0.04842324603195809,-0.000423700815723464,0.020905931964799604,0.038439404648001996,-0.02073608962366417
101_STEAM_4,THERMAL,2020-07-15 11:00:00,-0.05822367605276534,0.08987878964821477,0.05316763337580592,-0.0047771501807174765,-0.025861642316022893,-0.04341244035374969,0.01582755679772472
102_CT_1,THERMAL,2020-07-15 11:00:00,0.0,0.0,0.0,0.0,0.0,0.0,0.0
102_CT_2,THERMAL,2020-07-15 11:00:00,0.0,0.0,0.0,0.0,0.0,0.0,0.0
102_STEAM_3,THERMAL,2020-07-15 11:00:00,-0.0653969617266403,0.0653969617266403,0.03269848090077097,-0.01634795110562262,-0.016349621092859645,-0.016349356334804277,-0.016350033193353763
102_STEAM_4,THERMAL,2020-07-15 11:00:00,-0.06458231464959639,0.06458231464959639,0.032291159294486844,-0.016147112190819685,-0.016153799985012762,-0.016138500482294652,-0.016142901991469293
107_CC_1,THERMAL,2020-07-15 11:00:00,-0.28012803708702255,0.28012803708702255,0.14006401916266356,-0.07002450409588651,-0.07002716237020867,-0.0700411293627905,-0.07003524125813687
113_CT_1,THERMAL,2020-07-15 11:00:00,0.0,0.0,0.0,0.0,0.0,0.0,0.0
113_CT_2,THERMAL,2020-07-15 11:00:00,0.0,0.0,0.0,0.0,0.0,0.0,0.0
113_CT_3,THERMAL,2020-07-15 11:00:00,0.0,0.0,0.0,0.0,0.0,0.0,0.0
113_CT_4,THERMAL,2020-07-15 11:00:00,0.0,0.0,0.0,0.0,0.0,0.0,0.0
115_STEAM_1,THERMAL,2020-07-15 11:00:00,0.0,0.0,0.0,0.0,0.0,0.0,0.0
115_STEAM_2,THERMAL,2020-07-15 11:00:00,0.0,0.0,0.0,0.0,0.0,0.0,0.0
115_STEAM_3,THERMAL,2020-07-15 11:00:00,-0.1070608899456698,0.1070608899456698,0.053530445754517854,-0.02676220856922562,-0.026772965383792258,-0.02676417516945756,-0.026761540823194357
116_STEAM_1,THERMAL,2020-07-15 11:00:00,-0.1076284715474779,0.1076284715474779,0.05381423743351321,-0.026903202656008984,-0.026904470196593255,-0.026918607992460757,-0.026902190702414897
118_CC_1,THERMAL,2020-07-15 11:00:00,-0.1593034727440274,0.1593034727440274,0.07965173688239949,-0.03982192031962284,-0.039821521342420896,-0.03983250797175142,-0.03982752311023226
122_WIND_1,WIND,2020-07-15 11:00:00,1.0,1.0,1.0,1.0,0.0,0.0,0.0
123_CT_1,THERMAL,2020-07-15 11:00:00,0.0,0.0,0.0,0.0,0.0,0.0,0.0
123_CT_4,THERMAL,2020-07-15 11:00:00,0.0,0.0,0.0,0.0,0.0,0.0,0.0
123_CT_5,THERMAL,2020-07-15 11:00:00,0.0,0.0,0.0,0.0,0.0,0.0,0.0
123_STEAM_2,THERMAL,2020-07-15 11:00:00,-0.11042970502158546,0.11042970502158546,0.055214854080619415,-0.027608220900442515,-0.02761750198744256,-0.027599529246975115,-0.027604452886725268
123_STEAM_3,THERMAL,2020-07-15 11:00:00,-0.1660877033097813,0.1660877033097813,0.08304385186339716,-0.04151790042817427,-0.04152060913277955,-0.041525697751481516,-0.041523495997345936
201_CT_1,THERMAL,2020-07-15 11:00:00,0.0,0.0,0.0,0.0,0.0,0.0,0.0
201_CT_2,THERMAL,2020-07-15 11:00:00,0.0,0.0,0.0,0.0,0.0,0.0,0.0
201_STEAM_3,THERMAL,2020-07-15 11:00:00,-0.06885809867662254,0.06885809867662254,0.03442905164341863,-0.017214884524312996,-0.017224681334884723,-0.01720953037397084,-0.01720900244345398
202_CT_1,THERMAL,2020-07-15 11:00:00,0.0,0.0,0.0,0.0,0.0,0.0,0.0
202_CT_2,THERMAL,2020-07-15 11:00:00,0.0,0.0,0.0,0.0,0.0,0.0,0.0
202_STEAM_3,THERMAL,2020-07-15 11:00:00,-0.07075032994580062,0.07075032994580062,0.03537516500991882,-0.01768624573393568,-0.01768775469697703,-0.017687915328746806,-0.017688414186141106
202_STEAM_4,THERMAL,2020-07-15 11:00:00,-0.07076775085431931,0.07076775085431931,0.035383882730842,-0.017693890765538026,-0.01770852488746033,-0.017676921015179852,-0.017688414186141106
207_CT_1,THERMAL,2020-07-15 11:00:00,0.0,0.0,0.0,0.0,0.0,0.0,0.0
207_CT_2,THERMAL,2020-07-15 11:00:00,0.0,0.0,0.0,0.0,0.0,0.0,0.0
212_CSP_1,THERMAL,2020-07-15 11:00:00,-0.1614444187734782,0.1614444187734782,0.08072221037403264,-0.04035490505989414,-0.0403559026664253,-0.0403706066788074,-0.04036300436835136
213_CC_3,THERMAL,2020-07-15 11:00:00,-0.1775159435223646,0.1775159435223646,0.08875797910740431,-0.04438237261717559,-0.04440511528139224,-0.04435489360513488,-0.04437356201866189
213_CT_1,THERMAL,2020-07-15 11:00:00,0.0,0.0,0.0,0.0,0.0,0.0,0.0
213_CT_2,THERMAL,2020-07-15 11:00:00,0.0,0.0,0.0,0.0,0.0,0.0,0.0
215_CT_4,THERMAL,2020-07-15 11:00:00,0.0,0.0,0.0,0.0,0.0,0.0,0.0
215_CT_5,THERMAL,2020-07-15 11:00:00,0.0,0.0,0.0,0.0,0.0,0.0,0.0
216_STEAM_1,THERMAL,2020-07-15 11:00:00,-0.11304946012996926,0.11304946012996926,0.05652473013988857,-0.028259926671517777,-0.02826263769617532,-0.028263221189908982,-0.028263674572367187
218_CC_1,THERMAL,2020-07-15 11:00:00,-0.7526654730581913,0.7526654730581913,0.37633273701266623,-0.1881504542473142,-0.18816786906810923,-0.18817206024286026,-0.18817508949990755
221_CC_1,THERMAL,2020-07-15 11:00:00,-0.17910088218932302,0.17910088218932302,0.08955044454824253,-0.044780979659515885,-0.04478309204626085,-0.04475373358929513,-0.04478307689425114
223_CT_4,THERMAL,2020-07-15 11:00:00,0.0,0.0,0.0,0.0,0.0,0.0,0.0
223_CT_5,THERMAL,2020-07-15 11:00:00,0.0,0.0,0.0,0.0,0.0,0.0,0.0
223_CT_6,THERMAL,2020-07-15 11:00:00,0.0,0.0,0.0,0.0,0.0,0.0,0.0
223_STEAM_1,THERMAL,2020-07-15 11:00:00,-0.11424714582456746,0.11424714582456746,0.05712357369699604,-0.028557015416191045,-0.028564079546068433,-0.028568436528113108,-0.028557614334194875
223_STEAM_2,THERMAL,2020-07-15 11:00:00,-0.11422556196640546,0.11422556196640546,0.057112781069834806,-0.02855377819966215,-0.028556532519880773,-0.02855763691266766,-0.028557614334194875
223_STEAM_3,THERMAL,2020-07-15 11:00:00,-0.21076197295428503,0.21076197295428503,0.10538098675873982,-0.05268623497551428,-0.05269196364187634,-0.05268769377902981,-0.0526960805578646
301_CT_1,THERMAL,2020-07-15 11:00:00,0.0,0.0,0.0,0.0,0.0,0.0,0.0
301_CT_2,THERMAL,2020-07-15 11:00:00,0.0,0.0,0.0,0.0,0.0,0.0,0.0
301_CT_3,THERMAL,2020-07-15 11:00:00,0.0,0.0,0.0,0.0,0.0,0.0,0.0
301_CT_4,THERMAL,2020-07-15 11:00:00,0.0,0.0,0.0,0.0,0.0,0.0,0.0
302_CT_1,THERMAL,2020-07-15 11:00:00,0.0,0.0,0.0,0.0,0.0,0.0,0.0
302_CT_2,THERMAL,2020-07-15 11:00:00,0.0,0.0,0.0,0.0,0.0,0.0,0.0
302_CT_3,THERMAL,2020-07-15 11:00:00,0.0,0.0,0.0,0.0,0.0,0.0,0.0
302_CT_4,THERMAL,2020-07-15 11:00:00,0.0,0.0,0.0,0.0,0.0,0.0,0.0
303_WIND_1,WIND,2020-07-15 11:00:00,1.0,1.0,1.0,0.0,1.0,0.0,0.0
307_CT_1,THERMAL,2020-07-15 11:00:00,0.0,0.0,0.0,0.0,0.0,0.0,0.0
307_CT_2,THERMAL,2020-07-15 11:00:00,0.0,0.0,0.0,0.0,0.0,0.0,0.0
309_WIND_1,WIND,2020-07-15 11:00:00,1.0,1.0,1.0,0.0,0.0,1.0,0.0
313_CC_1,THERMAL,2020-07-15 11:00:00,-0.1864254010483667,0.1864254010483667,0.09321270071849513,-0.046602052470322675,-0.04660758720445202,-0.046610282687413296,-0.046605478686178696
315_CT_6,THERMAL,2020-07-15 11:00:00,-0.06722295691638702,0.06722295691638702,0.033611481702264676,-0.016814220322091802,-0.01680706349471986,-0.01679389677601583,-0.01680777632355953
315_CT_7,THERMAL,2020-07-15 11:00:00,-0.06721924319111769,0.06721924319111769,0.03360962419099099,-0.01681196801191876,-0.016806891010034505,-0.01679401774367529,-0.016806366425489126
315_CT_8,THERMAL,2020-07-15 11:00:00,0.0,0.0,0.0,0.0,0.0,0.0,0.0
315_STEAM_1,THERMAL,2020-07-15 11:00:00,0.0,0.0,0.0,0.0,0.0,0.0,0.0
315_STEAM_2,THERMAL,2020-07-15 11:00:00,0.0,0.0,0.0,0.0,0.0,0.0,0.0
315_STEAM_3,THERMAL,2020-07-15 11:00:00,0.0,0.0,0.0,0.0,0.0,0.0,0.0
315_STEAM_4,THERMAL,2020-07-15 11:00:00,0.0,0.0,0.0,0.0,0.0,0.0,0.0
315_STEAM_5,THERMAL,2020-07-15 11:00:00,0.0,0.0,0.0,0.0,0.0,0.0,0.0
316_STEAM_1,THERMAL,2020-07-15 11:00:00,-0.11422699561071183,0.11422699561071183,0.05711349872206093,-0.02855142775657027,-0.02856419355393819,-0.028558746594112203,-0.028552627706091165
317_WIND_1,WIND,2020-07-15 11:00:00,1.0,1.0,1.0,0.0,0.0,0.0,1.0
318_CC_1,THERMAL,2020-07-15 11:00:00,-0.2881415209652704,0.2881415209652704,0.144070972736832,-0.07195430032595701,-0.07194561500809393,-0.07224716244125329,-0.07199444318996619
321_CC_1,THERMAL,2020-07-15 11:00:00,-0.18079648591951172,0.18079648591951172,0.09039824314347936,-0.04519753666052809,-0.04519550777201414,-0.04520315839501424,-0.04520028309195525
322_CT_5,THERMAL,2020-07-15 11:00:00,0.0,0.0,0.0,0.0,0.0,0.0,0.0
322_CT_6,THERMAL,2020-07-15 11:00:00,0.0,0.0,0.0,0.0,0.0,0.0,0.0
323_CC_1,THERMAL,2020-07-15 11:00:00,0.009139047438891653,0.009139047438891653,0.0045711157987119045,0.0023236103615257853,0.002279142321421651,0.0023470769521024963,0.0021892178038417213
323_CC_2,THERMAL,2020-07-15 11:00:00,0.008936280023075545,0.008936280023075545,0.004469360642632889,0.0022624543200060465,0.0021792309512858044,0.002305376947941973,0.0021892178038417213
101_CT_1,THERMAL,2020-07-15 12:00:00,0.0,0.0,0.0,0.0,0.0,0.0,0.0
101_CT_2,THERMAL,2020-07-15 12:00:00,0.0,0.0,0.0,0.0,0.0,0.0,0.0
101_STEAM_3,THERMAL,2020-07-15 12:00:00,0.0834167126775063,0.12673116981939297,0.09036370607490438,-0.0026427599287367903,0.018796797143165234,0.0862771441052844,-0.019014468642206538
101_STEAM_4,THERMAL,2020-07-15 12:00:00,-0.10410280694228533,0.1319905678139211,0.09555070015551512,-0.002719951868730322,-0.023914453706911976,-0.09141228180246092,0.013943880435817891
102_CT_1,THERMAL,2020-07-15 12:00:00,0.0,0.0,0.0,0.0,0.0,0.0,0.0
102_CT_2,THERMAL,2020-07-15 12:00:00,0.0,0.0,0.0,0.0,0.0,0.0,0.0
102_STEAM_3,THERMAL,2020-07-15 12:00:00,-0.06479883211257757,0.06479883211257757,0.03239941824549818,-0.01619643590483114,-0.016194763732546733,-0.016209855715909362,-0.016197776759290343
102_STEAM_4,THERMAL,2020-07-15 12:00:00,-0.06508697527307966,0.06508697527307966,0.03254348768219817,-0.016270510976478886,-0.016272415164183762,-0.016271375135613386,-0.016272673996803624
107_CC_1,THERMAL,2020-07-15 12:00:00,-0.34045178954912153,0.34045178954912153,0.1702258961587696,-0.08509977299062929,-0.08512986950537482,-0.08511254166579352,-0.08510960538732386
113_CT_1,THERMAL,2020-07-15 12:00:00,0.0,0.0,0.0,0.0,0.0,0.0,0.0
113_CT_2,THERMAL,2020-07-15 12:00:00,0.0,0.0,0.0,0.0,0.0,0.0,0.0
113_CT_3,THERMAL,2020-07-15 12:00:00,0.0,0.0,0.0,0.0,0.0,0.0,0.0
113_CT_4,THERMAL,2020-07-15 12:00:00,0.0,0.0,0.0,0.0,0.0,0.0,0.0
115_STEAM_1,THERMAL,2020-07-15 12:00:00,0.0,0.0,0.0,0.0,0.0,0.0,0.0
115_STEAM_2,THERMAL,2020-07-15 12:00:00,0.0,0.0,0.0,0.0,0.0,0.0,0.0
115_STEAM_3,THERMAL,2020-07-15 12:00:00,-0.11252210075962692,0.11252210075962692,0.05626105189553814,-0.028132882782249652,-0.028136464934197414,-0.028119473955856476,-0.028133279087323364
116_STEAM_1,THERMAL,2020-07-15 12:00:00,-0.11906529555671883,0.11906529555671883,0.059532647876844196,-0.029763558437379378,-0.02976684348801495,-0.029766644791394015,-0.029768248839930476
118_CC_1,THERMAL,2020-07-15 12:00:00,-0.15861578323551564,0.15861578323551564,0.0793078917551292,-0.03964993319303422,-0.03965482178829093,-0.03965554239207338,-0.03965548586211711
122_WIND_1,WIND,2020-07-15 12:00:00,1.0,1.0,1.0,1.0,0.0,0.0,0.0
123_CT_1,THERMAL,2020-07-15 12:00:00,0.0,0.0,0.0,0.0,0.0,0.0,0.0
123_CT_4,THERMAL,2020-07-15 12:00:00,0.0,0.0,0.0,0.0,0.0,0.0,0.0
123_CT_5,THERMAL,2020-07-15 12:00:00,0.0,0.0,0.0,0.0,0.0,0.0,0.0
123_STEAM_2,THERMAL,2020-07-15 12:00:00,-0.12050927811161921,0.12050927811161921,0.060254641208490646,-0.030123158751181794,-0.030118364573126777,-0.030140037895148443,-0.030127716892162204
123_STEAM_3,THERMAL,2020-07-15 12:00:00,-0.1707639320740731,0.1707639320740731,0.08538196616948146,-0.04268686715735959,-0.04269228052942653,-0.042692288708660264,-0.04269249567862671
201_CT_1,THERMAL,2020-07-15 12:00:00,0.0,0.0,0.0,0.0,0.0,0.0,0.0
201_CT_2,THERMAL,2020-07-15 12:00:00,0.0,0.0,0.0,0.0,0.0,0.0,0.0
201_STEAM_3,THERMAL,2020-07-15 12:00:00,-0.06821918306203212,0.06821918306203212,0.03410959160086765,-0.01705356513656761,-0.01705611092641901,-0.01705388242266026,-0.017055624576385233
202_CT_1,THERMAL,2020-07-15 12:00:00,0.0,0.0,0.0,0.0,0.0,0.0,0.0
202_CT_2,THERMAL,2020-07-15 12:00:00,0.0,0.0,0.0,0.0,0.0,0.0,0.0
202_STEAM_3,THERMAL,2020-07-15 12:00:00,-0.07307980600997069,0.07307980600997069,0.03653990537273719,-0.018266209504316525,-0.018267453255232824,-0.018281236205116395,-0.018264907045304944
202_STEAM_4,THERMAL,2020-07-15 12:00:00,-0.07307980600998394,0.07307980600998394,0.036539905372743826,-0.018266209504316705,-0.018267453255233213,-0.01828123620512908,-0.018264907045304944
207_CT_1,THERMAL,2020-07-15 12:00:00,0.0,0.0,0.0,0.0,0.0,0.0,0.0
207_CT_2,THERMAL,2020-07-15 12:00:00,0.0,0.0,0.0,0.0,0.0,0.0,0.0
212_CSP_1,THERMAL,2020-07-15 12:00:00,-0.17257777084223402,0.17257777084223402,0.0862888855728547,-0.043141254720955924,-0.04314714591641455,-0.04314261164557376,-0.04314675855928978
213_CC_3,THERMAL,2020-07-15 12:00:00,-0.17612078437820458,0.17612078437820458,0.0880603924438164,-0.04402690700723744,-0.04403484857799622,-0.04402711988935604,-0.04403190890361488
213_CT_1,THERMAL,2020-07-15 12:00:00,0.0,0.0,0.0,0.0,0.0,0.0,0.0
213_CT_2,THERMAL,2020-07-15 12:00:00,0.0,0.0,0.0,0.0,0.0,0.0,0.0
215_CT_4,THERMAL,2020-07-15 12:00:00,0.0,0.0,0.0,0.0,0.0,0.0,0.0
215_CT_5,THERMAL,2020-07-15 12:00:00,0.0,0.0,0.0,0.0,0.0,0.0,0.0
216_STEAM_1,THERMAL,2020-07-15 12:00:00,-0.12624216360233603,0.12624216360233603,0.06312108217269664,-0.03155936883984495,-0.03156477656124568,-0.03155562566979464,-0.03156239253145075
218_CC_1,THERMAL,2020-07-15 12:00:00,-0.2172863352793321,0.2172863352793321,0.10864316825311036,-0.054314054871606066,-0.054318715061958844,-0.054324106660482215,-0.054329458685285006
221_CC_1,THERMAL,2020-07-15 12:00:00,-0.21412608824054324,0.21412608824054324,0.10706304575947519,-0.05352212662531741,-0.053526410106351285,-0.053546880007024455,-0.05353067150185009
223_CT_4,THERMAL,2020-07-15 12:00:00,0.0,0.0,0.0,0.0,0.0,0.0,0.0
223_CT_5,THERMAL,2020-07-15 12:00:00,0.0,0.0,0.0,0.0,0.0,0.0,0.0
223_CT_6,THERMAL,2020-07-15 12:00:00,0.0,0.0,0.0,0.0,0.0,0.0,0.0
223_STEAM_1,THERMAL,2020-07-15 12:00:00,-0.11620010373396478,0.11620010373396478,0.058100052107687684,-0.02904601401367099,-0.029049841221593042,-0.029053356017018073,-0.029050892481682668
223_STEAM_2,THERMAL,2020-07-15 12:00:00,-0.11619887456057695,0.11619887456057695,0.05809943740998258,-0.02904678934310634,-0.029049260177145708,-0.029051932558642246,-0.029050892481682668
223_STEAM_3,THERMAL,2020-07-15 12:00:00,-0.23168463955899798,0.23168463955899798,0.11584232104618494,-0.0579125465203989,-0.05791402141806379,-0.057933740250860274,-0.05792433136967501
301_CT_1,THERMAL,2020-07-15 12:00:00,0.0,0.0,0.0,0.0,0.0,0.0,0.0
301_CT_2,THERMAL,2020-07-15 12:00:00,0.0,0.0,0.0,0.0,0.0,0.0,0.0
301_CT_3,THERMAL,2020-07-15 12:00:00,0.0,0.0,0.0,0.0,0.0,0.0,0.0
301_CT_4,THERMAL,2020-07-15 12:00:00,0.0,0.0,0.0,0.0,0.0,0.0,0.0
302_CT_1,THERMAL,2020-07-15 12:00:00,0.0,0.0,0.0,0.0,0.0,0.0,0.0
302_CT_2,THERMAL,2020-07-15 12:00:00,0.0,0.0,0.0,0.0,0.0,0.0,0.0
302_CT_3,THERMAL,2020-07-15 12:00:00,0.0,0.0,0.0,0.0,0.0,0.0,0.0
302_CT_4,THERMAL,2020-07-15 12:00:00,0.0,0.0,0.0,0.0,0.0,0.0,0.0
303_WIND_1,WIND,2020-07-15 12:00:00,1.0,1.0,1.0,0.0,1.0,0.0,0.0
307_CT_1,THERMAL,2020-07-15 12:00:00,0.0,0.0,0.0,0.0,0.0,0.0,0.0
307_CT_2,THERMAL,2020-07-15 12:00:00,0.0,0.0,0.0,0.0,0.0,0.0,0.0
309_WIND_1,WIND,2020-07-15 12:00:00,1.0,1.0,1.0,0.0,0.0,1.0,0.0
313_CC_1,THERMAL,2020-07-15 12:00:00,-0.1733772473357738,0.1733772473357738,0.08668862393337948,-0.04333930771611916,-0.043343527445927954,-0.043348551544224456,-0.043345860629502256
315_CT_6,THERMAL,2020-07-15 12:00:00,-0.05661688596492699,0.05661688596492699,0.028308455272977855,-0.014157870999332037,-0.014169748568164796,-0.014133284827315871,-0.014155981570114285
315_CT_7,THERMAL,2020-07-15 12:00:00,-0.05660454035034509,0.05660454035034509,0.02830228244218198,-0.014154779117266186,-0.014166646601210007,-0.014130221197674288,-0.014152893434194604
315_CT_8,THERMAL,2020-07-15 12:00:00,-0.056426524948585854,0.056426524948585854,0.028213273965526007,-0.014110089860598755,-0.01412166550237232,-0.014086443453561148,-0.014108326132053638
315_STEAM_1,THERMAL,2020-07-15 12:00:00,0.0,0.0,0.0,0.0,0.0,0.0,0.0
315_STEAM_2,THERMAL,2020-07-15 12:00:00,0.0,0.0,0.0,0.0,0.0,0.0,0.0
315_STEAM_3,THERMAL,2020-07-15 12:00:00,0.0,0.0,0.0,0.0,0.0,0.0,0.0
315_STEAM_4,THERMAL,2020-07-15 12:00:00,0.0,0.0,0.0,0.0,0.0,0.0,0.0
315_STEAM_5,THERMAL,2020-07-15 12:00:00,0.0,0.0,0.0,0.0,0.0,0.0,0.0
316_STEAM_1,THERMAL,2020-07-15 12:00:00,-0.12405192547415844,0.12405192547415844,0.0620259636403737,-0.031014828457098825,-0.031017975097936468,-0.031004069695770443,-0.031015052223352706
317_WIND_1,WIND,2020-07-15 12:00:00,1.0,1.0,1.0,0.0,0.0,0.0,1.0
318_CC_1,THERMAL,2020-07-15 12:00:00,-0.20802077002630542,0.20802077002630542,0.10401038920849788,-0.0519877546880223,-0.052009775841732164,-0.052026867954734435,-0.05199637154181652
321_CC_1,THERMAL,2020-07-15 12:00:00,-0.17633711771314559,0.17633711771314559,0.08816856057064149,-0.04407967295013587,-0.04407254256700366,-0.04409465654692566,-0.0440902456490804
322_CT_5,THERMAL,2020-07-15 12:00:00,-0.053591546256408176,0.053591546256408176,0.02679577318094378,-0.013396983546376237,-0.013398858191550234,-0.013397122688457497,-0.013398581830024209
322_CT_6,THERMAL,2020-07-15 12:00:00,-0.053593107939908194,0.053593107939908194,0.026796554022699665,-0.01339737397740097,-0.01339924868369019,-0.013397512975566794,-0.013398972303250241
323_CC_1,THERMAL,2020-07-15 12:00:00,-0.14201907348545864,0.14201907348545864,0.07100956608816104,-0.03546486975019142,-0.03552087429034412,-0.0354847800478704,-0.035548549397052716
323_CC_2,THERMAL,2020-07-15 12:00:00,-0.14204562226161105,0.14204562226161105,0.07102285028349284,-0.03545559076901783,-0.03549961983594052,-0.03554186225959999,-0.035548549397052716
101_CT_1,THERMAL,2020-07-15 13:00:00,0.0,0.0,0.0,0.0,0.0,0.0,0.0
101_CT_2,THERMAL,2020-07-15 13:00:00,0.0,0.0,0.0,0.0,0.0,0.0,0.0
101_STEAM_3,THERMAL,2020-07-15 13:00:00,0.04430870059143251,0.04430870059143251,0.026184301608777674,0.0057445372275433115,0.02256949449215806,0.0052295605116540154,0.010765108360077113
101_STEAM_4,THERMAL,2020-07-15 13:00:00,-0.06467669389302813,0.06467669389302813,0.03518707842625185,-0.011028602865786219,-0.02761947434519535,-0.010282953301065129,-0.01574566338098144
102_CT_1,THERMAL,2020-07-15 13:00:00,0.0,0.0,0.0,0.0,0.0,0.0,0.0
102_CT_2,THERMAL,2020-07-15 13:00:00,0.0,0.0,0.0,0.0,0.0,0.0,0.0
102_STEAM_3,THERMAL,2020-07-15 13:00:00,-0.06577996591192398,0.06577996591192398,0.03288998317411991,-0.016444178166918372,-0.016447127453052213,-0.01644229891039739,-0.016446361381556005
102_STEAM_4,THERMAL,2020-07-15 13:00:00,-0.0658940852779922,0.0658940852779922,0.03294704277911058,-0.016472648522778688,-0.0164750640278849,-0.0164714736755891,-0.01647489905173952
107_CC_1,THERMAL,2020-07-15 13:00:00,-0.3601705739361849,0.3601705739361849,0.18008529051592045,-0.09004484509915045,-0.09006000666042002,-0.09001311133223133,-0.09005261084438308
113_CT_1,THERMAL,2020-07-15 13:00:00,0.0,0.0,0.0,0.0,0.0,0.0,0.0
113_CT_2,THERMAL,2020-07-15 13:00:00,0.0,0.0,0.0,0.0,0.0,0.0,0.0
113_CT_3,THERMAL,2020-07-15 13:00:00,0.0,0.0,0.0,0.0,0.0,0.0,0.0
113_CT_4,THERMAL,2020-07-15 13:00:00,0.0,0.0,0.0,0.0,0.0,0.0,0.0
115_STEAM_1,THERMAL,2020-07-15 13:00:00,0.0,0.0,0.0,0.0,0.0,0.0,0.0
115_STEAM_2,THERMAL,2020-07-15 13:00:00,0.0,0.0,0.0,0.0,0.0,0.0,0.0
115_STEAM_3,THERMAL,2020-07-15 13:00:00,-0.11449399236240004,0.11449399236240004,0.05724699774885696,-0.028618992972369563,-0.028615285154051873,-0.028632187829102186,-0.02862752640687642
116_STEAM_1,THERMAL,2020-07-15 13:00:00,-0.10961028560031737,0.10961028560031737,0.05480514288299007,-0.02740052994730996,-0.02740194470088797,-0.027403212881949468,-0.027404598070169966
118_CC_1,THERMAL,2020-07-15 13:00:00,-0.17392372383766988,0.17392372383766988,0.08696186208360407,-0.043476772310057865,-0.04348420724852531,-0.04348171822149016,-0.04348102605759655
122_WIND_1,WIND,2020-07-15 13:00:00,1.0,1.0,1.0,1.0,0.0,0.0,0.0
123_CT_1,THERMAL,2020-07-15 13:00:00,-1.0422218643668657e-14,1.0422218643668657e-14,6.557216189668439e-15,-1.6479873021779667e-15,-3.4416913763379853e-15,-5.332539965152705e-15,0.0
123_CT_4,THERMAL,2020-07-15 13:00:00,-0.056176968857660006,0.056176968857660006,0.028088486071075187,-0.0140440860505207,-0.014040183800665629,-0.014040566773875215,-0.014052132232598461
123_CT_5,THERMAL,2020-07-15 13:00:00,0.0,0.0,0.0,0.0,0.0,0.0,0.0
123_STEAM_2,THERMAL,2020-07-15 13:00:00,-0.12013098867710958,0.12013098867710958,0.060065495678853255,-0.03003287022012302,-0.030039203365606504,-0.0300224693226947,-0.030036445768685364
123_STEAM_3,THERMAL,2020-07-15 13:00:00,-0.1542112987255233,0.1542112987255233,0.07710565034285635,-0.03854695162232136,-0.03854953452024401,-0.038563056131914124,-0.03855175645104379
201_CT_1,THERMAL,2020-07-15 13:00:00,0.0,0.0,0.0,0.0,0.0,0.0,0.0
201_CT_2,THERMAL,2020-07-15 13:00:00,0.0,0.0,0.0,0.0,0.0,0.0,0.0
201_STEAM_3,THERMAL,2020-07-15 13:00:00,-0.07118466466031657,0.07118466466031657,0.03559233260241757,-0.017795465661558374,-0.01779849342696227,-0.01779288796731482,-0.017797817604481108
202_CT_1,THERMAL,2020-07-15 13:00:00,0.0,0.0,0.0,0.0,0.0,0.0,0.0
202_CT_2,THERMAL,2020-07-15 13:00:00,0.0,0.0,0.0,0.0,0.0,0.0,0.0
202_STEAM_3,THERMAL,2020-07-15 13:00:00,-0.07577455384989266,0.07577455384989266,0.03788727722327097,-0.018943331569582833,-0.018945159749245155,-0.01893991200733347,-0.018946150523731206
202_STEAM_4,THERMAL,2020-07-15 13:00:00,-0.07577455384989266,0.07577455384989266,0.03788727722327097,-0.018943331569582833,-0.018945159749245155,-0.01893991200733347,-0.018946150523731206
207_CT_1,THERMAL,2020-07-15 13:00:00,0.0,0.0,0.0,0.0,0.0,0.0,0.0
207_CT_2,THERMAL,2020-07-15 13:00:00,0.0,0.0,0.0,0.0,0.0,0.0,0.0
212_CSP_1,THERMAL,2020-07-15 13:00:00,-0.22818903422660805,0.22818903422660805,0.11409451819887505,-0.05704047288028624,-0.05703880229921876,-0.05705752559967205,-0.05705223344743099
213_CC_3,THERMAL,2020-07-15 13:00:00,-0.17331923286489756,0.17331923286489756,0.08665961664458892,-0.043324930253750615,-0.04332992354076737,-0.04333308919864454,-0.04333128987173505
213_CT_1,THERMAL,2020-07-15 13:00:00,0.05339619577614498,0.05339619577614498,0.026698829812927177,0.013468738683381887,0.013255307098752778,0.013247664803352377,0.013424485190657939
213_CT_2,THERMAL,2020-07-15 13:00:00,0.0,0.0,0.0,0.0,0.0,0.0,0.0
215_CT_4,THERMAL,2020-07-15 13:00:00,0.0,0.0,0.0,0.0,0.0,0.0,0.0
215_CT_5,THERMAL,2020-07-15 13:00:00,0.0,0.0,0.0,0.0,0.0,0.0,0.0
216_STEAM_1,THERMAL,2020-07-15 13:00:00,-0.11119186841319681,0.11119186841319681,0.05559593605656461,-0.027796871104584175,-0.02778842544031157,-0.02779795317064074,-0.02780861869766033
218_CC_1,THERMAL,2020-07-15 13:00:00,-0.19903951699967223,0.19903951699967223,0.09951976369447486,-0.049747377683219796,-0.04974284511167437,-0.049783345045910934,-0.049765949158867145
221_CC_1,THERMAL,2020-07-15 13:00:00,-0.1567090961117245,0.1567090961117245,0.0783545481784398,-0.03917368011468769,-0.03917781768418971,-0.03917797903220421,-0.0391796192806429
223_CT_4,THERMAL,2020-07-15 13:00:00,0.0,0.0,0.0,0.0,0.0,0.0,0.0
223_CT_5,THERMAL,2020-07-15 13:00:00,0.0,0.0,0.0,0.0,0.0,0.0,0.0
223_CT_6,THERMAL,2020-07-15 13:00:00,0.0,0.0,0.0,0.0,0.0,0.0,0.0
223_STEAM_1,THERMAL,2020-07-15 13:00:00,-0.11039104362344461,0.11039104362344461,0.05519552659982973,-0.027591719253443336,-0.027584556071526323,-0.02761552298696351,-0.027599245311511433
223_STEAM_2,THERMAL,2020-07-15 13:00:00,-0.11405066026679331,0.11405066026679331,0.05702533031877603,-0.028511169189088692,-0.02851446529155721,-0.028509718446163568,-0.028515307339983843
223_STEAM_3,THERMAL,2020-07-15 13:00:00,-0.2236163732590815,0.2236163732590815,0.11180818770530164,-0.05589638913278672,-0.05589714492873332,-0.0559149955173357,-0.05590784368022576
301_CT_1,THERMAL,2020-07-15 13:00:00,0.0,0.0,0.0,0.0,0.0,0.0,0.0
301_CT_2,THERMAL,2020-07-15 13:00:00,0.0,0.0,0.0,0.0,0.0,0.0,0.0
301_CT_3,THERMAL,2020-07-15 13:00:00,0.0,0.0,0.0,0.0,0.0,0.0,0.0
301_CT_4,THERMAL,2020-07-15 13:00:00,0.0,0.0,0.0,0.0,0.0,0.0,0.0
302_CT_1,THERMAL,2020-07-15 13:00:00,0.0,0.0,0.0,0.0,0.0,0.0,0.0
302_CT_2,THERMAL,2020-07-15 13:00:00,0.0,0.0,0.0,0.0,0.0,0.0,0.0
302_CT_3,THERMAL,2020-07-15 13:00:00,0.0,0.0,0.0,0.0,0.0,0.0,0.0
302_CT_4,THERMAL,2020-07-15 13:00:00,0.0,0.0,0.0,0.0,0.0,0.0,0.0
303_WIND_1,WIND,2020-07-15 13:00:00,1.0,1.0,1.0,0.0,1.0,0.0,0.0
307_CT_1,THERMAL,2020-07-15 13:00:00,0.0,0.0,0.0,0.0,0.0,0.0,0.0
307_CT_2,THERMAL,2020-07-15 13:00:00,0.0,0.0,0.0,0.0,0.0,0.0,0.0
309_WIND_1,WIND,2020-07-15 13:00:00,1.0,1.0,1.0,0.0,0.0,1.0,0.0
313_CC_1,THERMAL,2020-07-15 13:00:00,-0.19860525699539372,0.19860525699539372,0.09930263204657389,-0.04965186990967041,-0.049664927167110795,-0.049629758763302195,-0.04965870115531031
315_CT_6,THERMAL,2020-07-15 13:00:00,-0.05713162545308668,0.05713162545308668,0.028566394263551457,-0.014312427043206578,-0.014362727997298468,-0.014128226061443117,-0.014328244351138518
315_CT_7,THERMAL,2020-07-15 13:00:00,-0.057530630697113054,0.057530630697113054,0.0287669346331477,-0.014440944312144417,-0.014576720393345155,-0.01415582685880726,-0.01435713913281622
315_CT_8,THERMAL,2020-07-15 13:00:00,-0.057106545760868266,0.057106545760868266,0.028555191410678245,-0.01432851559129095,-0.014425768923125398,-0.013996645897323527,-0.014355615349128398
315_STEAM_1,THERMAL,2020-07-15 13:00:00,0.0,0.0,0.0,0.0,0.0,0.0,0.0
315_STEAM_2,THERMAL,2020-07-15 13:00:00,0.0,0.0,0.0,0.0,0.0,0.0,0.0
315_STEAM_3,THERMAL,2020-07-15 13:00:00,0.0,0.0,0.0,0.0,0.0,0.0,0.0
315_STEAM_4,THERMAL,2020-07-15 13:00:00,0.0,0.0,0.0,0.0,0.0,0.0,0.0
315_STEAM_5,THERMAL,2020-07-15 13:00:00,0.0,0.0,0.0,0.0,0.0,0.0,0.0
316_STEAM_1,THERMAL,2020-07-15 13:00:00,-0.12396749523853569,0.12396749523853569,0.06198374909594448,-0.030992134396349014,-0.0309987507237394,-0.030980881175682706,-0.03099572894276457
317_WIND_1,WIND,2020-07-15 13:00:00,1.0,1.0,1.0,0.0,0.0,0.0,1.0
318_CC_1,THERMAL,2020-07-15 13:00:00,-0.18554982263682676,0.18554982263682676,0.09277491597374336,-0.0463866125951482,-0.04640937807705514,-0.04636796268860355,-0.04638586927601986
321_CC_1,THERMAL,2020-07-15 13:00:00,-0.2019313510562911,0.2019313510562911,0.10096567666649171,-0.05047548473338048,-0.05047626370343172,-0.050494020344459045,-0.05048558227501985
322_CT_5,THERMAL,2020-07-15 13:00:00,-0.05613729688247289,0.05613729688247289,0.028068648578150588,-0.01403369068824352,-0.014035605965432185,-0.014032352135737503,-0.014035648093059681
322_CT_6,THERMAL,2020-07-15 13:00:00,-0.05614094051815085,0.05614094051815085,0.02807047039598553,-0.014034601564652915,-0.014036516906135166,-0.01403326302227792,-0.01403655902508485
323_CC_1,THERMAL,2020-07-15 13:00:00,-0.1394445029062812,0.1394445029062812,0.06972228364037966,-0.03485899701614059,-0.03482080186751135,-0.03485107359030959,-0.03491363043231965
323_CC_2,THERMAL,2020-07-15 13:00:00,-0.1398502530113086,0.1398502530113086,0.06992949473686225,-0.03482278186923506,-0.03452251529335945,-0.035591325416394426,-0.03491363043231965
101_CT_1,THERMAL,2020-07-15 14:00:00,0.0,0.0,0.0,0.0,0.0,0.0,0.0
101_CT_2,THERMAL,2020-07-15 14:00:00,-7.888553498096986e-14,4.606759160929524e-13,2.8259546663973355e-13,-7.560965742392511e-14,-1.9417106811303597e-13,1.9089519055599123e-13,0.0
101_STEAM_3,THERMAL,2020-07-15 14:00:00,0.10282463891425873,0.15156249344969802,0.09924273521294229,0.0014403412372853835,0.03693182010960383,0.08882140483508917,-0.024368927267719647
101_STEAM_4,THERMAL,2020-07-15 14:00:00,-0.12504903641475762,0.16287662744254233,0.10540549545920422,-0.007187491742977448,-0.042434058270486824,-0.0943412819151857,0.01891379551389236
102_CT_1,THERMAL,2020-07-15 14:00:00,0.0,0.0,0.0,0.0,0.0,0.0,0.0
102_CT_2,THERMAL,2020-07-15 14:00:00,0.0,0.0,0.0,0.0,0.0,0.0,0.0
102_STEAM_3,THERMAL,2020-07-15 14:00:00,-0.06613488309583065,0.06613488309583065,0.033067441592322735,-0.016532297781785207,-0.016534181991651964,-0.016533857607924585,-0.0165345457144689
102_STEAM_4,THERMAL,2020-07-15 14:00:00,-0.06278457651354291,0.06278457651354291,0.031392288297857576,-0.015694794377420454,-0.015696530956508137,-0.015696356795022348,-0.015696894384591965
107_CC_1,THERMAL,2020-07-15 14:00:00,-0.2879239261088112,0.2879239261088112,0.14396196467631042,-0.07197747865996312,-0.07197877305420108,-0.07196911428879221,-0.07199856010585477
113_CT_1,THERMAL,2020-07-15 14:00:00,-0.05319023429924594,0.05319023429924594,0.02659513264789568,-0.013290361362342518,-0.013298970250975595,-0.013319865617154925,-0.013281037068772905
113_CT_2,THERMAL,2020-07-15 14:00:00,0.0,0.0,0.0,0.0,0.0,0.0,0.0
113_CT_3,THERMAL,2020-07-15 14:00:00,0.0,0.0,0.0,0.0,0.0,0.0,0.0
113_CT_4,THERMAL,2020-07-15 14:00:00,0.0,0.0,0.0,0.0,0.0,0.0,0.0
115_STEAM_1,THERMAL,2020-07-15 14:00:00,0.0,0.0,0.0,0.0,0.0,0.0,0.0
115_STEAM_2,THERMAL,2020-07-15 14:00:00,0.0,0.0,0.0,0.0,0.0,0.0,0.0
115_STEAM_3,THERMAL,2020-07-15 14:00:00,-0.13132281387111946,0.13132281387111946,0.06566141195776565,-0.03283104117652356,-0.03282821312343522,-0.03281373958802751,-0.032849819983133174
116_STEAM_1,THERMAL,2020-07-15 14:00:00,-0.11716169988762072,0.11716169988762072,0.05858085002585353,-0.029287753992261106,-0.029291060672732128,-0.029291480621118193,-0.02929140460150929
118_CC_1,THERMAL,2020-07-15 14:00:00,-0.17062516181301757,0.17062516181301757,0.0853125810304357,-0.04265234565631004,-0.042657155836771654,-0.04265804619673652,-0.04265761412319935
122_WIND_1,WIND,2020-07-15 14:00:00,1.0,1.0,1.0,1.0,0.0,0.0,0.0
123_CT_1,THERMAL,2020-07-15 14:00:00,1.203308286346072e-12,1.203308286346072e-12,9.445255683609386e-13,1.180791575627893e-13,1.622695033898225e-13,9.229596253934602e-13,0.0
123_CT_4,THERMAL,2020-07-15 14:00:00,-0.05122537299348287,0.05122537299348287,0.02561268810278439,-0.012803163657663394,-0.012805651699523954,-0.012813944030170485,-0.012802613606125035
123_CT_5,THERMAL,2020-07-15 14:00:00,-0.051231767269381195,0.051231767269381195,0.025615885238035832,-0.01280476560083413,-0.012807250069261502,-0.012815536840653764,-0.0128042147586318
123_STEAM_2,THERMAL,2020-07-15 14:00:00,-0.11105284965316678,0.11105284965316678,0.055526424901229304,-0.0277607461035414,-0.027763743109638472,-0.027764018945102054,-0.02776434149488486
123_STEAM_3,THERMAL,2020-07-15 14:00:00,-0.16216245609261287,0.16216245609261287,0.08108123190477001,-0.040540848003054686,-0.04053754872358162,-0.04052453341264469,-0.040559525953331885
201_CT_1,THERMAL,2020-07-15 14:00:00,0.0,0.0,0.0,0.0,0.0,0.0,0.0
201_CT_2,THERMAL,2020-07-15 14:00:00,0.0,0.0,0.0,0.0,0.0,0.0,0.0
201_STEAM_3,THERMAL,2020-07-15 14:00:00,-0.0776085747525781,0.0776085747525781,0.038804291454343824,-0.019402239387817127,-0.01941638325856182,-0.019397317796795235,-0.019392634309403915
202_CT_1,THERMAL,2020-07-15 14:00:00,0.0,0.0,0.0,0.0,0.0,0.0,0.0
202_CT_2,THERMAL,2020-07-15 14:00:00,0.0,0.0,0.0,0.0,0.0,0.0,0.0
202_STEAM_3,THERMAL,2020-07-15 14:00:00,-0.06664653511908186,0.06664653511908186,0.033323283703738465,-0.016667412532752307,-0.016674533628578292,-0.016633563356097093,-0.016671025601654163
202_STEAM_4,THERMAL,2020-07-15 14:00:00,-0.0667347327703064,0.0667347327703064,0.033367374637370724,-0.01667972676528859,-0.016681108361913916,-0.01670287204144974,-0.016671025601654163
207_CT_1,THERMAL,2020-07-15 14:00:00,0.0,0.0,0.0,0.0,0.0,0.0,0.0
207_CT_2,THERMAL,2020-07-15 14:00:00,0.0,0.0,0.0,0.0,0.0,0.0,0.0
212_CSP_1,THERMAL,2020-07-15 14:00:00,-0.18759169767876377,0.18759169767876377,0.09379584895333865,-0.04689412707310514,-0.04690031972942377,-0.04689828109857734,-0.0468989697776575
213_CC_3,THERMAL,2020-07-15 14:00:00,-0.1739968974798879,0.1739968974798879,0.08699845751848172,-0.043492068115479066,-0.0435221303404042,-0.043511690556437624,-0.043471008467567004
213_CT_1,THERMAL,2020-07-15 14:00:00,-0.05648574756346148,0.05648574756346148,0.028243528468139094,-0.01404889450128681,-0.014166147743921526,-0.014014249141567459,-0.014256456176685686
213_CT_2,THERMAL,2020-07-15 14:00:00,0.0,0.0,0.0,0.0,0.0,0.0,0.0
215_CT_4,THERMAL,2020-07-15 14:00:00,0.0,0.0,0.0,0.0,0.0,0.0,0.0
215_CT_5,THERMAL,2020-07-15 14:00:00,0.0,0.0,0.0,0.0,0.0,0.0,0.0
216_STEAM_1,THERMAL,2020-07-15 14:00:00,-0.11081254506776395,0.11081254506776395,0.05540627260641962,-0.027700710135789175,-0.027703776817148085,-0.027703757473413804,-0.027704300641412875
218_CC_1,THERMAL,2020-07-15 14:00:00,-0.16293643081519898,0.16293643081519898,0.08146821551637591,-0.04073048639580967,-0.04073499700224148,-0.04073526516685311,-0.04073568225029473
221_CC_1,THERMAL,2020-07-15 14:00:00,-0.18803543839244485,0.18803543839244485,0.0940177193355166,-0.047004479357037776,-0.047009827772484636,-0.047010917246580686,-0.04701021401634177
223_CT_4,THERMAL,2020-07-15 14:00:00,0.0,0.0,0.0,0.0,0.0,0.0,0.0
223_CT_5,THERMAL,2020-07-15 14:00:00,0.0,0.0,0.0,0.0,0.0,0.0,0.0
223_CT_6,THERMAL,2020-07-15 14:00:00,0.0,0.0,0.0,0.0,0.0,0.0,0.0
223_STEAM_1,THERMAL,2020-07-15 14:00:00,-0.11141057225586057,0.11141057225586057,0.055705286215141904,-0.02785178825073284,-0.027852946331345163,-0.027850828200712354,-0.0278550094730702
223_STEAM_2,THERMAL,2020-07-15 14:00:00,-0.1114153443102398,0.1114153443102398,0.055707672227886,-0.027851400262237397,-0.02785448061402862,-0.02785445396090358,-0.0278550094730702
223_STEAM_3,THERMAL,2020-07-15 14:00:00,-0.1804342893118005,0.1804342893118005,0.09021714477514936,-0.045104586715799866,-0.045109551587370456,-0.04510979846900298,-0.04511035253962721
301_CT_1,THERMAL,2020-07-15 14:00:00,0.0,0.0,0.0,0.0,0.0,0.0,0.0
301_CT_2,THERMAL,2020-07-15 14:00:00,0.0,0.0,0.0,0.0,0.0,0.0,0.0
301_CT_3,THERMAL,2020-07-15 14:00:00,0.0,0.0,0.0,0.0,0.0,0.0,0.0
301_CT_4,THERMAL,2020-07-15 14:00:00,8.411124942594252e-13,8.411124942594252e-13,7.840054760415081e-13,4.959921362512887e-14,9.131584377541913e-15,7.823816962567544e-13,0.0
302_CT_1,THERMAL,2020-07-15 14:00:00,0.0,0.0,0.0,0.0,0.0,0.0,0.0
302_CT_2,THERMAL,2020-07-15 14:00:00,0.0,0.0,0.0,0.0,0.0,0.0,0.0
302_CT_3,THERMAL,2020-07-15 14:00:00,0.0,0.0,0.0,0.0,0.0,0.0,0.0
302_CT_4,THERMAL,2020-07-15 14:00:00,0.0,0.0,0.0,0.0,0.0,0.0,0.0
303_WIND_1,WIND,2020-07-15 14:00:00,1.0,1.0,1.0,0.0,1.0,0.0,0.0
307_CT_1,THERMAL,2020-07-15 14:00:00,0.0,0.0,0.0,0.0,0.0,0.0,0.0
307_CT_2,THERMAL,2020-07-15 14:00:00,0.0,0.0,0.0,0.0,0.0,0.0,0.0
309_WIND_1,WIND,2020-07-15 14:00:00,1.0,1.0,1.0,0.0,0.0,1.0,0.0
313_CC_1,THERMAL,2020-07-15 14:00:00,-0.15500555338966854,0.15500555338966854,0.07750277679693923,-0.03874797210904668,-0.0387522586419613,-0.038752380407737874,-0.038752942230922696
315_CT_6,THERMAL,2020-07-15 14:00:00,-0.05308118584488399,0.05308118584488399,0.02654059300644209,-0.013268784958876092,-0.013270451464612407,-0.01327175896653273,-0.013270190454862765
315_CT_7,THERMAL,2020-07-15 14:00:00,-0.055722787403513344,0.055722787403513344,0.02786139684805647,-0.013931367340456108,-0.013936923020013856,-0.013919754393302307,-0.01393474264974107
315_CT_8,THERMAL,2020-07-15 14:00:00,-0.05575343548613543,0.05575343548613543,0.027876724044641848,-0.013930997731913499,-0.013933192602054681,-0.013954420273272665,-0.013934824878894582
315_STEAM_1,THERMAL,2020-07-15 14:00:00,0.0,0.0,0.0,0.0,0.0,0.0,0.0
315_STEAM_2,THERMAL,2020-07-15 14:00:00,0.0,0.0,0.0,0.0,0.0,0.0,0.0
315_STEAM_3,THERMAL,2020-07-15 14:00:00,0.0,0.0,0.0,0.0,0.0,0.0,0.0
315_STEAM_4,THERMAL,2020-07-15 14:00:00,0.0,0.0,0.0,0.0,0.0,0.0,0.0
315_STEAM_5,THERMAL,2020-07-15 14:00:00,0.0,0.0,0.0,0.0,0.0,0.0,0.0
316_STEAM_1,THERMAL,2020-07-15 14:00:00,-0.12089728003196097,0.12089728003196097,0.06044864112379783,-0.03022230175515911,-0.03021668800230598,-0.03023268402866898,-0.030225606245826906
317_WIND_1,WIND,2020-07-15 14:00:00,1.0,1.0,1.0,0.0,0.0,0.0,1.0
318_CC_1,THERMAL,2020-07-15 14:00:00,-0.17806786453042342,0.17806786453042342,0.08903393232367703,-0.04451457259824896,-0.04451911152753532,-0.04451724557507334,-0.04451693482956582
321_CC_1,THERMAL,2020-07-15 14:00:00,-0.16824476233115213,0.16824476233115213,0.08412238128298645,-0.04205736165802726,-0.04206209619003931,-0.04206265298655332,-0.04206265149653224
322_CT_5,THERMAL,2020-07-15 14:00:00,-0.05255724620205872,0.05255724620205872,0.026278623134189674,-0.01313820323195844,-0.013139625731973192,-0.01313948455662961,-0.013139932681497478
322_CT_6,THERMAL,2020-07-15 14:00:00,-0.052558686286151145,0.052558686286151145,0.026279343176237042,-0.013138563218930088,-0.013139985753779032,-0.013139844587470972,-0.013140292725971054
323_CC_1,THERMAL,2020-07-15 14:00:00,-0.15802569190040297,0.15802569190040297,0.07901285554543339,-0.03949446546805602,-0.039502681787388916,-0.03953913283619093,-0.039489411808767104
323_CC_2,THERMAL,2020-07-15 14:00:00,-0.16893656197242518,0.16893656197242518,0.08446834956474372,-0.04220474355656678,-0.042199464439465595,-0.04232727585631177,-0.04220507812008103
101_CT_1,THERMAL,2020-07-15 15:00:00,0.0,0.0,0.0,0.0,0.0,0.0,0.0
101_CT_2,THERMAL,2020-07-15 15:00:00,0.0,0.0,0.0,0.0,0.0,0.0,0.0
101_STEAM_3,THERMAL,2020-07-15 15:00:00,0.08404118291890922,0.11798931071933502,0.09609224462597303,0.006011925011473074,-0.004753022189655426,0.09500332180764905,-0.01222104171055748
101_STEAM_4,THERMAL,2020-07-15 15:00:00,-0.10113502571047622,0.11829770521315394,0.10011669610606748,-0.010476561362051676,0.0005332713408811446,-0.0992398040997634,0.008048068410457718
102_CT_1,THERMAL,2020-07-15 15:00:00,0.0,0.0,0.0,0.0,0.0,0.0,0.0
102_CT_2,THERMAL,2020-07-15 15:00:00,0.0,0.0,0.0,0.0,0.0,0.0,0.0
102_STEAM_3,THERMAL,2020-07-15 15:00:00,-0.049181325591253516,0.049181325591253516,0.02459066295283767,-0.012292976655654209,-0.01229599562735137,-0.012295778588183204,-0.012296574720064736
102_STEAM_4,THERMAL,2020-07-15 15:00:00,-0.047257681441051524,0.047257681441051524,0.02362884087158857,-0.011812157652614064,-0.01181505843432562,-0.011814850462091409,-0.011815614892020435
107_CC_1,THERMAL,2020-07-15 15:00:00,-0.3076110332253083,0.3076110332253083,0.15380551759665123,-0.07688802397643452,-0.07690691175391273,-0.0769055628650066,-0.07691053462995445
113_CT_1,THERMAL,2020-07-15 15:00:00,-0.039674047920624955,0.039674047920624955,0.019837024087270876,-0.009916611346451902,-0.009919047925798091,-0.009918873294141895,-0.009919515354233072
113_CT_2,THERMAL,2020-07-15 15:00:00,1.5662575192443493e-12,1.5662575192443493e-12,1.2891526839094965e-12,2.27724080370791e-13,7.16796955820946e-14,1.2668537432914636e-12,0.0
113_CT_3,THERMAL,2020-07-15 15:00:00,-0.03985754248951909,0.03985754248951909,0.01992877137230498,-0.009962476200165814,-0.009964924049130242,-0.00996474860139266,-0.009965393638830377
113_CT_4,THERMAL,2020-07-15 15:00:00,0.0,0.0,0.0,0.0,0.0,0.0,0.0
115_STEAM_1,THERMAL,2020-07-15 15:00:00,0.0,0.0,0.0,0.0,0.0,0.0,0.0
115_STEAM_2,THERMAL,2020-07-15 15:00:00,-7.61782283087431e-10,1.8082661548679546e-09,1.2555952292364303e-09,-1.1599498792036478e-10,-3.407490609119712e-11,-1.134954324966131e-09,5.232419358902618e-10
115_STEAM_3,THERMAL,2020-07-15 15:00:00,-0.09330782210879053,0.09330782210879053,0.04665391135275228,-0.023322487165442496,-0.0233282153924681,-0.023327805354684372,-0.023329314196195567
116_STEAM_1,THERMAL,2020-07-15 15:00:00,-0.09596714428199725,0.09596714428199725,0.04798357226991014,-0.023988878659011365,-0.023993131970214826,-0.023991900634564273,-0.023993233018206783
118_CC_1,THERMAL,2020-07-15 15:00:00,-0.18062321056179598,0.18062321056179598,0.09031160554448019,-0.0451498541367768,-0.045157254173845696,-0.04515799614632986,-0.045158106104843616
122_WIND_1,WIND,2020-07-15 15:00:00,1.0,1.0,1.0,1.0,0.0,0.0,0.0
123_CT_1,THERMAL,2020-07-15 15:00:00,1.5905887718048461e-12,1.5905887718048461e-12,1.1266268864631649e-12,3.904914586128072e-13,1.5469049652327982e-13,1.0454068166687591e-12,0.0
123_CT_4,THERMAL,2020-07-15 15:00:00,-0.038745615689926,0.038745615689926,0.019372807968931444,-0.009684547948890846,-0.009686927501768965,-0.009686756413394029,-0.009687383825872165
123_CT_5,THERMAL,2020-07-15 15:00:00,-0.03873592497101637,0.03873592497101637,0.019367962609445635,-0.009682125733212652,-0.009684504690891134,-0.00968433364597161,-0.009684960900940972
123_STEAM_2,THERMAL,2020-07-15 15:00:00,-0.0930910328950415,0.0930910328950415,0.04654551674521419,-0.023268299982972362,-0.02327401513990862,-0.023273606356724486,-0.023275111415436037
123_STEAM_3,THERMAL,2020-07-15 15:00:00,-0.19394219941299695,0.19394219941299695,0.09697110002113703,-0.04847881406673754,-0.04848723080338302,-0.04848823474255934,-0.048487919800317046
201_CT_1,THERMAL,2020-07-15 15:00:00,5.922977660688283e-05,5.9231188903004895e-05,4.3280399881288095e-05,4.138714165284607e-05,9.665010429538157e-06,8.178330672559638e-06,-7.061480610318083e-10
201_CT_2,THERMAL,2020-07-15 15:00:00,-0.014961033270316686,0.014961033270316686,0.007480516683400985,-0.003739538898956979,-0.003740461291292879,-0.0037403948013540467,-0.0037406382787127817
201_STEAM_3,THERMAL,2020-07-15 15:00:00,-0.0545668589162943,0.0545668589162943,0.02728342963264292,-0.013639101589410826,-0.013642451776080727,-0.01364221113811459,-0.01364309441268816
202_CT_1,THERMAL,2020-07-15 15:00:00,-0.013752735692055519,0.013752735692055519,0.006876369340106318,-0.003438729253109964,-0.0034400826030170813,-0.0034343486148430274,-0.0034395752210854462
202_CT_2,THERMAL,2020-07-15 15:00:00,-0.015106608192643095,0.015106608192643095,0.007553304145012274,-0.0037759258170662127,-0.0037768570091826076,-0.0037767896590845396,-0.0037770357073097353
202_STEAM_3,THERMAL,2020-07-15 15:00:00,-0.050136504357286726,0.050136504357286726,0.025068252221555135,-0.012532861608996582,-0.012534658922590591,-0.012534469879989088,-0.012534513945710462
202_STEAM_4,THERMAL,2020-07-15 15:00:00,-0.05013835759247268,0.05013835759247268,0.025069178968053607,-0.012532643559878959,-0.012534421092991133,-0.01253677899389212,-0.012534513945710462
207_CT_1,THERMAL,2020-07-15 15:00:00,0.0,0.0,0.0,0.0,0.0,0.0,0.0
207_CT_2,THERMAL,2020-07-15 15:00:00,0.0,0.0,0.0,0.0,0.0,0.0,0.0
212_CSP_1,THERMAL,2020-07-15 15:00:00,-0.17265881645463407,0.17265881645463407,0.08632940877785483,-0.043156447219498795,-0.04316703187194987,-0.04316627528331907,-0.043169062079866344
213_CC_3,THERMAL,2020-07-15 15:00:00,-0.2038981747067536,0.2038981747067536,0.10194908800574334,-0.05096477620126025,-0.050977297195790416,-0.050976402456637926,-0.050979698853065
213_CT_1,THERMAL,2020-07-15 15:00:00,-0.03987703306553954,0.03987703306553954,0.01993851666037473,-0.009967347981687386,-0.00996979711683628,-0.00996962107182231,-0.009970266895193562
213_CT_2,THERMAL,2020-07-15 15:00:00,0.0,0.0,0.0,0.0,0.0,0.0,0.0
215_CT_4,THERMAL,2020-07-15 15:00:00,0.0,0.0,0.0,0.0,0.0,0.0,0.0
215_CT_5,THERMAL,2020-07-15 15:00:00,0.0,0.0,0.0,0.0,0.0,0.0,0.0
216_STEAM_1,THERMAL,2020-07-15 15:00:00,-0.0992232699487949,0.0992232699487949,0.049611635110845334,-0.024802724423577505,-0.024806371183776377,-0.024807556739556133,-0.0248066176018849
218_CC_1,THERMAL,2020-07-15 15:00:00,-0.18003507057298274,0.18003507057298274,0.09001753552127338,-0.045003188696271235,-0.04501037515463019,-0.04501017279961586,-0.04501133392246546
221_CC_1,THERMAL,2020-07-15 15:00:00,-0.1917189690335892,0.1917189690335892,0.09585948513014039,-0.047920558669578894,-0.047932331285642005,-0.04793148961412008,-0.04793458946424824
223_CT_4,THERMAL,2020-07-15 15:00:00,0.0,0.0,0.0,0.0,0.0,0.0,0.0
223_CT_5,THERMAL,2020-07-15 15:00:00,0.0,0.0,0.0,0.0,0.0,0.0,0.0
223_CT_6,THERMAL,2020-07-15 15:00:00,0.0,0.0,0.0,0.0,0.0,0.0,0.0
223_STEAM_1,THERMAL,2020-07-15 15:00:00,-0.09813852357218454,0.09813852357218454,0.04906926209979349,-0.024529931933898852,-0.02453595569527367,-0.02453552475367693,-0.02453711118933509
223_STEAM_2,THERMAL,2020-07-15 15:00:00,-0.09813768132069721,0.09813768132069721,0.049068840836343566,-0.024531397134284386,-0.024535233057621807,-0.024533939939455934,-0.02453711118933509
223_STEAM_3,THERMAL,2020-07-15 15:00:00,-0.21186247636469846,0.21186247636469846,0.10593123861162851,-0.0529593682013466,-0.05296830607118322,-0.05296302474866138,-0.05297177734350726
301_CT_1,THERMAL,2020-07-15 15:00:00,0.0,0.0,0.0,0.0,0.0,0.0,0.0
301_CT_2,THERMAL,2020-07-15 15:00:00,0.0,0.0,0.0,0.0,0.0,0.0,0.0
301_CT_3,THERMAL,2020-07-15 15:00:00,0.0,0.0,0.0,0.0,0.0,0.0,0.0
301_CT_4,THERMAL,2020-07-15 15:00:00,9.540670393556186e-13,9.637814908210888e-13,8.781101977518336e-13,8.494593917163229e-14,-4.85722573273506e-15,8.739783259167213e-13,0.0
302_CT_1,THERMAL,2020-07-15 15:00:00,-0.014653897527823142,0.014653897527823142,0.007326948811192549,-0.0036627695129285917,-0.003663673228704825,-0.0036636081434289203,-0.0036638466427608043
302_CT_2,THERMAL,2020-07-15 15:00:00,0.0,0.0,0.0,0.0,0.0,0.0,0.0
302_CT_3,THERMAL,2020-07-15 15:00:00,0.0,0.0,0.0,0.0,0.0,0.0,0.0
302_CT_4,THERMAL,2020-07-15 15:00:00,0.0,0.0,0.0,0.0,0.0,0.0,0.0
303_WIND_1,WIND,2020-07-15 15:00:00,1.0,1.0,1.0,0.0,1.0,0.0,0.0
307_CT_1,THERMAL,2020-07-15 15:00:00,-0.04322274041712742,0.04322274041712742,0.02161137034690301,-0.010803614297695233,-0.010806269093473597,-0.010806078650559492,-0.010806778375399098
307_CT_2,THERMAL,2020-07-15 15:00:00,0.0,0.0,0.0,0.0,0.0,0.0,0.0
309_WIND_1,WIND,2020-07-15 15:00:00,1.0,1.0,1.0,0.0,0.0,1.0,0.0
313_CC_1,THERMAL,2020-07-15 15:00:00,-0.18310193651219434,0.18310193651219434,0.09155096849013426,-0.045769828264540624,-0.045777169720695454,-0.04577720364717157,-0.04577773487978668
315_CT_6,THERMAL,2020-07-15 15:00:00,-0.03865951789225939,0.03865951789225939,0.01932975902209262,-0.009663443101853311,-0.009665202913843384,-0.009665709440516045,-0.009665162436046648
315_CT_7,THERMAL,2020-07-15 15:00:00,-0.04059395412502878,0.04059395412502878,0.020296977192407646,-0.010146543899855823,-0.01014903690160267,-0.010148858175071836,-0.010149515148498458
315_CT_8,THERMAL,2020-07-15 15:00:00,-0.0405936893705222,0.0405936893705222,0.020296844815153505,-0.010146477723911737,-0.01014897070939948,-0.01014879198403415,-0.010149448953176828
315_STEAM_1,THERMAL,2020-07-15 15:00:00,0.0,0.0,0.0,0.0,0.0,0.0,0.0
315_STEAM_2,THERMAL,2020-07-15 15:00:00,0.0,0.0,0.0,0.0,0.0,0.0,0.0
315_STEAM_3,THERMAL,2020-07-15 15:00:00,0.0,0.0,0.0,0.0,0.0,0.0,0.0
315_STEAM_4,THERMAL,2020-07-15 15:00:00,0.0,0.0,0.0,0.0,0.0,0.0,0.0
315_STEAM_5,THERMAL,2020-07-15 15:00:00,0.0,0.0,0.0,0.0,0.0,0.0,0.0
316_STEAM_1,THERMAL,2020-07-15 15:00:00,-0.09610126426691852,0.09610126426691852,0.048050632440764456,-0.024020713764326795,-0.024026613608238823,-0.024026191628438553,-0.024027745265914346
317_WIND_1,WIND,2020-07-15 15:00:00,1.0,1.0,1.0,0.0,0.0,0.0,1.0
318_CC_1,THERMAL,2020-07-15 15:00:00,-0.22461331018192798,0.22461331018192798,0.11230665580970266,-0.05614256715115723,-0.056156361244568576,-0.05615537458529918,-0.056159007200902986
321_CC_1,THERMAL,2020-07-15 15:00:00,-0.1761393452841304,0.1761393452841304,0.08806967320551141,-0.044026399442270825,-0.04403721483474743,-0.04403644161709597,-0.044039289390016174
322_CT_5,THERMAL,2020-07-15 15:00:00,-0.03723508885698951,0.03723508885698951,0.01861754454759796,-0.009306988795937374,-0.00930927511007705,-0.00930911125757311,-0.009309713693401975
322_CT_6,THERMAL,2020-07-15 15:00:00,-0.037191038054031074,0.037191038054031074,0.018595519145977832,-0.009295978205110661,-0.009298261814432301,-0.009298098155651247,-0.009298699878836863
323_CC_1,THERMAL,2020-07-15 15:00:00,-0.16932183834822326,0.16932183834822326,0.08466091971594376,-0.04232234780103317,-0.042332746443917046,-0.04233200305070861,-0.042334741052564434
323_CC_2,THERMAL,2020-07-15 15:00:00,-0.16933107173667142,0.16933107173667142,0.08466553610608475,-0.042327284000074406,-0.04233426971144161,-0.042334776972590984,-0.042334741052564434
101_CT_1,THERMAL,2020-07-15 16:00:00,0.0,0.0,0.0,0.0,0.0,0.0,0.0
101_CT_2,THERMAL,2020-07-15 16:00:00,0.0,0.0,0.0,0.0,0.0,0.0,0.0
101_STEAM_3,THERMAL,2020-07-15 16:00:00,-0.029274146143579885,0.029274146143579885,0.018287190053814177,-0.004051102980383525,-0.00010246378056522065,-0.013673310720044109,-0.01144726866258703
101_STEAM_4,THERMAL,2020-07-15 16:00:00,0.005964223678651295,0.021239170233314262,0.01143947911955673,-0.0019667110556381706,-0.005670762221693312,0.007880919293777404,0.0057207776622053745
102_CT_1,THERMAL,2020-07-15 16:00:00,0.0,0.0,0.0,0.0,0.0,0.0,0.0
102_CT_2,THERMAL,2020-07-15 16:00:00,0.0,0.0,0.0,0.0,0.0,0.0,0.0
102_STEAM_3,THERMAL,2020-07-15 16:00:00,-0.05208208284257908,0.05208208284257908,0.026041041502858058,-0.013019879313125676,-0.01302120870449841,-0.01301920079253005,-0.013021794032424937
102_STEAM_4,THERMAL,2020-07-15 16:00:00,-0.05145489914679671,0.05145489914679671,0.0257274495993434,-0.01286398819231857,-0.012864045606275843,-0.012862728389931664,-0.012864136958270635
107_CC_1,THERMAL,2020-07-15 16:00:00,-0.19719722016486502,0.19719722016486502,0.09859861025275164,-0.04929448197937514,-0.04930117372069265,-0.049299671290342406,-0.04930189317445481
113_CT_1,THERMAL,2020-07-15 16:00:00,-4.998025209718382e-13,4.998057397497956e-13,3.550823106816743e-13,-2.2559812523663903e-13,-2.742060051241779e-13,1.609388978685996e-18,0.0
113_CT_2,THERMAL,2020-07-15 16:00:00,1.8858034973183906e-12,1.8858034973183906e-12,1.237437669087653e-12,3.2037821179358384e-13,4.638618751572294e-13,1.1015634103675776e-12,-0.0
113_CT_3,THERMAL,2020-07-15 16:00:00,-0.03960822457362381,0.03960822457362381,0.019804232864508383,-0.009899199542331325,-0.009910608356312108,-0.009850843254490217,-0.009947573420490168
113_CT_4,THERMAL,2020-07-15 16:00:00,0.0,0.0,0.0,0.0,0.0,0.0,0.0
115_STEAM_1,THERMAL,2020-07-15 16:00:00,0.0,0.0,0.0,0.0,0.0,0.0,0.0
115_STEAM_2,THERMAL,2020-07-15 16:00:00,0.0,0.0,0.0,0.0,0.0,0.0,0.0
115_STEAM_3,THERMAL,2020-07-15 16:00:00,-0.10137083269964461,0.10137083269964461,0.05068541661110884,-0.02533947588130475,-0.025342477846002076,-0.025342204404142248,-0.025346674568195535
116_STEAM_1,THERMAL,2020-07-15 16:00:00,-0.10282621113869825,0.10282621113869825,0.05141310564967905,-0.025704179887734324,-0.02570684959880795,-0.025708030271160975,-0.02570715138099499
118_CC_1,THERMAL,2020-07-15 16:00:00,-0.1976219139352725,0.1976219139352725,0.09881095713922795,-0.049400655789275584,-0.049407389642142,-0.04940575933788649,-0.04940810916596845
122_WIND_1,WIND,2020-07-15 16:00:00,1.0,1.0,1.0,1.0,0.0,0.0,0.0
123_CT_1,THERMAL,2020-07-15 16:00:00,9.462673700166846e-13,9.462673700166846e-13,7.694289516508321e-13,9.42197708742043e-14,9.424752644981993e-14,7.578000726926604e-13,0.0
123_CT_4,THERMAL,2020-07-15 16:00:00,-0.04114510262865958,0.04114510262865958,0.02057259875988886,-0.0102858637784475,-0.010286691797245931,-0.010317513019298457,-0.010255034033667688
123_CT_5,THERMAL,2020-07-15 16:00:00,-0.04099775805397987,0.04099775805397987,0.020498932156169856,-0.010265066368205535,-0.010268735913878372,-0.010210162598215956,-0.010253793173680009
123_STEAM_2,THERMAL,2020-07-15 16:00:00,-0.10486128405108605,0.10486128405108605,0.05243066762585258,-0.026216779006846908,-0.02620138147551962,-0.026256275982337395,-0.026186847586382123
123_STEAM_3,THERMAL,2020-07-15 16:00:00,-0.22127744725744408,0.22127744725744408,0.1106387243183973,-0.05531127392022772,-0.05531685872632153,-0.05532113270270736,-0.05532818190818747
201_CT_1,THERMAL,2020-07-15 16:00:00,0.0,0.0,0.0,0.0,0.0,0.0,0.0
201_CT_2,THERMAL,2020-07-15 16:00:00,0.0,0.0,0.0,0.0,0.0,0.0,0.0
201_STEAM_3,THERMAL,2020-07-15 16:00:00,-0.05191360902992578,0.05191360902992578,0.02595680456322124,-0.012977270615449926,-0.012978856190849347,-0.012978113038768502,-0.012979369184858
202_CT_1,THERMAL,2020-07-15 16:00:00,0.0,0.0,0.0,0.0,0.0,0.0,0.0
202_CT_2,THERMAL,2020-07-15 16:00:00,0.0,0.0,0.0,0.0,0.0,0.0,0.0
202_STEAM_3,THERMAL,2020-07-15 16:00:00,-0.051319701308888944,0.051319701308888944,0.025659850746190985,-0.01282882195076393,-0.012830647407420695,-0.012828912465739917,-0.012831319484964403
202_STEAM_4,THERMAL,2020-07-15 16:00:00,-0.051319701308888944,0.051319701308888944,0.025659850746190985,-0.01282882195076393,-0.012830647407420695,-0.012828912465739917,-0.012831319484964403
207_CT_1,THERMAL,2020-07-15 16:00:00,0.0,0.0,0.0,0.0,0.0,0.0,0.0
207_CT_2,THERMAL,2020-07-15 16:00:00,0.0,0.0,0.0,0.0,0.0,0.0,0.0
212_CSP_1,THERMAL,2020-07-15 16:00:00,-0.14737662776965393,0.14737662776965393,0.07368831430377167,-0.036841709775403686,-0.036848018173572195,-0.03683898643989127,-0.03684791338078676
213_CC_3,THERMAL,2020-07-15 16:00:00,-0.22208138501303465,0.22208138501303465,0.1110407396900707,-0.0555198711688592,-0.0555420813270483,-0.05543978787235915,-0.055579644644768
213_CT_1,THERMAL,2020-07-15 16:00:00,-0.03415062119548208,0.03415062119548208,0.017078126301101483,-0.008413455197302133,-0.008493518317327226,-0.008801578564845647,-0.008442069116007075
213_CT_2,THERMAL,2020-07-15 16:00:00,0.0,0.0,0.0,0.0,0.0,0.0,0.0
215_CT_4,THERMAL,2020-07-15 16:00:00,0.0,0.0,0.0,0.0,0.0,0.0,0.0
215_CT_5,THERMAL,2020-07-15 16:00:00,0.0,0.0,0.0,0.0,0.0,0.0,0.0
216_STEAM_1,THERMAL,2020-07-15 16:00:00,-0.11073055344535883,0.11073055344535883,0.055365277933796926,-0.02767633640614281,-0.02768079255008074,-0.027692087791316884,-0.027681336697818405
218_CC_1,THERMAL,2020-07-15 16:00:00,-0.19794362115289943,0.19794362115289943,0.09897181410068981,-0.049483956214459446,-0.04949374016940511,-0.04946542534883061,-0.04950049942020427
221_CC_1,THERMAL,2020-07-15 16:00:00,-0.22095990261145926,0.22095990261145926,0.11047995199245786,-0.05523687179621373,-0.05524463270225133,-0.05523147859131505,-0.055246919521679136
223_CT_4,THERMAL,2020-07-15 16:00:00,0.0,0.0,0.0,0.0,0.0,0.0,0.0
223_CT_5,THERMAL,2020-07-15 16:00:00,0.0,0.0,0.0,0.0,0.0,0.0,0.0
223_CT_6,THERMAL,2020-07-15 16:00:00,0.0,0.0,0.0,0.0,0.0,0.0,0.0
223_STEAM_1,THERMAL,2020-07-15 16:00:00,-0.10239545267667688,0.10239545267667688,0.05119772641358009,-0.025596553495012886,-0.025599057544682613,-0.02560013851276821,-0.025599703124213172
223_STEAM_2,THERMAL,2020-07-15 16:00:00,-0.10239545267667688,0.10239545267667688,0.05119772641358009,-0.025596553495012886,-0.025599057544682613,-0.02560013851276821,-0.025599703124213172
223_STEAM_3,THERMAL,2020-07-15 16:00:00,-0.25868547446262824,0.25868547446262824,0.1293427375148043,-0.06466729488343947,-0.06467506424976183,-0.06466692030032828,-0.06467619502909869
301_CT_1,THERMAL,2020-07-15 16:00:00,0.0,0.0,0.0,0.0,0.0,0.0,0.0
301_CT_2,THERMAL,2020-07-15 16:00:00,0.0,0.0,0.0,0.0,0.0,0.0,0.0
301_CT_3,THERMAL,2020-07-15 16:00:00,0.0,0.0,0.0,0.0,0.0,0.0,0.0
301_CT_4,THERMAL,2020-07-15 16:00:00,0.0,0.0,0.0,0.0,0.0,0.0,0.0
302_CT_1,THERMAL,2020-07-15 16:00:00,0.0,0.0,0.0,0.0,0.0,0.0,0.0
302_CT_2,THERMAL,2020-07-15 16:00:00,0.0,0.0,0.0,0.0,0.0,0.0,0.0
302_CT_3,THERMAL,2020-07-15 16:00:00,0.0,0.0,0.0,0.0,0.0,0.0,0.0
302_CT_4,THERMAL,2020-07-15 16:00:00,0.0,0.0,0.0,0.0,0.0,0.0,0.0
303_WIND_1,WIND,2020-07-15 16:00:00,1.0,1.0,1.0,0.0,1.0,0.0,0.0
307_CT_1,THERMAL,2020-07-15 16:00:00,0.03959415259775195,0.03959415259775195,0.01979707632760415,0.009897651276724179,0.009898789314065515,0.009898648906448704,0.009899063100513559
307_CT_2,THERMAL,2020-07-15 16:00:00,9.444465535400573e-13,9.444465535400573e-13,7.792612620161309e-13,1.779826286352204e-13,7.840950111415168e-15,7.586229747934217e-13,0.0
309_WIND_1,WIND,2020-07-15 16:00:00,1.0,1.0,1.0,0.0,0.0,1.0,0.0
313_CC_1,THERMAL,2020-07-15 16:00:00,-0.2295563477130782,0.2295563477130782,0.11477817561080673,-0.0573906832360056,-0.05739850242733319,-0.057372381169815245,-0.057394780879924175
315_CT_6,THERMAL,2020-07-15 16:00:00,-0.03739107354754561,0.03739107354754561,0.018695548109082902,-0.009349083644676086,-0.009355816458567302,-0.009330566693960146,-0.009355606750342076
315_CT_7,THERMAL,2020-07-15 16:00:00,-0.04004135419054634,0.04004135419054634,0.020020678223559976,-0.010015662851864554,-0.010010639093242929,-0.010006847844760665,-0.01000820440067819
315_CT_8,THERMAL,2020-07-15 16:00:00,-0.040051945658235895,0.040051945658235895,0.020026040275800298,-0.009983400677424027,-0.010005532690922563,-0.01005479284437186,-0.010008219445517443
315_STEAM_1,THERMAL,2020-07-15 16:00:00,0.0,0.0,0.0,0.0,0.0,0.0,0.0
315_STEAM_2,THERMAL,2020-07-15 16:00:00,0.0,0.0,0.0,0.0,0.0,0.0,0.0
315_STEAM_3,THERMAL,2020-07-15 16:00:00,0.0,0.0,0.0,0.0,0.0,0.0,0.0
315_STEAM_4,THERMAL,2020-07-15 16:00:00,0.0,0.0,0.0,0.0,0.0,0.0,0.0
315_STEAM_5,THERMAL,2020-07-15 16:00:00,0.0,0.0,0.0,0.0,0.0,0.0,0.0
316_STEAM_1,THERMAL,2020-07-15 16:00:00,-0.10281005095292038,0.10281005095292038,0.05140502555188891,-0.02570015637772305,-0.025702904049645564,-0.025703738739599746,-0.02570325178595202
317_WIND_1,WIND,2020-07-15 16:00:00,1.0,1.0,1.0,0.0,0.0,0.0,1.0
318_CC_1,THERMAL,2020-07-15 16:00:00,-0.2014788364328032,0.2014788364328032,0.100739418424005,-0.050368009852500104,-0.05036582920726357,-0.0503704586995858,-0.05037453867345373
321_CC_1,THERMAL,2020-07-15 16:00:00,-0.19959388446225645,0.19959388446225645,0.09979694487497841,-0.04988949719117004,-0.04989076821747972,-0.04991796237782402,-0.049895656675782676
322_CT_5,THERMAL,2020-07-15 16:00:00,-0.039800964833383294,0.039800964833383294,0.019900505351370144,-0.009944019404653864,-0.009940935484241714,-0.009976266454334618,-0.009939743490153098
322_CT_6,THERMAL,2020-07-15 16:00:00,-0.039100528039427714,0.039100528039427714,0.019550269554403952,-0.009780430450224198,-0.009777352998354333,-0.009762565134403154,-0.009780179456446027
323_CC_1,THERMAL,2020-07-15 16:00:00,-0.19237208153464921,0.19237208153464921,0.09618608005539041,-0.04809526642846962,-0.04811687377604135,-0.04802233686775148,-0.048137604462386775
323_CC_2,THERMAL,2020-07-15 16:00:00,-0.19237208153464921,0.19237208153464921,0.09618608005539041,-0.04809526642846962,-0.04811687377604135,-0.04802233686775148,-0.048137604462386775
101_CT_1,THERMAL,2020-07-15 17:00:00,-1.5085703457502002e-13,9.2829362314844e-13,6.176456959981881e-13,-4.757166882640718e-13,-6.385864059765822e-14,3.8871829428670997e-13,0.0
101_CT_2,THERMAL,2020-07-15 17:00:00,0.0,0.0,0.0,0.0,0.0,0.0,0.0
101_STEAM_3,THERMAL,2020-07-15 17:00:00,0.09363872904152536,0.17990761797164578,0.12109085345152026,0.023522357945395478,-0.03486489291909903,0.1132508155611901,-0.008269551545961191
101_STEAM_4,THERMAL,2020-07-15 17:00:00,-0.10099405410292389,0.18021650671942516,0.1225841105213153,-0.02555328726348753,0.033079796937970474,-0.11505199314768699,0.006531429370280156
102_CT_1,THERMAL,2020-07-15 17:00:00,0.0,0.0,0.0,0.0,0.0,0.0,0.0
102_CT_2,THERMAL,2020-07-15 17:00:00,0.0,0.0,0.0,0.0,0.0,0.0,0.0
102_STEAM_3,THERMAL,2020-07-15 17:00:00,-0.042908199510117574,0.042908199510117574,0.021454099811255564,-0.010726714424499934,-0.010727885267244386,-0.010725940860459637,-0.010727658957913616
102_STEAM_4,THERMAL,2020-07-15 17:00:00,-0.042908199510117574,0.042908199510117574,0.021454099811255564,-0.010726714424499934,-0.010727885267244386,-0.010725940860459637,-0.010727658957913616
107_CC_1,THERMAL,2020-07-15 17:00:00,-0.1236573796300678,0.1236573796300678,0.06182869155291524,-0.0309169653496969,-0.030920932230892206,-0.03090192275013237,-0.03091755929934632
113_CT_1,THERMAL,2020-07-15 17:00:00,0.0,0.0,0.0,0.0,0.0,0.0,0.0
113_CT_2,THERMAL,2020-07-15 17:00:00,0.0,0.0,0.0,0.0,0.0,0.0,0.0
113_CT_3,THERMAL,2020-07-15 17:00:00,0.0,0.0,0.0,0.0,0.0,0.0,0.0
113_CT_4,THERMAL,2020-07-15 17:00:00,0.0,0.0,0.0,0.0,0.0,0.0,0.0
115_STEAM_1,THERMAL,2020-07-15 17:00:00,0.0,0.0,0.0,0.0,0.0,0.0,0.0
115_STEAM_2,THERMAL,2020-07-15 17:00:00,0.0,0.0,0.0,0.0,0.0,0.0,0.0
115_STEAM_3,THERMAL,2020-07-15 17:00:00,-0.09756930550453646,0.09756930550453646,0.048784653107983335,-0.024391868739648492,-0.02439528006037911,-0.024387712489281066,-0.024394444215227788
116_STEAM_1,THERMAL,2020-07-15 17:00:00,-0.0909071482227281,0.0909071482227281,0.04545358071525737,-0.022728557650264658,-0.022734466820211463,-0.02270635244075237,-0.022737771311499618
118_CC_1,THERMAL,2020-07-15 17:00:00,-0.1849660393976657,0.1849660393976657,0.09248303182541734,-0.04624611767541742,-0.04625654445155003,-0.04620166512260877,-0.04626171214808949
122_WIND_1,WIND,2020-07-15 17:00:00,1.0,1.0,1.0,1.0,0.0,0.0,0.0
123_CT_1,THERMAL,2020-07-15 17:00:00,0.0,0.0,0.0,0.0,0.0,0.0,0.0
123_CT_4,THERMAL,2020-07-15 17:00:00,0.0,0.0,0.0,0.0,0.0,0.0,0.0
123_CT_5,THERMAL,2020-07-15 17:00:00,0.0,0.0,0.0,0.0,0.0,0.0,0.0
123_STEAM_2,THERMAL,2020-07-15 17:00:00,-0.07738278382078972,0.07738278382078972,0.03869139490062803,-0.019346737869473524,-0.019350527369018766,-0.019333019772713157,-0.019352498809584284
123_STEAM_3,THERMAL,2020-07-15 17:00:00,-0.14389202238276871,0.14389202238276871,0.07194601136192881,-0.03597005619532734,-0.03597508987330533,-0.03597107991687576,-0.03597579639726027
201_CT_1,THERMAL,2020-07-15 17:00:00,0.0,0.0,0.0,0.0,0.0,0.0,0.0
201_CT_2,THERMAL,2020-07-15 17:00:00,0.0,0.0,0.0,0.0,0.0,0.0,0.0
201_STEAM_3,THERMAL,2020-07-15 17:00:00,-0.03706824477719816,0.03706824477719816,0.018534122411274015,-0.009266356000656839,-0.009267479513432209,-0.009266952557564379,-0.009267456705544732
202_CT_1,THERMAL,2020-07-15 17:00:00,0.0,0.0,0.0,0.0,0.0,0.0,0.0
202_CT_2,THERMAL,2020-07-15 17:00:00,0.0,0.0,0.0,0.0,0.0,0.0,0.0
202_STEAM_3,THERMAL,2020-07-15 17:00:00,-0.037265867727164434,0.037265867727164434,0.018632936149733874,-0.009318128041739149,-0.00932015018560653,-0.009308570351693714,-0.009319019148125045
202_STEAM_4,THERMAL,2020-07-15 17:00:00,-0.037273259288742,0.037273259288742,0.01863662978345573,-0.009318192525317376,-0.009319524429324266,-0.009316523185975312,-0.009319019148125045
207_CT_1,THERMAL,2020-07-15 17:00:00,0.0,0.0,0.0,0.0,0.0,0.0,0.0
207_CT_2,THERMAL,2020-07-15 17:00:00,0.0,0.0,0.0,0.0,0.0,0.0,0.0
212_CSP_1,THERMAL,2020-07-15 17:00:00,-0.08222902513592197,0.08222902513592197,0.04111451288551137,-0.020557574105085623,-0.02055937707520932,-0.02055299233676233,-0.020559081618864692
213_CC_3,THERMAL,2020-07-15 17:00:00,-0.08650896074276668,0.08650896074276668,0.0432544804033696,-0.02162622978893647,-0.02162827780682408,-0.021626648141242377,-0.021627805005763757
213_CT_1,THERMAL,2020-07-15 17:00:00,0.0,0.0,0.0,0.0,0.0,0.0,0.0
213_CT_2,THERMAL,2020-07-15 17:00:00,0.0,0.0,0.0,0.0,0.0,0.0,0.0
215_CT_4,THERMAL,2020-07-15 17:00:00,0.0,0.0,0.0,0.0,0.0,0.0,0.0
215_CT_5,THERMAL,2020-07-15 17:00:00,0.0,0.0,0.0,0.0,0.0,0.0,0.0
216_STEAM_1,THERMAL,2020-07-15 17:00:00,-0.060782898640383845,0.060782898640383845,0.03039144934779083,-0.015194752771485076,-0.01519626508965638,-0.015195523357591556,-0.015196357421650836
218_CC_1,THERMAL,2020-07-15 17:00:00,-0.09728237751737653,0.09728237751737653,0.04864118996518399,-0.02431987705759897,-0.024323568860908584,-0.024312204212251727,-0.024326727386617262
221_CC_1,THERMAL,2020-07-15 17:00:00,-0.11474603839344068,0.11474603839344068,0.05737303012937898,-0.028695249888274876,-0.028696364765008697,-0.028655903809296928,-0.02869851993086017
223_CT_4,THERMAL,2020-07-15 17:00:00,0.0,0.0,0.0,0.0,0.0,0.0,0.0
223_CT_5,THERMAL,2020-07-15 17:00:00,0.0,0.0,0.0,0.0,0.0,0.0,0.0
223_CT_6,THERMAL,2020-07-15 17:00:00,0.0,0.0,0.0,0.0,0.0,0.0,0.0
223_STEAM_1,THERMAL,2020-07-15 17:00:00,-0.05293753866461815,0.05293753866461815,0.026468769418300824,-0.01323368218029386,-0.013235479605891276,-0.01323300886256118,-0.013235368015871836
223_STEAM_2,THERMAL,2020-07-15 17:00:00,-0.05293753866461815,0.05293753866461815,0.026468769418300824,-0.01323368218029386,-0.013235479605891276,-0.01323300886256118,-0.013235368015871836
223_STEAM_3,THERMAL,2020-07-15 17:00:00,-0.07367594947702386,0.07367594947702386,0.036837976775281875,-0.018420948688314898,-0.018423787558498828,-0.018408524476403586,-0.01842268875380654
301_CT_1,THERMAL,2020-07-15 17:00:00,0.0,0.0,0.0,0.0,0.0,0.0,0.0
301_CT_2,THERMAL,2020-07-15 17:00:00,0.0,0.0,0.0,0.0,0.0,0.0,0.0
301_CT_3,THERMAL,2020-07-15 17:00:00,0.0,0.0,0.0,0.0,0.0,0.0,0.0
301_CT_4,THERMAL,2020-07-15 17:00:00,0.0,0.0,0.0,0.0,0.0,0.0,0.0
302_CT_1,THERMAL,2020-07-15 17:00:00,0.0,0.0,0.0,0.0,0.0,0.0,0.0
302_CT_2,THERMAL,2020-07-15 17:00:00,0.0,0.0,0.0,0.0,0.0,0.0,0.0
302_CT_3,THERMAL,2020-07-15 17:00:00,0.0,0.0,0.0,0.0,0.0,0.0,0.0
302_CT_4,THERMAL,2020-07-15 17:00:00,0.0,0.0,0.0,0.0,0.0,0.0,0.0
303_WIND_1,WIND,2020-07-15 17:00:00,1.0,1.0,1.0,0.0,1.0,0.0,0.0
307_CT_1,THERMAL,2020-07-15 17:00:00,0.016233584487945946,0.016233584487945946,0.008121428117599699,0.004234040142155476,0.004109232815382113,0.0038551657949455476,0.004035145735462809
307_CT_2,THERMAL,2020-07-15 17:00:00,1.0765214601070246e-12,1.0765214601070246e-12,8.117966708477457e-13,2.8735347434860614e-13,3.054501096499962e-14,7.586229747934189e-13,0.0
309_WIND_1,WIND,2020-07-15 17:00:00,1.0,1.0,1.0,0.0,0.0,1.0,0.0
313_CC_1,THERMAL,2020-07-15 17:00:00,-0.4046772997853614,0.4046772997853614,0.2023386502484928,-0.10116303935915671,-0.10117512500289427,-0.10116362120227951,-0.10117551422103085
315_CT_6,THERMAL,2020-07-15 17:00:00,-0.05408217947669043,0.05408217947669043,0.02704108976781295,-0.013519655554264948,-0.013520792061394529,-0.013520348468672524,-0.013521383392358425
315_CT_7,THERMAL,2020-07-15 17:00:00,-0.05338510799076593,0.05338510799076593,0.026692554024546056,-0.013345391708713038,-0.013346512087696808,-0.013346098861866261,-0.013347105332489825
315_CT_8,THERMAL,2020-07-15 17:00:00,-0.053385135731283645,0.053385135731283645,0.026692567894804925,-0.013345398645422574,-0.013346519025719147,-0.01334610579191186,-0.013347112268230066
315_STEAM_1,THERMAL,2020-07-15 17:00:00,0.0,0.0,0.0,0.0,0.0,0.0,0.0
315_STEAM_2,THERMAL,2020-07-15 17:00:00,0.0,0.0,0.0,0.0,0.0,0.0,0.0
315_STEAM_3,THERMAL,2020-07-15 17:00:00,0.0,0.0,0.0,0.0,0.0,0.0,0.0
315_STEAM_4,THERMAL,2020-07-15 17:00:00,0.0,0.0,0.0,0.0,0.0,0.0,0.0
315_STEAM_5,THERMAL,2020-07-15 17:00:00,0.0,0.0,0.0,0.0,0.0,0.0,0.0
316_STEAM_1,THERMAL,2020-07-15 17:00:00,-0.18309933823833918,0.18309933823833918,0.091549716709754,-0.0457280105143445,-0.045729021838393696,-0.04582926851095728,-0.045813037374643706
317_WIND_1,WIND,2020-07-15 17:00:00,1.0,1.0,1.0,0.0,0.0,0.0,1.0
318_CC_1,THERMAL,2020-07-15 17:00:00,-0.4456979510545551,0.4456979510545551,0.22284958911634814,-0.11129386243154643,-0.11126655572230854,-0.11187685538402159,-0.11126067751667859
321_CC_1,THERMAL,2020-07-15 17:00:00,-0.43640262848846756,0.43640262848846756,0.218201443489318,-0.10916380488782346,-0.10918740886947886,-0.10889598752672652,-0.10915542720443869
322_CT_5,THERMAL,2020-07-15 17:00:00,-0.05359386397035225,0.05359386397035225,0.02679694883189399,-0.013407698196171935,-0.013417967754272453,-0.01338759960401786,-0.01338059841589
322_CT_6,THERMAL,2020-07-15 17:00:00,0.0,0.0,0.0,0.0,0.0,0.0,0.0
323_CC_1,THERMAL,2020-07-15 17:00:00,-0.39394158192155726,0.39394158192155726,0.19697079501581108,-0.09848980536564556,-0.09850318204940378,-0.09845176621360752,-0.09849682829290042
323_CC_2,THERMAL,2020-07-15 17:00:00,-0.39371439575400885,0.39371439575400885,0.1968574215423425,-0.09850803859950413,-0.09853668658428927,-0.09817284227731504,-0.09849682829290042
101_CT_1,THERMAL,2020-07-15 18:00:00,0.0,0.0,0.0,0.0,0.0,0.0,0.0
101_CT_2,THERMAL,2020-07-15 18:00:00,0.0,0.0,0.0,0.0,0.0,0.0,0.0
101_STEAM_3,THERMAL,2020-07-15 18:00:00,0.22745942375943287,0.3173396710341834,0.2270831188750803,0.054945738563551894,-0.03368929439890467,0.21745380883325624,-0.011250829238470606
101_STEAM_4,THERMAL,2020-07-15 18:00:00,-0.24910571058424255,0.31764428112751897,0.23271851642873284,-0.06054159184766575,0.028330750150000333,-0.22283340400821502,0.005938535121637906
102_CT_1,THERMAL,2020-07-15 18:00:00,0.0,0.0,0.0,0.0,0.0,0.0,0.0
102_CT_2,THERMAL,2020-07-15 18:00:00,0.0,0.0,0.0,0.0,0.0,0.0,0.0
102_STEAM_3,THERMAL,2020-07-15 18:00:00,-0.05447579409110989,0.05447579409110989,0.027237911675577573,-0.013621088659184821,-0.013634091420931388,-0.01359592397514467,-0.013624690035849013
102_STEAM_4,THERMAL,2020-07-15 18:00:00,-0.05231563945882199,0.05231563945882199,0.02615783116442393,-0.013091974543240126,-0.013085374799826133,-0.013059269683746502,-0.013079020432009227
107_CC_1,THERMAL,2020-07-15 18:00:00,-0.2563811857154768,0.2563811857154768,0.12819059308412228,-0.06408963754630603,-0.0640948061532155,-0.06410022454122322,-0.06409651747473205
113_CT_1,THERMAL,2020-07-15 18:00:00,0.0,0.0,0.0,0.0,0.0,0.0,0.0
113_CT_2,THERMAL,2020-07-15 18:00:00,0.0,0.0,0.0,0.0,0.0,0.0,0.0
113_CT_3,THERMAL,2020-07-15 18:00:00,0.0,0.0,0.0,0.0,0.0,0.0,0.0
113_CT_4,THERMAL,2020-07-15 18:00:00,0.0,0.0,0.0,0.0,0.0,0.0,0.0
115_STEAM_1,THERMAL,2020-07-15 18:00:00,0.0,0.0,0.0,0.0,0.0,0.0,0.0
115_STEAM_2,THERMAL,2020-07-15 18:00:00,0.0,0.0,0.0,0.0,0.0,0.0,0.0
115_STEAM_3,THERMAL,2020-07-15 18:00:00,-0.11571935257378617,0.11571935257378617,0.05785967705593534,-0.028925163764696893,-0.028927591222054683,-0.028937665852115213,-0.028928931734919377
116_STEAM_1,THERMAL,2020-07-15 18:00:00,-0.11720011864383598,0.11720011864383598,0.05860005939479277,-0.029297532209652366,-0.02930084915691772,-0.02930053372860364,-0.02930120354866225
118_CC_1,THERMAL,2020-07-15 18:00:00,-0.2562109723939243,0.2562109723939243,0.12810549266364485,-0.06405677690543055,-0.06407775617453382,-0.06402099977276467,-0.0640554395411953
122_WIND_1,WIND,2020-07-15 18:00:00,1.0,1.0,1.0,1.0,0.0,0.0,0.0
123_CT_1,THERMAL,2020-07-15 18:00:00,0.0,0.0,0.0,0.0,0.0,0.0,0.0
123_CT_4,THERMAL,2020-07-15 18:00:00,0.0,0.0,0.0,0.0,0.0,0.0,0.0
123_CT_5,THERMAL,2020-07-15 18:00:00,0.0,0.0,0.0,0.0,0.0,0.0,0.0
123_STEAM_2,THERMAL,2020-07-15 18:00:00,-0.11389130152572234,0.11389130152572234,0.056945651004654804,-0.02847134348965452,-0.02847502722041939,-0.028469284611386092,-0.028475646204262333
123_STEAM_3,THERMAL,2020-07-15 18:00:00,-0.30954606318015654,0.30954606318015654,0.15477309512978624,-0.07732029413001285,-0.07734109852555737,-0.07750144874363527,-0.07738322178095108
201_CT_1,THERMAL,2020-07-15 18:00:00,0.0,0.0,0.0,0.0,0.0,0.0,0.0
201_CT_2,THERMAL,2020-07-15 18:00:00,0.0,0.0,0.0,0.0,0.0,0.0,0.0
201_STEAM_3,THERMAL,2020-07-15 18:00:00,-0.05424510769066588,0.05424510769066588,0.02712257644879877,-0.013553024607448338,-0.013549763790961344,-0.013591532895683905,-0.013550786396572293
202_CT_1,THERMAL,2020-07-15 18:00:00,0.0,0.0,0.0,0.0,0.0,0.0,0.0
202_CT_2,THERMAL,2020-07-15 18:00:00,0.0,0.0,0.0,0.0,0.0,0.0,0.0
202_STEAM_3,THERMAL,2020-07-15 18:00:00,-0.05376403686563775,0.05376403686563775,0.026882037838913665,-0.013425743955626013,-0.013432538309220393,-0.013467991252258166,-0.013437763348533182
202_STEAM_4,THERMAL,2020-07-15 18:00:00,-0.05374978192573128,0.05374978192573128,0.026874891001022447,-0.013436301835933306,-0.013437470426996417,-0.013438246314268376,-0.013437763348533182
207_CT_1,THERMAL,2020-07-15 18:00:00,0.0,0.0,0.0,0.0,0.0,0.0,0.0
207_CT_2,THERMAL,2020-07-15 18:00:00,0.0,0.0,0.0,0.0,0.0,0.0,0.0
212_CSP_1,THERMAL,2020-07-15 18:00:00,-0.15861711732289263,0.15861711732289263,0.07930857120922614,-0.039647397081082225,-0.03968192092966194,-0.03962195205736495,-0.039665847254783525
213_CC_3,THERMAL,2020-07-15 18:00:00,-0.2560270936775267,0.2560270936775267,0.1280135749649759,-0.06403089150783514,-0.06403633585250856,-0.06393353997803423,-0.06402632633914873
213_CT_1,THERMAL,2020-07-15 18:00:00,0.0,0.0,0.0,0.0,0.0,0.0,0.0
213_CT_2,THERMAL,2020-07-15 18:00:00,0.0,0.0,0.0,0.0,0.0,0.0,0.0
215_CT_4,THERMAL,2020-07-15 18:00:00,0.0,0.0,0.0,0.0,0.0,0.0,0.0
215_CT_5,THERMAL,2020-07-15 18:00:00,0.0,0.0,0.0,0.0,0.0,0.0,0.0
216_STEAM_1,THERMAL,2020-07-15 18:00:00,-0.11728461776150276,0.11728461776150276,0.05864230893654971,-0.029319185303761985,-0.029322117044408735,-0.029320872332116332,-0.029322443081215708
218_CC_1,THERMAL,2020-07-15 18:00:00,-0.27615222492534097,0.27615222492534097,0.13807612041821335,-0.06902408360096679,-0.06907025720326643,-0.06900895872106604,-0.06904892540004173
221_CC_1,THERMAL,2020-07-15 18:00:00,-0.2647764434809732,0.2647764434809732,0.13238825691858647,-0.06621995448624829,-0.0662301669994303,-0.06611105242234759,-0.06621526957294702
223_CT_4,THERMAL,2020-07-15 18:00:00,0.0,0.0,0.0,0.0,0.0,0.0,0.0
223_CT_5,THERMAL,2020-07-15 18:00:00,0.0,0.0,0.0,0.0,0.0,0.0,0.0
223_CT_6,THERMAL,2020-07-15 18:00:00,0.0,0.0,0.0,0.0,0.0,0.0,0.0
223_STEAM_1,THERMAL,2020-07-15 18:00:00,-0.11799362722273446,0.11799362722273446,0.05899696740957445,-0.029483631022490298,-0.02944302726802217,-0.02961222813411537,-0.029454740798106612
223_STEAM_2,THERMAL,2020-07-15 18:00:00,-0.1178131444543559,0.1178131444543559,0.0589065723035507,-0.02945083663758208,-0.029454223322109827,-0.029453343696557367,-0.029454740798106612
223_STEAM_3,THERMAL,2020-07-15 18:00:00,-0.3078511194912816,0.3078511194912816,0.1539255772298125,-0.07694647772814345,-0.0769303989169996,-0.07702508992171622,-0.07694915292442232
301_CT_1,THERMAL,2020-07-15 18:00:00,0.0,0.0,0.0,0.0,0.0,0.0,0.0
301_CT_2,THERMAL,2020-07-15 18:00:00,0.0,0.0,0.0,0.0,0.0,0.0,0.0
301_CT_3,THERMAL,2020-07-15 18:00:00,0.0,0.0,0.0,0.0,0.0,0.0,0.0
301_CT_4,THERMAL,2020-07-15 18:00:00,0.0,0.0,0.0,0.0,0.0,0.0,0.0
302_CT_1,THERMAL,2020-07-15 18:00:00,0.0,0.0,0.0,0.0,0.0,0.0,0.0
302_CT_2,THERMAL,2020-07-15 18:00:00,0.0,0.0,0.0,0.0,0.0,0.0,0.0
302_CT_3,THERMAL,2020-07-15 18:00:00,0.0,0.0,0.0,0.0,0.0,0.0,0.0
302_CT_4,THERMAL,2020-07-15 18:00:00,0.0,0.0,0.0,0.0,0.0,0.0,0.0
303_WIND_1,WIND,2020-07-15 18:00:00,1.0,1.0,1.0,0.0,1.0,0.0,0.0
307_CT_1,THERMAL,2020-07-15 18:00:00,0.048115324703849285,0.048115324703849285,0.02405766596230356,0.012023218324194979,0.012035172335403826,0.012021334878590917,0.012035599165659563
307_CT_2,THERMAL,2020-07-15 18:00:00,2.6206139498402094e-13,5.950727912203367e-13,3.6890174054573704e-13,-1.6567303084968898e-13,-8.326672684688674e-16,1.2261738309110128e-13,3.059497100110775e-13
309_WIND_1,WIND,2020-07-15 18:00:00,1.0,1.0,1.0,0.0,0.0,1.0,0.0
313_CC_1,THERMAL,2020-07-15 18:00:00,-0.2597364024871566,0.2597364024871566,0.12986820142174696,-0.06492929653108837,-0.06493667236634582,-0.06493256236060407,-0.06493787122911839
315_CT_6,THERMAL,2020-07-15 18:00:00,0.0,0.0,0.0,0.0,0.0,0.0,0.0
315_CT_7,THERMAL,2020-07-15 18:00:00,0.0,0.0,0.0,0.0,0.0,0.0,0.0
315_CT_8,THERMAL,2020-07-15 18:00:00,0.0,0.0,0.0,0.0,0.0,0.0,0.0
315_STEAM_1,THERMAL,2020-07-15 18:00:00,0.0,0.0,0.0,0.0,0.0,0.0,0.0
315_STEAM_2,THERMAL,2020-07-15 18:00:00,0.0,0.0,0.0,0.0,0.0,0.0,0.0
315_STEAM_3,THERMAL,2020-07-15 18:00:00,0.0,0.0,0.0,0.0,0.0,0.0,0.0
315_STEAM_4,THERMAL,2020-07-15 18:00:00,0.0,0.0,0.0,0.0,0.0,0.0,0.0
315_STEAM_5,THERMAL,2020-07-15 18:00:00,0.0,0.0,0.0,0.0,0.0,0.0,0.0
316_STEAM_1,THERMAL,2020-07-15 18:00:00,-0.11666927569907265,0.11666927569907265,0.0583346379099714,-0.0291651375541081,-0.029168140289209166,-0.029167410246891956,-0.02916858760886342
317_WIND_1,WIND,2020-07-15 18:00:00,1.0,1.0,1.0,0.0,0.0,0.0,1.0
318_CC_1,THERMAL,2020-07-15 18:00:00,-0.25943003543271015,0.25943003543271015,0.12971502285821637,-0.0648598916633929,-0.06487400845612801,-0.06482711811942687,-0.0648690171937624
321_CC_1,THERMAL,2020-07-15 18:00:00,-0.2721953848189467,0.2721953848189467,0.13609769406827368,-0.0680420512422295,-0.06804839212765457,-0.06806623418724468,-0.06803870726181793
322_CT_5,THERMAL,2020-07-15 18:00:00,0.0,0.0,0.0,0.0,0.0,0.0,0.0
322_CT_6,THERMAL,2020-07-15 18:00:00,0.0,0.0,0.0,0.0,0.0,0.0,0.0
323_CC_1,THERMAL,2020-07-15 18:00:00,0.020723288049701506,0.14236783408238116,0.09003818256736709,-0.0273041990269437,-0.025417728119134342,0.08154556106604133,-0.008100345870261783
323_CC_2,THERMAL,2020-07-15 18:00:00,-0.08514648508345747,0.12630184110196663,0.09904407397310885,0.011284549997871096,0.009293128011383489,-0.09762381722245027,-0.008100345870261783
101_CT_1,THERMAL,2020-07-15 19:00:00,0.0,0.0,0.0,0.0,0.0,0.0,0.0
101_CT_2,THERMAL,2020-07-15 19:00:00,0.0,0.0,0.0,0.0,0.0,0.0,0.0
101_STEAM_3,THERMAL,2020-07-15 19:00:00,0.0364417451735633,0.0616922932420787,0.048588329167489716,0.0015029191614620852,-0.003438217089356377,0.047564100046358915,-0.009187056944901323
101_STEAM_4,THERMAL,2020-07-15 19:00:00,-0.05831964551821352,0.06634034817055519,0.05055233645504018,-0.006401140825284896,-0.006348892720820967,-0.04957996329827849,0.004010351326170835
102_CT_1,THERMAL,2020-07-15 19:00:00,0.0,0.0,0.0,0.0,0.0,0.0,0.0
102_CT_2,THERMAL,2020-07-15 19:00:00,-9.051919208023766e-13,9.051919208023766e-13,9.051919208023766e-13,0.0,0.0,0.0,-9.051919208023766e-13
102_STEAM_3,THERMAL,2020-07-15 19:00:00,-6.994070119276948e-06,6.994070119276948e-06,6.0894527726549065e-06,-8.812837953009467e-07,-8.779272880898858e-08,-6.024704664614017e-06,-2.889305529953996e-10
102_STEAM_4,THERMAL,2020-07-15 19:00:00,-3.889528653054341e-06,3.889528653054341e-06,3.1435566840770807e-06,-2.993113257243607e-08,-8.264769406352013e-07,-3.0328185782703766e-06,-3.020015763267823e-10
107_CC_1,THERMAL,2020-07-15 19:00:00,-1.328138187704255e-09,1.7167064763604431e-09,9.303757083612818e-10,-5.658645774175852e-10,-3.1993030447097226e-10,1.9428414432809404e-10,-6.366274501437916e-10
113_CT_1,THERMAL,2020-07-15 19:00:00,0.0,0.0,0.0,0.0,0.0,0.0,0.0
113_CT_2,THERMAL,2020-07-15 19:00:00,0.0,0.0,0.0,0.0,0.0,0.0,0.0
113_CT_3,THERMAL,2020-07-15 19:00:00,0.0,0.0,0.0,0.0,0.0,0.0,0.0
113_CT_4,THERMAL,2020-07-15 19:00:00,0.0,0.0,0.0,0.0,0.0,0.0,0.0
115_STEAM_1,THERMAL,2020-07-15 19:00:00,0.0,0.0,0.0,0.0,0.0,0.0,0.0
115_STEAM_2,THERMAL,2020-07-15 19:00:00,0.0,0.0,0.0,0.0,0.0,0.0,0.0
115_STEAM_3,THERMAL,2020-07-15 19:00:00,-2.9046968992768673e-10,5.963271128586731e-10,3.318789559001179e-10,1.529287114654932e-10,-5.033107264296177e-11,-2.55577170538146e-10,-1.3749015821207219e-10
116_STEAM_1,THERMAL,2020-07-15 19:00:00,-1.426374697472724e-06,1.426374697472724e-06,1.0084169588700604e-06,-2.466470803152987e-07,-2.2898273654980983e-07,-9.50598161971967e-07,-1.4671863564850565e-10
118_CC_1,THERMAL,2020-07-15 19:00:00,-6.086400271421481e-10,6.086400271421481e-10,5.42853714293185e-10,-0.0,-0.0,-5.382738699211131e-10,-7.036615722103495e-11
122_WIND_1,WIND,2020-07-15 19:00:00,1.0,1.0,1.0,1.0,0.0,0.0,0.0
123_CT_1,THERMAL,2020-07-15 19:00:00,0.0,0.0,0.0,0.0,0.0,0.0,0.0
123_CT_4,THERMAL,2020-07-15 19:00:00,0.0,0.0,0.0,0.0,0.0,0.0,-0.0
123_CT_5,THERMAL,2020-07-15 19:00:00,0.0,0.0,0.0,0.0,0.0,0.0,0.0
123_STEAM_2,THERMAL,2020-07-15 19:00:00,-1.0659580663065573e-09,1.0659580663065573e-09,6.421178770399834e-10,-2.755662920073121e-10,-0.0,-5.047837703386904e-10,-2.8560800396055483e-10
123_STEAM_3,THERMAL,2020-07-15 19:00:00,-4.994041348710506e-06,5.374108885042413e-06,4.572309378255815e-06,-6.641355346781452e-07,1.9003376816595363e-07,-4.519825682042092e-06,-1.139001562228958e-10
201_CT_1,THERMAL,2020-07-15 19:00:00,0.0,0.0,0.0,0.0,0.0,0.0,0.0
201_CT_2,THERMAL,2020-07-15 19:00:00,0.0,0.0,0.0,0.0,0.0,0.0,0.0
201_STEAM_3,THERMAL,2020-07-15 19:00:00,-0.12109322028061265,0.12109322028061265,0.060927924476347664,-0.031160327294805834,-0.024983680610803208,-0.03445722982132873,-0.030491982553674867
202_CT_1,THERMAL,2020-07-15 19:00:00,0.0,0.0,0.0,0.0,0.0,0.0,0.0
202_CT_2,THERMAL,2020-07-15 19:00:00,0.0,0.0,0.0,0.0,0.0,0.0,0.0
202_STEAM_3,THERMAL,2020-07-15 19:00:00,-0.12022192844748507,0.12022192844748507,0.06040829213657716,-0.030884321418637672,-0.025380607335476243,-0.033695519905065655,-0.030261479788305498
202_STEAM_4,THERMAL,2020-07-15 19:00:00,-0.1202373959545355,0.1202373959545355,0.06041703581077977,-0.03088428985311839,-0.02537978703521554,-0.033711839277896075,-0.030261479788305498
207_CT_1,THERMAL,2020-07-15 19:00:00,0.0,0.0,0.0,0.0,0.0,0.0,0.0
207_CT_2,THERMAL,2020-07-15 19:00:00,0.0,0.0,0.0,0.0,0.0,0.0,0.0
212_CSP_1,THERMAL,2020-07-15 19:00:00,-0.42403789822607807,0.42403789822607807,0.21204672390964535,-0.1064920683035282,-0.10332322842241659,-0.10808635994743038,-0.10613624155270289
213_CC_3,THERMAL,2020-07-15 19:00:00,-0.49875463515088747,0.49875463515088747,0.25232529577833707,-0.1300504084750438,-0.09461956943246463,-0.14801692559388546,-0.1260677316494936
213_CT_1,THERMAL,2020-07-15 19:00:00,0.0,0.0,0.0,0.0,0.0,0.0,0.0
213_CT_2,THERMAL,2020-07-15 19:00:00,0.0,0.0,0.0,0.0,0.0,0.0,0.0
215_CT_4,THERMAL,2020-07-15 19:00:00,0.0,0.0,0.0,0.0,0.0,0.0,0.0
215_CT_5,THERMAL,2020-07-15 19:00:00,0.0,0.0,0.0,0.0,0.0,0.0,0.0
216_STEAM_1,THERMAL,2020-07-15 19:00:00,-0.2430168558896502,0.2430168558896502,0.1221061325935021,-0.06238188022617197,-0.05134439051591022,-0.06811908697176539,-0.06117149817580261
218_CC_1,THERMAL,2020-07-15 19:00:00,-3.995910110805222e-05,3.995910110805222e-05,3.068748303240047e-05,-6.9800532845887275e-06,-3.2686840401030537e-06,-2.9703806703162536e-05,-6.5570801979101666e-09
221_CC_1,THERMAL,2020-07-15 19:00:00,-0.5302577919843277,0.5302577919843277,0.27448428133345865,-0.1421476638327117,-0.07709790722645893,-0.17584418172005817,-0.1351680392050989
223_CT_4,THERMAL,2020-07-15 19:00:00,0.0,0.0,0.0,0.0,0.0,0.0,0.0
223_CT_5,THERMAL,2020-07-15 19:00:00,0.0,0.0,0.0,0.0,0.0,0.0,0.0
223_CT_6,THERMAL,2020-07-15 19:00:00,0.0,0.0,0.0,0.0,0.0,0.0,0.0
223_STEAM_1,THERMAL,2020-07-15 19:00:00,-0.23306307263337853,0.23306307263337853,0.11656692037852485,-0.05864883682900446,-0.05602910717643486,-0.060023429532547495,-0.05836169909539172
223_STEAM_2,THERMAL,2020-07-15 19:00:00,-0.2330096799213689,0.2330096799213689,0.1165391192890301,-0.058638590712949246,-0.05604307829304783,-0.059969081760636755,-0.058358929154735055
223_STEAM_3,THERMAL,2020-07-15 19:00:00,-0.5274105363914214,0.5274105363914214,0.2638126327810139,-0.13287937028494168,-0.1259775588606888,-0.13643467858056246,-0.13211892866522856
301_CT_1,THERMAL,2020-07-15 19:00:00,0.0,0.0,0.0,0.0,0.0,0.0,0.0
301_CT_2,THERMAL,2020-07-15 19:00:00,0.0,0.0,0.0,0.0,0.0,0.0,0.0
301_CT_3,THERMAL,2020-07-15 19:00:00,0.0,0.0,0.0,0.0,0.0,0.0,0.0
301_CT_4,THERMAL,2020-07-15 19:00:00,0.0,0.0,0.0,0.0,0.0,0.0,0.0
302_CT_1,THERMAL,2020-07-15 19:00:00,0.0,0.0,0.0,0.0,0.0,0.0,0.0
302_CT_2,THERMAL,2020-07-15 19:00:00,0.0,0.0,0.0,0.0,0.0,0.0,0.0
302_CT_3,THERMAL,2020-07-15 19:00:00,0.0,0.0,0.0,0.0,0.0,0.0,0.0
302_CT_4,THERMAL,2020-07-15 19:00:00,0.0,0.0,0.0,0.0,0.0,0.0,0.0
303_WIND_1,WIND,2020-07-15 19:00:00,1.0,1.0,1.0,0.0,1.0,0.0,0.0
307_CT_1,THERMAL,2020-07-15 19:00:00,0.005173760125122934,0.04734171576396733,0.0318524979850703,-0.0030140667747892425,0.02605637730185542,-0.018069911044632958,0.00020136064268971344
307_CT_2,THERMAL,2020-07-15 19:00:00,5.765733859811298e-13,6.460733473226646e-13,5.644513665200976e-13,5.0182080713057076e-14,-3.47499806707674e-14,5.611412859388401e-13,0.0
309_WIND_1,WIND,2020-07-15 19:00:00,1.0,1.0,1.0,0.0,0.0,1.0,0.0
313_CC_1,THERMAL,2020-07-15 19:00:00,2.368202261787657e-11,3.241887908406214e-11,2.8388570907503068e-11,-0.0,-0.0,2.8050450850969355e-11,-4.368428233092787e-12
315_CT_6,THERMAL,2020-07-15 19:00:00,0.0,0.0,0.0,0.0,0.0,0.0,0.0
315_CT_7,THERMAL,2020-07-15 19:00:00,0.0,0.0,0.0,0.0,0.0,0.0,0.0
315_CT_8,THERMAL,2020-07-15 19:00:00,0.0,0.0,0.0,0.0,0.0,0.0,0.0
315_STEAM_1,THERMAL,2020-07-15 19:00:00,0.0,0.0,0.0,0.0,0.0,0.0,0.0
315_STEAM_2,THERMAL,2020-07-15 19:00:00,0.0,0.0,0.0,0.0,0.0,0.0,0.0
315_STEAM_3,THERMAL,2020-07-15 19:00:00,0.0,0.0,0.0,0.0,0.0,0.0,0.0
315_STEAM_4,THERMAL,2020-07-15 19:00:00,0.0,0.0,0.0,0.0,0.0,0.0,0.0
315_STEAM_5,THERMAL,2020-07-15 19:00:00,0.0,0.0,0.0,0.0,0.0,0.0,0.0
316_STEAM_1,THERMAL,2020-07-15 19:00:00,-0.22128625535144097,0.22128625535144097,0.11091364353836132,-0.0542271606635803,-0.061376095937071606,-0.05063037925601274,-0.05505261949477634
317_WIND_1,WIND,2020-07-15 19:00:00,1.0,1.0,1.0,0.0,0.0,0.0,1.0
318_CC_1,THERMAL,2020-07-15 19:00:00,-0.34364192350076833,0.34364192350076833,0.19753605060177423,-0.07266150195818855,-0.1620083753546987,-0.026587722874472947,-0.08238432331340811
321_CC_1,THERMAL,2020-07-15 19:00:00,-0.3672073983516435,0.3672073983516435,0.19949727086227648,-0.08102248837540804,-0.15270165942623315,-0.044293556552606195,-0.08918969399739614
322_CT_5,THERMAL,2020-07-15 19:00:00,0.0,0.0,0.0,0.0,0.0,0.0,0.0
322_CT_6,THERMAL,2020-07-15 19:00:00,0.0,0.0,0.0,0.0,0.0,0.0,0.0
323_CC_1,THERMAL,2020-07-15 19:00:00,-4.932695135168672e-10,9.027619534735607e-10,5.938691961388601e-10,-1.348032796499865e-10,2.0474621997834674e-10,-5.404339198378239e-10,-2.2778534007403588e-11
323_CC_2,THERMAL,2020-07-15 19:00:00,-4.932696245391697e-10,9.027622865404681e-10,5.938692848179244e-10,-1.3480350169459143e-10,2.047463310006492e-10,-5.404339198378239e-10,-2.2778534007403588e-11
101_CT_1,THERMAL,2020-07-15 20:00:00,0.0,0.0,0.0,0.0,0.0,0.0,0.0
101_CT_2,THERMAL,2020-07-15 20:00:00,0.0,0.0,0.0,0.0,0.0,0.0,0.0
101_STEAM_3,THERMAL,2020-07-15 20:00:00,0.014129794033062972,0.03120644762375862,0.02233053103398963,0.0012737607259622587,-0.0030733386932019517,0.021394360102448537,-0.00546498810214587
101_STEAM_4,THERMAL,2020-07-15 20:00:00,-0.033443475824839725,0.035272176775619585,0.024836748395288186,-0.005787135972586371,-0.004947387185902791,-0.023623303141740493,0.0009143504753899323
102_CT_1,THERMAL,2020-07-15 20:00:00,0.0,0.0,0.0,0.0,0.0,0.0,0.0
102_CT_2,THERMAL,2020-07-15 20:00:00,0.0,0.0,0.0,0.0,0.0,0.0,0.0
102_STEAM_3,THERMAL,2020-07-15 20:00:00,-0.008824380836727048,0.008824380836727048,0.00444880096636555,-0.002281978562990894,-0.0017625789734897618,-0.0025547810648241845,-0.002225042235422207
102_STEAM_4,THERMAL,2020-07-15 20:00:00,-0.008814960982198142,0.008814960982198142,0.004443959134348048,-0.0022809898523347832,-0.0017597423784091043,-0.0025491865160320484,-0.002225042235422207
107_CC_1,THERMAL,2020-07-15 20:00:00,-0.45642623110059033,0.45642623110059033,0.23311575171215423,-0.12054337491935316,-0.07697965246709437,-0.14307046962750114,-0.11583273408664166
113_CT_1,THERMAL,2020-07-15 20:00:00,0.0,0.0,0.0,0.0,0.0,0.0,0.0
113_CT_2,THERMAL,2020-07-15 20:00:00,0.0,0.0,0.0,0.0,0.0,0.0,0.0
113_CT_3,THERMAL,2020-07-15 20:00:00,0.0,0.0,0.0,0.0,0.0,0.0,0.0
113_CT_4,THERMAL,2020-07-15 20:00:00,0.0,0.0,0.0,0.0,0.0,0.0,0.0
115_STEAM_1,THERMAL,2020-07-15 20:00:00,0.0,0.0,0.0,0.0,0.0,0.0,0.0
115_STEAM_2,THERMAL,2020-07-15 20:00:00,0.0,0.0,0.0,0.0,0.0,0.0,0.0
115_STEAM_3,THERMAL,2020-07-15 20:00:00,-9.126380408797843e-10,9.126380408797843e-10,5.670194678244938e-10,-2.7101423882847087e-10,-0.0,-4.661078190082435e-10,-1.755159830430699e-10
116_STEAM_1,THERMAL,2020-07-15 20:00:00,5.837394051742457e-07,2.7825505398491523e-06,1.8585379419606791e-06,-6.420351786884382e-07,-4.5714008739539125e-07,1.683144972511699e-06,-2.3030125362390683e-10
118_CC_1,THERMAL,2020-07-15 20:00:00,-3.433196115500177e-10,5.059579587841963e-10,2.587200305297868e-10,-1.5350060111885e-10,-1.367637114668696e-10,8.131917361708929e-11,-1.343744725813874e-10
122_WIND_1,WIND,2020-07-15 20:00:00,1.0,1.0,1.0,1.0,0.0,0.0,0.0
123_CT_1,THERMAL,2020-07-15 20:00:00,0.0,0.0,0.0,0.0,0.0,0.0,0.0
123_CT_4,THERMAL,2020-07-15 20:00:00,0.0,0.0,0.0,0.0,0.0,0.0,0.0
123_CT_5,THERMAL,2020-07-15 20:00:00,0.0,0.0,0.0,0.0,0.0,0.0,0.0
123_STEAM_2,THERMAL,2020-07-15 20:00:00,-2.3125589620234375e-06,2.3125589620234375e-06,1.5724352387390508e-06,-1.4494597503633688e-06,-4.0933702447065734e-07,-4.5172787613889165e-07,-2.0343110505198277e-09
123_STEAM_3,THERMAL,2020-07-15 20:00:00,-1.1592256530726179e-07,3.3959103863080694e-06,2.136453879996036e-06,-1.287159254903525e-06,-4.6698293254543444e-07,1.6399939105004039e-06,-1.7742883587063487e-09
201_CT_1,THERMAL,2020-07-15 20:00:00,0.0,0.0,0.0,0.0,0.0,0.0,0.0
201_CT_2,THERMAL,2020-07-15 20:00:00,0.0,0.0,0.0,0.0,0.0,0.0,0.0
201_STEAM_3,THERMAL,2020-07-15 20:00:00,-0.10216238922312704,0.10216238922312704,0.051157291938141204,-0.02577129525718555,-0.023496096986757704,-0.02742267357287606,-0.025472323406307736
202_CT_1,THERMAL,2020-07-15 20:00:00,0.0,0.0,0.0,0.0,0.0,0.0,0.0
202_CT_2,THERMAL,2020-07-15 20:00:00,0.0,0.0,0.0,0.0,0.0,0.0,0.0
202_STEAM_3,THERMAL,2020-07-15 20:00:00,-0.10118762240403524,0.10118762240403524,0.050633230155098435,-0.02555939199912622,-0.02374580667254065,-0.026526530528105094,-0.025355893204263277
202_STEAM_4,THERMAL,2020-07-15 20:00:00,-0.10113742775550054,0.10113742775550054,0.05060667157292891,-0.025538433891879403,-0.023758153850072114,-0.026484946809285745,-0.025355893204263277
207_CT_1,THERMAL,2020-07-15 20:00:00,0.0,0.0,0.0,0.0,0.0,0.0,0.0
207_CT_2,THERMAL,2020-07-15 20:00:00,0.0,0.0,0.0,0.0,0.0,0.0,0.0
212_CSP_1,THERMAL,2020-07-15 20:00:00,-0.3651592621859282,0.3651592621859282,0.18258090282550055,-0.0913608516341862,-0.09076832008431845,-0.09172232049173282,-0.09130776997569073
213_CC_3,THERMAL,2020-07-15 20:00:00,-0.3431217710781791,0.3431217710781791,0.17164614268561504,-0.08661948724112312,-0.08144238227475875,-0.08887466838103471,-0.08618523318126252
213_CT_1,THERMAL,2020-07-15 20:00:00,0.0,0.0,0.0,0.0,0.0,0.0,0.0
213_CT_2,THERMAL,2020-07-15 20:00:00,0.0,0.0,0.0,0.0,0.0,0.0,0.0
215_CT_4,THERMAL,2020-07-15 20:00:00,0.0,0.0,0.0,0.0,0.0,0.0,0.0
215_CT_5,THERMAL,2020-07-15 20:00:00,0.0,0.0,0.0,0.0,0.0,0.0,0.0
216_STEAM_1,THERMAL,2020-07-15 20:00:00,-0.20586586773846965,0.20586586773846965,0.10305486775881528,-0.052185387776946784,-0.04754809564834937,-0.05450288481203541,-0.05162949950113809
218_CC_1,THERMAL,2020-07-15 20:00:00,-0.35702582029297325,0.35702582029297325,0.17924274860692002,-0.0915496436487589,-0.07664710013488119,-0.09908560072366031,-0.08974347578567285
221_CC_1,THERMAL,2020-07-15 20:00:00,-0.4489391804002463,0.4489391804002463,0.22824451127021816,-0.11780863980518436,-0.07999293752759201,-0.1374592056627546,-0.11367839740471528
223_CT_4,THERMAL,2020-07-15 20:00:00,0.0,0.0,0.0,0.0,0.0,0.0,0.0
223_CT_5,THERMAL,2020-07-15 20:00:00,0.0,0.0,0.0,0.0,0.0,0.0,0.0
223_CT_6,THERMAL,2020-07-15 20:00:00,0.0,0.0,0.0,0.0,0.0,0.0,0.0
223_STEAM_1,THERMAL,2020-07-15 20:00:00,-0.1973952641644344,0.1973952641644344,0.09870763041736401,-0.04913037419623473,-0.05045565429018402,-0.048513279021928014,-0.04929595665608763
223_STEAM_2,THERMAL,2020-07-15 20:00:00,-0.19730944828792837,0.19730944828792837,0.09866582568885413,-0.04914892388924266,-0.05046565681668863,-0.04839891092590945,-0.04929595665608763
223_STEAM_3,THERMAL,2020-07-15 20:00:00,-0.4448372043854228,0.4448372043854228,0.22245205477108987,-0.11069506767037446,-0.11420374013502932,-0.10883446056546031,-0.1111039360145587
301_CT_1,THERMAL,2020-07-15 20:00:00,0.0,0.0,0.0,0.0,0.0,0.0,0.0
301_CT_2,THERMAL,2020-07-15 20:00:00,0.0,0.0,0.0,0.0,0.0,0.0,0.0
301_CT_3,THERMAL,2020-07-15 20:00:00,0.0,0.0,0.0,0.0,0.0,0.0,0.0
301_CT_4,THERMAL,2020-07-15 20:00:00,0.0,0.0,0.0,0.0,0.0,0.0,0.0
302_CT_1,THERMAL,2020-07-15 20:00:00,0.0,0.0,0.0,0.0,0.0,0.0,0.0
302_CT_2,THERMAL,2020-07-15 20:00:00,0.0,0.0,0.0,0.0,0.0,0.0,0.0
302_CT_3,THERMAL,2020-07-15 20:00:00,0.0,0.0,0.0,0.0,0.0,0.0,0.0
302_CT_4,THERMAL,2020-07-15 20:00:00,0.0,0.0,0.0,0.0,0.0,0.0,0.0
303_WIND_1,WIND,2020-07-15 20:00:00,1.0,1.0,1.0,0.0,1.0,0.0,0.0
307_CT_1,THERMAL,2020-07-15 20:00:00,0.014606624759933042,0.051867524647981146,0.03554110953983076,-0.0010666063234211279,0.030781740522622544,-0.017563843620602926,0.0024553341813345507
307_CT_2,THERMAL,2020-07-15 20:00:00,1.0001624132884306e-12,1.234391715908723e-12,1.0200092282753355e-12,1.1000228505864129e-13,-1.171146513101462e-13,1.0072747795399355e-12,0.0
309_WIND_1,WIND,2020-07-15 20:00:00,1.0,1.0,1.0,0.0,0.0,1.0,0.0
313_CC_1,THERMAL,2020-07-15 20:00:00,-1.1028781965656117e-10,1.6542893355371143e-10,1.3784964450621949e-10,-0.0,2.757055694857513e-11,-1.3503487217292331e-10,-2.823504432212983e-12
315_CT_6,THERMAL,2020-07-15 20:00:00,0.0,0.0,0.0,0.0,0.0,0.0,0.0
315_CT_7,THERMAL,2020-07-15 20:00:00,0.0,0.0,0.0,0.0,0.0,0.0,0.0
315_CT_8,THERMAL,2020-07-15 20:00:00,0.0,0.0,0.0,0.0,0.0,0.0,0.0
315_STEAM_1,THERMAL,2020-07-15 20:00:00,0.0,0.0,0.0,0.0,0.0,0.0,0.0
315_STEAM_2,THERMAL,2020-07-15 20:00:00,0.0,0.0,0.0,0.0,0.0,0.0,0.0
315_STEAM_3,THERMAL,2020-07-15 20:00:00,0.0,0.0,0.0,0.0,0.0,0.0,0.0
315_STEAM_4,THERMAL,2020-07-15 20:00:00,0.0,0.0,0.0,0.0,0.0,0.0,0.0
315_STEAM_5,THERMAL,2020-07-15 20:00:00,0.0,0.0,0.0,0.0,0.0,0.0,0.0
316_STEAM_1,THERMAL,2020-07-15 20:00:00,-0.18462661382931705,0.18462661382931705,0.0929381390622031,-0.044543893685895175,-0.05461254971322631,-0.039715679248511215,-0.045754491181684356
317_WIND_1,WIND,2020-07-15 20:00:00,1.0,1.0,1.0,0.0,0.0,0.0,1.0
318_CC_1,THERMAL,2020-07-15 20:00:00,-0.21788424496064135,0.2542904080836251,0.1616316780906791,-0.03824265317096265,-0.14770598801394025,0.01820308156149187,-0.0501386853372303
321_CC_1,THERMAL,2020-07-15 20:00:00,-0.2421951846009946,0.2421951846009946,0.1376380565782353,-0.05155811856909703,-0.11150982700621631,-0.020576867139429102,-0.05855037188625213
322_CT_5,THERMAL,2020-07-15 20:00:00,0.0,0.0,0.0,0.0,0.0,0.0,0.0
322_CT_6,THERMAL,2020-07-15 20:00:00,0.0,0.0,0.0,0.0,0.0,0.0,0.0
323_CC_1,THERMAL,2020-07-15 20:00:00,-0.006185080278782687,0.0402638388480894,0.024008395663458266,-0.004806610031226979,0.017039379284653357,-0.016040854407100884,-0.002376995125108181
323_CC_2,THERMAL,2020-07-15 20:00:00,-0.006193142345252187,0.04030358759027468,0.024042688687361292,-0.004791523547185594,0.017055222622511246,-0.016079846295469657,-0.002376995125108181
101_CT_1,THERMAL,2020-07-15 21:00:00,0.0,0.0,0.0,0.0,0.0,0.0,0.0
101_CT_2,THERMAL,2020-07-15 21:00:00,0.0,0.0,0.0,0.0,0.0,0.0,0.0
101_STEAM_3,THERMAL,2020-07-15 21:00:00,0.03275444958323624,0.03275444958323624,0.021585294912796045,0.01898645264853455,5.3915190617240065e-05,0.009244366405755607,0.004469715338328849
101_STEAM_4,THERMAL,2020-07-15 21:00:00,-0.03268827612516046,0.03268827612516046,0.02175139293232508,-0.019276850406205154,-2.3006730091109317e-05,-0.00913354568414338,-0.004254873304720818
102_CT_1,THERMAL,2020-07-15 21:00:00,0.0,0.0,0.0,0.0,0.0,0.0,0.0
102_CT_2,THERMAL,2020-07-15 21:00:00,0.0,0.0,0.0,0.0,0.0,0.0,0.0
102_STEAM_3,THERMAL,2020-07-15 21:00:00,-0.017368418369276006,0.017368418369276006,0.008685307592873545,-0.004384663178174347,-0.004431319662453227,-0.004258524402570097,-0.0042939111260783345
102_STEAM_4,THERMAL,2020-07-15 21:00:00,-0.015608392664922463,0.015608392664922463,0.007805272041710286,-0.003937282035413436,-0.003987672437167314,-0.0038200497075854267,-0.0038633884847562856
107_CC_1,THERMAL,2020-07-15 21:00:00,-3.071546120431588e-08,3.071546120431588e-08,1.545797028204387e-08,-8.205678803108185e-09,-8.768875958686806e-09,-7.26809634699066e-09,-6.47281009553023e-09
113_CT_1,THERMAL,2020-07-15 21:00:00,0.0,0.0,0.0,0.0,0.0,0.0,0.0
113_CT_2,THERMAL,2020-07-15 21:00:00,0.0,0.0,0.0,0.0,0.0,0.0,0.0
113_CT_3,THERMAL,2020-07-15 21:00:00,0.0,0.0,0.0,0.0,0.0,0.0,0.0
113_CT_4,THERMAL,2020-07-15 21:00:00,0.0,0.0,0.0,0.0,0.0,0.0,0.0
115_STEAM_1,THERMAL,2020-07-15 21:00:00,0.0,0.0,0.0,0.0,0.0,0.0,0.0
115_STEAM_2,THERMAL,2020-07-15 21:00:00,0.0,0.0,0.0,0.0,0.0,0.0,0.0
115_STEAM_3,THERMAL,2020-07-15 21:00:00,-0.30511653057170646,0.30511653057170646,0.1525792676463798,-0.07642223995926511,-0.07426280889001938,-0.07774870304898004,-0.07668277867344193
116_STEAM_1,THERMAL,2020-07-15 21:00:00,-6.743851053110425e-07,6.743851053110425e-07,3.3720553284153065e-07,-1.6936413427259822e-07,-1.6649094811138632e-07,-1.7045610056776184e-07,-1.680739223592961e-07
118_CC_1,THERMAL,2020-07-15 21:00:00,-0.6144564389660202,0.6144564389660202,0.30744769890446866,-0.1532547120756319,-0.1443764347755624,-0.15971514518281854,-0.1571101469320074
122_WIND_1,WIND,2020-07-15 21:00:00,1.0,1.0,1.0,1.0,0.0,0.0,0.0
123_CT_1,THERMAL,2020-07-15 21:00:00,0.0,0.0,0.0,0.0,0.0,0.0,0.0
123_CT_4,THERMAL,2020-07-15 21:00:00,0.0,0.0,0.0,0.0,0.0,0.0,0.0
123_CT_5,THERMAL,2020-07-15 21:00:00,0.0,0.0,0.0,0.0,0.0,0.0,0.0
123_STEAM_2,THERMAL,2020-07-15 21:00:00,-1.3436926232099944e-05,2.0043544367241545e-05,1.2481052612381102e-05,-6.7935549852293775e-06,-9.935406739852715e-06,3.3033090675708e-06,-1.127357458865219e-08
123_STEAM_3,THERMAL,2020-07-15 21:00:00,-1.1616082451190901e-05,1.6662296378868944e-05,1.0352527042897265e-05,-7.770651822891494e-06,-6.3581136362511614e-06,2.5231069638390213e-06,-1.0423955887266572e-08
201_CT_1,THERMAL,2020-07-15 21:00:00,0.0,0.0,0.0,0.0,0.0,0.0,0.0
201_CT_2,THERMAL,2020-07-15 21:00:00,0.0,0.0,0.0,0.0,0.0,0.0,0.0
201_STEAM_3,THERMAL,2020-07-15 21:00:00,-2.169665610991791e-07,2.169665610991791e-07,1.0960803871524114e-07,-5.761883556387737e-08,-6.544957266430007e-08,-4.7927294466454384e-08,-4.597085840454728e-08
202_CT_1,THERMAL,2020-07-15 21:00:00,0.0,0.0,0.0,0.0,0.0,0.0,0.0
202_CT_2,THERMAL,2020-07-15 21:00:00,0.0,0.0,0.0,0.0,0.0,0.0,0.0
202_STEAM_3,THERMAL,2020-07-15 21:00:00,-1.2573967736931373e-07,1.2573967736931373e-07,6.339316521059433e-08,-3.3238357833012204e-08,-3.722698528231508e-08,-2.81011268030053e-08,-2.7173207450981137e-08
202_STEAM_4,THERMAL,2020-07-15 21:00:00,-1.2573968058531736e-07,1.2573968058531736e-07,6.339316679246115e-08,-3.3238359353502174e-08,-3.722698551188205e-08,-2.8101128269074464e-08,-2.7173207450858672e-08
207_CT_1,THERMAL,2020-07-15 21:00:00,0.0,0.0,0.0,0.0,0.0,0.0,0.0
207_CT_2,THERMAL,2020-07-15 21:00:00,0.0,0.0,0.0,0.0,0.0,0.0,0.0
212_CSP_1,THERMAL,2020-07-15 21:00:00,-3.563656938354412e-08,3.563656938354412e-08,1.7825411296710775e-08,-9.048930160737712e-09,-9.24956383707709e-09,-8.709600152201347e-09,-8.628475233527965e-09
213_CC_3,THERMAL,2020-07-15 21:00:00,0.0,0.0,0.0,0.0,0.0,0.0,0.0
213_CT_1,THERMAL,2020-07-15 21:00:00,0.0,0.0,0.0,0.0,0.0,0.0,0.0
213_CT_2,THERMAL,2020-07-15 21:00:00,0.0,0.0,0.0,0.0,0.0,0.0,0.0
215_CT_4,THERMAL,2020-07-15 21:00:00,0.0,0.0,0.0,0.0,0.0,0.0,0.0
215_CT_5,THERMAL,2020-07-15 21:00:00,0.0,0.0,0.0,0.0,0.0,0.0,0.0
216_STEAM_1,THERMAL,2020-07-15 21:00:00,-5.749387914228521e-08,5.749387914228521e-08,2.884097036122791e-08,-1.4905460310465912e-08,-1.6005009623176747e-08,-1.3546330501768011e-08,-1.303707870687454e-08
218_CC_1,THERMAL,2020-07-15 21:00:00,1.5123087314556688e-12,1.5123087314556688e-12,9.403574594938233e-13,5.71209746169643e-13,2.30593322214645e-13,7.105056630713808e-13,0.0
221_CC_1,THERMAL,2020-07-15 21:00:00,-0.3441019399031605,0.3441019399031605,0.17517391198748947,-0.0932101533944113,-0.1095119477299063,-0.07301054894058745,-0.06836928983825545
223_CT_4,THERMAL,2020-07-15 21:00:00,0.0,0.0,0.0,0.0,0.0,0.0,0.0
223_CT_5,THERMAL,2020-07-15 21:00:00,0.0,0.0,0.0,0.0,0.0,0.0,0.0
223_CT_6,THERMAL,2020-07-15 21:00:00,0.0,0.0,0.0,0.0,0.0,0.0,0.0
223_STEAM_1,THERMAL,2020-07-15 21:00:00,-0.0679577089321812,0.0679577089321812,0.034222557890200324,-0.017839604366184154,-0.019924642143092048,-0.015339664879526883,-0.014853797543378105
223_STEAM_2,THERMAL,2020-07-15 21:00:00,-0.06821045914358304,0.06821045914358304,0.03436326249381828,-0.017962620714077275,-0.02006067225202422,-0.015333368601942976,-0.01485379757553857
223_STEAM_3,THERMAL,2020-07-15 21:00:00,-0.6394396761430232,0.6394396761430232,0.32285164441322883,-0.16918494443782284,-0.19217224606109412,-0.14173682334661025,-0.13634566229749606
301_CT_1,THERMAL,2020-07-15 21:00:00,0.0,0.0,0.0,0.0,0.0,0.0,0.0
301_CT_2,THERMAL,2020-07-15 21:00:00,0.0,0.0,0.0,0.0,0.0,0.0,0.0
301_CT_3,THERMAL,2020-07-15 21:00:00,0.0,0.0,0.0,0.0,0.0,0.0,0.0
301_CT_4,THERMAL,2020-07-15 21:00:00,0.0,0.0,0.0,0.0,0.0,0.0,0.0
302_CT_1,THERMAL,2020-07-15 21:00:00,0.0,0.0,0.0,0.0,0.0,0.0,0.0
302_CT_2,THERMAL,2020-07-15 21:00:00,0.0,0.0,0.0,0.0,0.0,0.0,0.0
302_CT_3,THERMAL,2020-07-15 21:00:00,0.0,0.0,0.0,0.0,0.0,0.0,0.0
302_CT_4,THERMAL,2020-07-15 21:00:00,0.0,0.0,0.0,0.0,0.0,0.0,0.0
303_WIND_1,WIND,2020-07-15 21:00:00,1.0,1.0,1.0,0.0,1.0,0.0,0.0
307_CT_1,THERMAL,2020-07-15 21:00:00,0.0,0.0,0.0,0.0,0.0,0.0,0.0
307_CT_2,THERMAL,2020-07-15 21:00:00,0.0,0.0,0.0,0.0,0.0,0.0,0.0
309_WIND_1,WIND,2020-07-15 21:00:00,1.0,1.0,1.0,0.0,0.0,1.0,0.0
313_CC_1,THERMAL,2020-07-15 21:00:00,-1.7780366213281295e-10,1.7780366213281295e-10,1.4472434355093385e-10,-0.0,-0.0,-1.3958745270770123e-10,-3.821620942511173e-11
315_CT_6,THERMAL,2020-07-15 21:00:00,0.0,0.0,0.0,0.0,0.0,0.0,0.0
315_CT_7,THERMAL,2020-07-15 21:00:00,0.0,0.0,0.0,0.0,0.0,0.0,0.0
315_CT_8,THERMAL,2020-07-15 21:00:00,0.0,0.0,0.0,0.0,0.0,0.0,0.0
315_STEAM_1,THERMAL,2020-07-15 21:00:00,0.0,0.0,0.0,0.0,0.0,0.0,0.0
315_STEAM_2,THERMAL,2020-07-15 21:00:00,0.0,0.0,0.0,0.0,0.0,0.0,0.0
315_STEAM_3,THERMAL,2020-07-15 21:00:00,0.0,0.0,0.0,0.0,0.0,0.0,0.0
315_STEAM_4,THERMAL,2020-07-15 21:00:00,0.0,0.0,0.0,0.0,0.0,0.0,0.0
315_STEAM_5,THERMAL,2020-07-15 21:00:00,0.0,0.0,0.0,0.0,0.0,0.0,0.0
316_STEAM_1,THERMAL,2020-07-15 21:00:00,-0.24370061333626142,0.24370061333626142,0.12551553426580686,-0.049687377563284674,-0.07912637915285317,-0.042868877492849046,-0.07201797912727453
317_WIND_1,WIND,2020-07-15 21:00:00,1.0,1.0,1.0,0.0,0.0,0.0,1.0
318_CC_1,THERMAL,2020-07-15 21:00:00,-0.26669234876934,0.4397408373150238,0.273261632186378,-0.11191855840045728,-0.24129803464172458,0.033823055305567125,0.05270118896727474
321_CC_1,THERMAL,2020-07-15 21:00:00,8.834064425403343e-13,8.834064425403343e-13,6.33191523091665e-13,2.070565940925917e-13,8.387734951043058e-14,5.92472498937312e-13,0.0
322_CT_5,THERMAL,2020-07-15 21:00:00,0.0,0.0,0.0,0.0,0.0,0.0,0.0
322_CT_6,THERMAL,2020-07-15 21:00:00,0.0,0.0,0.0,0.0,0.0,0.0,0.0
323_CC_1,THERMAL,2020-07-15 21:00:00,-0.7094216853317188,0.7094216853317188,0.39038920197212074,-0.15088268219281584,-0.05541639066026588,-0.2508587098916838,-0.25226390258695325
323_CC_2,THERMAL,2020-07-15 21:00:00,-0.7079656414580111,0.7079656414580111,0.38940840727375414,-0.15100987409522384,-0.055445726114595945,-0.24924898269784934,-0.252261058550342
101_CT_1,THERMAL,2020-07-15 22:00:00,0.0,0.0,0.0,0.0,0.0,0.0,0.0
101_CT_2,THERMAL,2020-07-15 22:00:00,0.0,0.0,0.0,0.0,0.0,0.0,0.0
101_STEAM_3,THERMAL,2020-07-15 22:00:00,0.011858834513846611,0.029144698342695504,0.02177167118367776,-0.00012911579641589066,-0.008513816118008555,0.020032056891418515,0.0004697095368525424
101_STEAM_4,THERMAL,2020-07-15 22:00:00,-0.0353331029031605,0.0353331029031605,0.02378481191478742,-0.005203332138928207,-0.0017731163750671353,-0.022346826038342038,-0.0060098283508231215
102_CT_1,THERMAL,2020-07-15 22:00:00,0.0,0.0,0.0,0.0,0.0,0.0,0.0
102_CT_2,THERMAL,2020-07-15 22:00:00,0.0,0.0,0.0,0.0,0.0,0.0,0.0
102_STEAM_3,THERMAL,2020-07-15 22:00:00,-0.11755519897464921,0.11755519897464921,0.05878150301593739,-0.029123174322093964,-0.02994951266145463,-0.029117965354503936,-0.029364546636596666
102_STEAM_4,THERMAL,2020-07-15 22:00:00,-0.1175300849004266,0.1175300849004266,0.05876907284446662,-0.029075809315821544,-0.029949022673983947,-0.029140895900997416,-0.0293643570096237
107_CC_1,THERMAL,2020-07-15 22:00:00,-0.4067828448861191,0.4067828448861191,0.20814310493574167,-0.09564778945339591,-0.13622247639217622,-0.07478182153843682,-0.10013075750211016
113_CT_1,THERMAL,2020-07-15 22:00:00,0.0,0.0,0.0,0.0,0.0,0.0,0.0
113_CT_2,THERMAL,2020-07-15 22:00:00,0.0,0.0,0.0,0.0,0.0,0.0,0.0
113_CT_3,THERMAL,2020-07-15 22:00:00,0.0,0.0,0.0,0.0,0.0,0.0,0.0
113_CT_4,THERMAL,2020-07-15 22:00:00,0.0,0.0,0.0,0.0,0.0,0.0,0.0
115_STEAM_1,THERMAL,2020-07-15 22:00:00,0.0,0.0,0.0,0.0,0.0,0.0,0.0
115_STEAM_2,THERMAL,2020-07-15 22:00:00,0.0,0.0,0.0,0.0,0.0,0.0,0.0
115_STEAM_3,THERMAL,2020-07-15 22:00:00,-0.12168863437725608,0.12168863437725608,0.06090913427590707,-0.0308955561131512,-0.0282007828007403,-0.0320724770556514,-0.030519818407713173
116_STEAM_1,THERMAL,2020-07-15 22:00:00,-0.2459555200304891,0.2459555200304891,0.12303850624643989,-0.062006892782417555,-0.05847288673523965,-0.06384693631645844,-0.06162880419637347
118_CC_1,THERMAL,2020-07-15 22:00:00,-4.843448304065954e-09,4.843448304065954e-09,2.7707551023153904e-09,-6.903935201307831e-10,-6.491049919787883e-10,-2.3177801899976203e-09,-1.186169601958762e-09
122_WIND_1,WIND,2020-07-15 22:00:00,1.0,1.0,1.0,1.0,0.0,0.0,0.0
123_CT_1,THERMAL,2020-07-15 22:00:00,0.0,0.0,0.0,0.0,0.0,0.0,0.0
123_CT_4,THERMAL,2020-07-15 22:00:00,0.0,0.0,0.0,0.0,0.0,0.0,0.0
123_CT_5,THERMAL,2020-07-15 22:00:00,0.0,0.0,0.0,0.0,0.0,0.0,0.0
123_STEAM_2,THERMAL,2020-07-15 22:00:00,-0.23018245487258407,0.23018245487258407,0.11525825536851252,-0.056709222301123186,-0.062366602497437355,-0.05373743972208472,-0.0573691903519388
123_STEAM_3,THERMAL,2020-07-15 22:00:00,-0.5298442949233482,0.5298442949233482,0.2650336238069874,-0.13152565694063456,-0.13840264094158664,-0.12768098995108706,-0.13223500709003994
201_CT_1,THERMAL,2020-07-15 22:00:00,0.0,0.0,0.0,0.0,0.0,0.0,0.0
201_CT_2,THERMAL,2020-07-15 22:00:00,0.0,0.0,0.0,0.0,0.0,0.0,0.0
201_STEAM_3,THERMAL,2020-07-15 22:00:00,-0.10191729292481674,0.10191729292481674,0.05203917175499053,-0.024091992022642228,-0.033697405415338555,-0.019022516702600162,-0.025105378784235802
202_CT_1,THERMAL,2020-07-15 22:00:00,0.0,0.0,0.0,0.0,0.0,0.0,0.0
202_CT_2,THERMAL,2020-07-15 22:00:00,0.0,0.0,0.0,0.0,0.0,0.0,0.0
202_STEAM_3,THERMAL,2020-07-15 22:00:00,-0.10414378407749568,0.10414378407749568,0.05286881491627877,-0.024814371424713877,-0.03315168688441077,-0.020430570236955728,-0.025747155531415305
202_STEAM_4,THERMAL,2020-07-15 22:00:00,-0.10425928944119285,0.10425928944119285,0.05291390443949786,-0.02482418368362896,-0.03314981247904588,-0.02053813774710271,-0.025747155531415305
207_CT_1,THERMAL,2020-07-15 22:00:00,0.0,0.0,0.0,0.0,0.0,0.0,0.0
207_CT_2,THERMAL,2020-07-15 22:00:00,0.0,0.0,0.0,0.0,0.0,0.0,0.0
212_CSP_1,THERMAL,2020-07-15 22:00:00,-0.4355152062781028,0.4355152062781028,0.21776662904747743,-0.10857120944200649,-0.11044278786500128,-0.10770239255798775,-0.10879881641310729
213_CC_3,THERMAL,2020-07-15 22:00:00,0.0,0.0,0.0,0.0,0.0,0.0,0.0
213_CT_1,THERMAL,2020-07-15 22:00:00,0.0,0.0,0.0,0.0,0.0,0.0,0.0
213_CT_2,THERMAL,2020-07-15 22:00:00,0.0,0.0,0.0,0.0,0.0,0.0,0.0
215_CT_4,THERMAL,2020-07-15 22:00:00,0.0,0.0,0.0,0.0,0.0,0.0,0.0
215_CT_5,THERMAL,2020-07-15 22:00:00,0.0,0.0,0.0,0.0,0.0,0.0,0.0
216_STEAM_1,THERMAL,2020-07-15 22:00:00,-0.22277152405512346,0.22277152405512346,0.11191840775262965,-0.054252781764725366,-0.06418238909872036,-0.04900991001556429,-0.055326443176113446
218_CC_1,THERMAL,2020-07-15 22:00:00,0.0,0.0,0.0,0.0,0.0,0.0,0.0
221_CC_1,THERMAL,2020-07-15 22:00:00,-0.3551400797600526,0.3551400797600526,0.1929571323769314,-0.07867431014290438,-0.14763896891059916,-0.04264908980206006,-0.08617771090448897
223_CT_4,THERMAL,2020-07-15 22:00:00,0.0,0.0,0.0,0.0,0.0,0.0,0.0
223_CT_5,THERMAL,2020-07-15 22:00:00,0.0,0.0,0.0,0.0,0.0,0.0,0.0
223_CT_6,THERMAL,2020-07-15 22:00:00,0.0,0.0,0.0,0.0,0.0,0.0,0.0
223_STEAM_1,THERMAL,2020-07-15 22:00:00,-0.21595803999477617,0.21595803999477617,0.10903524604216891,-0.05193206540329903,-0.06579573579673309,-0.04475182324915683,-0.05347841554558722
223_STEAM_2,THERMAL,2020-07-15 22:00:00,-0.2160474555135251,0.2160474555135251,0.10907341614531504,-0.05195663379289611,-0.06579489188392317,-0.04481751429102088,-0.05347841554568495
223_STEAM_3,THERMAL,2020-07-15 22:00:00,-0.4757151715715068,0.4757151715715068,0.24146425087186613,-0.11323599883954416,-0.15137960011367085,-0.0936062754029125,-0.1174932972153793
301_CT_1,THERMAL,2020-07-15 22:00:00,0.0,0.0,0.0,0.0,0.0,0.0,0.0
301_CT_2,THERMAL,2020-07-15 22:00:00,0.0,0.0,0.0,0.0,0.0,0.0,0.0
301_CT_3,THERMAL,2020-07-15 22:00:00,0.0,0.0,0.0,0.0,0.0,0.0,0.0
301_CT_4,THERMAL,2020-07-15 22:00:00,0.0,0.0,0.0,0.0,0.0,0.0,0.0
302_CT_1,THERMAL,2020-07-15 22:00:00,0.0,0.0,0.0,0.0,0.0,0.0,0.0
302_CT_2,THERMAL,2020-07-15 22:00:00,0.0,0.0,0.0,0.0,0.0,0.0,0.0
302_CT_3,THERMAL,2020-07-15 22:00:00,0.0,0.0,0.0,0.0,0.0,0.0,0.0
302_CT_4,THERMAL,2020-07-15 22:00:00,0.0,0.0,0.0,0.0,0.0,0.0,0.0
303_WIND_1,WIND,2020-07-15 22:00:00,1.0,1.0,1.0,0.0,1.0,0.0,0.0
307_CT_1,THERMAL,2020-07-15 22:00:00,0.0,0.0,0.0,0.0,0.0,0.0,0.0
307_CT_2,THERMAL,2020-07-15 22:00:00,0.0,0.0,0.0,0.0,0.0,0.0,0.0
309_WIND_1,WIND,2020-07-15 22:00:00,1.0,1.0,1.0,0.0,0.0,1.0,0.0
313_CC_1,THERMAL,2020-07-15 22:00:00,1.0446654416325552e-10,1.147980623081144e-10,1.097539383327795e-10,-0.0,-0.0,1.0963230323568496e-10,-5.1657590724294355e-12
315_CT_6,THERMAL,2020-07-15 22:00:00,0.0,0.0,0.0,0.0,0.0,0.0,0.0
315_CT_7,THERMAL,2020-07-15 22:00:00,0.0,0.0,0.0,0.0,0.0,0.0,0.0
315_CT_8,THERMAL,2020-07-15 22:00:00,0.0,0.0,0.0,0.0,0.0,0.0,0.0
315_STEAM_1,THERMAL,2020-07-15 22:00:00,0.0,0.0,0.0,0.0,0.0,0.0,0.0
315_STEAM_2,THERMAL,2020-07-15 22:00:00,0.0,0.0,0.0,0.0,0.0,0.0,0.0
315_STEAM_3,THERMAL,2020-07-15 22:00:00,0.0,0.0,0.0,0.0,0.0,0.0,0.0
315_STEAM_4,THERMAL,2020-07-15 22:00:00,0.0,0.0,0.0,0.0,0.0,0.0,0.0
315_STEAM_5,THERMAL,2020-07-15 22:00:00,0.0,0.0,0.0,0.0,0.0,0.0,0.0
316_STEAM_1,THERMAL,2020-07-15 22:00:00,-0.19022594282214547,0.19022594282214547,0.10001032311642186,-0.04332567586799707,-0.07169868701080094,-0.028751778490956614,-0.04644980145239084
317_WIND_1,WIND,2020-07-15 22:00:00,1.0,1.0,1.0,0.0,0.0,0.0,1.0
318_CC_1,THERMAL,2020-07-15 22:00:00,-0.04913980346509677,0.18316219678580242,0.12525643312158458,0.004398968970260597,-0.10809551924981442,0.06261222769009223,-0.008055480875635172
321_CC_1,THERMAL,2020-07-15 22:00:00,1.1822022417760353e-12,1.1822022417760353e-12,7.9701584764471e-13,8.704148513061227e-14,4.2932324362254803e-13,6.65837513022875e-13,0.0
322_CT_5,THERMAL,2020-07-15 22:00:00,0.0,0.0,0.0,0.0,0.0,0.0,0.0
322_CT_6,THERMAL,2020-07-15 22:00:00,0.0,0.0,0.0,0.0,0.0,0.0,0.0
323_CC_1,THERMAL,2020-07-15 22:00:00,0.1321107938821169,0.3102646652666607,0.21101414065905666,0.005754640250076992,0.18942775323674116,-0.0890769356922719,0.026005336087570653
323_CC_2,THERMAL,2020-07-15 22:00:00,0.13173610212514952,0.3108600747332737,0.21124223904805958,0.0058421630220908405,0.18945058931948744,-0.0895619863040621,0.026005336087633363
101_CT_1,THERMAL,2020-07-15 23:00:00,0.0,0.0,0.0,0.0,0.0,0.0,0.0
101_CT_2,THERMAL,2020-07-15 23:00:00,0.0,0.0,0.0,0.0,0.0,0.0,0.0
101_STEAM_3,THERMAL,2020-07-15 23:00:00,-0.024447208792679063,0.024447208792679063,0.017332823765957756,-0.0060724349742909455,-0.000129385349252193,-0.016090063624133795,-0.0021553248450021266
101_STEAM_4,THERMAL,2020-07-15 23:00:00,0.024261104933982907,0.024788742948915816,0.017527348897352576,0.0057254327815215765,-0.00026381900746645583,0.016387139386992468,0.0024123517729353157
102_CT_1,THERMAL,2020-07-15 23:00:00,0.0,0.0,0.0,0.0,0.0,0.0,0.0
102_CT_2,THERMAL,2020-07-15 23:00:00,0.0,0.0,0.0,0.0,0.0,0.0,0.0
102_STEAM_3,THERMAL,2020-07-15 23:00:00,-0.02992404156652611,0.02992404156652611,0.014977111501805683,-0.007335137418797044,-0.007372113494442473,-0.007168957209857996,-0.008047833443428598
102_STEAM_4,THERMAL,2020-07-15 23:00:00,-0.029327891950227142,0.029327891950227142,0.014678140331457389,-0.007180381249587531,-0.007216798296714788,-0.007050226944558719,-0.007880485459366104
107_CC_1,THERMAL,2020-07-15 23:00:00,-0.33526767733471674,0.33526767733471674,0.1843478038093021,-0.08447613559374456,-0.14482355669177463,-0.04159483575354925,-0.06437314929564829
113_CT_1,THERMAL,2020-07-15 23:00:00,0.0,0.0,0.0,0.0,0.0,0.0,0.0
113_CT_2,THERMAL,2020-07-15 23:00:00,0.0,0.0,0.0,0.0,0.0,0.0,0.0
113_CT_3,THERMAL,2020-07-15 23:00:00,0.0,0.0,0.0,0.0,0.0,0.0,0.0
113_CT_4,THERMAL,2020-07-15 23:00:00,0.0,0.0,0.0,0.0,0.0,0.0,0.0
115_STEAM_1,THERMAL,2020-07-15 23:00:00,0.0,0.0,0.0,0.0,0.0,0.0,0.0
115_STEAM_2,THERMAL,2020-07-15 23:00:00,0.0,0.0,0.0,0.0,0.0,0.0,0.0
115_STEAM_3,THERMAL,2020-07-15 23:00:00,-0.3139150433130717,0.3139150433130717,0.16882481532846358,-0.07654843277866935,-0.029237220704339085,-0.11207778357633807,-0.09605160625372518
116_STEAM_1,THERMAL,2020-07-15 23:00:00,-0.2845180041039499,0.2845180041039499,0.14762496874656436,-0.06980677637586713,-0.039933896128766556,-0.09248138064156664,-0.08229595095774958
118_CC_1,THERMAL,2020-07-15 23:00:00,-0.8531544097324524,0.9780878244625398,0.5503769668516201,-0.20462199532019978,0.06246670736504376,-0.40231130919447416,-0.3086878125828222
122_WIND_1,WIND,2020-07-15 23:00:00,1.0,1.0,1.0,1.0,0.0,0.0,0.0
123_CT_1,THERMAL,2020-07-15 23:00:00,0.0,0.0,0.0,0.0,0.0,0.0,0.0
123_CT_4,THERMAL,2020-07-15 23:00:00,0.0,0.0,0.0,0.0,0.0,0.0,0.0
123_CT_5,THERMAL,2020-07-15 23:00:00,0.0,0.0,0.0,0.0,0.0,0.0,0.0
123_STEAM_2,THERMAL,2020-07-15 23:00:00,-0.22602620963319509,0.22602620963319509,0.11302681166769105,-0.056001587603777936,-0.05780516084579725,-0.055460890457180306,-0.056758570726439576
123_STEAM_3,THERMAL,2020-07-15 23:00:00,-0.511796664562624,0.511796664562624,0.25591961183393913,-0.12705943090491423,-0.13033817831918174,-0.12592118240626682,-0.12847787293226123
201_CT_1,THERMAL,2020-07-15 23:00:00,0.0,0.0,0.0,0.0,0.0,0.0,0.0
201_CT_2,THERMAL,2020-07-15 23:00:00,0.0,0.0,0.0,0.0,0.0,0.0,0.0
201_STEAM_3,THERMAL,2020-07-15 23:00:00,-0.06637615007569135,0.06637615007569135,0.04418110631257554,-0.016861246064335145,-0.03977800241273625,-0.0005109610493053834,-0.009225940549314571
202_CT_1,THERMAL,2020-07-15 23:00:00,0.0,0.0,0.0,0.0,0.0,0.0,0.0
202_CT_2,THERMAL,2020-07-15 23:00:00,0.0,0.0,0.0,0.0,0.0,0.0,0.0
202_STEAM_3,THERMAL,2020-07-15 23:00:00,-0.07004165359089337,0.07004165359089337,0.04421841343667619,-0.017739259908241836,-0.03897451221850282,-0.002616847334755458,-0.01071103412939326
202_STEAM_4,THERMAL,2020-07-15 23:00:00,-0.0700492810626427,0.0700492810626427,0.04422023075173372,-0.01774312811377525,-0.03897456418982651,-0.0026205546296580104,-0.010711034129382927
207_CT_1,THERMAL,2020-07-15 23:00:00,0.0,0.0,0.0,0.0,0.0,0.0,0.0
207_CT_2,THERMAL,2020-07-15 23:00:00,0.0,0.0,0.0,0.0,0.0,0.0,0.0
212_CSP_1,THERMAL,2020-07-15 23:00:00,-2.419135544131521e-06,9.234204990703435e-06,5.5867658977533815e-06,-1.761161608881956e-06,-4.061890816420277e-06,3.4075347232859573e-06,-3.61784211524501e-09
213_CC_3,THERMAL,2020-07-15 23:00:00,0.0,0.0,0.0,0.0,0.0,0.0,0.0
213_CT_1,THERMAL,2020-07-15 23:00:00,0.0,0.0,0.0,0.0,0.0,0.0,0.0
213_CT_2,THERMAL,2020-07-15 23:00:00,0.0,0.0,0.0,0.0,0.0,0.0,0.0
215_CT_4,THERMAL,2020-07-15 23:00:00,0.0,0.0,0.0,0.0,0.0,0.0,0.0
215_CT_5,THERMAL,2020-07-15 23:00:00,0.0,0.0,0.0,0.0,0.0,0.0,0.0
216_STEAM_1,THERMAL,2020-07-15 23:00:00,-0.16925751013007279,0.16925751013007279,0.09275494744997426,-0.04255450566280905,-0.07250693295320229,-0.021321708455767543,-0.03287436305829389
218_CC_1,THERMAL,2020-07-15 23:00:00,0.0,0.0,0.0,0.0,0.0,0.0,0.0
221_CC_1,THERMAL,2020-07-15 23:00:00,-0.23666821159058699,0.26692573307186007,0.17911604166428535,-0.060163029245973165,-0.16607472136669182,0.015128760740636543,-0.025559221718558536
223_CT_4,THERMAL,2020-07-15 23:00:00,0.0,0.0,0.0,0.0,0.0,0.0,0.0
223_CT_5,THERMAL,2020-07-15 23:00:00,0.0,0.0,0.0,0.0,0.0,0.0,0.0
223_CT_6,THERMAL,2020-07-15 23:00:00,0.0,0.0,0.0,0.0,0.0,0.0,0.0
223_STEAM_1,THERMAL,2020-07-15 23:00:00,-0.13355118449287395,0.13355118449287395,0.08475295543252818,-0.033883485478305456,-0.07486923967973892,-0.004586162936713545,-0.020212296398116027
223_STEAM_2,THERMAL,2020-07-15 23:00:00,-0.13352060423254852,0.13352060423254852,0.08473992166950763,-0.0338735652880464,-0.07485965215852251,-0.004575090381681357,-0.020212296404298266
223_STEAM_3,THERMAL,2020-07-15 23:00:00,-0.29464276292091734,0.29960643512266566,0.20190767255828393,-0.0749894789077985,-0.18340399965205603,0.0024818361008741435,-0.038731120461937
301_CT_1,THERMAL,2020-07-15 23:00:00,0.0,0.0,0.0,0.0,0.0,0.0,0.0
301_CT_2,THERMAL,2020-07-15 23:00:00,0.0,0.0,0.0,0.0,0.0,0.0,0.0
301_CT_3,THERMAL,2020-07-15 23:00:00,0.0,0.0,0.0,0.0,0.0,0.0,0.0
301_CT_4,THERMAL,2020-07-15 23:00:00,0.0,0.0,0.0,0.0,0.0,0.0,0.0
302_CT_1,THERMAL,2020-07-15 23:00:00,0.0,0.0,0.0,0.0,0.0,0.0,0.0
302_CT_2,THERMAL,2020-07-15 23:00:00,0.0,0.0,0.0,0.0,0.0,0.0,0.0
302_CT_3,THERMAL,2020-07-15 23:00:00,-5.376810108259633e-13,5.376810108259633e-13,3.812643752863741e-13,-2.4868995751603507e-13,0.0,-2.8899105330992825e-13,-0.0
302_CT_4,THERMAL,2020-07-15 23:00:00,0.0,0.0,0.0,0.0,0.0,0.0,0.0
303_WIND_1,WIND,2020-07-15 23:00:00,1.0,1.0,1.0,0.0,1.0,0.0,0.0
307_CT_1,THERMAL,2020-07-15 23:00:00,0.0,0.0,0.0,0.0,0.0,0.0,0.0
307_CT_2,THERMAL,2020-07-15 23:00:00,0.0,0.0,0.0,0.0,0.0,0.0,0.0
309_WIND_1,WIND,2020-07-15 23:00:00,1.0,1.0,1.0,0.0,0.0,1.0,0.0
313_CC_1,THERMAL,2020-07-15 23:00:00,-0.07466154988215258,0.47208674225269476,0.2772177083480566,-0.04296048129793317,0.1987125961852711,-0.1821849277945653,-0.048228736974925204
315_CT_6,THERMAL,2020-07-15 23:00:00,0.0,0.0,0.0,0.0,0.0,0.0,0.0
315_CT_7,THERMAL,2020-07-15 23:00:00,0.0,0.0,0.0,0.0,0.0,0.0,0.0
315_CT_8,THERMAL,2020-07-15 23:00:00,0.0,0.0,0.0,0.0,0.0,0.0,0.0
315_STEAM_1,THERMAL,2020-07-15 23:00:00,0.0,0.0,0.0,0.0,0.0,0.0,0.0
315_STEAM_2,THERMAL,2020-07-15 23:00:00,0.0,0.0,0.0,0.0,0.0,0.0,0.0
315_STEAM_3,THERMAL,2020-07-15 23:00:00,0.0,0.0,0.0,0.0,0.0,0.0,0.0
315_STEAM_4,THERMAL,2020-07-15 23:00:00,0.0,0.0,0.0,0.0,0.0,0.0,0.0
315_STEAM_5,THERMAL,2020-07-15 23:00:00,0.0,0.0,0.0,0.0,0.0,0.0,0.0
316_STEAM_1,THERMAL,2020-07-15 23:00:00,-0.11799428503881643,0.12577132042540284,0.07986720818767307,-0.013243405160066946,-0.06629891497908237,0.0038885176932932086,-0.042340482592960325
317_WIND_1,WIND,2020-07-15 23:00:00,1.0,1.0,1.0,0.0,0.0,0.0,1.0
318_CC_1,THERMAL,2020-07-15 23:00:00,0.04995052199972887,0.47962148454496,0.28717105517028313,0.009065105937208884,-0.21483548127261556,0.16989713562896597,0.08582376170616958
321_CC_1,THERMAL,2020-07-15 23:00:00,1.1110676777509512e-12,1.1110676777509512e-12,8.097367398928861e-13,2.5868196473766147e-13,9.0427665355719e-14,7.619580476575707e-13,0.0
322_CT_5,THERMAL,2020-07-15 23:00:00,0.0,0.0,0.0,0.0,0.0,0.0,0.0
322_CT_6,THERMAL,2020-07-15 23:00:00,0.0,0.0,0.0,0.0,0.0,0.0,0.0
323_CC_1,THERMAL,2020-07-15 23:00:00,-0.04981168453318516,0.17704724371581937,0.09898514874755078,-0.010897343133128741,0.0636177795913171,-0.06497131108787539,-0.03756080990349813
323_CC_2,THERMAL,2020-07-15 23:00:00,-0.04925716142292228,0.17506342008789438,0.09787472204993984,-0.01077753440664081,0.06290312933248605,-0.06424258930495073,-0.03714016704381679
101_CT_1,THERMAL,2020-07-16 00:00:00,0.0,0.0,0.0,0.0,0.0,0.0,0.0
101_CT_2,THERMAL,2020-07-16 00:00:00,0.0,0.0,0.0,0.0,0.0,0.0,0.0
101_STEAM_3,THERMAL,2020-07-16 00:00:00,0.0,0.0,0.0,0.0,0.0,0.0,0.0
101_STEAM_4,THERMAL,2020-07-16 00:00:00,0.0,0.0,0.0,0.0,0.0,0.0,0.0
102_CT_1,THERMAL,2020-07-16 00:00:00,0.0,0.0,0.0,0.0,0.0,0.0,0.0
102_CT_2,THERMAL,2020-07-16 00:00:00,0.0,0.0,0.0,0.0,0.0,0.0,0.0
102_STEAM_3,THERMAL,2020-07-16 00:00:00,0.0,0.0,0.0,0.0,0.0,0.0,0.0
102_STEAM_4,THERMAL,2020-07-16 00:00:00,0.0,0.0,0.0,0.0,0.0,0.0,0.0
107_CC_1,THERMAL,2020-07-16 00:00:00,0.0,0.0,0.0,0.0,0.0,0.0,0.0
113_CT_1,THERMAL,2020-07-16 00:00:00,0.0,0.0,0.0,0.0,0.0,0.0,0.0
113_CT_2,THERMAL,2020-07-16 00:00:00,0.0,0.0,0.0,0.0,0.0,0.0,0.0
113_CT_3,THERMAL,2020-07-16 00:00:00,0.0,0.0,0.0,0.0,0.0,0.0,0.0
113_CT_4,THERMAL,2020-07-16 00:00:00,0.0,0.0,0.0,0.0,0.0,0.0,0.0
115_STEAM_1,THERMAL,2020-07-16 00:00:00,0.0,0.0,0.0,0.0,0.0,0.0,0.0
115_STEAM_2,THERMAL,2020-07-16 00:00:00,0.0,0.0,0.0,0.0,0.0,0.0,0.0
115_STEAM_3,THERMAL,2020-07-16 00:00:00,0.0,0.0,0.0,0.0,0.0,0.0,0.0
116_STEAM_1,THERMAL,2020-07-16 00:00:00,0.0,0.0,0.0,0.0,0.0,0.0,0.0
118_CC_1,THERMAL,2020-07-16 00:00:00,0.0,0.0,0.0,0.0,0.0,0.0,0.0
122_WIND_1,WIND,2020-07-16 00:00:00,0.0,0.0,0.0,0.0,0.0,0.0,0.0
123_CT_1,THERMAL,2020-07-16 00:00:00,0.0,0.0,0.0,0.0,0.0,0.0,0.0
123_CT_4,THERMAL,2020-07-16 00:00:00,0.0,0.0,0.0,0.0,0.0,0.0,0.0
123_CT_5,THERMAL,2020-07-16 00:00:00,0.0,0.0,0.0,0.0,0.0,0.0,0.0
123_STEAM_2,THERMAL,2020-07-16 00:00:00,0.0,0.0,0.0,0.0,0.0,0.0,0.0
123_STEAM_3,THERMAL,2020-07-16 00:00:00,0.0,0.0,0.0,0.0,0.0,0.0,0.0
201_CT_1,THERMAL,2020-07-16 00:00:00,0.0,0.0,0.0,0.0,0.0,0.0,0.0
201_CT_2,THERMAL,2020-07-16 00:00:00,0.0,0.0,0.0,0.0,0.0,0.0,0.0
201_STEAM_3,THERMAL,2020-07-16 00:00:00,0.0,0.0,0.0,0.0,0.0,0.0,0.0
202_CT_1,THERMAL,2020-07-16 00:00:00,0.0,0.0,0.0,0.0,0.0,0.0,0.0
202_CT_2,THERMAL,2020-07-16 00:00:00,0.0,0.0,0.0,0.0,0.0,0.0,0.0
202_STEAM_3,THERMAL,2020-07-16 00:00:00,0.0,0.0,0.0,0.0,0.0,0.0,0.0
202_STEAM_4,THERMAL,2020-07-16 00:00:00,0.0,0.0,0.0,0.0,0.0,0.0,0.0
207_CT_1,THERMAL,2020-07-16 00:00:00,0.0,0.0,0.0,0.0,0.0,0.0,0.0
207_CT_2,THERMAL,2020-07-16 00:00:00,0.0,0.0,0.0,0.0,0.0,0.0,0.0
212_CSP_1,THERMAL,2020-07-16 00:00:00,0.0,0.0,0.0,0.0,0.0,0.0,0.0
213_CC_3,THERMAL,2020-07-16 00:00:00,0.0,0.0,0.0,0.0,0.0,0.0,0.0
213_CT_1,THERMAL,2020-07-16 00:00:00,0.0,0.0,0.0,0.0,0.0,0.0,0.0
213_CT_2,THERMAL,2020-07-16 00:00:00,0.0,0.0,0.0,0.0,0.0,0.0,0.0
215_CT_4,THERMAL,2020-07-16 00:00:00,0.0,0.0,0.0,0.0,0.0,0.0,0.0
215_CT_5,THERMAL,2020-07-16 00:00:00,0.0,0.0,0.0,0.0,0.0,0.0,0.0
216_STEAM_1,THERMAL,2020-07-16 00:00:00,0.0,0.0,0.0,0.0,0.0,0.0,0.0
218_CC_1,THERMAL,2020-07-16 00:00:00,0.0,0.0,0.0,0.0,0.0,0.0,0.0
221_CC_1,THERMAL,2020-07-16 00:00:00,0.0,0.0,0.0,0.0,0.0,0.0,0.0
223_CT_4,THERMAL,2020-07-16 00:00:00,0.0,0.0,0.0,0.0,0.0,0.0,0.0
223_CT_5,THERMAL,2020-07-16 00:00:00,0.0,0.0,0.0,0.0,0.0,0.0,0.0
223_CT_6,THERMAL,2020-07-16 00:00:00,0.0,0.0,0.0,0.0,0.0,0.0,0.0
223_STEAM_1,THERMAL,2020-07-16 00:00:00,0.0,0.0,0.0,0.0,0.0,0.0,0.0
223_STEAM_2,THERMAL,2020-07-16 00:00:00,0.0,0.0,0.0,0.0,0.0,0.0,0.0
223_STEAM_3,THERMAL,2020-07-16 00:00:00,0.0,0.0,0.0,0.0,0.0,0.0,0.0
301_CT_1,THERMAL,2020-07-16 00:00:00,0.0,0.0,0.0,0.0,0.0,0.0,0.0
301_CT_2,THERMAL,2020-07-16 00:00:00,0.0,0.0,0.0,0.0,0.0,0.0,0.0
301_CT_3,THERMAL,2020-07-16 00:00:00,0.0,0.0,0.0,0.0,0.0,0.0,0.0
301_CT_4,THERMAL,2020-07-16 00:00:00,0.0,0.0,0.0,0.0,0.0,0.0,0.0
302_CT_1,THERMAL,2020-07-16 00:00:00,0.0,0.0,0.0,0.0,0.0,0.0,0.0
302_CT_2,THERMAL,2020-07-16 00:00:00,0.0,0.0,0.0,0.0,0.0,0.0,0.0
302_CT_3,THERMAL,2020-07-16 00:00:00,0.0,0.0,0.0,0.0,0.0,0.0,0.0
302_CT_4,THERMAL,2020-07-16 00:00:00,0.0,0.0,0.0,0.0,0.0,0.0,0.0
303_WIND_1,WIND,2020-07-16 00:00:00,0.0,0.0,0.0,0.0,0.0,0.0,0.0
307_CT_1,THERMAL,2020-07-16 00:00:00,0.0,0.0,0.0,0.0,0.0,0.0,0.0
307_CT_2,THERMAL,2020-07-16 00:00:00,0.0,0.0,0.0,0.0,0.0,0.0,0.0
309_WIND_1,WIND,2020-07-16 00:00:00,0.0,0.0,0.0,0.0,0.0,0.0,0.0
313_CC_1,THERMAL,2020-07-16 00:00:00,0.0,0.0,0.0,0.0,0.0,0.0,0.0
315_CT_6,THERMAL,2020-07-16 00:00:00,0.0,0.0,0.0,0.0,0.0,0.0,0.0
315_CT_7,THERMAL,2020-07-16 00:00:00,0.0,0.0,0.0,0.0,0.0,0.0,0.0
315_CT_8,THERMAL,2020-07-16 00:00:00,0.0,0.0,0.0,0.0,0.0,0.0,0.0
315_STEAM_1,THERMAL,2020-07-16 00:00:00,0.0,0.0,0.0,0.0,0.0,0.0,0.0
315_STEAM_2,THERMAL,2020-07-16 00:00:00,0.0,0.0,0.0,0.0,0.0,0.0,0.0
315_STEAM_3,THERMAL,2020-07-16 00:00:00,0.0,0.0,0.0,0.0,0.0,0.0,0.0
315_STEAM_4,THERMAL,2020-07-16 00:00:00,0.0,0.0,0.0,0.0,0.0,0.0,0.0
315_STEAM_5,THERMAL,2020-07-16 00:00:00,0.0,0.0,0.0,0.0,0.0,0.0,0.0
316_STEAM_1,THERMAL,2020-07-16 00:00:00,0.0,0.0,0.0,0.0,0.0,0.0,0.0
317_WIND_1,WIND,2020-07-16 00:00:00,0.0,0.0,0.0,0.0,0.0,0.0,0.0
318_CC_1,THERMAL,2020-07-16 00:00:00,0.0,0.0,0.0,0.0,0.0,0.0,0.0
321_CC_1,THERMAL,2020-07-16 00:00:00,0.0,0.0,0.0,0.0,0.0,0.0,0.0
322_CT_5,THERMAL,2020-07-16 00:00:00,0.0,0.0,0.0,0.0,0.0,0.0,0.0
322_CT_6,THERMAL,2020-07-16 00:00:00,0.0,0.0,0.0,0.0,0.0,0.0,0.0
323_CC_1,THERMAL,2020-07-16 00:00:00,0.0,0.0,0.0,0.0,0.0,0.0,0.0
323_CC_2,THERMAL,2020-07-16 00:00:00,0.0,0.0,0.0,0.0,0.0,0.0,0.0
101_CT_1,THERMAL,2020-07-16 02:00:00,0.0,0.0,0.0,0.0,0.0,0.0,0.0
101_CT_2,THERMAL,2020-07-16 02:00:00,0.0,0.0,0.0,0.0,0.0,0.0,0.0
101_STEAM_3,THERMAL,2020-07-16 02:00:00,0.0,0.0,0.0,0.0,0.0,0.0,0.0
101_STEAM_4,THERMAL,2020-07-16 02:00:00,0.0,0.0,0.0,0.0,0.0,0.0,0.0
102_CT_1,THERMAL,2020-07-16 02:00:00,0.0,0.0,0.0,0.0,0.0,0.0,0.0
102_CT_2,THERMAL,2020-07-16 02:00:00,0.0,0.0,0.0,0.0,0.0,0.0,0.0
102_STEAM_3,THERMAL,2020-07-16 02:00:00,0.0,0.0,0.0,0.0,0.0,0.0,0.0
102_STEAM_4,THERMAL,2020-07-16 02:00:00,0.0,0.0,0.0,0.0,0.0,0.0,0.0
107_CC_1,THERMAL,2020-07-16 02:00:00,0.0,0.0,0.0,0.0,0.0,0.0,0.0
113_CT_1,THERMAL,2020-07-16 02:00:00,0.0,0.0,0.0,0.0,0.0,0.0,0.0
113_CT_2,THERMAL,2020-07-16 02:00:00,0.0,0.0,0.0,0.0,0.0,0.0,0.0
113_CT_3,THERMAL,2020-07-16 02:00:00,0.0,0.0,0.0,0.0,0.0,0.0,0.0
113_CT_4,THERMAL,2020-07-16 02:00:00,0.0,0.0,0.0,0.0,0.0,0.0,0.0
115_STEAM_1,THERMAL,2020-07-16 02:00:00,0.0,0.0,0.0,0.0,0.0,0.0,0.0
115_STEAM_2,THERMAL,2020-07-16 02:00:00,0.0,0.0,0.0,0.0,0.0,0.0,0.0
115_STEAM_3,THERMAL,2020-07-16 02:00:00,0.0,0.0,0.0,0.0,0.0,0.0,0.0
116_STEAM_1,THERMAL,2020-07-16 02:00:00,0.0,0.0,0.0,0.0,0.0,0.0,0.0
118_CC_1,THERMAL,2020-07-16 02:00:00,0.0,0.0,0.0,0.0,0.0,0.0,0.0
122_WIND_1,WIND,2020-07-16 02:00:00,0.0,0.0,0.0,0.0,0.0,0.0,0.0
123_CT_1,THERMAL,2020-07-16 02:00:00,0.0,0.0,0.0,0.0,0.0,0.0,0.0
123_CT_4,THERMAL,2020-07-16 02:00:00,0.0,0.0,0.0,0.0,0.0,0.0,0.0
123_CT_5,THERMAL,2020-07-16 02:00:00,0.0,0.0,0.0,0.0,0.0,0.0,0.0
123_STEAM_2,THERMAL,2020-07-16 02:00:00,0.0,0.0,0.0,0.0,0.0,0.0,0.0
123_STEAM_3,THERMAL,2020-07-16 02:00:00,0.0,0.0,0.0,0.0,0.0,0.0,0.0
201_CT_1,THERMAL,2020-07-16 02:00:00,0.0,0.0,0.0,0.0,0.0,0.0,0.0
201_CT_2,THERMAL,2020-07-16 02:00:00,0.0,0.0,0.0,0.0,0.0,0.0,0.0
201_STEAM_3,THERMAL,2020-07-16 02:00:00,0.0,0.0,0.0,0.0,0.0,0.0,0.0
202_CT_1,THERMAL,2020-07-16 02:00:00,0.0,0.0,0.0,0.0,0.0,0.0,0.0
202_CT_2,THERMAL,2020-07-16 02:00:00,0.0,0.0,0.0,0.0,0.0,0.0,0.0
202_STEAM_3,THERMAL,2020-07-16 02:00:00,0.0,0.0,0.0,0.0,0.0,0.0,0.0
202_STEAM_4,THERMAL,2020-07-16 02:00:00,0.0,0.0,0.0,0.0,0.0,0.0,0.0
207_CT_1,THERMAL,2020-07-16 02:00:00,0.0,0.0,0.0,0.0,0.0,0.0,0.0
207_CT_2,THERMAL,2020-07-16 02:00:00,0.0,0.0,0.0,0.0,0.0,0.0,0.0
212_CSP_1,THERMAL,2020-07-16 02:00:00,0.0,0.0,0.0,0.0,0.0,0.0,0.0
213_CC_3,THERMAL,2020-07-16 02:00:00,0.0,0.0,0.0,0.0,0.0,0.0,0.0
213_CT_1,THERMAL,2020-07-16 02:00:00,0.0,0.0,0.0,0.0,0.0,0.0,0.0
213_CT_2,THERMAL,2020-07-16 02:00:00,0.0,0.0,0.0,0.0,0.0,0.0,0.0
215_CT_4,THERMAL,2020-07-16 02:00:00,0.0,0.0,0.0,0.0,0.0,0.0,0.0
215_CT_5,THERMAL,2020-07-16 02:00:00,0.0,0.0,0.0,0.0,0.0,0.0,0.0
216_STEAM_1,THERMAL,2020-07-16 02:00:00,0.0,0.0,0.0,0.0,0.0,0.0,0.0
218_CC_1,THERMAL,2020-07-16 02:00:00,0.0,0.0,0.0,0.0,0.0,0.0,0.0
221_CC_1,THERMAL,2020-07-16 02:00:00,0.0,0.0,0.0,0.0,0.0,0.0,0.0
223_CT_4,THERMAL,2020-07-16 02:00:00,0.0,0.0,0.0,0.0,0.0,0.0,0.0
223_CT_5,THERMAL,2020-07-16 02:00:00,0.0,0.0,0.0,0.0,0.0,0.0,0.0
223_CT_6,THERMAL,2020-07-16 02:00:00,0.0,0.0,0.0,0.0,0.0,0.0,0.0
223_STEAM_1,THERMAL,2020-07-16 02:00:00,0.0,0.0,0.0,0.0,0.0,0.0,0.0
223_STEAM_2,THERMAL,2020-07-16 02:00:00,0.0,0.0,0.0,0.0,0.0,0.0,0.0
223_STEAM_3,THERMAL,2020-07-16 02:00:00,0.0,0.0,0.0,0.0,0.0,0.0,0.0
301_CT_1,THERMAL,2020-07-16 02:00:00,0.0,0.0,0.0,0.0,0.0,0.0,0.0
301_CT_2,THERMAL,2020-07-16 02:00:00,0.0,0.0,0.0,0.0,0.0,0.0,0.0
301_CT_3,THERMAL,2020-07-16 02:00:00,0.0,0.0,0.0,0.0,0.0,0.0,0.0
301_CT_4,THERMAL,2020-07-16 02:00:00,0.0,0.0,0.0,0.0,0.0,0.0,0.0
302_CT_1,THERMAL,2020-07-16 02:00:00,0.0,0.0,0.0,0.0,0.0,0.0,0.0
302_CT_2,THERMAL,2020-07-16 02:00:00,0.0,0.0,0.0,0.0,0.0,0.0,0.0
302_CT_3,THERMAL,2020-07-16 02:00:00,0.0,0.0,0.0,0.0,0.0,0.0,0.0
302_CT_4,THERMAL,2020-07-16 02:00:00,0.0,0.0,0.0,0.0,0.0,0.0,0.0
303_WIND_1,WIND,2020-07-16 02:00:00,0.0,0.0,0.0,0.0,0.0,0.0,0.0
307_CT_1,THERMAL,2020-07-16 02:00:00,0.0,0.0,0.0,0.0,0.0,0.0,0.0
307_CT_2,THERMAL,2020-07-16 02:00:00,0.0,0.0,0.0,0.0,0.0,0.0,0.0
309_WIND_1,WIND,2020-07-16 02:00:00,0.0,0.0,0.0,0.0,0.0,0.0,0.0
313_CC_1,THERMAL,2020-07-16 02:00:00,0.0,0.0,0.0,0.0,0.0,0.0,0.0
315_CT_6,THERMAL,2020-07-16 02:00:00,0.0,0.0,0.0,0.0,0.0,0.0,0.0
315_CT_7,THERMAL,2020-07-16 02:00:00,0.0,0.0,0.0,0.0,0.0,0.0,0.0
315_CT_8,THERMAL,2020-07-16 02:00:00,0.0,0.0,0.0,0.0,0.0,0.0,0.0
315_STEAM_1,THERMAL,2020-07-16 02:00:00,0.0,0.0,0.0,0.0,0.0,0.0,0.0
315_STEAM_2,THERMAL,2020-07-16 02:00:00,0.0,0.0,0.0,0.0,0.0,0.0,0.0
315_STEAM_3,THERMAL,2020-07-16 02:00:00,0.0,0.0,0.0,0.0,0.0,0.0,0.0
315_STEAM_4,THERMAL,2020-07-16 02:00:00,0.0,0.0,0.0,0.0,0.0,0.0,0.0
315_STEAM_5,THERMAL,2020-07-16 02:00:00,0.0,0.0,0.0,0.0,0.0,0.0,0.0
316_STEAM_1,THERMAL,2020-07-16 02:00:00,0.0,0.0,0.0,0.0,0.0,0.0,0.0
317_WIND_1,WIND,2020-07-16 02:00:00,0.0,0.0,0.0,0.0,0.0,0.0,0.0
318_CC_1,THERMAL,2020-07-16 02:00:00,0.0,0.0,0.0,0.0,0.0,0.0,0.0
321_CC_1,THERMAL,2020-07-16 02:00:00,0.0,0.0,0.0,0.0,0.0,0.0,0.0
322_CT_5,THERMAL,2020-07-16 02:00:00,0.0,0.0,0.0,0.0,0.0,0.0,0.0
322_CT_6,THERMAL,2020-07-16 02:00:00,0.0,0.0,0.0,0.0,0.0,0.0,0.0
323_CC_1,THERMAL,2020-07-16 02:00:00,0.0,0.0,0.0,0.0,0.0,0.0,0.0
323_CC_2,THERMAL,2020-07-16 02:00:00,0.0,0.0,0.0,0.0,0.0,0.0,0.0
101_CT_1,THERMAL,2020-07-16 04:00:00,0.0,0.0,0.0,0.0,0.0,0.0,0.0
101_CT_2,THERMAL,2020-07-16 04:00:00,0.0,0.0,0.0,0.0,0.0,0.0,0.0
101_STEAM_3,THERMAL,2020-07-16 04:00:00,0.0,0.0,0.0,0.0,0.0,0.0,0.0
101_STEAM_4,THERMAL,2020-07-16 04:00:00,0.0,0.0,0.0,0.0,0.0,0.0,0.0
102_CT_1,THERMAL,2020-07-16 04:00:00,0.0,0.0,0.0,0.0,0.0,0.0,0.0
102_CT_2,THERMAL,2020-07-16 04:00:00,0.0,0.0,0.0,0.0,0.0,0.0,0.0
102_STEAM_3,THERMAL,2020-07-16 04:00:00,0.0,0.0,0.0,0.0,0.0,0.0,0.0
102_STEAM_4,THERMAL,2020-07-16 04:00:00,0.0,0.0,0.0,0.0,0.0,0.0,0.0
107_CC_1,THERMAL,2020-07-16 04:00:00,0.0,0.0,0.0,0.0,0.0,0.0,0.0
113_CT_1,THERMAL,2020-07-16 04:00:00,0.0,0.0,0.0,0.0,0.0,0.0,0.0
113_CT_2,THERMAL,2020-07-16 04:00:00,0.0,0.0,0.0,0.0,0.0,0.0,0.0
113_CT_3,THERMAL,2020-07-16 04:00:00,0.0,0.0,0.0,0.0,0.0,0.0,0.0
113_CT_4,THERMAL,2020-07-16 04:00:00,0.0,0.0,0.0,0.0,0.0,0.0,0.0
115_STEAM_1,THERMAL,2020-07-16 04:00:00,0.0,0.0,0.0,0.0,0.0,0.0,0.0
115_STEAM_2,THERMAL,2020-07-16 04:00:00,0.0,0.0,0.0,0.0,0.0,0.0,0.0
115_STEAM_3,THERMAL,2020-07-16 04:00:00,0.0,0.0,0.0,0.0,0.0,0.0,0.0
116_STEAM_1,THERMAL,2020-07-16 04:00:00,0.0,0.0,0.0,0.0,0.0,0.0,0.0
118_CC_1,THERMAL,2020-07-16 04:00:00,0.0,0.0,0.0,0.0,0.0,0.0,0.0
122_WIND_1,WIND,2020-07-16 04:00:00,0.0,0.0,0.0,0.0,0.0,0.0,0.0
123_CT_1,THERMAL,2020-07-16 04:00:00,0.0,0.0,0.0,0.0,0.0,0.0,0.0
123_CT_4,THERMAL,2020-07-16 04:00:00,0.0,0.0,0.0,0.0,0.0,0.0,0.0
123_CT_5,THERMAL,2020-07-16 04:00:00,0.0,0.0,0.0,0.0,0.0,0.0,0.0
123_STEAM_2,THERMAL,2020-07-16 04:00:00,0.0,0.0,0.0,0.0,0.0,0.0,0.0
123_STEAM_3,THERMAL,2020-07-16 04:00:00,0.0,0.0,0.0,0.0,0.0,0.0,0.0
201_CT_1,THERMAL,2020-07-16 04:00:00,0.0,0.0,0.0,0.0,0.0,0.0,0.0
201_CT_2,THERMAL,2020-07-16 04:00:00,0.0,0.0,0.0,0.0,0.0,0.0,0.0
201_STEAM_3,THERMAL,2020-07-16 04:00:00,0.0,0.0,0.0,0.0,0.0,0.0,0.0
202_CT_1,THERMAL,2020-07-16 04:00:00,0.0,0.0,0.0,0.0,0.0,0.0,0.0
202_CT_2,THERMAL,2020-07-16 04:00:00,0.0,0.0,0.0,0.0,0.0,0.0,0.0
202_STEAM_3,THERMAL,2020-07-16 04:00:00,0.0,0.0,0.0,0.0,0.0,0.0,0.0
202_STEAM_4,THERMAL,2020-07-16 04:00:00,0.0,0.0,0.0,0.0,0.0,0.0,0.0
207_CT_1,THERMAL,2020-07-16 04:00:00,0.0,0.0,0.0,0.0,0.0,0.0,0.0
207_CT_2,THERMAL,2020-07-16 04:00:00,0.0,0.0,0.0,0.0,0.0,0.0,0.0
212_CSP_1,THERMAL,2020-07-16 04:00:00,0.0,0.0,0.0,0.0,0.0,0.0,0.0
213_CC_3,THERMAL,2020-07-16 04:00:00,0.0,0.0,0.0,0.0,0.0,0.0,0.0
213_CT_1,THERMAL,2020-07-16 04:00:00,0.0,0.0,0.0,0.0,0.0,0.0,0.0
213_CT_2,THERMAL,2020-07-16 04:00:00,0.0,0.0,0.0,0.0,0.0,0.0,0.0
215_CT_4,THERMAL,2020-07-16 04:00:00,0.0,0.0,0.0,0.0,0.0,0.0,0.0
215_CT_5,THERMAL,2020-07-16 04:00:00,0.0,0.0,0.0,0.0,0.0,0.0,0.0
216_STEAM_1,THERMAL,2020-07-16 04:00:00,0.0,0.0,0.0,0.0,0.0,0.0,0.0
218_CC_1,THERMAL,2020-07-16 04:00:00,0.0,0.0,0.0,0.0,0.0,0.0,0.0
221_CC_1,THERMAL,2020-07-16 04:00:00,0.0,0.0,0.0,0.0,0.0,0.0,0.0
223_CT_4,THERMAL,2020-07-16 04:00:00,0.0,0.0,0.0,0.0,0.0,0.0,0.0
223_CT_5,THERMAL,2020-07-16 04:00:00,0.0,0.0,0.0,0.0,0.0,0.0,0.0
223_CT_6,THERMAL,2020-07-16 04:00:00,0.0,0.0,0.0,0.0,0.0,0.0,0.0
223_STEAM_1,THERMAL,2020-07-16 04:00:00,0.0,0.0,0.0,0.0,0.0,0.0,0.0
223_STEAM_2,THERMAL,2020-07-16 04:00:00,0.0,0.0,0.0,0.0,0.0,0.0,0.0
223_STEAM_3,THERMAL,2020-07-16 04:00:00,0.0,0.0,0.0,0.0,0.0,0.0,0.0
301_CT_1,THERMAL,2020-07-16 04:00:00,0.0,0.0,0.0,0.0,0.0,0.0,0.0
301_CT_2,THERMAL,2020-07-16 04:00:00,0.0,0.0,0.0,0.0,0.0,0.0,0.0
301_CT_3,THERMAL,2020-07-16 04:00:00,0.0,0.0,0.0,0.0,0.0,0.0,0.0
301_CT_4,THERMAL,2020-07-16 04:00:00,0.0,0.0,0.0,0.0,0.0,0.0,0.0
302_CT_1,THERMAL,2020-07-16 04:00:00,0.0,0.0,0.0,0.0,0.0,0.0,0.0
302_CT_2,THERMAL,2020-07-16 04:00:00,0.0,0.0,0.0,0.0,0.0,0.0,0.0
302_CT_3,THERMAL,2020-07-16 04:00:00,0.0,0.0,0.0,0.0,0.0,0.0,0.0
302_CT_4,THERMAL,2020-07-16 04:00:00,0.0,0.0,0.0,0.0,0.0,0.0,0.0
303_WIND_1,WIND,2020-07-16 04:00:00,0.0,0.0,0.0,0.0,0.0,0.0,0.0
307_CT_1,THERMAL,2020-07-16 04:00:00,0.0,0.0,0.0,0.0,0.0,0.0,0.0
307_CT_2,THERMAL,2020-07-16 04:00:00,0.0,0.0,0.0,0.0,0.0,0.0,0.0
309_WIND_1,WIND,2020-07-16 04:00:00,0.0,0.0,0.0,0.0,0.0,0.0,0.0
313_CC_1,THERMAL,2020-07-16 04:00:00,0.0,0.0,0.0,0.0,0.0,0.0,0.0
315_CT_6,THERMAL,2020-07-16 04:00:00,0.0,0.0,0.0,0.0,0.0,0.0,0.0
315_CT_7,THERMAL,2020-07-16 04:00:00,0.0,0.0,0.0,0.0,0.0,0.0,0.0
315_CT_8,THERMAL,2020-07-16 04:00:00,0.0,0.0,0.0,0.0,0.0,0.0,0.0
315_STEAM_1,THERMAL,2020-07-16 04:00:00,0.0,0.0,0.0,0.0,0.0,0.0,0.0
315_STEAM_2,THERMAL,2020-07-16 04:00:00,0.0,0.0,0.0,0.0,0.0,0.0,0.0
315_STEAM_3,THERMAL,2020-07-16 04:00:00,0.0,0.0,0.0,0.0,0.0,0.0,0.0
315_STEAM_4,THERMAL,2020-07-16 04:00:00,0.0,0.0,0.0,0.0,0.0,0.0,0.0
315_STEAM_5,THERMAL,2020-07-16 04:00:00,0.0,0.0,0.0,0.0,0.0,0.0,0.0
316_STEAM_1,THERMAL,2020-07-16 04:00:00,0.0,0.0,0.0,0.0,0.0,0.0,0.0
317_WIND_1,WIND,2020-07-16 04:00:00,0.0,0.0,0.0,0.0,0.0,0.0,0.0
318_CC_1,THERMAL,2020-07-16 04:00:00,0.0,0.0,0.0,0.0,0.0,0.0,0.0
321_CC_1,THERMAL,2020-07-16 04:00:00,0.0,0.0,0.0,0.0,0.0,0.0,0.0
322_CT_5,THERMAL,2020-07-16 04:00:00,0.0,0.0,0.0,0.0,0.0,0.0,0.0
322_CT_6,THERMAL,2020-07-16 04:00:00,0.0,0.0,0.0,0.0,0.0,0.0,0.0
323_CC_1,THERMAL,2020-07-16 04:00:00,0.0,0.0,0.0,0.0,0.0,0.0,0.0
323_CC_2,THERMAL,2020-07-16 04:00:00,0.0,0.0,0.0,0.0,0.0,0.0,0.0
101_CT_1,THERMAL,2020-07-16 06:00:00,0.0,0.0,0.0,0.0,0.0,0.0,0.0
101_CT_2,THERMAL,2020-07-16 06:00:00,0.0,0.0,0.0,0.0,0.0,0.0,0.0
101_STEAM_3,THERMAL,2020-07-16 06:00:00,0.0,0.0,0.0,0.0,0.0,0.0,0.0
101_STEAM_4,THERMAL,2020-07-16 06:00:00,0.0,0.0,0.0,0.0,0.0,0.0,0.0
102_CT_1,THERMAL,2020-07-16 06:00:00,0.0,0.0,0.0,0.0,0.0,0.0,0.0
102_CT_2,THERMAL,2020-07-16 06:00:00,0.0,0.0,0.0,0.0,0.0,0.0,0.0
102_STEAM_3,THERMAL,2020-07-16 06:00:00,0.0,0.0,0.0,0.0,0.0,0.0,0.0
102_STEAM_4,THERMAL,2020-07-16 06:00:00,0.0,0.0,0.0,0.0,0.0,0.0,0.0
107_CC_1,THERMAL,2020-07-16 06:00:00,0.0,0.0,0.0,0.0,0.0,0.0,0.0
113_CT_1,THERMAL,2020-07-16 06:00:00,0.0,0.0,0.0,0.0,0.0,0.0,0.0
113_CT_2,THERMAL,2020-07-16 06:00:00,0.0,0.0,0.0,0.0,0.0,0.0,0.0
113_CT_3,THERMAL,2020-07-16 06:00:00,0.0,0.0,0.0,0.0,0.0,0.0,0.0
113_CT_4,THERMAL,2020-07-16 06:00:00,0.0,0.0,0.0,0.0,0.0,0.0,0.0
115_STEAM_1,THERMAL,2020-07-16 06:00:00,0.0,0.0,0.0,0.0,0.0,0.0,0.0
115_STEAM_2,THERMAL,2020-07-16 06:00:00,0.0,0.0,0.0,0.0,0.0,0.0,0.0
115_STEAM_3,THERMAL,2020-07-16 06:00:00,0.0,0.0,0.0,0.0,0.0,0.0,0.0
116_STEAM_1,THERMAL,2020-07-16 06:00:00,0.0,0.0,0.0,0.0,0.0,0.0,0.0
118_CC_1,THERMAL,2020-07-16 06:00:00,0.0,0.0,0.0,0.0,0.0,0.0,0.0
122_WIND_1,WIND,2020-07-16 06:00:00,0.0,0.0,0.0,0.0,0.0,0.0,0.0
123_CT_1,THERMAL,2020-07-16 06:00:00,0.0,0.0,0.0,0.0,0.0,0.0,0.0
123_CT_4,THERMAL,2020-07-16 06:00:00,0.0,0.0,0.0,0.0,0.0,0.0,0.0
123_CT_5,THERMAL,2020-07-16 06:00:00,0.0,0.0,0.0,0.0,0.0,0.0,0.0
123_STEAM_2,THERMAL,2020-07-16 06:00:00,0.0,0.0,0.0,0.0,0.0,0.0,0.0
123_STEAM_3,THERMAL,2020-07-16 06:00:00,0.0,0.0,0.0,0.0,0.0,0.0,0.0
201_CT_1,THERMAL,2020-07-16 06:00:00,0.0,0.0,0.0,0.0,0.0,0.0,0.0
201_CT_2,THERMAL,2020-07-16 06:00:00,0.0,0.0,0.0,0.0,0.0,0.0,0.0
201_STEAM_3,THERMAL,2020-07-16 06:00:00,0.0,0.0,0.0,0.0,0.0,0.0,0.0
202_CT_1,THERMAL,2020-07-16 06:00:00,0.0,0.0,0.0,0.0,0.0,0.0,0.0
202_CT_2,THERMAL,2020-07-16 06:00:00,0.0,0.0,0.0,0.0,0.0,0.0,0.0
202_STEAM_3,THERMAL,2020-07-16 06:00:00,0.0,0.0,0.0,0.0,0.0,0.0,0.0
202_STEAM_4,THERMAL,2020-07-16 06:00:00,0.0,0.0,0.0,0.0,0.0,0.0,0.0
207_CT_1,THERMAL,2020-07-16 06:00:00,0.0,0.0,0.0,0.0,0.0,0.0,0.0
207_CT_2,THERMAL,2020-07-16 06:00:00,0.0,0.0,0.0,0.0,0.0,0.0,0.0
212_CSP_1,THERMAL,2020-07-16 06:00:00,0.0,0.0,0.0,0.0,0.0,0.0,0.0
213_CC_3,THERMAL,2020-07-16 06:00:00,0.0,0.0,0.0,0.0,0.0,0.0,0.0
213_CT_1,THERMAL,2020-07-16 06:00:00,0.0,0.0,0.0,0.0,0.0,0.0,0.0
213_CT_2,THERMAL,2020-07-16 06:00:00,0.0,0.0,0.0,0.0,0.0,0.0,0.0
215_CT_4,THERMAL,2020-07-16 06:00:00,0.0,0.0,0.0,0.0,0.0,0.0,0.0
215_CT_5,THERMAL,2020-07-16 06:00:00,0.0,0.0,0.0,0.0,0.0,0.0,0.0
216_STEAM_1,THERMAL,2020-07-16 06:00:00,0.0,0.0,0.0,0.0,0.0,0.0,0.0
218_CC_1,THERMAL,2020-07-16 06:00:00,0.0,0.0,0.0,0.0,0.0,0.0,0.0
221_CC_1,THERMAL,2020-07-16 06:00:00,0.0,0.0,0.0,0.0,0.0,0.0,0.0
223_CT_4,THERMAL,2020-07-16 06:00:00,0.0,0.0,0.0,0.0,0.0,0.0,0.0
223_CT_5,THERMAL,2020-07-16 06:00:00,0.0,0.0,0.0,0.0,0.0,0.0,0.0
223_CT_6,THERMAL,2020-07-16 06:00:00,0.0,0.0,0.0,0.0,0.0,0.0,0.0
223_STEAM_1,THERMAL,2020-07-16 06:00:00,0.0,0.0,0.0,0.0,0.0,0.0,0.0
223_STEAM_2,THERMAL,2020-07-16 06:00:00,0.0,0.0,0.0,0.0,0.0,0.0,0.0
223_STEAM_3,THERMAL,2020-07-16 06:00:00,0.0,0.0,0.0,0.0,0.0,0.0,0.0
301_CT_1,THERMAL,2020-07-16 06:00:00,0.0,0.0,0.0,0.0,0.0,0.0,0.0
301_CT_2,THERMAL,2020-07-16 06:00:00,0.0,0.0,0.0,0.0,0.0,0.0,0.0
301_CT_3,THERMAL,2020-07-16 06:00:00,0.0,0.0,0.0,0.0,0.0,0.0,0.0
301_CT_4,THERMAL,2020-07-16 06:00:00,0.0,0.0,0.0,0.0,0.0,0.0,0.0
302_CT_1,THERMAL,2020-07-16 06:00:00,0.0,0.0,0.0,0.0,0.0,0.0,0.0
302_CT_2,THERMAL,2020-07-16 06:00:00,0.0,0.0,0.0,0.0,0.0,0.0,0.0
302_CT_3,THERMAL,2020-07-16 06:00:00,0.0,0.0,0.0,0.0,0.0,0.0,0.0
302_CT_4,THERMAL,2020-07-16 06:00:00,0.0,0.0,0.0,0.0,0.0,0.0,0.0
303_WIND_1,WIND,2020-07-16 06:00:00,0.0,0.0,0.0,0.0,0.0,0.0,0.0
307_CT_1,THERMAL,2020-07-16 06:00:00,0.0,0.0,0.0,0.0,0.0,0.0,0.0
307_CT_2,THERMAL,2020-07-16 06:00:00,0.0,0.0,0.0,0.0,0.0,0.0,0.0
309_WIND_1,WIND,2020-07-16 06:00:00,0.0,0.0,0.0,0.0,0.0,0.0,0.0
313_CC_1,THERMAL,2020-07-16 06:00:00,0.0,0.0,0.0,0.0,0.0,0.0,0.0
315_CT_6,THERMAL,2020-07-16 06:00:00,0.0,0.0,0.0,0.0,0.0,0.0,0.0
315_CT_7,THERMAL,2020-07-16 06:00:00,0.0,0.0,0.0,0.0,0.0,0.0,0.0
315_CT_8,THERMAL,2020-07-16 06:00:00,0.0,0.0,0.0,0.0,0.0,0.0,0.0
315_STEAM_1,THERMAL,2020-07-16 06:00:00,0.0,0.0,0.0,0.0,0.0,0.0,0.0
315_STEAM_2,THERMAL,2020-07-16 06:00:00,0.0,0.0,0.0,0.0,0.0,0.0,0.0
315_STEAM_3,THERMAL,2020-07-16 06:00:00,0.0,0.0,0.0,0.0,0.0,0.0,0.0
315_STEAM_4,THERMAL,2020-07-16 06:00:00,0.0,0.0,0.0,0.0,0.0,0.0,0.0
315_STEAM_5,THERMAL,2020-07-16 06:00:00,0.0,0.0,0.0,0.0,0.0,0.0,0.0
316_STEAM_1,THERMAL,2020-07-16 06:00:00,0.0,0.0,0.0,0.0,0.0,0.0,0.0
317_WIND_1,WIND,2020-07-16 06:00:00,0.0,0.0,0.0,0.0,0.0,0.0,0.0
318_CC_1,THERMAL,2020-07-16 06:00:00,0.0,0.0,0.0,0.0,0.0,0.0,0.0
321_CC_1,THERMAL,2020-07-16 06:00:00,0.0,0.0,0.0,0.0,0.0,0.0,0.0
322_CT_5,THERMAL,2020-07-16 06:00:00,0.0,0.0,0.0,0.0,0.0,0.0,0.0
322_CT_6,THERMAL,2020-07-16 06:00:00,0.0,0.0,0.0,0.0,0.0,0.0,0.0
323_CC_1,THERMAL,2020-07-16 06:00:00,0.0,0.0,0.0,0.0,0.0,0.0,0.0
323_CC_2,THERMAL,2020-07-16 06:00:00,0.0,0.0,0.0,0.0,0.0,0.0,0.0
101_CT_1,THERMAL,2020-07-16 08:00:00,0.0,0.0,0.0,0.0,0.0,0.0,0.0
101_CT_2,THERMAL,2020-07-16 08:00:00,0.0,0.0,0.0,0.0,0.0,0.0,0.0
101_STEAM_3,THERMAL,2020-07-16 08:00:00,0.0,0.0,0.0,0.0,0.0,0.0,0.0
101_STEAM_4,THERMAL,2020-07-16 08:00:00,0.0,0.0,0.0,0.0,0.0,0.0,0.0
102_CT_1,THERMAL,2020-07-16 08:00:00,0.0,0.0,0.0,0.0,0.0,0.0,0.0
102_CT_2,THERMAL,2020-07-16 08:00:00,0.0,0.0,0.0,0.0,0.0,0.0,0.0
102_STEAM_3,THERMAL,2020-07-16 08:00:00,0.0,0.0,0.0,0.0,0.0,0.0,0.0
102_STEAM_4,THERMAL,2020-07-16 08:00:00,0.0,0.0,0.0,0.0,0.0,0.0,0.0
107_CC_1,THERMAL,2020-07-16 08:00:00,0.0,0.0,0.0,0.0,0.0,0.0,0.0
113_CT_1,THERMAL,2020-07-16 08:00:00,0.0,0.0,0.0,0.0,0.0,0.0,0.0
113_CT_2,THERMAL,2020-07-16 08:00:00,0.0,0.0,0.0,0.0,0.0,0.0,0.0
113_CT_3,THERMAL,2020-07-16 08:00:00,0.0,0.0,0.0,0.0,0.0,0.0,0.0
113_CT_4,THERMAL,2020-07-16 08:00:00,0.0,0.0,0.0,0.0,0.0,0.0,0.0
115_STEAM_1,THERMAL,2020-07-16 08:00:00,0.0,0.0,0.0,0.0,0.0,0.0,0.0
115_STEAM_2,THERMAL,2020-07-16 08:00:00,0.0,0.0,0.0,0.0,0.0,0.0,0.0
115_STEAM_3,THERMAL,2020-07-16 08:00:00,0.0,0.0,0.0,0.0,0.0,0.0,0.0
116_STEAM_1,THERMAL,2020-07-16 08:00:00,0.0,0.0,0.0,0.0,0.0,0.0,0.0
118_CC_1,THERMAL,2020-07-16 08:00:00,0.0,0.0,0.0,0.0,0.0,0.0,0.0
122_WIND_1,WIND,2020-07-16 08:00:00,0.0,0.0,0.0,0.0,0.0,0.0,0.0
123_CT_1,THERMAL,2020-07-16 08:00:00,0.0,0.0,0.0,0.0,0.0,0.0,0.0
123_CT_4,THERMAL,2020-07-16 08:00:00,0.0,0.0,0.0,0.0,0.0,0.0,0.0
123_CT_5,THERMAL,2020-07-16 08:00:00,0.0,0.0,0.0,0.0,0.0,0.0,0.0
123_STEAM_2,THERMAL,2020-07-16 08:00:00,0.0,0.0,0.0,0.0,0.0,0.0,0.0
123_STEAM_3,THERMAL,2020-07-16 08:00:00,0.0,0.0,0.0,0.0,0.0,0.0,0.0
201_CT_1,THERMAL,2020-07-16 08:00:00,0.0,0.0,0.0,0.0,0.0,0.0,0.0
201_CT_2,THERMAL,2020-07-16 08:00:00,0.0,0.0,0.0,0.0,0.0,0.0,0.0
201_STEAM_3,THERMAL,2020-07-16 08:00:00,0.0,0.0,0.0,0.0,0.0,0.0,0.0
202_CT_1,THERMAL,2020-07-16 08:00:00,0.0,0.0,0.0,0.0,0.0,0.0,0.0
202_CT_2,THERMAL,2020-07-16 08:00:00,0.0,0.0,0.0,0.0,0.0,0.0,0.0
202_STEAM_3,THERMAL,2020-07-16 08:00:00,0.0,0.0,0.0,0.0,0.0,0.0,0.0
202_STEAM_4,THERMAL,2020-07-16 08:00:00,0.0,0.0,0.0,0.0,0.0,0.0,0.0
207_CT_1,THERMAL,2020-07-16 08:00:00,0.0,0.0,0.0,0.0,0.0,0.0,0.0
207_CT_2,THERMAL,2020-07-16 08:00:00,0.0,0.0,0.0,0.0,0.0,0.0,0.0
212_CSP_1,THERMAL,2020-07-16 08:00:00,0.0,0.0,0.0,0.0,0.0,0.0,0.0
213_CC_3,THERMAL,2020-07-16 08:00:00,0.0,0.0,0.0,0.0,0.0,0.0,0.0
213_CT_1,THERMAL,2020-07-16 08:00:00,0.0,0.0,0.0,0.0,0.0,0.0,0.0
213_CT_2,THERMAL,2020-07-16 08:00:00,0.0,0.0,0.0,0.0,0.0,0.0,0.0
215_CT_4,THERMAL,2020-07-16 08:00:00,0.0,0.0,0.0,0.0,0.0,0.0,0.0
215_CT_5,THERMAL,2020-07-16 08:00:00,0.0,0.0,0.0,0.0,0.0,0.0,0.0
216_STEAM_1,THERMAL,2020-07-16 08:00:00,0.0,0.0,0.0,0.0,0.0,0.0,0.0
218_CC_1,THERMAL,2020-07-16 08:00:00,0.0,0.0,0.0,0.0,0.0,0.0,0.0
221_CC_1,THERMAL,2020-07-16 08:00:00,0.0,0.0,0.0,0.0,0.0,0.0,0.0
223_CT_4,THERMAL,2020-07-16 08:00:00,0.0,0.0,0.0,0.0,0.0,0.0,0.0
223_CT_5,THERMAL,2020-07-16 08:00:00,0.0,0.0,0.0,0.0,0.0,0.0,0.0
223_CT_6,THERMAL,2020-07-16 08:00:00,0.0,0.0,0.0,0.0,0.0,0.0,0.0
223_STEAM_1,THERMAL,2020-07-16 08:00:00,0.0,0.0,0.0,0.0,0.0,0.0,0.0
223_STEAM_2,THERMAL,2020-07-16 08:00:00,0.0,0.0,0.0,0.0,0.0,0.0,0.0
223_STEAM_3,THERMAL,2020-07-16 08:00:00,0.0,0.0,0.0,0.0,0.0,0.0,0.0
301_CT_1,THERMAL,2020-07-16 08:00:00,0.0,0.0,0.0,0.0,0.0,0.0,0.0
301_CT_2,THERMAL,2020-07-16 08:00:00,0.0,0.0,0.0,0.0,0.0,0.0,0.0
301_CT_3,THERMAL,2020-07-16 08:00:00,0.0,0.0,0.0,0.0,0.0,0.0,0.0
301_CT_4,THERMAL,2020-07-16 08:00:00,0.0,0.0,0.0,0.0,0.0,0.0,0.0
302_CT_1,THERMAL,2020-07-16 08:00:00,0.0,0.0,0.0,0.0,0.0,0.0,0.0
302_CT_2,THERMAL,2020-07-16 08:00:00,0.0,0.0,0.0,0.0,0.0,0.0,0.0
302_CT_3,THERMAL,2020-07-16 08:00:00,0.0,0.0,0.0,0.0,0.0,0.0,0.0
302_CT_4,THERMAL,2020-07-16 08:00:00,0.0,0.0,0.0,0.0,0.0,0.0,0.0
303_WIND_1,WIND,2020-07-16 08:00:00,0.0,0.0,0.0,0.0,0.0,0.0,0.0
307_CT_1,THERMAL,2020-07-16 08:00:00,0.0,0.0,0.0,0.0,0.0,0.0,0.0
307_CT_2,THERMAL,2020-07-16 08:00:00,0.0,0.0,0.0,0.0,0.0,0.0,0.0
309_WIND_1,WIND,2020-07-16 08:00:00,0.0,0.0,0.0,0.0,0.0,0.0,0.0
313_CC_1,THERMAL,2020-07-16 08:00:00,0.0,0.0,0.0,0.0,0.0,0.0,0.0
315_CT_6,THERMAL,2020-07-16 08:00:00,0.0,0.0,0.0,0.0,0.0,0.0,0.0
315_CT_7,THERMAL,2020-07-16 08:00:00,0.0,0.0,0.0,0.0,0.0,0.0,0.0
315_CT_8,THERMAL,2020-07-16 08:00:00,0.0,0.0,0.0,0.0,0.0,0.0,0.0
315_STEAM_1,THERMAL,2020-07-16 08:00:00,0.0,0.0,0.0,0.0,0.0,0.0,0.0
315_STEAM_2,THERMAL,2020-07-16 08:00:00,0.0,0.0,0.0,0.0,0.0,0.0,0.0
315_STEAM_3,THERMAL,2020-07-16 08:00:00,0.0,0.0,0.0,0.0,0.0,0.0,0.0
315_STEAM_4,THERMAL,2020-07-16 08:00:00,0.0,0.0,0.0,0.0,0.0,0.0,0.0
315_STEAM_5,THERMAL,2020-07-16 08:00:00,0.0,0.0,0.0,0.0,0.0,0.0,0.0
316_STEAM_1,THERMAL,2020-07-16 08:00:00,0.0,0.0,0.0,0.0,0.0,0.0,0.0
317_WIND_1,WIND,2020-07-16 08:00:00,0.0,0.0,0.0,0.0,0.0,0.0,0.0
318_CC_1,THERMAL,2020-07-16 08:00:00,0.0,0.0,0.0,0.0,0.0,0.0,0.0
321_CC_1,THERMAL,2020-07-16 08:00:00,0.0,0.0,0.0,0.0,0.0,0.0,0.0
322_CT_5,THERMAL,2020-07-16 08:00:00,0.0,0.0,0.0,0.0,0.0,0.0,0.0
322_CT_6,THERMAL,2020-07-16 08:00:00,0.0,0.0,0.0,0.0,0.0,0.0,0.0
323_CC_1,THERMAL,2020-07-16 08:00:00,0.0,0.0,0.0,0.0,0.0,0.0,0.0
323_CC_2,THERMAL,2020-07-16 08:00:00,0.0,0.0,0.0,0.0,0.0,0.0,0.0
101_CT_1,THERMAL,2020-07-16 10:00:00,0.0,0.0,0.0,0.0,0.0,0.0,0.0
101_CT_2,THERMAL,2020-07-16 10:00:00,0.0,0.0,0.0,0.0,0.0,0.0,0.0
101_STEAM_3,THERMAL,2020-07-16 10:00:00,0.0,0.0,0.0,0.0,0.0,0.0,0.0
101_STEAM_4,THERMAL,2020-07-16 10:00:00,0.0,0.0,0.0,0.0,0.0,0.0,0.0
102_CT_1,THERMAL,2020-07-16 10:00:00,0.0,0.0,0.0,0.0,0.0,0.0,0.0
102_CT_2,THERMAL,2020-07-16 10:00:00,0.0,0.0,0.0,0.0,0.0,0.0,0.0
102_STEAM_3,THERMAL,2020-07-16 10:00:00,0.0,0.0,0.0,0.0,0.0,0.0,0.0
102_STEAM_4,THERMAL,2020-07-16 10:00:00,0.0,0.0,0.0,0.0,0.0,0.0,0.0
107_CC_1,THERMAL,2020-07-16 10:00:00,0.0,0.0,0.0,0.0,0.0,0.0,0.0
113_CT_1,THERMAL,2020-07-16 10:00:00,0.0,0.0,0.0,0.0,0.0,0.0,0.0
113_CT_2,THERMAL,2020-07-16 10:00:00,0.0,0.0,0.0,0.0,0.0,0.0,0.0
113_CT_3,THERMAL,2020-07-16 10:00:00,0.0,0.0,0.0,0.0,0.0,0.0,0.0
113_CT_4,THERMAL,2020-07-16 10:00:00,0.0,0.0,0.0,0.0,0.0,0.0,0.0
115_STEAM_1,THERMAL,2020-07-16 10:00:00,0.0,0.0,0.0,0.0,0.0,0.0,0.0
115_STEAM_2,THERMAL,2020-07-16 10:00:00,0.0,0.0,0.0,0.0,0.0,0.0,0.0
115_STEAM_3,THERMAL,2020-07-16 10:00:00,0.0,0.0,0.0,0.0,0.0,0.0,0.0
116_STEAM_1,THERMAL,2020-07-16 10:00:00,0.0,0.0,0.0,0.0,0.0,0.0,0.0
118_CC_1,THERMAL,2020-07-16 10:00:00,0.0,0.0,0.0,0.0,0.0,0.0,0.0
122_WIND_1,WIND,2020-07-16 10:00:00,0.0,0.0,0.0,0.0,0.0,0.0,0.0
123_CT_1,THERMAL,2020-07-16 10:00:00,0.0,0.0,0.0,0.0,0.0,0.0,0.0
123_CT_4,THERMAL,2020-07-16 10:00:00,0.0,0.0,0.0,0.0,0.0,0.0,0.0
123_CT_5,THERMAL,2020-07-16 10:00:00,0.0,0.0,0.0,0.0,0.0,0.0,0.0
123_STEAM_2,THERMAL,2020-07-16 10:00:00,0.0,0.0,0.0,0.0,0.0,0.0,0.0
123_STEAM_3,THERMAL,2020-07-16 10:00:00,0.0,0.0,0.0,0.0,0.0,0.0,0.0
201_CT_1,THERMAL,2020-07-16 10:00:00,0.0,0.0,0.0,0.0,0.0,0.0,0.0
201_CT_2,THERMAL,2020-07-16 10:00:00,0.0,0.0,0.0,0.0,0.0,0.0,0.0
201_STEAM_3,THERMAL,2020-07-16 10:00:00,0.0,0.0,0.0,0.0,0.0,0.0,0.0
202_CT_1,THERMAL,2020-07-16 10:00:00,0.0,0.0,0.0,0.0,0.0,0.0,0.0
202_CT_2,THERMAL,2020-07-16 10:00:00,0.0,0.0,0.0,0.0,0.0,0.0,0.0
202_STEAM_3,THERMAL,2020-07-16 10:00:00,0.0,0.0,0.0,0.0,0.0,0.0,0.0
202_STEAM_4,THERMAL,2020-07-16 10:00:00,0.0,0.0,0.0,0.0,0.0,0.0,0.0
207_CT_1,THERMAL,2020-07-16 10:00:00,0.0,0.0,0.0,0.0,0.0,0.0,0.0
207_CT_2,THERMAL,2020-07-16 10:00:00,0.0,0.0,0.0,0.0,0.0,0.0,0.0
212_CSP_1,THERMAL,2020-07-16 10:00:00,0.0,0.0,0.0,0.0,0.0,0.0,0.0
213_CC_3,THERMAL,2020-07-16 10:00:00,0.0,0.0,0.0,0.0,0.0,0.0,0.0
213_CT_1,THERMAL,2020-07-16 10:00:00,0.0,0.0,0.0,0.0,0.0,0.0,0.0
213_CT_2,THERMAL,2020-07-16 10:00:00,0.0,0.0,0.0,0.0,0.0,0.0,0.0
215_CT_4,THERMAL,2020-07-16 10:00:00,0.0,0.0,0.0,0.0,0.0,0.0,0.0
215_CT_5,THERMAL,2020-07-16 10:00:00,0.0,0.0,0.0,0.0,0.0,0.0,0.0
216_STEAM_1,THERMAL,2020-07-16 10:00:00,0.0,0.0,0.0,0.0,0.0,0.0,0.0
218_CC_1,THERMAL,2020-07-16 10:00:00,0.0,0.0,0.0,0.0,0.0,0.0,0.0
221_CC_1,THERMAL,2020-07-16 10:00:00,0.0,0.0,0.0,0.0,0.0,0.0,0.0
223_CT_4,THERMAL,2020-07-16 10:00:00,0.0,0.0,0.0,0.0,0.0,0.0,0.0
223_CT_5,THERMAL,2020-07-16 10:00:00,0.0,0.0,0.0,0.0,0.0,0.0,0.0
223_CT_6,THERMAL,2020-07-16 10:00:00,0.0,0.0,0.0,0.0,0.0,0.0,0.0
223_STEAM_1,THERMAL,2020-07-16 10:00:00,0.0,0.0,0.0,0.0,0.0,0.0,0.0
223_STEAM_2,THERMAL,2020-07-16 10:00:00,0.0,0.0,0.0,0.0,0.0,0.0,0.0
223_STEAM_3,THERMAL,2020-07-16 10:00:00,0.0,0.0,0.0,0.0,0.0,0.0,0.0
301_CT_1,THERMAL,2020-07-16 10:00:00,0.0,0.0,0.0,0.0,0.0,0.0,0.0
301_CT_2,THERMAL,2020-07-16 10:00:00,0.0,0.0,0.0,0.0,0.0,0.0,0.0
301_CT_3,THERMAL,2020-07-16 10:00:00,0.0,0.0,0.0,0.0,0.0,0.0,0.0
301_CT_4,THERMAL,2020-07-16 10:00:00,0.0,0.0,0.0,0.0,0.0,0.0,0.0
302_CT_1,THERMAL,2020-07-16 10:00:00,0.0,0.0,0.0,0.0,0.0,0.0,0.0
302_CT_2,THERMAL,2020-07-16 10:00:00,0.0,0.0,0.0,0.0,0.0,0.0,0.0
302_CT_3,THERMAL,2020-07-16 10:00:00,0.0,0.0,0.0,0.0,0.0,0.0,0.0
302_CT_4,THERMAL,2020-07-16 10:00:00,0.0,0.0,0.0,0.0,0.0,0.0,0.0
303_WIND_1,WIND,2020-07-16 10:00:00,0.0,0.0,0.0,0.0,0.0,0.0,0.0
307_CT_1,THERMAL,2020-07-16 10:00:00,0.0,0.0,0.0,0.0,0.0,0.0,0.0
307_CT_2,THERMAL,2020-07-16 10:00:00,0.0,0.0,0.0,0.0,0.0,0.0,0.0
309_WIND_1,WIND,2020-07-16 10:00:00,0.0,0.0,0.0,0.0,0.0,0.0,0.0
313_CC_1,THERMAL,2020-07-16 10:00:00,0.0,0.0,0.0,0.0,0.0,0.0,0.0
315_CT_6,THERMAL,2020-07-16 10:00:00,0.0,0.0,0.0,0.0,0.0,0.0,0.0
315_CT_7,THERMAL,2020-07-16 10:00:00,0.0,0.0,0.0,0.0,0.0,0.0,0.0
315_CT_8,THERMAL,2020-07-16 10:00:00,0.0,0.0,0.0,0.0,0.0,0.0,0.0
315_STEAM_1,THERMAL,2020-07-16 10:00:00,0.0,0.0,0.0,0.0,0.0,0.0,0.0
315_STEAM_2,THERMAL,2020-07-16 10:00:00,0.0,0.0,0.0,0.0,0.0,0.0,0.0
315_STEAM_3,THERMAL,2020-07-16 10:00:00,0.0,0.0,0.0,0.0,0.0,0.0,0.0
315_STEAM_4,THERMAL,2020-07-16 10:00:00,0.0,0.0,0.0,0.0,0.0,0.0,0.0
315_STEAM_5,THERMAL,2020-07-16 10:00:00,0.0,0.0,0.0,0.0,0.0,0.0,0.0
316_STEAM_1,THERMAL,2020-07-16 10:00:00,0.0,0.0,0.0,0.0,0.0,0.0,0.0
317_WIND_1,WIND,2020-07-16 10:00:00,0.0,0.0,0.0,0.0,0.0,0.0,0.0
318_CC_1,THERMAL,2020-07-16 10:00:00,0.0,0.0,0.0,0.0,0.0,0.0,0.0
321_CC_1,THERMAL,2020-07-16 10:00:00,0.0,0.0,0.0,0.0,0.0,0.0,0.0
322_CT_5,THERMAL,2020-07-16 10:00:00,0.0,0.0,0.0,0.0,0.0,0.0,0.0
322_CT_6,THERMAL,2020-07-16 10:00:00,0.0,0.0,0.0,0.0,0.0,0.0,0.0
323_CC_1,THERMAL,2020-07-16 10:00:00,0.0,0.0,0.0,0.0,0.0,0.0,0.0
323_CC_2,THERMAL,2020-07-16 10:00:00,0.0,0.0,0.0,0.0,0.0,0.0,0.0
101_CT_1,THERMAL,2020-07-16 12:00:00,0.0,0.0,0.0,0.0,0.0,0.0,0.0
101_CT_2,THERMAL,2020-07-16 12:00:00,0.0,0.0,0.0,0.0,0.0,0.0,0.0
101_STEAM_3,THERMAL,2020-07-16 12:00:00,0.0,0.0,0.0,0.0,0.0,0.0,0.0
101_STEAM_4,THERMAL,2020-07-16 12:00:00,0.0,0.0,0.0,0.0,0.0,0.0,0.0
102_CT_1,THERMAL,2020-07-16 12:00:00,0.0,0.0,0.0,0.0,0.0,0.0,0.0
102_CT_2,THERMAL,2020-07-16 12:00:00,0.0,0.0,0.0,0.0,0.0,0.0,0.0
102_STEAM_3,THERMAL,2020-07-16 12:00:00,0.0,0.0,0.0,0.0,0.0,0.0,0.0
102_STEAM_4,THERMAL,2020-07-16 12:00:00,0.0,0.0,0.0,0.0,0.0,0.0,0.0
107_CC_1,THERMAL,2020-07-16 12:00:00,0.0,0.0,0.0,0.0,0.0,0.0,0.0
113_CT_1,THERMAL,2020-07-16 12:00:00,0.0,0.0,0.0,0.0,0.0,0.0,0.0
113_CT_2,THERMAL,2020-07-16 12:00:00,0.0,0.0,0.0,0.0,0.0,0.0,0.0
113_CT_3,THERMAL,2020-07-16 12:00:00,0.0,0.0,0.0,0.0,0.0,0.0,0.0
113_CT_4,THERMAL,2020-07-16 12:00:00,0.0,0.0,0.0,0.0,0.0,0.0,0.0
115_STEAM_1,THERMAL,2020-07-16 12:00:00,0.0,0.0,0.0,0.0,0.0,0.0,0.0
115_STEAM_2,THERMAL,2020-07-16 12:00:00,0.0,0.0,0.0,0.0,0.0,0.0,0.0
115_STEAM_3,THERMAL,2020-07-16 12:00:00,0.0,0.0,0.0,0.0,0.0,0.0,0.0
116_STEAM_1,THERMAL,2020-07-16 12:00:00,0.0,0.0,0.0,0.0,0.0,0.0,0.0
118_CC_1,THERMAL,2020-07-16 12:00:00,0.0,0.0,0.0,0.0,0.0,0.0,0.0
122_WIND_1,WIND,2020-07-16 12:00:00,0.0,0.0,0.0,0.0,0.0,0.0,0.0
123_CT_1,THERMAL,2020-07-16 12:00:00,0.0,0.0,0.0,0.0,0.0,0.0,0.0
123_CT_4,THERMAL,2020-07-16 12:00:00,0.0,0.0,0.0,0.0,0.0,0.0,0.0
123_CT_5,THERMAL,2020-07-16 12:00:00,0.0,0.0,0.0,0.0,0.0,0.0,0.0
123_STEAM_2,THERMAL,2020-07-16 12:00:00,0.0,0.0,0.0,0.0,0.0,0.0,0.0
123_STEAM_3,THERMAL,2020-07-16 12:00:00,0.0,0.0,0.0,0.0,0.0,0.0,0.0
201_CT_1,THERMAL,2020-07-16 12:00:00,0.0,0.0,0.0,0.0,0.0,0.0,0.0
201_CT_2,THERMAL,2020-07-16 12:00:00,0.0,0.0,0.0,0.0,0.0,0.0,0.0
201_STEAM_3,THERMAL,2020-07-16 12:00:00,0.0,0.0,0.0,0.0,0.0,0.0,0.0
202_CT_1,THERMAL,2020-07-16 12:00:00,0.0,0.0,0.0,0.0,0.0,0.0,0.0
202_CT_2,THERMAL,2020-07-16 12:00:00,0.0,0.0,0.0,0.0,0.0,0.0,0.0
202_STEAM_3,THERMAL,2020-07-16 12:00:00,0.0,0.0,0.0,0.0,0.0,0.0,0.0
202_STEAM_4,THERMAL,2020-07-16 12:00:00,0.0,0.0,0.0,0.0,0.0,0.0,0.0
207_CT_1,THERMAL,2020-07-16 12:00:00,0.0,0.0,0.0,0.0,0.0,0.0,0.0
207_CT_2,THERMAL,2020-07-16 12:00:00,0.0,0.0,0.0,0.0,0.0,0.0,0.0
212_CSP_1,THERMAL,2020-07-16 12:00:00,0.0,0.0,0.0,0.0,0.0,0.0,0.0
213_CC_3,THERMAL,2020-07-16 12:00:00,0.0,0.0,0.0,0.0,0.0,0.0,0.0
213_CT_1,THERMAL,2020-07-16 12:00:00,0.0,0.0,0.0,0.0,0.0,0.0,0.0
213_CT_2,THERMAL,2020-07-16 12:00:00,0.0,0.0,0.0,0.0,0.0,0.0,0.0
215_CT_4,THERMAL,2020-07-16 12:00:00,0.0,0.0,0.0,0.0,0.0,0.0,0.0
215_CT_5,THERMAL,2020-07-16 12:00:00,0.0,0.0,0.0,0.0,0.0,0.0,0.0
216_STEAM_1,THERMAL,2020-07-16 12:00:00,0.0,0.0,0.0,0.0,0.0,0.0,0.0
218_CC_1,THERMAL,2020-07-16 12:00:00,0.0,0.0,0.0,0.0,0.0,0.0,0.0
221_CC_1,THERMAL,2020-07-16 12:00:00,0.0,0.0,0.0,0.0,0.0,0.0,0.0
223_CT_4,THERMAL,2020-07-16 12:00:00,0.0,0.0,0.0,0.0,0.0,0.0,0.0
223_CT_5,THERMAL,2020-07-16 12:00:00,0.0,0.0,0.0,0.0,0.0,0.0,0.0
223_CT_6,THERMAL,2020-07-16 12:00:00,0.0,0.0,0.0,0.0,0.0,0.0,0.0
223_STEAM_1,THERMAL,2020-07-16 12:00:00,0.0,0.0,0.0,0.0,0.0,0.0,0.0
223_STEAM_2,THERMAL,2020-07-16 12:00:00,0.0,0.0,0.0,0.0,0.0,0.0,0.0
223_STEAM_3,THERMAL,2020-07-16 12:00:00,0.0,0.0,0.0,0.0,0.0,0.0,0.0
301_CT_1,THERMAL,2020-07-16 12:00:00,0.0,0.0,0.0,0.0,0.0,0.0,0.0
301_CT_2,THERMAL,2020-07-16 12:00:00,0.0,0.0,0.0,0.0,0.0,0.0,0.0
301_CT_3,THERMAL,2020-07-16 12:00:00,0.0,0.0,0.0,0.0,0.0,0.0,0.0
301_CT_4,THERMAL,2020-07-16 12:00:00,0.0,0.0,0.0,0.0,0.0,0.0,0.0
302_CT_1,THERMAL,2020-07-16 12:00:00,0.0,0.0,0.0,0.0,0.0,0.0,0.0
302_CT_2,THERMAL,2020-07-16 12:00:00,0.0,0.0,0.0,0.0,0.0,0.0,0.0
302_CT_3,THERMAL,2020-07-16 12:00:00,0.0,0.0,0.0,0.0,0.0,0.0,0.0
302_CT_4,THERMAL,2020-07-16 12:00:00,0.0,0.0,0.0,0.0,0.0,0.0,0.0
303_WIND_1,WIND,2020-07-16 12:00:00,0.0,0.0,0.0,0.0,0.0,0.0,0.0
307_CT_1,THERMAL,2020-07-16 12:00:00,0.0,0.0,0.0,0.0,0.0,0.0,0.0
307_CT_2,THERMAL,2020-07-16 12:00:00,0.0,0.0,0.0,0.0,0.0,0.0,0.0
309_WIND_1,WIND,2020-07-16 12:00:00,0.0,0.0,0.0,0.0,0.0,0.0,0.0
313_CC_1,THERMAL,2020-07-16 12:00:00,0.0,0.0,0.0,0.0,0.0,0.0,0.0
315_CT_6,THERMAL,2020-07-16 12:00:00,0.0,0.0,0.0,0.0,0.0,0.0,0.0
315_CT_7,THERMAL,2020-07-16 12:00:00,0.0,0.0,0.0,0.0,0.0,0.0,0.0
315_CT_8,THERMAL,2020-07-16 12:00:00,0.0,0.0,0.0,0.0,0.0,0.0,0.0
315_STEAM_1,THERMAL,2020-07-16 12:00:00,0.0,0.0,0.0,0.0,0.0,0.0,0.0
315_STEAM_2,THERMAL,2020-07-16 12:00:00,0.0,0.0,0.0,0.0,0.0,0.0,0.0
315_STEAM_3,THERMAL,2020-07-16 12:00:00,0.0,0.0,0.0,0.0,0.0,0.0,0.0
315_STEAM_4,THERMAL,2020-07-16 12:00:00,0.0,0.0,0.0,0.0,0.0,0.0,0.0
315_STEAM_5,THERMAL,2020-07-16 12:00:00,0.0,0.0,0.0,0.0,0.0,0.0,0.0
316_STEAM_1,THERMAL,2020-07-16 12:00:00,0.0,0.0,0.0,0.0,0.0,0.0,0.0
317_WIND_1,WIND,2020-07-16 12:00:00,0.0,0.0,0.0,0.0,0.0,0.0,0.0
318_CC_1,THERMAL,2020-07-16 12:00:00,0.0,0.0,0.0,0.0,0.0,0.0,0.0
321_CC_1,THERMAL,2020-07-16 12:00:00,0.0,0.0,0.0,0.0,0.0,0.0,0.0
322_CT_5,THERMAL,2020-07-16 12:00:00,0.0,0.0,0.0,0.0,0.0,0.0,0.0
322_CT_6,THERMAL,2020-07-16 12:00:00,0.0,0.0,0.0,0.0,0.0,0.0,0.0
323_CC_1,THERMAL,2020-07-16 12:00:00,0.0,0.0,0.0,0.0,0.0,0.0,0.0
323_CC_2,THERMAL,2020-07-16 12:00:00,0.0,0.0,0.0,0.0,0.0,0.0,0.0
101_CT_1,THERMAL,2020-07-16 14:00:00,0.0,0.0,0.0,0.0,0.0,0.0,0.0
101_CT_2,THERMAL,2020-07-16 14:00:00,0.0,0.0,0.0,0.0,0.0,0.0,0.0
101_STEAM_3,THERMAL,2020-07-16 14:00:00,0.0,0.0,0.0,0.0,0.0,0.0,0.0
101_STEAM_4,THERMAL,2020-07-16 14:00:00,0.0,0.0,0.0,0.0,0.0,0.0,0.0
102_CT_1,THERMAL,2020-07-16 14:00:00,0.0,0.0,0.0,0.0,0.0,0.0,0.0
102_CT_2,THERMAL,2020-07-16 14:00:00,0.0,0.0,0.0,0.0,0.0,0.0,0.0
102_STEAM_3,THERMAL,2020-07-16 14:00:00,0.0,0.0,0.0,0.0,0.0,0.0,0.0
102_STEAM_4,THERMAL,2020-07-16 14:00:00,0.0,0.0,0.0,0.0,0.0,0.0,0.0
107_CC_1,THERMAL,2020-07-16 14:00:00,0.0,0.0,0.0,0.0,0.0,0.0,0.0
113_CT_1,THERMAL,2020-07-16 14:00:00,0.0,0.0,0.0,0.0,0.0,0.0,0.0
113_CT_2,THERMAL,2020-07-16 14:00:00,0.0,0.0,0.0,0.0,0.0,0.0,0.0
113_CT_3,THERMAL,2020-07-16 14:00:00,0.0,0.0,0.0,0.0,0.0,0.0,0.0
113_CT_4,THERMAL,2020-07-16 14:00:00,0.0,0.0,0.0,0.0,0.0,0.0,0.0
115_STEAM_1,THERMAL,2020-07-16 14:00:00,0.0,0.0,0.0,0.0,0.0,0.0,0.0
115_STEAM_2,THERMAL,2020-07-16 14:00:00,0.0,0.0,0.0,0.0,0.0,0.0,0.0
115_STEAM_3,THERMAL,2020-07-16 14:00:00,0.0,0.0,0.0,0.0,0.0,0.0,0.0
116_STEAM_1,THERMAL,2020-07-16 14:00:00,0.0,0.0,0.0,0.0,0.0,0.0,0.0
118_CC_1,THERMAL,2020-07-16 14:00:00,0.0,0.0,0.0,0.0,0.0,0.0,0.0
122_WIND_1,WIND,2020-07-16 14:00:00,0.0,0.0,0.0,0.0,0.0,0.0,0.0
123_CT_1,THERMAL,2020-07-16 14:00:00,0.0,0.0,0.0,0.0,0.0,0.0,0.0
123_CT_4,THERMAL,2020-07-16 14:00:00,0.0,0.0,0.0,0.0,0.0,0.0,0.0
123_CT_5,THERMAL,2020-07-16 14:00:00,0.0,0.0,0.0,0.0,0.0,0.0,0.0
123_STEAM_2,THERMAL,2020-07-16 14:00:00,0.0,0.0,0.0,0.0,0.0,0.0,0.0
123_STEAM_3,THERMAL,2020-07-16 14:00:00,0.0,0.0,0.0,0.0,0.0,0.0,0.0
201_CT_1,THERMAL,2020-07-16 14:00:00,0.0,0.0,0.0,0.0,0.0,0.0,0.0
201_CT_2,THERMAL,2020-07-16 14:00:00,0.0,0.0,0.0,0.0,0.0,0.0,0.0
201_STEAM_3,THERMAL,2020-07-16 14:00:00,0.0,0.0,0.0,0.0,0.0,0.0,0.0
202_CT_1,THERMAL,2020-07-16 14:00:00,0.0,0.0,0.0,0.0,0.0,0.0,0.0
202_CT_2,THERMAL,2020-07-16 14:00:00,0.0,0.0,0.0,0.0,0.0,0.0,0.0
202_STEAM_3,THERMAL,2020-07-16 14:00:00,0.0,0.0,0.0,0.0,0.0,0.0,0.0
202_STEAM_4,THERMAL,2020-07-16 14:00:00,0.0,0.0,0.0,0.0,0.0,0.0,0.0
207_CT_1,THERMAL,2020-07-16 14:00:00,0.0,0.0,0.0,0.0,0.0,0.0,0.0
207_CT_2,THERMAL,2020-07-16 14:00:00,0.0,0.0,0.0,0.0,0.0,0.0,0.0
212_CSP_1,THERMAL,2020-07-16 14:00:00,0.0,0.0,0.0,0.0,0.0,0.0,0.0
213_CC_3,THERMAL,2020-07-16 14:00:00,0.0,0.0,0.0,0.0,0.0,0.0,0.0
213_CT_1,THERMAL,2020-07-16 14:00:00,0.0,0.0,0.0,0.0,0.0,0.0,0.0
213_CT_2,THERMAL,2020-07-16 14:00:00,0.0,0.0,0.0,0.0,0.0,0.0,0.0
215_CT_4,THERMAL,2020-07-16 14:00:00,0.0,0.0,0.0,0.0,0.0,0.0,0.0
215_CT_5,THERMAL,2020-07-16 14:00:00,0.0,0.0,0.0,0.0,0.0,0.0,0.0
216_STEAM_1,THERMAL,2020-07-16 14:00:00,0.0,0.0,0.0,0.0,0.0,0.0,0.0
218_CC_1,THERMAL,2020-07-16 14:00:00,0.0,0.0,0.0,0.0,0.0,0.0,0.0
221_CC_1,THERMAL,2020-07-16 14:00:00,0.0,0.0,0.0,0.0,0.0,0.0,0.0
223_CT_4,THERMAL,2020-07-16 14:00:00,0.0,0.0,0.0,0.0,0.0,0.0,0.0
223_CT_5,THERMAL,2020-07-16 14:00:00,0.0,0.0,0.0,0.0,0.0,0.0,0.0
223_CT_6,THERMAL,2020-07-16 14:00:00,0.0,0.0,0.0,0.0,0.0,0.0,0.0
223_STEAM_1,THERMAL,2020-07-16 14:00:00,0.0,0.0,0.0,0.0,0.0,0.0,0.0
223_STEAM_2,THERMAL,2020-07-16 14:00:00,0.0,0.0,0.0,0.0,0.0,0.0,0.0
223_STEAM_3,THERMAL,2020-07-16 14:00:00,0.0,0.0,0.0,0.0,0.0,0.0,0.0
301_CT_1,THERMAL,2020-07-16 14:00:00,0.0,0.0,0.0,0.0,0.0,0.0,0.0
301_CT_2,THERMAL,2020-07-16 14:00:00,0.0,0.0,0.0,0.0,0.0,0.0,0.0
301_CT_3,THERMAL,2020-07-16 14:00:00,0.0,0.0,0.0,0.0,0.0,0.0,0.0
301_CT_4,THERMAL,2020-07-16 14:00:00,0.0,0.0,0.0,0.0,0.0,0.0,0.0
302_CT_1,THERMAL,2020-07-16 14:00:00,0.0,0.0,0.0,0.0,0.0,0.0,0.0
302_CT_2,THERMAL,2020-07-16 14:00:00,0.0,0.0,0.0,0.0,0.0,0.0,0.0
302_CT_3,THERMAL,2020-07-16 14:00:00,0.0,0.0,0.0,0.0,0.0,0.0,0.0
302_CT_4,THERMAL,2020-07-16 14:00:00,0.0,0.0,0.0,0.0,0.0,0.0,0.0
303_WIND_1,WIND,2020-07-16 14:00:00,0.0,0.0,0.0,0.0,0.0,0.0,0.0
307_CT_1,THERMAL,2020-07-16 14:00:00,0.0,0.0,0.0,0.0,0.0,0.0,0.0
307_CT_2,THERMAL,2020-07-16 14:00:00,0.0,0.0,0.0,0.0,0.0,0.0,0.0
309_WIND_1,WIND,2020-07-16 14:00:00,0.0,0.0,0.0,0.0,0.0,0.0,0.0
313_CC_1,THERMAL,2020-07-16 14:00:00,0.0,0.0,0.0,0.0,0.0,0.0,0.0
315_CT_6,THERMAL,2020-07-16 14:00:00,0.0,0.0,0.0,0.0,0.0,0.0,0.0
315_CT_7,THERMAL,2020-07-16 14:00:00,0.0,0.0,0.0,0.0,0.0,0.0,0.0
315_CT_8,THERMAL,2020-07-16 14:00:00,0.0,0.0,0.0,0.0,0.0,0.0,0.0
315_STEAM_1,THERMAL,2020-07-16 14:00:00,0.0,0.0,0.0,0.0,0.0,0.0,0.0
315_STEAM_2,THERMAL,2020-07-16 14:00:00,0.0,0.0,0.0,0.0,0.0,0.0,0.0
315_STEAM_3,THERMAL,2020-07-16 14:00:00,0.0,0.0,0.0,0.0,0.0,0.0,0.0
315_STEAM_4,THERMAL,2020-07-16 14:00:00,0.0,0.0,0.0,0.0,0.0,0.0,0.0
315_STEAM_5,THERMAL,2020-07-16 14:00:00,0.0,0.0,0.0,0.0,0.0,0.0,0.0
316_STEAM_1,THERMAL,2020-07-16 14:00:00,0.0,0.0,0.0,0.0,0.0,0.0,0.0
317_WIND_1,WIND,2020-07-16 14:00:00,0.0,0.0,0.0,0.0,0.0,0.0,0.0
318_CC_1,THERMAL,2020-07-16 14:00:00,0.0,0.0,0.0,0.0,0.0,0.0,0.0
321_CC_1,THERMAL,2020-07-16 14:00:00,0.0,0.0,0.0,0.0,0.0,0.0,0.0
322_CT_5,THERMAL,2020-07-16 14:00:00,0.0,0.0,0.0,0.0,0.0,0.0,0.0
322_CT_6,THERMAL,2020-07-16 14:00:00,0.0,0.0,0.0,0.0,0.0,0.0,0.0
323_CC_1,THERMAL,2020-07-16 14:00:00,0.0,0.0,0.0,0.0,0.0,0.0,0.0
323_CC_2,THERMAL,2020-07-16 14:00:00,0.0,0.0,0.0,0.0,0.0,0.0,0.0
101_CT_1,THERMAL,2020-07-16 16:00:00,0.0,0.0,0.0,0.0,0.0,0.0,0.0
101_CT_2,THERMAL,2020-07-16 16:00:00,0.0,0.0,0.0,0.0,0.0,0.0,0.0
101_STEAM_3,THERMAL,2020-07-16 16:00:00,0.0,0.0,0.0,0.0,0.0,0.0,0.0
101_STEAM_4,THERMAL,2020-07-16 16:00:00,0.0,0.0,0.0,0.0,0.0,0.0,0.0
102_CT_1,THERMAL,2020-07-16 16:00:00,0.0,0.0,0.0,0.0,0.0,0.0,0.0
102_CT_2,THERMAL,2020-07-16 16:00:00,0.0,0.0,0.0,0.0,0.0,0.0,0.0
102_STEAM_3,THERMAL,2020-07-16 16:00:00,0.0,0.0,0.0,0.0,0.0,0.0,0.0
102_STEAM_4,THERMAL,2020-07-16 16:00:00,0.0,0.0,0.0,0.0,0.0,0.0,0.0
107_CC_1,THERMAL,2020-07-16 16:00:00,0.0,0.0,0.0,0.0,0.0,0.0,0.0
113_CT_1,THERMAL,2020-07-16 16:00:00,0.0,0.0,0.0,0.0,0.0,0.0,0.0
113_CT_2,THERMAL,2020-07-16 16:00:00,0.0,0.0,0.0,0.0,0.0,0.0,0.0
113_CT_3,THERMAL,2020-07-16 16:00:00,0.0,0.0,0.0,0.0,0.0,0.0,0.0
113_CT_4,THERMAL,2020-07-16 16:00:00,0.0,0.0,0.0,0.0,0.0,0.0,0.0
115_STEAM_1,THERMAL,2020-07-16 16:00:00,0.0,0.0,0.0,0.0,0.0,0.0,0.0
115_STEAM_2,THERMAL,2020-07-16 16:00:00,0.0,0.0,0.0,0.0,0.0,0.0,0.0
115_STEAM_3,THERMAL,2020-07-16 16:00:00,0.0,0.0,0.0,0.0,0.0,0.0,0.0
116_STEAM_1,THERMAL,2020-07-16 16:00:00,0.0,0.0,0.0,0.0,0.0,0.0,0.0
118_CC_1,THERMAL,2020-07-16 16:00:00,0.0,0.0,0.0,0.0,0.0,0.0,0.0
122_WIND_1,WIND,2020-07-16 16:00:00,0.0,0.0,0.0,0.0,0.0,0.0,0.0
123_CT_1,THERMAL,2020-07-16 16:00:00,0.0,0.0,0.0,0.0,0.0,0.0,0.0
123_CT_4,THERMAL,2020-07-16 16:00:00,0.0,0.0,0.0,0.0,0.0,0.0,0.0
123_CT_5,THERMAL,2020-07-16 16:00:00,0.0,0.0,0.0,0.0,0.0,0.0,0.0
123_STEAM_2,THERMAL,2020-07-16 16:00:00,0.0,0.0,0.0,0.0,0.0,0.0,0.0
123_STEAM_3,THERMAL,2020-07-16 16:00:00,0.0,0.0,0.0,0.0,0.0,0.0,0.0
201_CT_1,THERMAL,2020-07-16 16:00:00,0.0,0.0,0.0,0.0,0.0,0.0,0.0
201_CT_2,THERMAL,2020-07-16 16:00:00,0.0,0.0,0.0,0.0,0.0,0.0,0.0
201_STEAM_3,THERMAL,2020-07-16 16:00:00,0.0,0.0,0.0,0.0,0.0,0.0,0.0
202_CT_1,THERMAL,2020-07-16 16:00:00,0.0,0.0,0.0,0.0,0.0,0.0,0.0
202_CT_2,THERMAL,2020-07-16 16:00:00,0.0,0.0,0.0,0.0,0.0,0.0,0.0
202_STEAM_3,THERMAL,2020-07-16 16:00:00,0.0,0.0,0.0,0.0,0.0,0.0,0.0
202_STEAM_4,THERMAL,2020-07-16 16:00:00,0.0,0.0,0.0,0.0,0.0,0.0,0.0
207_CT_1,THERMAL,2020-07-16 16:00:00,0.0,0.0,0.0,0.0,0.0,0.0,0.0
207_CT_2,THERMAL,2020-07-16 16:00:00,0.0,0.0,0.0,0.0,0.0,0.0,0.0
212_CSP_1,THERMAL,2020-07-16 16:00:00,0.0,0.0,0.0,0.0,0.0,0.0,0.0
213_CC_3,THERMAL,2020-07-16 16:00:00,0.0,0.0,0.0,0.0,0.0,0.0,0.0
213_CT_1,THERMAL,2020-07-16 16:00:00,0.0,0.0,0.0,0.0,0.0,0.0,0.0
213_CT_2,THERMAL,2020-07-16 16:00:00,0.0,0.0,0.0,0.0,0.0,0.0,0.0
215_CT_4,THERMAL,2020-07-16 16:00:00,0.0,0.0,0.0,0.0,0.0,0.0,0.0
215_CT_5,THERMAL,2020-07-16 16:00:00,0.0,0.0,0.0,0.0,0.0,0.0,0.0
216_STEAM_1,THERMAL,2020-07-16 16:00:00,0.0,0.0,0.0,0.0,0.0,0.0,0.0
218_CC_1,THERMAL,2020-07-16 16:00:00,0.0,0.0,0.0,0.0,0.0,0.0,0.0
221_CC_1,THERMAL,2020-07-16 16:00:00,0.0,0.0,0.0,0.0,0.0,0.0,0.0
223_CT_4,THERMAL,2020-07-16 16:00:00,0.0,0.0,0.0,0.0,0.0,0.0,0.0
223_CT_5,THERMAL,2020-07-16 16:00:00,0.0,0.0,0.0,0.0,0.0,0.0,0.0
223_CT_6,THERMAL,2020-07-16 16:00:00,0.0,0.0,0.0,0.0,0.0,0.0,0.0
223_STEAM_1,THERMAL,2020-07-16 16:00:00,0.0,0.0,0.0,0.0,0.0,0.0,0.0
223_STEAM_2,THERMAL,2020-07-16 16:00:00,0.0,0.0,0.0,0.0,0.0,0.0,0.0
223_STEAM_3,THERMAL,2020-07-16 16:00:00,0.0,0.0,0.0,0.0,0.0,0.0,0.0
301_CT_1,THERMAL,2020-07-16 16:00:00,0.0,0.0,0.0,0.0,0.0,0.0,0.0
301_CT_2,THERMAL,2020-07-16 16:00:00,0.0,0.0,0.0,0.0,0.0,0.0,0.0
301_CT_3,THERMAL,2020-07-16 16:00:00,0.0,0.0,0.0,0.0,0.0,0.0,0.0
301_CT_4,THERMAL,2020-07-16 16:00:00,0.0,0.0,0.0,0.0,0.0,0.0,0.0
302_CT_1,THERMAL,2020-07-16 16:00:00,0.0,0.0,0.0,0.0,0.0,0.0,0.0
302_CT_2,THERMAL,2020-07-16 16:00:00,0.0,0.0,0.0,0.0,0.0,0.0,0.0
302_CT_3,THERMAL,2020-07-16 16:00:00,0.0,0.0,0.0,0.0,0.0,0.0,0.0
302_CT_4,THERMAL,2020-07-16 16:00:00,0.0,0.0,0.0,0.0,0.0,0.0,0.0
303_WIND_1,WIND,2020-07-16 16:00:00,0.0,0.0,0.0,0.0,0.0,0.0,0.0
307_CT_1,THERMAL,2020-07-16 16:00:00,0.0,0.0,0.0,0.0,0.0,0.0,0.0
307_CT_2,THERMAL,2020-07-16 16:00:00,0.0,0.0,0.0,0.0,0.0,0.0,0.0
309_WIND_1,WIND,2020-07-16 16:00:00,0.0,0.0,0.0,0.0,0.0,0.0,0.0
313_CC_1,THERMAL,2020-07-16 16:00:00,0.0,0.0,0.0,0.0,0.0,0.0,0.0
315_CT_6,THERMAL,2020-07-16 16:00:00,0.0,0.0,0.0,0.0,0.0,0.0,0.0
315_CT_7,THERMAL,2020-07-16 16:00:00,0.0,0.0,0.0,0.0,0.0,0.0,0.0
315_CT_8,THERMAL,2020-07-16 16:00:00,0.0,0.0,0.0,0.0,0.0,0.0,0.0
315_STEAM_1,THERMAL,2020-07-16 16:00:00,0.0,0.0,0.0,0.0,0.0,0.0,0.0
315_STEAM_2,THERMAL,2020-07-16 16:00:00,0.0,0.0,0.0,0.0,0.0,0.0,0.0
315_STEAM_3,THERMAL,2020-07-16 16:00:00,0.0,0.0,0.0,0.0,0.0,0.0,0.0
315_STEAM_4,THERMAL,2020-07-16 16:00:00,0.0,0.0,0.0,0.0,0.0,0.0,0.0
315_STEAM_5,THERMAL,2020-07-16 16:00:00,0.0,0.0,0.0,0.0,0.0,0.0,0.0
316_STEAM_1,THERMAL,2020-07-16 16:00:00,0.0,0.0,0.0,0.0,0.0,0.0,0.0
317_WIND_1,WIND,2020-07-16 16:00:00,0.0,0.0,0.0,0.0,0.0,0.0,0.0
318_CC_1,THERMAL,2020-07-16 16:00:00,0.0,0.0,0.0,0.0,0.0,0.0,0.0
321_CC_1,THERMAL,2020-07-16 16:00:00,0.0,0.0,0.0,0.0,0.0,0.0,0.0
322_CT_5,THERMAL,2020-07-16 16:00:00,0.0,0.0,0.0,0.0,0.0,0.0,0.0
322_CT_6,THERMAL,2020-07-16 16:00:00,0.0,0.0,0.0,0.0,0.0,0.0,0.0
323_CC_1,THERMAL,2020-07-16 16:00:00,0.0,0.0,0.0,0.0,0.0,0.0,0.0
323_CC_2,THERMAL,2020-07-16 16:00:00,0.0,0.0,0.0,0.0,0.0,0.0,0.0
101_CT_1,THERMAL,2020-07-16 18:00:00,0.0,0.0,0.0,0.0,0.0,0.0,0.0
101_CT_2,THERMAL,2020-07-16 18:00:00,0.0,0.0,0.0,0.0,0.0,0.0,0.0
101_STEAM_3,THERMAL,2020-07-16 18:00:00,0.0,0.0,0.0,0.0,0.0,0.0,0.0
101_STEAM_4,THERMAL,2020-07-16 18:00:00,0.0,0.0,0.0,0.0,0.0,0.0,0.0
102_CT_1,THERMAL,2020-07-16 18:00:00,0.0,0.0,0.0,0.0,0.0,0.0,0.0
102_CT_2,THERMAL,2020-07-16 18:00:00,0.0,0.0,0.0,0.0,0.0,0.0,0.0
102_STEAM_3,THERMAL,2020-07-16 18:00:00,0.0,0.0,0.0,0.0,0.0,0.0,0.0
102_STEAM_4,THERMAL,2020-07-16 18:00:00,0.0,0.0,0.0,0.0,0.0,0.0,0.0
107_CC_1,THERMAL,2020-07-16 18:00:00,0.0,0.0,0.0,0.0,0.0,0.0,0.0
113_CT_1,THERMAL,2020-07-16 18:00:00,0.0,0.0,0.0,0.0,0.0,0.0,0.0
113_CT_2,THERMAL,2020-07-16 18:00:00,0.0,0.0,0.0,0.0,0.0,0.0,0.0
113_CT_3,THERMAL,2020-07-16 18:00:00,0.0,0.0,0.0,0.0,0.0,0.0,0.0
113_CT_4,THERMAL,2020-07-16 18:00:00,0.0,0.0,0.0,0.0,0.0,0.0,0.0
115_STEAM_1,THERMAL,2020-07-16 18:00:00,0.0,0.0,0.0,0.0,0.0,0.0,0.0
115_STEAM_2,THERMAL,2020-07-16 18:00:00,0.0,0.0,0.0,0.0,0.0,0.0,0.0
115_STEAM_3,THERMAL,2020-07-16 18:00:00,0.0,0.0,0.0,0.0,0.0,0.0,0.0
116_STEAM_1,THERMAL,2020-07-16 18:00:00,0.0,0.0,0.0,0.0,0.0,0.0,0.0
118_CC_1,THERMAL,2020-07-16 18:00:00,0.0,0.0,0.0,0.0,0.0,0.0,0.0
122_WIND_1,WIND,2020-07-16 18:00:00,0.0,0.0,0.0,0.0,0.0,0.0,0.0
123_CT_1,THERMAL,2020-07-16 18:00:00,0.0,0.0,0.0,0.0,0.0,0.0,0.0
123_CT_4,THERMAL,2020-07-16 18:00:00,0.0,0.0,0.0,0.0,0.0,0.0,0.0
123_CT_5,THERMAL,2020-07-16 18:00:00,0.0,0.0,0.0,0.0,0.0,0.0,0.0
123_STEAM_2,THERMAL,2020-07-16 18:00:00,0.0,0.0,0.0,0.0,0.0,0.0,0.0
123_STEAM_3,THERMAL,2020-07-16 18:00:00,0.0,0.0,0.0,0.0,0.0,0.0,0.0
201_CT_1,THERMAL,2020-07-16 18:00:00,0.0,0.0,0.0,0.0,0.0,0.0,0.0
201_CT_2,THERMAL,2020-07-16 18:00:00,0.0,0.0,0.0,0.0,0.0,0.0,0.0
201_STEAM_3,THERMAL,2020-07-16 18:00:00,0.0,0.0,0.0,0.0,0.0,0.0,0.0
202_CT_1,THERMAL,2020-07-16 18:00:00,0.0,0.0,0.0,0.0,0.0,0.0,0.0
202_CT_2,THERMAL,2020-07-16 18:00:00,0.0,0.0,0.0,0.0,0.0,0.0,0.0
202_STEAM_3,THERMAL,2020-07-16 18:00:00,0.0,0.0,0.0,0.0,0.0,0.0,0.0
202_STEAM_4,THERMAL,2020-07-16 18:00:00,0.0,0.0,0.0,0.0,0.0,0.0,0.0
207_CT_1,THERMAL,2020-07-16 18:00:00,0.0,0.0,0.0,0.0,0.0,0.0,0.0
207_CT_2,THERMAL,2020-07-16 18:00:00,0.0,0.0,0.0,0.0,0.0,0.0,0.0
212_CSP_1,THERMAL,2020-07-16 18:00:00,0.0,0.0,0.0,0.0,0.0,0.0,0.0
213_CC_3,THERMAL,2020-07-16 18:00:00,0.0,0.0,0.0,0.0,0.0,0.0,0.0
213_CT_1,THERMAL,2020-07-16 18:00:00,0.0,0.0,0.0,0.0,0.0,0.0,0.0
213_CT_2,THERMAL,2020-07-16 18:00:00,0.0,0.0,0.0,0.0,0.0,0.0,0.0
215_CT_4,THERMAL,2020-07-16 18:00:00,0.0,0.0,0.0,0.0,0.0,0.0,0.0
215_CT_5,THERMAL,2020-07-16 18:00:00,0.0,0.0,0.0,0.0,0.0,0.0,0.0
216_STEAM_1,THERMAL,2020-07-16 18:00:00,0.0,0.0,0.0,0.0,0.0,0.0,0.0
218_CC_1,THERMAL,2020-07-16 18:00:00,0.0,0.0,0.0,0.0,0.0,0.0,0.0
221_CC_1,THERMAL,2020-07-16 18:00:00,0.0,0.0,0.0,0.0,0.0,0.0,0.0
223_CT_4,THERMAL,2020-07-16 18:00:00,0.0,0.0,0.0,0.0,0.0,0.0,0.0
223_CT_5,THERMAL,2020-07-16 18:00:00,0.0,0.0,0.0,0.0,0.0,0.0,0.0
223_CT_6,THERMAL,2020-07-16 18:00:00,0.0,0.0,0.0,0.0,0.0,0.0,0.0
223_STEAM_1,THERMAL,2020-07-16 18:00:00,0.0,0.0,0.0,0.0,0.0,0.0,0.0
223_STEAM_2,THERMAL,2020-07-16 18:00:00,0.0,0.0,0.0,0.0,0.0,0.0,0.0
223_STEAM_3,THERMAL,2020-07-16 18:00:00,0.0,0.0,0.0,0.0,0.0,0.0,0.0
301_CT_1,THERMAL,2020-07-16 18:00:00,0.0,0.0,0.0,0.0,0.0,0.0,0.0
301_CT_2,THERMAL,2020-07-16 18:00:00,0.0,0.0,0.0,0.0,0.0,0.0,0.0
301_CT_3,THERMAL,2020-07-16 18:00:00,0.0,0.0,0.0,0.0,0.0,0.0,0.0
301_CT_4,THERMAL,2020-07-16 18:00:00,0.0,0.0,0.0,0.0,0.0,0.0,0.0
302_CT_1,THERMAL,2020-07-16 18:00:00,0.0,0.0,0.0,0.0,0.0,0.0,0.0
302_CT_2,THERMAL,2020-07-16 18:00:00,0.0,0.0,0.0,0.0,0.0,0.0,0.0
302_CT_3,THERMAL,2020-07-16 18:00:00,0.0,0.0,0.0,0.0,0.0,0.0,0.0
302_CT_4,THERMAL,2020-07-16 18:00:00,0.0,0.0,0.0,0.0,0.0,0.0,0.0
303_WIND_1,WIND,2020-07-16 18:00:00,0.0,0.0,0.0,0.0,0.0,0.0,0.0
307_CT_1,THERMAL,2020-07-16 18:00:00,0.0,0.0,0.0,0.0,0.0,0.0,0.0
307_CT_2,THERMAL,2020-07-16 18:00:00,0.0,0.0,0.0,0.0,0.0,0.0,0.0
309_WIND_1,WIND,2020-07-16 18:00:00,0.0,0.0,0.0,0.0,0.0,0.0,0.0
313_CC_1,THERMAL,2020-07-16 18:00:00,0.0,0.0,0.0,0.0,0.0,0.0,0.0
315_CT_6,THERMAL,2020-07-16 18:00:00,0.0,0.0,0.0,0.0,0.0,0.0,0.0
315_CT_7,THERMAL,2020-07-16 18:00:00,0.0,0.0,0.0,0.0,0.0,0.0,0.0
315_CT_8,THERMAL,2020-07-16 18:00:00,0.0,0.0,0.0,0.0,0.0,0.0,0.0
315_STEAM_1,THERMAL,2020-07-16 18:00:00,0.0,0.0,0.0,0.0,0.0,0.0,0.0
315_STEAM_2,THERMAL,2020-07-16 18:00:00,0.0,0.0,0.0,0.0,0.0,0.0,0.0
315_STEAM_3,THERMAL,2020-07-16 18:00:00,0.0,0.0,0.0,0.0,0.0,0.0,0.0
315_STEAM_4,THERMAL,2020-07-16 18:00:00,0.0,0.0,0.0,0.0,0.0,0.0,0.0
315_STEAM_5,THERMAL,2020-07-16 18:00:00,0.0,0.0,0.0,0.0,0.0,0.0,0.0
316_STEAM_1,THERMAL,2020-07-16 18:00:00,0.0,0.0,0.0,0.0,0.0,0.0,0.0
317_WIND_1,WIND,2020-07-16 18:00:00,0.0,0.0,0.0,0.0,0.0,0.0,0.0
318_CC_1,THERMAL,2020-07-16 18:00:00,0.0,0.0,0.0,0.0,0.0,0.0,0.0
321_CC_1,THERMAL,2020-07-16 18:00:00,0.0,0.0,0.0,0.0,0.0,0.0,0.0
322_CT_5,THERMAL,2020-07-16 18:00:00,0.0,0.0,0.0,0.0,0.0,0.0,0.0
322_CT_6,THERMAL,2020-07-16 18:00:00,0.0,0.0,0.0,0.0,0.0,0.0,0.0
323_CC_1,THERMAL,2020-07-16 18:00:00,0.0,0.0,0.0,0.0,0.0,0.0,0.0
323_CC_2,THERMAL,2020-07-16 18:00:00,0.0,0.0,0.0,0.0,0.0,0.0,0.0
101_CT_1,THERMAL,2020-07-16 20:00:00,0.0,0.0,0.0,0.0,0.0,0.0,0.0
101_CT_2,THERMAL,2020-07-16 20:00:00,0.0,0.0,0.0,0.0,0.0,0.0,0.0
101_STEAM_3,THERMAL,2020-07-16 20:00:00,0.0,0.0,0.0,0.0,0.0,0.0,0.0
101_STEAM_4,THERMAL,2020-07-16 20:00:00,0.0,0.0,0.0,0.0,0.0,0.0,0.0
102_CT_1,THERMAL,2020-07-16 20:00:00,0.0,0.0,0.0,0.0,0.0,0.0,0.0
102_CT_2,THERMAL,2020-07-16 20:00:00,0.0,0.0,0.0,0.0,0.0,0.0,0.0
102_STEAM_3,THERMAL,2020-07-16 20:00:00,0.0,0.0,0.0,0.0,0.0,0.0,0.0
102_STEAM_4,THERMAL,2020-07-16 20:00:00,0.0,0.0,0.0,0.0,0.0,0.0,0.0
107_CC_1,THERMAL,2020-07-16 20:00:00,0.0,0.0,0.0,0.0,0.0,0.0,0.0
113_CT_1,THERMAL,2020-07-16 20:00:00,0.0,0.0,0.0,0.0,0.0,0.0,0.0
113_CT_2,THERMAL,2020-07-16 20:00:00,0.0,0.0,0.0,0.0,0.0,0.0,0.0
113_CT_3,THERMAL,2020-07-16 20:00:00,0.0,0.0,0.0,0.0,0.0,0.0,0.0
113_CT_4,THERMAL,2020-07-16 20:00:00,0.0,0.0,0.0,0.0,0.0,0.0,0.0
115_STEAM_1,THERMAL,2020-07-16 20:00:00,0.0,0.0,0.0,0.0,0.0,0.0,0.0
115_STEAM_2,THERMAL,2020-07-16 20:00:00,0.0,0.0,0.0,0.0,0.0,0.0,0.0
115_STEAM_3,THERMAL,2020-07-16 20:00:00,0.0,0.0,0.0,0.0,0.0,0.0,0.0
116_STEAM_1,THERMAL,2020-07-16 20:00:00,0.0,0.0,0.0,0.0,0.0,0.0,0.0
118_CC_1,THERMAL,2020-07-16 20:00:00,0.0,0.0,0.0,0.0,0.0,0.0,0.0
122_WIND_1,WIND,2020-07-16 20:00:00,0.0,0.0,0.0,0.0,0.0,0.0,0.0
123_CT_1,THERMAL,2020-07-16 20:00:00,0.0,0.0,0.0,0.0,0.0,0.0,0.0
123_CT_4,THERMAL,2020-07-16 20:00:00,0.0,0.0,0.0,0.0,0.0,0.0,0.0
123_CT_5,THERMAL,2020-07-16 20:00:00,0.0,0.0,0.0,0.0,0.0,0.0,0.0
123_STEAM_2,THERMAL,2020-07-16 20:00:00,0.0,0.0,0.0,0.0,0.0,0.0,0.0
123_STEAM_3,THERMAL,2020-07-16 20:00:00,0.0,0.0,0.0,0.0,0.0,0.0,0.0
201_CT_1,THERMAL,2020-07-16 20:00:00,0.0,0.0,0.0,0.0,0.0,0.0,0.0
201_CT_2,THERMAL,2020-07-16 20:00:00,0.0,0.0,0.0,0.0,0.0,0.0,0.0
201_STEAM_3,THERMAL,2020-07-16 20:00:00,0.0,0.0,0.0,0.0,0.0,0.0,0.0
202_CT_1,THERMAL,2020-07-16 20:00:00,0.0,0.0,0.0,0.0,0.0,0.0,0.0
202_CT_2,THERMAL,2020-07-16 20:00:00,0.0,0.0,0.0,0.0,0.0,0.0,0.0
202_STEAM_3,THERMAL,2020-07-16 20:00:00,0.0,0.0,0.0,0.0,0.0,0.0,0.0
202_STEAM_4,THERMAL,2020-07-16 20:00:00,0.0,0.0,0.0,0.0,0.0,0.0,0.0
207_CT_1,THERMAL,2020-07-16 20:00:00,0.0,0.0,0.0,0.0,0.0,0.0,0.0
207_CT_2,THERMAL,2020-07-16 20:00:00,0.0,0.0,0.0,0.0,0.0,0.0,0.0
212_CSP_1,THERMAL,2020-07-16 20:00:00,0.0,0.0,0.0,0.0,0.0,0.0,0.0
213_CC_3,THERMAL,2020-07-16 20:00:00,0.0,0.0,0.0,0.0,0.0,0.0,0.0
213_CT_1,THERMAL,2020-07-16 20:00:00,0.0,0.0,0.0,0.0,0.0,0.0,0.0
213_CT_2,THERMAL,2020-07-16 20:00:00,0.0,0.0,0.0,0.0,0.0,0.0,0.0
215_CT_4,THERMAL,2020-07-16 20:00:00,0.0,0.0,0.0,0.0,0.0,0.0,0.0
215_CT_5,THERMAL,2020-07-16 20:00:00,0.0,0.0,0.0,0.0,0.0,0.0,0.0
216_STEAM_1,THERMAL,2020-07-16 20:00:00,0.0,0.0,0.0,0.0,0.0,0.0,0.0
218_CC_1,THERMAL,2020-07-16 20:00:00,0.0,0.0,0.0,0.0,0.0,0.0,0.0
221_CC_1,THERMAL,2020-07-16 20:00:00,0.0,0.0,0.0,0.0,0.0,0.0,0.0
223_CT_4,THERMAL,2020-07-16 20:00:00,0.0,0.0,0.0,0.0,0.0,0.0,0.0
223_CT_5,THERMAL,2020-07-16 20:00:00,0.0,0.0,0.0,0.0,0.0,0.0,0.0
223_CT_6,THERMAL,2020-07-16 20:00:00,0.0,0.0,0.0,0.0,0.0,0.0,0.0
223_STEAM_1,THERMAL,2020-07-16 20:00:00,0.0,0.0,0.0,0.0,0.0,0.0,0.0
223_STEAM_2,THERMAL,2020-07-16 20:00:00,0.0,0.0,0.0,0.0,0.0,0.0,0.0
223_STEAM_3,THERMAL,2020-07-16 20:00:00,0.0,0.0,0.0,0.0,0.0,0.0,0.0
301_CT_1,THERMAL,2020-07-16 20:00:00,0.0,0.0,0.0,0.0,0.0,0.0,0.0
301_CT_2,THERMAL,2020-07-16 20:00:00,0.0,0.0,0.0,0.0,0.0,0.0,0.0
301_CT_3,THERMAL,2020-07-16 20:00:00,0.0,0.0,0.0,0.0,0.0,0.0,0.0
301_CT_4,THERMAL,2020-07-16 20:00:00,0.0,0.0,0.0,0.0,0.0,0.0,0.0
302_CT_1,THERMAL,2020-07-16 20:00:00,0.0,0.0,0.0,0.0,0.0,0.0,0.0
302_CT_2,THERMAL,2020-07-16 20:00:00,0.0,0.0,0.0,0.0,0.0,0.0,0.0
302_CT_3,THERMAL,2020-07-16 20:00:00,0.0,0.0,0.0,0.0,0.0,0.0,0.0
302_CT_4,THERMAL,2020-07-16 20:00:00,0.0,0.0,0.0,0.0,0.0,0.0,0.0
303_WIND_1,WIND,2020-07-16 20:00:00,0.0,0.0,0.0,0.0,0.0,0.0,0.0
307_CT_1,THERMAL,2020-07-16 20:00:00,0.0,0.0,0.0,0.0,0.0,0.0,0.0
307_CT_2,THERMAL,2020-07-16 20:00:00,0.0,0.0,0.0,0.0,0.0,0.0,0.0
309_WIND_1,WIND,2020-07-16 20:00:00,0.0,0.0,0.0,0.0,0.0,0.0,0.0
313_CC_1,THERMAL,2020-07-16 20:00:00,0.0,0.0,0.0,0.0,0.0,0.0,0.0
315_CT_6,THERMAL,2020-07-16 20:00:00,0.0,0.0,0.0,0.0,0.0,0.0,0.0
315_CT_7,THERMAL,2020-07-16 20:00:00,0.0,0.0,0.0,0.0,0.0,0.0,0.0
315_CT_8,THERMAL,2020-07-16 20:00:00,0.0,0.0,0.0,0.0,0.0,0.0,0.0
315_STEAM_1,THERMAL,2020-07-16 20:00:00,0.0,0.0,0.0,0.0,0.0,0.0,0.0
315_STEAM_2,THERMAL,2020-07-16 20:00:00,0.0,0.0,0.0,0.0,0.0,0.0,0.0
315_STEAM_3,THERMAL,2020-07-16 20:00:00,0.0,0.0,0.0,0.0,0.0,0.0,0.0
315_STEAM_4,THERMAL,2020-07-16 20:00:00,0.0,0.0,0.0,0.0,0.0,0.0,0.0
315_STEAM_5,THERMAL,2020-07-16 20:00:00,0.0,0.0,0.0,0.0,0.0,0.0,0.0
316_STEAM_1,THERMAL,2020-07-16 20:00:00,0.0,0.0,0.0,0.0,0.0,0.0,0.0
317_WIND_1,WIND,2020-07-16 20:00:00,0.0,0.0,0.0,0.0,0.0,0.0,0.0
318_CC_1,THERMAL,2020-07-16 20:00:00,0.0,0.0,0.0,0.0,0.0,0.0,0.0
321_CC_1,THERMAL,2020-07-16 20:00:00,0.0,0.0,0.0,0.0,0.0,0.0,0.0
322_CT_5,THERMAL,2020-07-16 20:00:00,0.0,0.0,0.0,0.0,0.0,0.0,0.0
322_CT_6,THERMAL,2020-07-16 20:00:00,0.0,0.0,0.0,0.0,0.0,0.0,0.0
323_CC_1,THERMAL,2020-07-16 20:00:00,0.0,0.0,0.0,0.0,0.0,0.0,0.0
323_CC_2,THERMAL,2020-07-16 20:00:00,0.0,0.0,0.0,0.0,0.0,0.0,0.0
101_CT_1,THERMAL,2020-07-16 22:00:00,0.0,0.0,0.0,0.0,0.0,0.0,0.0
101_CT_2,THERMAL,2020-07-16 22:00:00,0.0,0.0,0.0,0.0,0.0,0.0,0.0
101_STEAM_3,THERMAL,2020-07-16 22:00:00,0.0,0.0,0.0,0.0,0.0,0.0,0.0
101_STEAM_4,THERMAL,2020-07-16 22:00:00,0.0,0.0,0.0,0.0,0.0,0.0,0.0
102_CT_1,THERMAL,2020-07-16 22:00:00,0.0,0.0,0.0,0.0,0.0,0.0,0.0
102_CT_2,THERMAL,2020-07-16 22:00:00,0.0,0.0,0.0,0.0,0.0,0.0,0.0
102_STEAM_3,THERMAL,2020-07-16 22:00:00,0.0,0.0,0.0,0.0,0.0,0.0,0.0
102_STEAM_4,THERMAL,2020-07-16 22:00:00,0.0,0.0,0.0,0.0,0.0,0.0,0.0
107_CC_1,THERMAL,2020-07-16 22:00:00,0.0,0.0,0.0,0.0,0.0,0.0,0.0
113_CT_1,THERMAL,2020-07-16 22:00:00,0.0,0.0,0.0,0.0,0.0,0.0,0.0
113_CT_2,THERMAL,2020-07-16 22:00:00,0.0,0.0,0.0,0.0,0.0,0.0,0.0
113_CT_3,THERMAL,2020-07-16 22:00:00,0.0,0.0,0.0,0.0,0.0,0.0,0.0
113_CT_4,THERMAL,2020-07-16 22:00:00,0.0,0.0,0.0,0.0,0.0,0.0,0.0
115_STEAM_1,THERMAL,2020-07-16 22:00:00,0.0,0.0,0.0,0.0,0.0,0.0,0.0
115_STEAM_2,THERMAL,2020-07-16 22:00:00,0.0,0.0,0.0,0.0,0.0,0.0,0.0
115_STEAM_3,THERMAL,2020-07-16 22:00:00,0.0,0.0,0.0,0.0,0.0,0.0,0.0
116_STEAM_1,THERMAL,2020-07-16 22:00:00,0.0,0.0,0.0,0.0,0.0,0.0,0.0
118_CC_1,THERMAL,2020-07-16 22:00:00,0.0,0.0,0.0,0.0,0.0,0.0,0.0
122_WIND_1,WIND,2020-07-16 22:00:00,0.0,0.0,0.0,0.0,0.0,0.0,0.0
123_CT_1,THERMAL,2020-07-16 22:00:00,0.0,0.0,0.0,0.0,0.0,0.0,0.0
123_CT_4,THERMAL,2020-07-16 22:00:00,0.0,0.0,0.0,0.0,0.0,0.0,0.0
123_CT_5,THERMAL,2020-07-16 22:00:00,0.0,0.0,0.0,0.0,0.0,0.0,0.0
123_STEAM_2,THERMAL,2020-07-16 22:00:00,0.0,0.0,0.0,0.0,0.0,0.0,0.0
123_STEAM_3,THERMAL,2020-07-16 22:00:00,0.0,0.0,0.0,0.0,0.0,0.0,0.0
201_CT_1,THERMAL,2020-07-16 22:00:00,0.0,0.0,0.0,0.0,0.0,0.0,0.0
201_CT_2,THERMAL,2020-07-16 22:00:00,0.0,0.0,0.0,0.0,0.0,0.0,0.0
201_STEAM_3,THERMAL,2020-07-16 22:00:00,0.0,0.0,0.0,0.0,0.0,0.0,0.0
202_CT_1,THERMAL,2020-07-16 22:00:00,0.0,0.0,0.0,0.0,0.0,0.0,0.0
202_CT_2,THERMAL,2020-07-16 22:00:00,0.0,0.0,0.0,0.0,0.0,0.0,0.0
202_STEAM_3,THERMAL,2020-07-16 22:00:00,0.0,0.0,0.0,0.0,0.0,0.0,0.0
202_STEAM_4,THERMAL,2020-07-16 22:00:00,0.0,0.0,0.0,0.0,0.0,0.0,0.0
207_CT_1,THERMAL,2020-07-16 22:00:00,0.0,0.0,0.0,0.0,0.0,0.0,0.0
207_CT_2,THERMAL,2020-07-16 22:00:00,0.0,0.0,0.0,0.0,0.0,0.0,0.0
212_CSP_1,THERMAL,2020-07-16 22:00:00,0.0,0.0,0.0,0.0,0.0,0.0,0.0
213_CC_3,THERMAL,2020-07-16 22:00:00,0.0,0.0,0.0,0.0,0.0,0.0,0.0
213_CT_1,THERMAL,2020-07-16 22:00:00,0.0,0.0,0.0,0.0,0.0,0.0,0.0
213_CT_2,THERMAL,2020-07-16 22:00:00,0.0,0.0,0.0,0.0,0.0,0.0,0.0
215_CT_4,THERMAL,2020-07-16 22:00:00,0.0,0.0,0.0,0.0,0.0,0.0,0.0
215_CT_5,THERMAL,2020-07-16 22:00:00,0.0,0.0,0.0,0.0,0.0,0.0,0.0
216_STEAM_1,THERMAL,2020-07-16 22:00:00,0.0,0.0,0.0,0.0,0.0,0.0,0.0
218_CC_1,THERMAL,2020-07-16 22:00:00,0.0,0.0,0.0,0.0,0.0,0.0,0.0
221_CC_1,THERMAL,2020-07-16 22:00:00,0.0,0.0,0.0,0.0,0.0,0.0,0.0
223_CT_4,THERMAL,2020-07-16 22:00:00,0.0,0.0,0.0,0.0,0.0,0.0,0.0
223_CT_5,THERMAL,2020-07-16 22:00:00,0.0,0.0,0.0,0.0,0.0,0.0,0.0
223_CT_6,THERMAL,2020-07-16 22:00:00,0.0,0.0,0.0,0.0,0.0,0.0,0.0
223_STEAM_1,THERMAL,2020-07-16 22:00:00,0.0,0.0,0.0,0.0,0.0,0.0,0.0
223_STEAM_2,THERMAL,2020-07-16 22:00:00,0.0,0.0,0.0,0.0,0.0,0.0,0.0
223_STEAM_3,THERMAL,2020-07-16 22:00:00,0.0,0.0,0.0,0.0,0.0,0.0,0.0
301_CT_1,THERMAL,2020-07-16 22:00:00,0.0,0.0,0.0,0.0,0.0,0.0,0.0
301_CT_2,THERMAL,2020-07-16 22:00:00,0.0,0.0,0.0,0.0,0.0,0.0,0.0
301_CT_3,THERMAL,2020-07-16 22:00:00,0.0,0.0,0.0,0.0,0.0,0.0,0.0
301_CT_4,THERMAL,2020-07-16 22:00:00,0.0,0.0,0.0,0.0,0.0,0.0,0.0
302_CT_1,THERMAL,2020-07-16 22:00:00,0.0,0.0,0.0,0.0,0.0,0.0,0.0
302_CT_2,THERMAL,2020-07-16 22:00:00,0.0,0.0,0.0,0.0,0.0,0.0,0.0
302_CT_3,THERMAL,2020-07-16 22:00:00,0.0,0.0,0.0,0.0,0.0,0.0,0.0
302_CT_4,THERMAL,2020-07-16 22:00:00,0.0,0.0,0.0,0.0,0.0,0.0,0.0
303_WIND_1,WIND,2020-07-16 22:00:00,0.0,0.0,0.0,0.0,0.0,0.0,0.0
307_CT_1,THERMAL,2020-07-16 22:00:00,0.0,0.0,0.0,0.0,0.0,0.0,0.0
307_CT_2,THERMAL,2020-07-16 22:00:00,0.0,0.0,0.0,0.0,0.0,0.0,0.0
309_WIND_1,WIND,2020-07-16 22:00:00,0.0,0.0,0.0,0.0,0.0,0.0,0.0
313_CC_1,THERMAL,2020-07-16 22:00:00,0.0,0.0,0.0,0.0,0.0,0.0,0.0
315_CT_6,THERMAL,2020-07-16 22:00:00,0.0,0.0,0.0,0.0,0.0,0.0,0.0
315_CT_7,THERMAL,2020-07-16 22:00:00,0.0,0.0,0.0,0.0,0.0,0.0,0.0
315_CT_8,THERMAL,2020-07-16 22:00:00,0.0,0.0,0.0,0.0,0.0,0.0,0.0
315_STEAM_1,THERMAL,2020-07-16 22:00:00,0.0,0.0,0.0,0.0,0.0,0.0,0.0
315_STEAM_2,THERMAL,2020-07-16 22:00:00,0.0,0.0,0.0,0.0,0.0,0.0,0.0
315_STEAM_3,THERMAL,2020-07-16 22:00:00,0.0,0.0,0.0,0.0,0.0,0.0,0.0
315_STEAM_4,THERMAL,2020-07-16 22:00:00,0.0,0.0,0.0,0.0,0.0,0.0,0.0
315_STEAM_5,THERMAL,2020-07-16 22:00:00,0.0,0.0,0.0,0.0,0.0,0.0,0.0
316_STEAM_1,THERMAL,2020-07-16 22:00:00,0.0,0.0,0.0,0.0,0.0,0.0,0.0
317_WIND_1,WIND,2020-07-16 22:00:00,0.0,0.0,0.0,0.0,0.0,0.0,0.0
318_CC_1,THERMAL,2020-07-16 22:00:00,0.0,0.0,0.0,0.0,0.0,0.0,0.0
321_CC_1,THERMAL,2020-07-16 22:00:00,0.0,0.0,0.0,0.0,0.0,0.0,0.0
322_CT_5,THERMAL,2020-07-16 22:00:00,0.0,0.0,0.0,0.0,0.0,0.0,0.0
322_CT_6,THERMAL,2020-07-16 22:00:00,0.0,0.0,0.0,0.0,0.0,0.0,0.0
323_CC_1,THERMAL,2020-07-16 22:00:00,0.0,0.0,0.0,0.0,0.0,0.0,0.0
323_CC_2,THERMAL,2020-07-16 22:00:00,0.0,0.0,0.0,0.0,0.0,0.0,0.0
